model_name,dataset_name,device,model_load_duration_sec,gpu_load_memory_mb,avg_cpu_memory_usage_mb,avg_cpu_usage_percent,avg_gpu_usage_percent,avg_gpu_memory_usage_mb,total_prompt_tokens,prompt_eval_rate_tokens_per_sec,ttft_ms,total_generated_tokens,throughput_tokens_per_sec,accuracy,average_latency_ms,total_inference_time_sec,num_samples,gpu_name
llava-hf/llava-1.5-7b-hf,dataset/val2014,cuda:0,31.515782356262207,13896.0625,884.89,6.302,56.95,629.54,60336,3174.0358164477043,0,255,13.414530847158654,0.66,183.60528469085693,19.00923728942871,100,NVIDIA A100-SXM4-80GB
llava-hf/llava-1.5-13b-hf,dataset/val2014,cuda:0,93.33585691452026,25888.0625,908.875,6.308999999999997,69.34,866.2,60336,2372.4704168740423,0,254,9.987527941627,0.61,245.43362617492676,25.431718587875366,100,NVIDIA A100-SXM4-80GB
llava-hf/llava-v1.6-vicuna-13b-hf,dataset/val2014,cuda:0,139.7511076927185,25888.0625,951.225,6.328999999999996,98.72,7535.46,233896,2888.5045749717037,0,263,3.2479251599751944,0.69,802.9871368408203,80.97477221488953,100,NVIDIA A100-SXM4-80GB
Qwen/Qwen2.5-VL-3B-Instruct,dataset/val2014,cuda:0,21.96225094795227,8328.0625,1013.3376171875,6.314999999999998,43.35,45.06,41747,1364.261544715112,0,226,7.385515344949705,0.7,301.061954498291,30.60043740272522,100,NVIDIA A100-SXM4-80GB
Qwen/Qwen2.5-VL-7B-Instruct,dataset/val2014,cuda:0,39.036537408828735,18396.0625,989.383984375,6.304999999999998,56.04,64.1,41747,1370.6783970488593,0,226,7.420253377081999,0.69,297.7874684333801,30.457180976867676,100,NVIDIA A100-SXM4-80GB
allenai/Molmo-7B-D-0924,dataset/val2014,cuda:0,71.21103835105896,31118.0625,594.5404296875,6.336999999999997,100.0,6103.44,77384,834.6297736597251,0,100,1.0785559982163304,0.52,920.8302664756775,92.71655821800232,100,NVIDIA A100-SXM4-80GB
openbmb/MiniCPM-V-2_6,dataset/val2014,cuda:0,74.94284629821777,16128.0625,1154.795,6.325999999999998,61.45,820.0,1148,41.437500330247964,0,100,3.6095383562933763,0.69,271.3584899902344,27.704373836517334,100,NVIDIA A100-SXM4-80GB
meta-llama/Llama-3.2-11B-Vision-Instruct,dataset/val2014,cuda:0,139.94380640983582,21852.0625,892.977109375,5.94,35.67,30.34,2470,127.51528664316834,0,348,17.965716498713594,0.28,187.57776975631714,19.370226621627808,100,NVIDIA A100-SXM4-80GB
