task,device_url,n_requests,throughput_rps,avg_latency_ms
sst2,10.100.20.48:8000,2356,39.266666666666666,101.99804267575664
ag_news,10.100.20.48:8000,2030,33.833333333333336,118.37431456655118
squad,10.100.20.48:8000,428,7.133333333333334,562.0997475686474
conll2003,10.100.20.48:8000,82,1.3666666666666667,2938.2018926667006
