task,device_url,n_requests,throughput_rps,avg_latency_ms
ecgclass,10.100.31.64:8000,392,6.533333333333333,142.84687139550033
gestureclass,10.100.31.64:8001,391,6.516666666666667,141.18487938590673
