task,device_url,n_requests,throughput_rps,avg_latency_ms
gestureclass,10.100.31.64:8000,368,6.133333333333334,136.54062411059505
ecgclass,10.100.31.64:8000,366,6.1,135.0710020690668
