task,device_url,n_requests,throughput_rps,avg_latency_ms
gestureclass,10.100.20.48:8000,2279,37.983333333333334,26.32465870979848
ecgclass,10.100.20.48:8000,2279,37.983333333333334,26.327016218653267
