task,send_elapsed_s,latency_ms,server_exec_ms,worker_id,has_adapter
ecgclass,0.0002,414.114,410.271,0,1
ecgclass__app1,0.0004,580.939,186.671,0,1
ecgclass__app2,0.0005,583.966,189.954,0,1
ecgclass__app3,0.0005,586.892,192.992,0,1
ecgclass__app4,0.0006,590.028,196.213,0,1
ecgclass__app5,0.0006,593.269,199.489,0,1
ecgclass__app6,0.0007,597.577,203.885,0,1
ecgclass__app7,0.0008,600.528,206.882,0,1
ecgclass__app8,0.0020,602.653,210.320,0,0
ecgclass__app9,0.0022,610.723,218.493,0,0
ecgclass__app3,0.5874,215.115,195.314,0,1
ecgclass__app2,0.5844,219.297,195.849,0,1
ecgclass__app6,0.5983,205.535,195.901,0,1
ecgclass__app5,0.5939,210.268,196.058,0,1
ecgclass__app4,0.5906,213.856,196.214,0,1
ecgclass__app8,0.6047,199.861,196.311,0,0
ecgclass__app1,0.5813,223.416,196.608,0,1
ecgclass__app7,0.6013,203.612,196.689,0,1
ecgclass,0.4144,390.619,197.233,0,1
ecgclass__app9,0.6129,222.580,40.558,0,0
ecgclass__app2,0.8038,218.709,191.040,0,1
ecgclass__app7,0.8049,218.577,191.939,0,1
ecgclass__app3,0.8026,221.180,191.968,0,1
ecgclass__app8,0.8046,219.265,191.998,0,0
ecgclass__app6,0.8038,220.780,192.898,0,1
ecgclass,0.8050,219.880,193.001,0,1
ecgclass__app5,0.8042,220.863,193.054,0,1
ecgclass__app4,0.8045,220.840,193.485,0,1
ecgclass__app1,0.8048,220.633,193.532,0,1
ecgclass__app9,0.8355,220.491,40.581,0,0
ecgclass__app2,1.0225,221.753,192.124,0,1
ecgclass__app6,1.0246,219.740,192.383,0,1
ecgclass,1.0249,219.559,192.463,0,1
ecgclass__app1,1.0254,219.381,192.494,0,1
ecgclass__app5,1.0251,220.452,193.580,0,1
ecgclass__app4,1.0253,220.275,193.651,0,1
ecgclass__app8,1.0238,222.030,193.824,0,0
ecgclass__app7,1.0235,222.508,193.924,0,1
ecgclass__app3,1.0238,222.443,193.989,0,1
ecgclass__app9,1.0560,221.594,41.092,0,0
ecgclass__app5,1.2455,221.029,193.267,0,1
ecgclass__app4,1.2456,221.100,193.448,0,1
ecgclass__app1,1.2448,222.929,193.991,0,1
ecgclass__app7,1.2460,221.792,194.323,0,1
ecgclass__app2,1.2442,223.922,194.576,0,1
ecgclass,1.2444,223.984,194.737,0,1
ecgclass__app8,1.2459,222.637,194.868,0,0
ecgclass__app3,1.2462,222.495,194.902,0,1
ecgclass__app6,1.2444,224.888,196.362,0,1
ecgclass__app9,1.2776,222.630,40.433,0,0
ecgclass__app1,1.4677,217.077,189.115,0,1
ecgclass__app7,1.4678,221.824,189.499,0,1
ecgclass__app6,1.4693,220.643,193.637,0,1
ecgclass__app5,1.4666,223.420,193.759,0,1
ecgclass,1.4684,221.876,193.826,0,1
ecgclass__app2,1.4682,223.017,195.561,0,1
ecgclass__app3,1.4687,222.705,195.666,0,1
ecgclass__app4,1.4667,225.441,196.491,0,1
ecgclass__app8,1.4685,223.898,196.643,0,0
ecgclass__app9,1.5003,222.321,39.680,0,0
ecgclass__app5,1.6900,221.892,193.119,0,1
ecgclass__app1,1.6848,227.195,193.232,0,1
ecgclass__app7,1.6897,222.638,193.317,0,1
ecgclass__app8,1.6924,220.000,193.392,0,0
ecgclass__app3,1.6914,221.714,194.854,0,1
ecgclass__app6,1.6899,223.296,194.883,0,1
ecgclass__app2,1.6912,222.716,195.584,0,1
ecgclass,1.6903,223.806,195.617,0,1
ecgclass__app4,1.6922,223.315,197.515,0,1
ecgclass__app9,1.7226,223.172,42.171,0,0
ecgclass__app8,1.9124,220.191,191.366,0,0
ecgclass,1.9141,219.887,192.029,0,1
ecgclass__app1,1.9120,222.103,192.141,0,1
ecgclass__app3,1.9132,221.271,192.229,0,1
ecgclass__app5,1.9119,222.766,192.619,0,1
ecgclass__app6,1.9132,221.517,192.745,0,1
ecgclass__app4,1.9155,219.962,194.315,0,1
ecgclass__app2,1.9139,222.495,195.223,0,1
ecgclass__app7,1.9123,224.317,195.393,0,1
ecgclass__app9,1.9458,221.589,40.587,0,0
ecgclass__app2,2.1364,220.828,194.160,0,1
ecgclass,2.1340,224.637,195.626,0,1
ecgclass__app8,2.1326,226.144,195.689,0,0
ecgclass__app7,2.1367,222.518,195.896,0,1
ecgclass__app4,2.1355,223.761,196.258,0,1
ecgclass__app3,2.1344,225.311,197.008,0,1
ecgclass__app6,2.1348,226.117,198.064,0,1
ecgclass__app1,2.1342,227.153,198.592,0,1
ecgclass__app5,2.1347,226.931,198.966,0,1
ecgclass__app9,2.1674,225.107,42.267,0,0
ecgclass__app7,2.3592,222.963,193.204,0,1
ecgclass__app3,2.3598,222.525,193.474,0,1
ecgclass,2.3587,223.931,193.617,0,1
ecgclass__app2,2.3573,225.584,193.654,0,1
ecgclass__app5,2.3616,221.342,193.995,0,1
ecgclass__app8,2.3588,224.731,194.750,0,0
ecgclass__app1,2.3613,222.301,194.860,0,1
ecgclass__app4,2.3592,224.437,194.882,0,1
ecgclass__app6,2.3609,223.145,195.154,0,1
ecgclass__app9,2.3925,222.620,41.139,0,0
ecgclass__app5,2.5830,219.567,191.656,0,1
ecgclass__app8,2.5835,219.206,191.907,0,0
ecgclass__app7,2.5822,221.169,192.841,0,1
ecgclass__app4,2.5837,220.858,194.031,0,1
ecgclass__app6,2.5840,220.588,194.106,0,1
ecgclass__app1,2.5836,221.712,194.530,0,1
ecgclass,2.5826,222.994,194.720,0,1
ecgclass__app3,2.5823,223.402,194.991,0,1
ecgclass__app2,2.5829,223.804,196.350,0,1
ecgclass__app9,2.6152,221.685,40.335,0,0
ecgclass__app4,2.8046,222.037,194.255,0,1
ecgclass__app6,2.8046,222.736,194.783,0,1
ecgclass__app1,2.8053,222.280,195.106,0,1
ecgclass__app8,2.8027,225.623,195.582,0,0
ecgclass__app7,2.8033,225.245,195.818,0,1
ecgclass__app5,2.8026,226.076,195.911,0,1
ecgclass__app2,2.8067,222.235,196.168,0,1
ecgclass,2.8056,223.732,196.838,0,1
ecgclass__app3,2.8057,223.944,197.235,0,1
ecgclass__app9,2.8369,223.856,40.510,0,0
ecgclass__app7,3.0286,218.015,190.225,0,1
ecgclass__app4,3.0266,225.269,195.316,0,1
ecgclass,3.0294,222.648,195.379,0,1
ecgclass__app5,3.0287,223.846,195.654,0,1
ecgclass__app6,3.0274,225.203,196.139,0,1
ecgclass__app2,3.0289,224.477,197.040,0,1
ecgclass__app1,3.0276,226.027,197.072,0,1
ecgclass__app3,3.0297,224.085,197.231,0,1
ecgclass__app8,3.0284,226.208,198.499,0,0
ecgclass__app9,3.0607,224.003,39.239,0,0
ecgclass__app5,3.2525,222.840,195.043,0,1
ecgclass__app7,3.2466,229.209,195.680,0,1
ecgclass,3.2520,224.499,196.154,0,1
ecgclass__app6,3.2526,225.117,196.992,0,1
ecgclass__app8,3.2546,223.376,197.025,0,0
ecgclass__app3,3.2537,224.457,197.425,0,1
ecgclass__app1,3.2537,224.920,198.336,0,1
ecgclass__app4,3.2519,226.900,198.440,0,1
ecgclass__app2,3.2534,226.062,199.376,0,1
ecgclass__app9,3.2847,225.191,41.490,0,0
ecgclass__app4,3.4788,220.481,193.772,0,1
ecgclass__app1,3.4786,220.824,193.896,0,1
ecgclass__app6,3.4777,222.255,194.550,0,1
ecgclass__app3,3.4782,222.069,194.656,0,1
ecgclass__app7,3.4758,224.632,194.701,0,1
ecgclass__app5,3.4754,225.376,194.865,0,1
ecgclass,3.4766,224.284,194.896,0,1
ecgclass__app8,3.4780,223.109,195.603,0,0
ecgclass__app2,3.4795,223.111,197.525,0,1
ecgclass__app9,3.5100,222.440,40.484,0,0
ecgclass__app8,3.7011,222.369,194.973,0,0
ecgclass__app3,3.7003,223.352,195.164,0,1
ecgclass__app4,3.6993,224.703,195.402,0,1
ecgclass__app7,3.7005,223.897,195.926,0,1
ecgclass__app1,3.6994,225.028,196.086,0,1
ecgclass__app2,3.7026,222.054,196.258,0,1
ecgclass__app6,3.7000,225.020,197.068,0,1
ecgclass,3.7008,224.715,197.577,0,1
ecgclass__app5,3.7008,225.509,198.408,0,1
ecgclass__app9,3.7324,224.550,41.318,0,0
ecgclass__app5,3.9263,219.367,193.192,0,1
ecgclass__app1,3.9245,222.033,193.751,0,1
ecgclass__app6,3.9250,221.894,193.971,0,1
ecgclass__app4,3.9240,222.978,194.049,0,1
ecgclass__app2,3.9247,222.382,194.074,0,1
ecgclass__app8,3.9235,223.654,194.246,0,0
ecgclass,3.9256,222.284,195.407,0,1
ecgclass__app7,3.9244,224.240,196.239,0,1
ecgclass__app3,3.9237,225.688,197.008,0,1
ecgclass__app9,3.9570,222.735,40.483,0,0
ecgclass__app2,4.1471,224.096,195.362,0,1
ecgclass__app6,4.1469,224.536,195.584,0,1
ecgclass__app1,4.1465,225.024,195.676,0,1
ecgclass__app5,4.1457,226.105,195.752,0,1
ecgclass__app3,4.1494,222.744,196.867,0,1
ecgclass,4.1479,224.488,196.898,0,1
ecgclass__app7,4.1486,223.893,197.112,0,1
ecgclass__app4,4.1470,226.135,197.789,0,1
ecgclass__app8,4.1472,226.086,197.879,0,0
ecgclass__app9,4.1797,224.187,40.526,0,0
ecgclass__app2,4.3712,222.262,193.866,0,1
ecgclass__app6,4.3715,222.947,194.748,0,1
ecgclass__app8,4.3733,221.490,195.008,0,0
ecgclass__app7,4.3726,222.285,195.038,0,1
ecgclass__app4,4.3732,222.096,195.738,0,1
ecgclass__app5,4.3718,224.047,196.203,0,1
ecgclass__app3,4.3721,223.940,196.236,0,1
ecgclass,4.3724,224.440,197.083,0,1
ecgclass__app1,4.3716,225.504,197.172,0,1
ecgclass__app9,4.4039,224.011,39.754,0,0
ecgclass__app7,4.5948,223.231,194.691,0,1
ecgclass__app8,4.5948,224.425,195.161,0,0
ecgclass__app1,4.5971,222.228,195.233,0,1
ecgclass,4.5968,222.861,195.290,0,1
ecgclass__app6,4.5944,225.544,195.374,0,1
ecgclass__app4,4.5953,224.785,195.464,0,1
ecgclass__app2,4.5935,226.649,195.534,0,1
ecgclass__app5,4.5958,224.325,195.640,0,1
ecgclass__app3,4.5961,224.387,195.919,0,1
ecgclass__app9,4.6280,223.640,39.797,0,0
ecgclass__app6,4.8200,221.511,194.446,0,1
ecgclass__app2,4.8201,222.593,195.134,0,1
ecgclass__app7,4.8181,224.738,195.261,0,1
ecgclass__app1,4.8193,223.752,195.349,0,1
ecgclass__app4,4.8201,223.328,195.436,0,1
ecgclass__app8,4.8192,224.257,195.488,0,0
ecgclass,4.8197,224.012,195.678,0,1
ecgclass__app3,4.8205,223.513,196.584,0,1
ecgclass__app5,4.8202,223.883,196.676,0,1
ecgclass__app9,4.8516,223.743,40.866,0,0
ecgclass__app2,5.0427,224.617,195.807,0,1
ecgclass__app4,5.0434,224.099,195.907,0,1
ecgclass__app8,5.0435,224.231,196.119,0,0
ecgclass__app6,5.0415,226.266,196.149,0,1
ecgclass__app3,5.0440,224.068,196.261,0,1
ecgclass__app1,5.0431,225.309,196.408,0,1
ecgclass__app7,5.0428,225.703,197.091,0,1
ecgclass,5.0437,224.890,197.145,0,1
ecgclass__app5,5.0441,224.598,197.233,0,1
ecgclass__app9,5.0754,224.775,40.658,0,0
ecgclass__app7,5.2685,220.953,193.919,0,1
ecgclass__app8,5.2677,222.345,194.462,0,0
ecgclass,5.2686,221.975,194.986,0,1
ecgclass__app1,5.2684,222.426,195.267,0,1
ecgclass__app6,5.2678,224.272,196.023,0,1
ecgclass__app4,5.2675,224.803,196.334,0,1
ecgclass__app2,5.2674,225.014,196.420,0,1
ecgclass__app3,5.2681,224.587,196.506,0,1
ecgclass__app5,5.2687,224.182,196.719,0,1
ecgclass__app9,5.3002,223.675,42.034,0,0
ecgclass__app2,5.4924,222.016,194.947,0,1
ecgclass__app4,5.4923,222.243,195.090,0,1
ecgclass__app3,5.4927,222.267,195.668,0,1
ecgclass__app6,5.4921,223.220,195.754,0,1
ecgclass__app8,5.4901,225.303,195.875,0,0
ecgclass__app7,5.4895,225.898,195.905,0,1
ecgclass__app1,5.4908,225.562,197.121,0,1
ecgclass__app5,5.4929,224.576,198.260,0,1
ecgclass,5.4906,227.021,198.336,0,1
ecgclass__app9,5.5239,224.403,40.134,0,0
ecgclass__app7,5.7154,220.916,192.283,0,1
ecgclass__app6,5.7153,221.887,192.945,0,1
ecgclass__app5,5.7174,220.010,193.091,0,1
ecgclass__app4,5.7146,222.980,193.151,0,1
ecgclass__app1,5.7164,221.432,193.476,0,1
ecgclass__app2,5.7144,223.601,194.078,0,1
ecgclass,5.7176,221.214,195.031,0,1
ecgclass__app3,5.7150,224.082,195.106,0,1
ecgclass__app8,5.7154,224.518,196.267,0,0
ecgclass__app9,5.7483,222.074,40.251,0,0
ecgclass__app5,5.9375,224.417,196.202,0,1
ecgclass__app6,5.9372,225.601,197.065,0,1
ecgclass__app3,5.9390,224.923,198.518,0,1
ecgclass__app4,5.9376,227.044,198.698,0,1
ecgclass__app2,5.9380,226.824,198.908,0,1
ecgclass__app7,5.9364,228.787,199.041,0,1
ecgclass__app1,5.9378,227.374,199.079,0,1
ecgclass__app8,5.9399,225.592,199.195,0,0
ecgclass,5.9389,226.894,199.985,0,1
ecgclass__app9,5.9704,226.114,41.577,0,0
ecgclass__app7,6.1652,221.012,194.308,0,1
ecgclass,6.1658,221.225,194.732,0,1
ecgclass__app4,6.1646,222.464,195.212,0,1
ecgclass__app8,6.1655,222.158,195.735,0,0
ecgclass__app3,6.1640,223.912,195.858,0,1
ecgclass__app1,6.1652,222.851,195.904,0,1
ecgclass__app6,6.1628,225.756,196.768,0,1
ecgclass__app2,6.1649,224.018,197.011,0,1
ecgclass__app5,6.1619,227.446,197.635,0,1
ecgclass__app9,6.1965,224.021,39.276,0,0
ecgclass__app4,6.3871,224.625,195.528,0,1
ecgclass__app1,6.3881,224.238,196.168,0,1
ecgclass,6.3870,225.698,196.333,0,1
ecgclass__app2,6.3889,223.904,196.399,0,1
ecgclass__app6,6.3886,224.271,196.467,0,1
ecgclass__app5,6.3894,224.013,196.947,0,1
ecgclass__app7,6.3862,227.287,197.146,0,1
ecgclass__app3,6.3879,226.760,198.832,0,1
ecgclass__app8,6.3877,227.713,199.675,0,0
ecgclass__app9,6.4205,225.400,41.131,0,0
ecgclass__app6,6.6129,223.556,194.724,0,1
ecgclass__app7,6.6135,223.736,195.406,0,1
ecgclass__app4,6.6117,225.619,195.466,0,1
ecgclass__app1,6.6123,225.403,195.741,0,1
ecgclass__app8,6.6154,222.656,196.342,0,0
ecgclass,6.6127,225.441,196.447,0,1
ecgclass__app3,6.6147,223.519,196.472,0,1
ecgclass__app5,6.6134,225.847,198.012,0,1
ecgclass__app2,6.6128,226.988,198.722,0,1
ecgclass__app9,6.6460,224.402,41.521,0,0
ecgclass__app3,6.8382,223.534,195.899,0,1
ecgclass__app2,6.8398,222.660,196.405,0,1
ecgclass__app4,6.8374,225.215,196.486,0,1
ecgclass__app1,6.8377,224.876,196.562,0,1
ecgclass__app8,6.8381,225.565,197.331,0,0
ecgclass__app6,6.8365,227.309,197.499,0,1
ecgclass__app5,6.8392,224.985,197.766,0,1
ecgclass__app7,6.8372,227.071,197.933,0,1
ecgclass,6.8382,226.720,199.221,0,1
ecgclass__app9,6.8704,226.153,41.428,0,0
ecgclass,7.0649,222.748,195.649,0,1
ecgclass__app4,7.0626,225.798,196.053,0,1
ecgclass__app7,7.0643,224.198,196.087,0,1
ecgclass__app6,7.0638,224.979,196.155,0,1
ecgclass__app8,7.0636,225.370,196.308,0,0
ecgclass__app1,7.0626,226.669,197.036,0,1
ecgclass__app5,7.0642,225.148,197.269,0,1
ecgclass__app2,7.0625,227.769,198.387,0,1
ecgclass__app3,7.0617,228.762,198.560,0,1
ecgclass__app9,7.0965,225.651,41.936,0,0
ecgclass__app6,7.2888,222.696,193.941,0,1
ecgclass__app2,7.2903,222.310,194.746,0,1
ecgclass__app3,7.2905,222.169,195.012,0,1
ecgclass__app1,7.2893,223.761,195.150,0,1
ecgclass__app8,7.2890,224.143,195.235,0,0
ecgclass__app4,7.2884,225.412,196.243,0,1
ecgclass,7.2877,227.413,197.595,0,1
ecgclass__app5,7.2894,226.051,197.787,0,1
ecgclass__app7,7.2885,227.175,197.835,0,1
ecgclass__app9,7.3222,224.027,41.076,0,0
ecgclass__app7,7.5157,218.294,192.161,0,1
ecgclass__app8,7.5132,222.670,193.561,0,0
ecgclass,7.5151,221.016,193.829,0,1
ecgclass__app2,7.5126,224.296,194.630,0,1
ecgclass__app6,7.5115,225.480,194.783,0,1
ecgclass__app4,7.5138,223.483,194.818,0,1
ecgclass__app1,7.5131,224.403,194.919,0,1
ecgclass__app3,7.5127,224.844,195.201,0,1
ecgclass__app5,7.5155,222.361,195.953,0,1
ecgclass__app9,7.5463,222.252,40.685,0,0
ecgclass__app4,7.7373,220.860,194.011,0,1
ecgclass__app7,7.7340,224.805,194.864,0,1
ecgclass__app6,7.7370,222.094,194.987,0,1
ecgclass__app1,7.7375,222.365,195.583,0,1
ecgclass__app8,7.7359,224.212,195.753,0,0
ecgclass__app5,7.7378,222.534,196.039,0,1
ecgclass__app3,7.7375,222.991,196.103,0,1
ecgclass,7.7361,224.481,196.185,0,1
ecgclass__app2,7.7369,223.967,196.574,0,1
ecgclass__app9,7.7685,223.424,41.174,0,0
ecgclass,7.9606,220.781,194.049,0,1
ecgclass__app1,7.9599,222.982,194.881,0,1
ecgclass__app2,7.9609,222.078,195.075,0,1
ecgclass__app8,7.9601,223.086,195.152,0,0
ecgclass__app3,7.9605,222.915,195.533,0,1
ecgclass__app4,7.9582,225.524,196.068,0,1
ecgclass__app6,7.9591,224.707,196.125,0,1
ecgclass__app7,7.9588,225.231,196.717,0,1
ecgclass__app5,7.9604,224.643,197.715,0,1
ecgclass__app9,7.9920,223.637,40.627,0,0
ecgclass__app3,8.1835,221.371,193.888,0,1
ecgclass__app7,8.1841,225.950,194.639,0,1
ecgclass__app6,8.1838,226.371,198.820,0,1
ecgclass__app1,8.1829,227.663,199.031,0,1
ecgclass__app5,8.1850,225.612,199.102,0,1
ecgclass__app4,8.1837,227.204,199.512,0,1
ecgclass__app2,8.1830,228.259,200.085,0,1
ecgclass,8.1814,230.006,200.369,0,1
ecgclass__app8,8.1832,228.720,201.004,0,0
ecgclass__app9,8.2156,227.113,39.617,0,0
ecgclass__app2,8.4112,218.910,191.715,0,1
ecgclass__app7,8.4100,221.028,192.569,0,1
ecgclass,8.4114,219.775,192.602,0,1
ecgclass__app4,8.4109,220.647,192.687,0,1
ecgclass__app8,8.4119,219.748,192.756,0,0
ecgclass__app5,8.4106,221.245,192.792,0,1
ecgclass__app1,8.4105,221.627,193.623,0,1
ecgclass__app6,8.4102,222.302,194.234,0,1
ecgclass__app3,8.4049,227.828,194.330,0,1
ecgclass__app9,8.4428,220.815,39.984,0,0
ecgclass__app3,8.6327,219.867,193.447,0,1
ecgclass__app8,8.6317,221.769,193.923,0,0
ecgclass__app5,8.6319,221.645,194.171,0,1
ecgclass__app6,8.6325,221.833,194.957,0,1
ecgclass__app1,8.6322,222.355,195.095,0,1
ecgclass,8.6312,223.580,195.164,0,1
ecgclass__app7,8.6311,223.782,195.207,0,1
ecgclass__app4,8.6316,223.565,195.955,0,1
ecgclass__app2,8.6301,225.439,196.618,0,1
ecgclass__app9,8.6636,222.302,41.003,0,0
ecgclass__app8,8.8535,219.580,191.560,0,0
ecgclass__app2,8.8556,218.542,192.326,0,1
ecgclass__app1,8.8545,219.859,192.487,0,1
ecgclass__app4,8.8552,219.311,192.566,0,1
ecgclass__app7,8.8549,220.159,193.554,0,1
ecgclass__app5,8.8535,221.818,193.718,0,1
ecgclass,8.8548,220.794,194.099,0,1
ecgclass__app3,8.8526,223.445,194.615,0,1
ecgclass__app6,8.8543,222.452,195.556,0,1
ecgclass__app9,8.8859,222.107,41.201,0,0
ecgclass__app3,9.0760,221.132,193.561,0,1
ecgclass__app7,9.0750,223.425,194.593,0,1
ecgclass__app6,9.0768,221.909,194.672,0,1
ecgclass__app8,9.0730,225.913,194.786,0,0
ecgclass__app2,9.0742,225.186,195.500,0,1
ecgclass,9.0756,223.835,195.605,0,1
ecgclass__app1,9.0744,225.808,196.558,0,1
ecgclass__app4,9.0745,226.036,196.837,0,1
ecgclass__app5,9.0754,225.989,197.835,0,1
ecgclass__app9,9.1080,224.439,41.671,0,0
ecgclass__app1,9.3002,222.237,194.442,0,1
ecgclass__app4,9.3005,223.475,195.220,0,1
ecgclass__app7,9.2985,225.641,195.298,0,1
ecgclass__app5,9.3014,223.025,195.581,0,1
ecgclass__app6,9.2987,225.973,196.002,0,1
ecgclass__app3,9.2972,227.563,196.108,0,1
ecgclass__app8,9.2990,226.245,197.077,0,0
ecgclass,9.2994,226.379,197.792,0,1
ecgclass__app2,9.2994,226.783,198.101,0,1
ecgclass__app9,9.3325,224.289,40.289,0,0
ecgclass__app8,9.5252,219.064,191.957,0,0
ecgclass__app7,9.5241,222.136,193.515,0,1
ecgclass__app5,9.5244,221.978,193.632,0,1
ecgclass__app4,9.5240,222.729,193.933,0,1
ecgclass__app3,9.5248,222.078,193.991,0,1
ecgclass__app1,9.5225,224.720,194.634,0,1
ecgclass,9.5258,221.497,194.708,0,1
ecgclass__app6,9.5247,222.946,194.904,0,1
ecgclass__app2,9.5261,222.516,196.577,0,1
ecgclass__app9,9.5568,221.981,40.290,0,0
ecgclass,9.7473,221.801,194.690,0,1
ecgclass__app5,9.7464,223.554,195.277,0,1
ecgclass__app6,9.7476,222.423,195.540,0,1
ecgclass__app2,9.7487,221.742,195.572,0,1
ecgclass__app8,9.7443,226.196,195.599,0,0
ecgclass__app1,9.7472,223.600,196.419,0,1
ecgclass__app7,9.7463,224.723,196.503,0,1
ecgclass__app4,9.7468,224.699,197.197,0,1
ecgclass__app3,9.7469,225.511,198.070,0,1
ecgclass__app9,9.7788,223.811,41.310,0,0
ecgclass__app8,9.9705,221.670,194.123,0,0
ecgclass__app7,9.9710,221.936,194.485,0,1
ecgclass__app5,9.9700,223.341,194.610,0,1
ecgclass,9.9692,224.226,195.050,0,1
ecgclass__app3,9.9724,222.094,196.194,0,1
ecgclass__app6,9.9701,224.694,196.593,0,1
ecgclass__app1,9.9708,224.015,196.647,0,1
ecgclass__app2,9.9704,225.173,197.513,0,1
ecgclass__app4,9.9715,224.300,197.634,0,1
ecgclass__app9,10.0026,223.507,40.946,0,0
ecgclass__app5,10.1933,221.951,193.688,0,1
ecgclass__app7,10.1930,223.431,194.723,0,1
ecgclass__app8,10.1922,224.463,194.807,0,0
ecgclass__app3,10.1945,222.849,195.738,0,1
ecgclass__app4,10.1958,222.163,196.433,0,1
ecgclass__app2,10.1956,222.675,196.615,0,1
ecgclass__app1,10.1948,223.705,196.889,0,1
ecgclass__app6,10.1948,223.937,196.984,0,1
ecgclass,10.1934,226.587,198.667,0,1
ecgclass__app9,10.2261,223.765,41.051,0,0
ecgclass__app1,10.4186,220.567,193.526,0,1
ecgclass__app4,10.4180,221.335,193.677,0,1
ecgclass__app2,10.4183,223.043,195.566,0,1
ecgclass__app3,10.4173,224.092,195.733,0,1
ecgclass,10.4200,221.828,195.860,0,1
ecgclass__app8,10.4167,225.218,196.027,0,0
ecgclass__app7,10.4164,225.704,196.063,0,1
ecgclass__app5,10.4153,227.218,196.725,0,1
ecgclass__app6,10.4187,223.856,197.039,0,1
ecgclass__app9,10.4499,223.366,41.415,0,0
ecgclass__app7,10.6421,219.790,193.180,0,1
ecgclass__app3,10.6414,220.970,193.646,0,1
ecgclass__app5,10.6425,220.516,194.051,0,1
ecgclass,10.6418,221.488,194.083,0,1
ecgclass__app2,10.6413,222.299,194.266,0,1
ecgclass__app6,10.6426,221.247,194.474,0,1
ecgclass__app1,10.6392,224.886,194.943,0,1
ecgclass__app8,10.6419,223.161,196.264,0,0
ecgclass__app4,10.6393,225.959,196.336,0,1
ecgclass__app9,10.6733,221.960,40.626,0,0
ecgclass__app4,10.8653,219.686,193.690,0,1
ecgclass__app6,10.8638,221.256,193.897,0,1
ecgclass__app8,10.8651,220.522,194.406,0,0
ecgclass__app2,10.8637,222.212,194.518,0,1
ecgclass__app3,10.8624,223.783,195.064,0,1
ecgclass__app1,10.8640,222.961,195.887,0,1
ecgclass,10.8633,223.925,195.953,0,1
ecgclass__app5,10.8630,224.288,195.978,0,1
ecgclass__app7,10.8619,226.594,197.810,0,1
ecgclass__app9,10.8953,223.456,41.129,0,0
ecgclass__app6,11.0851,224.652,194.601,0,1
ecgclass,11.0873,222.642,194.784,0,1
ecgclass__app4,11.0850,225.280,194.865,0,1
ecgclass__app3,11.0862,224.150,194.941,0,1
ecgclass__app5,11.0873,223.290,195.005,0,1
ecgclass__app8,11.0856,225.221,195.127,0,0
ecgclass__app7,11.0885,222.456,195.313,0,1
ecgclass__app2,11.0859,225.281,196.151,0,1
ecgclass__app1,11.0870,224.372,197.225,0,1
ecgclass__app9,11.1187,223.888,41.406,0,0
ecgclass__app8,11.3108,222.455,195.218,0,0
ecgclass__app6,11.3098,224.393,195.724,0,1
ecgclass__app2,11.3112,223.123,195.853,0,1
ecgclass__app1,11.3114,223.092,195.954,0,1
ecgclass__app7,11.3110,224.083,197.055,0,1
ecgclass__app3,11.3104,225.011,197.102,0,1
ecgclass__app5,11.3106,224.923,197.188,0,1
ecgclass__app4,11.3103,226.021,198.213,0,1
ecgclass,11.3099,226.636,198.436,0,1
ecgclass__app9,11.3427,224.679,38.864,0,0
ecgclass,11.5366,217.949,191.665,0,1
ecgclass__app5,11.5356,220.151,192.607,0,1
ecgclass__app3,11.5354,220.439,192.640,0,1
ecgclass__app4,11.5363,219.769,192.810,0,1
ecgclass__app8,11.5333,223.042,192.898,0,0
ecgclass__app7,11.5351,221.475,193.497,0,1
ecgclass__app2,11.5343,222.550,193.641,0,1
ecgclass__app6,11.5342,222.724,193.686,0,1
ecgclass__app1,11.5345,222.737,194.009,0,1
ecgclass__app9,11.5673,220.672,40.359,0,0
ecgclass__app7,11.7566,220.613,193.048,0,1
ecgclass__app3,11.7558,221.517,193.094,0,1
ecgclass__app4,11.7561,221.526,193.455,0,1
ecgclass__app6,11.7569,221.083,194.229,0,1
ecgclass__app1,11.7572,221.023,194.270,0,1
ecgclass__app8,11.7564,222.119,194.481,0,0
ecgclass__app2,11.7569,221.694,194.536,0,1
ecgclass__app5,11.7557,222.855,194.604,0,1
ecgclass,11.7545,225.664,196.686,0,1
ecgclass__app9,11.7880,223.588,41.082,0,0
ecgclass__app5,11.9786,226.979,198.655,0,1
ecgclass__app4,11.9776,228.693,199.537,0,1
ecgclass__app1,11.9783,228.862,199.857,0,1
ecgclass__app7,11.9772,230.166,200.198,0,1
ecgclass__app8,11.9785,229.098,200.402,0,0
ecgclass,11.9802,227.859,201.177,0,1
ecgclass__app6,11.9780,230.296,201.398,0,1
ecgclass__app2,11.9786,230.725,202.431,0,1
ecgclass__app3,11.9774,232.256,203.005,0,1
ecgclass__app9,12.0116,228.367,40.578,0,0
ecgclass__app7,12.2074,223.272,194.646,0,1
ecgclass__app2,12.2093,221.538,195.036,0,1
ecgclass__app5,12.2056,225.633,195.495,0,1
ecgclass__app8,12.2076,224.390,195.979,0,0
ecgclass__app1,12.2072,225.041,196.077,0,1
ecgclass__app6,12.2083,224.608,197.152,0,1
ecgclass__app4,12.2063,227.324,197.820,0,1
ecgclass,12.2081,225.744,197.929,0,1
ecgclass__app3,12.2096,224.807,198.893,0,1
ecgclass__app9,12.2400,224.943,41.521,0,0
ecgclass__app2,12.4308,224.986,194.619,0,1
ecgclass__app7,12.4307,225.279,194.975,0,1
ecgclass,12.4338,222.528,195.122,0,1
ecgclass__app1,12.4322,224.385,195.272,0,1
ecgclass__app8,12.4320,224.656,195.313,0,0
ecgclass__app5,12.4312,225.645,195.421,0,1
ecgclass__app6,12.4329,224.134,196.396,0,1
ecgclass__app4,12.4337,223.682,196.992,0,1
ecgclass__app3,12.4344,224.017,198.307,0,1
ecgclass__app9,12.4650,223.986,40.473,0,0
ecgclass__app5,12.6569,222.382,194.896,0,1
ecgclass,12.6564,223.461,195.276,0,1
ecgclass__app8,12.6567,223.473,195.363,0,0
ecgclass__app2,12.6558,224.501,195.640,0,1
ecgclass__app6,12.6571,223.500,196.025,0,1
ecgclass__app1,12.6566,224.241,196.322,0,1
ecgclass__app7,12.6560,225.055,196.639,0,1
ecgclass__app4,12.6573,224.545,197.617,0,1
ecgclass__app3,12.6585,224.268,198.550,0,1
ecgclass__app9,12.6890,223.907,40.938,0,0
ecgclass__app2,12.8803,223.502,195.413,0,1
ecgclass__app1,12.8808,223.940,195.979,0,1
ecgclass__app5,12.8793,225.617,196.086,0,1
ecgclass,12.8799,225.219,196.171,0,1
ecgclass__app8,12.8801,225.229,196.399,0,0
ecgclass__app4,12.8819,223.549,196.544,0,1
ecgclass__app3,12.8827,223.033,196.964,0,1
ecgclass__app6,12.8806,225.252,197.065,0,1
ecgclass__app7,12.8811,225.093,197.491,0,1
ecgclass__app9,12.9129,224.442,40.214,0,0
ecgclass__app8,13.1054,220.786,192.950,0,0
ecgclass__app6,13.1059,220.982,193.550,0,1
ecgclass__app5,13.1049,222.223,193.707,0,1
ecgclass__app2,13.1039,223.361,193.795,0,1
ecgclass__app3,13.1058,221.715,194.007,0,1
ecgclass__app4,13.1055,222.112,194.040,0,1
ecgclass,13.1051,222.782,194.696,0,1
ecgclass__app1,13.1048,223.114,194.827,0,1
ecgclass__app7,13.1062,223.451,196.888,0,1
ecgclass__app9,13.1374,222.220,40.972,0,0
ecgclass__app3,13.3275,223.194,195.406,0,1
ecgclass__app2,13.3272,224.583,195.813,0,1
ecgclass__app7,13.3296,222.458,196.055,0,1
ecgclass__app8,13.3262,226.224,196.091,0,0
ecgclass,13.3279,224.841,196.230,0,1
ecgclass__app4,13.3276,225.244,196.260,0,1
ecgclass__app1,13.3279,225.189,196.835,0,1
ecgclass__app6,13.3269,226.446,197.391,0,1
ecgclass__app5,13.3272,226.321,197.478,0,1
ecgclass__app9,13.3596,224.634,40.149,0,0
ecgclass__app8,13.5524,221.500,194.076,0,0
ecgclass__app3,13.5507,224.359,194.472,0,1
ecgclass__app7,13.5521,223.096,194.921,0,1
ecgclass__app6,13.5533,222.224,195.031,0,1
ecgclass__app5,13.5535,222.248,195.301,0,1
ecgclass__app4,13.5528,222.979,195.390,0,1
ecgclass__app2,13.5518,224.016,195.468,0,1
ecgclass__app1,13.5531,223.087,196.613,0,1
ecgclass,13.5527,223.952,197.055,0,1
ecgclass__app9,13.5842,223.141,39.177,0,0
ecgclass__app4,13.7758,220.433,193.161,0,1
ecgclass,13.7767,220.859,193.837,0,1
ecgclass__app2,13.7759,222.055,194.031,0,1
ecgclass__app7,13.7752,222.794,194.079,0,1
ecgclass__app8,13.7739,224.317,194.386,0,0
ecgclass__app3,13.7751,223.400,194.485,0,1
ecgclass__app6,13.7755,223.249,195.575,0,1
ecgclass__app1,13.7762,222.670,195.678,0,1
ecgclass__app5,13.7757,224.617,197.606,0,1
ecgclass__app9,13.8074,223.054,41.300,0,0
ecgclass__app2,13.9979,222.149,193.936,0,1
ecgclass__app3,13.9985,222.520,194.565,0,1
ecgclass__app8,13.9983,223.170,194.844,0,0
ecgclass,13.9976,224.154,194.978,0,1
ecgclass__app5,14.0004,221.622,195.119,0,1
ecgclass__app6,13.9988,223.257,195.161,0,1
ecgclass__app7,13.9980,224.249,195.521,0,1
ecgclass__app1,13.9989,223.848,196.673,0,1
ecgclass__app4,13.9963,226.731,196.774,0,1
ecgclass__app9,14.0305,222.435,39.748,0,0
ecgclass__app4,14.2230,221.093,194.359,0,1
ecgclass__app5,14.2220,222.266,194.506,0,1
ecgclass__app1,14.2228,221.572,194.707,0,1
ecgclass,14.2217,223.291,195.760,0,1
ecgclass__app7,14.2223,223.129,196.032,0,1
ecgclass__app3,14.2210,224.436,196.119,0,1
ecgclass__app2,14.2201,225.436,196.454,0,1
ecgclass__app6,14.2221,224.268,197.546,0,1
ecgclass__app8,14.2215,225.713,198.567,0,0
ecgclass__app9,14.2529,224.461,40.213,0,0
ecgclass__app2,14.4455,223.188,195.715,0,1
ecgclass__app8,14.4472,226.622,200.686,0,0
ecgclass__app7,14.4454,228.698,200.910,0,1
ecgclass__app6,14.4464,227.988,201.051,0,1
ecgclass__app4,14.4441,230.651,201.920,0,1
ecgclass__app3,14.4455,229.532,202.148,0,1
ecgclass,14.4450,230.862,203.161,0,1
ecgclass__app1,14.4443,232.277,203.853,0,1
ecgclass__app5,14.4443,232.542,203.935,0,1
ecgclass__app9,14.4774,231.710,41.405,0,0
ecgclass__app2,14.6687,230.034,194.660,0,1
ecgclass__app6,14.6744,225.623,195.050,0,1
ecgclass,14.6759,224.180,195.141,0,1
ecgclass__app3,14.6750,225.346,195.332,0,1
ecgclass__app1,14.6766,224.068,195.658,0,1
ecgclass__app5,14.6768,223.930,195.735,0,1
ecgclass__app7,14.6741,226.839,195.908,0,1
ecgclass__app8,14.6738,227.563,197.441,0,0
ecgclass__app4,14.6748,227.238,198.010,0,1
ecgclass__app9,14.7091,223.436,40.894,0,0
ecgclass__app8,14.9014,221.822,194.703,0,0
ecgclass__app6,14.9000,223.423,194.976,0,1
ecgclass__app1,14.9007,222.799,195.018,0,1
ecgclass__app4,14.9020,221.787,195.654,0,1
ecgclass__app5,14.9008,223.986,196.488,0,1
ecgclass,14.9001,224.761,196.614,0,1
ecgclass__app2,14.8988,226.380,196.890,0,1
ecgclass__app3,14.9004,225.837,198.390,0,1
ecgclass__app7,14.9010,225.615,198.782,0,1
ecgclass__app9,14.9326,224.324,39.806,0,0
ecgclass__app1,15.1235,223.355,194.404,0,1
ecgclass__app6,15.1234,224.956,194.846,0,1
ecgclass__app2,15.1252,223.315,195.203,0,1
ecgclass,15.1249,224.016,195.781,0,1
ecgclass__app5,15.1248,224.175,195.893,0,1
ecgclass__app8,15.1232,225.767,195.977,0,0
ecgclass__app3,15.1262,222.795,196.034,0,1
ecgclass__app4,15.1238,225.579,196.921,0,1
ecgclass__app7,15.1266,223.753,198.040,0,1
ecgclass__app9,15.1569,223.943,40.310,0,0
ecgclass__app4,15.3494,219.381,192.407,0,1
ecgclass__app2,15.3485,221.368,193.217,0,1
ecgclass__app7,15.3504,220.046,193.527,0,1
ecgclass__app3,15.3490,221.763,194.071,0,1
ecgclass__app6,15.3484,222.479,194.099,0,1
ecgclass__app8,15.3490,222.141,194.201,0,0
ecgclass__app1,15.3469,224.913,194.975,0,1
ecgclass,15.3489,223.013,195.050,0,1
ecgclass__app5,15.3489,223.923,196.518,0,1
ecgclass__app9,15.3809,222.221,40.929,0,0
ecgclass__app3,15.5708,220.117,191.873,0,1
ecgclass__app2,15.5699,221.176,191.971,0,1
ecgclass__app6,15.5709,221.045,192.678,0,1
ecgclass__app8,15.5711,221.212,193.051,0,0
ecgclass__app7,15.5704,222.016,193.155,0,1
ecgclass,15.5719,221.730,194.452,0,1
ecgclass__app5,15.5729,220.860,194.500,0,1
ecgclass__app1,15.5718,222.183,194.573,0,1
ecgclass__app4,15.5688,225.635,195.525,0,1
ecgclass__app9,15.6031,221.322,40.189,0,0
ecgclass__app2,15.7911,223.355,194.054,0,1
ecgclass,15.7936,221.538,194.870,0,1
ecgclass__app5,15.7938,221.546,194.912,0,1
ecgclass__app6,15.7919,224.357,195.506,0,1
ecgclass__app4,15.7945,222.935,196.705,0,1
ecgclass__app7,15.7924,225.191,197.001,0,1
ecgclass__app1,15.7940,223.871,197.038,0,1
ecgclass__app8,15.7924,225.696,197.166,0,0
ecgclass__app3,15.7909,227.339,197.480,0,1
ecgclass__app9,15.8245,224.103,41.293,0,0
ecgclass__app6,16.0163,222.027,193.477,0,1
ecgclass__app1,16.0179,220.591,194.128,0,1
ecgclass,16.0152,223.696,194.673,0,1
ecgclass__app2,16.0144,225.373,195.128,0,1
ecgclass__app3,16.0183,221.805,195.263,0,1
ecgclass__app5,16.0153,224.899,195.286,0,1
ecgclass__app8,16.0181,222.535,195.608,0,0
ecgclass__app7,16.0176,223.045,195.750,0,1
ecgclass__app4,16.0174,223.609,196.228,0,1
ecgclass__app9,16.0486,223.396,40.335,0,0
ecgclass__app6,16.2384,224.366,194.865,0,1
ecgclass__app4,16.2410,222.261,195.446,0,1
ecgclass__app2,16.2398,223.722,195.660,0,1
ecgclass__app3,16.2401,223.974,196.329,0,1
ecgclass__app7,16.2407,223.590,196.446,0,1
ecgclass__app1,16.2385,226.068,196.558,0,1
ecgclass__app8,16.2406,224.009,196.591,0,0
ecgclass__app5,16.2402,225.199,197.890,0,1
ecgclass,16.2389,227.211,198.776,0,1
ecgclass__app9,16.2720,224.959,40.716,0,0
ecgclass__app8,16.4646,222.198,194.284,0,0
ecgclass__app7,16.4643,222.854,194.647,0,1
ecgclass__app3,16.4641,223.712,195.058,0,1
ecgclass__app1,16.4646,223.322,195.242,0,1
ecgclass__app6,16.4627,225.437,195.311,0,1
ecgclass,16.4661,222.383,195.836,0,1
ecgclass__app2,16.4635,225.633,196.627,0,1
ecgclass__app5,16.4654,223.952,196.716,0,1
ecgclass__app4,16.4633,226.622,197.462,0,1
ecgclass__app9,16.4970,223.097,40.222,0,0
ecgclass__app4,16.6899,219.708,193.862,0,1
ecgclass__app2,16.6892,221.518,194.710,0,1
ecgclass__app6,16.6882,222.859,194.923,0,1
ecgclass__app1,16.6879,223.271,195.173,0,1
ecgclass__app8,16.6868,225.457,196.243,0,0
ecgclass__app5,16.6894,223.246,196.757,0,1
ecgclass__app7,16.6872,225.528,196.783,0,1
ecgclass__app3,16.6878,225.128,196.812,0,1
ecgclass,16.6885,224.567,196.882,0,1
ecgclass__app9,16.7201,223.492,40.416,0,0
ecgclass__app7,16.9127,220.998,194.452,0,1
ecgclass__app6,16.9111,223.363,194.762,0,1
ecgclass__app3,16.9129,221.585,194.904,0,1
ecgclass__app1,16.9112,223.576,195.043,0,1
ecgclass__app4,16.9097,225.333,195.123,0,1
ecgclass,16.9131,222.183,195.801,0,1
ecgclass__app5,16.9126,222.838,195.922,0,1
ecgclass__app8,16.9123,223.557,196.584,0,0
ecgclass__app2,16.9107,225.835,197.465,0,1
ecgclass__app9,16.9436,223.934,40.962,0,0
ecgclass,17.1353,224.084,195.760,0,1
ecgclass__app7,17.1337,226.011,196.013,0,1
ecgclass__app3,17.1345,225.443,196.232,0,1
ecgclass__app5,17.1355,224.812,197.265,0,1
ecgclass__app6,17.1344,226.179,197.392,0,1
ecgclass__app1,17.1348,225.942,197.521,0,1
ecgclass__app2,17.1366,224.687,198.215,0,1
ecgclass__app8,17.1359,225.602,198.247,0,0
ecgclass__app4,17.1350,227.914,200.191,0,1
ecgclass__app9,17.1675,226.623,41.798,0,0
ecgclass__app3,17.3600,223.448,193.739,0,1
ecgclass__app2,17.3613,223.313,194.713,0,1
ecgclass__app4,17.3629,222.013,194.953,0,1
ecgclass__app7,17.3597,225.463,195.334,0,1
ecgclass,17.3594,226.972,196.555,0,1
ecgclass__app8,17.3615,225.313,197.089,0,0
ecgclass__app1,17.3607,226.331,197.122,0,1
ecgclass__app5,17.3603,226.817,197.195,0,1
ecgclass__app6,17.3606,227.313,198.439,0,1
ecgclass__app9,17.3942,224.108,39.944,0,0
ecgclass__app2,17.5846,223.753,194.129,0,1
ecgclass__app7,17.5852,223.487,194.992,0,1
ecgclass__app3,17.5835,225.560,195.037,0,1
ecgclass__app6,17.5879,221.279,195.107,0,1
ecgclass__app1,17.5871,222.522,195.694,0,1
ecgclass,17.5864,223.386,195.916,0,1
ecgclass__app4,17.5850,226.588,197.726,0,1
ecgclass__app5,17.5871,224.738,198.212,0,1
ecgclass__app8,17.5868,225.553,198.776,0,0
ecgclass__app9,17.6183,223.971,41.101,0,0
ecgclass,17.8098,221.616,193.379,0,1
ecgclass__app7,17.8087,223.103,193.674,0,1
ecgclass__app5,17.8119,221.067,194.782,0,1
ecgclass__app2,17.8084,224.812,194.916,0,1
ecgclass__app3,17.8090,224.364,195.079,0,1
ecgclass__app8,17.8124,221.628,195.953,0,0
ecgclass__app1,17.8096,224.710,196.150,0,1
ecgclass__app6,17.8092,225.131,196.200,0,1
ecgclass__app4,17.8116,223.399,197.136,0,1
ecgclass__app9,17.8423,223.201,40.099,0,0
ecgclass__app8,18.0340,222.700,195.824,0,0
ecgclass__app7,18.0318,225.862,196.143,0,1
ecgclass__app6,18.0344,223.680,196.520,0,1
ecgclass__app2,18.0332,224.964,196.648,0,1
ecgclass__app5,18.0330,225.237,196.712,0,1
ecgclass__app1,18.0343,224.131,196.923,0,1
ecgclass__app4,18.0350,223.735,197.668,0,1
ecgclass,18.0314,227.344,197.699,0,1
ecgclass__app3,18.0334,225.998,198.635,0,1
ecgclass__app9,18.0655,224.809,39.466,0,0
ecgclass__app5,18.2582,222.233,194.385,0,1
ecgclass__app6,18.2581,223.113,195.110,0,1
ecgclass__app8,18.2567,224.536,195.338,0,0
ecgclass__app7,18.2577,223.847,195.532,0,1
ecgclass__app1,18.2584,223.777,196.288,0,1
ecgclass__app4,18.2587,223.587,196.453,0,1
ecgclass__app2,18.2582,224.419,196.785,0,1
ecgclass__app3,18.2594,224.521,198.395,0,1
ecgclass,18.2588,225.243,198.507,0,1
ecgclass__app9,18.2903,224.163,40.983,0,0
ecgclass__app1,18.4822,222.477,194.364,0,1
ecgclass__app8,18.4813,223.610,194.475,0,0
ecgclass__app6,18.4812,224.014,194.646,0,1
ecgclass__app3,18.4839,221.581,195.175,0,1
ecgclass__app4,18.4823,223.458,195.218,0,1
ecgclass__app7,18.4816,224.386,195.715,0,1
ecgclass,18.4840,223.146,197.378,0,1
ecgclass__app2,18.4826,224.991,197.705,0,1
ecgclass__app5,18.4805,227.185,197.788,0,1
ecgclass__app9,18.5145,223.707,41.090,0,0
ecgclass,18.7072,222.200,195.766,0,1
ecgclass__app8,18.7049,225.272,196.134,0,0
ecgclass__app7,18.7060,224.333,196.229,0,1
ecgclass__app4,18.7058,224.951,196.457,0,1
ecgclass__app2,18.7076,223.231,196.572,0,1
ecgclass__app5,18.7076,223.214,196.602,0,1
ecgclass__app6,18.7052,225.689,196.668,0,1
ecgclass__app1,18.7047,226.805,197.898,0,1
ecgclass__app3,18.7055,227.300,199.447,0,1
ecgclass__app9,18.7382,224.392,39.911,0,0
ecgclass__app3,18.9328,219.933,194.526,0,1
ecgclass__app6,18.9309,222.605,195.267,0,1
ecgclass__app4,18.9307,222.983,195.305,0,1
ecgclass__app2,18.9308,223.223,195.805,0,1
ecgclass,18.9294,224.743,195.844,0,1
ecgclass__app7,18.9303,225.044,196.822,0,1
ecgclass__app1,18.9315,223.875,196.931,0,1
ecgclass__app8,18.9302,225.523,197.240,0,0
ecgclass__app5,18.9309,224.910,197.297,0,1
ecgclass__app9,18.9626,223.475,39.726,0,0
ecgclass__app4,19.1537,219.496,191.264,0,1
ecgclass__app1,19.1554,218.441,192.250,0,1
ecgclass__app8,19.1557,218.964,192.703,0,0
ecgclass__app2,19.1541,220.990,192.932,0,1
ecgclass__app7,19.1554,219.781,193.009,0,1
ecgclass__app6,19.1535,221.673,193.188,0,1
ecgclass__app3,19.1528,222.710,193.245,0,1
ecgclass,19.1541,222.568,195.048,0,1
ecgclass__app5,19.1558,221.448,195.682,0,1
ecgclass__app9,19.1861,221.277,40.725,0,0
ecgclass__app4,19.3732,223.962,194.273,0,1
ecgclass,19.3767,221.413,194.745,0,1
ecgclass__app1,19.3739,224.364,194.841,0,1
ecgclass__app5,19.3772,221.338,194.925,0,1
ecgclass__app8,19.3747,224.102,195.007,0,0
ecgclass__app6,19.3752,223.663,195.303,0,1
ecgclass__app3,19.3755,223.854,196.338,0,1
ecgclass__app7,19.3751,224.671,196.946,0,1
ecgclass__app2,19.3751,224.944,197.002,0,1
ecgclass__app9,19.4074,222.907,39.061,0,0
ecgclass__app1,19.5983,222.816,194.956,0,1
ecgclass__app3,19.5994,222.569,195.706,0,1
ecgclass__app4,19.5972,225.559,196.445,0,1
ecgclass,19.5981,224.887,196.536,0,1
ecgclass__app8,19.5988,224.456,196.679,0,0
ecgclass__app2,19.6000,223.339,196.707,0,1
ecgclass__app5,19.5986,225.481,197.901,0,1
ecgclass__app6,19.5989,225.400,197.977,0,1
ecgclass__app7,19.5998,224.685,198.181,0,1
ecgclass__app9,19.6303,225.652,42.201,0,0
ecgclass__app7,19.8245,221.318,194.417,0,1
ecgclass__app2,19.8234,222.788,194.575,0,1
ecgclass__app4,19.8228,224.571,195.526,0,1
ecgclass,19.8230,224.390,195.832,0,1
ecgclass__app6,19.8243,223.661,196.618,0,1
ecgclass__app8,19.8233,224.866,196.656,0,0
ecgclass__app5,19.8241,224.251,196.689,0,1
ecgclass__app1,19.8211,227.622,197.501,0,1
ecgclass__app3,19.8220,227.373,198.187,0,1
ecgclass__app9,19.8560,223.635,40.360,0,0
ecgclass__app4,20.0474,222.631,194.553,0,1
ecgclass__app6,20.0480,222.387,194.707,0,1
ecgclass,20.0474,223.463,195.396,0,1
ecgclass__app3,20.0494,222.524,196.489,0,1
ecgclass__app7,20.0459,226.323,196.522,0,1
ecgclass__app5,20.0483,224.076,196.556,0,1
ecgclass__app1,20.0487,223.773,196.602,0,1
ecgclass__app8,20.0482,224.389,196.686,0,0
ecgclass__app2,20.0462,227.346,198.311,0,1
ecgclass__app9,20.0797,223.660,40.283,0,0
ecgclass__app3,20.2719,223.054,195.023,0,1
ecgclass__app2,20.2735,221.569,195.205,0,1
ecgclass__app6,20.2704,225.019,195.362,0,1
ecgclass__app1,20.2725,223.083,195.435,0,1
ecgclass,20.2709,224.912,196.439,0,1
ecgclass__app5,20.2724,223.668,196.820,0,1
ecgclass__app7,20.2722,224.005,196.894,0,1
ecgclass__app4,20.2700,226.568,197.394,0,1
ecgclass__app8,20.2725,224.301,197.626,0,0
ecgclass__app9,20.3033,224.679,40.628,0,0
ecgclass__app2,20.4951,223.089,194.556,0,1
ecgclass__app6,20.4954,223.455,195.234,0,1
ecgclass,20.4958,223.679,195.557,0,1
ecgclass__app8,20.4969,222.739,195.602,0,0
ecgclass__app3,20.4950,224.963,195.933,0,1
ecgclass__app1,20.4956,224.406,196.107,0,1
ecgclass__app4,20.4966,223.948,196.811,0,1
ecgclass__app7,20.4962,224.538,196.911,0,1
ecgclass__app5,20.4961,224.878,197.187,0,1
ecgclass__app9,20.5280,230.814,47.821,0,0
ecgclass__app2,20.7182,238.417,202.041,0,1
ecgclass__app1,20.7200,237.930,202.845,0,1
ecgclass,20.7195,238.508,203.134,0,1
ecgclass__app8,20.7196,238.682,203.242,0,0
ecgclass__app4,20.7206,238.052,203.308,0,1
ecgclass__app6,20.7189,239.831,203.398,0,1
ecgclass__app7,20.7207,238.142,203.476,0,1
ecgclass__app5,20.7210,238.168,204.015,0,1
ecgclass__app3,20.7199,239.297,204.473,0,1
ecgclass__app9,20.7588,239.380,48.351,0,0
ecgclass__app6,20.9587,230.375,195.612,0,1
ecgclass__app3,20.9592,230.336,196.154,0,1
ecgclass__app1,20.9579,232.696,197.306,0,1
ecgclass__app2,20.9566,234.711,197.781,0,1
ecgclass__app8,20.9583,233.272,197.816,0,0
ecgclass__app4,20.9586,233.202,197.909,0,1
ecgclass__app5,20.9592,232.742,198.084,0,1
ecgclass__app7,20.9589,233.722,199.476,0,1
ecgclass,20.9580,234.869,199.801,0,1
ecgclass__app9,20.9982,225.327,40.758,0,0
ecgclass__app3,21.1896,228.008,198.171,0,1
ecgclass__app5,21.1919,225.918,198.279,0,1
ecgclass__app7,21.1926,226.469,198.917,0,1
ecgclass,21.1929,226.573,199.662,0,1
ecgclass__app6,21.1891,230.485,199.753,0,1
ecgclass__app8,21.1916,228.189,199.815,0,0
ecgclass__app2,21.1914,228.479,199.973,0,1
ecgclass__app1,21.1907,229.739,200.144,0,1
ecgclass__app4,21.1918,229.953,202.909,0,1
ecgclass__app9,21.2236,232.900,46.081,0,0
ecgclass,21.4195,225.883,193.538,0,1
ecgclass__app7,21.4191,227.677,194.089,0,1
ecgclass__app3,21.4176,229.307,194.303,0,1
ecgclass__app5,21.4178,229.445,194.442,0,1
ecgclass__app6,21.4196,227.799,194.720,0,1
ecgclass__app8,21.4198,227.969,195.068,0,0
ecgclass__app2,21.4198,227.979,195.102,0,1
ecgclass__app1,21.4204,227.604,195.621,0,1
ecgclass__app4,21.4218,226.446,196.445,0,1
ecgclass__app9,21.4565,222.733,39.974,0,0
ecgclass__app6,21.6474,221.997,194.696,0,1
ecgclass__app4,21.6482,221.717,195.236,0,1
ecgclass__app1,21.6480,222.327,195.432,0,1
ecgclass__app3,21.6469,223.503,195.475,0,1
ecgclass__app5,21.6473,223.391,195.614,0,1
ecgclass__app8,21.6478,223.184,195.774,0,0
ecgclass,21.6454,225.755,196.245,0,1
ecgclass__app2,21.6478,223.627,196.662,0,1
ecgclass__app7,21.6468,226.172,198.564,0,1
ecgclass__app9,21.6793,223.159,39.928,0,0
ecgclass__app7,21.8730,221.312,195.635,0,1
ecgclass__app4,21.8700,224.467,195.808,0,1
ecgclass__app3,21.8704,224.279,195.871,0,1
ecgclass,21.8712,223.913,196.610,0,1
ecgclass__app8,21.8709,224.222,196.706,0,0
ecgclass__app2,21.8715,223.752,196.749,0,1
ecgclass__app5,21.8707,224.928,197.315,0,1
ecgclass__app6,21.8694,226.484,197.685,0,1
ecgclass__app1,21.8704,225.692,197.718,0,1
ecgclass__app9,21.9024,225.189,40.663,0,0
ecgclass__app5,22.0956,228.054,200.377,0,1
ecgclass,22.0951,230.056,201.315,0,1
ecgclass__app7,22.0943,230.931,201.511,0,1
ecgclass__app6,22.0959,229.646,201.637,0,1
ecgclass__app4,22.0945,231.192,201.856,0,1
ecgclass__app2,22.0952,230.785,202.092,0,1
ecgclass__app3,22.0947,231.407,202.167,0,1
ecgclass__app8,22.0952,231.204,202.245,0,0
ecgclass__app1,22.0961,230.482,202.811,0,1
ecgclass__app9,22.1276,230.001,40.176,0,0
ecgclass__app5,22.3237,220.427,191.249,0,1
ecgclass__app7,22.3253,223.620,191.516,0,1
ecgclass__app1,22.3265,222.456,195.703,0,1
ecgclass__app3,22.3261,223.196,195.769,0,1
ecgclass__app8,22.3264,223.192,195.981,0,0
ecgclass__app6,22.3255,224.102,196.055,0,1
ecgclass__app2,22.3260,223.974,196.851,0,1
ecgclass__app4,22.3257,225.898,198.735,0,1
ecgclass,22.3252,226.569,198.852,0,1
ecgclass__app9,22.3577,224.935,40.267,0,0
ecgclass__app3,22.5493,221.853,192.457,0,1
ecgclass__app6,22.5497,221.688,192.815,0,1
ecgclass__app1,22.5490,222.683,193.030,0,1
ecgclass__app5,22.5442,228.102,193.906,0,1
ecgclass__app8,22.5496,223.033,194.055,0,0
ecgclass__app7,22.5489,224.000,194.214,0,1
ecgclass__app2,22.5500,223.005,194.247,0,1
ecgclass,22.5517,222.607,196.319,0,1
ecgclass__app4,22.5516,222.865,196.414,0,1
ecgclass__app9,22.5826,221.390,40.643,0,0
ecgclass,22.7744,218.874,193.348,0,1
ecgclass__app3,22.7712,223.440,194.308,0,1
ecgclass__app2,22.7730,222.162,194.587,0,1
ecgclass__app6,22.7714,223.918,194.685,0,1
ecgclass__app7,22.7729,222.413,194.785,0,1
ecgclass__app5,22.7723,223.317,194.908,0,1
ecgclass__app4,22.7744,221.388,194.949,0,1
ecgclass__app1,22.7717,224.287,195.053,0,1
ecgclass__app8,22.7726,223.536,195.341,0,0
ecgclass__app9,22.8040,222.275,39.186,0,0
ecgclass__app1,22.9960,220.403,194.403,0,1
ecgclass__app8,22.9962,221.174,194.787,0,0
ecgclass__app2,22.9952,222.267,194.842,0,1
ecgclass__app5,22.9956,222.326,195.312,0,1
ecgclass__app6,22.9953,222.780,195.408,0,1
ecgclass,22.9933,225.304,195.886,0,1
ecgclass__app3,22.9947,223.979,195.914,0,1
ecgclass__app7,22.9953,223.388,196.011,0,1
ecgclass__app4,22.9958,224.604,198.625,0,1
ecgclass__app9,23.0263,223.920,40.575,0,0
ecgclass__app7,23.2187,221.335,194.165,0,1
ecgclass__app6,23.2181,222.991,194.601,0,1
ecgclass__app8,23.2174,223.807,194.902,0,0
ecgclass__app4,23.2204,221.080,195.577,0,1
ecgclass,23.2186,223.206,195.846,0,1
ecgclass__app1,23.2164,226.251,196.634,0,1
ecgclass__app5,23.2180,224.910,196.728,0,1
ecgclass__app3,23.2187,224.406,196.978,0,1
ecgclass__app2,23.2175,226.049,197.815,0,1
ecgclass__app9,23.2502,223.849,41.121,0,0
ecgclass,23.4418,222.687,194.871,0,1
ecgclass__app3,23.4431,222.448,195.889,0,1
ecgclass__app4,23.4415,224.309,196.363,0,1
ecgclass__app6,23.4411,224.957,196.408,0,1
ecgclass__app5,23.4429,223.951,197.024,0,1
ecgclass__app8,23.4412,225.908,197.208,0,0
ecgclass__app1,23.4427,224.496,197.366,0,1
ecgclass__app7,23.4401,227.997,198.590,0,1
ecgclass__app2,23.4435,224.752,198.655,0,1
ecgclass__app9,23.4741,224.233,40.642,0,0
ecgclass__app2,23.6683,220.337,193.829,0,1
ecgclass__app3,23.6655,223.221,194.017,0,1
ecgclass__app8,23.6671,222.022,194.203,0,0
ecgclass,23.6645,224.732,194.288,0,1
ecgclass__app4,23.6659,223.615,194.420,0,1
ecgclass__app5,23.6668,222.846,194.507,0,1
ecgclass__app6,23.6660,223.823,194.571,0,1
ecgclass__app1,23.6672,222.895,195.672,0,1
ecgclass__app7,23.6681,222.151,195.902,0,1
ecgclass__app9,23.6983,222.443,39.131,0,0
ecgclass__app3,23.8888,222.055,194.192,0,1
ecgclass__app6,23.8899,221.830,195.166,0,1
ecgclass__app1,23.8901,222.635,195.861,0,1
ecgclass,23.8892,223.597,195.893,0,1
ecgclass__app4,23.8895,223.734,196.346,0,1
ecgclass__app8,23.8891,224.157,196.377,0,0
ecgclass__app5,23.8897,223.646,196.404,0,1
ecgclass__app7,23.8903,223.602,197.511,0,1
ecgclass__app2,23.8886,226.070,198.349,0,1
ecgclass__app9,23.9208,224.261,41.497,0,0
ecgclass__app3,24.1108,225.252,194.643,0,1
ecgclass__app1,24.1127,223.518,194.972,0,1
ecgclass__app8,24.1133,223.200,195.035,0,0
ecgclass__app7,24.1139,222.974,195.395,0,1
ecgclass,24.1128,224.079,195.519,0,1
ecgclass__app4,24.1132,224.015,196.523,0,1
ecgclass__app6,24.1117,225.596,196.568,0,1
ecgclass__app5,24.1133,225.338,198.357,0,1
ecgclass__app2,24.1147,224.332,198.817,0,1
ecgclass__app9,24.1451,224.401,40.002,0,0
ecgclass__app4,24.3373,222.903,195.037,0,1
ecgclass,24.3369,223.756,195.823,0,1
ecgclass__app2,24.3391,222.461,196.222,0,1
ecgclass__app8,24.3365,226.310,197.563,0,0
ecgclass__app7,24.3368,226.058,197.636,0,1
ecgclass__app1,24.3363,227.044,197.720,0,1
ecgclass__app5,24.3387,224.681,197.766,0,1
ecgclass__app6,24.3373,226.238,197.841,0,1
ecgclass__app3,24.3361,227.566,198.015,0,1
ecgclass__app9,24.3695,224.781,40.563,0,0
ecgclass__app4,24.5602,224.858,195.400,0,1
ecgclass,24.5607,224.907,195.720,0,1
ecgclass__app1,24.5633,223.560,196.912,0,1
ecgclass__app3,24.5637,223.258,196.955,0,1
ecgclass__app8,24.5628,224.463,197.069,0,0
ecgclass__app2,24.5615,225.972,197.134,0,1
ecgclass__app6,24.5636,224.010,197.297,0,1
ecgclass__app7,24.5629,224.944,198.078,0,1
ecgclass__app5,24.5634,224.539,198.171,0,1
ecgclass__app9,24.5943,224.312,39.572,0,0
ecgclass__app2,24.7875,221.866,195.179,0,1
ecgclass__app5,24.7879,222.078,195.637,0,1
ecgclass__app1,24.7869,223.414,195.777,0,1
ecgclass__app7,24.7879,222.632,195.880,0,1
ecgclass,24.7856,225.329,196.501,0,1
ecgclass__app6,24.7876,223.592,196.591,0,1
ecgclass__app4,24.7851,226.484,196.975,0,1
ecgclass__app3,24.7870,224.799,197.387,0,1
ecgclass__app8,24.7873,225.425,198.739,0,0
ecgclass__app9,24.8186,224.547,40.357,0,0
ecgclass__app7,25.0105,222.546,193.765,0,1
ecgclass__app2,25.0094,223.819,193.873,0,1
ecgclass__app6,25.0112,222.274,194.204,0,1
ecgclass__app3,25.0118,222.100,194.938,0,1
ecgclass__app1,25.0103,223.880,195.054,0,1
ecgclass__app5,25.0100,224.252,195.142,0,1
ecgclass__app4,25.0115,222.931,195.209,0,1
ecgclass__app8,25.0127,221.895,195.395,0,0
ecgclass,25.0109,223.865,195.445,0,1
ecgclass__app9,25.0432,222.877,40.479,0,0
ecgclass__app5,25.2343,224.210,196.675,0,1
ecgclass__app2,25.2332,225.722,197.261,0,1
ecgclass__app3,25.2339,225.362,197.397,0,1
ecgclass__app8,25.2346,224.792,197.460,0,0
ecgclass__app4,25.2345,225.441,198.070,0,1
ecgclass__app6,25.2335,226.726,198.464,0,1
ecgclass,25.2348,225.594,198.560,0,1
ecgclass__app7,25.2331,228.793,200.311,0,1
ecgclass__app1,25.2342,227.727,200.408,0,1
ecgclass__app9,25.2661,225.875,40.373,0,0
ecgclass__app2,25.4590,222.339,193.676,0,1
ecgclass__app6,25.4602,221.732,194.206,0,1
ecgclass__app4,25.4599,222.092,194.301,0,1
ecgclass__app1,25.4619,220.444,194.732,0,1
ecgclass__app7,25.4619,220.601,194.766,0,1
ecgclass__app5,25.4585,224.842,195.581,0,1
ecgclass__app8,25.4595,224.127,195.671,0,0
ecgclass__app3,25.4593,224.392,195.747,0,1
ecgclass,25.4604,224.499,197.553,0,1
ecgclass__app9,25.4920,224.007,42.342,0,0
ecgclass__app2,25.6813,225.548,195.109,0,1
ecgclass__app7,25.6825,224.530,195.356,0,1
ecgclass__app8,25.6836,224.106,196.116,0,0
ecgclass,25.6849,223.027,196.142,0,1
ecgclass__app3,25.6837,224.370,196.260,0,1
ecgclass__app6,25.6820,227.259,197.389,0,1
ecgclass__app1,25.6824,226.908,197.468,0,1
ecgclass__app5,25.6834,226.205,197.621,0,1
ecgclass__app4,25.6820,228.433,199.096,0,1
ecgclass__app9,25.7160,223.842,40.303,0,0
ecgclass__app8,25.9077,220.357,192.349,0,0
ecgclass__app7,25.9070,221.478,192.837,0,1
ecgclass__app5,25.9096,220.109,193.335,0,1
ecgclass__app2,25.9069,223.293,193.527,0,1
ecgclass,25.9080,222.566,193.716,0,1
ecgclass__app3,25.9080,222.573,194.169,0,1
ecgclass__app1,25.9093,221.499,194.515,0,1
ecgclass__app4,25.9105,220.523,194.646,0,1
ecgclass__app6,25.9092,222.526,196.154,0,1
ecgclass__app9,25.9398,221.750,38.915,0,0
ecgclass__app6,26.1318,218.404,192.686,0,1
ecgclass__app3,26.1306,220.726,193.149,0,1
ecgclass__app5,26.1297,222.442,194.305,0,1
ecgclass__app4,26.1310,221.476,194.575,0,1
ecgclass__app7,26.1285,224.054,194.700,0,1
ecgclass__app2,26.1302,222.733,194.734,0,1
ecgclass,26.1305,222.447,194.892,0,1
ecgclass__app8,26.1281,224.955,195.167,0,0
ecgclass__app1,26.1308,223.169,196.657,0,1
ecgclass__app9,26.1616,222.935,41.072,0,0
ecgclass__app6,26.3502,225.469,195.443,0,1
ecgclass__app2,26.3529,223.611,195.723,0,1
ecgclass__app1,26.3540,222.659,195.913,0,1
ecgclass__app4,26.3525,224.524,196.106,0,1
ecgclass__app3,26.3514,225.944,196.185,0,1
ecgclass__app8,26.3530,224.332,196.416,0,0
ecgclass__app7,26.3526,225.087,197.390,0,1
ecgclass__app5,26.3521,225.755,197.637,0,1
ecgclass,26.3530,225.455,198.338,0,1
ecgclass__app9,26.3846,224.499,39.058,0,0
ecgclass__app1,26.5767,222.780,194.654,0,1
ecgclass__app8,26.5774,222.858,195.440,0,0
ecgclass__app5,26.5779,222.478,195.659,0,1
ecgclass__app7,26.5777,223.394,196.116,0,1
ecgclass__app6,26.5757,225.644,196.320,0,1
ecgclass,26.5785,223.841,197.495,0,1
ecgclass__app3,26.5773,225.186,197.641,0,1
ecgclass__app2,26.5766,226.617,198.646,0,1
ecgclass__app4,26.5770,226.366,198.768,0,1
ecgclass__app9,26.6091,224.764,41.049,0,0
ecgclass__app7,26.8011,223.480,195.028,0,1
ecgclass,26.8023,223.173,195.883,0,1
ecgclass__app4,26.8034,222.215,195.914,0,1
ecgclass__app3,26.8025,223.398,195.962,0,1
ecgclass__app5,26.8004,225.837,196.979,0,1
ecgclass__app6,26.8013,225.531,197.390,0,1
ecgclass__app2,26.8032,223.760,197.524,0,1
ecgclass__app1,26.7995,228.696,198.902,0,1
ecgclass__app8,26.8003,228.106,199.059,0,0
ecgclass__app9,26.8338,225.424,41.397,0,0
ecgclass__app1,27.0282,220.850,194.392,0,1
ecgclass__app3,27.0259,224.025,195.323,0,1
ecgclass__app5,27.0262,224.799,196.383,0,1
ecgclass,27.0255,226.112,196.842,0,1
ecgclass__app6,27.0269,224.979,197.047,0,1
ecgclass__app7,27.0246,227.803,197.834,0,1
ecgclass__app4,27.0256,227.536,198.743,0,1
ecgclass__app8,27.0284,225.350,199.256,0,0
ecgclass__app2,27.0270,226.944,199.351,0,1
ecgclass__app9,27.0593,224.946,41.306,0,0
ecgclass__app2,27.2539,219.606,193.650,0,1
ecgclass__app8,27.2537,221.126,194.295,0,0
ecgclass__app5,27.2510,223.929,194.433,0,1
ecgclass__app6,27.2519,223.472,194.581,0,1
ecgclass,27.2516,223.820,194.919,0,1
ecgclass__app7,27.2524,223.378,195.609,0,1
ecgclass__app1,27.2490,227.109,196.083,0,1
ecgclass__app4,27.2532,223.184,196.464,0,1
ecgclass__app3,27.2500,226.642,196.764,0,1
ecgclass__app9,27.2842,225.785,43.042,0,0
ecgclass__app6,27.4754,225.388,195.429,0,1
ecgclass__app4,27.4764,224.882,195.910,0,1
ecgclass__app2,27.4735,229.196,196.801,0,1
ecgclass__app3,27.4766,226.232,196.888,0,1
ecgclass,27.4755,227.742,197.464,0,1
ecgclass__app5,27.4750,228.284,197.519,0,1
ecgclass__app8,27.4749,228.431,197.608,0,0
ecgclass__app1,27.4762,227.701,198.348,0,1
ecgclass__app7,27.4758,228.371,198.840,0,1
ecgclass__app9,27.5101,225.154,41.394,0,0
ecgclass__app3,27.7029,223.741,196.049,0,1
ecgclass__app4,27.7013,226.762,196.500,0,1
ecgclass__app8,27.7033,224.885,196.595,0,0
ecgclass__app1,27.7039,224.694,196.678,0,1
ecgclass__app7,27.7042,224.717,197.037,0,1
ecgclass__app5,27.7033,225.926,197.105,0,1
ecgclass__app6,27.7008,228.686,197.196,0,1
ecgclass__app2,27.7027,226.802,197.283,0,1
ecgclass,27.7032,226.590,197.474,0,1
ecgclass__app9,27.7352,225.487,40.944,0,0
ecgclass__app3,27.9266,225.034,194.862,0,1
ecgclass__app5,27.9292,222.553,194.903,0,1
ecgclass__app8,27.9282,223.824,195.141,0,0
ecgclass__app1,27.9286,223.701,195.268,0,1
ecgclass,27.9298,222.543,195.295,0,1
ecgclass__app4,27.9281,224.656,196.214,0,1
ecgclass__app6,27.9295,223.318,196.242,0,1
ecgclass__app2,27.9295,223.279,196.437,0,1
ecgclass__app7,27.9289,224.608,197.406,0,1
ecgclass__app9,27.9607,223.494,40.778,0,0
ecgclass__app2,28.1528,221.162,194.281,0,1
ecgclass__app6,28.1528,221.700,194.773,0,1
ecgclass__app7,28.1535,222.462,196.421,0,1
ecgclass,28.1524,224.128,196.807,0,1
ecgclass__app5,28.1518,224.941,196.861,0,1
ecgclass__app3,28.1517,225.679,197.404,0,1
ecgclass__app8,28.1521,225.383,197.552,0,0
ecgclass__app4,28.1527,225.090,197.729,0,1
ecgclass__app1,28.1523,226.697,199.505,0,1
ecgclass__app9,28.1842,224.760,41.389,0,0
ecgclass,28.3765,222.831,194.719,0,1
ecgclass__app8,28.3774,222.279,195.066,0,0
ecgclass__app2,28.3740,226.466,195.770,0,1
ecgclass__app6,28.3745,226.258,196.041,0,1
ecgclass__app5,28.3767,224.888,196.563,0,1
ecgclass__app4,28.3778,224.000,196.696,0,1
ecgclass__app1,28.3790,223.097,197.048,0,1
ecgclass__app7,28.3760,226.312,197.072,0,1
ecgclass__app3,28.3774,225.019,197.208,0,1
ecgclass__app9,28.4090,223.595,40.174,0,0
ecgclass__app4,28.6018,220.625,194.071,0,1
ecgclass__app8,28.5997,223.778,194.682,0,0
ecgclass__app2,28.6005,223.460,194.972,0,1
ecgclass__app6,28.6008,223.264,195.176,0,1
ecgclass__app3,28.6024,221.910,195.256,0,1
ecgclass__app5,28.6016,222.888,195.350,0,1
ecgclass__app7,28.6023,222.476,195.550,0,1
ecgclass,28.5994,225.618,196.042,0,1
ecgclass__app1,28.6021,222.952,196.078,0,1
ecgclass__app9,28.6326,223.726,40.547,0,0
ecgclass__app7,28.8248,221.226,194.289,0,1
ecgclass__app5,28.8245,222.343,194.733,0,1
ecgclass__app3,28.8243,222.675,194.877,0,1
ecgclass__app4,28.8225,224.781,195.076,0,1
ecgclass__app2,28.8240,223.562,195.279,0,1
ecgclass__app8,28.8235,224.230,196.182,0,0
ecgclass__app6,28.8240,224.369,196.753,0,1
ecgclass,28.8250,223.642,196.883,0,1
ecgclass__app1,28.8251,223.812,197.051,0,1
ecgclass__app9,28.8564,223.775,40.420,0,0
ecgclass__app3,29.0470,224.145,195.461,0,1
ecgclass__app4,29.0473,224.553,195.985,0,1
ecgclass__app7,29.0460,226.078,196.468,0,1
ecgclass__app2,29.0475,225.624,197.310,0,1
ecgclass__app1,29.0489,224.365,197.393,0,1
ecgclass,29.0486,224.903,197.442,0,1
ecgclass__app8,29.0478,225.963,197.632,0,0
ecgclass__app5,29.0469,226.908,197.657,0,1
ecgclass__app6,29.0484,225.414,197.767,0,1
ecgclass__app9,29.0802,225.054,41.166,0,0
ecgclass__app4,29.2718,224.213,195.517,0,1
ecgclass__app2,29.2732,223.058,195.716,0,1
ecgclass__app3,29.2711,225.761,196.439,0,1
ecgclass__app6,29.2738,223.426,196.771,0,1
ecgclass__app5,29.2738,223.685,196.844,0,1
ecgclass__app7,29.2721,225.773,197.625,0,1
ecgclass,29.2736,224.625,197.732,0,1
ecgclass__app8,29.2737,225.254,198.800,0,0
ecgclass__app1,29.2732,226.607,199.874,0,1
ecgclass__app9,29.3052,225.576,41.851,0,0
ecgclass__app6,29.4973,223.809,194.714,0,1
ecgclass__app5,29.4975,223.732,194.877,0,1
ecgclass__app3,29.4969,224.660,195.462,0,1
ecgclass__app1,29.4999,222.129,195.731,0,1
ecgclass__app8,29.4990,223.266,195.804,0,0
ecgclass__app4,29.4961,226.272,195.930,0,1
ecgclass__app2,29.4962,226.653,196.732,0,1
ecgclass,29.4982,225.387,197.506,0,1
ecgclass__app7,29.4979,225.843,197.604,0,1
ecgclass__app9,29.5308,225.082,42.281,0,0
ecgclass__app1,29.7220,230.490,200.904,0,1
ecgclass__app7,29.7238,228.858,201.114,0,1
ecgclass,29.7236,229.412,201.644,0,1
ecgclass__app3,29.7216,232.221,202.219,0,1
ecgclass__app6,29.7211,232.933,202.358,0,1
ecgclass__app4,29.7223,231.901,202.562,0,1
ecgclass__app5,29.7212,233.210,202.764,0,1
ecgclass__app8,29.7223,232.738,203.837,0,0
ecgclass__app2,29.7229,232.866,204.699,0,1
ecgclass__app9,29.7559,230.647,41.866,0,0
ecgclass__app1,29.9525,225.399,196.032,0,1
ecgclass__app7,29.9526,225.862,196.388,0,1
ecgclass__app5,29.9545,224.269,196.419,0,1
ecgclass,29.9530,225.945,196.710,0,1
ecgclass__app3,29.9538,225.915,197.627,0,1
ecgclass__app4,29.9543,225.774,198.051,0,1
ecgclass__app8,29.9550,225.749,198.905,0,0
ecgclass__app2,29.9558,225.381,199.191,0,1
ecgclass__app6,29.9540,227.388,199.454,0,1
ecgclass__app9,29.9866,225.668,41.360,0,0
ecgclass__app8,30.1808,221.947,195.214,0,0
ecgclass__app4,30.1800,224.100,195.826,0,1
ecgclass__app2,30.1812,223.333,196.000,0,1
ecgclass,30.1790,225.610,196.056,0,1
ecgclass__app7,30.1785,226.246,196.345,0,1
ecgclass__app1,30.1779,226.907,196.432,0,1
ecgclass__app6,30.1814,223.745,196.559,0,1
ecgclass__app5,30.1787,226.516,196.589,0,1
ecgclass__app3,30.1798,225.674,197.253,0,1
ecgclass__app9,30.2123,224.250,40.155,0,0
ecgclass__app7,30.4048,222.678,195.612,0,1
ecgclass__app3,30.4054,222.391,195.932,0,1
ecgclass__app2,30.4045,223.931,196.545,0,1
ecgclass__app8,30.4028,225.774,196.651,0,0
ecgclass__app5,30.4053,224.003,197.217,0,1
ecgclass__app6,30.4052,224.142,197.322,0,1
ecgclass__app4,30.4042,225.972,198.307,0,1
ecgclass,30.4046,225.766,198.342,0,1
ecgclass__app1,30.4048,225.668,198.374,0,1
ecgclass__app9,30.4366,225.197,39.986,0,0
ecgclass__app4,30.6301,222.520,194.574,0,1
ecgclass__app7,30.6275,225.584,194.725,0,1
ecgclass__app6,30.6293,223.831,194.813,0,1
ecgclass__app2,30.6285,224.773,194.946,0,1
ecgclass__app5,30.6293,224.003,195.075,0,1
ecgclass,30.6304,223.354,195.094,0,1
ecgclass__app8,30.6286,225.240,195.203,0,0
ecgclass__app3,30.6278,226.019,195.299,0,1
ecgclass__app1,30.6305,223.699,196.861,0,1
ecgclass__app9,30.6618,223.661,41.255,0,0
ecgclass__app1,30.8542,225.991,199.452,0,1
ecgclass__app4,30.8527,228.662,200.016,0,1
ecgclass,30.8537,228.048,200.389,0,1
ecgclass__app7,30.8531,228.779,200.437,0,1
ecgclass__app6,30.8532,228.703,200.472,0,1
ecgclass__app8,30.8538,228.327,200.515,0,0
ecgclass__app3,30.8539,228.458,200.768,0,1
ecgclass__app2,30.8532,229.497,202.154,0,1
ecgclass__app5,30.8533,230.576,203.303,0,1
ecgclass__app9,30.8854,229.010,40.767,0,0
ecgclass__app8,31.0821,221.711,194.074,0,0
ecgclass__app4,31.0814,222.984,194.392,0,1
ecgclass__app7,31.0818,222.743,194.650,0,1
ecgclass__app5,31.0839,221.290,195.258,0,1
ecgclass__app1,31.0802,225.123,195.374,0,1
ecgclass,31.0818,224.036,196.038,0,1
ecgclass__app3,31.0823,224.401,196.954,0,1
ecgclass__app2,31.0827,224.073,196.982,0,1
ecgclass__app6,31.0819,225.255,197.043,0,1
ecgclass__app9,31.1145,223.531,40.929,0,0
ecgclass__app7,31.3046,222.777,194.103,0,1
ecgclass__app4,31.3044,224.295,194.753,0,1
ecgclass__app1,31.3054,223.383,195.083,0,1
ecgclass__app8,31.3039,225.576,195.981,0,0
ecgclass__app5,31.3052,224.764,196.600,0,1
ecgclass__app2,31.3068,223.411,196.636,0,1
ecgclass,31.3058,224.488,196.749,0,1
ecgclass__app6,31.3072,224.045,197.953,0,1
ecgclass__app3,31.3067,224.657,197.985,0,1
ecgclass__app9,31.3380,224.036,40.845,0,0
ecgclass__app4,31.5287,223.891,194.966,0,1
ecgclass__app1,31.5288,224.712,195.343,0,1
ecgclass__app6,31.5312,222.612,195.618,0,1
ecgclass,31.5303,223.590,195.985,0,1
ecgclass__app7,31.5274,226.922,196.242,0,1
ecgclass__app2,31.5302,224.163,196.349,0,1
ecgclass__app8,31.5295,224.992,196.413,0,0
ecgclass__app5,31.5299,225.070,197.351,0,1
ecgclass__app3,31.5314,224.106,198.034,0,1
ecgclass__app9,31.5621,224.442,41.694,0,0
ecgclass__app1,31.7535,222.547,193.128,0,1
ecgclass__app6,31.7538,222.367,193.365,0,1
ecgclass__app8,31.7545,221.901,193.752,0,0
ecgclass,31.7539,222.516,193.967,0,1
ecgclass__app3,31.7555,221.331,194.538,0,1
ecgclass__app5,31.7550,221.915,194.575,0,1
ecgclass__app7,31.7543,222.648,194.728,0,1
ecgclass__app4,31.7526,224.716,195.332,0,1
ecgclass__app2,31.7544,223.103,195.431,0,1
ecgclass__app9,31.7865,223.761,42.429,0,0
ecgclass__app5,31.9769,226.972,198.236,0,1
ecgclass__app8,31.9764,228.509,198.998,0,0
ecgclass__app7,31.9770,228.328,199.174,0,1
ecgclass__app6,31.9762,229.400,199.704,0,1
ecgclass__app3,31.9769,228.804,199.758,0,1
ecgclass__app4,31.9773,229.121,200.668,0,1
ecgclass__app1,31.9761,230.530,200.801,0,1
ecgclass,31.9764,230.899,201.790,0,1
ecgclass__app2,31.9775,230.181,202.203,0,1
ecgclass__app9,32.0103,227.996,41.241,0,0
ecgclass__app6,32.2056,220.960,192.407,0,1
ecgclass__app8,32.2049,223.355,193.463,0,0
ecgclass__app1,32.2066,221.994,194.121,0,1
ecgclass__app4,32.2064,222.231,194.484,0,1
ecgclass__app3,32.2057,223.895,195.211,0,1
ecgclass,32.2074,222.300,195.322,0,1
ecgclass__app5,32.2039,225.998,195.673,0,1
ecgclass__app7,32.2053,224.824,196.014,0,1
ecgclass__app2,32.2077,223.006,197.105,0,1
ecgclass__app9,32.2383,222.869,40.809,0,0
ecgclass__app3,32.4296,222.533,195.198,0,1
ecgclass__app8,32.4283,224.554,195.722,0,0
ecgclass__app4,32.4287,224.256,196.072,0,1
ecgclass__app1,32.4286,224.593,196.148,0,1
ecgclass,32.4297,224.067,196.547,0,1
ecgclass__app2,32.4307,223.170,196.952,0,1
ecgclass__app7,32.4302,224.027,197.135,0,1
ecgclass__app6,32.4266,227.651,197.162,0,1
ecgclass__app5,32.4299,224.526,197.186,0,1
ecgclass__app9,32.4612,224.509,41.578,0,0
ecgclass__app3,32.6521,224.408,195.284,0,1
ecgclass__app2,32.6539,223.619,196.018,0,1
ecgclass,32.6537,224.207,196.130,0,1
ecgclass__app8,32.6528,225.369,196.225,0,0
ecgclass__app4,32.6529,225.580,196.715,0,1
ecgclass__app7,32.6542,224.385,196.803,0,1
ecgclass__app5,32.6545,224.326,196.844,0,1
ecgclass__app1,32.6532,225.984,197.970,0,1
ecgclass__app6,32.6543,225.136,198.005,0,1
ecgclass__app9,32.6857,224.624,40.300,0,0
ecgclass__app6,32.8794,221.795,195.244,0,1
ecgclass__app7,32.8786,224.019,196.135,0,1
ecgclass,32.8780,224.971,196.311,0,1
ecgclass__app2,32.8775,225.462,196.407,0,1
ecgclass__app4,32.8785,224.740,196.463,0,1
ecgclass__app1,32.8792,224.267,196.629,0,1
ecgclass__app5,32.8788,224.800,196.831,0,1
ecgclass__app8,32.8782,225.481,196.942,0,0
ecgclass__app3,32.8766,227.400,198.097,0,1
ecgclass__app9,32.9104,223.427,38.759,0,0
ecgclass__app7,33.1026,219.695,192.603,0,1
ecgclass,33.1029,220.698,193.779,0,1
ecgclass__app4,33.1033,220.470,193.871,0,1
ecgclass__app1,33.1035,220.519,194.054,0,1
ecgclass__app6,33.1012,223.298,194.940,0,1
ecgclass__app5,33.1036,221.070,195.056,0,1
ecgclass__app2,33.1030,223.378,196.712,0,1
ecgclass__app3,33.1040,222.481,196.817,0,1
ecgclass__app8,33.1037,222.966,196.895,0,0
ecgclass__app9,33.1338,222.370,40.396,0,0
ecgclass__app4,33.3237,222.816,194.469,0,1
ecgclass__app6,33.3245,222.748,195.026,0,1
ecgclass__app2,33.3264,221.093,195.101,0,1
ecgclass__app1,33.3240,223.563,195.176,0,1
ecgclass__app7,33.3223,225.724,196.107,0,1
ecgclass__app3,33.3265,222.322,196.643,0,1
ecgclass__app5,33.3247,224.474,196.988,0,1
ecgclass,33.3237,225.718,197.109,0,1
ecgclass__app8,33.3267,222.998,197.789,0,0
ecgclass__app9,33.3562,224.286,40.585,0,0
ecgclass__app8,33.5497,221.723,195.473,0,0
ecgclass__app7,33.5481,223.935,196.145,0,1
ecgclass__app2,33.5475,224.832,196.328,0,1
ecgclass__app6,33.5473,225.461,196.552,0,1
ecgclass__app1,33.5476,226.217,197.857,0,1
ecgclass__app5,33.5492,225.120,198.339,0,1
ecgclass__app3,33.5488,225.714,198.367,0,1
ecgclass,33.5494,225.371,198.849,0,1
ecgclass__app4,33.5466,228.410,199.026,0,1
ecgclass__app9,33.5805,224.849,41.236,0,0
ecgclass__app1,33.7738,222.003,194.922,0,1
ecgclass__app3,33.7745,221.794,195.253,0,1
ecgclass,33.7748,221.791,195.373,0,1
ecgclass__app6,33.7727,224.084,195.568,0,1
ecgclass__app2,33.7723,224.746,195.974,0,1
ecgclass__app7,33.7720,225.153,196.004,0,1
ecgclass__app8,33.7714,226.271,196.645,0,0
ecgclass__app4,33.7750,222.890,196.759,0,1
ecgclass__app5,33.7743,224.063,197.528,0,1
ecgclass__app9,33.8054,222.864,39.728,0,0
ecgclass__app7,33.9972,222.110,194.868,0,1
ecgclass__app3,33.9963,223.288,194.982,0,1
ecgclass,33.9966,223.430,195.039,0,1
ecgclass__app2,33.9971,222.971,195.151,0,1
ecgclass__app5,33.9984,221.740,195.174,0,1
ecgclass__app8,33.9977,222.671,195.251,0,0
ecgclass__app6,33.9968,223.839,196.139,0,1
ecgclass__app1,33.9958,224.911,196.567,0,1
ecgclass__app4,33.9979,223.035,196.595,0,1
ecgclass__app9,34.0282,224.563,41.123,0,0
ecgclass__app5,34.2201,226.016,197.807,0,1
ecgclass__app6,34.2207,226.189,198.420,0,1
ecgclass__app7,34.2193,227.700,198.503,0,1
ecgclass__app8,34.2204,227.157,198.910,0,0
ecgclass__app1,34.2207,226.881,199.253,0,1
ecgclass__app4,34.2209,227.287,199.695,0,1
ecgclass,34.2200,228.475,199.782,0,1
ecgclass__app3,34.2196,229.125,200.019,0,1
ecgclass__app2,34.2201,229.330,201.065,0,1
ecgclass__app9,34.2528,228.994,41.876,0,0
ecgclass__app6,34.4469,232.009,201.735,0,1
ecgclass__app1,34.4476,232.564,202.090,0,1
ecgclass__app2,34.4494,230.871,202.742,0,1
ecgclass,34.4485,232.146,202.837,0,1
ecgclass__app3,34.4488,232.150,202.891,0,1
ecgclass__app5,34.4462,234.849,203.132,0,1
ecgclass__app7,34.4470,234.075,203.169,0,1
ecgclass__app8,34.4476,233.983,204.019,0,0
ecgclass__app4,34.4482,233.596,204.483,0,1
ecgclass__app9,34.4818,231.086,41.225,0,0
ecgclass__app5,34.6810,223.159,195.630,0,1
ecgclass__app1,34.6802,225.492,196.216,0,1
ecgclass,34.6806,225.174,196.449,0,1
ecgclass__app3,34.6809,225.280,196.808,0,1
ecgclass__app4,34.6819,224.606,196.837,0,1
ecgclass__app8,34.6815,224.983,196.974,0,0
ecgclass__app2,34.6803,226.281,196.998,0,1
ecgclass__app6,34.6789,227.699,197.127,0,1
ecgclass__app7,34.6811,225.551,197.157,0,1
ecgclass__app9,34.7129,224.768,39.681,0,0
ecgclass__app7,34.9067,221.060,194.280,0,1
ecgclass__app6,34.9066,221.538,194.820,0,1
ecgclass__app8,34.9065,221.858,194.851,0,0
ecgclass,34.9058,223.627,195.718,0,1
ecgclass__app2,34.9066,222.959,195.811,0,1
ecgclass__app3,34.9062,223.534,195.917,0,1
ecgclass__app4,34.9065,223.520,196.233,0,1
ecgclass__app5,34.9042,226.347,197.431,0,1
ecgclass__app1,34.9057,225.212,197.836,0,1
ecgclass__app9,34.9377,223.637,40.962,0,0
ecgclass__app1,35.1309,218.510,192.670,0,1
ecgclass__app6,35.1282,221.837,193.129,0,1
ecgclass__app4,35.1300,220.594,193.683,0,1
ecgclass,35.1295,221.366,194.008,0,1
ecgclass__app8,35.1284,223.876,195.236,0,0
ecgclass__app7,35.1277,224.736,195.321,0,1
ecgclass__app3,35.1298,222.987,195.585,0,1
ecgclass__app2,35.1295,223.292,195.643,0,1
ecgclass__app5,35.1306,223.038,197.003,0,1
ecgclass__app9,35.1614,222.259,40.602,0,0
ecgclass__app2,35.3528,226.744,199.904,0,1
ecgclass__app7,35.3525,227.243,200.111,0,1
ecgclass__app3,35.3528,227.208,200.146,0,1
ecgclass,35.3508,229.498,201.002,0,1
ecgclass__app5,35.3536,227.017,201.175,0,1
ecgclass__app4,35.3506,230.251,201.235,0,1
ecgclass__app6,35.3500,231.062,201.709,0,1
ecgclass__app8,35.3523,229.234,202.290,0,0
ecgclass__app1,35.3495,232.227,202.362,0,1
ecgclass__app9,35.3836,228.903,39.826,0,0
ecgclass__app3,35.5800,223.184,194.504,0,1
ecgclass__app4,35.5809,222.439,194.758,0,1
ecgclass,35.5804,223.278,194.812,0,1
ecgclass__app2,35.5796,224.124,194.881,0,1
ecgclass__app6,35.5811,222.840,194.914,0,1
ecgclass__app5,35.5806,223.568,195.984,0,1
ecgclass__app7,35.5797,224.927,196.716,0,1
ecgclass__app8,35.5815,223.676,197.250,0,0
ecgclass__app1,35.5817,223.784,197.520,0,1
ecgclass__app9,35.6126,223.535,40.756,0,0
ecgclass__app3,35.8032,221.951,193.539,0,1
ecgclass__app4,35.8033,222.207,193.981,0,1
ecgclass__app1,35.8055,220.880,194.482,0,1
ecgclass__app8,35.8052,221.234,194.534,0,0
ecgclass__app6,35.8039,222.843,194.600,0,1
ecgclass__app2,35.8037,223.252,194.678,0,1
ecgclass,35.8036,223.602,195.393,0,1
ecgclass__app5,35.8042,223.110,195.436,0,1
ecgclass__app7,35.8047,223.848,197.143,0,1
ecgclass__app9,35.8361,222.736,40.088,0,0
ecgclass__app4,36.0255,224.021,194.895,0,1
ecgclass__app2,36.0270,222.689,194.974,0,1
ecgclass,36.0273,222.677,195.075,0,1
ecgclass__app1,36.0264,223.892,195.670,0,1
ecgclass__app6,36.0268,223.536,195.746,0,1
ecgclass__app8,36.0265,224.227,196.380,0,0
ecgclass__app5,36.0273,225.041,198.034,0,1
ecgclass__app3,36.0252,227.431,198.110,0,1
ecgclass__app7,36.0285,224.140,198.170,0,1
ecgclass__app9,36.0589,224.124,40.275,0,0
ecgclass,36.2500,217.974,189.212,0,1
ecgclass__app5,36.2524,221.167,194.232,0,1
ecgclass__app8,36.2507,223.120,194.312,0,0
ecgclass__app4,36.2496,224.496,194.387,0,1
ecgclass__app2,36.2497,224.637,194.485,0,1
ecgclass__app1,36.2503,224.141,194.748,0,1
ecgclass__app3,36.2526,222.185,195.559,0,1
ecgclass__app7,36.2527,222.415,195.878,0,1
ecgclass__app6,36.2503,225.009,195.975,0,1
ecgclass__app9,36.2830,224.441,39.779,0,0
ecgclass__app6,36.4754,223.155,195.301,0,1
ecgclass__app8,36.4738,225.379,196.152,0,0
ecgclass__app2,36.4743,224.969,196.376,0,1
ecgclass__app3,36.4748,225.343,197.206,0,1
ecgclass__app4,36.4741,226.277,197.370,0,1
ecgclass__app5,36.4736,227.164,197.911,0,1
ecgclass,36.4679,233.522,198.595,0,1
ecgclass__app7,36.4751,226.557,198.684,0,1
ecgclass__app1,36.4744,227.583,199.290,0,1
ecgclass__app9,36.5075,224.681,40.483,0,0
ecgclass__app7,36.7017,219.718,193.504,0,1
ecgclass__app6,36.6985,223.357,194.334,0,1
ecgclass,36.7015,221.759,194.590,0,1
ecgclass__app2,36.6993,224.002,194.858,0,1
ecgclass__app8,36.6992,224.425,194.884,0,0
ecgclass__app3,36.7002,223.578,195.014,0,1
ecgclass__app5,36.7007,223.297,195.454,0,1
ecgclass__app1,36.7020,222.076,195.547,0,1
ecgclass__app4,36.7004,223.793,195.638,0,1
ecgclass__app9,36.7322,222.769,39.816,0,0
ecgclass__app3,36.9237,221.912,195.165,0,1
ecgclass__app4,36.9242,221.906,195.507,0,1
ecgclass__app2,36.9233,223.710,196.089,0,1
ecgclass,36.9233,224.070,196.256,0,1
ecgclass__app1,36.9241,223.477,196.407,0,1
ecgclass__app7,36.9214,226.264,196.559,0,1
ecgclass__app8,36.9237,224.039,196.594,0,0
ecgclass__app5,36.9240,223.933,196.785,0,1
ecgclass__app6,36.9219,226.622,198.114,0,1
ecgclass__app9,36.9550,224.214,40.147,0,0
ecgclass,37.1473,219.752,192.320,0,1
ecgclass__app7,37.1477,220.224,192.861,0,1
ecgclass__app5,37.1480,220.306,193.229,0,1
ecgclass__app4,37.1461,223.336,194.688,0,1
ecgclass__app3,37.1457,224.107,194.910,0,1
ecgclass__app2,37.1471,222.965,195.275,0,1
ecgclass__app6,37.1485,221.717,195.454,0,1
ecgclass__app1,37.1476,223.375,196.312,0,1
ecgclass__app8,37.1477,223.340,196.386,0,0
ecgclass__app9,37.1792,222.454,40.289,0,0
ecgclass__app2,37.3700,221.621,194.526,0,1
ecgclass__app3,37.3698,222.939,195.096,0,1
ecgclass__app7,37.3679,225.099,195.136,0,1
ecgclass__app1,37.3710,222.310,195.270,0,1
ecgclass,37.3671,226.268,195.419,0,1
ecgclass__app5,37.3683,225.370,195.691,0,1
ecgclass__app6,37.3703,223.476,195.765,0,1
ecgclass__app8,37.3711,222.877,196.361,0,0
ecgclass__app4,37.3694,224.754,197.167,0,1
ecgclass__app9,37.4017,223.848,39.281,0,0
ecgclass__app4,37.5942,219.564,192.941,0,1
ecgclass__app5,37.5937,221.267,193.683,0,1
ecgclass,37.5934,222.020,194.282,0,1
ecgclass__app6,37.5937,222.086,194.558,0,1
ecgclass__app3,37.5927,223.173,194.588,0,1
ecgclass__app2,37.5917,224.288,194.675,0,1
ecgclass__app7,37.5930,223.282,195.074,0,1
ecgclass__app1,37.5933,223.428,195.913,0,1
ecgclass__app8,37.5939,224.309,197.542,0,0
ecgclass__app9,37.6255,222.571,41.001,0,0
ecgclass__app3,37.8159,221.067,193.369,0,1
ecgclass__app8,37.8183,219.804,193.672,0,0
ecgclass__app7,37.8163,221.888,194.114,0,1
ecgclass__app6,37.8158,222.713,194.530,0,1
ecgclass__app4,37.8138,224.862,194.617,0,1
ecgclass__app5,37.8150,224.958,196.271,0,1
ecgclass__app1,37.8167,223.255,196.351,0,1
ecgclass,37.8154,224.913,196.382,0,1
ecgclass__app2,37.8160,225.090,197.710,0,1
ecgclass__app9,37.8481,222.879,40.513,0,0
ecgclass__app8,38.0381,222.067,193.488,0,0
ecgclass__app6,38.0386,222.035,193.922,0,1
ecgclass__app4,38.0386,222.199,194.027,0,1
ecgclass__app2,38.0411,219.865,194.050,0,1
ecgclass__app5,38.0399,221.778,195.209,0,1
ecgclass,38.0403,222.663,196.106,0,1
ecgclass__app3,38.0370,226.261,196.484,0,1
ecgclass__app7,38.0382,225.128,196.567,0,1
ecgclass__app1,38.0400,223.690,197.163,0,1
ecgclass__app9,38.0710,223.148,41.281,0,0
ecgclass__app3,38.2633,220.309,193.799,0,1
ecgclass__app6,38.2606,223.861,194.533,0,1
ecgclass__app5,38.2617,223.009,194.712,0,1
ecgclass__app7,38.2633,221.667,194.833,0,1
ecgclass__app1,38.2637,221.545,195.328,0,1
ecgclass__app2,38.2609,225.253,196.521,0,1
ecgclass,38.2630,223.689,196.999,0,1
ecgclass__app4,38.2609,226.841,198.069,0,1
ecgclass__app8,38.2602,227.715,198.140,0,0
ecgclass__app9,38.2942,224.980,42.569,0,0
ecgclass__app5,38.4847,224.921,195.012,0,1
ecgclass__app1,38.4853,224.960,195.693,0,1
ecgclass__app7,38.4850,226.033,196.233,0,1
ecgclass__app4,38.4877,223.629,196.387,0,1
ecgclass__app8,38.4879,223.619,196.490,0,0
ecgclass__app6,38.4845,227.566,197.572,0,1
ecgclass,38.4867,225.517,197.608,0,1
ecgclass__app3,38.4836,229.145,198.400,0,1
ecgclass__app2,38.4862,227.173,199.105,0,1
ecgclass__app9,38.5192,225.305,40.721,0,0
ecgclass__app6,38.7121,223.600,195.794,0,1
ecgclass__app5,38.7097,226.577,196.327,0,1
ecgclass__app1,38.7102,226.406,196.535,0,1
ecgclass__app4,38.7113,225.562,196.611,0,1
ecgclass,38.7122,224.932,197.026,0,1
ecgclass__app7,38.7111,226.290,197.055,0,1
ecgclass__app8,38.7115,226.184,197.906,0,0
ecgclass__app2,38.7134,225.336,199.026,0,1
ecgclass__app3,38.7128,226.117,199.097,0,1
ecgclass__app9,38.7445,224.795,40.407,0,0
ecgclass,38.9372,221.553,193.947,0,1
ecgclass__app7,38.9374,221.884,194.385,0,1
ecgclass__app3,38.9389,220.615,194.559,0,1
ecgclass__app1,38.9367,223.663,195.020,0,1
ecgclass__app5,38.9363,224.517,195.656,0,1
ecgclass__app6,38.9357,225.190,195.686,0,1
ecgclass__app4,38.9369,224.699,196.734,0,1
ecgclass__app2,38.9387,223.158,197.017,0,1
ecgclass__app8,38.9377,224.996,198.125,0,0
ecgclass__app9,38.9693,223.837,41.425,0,0
ecgclass__app2,39.1619,221.324,194.226,0,1
ecgclass__app6,39.1609,222.457,194.289,0,1
ecgclass__app3,39.1595,224.178,194.581,0,1
ecgclass__app8,39.1627,221.061,195.169,0,0
ecgclass__app7,39.1593,224.825,195.653,0,1
ecgclass__app1,39.1603,224.601,196.072,0,1
ecgclass,39.1587,226.414,196.488,0,1
ecgclass__app4,39.1616,224.226,197.305,0,1
ecgclass__app5,39.1608,226.064,198.629,0,1
ecgclass__app9,39.1932,223.834,41.376,0,0
ecgclass__app5,39.3869,221.023,195.021,0,1
ecgclass__app3,39.3837,225.433,195.755,0,1
ecgclass__app7,39.3841,225.166,196.015,0,1
ecgclass,39.3852,224.364,196.104,0,1
ecgclass__app4,39.3859,223.904,196.197,0,1
ecgclass__app8,39.3838,226.281,197.306,0,0
ecgclass__app1,39.3849,225.894,198.130,0,1
ecgclass__app2,39.3832,227.684,198.273,0,1
ecgclass__app6,39.3833,227.805,198.527,0,1
ecgclass__app9,39.4170,225.123,41.572,0,0
ecgclass__app7,39.6093,237.239,208.911,0,1
ecgclass,39.6095,238.447,209.787,0,1
ecgclass__app4,39.6098,238.373,209.911,0,1
ecgclass__app5,39.6079,240.479,210.273,0,1
ecgclass__app6,39.6111,237.504,210.309,0,1
ecgclass__app3,39.6091,239.710,210.502,0,1
ecgclass__app8,39.6101,238.995,211.150,0,0
ecgclass__app1,39.6108,238.453,211.429,0,1
ecgclass__app2,39.6109,238.747,211.938,0,1
ecgclass__app9,39.6422,238.836,41.684,0,0
ecgclass__app2,39.8497,221.969,195.210,0,1
ecgclass__app4,39.8482,224.160,195.546,0,1
ecgclass__app5,39.8484,224.268,195.720,0,1
ecgclass__app7,39.8465,226.484,195.986,0,1
ecgclass__app1,39.8493,223.781,196.008,0,1
ecgclass__app8,39.8491,224.212,196.066,0,0
ecgclass__app6,39.8487,224.819,196.394,0,1
ecgclass,39.8480,226.663,198.330,0,1
ecgclass__app3,39.8489,226.222,198.881,0,1
ecgclass__app9,39.8810,226.400,43.146,0,0
ecgclass__app8,40.0733,232.093,202.640,0,0
ecgclass__app4,40.0723,234.035,203.020,0,1
ecgclass__app6,40.0735,233.272,203.162,0,1
ecgclass,40.0747,232.166,203.313,0,1
ecgclass__app3,40.0751,231.956,203.571,0,1
ecgclass__app2,40.0717,235.497,203.631,0,1
ecgclass__app5,40.0727,234.804,204.306,0,1
ecgclass__app7,40.0730,234.563,204.620,0,1
ecgclass__app1,40.0731,234.733,204.653,0,1
ecgclass__app9,40.1074,233.120,42.135,0,0
ecgclass__app6,40.3068,221.804,192.898,0,1
ecgclass__app1,40.3078,221.305,193.234,0,1
ecgclass,40.3069,222.534,193.640,0,1
ecgclass__app7,40.3076,222.987,194.495,0,1
ecgclass__app5,40.3075,223.397,194.868,0,1
ecgclass__app2,40.3072,223.915,195.033,0,1
ecgclass__app8,40.3054,226.566,196.239,0,0
ecgclass__app4,40.3064,225.688,196.280,0,1
ecgclass__app3,40.3071,225.324,196.494,0,1
ecgclass__app9,40.3406,222.050,40.897,0,0
ecgclass__app1,40.5291,222.783,193.406,0,1
ecgclass__app3,40.5324,219.663,193.474,0,1
ecgclass__app4,40.5321,220.749,194.413,0,1
ecgclass__app5,40.5309,222.178,194.442,0,1
ecgclass__app7,40.5306,222.761,194.612,0,1
ecgclass__app8,40.5320,221.409,194.646,0,0
ecgclass,40.5294,224.233,195.321,0,1
ecgclass__app6,40.5286,225.886,196.380,0,1
ecgclass__app2,40.5311,224.447,197.581,0,1
ecgclass__app9,40.5626,223.028,40.551,0,0
ecgclass__app7,40.7533,222.447,194.688,0,1
ecgclass__app3,40.7521,224.651,195.738,0,1
ecgclass__app4,40.7528,225.084,196.032,0,1
ecgclass__app2,40.7555,222.635,196.148,0,1
ecgclass__app1,40.7520,226.305,196.380,0,1
ecgclass,40.7536,224.993,196.747,0,1
ecgclass__app6,40.7545,224.218,196.820,0,1
ecgclass__app5,40.7531,225.659,196.899,0,1
ecgclass__app8,40.7534,225.388,196.970,0,0
ecgclass__app9,40.7857,223.812,40.367,0,0
ecgclass__app1,40.9783,220.361,193.603,0,1
ecgclass,40.9786,220.721,193.954,0,1
ecgclass__app6,40.9787,220.946,194.035,0,1
ecgclass__app7,40.9758,224.067,194.096,0,1
ecgclass__app4,40.9779,222.120,194.516,0,1
ecgclass__app2,40.9782,222.719,195.643,0,1
ecgclass__app8,40.9788,222.483,195.980,0,0
ecgclass__app3,40.9767,224.733,196.057,0,1
ecgclass__app5,40.9788,222.954,196.501,0,1
ecgclass__app9,41.0095,221.790,39.823,0,0
ecgclass__app3,41.2015,221.381,194.632,0,1
ecgclass__app6,41.1997,223.322,195.024,0,1
ecgclass__app5,41.2017,221.539,195.093,0,1
ecgclass__app2,41.2009,222.453,195.230,0,1
ecgclass,41.1994,224.637,196.287,0,1
ecgclass__app7,41.1999,224.438,196.615,0,1
ecgclass__app8,41.2013,223.116,196.802,0,0
ecgclass__app4,41.2001,224.541,197.004,0,1
ecgclass__app1,41.1986,226.369,197.756,0,1
ecgclass__app9,41.2313,226.492,42.596,0,0
ecgclass,41.4240,230.707,201.688,0,1
ecgclass__app6,41.4230,232.585,202.170,0,1
ecgclass__app2,41.4234,232.310,202.253,0,1
ecgclass__app4,41.4246,231.391,202.460,0,1
ecgclass__app1,41.4250,231.081,202.491,0,1
ecgclass__app7,41.4243,232.610,203.706,0,1
ecgclass__app3,41.4229,234.136,203.916,0,1
ecgclass__app8,41.4244,233.742,205.197,0,0
ecgclass__app5,41.4233,235.346,205.779,0,1
ecgclass__app9,41.4578,232.923,43.662,0,0
ecgclass__app4,41.6560,229.738,199.651,0,1
ecgclass__app5,41.6586,227.794,200.013,0,1
ecgclass__app1,41.6561,230.401,200.177,0,1
ecgclass,41.6548,232.091,200.224,0,1
ecgclass__app8,41.6582,228.863,200.494,0,0
ecgclass__app7,41.6570,230.615,201.403,0,1
ecgclass__app2,41.6557,231.965,201.431,0,1
ecgclass__app3,41.6570,230.679,201.459,0,1
ecgclass__app6,41.6556,232.443,201.977,0,1
ecgclass__app9,41.6907,230.131,42.543,0,0
ecgclass,41.8869,233.463,203.447,0,1
ecgclass__app2,41.8877,232.780,203.550,0,1
ecgclass__app5,41.8864,234.185,203.689,0,1
ecgclass__app3,41.8877,233.160,203.810,0,1
ecgclass__app1,41.8865,234.517,203.848,0,1
ecgclass__app4,41.8858,235.586,203.919,0,1
ecgclass__app6,41.8881,233.374,204.120,0,1
ecgclass__app8,41.8870,234.428,204.764,0,0
ecgclass__app7,41.8876,233.917,204.886,0,1
ecgclass__app9,41.9209,231.313,40.039,0,0
ecgclass__app5,42.1206,219.764,192.590,0,1
ecgclass__app8,42.1215,219.911,193.219,0,0
ecgclass__app4,42.1214,221.410,194.610,0,1
ecgclass__app1,42.1211,221.811,194.643,0,1
ecgclass__app3,42.1209,222.359,194.674,0,1
ecgclass__app6,42.1214,222.039,194.773,0,1
ecgclass__app2,42.1205,223.083,194.903,0,1
ecgclass__app7,42.1215,222.066,195.100,0,1
ecgclass,42.1203,223.458,195.163,0,1
ecgclass__app9,42.1522,222.536,40.852,0,0
ecgclass__app6,42.3435,221.247,194.045,0,1
ecgclass__app5,42.3404,224.442,194.287,0,1
ecgclass__app4,42.3428,222.347,194.322,0,1
ecgclass__app3,42.3432,222.283,195.250,0,1
ecgclass__app7,42.3436,222.425,195.446,0,1
ecgclass__app1,42.3429,223.409,195.534,0,1
ecgclass__app8,42.3414,225.857,196.941,0,0
ecgclass,42.3438,223.777,197.164,0,1
ecgclass__app2,42.3435,224.315,197.248,0,1
ecgclass__app9,42.3748,225.692,42.007,0,0
ecgclass__app4,42.5652,232.118,201.408,0,1
ecgclass__app2,42.5679,230.000,201.893,0,1
ecgclass__app8,42.5673,230.896,202.034,0,0
ecgclass__app1,42.5663,233.545,203.582,0,1
ecgclass__app3,42.5655,234.381,203.687,0,1
ecgclass,42.5676,232.562,203.759,0,1
ecgclass__app6,42.5647,235.733,203.938,0,1
ecgclass__app7,42.5660,234.555,204.121,0,1
ecgclass__app5,42.5649,235.967,205.007,0,1
ecgclass__app9,42.6005,231.360,41.311,0,0
ecgclass__app8,42.7982,225.423,196.465,0,0
ecgclass__app5,42.8008,224.076,197.836,0,1
ecgclass__app3,42.7999,225.563,198.369,0,1
ecgclass__app2,42.7979,228.328,198.878,0,1
ecgclass__app4,42.7973,229.300,199.076,0,1
ecgclass__app6,42.8005,226.197,199.101,0,1
ecgclass,42.8002,226.721,199.239,0,1
ecgclass__app1,42.7999,227.161,199.302,0,1
ecgclass__app7,42.8006,227.933,201.586,0,1
ecgclass__app9,42.8319,227.288,41.110,0,0
ecgclass__app7,43.0285,226.149,199.417,0,1
ecgclass__app4,43.0266,228.183,199.950,0,1
ecgclass__app1,43.0270,228.092,200.060,0,1
ecgclass__app8,43.0236,232.004,201.028,0,0
ecgclass,43.0269,229.674,201.666,0,1
ecgclass__app3,43.0255,231.300,201.796,0,1
ecgclass__app2,43.0262,230.835,201.911,0,1
ecgclass__app5,43.0249,232.205,201.976,0,1
ecgclass__app6,43.0267,230.795,203.128,0,1
ecgclass__app9,43.0592,229.332,40.343,0,0
ecgclass__app8,43.2556,223.592,195.360,0,0
ecgclass__app4,43.2548,225.515,195.908,0,1
ecgclass__app5,43.2572,223.510,195.975,0,1
ecgclass,43.2566,224.367,196.158,0,1
ecgclass__app6,43.2575,223.523,196.270,0,1
ecgclass__app1,43.2551,225.927,196.312,0,1
ecgclass__app2,43.2571,224.066,196.405,0,1
ecgclass__app7,43.2547,226.807,196.637,0,1
ecgclass__app3,43.2568,224.911,197.942,0,1
ecgclass__app9,43.2885,224.470,40.287,0,0
ecgclass__app7,43.4815,221.848,194.670,0,1
ecgclass__app1,43.4811,223.803,195.687,0,1
ecgclass__app6,43.4810,223.963,195.831,0,1
ecgclass__app2,43.4811,224.115,196.047,0,1
ecgclass__app5,43.4807,224.787,196.126,0,1
ecgclass__app8,43.4792,226.506,196.290,0,0
ecgclass__app3,43.4817,224.207,197.184,0,1
ecgclass__app4,43.4803,225.831,197.498,0,1
ecgclass,43.4810,225.583,198.188,0,1
ecgclass__app9,43.5130,224.617,39.851,0,0
ecgclass__app8,43.7058,223.908,196.518,0,0
ecgclass__app6,43.7050,224.804,196.619,0,1
ecgclass__app4,43.7062,224.314,197.125,0,1
ecgclass__app3,43.7060,224.654,197.415,0,1
ecgclass__app2,43.7053,225.385,197.444,0,1
ecgclass__app7,43.7034,227.591,197.878,0,1
ecgclass,43.7065,224.657,198.195,0,1
ecgclass__app1,43.7049,226.811,198.779,0,1
ecgclass__app5,43.7055,226.879,199.369,0,1
ecgclass__app9,43.7376,225.492,41.668,0,0
ecgclass__app6,43.9298,222.705,194.030,0,1
ecgclass__app5,43.9324,220.685,194.743,0,1
ecgclass,43.9312,222.346,195.169,0,1
ecgclass__app3,43.9306,224.075,195.943,0,1
ecgclass__app7,43.9310,223.963,196.324,0,1
ecgclass__app8,43.9297,225.841,197.012,0,0
ecgclass__app4,43.9305,225.084,197.085,0,1
ecgclass__app1,43.9317,224.744,197.926,0,1
ecgclass__app2,43.9307,226.488,198.827,0,1
ecgclass__app9,43.9631,224.372,42.122,0,0
ecgclass,44.1536,224.030,194.734,0,1
ecgclass__app6,44.1525,225.711,195.508,0,1
ecgclass__app7,44.1549,223.601,195.676,0,1
ecgclass__app4,44.1556,223.896,196.435,0,1
ecgclass__app3,44.1547,225.536,197.159,0,1
ecgclass__app1,44.1565,223.850,197.204,0,1
ecgclass__app8,44.1555,225.058,197.470,0,0
ecgclass__app5,44.1531,228.766,199.193,0,1
ecgclass__app2,44.1572,225.006,199.553,0,1
ecgclass__app9,44.1875,225.167,39.917,0,0
ecgclass__app1,44.3803,222.035,194.178,0,1
ecgclass,44.3776,225.283,194.628,0,1
ecgclass__app4,44.3795,224.499,195.595,0,1
ecgclass__app3,44.3802,224.115,195.985,0,1
ecgclass__app2,44.3822,222.368,196.050,0,1
ecgclass__app6,44.3783,226.502,196.391,0,1
ecgclass__app8,44.3806,224.784,197.357,0,0
ecgclass__app5,44.3818,223.948,197.726,0,1
ecgclass__app7,44.3786,228.122,198.788,0,1
ecgclass__app9,44.4127,224.586,40.947,0,0
ecgclass__app3,44.6044,224.001,195.803,0,1
ecgclass__app7,44.6067,222.426,196.261,0,1
ecgclass,44.6029,226.549,196.390,0,1
ecgclass__app1,44.6024,227.155,196.454,0,1
ecgclass__app8,44.6054,224.383,196.514,0,0
ecgclass__app5,44.6058,224.172,196.577,0,1
ecgclass__app2,44.6046,225.482,196.653,0,1
ecgclass__app4,44.6040,226.284,197.542,0,1
ecgclass__app6,44.6048,225.882,198.088,0,1
ecgclass__app9,44.6373,224.435,40.924,0,0
ecgclass,44.8295,222.374,194.075,0,1
ecgclass__app4,44.8303,222.280,195.077,0,1
ecgclass__app6,44.8307,222.029,195.415,0,1
ecgclass__app2,44.8300,223.369,195.885,0,1
ecgclass__app5,44.8300,225.002,197.614,0,1
ecgclass__app1,44.8295,225.622,197.665,0,1
ecgclass__app8,44.8298,225.695,197.875,0,0
ecgclass__app3,44.8284,227.153,197.948,0,1
ecgclass__app7,44.8291,226.457,198.016,0,1
ecgclass__app9,44.8618,224.534,41.485,0,0
ecgclass__app4,45.0526,223.951,194.727,0,1
ecgclass__app6,45.0527,224.242,195.141,0,1
ecgclass__app1,45.0552,222.838,195.639,0,1
ecgclass__app8,45.0555,222.782,196.064,0,0
ecgclass__app3,45.0556,223.366,196.828,0,1
ecgclass__app7,45.0556,223.652,196.955,0,1
ecgclass__app5,45.0550,224.464,197.028,0,1
ecgclass__app2,45.0534,226.106,197.065,0,1
ecgclass,45.0519,228.662,198.874,0,1
ecgclass__app9,45.0863,225.816,42.354,0,0
ecgclass__app7,45.2793,245.304,216.621,0,1
ecgclass__app4,45.2766,248.115,216.757,0,1
ecgclass__app3,45.2789,246.233,216.906,0,1
ecgclass__app8,45.2783,246.975,216.992,0,0
ecgclass__app6,45.2769,248.596,217.633,0,1
ecgclass__app2,45.2795,246.071,217.664,0,1
ecgclass__app5,45.2795,246.433,218.498,0,1
ecgclass,45.2805,246.310,219.495,0,1
ecgclass__app1,45.2780,249.427,220.230,0,1
ecgclass__app9,45.3122,246.112,41.994,0,0
ecgclass__app7,45.5246,224.553,195.280,0,1
ecgclass__app8,45.5253,224.007,195.440,0,0
ecgclass__app2,45.5256,225.035,196.345,0,1
ecgclass__app1,45.5275,223.303,196.531,0,1
ecgclass,45.5269,224.196,196.636,0,1
ecgclass__app3,45.5252,226.130,196.720,0,1
ecgclass__app4,45.5247,226.691,196.950,0,1
ecgclass__app6,45.5256,225.880,197.177,0,1
ecgclass__app5,45.5259,225.917,198.081,0,1
ecgclass__app9,45.5583,225.610,41.546,0,0
ecgclass__app2,45.7507,222.387,193.671,0,1
ecgclass__app8,45.7493,224.462,194.211,0,0
ecgclass__app4,45.7514,222.603,194.338,0,1
ecgclass,45.7511,223.670,195.447,0,1
ecgclass__app7,45.7492,225.945,195.718,0,1
ecgclass__app6,45.7514,224.086,196.221,0,1
ecgclass__app5,45.7518,223.894,196.274,0,1
ecgclass__app1,45.7508,225.850,197.411,0,1
ecgclass__app3,45.7513,225.738,197.978,0,1
ecgclass__app9,45.7839,223.416,40.805,0,0
ecgclass__app2,45.9731,223.262,193.283,0,1
ecgclass__app3,45.9771,219.412,193.387,0,1
ecgclass,45.9748,221.973,193.417,0,1
ecgclass__app1,45.9766,220.423,193.926,0,1
ecgclass__app7,45.9751,222.001,194.070,0,1
ecgclass__app8,45.9738,223.657,194.310,0,0
ecgclass__app6,45.9755,222.040,194.557,0,1
ecgclass__app4,45.9740,223.957,195.218,0,1
ecgclass__app5,45.9757,223.109,196.182,0,1
ecgclass__app9,46.0074,222.659,41.820,0,0
ecgclass__app7,46.1971,224.405,195.270,0,1
ecgclass,46.1967,224.962,195.519,0,1
ecgclass__app1,46.1971,224.905,195.562,0,1
ecgclass__app3,46.1965,225.582,195.605,0,1
ecgclass__app2,46.1963,226.000,195.890,0,1
ecgclass__app4,46.1980,224.442,196.510,0,1
ecgclass__app8,46.1974,225.166,196.915,0,0
ecgclass__app6,46.1976,225.227,197.006,0,1
ecgclass__app5,46.1989,226.438,198.994,0,1
ecgclass__app9,46.2300,226.538,42.811,0,0
ecgclass__app4,46.4224,231.816,202.188,0,1
ecgclass__app5,46.4253,229.069,202.355,0,1
ecgclass__app8,46.4226,233.146,203.693,0,0
ecgclass__app1,46.4220,233.883,203.755,0,1
ecgclass__app6,46.4228,233.202,204.003,0,1
ecgclass__app7,46.4216,234.801,204.033,0,1
ecgclass,46.4217,234.722,204.124,0,1
ecgclass__app2,46.4224,234.114,204.200,0,1
ecgclass__app3,46.4221,234.601,204.381,0,1
ecgclass__app9,46.4566,231.360,41.008,0,0
ecgclass__app5,46.6544,224.734,195.531,0,1
ecgclass,46.6564,222.970,195.705,0,1
ecgclass__app8,46.6558,224.486,196.356,0,0
ecgclass__app3,46.6567,223.665,196.679,0,1
ecgclass__app1,46.6559,224.814,196.773,0,1
ecgclass__app7,46.6564,224.638,196.897,0,1
ecgclass__app2,46.6565,224.627,196.945,0,1
ecgclass__app6,46.6560,225.832,198.549,0,1
ecgclass__app4,46.6543,228.473,199.557,0,1
ecgclass__app9,46.6880,225.437,40.405,0,0
ecgclass__app8,46.8803,224.160,195.307,0,0
ecgclass,46.8794,226.599,196.187,0,1
ecgclass__app1,46.8807,225.499,196.336,0,1
ecgclass__app6,46.8819,224.818,196.676,0,1
ecgclass__app3,46.8804,226.426,196.896,0,1
ecgclass__app2,46.8811,225.735,196.925,0,1
ecgclass__app4,46.8827,224.206,197.095,0,1
ecgclass__app5,46.8792,227.852,197.174,0,1
ecgclass__app7,46.8810,226.604,198.287,0,1
ecgclass__app9,46.9134,226.756,42.417,0,0
ecgclass__app2,47.1069,229.793,201.228,0,1
ecgclass__app7,47.1076,229.888,201.754,0,1
ecgclass__app1,47.1062,231.450,201.849,0,1
ecgclass__app6,47.1067,231.285,202.149,0,1
ecgclass__app4,47.1069,231.475,202.500,0,1
ecgclass__app3,47.1068,231.927,202.544,0,1
ecgclass__app5,47.1070,231.986,203.040,0,1
ecgclass__app8,47.1044,235.662,204.755,0,0
ecgclass,47.1060,234.425,205.139,0,1
ecgclass__app9,47.1402,231.350,42.197,0,0
ecgclass,47.3405,222.409,195.692,0,1
ecgclass__app6,47.3380,225.347,196.478,0,1
ecgclass__app8,47.3401,223.502,196.663,0,0
ecgclass__app4,47.3384,225.422,197.069,0,1
ecgclass__app5,47.3390,225.575,197.595,0,1
ecgclass__app2,47.3367,228.117,197.716,0,1
ecgclass__app7,47.3375,227.494,197.936,0,1
ecgclass__app3,47.3387,226.875,198.859,0,1
ecgclass__app1,47.3377,228.568,199.627,0,1
ecgclass__app9,47.3716,225.109,41.103,0,0
ecgclass,47.5629,223.873,194.615,0,1
ecgclass__app4,47.5639,224.358,194.905,0,1
ecgclass__app8,47.5636,224.729,195.302,0,0
ecgclass__app1,47.5662,222.480,195.451,0,1
ecgclass__app5,47.5646,224.431,195.540,0,1
ecgclass__app7,47.5650,224.298,195.659,0,1
ecgclass__app3,47.5656,223.955,195.809,0,1
ecgclass__app2,47.5648,224.861,195.852,0,1
ecgclass__app6,47.5634,226.585,196.048,0,1
ecgclass__app9,47.5967,223.417,39.775,0,0
ecgclass__app2,47.7897,223.338,197.110,0,1
ecgclass__app3,47.7896,223.896,197.868,0,1
ecgclass,47.7868,227.782,198.672,0,1
ecgclass__app1,47.7887,226.156,198.840,0,1
ecgclass__app5,47.7890,225.919,198.905,0,1
ecgclass__app7,47.7894,225.810,198.989,0,1
ecgclass__app8,47.7884,227.208,200.023,0,0
ecgclass__app6,47.7900,226.078,200.378,0,1
ecgclass__app4,47.7883,229.231,201.973,0,1
ecgclass__app9,47.8201,227.626,40.542,0,0
ecgclass__app6,48.0160,221.880,194.709,0,1
ecgclass__app8,48.0156,223.235,195.239,0,0
ecgclass__app2,48.0130,226.107,195.509,0,1
ecgclass__app4,48.0175,222.008,196.052,0,1
ecgclass__app7,48.0152,225.175,196.756,0,1
ecgclass,48.0146,226.026,197.075,0,1
ecgclass__app1,48.0149,225.883,197.140,0,1
ecgclass__app3,48.0135,227.944,198.201,0,1
ecgclass__app5,48.0150,226.728,198.461,0,1
ecgclass__app9,48.0478,224.669,40.434,0,0
ecgclass__app3,48.2415,217.163,190.798,0,1
ecgclass__app2,48.2392,224.881,195.666,0,1
ecgclass__app6,48.2380,226.222,196.000,0,1
ecgclass__app4,48.2395,225.486,196.883,0,1
ecgclass,48.2406,225.034,197.800,0,1
ecgclass__app7,48.2404,225.498,197.883,0,1
ecgclass__app8,48.2389,227.453,198.434,0,0
ecgclass__app1,48.2408,226.016,199.115,0,1
ecgclass__app5,48.2417,225.920,200.036,0,1
ecgclass__app9,48.2724,225.947,40.496,0,0
ecgclass__app3,48.4586,231.285,196.097,0,1
ecgclass__app6,48.4642,226.558,196.460,0,1
ecgclass,48.4657,225.190,196.583,0,1
ecgclass__app1,48.4668,224.375,196.621,0,1
ecgclass__app4,48.4650,226.422,196.739,0,1
ecgclass__app8,48.4663,225.193,196.768,0,0
ecgclass__app7,48.4659,225.675,196.914,0,1
ecgclass__app5,48.4676,224.230,197.693,0,1
ecgclass__app2,48.4641,228.439,198.734,0,1
ecgclass__app9,48.4984,225.034,39.346,0,0
ecgclass__app6,48.6908,224.292,195.708,0,1
ecgclass__app1,48.6912,225.838,197.532,0,1
ecgclass,48.6909,226.322,197.586,0,1
ecgclass__app5,48.6919,225.687,197.674,0,1
ecgclass__app7,48.6916,226.241,198.121,0,1
ecgclass__app3,48.6899,227.912,198.198,0,1
ecgclass__app2,48.6925,225.404,198.266,0,1
ecgclass__app4,48.6914,226.804,199.210,0,1
ecgclass__app8,48.6915,226.980,199.649,0,0
ecgclass__app9,48.7235,226.314,41.414,0,0
ecgclass__app2,48.9179,223.064,195.056,0,1
ecgclass__app1,48.9171,224.059,195.259,0,1
ecgclass__app3,48.9179,223.478,195.361,0,1
ecgclass__app4,48.9183,223.322,196.304,0,1
ecgclass,48.9172,224.625,196.478,0,1
ecgclass__app6,48.9151,227.227,197.043,0,1
ecgclass__app5,48.9176,224.945,197.077,0,1
ecgclass__app8,48.9185,225.347,198.506,0,0
ecgclass__app7,48.9178,226.267,198.819,0,1
ecgclass__app9,48.9498,224.667,41.590,0,0
ecgclass__app6,49.1423,223.346,195.100,0,1
ecgclass,49.1418,224.071,195.287,0,1
ecgclass__app5,49.1425,223.810,196.453,0,1
ecgclass__app7,49.1441,222.491,196.485,0,1
ecgclass__app1,49.1411,225.637,196.721,0,1
ecgclass__app2,49.1410,226.020,197.083,0,1
ecgclass__app4,49.1416,225.905,197.613,0,1
ecgclass__app8,49.1439,223.842,197.672,0,0
ecgclass__app3,49.1414,227.335,199.050,0,1
ecgclass__app9,49.1745,226.053,41.913,0,0
ecgclass__app3,49.3687,221.007,193.816,0,1
ecgclass,49.3659,224.702,194.590,0,1
ecgclass__app5,49.3663,224.459,194.765,0,1
ecgclass__app6,49.3657,225.800,195.284,0,1
ecgclass__app2,49.3670,224.892,195.744,0,1
ecgclass__app7,49.3666,225.623,196.267,0,1
ecgclass__app1,49.3668,226.406,197.264,0,1
ecgclass__app4,49.3675,226.248,198.083,0,1
ecgclass__app8,49.3677,226.276,198.170,0,0
ecgclass__app9,49.4005,223.847,41.326,0,0
ecgclass,49.5906,223.398,193.484,0,1
ecgclass__app1,49.5932,221.080,193.609,0,1
ecgclass__app5,49.5908,224.421,194.632,0,1
ecgclass__app2,49.5919,223.491,194.786,0,1
ecgclass__app6,49.5915,224.297,195.216,0,1
ecgclass__app7,49.5922,223.639,195.284,0,1
ecgclass__app8,49.5940,221.890,195.406,0,0
ecgclass__app3,49.5897,226.197,195.427,0,1
ecgclass__app4,49.5938,222.504,195.532,0,1
ecgclass__app9,49.6244,224.362,41.552,0,0
ecgclass__app4,49.8163,235.792,207.318,0,1
ecgclass__app5,49.8152,236.995,207.922,0,1
ecgclass__app1,49.8143,238.406,208.157,0,1
ecgclass__app6,49.8158,236.996,208.552,0,1
ecgclass,49.8140,238.815,208.642,0,1
ecgclass__app8,49.8159,237.007,208.670,0,0
ecgclass__app2,49.8154,237.954,209.290,0,1
ecgclass__app7,49.8159,237.842,209.803,0,1
ecgclass__app3,49.8159,238.990,211.155,0,1
ecgclass__app9,49.8488,239.315,42.379,0,0
ecgclass__app3,50.0549,229.820,200.433,0,1
ecgclass__app2,50.0534,231.524,200.653,0,1
ecgclass__app1,50.0527,232.502,200.776,0,1
ecgclass__app8,50.0529,232.388,201.107,0,0
ecgclass__app4,50.0521,233.838,202.342,0,1
ecgclass__app7,50.0537,232.496,202.525,0,1
ecgclass__app6,50.0528,233.594,202.610,0,1
ecgclass__app5,50.0522,234.300,202.841,0,1
ecgclass,50.0529,235.049,204.809,0,1
ecgclass__app9,50.0881,231.511,41.628,0,0
ecgclass,50.2879,222.710,195.495,0,1
ecgclass__app1,50.2852,225.993,196.373,0,1
ecgclass__app5,50.2866,225.126,196.942,0,1
ecgclass__app6,50.2864,225.656,197.207,0,1
ecgclass__app3,50.2848,228.490,198.076,0,1
ecgclass__app2,50.2849,228.563,198.185,0,1
ecgclass__app4,50.2859,227.818,198.506,0,1
ecgclass__app8,50.2853,228.643,198.533,0,0
ecgclass__app7,50.2862,227.800,198.601,0,1
ecgclass__app9,50.3197,225.294,41.667,0,0
ecgclass__app8,50.5140,222.775,195.526,0,0
ecgclass__app3,50.5133,223.600,195.830,0,1
ecgclass__app1,50.5112,225.690,196.018,0,1
ecgclass__app2,50.5135,223.798,196.047,0,1
ecgclass__app6,50.5121,225.408,196.228,0,1
ecgclass,50.5106,227.171,197.376,0,1
ecgclass__app4,50.5138,224.338,197.536,0,1
ecgclass__app7,50.5140,224.170,197.680,0,1
ecgclass__app5,50.5117,226.780,198.220,0,1
ecgclass__app9,50.5450,224.690,40.436,0,0
ecgclass__app7,50.7382,221.740,194.441,0,1
ecgclass__app2,50.7373,222.919,194.498,0,1
ecgclass__app4,50.7381,223.181,195.939,0,1
ecgclass__app8,50.7367,224.846,196.165,0,0
ecgclass__app5,50.7385,223.176,196.259,0,1
ecgclass__app1,50.7369,225.471,197.223,0,1
ecgclass,50.7378,225.067,197.656,0,1
ecgclass__app6,50.7375,225.748,197.904,0,1
ecgclass__app3,50.7369,226.524,197.937,0,1
ecgclass__app9,50.7697,224.312,40.189,0,0
ecgclass__app1,50.9624,221.596,194.424,0,1
ecgclass__app8,50.9616,223.377,194.955,0,0
ecgclass__app7,50.9600,225.291,195.101,0,1
ecgclass__app4,50.9613,224.246,195.146,0,1
ecgclass__app6,50.9632,222.386,195.228,0,1
ecgclass__app2,50.9603,225.418,195.343,0,1
ecgclass__app3,50.9634,222.519,195.558,0,1
ecgclass,50.9629,223.263,196.386,0,1
ecgclass__app5,50.9617,225.117,197.407,0,1
ecgclass__app9,50.9940,223.634,38.387,0,0
ecgclass__app5,51.1868,222.249,195.837,0,1
ecgclass__app7,51.1853,224.746,196.319,0,1
ecgclass__app4,51.1856,225.527,197.557,0,1
ecgclass__app2,51.1857,225.555,197.740,0,1
ecgclass,51.1862,225.496,197.948,0,1
ecgclass__app3,51.1859,225.810,198.373,0,1
ecgclass__app8,51.1850,227.533,198.954,0,0
ecgclass__app6,51.1856,226.984,199.097,0,1
ecgclass__app1,51.1840,229.001,199.488,0,1
ecgclass__app9,51.2176,226.373,41.771,0,0
ecgclass__app4,51.4111,223.127,194.734,0,1
ecgclass,51.4117,223.601,195.611,0,1
ecgclass__app3,51.4118,224.837,196.747,0,1
ecgclass__app1,51.4131,223.634,196.819,0,1
ecgclass__app6,51.4127,224.267,197.013,0,1
ecgclass__app7,51.4100,227.263,197.034,0,1
ecgclass__app2,51.4113,226.082,197.066,0,1
ecgclass__app5,51.4091,228.328,197.141,0,1
ecgclass__app8,51.4125,225.089,197.168,0,0
ecgclass__app9,51.4440,224.897,41.330,0,0
ecgclass__app8,51.6376,225.638,198.955,0,0
ecgclass,51.6353,229.120,199.217,0,1
ecgclass__app6,51.6369,227.592,199.401,0,1
ecgclass__app4,51.6343,230.510,199.479,0,1
ecgclass__app1,51.6367,228.351,199.999,0,1
ecgclass__app5,51.6374,227.965,200.912,0,1
ecgclass__app3,51.6366,228.812,200.970,0,1
ecgclass__app7,51.6373,228.494,201.489,0,1
ecgclass__app2,51.6373,228.656,201.615,0,1
ecgclass__app9,51.6689,228.146,40.034,0,0
ecgclass__app7,51.8658,222.931,196.108,0,1
ecgclass__app4,51.8648,225.025,196.566,0,1
ecgclass__app5,51.8654,224.579,196.794,0,1
ecgclass__app3,51.8654,224.731,196.905,0,1
ecgclass__app8,51.8633,227.071,196.974,0,0
ecgclass__app2,51.8660,224.877,198.271,0,1
ecgclass,51.8644,226.665,198.370,0,1
ecgclass__app6,51.8645,226.645,198.439,0,1
ecgclass__app1,51.8651,226.378,198.657,0,1
ecgclass__app9,51.8971,225.118,40.514,0,0
ecgclass__app4,52.0899,222.810,194.693,0,1
ecgclass__app3,52.0902,223.235,195.476,0,1
ecgclass,52.0911,222.514,195.535,0,1
ecgclass__app7,52.0887,224.982,195.703,0,1
ecgclass__app6,52.0912,223.704,196.923,0,1
ecgclass__app5,52.0900,225.125,197.205,0,1
ecgclass__app2,52.0909,224.883,198.152,0,1
ecgclass__app1,52.0914,225.456,199.198,0,1
ecgclass__app8,52.0904,226.799,199.416,0,0
ecgclass__app9,52.1223,225.471,41.612,0,0
ecgclass__app4,52.3127,224.028,193.590,0,1
ecgclass,52.3136,224.343,194.719,0,1
ecgclass__app8,52.3172,221.407,195.490,0,0
ecgclass__app3,52.3134,225.391,195.645,0,1
ecgclass__app2,52.3158,223.359,195.969,0,1
ecgclass__app7,52.3137,225.618,196.123,0,1
ecgclass__app1,52.3169,222.942,196.707,0,1
ecgclass__app5,52.3151,225.088,196.914,0,1
ecgclass__app6,52.3149,225.478,197.040,0,1
ecgclass__app9,52.3477,223.381,40.200,0,0
ecgclass__app2,52.5392,222.372,194.842,0,1
ecgclass__app8,52.5386,223.412,195.446,0,0
ecgclass__app6,52.5404,223.082,196.219,0,1
ecgclass__app5,52.5402,223.372,196.296,0,1
ecgclass__app1,52.5399,224.092,196.379,0,1
ecgclass__app3,52.5388,225.198,196.455,0,1
ecgclass__app4,52.5367,227.494,196.665,0,1
ecgclass__app7,52.5394,224.941,196.724,0,1
ecgclass,52.5380,226.462,196.830,0,1
ecgclass__app9,52.5711,223.758,40.414,0,0
ecgclass__app1,52.7640,215.571,188.701,0,1
ecgclass__app6,52.7635,222.365,194.671,0,1
ecgclass,52.7645,221.506,194.706,0,1
ecgclass__app5,52.7636,222.693,194.735,0,1
ecgclass__app8,52.7620,224.424,194.883,0,0
ecgclass__app2,52.7616,225.162,195.253,0,1
ecgclass__app3,52.7640,222.764,195.282,0,1
ecgclass__app4,52.7642,222.610,195.670,0,1
ecgclass__app7,52.7643,223.149,197.010,0,1
ecgclass__app9,52.7949,223.409,39.227,0,0
ecgclass__app6,52.9859,224.110,195.988,0,1
ecgclass__app2,52.9867,223.364,196.140,0,1
ecgclass__app1,52.9795,231.383,197.154,0,1
ecgclass__app3,52.9868,225.213,197.780,0,1
ecgclass__app4,52.9868,225.458,197.959,0,1
ecgclass__app7,52.9875,224.926,198.115,0,1
ecgclass__app5,52.9863,226.377,198.332,0,1
ecgclass__app8,52.9865,226.440,199.074,0,0
ecgclass,52.9860,227.385,199.656,0,1
ecgclass__app9,53.0183,225.662,41.700,0,0
ecgclass__app7,53.2124,221.307,194.264,0,1
ecgclass__app3,53.2120,222.231,194.891,0,1
ecgclass__app8,53.2129,221.991,195.224,0,0
ecgclass,53.2134,221.681,195.510,0,1
ecgclass__app5,53.2127,223.371,196.379,0,1
ecgclass__app1,53.2109,225.414,196.647,0,1
ecgclass__app4,53.2123,224.102,196.722,0,1
ecgclass__app2,53.2101,226.361,196.795,0,1
ecgclass__app6,53.2100,226.972,197.683,0,1
ecgclass__app9,53.2440,223.627,39.749,0,0
ecgclass__app5,53.4360,220.675,192.703,0,1
ecgclass__app7,53.4337,223.141,193.244,0,1
ecgclass__app1,53.4364,220.780,193.538,0,1
ecgclass__app3,53.4343,223.064,193.560,0,1
ecgclass__app4,53.4364,221.200,194.225,0,1
ecgclass__app2,53.4365,221.222,194.513,0,1
ecgclass,53.4351,222.655,194.633,0,1
ecgclass__app8,53.4349,223.336,195.205,0,0
ecgclass__app6,53.4370,221.969,196.012,0,1
ecgclass__app9,53.4677,221.364,38.844,0,0
ecgclass__app8,53.6583,221.029,194.436,0,0
ecgclass__app5,53.6567,222.952,194.984,0,1
ecgclass,53.6577,222.954,195.492,0,1
ecgclass__app3,53.6573,223.432,195.573,0,1
ecgclass__app7,53.6569,224.159,195.663,0,1
ecgclass__app6,53.6590,222.281,195.740,0,1
ecgclass__app1,53.6572,224.585,197.033,0,1
ecgclass__app2,53.6577,224.706,197.592,0,1
ecgclass__app4,53.6576,225.440,198.449,0,1
ecgclass__app9,53.6890,224.745,41.751,0,0
ecgclass__app6,53.8812,224.047,195.811,0,1
ecgclass__app2,53.8824,223.477,196.380,0,1
ecgclass,53.8807,225.562,196.831,0,1
ecgclass__app4,53.8831,223.499,197.134,0,1
ecgclass__app7,53.8810,225.797,197.266,0,1
ecgclass__app5,53.8797,227.199,197.468,0,1
ecgclass__app3,53.8808,226.295,197.610,0,1
ecgclass__app8,53.8793,228.577,198.750,0,0
ecgclass__app1,53.8817,227.061,199.807,0,1
ecgclass__app9,53.9138,225.475,41.087,0,0
ecgclass__app7,54.1068,222.197,194.243,0,1
ecgclass,54.1063,223.630,194.693,0,1
ecgclass__app5,54.1069,223.335,195.023,0,1
ecgclass__app3,54.1071,223.794,195.850,0,1
ecgclass__app4,54.1066,224.578,196.282,0,1
ecgclass__app8,54.1079,223.973,196.890,0,0
ecgclass__app2,54.1059,226.151,196.948,0,1
ecgclass__app1,54.1088,223.566,197.735,0,1
ecgclass__app6,54.1053,227.754,198.450,0,1
ecgclass__app9,54.1393,224.293,40.329,0,0
ecgclass__app8,54.3319,222.800,195.205,0,0
ecgclass__app5,54.3302,224.573,195.326,0,1
ecgclass__app3,54.3309,224.169,195.401,0,1
ecgclass__app4,54.3312,223.984,195.431,0,1
ecgclass,54.3299,225.759,196.315,0,1
ecgclass__app2,54.3321,223.705,196.359,0,1
ecgclass__app1,54.3324,223.643,196.675,0,1
ecgclass__app7,54.3291,227.175,196.753,0,1
ecgclass__app6,54.3331,223.403,197.385,0,1
ecgclass__app9,54.3636,225.420,42.268,0,0
ecgclass,54.5557,229.688,201.008,0,1
ecgclass__app3,54.5551,230.986,201.639,0,1
ecgclass__app2,54.5558,230.520,201.864,0,1
ecgclass__app5,54.5548,232.144,202.565,0,1
ecgclass__app8,54.5547,232.541,202.712,0,0
ecgclass__app1,54.5560,232.301,203.845,0,1
ecgclass__app6,54.5565,231.935,203.940,0,1
ecgclass__app4,54.5552,233.801,204.738,0,1
ecgclass__app7,54.5562,232.907,204.815,0,1
ecgclass__app9,54.5890,230.544,41.603,0,0
ecgclass__app6,54.7884,225.781,199.338,0,1
ecgclass,54.7854,230.351,200.451,0,1
ecgclass__app7,54.7892,226.702,200.513,0,1
ecgclass__app4,54.7890,227.165,200.551,0,1
ecgclass__app3,54.7861,230.247,200.577,0,1
ecgclass__app8,54.7872,229.333,200.880,0,0
ecgclass__app5,54.7870,229.785,201.579,0,1
ecgclass__app1,54.7884,228.838,202.318,0,1
ecgclass__app2,54.7863,231.414,202.919,0,1
ecgclass__app9,54.8196,228.925,40.710,0,0
ecgclass__app8,55.0166,222.828,195.060,0,0
ecgclass__app6,55.0142,225.307,195.366,0,1
ecgclass__app3,55.0163,223.860,195.792,0,1
ecgclass__app2,55.0177,222.543,195.950,0,1
ecgclass__app4,55.0162,224.174,195.999,0,1
ecgclass,55.0158,225.182,196.699,0,1
ecgclass__app1,55.0172,223.810,196.788,0,1
ecgclass__app5,55.0168,224.290,196.870,0,1
ecgclass__app7,55.0159,226.310,198.394,0,1
ecgclass__app9,55.0485,224.328,41.038,0,0
ecgclass,55.2410,223.348,195.307,0,1
ecgclass__app5,55.2411,223.376,195.484,0,1
ecgclass__app2,55.2403,224.515,195.639,0,1
ecgclass__app7,55.2422,222.718,195.755,0,1
ecgclass__app8,55.2394,225.730,195.873,0,0
ecgclass__app6,55.2395,225.781,195.896,0,1
ecgclass__app1,55.2410,224.572,196.918,0,1
ecgclass__app3,55.2402,225.471,197.007,0,1
ecgclass__app4,55.2403,225.369,197.136,0,1
ecgclass__app9,55.2729,223.908,40.591,0,0
ecgclass__app4,55.4657,219.601,193.163,0,1
ecgclass__app3,55.4657,221.220,194.130,0,1
ecgclass__app8,55.4652,222.389,194.459,0,0
ecgclass__app5,55.4645,223.164,194.709,0,1
ecgclass__app2,55.4648,223.039,195.142,0,1
ecgclass__app7,55.4649,223.239,195.304,0,1
ecgclass__app6,55.4653,222.908,195.444,0,1
ecgclass__app1,55.4656,222.906,196.183,0,1
ecgclass,55.4643,224.258,196.411,0,1
ecgclass__app9,55.4968,222.810,39.406,0,0
ecgclass__app8,55.6876,224.057,196.063,0,0
ecgclass__app6,55.6882,223.508,196.160,0,1
ecgclass,55.6886,223.477,196.535,0,1
ecgclass__app5,55.6876,224.987,197.414,0,1
ecgclass__app7,55.6882,224.695,197.546,0,1
ecgclass__app3,55.6869,226.296,197.781,0,1
ecgclass__app2,55.6879,225.623,198.262,0,1
ecgclass__app1,55.6885,225.051,198.310,0,1
ecgclass__app4,55.6853,230.000,200.499,0,1
ecgclass__app9,55.7196,225.992,40.793,0,0
ecgclass__app1,55.9136,219.990,192.551,0,1
ecgclass,55.9121,222.001,192.888,0,1
ecgclass__app7,55.9129,221.567,193.181,0,1
ecgclass__app3,55.9132,221.491,193.636,0,1
ecgclass__app4,55.9153,219.788,194.152,0,1
ecgclass__app6,55.9118,224.425,194.939,0,1
ecgclass__app8,55.9116,224.733,195.009,0,0
ecgclass__app2,55.9135,223.274,195.739,0,1
ecgclass__app5,55.9126,224.420,196.021,0,1
ecgclass__app9,55.9457,221.994,40.997,0,0
ecgclass__app6,56.1362,222.493,194.197,0,1
ecgclass,56.1341,224.738,195.106,0,1
ecgclass__app4,56.1351,223.891,195.297,0,1
ecgclass__app5,56.1371,222.192,195.440,0,1
ecgclass__app3,56.1347,224.774,196.161,0,1
ecgclass__app2,56.1368,222.936,196.596,0,1
ecgclass__app1,56.1336,226.662,197.047,0,1
ecgclass__app8,56.1364,224.197,197.348,0,0
ecgclass__app7,56.1344,226.796,198.125,0,1
ecgclass__app9,56.1677,224.071,40.867,0,0
ecgclass,56.3588,222.139,193.777,0,1
ecgclass__app6,56.3587,223.074,194.213,0,1
ecgclass__app4,56.3590,222.997,194.629,0,1
ecgclass__app2,56.3597,222.746,195.277,0,1
ecgclass__app8,56.3606,222.646,195.873,0,0
ecgclass__app3,56.3595,224.136,196.186,0,1
ecgclass__app5,56.3593,224.442,196.253,0,1
ecgclass__app1,56.3603,223.729,196.553,0,1
ecgclass__app7,56.3613,223.184,197.239,0,1
ecgclass__app9,56.3917,223.425,40.236,0,0
ecgclass__app7,56.5844,220.321,194.123,0,1
ecgclass__app6,56.5818,223.659,194.431,0,1
ecgclass__app2,56.5825,223.266,194.830,0,1
ecgclass__app1,56.5840,221.836,194.962,0,1
ecgclass,56.5810,225.432,195.496,0,1
ecgclass__app4,56.5820,224.586,195.657,0,1
ecgclass__app5,56.5837,223.137,195.922,0,1
ecgclass__app3,56.5836,224.229,197.286,0,1
ecgclass__app8,56.5832,225.076,197.813,0,0
ecgclass__app9,56.6152,224.759,42.128,0,0
ecgclass__app4,56.8066,223.998,195.098,0,1
ecgclass__app2,56.8058,225.115,195.241,0,1
ecgclass__app6,56.8055,225.842,195.617,0,1
ecgclass,56.8064,225.213,196.024,0,1
ecgclass__app3,56.8079,224.117,196.443,0,1
ecgclass__app5,56.8069,225.555,196.836,0,1
ecgclass__app7,56.8048,227.687,196.872,0,1
ecgclass__app1,56.8058,226.840,196.895,0,1
ecgclass__app8,56.8083,224.938,197.969,0,0
ecgclass__app9,56.8400,224.088,40.477,0,0
ecgclass__app8,57.0333,219.952,193.231,0,0
ecgclass__app1,57.0327,221.221,194.415,0,1
ecgclass__app2,57.0309,223.550,194.825,0,1
ecgclass__app4,57.0307,224.397,195.136,0,1
ecgclass__app6,57.0313,223.972,195.474,0,1
ecgclass__app7,57.0325,223.051,195.632,0,1
ecgclass,57.0317,224.072,195.732,0,1
ecgclass__app3,57.0320,224.419,196.989,0,1
ecgclass__app5,57.0324,224.500,197.577,0,1
ecgclass__app9,57.0641,223.302,40.256,0,0
ecgclass__app8,57.2532,224.527,194.831,0,0
ecgclass__app4,57.2551,223.733,195.195,0,1
ecgclass,57.2558,223.268,195.383,0,1
ecgclass__app3,57.2564,223.400,196.869,0,1
ecgclass__app7,57.2556,224.449,196.990,0,1
ecgclass__app1,57.2539,226.742,197.716,0,1
ecgclass__app6,57.2553,226.197,198.625,0,1
ecgclass__app2,57.2545,227.239,198.704,0,1
ecgclass__app5,57.2569,225.038,199.058,0,1
ecgclass__app9,57.2874,224.878,41.537,0,0
ecgclass__app7,57.4800,224.147,196.162,0,1
ecgclass__app4,57.4788,226.072,196.664,0,1
ecgclass__app6,57.4815,223.630,196.749,0,1
ecgclass__app5,57.4820,223.444,197.111,0,1
ecgclass__app8,57.4778,227.727,197.135,0,0
ecgclass,57.4790,226.522,197.200,0,1
ecgclass__app1,57.4807,225.489,198.272,0,1
ecgclass__app3,57.4798,226.515,198.305,0,1
ecgclass__app2,57.4817,224.850,198.589,0,1
ecgclass__app9,57.5123,225.124,39.718,0,0
ecgclass__app3,57.7064,222.811,196.301,0,1
ecgclass__app1,57.7062,223.970,196.698,0,1
ecgclass__app8,57.7055,224.740,196.814,0,0
ecgclass__app2,57.7066,223.977,197.005,0,1
ecgclass__app4,57.7049,225.901,197.126,0,1
ecgclass__app6,57.7052,225.838,197.166,0,1
ecgclass,57.7056,225.516,197.220,0,1
ecgclass__app7,57.7042,227.228,198.399,0,1
ecgclass__app5,57.7054,226.029,198.490,0,1
ecgclass__app9,57.7374,225.128,41.371,0,0
ecgclass,57.9311,221.780,194.742,0,1
ecgclass__app5,57.9315,222.499,195.574,0,1
ecgclass__app4,57.9308,223.535,195.840,0,1
ecgclass__app1,57.9302,224.259,195.917,0,1
ecgclass__app3,57.9292,225.547,196.523,0,1
ecgclass__app6,57.9310,224.051,196.976,0,1
ecgclass__app8,57.9303,225.589,197.607,0,0
ecgclass__app2,57.9306,225.349,197.744,0,1
ecgclass__app7,57.9314,224.800,197.950,0,1
ecgclass__app9,57.9626,225.096,40.484,0,0
ecgclass__app8,58.1559,221.515,194.114,0,0
ecgclass__app6,58.1551,222.988,194.553,0,1
ecgclass,58.1529,225.491,194.640,0,1
ecgclass__app7,58.1562,222.481,194.684,0,1
ecgclass__app2,58.1559,222.846,194.717,0,1
ecgclass__app3,58.1548,224.060,194.744,0,1
ecgclass__app5,58.1540,225.057,194.818,0,1
ecgclass__app1,58.1544,224.732,194.941,0,1
ecgclass__app4,58.1544,224.995,195.092,0,1
ecgclass__app9,58.1877,222.780,40.309,0,0
ecgclass__app7,58.3787,223.119,195.383,0,1
ecgclass__app3,58.3788,223.149,195.706,0,1
ecgclass__app5,58.3791,223.147,195.739,0,1
ecgclass__app6,58.3781,224.540,196.693,0,1
ecgclass__app2,58.3788,224.090,196.720,0,1
ecgclass,58.3784,224.544,196.747,0,1
ecgclass__app1,58.3792,223.974,196.823,0,1
ecgclass__app4,58.3794,223.946,196.891,0,1
ecgclass__app8,58.3774,226.106,197.535,0,0
ecgclass__app9,58.4105,225.600,41.845,0,0
ecgclass__app5,58.6022,224.554,195.373,0,1
ecgclass__app7,58.6019,225.298,195.760,0,1
ecgclass__app4,58.6033,224.916,196.229,0,1
ecgclass__app8,58.6035,224.808,196.270,0,0
ecgclass__app6,58.6026,226.005,196.690,0,1
ecgclass__app3,58.6020,226.854,196.770,0,1
ecgclass__app2,58.6029,226.107,196.817,0,1
ecgclass,58.6029,226.316,197.454,0,1
ecgclass__app1,58.6032,226.157,197.545,0,1
ecgclass__app9,58.6361,224.354,40.302,0,0
ecgclass__app3,58.8288,221.658,194.754,0,1
ecgclass__app6,58.8286,223.248,195.028,0,1
ecgclass,58.8293,222.939,195.260,0,1
ecgclass__app5,58.8268,225.492,195.404,0,1
ecgclass__app2,58.8290,223.748,195.477,0,1
ecgclass__app4,58.8282,224.777,196.076,0,1
ecgclass__app7,58.8272,225.971,196.108,0,1
ecgclass__app8,58.8283,224.885,196.218,0,0
ecgclass__app1,58.8293,224.360,197.767,0,1
ecgclass__app9,58.8604,225.517,41.789,0,0
ecgclass__app3,59.0505,230.134,198.877,0,1
ecgclass,59.0522,228.591,198.921,0,1
ecgclass__app4,59.0530,228.109,199.014,0,1
ecgclass__app7,59.0531,228.268,199.185,0,1
ecgclass__app8,59.0532,228.593,200.062,0,0
ecgclass__app1,59.0537,228.485,200.241,0,1
ecgclass__app6,59.0519,230.546,200.546,0,1
ecgclass__app5,59.0523,230.357,200.737,0,1
ecgclass__app2,59.0528,230.888,202.422,0,1
ecgclass__app9,59.0860,228.579,41.181,0,0
ecgclass__app4,59.2812,228.895,199.068,0,1
ecgclass__app3,59.2807,229.573,199.367,0,1
ecgclass__app8,59.2818,228.509,199.456,0,0
ecgclass__app1,59.2822,228.222,199.799,0,1
ecgclass__app7,59.2814,229.601,200.247,0,1
ecgclass,59.2808,230.335,200.280,0,1
ecgclass__app5,59.2827,228.541,200.390,0,1
ecgclass__app2,59.2837,228.621,202.209,0,1
ecgclass__app6,59.2825,230.124,202.362,0,1
ecgclass__app9,59.3146,228.961,41.885,0,0
ecgclass__app8,59.5103,223.094,194.457,0,0
ecgclass__app6,59.5126,222.030,195.175,0,1
ecgclass__app7,59.5110,223.705,195.333,0,1
ecgclass__app3,59.5103,224.791,195.720,0,1
ecgclass__app1,59.5104,224.969,196.307,0,1
ecgclass,59.5112,224.414,196.409,0,1
ecgclass__app2,59.5123,223.810,197.241,0,1
ecgclass__app4,59.5101,226.620,197.888,0,1
ecgclass__app5,59.5112,225.997,198.486,0,1
ecgclass__app9,59.5436,224.253,41.286,0,0
ecgclass__app4,59.7367,217.539,190.971,0,1
ecgclass__app6,59.7346,225.012,191.575,0,1
ecgclass__app1,59.7354,224.362,191.766,0,1
ecgclass__app5,59.7372,222.722,191.921,0,1
ecgclass__app8,59.7335,226.765,196.298,0,0
ecgclass__app7,59.7348,226.168,197.443,0,1
ecgclass,59.7356,225.418,197.624,0,1
ecgclass__app2,59.7361,225.207,197.773,0,1
ecgclass__app3,59.7351,226.489,198.145,0,1
ecgclass__app9,59.7678,225.676,39.951,0,0
ecgclass,59.9610,227.387,199.249,0,1
ecgclass__app6,59.9597,229.759,200.059,0,1
ecgclass__app3,59.9616,227.894,200.094,0,1
ecgclass__app4,59.9543,235.244,200.290,0,1
ecgclass__app7,59.9609,229.363,200.980,0,1
ecgclass__app5,59.9600,230.355,201.070,0,1
ecgclass__app2,59.9613,229.164,201.350,0,1
ecgclass__app8,59.9602,230.488,201.703,0,0
ecgclass__app1,59.9598,231.266,202.213,0,1
ecgclass__app9,59.9935,224.028,35.579,0,0
