model_name,dataset_name,device,model_load_duration_sec,memory_after_load_mb,peak_memory_usage_mb,avg_cpu_usage_percent,avg_gpu_usage_percent,total_prompt_tokens,prompt_eval_rate_tokens_per_sec,ttft_ms,total_generated_tokens,throughput_tokens_per_sec,accuracy,average_latency_ms,total_inference_time_sec,num_samples
llava-hf/llava-1.5-7b-hf,dataset/val2014,cuda,3.20119047164917,1649.63671875,6.052146911621094,4.3,0,60336,3669.7733494965223,0,255,15.50968251328582,0.66,157.3953151702881,16.4413423538208,100
llava-hf/llava-1.5-13b-hf,dataset/val2014,cuda,240.24410271644592,1665.21484375,6.096986770629883,5.0,0,60336,2169.4314133944818,0,253,9.09682689586323,0.61,270.7216954231262,27.811895608901978,100
llava-hf/llava-1.5-13b-hf,dataset/val2014,cuda,4.790281295776367,1705.16796875,6.073214530944824,4.3,0,60336,2159.9171276069783,0,253,9.056931737015471,0.61,271.1653232574463,27.934405088424683,100
