task,n_requests,throughput_rps,avg_latency_ms
gestureclass,1014,16.9,59.18282936180205
ecgclass,1013,16.883333333333333,59.24476129310858
