run_idx,device,backbone,task,batch_size,req_idx,latency_ms,backbone_ms,decoder_ms,gpu_peak_mb
0,NVIDIA L4,dinolarge-patch,nyudepth,1,0,280.0781,188.6457,91.2124,1172.614
0,NVIDIA L4,dinolarge-patch,nyudepth,1,1,23.0359,11.376,11.4811,1172.614
0,NVIDIA L4,dinolarge-patch,nyudepth,1,2,23.1426,10.7191,12.2472,1172.614
0,NVIDIA L4,dinolarge-patch,nyudepth,1,3,23.1831,10.4866,12.5462,1172.614
0,NVIDIA L4,dinolarge-patch,nyudepth,1,4,23.0887,10.4807,12.4479,1172.614
0,NVIDIA L4,dinolarge-patch,nyudepth,1,5,23.4779,11.1819,12.1495,1172.614
0,NVIDIA L4,dinolarge-patch,nyudepth,1,6,23.3909,10.469,12.7785,1172.614
0,NVIDIA L4,dinolarge-patch,nyudepth,1,7,23.4267,11.2662,12.0111,1172.614
0,NVIDIA L4,dinolarge-patch,nyudepth,1,8,23.9316,11.0519,12.7325,1172.614
0,NVIDIA L4,dinolarge-patch,nyudepth,1,9,23.4806,11.2451,11.7368,1172.614
0,NVIDIA L4,dinolarge-patch,nyudepth,1,10,23.2719,11.2293,11.8974,1172.614
0,NVIDIA L4,dinolarge-patch,nyudepth,1,11,23.2933,11.1822,11.9665,1172.614
0,NVIDIA L4,dinolarge-patch,nyudepth,1,12,23.5247,10.8572,12.5035,1172.614
0,NVIDIA L4,dinolarge-patch,nyudepth,1,13,23.6979,10.7036,12.8333,1172.614
0,NVIDIA L4,dinolarge-patch,nyudepth,1,14,23.2588,10.4005,12.7033,1172.614
0,NVIDIA L4,dinolarge-patch,nyudepth,1,15,23.5709,10.5364,12.8853,1172.614
0,NVIDIA L4,dinolarge-patch,nyudepth,1,16,23.3909,13.2082,9.9607,1172.614
0,NVIDIA L4,dinolarge-patch,nyudepth,1,17,23.4055,14.2618,8.9437,1172.614
0,NVIDIA L4,dinolarge-patch,nyudepth,1,18,23.2859,12.6057,10.5186,1172.614
0,NVIDIA L4,dinolarge-patch,nyudepth,1,19,23.4457,12.5492,10.7151,1172.614
0,NVIDIA L4,dinolarge-patch,nyudepth,1,20,23.5561,13.1451,10.2318,1172.614
0,NVIDIA L4,dinolarge-patch,nyudepth,1,21,23.5387,12.3978,10.9489,1172.614
0,NVIDIA L4,dinolarge-patch,nyudepth,1,22,23.6917,12.2664,11.2295,1172.614
0,NVIDIA L4,dinolarge-patch,nyudepth,1,23,23.7136,15.9003,7.5898,1172.614
0,NVIDIA L4,dinolarge-patch,nyudepth,1,24,23.4742,10.6655,12.6555,1172.614
0,NVIDIA L4,dinolarge-patch,nyudepth,1,25,23.5656,17.5872,5.7396,1172.614
0,NVIDIA L4,dinolarge-patch,nyudepth,1,26,23.5521,18.7137,4.5779,1172.614
0,NVIDIA L4,dinolarge-patch,nyudepth,1,27,23.265,10.9967,12.0468,1172.614
0,NVIDIA L4,dinolarge-patch,nyudepth,1,28,23.1055,10.4819,12.4691,1172.614
0,NVIDIA L4,dinolarge-patch,nyudepth,1,29,23.2996,11.3276,11.8065,1172.614
0,NVIDIA L4,dinolarge-patch,nyudepth,1,30,23.6433,10.6396,12.84,1172.614
0,NVIDIA L4,dinolarge-patch,nyudepth,1,31,23.3698,10.3668,12.8072,1172.614
0,NVIDIA L4,dinolarge-patch,nyudepth,1,32,23.2787,10.4203,12.7096,1172.614
0,NVIDIA L4,dinolarge-patch,nyudepth,1,33,23.3376,10.5901,12.5893,1172.614
0,NVIDIA L4,dinolarge-patch,nyudepth,1,34,23.3149,10.5749,12.562,1172.614
0,NVIDIA L4,dinolarge-patch,nyudepth,1,35,23.5195,10.5304,12.8324,1172.614
0,NVIDIA L4,dinolarge-patch,nyudepth,1,36,23.9978,10.7469,13.0736,1172.614
0,NVIDIA L4,dinolarge-patch,nyudepth,1,37,23.2261,10.628,12.4543,1172.614
0,NVIDIA L4,dinolarge-patch,nyudepth,1,38,23.365,10.7921,12.4102,1172.614
0,NVIDIA L4,dinolarge-patch,nyudepth,1,39,23.2661,10.6088,12.5035,1172.614
0,NVIDIA L4,dinolarge-patch,nyudepth,1,40,23.581,10.5387,12.8898,1172.614
0,NVIDIA L4,dinolarge-patch,nyudepth,1,41,23.7286,10.4657,13.0895,1172.614
0,NVIDIA L4,dinolarge-patch,nyudepth,1,42,23.4917,10.9986,12.2939,1172.614
0,NVIDIA L4,dinolarge-patch,nyudepth,1,43,23.284,10.3892,12.7458,1172.614
0,NVIDIA L4,dinolarge-patch,nyudepth,1,44,23.0948,10.4393,12.4889,1172.614
0,NVIDIA L4,dinolarge-patch,nyudepth,1,45,23.2171,10.3786,12.6139,1172.614
0,NVIDIA L4,dinolarge-patch,nyudepth,1,46,23.2652,11.2707,11.8471,1172.614
0,NVIDIA L4,dinolarge-patch,nyudepth,1,47,23.5648,11.0558,12.3427,1172.614
0,NVIDIA L4,dinolarge-patch,nyudepth,1,48,23.483,10.3629,12.9665,1172.614
0,NVIDIA L4,dinolarge-patch,nyudepth,1,49,23.62,10.3612,13.1047,1172.614
0,NVIDIA L4,dinolarge-patch,nyudepth,1,50,23.5705,10.3594,13.0589,1172.614
0,NVIDIA L4,dinolarge-patch,nyudepth,1,51,23.2138,10.3223,12.7022,1172.614
0,NVIDIA L4,dinolarge-patch,nyudepth,1,52,23.2981,10.4325,12.7152,1172.614
0,NVIDIA L4,dinolarge-patch,nyudepth,1,53,23.5653,10.2529,13.1411,1172.614
0,NVIDIA L4,dinolarge-patch,nyudepth,1,54,23.9677,10.3399,13.4833,1172.614
0,NVIDIA L4,dinolarge-patch,nyudepth,1,55,23.2738,10.4118,12.7158,1172.614
0,NVIDIA L4,dinolarge-patch,nyudepth,1,56,23.162,10.8736,12.1491,1172.614
0,NVIDIA L4,dinolarge-patch,nyudepth,1,57,23.1747,10.379,12.6346,1172.614
0,NVIDIA L4,dinolarge-patch,nyudepth,1,58,23.2618,10.6051,12.4844,1172.614
0,NVIDIA L4,dinolarge-patch,nyudepth,1,59,23.2084,10.6561,12.4009,1172.614
0,NVIDIA L4,dinolarge-patch,nyudepth,1,60,23.2238,10.6936,12.3497,1172.614
0,NVIDIA L4,dinolarge-patch,nyudepth,1,61,23.4054,10.7882,12.4024,1172.614
0,NVIDIA L4,dinolarge-patch,nyudepth,1,62,23.9062,11.7745,11.8955,1172.614
0,NVIDIA L4,dinolarge-patch,nyudepth,1,63,23.9037,11.5147,12.1537,1172.614
0,NVIDIA L4,dinolarge-patch,nyudepth,1,64,23.5631,12.9867,10.3667,1172.614
0,NVIDIA L4,dinolarge-patch,nyudepth,1,65,23.5086,10.6931,12.6594,1172.614
0,NVIDIA L4,dinolarge-patch,nyudepth,1,66,23.3817,10.8688,12.3753,1172.614
0,NVIDIA L4,dinolarge-patch,nyudepth,1,67,23.2723,10.4646,12.6699,1172.614
0,NVIDIA L4,dinolarge-patch,nyudepth,1,68,23.6061,10.2556,13.1887,1172.614
0,NVIDIA L4,dinolarge-patch,nyudepth,1,69,23.4965,10.4797,12.852,1172.614
0,NVIDIA L4,dinolarge-patch,nyudepth,1,70,23.6464,10.3165,13.1827,1172.614
0,NVIDIA L4,dinolarge-patch,nyudepth,1,71,23.4222,10.9402,12.3255,1172.614
0,NVIDIA L4,dinolarge-patch,nyudepth,1,72,23.1863,10.4829,12.5286,1172.614
0,NVIDIA L4,dinolarge-patch,nyudepth,1,73,23.2968,10.6319,12.5094,1172.614
0,NVIDIA L4,dinolarge-patch,nyudepth,1,74,23.8657,10.507,13.2089,1172.614
0,NVIDIA L4,dinolarge-patch,nyudepth,1,75,23.4441,10.3808,12.9136,1172.614
0,NVIDIA L4,dinolarge-patch,nyudepth,1,76,23.2801,10.7517,12.3913,1172.614
0,NVIDIA L4,dinolarge-patch,nyudepth,1,77,23.2261,10.2754,12.8056,1172.614
0,NVIDIA L4,dinolarge-patch,nyudepth,1,78,23.446,10.3989,12.88,1172.614
0,NVIDIA L4,dinolarge-patch,nyudepth,1,79,23.6526,10.3182,13.1884,1172.614
0,NVIDIA L4,dinolarge-patch,nyudepth,1,80,23.9136,10.3925,13.3592,1172.614
0,NVIDIA L4,dinolarge-patch,nyudepth,1,81,23.2782,10.4034,12.725,1172.614
0,NVIDIA L4,dinolarge-patch,nyudepth,1,82,23.6199,11.3378,12.0329,1172.614
0,NVIDIA L4,dinolarge-patch,nyudepth,1,83,23.53,11.3878,11.9235,1172.614
0,NVIDIA L4,dinolarge-patch,nyudepth,1,84,23.2806,10.6681,12.4623,1172.614
0,NVIDIA L4,dinolarge-patch,nyudepth,1,85,23.6049,10.5899,12.8623,1172.614
0,NVIDIA L4,dinolarge-patch,nyudepth,1,86,23.845,10.8886,12.8196,1172.614
0,NVIDIA L4,dinolarge-patch,nyudepth,1,87,23.3471,10.3776,12.7901,1172.614
0,NVIDIA L4,dinolarge-patch,nyudepth,1,88,23.2707,10.3921,12.733,1172.614
0,NVIDIA L4,dinolarge-patch,nyudepth,1,89,23.1828,11.0224,12.0013,1172.614
0,NVIDIA L4,dinolarge-patch,nyudepth,1,90,23.2498,11.1644,11.9164,1172.614
0,NVIDIA L4,dinolarge-patch,nyudepth,1,91,23.2332,11.2957,11.776,1172.614
0,NVIDIA L4,dinolarge-patch,nyudepth,1,92,23.5364,11.0722,12.2806,1172.614
0,NVIDIA L4,dinolarge-patch,nyudepth,1,93,23.566,10.9748,12.4396,1172.614
0,NVIDIA L4,dinolarge-patch,nyudepth,1,94,23.7944,10.9302,12.7123,1172.614
0,NVIDIA L4,dinolarge-patch,nyudepth,1,95,23.4246,10.9152,12.3632,1172.614
0,NVIDIA L4,dinolarge-patch,nyudepth,1,96,23.2338,11.3934,11.6994,1172.614
0,NVIDIA L4,dinolarge-patch,nyudepth,1,97,23.453,10.8799,12.4297,1172.614
0,NVIDIA L4,dinolarge-patch,nyudepth,1,98,23.3333,10.9004,12.2878,1172.614
0,NVIDIA L4,dinolarge-patch,nyudepth,1,99,23.3134,10.9794,12.1817,1172.614
0,NVIDIA L4,dinolarge-patch,nyudepth,1,100,23.3498,12.2764,10.8624,1172.614
0,NVIDIA L4,dinolarge-patch,nyudepth,1,101,23.3136,10.7688,12.3781,1172.614
0,NVIDIA L4,dinolarge-patch,nyudepth,1,102,23.6066,10.7252,12.719,1172.614
0,NVIDIA L4,dinolarge-patch,nyudepth,1,103,23.6956,10.7862,12.7485,1172.614
0,NVIDIA L4,dinolarge-patch,nyudepth,1,104,23.5178,10.5882,12.7791,1172.614
0,NVIDIA L4,dinolarge-patch,nyudepth,1,105,23.5043,10.6592,12.6799,1172.614
0,NVIDIA L4,dinolarge-patch,nyudepth,1,106,23.7941,10.8565,12.8032,1172.614
0,NVIDIA L4,dinolarge-patch,nyudepth,1,107,23.4733,10.5517,12.7536,1172.614
0,NVIDIA L4,dinolarge-patch,nyudepth,1,108,23.2193,10.5674,12.505,1172.614
0,NVIDIA L4,dinolarge-patch,nyudepth,1,109,23.2091,10.6799,12.3701,1172.614
0,NVIDIA L4,dinolarge-patch,nyudepth,1,110,23.4073,12.9355,10.2903,1172.614
0,NVIDIA L4,dinolarge-patch,nyudepth,1,111,23.5054,10.794,12.5528,1172.614
0,NVIDIA L4,dinolarge-patch,nyudepth,1,112,23.9043,16.9894,6.6648,1172.614
0,NVIDIA L4,dinolarge-patch,nyudepth,1,113,23.9448,14.7515,9.016,1172.614
0,NVIDIA L4,dinolarge-patch,nyudepth,1,114,23.7418,17.4094,6.1618,1172.614
0,NVIDIA L4,dinolarge-patch,nyudepth,1,115,23.4378,10.8871,12.3832,1172.614
0,NVIDIA L4,dinolarge-patch,nyudepth,1,116,23.4894,11.5549,11.7416,1172.614
0,NVIDIA L4,dinolarge-patch,nyudepth,1,117,23.3032,10.4901,12.6506,1172.614
0,NVIDIA L4,dinolarge-patch,nyudepth,1,118,23.3606,10.5696,12.6426,1172.614
0,NVIDIA L4,dinolarge-patch,nyudepth,1,119,23.628,10.5795,12.8933,1172.614
0,NVIDIA L4,dinolarge-patch,nyudepth,1,120,23.547,10.461,12.9306,1172.614
0,NVIDIA L4,dinolarge-patch,nyudepth,1,121,23.4315,10.7525,12.5131,1172.614
0,NVIDIA L4,dinolarge-patch,nyudepth,1,122,23.4542,10.8543,12.4112,1172.614
0,NVIDIA L4,dinolarge-patch,nyudepth,1,123,23.3431,10.5407,12.6489,1172.614
0,NVIDIA L4,dinolarge-patch,nyudepth,1,124,23.1829,10.5051,12.5194,1172.614
0,NVIDIA L4,dinolarge-patch,nyudepth,1,125,23.481,16.008,7.1616,1172.614
0,NVIDIA L4,dinolarge-patch,nyudepth,1,126,23.4474,16.8365,6.419,1172.614
0,NVIDIA L4,dinolarge-patch,nyudepth,1,127,23.4252,10.4985,12.7631,1172.614
0,NVIDIA L4,dinolarge-patch,nyudepth,1,128,23.6115,10.7929,12.6221,1172.614
0,NVIDIA L4,dinolarge-patch,nyudepth,1,129,23.9076,10.3912,13.358,1172.614
0,NVIDIA L4,dinolarge-patch,nyudepth,1,130,23.574,10.2122,13.2036,1172.614
0,NVIDIA L4,dinolarge-patch,nyudepth,1,131,23.3608,10.3147,12.8919,1172.614
0,NVIDIA L4,dinolarge-patch,nyudepth,1,132,23.3569,10.2522,12.9451,1172.614
0,NVIDIA L4,dinolarge-patch,nyudepth,1,133,23.5463,10.363,13.0282,1172.614
0,NVIDIA L4,dinolarge-patch,nyudepth,1,134,23.6442,10.2324,13.2573,1172.614
0,NVIDIA L4,dinolarge-patch,nyudepth,1,135,23.9933,10.9194,12.8903,1172.614
0,NVIDIA L4,dinolarge-patch,nyudepth,1,136,23.4725,10.73,12.603,1172.614
0,NVIDIA L4,dinolarge-patch,nyudepth,1,137,23.4173,10.9351,12.2763,1172.614
0,NVIDIA L4,dinolarge-patch,nyudepth,1,138,23.4723,10.5477,12.7608,1172.614
0,NVIDIA L4,dinolarge-patch,nyudepth,1,139,23.5862,10.2822,13.1255,1172.614
0,NVIDIA L4,dinolarge-patch,nyudepth,1,140,23.5605,10.4525,12.928,1172.614
0,NVIDIA L4,dinolarge-patch,nyudepth,1,141,23.6266,10.3133,13.1561,1172.614
0,NVIDIA L4,dinolarge-patch,nyudepth,1,142,23.545,10.4282,12.9472,1172.614
0,NVIDIA L4,dinolarge-patch,nyudepth,1,143,23.3636,10.4189,12.7871,1172.614
0,NVIDIA L4,dinolarge-patch,nyudepth,1,144,23.2769,10.2906,12.8086,1172.614
0,NVIDIA L4,dinolarge-patch,nyudepth,1,145,23.2806,10.2314,12.8962,1172.614
0,NVIDIA L4,dinolarge-patch,nyudepth,1,146,23.5885,10.6579,12.7915,1172.614
0,NVIDIA L4,dinolarge-patch,nyudepth,1,147,23.8832,10.3652,13.3803,1172.614
0,NVIDIA L4,dinolarge-patch,nyudepth,1,148,23.2238,10.3226,12.7609,1172.614
0,NVIDIA L4,dinolarge-patch,nyudepth,1,149,23.2042,10.4526,12.6078,1172.614
0,NVIDIA L4,dinolarge-patch,nyudepth,1,150,23.4008,10.5618,12.6738,1172.614
0,NVIDIA L4,dinolarge-patch,nyudepth,1,151,23.6035,10.2615,13.1924,1172.614
0,NVIDIA L4,dinolarge-patch,nyudepth,1,152,23.6864,10.3966,13.143,1172.614
0,NVIDIA L4,dinolarge-patch,nyudepth,1,153,23.2329,10.2997,12.7811,1172.614
0,NVIDIA L4,dinolarge-patch,nyudepth,1,154,23.4179,10.4423,12.8072,1172.614
0,NVIDIA L4,dinolarge-patch,nyudepth,1,155,23.6795,10.4437,13.0444,1172.614
0,NVIDIA L4,dinolarge-patch,nyudepth,1,156,23.6185,10.6659,12.8121,1172.614
0,NVIDIA L4,dinolarge-patch,nyudepth,1,157,23.5389,11.0621,12.2377,1172.614
0,NVIDIA L4,dinolarge-patch,nyudepth,1,158,23.5415,11.1574,12.1453,1172.614
0,NVIDIA L4,dinolarge-patch,nyudepth,1,159,23.5878,11.2099,12.1311,1172.614
0,NVIDIA L4,dinolarge-patch,nyudepth,1,160,23.5678,10.3557,13.053,1172.614
0,NVIDIA L4,dinolarge-patch,nyudepth,1,161,23.728,11.2384,12.3105,1172.614
0,NVIDIA L4,dinolarge-patch,nyudepth,1,162,23.7287,11.3081,12.2604,1172.614
0,NVIDIA L4,dinolarge-patch,nyudepth,1,163,23.5356,11.0867,12.2953,1172.614
0,NVIDIA L4,dinolarge-patch,nyudepth,1,164,23.5726,10.7287,12.685,1172.614
0,NVIDIA L4,dinolarge-patch,nyudepth,1,165,23.8429,10.6152,13.0832,1172.614
0,NVIDIA L4,dinolarge-patch,nyudepth,1,166,23.4201,10.9203,12.3579,1172.614
0,NVIDIA L4,dinolarge-patch,nyudepth,1,167,23.3785,10.6569,12.5803,1172.614
0,NVIDIA L4,dinolarge-patch,nyudepth,1,168,24.0396,10.9284,12.9662,1172.614
0,NVIDIA L4,dinolarge-patch,nyudepth,1,169,23.4143,10.7515,12.5128,1172.614
0,NVIDIA L4,dinolarge-patch,nyudepth,1,170,23.2125,11.0629,11.9928,1172.614
0,NVIDIA L4,dinolarge-patch,nyudepth,1,171,23.3362,10.4716,12.6997,1172.614
0,NVIDIA L4,dinolarge-patch,nyudepth,1,172,23.5353,10.4184,12.9647,1172.614
0,NVIDIA L4,dinolarge-patch,nyudepth,1,173,23.5619,10.345,13.0633,1172.614
0,NVIDIA L4,dinolarge-patch,nyudepth,1,174,23.6747,10.2978,13.2236,1172.614
0,NVIDIA L4,dinolarge-patch,nyudepth,1,175,23.6191,10.2234,13.2519,1172.614
0,NVIDIA L4,dinolarge-patch,nyudepth,1,176,23.2501,10.6055,12.502,1172.614
0,NVIDIA L4,dinolarge-patch,nyudepth,1,177,23.3227,10.5958,12.4963,1172.614
0,NVIDIA L4,dinolarge-patch,nyudepth,1,178,23.4512,11.2657,11.9585,1172.614
0,NVIDIA L4,dinolarge-patch,nyudepth,1,179,23.3012,10.5946,12.5306,1172.614
0,NVIDIA L4,dinolarge-patch,nyudepth,1,180,23.4845,10.6214,12.692,1172.614
0,NVIDIA L4,dinolarge-patch,nyudepth,1,181,23.72,10.5703,12.987,1172.614
0,NVIDIA L4,dinolarge-patch,nyudepth,1,182,23.801,10.4285,13.2189,1172.614
0,NVIDIA L4,dinolarge-patch,nyudepth,1,183,23.3996,10.3185,12.9237,1172.614
0,NVIDIA L4,dinolarge-patch,nyudepth,1,184,23.294,10.3723,12.7638,1172.614
0,NVIDIA L4,dinolarge-patch,nyudepth,1,185,23.4815,10.3407,12.9899,1172.614
0,NVIDIA L4,dinolarge-patch,nyudepth,1,186,23.9169,10.9282,12.8434,1172.614
0,NVIDIA L4,dinolarge-patch,nyudepth,1,187,23.4355,10.3456,12.9499,1172.614
0,NVIDIA L4,dinolarge-patch,nyudepth,1,188,23.2794,10.2618,12.8725,1172.614
0,NVIDIA L4,dinolarge-patch,nyudepth,1,189,23.5854,10.4647,12.957,1172.614
0,NVIDIA L4,dinolarge-patch,nyudepth,1,190,23.9343,10.371,13.4069,1172.614
0,NVIDIA L4,dinolarge-patch,nyudepth,1,191,23.4201,10.3528,12.9083,1172.614
0,NVIDIA L4,dinolarge-patch,nyudepth,1,192,23.3991,10.3638,12.8824,1172.614
0,NVIDIA L4,dinolarge-patch,nyudepth,1,193,23.6236,10.3628,13.1068,1172.614
0,NVIDIA L4,dinolarge-patch,nyudepth,1,194,23.5588,10.2661,13.124,1172.614
0,NVIDIA L4,dinolarge-patch,nyudepth,1,195,23.6006,10.374,13.0491,1172.614
0,NVIDIA L4,dinolarge-patch,nyudepth,1,196,23.6312,10.836,12.6367,1172.614
0,NVIDIA L4,dinolarge-patch,nyudepth,1,197,23.371,10.4774,12.7474,1172.614
0,NVIDIA L4,dinolarge-patch,nyudepth,1,198,23.3901,10.5092,12.7347,1172.614
0,NVIDIA L4,dinolarge-patch,nyudepth,1,199,23.646,10.4149,13.0576,1172.614
0,NVIDIA L4,dinolarge-patch,nyudepth,2,0,65.5263,24.4849,40.8216,1174.809
0,NVIDIA L4,dinolarge-patch,nyudepth,2,1,38.287,11.7194,26.3575,1174.809
0,NVIDIA L4,dinolarge-patch,nyudepth,2,2,40.0496,11.0748,28.808,1174.809
0,NVIDIA L4,dinolarge-patch,nyudepth,2,3,39.4032,10.8596,28.3807,1174.809
0,NVIDIA L4,dinolarge-patch,nyudepth,2,4,39.9526,10.8457,28.9471,1174.809
0,NVIDIA L4,dinolarge-patch,nyudepth,2,5,39.7848,10.931,28.6834,1174.809
0,NVIDIA L4,dinolarge-patch,nyudepth,2,6,39.4617,10.8614,28.4553,1174.809
0,NVIDIA L4,dinolarge-patch,nyudepth,2,7,40.2555,10.8572,29.2519,1174.809
0,NVIDIA L4,dinolarge-patch,nyudepth,2,8,39.1203,10.9796,27.9902,1174.809
0,NVIDIA L4,dinolarge-patch,nyudepth,2,9,40.5784,10.937,29.4714,1174.809
0,NVIDIA L4,dinolarge-patch,nyudepth,2,10,38.7761,10.9596,27.6669,1174.809
0,NVIDIA L4,dinolarge-patch,nyudepth,2,11,40.518,10.8126,29.555,1174.809
0,NVIDIA L4,dinolarge-patch,nyudepth,2,12,38.6741,10.8818,27.6332,1174.809
0,NVIDIA L4,dinolarge-patch,nyudepth,2,13,39.9858,11.2451,28.5807,1174.809
0,NVIDIA L4,dinolarge-patch,nyudepth,2,14,40.7575,12.32,28.2352,1174.809
0,NVIDIA L4,dinolarge-patch,nyudepth,2,15,39.7911,11.7747,27.8492,1174.809
0,NVIDIA L4,dinolarge-patch,nyudepth,2,16,40.0797,11.5099,28.4038,1174.809
0,NVIDIA L4,dinolarge-patch,nyudepth,2,17,39.6263,11.6082,27.8549,1174.809
0,NVIDIA L4,dinolarge-patch,nyudepth,2,18,40.6844,11.0734,29.4538,1174.809
0,NVIDIA L4,dinolarge-patch,nyudepth,2,19,39.2102,11.0188,28.0344,1174.809
0,NVIDIA L4,dinolarge-patch,nyudepth,2,20,40.655,11.0322,29.463,1174.809
0,NVIDIA L4,dinolarge-patch,nyudepth,2,21,38.6389,10.7867,27.6691,1174.809
0,NVIDIA L4,dinolarge-patch,nyudepth,2,22,40.8108,11.565,29.0683,1174.809
0,NVIDIA L4,dinolarge-patch,nyudepth,2,23,38.9072,11.5116,27.2361,1174.809
0,NVIDIA L4,dinolarge-patch,nyudepth,2,24,40.3939,11.6068,28.6311,1174.809
0,NVIDIA L4,dinolarge-patch,nyudepth,2,25,39.9184,11.5779,27.8706,1174.809
0,NVIDIA L4,dinolarge-patch,nyudepth,2,26,39.8812,11.6643,28.0598,1174.809
0,NVIDIA L4,dinolarge-patch,nyudepth,2,27,40.5414,12.2407,28.0746,1174.809
0,NVIDIA L4,dinolarge-patch,nyudepth,2,28,38.7848,11.7307,26.8826,1174.809
0,NVIDIA L4,dinolarge-patch,nyudepth,2,29,40.6601,11.2514,29.2407,1174.809
0,NVIDIA L4,dinolarge-patch,nyudepth,2,30,38.9717,10.9014,27.9055,1174.809
0,NVIDIA L4,dinolarge-patch,nyudepth,2,31,39.9045,10.8973,28.8461,1174.809
0,NVIDIA L4,dinolarge-patch,nyudepth,2,32,38.8406,11.1103,27.5687,1174.809
0,NVIDIA L4,dinolarge-patch,nyudepth,2,33,40.2041,11.4788,28.5652,1174.809
0,NVIDIA L4,dinolarge-patch,nyudepth,2,34,38.5708,11.4404,26.935,1174.809
0,NVIDIA L4,dinolarge-patch,nyudepth,2,35,40.2228,11.3535,28.3162,1174.809
0,NVIDIA L4,dinolarge-patch,nyudepth,2,36,40.7905,10.824,29.8244,1174.809
0,NVIDIA L4,dinolarge-patch,nyudepth,2,37,39.3673,10.808,28.389,1174.809
0,NVIDIA L4,dinolarge-patch,nyudepth,2,38,40.6548,10.7893,29.715,1174.809
0,NVIDIA L4,dinolarge-patch,nyudepth,2,39,38.3876,10.9017,27.3333,1174.809
0,NVIDIA L4,dinolarge-patch,nyudepth,2,40,38.1101,10.9285,27.0168,1174.809
0,NVIDIA L4,dinolarge-patch,nyudepth,2,41,39.7971,10.8929,28.737,1174.809
0,NVIDIA L4,dinolarge-patch,nyudepth,2,42,39.2822,10.7673,28.3496,1174.809
0,NVIDIA L4,dinolarge-patch,nyudepth,2,43,41.0085,11.6835,29.0495,1174.809
0,NVIDIA L4,dinolarge-patch,nyudepth,2,44,39.6929,11.6952,27.757,1174.809
0,NVIDIA L4,dinolarge-patch,nyudepth,2,45,39.9528,12.63,27.1284,1174.809
0,NVIDIA L4,dinolarge-patch,nyudepth,2,46,39.8962,11.0761,28.6588,1174.809
0,NVIDIA L4,dinolarge-patch,nyudepth,2,47,39.8217,11.0323,28.6303,1174.809
0,NVIDIA L4,dinolarge-patch,nyudepth,2,48,39.4564,11.0065,28.2892,1174.809
0,NVIDIA L4,dinolarge-patch,nyudepth,2,49,40.5791,11.067,29.3326,1174.809
0,NVIDIA L4,dinolarge-patch,nyudepth,2,50,39.0582,10.9698,27.9332,1174.809
0,NVIDIA L4,dinolarge-patch,nyudepth,2,51,40.5874,11.1748,29.2482,1174.809
0,NVIDIA L4,dinolarge-patch,nyudepth,2,52,40.4468,11.3194,28.9502,1174.809
0,NVIDIA L4,dinolarge-patch,nyudepth,2,53,39.7875,11.0522,28.5789,1174.809
0,NVIDIA L4,dinolarge-patch,nyudepth,2,54,40.3609,11.1958,29.0094,1174.809
0,NVIDIA L4,dinolarge-patch,nyudepth,2,55,39.5913,10.9904,28.4564,1174.809
0,NVIDIA L4,dinolarge-patch,nyudepth,2,56,40.6487,11.0623,29.4388,1174.809
0,NVIDIA L4,dinolarge-patch,nyudepth,2,57,38.847,11.1352,27.5593,1174.809
0,NVIDIA L4,dinolarge-patch,nyudepth,2,58,40.8622,11.1129,29.5907,1174.809
0,NVIDIA L4,dinolarge-patch,nyudepth,2,59,38.9911,11.1307,27.7045,1174.809
0,NVIDIA L4,dinolarge-patch,nyudepth,2,60,39.9268,12.0777,27.596,1174.809
0,NVIDIA L4,dinolarge-patch,nyudepth,2,61,39.1107,12.3599,26.5455,1174.809
0,NVIDIA L4,dinolarge-patch,nyudepth,2,62,40.2643,11.9679,28.1159,1174.809
0,NVIDIA L4,dinolarge-patch,nyudepth,2,63,39.5626,12.0871,27.2719,1174.809
0,NVIDIA L4,dinolarge-patch,nyudepth,2,64,39.9144,11.7732,27.9692,1174.809
0,NVIDIA L4,dinolarge-patch,nyudepth,2,65,40.7733,11.6531,28.9679,1174.809
0,NVIDIA L4,dinolarge-patch,nyudepth,2,66,39.7066,11.6735,27.88,1174.809
0,NVIDIA L4,dinolarge-patch,nyudepth,2,67,40.8148,11.7901,28.8723,1174.809
0,NVIDIA L4,dinolarge-patch,nyudepth,2,68,39.2125,11.7279,27.3274,1174.809
0,NVIDIA L4,dinolarge-patch,nyudepth,2,69,40.9601,11.7338,29.0658,1174.809
0,NVIDIA L4,dinolarge-patch,nyudepth,2,70,39.029,11.809,27.0589,1174.809
0,NVIDIA L4,dinolarge-patch,nyudepth,2,71,40.3965,11.176,29.0563,1174.809
0,NVIDIA L4,dinolarge-patch,nyudepth,2,72,40.4942,11.1769,29.1516,1174.809
0,NVIDIA L4,dinolarge-patch,nyudepth,2,73,39.9265,11.0604,28.7058,1174.809
0,NVIDIA L4,dinolarge-patch,nyudepth,2,74,40.7506,11.1253,29.4633,1174.809
0,NVIDIA L4,dinolarge-patch,nyudepth,2,75,40.1516,11.0216,28.9773,1174.809
0,NVIDIA L4,dinolarge-patch,nyudepth,2,76,40.5288,10.9612,29.4066,1174.809
0,NVIDIA L4,dinolarge-patch,nyudepth,2,77,39.3866,11.0897,28.1171,1174.809
0,NVIDIA L4,dinolarge-patch,nyudepth,2,78,40.6333,11.1721,29.2719,1174.809
0,NVIDIA L4,dinolarge-patch,nyudepth,2,79,38.7438,11.227,27.3279,1174.809
0,NVIDIA L4,dinolarge-patch,nyudepth,2,80,40.7423,11.0849,29.46,1174.809
0,NVIDIA L4,dinolarge-patch,nyudepth,2,81,39.527,11.0815,28.2759,1174.809
0,NVIDIA L4,dinolarge-patch,nyudepth,2,82,39.9121,11.0211,28.7315,1174.809
0,NVIDIA L4,dinolarge-patch,nyudepth,2,83,40.7011,11.0216,29.5144,1174.809
0,NVIDIA L4,dinolarge-patch,nyudepth,2,84,39.0928,11.7156,26.8705,1174.809
0,NVIDIA L4,dinolarge-patch,nyudepth,2,85,40.8979,11.7354,29.0036,1174.809
0,NVIDIA L4,dinolarge-patch,nyudepth,2,86,38.9855,11.6775,27.1562,1174.809
0,NVIDIA L4,dinolarge-patch,nyudepth,2,87,40.4023,11.0634,29.1469,1174.809
0,NVIDIA L4,dinolarge-patch,nyudepth,2,88,39.4784,11.0305,28.2891,1174.809
0,NVIDIA L4,dinolarge-patch,nyudepth,2,89,39.8344,11.0391,28.6285,1174.809
0,NVIDIA L4,dinolarge-patch,nyudepth,2,90,40.7507,11.0117,29.5734,1174.809
0,NVIDIA L4,dinolarge-patch,nyudepth,2,91,39.2458,10.9788,28.1051,1174.809
0,NVIDIA L4,dinolarge-patch,nyudepth,2,92,40.1837,11.3897,28.5965,1174.809
0,NVIDIA L4,dinolarge-patch,nyudepth,2,93,38.8471,11.0352,27.6423,1174.809
0,NVIDIA L4,dinolarge-patch,nyudepth,2,94,40.6481,11.3558,29.1303,1174.809
0,NVIDIA L4,dinolarge-patch,nyudepth,2,95,38.7685,10.995,27.6202,1174.809
0,NVIDIA L4,dinolarge-patch,nyudepth,2,96,40.4322,11.004,29.2688,1174.809
0,NVIDIA L4,dinolarge-patch,nyudepth,2,97,38.6382,10.8659,27.6153,1174.809
0,NVIDIA L4,dinolarge-patch,nyudepth,2,98,40.8266,11.0135,29.6568,1174.809
0,NVIDIA L4,dinolarge-patch,nyudepth,2,99,39.1716,10.9134,28.0968,1174.809
0,NVIDIA L4,dinolarge-patch,nyudepth,2,100,37.6236,11.2815,26.149,1174.809
0,NVIDIA L4,dinolarge-patch,nyudepth,2,101,37.9241,11.2335,26.4937,1174.809
0,NVIDIA L4,dinolarge-patch,nyudepth,2,102,38.3329,11.2242,26.9152,1174.809
0,NVIDIA L4,dinolarge-patch,nyudepth,2,103,37.6493,11.7554,25.6783,1174.809
0,NVIDIA L4,dinolarge-patch,nyudepth,2,104,37.8745,11.3362,26.3725,1174.809
0,NVIDIA L4,dinolarge-patch,nyudepth,2,105,38.1918,11.3104,26.7141,1174.809
0,NVIDIA L4,dinolarge-patch,nyudepth,2,106,39.0032,11.1484,27.6815,1174.809
0,NVIDIA L4,dinolarge-patch,nyudepth,2,107,38.2843,11.0433,27.0608,1174.809
0,NVIDIA L4,dinolarge-patch,nyudepth,2,108,37.8575,11.1445,26.5386,1174.809
0,NVIDIA L4,dinolarge-patch,nyudepth,2,109,38.2903,11.7173,26.3771,1174.809
0,NVIDIA L4,dinolarge-patch,nyudepth,2,110,38.5015,11.061,27.2565,1174.809
0,NVIDIA L4,dinolarge-patch,nyudepth,2,111,37.803,11.6746,25.947,1174.809
0,NVIDIA L4,dinolarge-patch,nyudepth,2,112,38.7184,11.096,27.4372,1174.809
0,NVIDIA L4,dinolarge-patch,nyudepth,2,113,39.3372,11.6274,27.4546,1174.809
0,NVIDIA L4,dinolarge-patch,nyudepth,2,114,38.7822,11.7671,26.735,1174.809
0,NVIDIA L4,dinolarge-patch,nyudepth,2,115,38.402,11.6074,26.5801,1174.809
0,NVIDIA L4,dinolarge-patch,nyudepth,2,116,37.844,11.136,26.534,1174.809
0,NVIDIA L4,dinolarge-patch,nyudepth,2,117,38.572,11.0683,27.323,1174.809
0,NVIDIA L4,dinolarge-patch,nyudepth,2,118,38.55,11.1635,27.2141,1174.809
0,NVIDIA L4,dinolarge-patch,nyudepth,2,119,39.1272,10.9617,27.9755,1174.809
0,NVIDIA L4,dinolarge-patch,nyudepth,2,120,37.614,10.9715,26.4491,1174.809
0,NVIDIA L4,dinolarge-patch,nyudepth,2,121,37.4067,10.9808,26.2453,1174.809
0,NVIDIA L4,dinolarge-patch,nyudepth,2,122,37.8703,10.9043,26.7929,1174.809
0,NVIDIA L4,dinolarge-patch,nyudepth,2,123,38.8446,11.3807,27.2513,1174.809
0,NVIDIA L4,dinolarge-patch,nyudepth,2,124,37.6315,10.9776,26.4871,1174.809
0,NVIDIA L4,dinolarge-patch,nyudepth,2,125,38.1051,11.6751,26.1985,1174.809
0,NVIDIA L4,dinolarge-patch,nyudepth,2,126,37.7233,11.1917,26.3238,1174.809
0,NVIDIA L4,dinolarge-patch,nyudepth,2,127,38.5185,11.1929,27.1447,1174.809
0,NVIDIA L4,dinolarge-patch,nyudepth,2,128,38.3961,11.0023,27.2233,1174.809
0,NVIDIA L4,dinolarge-patch,nyudepth,2,129,38.023,11.0792,26.7686,1174.809
0,NVIDIA L4,dinolarge-patch,nyudepth,2,130,38.0084,11.0235,26.8009,1174.809
0,NVIDIA L4,dinolarge-patch,nyudepth,2,131,38.1565,11.7076,26.2712,1174.809
0,NVIDIA L4,dinolarge-patch,nyudepth,2,132,38.1726,11.6444,26.3512,1174.809
0,NVIDIA L4,dinolarge-patch,nyudepth,2,133,38.4928,11.3278,26.5202,1174.809
0,NVIDIA L4,dinolarge-patch,nyudepth,2,134,38.1709,11.0422,26.9661,1174.809
0,NVIDIA L4,dinolarge-patch,nyudepth,2,135,37.692,10.9804,26.5451,1174.809
0,NVIDIA L4,dinolarge-patch,nyudepth,2,136,39.1195,10.9542,27.9937,1174.809
0,NVIDIA L4,dinolarge-patch,nyudepth,2,137,39.1158,11.3099,27.6308,1174.809
0,NVIDIA L4,dinolarge-patch,nyudepth,2,138,37.5446,11.2017,26.1633,1174.809
0,NVIDIA L4,dinolarge-patch,nyudepth,2,139,37.6407,11.9402,25.5097,1174.809
0,NVIDIA L4,dinolarge-patch,nyudepth,2,140,37.5192,11.6669,25.6701,1174.809
0,NVIDIA L4,dinolarge-patch,nyudepth,2,141,37.7501,10.9009,26.6734,1174.809
0,NVIDIA L4,dinolarge-patch,nyudepth,2,142,37.7398,11.7522,25.8127,1174.809
0,NVIDIA L4,dinolarge-patch,nyudepth,2,143,37.6543,11.8198,25.6739,1174.809
0,NVIDIA L4,dinolarge-patch,nyudepth,2,144,38.7929,10.9735,27.667,1174.809
0,NVIDIA L4,dinolarge-patch,nyudepth,2,145,38.2988,10.9062,27.2039,1174.809
0,NVIDIA L4,dinolarge-patch,nyudepth,2,146,37.4506,11.0002,26.2851,1174.809
0,NVIDIA L4,dinolarge-patch,nyudepth,2,147,37.8808,11.02,26.6929,1174.809
0,NVIDIA L4,dinolarge-patch,nyudepth,2,148,38.2751,10.8816,27.2027,1174.809
0,NVIDIA L4,dinolarge-patch,nyudepth,2,149,38.1761,11.4047,26.5908,1174.809
0,NVIDIA L4,dinolarge-patch,nyudepth,2,150,38.802,11.2728,27.3637,1174.809
0,NVIDIA L4,dinolarge-patch,nyudepth,2,151,39.1974,11.3018,27.727,1174.809
0,NVIDIA L4,dinolarge-patch,nyudepth,2,152,39.0259,10.9979,27.8339,1174.809
0,NVIDIA L4,dinolarge-patch,nyudepth,2,153,39.1125,11.4384,27.4978,1174.809
0,NVIDIA L4,dinolarge-patch,nyudepth,2,154,37.9935,11.7485,26.0675,1174.809
0,NVIDIA L4,dinolarge-patch,nyudepth,2,155,38.0295,12.2632,25.5405,1174.809
0,NVIDIA L4,dinolarge-patch,nyudepth,2,156,38.5944,11.7793,26.635,1174.809
0,NVIDIA L4,dinolarge-patch,nyudepth,2,157,37.5166,11.3771,25.9539,1174.809
0,NVIDIA L4,dinolarge-patch,nyudepth,2,158,38.1969,11.1437,26.8754,1174.809
0,NVIDIA L4,dinolarge-patch,nyudepth,2,159,38.9975,11.1041,27.7177,1174.809
0,NVIDIA L4,dinolarge-patch,nyudepth,2,160,39.302,11.2102,27.9091,1174.809
0,NVIDIA L4,dinolarge-patch,nyudepth,2,161,39.0889,11.314,27.5946,1174.809
0,NVIDIA L4,dinolarge-patch,nyudepth,2,162,38.1951,11.4065,26.6256,1174.809
0,NVIDIA L4,dinolarge-patch,nyudepth,2,163,37.5437,11.39,25.9921,1174.809
0,NVIDIA L4,dinolarge-patch,nyudepth,2,164,37.6005,11.267,26.1493,1174.809
0,NVIDIA L4,dinolarge-patch,nyudepth,2,165,38.4743,11.3083,26.9986,1174.809
0,NVIDIA L4,dinolarge-patch,nyudepth,2,166,38.5546,12.2215,26.03,1174.809
0,NVIDIA L4,dinolarge-patch,nyudepth,2,167,37.8132,12.1224,25.4422,1174.809
0,NVIDIA L4,dinolarge-patch,nyudepth,2,168,37.3489,11.4547,25.7116,1174.809
0,NVIDIA L4,dinolarge-patch,nyudepth,2,169,37.704,11.4784,26.0531,1174.809
0,NVIDIA L4,dinolarge-patch,nyudepth,2,170,37.7382,11.3889,26.1431,1174.809
0,NVIDIA L4,dinolarge-patch,nyudepth,2,171,38.4316,11.2723,26.9735,1174.809
0,NVIDIA L4,dinolarge-patch,nyudepth,2,172,38.3157,11.7774,26.3433,1174.809
0,NVIDIA L4,dinolarge-patch,nyudepth,2,173,38.9388,11.0155,27.7606,1174.809
0,NVIDIA L4,dinolarge-patch,nyudepth,2,174,37.8823,10.9631,26.7557,1174.809
0,NVIDIA L4,dinolarge-patch,nyudepth,2,175,38.3906,11.1446,27.0711,1174.809
0,NVIDIA L4,dinolarge-patch,nyudepth,2,176,38.6714,11.1133,27.3778,1174.809
0,NVIDIA L4,dinolarge-patch,nyudepth,2,177,39.223,11.0112,27.9908,1174.809
0,NVIDIA L4,dinolarge-patch,nyudepth,2,178,38.5178,11.7747,26.5254,1174.809
0,NVIDIA L4,dinolarge-patch,nyudepth,2,179,37.6249,11.0684,26.3764,1174.809
0,NVIDIA L4,dinolarge-patch,nyudepth,2,180,37.6144,10.9937,26.4467,1174.809
0,NVIDIA L4,dinolarge-patch,nyudepth,2,181,37.745,11.1748,26.3808,1174.809
0,NVIDIA L4,dinolarge-patch,nyudepth,2,182,38.3141,11.3518,26.3099,1174.809
0,NVIDIA L4,dinolarge-patch,nyudepth,2,183,37.6173,11.4928,25.9633,1174.809
0,NVIDIA L4,dinolarge-patch,nyudepth,2,184,38.4177,11.4871,26.7568,1174.809
0,NVIDIA L4,dinolarge-patch,nyudepth,2,185,39.2793,11.4688,27.632,1174.809
0,NVIDIA L4,dinolarge-patch,nyudepth,2,186,38.7545,11.3158,27.2675,1174.809
0,NVIDIA L4,dinolarge-patch,nyudepth,2,187,38.8862,11.3233,27.3897,1174.809
0,NVIDIA L4,dinolarge-patch,nyudepth,2,188,38.1123,11.6083,26.3139,1174.809
0,NVIDIA L4,dinolarge-patch,nyudepth,2,189,38.8115,11.2819,27.353,1174.809
0,NVIDIA L4,dinolarge-patch,nyudepth,2,190,39.1103,11.3506,27.5907,1174.809
0,NVIDIA L4,dinolarge-patch,nyudepth,2,191,39.3422,11.5435,27.6007,1174.809
0,NVIDIA L4,dinolarge-patch,nyudepth,2,192,38.4301,12.0384,26.2271,1174.809
0,NVIDIA L4,dinolarge-patch,nyudepth,2,193,37.5447,11.2958,26.0833,1174.809
0,NVIDIA L4,dinolarge-patch,nyudepth,2,194,37.9303,11.5785,26.1556,1174.809
0,NVIDIA L4,dinolarge-patch,nyudepth,2,195,38.5094,11.4949,26.8348,1174.809
0,NVIDIA L4,dinolarge-patch,nyudepth,2,196,38.6192,11.4242,27.0165,1174.809
0,NVIDIA L4,dinolarge-patch,nyudepth,2,197,38.9746,11.4589,27.3188,1174.809
0,NVIDIA L4,dinolarge-patch,nyudepth,2,198,39.3027,11.4045,27.7122,1174.809
0,NVIDIA L4,dinolarge-patch,nyudepth,2,199,38.9554,11.3339,27.4486,1174.809
0,NVIDIA L4,dinolarge-patch,nyudepth,4,0,113.9968,27.4848,86.2686,1179.2
0,NVIDIA L4,dinolarge-patch,nyudepth,4,1,83.0021,12.2573,70.5357,1179.2
0,NVIDIA L4,dinolarge-patch,nyudepth,4,2,84.4628,12.0488,72.2335,1179.2
0,NVIDIA L4,dinolarge-patch,nyudepth,4,3,83.6209,11.5021,71.9111,1179.2
0,NVIDIA L4,dinolarge-patch,nyudepth,4,4,83.2567,11.6482,71.4155,1179.2
0,NVIDIA L4,dinolarge-patch,nyudepth,4,5,82.4478,12.1887,70.0283,1179.2
0,NVIDIA L4,dinolarge-patch,nyudepth,4,6,83.6169,12.1117,71.3042,1179.2
0,NVIDIA L4,dinolarge-patch,nyudepth,4,7,84.103,12.3642,71.5137,1179.2
0,NVIDIA L4,dinolarge-patch,nyudepth,4,8,83.821,12.3037,71.2994,1179.2
0,NVIDIA L4,dinolarge-patch,nyudepth,4,9,82.889,12.3763,70.285,1179.2
0,NVIDIA L4,dinolarge-patch,nyudepth,4,10,83.5476,12.5022,70.8278,1179.2
0,NVIDIA L4,dinolarge-patch,nyudepth,4,11,83.3767,11.9144,71.2744,1179.2
0,NVIDIA L4,dinolarge-patch,nyudepth,4,12,83.0941,11.4625,71.461,1179.2
0,NVIDIA L4,dinolarge-patch,nyudepth,4,13,83.6557,11.5487,71.8938,1179.2
0,NVIDIA L4,dinolarge-patch,nyudepth,4,14,84.6092,12.1761,72.1947,1179.2
0,NVIDIA L4,dinolarge-patch,nyudepth,4,15,85.1896,12.0768,72.8541,1179.2
0,NVIDIA L4,dinolarge-patch,nyudepth,4,16,80.8579,11.9136,68.7122,1179.2
0,NVIDIA L4,dinolarge-patch,nyudepth,4,17,83.1436,11.3422,71.6068,1179.2
0,NVIDIA L4,dinolarge-patch,nyudepth,4,18,82.822,11.442,71.1765,1179.2
0,NVIDIA L4,dinolarge-patch,nyudepth,4,19,82.9958,11.4899,71.3191,1179.2
0,NVIDIA L4,dinolarge-patch,nyudepth,4,20,82.2661,11.4458,70.1843,1179.2
0,NVIDIA L4,dinolarge-patch,nyudepth,4,21,82.9369,11.1918,71.5596,1179.2
0,NVIDIA L4,dinolarge-patch,nyudepth,4,22,84.048,11.4134,72.4232,1179.2
0,NVIDIA L4,dinolarge-patch,nyudepth,4,23,84.573,12.4421,71.898,1179.2
0,NVIDIA L4,dinolarge-patch,nyudepth,4,24,83.9731,11.4365,72.3392,1179.2
0,NVIDIA L4,dinolarge-patch,nyudepth,4,25,84.3024,11.2533,72.8705,1179.2
0,NVIDIA L4,dinolarge-patch,nyudepth,4,26,83.817,11.473,72.1316,1179.2
0,NVIDIA L4,dinolarge-patch,nyudepth,4,27,84.0718,11.1975,72.6885,1179.2
0,NVIDIA L4,dinolarge-patch,nyudepth,4,28,84.5352,11.9628,72.3394,1179.2
0,NVIDIA L4,dinolarge-patch,nyudepth,4,29,84.0052,11.6687,72.131,1179.2
0,NVIDIA L4,dinolarge-patch,nyudepth,4,30,83.1894,11.6733,71.3247,1179.2
0,NVIDIA L4,dinolarge-patch,nyudepth,4,31,83.6569,11.4389,72.0261,1179.2
0,NVIDIA L4,dinolarge-patch,nyudepth,4,32,83.8022,11.5583,72.0477,1179.2
0,NVIDIA L4,dinolarge-patch,nyudepth,4,33,82.6648,11.3405,71.1244,1179.2
0,NVIDIA L4,dinolarge-patch,nyudepth,4,34,84.5805,11.1978,73.1897,1179.2
0,NVIDIA L4,dinolarge-patch,nyudepth,4,35,83.6825,11.6223,71.8545,1179.2
0,NVIDIA L4,dinolarge-patch,nyudepth,4,36,83.1575,11.4874,71.4388,1179.2
0,NVIDIA L4,dinolarge-patch,nyudepth,4,37,82.7423,11.4675,71.0374,1179.2
0,NVIDIA L4,dinolarge-patch,nyudepth,4,38,83.545,11.2697,72.0828,1179.2
0,NVIDIA L4,dinolarge-patch,nyudepth,4,39,83.6999,11.0788,72.4534,1179.2
0,NVIDIA L4,dinolarge-patch,nyudepth,4,40,82.988,11.3309,71.438,1179.2
0,NVIDIA L4,dinolarge-patch,nyudepth,4,41,83.0769,11.2155,71.6791,1179.2
0,NVIDIA L4,dinolarge-patch,nyudepth,4,42,84.5323,11.4303,72.8933,1179.2
0,NVIDIA L4,dinolarge-patch,nyudepth,4,43,82.468,11.4864,70.7572,1179.2
0,NVIDIA L4,dinolarge-patch,nyudepth,4,44,83.5656,11.6203,71.7355,1179.2
0,NVIDIA L4,dinolarge-patch,nyudepth,4,45,82.2801,11.4194,70.65,1179.2
0,NVIDIA L4,dinolarge-patch,nyudepth,4,46,83.428,11.4858,71.739,1179.2
0,NVIDIA L4,dinolarge-patch,nyudepth,4,47,82.9474,11.6663,71.056,1179.2
0,NVIDIA L4,dinolarge-patch,nyudepth,4,48,84.7722,11.7395,72.8652,1179.2
0,NVIDIA L4,dinolarge-patch,nyudepth,4,49,84.0872,11.0781,72.844,1179.2
0,NVIDIA L4,dinolarge-patch,nyudepth,4,50,83.8643,11.2331,72.4442,1179.2
0,NVIDIA L4,dinolarge-patch,nyudepth,4,51,84.4275,11.4861,72.7427,1179.2
0,NVIDIA L4,dinolarge-patch,nyudepth,4,52,84.0008,11.1757,72.6343,1179.2
0,NVIDIA L4,dinolarge-patch,nyudepth,4,53,83.3492,11.3766,71.78,1179.2
0,NVIDIA L4,dinolarge-patch,nyudepth,4,54,83.6903,11.0731,72.4212,1179.2
0,NVIDIA L4,dinolarge-patch,nyudepth,4,55,83.8394,11.8258,71.7328,1179.2
0,NVIDIA L4,dinolarge-patch,nyudepth,4,56,84.462,11.756,72.4806,1179.2
0,NVIDIA L4,dinolarge-patch,nyudepth,4,57,82.9665,11.4512,70.8315,1179.2
0,NVIDIA L4,dinolarge-patch,nyudepth,4,58,83.9188,11.5961,72.1286,1179.2
0,NVIDIA L4,dinolarge-patch,nyudepth,4,59,84.553,11.2234,73.1489,1179.2
0,NVIDIA L4,dinolarge-patch,nyudepth,4,60,84.0832,11.3959,72.4918,1179.2
0,NVIDIA L4,dinolarge-patch,nyudepth,4,61,84.0567,11.2951,72.5239,1179.2
0,NVIDIA L4,dinolarge-patch,nyudepth,4,62,83.8699,11.233,72.4367,1179.2
0,NVIDIA L4,dinolarge-patch,nyudepth,4,63,84.1498,11.8505,72.0592,1179.2
0,NVIDIA L4,dinolarge-patch,nyudepth,4,64,83.0007,11.8399,70.9526,1179.2
0,NVIDIA L4,dinolarge-patch,nyudepth,4,65,83.7402,11.5854,71.9394,1179.2
0,NVIDIA L4,dinolarge-patch,nyudepth,4,66,83.0098,11.3895,71.4172,1179.2
0,NVIDIA L4,dinolarge-patch,nyudepth,4,67,82.3063,11.2082,70.8859,1179.2
0,NVIDIA L4,dinolarge-patch,nyudepth,4,68,83.4353,11.3526,71.8935,1179.2
0,NVIDIA L4,dinolarge-patch,nyudepth,4,69,83.8158,11.1886,72.4088,1179.2
0,NVIDIA L4,dinolarge-patch,nyudepth,4,70,84.498,11.1364,73.1718,1179.2
0,NVIDIA L4,dinolarge-patch,nyudepth,4,71,84.8312,11.4914,73.0998,1179.2
0,NVIDIA L4,dinolarge-patch,nyudepth,4,72,84.5995,11.5789,72.8097,1179.2
0,NVIDIA L4,dinolarge-patch,nyudepth,4,73,84.2682,11.4781,72.6073,1179.2
0,NVIDIA L4,dinolarge-patch,nyudepth,4,74,83.408,11.3357,71.8565,1179.2
0,NVIDIA L4,dinolarge-patch,nyudepth,4,75,84.6615,12.7092,71.752,1179.2
0,NVIDIA L4,dinolarge-patch,nyudepth,4,76,84.7887,12.2096,72.3898,1179.2
0,NVIDIA L4,dinolarge-patch,nyudepth,4,77,84.3782,11.9393,72.2538,1179.2
0,NVIDIA L4,dinolarge-patch,nyudepth,4,78,84.8649,11.8694,72.8142,1179.2
0,NVIDIA L4,dinolarge-patch,nyudepth,4,79,84.578,11.5809,72.7924,1179.2
0,NVIDIA L4,dinolarge-patch,nyudepth,4,80,83.8362,11.2532,72.4,1179.2
0,NVIDIA L4,dinolarge-patch,nyudepth,4,81,84.4379,11.4575,72.7821,1179.2
0,NVIDIA L4,dinolarge-patch,nyudepth,4,82,82.951,11.138,71.6354,1179.2
0,NVIDIA L4,dinolarge-patch,nyudepth,4,83,82.5863,11.288,71.1018,1179.2
0,NVIDIA L4,dinolarge-patch,nyudepth,4,84,83.5252,11.5933,71.7443,1179.2
0,NVIDIA L4,dinolarge-patch,nyudepth,4,85,84.22,12.0001,72.051,1179.2
0,NVIDIA L4,dinolarge-patch,nyudepth,4,86,84.4757,11.7622,72.4684,1179.2
0,NVIDIA L4,dinolarge-patch,nyudepth,4,87,83.9217,11.3155,72.4168,1179.2
0,NVIDIA L4,dinolarge-patch,nyudepth,4,88,84.6196,11.9144,72.4934,1179.2
0,NVIDIA L4,dinolarge-patch,nyudepth,4,89,85.0916,11.7548,73.1562,1179.2
0,NVIDIA L4,dinolarge-patch,nyudepth,4,90,85.0352,11.7397,73.0965,1179.2
0,NVIDIA L4,dinolarge-patch,nyudepth,4,91,83.647,11.9155,71.5322,1179.2
0,NVIDIA L4,dinolarge-patch,nyudepth,4,92,84.556,11.9249,72.4385,1179.2
0,NVIDIA L4,dinolarge-patch,nyudepth,4,93,84.1034,11.8707,72.0413,1179.2
0,NVIDIA L4,dinolarge-patch,nyudepth,4,94,84.8991,11.8062,72.3251,1179.2
0,NVIDIA L4,dinolarge-patch,nyudepth,4,95,83.7335,11.5256,71.9905,1179.2
0,NVIDIA L4,dinolarge-patch,nyudepth,4,96,83.73,11.3699,72.1709,1179.2
0,NVIDIA L4,dinolarge-patch,nyudepth,4,97,85.5994,11.2138,74.1728,1179.2
0,NVIDIA L4,dinolarge-patch,nyudepth,4,98,85.0849,11.2581,73.636,1179.2
0,NVIDIA L4,dinolarge-patch,nyudepth,4,99,85.1003,11.3718,73.5168,1179.2
0,NVIDIA L4,dinolarge-patch,nyudepth,4,100,84.6813,11.8651,72.575,1179.2
0,NVIDIA L4,dinolarge-patch,nyudepth,4,101,85.5937,12.2067,73.1238,1179.2
0,NVIDIA L4,dinolarge-patch,nyudepth,4,102,83.9541,11.6609,72.0746,1179.2
0,NVIDIA L4,dinolarge-patch,nyudepth,4,103,83.3906,11.4751,71.7019,1179.2
0,NVIDIA L4,dinolarge-patch,nyudepth,4,104,86.3433,11.5824,74.5491,1179.2
0,NVIDIA L4,dinolarge-patch,nyudepth,4,105,84.7147,12.4517,72.0348,1179.2
0,NVIDIA L4,dinolarge-patch,nyudepth,4,106,85.1817,11.706,73.2351,1179.2
0,NVIDIA L4,dinolarge-patch,nyudepth,4,107,84.5236,11.4359,72.8658,1179.2
0,NVIDIA L4,dinolarge-patch,nyudepth,4,108,83.8174,11.6583,71.9436,1179.2
0,NVIDIA L4,dinolarge-patch,nyudepth,4,109,85.8612,11.4756,74.1734,1179.2
0,NVIDIA L4,dinolarge-patch,nyudepth,4,110,86.1599,11.4919,74.4548,1179.2
0,NVIDIA L4,dinolarge-patch,nyudepth,4,111,83.9502,11.391,72.3496,1179.2
0,NVIDIA L4,dinolarge-patch,nyudepth,4,112,85.478,12.449,72.8078,1179.2
0,NVIDIA L4,dinolarge-patch,nyudepth,4,113,84.6881,12.8009,71.6825,1179.2
0,NVIDIA L4,dinolarge-patch,nyudepth,4,114,83.2828,12.2877,70.775,1179.2
0,NVIDIA L4,dinolarge-patch,nyudepth,4,115,84.5946,11.7708,72.607,1179.2
0,NVIDIA L4,dinolarge-patch,nyudepth,4,116,84.5565,11.578,72.7582,1179.2
0,NVIDIA L4,dinolarge-patch,nyudepth,4,117,83.3193,11.7256,71.3679,1179.2
0,NVIDIA L4,dinolarge-patch,nyudepth,4,118,84.3177,11.9251,72.1796,1179.2
0,NVIDIA L4,dinolarge-patch,nyudepth,4,119,85.8107,12.155,73.4469,1179.2
0,NVIDIA L4,dinolarge-patch,nyudepth,4,120,84.9355,12.0978,72.639,1179.2
0,NVIDIA L4,dinolarge-patch,nyudepth,4,121,83.6071,11.9728,71.4331,1179.2
0,NVIDIA L4,dinolarge-patch,nyudepth,4,122,84.6173,12.3843,71.9766,1179.2
0,NVIDIA L4,dinolarge-patch,nyudepth,4,123,85.2738,11.6996,73.3553,1179.2
0,NVIDIA L4,dinolarge-patch,nyudepth,4,124,85.2994,11.529,73.5438,1179.2
0,NVIDIA L4,dinolarge-patch,nyudepth,4,125,83.9466,12.3088,71.4295,1179.2
0,NVIDIA L4,dinolarge-patch,nyudepth,4,126,85.566,12.4086,72.9254,1179.2
0,NVIDIA L4,dinolarge-patch,nyudepth,4,127,85.2407,12.2532,72.7431,1179.2
0,NVIDIA L4,dinolarge-patch,nyudepth,4,128,83.2357,11.8379,71.176,1179.2
0,NVIDIA L4,dinolarge-patch,nyudepth,4,129,86.9589,11.5957,75.1373,1179.2
0,NVIDIA L4,dinolarge-patch,nyudepth,4,130,84.4334,11.8524,72.3639,1179.2
0,NVIDIA L4,dinolarge-patch,nyudepth,4,131,85.5439,11.6373,73.2208,1179.2
0,NVIDIA L4,dinolarge-patch,nyudepth,4,132,84.9157,11.5023,73.1839,1179.2
0,NVIDIA L4,dinolarge-patch,nyudepth,4,133,84.0237,11.4059,72.428,1179.2
0,NVIDIA L4,dinolarge-patch,nyudepth,4,134,70.5119,11.3543,58.9554,1179.2
0,NVIDIA L4,dinolarge-patch,nyudepth,4,135,84.4132,11.5011,72.7019,1179.2
0,NVIDIA L4,dinolarge-patch,nyudepth,4,136,84.5081,12.0173,72.2943,1179.2
0,NVIDIA L4,dinolarge-patch,nyudepth,4,137,86.0882,11.759,74.1045,1179.2
0,NVIDIA L4,dinolarge-patch,nyudepth,4,138,85.6082,11.6185,73.7561,1179.2
0,NVIDIA L4,dinolarge-patch,nyudepth,4,139,84.5797,11.5979,72.7463,1179.2
0,NVIDIA L4,dinolarge-patch,nyudepth,4,140,84.7726,11.4841,73.0779,1179.2
0,NVIDIA L4,dinolarge-patch,nyudepth,4,141,85.3408,11.5401,73.5992,1179.2
0,NVIDIA L4,dinolarge-patch,nyudepth,4,142,85.5294,12.6008,72.6998,1179.2
0,NVIDIA L4,dinolarge-patch,nyudepth,4,143,84.7875,12.5243,72.0491,1179.2
0,NVIDIA L4,dinolarge-patch,nyudepth,4,144,85.6721,12.3385,73.1151,1179.2
0,NVIDIA L4,dinolarge-patch,nyudepth,4,145,85.8264,12.2774,73.3395,1179.2
0,NVIDIA L4,dinolarge-patch,nyudepth,4,146,86.1361,12.4818,73.4085,1179.2
0,NVIDIA L4,dinolarge-patch,nyudepth,4,147,72.1878,12.7795,59.1247,1179.2
0,NVIDIA L4,dinolarge-patch,nyudepth,4,148,84.7482,12.5928,71.9201,1179.2
0,NVIDIA L4,dinolarge-patch,nyudepth,4,149,85.7434,12.4382,73.0913,1179.2
0,NVIDIA L4,dinolarge-patch,nyudepth,4,150,84.5252,12.4788,71.8404,1179.2
0,NVIDIA L4,dinolarge-patch,nyudepth,4,151,84.0518,11.7167,72.1176,1179.2
0,NVIDIA L4,dinolarge-patch,nyudepth,4,152,84.9148,12.2315,72.4662,1179.2
0,NVIDIA L4,dinolarge-patch,nyudepth,4,153,86.0212,12.4845,73.3024,1179.2
0,NVIDIA L4,dinolarge-patch,nyudepth,4,154,84.9916,12.3235,72.4274,1179.2
0,NVIDIA L4,dinolarge-patch,nyudepth,4,155,84.1168,12.2248,71.652,1179.2
0,NVIDIA L4,dinolarge-patch,nyudepth,4,156,84.5168,12.7235,71.5276,1179.2
0,NVIDIA L4,dinolarge-patch,nyudepth,4,157,84.6492,13.3758,71.0367,1179.2
0,NVIDIA L4,dinolarge-patch,nyudepth,4,158,83.9491,11.5991,72.1387,1179.2
0,NVIDIA L4,dinolarge-patch,nyudepth,4,159,85.2515,12.0191,73.05,1179.2
0,NVIDIA L4,dinolarge-patch,nyudepth,4,160,85.5271,11.8264,73.4524,1179.2
0,NVIDIA L4,dinolarge-patch,nyudepth,4,161,85.2232,11.8387,73.1572,1179.2
0,NVIDIA L4,dinolarge-patch,nyudepth,4,162,83.7012,11.7434,71.7242,1179.2
0,NVIDIA L4,dinolarge-patch,nyudepth,4,163,84.9418,11.2981,73.4393,1179.2
0,NVIDIA L4,dinolarge-patch,nyudepth,4,164,84.767,11.4753,73.0963,1179.2
0,NVIDIA L4,dinolarge-patch,nyudepth,4,165,84.2535,11.6833,72.379,1179.2
0,NVIDIA L4,dinolarge-patch,nyudepth,4,166,85.5498,11.7235,73.5768,1179.2
0,NVIDIA L4,dinolarge-patch,nyudepth,4,167,85.3918,11.2357,73.9741,1179.2
0,NVIDIA L4,dinolarge-patch,nyudepth,4,168,86.83,11.1767,74.9633,1179.2
0,NVIDIA L4,dinolarge-patch,nyudepth,4,169,85.3914,11.2072,73.9962,1179.2
0,NVIDIA L4,dinolarge-patch,nyudepth,4,170,84.8539,11.9058,72.6856,1179.2
0,NVIDIA L4,dinolarge-patch,nyudepth,4,171,84.9845,11.5402,73.2458,1179.2
0,NVIDIA L4,dinolarge-patch,nyudepth,4,172,85.8717,11.6218,74.059,1179.2
0,NVIDIA L4,dinolarge-patch,nyudepth,4,173,85.5333,11.6365,73.6993,1179.2
0,NVIDIA L4,dinolarge-patch,nyudepth,4,174,84.4529,11.849,72.414,1179.2
0,NVIDIA L4,dinolarge-patch,nyudepth,4,175,85.8163,11.464,74.1365,1179.2
0,NVIDIA L4,dinolarge-patch,nyudepth,4,176,85.0448,11.204,73.6455,1179.2
0,NVIDIA L4,dinolarge-patch,nyudepth,4,177,85.1826,11.2842,73.7019,1179.2
0,NVIDIA L4,dinolarge-patch,nyudepth,4,178,85.9616,11.8401,73.8471,1179.2
0,NVIDIA L4,dinolarge-patch,nyudepth,4,179,86.8033,12.0576,74.5124,1179.2
0,NVIDIA L4,dinolarge-patch,nyudepth,4,180,84.9863,11.4796,73.2607,1179.2
0,NVIDIA L4,dinolarge-patch,nyudepth,4,181,83.4766,11.2872,71.9955,1179.2
0,NVIDIA L4,dinolarge-patch,nyudepth,4,182,85.2679,11.2369,73.84,1179.2
0,NVIDIA L4,dinolarge-patch,nyudepth,4,183,84.5532,11.5364,72.8055,1179.2
0,NVIDIA L4,dinolarge-patch,nyudepth,4,184,85.2793,11.299,73.7917,1179.2
0,NVIDIA L4,dinolarge-patch,nyudepth,4,185,86.6718,11.455,75.0258,1179.2
0,NVIDIA L4,dinolarge-patch,nyudepth,4,186,85.1459,11.918,72.9794,1179.2
0,NVIDIA L4,dinolarge-patch,nyudepth,4,187,86.4201,11.7218,74.4806,1179.2
0,NVIDIA L4,dinolarge-patch,nyudepth,4,188,84.9175,11.304,73.4225,1179.2
0,NVIDIA L4,dinolarge-patch,nyudepth,4,189,86.2159,11.5286,74.4655,1179.2
0,NVIDIA L4,dinolarge-patch,nyudepth,4,190,84.6142,11.268,73.144,1179.2
0,NVIDIA L4,dinolarge-patch,nyudepth,4,191,85.2984,11.5407,73.5409,1179.2
0,NVIDIA L4,dinolarge-patch,nyudepth,4,192,86.001,11.2785,74.4967,1179.2
0,NVIDIA L4,dinolarge-patch,nyudepth,4,193,84.5581,11.439,72.9086,1179.2
0,NVIDIA L4,dinolarge-patch,nyudepth,4,194,87.2076,11.6016,75.3795,1179.2
0,NVIDIA L4,dinolarge-patch,nyudepth,4,195,85.1645,11.3531,73.6228,1179.2
0,NVIDIA L4,dinolarge-patch,nyudepth,4,196,86.3264,11.6276,74.5326,1179.2
0,NVIDIA L4,dinolarge-patch,nyudepth,4,197,84.9922,11.3478,73.4546,1179.2
0,NVIDIA L4,dinolarge-patch,nyudepth,4,198,85.5878,11.303,74.1026,1179.2
0,NVIDIA L4,dinolarge-patch,nyudepth,4,199,85.1394,11.4445,73.4937,1179.2
0,NVIDIA L4,dinolarge-patch,nyudepth,8,0,207.764,35.5831,171.928,1187.981
0,NVIDIA L4,dinolarge-patch,nyudepth,8,1,176.715,15.7444,160.7274,1187.981
0,NVIDIA L4,dinolarge-patch,nyudepth,8,2,173.3182,12.7547,160.3261,1187.981
0,NVIDIA L4,dinolarge-patch,nyudepth,8,3,174.4416,13.151,161.051,1187.981
0,NVIDIA L4,dinolarge-patch,nyudepth,8,4,173.7484,12.5929,160.9137,1187.981
0,NVIDIA L4,dinolarge-patch,nyudepth,8,5,173.8508,12.6368,160.9428,1187.981
0,NVIDIA L4,dinolarge-patch,nyudepth,8,6,175.3169,12.362,162.7049,1187.981
0,NVIDIA L4,dinolarge-patch,nyudepth,8,7,176.6221,13.5619,162.7986,1187.981
0,NVIDIA L4,dinolarge-patch,nyudepth,8,8,173.3042,12.5662,160.4505,1187.981
0,NVIDIA L4,dinolarge-patch,nyudepth,8,9,174.2005,13.7063,160.2579,1187.981
0,NVIDIA L4,dinolarge-patch,nyudepth,8,10,174.3743,12.5113,161.6085,1187.981
0,NVIDIA L4,dinolarge-patch,nyudepth,8,11,173.341,12.4102,160.6936,1187.981
0,NVIDIA L4,dinolarge-patch,nyudepth,8,12,174.3588,12.5472,161.5982,1187.981
0,NVIDIA L4,dinolarge-patch,nyudepth,8,13,173.1902,12.4101,160.55,1187.981
0,NVIDIA L4,dinolarge-patch,nyudepth,8,14,175.7566,13.2833,162.2424,1187.981
0,NVIDIA L4,dinolarge-patch,nyudepth,8,15,175.1897,13.4065,161.5415,1187.981
0,NVIDIA L4,dinolarge-patch,nyudepth,8,16,173.9809,12.6485,161.0804,1187.981
0,NVIDIA L4,dinolarge-patch,nyudepth,8,17,175.2563,12.5407,162.477,1187.981
0,NVIDIA L4,dinolarge-patch,nyudepth,8,18,173.8031,13.8505,159.7142,1187.981
0,NVIDIA L4,dinolarge-patch,nyudepth,8,19,171.7975,12.9316,158.6268,1187.981
0,NVIDIA L4,dinolarge-patch,nyudepth,8,20,175.3144,13.7921,161.2916,1187.981
0,NVIDIA L4,dinolarge-patch,nyudepth,8,21,175.537,12.6227,162.6492,1187.981
0,NVIDIA L4,dinolarge-patch,nyudepth,8,22,173.6741,12.6725,160.7687,1187.981
0,NVIDIA L4,dinolarge-patch,nyudepth,8,23,176.1134,12.4204,163.4359,1187.981
0,NVIDIA L4,dinolarge-patch,nyudepth,8,24,176.3793,12.772,163.3697,1187.981
0,NVIDIA L4,dinolarge-patch,nyudepth,8,25,176.1019,12.606,163.2613,1187.981
0,NVIDIA L4,dinolarge-patch,nyudepth,8,26,176.9596,12.519,164.1691,1187.981
0,NVIDIA L4,dinolarge-patch,nyudepth,8,27,175.1639,12.6019,162.3308,1187.981
0,NVIDIA L4,dinolarge-patch,nyudepth,8,28,177.303,12.6749,164.404,1187.981
0,NVIDIA L4,dinolarge-patch,nyudepth,8,29,173.5113,12.4552,160.8224,1187.981
0,NVIDIA L4,dinolarge-patch,nyudepth,8,30,173.6903,12.4447,161.016,1187.981
0,NVIDIA L4,dinolarge-patch,nyudepth,8,31,175.844,13.4135,162.1887,1187.981
0,NVIDIA L4,dinolarge-patch,nyudepth,8,32,178.2416,13.4137,164.5836,1187.981
0,NVIDIA L4,dinolarge-patch,nyudepth,8,33,175.0951,13.4382,161.4103,1187.981
0,NVIDIA L4,dinolarge-patch,nyudepth,8,34,176.2384,13.4039,162.5915,1187.981
0,NVIDIA L4,dinolarge-patch,nyudepth,8,35,178.4249,13.3234,164.8621,1187.981
0,NVIDIA L4,dinolarge-patch,nyudepth,8,36,173.3575,13.308,159.8084,1187.981
0,NVIDIA L4,dinolarge-patch,nyudepth,8,37,174.6758,13.4412,160.9918,1187.981
0,NVIDIA L4,dinolarge-patch,nyudepth,8,38,176.2273,13.3119,162.6733,1187.981
0,NVIDIA L4,dinolarge-patch,nyudepth,8,39,175.261,13.3837,161.6345,1187.981
0,NVIDIA L4,dinolarge-patch,nyudepth,8,40,175.1928,13.3499,161.5824,1187.981
0,NVIDIA L4,dinolarge-patch,nyudepth,8,41,177.9506,13.3225,164.3832,1187.981
0,NVIDIA L4,dinolarge-patch,nyudepth,8,42,175.2199,12.777,162.1998,1187.981
0,NVIDIA L4,dinolarge-patch,nyudepth,8,43,175.8039,12.7593,162.7797,1187.981
0,NVIDIA L4,dinolarge-patch,nyudepth,8,44,174.8352,12.5736,162.0341,1187.981
0,NVIDIA L4,dinolarge-patch,nyudepth,8,45,175.4047,12.6142,162.5562,1187.981
0,NVIDIA L4,dinolarge-patch,nyudepth,8,46,175.8918,12.6395,163.0174,1187.981
0,NVIDIA L4,dinolarge-patch,nyudepth,8,47,175.4504,12.6762,162.5027,1187.981
0,NVIDIA L4,dinolarge-patch,nyudepth,8,48,177.6017,13.8707,163.4811,1187.981
0,NVIDIA L4,dinolarge-patch,nyudepth,8,49,175.8063,12.4508,163.0939,1187.981
0,NVIDIA L4,dinolarge-patch,nyudepth,8,50,174.5294,12.4908,161.7802,1187.981
0,NVIDIA L4,dinolarge-patch,nyudepth,8,51,174.9604,12.7566,161.9456,1187.981
0,NVIDIA L4,dinolarge-patch,nyudepth,8,52,176.2064,13.2551,162.6984,1187.981
0,NVIDIA L4,dinolarge-patch,nyudepth,8,53,178.5194,13.4488,164.7994,1187.981
0,NVIDIA L4,dinolarge-patch,nyudepth,8,54,178.3227,13.4201,164.6594,1187.981
0,NVIDIA L4,dinolarge-patch,nyudepth,8,55,176.14,13.37,162.5231,1187.981
0,NVIDIA L4,dinolarge-patch,nyudepth,8,56,173.3096,13.0083,160.0423,1187.981
0,NVIDIA L4,dinolarge-patch,nyudepth,8,57,177.0369,12.6752,164.0947,1187.981
0,NVIDIA L4,dinolarge-patch,nyudepth,8,58,175.6412,13.1404,162.258,1187.981
0,NVIDIA L4,dinolarge-patch,nyudepth,8,59,177.1101,12.9019,163.9629,1187.981
0,NVIDIA L4,dinolarge-patch,nyudepth,8,60,156.7877,12.7024,143.8594,1187.981
0,NVIDIA L4,dinolarge-patch,nyudepth,8,61,175.4087,12.6019,162.5658,1187.981
0,NVIDIA L4,dinolarge-patch,nyudepth,8,62,175.4452,13.5202,161.6652,1187.981
0,NVIDIA L4,dinolarge-patch,nyudepth,8,63,176.3285,13.3872,162.7003,1187.981
0,NVIDIA L4,dinolarge-patch,nyudepth,8,64,175.0318,12.6855,162.0969,1187.981
0,NVIDIA L4,dinolarge-patch,nyudepth,8,65,175.8787,12.9751,162.6547,1187.981
0,NVIDIA L4,dinolarge-patch,nyudepth,8,66,174.4723,12.757,161.4583,1187.981
0,NVIDIA L4,dinolarge-patch,nyudepth,8,67,175.0073,12.8783,161.8756,1187.981
0,NVIDIA L4,dinolarge-patch,nyudepth,8,68,176.2495,12.6672,163.3767,1187.981
0,NVIDIA L4,dinolarge-patch,nyudepth,8,69,175.9692,12.7765,162.945,1187.981
0,NVIDIA L4,dinolarge-patch,nyudepth,8,70,176.7574,12.8731,163.6012,1187.981
0,NVIDIA L4,dinolarge-patch,nyudepth,8,71,175.9902,12.9767,162.7728,1187.981
0,NVIDIA L4,dinolarge-patch,nyudepth,8,72,176.6898,12.9034,163.5299,1187.981
0,NVIDIA L4,dinolarge-patch,nyudepth,8,73,175.3425,12.591,162.5205,1187.981
0,NVIDIA L4,dinolarge-patch,nyudepth,8,74,174.9182,12.5436,162.1129,1187.981
0,NVIDIA L4,dinolarge-patch,nyudepth,8,75,175.1024,12.4785,162.3957,1187.981
0,NVIDIA L4,dinolarge-patch,nyudepth,8,76,176.5539,12.6054,163.6728,1187.981
0,NVIDIA L4,dinolarge-patch,nyudepth,8,77,175.7721,12.7596,162.7746,1187.981
0,NVIDIA L4,dinolarge-patch,nyudepth,8,78,175.8999,12.4722,163.1722,1187.981
0,NVIDIA L4,dinolarge-patch,nyudepth,8,79,177.5699,12.6887,164.6428,1187.981
0,NVIDIA L4,dinolarge-patch,nyudepth,8,80,175.143,12.7434,162.1731,1187.981
0,NVIDIA L4,dinolarge-patch,nyudepth,8,81,176.4589,12.6847,163.5267,1187.981
0,NVIDIA L4,dinolarge-patch,nyudepth,8,82,175.8636,12.8548,162.778,1187.981
0,NVIDIA L4,dinolarge-patch,nyudepth,8,83,177.1638,12.7397,164.1737,1187.981
0,NVIDIA L4,dinolarge-patch,nyudepth,8,84,176.9623,13.2315,163.5124,1187.981
0,NVIDIA L4,dinolarge-patch,nyudepth,8,85,176.6189,12.7341,163.6084,1187.981
0,NVIDIA L4,dinolarge-patch,nyudepth,8,86,175.0067,13.4397,161.3287,1187.981
0,NVIDIA L4,dinolarge-patch,nyudepth,8,87,173.4717,12.8862,160.3452,1187.981
0,NVIDIA L4,dinolarge-patch,nyudepth,8,88,174.9006,12.6915,161.9455,1187.981
0,NVIDIA L4,dinolarge-patch,nyudepth,8,89,177.0549,12.8568,163.953,1187.981
0,NVIDIA L4,dinolarge-patch,nyudepth,8,90,176.2438,12.7646,163.2259,1187.981
0,NVIDIA L4,dinolarge-patch,nyudepth,8,91,175.5686,12.9126,162.4214,1187.981
0,NVIDIA L4,dinolarge-patch,nyudepth,8,92,175.2688,13.1421,161.9082,1187.981
0,NVIDIA L4,dinolarge-patch,nyudepth,8,93,174.4906,12.7422,161.5094,1187.981
0,NVIDIA L4,dinolarge-patch,nyudepth,8,94,176.7267,12.5291,163.964,1187.981
0,NVIDIA L4,dinolarge-patch,nyudepth,8,95,176.1601,12.663,163.2624,1187.981
0,NVIDIA L4,dinolarge-patch,nyudepth,8,96,176.7251,12.7168,163.768,1187.981
0,NVIDIA L4,dinolarge-patch,nyudepth,8,97,177.301,12.6939,164.3768,1187.981
0,NVIDIA L4,dinolarge-patch,nyudepth,8,98,177.3452,12.7221,164.3708,1187.981
0,NVIDIA L4,dinolarge-patch,nyudepth,8,99,175.6595,12.6919,162.707,1187.981
0,NVIDIA L4,dinolarge-patch,nyudepth,8,100,175.2113,12.6837,162.308,1187.981
0,NVIDIA L4,dinolarge-patch,nyudepth,8,101,177.0744,12.5958,164.2278,1187.981
0,NVIDIA L4,dinolarge-patch,nyudepth,8,102,178.7205,12.3357,166.1623,1187.981
0,NVIDIA L4,dinolarge-patch,nyudepth,8,103,177.1734,12.6061,164.3266,1187.981
0,NVIDIA L4,dinolarge-patch,nyudepth,8,104,178.41,12.6052,165.5436,1187.981
0,NVIDIA L4,dinolarge-patch,nyudepth,8,105,178.1441,12.4834,165.4248,1187.981
0,NVIDIA L4,dinolarge-patch,nyudepth,8,106,173.8611,12.4237,161.1452,1187.981
0,NVIDIA L4,dinolarge-patch,nyudepth,8,107,177.2622,13.4018,163.6248,1187.981
0,NVIDIA L4,dinolarge-patch,nyudepth,8,108,177.9332,12.4441,165.2636,1187.981
0,NVIDIA L4,dinolarge-patch,nyudepth,8,109,177.0687,12.6677,164.16,1187.981
0,NVIDIA L4,dinolarge-patch,nyudepth,8,110,177.5125,12.6424,164.6104,1187.981
0,NVIDIA L4,dinolarge-patch,nyudepth,8,111,177.1328,12.66,164.239,1187.981
0,NVIDIA L4,dinolarge-patch,nyudepth,8,112,177.6444,12.5714,164.8036,1187.981
0,NVIDIA L4,dinolarge-patch,nyudepth,8,113,174.9377,12.6779,162.0275,1187.981
0,NVIDIA L4,dinolarge-patch,nyudepth,8,114,178.227,12.5059,165.487,1187.981
0,NVIDIA L4,dinolarge-patch,nyudepth,8,115,178.4564,12.5723,165.6476,1187.981
0,NVIDIA L4,dinolarge-patch,nyudepth,8,116,177.9054,12.6005,165.0971,1187.981
0,NVIDIA L4,dinolarge-patch,nyudepth,8,117,175.1747,12.5945,162.3352,1187.981
0,NVIDIA L4,dinolarge-patch,nyudepth,8,118,174.6982,12.6853,161.7805,1187.981
0,NVIDIA L4,dinolarge-patch,nyudepth,8,119,177.0576,12.5435,164.2508,1187.981
0,NVIDIA L4,dinolarge-patch,nyudepth,8,120,175.1031,13.3884,161.4508,1187.981
0,NVIDIA L4,dinolarge-patch,nyudepth,8,121,177.2791,13.298,163.7452,1187.981
0,NVIDIA L4,dinolarge-patch,nyudepth,8,122,177.4763,12.5055,164.7383,1187.981
0,NVIDIA L4,dinolarge-patch,nyudepth,8,123,178.7939,12.5532,165.9755,1187.981
0,NVIDIA L4,dinolarge-patch,nyudepth,8,124,176.9849,12.4002,164.3578,1187.981
0,NVIDIA L4,dinolarge-patch,nyudepth,8,125,175.9429,12.5467,163.16,1187.981
0,NVIDIA L4,dinolarge-patch,nyudepth,8,126,177.8981,13.3754,164.267,1187.981
0,NVIDIA L4,dinolarge-patch,nyudepth,8,127,175.2579,12.7932,162.1848,1187.981
0,NVIDIA L4,dinolarge-patch,nyudepth,8,128,176.4021,12.4998,163.6422,1187.981
0,NVIDIA L4,dinolarge-patch,nyudepth,8,129,175.9858,12.6821,163.0404,1187.981
0,NVIDIA L4,dinolarge-patch,nyudepth,8,130,176.4099,12.6188,163.555,1187.981
0,NVIDIA L4,dinolarge-patch,nyudepth,8,131,177.7007,12.7659,164.6941,1187.981
0,NVIDIA L4,dinolarge-patch,nyudepth,8,132,176.9241,12.6305,164.0739,1187.981
0,NVIDIA L4,dinolarge-patch,nyudepth,8,133,176.6211,12.8532,163.5315,1187.981
0,NVIDIA L4,dinolarge-patch,nyudepth,8,134,175.145,12.8111,162.0922,1187.981
0,NVIDIA L4,dinolarge-patch,nyudepth,8,135,175.7825,12.7321,162.814,1187.981
0,NVIDIA L4,dinolarge-patch,nyudepth,8,136,176.4988,12.9861,163.2438,1187.981
0,NVIDIA L4,dinolarge-patch,nyudepth,8,137,176.7116,12.5044,163.9467,1187.981
0,NVIDIA L4,dinolarge-patch,nyudepth,8,138,176.5977,12.5324,163.8008,1187.981
0,NVIDIA L4,dinolarge-patch,nyudepth,8,139,175.0779,13.2742,161.5507,1187.981
0,NVIDIA L4,dinolarge-patch,nyudepth,8,140,175.7314,13.2367,162.2627,1187.981
0,NVIDIA L4,dinolarge-patch,nyudepth,8,141,175.06,12.807,162.0104,1187.981
0,NVIDIA L4,dinolarge-patch,nyudepth,8,142,177.3736,12.733,164.3794,1187.981
0,NVIDIA L4,dinolarge-patch,nyudepth,8,143,177.1797,12.6488,164.2903,1187.981
0,NVIDIA L4,dinolarge-patch,nyudepth,8,144,176.2536,12.7435,163.2706,1187.981
0,NVIDIA L4,dinolarge-patch,nyudepth,8,145,176.7995,13.4894,163.0541,1187.981
0,NVIDIA L4,dinolarge-patch,nyudepth,8,146,178.2604,14.0203,163.9427,1187.981
0,NVIDIA L4,dinolarge-patch,nyudepth,8,147,175.4567,12.8668,162.3421,1187.981
0,NVIDIA L4,dinolarge-patch,nyudepth,8,148,180.0661,12.4139,167.4098,1187.981
0,NVIDIA L4,dinolarge-patch,nyudepth,8,149,176.4025,12.8653,163.2884,1187.981
0,NVIDIA L4,dinolarge-patch,nyudepth,8,150,175.4417,12.6537,162.5409,1187.981
0,NVIDIA L4,dinolarge-patch,nyudepth,8,151,178.0036,12.5933,165.1482,1187.981
0,NVIDIA L4,dinolarge-patch,nyudepth,8,152,177.5061,13.2354,164.0114,1187.981
0,NVIDIA L4,dinolarge-patch,nyudepth,8,153,175.2648,12.2126,162.8149,1187.981
0,NVIDIA L4,dinolarge-patch,nyudepth,8,154,175.8152,12.438,163.1434,1187.981
0,NVIDIA L4,dinolarge-patch,nyudepth,8,155,176.2527,12.2792,163.7457,1187.981
0,NVIDIA L4,dinolarge-patch,nyudepth,8,156,176.1385,12.2585,163.6639,1187.981
0,NVIDIA L4,dinolarge-patch,nyudepth,8,157,178.711,12.4208,166.0444,1187.981
0,NVIDIA L4,dinolarge-patch,nyudepth,8,158,177.5508,12.4226,164.8902,1187.981
0,NVIDIA L4,dinolarge-patch,nyudepth,8,159,178.1389,12.3864,165.5229,1187.981
0,NVIDIA L4,dinolarge-patch,nyudepth,8,160,176.9007,12.3062,164.3678,1187.981
0,NVIDIA L4,dinolarge-patch,nyudepth,8,161,175.1258,12.5891,162.266,1187.981
0,NVIDIA L4,dinolarge-patch,nyudepth,8,162,176.8462,12.5108,164.0768,1187.981
0,NVIDIA L4,dinolarge-patch,nyudepth,8,163,177.7659,13.2578,164.2736,1187.981
0,NVIDIA L4,dinolarge-patch,nyudepth,8,164,177.2095,12.5983,164.3872,1187.981
0,NVIDIA L4,dinolarge-patch,nyudepth,8,165,177.2218,12.4662,164.5138,1187.981
0,NVIDIA L4,dinolarge-patch,nyudepth,8,166,177.3685,12.5941,164.5401,1187.981
0,NVIDIA L4,dinolarge-patch,nyudepth,8,167,177.9625,12.5179,165.1986,1187.981
0,NVIDIA L4,dinolarge-patch,nyudepth,8,168,180.3423,21.9573,158.0481,1187.981
0,NVIDIA L4,dinolarge-patch,nyudepth,8,169,178.7346,15.8637,162.601,1187.981
0,NVIDIA L4,dinolarge-patch,nyudepth,8,170,181.8052,26.1528,155.2892,1187.981
0,NVIDIA L4,dinolarge-patch,nyudepth,8,171,179.2492,13.6615,165.3516,1187.981
0,NVIDIA L4,dinolarge-patch,nyudepth,8,172,177.5353,12.4921,164.7987,1187.981
0,NVIDIA L4,dinolarge-patch,nyudepth,8,173,175.5895,12.5283,162.7999,1187.981
0,NVIDIA L4,dinolarge-patch,nyudepth,8,174,176.8438,12.9636,163.6343,1187.981
0,NVIDIA L4,dinolarge-patch,nyudepth,8,175,177.4378,12.6056,164.5763,1187.981
0,NVIDIA L4,dinolarge-patch,nyudepth,8,176,177.5329,12.6287,164.6386,1187.981
0,NVIDIA L4,dinolarge-patch,nyudepth,8,177,175.7041,12.6735,162.7925,1187.981
0,NVIDIA L4,dinolarge-patch,nyudepth,8,178,177.0159,12.7179,164.0635,1187.981
0,NVIDIA L4,dinolarge-patch,nyudepth,8,179,176.5978,12.6457,163.6908,1187.981
0,NVIDIA L4,dinolarge-patch,nyudepth,8,180,176.0567,13.2128,162.6285,1187.981
0,NVIDIA L4,dinolarge-patch,nyudepth,8,181,177.2272,12.4959,164.4987,1187.981
0,NVIDIA L4,dinolarge-patch,nyudepth,8,182,177.7344,12.2888,165.1913,1187.981
0,NVIDIA L4,dinolarge-patch,nyudepth,8,183,178.8621,13.3078,165.3203,1187.981
0,NVIDIA L4,dinolarge-patch,nyudepth,8,184,178.2301,13.3232,164.651,1187.981
0,NVIDIA L4,dinolarge-patch,nyudepth,8,185,178.962,13.2857,165.4434,1187.981
0,NVIDIA L4,dinolarge-patch,nyudepth,8,186,180.7514,12.3368,168.1732,1187.981
0,NVIDIA L4,dinolarge-patch,nyudepth,8,187,178.6758,12.4148,166.0352,1187.981
0,NVIDIA L4,dinolarge-patch,nyudepth,8,188,177.4277,12.3763,164.8314,1187.981
0,NVIDIA L4,dinolarge-patch,nyudepth,8,189,175.9096,12.3858,163.2814,1187.981
0,NVIDIA L4,dinolarge-patch,nyudepth,8,190,177.9813,12.3031,165.4544,1187.981
0,NVIDIA L4,dinolarge-patch,nyudepth,8,191,176.9435,13.4003,163.3045,1187.981
0,NVIDIA L4,dinolarge-patch,nyudepth,8,192,177.3117,12.5434,164.5407,1187.981
0,NVIDIA L4,dinolarge-patch,nyudepth,8,193,178.1681,12.5366,165.3976,1187.981
0,NVIDIA L4,dinolarge-patch,nyudepth,8,194,177.3686,12.4584,164.684,1187.981
0,NVIDIA L4,dinolarge-patch,nyudepth,8,195,177.7574,12.5305,164.9931,1187.981
0,NVIDIA L4,dinolarge-patch,nyudepth,8,196,178.623,13.4811,164.9187,1187.981
0,NVIDIA L4,dinolarge-patch,nyudepth,8,197,177.9275,13.2057,164.4669,1187.981
0,NVIDIA L4,dinolarge-patch,nyudepth,8,198,178.8277,12.587,165.9997,1187.981
0,NVIDIA L4,dinolarge-patch,nyudepth,8,199,177.4845,13.3185,163.9049,1187.981
0,NVIDIA L4,dinolarge-patch,nyudepth,16,0,385.6903,44.2544,341.164,1205.543
0,NVIDIA L4,dinolarge-patch,nyudepth,16,1,337.9762,13.9764,323.7414,1205.543
0,NVIDIA L4,dinolarge-patch,nyudepth,16,2,338.1157,13.7088,324.1585,1205.543
0,NVIDIA L4,dinolarge-patch,nyudepth,16,3,339.3655,12.5858,326.522,1205.543
0,NVIDIA L4,dinolarge-patch,nyudepth,16,4,340.4704,12.5021,327.679,1205.543
0,NVIDIA L4,dinolarge-patch,nyudepth,16,5,339.063,12.4308,326.3687,1205.543
0,NVIDIA L4,dinolarge-patch,nyudepth,16,6,338.7335,12.7237,325.7364,1205.543
0,NVIDIA L4,dinolarge-patch,nyudepth,16,7,337.1144,12.696,324.1622,1205.543
0,NVIDIA L4,dinolarge-patch,nyudepth,16,8,340.3429,13.6434,326.4161,1205.543
0,NVIDIA L4,dinolarge-patch,nyudepth,16,9,340.8973,13.8412,326.7997,1205.543
0,NVIDIA L4,dinolarge-patch,nyudepth,16,10,341.2712,13.9164,327.1017,1205.543
0,NVIDIA L4,dinolarge-patch,nyudepth,16,11,337.5757,12.7734,324.552,1205.543
0,NVIDIA L4,dinolarge-patch,nyudepth,16,12,338.3824,12.7594,325.3601,1205.543
0,NVIDIA L4,dinolarge-patch,nyudepth,16,13,342.0703,12.6053,329.1853,1205.543
0,NVIDIA L4,dinolarge-patch,nyudepth,16,14,343.1781,13.5648,329.3498,1205.543
0,NVIDIA L4,dinolarge-patch,nyudepth,16,15,339.3251,12.3318,326.7139,1205.543
0,NVIDIA L4,dinolarge-patch,nyudepth,16,16,341.3428,12.5556,328.5298,1205.543
0,NVIDIA L4,dinolarge-patch,nyudepth,16,17,344.0152,12.8021,330.9334,1205.543
0,NVIDIA L4,dinolarge-patch,nyudepth,16,18,342.5091,12.7618,329.4866,1205.543
0,NVIDIA L4,dinolarge-patch,nyudepth,16,19,339.3455,12.3869,326.7206,1205.543
0,NVIDIA L4,dinolarge-patch,nyudepth,16,20,342.2133,12.8228,329.1281,1205.543
0,NVIDIA L4,dinolarge-patch,nyudepth,16,21,337.7011,12.453,324.9657,1205.543
0,NVIDIA L4,dinolarge-patch,nyudepth,16,22,340.6131,13.6887,326.6658,1205.543
0,NVIDIA L4,dinolarge-patch,nyudepth,16,23,339.5065,12.6834,326.5656,1205.543
0,NVIDIA L4,dinolarge-patch,nyudepth,16,24,340.1727,12.6333,327.2804,1205.543
0,NVIDIA L4,dinolarge-patch,nyudepth,16,25,343.4929,13.6373,329.5614,1205.543
0,NVIDIA L4,dinolarge-patch,nyudepth,16,26,339.9941,12.5818,327.1333,1205.543
0,NVIDIA L4,dinolarge-patch,nyudepth,16,27,344.4126,20.1981,323.8459,1205.543
0,NVIDIA L4,dinolarge-patch,nyudepth,16,28,343.1183,12.6526,330.1867,1205.543
0,NVIDIA L4,dinolarge-patch,nyudepth,16,29,343.3155,12.6657,330.3874,1205.543
0,NVIDIA L4,dinolarge-patch,nyudepth,16,30,338.1311,12.6031,325.275,1205.543
0,NVIDIA L4,dinolarge-patch,nyudepth,16,31,339.405,12.739,326.3897,1205.543
0,NVIDIA L4,dinolarge-patch,nyudepth,16,32,336.9725,12.5461,324.1848,1205.543
0,NVIDIA L4,dinolarge-patch,nyudepth,16,33,339.4479,12.5314,326.6247,1205.543
0,NVIDIA L4,dinolarge-patch,nyudepth,16,34,336.6236,12.7428,323.6151,1205.543
0,NVIDIA L4,dinolarge-patch,nyudepth,16,35,342.11,13.6447,328.1999,1205.543
0,NVIDIA L4,dinolarge-patch,nyudepth,16,36,341.2593,13.7181,327.2509,1205.543
0,NVIDIA L4,dinolarge-patch,nyudepth,16,37,339.6069,12.8199,326.5314,1205.543
0,NVIDIA L4,dinolarge-patch,nyudepth,16,38,338.8353,12.8059,325.764,1205.543
0,NVIDIA L4,dinolarge-patch,nyudepth,16,39,342.4062,13.7683,328.3782,1205.543
0,NVIDIA L4,dinolarge-patch,nyudepth,16,40,338.4453,12.4843,325.7004,1205.543
0,NVIDIA L4,dinolarge-patch,nyudepth,16,41,336.8374,12.6284,323.9279,1205.543
0,NVIDIA L4,dinolarge-patch,nyudepth,16,42,340.0583,12.7704,327.0196,1205.543
0,NVIDIA L4,dinolarge-patch,nyudepth,16,43,336.4751,13.7247,322.4972,1205.543
0,NVIDIA L4,dinolarge-patch,nyudepth,16,44,341.0672,12.7567,328.0278,1205.543
0,NVIDIA L4,dinolarge-patch,nyudepth,16,45,337.6829,12.5777,324.8533,1205.543
0,NVIDIA L4,dinolarge-patch,nyudepth,16,46,339.5334,13.8149,325.4507,1205.543
0,NVIDIA L4,dinolarge-patch,nyudepth,16,47,341.7784,13.767,327.7513,1205.543
0,NVIDIA L4,dinolarge-patch,nyudepth,16,48,336.3062,12.8888,323.1522,1205.543
0,NVIDIA L4,dinolarge-patch,nyudepth,16,49,341.022,12.6593,328.1048,1205.543
0,NVIDIA L4,dinolarge-patch,nyudepth,16,50,337.5481,12.6109,324.6636,1205.543
0,NVIDIA L4,dinolarge-patch,nyudepth,16,51,338.3485,12.5468,325.5087,1205.543
0,NVIDIA L4,dinolarge-patch,nyudepth,16,52,341.3286,13.7279,327.3443,1205.543
0,NVIDIA L4,dinolarge-patch,nyudepth,16,53,337.8233,12.6987,324.8665,1205.543
0,NVIDIA L4,dinolarge-patch,nyudepth,16,54,338.6868,12.7057,325.729,1205.543
0,NVIDIA L4,dinolarge-patch,nyudepth,16,55,336.9026,12.4601,324.182,1205.543
0,NVIDIA L4,dinolarge-patch,nyudepth,16,56,339.3764,14.0574,325.06,1205.543
0,NVIDIA L4,dinolarge-patch,nyudepth,16,57,337.0854,13.7385,323.0807,1205.543
0,NVIDIA L4,dinolarge-patch,nyudepth,16,58,339.9655,12.7573,326.9664,1205.543
0,NVIDIA L4,dinolarge-patch,nyudepth,16,59,338.5783,12.776,325.5438,1205.543
0,NVIDIA L4,dinolarge-patch,nyudepth,16,60,340.4263,12.4246,327.7425,1205.543
0,NVIDIA L4,dinolarge-patch,nyudepth,16,61,341.7483,12.4119,329.0815,1205.543
0,NVIDIA L4,dinolarge-patch,nyudepth,16,62,338.4113,12.5606,325.5914,1205.543
0,NVIDIA L4,dinolarge-patch,nyudepth,16,63,337.8862,12.5304,325.0999,1205.543
0,NVIDIA L4,dinolarge-patch,nyudepth,16,64,338.7605,12.7982,325.6777,1205.543
0,NVIDIA L4,dinolarge-patch,nyudepth,16,65,337.7568,13.6791,323.7985,1205.543
0,NVIDIA L4,dinolarge-patch,nyudepth,16,66,338.8118,12.8907,325.6668,1205.543
0,NVIDIA L4,dinolarge-patch,nyudepth,16,67,338.4092,12.5034,325.655,1205.543
0,NVIDIA L4,dinolarge-patch,nyudepth,16,68,338.5852,12.5479,325.7572,1205.543
0,NVIDIA L4,dinolarge-patch,nyudepth,16,69,338.8948,12.4556,326.1783,1205.543
0,NVIDIA L4,dinolarge-patch,nyudepth,16,70,338.0068,12.6567,325.0888,1205.543
0,NVIDIA L4,dinolarge-patch,nyudepth,16,71,336.3419,12.4457,323.6359,1205.543
0,NVIDIA L4,dinolarge-patch,nyudepth,16,72,337.4297,12.4768,324.6756,1205.543
0,NVIDIA L4,dinolarge-patch,nyudepth,16,73,342.1025,13.8773,327.9603,1205.543
0,NVIDIA L4,dinolarge-patch,nyudepth,16,74,340.1201,13.8224,326.0327,1205.543
0,NVIDIA L4,dinolarge-patch,nyudepth,16,75,339.6958,12.7294,326.7079,1205.543
0,NVIDIA L4,dinolarge-patch,nyudepth,16,76,338.6918,12.6791,325.7399,1205.543
0,NVIDIA L4,dinolarge-patch,nyudepth,16,77,339.3863,13.0765,326.0523,1205.543
0,NVIDIA L4,dinolarge-patch,nyudepth,16,78,340.0417,12.7829,326.9813,1205.543
0,NVIDIA L4,dinolarge-patch,nyudepth,16,79,341.9361,12.5543,329.1264,1205.543
0,NVIDIA L4,dinolarge-patch,nyudepth,16,80,338.6035,12.4967,325.8306,1205.543
0,NVIDIA L4,dinolarge-patch,nyudepth,16,81,341.2303,13.7527,327.2179,1205.543
0,NVIDIA L4,dinolarge-patch,nyudepth,16,82,342.4802,12.9628,329.2579,1205.543
0,NVIDIA L4,dinolarge-patch,nyudepth,16,83,340.1741,12.4669,327.4517,1205.543
0,NVIDIA L4,dinolarge-patch,nyudepth,16,84,342.5652,13.87,328.4366,1205.543
0,NVIDIA L4,dinolarge-patch,nyudepth,16,85,338.8731,12.7057,325.8873,1205.543
0,NVIDIA L4,dinolarge-patch,nyudepth,16,86,339.5213,12.8294,326.4315,1205.543
0,NVIDIA L4,dinolarge-patch,nyudepth,16,87,340.8322,12.7328,327.8417,1205.543
0,NVIDIA L4,dinolarge-patch,nyudepth,16,88,340.1573,12.7742,327.1299,1205.543
0,NVIDIA L4,dinolarge-patch,nyudepth,16,89,339.2875,12.6318,326.4037,1205.543
0,NVIDIA L4,dinolarge-patch,nyudepth,16,90,341.6284,12.8297,328.5261,1205.543
0,NVIDIA L4,dinolarge-patch,nyudepth,16,91,340.6063,12.8214,327.5289,1205.543
0,NVIDIA L4,dinolarge-patch,nyudepth,16,92,341.1361,12.83,328.0557,1205.543
0,NVIDIA L4,dinolarge-patch,nyudepth,16,93,339.8139,13.6493,325.9034,1205.543
0,NVIDIA L4,dinolarge-patch,nyudepth,16,94,342.7789,12.4578,330.0634,1205.543
0,NVIDIA L4,dinolarge-patch,nyudepth,16,95,342.9169,12.4544,330.2025,1205.543
0,NVIDIA L4,dinolarge-patch,nyudepth,16,96,342.1053,12.4729,329.376,1205.543
0,NVIDIA L4,dinolarge-patch,nyudepth,16,97,347.4728,12.5265,334.6909,1205.543
0,NVIDIA L4,dinolarge-patch,nyudepth,16,98,341.9787,12.4775,329.2401,1205.543
0,NVIDIA L4,dinolarge-patch,nyudepth,16,99,327.8245,13.9676,313.5783,1205.543
0,NVIDIA L4,dinolarge-patch,nyudepth,16,100,327.9195,12.3998,315.2402,1205.543
0,NVIDIA L4,dinolarge-patch,nyudepth,16,101,341.8741,12.5109,329.1041,1205.543
0,NVIDIA L4,dinolarge-patch,nyudepth,16,102,344.2406,12.351,331.6178,1205.543
0,NVIDIA L4,dinolarge-patch,nyudepth,16,103,340.6492,12.5149,327.881,1205.543
0,NVIDIA L4,dinolarge-patch,nyudepth,16,104,341.1615,12.615,328.2837,1205.543
0,NVIDIA L4,dinolarge-patch,nyudepth,16,105,343.0627,12.7011,330.1002,1205.543
0,NVIDIA L4,dinolarge-patch,nyudepth,16,106,341.4773,12.4968,328.7358,1205.543
0,NVIDIA L4,dinolarge-patch,nyudepth,16,107,343.6162,12.5549,330.803,1205.543
0,NVIDIA L4,dinolarge-patch,nyudepth,16,108,342.9156,12.4952,330.1404,1205.543
0,NVIDIA L4,dinolarge-patch,nyudepth,16,109,341.7534,13.5427,327.9496,1205.543
0,NVIDIA L4,dinolarge-patch,nyudepth,16,110,342.3827,12.9421,329.1838,1205.543
0,NVIDIA L4,dinolarge-patch,nyudepth,16,111,343.4289,12.7556,330.4223,1205.543
0,NVIDIA L4,dinolarge-patch,nyudepth,16,112,342.838,12.7184,329.8667,1205.543
0,NVIDIA L4,dinolarge-patch,nyudepth,16,113,341.366,13.9039,327.2019,1205.543
0,NVIDIA L4,dinolarge-patch,nyudepth,16,114,341.584,12.8039,328.5218,1205.543
0,NVIDIA L4,dinolarge-patch,nyudepth,16,115,341.3829,12.5315,328.5994,1205.543
0,NVIDIA L4,dinolarge-patch,nyudepth,16,116,342.1928,12.6691,329.2392,1205.543
0,NVIDIA L4,dinolarge-patch,nyudepth,16,117,340.9519,12.4083,328.2841,1205.543
0,NVIDIA L4,dinolarge-patch,nyudepth,16,118,340.2193,12.5182,327.4281,1205.543
0,NVIDIA L4,dinolarge-patch,nyudepth,16,119,340.2622,12.8628,327.1361,1205.543
0,NVIDIA L4,dinolarge-patch,nyudepth,16,120,341.6205,12.4447,328.9063,1205.543
0,NVIDIA L4,dinolarge-patch,nyudepth,16,121,340.1344,13.8934,325.9818,1205.543
0,NVIDIA L4,dinolarge-patch,nyudepth,16,122,340.9488,14.0386,326.6523,1205.543
0,NVIDIA L4,dinolarge-patch,nyudepth,16,123,339.3217,12.572,326.4799,1205.543
0,NVIDIA L4,dinolarge-patch,nyudepth,16,124,340.1943,13.9218,326.0129,1205.543
0,NVIDIA L4,dinolarge-patch,nyudepth,16,125,339.8958,12.7216,326.9026,1205.543
0,NVIDIA L4,dinolarge-patch,nyudepth,16,126,338.0158,12.4869,325.2693,1205.543
0,NVIDIA L4,dinolarge-patch,nyudepth,16,127,336.2331,12.3863,323.5537,1205.543
0,NVIDIA L4,dinolarge-patch,nyudepth,16,128,339.6832,12.9729,326.4615,1205.543
0,NVIDIA L4,dinolarge-patch,nyudepth,16,129,337.1384,12.7783,324.0964,1205.543
0,NVIDIA L4,dinolarge-patch,nyudepth,16,130,338.1126,12.8121,325.0424,1205.543
0,NVIDIA L4,dinolarge-patch,nyudepth,16,131,340.5181,12.7507,327.5128,1205.543
0,NVIDIA L4,dinolarge-patch,nyudepth,16,132,338.6213,12.6336,325.7307,1205.543
0,NVIDIA L4,dinolarge-patch,nyudepth,16,133,337.1802,12.9159,324.0015,1205.543
0,NVIDIA L4,dinolarge-patch,nyudepth,16,134,339.8219,12.5106,327.0326,1205.543
0,NVIDIA L4,dinolarge-patch,nyudepth,16,135,339.3435,12.6323,326.4297,1205.543
0,NVIDIA L4,dinolarge-patch,nyudepth,16,136,338.833,12.4741,326.0864,1205.543
0,NVIDIA L4,dinolarge-patch,nyudepth,16,137,337.5524,12.5476,324.7454,1205.543
0,NVIDIA L4,dinolarge-patch,nyudepth,16,138,342.5651,12.3224,329.9742,1205.543
0,NVIDIA L4,dinolarge-patch,nyudepth,16,139,337.2388,12.6868,324.2925,1205.543
0,NVIDIA L4,dinolarge-patch,nyudepth,16,140,338.6361,12.7213,325.655,1205.543
0,NVIDIA L4,dinolarge-patch,nyudepth,16,141,339.5239,12.4825,326.783,1205.543
0,NVIDIA L4,dinolarge-patch,nyudepth,16,142,340.4634,12.5207,327.681,1205.543
0,NVIDIA L4,dinolarge-patch,nyudepth,16,143,337.4237,12.7305,324.4353,1205.543
0,NVIDIA L4,dinolarge-patch,nyudepth,16,144,339.7937,12.6002,326.919,1205.543
0,NVIDIA L4,dinolarge-patch,nyudepth,16,145,338.4262,12.5474,325.6407,1205.543
0,NVIDIA L4,dinolarge-patch,nyudepth,16,146,335.9723,12.9144,322.7727,1205.543
0,NVIDIA L4,dinolarge-patch,nyudepth,16,147,337.0378,13.7637,323.0047,1205.543
0,NVIDIA L4,dinolarge-patch,nyudepth,16,148,338.6656,13.2277,325.144,1205.543
0,NVIDIA L4,dinolarge-patch,nyudepth,16,149,340.0051,13.8375,325.9044,1205.543
0,NVIDIA L4,dinolarge-patch,nyudepth,16,150,339.3257,13.8039,325.2347,1205.543
0,NVIDIA L4,dinolarge-patch,nyudepth,16,151,337.0144,12.7401,324.0124,1205.543
0,NVIDIA L4,dinolarge-patch,nyudepth,16,152,337.4958,12.8458,324.355,1205.543
0,NVIDIA L4,dinolarge-patch,nyudepth,16,153,338.0578,12.7656,325.0124,1205.543
0,NVIDIA L4,dinolarge-patch,nyudepth,16,154,338.506,13.7292,324.5001,1205.543
0,NVIDIA L4,dinolarge-patch,nyudepth,16,155,337.0466,13.7376,323.0218,1205.543
0,NVIDIA L4,dinolarge-patch,nyudepth,16,156,337.825,13.0323,324.5007,1205.543
0,NVIDIA L4,dinolarge-patch,nyudepth,16,157,339.7872,13.9211,325.6076,1205.543
0,NVIDIA L4,dinolarge-patch,nyudepth,16,158,337.0871,12.4969,324.3446,1205.543
0,NVIDIA L4,dinolarge-patch,nyudepth,16,159,338.8601,12.3493,326.2489,1205.543
0,NVIDIA L4,dinolarge-patch,nyudepth,16,160,336.5137,12.4681,323.7834,1205.543
0,NVIDIA L4,dinolarge-patch,nyudepth,16,161,338.6536,12.5434,325.8578,1205.543
0,NVIDIA L4,dinolarge-patch,nyudepth,16,162,336.965,12.4987,324.2092,1205.543
0,NVIDIA L4,dinolarge-patch,nyudepth,16,163,338.6589,12.6875,325.6756,1205.543
0,NVIDIA L4,dinolarge-patch,nyudepth,16,164,339.4185,13.6186,325.5347,1205.543
0,NVIDIA L4,dinolarge-patch,nyudepth,16,165,336.9586,12.8297,323.8352,1205.543
0,NVIDIA L4,dinolarge-patch,nyudepth,16,166,339.3187,12.8703,326.1753,1205.543
0,NVIDIA L4,dinolarge-patch,nyudepth,16,167,336.4528,12.7307,323.4726,1205.543
0,NVIDIA L4,dinolarge-patch,nyudepth,16,168,336.692,12.8335,323.6002,1205.543
0,NVIDIA L4,dinolarge-patch,nyudepth,16,169,336.8366,12.7346,323.8435,1205.543
0,NVIDIA L4,dinolarge-patch,nyudepth,16,170,338.9866,13.2616,325.4626,1205.543
0,NVIDIA L4,dinolarge-patch,nyudepth,16,171,337.0617,12.7282,324.0908,1205.543
0,NVIDIA L4,dinolarge-patch,nyudepth,16,172,337.9602,12.4618,325.2307,1205.543
0,NVIDIA L4,dinolarge-patch,nyudepth,16,173,341.5367,12.6899,328.5455,1205.543
0,NVIDIA L4,dinolarge-patch,nyudepth,16,174,341.4476,12.5753,328.615,1205.543
0,NVIDIA L4,dinolarge-patch,nyudepth,16,175,337.9197,12.4525,325.2115,1205.543
0,NVIDIA L4,dinolarge-patch,nyudepth,16,176,339.049,12.394,326.402,1205.543
0,NVIDIA L4,dinolarge-patch,nyudepth,16,177,337.8206,12.4757,325.0817,1205.543
0,NVIDIA L4,dinolarge-patch,nyudepth,16,178,337.9979,12.5358,325.1686,1205.543
0,NVIDIA L4,dinolarge-patch,nyudepth,16,179,338.4038,12.4114,325.709,1205.543
0,NVIDIA L4,dinolarge-patch,nyudepth,16,180,338.8747,12.5535,326.0606,1205.543
0,NVIDIA L4,dinolarge-patch,nyudepth,16,181,341.0866,12.3899,328.4365,1205.543
0,NVIDIA L4,dinolarge-patch,nyudepth,16,182,338.801,13.4066,325.1332,1205.543
0,NVIDIA L4,dinolarge-patch,nyudepth,16,183,338.1328,12.6833,325.1922,1205.543
0,NVIDIA L4,dinolarge-patch,nyudepth,16,184,339.8321,12.5749,327.02,1205.543
0,NVIDIA L4,dinolarge-patch,nyudepth,16,185,338.0479,12.6637,325.1039,1205.543
0,NVIDIA L4,dinolarge-patch,nyudepth,16,186,338.1009,12.719,325.1179,1205.543
0,NVIDIA L4,dinolarge-patch,nyudepth,16,187,336.8888,12.8853,323.7112,1205.543
0,NVIDIA L4,dinolarge-patch,nyudepth,16,188,338.7303,13.7283,324.7221,1205.543
0,NVIDIA L4,dinolarge-patch,nyudepth,16,189,336.5246,12.2956,323.9499,1205.543
0,NVIDIA L4,dinolarge-patch,nyudepth,16,190,339.1513,12.4758,326.4131,1205.543
0,NVIDIA L4,dinolarge-patch,nyudepth,16,191,337.7604,12.3999,325.1047,1205.543
0,NVIDIA L4,dinolarge-patch,nyudepth,16,192,338.5304,12.7011,325.568,1205.543
0,NVIDIA L4,dinolarge-patch,nyudepth,16,193,339.7001,12.8887,326.5586,1205.543
0,NVIDIA L4,dinolarge-patch,nyudepth,16,194,335.5995,12.5465,322.7752,1205.543
0,NVIDIA L4,dinolarge-patch,nyudepth,16,195,339.166,12.5907,326.3083,1205.543
0,NVIDIA L4,dinolarge-patch,nyudepth,16,196,339.1623,13.7897,325.1098,1205.543
0,NVIDIA L4,dinolarge-patch,nyudepth,16,197,337.7407,12.4637,324.9983,1205.543
0,NVIDIA L4,dinolarge-patch,nyudepth,16,198,336.8323,13.8807,322.6802,1205.543
0,NVIDIA L4,dinolarge-patch,nyudepth,16,199,336.4513,12.4036,323.7881,1205.543
0,NVIDIA L4,dinobase-patch,nyudepth,1,0,271.632,181.8773,89.5183,340.865
0,NVIDIA L4,dinobase-patch,nyudepth,1,1,8.7312,6.7127,1.8574,340.865
0,NVIDIA L4,dinobase-patch,nyudepth,1,2,8.5844,5.7571,2.6747,340.865
0,NVIDIA L4,dinobase-patch,nyudepth,1,3,8.5691,5.7786,2.6141,340.865
0,NVIDIA L4,dinobase-patch,nyudepth,1,4,8.6024,5.7769,2.6891,340.865
0,NVIDIA L4,dinobase-patch,nyudepth,1,5,8.6057,5.8193,2.6511,340.865
0,NVIDIA L4,dinobase-patch,nyudepth,1,6,8.5672,5.7226,2.6784,340.865
0,NVIDIA L4,dinobase-patch,nyudepth,1,7,8.6206,5.7106,2.7548,340.865
0,NVIDIA L4,dinobase-patch,nyudepth,1,8,8.6734,6.4784,1.9507,340.865
0,NVIDIA L4,dinobase-patch,nyudepth,1,9,8.6191,5.7086,2.6355,340.865
0,NVIDIA L4,dinobase-patch,nyudepth,1,10,8.5744,5.7347,2.7046,340.865
0,NVIDIA L4,dinobase-patch,nyudepth,1,11,8.6145,5.7484,2.7298,340.865
0,NVIDIA L4,dinobase-patch,nyudepth,1,12,8.6019,5.6553,2.7753,340.865
0,NVIDIA L4,dinobase-patch,nyudepth,1,13,8.5965,5.704,2.7519,340.865
0,NVIDIA L4,dinobase-patch,nyudepth,1,14,8.6422,5.7613,2.7343,340.865
0,NVIDIA L4,dinobase-patch,nyudepth,1,15,8.6322,5.707,2.7743,340.865
0,NVIDIA L4,dinobase-patch,nyudepth,1,16,8.6063,5.7119,2.7384,340.865
0,NVIDIA L4,dinobase-patch,nyudepth,1,17,8.6195,5.6795,2.7731,340.865
0,NVIDIA L4,dinobase-patch,nyudepth,1,18,8.6037,5.7384,2.7316,340.865
0,NVIDIA L4,dinobase-patch,nyudepth,1,19,8.6307,5.7051,2.7887,340.865
0,NVIDIA L4,dinobase-patch,nyudepth,1,20,8.6344,5.7637,2.7348,340.865
0,NVIDIA L4,dinobase-patch,nyudepth,1,21,8.6191,5.7408,2.7429,340.865
0,NVIDIA L4,dinobase-patch,nyudepth,1,22,8.6021,5.6359,2.7911,340.865
0,NVIDIA L4,dinobase-patch,nyudepth,1,23,8.643,5.7981,2.6726,340.865
0,NVIDIA L4,dinobase-patch,nyudepth,1,24,8.607,5.7125,2.7371,340.865
0,NVIDIA L4,dinobase-patch,nyudepth,1,25,8.6161,5.6827,2.7807,340.865
0,NVIDIA L4,dinobase-patch,nyudepth,1,26,8.607,5.7075,2.7645,340.865
0,NVIDIA L4,dinobase-patch,nyudepth,1,27,8.5864,5.7007,2.7298,340.865
0,NVIDIA L4,dinobase-patch,nyudepth,1,28,8.6197,5.6522,2.8321,340.865
0,NVIDIA L4,dinobase-patch,nyudepth,1,29,8.6097,5.7081,2.7556,340.865
0,NVIDIA L4,dinobase-patch,nyudepth,1,30,8.6363,5.7057,2.7768,340.865
0,NVIDIA L4,dinobase-patch,nyudepth,1,31,8.6132,5.6645,2.8128,340.865
0,NVIDIA L4,dinobase-patch,nyudepth,1,32,8.587,5.7691,2.6826,340.865
0,NVIDIA L4,dinobase-patch,nyudepth,1,33,8.6179,5.6657,2.8182,340.865
0,NVIDIA L4,dinobase-patch,nyudepth,1,34,8.604,5.6922,2.7677,340.865
0,NVIDIA L4,dinobase-patch,nyudepth,1,35,8.6208,5.6816,2.7962,340.865
0,NVIDIA L4,dinobase-patch,nyudepth,1,36,8.7902,5.9381,2.7213,340.865
0,NVIDIA L4,dinobase-patch,nyudepth,1,37,8.6402,5.6591,2.8451,340.865
0,NVIDIA L4,dinobase-patch,nyudepth,1,38,8.6434,6.3528,2.1393,340.865
0,NVIDIA L4,dinobase-patch,nyudepth,1,39,8.8421,6.7352,1.9128,340.865
0,NVIDIA L4,dinobase-patch,nyudepth,1,40,8.7141,6.3427,2.1892,340.865
0,NVIDIA L4,dinobase-patch,nyudepth,1,41,8.6781,6.2832,2.2327,340.865
0,NVIDIA L4,dinobase-patch,nyudepth,1,42,8.6905,6.2578,2.2571,340.865
0,NVIDIA L4,dinobase-patch,nyudepth,1,43,8.5807,5.7413,2.6589,340.865
0,NVIDIA L4,dinobase-patch,nyudepth,1,44,8.5786,5.71,2.6878,340.865
0,NVIDIA L4,dinobase-patch,nyudepth,1,45,8.6052,5.6823,2.7436,340.865
0,NVIDIA L4,dinobase-patch,nyudepth,1,46,8.5815,6.1061,2.3263,340.865
0,NVIDIA L4,dinobase-patch,nyudepth,1,47,8.5799,5.644,2.8035,340.865
0,NVIDIA L4,dinobase-patch,nyudepth,1,48,8.5796,5.6792,2.767,340.865
0,NVIDIA L4,dinobase-patch,nyudepth,1,49,8.5944,5.8821,2.5747,340.865
0,NVIDIA L4,dinobase-patch,nyudepth,1,50,8.6017,5.6497,2.8191,340.865
0,NVIDIA L4,dinobase-patch,nyudepth,1,51,8.6296,5.6256,2.8681,340.865
0,NVIDIA L4,dinobase-patch,nyudepth,1,52,8.5969,5.6261,2.8353,340.865
0,NVIDIA L4,dinobase-patch,nyudepth,1,53,8.5962,5.6764,2.7854,340.865
0,NVIDIA L4,dinobase-patch,nyudepth,1,54,8.6423,5.7709,2.7322,340.865
0,NVIDIA L4,dinobase-patch,nyudepth,1,55,8.6305,5.8042,2.6877,340.865
0,NVIDIA L4,dinobase-patch,nyudepth,1,56,8.5761,6.0047,2.4366,340.865
0,NVIDIA L4,dinobase-patch,nyudepth,1,57,8.599,5.6814,2.7548,340.865
0,NVIDIA L4,dinobase-patch,nyudepth,1,58,8.636,5.7531,2.7429,340.865
0,NVIDIA L4,dinobase-patch,nyudepth,1,59,8.6393,5.7548,2.728,340.865
0,NVIDIA L4,dinobase-patch,nyudepth,1,60,8.5838,5.7201,2.7227,340.865
0,NVIDIA L4,dinobase-patch,nyudepth,1,61,8.5849,5.6825,2.7601,340.865
0,NVIDIA L4,dinobase-patch,nyudepth,1,62,8.5879,5.7594,2.6524,340.865
0,NVIDIA L4,dinobase-patch,nyudepth,1,63,8.6597,5.8396,2.6778,340.865
0,NVIDIA L4,dinobase-patch,nyudepth,1,64,8.609,5.6651,2.7743,340.865
0,NVIDIA L4,dinobase-patch,nyudepth,1,65,8.6387,5.6789,2.8062,340.865
0,NVIDIA L4,dinobase-patch,nyudepth,1,66,8.7048,6.0362,2.5305,340.865
0,NVIDIA L4,dinobase-patch,nyudepth,1,67,8.6459,5.7119,2.7978,340.865
0,NVIDIA L4,dinobase-patch,nyudepth,1,68,8.5994,5.7298,2.7328,340.865
0,NVIDIA L4,dinobase-patch,nyudepth,1,69,8.632,5.6871,2.8044,340.865
0,NVIDIA L4,dinobase-patch,nyudepth,1,70,8.582,5.5985,2.8441,340.865
0,NVIDIA L4,dinobase-patch,nyudepth,1,71,8.6041,5.6458,2.7878,340.865
0,NVIDIA L4,dinobase-patch,nyudepth,1,72,8.6005,5.6727,2.7874,340.865
0,NVIDIA L4,dinobase-patch,nyudepth,1,73,8.5862,5.6256,2.8211,340.865
0,NVIDIA L4,dinobase-patch,nyudepth,1,74,8.5859,5.7674,2.6765,340.865
0,NVIDIA L4,dinobase-patch,nyudepth,1,75,8.6039,5.642,2.8049,340.865
0,NVIDIA L4,dinobase-patch,nyudepth,1,76,8.6005,5.9024,2.5603,340.865
0,NVIDIA L4,dinobase-patch,nyudepth,1,77,8.5767,5.5868,2.8296,340.865
0,NVIDIA L4,dinobase-patch,nyudepth,1,78,8.6209,5.6762,2.8087,340.865
0,NVIDIA L4,dinobase-patch,nyudepth,1,79,8.6424,5.6755,2.8261,340.865
0,NVIDIA L4,dinobase-patch,nyudepth,1,80,8.6233,5.683,2.8004,340.865
0,NVIDIA L4,dinobase-patch,nyudepth,1,81,8.588,5.5976,2.851,340.865
0,NVIDIA L4,dinobase-patch,nyudepth,1,82,8.6299,5.6869,2.8029,340.865
0,NVIDIA L4,dinobase-patch,nyudepth,1,83,8.5854,5.7161,2.731,340.865
0,NVIDIA L4,dinobase-patch,nyudepth,1,84,8.6274,5.6708,2.8121,340.865
0,NVIDIA L4,dinobase-patch,nyudepth,1,85,8.5791,5.6598,2.7805,340.865
0,NVIDIA L4,dinobase-patch,nyudepth,1,86,8.6494,6.283,2.1267,340.865
0,NVIDIA L4,dinobase-patch,nyudepth,1,87,8.8198,6.3406,2.2333,340.865
0,NVIDIA L4,dinobase-patch,nyudepth,1,88,8.8169,6.3043,2.2807,340.865
0,NVIDIA L4,dinobase-patch,nyudepth,1,89,8.8643,6.3025,2.3362,340.865
0,NVIDIA L4,dinobase-patch,nyudepth,1,90,8.8128,6.3358,2.2493,340.865
0,NVIDIA L4,dinobase-patch,nyudepth,1,91,8.7983,6.2421,2.2969,340.865
0,NVIDIA L4,dinobase-patch,nyudepth,1,92,8.8103,6.3561,2.2321,340.865
0,NVIDIA L4,dinobase-patch,nyudepth,1,93,8.72,5.9873,2.5575,340.865
0,NVIDIA L4,dinobase-patch,nyudepth,1,94,8.6194,5.7707,2.6875,340.865
0,NVIDIA L4,dinobase-patch,nyudepth,1,95,8.6418,5.8123,2.6614,340.865
0,NVIDIA L4,dinobase-patch,nyudepth,1,96,8.599,6.1111,2.3503,340.865
0,NVIDIA L4,dinobase-patch,nyudepth,1,97,8.6072,5.6205,2.8228,340.865
0,NVIDIA L4,dinobase-patch,nyudepth,1,98,8.6469,5.9183,2.5832,340.865
0,NVIDIA L4,dinobase-patch,nyudepth,1,99,8.6074,5.7132,2.7199,340.865
0,NVIDIA L4,dinobase-patch,nyudepth,1,100,8.5956,5.7576,2.6876,340.865
0,NVIDIA L4,dinobase-patch,nyudepth,1,101,8.6101,5.6311,2.8334,340.865
0,NVIDIA L4,dinobase-patch,nyudepth,1,102,8.6231,5.6896,2.7897,340.865
0,NVIDIA L4,dinobase-patch,nyudepth,1,103,8.6175,5.7829,2.6926,340.865
0,NVIDIA L4,dinobase-patch,nyudepth,1,104,8.6285,5.7711,2.712,340.865
0,NVIDIA L4,dinobase-patch,nyudepth,1,105,8.6437,5.8028,2.6992,340.865
0,NVIDIA L4,dinobase-patch,nyudepth,1,106,8.5888,5.9759,2.4769,340.865
0,NVIDIA L4,dinobase-patch,nyudepth,1,107,8.6039,5.6574,2.7974,340.865
0,NVIDIA L4,dinobase-patch,nyudepth,1,108,8.6366,5.7581,2.7411,340.865
0,NVIDIA L4,dinobase-patch,nyudepth,1,109,8.6153,5.6456,2.8318,340.865
0,NVIDIA L4,dinobase-patch,nyudepth,1,110,8.607,5.675,2.7916,340.865
0,NVIDIA L4,dinobase-patch,nyudepth,1,111,8.5799,5.6846,2.7293,340.865
0,NVIDIA L4,dinobase-patch,nyudepth,1,112,8.57,5.6554,2.779,340.865
0,NVIDIA L4,dinobase-patch,nyudepth,1,113,8.571,5.6339,2.7784,340.865
0,NVIDIA L4,dinobase-patch,nyudepth,1,114,8.6266,5.7463,2.7342,340.865
0,NVIDIA L4,dinobase-patch,nyudepth,1,115,8.7004,5.7591,2.802,340.865
0,NVIDIA L4,dinobase-patch,nyudepth,1,116,8.6462,5.8743,2.6365,340.865
0,NVIDIA L4,dinobase-patch,nyudepth,1,117,8.5935,5.634,2.8033,340.865
0,NVIDIA L4,dinobase-patch,nyudepth,1,118,8.6284,5.6263,2.8666,340.865
0,NVIDIA L4,dinobase-patch,nyudepth,1,119,8.6021,5.6497,2.8168,340.865
0,NVIDIA L4,dinobase-patch,nyudepth,1,120,8.5979,5.6538,2.8025,340.865
0,NVIDIA L4,dinobase-patch,nyudepth,1,121,8.5846,5.6526,2.7893,340.865
0,NVIDIA L4,dinobase-patch,nyudepth,1,122,8.6374,5.6337,2.8627,340.865
0,NVIDIA L4,dinobase-patch,nyudepth,1,123,8.6408,5.6267,2.8756,340.865
0,NVIDIA L4,dinobase-patch,nyudepth,1,124,8.5921,5.6814,2.7712,340.865
0,NVIDIA L4,dinobase-patch,nyudepth,1,125,8.6256,5.7349,2.7472,340.865
0,NVIDIA L4,dinobase-patch,nyudepth,1,126,8.6063,6.0531,2.4173,340.865
0,NVIDIA L4,dinobase-patch,nyudepth,1,127,8.6156,5.712,2.7656,340.865
0,NVIDIA L4,dinobase-patch,nyudepth,1,128,8.5938,5.649,2.8055,340.865
0,NVIDIA L4,dinobase-patch,nyudepth,1,129,8.6212,5.6879,2.7964,340.865
0,NVIDIA L4,dinobase-patch,nyudepth,1,130,8.6607,5.6888,2.8304,340.865
0,NVIDIA L4,dinobase-patch,nyudepth,1,131,8.62,5.6786,2.8035,340.865
0,NVIDIA L4,dinobase-patch,nyudepth,1,132,8.6192,5.6617,2.8166,340.865
0,NVIDIA L4,dinobase-patch,nyudepth,1,133,8.5938,5.7089,2.7474,340.865
0,NVIDIA L4,dinobase-patch,nyudepth,1,134,8.5844,5.6619,2.7775,340.865
0,NVIDIA L4,dinobase-patch,nyudepth,1,135,8.6062,5.6709,2.7965,340.865
0,NVIDIA L4,dinobase-patch,nyudepth,1,136,8.5889,5.9473,2.5061,340.865
0,NVIDIA L4,dinobase-patch,nyudepth,1,137,8.8921,6.6745,1.9755,340.865
0,NVIDIA L4,dinobase-patch,nyudepth,1,138,8.9121,6.4298,2.2178,340.865
0,NVIDIA L4,dinobase-patch,nyudepth,1,139,8.7817,6.259,2.2902,340.865
0,NVIDIA L4,dinobase-patch,nyudepth,1,140,8.673,5.8203,2.6785,340.865
0,NVIDIA L4,dinobase-patch,nyudepth,1,141,8.6307,5.7032,2.7664,340.865
0,NVIDIA L4,dinobase-patch,nyudepth,1,142,8.6077,5.6476,2.8016,340.865
0,NVIDIA L4,dinobase-patch,nyudepth,1,143,8.604,5.7391,2.711,340.865
0,NVIDIA L4,dinobase-patch,nyudepth,1,144,8.583,5.6925,2.7317,340.865
0,NVIDIA L4,dinobase-patch,nyudepth,1,145,8.5854,5.6307,2.798,340.865
0,NVIDIA L4,dinobase-patch,nyudepth,1,146,8.5568,6.1463,2.237,340.865
0,NVIDIA L4,dinobase-patch,nyudepth,1,147,8.5806,5.6521,2.7888,340.865
0,NVIDIA L4,dinobase-patch,nyudepth,1,148,8.6044,5.6772,2.7802,340.865
0,NVIDIA L4,dinobase-patch,nyudepth,1,149,8.6098,5.6199,2.8449,340.865
0,NVIDIA L4,dinobase-patch,nyudepth,1,150,8.5958,5.7442,2.7096,340.865
0,NVIDIA L4,dinobase-patch,nyudepth,1,151,8.6171,5.7345,2.7409,340.865
0,NVIDIA L4,dinobase-patch,nyudepth,1,152,8.6868,6.1877,2.3566,340.865
0,NVIDIA L4,dinobase-patch,nyudepth,1,153,8.6874,6.2177,2.3228,340.865
0,NVIDIA L4,dinobase-patch,nyudepth,1,154,8.6647,6.2008,2.3036,340.865
0,NVIDIA L4,dinobase-patch,nyudepth,1,155,8.7055,6.1715,2.3914,340.865
0,NVIDIA L4,dinobase-patch,nyudepth,1,156,8.6896,6.5052,2.0142,340.865
0,NVIDIA L4,dinobase-patch,nyudepth,1,157,8.7156,6.2202,2.3518,340.865
0,NVIDIA L4,dinobase-patch,nyudepth,1,158,8.6724,6.2134,2.3151,340.865
0,NVIDIA L4,dinobase-patch,nyudepth,1,159,8.6842,6.2013,2.3372,340.865
0,NVIDIA L4,dinobase-patch,nyudepth,1,160,8.6684,6.1696,2.3203,340.865
0,NVIDIA L4,dinobase-patch,nyudepth,1,161,8.6891,6.2451,2.2966,340.865
0,NVIDIA L4,dinobase-patch,nyudepth,1,162,8.7639,6.2841,2.2903,340.865
0,NVIDIA L4,dinobase-patch,nyudepth,1,163,8.7006,6.1887,2.3468,340.865
0,NVIDIA L4,dinobase-patch,nyudepth,1,164,8.7025,6.2316,2.3223,340.865
0,NVIDIA L4,dinobase-patch,nyudepth,1,165,8.6414,6.1577,2.3354,340.865
0,NVIDIA L4,dinobase-patch,nyudepth,1,166,8.6632,6.4995,2.0257,340.865
0,NVIDIA L4,dinobase-patch,nyudepth,1,167,8.6717,6.1611,2.3713,340.865
0,NVIDIA L4,dinobase-patch,nyudepth,1,168,8.6806,6.1635,2.3216,340.865
0,NVIDIA L4,dinobase-patch,nyudepth,1,169,8.6215,5.9383,2.5375,340.865
0,NVIDIA L4,dinobase-patch,nyudepth,1,170,8.6912,5.8607,2.6866,340.865
0,NVIDIA L4,dinobase-patch,nyudepth,1,171,8.6464,5.8465,2.6541,340.865
0,NVIDIA L4,dinobase-patch,nyudepth,1,172,8.616,5.8316,2.6221,340.865
0,NVIDIA L4,dinobase-patch,nyudepth,1,173,8.6409,5.8241,2.6743,340.865
0,NVIDIA L4,dinobase-patch,nyudepth,1,174,8.5702,5.9165,2.5104,340.865
0,NVIDIA L4,dinobase-patch,nyudepth,1,175,8.6435,5.8017,2.6811,340.865
0,NVIDIA L4,dinobase-patch,nyudepth,1,176,8.5918,6.1261,2.3313,340.865
0,NVIDIA L4,dinobase-patch,nyudepth,1,177,8.6784,5.8224,2.7234,340.865
0,NVIDIA L4,dinobase-patch,nyudepth,1,178,8.6398,5.8356,2.6698,340.865
0,NVIDIA L4,dinobase-patch,nyudepth,1,179,9.2217,8.4774,0.5214,340.865
0,NVIDIA L4,dinobase-patch,nyudepth,1,180,8.7368,7.0321,1.5451,340.865
0,NVIDIA L4,dinobase-patch,nyudepth,1,181,8.6343,5.7025,2.7759,340.865
0,NVIDIA L4,dinobase-patch,nyudepth,1,182,8.6162,5.6866,2.7785,340.865
0,NVIDIA L4,dinobase-patch,nyudepth,1,183,8.5978,5.7194,2.7284,340.865
0,NVIDIA L4,dinobase-patch,nyudepth,1,184,8.6408,5.7637,2.7114,340.865
0,NVIDIA L4,dinobase-patch,nyudepth,1,185,8.6079,5.7042,2.7573,340.865
0,NVIDIA L4,dinobase-patch,nyudepth,1,186,8.6302,6.0634,2.431,340.865
0,NVIDIA L4,dinobase-patch,nyudepth,1,187,8.6107,5.6886,2.7884,340.865
0,NVIDIA L4,dinobase-patch,nyudepth,1,188,8.6051,5.6727,2.7699,340.865
0,NVIDIA L4,dinobase-patch,nyudepth,1,189,8.6021,5.8914,2.5713,340.865
0,NVIDIA L4,dinobase-patch,nyudepth,1,190,8.6176,5.763,2.7136,340.865
0,NVIDIA L4,dinobase-patch,nyudepth,1,191,8.569,5.645,2.762,340.865
0,NVIDIA L4,dinobase-patch,nyudepth,1,192,8.5941,5.7486,2.7039,340.865
0,NVIDIA L4,dinobase-patch,nyudepth,1,193,8.5713,5.7023,2.6979,340.865
0,NVIDIA L4,dinobase-patch,nyudepth,1,194,8.6075,5.654,2.8154,340.865
0,NVIDIA L4,dinobase-patch,nyudepth,1,195,8.6092,5.7134,2.7543,340.865
0,NVIDIA L4,dinobase-patch,nyudepth,1,196,8.6228,5.9953,2.4685,340.865
0,NVIDIA L4,dinobase-patch,nyudepth,1,197,8.6266,5.6862,2.8059,340.865
0,NVIDIA L4,dinobase-patch,nyudepth,1,198,8.5799,5.6918,2.7513,340.865
0,NVIDIA L4,dinobase-patch,nyudepth,1,199,8.5912,5.7621,2.6904,340.865
0,NVIDIA L4,dinobase-patch,nyudepth,2,0,33.5248,18.432,14.8874,343.553
0,NVIDIA L4,dinobase-patch,nyudepth,2,1,12.7689,6.3979,6.1783,343.553
0,NVIDIA L4,dinobase-patch,nyudepth,2,2,12.7443,5.9055,6.6387,343.553
0,NVIDIA L4,dinobase-patch,nyudepth,2,3,12.7111,5.7286,6.8249,343.553
0,NVIDIA L4,dinobase-patch,nyudepth,2,4,12.7224,5.8377,6.7246,343.553
0,NVIDIA L4,dinobase-patch,nyudepth,2,5,12.6899,5.9203,6.6143,343.553
0,NVIDIA L4,dinobase-patch,nyudepth,2,6,12.6882,5.7203,6.8008,343.553
0,NVIDIA L4,dinobase-patch,nyudepth,2,7,12.666,5.7355,6.7552,343.553
0,NVIDIA L4,dinobase-patch,nyudepth,2,8,12.699,5.8012,6.7483,343.553
0,NVIDIA L4,dinobase-patch,nyudepth,2,9,12.7293,5.7867,6.7881,343.553
0,NVIDIA L4,dinobase-patch,nyudepth,2,10,12.803,6.0195,6.6201,343.553
0,NVIDIA L4,dinobase-patch,nyudepth,2,11,12.9738,5.9238,6.8896,343.553
0,NVIDIA L4,dinobase-patch,nyudepth,2,12,13.0354,7.6976,5.1663,343.553
0,NVIDIA L4,dinobase-patch,nyudepth,2,13,12.9788,5.7727,7.0054,343.553
0,NVIDIA L4,dinobase-patch,nyudepth,2,14,12.8265,5.7475,6.9174,343.553
0,NVIDIA L4,dinobase-patch,nyudepth,2,15,12.7609,5.8609,6.7335,343.553
0,NVIDIA L4,dinobase-patch,nyudepth,2,16,12.7011,5.9252,6.6288,343.553
0,NVIDIA L4,dinobase-patch,nyudepth,2,17,12.6833,5.7576,6.7686,343.553
0,NVIDIA L4,dinobase-patch,nyudepth,2,18,12.7158,5.8085,6.739,343.553
0,NVIDIA L4,dinobase-patch,nyudepth,2,19,12.7165,5.8058,6.7453,343.553
0,NVIDIA L4,dinobase-patch,nyudepth,2,20,12.7613,5.9899,6.6075,343.553
0,NVIDIA L4,dinobase-patch,nyudepth,2,21,12.7864,5.9292,6.6832,343.553
0,NVIDIA L4,dinobase-patch,nyudepth,2,22,13.1081,6.4519,6.4803,343.553
0,NVIDIA L4,dinobase-patch,nyudepth,2,23,13.0437,6.3375,6.5393,343.553
0,NVIDIA L4,dinobase-patch,nyudepth,2,24,12.8936,6.3593,6.3424,343.553
0,NVIDIA L4,dinobase-patch,nyudepth,2,25,12.8265,6.3634,5.8904,343.553
0,NVIDIA L4,dinobase-patch,nyudepth,2,26,12.8368,6.3357,6.3257,343.553
0,NVIDIA L4,dinobase-patch,nyudepth,2,27,12.8309,6.3431,6.3197,343.553
0,NVIDIA L4,dinobase-patch,nyudepth,2,28,12.8363,6.3727,6.2981,343.553
0,NVIDIA L4,dinobase-patch,nyudepth,2,29,12.8144,6.3854,6.2617,343.553
0,NVIDIA L4,dinobase-patch,nyudepth,2,30,12.8229,6.285,6.3431,343.553
0,NVIDIA L4,dinobase-patch,nyudepth,2,31,12.7187,5.8532,6.6097,343.553
0,NVIDIA L4,dinobase-patch,nyudepth,2,32,12.8199,5.8743,6.7809,343.553
0,NVIDIA L4,dinobase-patch,nyudepth,2,33,13.0368,5.9549,6.8723,343.553
0,NVIDIA L4,dinobase-patch,nyudepth,2,34,12.9524,5.7538,7.0394,343.553
0,NVIDIA L4,dinobase-patch,nyudepth,2,35,12.8093,5.7813,6.3866,343.553
0,NVIDIA L4,dinobase-patch,nyudepth,2,36,12.8031,6.3048,6.3487,343.553
0,NVIDIA L4,dinobase-patch,nyudepth,2,37,12.8318,6.3272,6.3473,343.553
0,NVIDIA L4,dinobase-patch,nyudepth,2,38,12.792,6.3184,6.2717,343.553
0,NVIDIA L4,dinobase-patch,nyudepth,2,39,12.7283,6.3667,6.2001,343.553
0,NVIDIA L4,dinobase-patch,nyudepth,2,40,12.7391,5.9757,6.6001,343.553
0,NVIDIA L4,dinobase-patch,nyudepth,2,41,12.9459,6.7057,5.957,343.553
0,NVIDIA L4,dinobase-patch,nyudepth,2,42,12.9583,6.0358,6.7404,343.553
0,NVIDIA L4,dinobase-patch,nyudepth,2,43,12.9469,6.0033,6.7725,343.553
0,NVIDIA L4,dinobase-patch,nyudepth,2,44,12.7771,5.8694,6.7534,343.553
0,NVIDIA L4,dinobase-patch,nyudepth,2,45,13.1879,6.343,6.6927,343.553
0,NVIDIA L4,dinobase-patch,nyudepth,2,46,12.6883,5.7983,6.7374,343.553
0,NVIDIA L4,dinobase-patch,nyudepth,2,47,12.6959,6.0596,6.4678,343.553
0,NVIDIA L4,dinobase-patch,nyudepth,2,48,12.7653,5.9249,6.6725,343.553
0,NVIDIA L4,dinobase-patch,nyudepth,2,49,12.855,6.069,6.591,343.553
0,NVIDIA L4,dinobase-patch,nyudepth,2,50,12.9246,5.7365,7.0188,343.553
0,NVIDIA L4,dinobase-patch,nyudepth,2,51,13.0015,5.8206,7.0126,343.553
0,NVIDIA L4,dinobase-patch,nyudepth,2,52,12.9883,5.792,7.0075,343.553
0,NVIDIA L4,dinobase-patch,nyudepth,2,53,13.0158,5.7023,7.1206,343.553
0,NVIDIA L4,dinobase-patch,nyudepth,2,54,12.8711,5.7849,6.9325,343.553
0,NVIDIA L4,dinobase-patch,nyudepth,2,55,12.7771,5.845,6.7891,343.553
0,NVIDIA L4,dinobase-patch,nyudepth,2,56,12.7473,5.7522,6.8448,343.553
0,NVIDIA L4,dinobase-patch,nyudepth,2,57,12.6958,5.7272,6.8109,343.553
0,NVIDIA L4,dinobase-patch,nyudepth,2,58,12.686,5.7378,6.7706,343.553
0,NVIDIA L4,dinobase-patch,nyudepth,2,59,12.7183,5.7681,6.7803,343.553
0,NVIDIA L4,dinobase-patch,nyudepth,2,60,12.6674,5.9524,6.5544,343.553
0,NVIDIA L4,dinobase-patch,nyudepth,2,61,12.6858,5.8755,6.6466,343.553
0,NVIDIA L4,dinobase-patch,nyudepth,2,62,12.6763,5.8579,6.662,343.553
0,NVIDIA L4,dinobase-patch,nyudepth,2,63,12.6731,5.8721,6.6314,343.553
0,NVIDIA L4,dinobase-patch,nyudepth,2,64,12.6871,5.9086,6.6108,343.553
0,NVIDIA L4,dinobase-patch,nyudepth,2,65,12.7078,5.9517,6.6089,343.553
0,NVIDIA L4,dinobase-patch,nyudepth,2,66,12.8893,5.963,6.7654,343.553
0,NVIDIA L4,dinobase-patch,nyudepth,2,67,12.9598,5.901,6.8999,343.553
0,NVIDIA L4,dinobase-patch,nyudepth,2,68,13.3175,6.7321,6.3376,343.553
0,NVIDIA L4,dinobase-patch,nyudepth,2,69,13.1611,6.661,6.2745,343.553
0,NVIDIA L4,dinobase-patch,nyudepth,2,70,12.8541,6.2353,6.4042,343.553
0,NVIDIA L4,dinobase-patch,nyudepth,2,71,12.8401,6.4329,6.216,343.553
0,NVIDIA L4,dinobase-patch,nyudepth,2,72,12.7339,6.16,6.4042,343.553
0,NVIDIA L4,dinobase-patch,nyudepth,2,73,12.7419,5.9837,6.5949,343.553
0,NVIDIA L4,dinobase-patch,nyudepth,2,74,12.6917,5.9462,6.5821,343.553
0,NVIDIA L4,dinobase-patch,nyudepth,2,75,12.778,5.8536,6.7803,343.553
0,NVIDIA L4,dinobase-patch,nyudepth,2,76,12.7565,5.9177,6.6941,343.553
0,NVIDIA L4,dinobase-patch,nyudepth,2,77,12.8147,5.9296,6.7383,343.553
0,NVIDIA L4,dinobase-patch,nyudepth,2,78,12.8771,5.9169,6.8129,343.553
0,NVIDIA L4,dinobase-patch,nyudepth,2,79,12.9463,5.9487,6.8508,343.553
0,NVIDIA L4,dinobase-patch,nyudepth,2,80,12.8822,6.0393,6.6934,343.553
0,NVIDIA L4,dinobase-patch,nyudepth,2,81,12.7864,5.9415,6.6919,343.553
0,NVIDIA L4,dinobase-patch,nyudepth,2,82,12.7984,5.9093,6.7391,343.553
0,NVIDIA L4,dinobase-patch,nyudepth,2,83,12.7547,5.8994,6.7022,343.553
0,NVIDIA L4,dinobase-patch,nyudepth,2,84,12.7173,5.8362,6.3758,343.553
0,NVIDIA L4,dinobase-patch,nyudepth,2,85,12.8443,6.3991,6.2792,343.553
0,NVIDIA L4,dinobase-patch,nyudepth,2,86,12.8621,6.3737,6.3348,343.553
0,NVIDIA L4,dinobase-patch,nyudepth,2,87,12.7076,5.7515,6.8042,343.553
0,NVIDIA L4,dinobase-patch,nyudepth,2,88,12.7555,5.858,6.7459,343.553
0,NVIDIA L4,dinobase-patch,nyudepth,2,89,12.8481,6.398,6.2929,343.553
0,NVIDIA L4,dinobase-patch,nyudepth,2,90,12.7316,5.8221,6.7469,343.553
0,NVIDIA L4,dinobase-patch,nyudepth,2,91,12.7099,5.7209,6.8286,343.553
0,NVIDIA L4,dinobase-patch,nyudepth,2,92,12.7096,5.7242,6.811,343.553
0,NVIDIA L4,dinobase-patch,nyudepth,2,93,12.7933,5.8387,6.7866,343.553
0,NVIDIA L4,dinobase-patch,nyudepth,2,94,12.9127,6.3086,6.4579,343.553
0,NVIDIA L4,dinobase-patch,nyudepth,2,95,12.9859,5.7387,7.099,343.553
0,NVIDIA L4,dinobase-patch,nyudepth,2,96,12.9961,6.1876,6.6075,343.553
0,NVIDIA L4,dinobase-patch,nyudepth,2,97,12.7699,5.927,6.6614,343.553
0,NVIDIA L4,dinobase-patch,nyudepth,2,98,12.726,5.9973,6.5485,343.553
0,NVIDIA L4,dinobase-patch,nyudepth,2,99,12.746,5.7912,6.7824,343.553
0,NVIDIA L4,dinobase-patch,nyudepth,2,100,12.7431,5.7865,6.788,343.553
0,NVIDIA L4,dinobase-patch,nyudepth,2,101,12.6898,5.6365,6.8945,343.553
0,NVIDIA L4,dinobase-patch,nyudepth,2,102,12.8031,5.7089,6.9309,343.553
0,NVIDIA L4,dinobase-patch,nyudepth,2,103,12.8919,5.7115,7.0237,343.553
0,NVIDIA L4,dinobase-patch,nyudepth,2,104,13.0077,5.6534,7.2134,343.553
0,NVIDIA L4,dinobase-patch,nyudepth,2,105,12.9989,5.8886,6.9585,343.553
0,NVIDIA L4,dinobase-patch,nyudepth,2,106,13.0868,6.3145,6.6161,343.553
0,NVIDIA L4,dinobase-patch,nyudepth,2,107,12.8021,6.5115,6.0699,343.553
0,NVIDIA L4,dinobase-patch,nyudepth,2,108,12.8343,6.2536,6.392,343.553
0,NVIDIA L4,dinobase-patch,nyudepth,2,109,12.8482,6.4257,6.2484,343.553
0,NVIDIA L4,dinobase-patch,nyudepth,2,110,12.8334,6.3814,6.2801,343.553
0,NVIDIA L4,dinobase-patch,nyudepth,2,111,12.9389,6.3462,6.4234,343.553
0,NVIDIA L4,dinobase-patch,nyudepth,2,112,13.0158,6.3061,6.5412,343.553
0,NVIDIA L4,dinobase-patch,nyudepth,2,113,13.0068,6.3086,6.5075,343.553
0,NVIDIA L4,dinobase-patch,nyudepth,2,114,12.9875,6.5004,6.3216,343.553
0,NVIDIA L4,dinobase-patch,nyudepth,2,115,12.8698,6.4123,6.2997,343.553
0,NVIDIA L4,dinobase-patch,nyudepth,2,116,12.8986,6.437,6.2661,343.553
0,NVIDIA L4,dinobase-patch,nyudepth,2,117,12.864,6.3556,6.3219,343.553
0,NVIDIA L4,dinobase-patch,nyudepth,2,118,12.8633,6.3441,6.3529,343.553
0,NVIDIA L4,dinobase-patch,nyudepth,2,119,12.8942,6.3736,6.3464,343.553
0,NVIDIA L4,dinobase-patch,nyudepth,2,120,13.0956,6.3423,6.5628,343.553
0,NVIDIA L4,dinobase-patch,nyudepth,2,121,13.1067,6.3155,6.6289,343.553
0,NVIDIA L4,dinobase-patch,nyudepth,2,122,12.9673,6.4728,6.3174,343.553
0,NVIDIA L4,dinobase-patch,nyudepth,2,123,12.8484,6.4312,6.2462,343.553
0,NVIDIA L4,dinobase-patch,nyudepth,2,124,12.835,6.4033,6.2701,343.553
0,NVIDIA L4,dinobase-patch,nyudepth,2,125,12.8711,6.3501,6.3646,343.553
0,NVIDIA L4,dinobase-patch,nyudepth,2,126,12.7059,5.7252,6.8179,343.553
0,NVIDIA L4,dinobase-patch,nyudepth,2,127,12.6735,5.7484,6.761,343.553
0,NVIDIA L4,dinobase-patch,nyudepth,2,128,12.7476,5.7146,6.8656,343.553
0,NVIDIA L4,dinobase-patch,nyudepth,2,129,12.7137,5.7239,6.8257,343.553
0,NVIDIA L4,dinobase-patch,nyudepth,2,130,12.6969,5.7956,6.7248,343.553
0,NVIDIA L4,dinobase-patch,nyudepth,2,131,12.7456,5.8222,6.7564,343.553
0,NVIDIA L4,dinobase-patch,nyudepth,2,132,13.0143,6.7219,6.1037,343.553
0,NVIDIA L4,dinobase-patch,nyudepth,2,133,13.0519,6.4589,5.9659,343.553
0,NVIDIA L4,dinobase-patch,nyudepth,2,134,13.1616,6.3547,6.6562,343.553
0,NVIDIA L4,dinobase-patch,nyudepth,2,135,12.8631,5.9942,6.7126,343.553
0,NVIDIA L4,dinobase-patch,nyudepth,2,136,12.7665,5.7824,6.8279,343.553
0,NVIDIA L4,dinobase-patch,nyudepth,2,137,12.8368,6.3293,6.3069,343.553
0,NVIDIA L4,dinobase-patch,nyudepth,2,138,12.8018,6.2933,6.3438,343.553
0,NVIDIA L4,dinobase-patch,nyudepth,2,139,12.872,6.4509,6.245,343.553
0,NVIDIA L4,dinobase-patch,nyudepth,2,140,12.8746,6.4083,6.2883,343.553
0,NVIDIA L4,dinobase-patch,nyudepth,2,141,12.8906,6.403,6.3196,343.553
0,NVIDIA L4,dinobase-patch,nyudepth,2,142,13.0335,6.4236,6.4425,343.553
0,NVIDIA L4,dinobase-patch,nyudepth,2,143,13.1228,6.9884,5.9858,343.553
0,NVIDIA L4,dinobase-patch,nyudepth,2,144,13.0882,6.3427,6.5946,343.553
0,NVIDIA L4,dinobase-patch,nyudepth,2,145,13.0329,6.3082,6.5589,343.553
0,NVIDIA L4,dinobase-patch,nyudepth,2,146,12.904,6.3682,6.378,343.553
0,NVIDIA L4,dinobase-patch,nyudepth,2,147,12.9324,6.8005,5.9487,343.553
0,NVIDIA L4,dinobase-patch,nyudepth,2,148,12.8511,6.442,6.2384,343.553
0,NVIDIA L4,dinobase-patch,nyudepth,2,149,12.7226,5.857,6.692,343.553
0,NVIDIA L4,dinobase-patch,nyudepth,2,150,12.8241,6.3734,6.2841,343.553
0,NVIDIA L4,dinobase-patch,nyudepth,2,151,12.8169,6.3241,6.3297,343.553
0,NVIDIA L4,dinobase-patch,nyudepth,2,152,12.8109,6.3092,6.3452,343.553
0,NVIDIA L4,dinobase-patch,nyudepth,2,153,12.6991,5.7911,6.764,343.553
0,NVIDIA L4,dinobase-patch,nyudepth,2,154,12.7246,5.8544,6.7121,343.553
0,NVIDIA L4,dinobase-patch,nyudepth,2,155,12.6778,5.7505,6.7723,343.553
0,NVIDIA L4,dinobase-patch,nyudepth,2,156,12.8337,5.9422,6.7178,343.553
0,NVIDIA L4,dinobase-patch,nyudepth,2,157,12.8109,5.796,6.819,343.553
0,NVIDIA L4,dinobase-patch,nyudepth,2,158,12.7779,5.8153,6.7863,343.553
0,NVIDIA L4,dinobase-patch,nyudepth,2,159,12.9034,5.8062,6.9238,343.553
0,NVIDIA L4,dinobase-patch,nyudepth,2,160,12.9843,5.861,6.9547,343.553
0,NVIDIA L4,dinobase-patch,nyudepth,2,161,12.8388,5.7616,6.912,343.553
0,NVIDIA L4,dinobase-patch,nyudepth,2,162,12.7397,5.8227,6.744,343.553
0,NVIDIA L4,dinobase-patch,nyudepth,2,163,12.7335,5.7826,6.8043,343.553
0,NVIDIA L4,dinobase-patch,nyudepth,2,164,12.7589,6.1051,6.483,343.553
0,NVIDIA L4,dinobase-patch,nyudepth,2,165,12.7837,5.8884,6.7232,343.553
0,NVIDIA L4,dinobase-patch,nyudepth,2,166,12.8024,5.9672,6.6613,343.553
0,NVIDIA L4,dinobase-patch,nyudepth,2,167,12.7263,5.8932,6.6629,343.553
0,NVIDIA L4,dinobase-patch,nyudepth,2,168,12.7659,5.9847,6.6095,343.553
0,NVIDIA L4,dinobase-patch,nyudepth,2,169,12.8152,5.9479,6.701,343.553
0,NVIDIA L4,dinobase-patch,nyudepth,2,170,12.9095,5.8989,6.8519,343.553
0,NVIDIA L4,dinobase-patch,nyudepth,2,171,12.9838,5.8908,6.9283,343.553
0,NVIDIA L4,dinobase-patch,nyudepth,2,172,13.0543,5.8077,7.0782,343.553
0,NVIDIA L4,dinobase-patch,nyudepth,2,173,13.2622,6.5372,6.5042,343.553
0,NVIDIA L4,dinobase-patch,nyudepth,2,174,12.9445,5.9976,6.7472,343.553
0,NVIDIA L4,dinobase-patch,nyudepth,2,175,12.7473,5.8762,6.7025,343.553
0,NVIDIA L4,dinobase-patch,nyudepth,2,176,12.7183,6.0173,6.5357,343.553
0,NVIDIA L4,dinobase-patch,nyudepth,2,177,12.7072,5.8913,6.6561,343.553
0,NVIDIA L4,dinobase-patch,nyudepth,2,178,12.7065,5.9166,6.6262,343.553
0,NVIDIA L4,dinobase-patch,nyudepth,2,179,12.73,5.8815,6.6871,343.553
0,NVIDIA L4,dinobase-patch,nyudepth,2,180,12.8509,5.9292,6.762,343.553
0,NVIDIA L4,dinobase-patch,nyudepth,2,181,13.0046,6.0037,6.8065,343.553
0,NVIDIA L4,dinobase-patch,nyudepth,2,182,12.9394,6.0072,6.3515,343.553
0,NVIDIA L4,dinobase-patch,nyudepth,2,183,12.8454,5.8876,6.7846,343.553
0,NVIDIA L4,dinobase-patch,nyudepth,2,184,12.7521,5.902,6.7036,343.553
0,NVIDIA L4,dinobase-patch,nyudepth,2,185,12.7408,6.2521,6.3348,343.553
0,NVIDIA L4,dinobase-patch,nyudepth,2,186,12.7435,5.8453,6.7422,343.553
0,NVIDIA L4,dinobase-patch,nyudepth,2,187,12.7373,5.7734,6.8036,343.553
0,NVIDIA L4,dinobase-patch,nyudepth,2,188,12.7319,5.848,6.728,343.553
0,NVIDIA L4,dinobase-patch,nyudepth,2,189,12.7173,5.7293,6.8291,343.553
0,NVIDIA L4,dinobase-patch,nyudepth,2,190,12.7921,5.7596,6.8659,343.553
0,NVIDIA L4,dinobase-patch,nyudepth,2,191,12.8517,5.7481,6.9448,343.553
0,NVIDIA L4,dinobase-patch,nyudepth,2,192,12.9063,6.2131,6.5165,343.553
0,NVIDIA L4,dinobase-patch,nyudepth,2,193,12.9777,5.7497,7.082,343.553
0,NVIDIA L4,dinobase-patch,nyudepth,2,194,13.0481,6.3397,6.5558,343.553
0,NVIDIA L4,dinobase-patch,nyudepth,2,195,12.8711,6.3322,6.3779,343.553
0,NVIDIA L4,dinobase-patch,nyudepth,2,196,12.8324,6.2844,6.39,343.553
0,NVIDIA L4,dinobase-patch,nyudepth,2,197,12.8431,6.346,6.3323,343.553
0,NVIDIA L4,dinobase-patch,nyudepth,2,198,12.7348,5.7823,6.7861,343.553
0,NVIDIA L4,dinobase-patch,nyudepth,2,199,12.8134,5.7158,6.9264,343.553
0,NVIDIA L4,dinobase-patch,nyudepth,4,0,48.2117,21.5818,26.3742,346.436
0,NVIDIA L4,dinobase-patch,nyudepth,4,1,22.9978,7.2452,15.5261,346.436
0,NVIDIA L4,dinobase-patch,nyudepth,4,2,22.5662,6.4277,15.9357,346.436
0,NVIDIA L4,dinobase-patch,nyudepth,4,3,22.5823,6.1114,16.3016,346.436
0,NVIDIA L4,dinobase-patch,nyudepth,4,4,22.6224,6.1985,16.2227,346.436
0,NVIDIA L4,dinobase-patch,nyudepth,4,5,23.228,6.7894,16.2591,346.436
0,NVIDIA L4,dinobase-patch,nyudepth,4,6,22.6837,6.1632,16.3094,346.436
0,NVIDIA L4,dinobase-patch,nyudepth,4,7,22.6314,6.1647,16.2804,346.436
0,NVIDIA L4,dinobase-patch,nyudepth,4,8,22.6324,6.3504,16.0803,346.436
0,NVIDIA L4,dinobase-patch,nyudepth,4,9,22.7065,6.1138,16.3828,346.436
0,NVIDIA L4,dinobase-patch,nyudepth,4,10,22.5741,6.0843,16.3094,346.436
0,NVIDIA L4,dinobase-patch,nyudepth,4,11,22.7389,6.218,16.3263,346.436
0,NVIDIA L4,dinobase-patch,nyudepth,4,12,22.6468,6.2184,16.2406,346.436
0,NVIDIA L4,dinobase-patch,nyudepth,4,13,22.6617,7.0417,15.3964,346.436
0,NVIDIA L4,dinobase-patch,nyudepth,4,14,22.8145,6.5979,15.9937,346.436
0,NVIDIA L4,dinobase-patch,nyudepth,4,15,22.77,6.2576,16.3164,346.436
0,NVIDIA L4,dinobase-patch,nyudepth,4,16,22.6736,6.2619,16.2205,346.436
0,NVIDIA L4,dinobase-patch,nyudepth,4,17,22.7021,6.2795,16.2289,346.436
0,NVIDIA L4,dinobase-patch,nyudepth,4,18,22.6321,6.2195,16.2223,346.436
0,NVIDIA L4,dinobase-patch,nyudepth,4,19,22.6338,6.1583,16.2941,346.436
0,NVIDIA L4,dinobase-patch,nyudepth,4,20,22.8875,6.8735,15.3131,346.436
0,NVIDIA L4,dinobase-patch,nyudepth,4,21,22.8245,6.8429,15.8099,346.436
0,NVIDIA L4,dinobase-patch,nyudepth,4,22,22.6132,6.192,16.2097,346.436
0,NVIDIA L4,dinobase-patch,nyudepth,4,23,22.6014,6.2978,16.1146,346.436
0,NVIDIA L4,dinobase-patch,nyudepth,4,24,22.5491,6.2049,16.1355,346.436
0,NVIDIA L4,dinobase-patch,nyudepth,4,25,22.5469,6.2374,16.122,346.436
0,NVIDIA L4,dinobase-patch,nyudepth,4,26,22.6207,6.6617,15.7588,346.436
0,NVIDIA L4,dinobase-patch,nyudepth,4,27,22.6977,6.2542,16.2513,346.436
0,NVIDIA L4,dinobase-patch,nyudepth,4,28,22.614,6.3111,16.1149,346.436
0,NVIDIA L4,dinobase-patch,nyudepth,4,29,22.8699,6.9351,15.7068,346.436
0,NVIDIA L4,dinobase-patch,nyudepth,4,30,22.84,6.8338,15.8235,346.436
0,NVIDIA L4,dinobase-patch,nyudepth,4,31,22.65,6.2341,16.2116,346.436
0,NVIDIA L4,dinobase-patch,nyudepth,4,32,22.6792,6.1816,16.315,346.436
0,NVIDIA L4,dinobase-patch,nyudepth,4,33,22.6041,6.1498,16.276,346.436
0,NVIDIA L4,dinobase-patch,nyudepth,4,34,22.6261,6.1481,16.2959,346.436
0,NVIDIA L4,dinobase-patch,nyudepth,4,35,22.6196,6.2278,16.1976,346.436
0,NVIDIA L4,dinobase-patch,nyudepth,4,36,22.6004,6.1302,16.2584,346.436
0,NVIDIA L4,dinobase-patch,nyudepth,4,37,22.5629,6.2272,16.1149,346.436
0,NVIDIA L4,dinobase-patch,nyudepth,4,38,22.5789,6.2138,16.172,346.436
0,NVIDIA L4,dinobase-patch,nyudepth,4,39,22.5632,6.1616,16.2319,346.436
0,NVIDIA L4,dinobase-patch,nyudepth,4,40,22.6642,6.1952,16.281,346.436
0,NVIDIA L4,dinobase-patch,nyudepth,4,41,22.7524,6.8227,15.7526,346.436
0,NVIDIA L4,dinobase-patch,nyudepth,4,42,22.7534,6.8089,15.7068,346.436
0,NVIDIA L4,dinobase-patch,nyudepth,4,43,22.7017,6.8195,15.6992,346.436
0,NVIDIA L4,dinobase-patch,nyudepth,4,44,22.7,6.8213,15.6959,346.436
0,NVIDIA L4,dinobase-patch,nyudepth,4,45,22.7483,6.8921,15.6579,346.436
0,NVIDIA L4,dinobase-patch,nyudepth,4,46,22.6918,6.8254,15.6855,346.436
0,NVIDIA L4,dinobase-patch,nyudepth,4,47,22.7075,6.8054,15.7084,346.436
0,NVIDIA L4,dinobase-patch,nyudepth,4,48,23.0677,6.6967,16.2042,346.436
0,NVIDIA L4,dinobase-patch,nyudepth,4,49,22.6147,6.0529,16.3687,346.436
0,NVIDIA L4,dinobase-patch,nyudepth,4,50,22.6609,6.0979,16.3853,346.436
0,NVIDIA L4,dinobase-patch,nyudepth,4,51,22.671,6.1209,16.3671,346.436
0,NVIDIA L4,dinobase-patch,nyudepth,4,52,22.7404,6.1914,16.3581,346.436
0,NVIDIA L4,dinobase-patch,nyudepth,4,53,22.7034,6.1455,16.3668,346.436
0,NVIDIA L4,dinobase-patch,nyudepth,4,54,22.6865,6.522,15.9341,346.436
0,NVIDIA L4,dinobase-patch,nyudepth,4,55,22.6894,6.2227,16.2795,346.436
0,NVIDIA L4,dinobase-patch,nyudepth,4,56,22.7725,6.6774,15.8566,346.436
0,NVIDIA L4,dinobase-patch,nyudepth,4,57,22.5698,6.35,15.4788,346.436
0,NVIDIA L4,dinobase-patch,nyudepth,4,58,22.6162,6.3481,16.0923,346.436
0,NVIDIA L4,dinobase-patch,nyudepth,4,59,22.6479,6.384,16.0452,346.436
0,NVIDIA L4,dinobase-patch,nyudepth,4,60,22.5276,6.1513,16.1932,346.436
0,NVIDIA L4,dinobase-patch,nyudepth,4,61,22.7644,6.8123,15.7692,346.436
0,NVIDIA L4,dinobase-patch,nyudepth,4,62,22.5511,6.291,16.0605,346.436
0,NVIDIA L4,dinobase-patch,nyudepth,4,63,22.6242,6.1772,16.2215,346.436
0,NVIDIA L4,dinobase-patch,nyudepth,4,64,22.6484,6.2597,16.1926,346.436
0,NVIDIA L4,dinobase-patch,nyudepth,4,65,22.6437,6.2037,16.2524,346.436
0,NVIDIA L4,dinobase-patch,nyudepth,4,66,22.642,6.2393,16.2057,346.436
0,NVIDIA L4,dinobase-patch,nyudepth,4,67,22.5533,6.3496,15.98,346.436
0,NVIDIA L4,dinobase-patch,nyudepth,4,68,22.5466,6.3317,16.0222,346.436
0,NVIDIA L4,dinobase-patch,nyudepth,4,69,22.5262,6.3005,16.0333,346.436
0,NVIDIA L4,dinobase-patch,nyudepth,4,70,22.796,6.8404,15.701,346.436
0,NVIDIA L4,dinobase-patch,nyudepth,4,71,22.7787,6.8552,15.6857,346.436
0,NVIDIA L4,dinobase-patch,nyudepth,4,72,22.5884,6.4864,15.8921,346.436
0,NVIDIA L4,dinobase-patch,nyudepth,4,73,22.5834,6.5802,15.7912,346.436
0,NVIDIA L4,dinobase-patch,nyudepth,4,74,22.6186,6.3463,16.0333,346.436
0,NVIDIA L4,dinobase-patch,nyudepth,4,75,22.6379,6.3757,16.0513,346.436
0,NVIDIA L4,dinobase-patch,nyudepth,4,76,22.573,6.306,16.0805,346.436
0,NVIDIA L4,dinobase-patch,nyudepth,4,77,22.5498,6.2108,16.15,346.436
0,NVIDIA L4,dinobase-patch,nyudepth,4,78,22.8501,6.9918,15.6546,346.436
0,NVIDIA L4,dinobase-patch,nyudepth,4,79,22.642,6.4768,15.959,346.436
0,NVIDIA L4,dinobase-patch,nyudepth,4,80,22.843,6.9935,15.6475,346.436
0,NVIDIA L4,dinobase-patch,nyudepth,4,81,22.6102,6.495,15.9181,346.436
0,NVIDIA L4,dinobase-patch,nyudepth,4,82,22.5547,6.4668,15.8791,346.436
0,NVIDIA L4,dinobase-patch,nyudepth,4,83,22.5368,6.4119,15.9239,346.436
0,NVIDIA L4,dinobase-patch,nyudepth,4,84,22.823,6.8505,15.7132,346.436
0,NVIDIA L4,dinobase-patch,nyudepth,4,85,22.9821,7.9513,14.8186,346.436
0,NVIDIA L4,dinobase-patch,nyudepth,4,86,22.8844,7.0254,15.6707,346.436
0,NVIDIA L4,dinobase-patch,nyudepth,4,87,23.0034,7.086,15.6798,346.436
0,NVIDIA L4,dinobase-patch,nyudepth,4,88,22.9289,7.0193,15.7031,346.436
0,NVIDIA L4,dinobase-patch,nyudepth,4,89,22.9038,6.9048,15.8031,346.436
0,NVIDIA L4,dinobase-patch,nyudepth,4,90,22.7606,6.9466,15.6155,346.436
0,NVIDIA L4,dinobase-patch,nyudepth,4,91,22.6969,6.936,15.5419,346.436
0,NVIDIA L4,dinobase-patch,nyudepth,4,92,22.5893,6.48,15.8779,346.436
0,NVIDIA L4,dinobase-patch,nyudepth,4,93,22.6236,6.5024,15.9244,346.436
0,NVIDIA L4,dinobase-patch,nyudepth,4,94,22.5807,6.4568,15.2237,346.436
0,NVIDIA L4,dinobase-patch,nyudepth,4,95,22.6096,6.4837,15.9503,346.436
0,NVIDIA L4,dinobase-patch,nyudepth,4,96,22.5996,6.3813,16.0042,346.436
0,NVIDIA L4,dinobase-patch,nyudepth,4,97,22.5735,6.4418,15.9425,346.436
0,NVIDIA L4,dinobase-patch,nyudepth,4,98,22.6456,6.3642,16.1013,346.436
0,NVIDIA L4,dinobase-patch,nyudepth,4,99,22.6345,6.3989,16.0482,346.436
0,NVIDIA L4,dinobase-patch,nyudepth,4,100,22.6105,6.3814,16.0373,346.436
0,NVIDIA L4,dinobase-patch,nyudepth,4,101,22.6796,6.5301,15.9603,346.436
0,NVIDIA L4,dinobase-patch,nyudepth,4,102,22.6031,6.4241,15.9939,346.436
0,NVIDIA L4,dinobase-patch,nyudepth,4,103,22.6153,6.4912,15.9369,346.436
0,NVIDIA L4,dinobase-patch,nyudepth,4,104,22.5811,6.5685,15.8317,346.436
0,NVIDIA L4,dinobase-patch,nyudepth,4,105,22.6151,6.5378,15.8524,346.436
0,NVIDIA L4,dinobase-patch,nyudepth,4,106,22.6121,6.6829,15.7239,346.436
0,NVIDIA L4,dinobase-patch,nyudepth,4,107,22.5759,6.402,15.9718,346.436
0,NVIDIA L4,dinobase-patch,nyudepth,4,108,22.6285,6.3431,16.091,346.436
0,NVIDIA L4,dinobase-patch,nyudepth,4,109,22.5459,6.3059,16.0146,346.436
0,NVIDIA L4,dinobase-patch,nyudepth,4,110,22.701,6.3672,16.1084,346.436
0,NVIDIA L4,dinobase-patch,nyudepth,4,111,22.5906,6.4521,15.9392,346.436
0,NVIDIA L4,dinobase-patch,nyudepth,4,112,22.5816,6.3331,16.0293,346.436
0,NVIDIA L4,dinobase-patch,nyudepth,4,113,22.5545,6.3177,16.0565,346.436
0,NVIDIA L4,dinobase-patch,nyudepth,4,114,22.6245,6.3087,16.1222,346.436
0,NVIDIA L4,dinobase-patch,nyudepth,4,115,22.5475,6.3149,16.0317,346.436
0,NVIDIA L4,dinobase-patch,nyudepth,4,116,22.6374,6.1907,16.2492,346.436
0,NVIDIA L4,dinobase-patch,nyudepth,4,117,22.7126,6.2371,16.2807,346.436
0,NVIDIA L4,dinobase-patch,nyudepth,4,118,22.7731,6.3127,16.2628,346.436
0,NVIDIA L4,dinobase-patch,nyudepth,4,119,22.652,6.3221,16.1303,346.436
0,NVIDIA L4,dinobase-patch,nyudepth,4,120,22.6314,6.2645,16.1715,346.436
0,NVIDIA L4,dinobase-patch,nyudepth,4,121,22.7266,6.1851,16.3243,346.436
0,NVIDIA L4,dinobase-patch,nyudepth,4,122,22.659,6.8194,15.6667,346.436
0,NVIDIA L4,dinobase-patch,nyudepth,4,123,22.8369,6.8956,15.7664,346.436
0,NVIDIA L4,dinobase-patch,nyudepth,4,124,22.9926,7.0039,15.7908,346.436
0,NVIDIA L4,dinobase-patch,nyudepth,4,125,22.5704,6.1875,16.1969,346.436
0,NVIDIA L4,dinobase-patch,nyudepth,4,126,22.9358,7.2751,15.4281,346.436
0,NVIDIA L4,dinobase-patch,nyudepth,4,127,22.5794,6.5407,15.8075,346.436
0,NVIDIA L4,dinobase-patch,nyudepth,4,128,22.5269,6.372,15.9532,346.436
0,NVIDIA L4,dinobase-patch,nyudepth,4,129,22.5828,6.3124,16.0846,346.436
0,NVIDIA L4,dinobase-patch,nyudepth,4,130,22.5523,6.241,16.1253,346.436
0,NVIDIA L4,dinobase-patch,nyudepth,4,131,22.6672,6.2081,15.7491,346.436
0,NVIDIA L4,dinobase-patch,nyudepth,4,132,22.6055,6.2215,16.1724,346.436
0,NVIDIA L4,dinobase-patch,nyudepth,4,133,22.5958,6.1907,16.2229,346.436
0,NVIDIA L4,dinobase-patch,nyudepth,4,134,22.573,6.1695,16.2254,346.436
0,NVIDIA L4,dinobase-patch,nyudepth,4,135,22.4787,5.9816,16.3212,346.436
0,NVIDIA L4,dinobase-patch,nyudepth,4,136,22.5381,6.0872,16.2619,346.436
0,NVIDIA L4,dinobase-patch,nyudepth,4,137,22.5919,6.0999,16.3138,346.436
0,NVIDIA L4,dinobase-patch,nyudepth,4,138,22.5165,6.0664,16.257,346.436
0,NVIDIA L4,dinobase-patch,nyudepth,4,139,22.5596,6.1397,16.2264,346.436
0,NVIDIA L4,dinobase-patch,nyudepth,4,140,22.9,6.6913,15.9319,346.436
0,NVIDIA L4,dinobase-patch,nyudepth,4,141,22.8626,6.7103,15.9085,346.436
0,NVIDIA L4,dinobase-patch,nyudepth,4,142,22.8374,6.589,15.9836,346.436
0,NVIDIA L4,dinobase-patch,nyudepth,4,143,22.6915,6.2686,16.2243,346.436
0,NVIDIA L4,dinobase-patch,nyudepth,4,144,22.6887,6.3778,16.1089,346.436
0,NVIDIA L4,dinobase-patch,nyudepth,4,145,22.5903,6.1653,16.2233,346.436
0,NVIDIA L4,dinobase-patch,nyudepth,4,146,22.6728,6.2734,16.2033,346.436
0,NVIDIA L4,dinobase-patch,nyudepth,4,147,22.899,6.9566,15.7514,346.436
0,NVIDIA L4,dinobase-patch,nyudepth,4,148,22.8423,6.9528,15.6951,346.436
0,NVIDIA L4,dinobase-patch,nyudepth,4,149,22.8456,6.9435,15.7059,346.436
0,NVIDIA L4,dinobase-patch,nyudepth,4,150,22.8104,6.9427,15.6824,346.436
0,NVIDIA L4,dinobase-patch,nyudepth,4,151,22.5375,6.412,15.9147,346.436
0,NVIDIA L4,dinobase-patch,nyudepth,4,152,22.5064,6.2555,16.0632,346.436
0,NVIDIA L4,dinobase-patch,nyudepth,4,153,22.5482,6.2533,16.1085,346.436
0,NVIDIA L4,dinobase-patch,nyudepth,4,154,22.5731,6.163,16.2241,346.436
0,NVIDIA L4,dinobase-patch,nyudepth,4,155,22.8669,6.9363,15.7125,346.436
0,NVIDIA L4,dinobase-patch,nyudepth,4,156,22.7767,6.618,15.9278,346.436
0,NVIDIA L4,dinobase-patch,nyudepth,4,157,22.8472,6.9845,15.6619,346.436
0,NVIDIA L4,dinobase-patch,nyudepth,4,158,22.6269,6.2169,16.2117,346.436
0,NVIDIA L4,dinobase-patch,nyudepth,4,159,22.5851,6.7762,15.6418,346.436
0,NVIDIA L4,dinobase-patch,nyudepth,4,160,22.6024,6.2961,16.0998,346.436
0,NVIDIA L4,dinobase-patch,nyudepth,4,161,22.5931,6.2559,16.1155,346.436
0,NVIDIA L4,dinobase-patch,nyudepth,4,162,22.5852,6.5963,15.7861,346.436
0,NVIDIA L4,dinobase-patch,nyudepth,4,163,22.5763,6.5577,15.8161,346.436
0,NVIDIA L4,dinobase-patch,nyudepth,4,164,22.6013,6.4604,15.9186,346.436
0,NVIDIA L4,dinobase-patch,nyudepth,4,165,22.8107,7.1422,15.4628,346.436
0,NVIDIA L4,dinobase-patch,nyudepth,4,166,22.7635,6.9233,15.642,346.436
0,NVIDIA L4,dinobase-patch,nyudepth,4,167,22.652,6.3391,16.1115,346.436
0,NVIDIA L4,dinobase-patch,nyudepth,4,168,22.7244,6.3382,15.6036,346.436
0,NVIDIA L4,dinobase-patch,nyudepth,4,169,22.6811,6.4566,16.015,346.436
0,NVIDIA L4,dinobase-patch,nyudepth,4,170,22.7397,6.2975,16.2542,346.436
0,NVIDIA L4,dinobase-patch,nyudepth,4,171,22.7765,6.4721,16.1103,346.436
0,NVIDIA L4,dinobase-patch,nyudepth,4,172,22.7868,6.4318,16.1481,346.436
0,NVIDIA L4,dinobase-patch,nyudepth,4,173,22.6589,6.3235,16.137,346.436
0,NVIDIA L4,dinobase-patch,nyudepth,4,174,22.6311,6.4766,15.9622,346.436
0,NVIDIA L4,dinobase-patch,nyudepth,4,175,22.9039,6.9861,15.7245,346.436
0,NVIDIA L4,dinobase-patch,nyudepth,4,176,22.6055,6.2363,16.1673,346.436
0,NVIDIA L4,dinobase-patch,nyudepth,4,177,22.7007,6.2548,16.242,346.436
0,NVIDIA L4,dinobase-patch,nyudepth,4,178,22.5193,6.2665,16.0675,346.436
0,NVIDIA L4,dinobase-patch,nyudepth,4,179,22.677,6.1873,16.264,346.436
0,NVIDIA L4,dinobase-patch,nyudepth,4,180,22.5841,6.2967,16.0879,346.436
0,NVIDIA L4,dinobase-patch,nyudepth,4,181,22.5163,6.1479,16.1712,346.436
0,NVIDIA L4,dinobase-patch,nyudepth,4,182,22.5154,6.1926,16.1324,346.436
0,NVIDIA L4,dinobase-patch,nyudepth,4,183,22.6417,6.3076,16.1382,346.436
0,NVIDIA L4,dinobase-patch,nyudepth,4,184,22.5432,6.2846,16.0537,346.436
0,NVIDIA L4,dinobase-patch,nyudepth,4,185,23.1428,6.8108,16.1258,346.436
0,NVIDIA L4,dinobase-patch,nyudepth,4,186,22.6363,6.2767,16.1571,346.436
0,NVIDIA L4,dinobase-patch,nyudepth,4,187,22.6249,6.1861,16.2239,346.436
0,NVIDIA L4,dinobase-patch,nyudepth,4,188,22.6027,6.3948,15.9899,346.436
0,NVIDIA L4,dinobase-patch,nyudepth,4,189,22.6338,6.2443,16.1914,346.436
0,NVIDIA L4,dinobase-patch,nyudepth,4,190,22.5946,6.3269,16.0719,346.436
0,NVIDIA L4,dinobase-patch,nyudepth,4,191,22.5643,6.2208,16.1472,346.436
0,NVIDIA L4,dinobase-patch,nyudepth,4,192,22.6253,6.2185,16.2199,346.436
0,NVIDIA L4,dinobase-patch,nyudepth,4,193,22.7554,6.617,15.8798,346.436
0,NVIDIA L4,dinobase-patch,nyudepth,4,194,22.5931,6.2035,16.1141,346.436
0,NVIDIA L4,dinobase-patch,nyudepth,4,195,22.5137,6.2597,16.0549,346.436
0,NVIDIA L4,dinobase-patch,nyudepth,4,196,22.5478,6.6862,15.6968,346.436
0,NVIDIA L4,dinobase-patch,nyudepth,4,197,22.5274,6.0485,16.3096,346.436
0,NVIDIA L4,dinobase-patch,nyudepth,4,198,22.5661,6.1379,16.2529,346.436
0,NVIDIA L4,dinobase-patch,nyudepth,4,199,22.5562,6.1001,16.2744,346.436
0,NVIDIA L4,dinobase-patch,nyudepth,8,0,69.9244,26.8448,42.8015,353.17
0,NVIDIA L4,dinobase-patch,nyudepth,8,1,43.651,7.845,35.5692,353.17
0,NVIDIA L4,dinobase-patch,nyudepth,8,2,43.7927,7.0857,36.4534,353.17
0,NVIDIA L4,dinobase-patch,nyudepth,8,3,43.1144,7.2662,35.5874,353.17
0,NVIDIA L4,dinobase-patch,nyudepth,8,4,43.0281,7.0621,35.7232,353.17
0,NVIDIA L4,dinobase-patch,nyudepth,8,5,43.139,7.9686,34.9549,353.17
0,NVIDIA L4,dinobase-patch,nyudepth,8,6,44.0459,7.2701,36.5415,353.17
0,NVIDIA L4,dinobase-patch,nyudepth,8,7,44.4083,7.2219,36.9592,353.17
0,NVIDIA L4,dinobase-patch,nyudepth,8,8,43.8389,7.1787,36.4118,353.17
0,NVIDIA L4,dinobase-patch,nyudepth,8,9,44.0337,6.9455,36.8462,353.17
0,NVIDIA L4,dinobase-patch,nyudepth,8,10,44.4908,7.9058,36.3629,353.17
0,NVIDIA L4,dinobase-patch,nyudepth,8,11,44.308,8.0301,36.0449,353.17
0,NVIDIA L4,dinobase-patch,nyudepth,8,12,43.6512,7.9638,35.4695,353.17
0,NVIDIA L4,dinobase-patch,nyudepth,8,13,43.6969,7.9017,35.5717,353.17
0,NVIDIA L4,dinobase-patch,nyudepth,8,14,44.6644,9.4058,34.9953,353.17
0,NVIDIA L4,dinobase-patch,nyudepth,8,15,43.4037,7.263,35.9046,353.17
0,NVIDIA L4,dinobase-patch,nyudepth,8,16,45.2128,8.2608,36.691,353.17
0,NVIDIA L4,dinobase-patch,nyudepth,8,17,44.3726,7.1243,36.9981,353.17
0,NVIDIA L4,dinobase-patch,nyudepth,8,18,44.2102,7.1191,36.8583,353.17
0,NVIDIA L4,dinobase-patch,nyudepth,8,19,44.4412,8.0263,36.1411,353.17
0,NVIDIA L4,dinobase-patch,nyudepth,8,20,44.8281,8.0014,36.6103,353.17
0,NVIDIA L4,dinobase-patch,nyudepth,8,21,44.6559,7.7,36.6854,353.17
0,NVIDIA L4,dinobase-patch,nyudepth,8,22,43.4567,7.3147,35.907,353.17
0,NVIDIA L4,dinobase-patch,nyudepth,8,23,43.6597,7.2146,36.2154,353.17
0,NVIDIA L4,dinobase-patch,nyudepth,8,24,43.5973,7.1786,36.1817,353.17
0,NVIDIA L4,dinobase-patch,nyudepth,8,25,43.7628,7.1688,36.3497,353.17
0,NVIDIA L4,dinobase-patch,nyudepth,8,26,43.3618,7.2533,35.881,353.17
0,NVIDIA L4,dinobase-patch,nyudepth,8,27,43.7977,7.1964,36.3763,353.17
0,NVIDIA L4,dinobase-patch,nyudepth,8,28,43.5206,7.1384,36.1645,353.17
0,NVIDIA L4,dinobase-patch,nyudepth,8,29,44.3071,7.9874,36.0898,353.17
0,NVIDIA L4,dinobase-patch,nyudepth,8,30,44.0848,7.2461,36.5899,353.17
0,NVIDIA L4,dinobase-patch,nyudepth,8,31,43.3173,7.133,35.9353,353.17
0,NVIDIA L4,dinobase-patch,nyudepth,8,32,42.8586,7.4053,35.2086,353.17
0,NVIDIA L4,dinobase-patch,nyudepth,8,33,43.2013,7.3039,35.674,353.17
0,NVIDIA L4,dinobase-patch,nyudepth,8,34,43.3017,7.3337,35.7381,353.17
0,NVIDIA L4,dinobase-patch,nyudepth,8,35,44.4066,7.455,36.7223,353.17
0,NVIDIA L4,dinobase-patch,nyudepth,8,36,43.1442,7.4041,35.5322,353.17
0,NVIDIA L4,dinobase-patch,nyudepth,8,37,43.4303,7.1345,36.0681,353.17
0,NVIDIA L4,dinobase-patch,nyudepth,8,38,42.7664,7.1179,35.4225,353.17
0,NVIDIA L4,dinobase-patch,nyudepth,8,39,42.8097,7.2802,35.2656,353.17
0,NVIDIA L4,dinobase-patch,nyudepth,8,40,42.7217,7.2009,35.2576,353.17
0,NVIDIA L4,dinobase-patch,nyudepth,8,41,43.1383,7.2446,35.6458,353.17
0,NVIDIA L4,dinobase-patch,nyudepth,8,42,43.3899,7.2313,35.9191,353.17
0,NVIDIA L4,dinobase-patch,nyudepth,8,43,44.1606,7.1684,36.7661,353.17
0,NVIDIA L4,dinobase-patch,nyudepth,8,44,44.801,7.1876,37.4029,353.17
0,NVIDIA L4,dinobase-patch,nyudepth,8,45,44.3374,7.1894,36.9102,353.17
0,NVIDIA L4,dinobase-patch,nyudepth,8,46,44.4852,7.1293,37.129,353.17
0,NVIDIA L4,dinobase-patch,nyudepth,8,47,44.3533,7.2188,36.8777,353.17
0,NVIDIA L4,dinobase-patch,nyudepth,8,48,43.4074,7.0627,36.1148,353.17
0,NVIDIA L4,dinobase-patch,nyudepth,8,49,43.0252,7.0622,35.7364,353.17
0,NVIDIA L4,dinobase-patch,nyudepth,8,50,42.998,7.0936,35.6564,353.17
0,NVIDIA L4,dinobase-patch,nyudepth,8,51,43.5361,7.0991,36.2151,353.17
0,NVIDIA L4,dinobase-patch,nyudepth,8,52,43.6306,7.1569,36.2602,353.17
0,NVIDIA L4,dinobase-patch,nyudepth,8,53,43.605,7.1903,36.1729,353.17
0,NVIDIA L4,dinobase-patch,nyudepth,8,54,44.2487,7.1346,36.8804,353.17
0,NVIDIA L4,dinobase-patch,nyudepth,8,55,44.6607,7.1751,37.2459,353.17
0,NVIDIA L4,dinobase-patch,nyudepth,8,56,44.5156,7.1033,37.176,353.17
0,NVIDIA L4,dinobase-patch,nyudepth,8,57,42.7508,7.1844,35.3306,353.17
0,NVIDIA L4,dinobase-patch,nyudepth,8,58,42.7882,7.1767,35.3753,353.17
0,NVIDIA L4,dinobase-patch,nyudepth,8,59,43.0271,7.2317,35.5401,353.17
0,NVIDIA L4,dinobase-patch,nyudepth,8,60,42.7681,7.3681,35.1859,353.17
0,NVIDIA L4,dinobase-patch,nyudepth,8,61,43.3608,7.3322,35.7971,353.17
0,NVIDIA L4,dinobase-patch,nyudepth,8,62,44.1088,7.9856,35.8895,353.17
0,NVIDIA L4,dinobase-patch,nyudepth,8,63,43.4612,7.1891,36.0337,353.17
0,NVIDIA L4,dinobase-patch,nyudepth,8,64,42.7368,7.1951,35.313,353.17
0,NVIDIA L4,dinobase-patch,nyudepth,8,65,43.4393,7.6079,35.5628,353.17
0,NVIDIA L4,dinobase-patch,nyudepth,8,66,42.8479,7.2807,35.3245,353.17
0,NVIDIA L4,dinobase-patch,nyudepth,8,67,43.503,7.329,35.9173,353.17
0,NVIDIA L4,dinobase-patch,nyudepth,8,68,43.4202,7.0946,36.1161,353.17
0,NVIDIA L4,dinobase-patch,nyudepth,8,69,43.2324,7.2339,35.7653,353.17
0,NVIDIA L4,dinobase-patch,nyudepth,8,70,43.6241,7.0879,36.2913,353.17
0,NVIDIA L4,dinobase-patch,nyudepth,8,71,42.7205,7.0594,35.4423,353.17
0,NVIDIA L4,dinobase-patch,nyudepth,8,72,44.4261,7.1224,37.0708,353.17
0,NVIDIA L4,dinobase-patch,nyudepth,8,73,44.6324,7.4391,36.9082,353.17
0,NVIDIA L4,dinobase-patch,nyudepth,8,74,43.4044,7.2365,35.9295,353.17
0,NVIDIA L4,dinobase-patch,nyudepth,8,75,43.3809,7.0487,36.072,353.17
0,NVIDIA L4,dinobase-patch,nyudepth,8,76,43.1976,7.9328,35.0542,353.17
0,NVIDIA L4,dinobase-patch,nyudepth,8,77,42.6984,7.3434,35.0879,353.17
0,NVIDIA L4,dinobase-patch,nyudepth,8,78,42.482,7.2489,35.006,353.17
0,NVIDIA L4,dinobase-patch,nyudepth,8,79,44.1186,7.267,36.6226,353.17
0,NVIDIA L4,dinobase-patch,nyudepth,8,80,43.6973,7.6416,35.8109,353.17
0,NVIDIA L4,dinobase-patch,nyudepth,8,81,43.9899,7.1603,36.5949,353.17
0,NVIDIA L4,dinobase-patch,nyudepth,8,82,43.822,7.1258,36.4736,353.17
0,NVIDIA L4,dinobase-patch,nyudepth,8,83,44.457,7.2602,36.9674,353.17
0,NVIDIA L4,dinobase-patch,nyudepth,8,84,44.0924,7.3186,36.5641,353.17
0,NVIDIA L4,dinobase-patch,nyudepth,8,85,44.3973,7.2203,36.9267,353.17
0,NVIDIA L4,dinobase-patch,nyudepth,8,86,44.4276,7.3589,36.8418,353.17
0,NVIDIA L4,dinobase-patch,nyudepth,8,87,43.9506,7.3568,36.367,353.17
0,NVIDIA L4,dinobase-patch,nyudepth,8,88,43.7542,7.3044,36.2221,353.17
0,NVIDIA L4,dinobase-patch,nyudepth,8,89,43.7527,7.1964,36.3382,353.17
0,NVIDIA L4,dinobase-patch,nyudepth,8,90,43.3066,7.2705,35.8122,353.17
0,NVIDIA L4,dinobase-patch,nyudepth,8,91,42.7974,7.3665,35.1687,353.17
0,NVIDIA L4,dinobase-patch,nyudepth,8,92,42.6767,7.3539,35.0996,353.17
0,NVIDIA L4,dinobase-patch,nyudepth,8,93,42.9716,7.3172,35.4234,353.17
0,NVIDIA L4,dinobase-patch,nyudepth,8,94,44.0621,7.2123,36.6033,353.17
0,NVIDIA L4,dinobase-patch,nyudepth,8,95,43.8784,7.0179,36.5708,353.17
0,NVIDIA L4,dinobase-patch,nyudepth,8,96,43.4119,7.0929,36.0909,353.17
0,NVIDIA L4,dinobase-patch,nyudepth,8,97,42.7857,7.0945,35.454,353.17
0,NVIDIA L4,dinobase-patch,nyudepth,8,98,43.0366,7.1567,35.6509,353.17
0,NVIDIA L4,dinobase-patch,nyudepth,8,99,43.5356,7.1216,36.173,353.17
0,NVIDIA L4,dinobase-patch,nyudepth,8,100,43.5063,7.1339,36.1442,353.17
0,NVIDIA L4,dinobase-patch,nyudepth,8,101,43.8593,7.0679,36.563,353.17
0,NVIDIA L4,dinobase-patch,nyudepth,8,102,43.1976,7.1719,35.7821,353.17
0,NVIDIA L4,dinobase-patch,nyudepth,8,103,42.7426,7.2307,35.267,353.17
0,NVIDIA L4,dinobase-patch,nyudepth,8,104,42.7437,7.2071,35.3032,353.17
0,NVIDIA L4,dinobase-patch,nyudepth,8,105,43.4958,7.9436,35.3289,353.17
0,NVIDIA L4,dinobase-patch,nyudepth,8,106,44.1266,7.9983,35.8939,353.17
0,NVIDIA L4,dinobase-patch,nyudepth,8,107,44.0735,7.1461,36.6996,353.17
0,NVIDIA L4,dinobase-patch,nyudepth,8,108,43.5916,7.0385,36.313,353.17
0,NVIDIA L4,dinobase-patch,nyudepth,8,109,43.6093,7.7826,35.561,353.17
0,NVIDIA L4,dinobase-patch,nyudepth,8,110,42.5104,7.3036,34.9646,353.17
0,NVIDIA L4,dinobase-patch,nyudepth,8,111,42.4922,7.3959,34.8587,353.17
0,NVIDIA L4,dinobase-patch,nyudepth,8,112,44.1324,7.095,36.807,353.17
0,NVIDIA L4,dinobase-patch,nyudepth,8,113,43.6564,6.9762,36.4551,353.17
0,NVIDIA L4,dinobase-patch,nyudepth,8,114,43.4662,7.2072,36.0256,353.17
0,NVIDIA L4,dinobase-patch,nyudepth,8,115,43.3635,7.1763,35.9607,353.17
0,NVIDIA L4,dinobase-patch,nyudepth,8,116,43.4008,7.9192,35.2696,353.17
0,NVIDIA L4,dinobase-patch,nyudepth,8,117,42.5936,7.2695,35.0578,353.17
0,NVIDIA L4,dinobase-patch,nyudepth,8,118,44.5075,8.0523,36.2226,353.17
0,NVIDIA L4,dinobase-patch,nyudepth,8,119,44.2161,7.9278,36.033,353.17
0,NVIDIA L4,dinobase-patch,nyudepth,8,120,44.2081,7.1476,36.7817,353.17
0,NVIDIA L4,dinobase-patch,nyudepth,8,121,44.118,7.0896,36.7994,353.17
0,NVIDIA L4,dinobase-patch,nyudepth,8,122,44.0958,7.1366,36.7279,353.17
0,NVIDIA L4,dinobase-patch,nyudepth,8,123,43.8079,7.0915,36.4865,353.17
0,NVIDIA L4,dinobase-patch,nyudepth,8,124,43.0483,7.1162,35.7027,353.17
0,NVIDIA L4,dinobase-patch,nyudepth,8,125,43.1128,7.1714,35.6834,353.17
0,NVIDIA L4,dinobase-patch,nyudepth,8,126,43.0462,7.0946,35.7282,353.17
0,NVIDIA L4,dinobase-patch,nyudepth,8,127,42.8196,7.2609,35.3241,353.17
0,NVIDIA L4,dinobase-patch,nyudepth,8,128,43.2796,7.3421,35.6379,353.17
0,NVIDIA L4,dinobase-patch,nyudepth,8,129,42.9701,7.0368,35.7013,353.17
0,NVIDIA L4,dinobase-patch,nyudepth,8,130,43.0824,7.1109,35.7229,353.17
0,NVIDIA L4,dinobase-patch,nyudepth,8,131,42.647,7.1661,35.2446,353.17
0,NVIDIA L4,dinobase-patch,nyudepth,8,132,42.9716,7.2593,35.4978,353.17
0,NVIDIA L4,dinobase-patch,nyudepth,8,133,43.4574,7.1842,36.0445,353.17
0,NVIDIA L4,dinobase-patch,nyudepth,8,134,44.2167,7.9236,36.0403,353.17
0,NVIDIA L4,dinobase-patch,nyudepth,8,135,43.4496,7.1252,36.0952,353.17
0,NVIDIA L4,dinobase-patch,nyudepth,8,136,44.3468,7.1378,36.9443,353.17
0,NVIDIA L4,dinobase-patch,nyudepth,8,137,43.5944,7.2736,36.0853,353.17
0,NVIDIA L4,dinobase-patch,nyudepth,8,138,43.2706,7.1297,35.9041,353.17
0,NVIDIA L4,dinobase-patch,nyudepth,8,139,42.919,8.0403,34.6186,353.17
0,NVIDIA L4,dinobase-patch,nyudepth,8,140,43.6767,8.0041,35.4506,353.17
0,NVIDIA L4,dinobase-patch,nyudepth,8,141,44.5012,7.9528,36.2721,353.17
0,NVIDIA L4,dinobase-patch,nyudepth,8,142,44.5654,8.0145,36.3201,353.17
0,NVIDIA L4,dinobase-patch,nyudepth,8,143,43.7554,7.9474,35.548,353.17
0,NVIDIA L4,dinobase-patch,nyudepth,8,144,43.672,7.7823,35.6384,353.17
0,NVIDIA L4,dinobase-patch,nyudepth,8,145,43.2855,7.1241,35.9271,353.17
0,NVIDIA L4,dinobase-patch,nyudepth,8,146,43.4547,7.2368,35.9825,353.17
0,NVIDIA L4,dinobase-patch,nyudepth,8,147,44.1803,8.1251,35.8103,353.17
0,NVIDIA L4,dinobase-patch,nyudepth,8,148,44.3083,7.9583,36.1373,353.17
0,NVIDIA L4,dinobase-patch,nyudepth,8,149,44.4793,7.9749,36.2753,353.17
0,NVIDIA L4,dinobase-patch,nyudepth,8,150,43.8786,7.1953,36.4498,353.17
0,NVIDIA L4,dinobase-patch,nyudepth,8,151,43.7938,7.2551,36.2976,353.17
0,NVIDIA L4,dinobase-patch,nyudepth,8,152,43.954,7.1552,36.5646,353.17
0,NVIDIA L4,dinobase-patch,nyudepth,8,153,44.2749,7.1413,36.8969,353.17
0,NVIDIA L4,dinobase-patch,nyudepth,8,154,44.1513,7.2265,36.6881,353.17
0,NVIDIA L4,dinobase-patch,nyudepth,8,155,44.2634,7.2344,36.7942,353.17
0,NVIDIA L4,dinobase-patch,nyudepth,8,156,44.0595,7.0873,36.7582,353.17
0,NVIDIA L4,dinobase-patch,nyudepth,8,157,43.6546,7.0768,36.3423,353.17
0,NVIDIA L4,dinobase-patch,nyudepth,8,158,42.9539,7.3325,35.3664,353.17
0,NVIDIA L4,dinobase-patch,nyudepth,8,159,43.0934,7.9018,34.8922,353.17
0,NVIDIA L4,dinobase-patch,nyudepth,8,160,42.88,7.9653,34.676,353.17
0,NVIDIA L4,dinobase-patch,nyudepth,8,161,42.9823,7.2622,35.4801,353.17
0,NVIDIA L4,dinobase-patch,nyudepth,8,162,43.0353,7.1677,35.6326,353.17
0,NVIDIA L4,dinobase-patch,nyudepth,8,163,42.6814,7.3304,35.1199,353.17
0,NVIDIA L4,dinobase-patch,nyudepth,8,164,42.7212,7.2557,35.2556,353.17
0,NVIDIA L4,dinobase-patch,nyudepth,8,165,42.9848,7.0579,35.6879,353.17
0,NVIDIA L4,dinobase-patch,nyudepth,8,166,42.591,7.11,35.2257,353.17
0,NVIDIA L4,dinobase-patch,nyudepth,8,167,42.7099,7.3761,35.0921,353.17
0,NVIDIA L4,dinobase-patch,nyudepth,8,168,43.8748,7.9344,35.7091,353.17
0,NVIDIA L4,dinobase-patch,nyudepth,8,169,43.7573,7.261,36.2364,353.17
0,NVIDIA L4,dinobase-patch,nyudepth,8,170,42.9343,7.3277,35.3714,353.17
0,NVIDIA L4,dinobase-patch,nyudepth,8,171,43.8312,7.4013,36.1687,353.17
0,NVIDIA L4,dinobase-patch,nyudepth,8,172,44.2834,7.2905,36.7806,353.17
0,NVIDIA L4,dinobase-patch,nyudepth,8,173,44.694,7.3606,37.1015,353.17
0,NVIDIA L4,dinobase-patch,nyudepth,8,174,44.486,7.2964,36.9567,353.17
0,NVIDIA L4,dinobase-patch,nyudepth,8,175,43.9416,7.2391,36.4752,353.17
0,NVIDIA L4,dinobase-patch,nyudepth,8,176,43.5388,7.2766,36.041,353.17
0,NVIDIA L4,dinobase-patch,nyudepth,8,177,44.096,7.9909,35.8692,353.17
0,NVIDIA L4,dinobase-patch,nyudepth,8,178,43.9599,7.3586,36.3348,353.17
0,NVIDIA L4,dinobase-patch,nyudepth,8,179,43.6168,7.194,36.1854,353.17
0,NVIDIA L4,dinobase-patch,nyudepth,8,180,43.2847,7.0471,36.0087,353.17
0,NVIDIA L4,dinobase-patch,nyudepth,8,181,42.9591,7.1107,35.5906,353.17
0,NVIDIA L4,dinobase-patch,nyudepth,8,182,43.4157,6.9867,36.1734,353.17
0,NVIDIA L4,dinobase-patch,nyudepth,8,183,43.8456,7.3327,36.262,353.17
0,NVIDIA L4,dinobase-patch,nyudepth,8,184,42.7948,7.1026,35.4726,353.17
0,NVIDIA L4,dinobase-patch,nyudepth,8,185,43.5459,7.1968,36.0971,353.17
0,NVIDIA L4,dinobase-patch,nyudepth,8,186,43.7808,7.1111,36.4357,353.17
0,NVIDIA L4,dinobase-patch,nyudepth,8,187,43.2432,7.1064,35.8871,353.17
0,NVIDIA L4,dinobase-patch,nyudepth,8,188,43.955,7.7959,35.9481,353.17
0,NVIDIA L4,dinobase-patch,nyudepth,8,189,42.9751,7.2628,35.4777,353.17
0,NVIDIA L4,dinobase-patch,nyudepth,8,190,44.2103,7.8958,36.0895,353.17
0,NVIDIA L4,dinobase-patch,nyudepth,8,191,44.5171,7.9222,36.3609,353.17
0,NVIDIA L4,dinobase-patch,nyudepth,8,192,44.1547,7.8874,36.0521,353.17
0,NVIDIA L4,dinobase-patch,nyudepth,8,193,43.9798,7.2971,36.4535,353.17
0,NVIDIA L4,dinobase-patch,nyudepth,8,194,42.9103,7.3866,35.2752,353.17
0,NVIDIA L4,dinobase-patch,nyudepth,8,195,42.7735,7.2427,35.2996,353.17
0,NVIDIA L4,dinobase-patch,nyudepth,8,196,42.5938,7.2616,35.1258,353.17
0,NVIDIA L4,dinobase-patch,nyudepth,8,197,43.0788,7.2254,35.6192,353.17
0,NVIDIA L4,dinobase-patch,nyudepth,8,198,44.0436,7.1826,36.6307,353.17
0,NVIDIA L4,dinobase-patch,nyudepth,8,199,43.4623,7.1142,36.1113,353.17
0,NVIDIA L4,dinobase-patch,nyudepth,16,0,137.0051,36.1078,100.6039,366.28
0,NVIDIA L4,dinobase-patch,nyudepth,16,1,95.8035,9.2047,86.3211,366.28
0,NVIDIA L4,dinobase-patch,nyudepth,16,2,94.783,7.8589,86.669,366.28
0,NVIDIA L4,dinobase-patch,nyudepth,16,3,93.582,7.8869,85.4388,366.28
0,NVIDIA L4,dinobase-patch,nyudepth,16,4,94.9989,7.7698,86.9757,366.28
0,NVIDIA L4,dinobase-patch,nyudepth,16,5,96.1063,7.9871,87.8585,366.28
0,NVIDIA L4,dinobase-patch,nyudepth,16,6,95.7846,9.2609,86.2763,366.28
0,NVIDIA L4,dinobase-patch,nyudepth,16,7,94.1851,7.9278,85.9845,366.28
0,NVIDIA L4,dinobase-patch,nyudepth,16,8,94.1421,8.0935,85.7719,366.28
0,NVIDIA L4,dinobase-patch,nyudepth,16,9,95.1016,7.8429,86.9991,366.28
0,NVIDIA L4,dinobase-patch,nyudepth,16,10,96.2696,9.1199,86.8973,366.28
0,NVIDIA L4,dinobase-patch,nyudepth,16,11,94.3058,7.8647,86.1537,366.28
0,NVIDIA L4,dinobase-patch,nyudepth,16,12,95.1336,9.1211,85.7486,366.28
0,NVIDIA L4,dinobase-patch,nyudepth,16,13,95.6445,9.1175,86.2716,366.28
0,NVIDIA L4,dinobase-patch,nyudepth,16,14,95.4523,7.7671,87.4305,366.28
0,NVIDIA L4,dinobase-patch,nyudepth,16,15,96.7903,9.0537,87.4888,366.28
0,NVIDIA L4,dinobase-patch,nyudepth,16,16,96.7561,10.0435,86.456,366.28
0,NVIDIA L4,dinobase-patch,nyudepth,16,17,96.287,7.9553,88.0803,366.28
0,NVIDIA L4,dinobase-patch,nyudepth,16,18,98.2711,11.8093,86.1746,366.28
0,NVIDIA L4,dinobase-patch,nyudepth,16,19,95.9268,9.0222,86.6633,366.28
0,NVIDIA L4,dinobase-patch,nyudepth,16,20,95.4351,7.9279,87.257,366.28
0,NVIDIA L4,dinobase-patch,nyudepth,16,21,96.3,10.1692,85.8703,366.28
0,NVIDIA L4,dinobase-patch,nyudepth,16,22,95.211,7.8674,87.0836,366.28
0,NVIDIA L4,dinobase-patch,nyudepth,16,23,95.3494,7.8501,87.2267,366.28
0,NVIDIA L4,dinobase-patch,nyudepth,16,24,97.8823,10.0417,87.5795,366.28
0,NVIDIA L4,dinobase-patch,nyudepth,16,25,94.7827,7.7504,86.7295,366.28
0,NVIDIA L4,dinobase-patch,nyudepth,16,26,95.7144,9.066,86.3742,366.28
0,NVIDIA L4,dinobase-patch,nyudepth,16,27,96.3257,10.0933,85.9684,366.28
0,NVIDIA L4,dinobase-patch,nyudepth,16,28,97.8875,9.4429,88.1852,366.28
0,NVIDIA L4,dinobase-patch,nyudepth,16,29,94.2315,8.0381,85.9343,366.28
0,NVIDIA L4,dinobase-patch,nyudepth,16,30,94.4644,8.126,86.0799,366.28
0,NVIDIA L4,dinobase-patch,nyudepth,16,31,96.6895,9.1183,87.3128,366.28
0,NVIDIA L4,dinobase-patch,nyudepth,16,32,94.1462,7.7178,86.1786,366.28
0,NVIDIA L4,dinobase-patch,nyudepth,16,33,95.7637,7.8162,87.6906,366.28
0,NVIDIA L4,dinobase-patch,nyudepth,16,34,95.0999,8.0818,86.7512,366.28
0,NVIDIA L4,dinobase-patch,nyudepth,16,35,95.5877,7.9431,87.3665,366.28
0,NVIDIA L4,dinobase-patch,nyudepth,16,36,96.9969,9.034,87.7067,366.28
0,NVIDIA L4,dinobase-patch,nyudepth,16,37,94.8162,7.7494,86.8058,366.28
0,NVIDIA L4,dinobase-patch,nyudepth,16,38,97.5963,10.1128,87.2042,366.28
0,NVIDIA L4,dinobase-patch,nyudepth,16,39,97.0633,10.0366,86.7705,366.28
0,NVIDIA L4,dinobase-patch,nyudepth,16,40,95.0127,7.8393,86.8983,366.28
0,NVIDIA L4,dinobase-patch,nyudepth,16,41,96.3446,7.7684,88.3233,366.28
0,NVIDIA L4,dinobase-patch,nyudepth,16,42,96.7358,9.0272,87.4522,366.28
0,NVIDIA L4,dinobase-patch,nyudepth,16,43,95.9542,7.8127,87.8857,366.28
0,NVIDIA L4,dinobase-patch,nyudepth,16,44,94.1258,7.9635,85.8915,366.28
0,NVIDIA L4,dinobase-patch,nyudepth,16,45,95.6391,9.0564,86.3431,366.28
0,NVIDIA L4,dinobase-patch,nyudepth,16,46,94.532,7.9504,86.3231,366.28
0,NVIDIA L4,dinobase-patch,nyudepth,16,47,94.5001,7.8713,86.3735,366.28
0,NVIDIA L4,dinobase-patch,nyudepth,16,48,94.756,7.7514,86.7475,366.28
0,NVIDIA L4,dinobase-patch,nyudepth,16,49,94.8001,7.8064,86.726,366.28
0,NVIDIA L4,dinobase-patch,nyudepth,16,50,95.7468,7.853,87.6447,366.28
0,NVIDIA L4,dinobase-patch,nyudepth,16,51,94.5128,7.7298,86.527,366.28
0,NVIDIA L4,dinobase-patch,nyudepth,16,52,93.8123,7.8258,85.7284,366.28
0,NVIDIA L4,dinobase-patch,nyudepth,16,53,94.9156,7.8404,86.8101,366.28
0,NVIDIA L4,dinobase-patch,nyudepth,16,54,95.5162,7.7658,87.4916,366.28
0,NVIDIA L4,dinobase-patch,nyudepth,16,55,96.5121,8.0088,88.2449,366.28
0,NVIDIA L4,dinobase-patch,nyudepth,16,56,94.6516,7.8087,86.5857,366.28
0,NVIDIA L4,dinobase-patch,nyudepth,16,57,96.3487,10.1242,85.9626,366.28
0,NVIDIA L4,dinobase-patch,nyudepth,16,58,94.4604,7.7775,86.4165,366.28
0,NVIDIA L4,dinobase-patch,nyudepth,16,59,95.4598,7.9216,87.2553,366.28
0,NVIDIA L4,dinobase-patch,nyudepth,16,60,94.2611,8.1056,85.8994,366.28
0,NVIDIA L4,dinobase-patch,nyudepth,16,61,94.565,8.0541,86.2179,366.28
0,NVIDIA L4,dinobase-patch,nyudepth,16,62,95.8313,8.7331,86.7925,366.28
0,NVIDIA L4,dinobase-patch,nyudepth,16,63,94.5648,7.8512,86.4606,366.28
0,NVIDIA L4,dinobase-patch,nyudepth,16,64,95.1606,7.8005,87.0997,366.28
0,NVIDIA L4,dinobase-patch,nyudepth,16,65,95.8977,8.2959,87.3372,366.28
0,NVIDIA L4,dinobase-patch,nyudepth,16,66,93.4697,7.8879,85.3277,366.28
0,NVIDIA L4,dinobase-patch,nyudepth,16,67,94.7152,7.7973,86.6636,366.28
0,NVIDIA L4,dinobase-patch,nyudepth,16,68,94.5981,7.8011,86.5427,366.28
0,NVIDIA L4,dinobase-patch,nyudepth,16,69,94.8816,9.0329,85.5688,366.28
0,NVIDIA L4,dinobase-patch,nyudepth,16,70,96.6964,8.1354,88.31,366.28
0,NVIDIA L4,dinobase-patch,nyudepth,16,71,94.9781,7.9782,86.745,366.28
0,NVIDIA L4,dinobase-patch,nyudepth,16,72,95.0585,8.0208,86.755,366.28
0,NVIDIA L4,dinobase-patch,nyudepth,16,73,94.9373,8.0677,86.6113,366.28
0,NVIDIA L4,dinobase-patch,nyudepth,16,74,95.4101,8.0358,87.1204,366.28
0,NVIDIA L4,dinobase-patch,nyudepth,16,75,94.9245,7.78,86.8889,366.28
0,NVIDIA L4,dinobase-patch,nyudepth,16,76,95.2129,7.8585,87.0843,366.28
0,NVIDIA L4,dinobase-patch,nyudepth,16,77,95.0268,7.7567,87.0108,366.28
0,NVIDIA L4,dinobase-patch,nyudepth,16,78,99.0006,12.0005,86.7314,366.28
0,NVIDIA L4,dinobase-patch,nyudepth,16,79,99.0849,12.1232,86.7052,366.28
0,NVIDIA L4,dinobase-patch,nyudepth,16,80,95.1776,7.9879,86.9422,366.28
0,NVIDIA L4,dinobase-patch,nyudepth,16,81,94.8591,8.0997,86.4791,366.28
0,NVIDIA L4,dinobase-patch,nyudepth,16,82,97.4127,10.6249,86.5347,366.28
0,NVIDIA L4,dinobase-patch,nyudepth,16,83,95.294,9.0504,85.9693,366.28
0,NVIDIA L4,dinobase-patch,nyudepth,16,84,95.1875,8.0789,86.8519,366.28
0,NVIDIA L4,dinobase-patch,nyudepth,16,85,97.2893,8.0322,88.9869,366.28
0,NVIDIA L4,dinobase-patch,nyudepth,16,86,94.1059,7.7339,86.0807,366.28
0,NVIDIA L4,dinobase-patch,nyudepth,16,87,95.1217,7.8329,87.0098,366.28
0,NVIDIA L4,dinobase-patch,nyudepth,16,88,95.5148,9.0897,86.1379,366.28
0,NVIDIA L4,dinobase-patch,nyudepth,16,89,93.8259,7.8697,85.7089,366.28
0,NVIDIA L4,dinobase-patch,nyudepth,16,90,96.2951,7.7247,88.2943,366.28
0,NVIDIA L4,dinobase-patch,nyudepth,16,91,94.9833,9.0204,85.7113,366.28
0,NVIDIA L4,dinobase-patch,nyudepth,16,92,95.4075,7.8089,87.3342,366.28
0,NVIDIA L4,dinobase-patch,nyudepth,16,93,98.9372,11.5784,87.1168,366.28
0,NVIDIA L4,dinobase-patch,nyudepth,16,94,95.0636,8.1925,86.6126,366.28
0,NVIDIA L4,dinobase-patch,nyudepth,16,95,94.493,7.9907,86.2453,366.28
0,NVIDIA L4,dinobase-patch,nyudepth,16,96,94.9603,7.8286,86.8761,366.28
0,NVIDIA L4,dinobase-patch,nyudepth,16,97,95.6898,8.0785,87.3499,366.28
0,NVIDIA L4,dinobase-patch,nyudepth,16,98,95.789,7.7819,87.7488,366.28
0,NVIDIA L4,dinobase-patch,nyudepth,16,99,95.9096,10.1724,85.4758,366.28
0,NVIDIA L4,dinobase-patch,nyudepth,16,100,94.459,7.8366,86.3464,366.28
0,NVIDIA L4,dinobase-patch,nyudepth,16,101,94.4629,7.7517,86.4502,366.28
0,NVIDIA L4,dinobase-patch,nyudepth,16,102,95.6308,9.1715,86.1865,366.28
0,NVIDIA L4,dinobase-patch,nyudepth,16,103,95.5494,9.0368,86.2297,366.28
0,NVIDIA L4,dinobase-patch,nyudepth,16,104,94.9864,8.1116,86.6144,366.28
0,NVIDIA L4,dinobase-patch,nyudepth,16,105,95.32,8.017,87.0134,366.28
0,NVIDIA L4,dinobase-patch,nyudepth,16,106,94.8028,10.1655,84.3868,366.28
0,NVIDIA L4,dinobase-patch,nyudepth,16,107,96.8067,9.0765,87.4616,366.28
0,NVIDIA L4,dinobase-patch,nyudepth,16,108,95.3998,8.1297,87.0004,366.28
0,NVIDIA L4,dinobase-patch,nyudepth,16,109,93.6106,7.8425,85.4747,366.28
0,NVIDIA L4,dinobase-patch,nyudepth,16,110,94.5298,8.0879,86.1835,366.28
0,NVIDIA L4,dinobase-patch,nyudepth,16,111,93.6324,7.9902,85.365,366.28
0,NVIDIA L4,dinobase-patch,nyudepth,16,112,94.7373,7.8381,86.5862,366.28
0,NVIDIA L4,dinobase-patch,nyudepth,16,113,95.7543,7.8966,87.5902,366.28
0,NVIDIA L4,dinobase-patch,nyudepth,16,114,94.3551,7.8095,86.2733,366.28
0,NVIDIA L4,dinobase-patch,nyudepth,16,115,95.4532,7.923,87.2632,366.28
0,NVIDIA L4,dinobase-patch,nyudepth,16,116,96.2258,7.7884,88.1468,366.28
0,NVIDIA L4,dinobase-patch,nyudepth,16,117,94.6918,7.8278,86.6077,366.28
0,NVIDIA L4,dinobase-patch,nyudepth,16,118,94.0524,7.9229,85.8529,366.28
0,NVIDIA L4,dinobase-patch,nyudepth,16,119,93.6315,7.9807,85.3941,366.28
0,NVIDIA L4,dinobase-patch,nyudepth,16,120,94.3134,7.8493,86.1684,366.28
0,NVIDIA L4,dinobase-patch,nyudepth,16,121,94.8483,8.0716,86.4864,366.28
0,NVIDIA L4,dinobase-patch,nyudepth,16,122,94.9775,8.2992,86.3792,366.28
0,NVIDIA L4,dinobase-patch,nyudepth,16,123,96.5308,8.1043,88.1566,366.28
0,NVIDIA L4,dinobase-patch,nyudepth,16,124,94.7155,7.9763,86.4701,366.28
0,NVIDIA L4,dinobase-patch,nyudepth,16,125,94.2475,7.9172,86.053,366.28
0,NVIDIA L4,dinobase-patch,nyudepth,16,126,95.2326,8.1217,86.8409,366.28
0,NVIDIA L4,dinobase-patch,nyudepth,16,127,94.5144,7.8649,86.3792,366.28
0,NVIDIA L4,dinobase-patch,nyudepth,16,128,94.596,7.775,86.5534,366.28
0,NVIDIA L4,dinobase-patch,nyudepth,16,129,94.561,8.2866,86.0134,366.28
0,NVIDIA L4,dinobase-patch,nyudepth,16,130,95.0183,7.9269,86.8316,366.28
0,NVIDIA L4,dinobase-patch,nyudepth,16,131,94.0857,7.837,85.938,366.28
0,NVIDIA L4,dinobase-patch,nyudepth,16,132,94.829,7.883,86.6822,366.28
0,NVIDIA L4,dinobase-patch,nyudepth,16,133,94.6743,7.8933,86.5097,366.28
0,NVIDIA L4,dinobase-patch,nyudepth,16,134,94.8774,8.084,86.5264,366.28
0,NVIDIA L4,dinobase-patch,nyudepth,16,135,95.2895,7.8798,87.1427,366.28
0,NVIDIA L4,dinobase-patch,nyudepth,16,136,97.2578,10.3346,86.6551,366.28
0,NVIDIA L4,dinobase-patch,nyudepth,16,137,94.9534,7.9669,86.6861,366.28
0,NVIDIA L4,dinobase-patch,nyudepth,16,138,94.4846,7.8975,86.3237,366.28
0,NVIDIA L4,dinobase-patch,nyudepth,16,139,93.4538,7.9036,85.2851,366.28
0,NVIDIA L4,dinobase-patch,nyudepth,16,140,95.9637,7.9215,87.7771,366.28
0,NVIDIA L4,dinobase-patch,nyudepth,16,141,94.6335,7.885,86.4834,366.28
0,NVIDIA L4,dinobase-patch,nyudepth,16,142,95.2161,7.8,87.1615,366.28
0,NVIDIA L4,dinobase-patch,nyudepth,16,143,95.1076,7.8498,86.9742,366.28
0,NVIDIA L4,dinobase-patch,nyudepth,16,144,99.3428,11.9203,87.1649,366.28
0,NVIDIA L4,dinobase-patch,nyudepth,16,145,94.4221,8.0532,86.0953,366.28
0,NVIDIA L4,dinobase-patch,nyudepth,16,146,95.4397,7.9648,87.2088,366.28
0,NVIDIA L4,dinobase-patch,nyudepth,16,147,94.5122,8.0129,86.21,366.28
0,NVIDIA L4,dinobase-patch,nyudepth,16,148,95.089,7.7948,87.036,366.28
0,NVIDIA L4,dinobase-patch,nyudepth,16,149,95.1288,8.0264,86.836,366.28
0,NVIDIA L4,dinobase-patch,nyudepth,16,150,94.7456,7.995,86.4957,366.28
0,NVIDIA L4,dinobase-patch,nyudepth,16,151,94.9407,7.8178,86.8536,366.28
0,NVIDIA L4,dinobase-patch,nyudepth,16,152,93.9889,7.9937,85.7328,366.28
0,NVIDIA L4,dinobase-patch,nyudepth,16,153,94.6318,7.9246,86.4425,366.28
0,NVIDIA L4,dinobase-patch,nyudepth,16,154,95.2983,7.8693,87.1535,366.28
0,NVIDIA L4,dinobase-patch,nyudepth,16,155,95.924,7.8129,87.857,366.28
0,NVIDIA L4,dinobase-patch,nyudepth,16,156,96.6201,10.1255,86.2216,366.28
0,NVIDIA L4,dinobase-patch,nyudepth,16,157,95.0027,7.8219,86.9264,366.28
0,NVIDIA L4,dinobase-patch,nyudepth,16,158,95.9704,9.0337,86.6686,366.28
0,NVIDIA L4,dinobase-patch,nyudepth,16,159,95.0386,7.9118,86.8592,366.28
0,NVIDIA L4,dinobase-patch,nyudepth,16,160,93.7087,8.1094,85.3306,366.28
0,NVIDIA L4,dinobase-patch,nyudepth,16,161,96.0412,7.7518,88.0166,366.28
0,NVIDIA L4,dinobase-patch,nyudepth,16,162,94.5135,8.1127,86.1374,366.28
0,NVIDIA L4,dinobase-patch,nyudepth,16,163,97.0225,9.0093,87.7409,366.28
0,NVIDIA L4,dinobase-patch,nyudepth,16,164,96.3623,9.0148,87.0837,366.28
0,NVIDIA L4,dinobase-patch,nyudepth,16,165,94.6382,8.0756,86.2969,366.28
0,NVIDIA L4,dinobase-patch,nyudepth,16,166,95.1268,8.1054,86.7576,366.28
0,NVIDIA L4,dinobase-patch,nyudepth,16,167,95.6686,9.0613,86.3275,366.28
0,NVIDIA L4,dinobase-patch,nyudepth,16,168,95.8563,7.8589,87.7251,366.28
0,NVIDIA L4,dinobase-patch,nyudepth,16,169,94.1485,7.8102,86.0804,366.28
0,NVIDIA L4,dinobase-patch,nyudepth,16,170,94.7635,9.0213,85.4881,366.28
0,NVIDIA L4,dinobase-patch,nyudepth,16,171,94.8706,9.111,85.481,366.28
0,NVIDIA L4,dinobase-patch,nyudepth,16,172,94.4125,7.8552,86.2916,366.28
0,NVIDIA L4,dinobase-patch,nyudepth,16,173,94.0864,7.7931,86.0074,366.28
0,NVIDIA L4,dinobase-patch,nyudepth,16,174,96.8773,9.0686,87.5361,366.28
0,NVIDIA L4,dinobase-patch,nyudepth,16,175,93.749,8.0379,85.4395,366.28
0,NVIDIA L4,dinobase-patch,nyudepth,16,176,94.6454,8.0713,86.286,366.28
0,NVIDIA L4,dinobase-patch,nyudepth,16,177,97.2102,9.3917,87.5264,366.28
0,NVIDIA L4,dinobase-patch,nyudepth,16,178,95.5409,9.0436,86.2312,366.28
0,NVIDIA L4,dinobase-patch,nyudepth,16,179,95.0212,9.157,85.5962,366.28
0,NVIDIA L4,dinobase-patch,nyudepth,16,180,96.963,10.1291,86.5354,366.28
0,NVIDIA L4,dinobase-patch,nyudepth,16,181,95.8433,9.2747,86.307,366.28
0,NVIDIA L4,dinobase-patch,nyudepth,16,182,96.5319,7.8996,88.3437,366.28
0,NVIDIA L4,dinobase-patch,nyudepth,16,183,93.5082,7.8841,85.3278,366.28
0,NVIDIA L4,dinobase-patch,nyudepth,16,184,94.0506,7.7879,85.9991,366.28
0,NVIDIA L4,dinobase-patch,nyudepth,16,185,94.8204,9.1665,85.3807,366.28
0,NVIDIA L4,dinobase-patch,nyudepth,16,186,94.7108,7.974,86.4444,366.28
0,NVIDIA L4,dinobase-patch,nyudepth,16,187,94.4081,7.9602,86.1774,366.28
0,NVIDIA L4,dinobase-patch,nyudepth,16,188,95.6829,8.0404,87.3822,366.28
0,NVIDIA L4,dinobase-patch,nyudepth,16,189,94.7438,7.8548,86.5987,366.28
0,NVIDIA L4,dinobase-patch,nyudepth,16,190,95.5708,7.8381,87.4444,366.28
0,NVIDIA L4,dinobase-patch,nyudepth,16,191,95.208,9.0404,85.9015,366.28
0,NVIDIA L4,dinobase-patch,nyudepth,16,192,94.6916,9.1262,85.3007,366.28
0,NVIDIA L4,dinobase-patch,nyudepth,16,193,95.8289,8.0754,87.4912,366.28
0,NVIDIA L4,dinobase-patch,nyudepth,16,194,94.6079,8.1368,86.2064,366.28
0,NVIDIA L4,dinobase-patch,nyudepth,16,195,95.52,8.0993,87.161,366.28
0,NVIDIA L4,dinobase-patch,nyudepth,16,196,94.0011,7.8908,85.8529,366.28
0,NVIDIA L4,dinobase-patch,nyudepth,16,197,94.5716,9.3383,84.9848,366.28
0,NVIDIA L4,dinobase-patch,nyudepth,16,198,96.2429,10.1478,85.8045,366.28
0,NVIDIA L4,dinobase-patch,nyudepth,16,199,95.3272,7.9577,87.0458,366.28
0,NVIDIA L4,dinobase-patch,nyudepth,32,0,269.0443,59.0232,209.7001,393.764
0,NVIDIA L4,dinobase-patch,nyudepth,32,1,204.4665,15.2195,188.9285,393.764
0,NVIDIA L4,dinobase-patch,nyudepth,32,2,206.1638,13.8135,192.0435,393.764
0,NVIDIA L4,dinobase-patch,nyudepth,32,3,200.5813,9.3522,190.9218,393.764
0,NVIDIA L4,dinobase-patch,nyudepth,32,4,203.5885,11.2238,192.0612,393.764
0,NVIDIA L4,dinobase-patch,nyudepth,32,5,201.2025,9.5128,191.3659,393.764
0,NVIDIA L4,dinobase-patch,nyudepth,32,6,208.043,17.0699,190.6647,393.764
0,NVIDIA L4,dinobase-patch,nyudepth,32,7,203.246,11.38,191.5477,393.764
0,NVIDIA L4,dinobase-patch,nyudepth,32,8,199.231,9.4396,189.4848,393.764
0,NVIDIA L4,dinobase-patch,nyudepth,32,9,201.4988,9.3985,191.7851,393.764
0,NVIDIA L4,dinobase-patch,nyudepth,32,10,205.4603,14.1642,190.9759,393.764
0,NVIDIA L4,dinobase-patch,nyudepth,32,11,200.6942,9.3519,191.0366,393.764
0,NVIDIA L4,dinobase-patch,nyudepth,32,12,201.1272,9.3179,191.5066,393.764
0,NVIDIA L4,dinobase-patch,nyudepth,32,13,201.8971,9.379,192.1887,393.764
0,NVIDIA L4,dinobase-patch,nyudepth,32,14,200.6112,9.3976,190.8965,393.764
0,NVIDIA L4,dinobase-patch,nyudepth,32,15,199.9203,9.6021,190.0017,393.764
0,NVIDIA L4,dinobase-patch,nyudepth,32,16,201.6535,9.5888,191.7388,393.764
0,NVIDIA L4,dinobase-patch,nyudepth,32,17,200.8677,9.5576,191.0013,393.764
0,NVIDIA L4,dinobase-patch,nyudepth,32,18,200.5162,9.569,190.6527,393.764
0,NVIDIA L4,dinobase-patch,nyudepth,32,19,199.6032,9.6273,189.679,393.764
0,NVIDIA L4,dinobase-patch,nyudepth,32,20,201.5869,9.4935,191.7543,393.764
0,NVIDIA L4,dinobase-patch,nyudepth,32,21,199.6213,9.4003,189.9033,393.764
0,NVIDIA L4,dinobase-patch,nyudepth,32,22,199.2352,9.5947,189.3276,393.764
0,NVIDIA L4,dinobase-patch,nyudepth,32,23,201.0724,9.6868,191.0724,393.764
0,NVIDIA L4,dinobase-patch,nyudepth,32,24,206.9972,16.2796,190.4153,393.764
0,NVIDIA L4,dinobase-patch,nyudepth,32,25,199.5427,9.5795,189.6662,393.764
0,NVIDIA L4,dinobase-patch,nyudepth,32,26,206.7643,15.5505,190.8975,393.764
0,NVIDIA L4,dinobase-patch,nyudepth,32,27,201.7967,11.3199,190.1521,393.764
0,NVIDIA L4,dinobase-patch,nyudepth,32,28,201.6922,9.3136,192.0588,393.764
0,NVIDIA L4,dinobase-patch,nyudepth,32,29,200.1949,9.2963,190.5724,393.764
0,NVIDIA L4,dinobase-patch,nyudepth,32,30,204.4622,13.8394,190.2939,393.764
0,NVIDIA L4,dinobase-patch,nyudepth,32,31,205.1059,13.8817,190.8967,393.764
0,NVIDIA L4,dinobase-patch,nyudepth,32,32,200.7626,9.607,190.8551,393.764
0,NVIDIA L4,dinobase-patch,nyudepth,32,33,207.0776,13.8074,192.9413,393.764
0,NVIDIA L4,dinobase-patch,nyudepth,32,34,198.9836,9.5297,189.1484,393.764
0,NVIDIA L4,dinobase-patch,nyudepth,32,35,199.6153,9.5155,189.7975,393.764
0,NVIDIA L4,dinobase-patch,nyudepth,32,36,200.3282,9.5661,190.4738,393.764
0,NVIDIA L4,dinobase-patch,nyudepth,32,37,199.4007,9.4981,189.6084,393.764
0,NVIDIA L4,dinobase-patch,nyudepth,32,38,201.4466,9.5475,191.6014,393.764
0,NVIDIA L4,dinobase-patch,nyudepth,32,39,207.2423,16.6021,190.3426,393.764
0,NVIDIA L4,dinobase-patch,nyudepth,32,40,200.5839,9.5562,190.7237,393.764
0,NVIDIA L4,dinobase-patch,nyudepth,32,41,206.2128,13.9588,191.9403,393.764
0,NVIDIA L4,dinobase-patch,nyudepth,32,42,207.8294,16.9564,190.5823,393.764
0,NVIDIA L4,dinobase-patch,nyudepth,32,43,201.4233,9.3452,191.7916,393.764
0,NVIDIA L4,dinobase-patch,nyudepth,32,44,203.6556,13.7522,189.5821,393.764
0,NVIDIA L4,dinobase-patch,nyudepth,32,45,199.6466,9.3219,190.0087,393.764
0,NVIDIA L4,dinobase-patch,nyudepth,32,46,200.4601,9.4226,190.7468,393.764
0,NVIDIA L4,dinobase-patch,nyudepth,32,47,204.3088,11.045,192.9679,393.764
0,NVIDIA L4,dinobase-patch,nyudepth,32,48,205.5682,14.1163,191.1669,393.764
0,NVIDIA L4,dinobase-patch,nyudepth,32,49,203.1786,13.8817,189.0003,393.764
0,NVIDIA L4,dinobase-patch,nyudepth,32,50,199.1512,9.5852,189.2673,393.764
0,NVIDIA L4,dinobase-patch,nyudepth,32,51,205.6056,13.8029,191.4596,393.764
0,NVIDIA L4,dinobase-patch,nyudepth,32,52,202.2562,9.3754,192.5676,393.764
0,NVIDIA L4,dinobase-patch,nyudepth,32,53,205.6824,13.8763,191.5117,393.764
0,NVIDIA L4,dinobase-patch,nyudepth,32,54,199.8344,9.4693,190.0437,393.764
0,NVIDIA L4,dinobase-patch,nyudepth,32,55,205.3848,14.0025,191.0876,393.764
0,NVIDIA L4,dinobase-patch,nyudepth,32,56,199.1385,9.3307,189.4889,393.764
0,NVIDIA L4,dinobase-patch,nyudepth,32,57,201.1142,9.3785,191.4431,393.764
0,NVIDIA L4,dinobase-patch,nyudepth,32,58,198.7667,9.5566,188.9044,393.764
0,NVIDIA L4,dinobase-patch,nyudepth,32,59,202.4905,10.742,191.454,393.764
0,NVIDIA L4,dinobase-patch,nyudepth,32,60,200.6246,9.4441,190.8855,393.764
0,NVIDIA L4,dinobase-patch,nyudepth,32,61,201.3706,11.2977,189.7834,393.764
0,NVIDIA L4,dinobase-patch,nyudepth,32,62,199.9158,9.3564,190.2672,393.764
0,NVIDIA L4,dinobase-patch,nyudepth,32,63,199.8716,11.3338,188.2096,393.764
0,NVIDIA L4,dinobase-patch,nyudepth,32,64,204.6668,13.9427,190.4048,393.764
0,NVIDIA L4,dinobase-patch,nyudepth,32,65,199.1982,9.467,189.4363,393.764
0,NVIDIA L4,dinobase-patch,nyudepth,32,66,205.4847,13.8662,191.3131,393.764
0,NVIDIA L4,dinobase-patch,nyudepth,32,67,198.6103,9.6049,188.7084,393.764
0,NVIDIA L4,dinobase-patch,nyudepth,32,68,207.0565,13.9911,192.7696,393.764
0,NVIDIA L4,dinobase-patch,nyudepth,32,69,199.4667,9.5836,189.5868,393.764
0,NVIDIA L4,dinobase-patch,nyudepth,32,70,203.6535,12.5005,190.8647,393.764
0,NVIDIA L4,dinobase-patch,nyudepth,32,71,198.2493,9.3509,188.6032,393.764
0,NVIDIA L4,dinobase-patch,nyudepth,32,72,201.9032,11.2556,190.355,393.764
0,NVIDIA L4,dinobase-patch,nyudepth,32,73,200.8166,11.3172,189.1839,393.764
0,NVIDIA L4,dinobase-patch,nyudepth,32,74,201.099,11.2659,189.5357,393.764
0,NVIDIA L4,dinobase-patch,nyudepth,32,75,202.0261,11.3203,190.3736,393.764
0,NVIDIA L4,dinobase-patch,nyudepth,32,76,206.5854,16.9135,189.3826,393.764
0,NVIDIA L4,dinobase-patch,nyudepth,32,77,203.6954,13.7321,189.6664,393.764
0,NVIDIA L4,dinobase-patch,nyudepth,32,78,199.95,11.3358,188.3205,393.764
0,NVIDIA L4,dinobase-patch,nyudepth,32,79,207.2537,16.9613,189.9626,393.764
0,NVIDIA L4,dinobase-patch,nyudepth,32,80,200.2442,9.5836,190.3717,393.764
0,NVIDIA L4,dinobase-patch,nyudepth,32,81,204.8427,13.6899,190.8566,393.764
0,NVIDIA L4,dinobase-patch,nyudepth,32,82,203.0557,13.9148,188.7922,393.764
0,NVIDIA L4,dinobase-patch,nyudepth,32,83,199.0211,9.3901,189.3299,393.764
0,NVIDIA L4,dinobase-patch,nyudepth,32,84,204.9159,13.9157,190.6888,393.764
0,NVIDIA L4,dinobase-patch,nyudepth,32,85,205.4679,13.786,191.3717,393.764
0,NVIDIA L4,dinobase-patch,nyudepth,32,86,200.8086,9.3597,191.1339,393.764
0,NVIDIA L4,dinobase-patch,nyudepth,32,87,205.2524,13.5896,191.3673,393.764
0,NVIDIA L4,dinobase-patch,nyudepth,32,88,206.3984,14.1309,191.9545,393.764
0,NVIDIA L4,dinobase-patch,nyudepth,32,89,200.4828,9.6353,190.5487,393.764
0,NVIDIA L4,dinobase-patch,nyudepth,32,90,204.5575,13.8418,190.4221,393.764
0,NVIDIA L4,dinobase-patch,nyudepth,32,91,197.7916,9.4163,188.0752,393.764
0,NVIDIA L4,dinobase-patch,nyudepth,32,92,199.4261,9.3631,189.7509,393.764
0,NVIDIA L4,dinobase-patch,nyudepth,32,93,197.5568,9.2462,188.0095,393.764
0,NVIDIA L4,dinobase-patch,nyudepth,32,94,203.2628,11.5416,191.4092,393.764
0,NVIDIA L4,dinobase-patch,nyudepth,32,95,197.8386,9.3084,188.2303,393.764
0,NVIDIA L4,dinobase-patch,nyudepth,32,96,202.6413,13.9002,188.4323,393.764
0,NVIDIA L4,dinobase-patch,nyudepth,32,97,203.4301,13.8094,189.3143,393.764
0,NVIDIA L4,dinobase-patch,nyudepth,32,98,200.0968,9.4212,190.3789,393.764
0,NVIDIA L4,dinobase-patch,nyudepth,32,99,203.8808,14.0408,189.5059,393.764
0,NVIDIA L4,dinobase-patch,nyudepth,32,100,201.4375,11.3517,189.7904,393.764
0,NVIDIA L4,dinobase-patch,nyudepth,32,101,205.3353,13.6882,191.3417,393.764
0,NVIDIA L4,dinobase-patch,nyudepth,32,102,201.0244,11.4036,189.3261,393.764
0,NVIDIA L4,dinobase-patch,nyudepth,32,103,199.833,9.5997,189.9333,393.764
0,NVIDIA L4,dinobase-patch,nyudepth,32,104,200.0799,9.3779,190.4002,393.764
0,NVIDIA L4,dinobase-patch,nyudepth,32,105,204.1953,13.8158,190.0604,393.764
0,NVIDIA L4,dinobase-patch,nyudepth,32,106,198.0224,9.4038,188.318,393.764
0,NVIDIA L4,dinobase-patch,nyudepth,32,107,201.0303,9.3867,191.3083,393.764
0,NVIDIA L4,dinobase-patch,nyudepth,32,108,201.0455,9.4015,191.3499,393.764
0,NVIDIA L4,dinobase-patch,nyudepth,32,109,202.8889,13.557,189.0266,393.764
0,NVIDIA L4,dinobase-patch,nyudepth,32,110,199.2978,9.2886,189.717,393.764
0,NVIDIA L4,dinobase-patch,nyudepth,32,111,199.2161,9.5915,189.33,393.764
0,NVIDIA L4,dinobase-patch,nyudepth,32,112,203.941,14.0542,189.5959,393.764
0,NVIDIA L4,dinobase-patch,nyudepth,32,113,201.5792,9.4958,191.7886,393.764
0,NVIDIA L4,dinobase-patch,nyudepth,32,114,198.8118,9.5115,189.0115,393.764
0,NVIDIA L4,dinobase-patch,nyudepth,32,115,201.5036,9.3015,191.9067,393.764
0,NVIDIA L4,dinobase-patch,nyudepth,32,116,204.7915,13.6815,190.8033,393.764
0,NVIDIA L4,dinobase-patch,nyudepth,32,117,199.9421,9.5977,190.0317,393.764
0,NVIDIA L4,dinobase-patch,nyudepth,32,118,205.706,13.6678,191.731,393.764
0,NVIDIA L4,dinobase-patch,nyudepth,32,119,203.9375,12.48,191.1421,393.764
0,NVIDIA L4,dinobase-patch,nyudepth,32,120,199.6644,9.5957,189.7553,393.764
0,NVIDIA L4,dinobase-patch,nyudepth,32,121,206.2759,13.7969,192.1527,393.764
0,NVIDIA L4,dinobase-patch,nyudepth,32,122,199.5209,9.417,189.795,393.764
0,NVIDIA L4,dinobase-patch,nyudepth,32,123,203.542,12.8292,190.4144,393.764
0,NVIDIA L4,dinobase-patch,nyudepth,32,124,201.7334,11.3354,190.1069,393.764
0,NVIDIA L4,dinobase-patch,nyudepth,32,125,200.4661,9.5425,190.6265,393.764
0,NVIDIA L4,dinobase-patch,nyudepth,32,126,200.9996,9.5951,191.0793,393.764
0,NVIDIA L4,dinobase-patch,nyudepth,32,127,208.207,15.3451,192.5647,393.764
0,NVIDIA L4,dinobase-patch,nyudepth,32,128,200.8198,9.5834,190.938,393.764
0,NVIDIA L4,dinobase-patch,nyudepth,32,129,193.8572,13.8591,179.7087,393.764
0,NVIDIA L4,dinobase-patch,nyudepth,32,130,202.803,9.2944,193.2017,393.764
0,NVIDIA L4,dinobase-patch,nyudepth,32,131,207.9245,16.9712,190.6402,393.764
0,NVIDIA L4,dinobase-patch,nyudepth,32,132,204.1565,13.7195,190.1144,393.764
0,NVIDIA L4,dinobase-patch,nyudepth,32,133,201.4559,9.5399,191.6102,393.764
0,NVIDIA L4,dinobase-patch,nyudepth,32,134,205.8882,13.8383,191.7522,393.764
0,NVIDIA L4,dinobase-patch,nyudepth,32,135,201.3848,9.2914,191.8001,393.764
0,NVIDIA L4,dinobase-patch,nyudepth,32,136,201.8185,9.3903,192.1454,393.764
0,NVIDIA L4,dinobase-patch,nyudepth,32,137,205.1139,13.6283,191.1876,393.764
0,NVIDIA L4,dinobase-patch,nyudepth,32,138,201.0343,9.4275,191.3081,393.764
0,NVIDIA L4,dinobase-patch,nyudepth,32,139,202.5009,9.3659,192.8389,393.764
0,NVIDIA L4,dinobase-patch,nyudepth,32,140,200.9542,9.383,191.2695,393.764
0,NVIDIA L4,dinobase-patch,nyudepth,32,141,200.1398,9.481,190.339,393.764
0,NVIDIA L4,dinobase-patch,nyudepth,32,142,201.4584,9.2877,191.8861,393.764
0,NVIDIA L4,dinobase-patch,nyudepth,32,143,206.1263,12.3447,193.4657,393.764
0,NVIDIA L4,dinobase-patch,nyudepth,32,144,203.2505,9.3629,193.582,393.764
0,NVIDIA L4,dinobase-patch,nyudepth,32,145,208.6968,17.1413,191.2597,393.764
0,NVIDIA L4,dinobase-patch,nyudepth,32,146,202.3372,9.4622,192.5694,393.764
0,NVIDIA L4,dinobase-patch,nyudepth,32,147,203.1295,9.5001,193.329,393.764
0,NVIDIA L4,dinobase-patch,nyudepth,32,148,201.948,9.5963,192.0523,393.764
0,NVIDIA L4,dinobase-patch,nyudepth,32,149,206.6577,14.4473,191.8637,393.764
0,NVIDIA L4,dinobase-patch,nyudepth,32,150,207.228,13.7768,193.1547,393.764
0,NVIDIA L4,dinobase-patch,nyudepth,32,151,201.867,9.3245,192.2415,393.764
0,NVIDIA L4,dinobase-patch,nyudepth,32,152,205.7812,13.8364,191.6164,393.764
0,NVIDIA L4,dinobase-patch,nyudepth,32,153,201.0012,9.3576,191.3193,393.764
0,NVIDIA L4,dinobase-patch,nyudepth,32,154,200.8181,9.3589,191.146,393.764
0,NVIDIA L4,dinobase-patch,nyudepth,32,155,203.1486,11.4454,191.3941,393.764
0,NVIDIA L4,dinobase-patch,nyudepth,32,156,204.5006,13.7375,190.4615,393.764
0,NVIDIA L4,dinobase-patch,nyudepth,32,157,202.5873,9.6181,192.6397,393.764
0,NVIDIA L4,dinobase-patch,nyudepth,32,158,207.2197,13.9341,192.9737,393.764
0,NVIDIA L4,dinobase-patch,nyudepth,32,159,204.7932,11.3331,193.1291,393.764
0,NVIDIA L4,dinobase-patch,nyudepth,32,160,203.2703,9.4542,193.5141,393.764
0,NVIDIA L4,dinobase-patch,nyudepth,32,161,201.2817,9.3881,191.5731,393.764
0,NVIDIA L4,dinobase-patch,nyudepth,32,162,202.8834,11.9111,190.6497,393.764
0,NVIDIA L4,dinobase-patch,nyudepth,32,163,204.291,11.3689,192.6044,393.764
0,NVIDIA L4,dinobase-patch,nyudepth,32,164,207.5803,13.9945,193.2737,393.764
0,NVIDIA L4,dinobase-patch,nyudepth,32,165,206.9203,13.8422,192.7454,393.764
0,NVIDIA L4,dinobase-patch,nyudepth,32,166,203.9794,9.4094,194.2494,393.764
0,NVIDIA L4,dinobase-patch,nyudepth,32,167,206.1818,14.1735,191.706,393.764
0,NVIDIA L4,dinobase-patch,nyudepth,32,168,207.4038,13.9721,193.1325,393.764
0,NVIDIA L4,dinobase-patch,nyudepth,32,169,201.2407,9.3473,191.5763,393.764
0,NVIDIA L4,dinobase-patch,nyudepth,32,170,207.4663,14.255,192.8687,393.764
0,NVIDIA L4,dinobase-patch,nyudepth,32,171,205.2095,9.3647,195.5174,393.764
0,NVIDIA L4,dinobase-patch,nyudepth,32,172,203.0322,9.3771,193.3413,393.764
0,NVIDIA L4,dinobase-patch,nyudepth,32,173,203.7445,9.7425,193.6829,393.764
0,NVIDIA L4,dinobase-patch,nyudepth,32,174,207.8829,14.034,193.5567,393.764
0,NVIDIA L4,dinobase-patch,nyudepth,32,175,203.6666,9.478,193.884,393.764
0,NVIDIA L4,dinobase-patch,nyudepth,32,176,202.5801,9.3627,192.9199,393.764
0,NVIDIA L4,dinobase-patch,nyudepth,32,177,202.3682,9.3072,192.7405,393.764
0,NVIDIA L4,dinobase-patch,nyudepth,32,178,208.7633,14.0086,194.4628,393.764
0,NVIDIA L4,dinobase-patch,nyudepth,32,179,203.8074,9.6466,193.8618,393.764
0,NVIDIA L4,dinobase-patch,nyudepth,32,180,202.3746,9.5239,192.5529,393.764
0,NVIDIA L4,dinobase-patch,nyudepth,32,181,202.801,9.5553,192.9269,393.764
0,NVIDIA L4,dinobase-patch,nyudepth,32,182,203.8454,9.3275,194.2126,393.764
0,NVIDIA L4,dinobase-patch,nyudepth,32,183,204.4068,9.2945,194.7958,393.764
0,NVIDIA L4,dinobase-patch,nyudepth,32,184,210.2507,13.9058,196.0552,393.764
0,NVIDIA L4,dinobase-patch,nyudepth,32,185,202.5022,9.4649,192.7174,393.764
0,NVIDIA L4,dinobase-patch,nyudepth,32,186,202.8357,9.3891,193.1449,393.764
0,NVIDIA L4,dinobase-patch,nyudepth,32,187,205.1516,9.6341,195.1982,393.764
0,NVIDIA L4,dinobase-patch,nyudepth,32,188,207.452,13.6559,193.5005,393.764
0,NVIDIA L4,dinobase-patch,nyudepth,32,189,212.1975,17.0712,194.8237,393.764
0,NVIDIA L4,dinobase-patch,nyudepth,32,190,205.0708,9.3144,195.4425,393.764
0,NVIDIA L4,dinobase-patch,nyudepth,32,191,211.5208,16.2593,194.9397,393.764
0,NVIDIA L4,dinobase-patch,nyudepth,32,192,205.1032,9.6048,195.1988,393.764
0,NVIDIA L4,dinobase-patch,nyudepth,32,193,208.2895,14.0755,193.9201,393.764
0,NVIDIA L4,dinobase-patch,nyudepth,32,194,206.4567,9.5196,196.6237,393.764
0,NVIDIA L4,dinobase-patch,nyudepth,32,195,204.3976,9.4773,194.6156,393.764
0,NVIDIA L4,dinobase-patch,nyudepth,32,196,203.9924,9.4925,194.1971,393.764
0,NVIDIA L4,dinobase-patch,nyudepth,32,197,209.6774,13.9072,195.4743,393.764
0,NVIDIA L4,dinobase-patch,nyudepth,32,198,205.6467,9.5479,195.8023,393.764
0,NVIDIA L4,dinobase-patch,nyudepth,32,199,204.1692,13.922,189.9521,393.764
