task,n_requests,throughput_rps,avg_latency_ms
ecgclass,11659,64.77222222222223,15.43901622792953
gestureclass,11659,64.77222222222223,15.439028407274739
