task,condition,elapsed_sec,latency_ms,server_exec_ms,server_proc_ms,server_swap_ms,server_decoder_ms,queue_wait_plus_rpc_ms,non_server_exec_overhead_ms,server_start_ns
nyudepth,no_sharing,0.0,390.2736,378.036,246.5313,0.0025,131.2154,5.7099,12.2376,1775442708466076369
nyudepth,no_sharing,0.1208,674.5243,382.8598,80.056,0.0025,60.515,273.0978,291.6645,1775442708854241633
nyudepth,no_sharing,0.2375,587.0922,382.8598,80.056,0.0025,60.515,156.4353,204.2323,1775442708854241633
nyudepth,no_sharing,0.3567,467.9067,382.8598,80.056,0.0025,60.515,37.2305,85.0469,1775442708854241633
nyudepth,no_sharing,0.3711,453.4729,382.8598,80.056,0.0025,60.515,22.7864,70.613,1775442708854241633
nyudepth,no_sharing,0.375,449.5997,382.8598,80.056,0.0025,60.515,18.8985,66.7399,1775442708854241633
nyudepth,no_sharing,0.4475,681.6537,326.782,36.9275,0.0031,48.2579,347.9037,354.8718,1775442709255689570
nyudepth,no_sharing,0.5184,620.6214,326.782,36.9275,0.0031,48.2579,276.957,293.8395,1775442709255689570
nyudepth,no_sharing,0.6747,464.3095,326.782,36.9275,0.0031,48.2579,120.6319,137.5275,1775442709255689570
nyudepth,no_sharing,0.678,474.7353,326.782,36.9275,0.0031,48.2579,117.3723,147.9533,1775442709255689570
nyudepth,no_sharing,0.7309,421.8926,326.782,36.9275,0.0031,48.2579,64.5173,95.1107,1775442709255689570
nyudepth,no_sharing,0.735,417.7482,326.782,36.9275,0.0031,48.2579,60.3652,90.9662,1775442709255689570
nyudepth,no_sharing,0.8242,799.1445,479.838,68.2684,0.002,41.1325,312.3603,319.3065,1775442709596838194
nyudepth,no_sharing,0.8755,767.2629,479.838,68.2684,0.002,41.1325,261.0397,287.4249,1775442709596838194
nyudepth,no_sharing,0.8953,786.5877,479.838,68.2684,0.002,41.1325,241.2186,306.7497,1775442709596838194
nyudepth,no_sharing,0.9561,725.8277,479.838,68.2684,0.002,41.1325,180.4368,245.9897,1775442709596838194
nyudepth,no_sharing,0.9638,718.1232,479.838,68.2684,0.002,41.1325,172.7128,238.2852,1775442709596838194
nyudepth,no_sharing,0.9685,713.464,479.838,68.2684,0.002,41.1325,168.0467,233.626,1775442709596838194
nyudepth,no_sharing,0.9848,697.17,479.838,68.2684,0.002,41.1325,151.7465,217.332,1775442709596838194
nyudepth,no_sharing,1.0291,652.8542,479.838,68.2684,0.002,41.1325,107.4245,173.0162,1775442709596838194
nyudepth,no_sharing,1.0497,642.3702,479.838,68.2684,0.002,41.1325,86.7865,162.5322,1775442709596838194
nyudepth,no_sharing,1.1123,579.7918,479.838,68.2684,0.002,41.1325,24.1959,99.9538,1775442709596838194
nyudepth,no_sharing,1.1244,1332.4239,801.5152,111.8235,0.0034,43.0792,524.991,530.9088,1775442710109754251
nyudepth,no_sharing,1.2152,1244.6659,801.5152,111.8235,0.0034,43.0792,434.2747,443.1507,1775442710109754251
nyudepth,no_sharing,1.2775,1185.2674,801.5152,111.8235,0.0034,43.0792,371.9773,383.7523,1775442710109754251
nyudepth,no_sharing,1.3101,1155.4844,801.5152,111.8235,0.0034,43.0792,339.3304,353.9693,1775442710109754251
nyudepth,no_sharing,1.3308,1138.2649,801.5152,111.8235,0.0034,43.0792,318.68,336.7497,1775442710109754251
nyudepth,no_sharing,1.3541,1117.7578,801.5152,111.8235,0.0034,43.0792,295.3298,316.2426,1775442710109754251
nyudepth,no_sharing,1.3567,1118.1443,801.5152,111.8235,0.0034,43.0792,292.6879,316.6291,1775442710109754251
nyudepth,no_sharing,1.3659,1112.4415,801.5152,111.8235,0.0034,43.0792,283.5143,310.9264,1775442710109754251
nyudepth,no_sharing,1.4002,1083.5855,801.5152,111.8235,0.0034,43.0792,249.1953,282.0703,1775442710109754251
nyudepth,no_sharing,1.4197,1064.0867,801.5152,111.8235,0.0034,43.0792,229.6886,262.5715,1775442710109754251
nyudepth,no_sharing,1.4843,1005.0876,801.5152,111.8235,0.0034,43.0792,165.1182,203.5724,1775442710109754251
nyudepth,no_sharing,1.5186,970.803,801.5152,111.8235,0.0034,43.0792,130.826,169.2879,1775442710109754251
nyudepth,no_sharing,1.5306,964.4623,801.5152,111.8235,0.0034,43.0792,118.8259,162.9471,1775442710109754251
nyudepth,no_sharing,1.5528,942.3208,801.5152,111.8235,0.0034,43.0792,96.6771,140.8057,1775442710109754251
nyudepth,no_sharing,1.5849,917.3312,801.5152,111.8235,0.0034,43.0792,64.5537,115.816,1775442710109754251
nyudepth,no_sharing,1.6029,899.353,801.5152,111.8235,0.0034,43.0792,46.562,97.8379,1775442710109754251
nyudepth,no_sharing,1.6186,1973.2516,1081.659,142.4245,0.0027,44.7099,885.6134,891.5926,1775442710964490032
nyudepth,no_sharing,1.691,1903.6813,1081.659,142.4245,0.0027,44.7099,813.1609,822.0223,1775442710964490032
nyudepth,no_sharing,1.691,1906.5082,1081.659,142.4245,0.0027,44.7099,813.1483,824.8492,1775442710964490032
nyudepth,no_sharing,1.7437,1856.7133,1081.659,142.4245,0.0027,44.7099,760.4973,775.0543,1775442710964490032
nyudepth,no_sharing,1.8135,1789.773,1081.659,142.4245,0.0027,44.7099,690.7117,708.114,1775442710964490032
nyudepth,no_sharing,1.8681,1737.9897,1081.659,142.4245,0.0027,44.7099,636.0343,656.3307,1775442710964490032
nyudepth,no_sharing,1.8718,1739.9812,1081.659,142.4245,0.0027,44.7099,632.411,658.3222,1775442710964490032
nyudepth,no_sharing,1.9279,1683.8105,1081.659,142.4245,0.0027,44.7099,576.2317,602.1515,1775442710964490032
nyudepth,no_sharing,1.9963,1621.0742,1081.659,142.4245,0.0027,44.7099,507.8628,539.4152,1775442710964490032
nyudepth,no_sharing,2.0519,1565.4736,1081.659,142.4245,0.0027,44.7099,452.2536,483.8145,1775442710964490032
nyudepth,no_sharing,2.066,1557.0488,1081.659,142.4245,0.0027,44.7099,438.1208,475.3898,1775442710964490032
nyudepth,no_sharing,2.0823,1540.8058,1081.659,142.4245,0.0027,44.7099,421.87,459.1468,1775442710964490032
nyudepth,no_sharing,2.0907,1540.9946,1081.659,142.4245,0.0027,44.7099,413.4955,459.3356,1775442710964490032
nyudepth,no_sharing,2.1082,1523.4706,1081.659,142.4245,0.0027,44.7099,395.9639,441.8116,1775442710964490032
nyudepth,no_sharing,2.1103,1521.4262,1081.659,142.4245,0.0027,44.7099,393.9149,439.7672,1775442710964490032
nyudepth,no_sharing,2.1174,1522.8209,1081.659,142.4245,0.0027,44.7099,386.754,441.1619,1775442710964490032
nyudepth,no_sharing,2.1836,1456.6073,1081.659,142.4245,0.0027,44.7099,320.5321,374.9483,1775442710964490032
nyudepth,no_sharing,2.3829,1257.3936,1081.659,142.4245,0.0027,44.7099,121.3126,175.7346,1775442710964490032
nyudepth,no_sharing,2.4113,1241.0383,1081.659,142.4245,0.0027,44.7099,92.9184,159.3793,1775442710964490032
nyudepth,no_sharing,2.4259,1226.3782,1081.659,142.4245,0.0027,44.7099,78.2428,144.7192,1775442710964490032
nyudepth,no_sharing,2.4453,1207.0506,1081.659,142.4245,0.0027,44.7099,58.9075,125.3916,1775442710964490032
nyudepth,no_sharing,2.4655,2090.2872,905.9974,104.7218,0.0194,44.4941,1177.0701,1184.2898,1775442712102936740
nyudepth,no_sharing,2.4719,2099.5493,905.9974,104.7218,0.0194,44.4941,1170.6982,1193.5519,1775442712102936740
nyudepth,no_sharing,2.5241,2047.384,905.9974,104.7218,0.0194,44.4941,1118.5217,1141.3866,1775442712102936740
nyudepth,no_sharing,2.5926,1978.8604,905.9974,104.7218,0.0194,44.4941,1049.9911,1072.863,1775442712102936740
nyudepth,no_sharing,2.668,1942.6079,905.9974,104.7218,0.0194,44.4941,974.6063,1036.6105,1775442712102936740
nyudepth,no_sharing,2.9343,1676.3477,905.9974,104.7218,0.0194,44.4941,708.3328,770.3503,1775442712102936740
nyudepth,no_sharing,3.0394,1571.291,905.9974,104.7218,0.0194,44.4941,603.2667,665.2935,1775442712102936740
nyudepth,no_sharing,3.1212,1489.4392,905.9974,104.7218,0.0194,44.4941,521.4074,583.4418,1775442712102936740
nyudepth,no_sharing,3.1737,1436.9886,905.9974,104.7218,0.0194,44.4941,468.9505,530.9912,1775442712102936740
nyudepth,no_sharing,3.2034,1407.3067,905.9974,104.7218,0.0194,44.4941,439.2626,501.3093,1775442712102936740
nyudepth,no_sharing,3.205,1405.6535,905.9974,104.7218,0.0194,44.4941,437.6037,499.6561,1775442712102936740
nyudepth,no_sharing,3.2527,1357.9965,905.9974,104.7218,0.0194,44.4941,389.9405,451.999,1775442712102936740
nyudepth,no_sharing,3.284,1326.6914,905.9974,104.7218,0.0194,44.4941,358.6297,420.694,1775442712102936740
nyudepth,no_sharing,3.3599,1286.4888,905.9974,104.7218,0.0194,44.4941,282.6703,380.4914,1775442712102936740
nyudepth,no_sharing,3.4606,1185.823,905.9974,104.7218,0.0194,44.4941,181.9937,279.8255,1775442712102936740
nyudepth,no_sharing,3.4773,1169.193,905.9974,104.7218,0.0194,44.4941,165.3566,263.1956,1775442712102936740
nyudepth,no_sharing,3.4799,1166.553,905.9974,104.7218,0.0194,44.4941,162.7111,260.5556,1775442712102936740
nyudepth,no_sharing,3.5263,1120.1279,905.9974,104.7218,0.0194,44.4941,116.2803,214.1305,1775442712102936740
nyudepth,no_sharing,3.6544,2224.7009,1287.527,105.1782,0.0029,47.2815,931.2797,937.174,1775442713046042138
nyudepth,no_sharing,3.6953,2186.6479,1287.527,105.1782,0.0029,47.2815,890.3966,899.1209,1775442713046042138
nyudepth,no_sharing,3.8021,2082.8457,1287.527,105.1782,0.0029,47.2815,783.649,795.3187,1775442713046042138
nyudepth,no_sharing,3.8405,2047.3123,1287.527,105.1782,0.0029,47.2815,745.27,759.7853,1775442713046042138
nyudepth,no_sharing,3.9048,1985.7681,1287.527,105.1782,0.0029,47.2815,680.9022,698.2411,1775442713046042138
nyudepth,no_sharing,3.9195,1973.9685,1287.527,105.1782,0.0029,47.2815,666.1751,686.4416,1775442713046042138
nyudepth,no_sharing,3.9262,1972.8892,1287.527,105.1782,0.0029,47.2815,659.4803,685.3622,1775442713046042138
nyudepth,no_sharing,3.9329,1966.2173,1287.527,105.1782,0.0029,47.2815,652.8001,678.6903,1775442713046042138
nyudepth,no_sharing,3.9396,1965.3149,1287.527,105.1782,0.0029,47.2815,646.1446,677.7879,1775442713046042138
nyudepth,no_sharing,3.9422,1962.657,1287.527,105.1782,0.0029,47.2815,643.4789,675.13,1775442713046042138
nyudepth,no_sharing,4.0276,1882.9231,1287.527,105.1782,0.0029,47.2815,558.1195,595.3962,1775442713046042138
nyudepth,no_sharing,4.05,1860.553,1287.527,105.1782,0.0029,47.2815,535.7413,573.0261,1775442713046042138
nyudepth,no_sharing,4.0696,1849.69,1287.527,105.1782,0.0029,47.2815,516.1066,562.163,1775442713046042138
nyudepth,no_sharing,4.1159,1803.3834,1287.527,105.1782,0.0029,47.2815,469.7907,515.8564,1775442713046042138
nyudepth,no_sharing,4.1266,1792.7711,1287.527,105.1782,0.0029,47.2815,459.1722,505.2441,1775442713046042138
nyudepth,no_sharing,4.2215,1706.3661,1287.527,105.1782,0.0029,47.2815,364.2461,418.8391,1775442713046042138
nyudepth,no_sharing,4.286,1641.8147,1287.527,105.1782,0.0029,47.2815,299.6857,354.2878,1775442713046042138
nyudepth,no_sharing,4.3024,1625.4985,1287.527,105.1782,0.0029,47.2815,283.3636,337.9716,1775442713046042138
nyudepth,no_sharing,4.313,1623.3478,1287.527,105.1782,0.0029,47.2815,272.7253,335.8208,1775442713046042138
nyudepth,no_sharing,4.3391,1597.2304,1287.527,105.1782,0.0029,47.2815,246.5999,309.7035,1775442713046042138
nyudepth,no_sharing,4.3538,1582.535,1287.527,105.1782,0.0029,47.2815,231.8993,295.0081,1775442713046042138
nyudepth,no_sharing,4.3577,1588.5081,1287.527,105.1782,0.0029,47.2815,227.9842,300.9812,1775442713046042138
nyudepth,no_sharing,4.3831,1563.1938,1287.527,105.1782,0.0029,47.2815,202.6556,275.6668,1775442713046042138
nyudepth,no_sharing,4.496,1450.274,1287.527,105.1782,0.0029,47.2815,89.7281,162.747,1775442713046042138
nyudepth,no_sharing,4.5459,1404.6481,1287.527,105.1782,0.0029,47.2815,39.8047,117.1211,1775442713046042138
nyudepth,no_sharing,4.7003,2537.3981,1275.1833,89.8734,0.0026,42.3213,1244.0164,1262.2148,1775442714404663811
nyudepth,no_sharing,4.8031,2457.5233,1275.1833,89.8734,0.0026,42.3213,1141.2525,1182.3401,1775442714404663811
nyudepth,no_sharing,4.8585,2402.1618,1275.1833,89.8734,0.0026,42.3213,1085.8798,1126.9786,1775442714404663811
nyudepth,no_sharing,4.9517,2308.8877,1275.1833,89.8734,0.0026,42.3213,992.5985,1033.7044,1775442714404663811
nyudepth,no_sharing,4.9871,2273.5567,1275.1833,89.8734,0.0026,42.3213,957.2608,998.3734,1775442714404663811
nyudepth,no_sharing,5.0427,2217.9585,1275.1833,89.8734,0.0026,42.3213,901.6559,942.7752,1775442714404663811
nyudepth,no_sharing,5.0606,2239.6765,1275.1833,89.8734,0.0026,42.3213,883.7941,964.4932,1775442714404663811
nyudepth,no_sharing,5.071,2229.1954,1275.1833,89.8734,0.0026,42.3213,873.2963,954.0121,1775442714404663811
nyudepth,no_sharing,5.178,2122.2618,1275.1833,89.8734,0.0026,42.3213,766.3534,847.0785,1775442714404663811
nyudepth,no_sharing,5.1847,2115.5286,1275.1833,89.8734,0.0026,42.3213,759.6123,840.3453,1775442714404663811
nyudepth,no_sharing,5.1954,2104.8481,1275.1833,89.8734,0.0026,42.3213,748.9231,829.6649,1775442714404663811
nyudepth,no_sharing,5.2101,2090.1756,1275.1833,89.8734,0.0026,42.3213,734.2429,814.9923,1775442714404663811
nyudepth,no_sharing,5.2588,2041.517,1275.1833,89.8734,0.0026,42.3213,685.5776,766.3337,1775442714404663811
nyudepth,no_sharing,5.2801,2020.1652,1275.1833,89.8734,0.0026,42.3213,664.2189,744.9819,1775442714404663811
nyudepth,no_sharing,5.3139,2022.5258,1275.1833,89.8734,0.0026,42.3213,630.475,747.3425,1775442714404663811
nyudepth,no_sharing,5.4209,1915.9975,1275.1833,89.8734,0.0026,42.3213,523.412,640.8142,1775442714404663811
nyudepth,no_sharing,5.498,1838.9904,1275.1833,89.8734,0.0026,42.3213,446.3935,563.8072,1775442714404663811
nyudepth,no_sharing,5.5571,1779.8841,1275.1833,89.8734,0.0026,42.3213,387.2802,504.7008,1775442714404663811
nyudepth,no_sharing,5.5653,1771.6832,1275.1833,89.8734,0.0026,42.3213,379.0729,496.4999,1775442714404663811
nyudepth,no_sharing,5.6253,1711.6339,1275.1833,89.8734,0.0026,42.3213,319.0179,436.4506,1775442714404663811
nyudepth,no_sharing,5.6475,1689.4672,1275.1833,89.8734,0.0026,42.3213,296.8452,414.2839,1775442714404663811
nyudepth,no_sharing,5.6537,1683.2652,1275.1833,89.8734,0.0026,42.3213,290.638,408.0819,1775442714404663811
nyudepth,no_sharing,5.674,1662.9691,1275.1833,89.8734,0.0026,42.3213,270.3369,387.7858,1775442714404663811
nyudepth,no_sharing,5.6772,1659.7996,1275.1833,89.8734,0.0026,42.3213,267.1621,384.6163,1775442714404663811
nyudepth,no_sharing,5.7256,1611.3658,1275.1833,89.8734,0.0026,42.3213,218.7223,336.1825,1775442714404663811
nyudepth,no_sharing,5.7726,1564.3511,1275.1833,89.8734,0.0026,42.3213,171.7014,289.1678,1775442714404663811
nyudepth,no_sharing,5.7875,1549.5436,1275.1833,89.8734,0.0026,42.3213,156.8873,274.3603,1775442714404663811
nyudepth,no_sharing,5.7891,1547.8663,1275.1833,89.8734,0.0026,42.3213,155.2031,272.6831,1775442714404663811
nyudepth,no_sharing,5.9361,2708.1282,1312.3111,144.7927,0.0039,48.6284,1360.4965,1395.8171,1775442715756893980
nyudepth,no_sharing,5.9657,2678.4763,1312.3111,144.7927,0.0039,48.6284,1330.8353,1366.1652,1775442715756893980
nyudepth,no_sharing,6.0399,2604.29,1312.3111,144.7927,0.0039,48.6284,1256.6423,1291.9789,1775442715756893980
nyudepth,no_sharing,6.0578,2586.4606,1312.3111,144.7927,0.0039,48.6284,1238.806,1274.1495,1775442715756893980
nyudepth,no_sharing,6.1414,2502.8751,1312.3111,144.7927,0.0039,48.6284,1155.2129,1190.564,1775442715756893980
nyudepth,no_sharing,6.2235,2420.764,1312.3111,144.7927,0.0039,48.6284,1073.0944,1108.4528,1775442715756893980
nyudepth,no_sharing,6.2283,2436.3322,1312.3111,144.7927,0.0039,48.6284,1068.2344,1124.0211,1775442715756893980
nyudepth,no_sharing,6.4994,2165.3206,1312.3111,144.7927,0.0039,48.6284,797.2097,853.0095,1775442715756893980
nyudepth,no_sharing,6.5334,2131.3102,1312.3111,144.7927,0.0039,48.6284,763.1729,818.9991,1775442715756893980
nyudepth,no_sharing,6.6033,2061.3754,1312.3111,144.7927,0.0039,48.6284,693.2278,749.0642,1775442715756893980
nyudepth,no_sharing,6.6151,2049.5884,1312.3111,144.7927,0.0039,48.6284,681.4322,737.2773,1775442715756893980
nyudepth,no_sharing,6.6648,1999.9557,1312.3111,144.7927,0.0039,48.6284,631.7918,687.6445,1775442715756893980
nyudepth,no_sharing,6.6795,1985.2898,1312.3111,144.7927,0.0039,48.6284,617.1179,672.9787,1775442715756893980
nyudepth,no_sharing,6.7599,1937.794,1312.3111,144.7927,0.0039,48.6284,536.7229,625.4828,1775442715756893980
nyudepth,no_sharing,6.7825,1915.1585,1312.3111,144.7927,0.0039,48.6284,514.0707,602.8474,1775442715756893980
nyudepth,no_sharing,6.8218,1875.8476,1312.3111,144.7927,0.0039,48.6284,474.7481,563.5364,1775442715756893980
nyudepth,no_sharing,6.8495,1848.1984,1312.3111,144.7927,0.0039,48.6284,447.0901,535.8873,1775442715756893980
nyudepth,no_sharing,6.8871,1810.5586,1312.3111,144.7927,0.0039,48.6284,409.4412,498.2474,1775442715756893980
nyudepth,no_sharing,6.9091,1788.5725,1312.3111,144.7927,0.0039,48.6284,387.4276,476.2614,1775442715756893980
nyudepth,no_sharing,6.9404,1757.2985,1312.3111,144.7927,0.0039,48.6284,356.1435,444.9873,1775442715756893980
nyudepth,no_sharing,6.9421,1755.6663,1312.3111,144.7927,0.0039,48.6284,354.5029,443.3551,1775442715756893980
nyudepth,no_sharing,7.0206,1692.7636,1312.3111,144.7927,0.0039,48.6284,275.9657,380.4524,1775442715756893980
nyudepth,no_sharing,7.1464,1567.0214,1312.3111,144.7927,0.0039,48.6284,150.2113,254.7102,1775442715756893980
nyudepth,no_sharing,7.1759,1537.4732,1312.3111,144.7927,0.0039,48.6284,120.6563,225.1621,1775442715756893980
nyudepth,no_sharing,7.3454,2620.6908,1284.8666,26.5348,0.0022,44.9261,1329.0689,1335.8242,1775442717134743280
nyudepth,no_sharing,7.3541,2630.7414,1284.8666,26.5348,0.0022,44.9261,1320.3068,1345.8748,1775442717134743280
nyudepth,no_sharing,7.4932,2547.9038,1284.8666,26.5348,0.0022,44.9261,1181.2553,1263.0372,1775442717134743280
nyudepth,no_sharing,7.5118,2529.3455,1284.8666,26.5348,0.0022,44.9261,1162.6713,1244.4789,1775442717134743280
nyudepth,no_sharing,7.5454,2495.7032,1284.8666,26.5348,0.0022,44.9261,1128.9988,1210.8366,1775442717134743280
nyudepth,no_sharing,7.6668,2374.351,1284.8666,26.5348,0.0022,44.9261,1007.6303,1089.4844,1775442717134743280
nyudepth,no_sharing,7.6731,2368.0797,1284.8666,26.5348,0.0022,44.9261,1001.3444,1083.2131,1775442717134743280
nyudepth,no_sharing,7.6837,2357.475,1284.8666,26.5348,0.0022,44.9261,990.7331,1072.6085,1775442717134743280
nyudepth,no_sharing,7.7499,2291.2576,1284.8666,26.5348,0.0022,44.9261,924.5086,1006.391,1775442717134743280
nyudepth,no_sharing,7.7994,2292.5599,1284.8666,26.5348,0.0022,44.9261,874.9833,1007.6933,1775442717134743280
nyudepth,no_sharing,7.8141,2277.9572,1284.8666,26.5348,0.0022,44.9261,860.3184,993.0906,1775442717134743280
nyudepth,no_sharing,7.8358,2256.3093,1284.8666,26.5348,0.0022,44.9261,838.6638,971.4427,1775442717134743280
nyudepth,no_sharing,7.8734,2218.652,1284.8666,26.5348,0.0022,44.9261,801.0011,933.7854,1775442717134743280
nyudepth,no_sharing,7.9676,2124.4514,1284.8666,26.5348,0.0022,44.9261,706.7947,839.5848,1775442717134743280
nyudepth,no_sharing,7.9873,2104.795,1284.8666,26.5348,0.0022,44.9261,687.1338,819.9284,1775442717134743280
nyudepth,no_sharing,8.0242,2067.8871,1284.8666,26.5348,0.0022,44.9261,650.2206,783.0205,1775442717134743280
nyudepth,no_sharing,8.0419,2050.1854,1284.8666,26.5348,0.0022,44.9261,632.515,765.3189,1775442717134743280
nyudepth,no_sharing,8.0575,2034.5619,1284.8666,26.5348,0.0022,44.9261,616.8873,749.6953,1775442717134743280
nyudepth,no_sharing,8.1641,1927.9668,1284.8666,26.5348,0.0022,44.9261,510.2866,643.1003,1775442717134743280
nyudepth,no_sharing,8.1919,1900.1915,1284.8666,26.5348,0.0022,44.9261,482.5051,615.325,1775442717134743280
nyudepth,no_sharing,8.259,1833.0717,1284.8666,26.5348,0.0022,44.9261,415.381,548.2051,1775442717134743280
nyudepth,no_sharing,8.2737,1818.3935,1284.8666,26.5348,0.0022,44.9261,400.6984,533.5269,1775442717134743280
nyudepth,no_sharing,8.2844,1807.7543,1284.8666,26.5348,0.0022,44.9261,390.0552,522.8877,1775442717134743280
nyudepth,no_sharing,8.3406,1751.5013,1284.8666,26.5348,0.0022,44.9261,333.7984,466.6347,1775442717134743280
nyudepth,no_sharing,8.4113,1680.8603,1284.8666,26.5348,0.0022,44.9261,263.1538,395.9937,1775442717134743280
nyudepth,no_sharing,8.4585,1633.5855,1284.8666,26.5348,0.0022,44.9261,215.8744,348.7189,1775442717134743280
nyudepth,no_sharing,8.518,1574.1482,1284.8666,26.5348,0.0022,44.9261,156.4336,289.2816,1775442717134743280
nyudepth,no_sharing,8.5693,1522.8097,1284.8666,26.5348,0.0022,44.9261,105.0906,237.9432,1775442717134743280
nyudepth,no_sharing,8.6437,2799.5484,1398.1492,23.5485,0.002,49.0782,1394.5215,1401.3992,1775442718498511649
nyudepth,no_sharing,8.7367,2711.0217,1398.1492,23.5485,0.002,49.0782,1301.47,1312.8725,1775442718498511649
nyudepth,no_sharing,8.8775,2579.2415,1398.1492,23.5485,0.002,49.0782,1160.6882,1181.0923,1775442718498511649
nyudepth,no_sharing,8.9107,2546.0196,1398.1492,23.5485,0.002,49.0782,1127.4567,1147.8704,1775442718498511649
nyudepth,no_sharing,8.9154,2560.0893,1398.1492,23.5485,0.002,49.0782,1122.8113,1161.9401,1775442718498511649
nyudepth,no_sharing,8.985,2490.4418,1398.1492,23.5485,0.002,49.0782,1053.1526,1092.2926,1775442718498511649
nyudepth,no_sharing,9.0283,2447.1467,1398.1492,23.5485,0.002,49.0782,1009.8488,1048.9975,1775442718498511649
nyudepth,no_sharing,9.1509,2324.5664,1398.1492,23.5485,0.002,49.0782,887.2619,926.4172,1775442718498511649
nyudepth,no_sharing,9.2015,2331.8424,1398.1492,23.5485,0.002,49.0782,836.7302,933.6932,1775442718498511649
nyudepth,no_sharing,9.2092,2324.163,1398.1492,23.5485,0.002,49.0782,829.037,926.0138,1775442718498511649
nyudepth,no_sharing,9.2615,2271.8797,1398.1492,23.5485,0.002,49.0782,776.7372,873.7305,1775442718498511649
nyudepth,no_sharing,9.2901,2243.2485,1398.1492,23.5485,0.002,49.0782,748.0912,845.0993,1775442718498511649
nyudepth,no_sharing,9.2957,2237.6449,1398.1492,23.5485,0.002,49.0782,742.4672,839.4957,1775442718498511649
nyudepth,no_sharing,9.309,2224.4108,1398.1492,23.5485,0.002,49.0782,729.2223,826.2616,1775442718498511649
nyudepth,no_sharing,9.4829,2050.5059,1398.1492,23.5485,0.002,49.0782,555.3069,652.3567,1775442718498511649
nyudepth,no_sharing,9.5035,2086.5397,1398.1492,23.5485,0.002,49.0782,534.688,688.3905,1775442718498511649
nyudepth,no_sharing,9.5161,2073.9229,1398.1492,23.5485,0.002,49.0782,522.0597,675.7737,1775442718498511649
nyudepth,no_sharing,9.5518,2038.2359,1398.1492,23.5485,0.002,49.0782,486.3653,640.0867,1775442718498511649
nyudepth,no_sharing,9.6422,1947.8962,1398.1492,23.5485,0.002,49.0782,396.019,549.747,1775442718498511649
nyudepth,no_sharing,9.6958,1894.3095,1398.1492,23.5485,0.002,49.0782,342.4246,496.1603,1775442718498511649
nyudepth,no_sharing,9.7065,1883.5568,1398.1492,23.5485,0.002,49.0782,331.6655,485.4076,1775442718498511649
nyudepth,no_sharing,9.7065,1883.5509,1398.1492,23.5485,0.002,49.0782,331.6538,485.4017,1775442718498511649
nyudepth,no_sharing,9.7285,1861.6238,1398.1492,23.5485,0.002,49.0782,309.721,463.4746,1775442718498511649
nyudepth,no_sharing,9.7356,1854.4574,1398.1492,23.5485,0.002,49.0782,302.5489,456.3082,1775442718498511649
nyudepth,no_sharing,9.8393,1750.8526,1398.1492,23.5485,0.002,49.0782,198.9386,352.7034,1775442718498511649
nyudepth,no_sharing,9.8446,1745.5206,1398.1492,23.5485,0.002,49.0782,193.6011,347.3714,1775442718498511649
nyudepth,no_sharing,9.8787,1711.3736,1398.1492,23.5485,0.002,49.0782,159.4493,313.2244,1775442718498511649
nyudepth,no_sharing,9.93,1660.1658,1398.1492,23.5485,0.002,49.0782,108.2363,262.0166,1775442718498511649
nyudepth,no_sharing,10.0921,2857.1103,1433.7221,156.3783,0.0022,49.1172,1416.8491,1423.3882,1775442719969315461
nyudepth,no_sharing,10.0922,2860.1,1433.7221,156.3783,0.0022,49.1172,1416.8324,1426.3779,1775442719969315461
nyudepth,no_sharing,10.1746,2780.5636,1433.7221,156.3783,0.0022,49.1172,1334.4097,1346.8415,1775442719969315461
nyudepth,no_sharing,10.2123,2745.7702,1433.7221,156.3783,0.0022,49.1172,1296.7358,1312.0481,1775442719969315461
nyudepth,no_sharing,10.2992,2661.6609,1433.7221,156.3783,0.0022,49.1172,1209.8026,1227.9388,1775442719969315461
nyudepth,no_sharing,10.3171,2647.0208,1433.7221,156.3783,0.0022,49.1172,1191.8671,1213.2987,1775442719969315461
nyudepth,no_sharing,10.3338,2636.5016,1433.7221,156.3783,0.0022,49.1172,1175.2179,1202.7795,1775442719969315461
nyudepth,no_sharing,10.3464,2623.8899,1433.7221,156.3783,0.0022,49.1172,1162.5977,1190.1678,1775442719969315461
nyudepth,no_sharing,10.4064,2570.5805,1433.7221,156.3783,0.0022,49.1172,1102.5786,1136.8584,1775442719969315461
nyudepth,no_sharing,10.4368,2540.1814,1433.7221,156.3783,0.0022,49.1172,1072.1722,1106.4593,1775442719969315461
nyudepth,no_sharing,10.4745,2511.601,1433.7221,156.3783,0.0022,49.1172,1034.4975,1077.8789,1775442719969315461
nyudepth,no_sharing,10.5382,2447.9542,1433.7221,156.3783,0.0022,49.1172,970.8414,1014.2321,1775442719969315461
nyudepth,no_sharing,10.5965,2389.6599,1433.7221,156.3783,0.0022,49.1172,912.5402,955.9378,1775442719969315461
nyudepth,no_sharing,10.6481,2349.2987,1433.7221,156.3783,0.0022,49.1172,860.882,915.5766,1775442719969315461
nyudepth,no_sharing,10.7263,2271.1382,1433.7221,156.3783,0.0022,49.1172,782.7096,837.4161,1775442719969315461
nyudepth,no_sharing,10.7263,2271.1349,1433.7221,156.3783,0.0022,49.1172,782.6979,837.4128,1775442719969315461
nyudepth,no_sharing,10.7952,2210.6311,1433.7221,156.3783,0.0022,49.1172,713.8412,776.909,1775442719969315461
nyudepth,no_sharing,10.8608,2148.2661,1433.7221,156.3783,0.0022,49.1172,648.2127,714.544,1775442719969315461
nyudepth,no_sharing,10.8824,2126.6568,1433.7221,156.3783,0.0022,49.1172,626.5936,692.9347,1775442719969315461
nyudepth,no_sharing,10.8947,2114.3558,1433.7221,156.3783,0.0022,49.1172,614.2857,680.6337,1775442719969315461
nyudepth,no_sharing,10.9312,2095.3143,1433.7221,156.3783,0.0022,49.1172,577.8418,661.5922,1775442719969315461
nyudepth,no_sharing,11.0315,1999.9266,1433.7221,156.3783,0.0022,49.1172,477.5238,566.2045,1775442719969315461
nyudepth,no_sharing,11.0482,1983.1967,1433.7221,156.3783,0.0022,49.1172,460.7809,549.4746,1775442719969315461
nyudepth,no_sharing,11.1192,1912.2615,1433.7221,156.3783,0.0022,49.1172,389.8344,478.5394,1775442719969315461
nyudepth,no_sharing,11.2676,1763.8459,1433.7221,156.3783,0.0022,49.1172,241.4112,330.1238,1775442719969315461
nyudepth,no_sharing,11.2873,1744.2222,1433.7221,156.3783,0.0022,49.1172,221.7162,310.5001,1775442719969315461
nyudepth,no_sharing,11.5889,3113.2913,1655.3413,190.7825,0.0025,47.2332,1425.2772,1457.95,1775442721474481944
nyudepth,no_sharing,11.5889,3113.2951,1655.3413,190.7825,0.0025,47.2332,1425.2651,1457.9538,1775442721474481944
nyudepth,no_sharing,11.5889,3113.2948,1655.3413,190.7825,0.0025,47.2332,1425.2582,1457.9535,1775442721474481944
nyudepth,no_sharing,11.6002,3138.2308,1655.3413,190.7825,0.0025,47.2332,1413.9745,1482.8895,1775442721474481944
nyudepth,no_sharing,11.6334,3105.0525,1655.3413,190.7825,0.0025,47.2332,1380.7833,1449.7112,1775442721474481944
nyudepth,no_sharing,11.6631,3075.3624,1655.3413,190.7825,0.0025,47.2332,1351.0861,1420.0211,1775442721474481944
nyudepth,no_sharing,11.7607,2977.736,1655.3413,190.7825,0.0025,47.2332,1253.453,1322.3947,1775442721474481944
nyudepth,no_sharing,11.8859,2852.5171,1655.3413,190.7825,0.0025,47.2332,1128.2279,1197.1758,1775442721474481944
nyudepth,no_sharing,11.9258,2812.6252,1655.3413,190.7825,0.0025,47.2332,1088.3291,1157.2839,1775442721474481944
nyudepth,no_sharing,12.0312,2707.3038,1655.3413,190.7825,0.0025,47.2332,983.0005,1051.9625,1775442721474481944
nyudepth,no_sharing,12.0814,2657.0244,1655.3413,190.7825,0.0025,47.2332,932.7145,1001.6831,1775442721474481944
nyudepth,no_sharing,12.1071,2683.6271,1655.3413,190.7825,0.0025,47.2332,907.0611,1028.2858,1775442721474481944
nyudepth,no_sharing,12.1187,2672.0204,1655.3413,190.7825,0.0025,47.2332,895.4351,1016.6791,1775442721474481944
nyudepth,no_sharing,12.1876,2603.1294,1655.3413,190.7825,0.0025,47.2332,826.5374,947.7881,1775442721474481944
nyudepth,no_sharing,12.2951,2495.6753,1655.3413,190.7825,0.0025,47.2332,719.0769,840.334,1775442721474481944
nyudepth,no_sharing,12.4284,2362.3474,1655.3413,190.7825,0.0025,47.2332,585.7418,707.0061,1775442721474481944
nyudepth,no_sharing,12.4431,2347.6932,1655.3413,190.7825,0.0025,47.2332,571.0809,692.3519,1775442721474481944
nyudepth,no_sharing,12.4944,2296.4063,1655.3413,190.7825,0.0025,47.2332,519.7856,641.065,1775442721474481944
nyudepth,no_sharing,12.5207,2270.1015,1655.3413,190.7825,0.0025,47.2332,493.4738,614.7602,1775442721474481944
nyudepth,no_sharing,12.6064,2184.4409,1655.3413,190.7825,0.0025,47.2332,407.8059,529.0995,1775442721474481944
nyudepth,no_sharing,12.617,2173.7826,1655.3413,190.7825,0.0025,47.2332,397.1417,518.4413,1775442721474481944
nyudepth,no_sharing,12.6203,2170.5534,1655.3413,190.7825,0.0025,47.2332,393.9061,515.2121,1775442721474481944
nyudepth,no_sharing,12.6379,2152.9298,1655.3413,190.7825,0.0025,47.2332,376.2755,497.5885,1775442721474481944
nyudepth,no_sharing,12.6415,2194.0768,1655.3413,190.7825,0.0025,47.2332,372.6444,538.7355,1775442721474481944
nyudepth,no_sharing,12.6652,2170.3877,1655.3413,190.7825,0.0025,47.2332,348.9416,515.0464,1775442721474481944
nyudepth,no_sharing,12.6899,2145.745,1655.3413,190.7825,0.0025,47.2332,324.2912,490.4037,1775442721474481944
nyudepth,no_sharing,12.6947,2140.9338,1655.3413,190.7825,0.0025,47.2332,319.4726,485.5925,1775442721474481944
nyudepth,no_sharing,12.8643,1971.3733,1655.3413,190.7825,0.0025,47.2332,149.905,316.032,1775442721474481944
nyudepth,no_sharing,12.8643,1971.3614,1655.3413,190.7825,0.0025,47.2332,149.8859,316.0201,1775442721474481944
nyudepth,no_sharing,12.9243,1911.3643,1655.3413,190.7825,0.0025,47.2332,89.8831,256.023,1775442721474481944
nyudepth,no_sharing,12.9346,1901.0396,1655.3413,190.7825,0.0025,47.2332,79.5519,245.6983,1775442721474481944
nyudepth,no_sharing,12.9609,4295.9008,2481.9237,259.1905,0.0028,48.311,1806.2994,1813.9771,1775442723227553198
nyudepth,no_sharing,12.9702,4289.5787,2481.9237,259.1905,0.0028,48.311,1797.0507,1807.6549,1775442723227553198
nyudepth,no_sharing,12.9702,4292.3865,2481.9237,259.1905,0.0028,48.311,1797.0393,1810.4628,1775442723227553198
nyudepth,no_sharing,12.977,4288.7774,2481.9237,259.1905,0.0028,48.311,1790.2796,1806.8536,1775442723227553198
nyudepth,no_sharing,13.0523,4217.0739,2481.9237,259.1905,0.0028,48.311,1714.9768,1735.1502,1775442723227553198
nyudepth,no_sharing,13.0696,4205.4794,2481.9237,259.1905,0.0028,48.311,1697.6576,1723.5556,1775442723227553198
nyudepth,no_sharing,13.1049,4170.192,2481.9237,259.1905,0.0028,48.311,1662.3621,1688.2683,1775442723227553198
nyudepth,no_sharing,13.1478,4133.343,2481.9237,259.1905,0.0028,48.311,1619.4508,1651.4192,1775442723227553198
nyudepth,no_sharing,13.1564,4124.7313,2481.9237,259.1905,0.0028,48.311,1610.8308,1642.8076,1775442723227553198
nyudepth,no_sharing,13.3034,3986.3358,2481.9237,259.1905,0.0028,48.311,1463.8836,1504.412,1775442723227553198
nyudepth,no_sharing,13.3306,3959.0907,2481.9237,259.1905,0.0028,48.311,1436.6145,1477.167,1775442723227553198
nyudepth,no_sharing,13.3343,3955.4186,2481.9237,259.1905,0.0028,48.311,1432.934,1473.4949,1775442723227553198
nyudepth,no_sharing,13.34,3958.1037,2481.9237,259.1905,0.0028,48.311,1427.1939,1476.1799,1775442723227553198
nyudepth,no_sharing,13.3647,3933.4843,2481.9237,259.1905,0.0028,48.311,1402.5676,1451.5606,1775442723227553198
nyudepth,no_sharing,13.3707,3927.4678,2481.9237,259.1905,0.0028,48.311,1396.5456,1445.5441,1775442723227553198
nyudepth,no_sharing,13.3873,3922.1339,2481.9237,259.1905,0.0028,48.311,1379.8881,1440.2102,1775442723227553198
nyudepth,no_sharing,13.4246,3884.8598,2481.9237,259.1905,0.0028,48.311,1342.6063,1402.9361,1775442723227553198
nyudepth,no_sharing,13.4263,3883.2259,2481.9237,259.1905,0.0028,48.311,1340.9681,1401.3022,1775442723227553198
nyudepth,no_sharing,13.4439,3873.9645,2481.9237,259.1905,0.0028,48.311,1323.3101,1392.0408,1775442723227553198
nyudepth,no_sharing,13.523,3797.8806,2481.9237,259.1905,0.0028,48.311,1244.1962,1315.9569,1775442723227553198
nyudepth,no_sharing,13.5271,3793.8497,2481.9237,259.1905,0.0028,48.311,1240.1578,1311.926,1775442723227553198
nyudepth,no_sharing,13.5747,3746.2795,2481.9237,259.1905,0.0028,48.311,1192.5821,1264.3557,1775442723227553198
nyudepth,no_sharing,13.5774,3754.6685,2481.9237,259.1905,0.0028,48.311,1189.822,1272.7447,1775442723227553198
nyudepth,no_sharing,13.713,3622.2243,2481.9237,259.1905,0.0028,48.311,1054.2367,1140.3006,1775442723227553198
nyudepth,no_sharing,13.7248,3610.4734,2481.9237,259.1905,0.0028,48.311,1042.4774,1128.5497,1775442723227553198
nyudepth,no_sharing,13.7362,3599.0789,2481.9237,259.1905,0.0028,48.311,1031.0779,1117.1552,1775442723227553198
nyudepth,no_sharing,13.7914,3543.8175,2481.9237,259.1905,0.0028,48.311,975.8129,1061.8938,1775442723227553198
nyudepth,no_sharing,13.9053,3441.1957,2481.9237,259.1905,0.0028,48.311,861.913,959.272,1775442723227553198
nyudepth,no_sharing,14.0631,3286.9627,2481.9237,259.1905,0.0028,48.311,704.1552,805.039,1775442723227553198
nyudepth,no_sharing,14.1333,3216.7668,2481.9237,259.1905,0.0028,48.311,633.9486,734.8431,1775442723227553198
nyudepth,no_sharing,14.2186,3131.4156,2481.9237,259.1905,0.0028,48.311,548.5897,649.4919,1775442723227553198
nyudepth,no_sharing,14.2741,3075.9723,2481.9237,259.1905,0.0028,48.311,493.139,594.0486,1775442723227553198
nyudepth,no_sharing,14.2833,3077.7767,2481.9237,259.1905,0.0028,48.311,483.9423,595.8529,1775442723227553198
nyudepth,no_sharing,14.3417,3022.4531,2481.9237,259.1905,0.0028,48.311,425.5776,540.5293,1775442723227553198
nyudepth,no_sharing,14.3499,3014.21,2481.9237,259.1905,0.0028,48.311,417.3267,532.2863,1775442723227553198
nyudepth,no_sharing,14.399,2965.076,2481.9237,259.1905,0.0028,48.311,368.1879,483.1522,1775442723227553198
nyudepth,no_sharing,14.4374,2926.7159,2481.9237,259.1905,0.0028,48.311,329.8235,444.7921,1775442723227553198
nyudepth,no_sharing,14.4556,2922.492,2481.9237,259.1905,0.0028,48.311,311.6267,440.5683,1775442723227553198
nyudepth,no_sharing,14.4909,2891.824,2481.9237,259.1905,0.0028,48.311,276.3181,409.9003,1775442723227553198
nyudepth,no_sharing,14.5359,2846.8308,2481.9237,259.1905,0.0028,48.311,231.3128,364.9071,1775442723227553198
nyudepth,no_sharing,14.5481,2834.6126,2481.9237,259.1905,0.0028,48.311,219.0869,352.6889,1775442723227553198
nyudepth,no_sharing,14.5693,2813.4377,2481.9237,259.1905,0.0028,48.311,197.9048,331.514,1775442723227553198
nyudepth,no_sharing,14.5899,2792.851,2481.9237,259.1905,0.0028,48.311,177.3098,310.9272,1775442723227553198
nyudepth,no_sharing,14.5964,2794.7624,2481.9237,259.1905,0.0028,48.311,170.7952,312.8386,1775442723227553198
nyudepth,no_sharing,14.6102,2781.0042,2481.9237,259.1905,0.0028,48.311,156.9939,299.0805,1775442723227553198
nyudepth,no_sharing,14.6635,2727.7849,2481.9237,259.1905,0.0028,48.311,103.7641,245.8611,1775442723227553198
nyudepth,no_sharing,14.7899,4660.6262,2065.328,176.8505,0.0029,44.9525,2588.6071,2595.2982,1775442725838845226
nyudepth,no_sharing,14.7899,4669.2133,2065.328,176.8505,0.0029,44.9525,2588.6009,2603.8853,1775442725838845226
nyudepth,no_sharing,14.7899,4669.2193,2065.328,176.8505,0.0029,44.9525,2588.5968,2603.8913,1775442725838845226
nyudepth,no_sharing,14.8358,4649.7419,2065.328,176.8505,0.0029,44.9525,2542.7711,2584.4139,1775442725838845226
nyudepth,no_sharing,14.8581,4627.4474,2065.328,176.8505,0.0029,44.9525,2520.4661,2562.1194,1775442725838845226
nyudepth,no_sharing,14.8779,4607.6424,2065.328,176.8505,0.0029,44.9525,2500.6537,2542.3144,1775442725838845226
nyudepth,no_sharing,14.9266,4558.9664,2065.328,176.8505,0.0029,44.9525,2451.9703,2493.6384,1775442725838845226
nyudepth,no_sharing,14.9583,4527.2615,2065.328,176.8505,0.0029,44.9525,2420.2578,2461.9335,1775442725838845226
nyudepth,no_sharing,14.9887,4549.4063,2065.328,176.8505,0.0029,44.9525,2389.8401,2484.0783,1775442725838845226
nyudepth,no_sharing,15.1322,4423.7893,2065.328,176.8505,0.0029,44.9525,2246.2931,2358.4613,1775442725838845226
nyudepth,no_sharing,15.2395,4316.5669,2065.328,176.8505,0.0029,44.9525,2139.0591,2251.2389,1775442725838845226
nyudepth,no_sharing,15.2872,4268.8415,2065.328,176.8505,0.0029,44.9525,2091.3248,2203.5135,1775442725838845226
nyudepth,no_sharing,15.3466,4209.4078,2065.328,176.8505,0.0029,44.9525,2031.8832,2144.0798,1775442725838845226
nyudepth,no_sharing,15.3534,4202.6289,2065.328,176.8505,0.0029,44.9525,2025.0964,2137.3009,1775442725838845226
nyudepth,no_sharing,15.3771,4179.0011,2065.328,176.8505,0.0029,44.9525,2001.461,2113.6731,1775442725838845226
nyudepth,no_sharing,15.4418,4114.279,2065.328,176.8505,0.0029,44.9525,1936.7316,2048.951,1775442725838845226
nyudepth,no_sharing,15.4937,4062.3617,2065.328,176.8505,0.0029,44.9525,1884.8062,1997.0337,1775442725838845226
nyudepth,no_sharing,15.5054,4050.6711,2065.328,176.8505,0.0029,44.9525,1873.1081,1985.3431,1775442725838845226
nyudepth,no_sharing,15.6615,3894.6092,2065.328,176.8505,0.0029,44.9525,1717.0393,1829.2812,1775442725838845226
nyudepth,no_sharing,15.6621,3894.0032,2065.328,176.8505,0.0029,44.9525,1716.4266,1828.6752,1775442725838845226
nyudepth,no_sharing,15.7176,3838.5334,2065.328,176.8505,0.0029,44.9525,1660.9507,1773.2054,1775442725838845226
nyudepth,no_sharing,15.7232,3904.1822,2065.328,176.8505,0.0029,44.9525,1655.3018,1838.8542,1775442725838845226
nyudepth,no_sharing,15.846,3781.4541,2065.328,176.8505,0.0029,44.9525,1532.5644,1716.1261,1775442725838845226
nyudepth,no_sharing,15.8502,3777.1909,2065.328,176.8505,0.0029,44.9525,1528.2943,1711.8629,1775442725838845226
nyudepth,no_sharing,15.9278,3699.6636,2065.328,176.8505,0.0029,44.9525,1450.7608,1634.3356,1775442725838845226
nyudepth,no_sharing,15.937,3691.0307,2065.328,176.8505,0.0029,44.9525,1441.5209,1625.7027,1775442725838845226
nyudepth,no_sharing,16.1888,3439.2893,2065.328,176.8505,0.0029,44.9525,1189.7702,1373.9613,1775442725838845226
nyudepth,no_sharing,16.1929,3435.1785,2065.328,176.8505,0.0029,44.9525,1185.6527,1369.8505,1775442725838845226
nyudepth,no_sharing,16.2515,3376.5228,2065.328,176.8505,0.0029,44.9525,1126.9903,1311.1948,1775442725838845226
nyudepth,no_sharing,16.3,3328.0575,2065.328,176.8505,0.0029,44.9525,1078.5189,1262.7295,1775442725838845226
nyudepth,no_sharing,16.3334,3294.6365,2065.328,176.8505,0.0029,44.9525,1045.0914,1229.3085,1775442725838845226
nyudepth,no_sharing,16.4054,3222.6918,2065.328,176.8505,0.0029,44.9525,973.141,1157.3638,1775442725838845226
nyudepth,no_sharing,16.443,3185.056,2065.328,176.8505,0.0029,44.9525,935.4997,1119.728,1775442725838845226
nyudepth,no_sharing,16.5811,3047.0312,2065.328,176.8505,0.0029,44.9525,797.4687,981.7032,1775442725838845226
nyudepth,no_sharing,16.5827,3045.3751,2065.328,176.8505,0.0029,44.9525,795.8069,980.0471,1775442725838845226
nyudepth,no_sharing,16.8511,2777.0281,2065.328,176.8505,0.0029,44.9525,527.4549,711.7001,1775442725838845226
nyudepth,no_sharing,16.8926,2735.5022,2065.328,176.8505,0.0029,44.9525,485.9221,670.1742,1775442725838845226
nyudepth,no_sharing,16.9069,2721.2176,2065.328,176.8505,0.0029,44.9525,471.6313,655.8896,1775442725838845226
nyudepth,no_sharing,16.9368,2691.3023,2065.328,176.8505,0.0029,44.9525,441.7095,625.9743,1775442725838845226
nyudepth,no_sharing,16.9985,2629.6618,2065.328,176.8505,0.0029,44.9525,380.0642,564.3338,1775442725838845226
nyudepth,no_sharing,17.048,2580.1735,2065.328,176.8505,0.0029,44.9525,330.5686,514.8455,1775442725838845226
nyudepth,no_sharing,17.1524,2475.7414,2065.328,176.8505,0.0029,44.9525,226.1305,410.4134,1775442725838845226
nyudepth,no_sharing,17.2693,4360.5707,2102.2594,213.7017,0.0028,48.4122,2251.4467,2258.3113,1775442727981060574
nyudepth,no_sharing,17.332,4307.2672,2102.2594,213.7017,0.0028,48.4122,2188.72,2205.0078,1775442727981060574
nyudepth,no_sharing,17.3922,4247.1097,2102.2594,213.7017,0.0028,48.4122,2128.5522,2144.8503,1775442727981060574
nyudepth,no_sharing,17.4259,4240.7212,2102.2594,213.7017,0.0028,48.4122,2094.8274,2138.4618,1775442727981060574
nyudepth,no_sharing,17.4323,4234.3638,2102.2594,213.7017,0.0028,48.4122,2088.4595,2132.1044,1775442727981060574
nyudepth,no_sharing,17.4593,4207.3967,2102.2594,213.7017,0.0028,48.4122,2061.4855,2105.1374,1775442727981060574
nyudepth,no_sharing,17.474,4192.6632,2102.2594,213.7017,0.0028,48.4122,2046.7453,2090.4038,1775442727981060574
nyudepth,no_sharing,17.6533,4013.356,2102.2594,213.7017,0.0028,48.4122,1867.4312,1911.0966,1775442727981060574
nyudepth,no_sharing,17.6533,4013.3469,2102.2594,213.7017,0.0028,48.4122,1867.4166,1911.0875,1775442727981060574
nyudepth,no_sharing,17.6533,4086.1325,2102.2594,213.7017,0.0028,48.4122,1867.4104,1983.8731,1775442727981060574
nyudepth,no_sharing,17.7614,3978.1156,2102.2594,213.7017,0.0028,48.4122,1759.3806,1875.8562,1775442727981060574
nyudepth,no_sharing,17.7682,3971.3304,2102.2594,213.7017,0.0028,48.4122,1752.5873,1869.071,1775442727981060574
nyudepth,no_sharing,17.8156,3923.9297,2102.2594,213.7017,0.0028,48.4122,1705.1792,1821.6703,1775442727981060574
nyudepth,no_sharing,17.9462,3793.2794,2102.2594,213.7017,0.0028,48.4122,1574.5208,1691.02,1775442727981060574
nyudepth,no_sharing,17.9719,3767.6351,2102.2594,213.7017,0.0028,48.4122,1548.8694,1665.3757,1775442727981060574
nyudepth,no_sharing,17.9965,3743.0227,2102.2594,213.7017,0.0028,48.4122,1524.2496,1640.7633,1775442727981060574
nyudepth,no_sharing,18.0291,3710.3975,2102.2594,213.7017,0.0028,48.4122,1491.6184,1608.1381,1775442727981060574
nyudepth,no_sharing,18.0397,3699.7924,2102.2594,213.7017,0.0028,48.4122,1481.0073,1597.533,1775442727981060574
nyudepth,no_sharing,18.0484,3691.1747,2102.2594,213.7017,0.0028,48.4122,1472.384,1588.9154,1775442727981060574
nyudepth,no_sharing,18.204,3535.4962,2102.2594,213.7017,0.0028,48.4122,1316.6997,1433.2369,1775442727981060574
nyudepth,no_sharing,18.3247,3414.8145,2102.2594,213.7017,0.0028,48.4122,1196.0123,1312.5551,1775442727981060574
nyudepth,no_sharing,18.353,3386.5452,2102.2594,213.7017,0.0028,48.4122,1167.7372,1284.2858,1775442727981060574
nyudepth,no_sharing,18.4354,3304.1825,2102.2594,213.7017,0.0028,48.4122,1085.3682,1201.9232,1775442727981060574
nyudepth,no_sharing,18.4373,3302.233,2102.2594,213.7017,0.0028,48.4122,1083.4134,1199.9736,1775442727981060574
nyudepth,no_sharing,18.6546,3084.9698,2102.2594,213.7017,0.0028,48.4122,866.1437,982.7104,1775442727981060574
nyudepth,no_sharing,18.7622,3032.0456,2102.2594,213.7017,0.0028,48.4122,758.5418,929.7862,1775442727981060574
nyudepth,no_sharing,18.787,3007.6578,2102.2594,213.7017,0.0028,48.4122,733.7236,905.3984,1775442727981060574
nyudepth,no_sharing,18.8196,2975.0717,2102.2594,213.7017,0.0028,48.4122,701.1282,872.8123,1775442727981060574
nyudepth,no_sharing,18.8749,2919.7721,2102.2594,213.7017,0.0028,48.4122,645.8216,817.5128,1775442727981060574
nyudepth,no_sharing,18.9122,2882.4797,2102.2594,213.7017,0.0028,48.4122,608.5045,780.2203,1775442727981060574
nyudepth,no_sharing,18.9289,2865.8361,2102.2594,213.7017,0.0028,48.4122,591.8548,763.5768,1775442727981060574
nyudepth,no_sharing,18.9442,2850.5485,2102.2594,213.7017,0.0028,48.4122,576.5569,748.2891,1775442727981060574
nyudepth,no_sharing,18.9986,2796.1688,2102.2594,213.7017,0.0028,48.4122,522.1701,693.9094,1775442727981060574
nyudepth,no_sharing,19.1735,2621.2015,2102.2594,213.7017,0.0028,48.4122,347.1968,518.9421,1775442727981060574
nyudepth,no_sharing,19.1842,2610.5564,2102.2594,213.7017,0.0028,48.4122,336.5467,508.297,1775442727981060574
nyudepth,no_sharing,19.2426,2552.1464,2102.2594,213.7017,0.0028,48.4122,278.1308,449.8871,1775442727981060574
nyudepth,no_sharing,19.378,2416.7585,2102.2594,213.7017,0.0028,48.4122,142.7374,314.4992,1775442727981060574
nyudepth,no_sharing,19.378,2416.7445,2102.2594,213.7017,0.0028,48.4122,142.7178,314.4851,1775442727981060574
nyudepth,no_sharing,19.4078,2386.966,2102.2594,213.7017,0.0028,48.4122,112.9332,284.7066,1775442727981060574
nyudepth,no_sharing,19.538,4223.8517,2063.6802,204.6431,0.0026,48.9132,2153.476,2160.1714,1775442730151749630
nyudepth,no_sharing,19.6287,4137.8894,2063.6802,204.6431,0.0026,48.9132,2062.7594,2074.2091,1775442730151749630
nyudepth,no_sharing,19.7235,4052.4173,2063.6802,204.6431,0.0026,48.9132,1967.9754,1988.737,1775442730151749630
nyudepth,no_sharing,19.7401,4035.7451,2063.6802,204.6431,0.0026,48.9132,1951.2939,1972.0649,1775442730151749630
nyudepth,no_sharing,19.7438,4050.2641,2063.6802,204.6431,0.0026,48.9132,1947.6166,1986.5839,1775442730151749630
nyudepth,no_sharing,19.7614,4032.6405,2063.6802,204.6431,0.0026,48.9132,1929.9834,1968.9602,1775442730151749630
nyudepth,no_sharing,19.8011,3993.012,2063.6802,204.6431,0.0026,48.9132,1890.348,1929.3317,1775442730151749630
nyudepth,no_sharing,19.8157,3978.3783,2063.6802,204.6431,0.0026,48.9132,1875.7069,1914.6981,1775442730151749630
nyudepth,no_sharing,19.8364,3989.1989,2063.6802,204.6431,0.0026,48.9132,1855.0694,1925.5187,1775442730151749630
nyudepth,no_sharing,19.9068,3918.8094,2063.6802,204.6431,0.0026,48.9132,1784.6673,1855.1292,1775442730151749630
nyudepth,no_sharing,19.9084,3917.1338,2063.6802,204.6431,0.0026,48.9132,1782.9819,1853.4536,1775442730151749630
nyudepth,no_sharing,19.9977,3827.908,2063.6802,204.6431,0.0026,48.9132,1693.7485,1764.2278,1775442730151749630
nyudepth,no_sharing,19.9977,3827.8909,2063.6802,204.6431,0.0026,48.9132,1693.723,1764.2106,1775442730151749630
nyudepth,no_sharing,20.046,3779.5701,2063.6802,204.6431,0.0026,48.9132,1645.3946,1715.8899,1775442730151749630
nyudepth,no_sharing,20.0487,3776.9337,2063.6802,204.6431,0.0026,48.9132,1642.75,1713.2534,1775442730151749630
nyudepth,no_sharing,20.0654,3811.5995,2063.6802,204.6431,0.0026,48.9132,1626.0574,1747.9193,1775442730151749630
nyudepth,no_sharing,20.094,3782.9714,2063.6802,204.6431,0.0026,48.9132,1597.4164,1719.2911,1775442730151749630
nyudepth,no_sharing,20.2024,3674.5846,2063.6802,204.6431,0.0026,48.9132,1489.022,1610.9044,1775442730151749630
nyudepth,no_sharing,20.2147,3662.291,2063.6802,204.6431,0.0026,48.9132,1476.722,1598.6108,1775442730151749630
nyudepth,no_sharing,20.4087,3468.2667,2063.6802,204.6431,0.0026,48.9132,1282.6905,1404.5865,1775442730151749630
nyudepth,no_sharing,20.5165,3360.5466,2063.6802,204.6431,0.0026,48.9132,1174.9642,1296.8664,1775442730151749630
nyudepth,no_sharing,20.5211,3355.9022,2063.6802,204.6431,0.0026,48.9132,1170.3136,1292.222,1775442730151749630
nyudepth,no_sharing,20.5211,3355.8941,2063.6802,204.6431,0.0026,48.9132,1170.2995,1292.2139,1775442730151749630
nyudepth,no_sharing,20.5293,3347.748,2063.6802,204.6431,0.0026,48.9132,1162.148,1284.0678,1775442730151749630
nyudepth,no_sharing,20.5789,3298.1493,2063.6802,204.6431,0.0026,48.9132,1112.5424,1234.4691,1775442730151749630
nyudepth,no_sharing,20.8868,2990.2,2063.6802,204.6431,0.0026,48.9132,804.5866,926.5198,1775442730151749630
nyudepth,no_sharing,20.9044,2972.6579,2063.6802,204.6431,0.0026,48.9132,787.0393,908.9777,1775442730151749630
nyudepth,no_sharing,20.9748,2933.0964,2063.6802,204.6431,0.0026,48.9132,716.6748,869.4162,1775442730151749630
nyudepth,no_sharing,20.9785,2929.3911,2063.6802,204.6431,0.0026,48.9132,712.9583,865.7109,1775442730151749630
nyudepth,no_sharing,21.0572,2850.6989,2063.6802,204.6431,0.0026,48.9132,634.2599,787.0187,1775442730151749630
nyudepth,no_sharing,21.1579,2749.9337,2063.6802,204.6431,0.0026,48.9132,533.489,686.2535,1775442730151749630
nyudepth,no_sharing,21.2667,2641.1448,2063.6802,204.6431,0.0026,48.9132,424.6938,577.4645,1775442730151749630
nyudepth,no_sharing,21.3799,2528.0313,2063.6802,204.6431,0.0026,48.9132,311.5745,464.3511,1775442730151749630
nyudepth,no_sharing,21.4621,2445.7574,2063.6802,204.6431,0.0026,48.9132,229.2953,382.0772,1775442730151749630
nyudepth,no_sharing,21.4657,2442.1539,2063.6802,204.6431,0.0026,48.9132,225.6866,378.4737,1775442730151749630
nyudepth,no_sharing,21.5075,2400.4378,2063.6802,204.6431,0.0026,48.9132,183.9645,336.7576,1775442730151749630
nyudepth,no_sharing,21.5297,2378.1817,2063.6802,204.6431,0.0026,48.9132,161.7029,314.5015,1775442730151749630
nyudepth,no_sharing,21.5524,2355.5119,2063.6802,204.6431,0.0026,48.9132,139.0285,291.8317,1775442730151749630
nyudepth,no_sharing,21.7342,4192.3473,2063.7885,220.0161,0.003,46.0857,2121.5441,2128.5588,1775442732316077397
nyudepth,no_sharing,21.795,4136.2858,2063.7885,220.0161,0.003,46.0857,2060.7839,2072.4973,1775442732316077397
nyudepth,no_sharing,21.8302,4110.306,2063.7885,220.0161,0.003,46.0857,2025.5165,2046.5175,1775442732316077397
nyudepth,no_sharing,21.8429,4097.6591,2063.7885,220.0161,0.003,46.0857,2012.8596,2033.8706,1775442732316077397
nyudepth,no_sharing,21.8985,4056.3085,2063.7885,220.0161,0.003,46.0857,1957.2124,1992.52,1775442732316077397
nyudepth,no_sharing,21.9132,4041.621,2063.7885,220.0161,0.003,46.0857,1942.5144,1977.8325,1775442732316077397
nyudepth,no_sharing,21.9863,3968.5941,2063.7885,220.0161,0.003,46.0857,1869.4811,1904.8056,1775442732316077397
nyudepth,no_sharing,21.997,3985.631,2063.7885,220.0161,0.003,46.0857,1858.8073,1921.8425,1775442732316077397
nyudepth,no_sharing,22.0559,3926.7092,2063.7885,220.0161,0.003,46.0857,1799.8738,1862.9207,1775442732316077397
nyudepth,no_sharing,22.0792,3903.4009,2063.7885,220.0161,0.003,46.0857,1776.5577,1839.6124,1775442732316077397
nyudepth,no_sharing,22.0838,3898.7641,2063.7885,220.0161,0.003,46.0857,1771.9145,1834.9756,1775442732316077397
nyudepth,no_sharing,22.1527,3829.8852,2063.7885,220.0161,0.003,46.0857,1703.0289,1766.0968,1775442732316077397
nyudepth,no_sharing,22.1594,3823.2524,2063.7885,220.0161,0.003,46.0857,1696.3899,1759.4639,1775442732316077397
nyudepth,no_sharing,22.3726,3656.6031,2063.7885,220.0161,0.003,46.0857,1483.1855,1592.8146,1775442732316077397
nyudepth,no_sharing,22.4062,3622.9491,2063.7885,220.0161,0.003,46.0857,1449.5125,1559.1606,1775442732316077397
nyudepth,no_sharing,22.4236,3605.6409,2063.7885,220.0161,0.003,46.0857,1432.1928,1541.8524,1775442732316077397
nyudepth,no_sharing,22.434,3595.2578,2063.7885,220.0161,0.003,46.0857,1421.8004,1531.4693,1775442732316077397
nyudepth,no_sharing,22.4702,3558.991,2063.7885,220.0161,0.003,46.0857,1385.5233,1495.2025,1775442732316077397
nyudepth,no_sharing,22.5398,3489.4135,2063.7885,220.0161,0.003,46.0857,1315.9356,1425.625,1775442732316077397
nyudepth,no_sharing,22.6282,3401.0615,2063.7885,220.0161,0.003,46.0857,1227.5651,1337.273,1775442732316077397
nyudepth,no_sharing,22.6726,3356.6906,2063.7885,220.0161,0.003,46.0857,1183.1853,1292.9022,1775442732316077397
nyudepth,no_sharing,22.8423,3186.9287,2063.7885,220.0161,0.003,46.0857,1013.4161,1123.1403,1775442732316077397
nyudepth,no_sharing,22.9199,3109.3874,2063.7885,220.0161,0.003,46.0857,935.8671,1045.5989,1775442732316077397
nyudepth,no_sharing,22.9285,3154.7129,2063.7885,220.0161,0.003,46.0857,927.2356,1090.9244,1775442732316077397
nyudepth,no_sharing,23.09,2993.2821,2063.7885,220.0161,0.003,46.0857,765.7943,929.4936,1775442732316077397
nyudepth,no_sharing,23.1138,2969.4159,2063.7885,220.0161,0.003,46.0857,741.9181,905.6274,1775442732316077397
nyudepth,no_sharing,23.28,2803.2205,2063.7885,220.0161,0.003,46.0857,575.7163,739.432,1775442732316077397
nyudepth,no_sharing,23.2954,2787.8349,2063.7885,220.0161,0.003,46.0857,560.3244,724.0464,1775442732316077397
nyudepth,no_sharing,23.3232,2760.123,2063.7885,220.0161,0.003,46.0857,532.6071,696.3345,1775442732316077397
nyudepth,no_sharing,23.3806,2702.7185,2063.7885,220.0161,0.003,46.0857,475.1964,638.93,1775442732316077397
nyudepth,no_sharing,23.3832,2700.0675,2063.7885,220.0161,0.003,46.0857,472.5404,636.279,1775442732316077397
nyudepth,no_sharing,23.5147,2568.5697,2063.7885,220.0161,0.003,46.0857,341.0368,504.7812,1775442732316077397
nyudepth,no_sharing,23.5374,2545.9239,2063.7885,220.0161,0.003,46.0857,318.3858,482.1355,1775442732316077397
nyudepth,no_sharing,23.5501,2533.2263,2063.7885,220.0161,0.003,46.0857,305.6834,469.4378,1775442732316077397
nyudepth,no_sharing,23.5537,2529.5851,2063.7885,220.0161,0.003,46.0857,302.0372,465.7966,1775442732316077397
nyudepth,no_sharing,23.5543,2529.0473,2063.7885,220.0161,0.003,46.0857,301.4944,465.2588,1775442732316077397
nyudepth,no_sharing,23.5559,2527.4024,2063.7885,220.0161,0.003,46.0857,299.845,463.6139,1775442732316077397
nyudepth,no_sharing,23.5746,2508.7104,2063.7885,220.0161,0.003,46.0857,281.1477,444.9219,1775442732316077397
nyudepth,no_sharing,23.5943,2489.0602,2063.7885,220.0161,0.003,46.0857,261.4932,425.2717,1775442732316077397
nyudepth,no_sharing,23.6439,2439.3919,2063.7885,220.0161,0.003,46.0857,211.8201,375.6034,1775442732316077397
nyudepth,no_sharing,23.7619,5012.146,2724.3166,251.9321,0.0028,51.4998,2269.6507,2287.8294,1775442734491856386
nyudepth,no_sharing,23.8752,4954.2689,2724.3166,251.9321,0.0028,51.4998,2156.3702,2229.9523,1775442734491856386
nyudepth,no_sharing,23.8752,4954.2732,2724.3166,251.9321,0.0028,51.4998,2156.3504,2229.9566,1775442734491856386
nyudepth,no_sharing,23.9083,4921.1946,2724.3166,251.9321,0.0028,51.4998,2123.2414,2196.878,1775442734491856386
nyudepth,no_sharing,23.9485,4880.9729,2724.3166,251.9321,0.0028,51.4998,2083.0026,2156.6563,1775442734491856386
nyudepth,no_sharing,23.9879,4841.6104,2724.3166,251.9321,0.0028,51.4998,2043.6199,2117.2938,1775442734491856386
nyudepth,no_sharing,23.9905,4974.4811,2724.3166,251.9321,0.0028,51.4998,2040.9892,2250.1645,1775442734491856386
nyudepth,no_sharing,24.0052,4959.8172,2724.3166,251.9321,0.0028,51.4998,2026.3095,2235.5006,1775442734491856386
nyudepth,no_sharing,24.0169,4948.2059,2724.3166,251.9321,0.0028,51.4998,2014.6844,2223.8894,1775442734491856386
nyudepth,no_sharing,24.0215,4943.5849,2724.3166,251.9321,0.0028,51.4998,2010.0429,2219.2683,1775442734491856386
nyudepth,no_sharing,24.0438,4921.2842,2724.3166,251.9321,0.0028,51.4998,1987.7293,2196.9676,1775442734491856386
nyudepth,no_sharing,24.0464,4918.6711,2724.3166,251.9321,0.0028,51.4998,1985.1027,2194.3545,1775442734491856386
nyudepth,no_sharing,24.1221,4842.9849,2724.3166,251.9321,0.0028,51.4998,1909.404,2118.6683,1775442734491856386
nyudepth,no_sharing,24.1996,4765.5404,2724.3166,251.9321,0.0028,51.4998,1831.9421,2041.2238,1775442734491856386
nyudepth,no_sharing,24.2042,4760.8991,2724.3166,251.9321,0.0028,51.4998,1827.2893,2036.5825,1775442734491856386
nyudepth,no_sharing,24.2089,4756.2602,2724.3166,251.9321,0.0028,51.4998,1822.638,2031.9436,1775442734491856386
nyudepth,no_sharing,24.3655,4599.6525,2724.3166,251.9321,0.0028,51.4998,1666.0125,1875.3359,1775442734491856386
nyudepth,no_sharing,24.3808,4584.3394,2724.3166,251.9321,0.0028,51.4998,1650.6891,1860.0228,1775442734491856386
nyudepth,no_sharing,24.4171,4548.09,2724.3166,251.9321,0.0028,51.4998,1614.4295,1823.7734,1775442734491856386
nyudepth,no_sharing,24.4467,4518.4631,2724.3166,251.9321,0.0028,51.4998,1584.7919,1794.1466,1775442734491856386
nyudepth,no_sharing,24.5103,4454.9067,2724.3166,251.9321,0.0028,51.4998,1521.2259,1730.5901,1775442734491856386
nyudepth,no_sharing,24.5622,4402.9999,2724.3166,251.9321,0.0028,51.4998,1469.3143,1678.6833,1775442734491856386
nyudepth,no_sharing,24.6774,4287.7808,2724.3166,251.9321,0.0028,51.4998,1354.0895,1563.4642,1775442734491856386
nyudepth,no_sharing,24.6861,4279.1641,2724.3166,251.9321,0.0028,51.4998,1345.4678,1554.8475,1775442734491856386
nyudepth,no_sharing,24.738,4227.2689,2724.3166,251.9321,0.0028,51.4998,1293.5674,1502.9524,1775442734491856386
nyudepth,no_sharing,24.7592,4206.028,2724.3166,251.9321,0.0028,51.4998,1272.321,1481.7114,1775442734491856386
nyudepth,no_sharing,24.7947,4170.5451,2724.3166,251.9321,0.0028,51.4998,1236.8319,1446.2285,1775442734491856386
nyudepth,no_sharing,25.0024,4016.8226,2724.3166,251.9321,0.0028,51.4998,1029.0964,1292.506,1775442734491856386
nyudepth,no_sharing,25.0296,3990.802,2724.3166,251.9321,0.0028,51.4998,1001.9577,1266.4855,1775442734491856386
nyudepth,no_sharing,25.0887,3931.6545,2724.3166,251.9321,0.0028,51.4998,942.8008,1207.3379,1775442734491856386
nyudepth,no_sharing,25.1201,3900.2905,2724.3166,251.9321,0.0028,51.4998,911.4294,1175.9739,1775442734491856386
nyudepth,no_sharing,25.1303,3890.1472,2724.3166,251.9321,0.0028,51.4998,901.2809,1165.8306,1775442734491856386
nyudepth,no_sharing,25.1323,3888.0715,2724.3166,251.9321,0.0028,51.4998,899.2,1163.755,1775442734491856386
nyudepth,no_sharing,25.2094,3811.029,2724.3166,251.9321,0.0028,51.4998,822.1505,1086.7124,1775442734491856386
nyudepth,no_sharing,25.2136,3806.7749,2724.3166,251.9321,0.0028,51.4998,817.8911,1082.4583,1775442734491856386
nyudepth,no_sharing,25.224,3796.4735,2724.3166,251.9321,0.0028,51.4998,807.5852,1072.1569,1775442734491856386
nyudepth,no_sharing,25.2692,3751.2619,2724.3166,251.9321,0.0028,51.4998,762.3684,1026.9454,1775442734491856386
nyudepth,no_sharing,25.2886,3731.879,2724.3166,251.9321,0.0028,51.4998,742.9807,1007.5624,1775442734491856386
nyudepth,no_sharing,25.3189,3701.5111,2724.3166,251.9321,0.0028,51.4998,712.6081,977.1946,1775442734491856386
nyudepth,no_sharing,25.3502,3670.2144,2724.3166,251.9321,0.0028,51.4998,681.3071,945.8978,1775442734491856386
nyudepth,no_sharing,25.3523,3668.1943,2724.3166,251.9321,0.0028,51.4998,679.2827,943.8777,1775442734491856386
nyudepth,no_sharing,25.4622,3558.2194,2724.3166,251.9321,0.0028,51.4998,569.3023,833.9028,1775442734491856386
nyudepth,no_sharing,25.7436,3276.8593,2724.3166,251.9321,0.0028,51.4998,287.9364,552.5427,1775442734491856386
nyudepth,no_sharing,25.7436,3276.8424,2724.3166,251.9321,0.0028,51.4998,287.914,552.5258,1775442734491856386
nyudepth,no_sharing,25.7436,3276.839,2724.3166,251.9321,0.0028,51.4998,287.9057,552.5224,1775442734491856386
nyudepth,no_sharing,25.8324,3188.1204,2724.3166,251.9321,0.0028,51.4998,199.1808,463.8038,1775442734491856386
nyudepth,no_sharing,25.8592,3161.2391,2724.3166,251.9321,0.0028,51.4998,172.2941,436.9226,1775442734491856386
nyudepth,no_sharing,25.9087,3111.7609,2724.3166,251.9321,0.0028,51.4998,122.8108,387.4443,1775442734491856386
nyudepth,no_sharing,26.083,5815.289,3001.0107,141.2925,0.0033,50.1608,2801.4555,2814.2783,1775442737344796771
nyudepth,no_sharing,26.083,5819.8853,3001.0107,141.2925,0.0033,50.1608,2801.4338,2818.8746,1775442737344796771
nyudepth,no_sharing,26.1302,5777.2532,3001.0107,141.2925,0.0033,50.1608,2754.2868,2776.2425,1775442737344796771
nyudepth,no_sharing,26.1869,5734.143,3001.0107,141.2925,0.0033,50.1608,2697.5865,2733.1323,1775442737344796771
nyudepth,no_sharing,26.2375,5683.4972,3001.0107,141.2925,0.0033,50.1608,2646.9302,2682.4865,1775442737344796771
nyudepth,no_sharing,26.3266,5603.3726,3001.0107,141.2925,0.0033,50.1608,2557.8775,2602.3619,1775442737344796771
nyudepth,no_sharing,26.3266,5612.5145,3001.0107,141.2925,0.0033,50.1608,2557.8616,2611.5038,1775442737344796771
nyudepth,no_sharing,26.3469,5592.273,3001.0107,141.2925,0.0033,50.1608,2537.6103,2591.2623,1775442737344796771
nyudepth,no_sharing,26.3575,5595.3836,3001.0107,141.2925,0.0033,50.1608,2526.9563,2594.373,1775442737344796771
nyudepth,no_sharing,26.3732,5579.7565,3001.0107,141.2925,0.0033,50.1608,2511.3196,2578.7458,1775442737344796771
nyudepth,no_sharing,26.3948,5576.8619,3001.0107,141.2925,0.0033,50.1608,2489.6655,2575.8512,1775442737344796771
nyudepth,no_sharing,26.4075,5564.1654,3001.0107,141.2925,0.0033,50.1608,2476.9588,2563.1547,1775442737344796771
nyudepth,no_sharing,26.4369,5534.7614,3001.0107,141.2925,0.0033,50.1608,2447.5315,2533.7508,1775442737344796771
nyudepth,no_sharing,26.455,5539.0608,3001.0107,141.2925,0.0033,50.1608,2429.4744,2538.0502,1775442737344796771
nyudepth,no_sharing,26.4829,5511.1501,3001.0107,141.2925,0.0033,50.1608,2401.5527,2510.1394,1775442737344796771
nyudepth,no_sharing,26.5151,5479.0113,3001.0107,141.2925,0.0033,50.1608,2369.4072,2478.0006,1775442737344796771
nyudepth,no_sharing,26.5297,5464.3731,3001.0107,141.2925,0.0033,50.1608,2354.7628,2463.3624,1775442737344796771
nyudepth,no_sharing,26.5778,5447.8867,3001.0107,141.2925,0.0033,50.1608,2306.6952,2446.876,1775442737344796771
nyudepth,no_sharing,26.6361,5389.6132,3001.0107,141.2925,0.0033,50.1608,2248.41,2388.6025,1775442737344796771
nyudepth,no_sharing,26.714,5311.7383,3001.0107,141.2925,0.0033,50.1608,2170.5265,2310.7276,1775442737344796771
nyudepth,no_sharing,26.7252,5300.4942,3001.0107,141.2925,0.0033,50.1608,2159.2548,2299.4835,1775442737344796771
nyudepth,no_sharing,26.7749,5250.8333,3001.0107,141.2925,0.0033,50.1608,2109.5862,2249.8226,1775442737344796771
nyudepth,no_sharing,26.8436,5219.2519,3001.0107,141.2925,0.0033,50.1608,2040.9153,2218.2412,1775442737344796771
nyudepth,no_sharing,26.8462,5216.6102,3001.0107,141.2925,0.0033,50.1608,2038.2609,2215.5995,1775442737344796771
nyudepth,no_sharing,26.8748,5188.0691,3001.0107,141.2925,0.0033,50.1608,2009.7103,2187.0584,1775442737344796771
nyudepth,no_sharing,26.9219,5140.9595,3001.0107,141.2925,0.0033,50.1608,1962.5936,2139.9488,1775442737344796771
nyudepth,no_sharing,26.9367,5126.1368,3001.0107,141.2925,0.0033,50.1608,1947.7642,2125.1261,1775442737344796771
nyudepth,no_sharing,27.029,5033.8507,3001.0107,141.2925,0.0033,50.1608,1855.4711,2032.84,1775442737344796771
nyudepth,no_sharing,27.0942,4968.6384,3001.0107,141.2925,0.0033,50.1608,1790.2524,1967.6277,1775442737344796771
nyudepth,no_sharing,27.1029,4995.2962,3001.0107,141.2925,0.0033,50.1608,1781.5826,1994.2856,1775442737344796771
nyudepth,no_sharing,27.1328,4965.3571,3001.0107,141.2925,0.0033,50.1608,1751.631,1964.3464,1775442737344796771
nyudepth,no_sharing,27.3009,4797.2736,3001.0107,141.2925,0.0033,50.1608,1583.5395,1796.263,1775442737344796771
nyudepth,no_sharing,27.3403,4757.9684,3001.0107,141.2925,0.0033,50.1608,1544.2271,1756.9577,1775442737344796771
nyudepth,no_sharing,27.4122,4686.0526,3001.0107,141.2925,0.0033,50.1608,1472.3036,1685.0419,1775442737344796771
nyudepth,no_sharing,27.535,4563.1917,3001.0107,141.2925,0.0033,50.1608,1349.4358,1562.181,1775442737344796771
nyudepth,no_sharing,27.5651,4533.1168,3001.0107,141.2925,0.0033,50.1608,1319.3545,1532.1061,1775442737344796771
nyudepth,no_sharing,27.5703,4527.9188,3001.0107,141.2925,0.0033,50.1608,1314.1515,1526.9081,1775442737344796771
nyudepth,no_sharing,27.5825,4515.7576,3001.0107,141.2925,0.0033,50.1608,1301.985,1514.7469,1775442737344796771
nyudepth,no_sharing,27.6156,4498.5456,3001.0107,141.2925,0.0033,50.1608,1268.8515,1497.535,1775442737344796771
nyudepth,no_sharing,27.6448,4469.4073,3001.0107,141.2925,0.0033,50.1608,1239.7041,1468.3966,1775442737344796771
nyudepth,no_sharing,27.685,4429.2166,3001.0107,141.2925,0.0033,50.1608,1199.5068,1428.2059,1775442737344796771
nyudepth,no_sharing,27.7515,4362.6919,3001.0107,141.2925,0.0033,50.1608,1132.9772,1361.6812,1775442737344796771
nyudepth,no_sharing,27.8269,4287.3018,3001.0107,141.2925,0.0033,50.1608,1057.5817,1286.2911,1775442737344796771
nyudepth,no_sharing,27.8811,4233.0883,3001.0107,141.2925,0.0033,50.1608,1003.3636,1232.0776,1775442737344796771
nyudepth,no_sharing,28.0241,4090.0836,3001.0107,141.2925,0.0033,50.1608,860.3523,1089.0729,1775442737344796771
nyudepth,no_sharing,28.2046,3909.6067,3001.0107,141.2925,0.0033,50.1608,679.8697,908.596,1775442737344796771
nyudepth,no_sharing,28.2699,3844.3661,3001.0107,141.2925,0.0033,50.1608,614.6243,843.3554,1775442737344796771
nyudepth,no_sharing,28.3672,3747.0639,3001.0107,141.2925,0.0033,50.1608,517.3163,746.0532,1775442737344796771
nyudepth,no_sharing,28.3924,3721.8204,3001.0107,141.2925,0.0033,50.1608,492.0681,720.8097,1775442737344796771
nyudepth,no_sharing,28.3996,3714.6282,3001.0107,141.2925,0.0033,50.1608,484.8719,713.6175,1775442737344796771
nyudepth,no_sharing,28.442,3672.2181,3001.0107,141.2925,0.0033,50.1608,442.457,671.2074,1775442737344796771
nyudepth,no_sharing,28.5725,3542.2604,3001.0107,141.2925,0.0033,50.1608,311.9926,541.2497,1775442737344796771
nyudepth,no_sharing,28.5797,3535.0974,3001.0107,141.2925,0.0033,50.1608,304.8205,534.0867,1775442737344796771
nyudepth,no_sharing,28.6018,3512.9375,3001.0107,141.2925,0.0033,50.1608,282.6548,511.9269,1775442737344796771
nyudepth,no_sharing,28.6511,3463.6269,3001.0107,141.2925,0.0033,50.1608,233.3388,462.6162,1775442737344796771
nyudepth,no_sharing,28.6803,3434.4842,3001.0107,141.2925,0.0033,50.1608,204.19,433.4736,1775442737344796771
nyudepth,no_sharing,28.6844,3430.4104,3001.0107,141.2925,0.0033,50.1608,200.1109,429.3997,1775442737344796771
nyudepth,no_sharing,29.0192,5029.1932,1991.5108,23.6386,0.003,42.7684,3030.6554,3037.6823,1775442740510147555
nyudepth,no_sharing,29.0192,5037.8017,1991.5108,23.6386,0.003,42.7684,3030.6485,3046.2909,1775442740510147555
nyudepth,no_sharing,29.0192,5037.8065,1991.5108,23.6386,0.003,42.7684,3030.6439,3046.2957,1775442740510147555
nyudepth,no_sharing,29.0192,5064.3311,1991.5108,23.6386,0.003,42.7684,3030.6396,3072.8202,1775442740510147555
nyudepth,no_sharing,29.0192,5064.3377,1991.5108,23.6386,0.003,42.7684,3030.6361,3072.8269,1775442740510147555
nyudepth,no_sharing,29.0192,5064.3401,1991.5108,23.6386,0.003,42.7684,3030.6318,3072.8293,1775442740510147555
nyudepth,no_sharing,29.1219,4961.6027,1991.5108,23.6386,0.003,42.7684,2927.8867,2970.0918,1775442740510147555
nyudepth,no_sharing,29.1334,4950.1972,1991.5108,23.6386,0.003,42.7684,2916.4743,2958.6864,1775442740510147555
nyudepth,no_sharing,29.2078,4875.7136,1991.5108,23.6386,0.003,42.7684,2841.9843,2884.2027,1775442740510147555
nyudepth,no_sharing,29.2427,4910.0072,1991.5108,23.6386,0.003,42.7684,2807.1716,2918.4964,1775442740510147555
nyudepth,no_sharing,29.3153,4837.357,1991.5108,23.6386,0.003,42.7684,2734.5085,2845.8462,1775442740510147555
nyudepth,no_sharing,29.35,4802.7189,1991.5108,23.6386,0.003,42.7684,2699.862,2811.208,1775442740510147555
nyudepth,no_sharing,29.4013,4751.4141,1991.5108,23.6386,0.003,42.7684,2648.5293,2759.9032,1775442740510147555
nyudepth,no_sharing,29.4964,4656.302,1991.5108,23.6386,0.003,42.7684,2553.4077,2664.7911,1775442740510147555
nyudepth,no_sharing,29.7162,4436.5506,1991.5108,23.6386,0.003,42.7684,2333.6468,2445.0398,1775442740510147555
nyudepth,no_sharing,29.7436,4409.1249,1991.5108,23.6386,0.003,42.7684,2306.2127,2417.614,1775442740510147555
nyudepth,no_sharing,29.9156,4237.1938,1991.5108,23.6386,0.003,42.7684,2134.2704,2245.683,1775442740510147555
nyudepth,no_sharing,29.9212,4231.5359,1991.5108,23.6386,0.003,42.7684,2128.6056,2240.0251,1775442740510147555
nyudepth,no_sharing,29.9668,4186.002,1991.5108,23.6386,0.003,42.7684,2083.0636,2194.4912,1775442740510147555
nyudepth,no_sharing,30.0017,4151.0863,1991.5108,23.6386,0.003,42.7684,2048.1405,2159.5755,1775442740510147555
nyudepth,no_sharing,30.0443,4108.4423,1991.5108,23.6386,0.003,42.7684,2005.4901,2116.9315,1775442740510147555
nyudepth,no_sharing,30.137,4015.7816,1991.5108,23.6386,0.003,42.7684,1912.823,2024.2708,1775442740510147555
nyudepth,no_sharing,30.1616,3991.2019,1991.5108,23.6386,0.003,42.7684,1888.2365,1999.691,1775442740510147555
nyudepth,no_sharing,30.3723,3780.5104,1991.5108,23.6386,0.003,42.7684,1677.5391,1788.9996,1775442740510147555
nyudepth,no_sharing,30.412,3829.8459,1991.5108,23.6386,0.003,42.7684,1637.8348,1838.3351,1775442740510147555
nyudepth,no_sharing,30.4857,3757.1242,1991.5108,23.6386,0.003,42.7684,1564.1558,1765.6133,1775442740510147555
nyudepth,no_sharing,30.5296,3713.1946,1991.5108,23.6386,0.003,42.7684,1520.216,1721.6838,1775442740510147555
nyudepth,no_sharing,30.5663,3676.5304,1991.5108,23.6386,0.003,42.7684,1483.5448,1685.0195,1775442740510147555
nyudepth,no_sharing,30.5949,3647.8846,1991.5108,23.6386,0.003,42.7684,1454.8926,1656.3738,1775442740510147555
nyudepth,no_sharing,30.5955,3647.3622,1991.5108,23.6386,0.003,42.7684,1454.3638,1655.8514,1775442740510147555
nyudepth,no_sharing,30.7929,3449.9454,1991.5108,23.6386,0.003,42.7684,1256.9408,1458.4346,1775442740510147555
nyudepth,no_sharing,30.8452,3397.6502,1991.5108,23.6386,0.003,42.7684,1204.6392,1406.1394,1775442740510147555
nyudepth,no_sharing,30.9825,3260.3154,1991.5108,23.6386,0.003,42.7684,1067.2982,1268.8046,1775442740510147555
nyudepth,no_sharing,31.1847,3058.1412,1991.5108,23.6386,0.003,42.7684,865.1173,1066.6304,1775442740510147555
nyudepth,no_sharing,31.2617,2981.1103,1991.5108,23.6386,0.003,42.7684,788.0805,989.5995,1775442740510147555
nyudepth,no_sharing,31.286,2956.8298,1991.5108,23.6386,0.003,42.7684,763.7944,965.3189,1775442740510147555
nyudepth,no_sharing,31.3182,2924.6247,1991.5108,23.6386,0.003,42.7684,731.5843,933.1138,1775442740510147555
nyudepth,no_sharing,31.3229,2919.9436,1991.5108,23.6386,0.003,42.7684,726.8982,928.4327,1775442740510147555
nyudepth,no_sharing,31.4409,2801.9366,1991.5108,23.6386,0.003,42.7684,608.8853,810.4258,1775442740510147555
nyudepth,no_sharing,31.5013,2741.5414,1991.5108,23.6386,0.003,42.7684,548.4841,750.0305,1775442740510147555
nyudepth,no_sharing,31.6375,2605.4318,1991.5108,23.6386,0.003,42.7684,412.3683,613.921,1775442740510147555
nyudepth,no_sharing,31.7583,2484.5679,1991.5108,23.6386,0.003,42.7684,291.4987,493.057,1775442740510147555
nyudepth,no_sharing,31.7606,2482.2612,1991.5108,23.6386,0.003,42.7684,289.1865,490.7503,1775442740510147555
nyudepth,no_sharing,31.8493,2393.6322,1991.5108,23.6386,0.003,42.7684,200.5525,402.1213,1775442740510147555
nyudepth,no_sharing,31.8568,2386.1384,1991.5108,23.6386,0.003,42.7684,193.0537,394.6276,1775442740510147555
nyudepth,no_sharing,31.8601,2382.8142,1991.5108,23.6386,0.003,42.7684,189.7235,391.3033,1775442740510147555
nyudepth,no_sharing,31.9299,4584.5113,2384.1002,19.8354,0.0026,51.3875,2193.6402,2200.4111,1775442742583885014
nyudepth,no_sharing,31.994,4529.0179,2384.1002,19.8354,0.0026,51.3875,2129.566,2144.9177,1775442742583885014
nyudepth,no_sharing,32.0981,4424.8884,2384.1002,19.8354,0.0026,51.3875,2025.4266,2040.7882,1775442742583885014
nyudepth,no_sharing,32.1895,4360.1656,2384.1002,19.8354,0.0026,51.3875,1934.0875,1976.0654,1775442742583885014
nyudepth,no_sharing,32.2171,4332.5255,2384.1002,19.8354,0.0026,51.3875,1906.4381,1948.4253,1775442742583885014
nyudepth,no_sharing,32.2641,4285.5573,2384.1002,19.8354,0.0026,51.3875,1859.463,1901.4571,1775442742583885014
nyudepth,no_sharing,32.2641,4285.5546,2384.1002,19.8354,0.0026,51.3875,1859.4546,1901.4545,1775442742583885014
nyudepth,no_sharing,32.2757,4274.0149,2384.1002,19.8354,0.0026,51.3875,1847.9087,1889.9148,1775442742583885014
nyudepth,no_sharing,32.331,4269.3744,2384.1002,19.8354,0.0026,51.3875,1792.599,1885.2742,1775442742583885014
nyudepth,no_sharing,32.3315,4287.1006,2384.1002,19.8354,0.0026,51.3875,1792.0327,1903.0004,1775442742583885014
nyudepth,no_sharing,32.3852,4233.4576,2384.1002,19.8354,0.0026,51.3875,1738.3788,1849.3574,1775442742583885014
nyudepth,no_sharing,32.4334,4185.2543,2384.1002,19.8354,0.0026,51.3875,1690.1672,1801.1542,1775442742583885014
nyudepth,no_sharing,32.4391,4179.5313,2384.1002,19.8354,0.0026,51.3875,1684.4366,1795.4312,1775442742583885014
nyudepth,no_sharing,32.6639,3954.8175,2384.1002,19.8354,0.0026,51.3875,1459.7151,1570.7174,1775442742583885014
nyudepth,no_sharing,32.6639,3954.8037,2384.1002,19.8354,0.0026,51.3875,1459.6941,1570.7035,1775442742583885014
nyudepth,no_sharing,32.7609,3857.7619,2384.1002,19.8354,0.0026,51.3875,1362.6451,1473.6617,1775442742583885014
nyudepth,no_sharing,32.7696,3849.122,2384.1002,19.8354,0.0026,51.3875,1353.9989,1465.0219,1775442742583885014
nyudepth,no_sharing,32.8392,3779.4716,2384.1002,19.8354,0.0026,51.3875,1284.3277,1395.3715,1775442742583885014
nyudepth,no_sharing,32.8609,3757.8385,2384.1002,19.8354,0.0026,51.3875,1262.6886,1373.7383,1775442742583885014
nyudepth,no_sharing,33.013,3605.7036,2384.1002,19.8354,0.0026,51.3875,1110.5416,1221.6034,1775442742583885014
nyudepth,no_sharing,33.046,3572.7756,2384.1002,19.8354,0.0026,51.3875,1077.6064,1188.6754,1775442742583885014
nyudepth,no_sharing,33.0946,3613.1787,2384.1002,19.8354,0.0026,51.3875,1028.9216,1229.0786,1775442742583885014
nyudepth,no_sharing,33.1104,3597.4586,2384.1002,19.8354,0.0026,51.3875,1013.1891,1213.3584,1775442742583885014
nyudepth,no_sharing,33.1431,3564.7318,2384.1002,19.8354,0.0026,51.3875,980.4537,1180.6317,1775442742583885014
nyudepth,no_sharing,33.2127,3495.1653,2384.1002,19.8354,0.0026,51.3875,910.8794,1111.0652,1775442742583885014
nyudepth,no_sharing,33.2657,3444.7463,2384.1002,19.8354,0.0026,51.3875,857.8308,1060.6461,1775442742583885014
nyudepth,no_sharing,33.2657,3444.7458,2384.1002,19.8354,0.0026,51.3875,857.8174,1060.6456,1775442742583885014
nyudepth,no_sharing,33.2679,3442.647,2384.1002,19.8354,0.0026,51.3875,855.7096,1058.5468,1775442742583885014
nyudepth,no_sharing,33.2985,3411.9725,2384.1002,19.8354,0.0026,51.3875,825.0265,1027.8723,1775442742583885014
nyudepth,no_sharing,33.3755,3334.9886,2384.1002,19.8354,0.0026,51.3875,748.0338,950.8884,1775442742583885014
nyudepth,no_sharing,33.4212,3289.3543,2384.1002,19.8354,0.0026,51.3875,702.39,905.2541,1775442742583885014
nyudepth,no_sharing,33.4318,3278.7149,2384.1002,19.8354,0.0026,51.3875,691.7429,894.6147,1775442742583885014
nyudepth,no_sharing,33.5132,3197.3839,2384.1002,19.8354,0.0026,51.3875,610.4031,813.2837,1775442742583885014
nyudepth,no_sharing,33.6814,3029.1867,2384.1002,19.8354,0.0026,51.3875,442.1976,645.0865,1775442742583885014
nyudepth,no_sharing,33.7006,3009.9149,2384.1002,19.8354,0.0026,51.3875,422.9178,625.8147,1775442742583885014
nyudepth,no_sharing,33.7339,2976.6288,2384.1002,19.8354,0.0026,51.3875,389.6227,592.5286,1775442742583885014
nyudepth,no_sharing,33.7626,2948.0062,2384.1002,19.8354,0.0026,51.3875,360.9924,563.906,1775442742583885014
nyudepth,no_sharing,33.7809,2929.7214,2384.1002,19.8354,0.0026,51.3875,342.6988,545.6212,1775442742583885014
nyudepth,no_sharing,33.8022,2908.4444,2384.1002,19.8354,0.0026,51.3875,321.4142,524.3442,1775442742583885014
nyudepth,no_sharing,33.8198,2890.8303,2384.1002,19.8354,0.0026,51.3875,303.7922,506.7301,1775442742583885014
nyudepth,no_sharing,33.83,2880.5649,2384.1002,19.8354,0.0026,51.3875,293.5193,496.4648,1775442742583885014
nyudepth,no_sharing,33.8329,2877.7471,2384.1002,19.8354,0.0026,51.3875,290.6928,493.6469,1775442742583885014
nyudepth,no_sharing,33.8491,2861.4867,2384.1002,19.8354,0.0026,51.3875,274.4255,477.3865,1775442742583885014
nyudepth,no_sharing,33.9581,2752.5814,2384.1002,19.8354,0.0026,51.3875,165.513,368.4812,1775442742583885014
nyudepth,no_sharing,33.9777,2732.9309,2384.1002,19.8354,0.0026,51.3875,145.8564,348.8307,1775442742583885014
nyudepth,no_sharing,33.9924,2718.2801,2384.1002,19.8354,0.0026,51.3875,131.1996,334.1799,1775442742583885014
nyudepth,no_sharing,34.1468,4614.8758,2166.6147,257.8706,0.0034,42.407,2441.3958,2448.2611,1775442745048506759
nyudepth,no_sharing,34.1468,4619.6649,2166.6147,257.8706,0.0034,42.407,2441.3738,2453.0503,1775442745048506759
nyudepth,no_sharing,34.243,4533.1042,2166.6147,257.8706,0.0034,42.407,2345.2194,2366.4895,1775442745048506759
nyudepth,no_sharing,34.243,4533.1087,2166.6147,257.8706,0.0034,42.407,2345.212,2366.4941,1775442745048506759
nyudepth,no_sharing,34.2827,4511.8709,2166.6147,257.8706,0.0034,42.407,2305.5007,2345.2562,1775442745048506759
nyudepth,no_sharing,34.3003,4494.2465,2166.6147,257.8706,0.0034,42.407,2287.8659,2327.6318,1775442745048506759
nyudepth,no_sharing,34.3436,4450.9351,2166.6147,257.8706,0.0034,42.407,2244.5469,2284.3205,1775442745048506759
nyudepth,no_sharing,34.4886,4306.025,2166.6147,257.8706,0.0034,42.407,2099.6306,2139.4104,1775442745048506759
nyudepth,no_sharing,34.5562,4270.4015,2166.6147,257.8706,0.0034,42.407,2032.0251,2103.7868,1775442745048506759
nyudepth,no_sharing,34.6185,4208.1254,2166.6147,257.8706,0.0034,42.407,1969.7363,2041.5107,1775442745048506759
nyudepth,no_sharing,34.6475,4179.1081,2166.6147,257.8706,0.0034,42.407,1940.7115,2012.4935,1775442745048506759
nyudepth,no_sharing,34.7061,4120.4705,2166.6147,257.8706,0.0034,42.407,1882.0679,1953.8559,1775442745048506759
nyudepth,no_sharing,34.7424,4084.2023,2166.6147,257.8706,0.0034,42.407,1845.793,1917.5876,1775442745048506759
nyudepth,no_sharing,34.7531,4073.5333,2166.6147,257.8706,0.0034,42.407,1835.1176,1906.9186,1775442745048506759
nyudepth,no_sharing,34.7697,4056.8969,2166.6147,257.8706,0.0034,42.407,1818.4752,1890.2823,1775442745048506759
nyudepth,no_sharing,34.7783,4106.4355,2166.6147,257.8706,0.0034,42.407,1809.8652,1939.8209,1775442745048506759
nyudepth,no_sharing,34.8326,4052.2165,2166.6147,257.8706,0.0034,42.407,1755.6312,1885.6019,1775442745048506759
nyudepth,no_sharing,34.8388,4046.0279,2166.6147,257.8706,0.0034,42.407,1749.434,1879.4132,1775442745048506759
nyudepth,no_sharing,34.8424,4042.3787,2166.6147,257.8706,0.0034,42.407,1745.7771,1875.764,1775442745048506759
nyudepth,no_sharing,34.853,4031.7538,2166.6147,257.8706,0.0034,42.407,1735.1441,1865.1391,1775442745048506759
nyudepth,no_sharing,34.8771,4007.7271,2166.6147,257.8706,0.0034,42.407,1711.1094,1841.1125,1775442745048506759
nyudepth,no_sharing,34.8853,3999.5108,2166.6147,257.8706,0.0034,42.407,1702.8852,1832.8961,1775442745048506759
nyudepth,no_sharing,34.9513,3933.5098,2166.6147,257.8706,0.0034,42.407,1636.8766,1766.8952,1775442745048506759
nyudepth,no_sharing,34.9899,3894.886,2166.6147,257.8706,0.0034,42.407,1598.2447,1728.2714,1775442745048506759
nyudepth,no_sharing,35.2455,3639.3313,2166.6147,257.8706,0.0034,42.407,1342.6819,1472.7167,1775442745048506759
nyudepth,no_sharing,35.4167,3468.1234,2166.6147,257.8706,0.0034,42.407,1171.4664,1301.5088,1775442745048506759
nyudepth,no_sharing,35.4524,3432.4574,2166.6147,257.8706,0.0034,42.407,1135.7937,1265.8428,1775442745048506759
nyudepth,no_sharing,35.4845,3446.018,2166.6147,257.8706,0.0034,42.407,1103.7281,1279.4033,1775442745048506759
nyudepth,no_sharing,35.4902,3440.3977,2166.6147,257.8706,0.0034,42.407,1098.0313,1273.7831,1775442745048506759
nyudepth,no_sharing,35.5723,3358.2432,2166.6147,257.8706,0.0034,42.407,1015.8694,1191.6286,1775442745048506759
nyudepth,no_sharing,35.7487,3181.8562,2166.6147,257.8706,0.0034,42.407,839.4771,1015.2415,1775442745048506759
nyudepth,no_sharing,35.7821,3148.494,2166.6147,257.8706,0.0034,42.407,806.1101,981.8794,1775442745048506759
nyudepth,no_sharing,35.8605,3070.1041,2166.6147,257.8706,0.0034,42.407,727.7155,903.4895,1775442745048506759
nyudepth,no_sharing,35.8621,3068.4607,2166.6147,257.8706,0.0034,42.407,726.0678,901.846,1775442745048506759
nyudepth,no_sharing,36.2311,2699.4567,2166.6147,257.8706,0.0034,42.407,357.0588,532.842,1775442745048506759
nyudepth,no_sharing,36.2363,2694.2713,2166.6147,257.8706,0.0034,42.407,351.8693,527.6567,1775442745048506759
nyudepth,no_sharing,36.3128,2617.7721,2166.6147,257.8706,0.0034,42.407,275.3663,451.1574,1775442745048506759
nyudepth,no_sharing,36.3151,2615.5114,2166.6147,257.8706,0.0034,42.407,273.1016,448.8968,1775442745048506759
nyudepth,no_sharing,36.3317,2598.9327,2166.6147,257.8706,0.0034,42.407,256.5191,432.3181,1775442745048506759
nyudepth,no_sharing,36.3528,2577.774,2166.6147,257.8706,0.0034,42.407,235.3573,411.1594,1775442745048506759
nyudepth,no_sharing,36.405,2525.5866,2166.6147,257.8706,0.0034,42.407,183.166,358.972,1775442745048506759
nyudepth,no_sharing,36.4082,2522.4025,2166.6147,257.8706,0.0034,42.407,179.9786,355.7879,1775442745048506759
nyudepth,no_sharing,36.4313,2499.2895,2166.6147,257.8706,0.0034,42.407,156.8623,332.6749,1775442745048506759
nyudepth,no_sharing,36.4435,2487.1154,2166.6147,257.8706,0.0034,42.407,144.6846,320.5007,1775442745048506759
nyudepth,no_sharing,36.4487,2481.8962,2166.6147,257.8706,0.0034,42.407,139.4613,315.2815,1775442745048506759
nyudepth,no_sharing,36.6002,4965.0486,2683.9045,246.5707,0.0027,51.8443,2274.4868,2281.144,1775442747334972965
nyudepth,no_sharing,36.6002,4969.8389,2683.9045,246.5707,0.0027,51.8443,2274.4658,2285.9343,1775442747334972965
nyudepth,no_sharing,36.6002,4979.1911,2683.9045,246.5707,0.0027,51.8443,2274.4589,2295.2865,1775442747334972965
nyudepth,no_sharing,36.6002,4979.1958,2683.9045,246.5707,0.0027,51.8443,2274.4532,2295.2913,1775442747334972965
nyudepth,no_sharing,36.6002,4997.8487,2683.9045,246.5707,0.0027,51.8443,2274.4479,2313.9442,1775442747334972965
nyudepth,no_sharing,36.6002,4997.8542,2683.9045,246.5707,0.0027,51.8443,2274.4429,2313.9497,1775442747334972965
nyudepth,no_sharing,36.7104,4887.6619,2683.9045,246.5707,0.0027,51.8443,2164.2423,2203.7574,1775442747334972965
nyudepth,no_sharing,36.7104,4887.6615,2683.9045,246.5707,0.0027,51.8443,2164.2346,2203.7569,1775442747334972965
nyudepth,no_sharing,36.7104,4919.688,2683.9045,246.5707,0.0027,51.8443,2164.2294,2235.7835,1775442747334972965
nyudepth,no_sharing,36.7104,4919.6942,2683.9045,246.5707,0.0027,51.8443,2164.2237,2235.7897,1775442747334972965
nyudepth,no_sharing,36.725,4905.1178,2683.9045,246.5707,0.0027,51.8443,2149.6401,2221.2132,1775442747334972965
nyudepth,no_sharing,36.74,4890.1718,2683.9045,246.5707,0.0027,51.8443,2134.6879,2206.2672,1775442747334972965
nyudepth,no_sharing,36.7798,4850.3749,2683.9045,246.5707,0.0027,51.8443,2094.8844,2166.4704,1775442747334972965
nyudepth,no_sharing,36.8714,4758.7426,2683.9045,246.5707,0.0027,51.8443,2003.2454,2074.838,1775442747334972965
nyudepth,no_sharing,36.904,4726.2051,2683.9045,246.5707,0.0027,51.8443,1970.7012,2042.3006,1775442747334972965
nyudepth,no_sharing,36.9318,4755.4758,2683.9045,246.5707,0.0027,51.8443,1942.8463,2071.5712,1775442747334972965
nyudepth,no_sharing,36.9402,4747.1218,2683.9045,246.5707,0.0027,51.8443,1934.4792,2063.2173,1775442747334972965
nyudepth,no_sharing,36.9709,4716.4521,2683.9045,246.5707,0.0027,51.8443,1903.8012,2032.5476,1775442747334972965
nyudepth,no_sharing,37.0876,4599.6709,2683.9045,246.5707,0.0027,51.8443,1787.0133,1915.7664,1775442747334972965
nyudepth,no_sharing,37.1167,4570.5757,2683.9045,246.5707,0.0027,51.8443,1757.9114,1886.6712,1775442747334972965
nyudepth,no_sharing,37.153,4534.2889,2683.9045,246.5707,0.0027,51.8443,1721.6177,1850.3844,1775442747334972965
nyudepth,no_sharing,37.2965,4390.8494,2683.9045,246.5707,0.0027,51.8443,1578.1722,1706.9448,1775442747334972965
nyudepth,no_sharing,37.3162,4371.1715,2683.9045,246.5707,0.0027,51.8443,1558.4884,1687.267,1775442747334972965
nyudepth,no_sharing,37.3188,4368.531,2683.9045,246.5707,0.0027,51.8443,1555.8426,1684.6265,1775442747334972965
nyudepth,no_sharing,37.4618,4225.558,2683.9045,246.5707,0.0027,51.8443,1412.8633,1541.6535,1775442747334972965
nyudepth,no_sharing,37.4618,4225.5514,2683.9045,246.5707,0.0027,51.8443,1412.8501,1541.6468,1775442747334972965
nyudepth,no_sharing,37.5895,4097.898,2683.9045,246.5707,0.0027,51.8443,1285.1906,1413.9935,1775442747334972965
nyudepth,no_sharing,37.5895,4097.8808,2683.9045,246.5707,0.0027,51.8443,1285.1686,1413.9763,1775442747334972965
nyudepth,no_sharing,37.5895,4158.8426,2683.9045,246.5707,0.0027,51.8443,1285.1605,1474.938,1775442747334972965
nyudepth,no_sharing,37.5895,4158.8557,2683.9045,246.5707,0.0027,51.8443,1285.1551,1474.9512,1775442747334972965
nyudepth,no_sharing,37.5895,4158.8616,2683.9045,246.5707,0.0027,51.8443,1285.1498,1474.9571,1775442747334972965
nyudepth,no_sharing,37.5895,4158.8657,2683.9045,246.5707,0.0027,51.8443,1285.1448,1474.9612,1775442747334972965
nyudepth,no_sharing,37.7555,3992.8622,2683.9045,246.5707,0.0027,51.8443,1119.1318,1308.9577,1775442747334972965
nyudepth,no_sharing,37.7555,3992.8546,2683.9045,246.5707,0.0027,51.8443,1119.1146,1308.9501,1775442747334972965
nyudepth,no_sharing,37.7555,3992.8577,2683.9045,246.5707,0.0027,51.8443,1119.1092,1308.9532,1775442747334972965
nyudepth,no_sharing,37.7555,3992.8608,2683.9045,246.5707,0.0027,51.8443,1119.1044,1308.9563,1775442747334972965
nyudepth,no_sharing,37.7556,3992.8658,2683.9045,246.5707,0.0027,51.8443,1119.1006,1308.9613,1775442747334972965
nyudepth,no_sharing,37.8757,3872.7484,2683.9045,246.5707,0.0027,51.8443,998.9743,1188.8439,1775442747334972965
nyudepth,no_sharing,38.1262,3622.2486,2683.9045,246.5707,0.0027,51.8443,748.4646,938.3441,1775442747334972965
nyudepth,no_sharing,38.1262,3622.2427,2683.9045,246.5707,0.0027,51.8443,748.4505,938.3382,1775442747334972965
nyudepth,no_sharing,38.1378,3610.6625,2683.9045,246.5707,0.0027,51.8443,736.8617,926.7579,1775442747334972965
nyudepth,no_sharing,38.1735,3575.0124,2683.9045,246.5707,0.0027,51.8443,701.2024,891.1079,1775442747334972965
nyudepth,no_sharing,38.1762,3572.294,2683.9045,246.5707,0.0027,51.8443,698.4761,888.3895,1775442747334972965
nyudepth,no_sharing,38.3825,3365.9797,2683.9045,246.5707,0.0027,51.8443,492.1544,682.0751,1775442747334972965
nyudepth,no_sharing,38.55,3198.5097,2683.9045,246.5707,0.0027,51.8443,324.676,514.6052,1775442747334972965
nyudepth,no_sharing,38.5848,3163.7433,2683.9045,246.5707,0.0027,51.8443,289.9015,479.8387,1775442747334972965
nyudepth,no_sharing,38.6841,3064.4407,2683.9045,246.5707,0.0027,51.8443,190.5892,380.5362,1775442747334972965
nyudepth,no_sharing,38.8256,5700.0701,2830.2216,310.7798,0.0028,43.4318,2861.383,2869.8486,1775442750147303049
nyudepth,no_sharing,38.8256,5702.9181,2830.2216,310.7798,0.0028,43.4318,2861.3675,2872.6965,1775442750147303049
nyudepth,no_sharing,38.9304,5601.0017,2830.2216,310.7798,0.0028,43.4318,2756.5815,2770.7802,1775442750147303049
nyudepth,no_sharing,38.9507,5583.5485,2830.2216,310.7798,0.0028,43.4318,2736.3331,2753.327,1775442750147303049
nyudepth,no_sharing,38.9802,5556.926,2830.2216,310.7798,0.0028,43.4318,2706.7926,2726.7044,1775442750147303049
nyudepth,no_sharing,39.1044,5438.2982,2830.2216,310.7798,0.0028,43.4318,2582.5419,2608.0766,1775442750147303049
nyudepth,no_sharing,39.1547,5388.0436,2830.2216,310.7798,0.0028,43.4318,2532.2783,2557.8221,1775442750147303049
nyudepth,no_sharing,39.1896,5358.7401,2830.2216,310.7798,0.0028,43.4318,2497.3562,2528.5185,1775442750147303049
nyudepth,no_sharing,39.2143,5334.0938,2830.2216,310.7798,0.0028,43.4318,2472.7013,2503.8722,1775442750147303049
nyudepth,no_sharing,39.2309,5323.0746,2830.2216,310.7798,0.0028,43.4318,2456.0606,2492.853,1775442750147303049
nyudepth,no_sharing,39.2425,5311.4798,2830.2216,310.7798,0.0028,43.4318,2444.4551,2481.2582,1775442750147303049
nyudepth,no_sharing,39.2425,5320.2467,2830.2216,310.7798,0.0028,43.4318,2444.4416,2490.0251,1775442750147303049
nyudepth,no_sharing,39.2588,5303.9799,2830.2216,310.7798,0.0028,43.4318,2428.1666,2473.7583,1775442750147303049
nyudepth,no_sharing,39.2588,5309.4873,2830.2216,310.7798,0.0028,43.4318,2428.1528,2479.2658,1775442750147303049
nyudepth,no_sharing,39.2719,5299.3691,2830.2216,310.7798,0.0028,43.4318,2415.1008,2469.1475,1775442750147303049
nyudepth,no_sharing,39.4375,5133.7378,2830.2216,310.7798,0.0028,43.4318,2249.4602,2303.5162,1775442750147303049
nyudepth,no_sharing,39.5606,5016.3617,2830.2216,310.7798,0.0028,43.4318,2126.4019,2186.1401,1775442750147303049
nyudepth,no_sharing,39.6808,4902.1301,2830.2216,310.7798,0.0028,43.4318,2006.1378,2071.9085,1775442750147303049
nyudepth,no_sharing,39.7015,4881.4893,2830.2216,310.7798,0.0028,43.4318,1985.4884,2051.2677,1775442750147303049
nyudepth,no_sharing,39.8497,4739.5239,2830.2216,310.7798,0.0028,43.4318,1837.2486,1909.3023,1775442750147303049
nyudepth,no_sharing,39.9074,4681.8874,2830.2216,310.7798,0.0028,43.4318,1779.6032,1851.6658,1775442750147303049
nyudepth,no_sharing,39.9102,4684.7184,2830.2216,310.7798,0.0028,43.4318,1776.7713,1854.4968,1775442750147303049
nyudepth,no_sharing,39.9226,4672.3709,2830.2216,310.7798,0.0028,43.4318,1764.416,1842.1493,1775442750147303049
nyudepth,no_sharing,39.9769,4626.652,2830.2216,310.7798,0.0028,43.4318,1710.1173,1796.4304,1775442750147303049
nyudepth,no_sharing,39.9855,4618.0618,2830.2216,310.7798,0.0028,43.4318,1701.5193,1787.8402,1775442750147303049
nyudepth,no_sharing,39.9917,4617.7619,2830.2216,310.7798,0.0028,43.4318,1695.2446,1787.5403,1775442750147303049
nyudepth,no_sharing,40.0641,4545.4571,2830.2216,310.7798,0.0028,43.4318,1622.9308,1715.2355,1775442750147303049
nyudepth,no_sharing,40.0641,4545.4495,2830.2216,310.7798,0.0028,43.4318,1622.9179,1715.2279,1775442750147303049
nyudepth,no_sharing,40.0651,4556.1304,2830.2216,310.7798,0.0028,43.4318,1621.9325,1725.9088,1775442750147303049
nyudepth,no_sharing,40.1629,4458.2524,2830.2216,310.7798,0.0028,43.4318,1524.0455,1628.0309,1775442750147303049
nyudepth,no_sharing,40.1807,4446.4068,2830.2216,310.7798,0.0028,43.4318,1506.2442,1616.1853,1775442750147303049
nyudepth,no_sharing,40.3147,4312.4444,2830.2216,310.7798,0.0028,43.4318,1372.2725,1482.2229,1775442750147303049
nyudepth,no_sharing,40.392,4235.1232,2830.2216,310.7798,0.0028,43.4318,1294.946,1404.9016,1775442750147303049
nyudepth,no_sharing,40.4497,4177.4957,2830.2216,310.7798,0.0028,43.4318,1237.3145,1347.2741,1775442750147303049
nyudepth,no_sharing,40.471,4170.2044,2830.2216,310.7798,0.0028,43.4318,1216.0325,1339.9828,1775442750147303049
nyudepth,no_sharing,40.4796,4161.5946,2830.2216,310.7798,0.0028,43.4318,1207.4146,1331.3731,1775442750147303049
nyudepth,no_sharing,40.4832,4166.8701,2830.2216,310.7798,0.0028,43.4318,1203.7647,1336.6485,1775442750147303049
nyudepth,no_sharing,40.5563,4093.802,2830.2216,310.7798,0.0028,43.4318,1130.6884,1263.5804,1775442750147303049
nyudepth,no_sharing,40.5599,4090.1749,2830.2216,310.7798,0.0028,43.4318,1127.0564,1259.9533,1775442750147303049
nyudepth,no_sharing,40.5702,4079.9463,2830.2216,310.7798,0.0028,43.4318,1116.8232,1249.7247,1775442750147303049
nyudepth,no_sharing,40.6087,4041.374,2830.2216,310.7798,0.0028,43.4318,1078.2464,1211.1524,1775442750147303049
nyudepth,no_sharing,40.6103,4054.8911,2830.2216,310.7798,0.0028,43.4318,1076.6356,1224.6695,1775442750147303049
nyudepth,no_sharing,40.6646,4000.6514,2830.2216,310.7798,0.0028,43.4318,1022.382,1170.4298,1775442750147303049
nyudepth,no_sharing,40.6682,3997.0462,2830.2216,310.7798,0.0028,43.4318,1018.7695,1166.8247,1775442750147303049
nyudepth,no_sharing,40.6788,4001.6975,2830.2216,310.7798,0.0028,43.4318,1008.136,1171.476,1775442750147303049
nyudepth,no_sharing,40.6824,3998.1132,2830.2216,310.7798,0.0028,43.4318,1004.5388,1167.8916,1775442750147303049
nyudepth,no_sharing,40.7999,3880.6434,2830.2216,310.7798,0.0028,43.4318,887.0616,1050.4218,1775442750147303049
nyudepth,no_sharing,40.978,3702.548,2830.2216,310.7798,0.0028,43.4318,708.9596,872.3264,1775442750147303049
nyudepth,no_sharing,41.0446,3636.0126,2830.2216,310.7798,0.0028,43.4318,642.4174,805.791,1775442750147303049
nyudepth,no_sharing,41.1028,3591.1293,2830.2216,310.7798,0.0028,43.4318,584.1517,760.9077,1775442750147303049
nyudepth,no_sharing,41.1174,3576.5438,2830.2216,310.7798,0.0028,43.4318,569.5567,746.3222,1775442750147303049
nyudepth,no_sharing,41.1742,3519.7935,2830.2216,310.7798,0.0028,43.4318,512.799,689.5719,1775442750147303049
nyudepth,no_sharing,41.2327,3461.2663,2830.2216,310.7798,0.0028,43.4318,454.2656,631.0447,1775442750147303049
nyudepth,no_sharing,41.3061,3387.9681,2830.2216,310.7798,0.0028,43.4318,380.9078,557.7465,1775442750147303049
nyudepth,no_sharing,41.3853,3308.7635,2830.2216,310.7798,0.0028,43.4318,301.697,478.5419,1775442750147303049
nyudepth,no_sharing,41.4674,3226.6767,2830.2216,310.7798,0.0028,43.4318,219.6052,396.4551,1775442750147303049
nyudepth,no_sharing,41.4695,3224.5386,2830.2216,310.7798,0.0028,43.4318,217.463,394.317,1775442750147303049
nyudepth,no_sharing,41.5273,3166.8034,2830.2216,310.7798,0.0028,43.4318,159.7233,336.5818,1775442750147303049
nyudepth,no_sharing,41.5796,6156.6083,3060.1948,268.246,0.0025,52.671,3089.4108,3096.4135,1775442753129347982
nyudepth,no_sharing,41.7461,5998.8234,3060.1948,268.246,0.0025,52.671,2922.9422,2938.6286,1775442753129347982
nyudepth,no_sharing,41.7461,5998.8134,3060.1948,268.246,0.0025,52.671,2922.9224,2938.6186,1775442753129347982
nyudepth,no_sharing,41.7461,6021.3935,3060.1948,268.246,0.0025,52.671,2922.9124,2961.1987,1775442753129347982
nyudepth,no_sharing,41.7741,5993.4351,3060.1948,268.246,0.0025,52.671,2894.9437,2933.2403,1775442753129347982
nyudepth,no_sharing,41.8069,5960.664,3060.1948,268.246,0.0025,52.671,2862.1655,2900.4692,1775442753129347982
nyudepth,no_sharing,41.8152,5952.3544,3060.1948,268.246,0.0025,52.671,2853.8487,2892.1596,1775442753129347982
nyudepth,no_sharing,41.8879,5879.6465,3060.1948,268.246,0.0025,52.671,2781.1337,2819.4517,1775442753129347982
nyudepth,no_sharing,41.9222,5902.5764,3060.1948,268.246,0.0025,52.671,2746.8052,2842.3816,1775442753129347982
nyudepth,no_sharing,41.928,5896.8358,3060.1948,268.246,0.0025,52.671,2741.0512,2836.641,1775442753129347982
nyudepth,no_sharing,42.3018,5522.98,3060.1948,268.246,0.0025,52.671,2367.1858,2462.7851,1775442753129347982
nyudepth,no_sharing,42.3485,5476.3124,3060.1948,268.246,0.0025,52.671,2320.5104,2416.1176,1775442753129347982
nyudepth,no_sharing,42.3742,5450.6702,3060.1948,268.246,0.0025,52.671,2294.8606,2390.4754,1775442753129347982
nyudepth,no_sharing,42.5371,5287.7882,3060.1948,268.246,0.0025,52.671,2131.9699,2227.5933,1775442753129347982
nyudepth,no_sharing,42.818,5006.8581,3060.1948,268.246,0.0025,52.671,1851.0315,1946.6633,1775442753129347982
nyudepth,no_sharing,42.818,5006.8538,3060.1948,268.246,0.0025,52.671,1851.0199,1946.659,1775442753129347982
nyudepth,no_sharing,42.818,5006.8529,3060.1948,268.246,0.0025,52.671,1851.0118,1946.658,1775442753129347982
nyudepth,no_sharing,42.818,5006.8526,3060.1948,268.246,0.0025,52.671,1851.0048,1946.6578,1775442753129347982
nyudepth,no_sharing,43.0254,4799.5319,3060.1948,268.246,0.0025,52.671,1643.6772,1739.3371,1775442753129347982
nyudepth,no_sharing,43.0254,4799.5183,3060.1948,268.246,0.0025,52.671,1643.657,1739.3235,1775442753129347982
nyudepth,no_sharing,43.0254,4914.4225,3060.1948,268.246,0.0025,52.671,1643.6498,1854.2277,1775442753129347982
nyudepth,no_sharing,43.0254,4934.0355,3060.1948,268.246,0.0025,52.671,1643.6441,1873.8407,1775442753129347982
nyudepth,no_sharing,43.0254,4934.0451,3060.1948,268.246,0.0025,52.671,1643.6386,1873.8502,1775442753129347982
nyudepth,no_sharing,43.1239,4835.5224,3060.1948,268.246,0.0025,52.671,1545.1047,1775.3276,1775442753129347982
nyudepth,no_sharing,43.1437,4815.7992,3060.1948,268.246,0.0025,52.671,1525.3718,1755.6044,1775442753129347982
nyudepth,no_sharing,43.1812,4778.2788,3060.1948,268.246,0.0025,52.671,1487.8418,1718.084,1775442753129347982
nyudepth,no_sharing,43.1993,4760.1814,3060.1948,268.246,0.0025,52.671,1469.7359,1699.9866,1775442753129347982
nyudepth,no_sharing,43.2323,4727.1421,3060.1948,268.246,0.0025,52.671,1436.6868,1666.9473,1775442753129347982
nyudepth,no_sharing,43.2491,4710.3765,3060.1948,268.246,0.0025,52.671,1419.9123,1650.1817,1775442753129347982
nyudepth,no_sharing,43.2548,4704.7114,3060.1948,268.246,0.0025,52.671,1414.2389,1644.5166,1775442753129347982
nyudepth,no_sharing,43.3519,4607.6591,3060.1948,268.246,0.0025,52.671,1317.1773,1547.4643,1775442753129347982
nyudepth,no_sharing,43.3609,4598.5765,3060.1948,268.246,0.0025,52.671,1308.0864,1538.3817,1775442753129347982
nyudepth,no_sharing,43.3817,4577.8,3060.1948,268.246,0.0025,52.671,1287.3001,1517.6052,1775442753129347982
nyudepth,no_sharing,43.4771,4482.409,3060.1948,268.246,0.0025,52.671,1191.8998,1422.2142,1775442753129347982
nyudepth,no_sharing,43.5332,4426.3744,3060.1948,268.246,0.0025,52.671,1135.8562,1366.1796,1775442753129347982
nyudepth,no_sharing,43.5757,4383.9035,3060.1948,268.246,0.0025,52.671,1093.3769,1323.7087,1775442753129347982
nyudepth,no_sharing,43.6841,4275.4993,3060.1948,268.246,0.0025,52.671,984.9634,1215.3045,1775442753129347982
nyudepth,no_sharing,43.6934,4266.1886,3060.1948,268.246,0.0025,52.671,975.6446,1205.9938,1775442753129347982
nyudepth,no_sharing,43.7269,4232.672,3060.1948,268.246,0.0025,52.671,942.1196,1172.4771,1775442753129347982
nyudepth,no_sharing,43.7585,4201.0863,3060.1948,268.246,0.0025,52.671,910.5246,1140.8914,1775442753129347982
nyudepth,no_sharing,43.9333,4026.2606,3060.1948,268.246,0.0025,52.671,735.6896,966.0658,1775442753129347982
nyudepth,no_sharing,44.0198,3939.8329,3060.1948,268.246,0.0025,52.671,649.2524,879.6381,1775442753129347982
nyudepth,no_sharing,44.0305,3929.0714,3060.1948,268.246,0.0025,52.671,638.4792,868.8766,1775442753129347982
nyudepth,no_sharing,44.0384,3921.1984,3060.1948,268.246,0.0025,52.671,630.5974,861.0035,1775442753129347982
nyudepth,no_sharing,44.0623,3897.3176,3060.1948,268.246,0.0025,52.671,606.7088,837.1228,1775442753129347982
nyudepth,no_sharing,44.0725,3887.1002,3060.1948,268.246,0.0025,52.671,596.483,826.9054,1775442753129347982
nyudepth,no_sharing,44.0963,3863.3308,3060.1948,268.246,0.0025,52.671,572.7046,803.136,1775442753129347982
nyudepth,no_sharing,44.1023,3857.3811,3060.1948,268.246,0.0025,52.671,566.7455,797.1863,1775442753129347982
nyudepth,no_sharing,44.1471,3822.6228,3060.1948,268.246,0.0025,52.671,521.935,762.4279,1775442753129347982
nyudepth,no_sharing,44.1581,3811.6605,3060.1948,268.246,0.0025,52.671,510.9606,751.4657,1775442753129347982
nyudepth,no_sharing,44.17,3799.752,3060.1948,268.246,0.0025,52.671,499.0432,739.5572,1775442753129347982
nyudepth,no_sharing,44.3717,3601.4566,3060.1948,268.246,0.0025,52.671,297.3576,541.2618,1775442753129347982
nyudepth,no_sharing,44.4556,3517.5712,3060.1948,268.246,0.0025,52.671,213.4593,457.3764,1775442753129347982
nyudepth,no_sharing,44.5712,6783.3769,3510.1975,233.4473,0.003,46.1441,3263.3967,3273.1794,1775442756294889865
nyudepth,no_sharing,44.5712,6787.8928,3510.1975,233.4473,0.003,46.1441,3263.377,3277.6953,1775442756294889865
nyudepth,no_sharing,44.5949,6773.3481,3510.1975,233.4473,0.003,46.1441,3239.6913,3263.1506,1775442756294889865
nyudepth,no_sharing,44.6271,6741.1466,3510.1975,233.4473,0.003,46.1441,3207.4769,3230.949,1775442756294889865
nyudepth,no_sharing,44.6944,6692.8091,3510.1975,233.4473,0.003,46.1441,3140.1527,3182.6116,1775442756294889865
nyudepth,no_sharing,44.7398,6647.4514,3510.1975,233.4473,0.003,46.1441,3094.7831,3137.2539,1775442756294889865
nyudepth,no_sharing,44.7398,6647.4447,3510.1975,233.4473,0.003,46.1441,3094.7692,3137.2472,1775442756294889865
nyudepth,no_sharing,44.7563,6653.2574,3510.1975,233.4473,0.003,46.1441,3078.2304,3143.0598,1775442756294889865
nyudepth,no_sharing,44.841,6578.3119,3510.1975,233.4473,0.003,46.1441,2993.5849,3068.1144,1775442756294889865
nyudepth,no_sharing,45.1244,6294.8744,3510.1975,233.4473,0.003,46.1441,2710.1369,2784.6769,1775442756294889865
nyudepth,no_sharing,45.1453,6273.9987,3510.1975,233.4473,0.003,46.1441,2689.2531,2763.8012,1775442756294889865
nyudepth,no_sharing,45.1766,6242.6925,3510.1975,233.4473,0.003,46.1441,2657.9404,2732.4949,1775442756294889865
nyudepth,no_sharing,45.2233,6196.0166,3510.1975,233.4473,0.003,46.1441,2611.258,2685.819,1775442756294889865
nyudepth,no_sharing,45.255,6204.875,3510.1975,233.4473,0.003,46.1441,2579.618,2694.6775,1775442756294889865
nyudepth,no_sharing,45.3384,6121.4204,3510.1975,233.4473,0.003,46.1441,2496.1507,2611.2229,1775442756294889865
nyudepth,no_sharing,45.4487,6025.5914,3510.1975,233.4473,0.003,46.1441,2385.8232,2515.3939,1775442756294889865
nyudepth,no_sharing,45.4594,6014.9875,3510.1975,233.4473,0.003,46.1441,2375.2089,2504.7899,1775442756294889865
nyudepth,no_sharing,45.4992,5975.1134,3510.1975,233.4473,0.003,46.1441,2335.3269,2464.9159,1775442756294889865
nyudepth,no_sharing,45.5041,5970.2506,3510.1975,233.4473,0.003,46.1441,2330.4572,2460.0531,1775442756294889865
nyudepth,no_sharing,45.513,5961.3612,3510.1975,233.4473,0.003,46.1441,2321.5611,2451.1636,1775442756294889865
nyudepth,no_sharing,45.5458,5928.6134,3510.1975,233.4473,0.003,46.1441,2288.8067,2418.4159,1775442756294889865
nyudepth,no_sharing,45.5634,5910.9721,3510.1975,233.4473,0.003,46.1441,2271.1582,2400.7746,1775442756294889865
nyudepth,no_sharing,45.5682,5906.2169,3510.1975,233.4473,0.003,46.1441,2266.3972,2396.0193,1775442756294889865
nyudepth,no_sharing,45.606,5868.4382,3510.1975,233.4473,0.003,46.1441,2228.6131,2358.2407,1775442756294889865
nyudepth,no_sharing,45.6727,5868.2714,3510.1975,233.4473,0.003,46.1441,2161.8381,2358.0738,1775442756294889865
nyudepth,no_sharing,45.7374,5803.5762,3510.1975,233.4473,0.003,46.1441,2097.1274,2293.3787,1775442756294889865
nyudepth,no_sharing,45.7573,5783.7274,3510.1975,233.4473,0.003,46.1441,2077.2676,2273.5299,1775442756294889865
nyudepth,no_sharing,45.7951,5769.6469,3510.1975,233.4473,0.003,46.1441,2039.5038,2259.4494,1775442756294889865
nyudepth,no_sharing,45.8061,5758.6234,3510.1975,233.4473,0.003,46.1441,2028.46,2248.4258,1775442756294889865
nyudepth,no_sharing,45.8197,5745.0752,3510.1975,233.4473,0.003,46.1441,2014.9014,2234.8777,1775442756294889865
nyudepth,no_sharing,45.8398,5724.9365,3510.1975,233.4473,0.003,46.1441,1994.7543,2214.739,1775442756294889865
nyudepth,no_sharing,45.9818,5582.9854,3510.1975,233.4473,0.003,46.1441,1852.793,2072.7879,1775442756294889865
nyudepth,no_sharing,46.0085,5556.2465,3510.1975,233.4473,0.003,46.1441,1826.0441,2046.049,1775442756294889865
nyudepth,no_sharing,46.0525,5512.2561,3510.1975,233.4473,0.003,46.1441,1782.0439,2002.0586,1775442756294889865
nyudepth,no_sharing,46.0908,5473.9771,3510.1975,233.4473,0.003,46.1441,1743.7544,1963.7796,1775442756294889865
nyudepth,no_sharing,46.1602,5404.6199,3510.1975,233.4473,0.003,46.1441,1674.3877,1894.4224,1775442756294889865
nyudepth,no_sharing,46.3058,5258.9948,3510.1975,233.4473,0.003,46.1441,1528.753,1748.7973,1775442756294889865
nyudepth,no_sharing,46.3267,5238.1489,3510.1975,233.4473,0.003,46.1441,1507.8983,1727.9514,1775442756294889865
nyudepth,no_sharing,46.3926,5172.2066,3510.1975,233.4473,0.003,46.1441,1441.9465,1662.0091,1775442756294889865
nyudepth,no_sharing,46.4125,5152.3669,3510.1975,233.4473,0.003,46.1441,1422.0982,1642.1694,1775442756294889865
nyudepth,no_sharing,46.5159,5048.9206,3510.1975,233.4473,0.003,46.1441,1318.6424,1538.7231,1775442756294889865
nyudepth,no_sharing,46.5235,5041.3651,3510.1975,233.4473,0.003,46.1441,1311.0778,1531.1676,1775442756294889865
nyudepth,no_sharing,46.5307,5103.0736,3510.1975,233.4473,0.003,46.1441,1303.8554,1592.8761,1775442756294889865
nyudepth,no_sharing,46.5693,5064.507,3510.1975,233.4473,0.003,46.1441,1265.276,1554.3095,1775442756294889865
nyudepth,no_sharing,46.5722,5061.6369,3510.1975,233.4473,0.003,46.1441,1262.3985,1551.4394,1775442756294889865
nyudepth,no_sharing,46.5899,5043.896,3510.1975,233.4473,0.003,46.1441,1244.6508,1533.6984,1775442756294889865
nyudepth,no_sharing,46.6276,5006.2234,3510.1975,233.4473,0.003,46.1441,1206.9714,1496.0259,1775442756294889865
nyudepth,no_sharing,46.6426,4991.3805,3510.1975,233.4473,0.003,46.1441,1192.0137,1481.1829,1775442756294889865
nyudepth,no_sharing,46.7753,4858.6669,3510.1975,233.4473,0.003,46.1441,1059.2923,1348.4694,1775442756294889865
nyudepth,no_sharing,46.8144,4819.5403,3510.1975,233.4473,0.003,46.1441,1020.1602,1309.3427,1775442756294889865
nyudepth,no_sharing,46.8466,4787.3471,3510.1975,233.4473,0.003,46.1441,987.9622,1277.1496,1775442756294889865
nyudepth,no_sharing,46.8839,4750.0181,3510.1975,233.4473,0.003,46.1441,950.6283,1239.8206,1775442756294889865
nyudepth,no_sharing,46.9473,4686.6159,3510.1975,233.4473,0.003,46.1441,887.2211,1176.4184,1775442756294889865
nyudepth,no_sharing,46.9654,4668.5619,3510.1975,233.4473,0.003,46.1441,869.163,1158.3644,1775442756294889865
nyudepth,no_sharing,47.0361,4597.8351,3510.1975,233.4473,0.003,46.1441,798.4304,1087.6375,1775442756294889865
nyudepth,no_sharing,47.163,4470.9988,3510.1975,233.4473,0.003,46.1441,671.5896,960.8012,1775442756294889865
nyudepth,no_sharing,47.2653,4368.6974,3510.1975,233.4473,0.003,46.1441,569.283,858.4999,1775442756294889865
nyudepth,no_sharing,47.3015,4332.4759,3510.1975,233.4473,0.003,46.1441,533.0572,822.2784,1775442756294889865
nyudepth,no_sharing,47.3137,4320.2782,3510.1975,233.4473,0.003,46.1441,520.8547,810.0806,1775442756294889865
nyudepth,no_sharing,47.33,4304.0009,3510.1975,233.4473,0.003,46.1441,504.5724,793.8033,1775442756294889865
nyudepth,no_sharing,47.4103,4223.6819,3510.1975,233.4473,0.003,46.1441,424.2492,713.4844,1775442756294889865
nyudepth,no_sharing,47.4578,4176.1959,3510.1975,233.4473,0.003,46.1441,376.7588,665.9983,1775442756294889865
nyudepth,no_sharing,47.4761,4157.9332,3510.1975,233.4473,0.003,46.1441,358.4924,647.7357,1775442756294889865
nyudepth,no_sharing,47.4781,4155.894,3510.1975,233.4473,0.003,46.1441,356.4489,645.6965,1775442756294889865
nyudepth,no_sharing,47.5763,4057.7438,3510.1975,233.4473,0.003,46.1441,258.2934,547.5463,1775442756294889865
nyudepth,no_sharing,47.5845,4049.4924,3510.1975,233.4473,0.003,46.1441,250.0377,539.2948,1775442756294889865
nyudepth,no_sharing,47.6157,4018.3673,3510.1975,233.4473,0.003,46.1441,218.9088,508.1698,1775442756294889865
nyudepth,no_sharing,47.6299,4004.1461,3510.1975,233.4473,0.003,46.1441,204.6838,493.9486,1775442756294889865
nyudepth,no_sharing,47.651,3983.0103,3510.1975,233.4473,0.003,46.1441,183.5439,472.8128,1775442756294889865
nyudepth,no_sharing,47.6552,3978.7915,3510.1975,233.4473,0.003,46.1441,179.3218,468.594,1775442756294889865
nyudepth,no_sharing,47.6723,3961.6995,3510.1975,233.4473,0.003,46.1441,162.2262,451.502,1775442756294889865
nyudepth,no_sharing,47.9397,7541.5201,3918.4134,381.2487,0.0027,47.1565,3614.1136,3623.1067,1775442760014085991
nyudepth,no_sharing,47.9397,7544.4279,3918.4134,381.2487,0.0027,47.1565,3614.0924,3626.0144,1775442760014085991
nyudepth,no_sharing,47.9397,7547.3881,3918.4134,381.2487,0.0027,47.1565,3614.0845,3628.9746,1775442760014085991
nyudepth,no_sharing,47.9397,7550.2672,3918.4134,381.2487,0.0027,47.1565,3614.0788,3631.8538,1775442760014085991
nyudepth,no_sharing,47.9397,7553.369,3918.4134,381.2487,0.0027,47.1565,3614.0559,3634.9556,1775442760014085991
nyudepth,no_sharing,47.9731,7523.5124,3918.4134,381.2487,0.0027,47.1565,3580.7092,3605.0989,1775442760014085991
nyudepth,no_sharing,47.9731,7526.3491,3918.4134,381.2487,0.0027,47.1565,3580.6978,3607.9356,1775442760014085991
nyudepth,no_sharing,48.026,7478.9333,3918.4134,381.2487,0.0027,47.1565,3527.7293,3560.5199,1775442760014085991
nyudepth,no_sharing,48.1634,7341.553,3918.4134,381.2487,0.0027,47.1565,3390.3403,3423.1395,1775442760014085991
nyudepth,no_sharing,48.1634,7347.0542,3918.4134,381.2487,0.0027,47.1565,3390.3196,3428.6408,1775442760014085991
nyudepth,no_sharing,48.1635,7347.0562,3918.4134,381.2487,0.0027,47.1565,3390.3127,3428.6427,1775442760014085991
nyudepth,no_sharing,48.3246,7191.4811,3918.4134,381.2487,0.0027,47.1565,3229.1386,3273.0677,1775442760014085991
nyudepth,no_sharing,48.3246,7191.4775,3918.4134,381.2487,0.0027,47.1565,3229.1217,3273.0641,1775442760014085991
nyudepth,no_sharing,48.3247,7200.2749,3918.4134,381.2487,0.0027,47.1565,3229.115,3281.8615,1775442760014085991
nyudepth,no_sharing,48.4931,7031.8606,3918.4134,381.2487,0.0027,47.1565,3060.6911,3113.4471,1775442760014085991
nyudepth,no_sharing,48.4931,7037.4491,3918.4134,381.2487,0.0027,47.1565,3060.6837,3119.0357,1775442760014085991
nyudepth,no_sharing,48.4931,7040.395,3918.4134,381.2487,0.0027,47.1565,3060.6771,3121.9816,1775442760014085991
nyudepth,no_sharing,48.5198,7013.7155,3918.4134,381.2487,0.0027,47.1565,3033.9887,3095.3021,1775442760014085991
nyudepth,no_sharing,48.5566,6982.8823,3918.4134,381.2487,0.0027,47.1565,2997.1702,3064.4688,1775442760014085991
nyudepth,no_sharing,48.634,6909.5807,3918.4134,381.2487,0.0027,47.1565,2919.7924,2991.1673,1775442760014085991
nyudepth,no_sharing,48.6887,6854.8174,3918.4134,381.2487,0.0027,47.1565,2865.021,2936.4039,1775442760014085991
nyudepth,no_sharing,48.7584,6790.7894,3918.4134,381.2487,0.0027,47.1565,2795.3753,2872.3759,1775442760014085991
nyudepth,no_sharing,48.7589,6795.9304,3918.4134,381.2487,0.0027,47.1565,2794.8177,2877.5169,1775442760014085991
nyudepth,no_sharing,48.9745,6580.3981,3918.4134,381.2487,0.0027,47.1565,2579.277,2661.9846,1775442760014085991
nyudepth,no_sharing,48.9771,6583.5707,3918.4134,381.2487,0.0027,47.1565,2576.6306,2665.1573,1775442760014085991
nyudepth,no_sharing,49.0019,6558.831,3918.4134,381.2487,0.0027,47.1565,2551.882,2640.4175,1775442760014085991
nyudepth,no_sharing,49.0087,6557.7359,3918.4134,381.2487,0.0027,47.1565,2545.0289,2639.3225,1775442760014085991
nyudepth,no_sharing,49.0194,6547.085,3918.4134,381.2487,0.0027,47.1565,2534.3657,2628.6716,1775442760014085991
nyudepth,no_sharing,49.0458,6526.4986,3918.4134,381.2487,0.0027,47.1565,2508.0149,2608.0851,1775442760014085991
nyudepth,no_sharing,49.0674,6504.8144,3918.4134,381.2487,0.0027,47.1565,2486.3222,2586.4009,1775442760014085991
nyudepth,no_sharing,49.2115,6366.7328,3918.4134,381.2487,0.0027,47.1565,2342.2613,2448.3194,1775442760014085991
nyudepth,no_sharing,49.2361,6342.0999,3918.4134,381.2487,0.0027,47.1565,2317.6196,2423.6865,1775442760014085991
nyudepth,no_sharing,49.3868,6200.3796,3918.4134,381.2487,0.0027,47.1565,2167.0094,2281.9662,1775442760014085991
nyudepth,no_sharing,49.4299,6157.2123,3918.4134,381.2487,0.0027,47.1565,2123.8322,2238.7988,1775442760014085991
nyudepth,no_sharing,49.4552,6137.5127,3918.4134,381.2487,0.0027,47.1565,2098.5503,2219.0992,1775442760014085991
nyudepth,no_sharing,49.5011,6091.6669,3918.4134,381.2487,0.0027,47.1565,2052.696,2173.2535,1775442760014085991
nyudepth,no_sharing,49.5445,6048.207,3918.4134,381.2487,0.0027,47.1565,2009.2294,2129.7936,1775442760014085991
nyudepth,no_sharing,49.5595,6041.5545,3918.4134,381.2487,0.0027,47.1565,1994.2954,2123.141,1775442760014085991
nyudepth,no_sharing,49.5749,6026.1152,3918.4134,381.2487,0.0027,47.1565,1978.847,2107.7017,1775442760014085991
nyudepth,no_sharing,49.6886,5918.1168,3918.4134,381.2487,0.0027,47.1565,1865.1457,1999.7034,1775442760014085991
nyudepth,no_sharing,49.6923,5914.4905,3918.4134,381.2487,0.0027,47.1565,1861.5041,1996.077,1775442760014085991
nyudepth,no_sharing,49.7299,5876.8597,3918.4134,381.2487,0.0027,47.1565,1823.864,1958.4462,1775442760014085991
nyudepth,no_sharing,49.8811,5733.9542,3918.4134,381.2487,0.0027,47.1565,1672.6165,1815.5407,1775442760014085991
nyudepth,no_sharing,49.901,5714.0923,3918.4134,381.2487,0.0027,47.1565,1652.7457,1795.6788,1775442760014085991
nyudepth,no_sharing,49.9846,5636.5128,3918.4134,381.2487,0.0027,47.1565,1569.2155,1718.0993,1775442760014085991
nyudepth,no_sharing,50.0031,5617.9881,3918.4134,381.2487,0.0027,47.1565,1550.6821,1699.5747,1775442760014085991
nyudepth,no_sharing,50.1588,5462.2521,3918.4134,381.2487,0.0027,47.1565,1394.9399,1543.8387,1775442760014085991
nyudepth,no_sharing,50.1665,5466.2354,3918.4134,381.2487,0.0027,47.1565,1387.2948,1547.822,1775442760014085991
nyudepth,no_sharing,50.1941,5438.622,3918.4134,381.2487,0.0027,47.1565,1359.6704,1520.2086,1775442760014085991
nyudepth,no_sharing,50.2292,5409.178,3918.4134,381.2487,0.0027,47.1565,1324.5661,1490.7646,1775442760014085991
nyudepth,no_sharing,50.2975,5340.9262,3918.4134,381.2487,0.0027,47.1565,1256.3052,1422.5127,1775442760014085991
nyudepth,no_sharing,50.3403,5298.1236,3918.4134,381.2487,0.0027,47.1565,1213.4962,1379.7102,1775442760014085991
nyudepth,no_sharing,50.4168,5221.6096,3918.4134,381.2487,0.0027,47.1565,1136.9767,1303.1961,1775442760014085991
nyudepth,no_sharing,50.4253,5224.2136,3918.4134,381.2487,0.0027,47.1565,1128.4769,1305.8002,1775442760014085991
nyudepth,no_sharing,50.5053,5144.2599,3918.4134,381.2487,0.0027,47.1565,1048.5098,1225.8465,1775442760014085991
nyudepth,no_sharing,50.6277,5027.5352,3918.4134,381.2487,0.0027,47.1565,926.0252,1109.1218,1775442760014085991
nyudepth,no_sharing,50.6994,4955.9278,3918.4134,381.2487,0.0027,47.1565,854.4087,1037.5144,1775442760014085991
nyudepth,no_sharing,50.7181,4937.1912,3918.4134,381.2487,0.0027,47.1565,835.6657,1018.7778,1775442760014085991
nyudepth,no_sharing,50.7296,4925.7381,3918.4134,381.2487,0.0027,47.1565,824.2071,1007.3247,1775442760014085991
nyudepth,no_sharing,50.7462,4920.3215,3918.4134,381.2487,0.0027,47.1565,807.5554,1001.908,1775442760014085991
nyudepth,no_sharing,50.7521,4914.4759,3918.4134,381.2487,0.0027,47.1565,801.7008,996.0625,1775442760014085991
nyudepth,no_sharing,50.8074,4868.7904,3918.4134,381.2487,0.0027,47.1565,746.4151,950.3769,1775442760014085991
nyudepth,no_sharing,50.8471,4829.0308,3918.4134,381.2487,0.0027,47.1565,706.6455,910.6173,1775442760014085991
nyudepth,no_sharing,50.887,4789.1922,3918.4134,381.2487,0.0027,47.1565,666.8,870.7788,1775442760014085991
nyudepth,no_sharing,50.9357,4740.4814,3918.4134,381.2487,0.0027,47.1565,618.083,822.0679,1775442760014085991
nyudepth,no_sharing,51.0494,4638.4573,3918.4134,381.2487,0.0027,47.1565,504.3397,720.0439,1775442760014085991
nyudepth,no_sharing,51.0532,4634.7027,3918.4134,381.2487,0.0027,47.1565,500.571,716.2892,1775442760014085991
nyudepth,no_sharing,51.0787,4609.2162,3918.4134,381.2487,0.0027,47.1565,475.0767,690.8028,1775442760014085991
nyudepth,no_sharing,51.0913,4612.3967,3918.4134,381.2487,0.0027,47.1565,462.4496,693.9833,1775442760014085991
nyudepth,no_sharing,51.1529,4550.8707,3918.4134,381.2487,0.0027,47.1565,400.907,632.4572,1775442760014085991
nyudepth,no_sharing,51.2596,4444.1121,3918.4134,381.2487,0.0027,47.1565,294.1363,525.6986,1775442760014085991
nyudepth,no_sharing,51.276,4427.7956,3918.4134,381.2487,0.0027,47.1565,277.8101,509.3822,1775442760014085991
nyudepth,no_sharing,51.3075,4396.3969,3918.4134,381.2487,0.0027,47.1565,246.3105,477.9834,1775442760014085991
nyudepth,no_sharing,51.3103,4393.512,3918.4134,381.2487,0.0027,47.1565,243.4165,475.0986,1775442760014085991
nyudepth,no_sharing,51.3417,4362.15,3918.4134,381.2487,0.0027,47.1565,212.0457,443.7365,1775442760014085991
nyudepth,no_sharing,51.369,8926.4576,4595.7934,446.5311,0.003,47.6865,4319.8946,4330.6642,1775442764149190939
nyudepth,no_sharing,51.4597,8838.6106,4595.7934,446.5311,0.003,47.6865,4229.161,4242.8172,1775442764149190939
nyudepth,no_sharing,51.4597,8841.5325,4595.7934,446.5311,0.003,47.6865,4229.142,4245.7391,1775442764149190939
nyudepth,no_sharing,51.6337,8670.5542,4595.7934,446.5311,0.003,47.6865,4055.2123,4074.7607,1775442764149190939
nyudepth,no_sharing,51.6337,8676.2054,4595.7934,446.5311,0.003,47.6865,4055.1927,4080.412,1775442764149190939
nyudepth,no_sharing,51.6337,8676.1835,4595.7934,446.5311,0.003,47.6865,4055.1627,4080.39,1775442764149190939
nyudepth,no_sharing,51.6756,8640.249,4595.7934,446.5311,0.003,47.6865,4013.2937,4044.4556,1775442764149190939
nyudepth,no_sharing,51.7052,8610.5962,4595.7934,446.5311,0.003,47.6865,3983.6318,4014.8028,1775442764149190939
nyudepth,no_sharing,51.7542,8567.6875,4595.7934,446.5311,0.003,47.6865,3934.7,3971.8941,1775442764149190939
nyudepth,no_sharing,51.7671,8554.7829,4595.7934,446.5311,0.003,47.6865,3921.787,3958.9895,1775442764149190939
nyudepth,no_sharing,51.8384,8491.8852,4595.7934,446.5311,0.003,47.6865,3850.4305,3896.0918,1775442764149190939
nyudepth,no_sharing,51.8894,8440.9664,4595.7934,446.5311,0.003,47.6865,3799.5033,3845.173,1775442764149190939
nyudepth,no_sharing,51.9431,8387.238,4595.7934,446.5311,0.003,47.6865,3745.7702,3791.4446,1775442764149190939
nyudepth,no_sharing,52.0,8338.8448,4595.7934,446.5311,0.003,47.6865,3688.8328,3743.0514,1775442764149190939
nyudepth,no_sharing,52.047,8291.8577,4595.7934,446.5311,0.003,47.6865,3641.8376,3696.0643,1775442764149190939
nyudepth,no_sharing,52.0511,8287.7605,4595.7934,446.5311,0.003,47.6865,3637.7351,3691.9671,1775442764149190939
nyudepth,no_sharing,52.0689,8281.2307,4595.7934,446.5311,0.003,47.6865,3620.0154,3685.4373,1775442764149190939
nyudepth,no_sharing,52.1742,8175.9353,4595.7934,446.5311,0.003,47.6865,3514.7121,3580.1419,1775442764149190939
nyudepth,no_sharing,52.2631,8087.0173,4595.7934,446.5311,0.003,47.6865,3425.7886,3491.2239,1775442764149190939
nyudepth,no_sharing,52.348,8002.1172,4595.7934,446.5311,0.003,47.6865,3340.8837,3406.3237,1775442764149190939
nyudepth,no_sharing,52.495,7866.9636,4595.7934,446.5311,0.003,47.6865,3193.9046,3271.1702,1775442764149190939
nyudepth,no_sharing,52.5366,7825.3489,4595.7934,446.5311,0.003,47.6865,3152.2806,3229.5554,1775442764149190939
nyudepth,no_sharing,52.5752,7786.7217,4595.7934,446.5311,0.003,47.6865,3113.6479,3190.9283,1775442764149190939
nyudepth,no_sharing,52.6093,7752.6369,4595.7934,446.5311,0.003,47.6865,3079.5569,3156.8435,1775442764149190939
nyudepth,no_sharing,52.613,7760.5886,4595.7934,446.5311,0.003,47.6865,3075.9015,3164.7952,1775442764149190939
nyudepth,no_sharing,52.6506,7722.9562,4595.7934,446.5311,0.003,47.6865,3038.2597,3127.1628,1775442764149190939
nyudepth,no_sharing,52.7159,7657.6958,4595.7934,446.5311,0.003,47.6865,2972.9941,3061.9024,1775442764149190939
nyudepth,no_sharing,52.7325,7641.073,4595.7934,446.5311,0.003,47.6865,2956.3663,3045.2796,1775442764149190939
nyudepth,no_sharing,52.8442,7543.576,4595.7934,446.5311,0.003,47.6865,2844.6751,2947.7826,1775442764149190939
nyudepth,no_sharing,52.8945,7493.3023,4595.7934,446.5311,0.003,47.6865,2794.3926,2897.5089,1775442764149190939
nyudepth,no_sharing,52.9548,7432.9531,4595.7934,446.5311,0.003,47.6865,2734.0384,2837.1597,1775442764149190939
nyudepth,no_sharing,53.0016,7386.168,4595.7934,446.5311,0.003,47.6865,2687.2497,2790.3746,1775442764149190939
nyudepth,no_sharing,53.0883,7299.4528,4595.7934,446.5311,0.003,47.6865,2600.5299,2703.6594,1775442764149190939
nyudepth,no_sharing,53.126,7277.8053,4595.7934,446.5311,0.003,47.6865,2562.8459,2682.0119,1775442764149190939
nyudepth,no_sharing,53.181,7222.8813,4595.7934,446.5311,0.003,47.6865,2507.9052,2627.0879,1775442764149190939
nyudepth,no_sharing,53.181,7222.8792,4595.7934,446.5311,0.003,47.6865,2507.8938,2627.0858,1775442764149190939
nyudepth,no_sharing,53.2423,7161.5331,4595.7934,446.5311,0.003,47.6865,2446.5394,2565.7397,1775442764149190939
nyudepth,no_sharing,53.2423,7161.5272,4595.7934,446.5311,0.003,47.6865,2446.5239,2565.7337,1775442764149190939
nyudepth,no_sharing,53.3838,7037.2155,4595.7934,446.5311,0.003,47.6865,2305.09,2441.4221,1775442764149190939
nyudepth,no_sharing,53.3838,7037.2009,4595.7934,446.5311,0.003,47.6865,2305.0654,2441.4075,1775442764149190939
nyudepth,no_sharing,53.3965,7024.5476,4595.7934,446.5311,0.003,47.6865,2292.4058,2428.7542,1775442764149190939
nyudepth,no_sharing,53.4758,6945.255,4595.7934,446.5311,0.003,47.6865,2213.1073,2349.4616,1775442764149190939
nyudepth,no_sharing,53.4878,6933.1765,4595.7934,446.5311,0.003,47.6865,2201.0243,2337.3831,1775442764149190939
nyudepth,no_sharing,53.5005,6934.5751,4595.7934,446.5311,0.003,47.6865,2188.3559,2338.7817,1775442764149190939
nyudepth,no_sharing,53.6555,6782.9454,4595.7934,446.5311,0.003,47.6865,2033.391,2187.152,1775442764149190939
nyudepth,no_sharing,53.7011,6737.2978,4595.7934,446.5311,0.003,47.6865,1987.7336,2141.5044,1775442764149190939
nyudepth,no_sharing,53.7434,6695.0305,4595.7934,446.5311,0.003,47.6865,1945.4598,2099.237,1775442764149190939
nyudepth,no_sharing,53.7443,6694.1833,4595.7934,446.5311,0.003,47.6865,1944.6068,2098.3899,1775442764149190939
nyudepth,no_sharing,53.7691,6669.3285,4595.7934,446.5311,0.003,47.6865,1919.7466,2073.535,1775442764149190939
nyudepth,no_sharing,53.8849,6570.4811,4595.7934,446.5311,0.003,47.6865,1804.0061,1974.6876,1775442764149190939
nyudepth,no_sharing,53.969,6489.4483,4595.7934,446.5311,0.003,47.6865,1719.8763,1893.6549,1775442764149190939
nyudepth,no_sharing,53.9937,6464.7944,4595.7934,446.5311,0.003,47.6865,1695.2126,1869.001,1775442764149190939
nyudepth,no_sharing,54.0461,6412.3256,4595.7934,446.5311,0.003,47.6865,1642.7367,1816.5322,1775442764149190939
nyudepth,no_sharing,54.0699,6388.5725,4595.7934,446.5311,0.003,47.6865,1618.9783,1792.779,1775442764149190939
nyudepth,no_sharing,54.0996,6358.8929,4595.7934,446.5311,0.003,47.6865,1589.293,1763.0995,1775442764149190939
nyudepth,no_sharing,54.1212,6337.2645,4595.7934,446.5311,0.003,47.6865,1567.6589,1741.4711,1775442764149190939
nyudepth,no_sharing,54.134,6340.8535,4595.7934,446.5311,0.003,47.6865,1554.8611,1745.06,1775442764149190939
nyudepth,no_sharing,54.1734,6304.7028,4595.7934,446.5311,0.003,47.6865,1515.5172,1708.9093,1775442764149190939
nyudepth,no_sharing,54.207,6271.0481,4595.7934,446.5311,0.003,47.6865,1481.8499,1675.2547,1775442764149190939
nyudepth,no_sharing,54.3608,6117.2392,4595.7934,446.5311,0.003,47.6865,1328.0323,1521.4458,1775442764149190939
nyudepth,no_sharing,54.3667,6111.3503,4595.7934,446.5311,0.003,47.6865,1322.1357,1515.5569,1775442764149190939
nyudepth,no_sharing,54.3966,6081.45,4595.7934,446.5311,0.003,47.6865,1292.2275,1485.6566,1775442764149190939
nyudepth,no_sharing,54.4687,6009.4106,4595.7934,446.5311,0.003,47.6865,1220.1815,1413.6172,1775442764149190939
nyudepth,no_sharing,54.5063,5988.7781,4595.7934,446.5311,0.003,47.6865,1182.5535,1392.9847,1775442764149190939
nyudepth,no_sharing,54.638,5861.5084,4595.7934,446.5311,0.003,47.6865,1050.8404,1265.715,1775442764149190939
nyudepth,no_sharing,54.6618,5837.7929,4595.7934,446.5311,0.003,47.6865,1027.1118,1241.9995,1775442764149190939
nyudepth,no_sharing,54.6701,5829.4199,4595.7934,446.5311,0.003,47.6865,1018.7287,1233.6264,1775442764149190939
nyudepth,no_sharing,54.7784,5721.2138,4595.7934,446.5311,0.003,47.6865,910.5122,1125.4204,1775442764149190939
nyudepth,no_sharing,54.7811,5718.4491,4595.7934,446.5311,0.003,47.6865,907.7401,1122.6557,1775442764149190939
nyudepth,no_sharing,54.8104,5689.2326,4595.7934,446.5311,0.003,47.6865,878.5174,1093.4392,1775442764149190939
nyudepth,no_sharing,54.8311,5687.5486,4595.7934,446.5311,0.003,47.6865,857.7466,1091.7552,1775442764149190939
nyudepth,no_sharing,54.8763,5645.9253,4595.7934,446.5311,0.003,47.6865,812.5355,1050.1319,1775442764149190939
nyudepth,no_sharing,54.9416,5580.7071,4595.7934,446.5311,0.003,47.6865,747.3071,984.9137,1775442764149190939
nyudepth,no_sharing,54.9732,5549.1018,4595.7934,446.5311,0.003,47.6865,715.6956,953.3084,1775442764149190939
nyudepth,no_sharing,55.0676,5454.7157,4595.7934,446.5311,0.003,47.6865,621.3024,858.9223,1775442764149190939
nyudepth,no_sharing,55.0702,5452.1065,4595.7934,446.5311,0.003,47.6865,618.6872,856.3131,1775442764149190939
nyudepth,no_sharing,55.0895,5432.7624,4595.7934,446.5311,0.003,47.6865,599.3369,836.969,1775442764149190939
nyudepth,no_sharing,55.1333,5389.0319,4595.7934,446.5311,0.003,47.6865,555.6021,793.2385,1775442764149190939
nyudepth,no_sharing,55.157,5396.9243,4595.7934,446.5311,0.003,47.6865,531.8315,801.1308,1775442764149190939
nyudepth,no_sharing,55.1647,5389.3552,4595.7934,446.5311,0.003,47.6865,524.1406,793.5618,1775442764149190939
nyudepth,no_sharing,55.176,5378.0639,4595.7934,446.5311,0.003,47.6865,512.8367,782.2705,1775442764149190939
nyudepth,no_sharing,55.2017,5352.3734,4595.7934,446.5311,0.003,47.6865,487.1366,756.5799,1775442764149190939
nyudepth,no_sharing,55.2224,5331.7111,4595.7934,446.5311,0.003,47.6865,466.4652,735.9176,1775442764149190939
nyudepth,no_sharing,55.2881,5266.0241,4595.7934,446.5311,0.003,47.6865,400.7633,670.2307,1775442764149190939
nyudepth,no_sharing,55.3466,5207.4909,4595.7934,446.5311,0.003,47.6865,342.2215,611.6975,1775442764149190939
nyudepth,no_sharing,55.4031,5151.0878,4595.7934,446.5311,0.003,47.6865,285.8114,555.2943,1775442764149190939
nyudepth,no_sharing,55.4514,5102.7896,4595.7934,446.5311,0.003,47.6865,237.5054,506.9962,1775442764149190939
nyudepth,no_sharing,55.5305,10002.7368,4991.1911,504.4667,0.0029,46.2497,5001.8027,5011.5457,1775442768992611362
nyudepth,no_sharing,55.7036,9832.5005,4991.1911,504.4667,0.0029,46.2497,4828.7036,4841.3094,1775442768992611362
nyudepth,no_sharing,55.7036,9835.366,4991.1911,504.4667,0.0029,46.2497,4828.6827,4844.1749,1775442768992611362
nyudepth,no_sharing,55.7948,9747.128,4991.1911,504.4667,0.0029,46.2497,4737.4923,4755.9369,1775442768992611362
nyudepth,no_sharing,55.7952,9749.7094,4991.1911,504.4667,0.0029,46.2497,4737.0868,4758.5183,1775442768992611362
nyudepth,no_sharing,55.9473,9603.2336,4991.1911,504.4667,0.0029,46.2497,4585.0246,4612.0425,1775442768992611362
nyudepth,no_sharing,55.953,9597.5494,4991.1911,504.4667,0.0029,46.2497,4579.3321,4606.3583,1775442768992611362
nyudepth,no_sharing,55.9588,9597.6484,4991.1911,504.4667,0.0029,46.2497,4573.4587,4606.4573,1775442768992611362
nyudepth,no_sharing,55.9871,9569.3908,4991.1911,504.4667,0.0029,46.2497,4545.1922,4578.1997,1775442768992611362
nyudepth,no_sharing,55.9957,9569.9422,4991.1911,504.4667,0.0029,46.2497,4536.5758,4578.7511,1775442768992611362
nyudepth,no_sharing,55.9957,9569.9379,4991.1911,504.4667,0.0029,46.2497,4536.5636,4578.7468,1775442768992611362
nyudepth,no_sharing,55.9957,9575.5289,4991.1911,504.4667,0.0029,46.2497,4536.557,4584.3378,1775442768992611362
nyudepth,no_sharing,56.0133,9561.0354,4991.1911,504.4667,0.0029,46.2497,4519.0399,4569.8443,1775442768992611362
nyudepth,no_sharing,56.1006,9473.7377,4991.1911,504.4667,0.0029,46.2497,4431.7331,4482.5466,1775442768992611362
nyudepth,no_sharing,56.1062,9473.8152,4991.1911,504.4667,0.0029,46.2497,4426.0728,4482.6241,1775442768992611362
nyudepth,no_sharing,56.1526,9433.2595,4991.1911,504.4667,0.0029,46.2497,4379.6597,4442.0684,1775442768992611362
nyudepth,no_sharing,56.2391,9346.7667,4991.1911,504.4667,0.0029,46.2497,4293.1566,4355.5756,1775442768992611362
nyudepth,no_sharing,56.2498,9342.0901,4991.1911,504.4667,0.0029,46.2497,4282.5384,4350.899,1775442768992611362
nyudepth,no_sharing,56.2665,9325.3975,4991.1911,504.4667,0.0029,46.2497,4265.8374,4334.2064,1775442768992611362
nyudepth,no_sharing,56.5208,9076.853,4991.1911,504.4667,0.0029,46.2497,4011.5106,4085.6619,1775442768992611362
nyudepth,no_sharing,56.58,9017.6404,4991.1911,504.4667,0.0029,46.2497,3952.2898,4026.4493,1775442768992611362
nyudepth,no_sharing,56.6161,8990.0005,4991.1911,504.4667,0.0029,46.2497,3916.2092,3998.8094,1775442768992611362
nyudepth,no_sharing,56.7094,8896.7013,4991.1911,504.4667,0.0029,46.2497,3822.8989,3905.5102,1775442768992611362
nyudepth,no_sharing,56.715,8897.1045,4991.1911,504.4667,0.0029,46.2497,3817.2708,3905.9134,1775442768992611362
nyudepth,no_sharing,56.7929,8819.2689,4991.1911,504.4667,0.0029,46.2497,3739.4259,3828.0778,1775442768992611362
nyudepth,no_sharing,56.8615,8750.643,4991.1911,504.4667,0.0029,46.2497,3670.7947,3759.4519,1775442768992611362
nyudepth,no_sharing,56.8837,8740.2327,4991.1911,504.4667,0.0029,46.2497,3648.5522,3749.0416,1775442768992611362
nyudepth,no_sharing,56.9014,8722.5919,4991.1911,504.4667,0.0029,46.2497,3630.8987,3731.4008,1775442768992611362
nyudepth,no_sharing,56.9427,8687.073,4991.1911,504.4667,0.0029,46.2497,3589.6361,3695.8819,1775442768992611362
nyudepth,no_sharing,57.0151,8614.6231,4991.1911,504.4667,0.0029,46.2497,3517.1773,3623.432,1775442768992611362
nyudepth,no_sharing,57.0957,8534.0614,4991.1911,504.4667,0.0029,46.2497,3436.6095,3542.8703,1775442768992611362
nyudepth,no_sharing,57.209,8420.728,4991.1911,504.4667,0.0029,46.2497,3323.271,3429.5369,1775442768992611362
nyudepth,no_sharing,57.2196,8424.2492,4991.1911,504.4667,0.0029,46.2497,3312.6609,3433.0581,1775442768992611362
nyudepth,no_sharing,57.2323,8411.6199,4991.1911,504.4667,0.0029,46.2497,3300.024,3420.4288,1775442768992611362
nyudepth,no_sharing,57.2995,8350.1053,4991.1911,504.4667,0.0029,46.2497,3232.7497,3358.9142,1775442768992611362
nyudepth,no_sharing,57.3102,8339.4768,4991.1911,504.4667,0.0029,46.2497,3222.1131,3348.2857,1775442768992611362
nyudepth,no_sharing,57.3102,8339.4699,4991.1911,504.4667,0.0029,46.2497,3222.1007,3348.2788,1775442768992611362
nyudepth,no_sharing,57.3223,8327.3981,4991.1911,504.4667,0.0029,46.2497,3210.0251,3336.207,1775442768992611362
nyudepth,no_sharing,57.34,8309.622,4991.1911,504.4667,0.0029,46.2497,3192.245,3318.431,1775442768992611362
nyudepth,no_sharing,57.3597,8304.462,4991.1911,504.4667,0.0029,46.2497,3172.6174,3313.2709,1775442768992611362
nyudepth,no_sharing,57.415,8249.1457,4991.1911,504.4667,0.0029,46.2497,3117.2931,3257.9547,1775442768992611362
nyudepth,no_sharing,57.4663,8204.0195,4991.1911,504.4667,0.0029,46.2497,3066.0059,3212.8285,1775442768992611362
nyudepth,no_sharing,57.4966,8173.7022,4991.1911,504.4667,0.0029,46.2497,3035.6793,3182.5111,1775442768992611362
nyudepth,no_sharing,57.5603,8110.065,4991.1911,504.4667,0.0029,46.2497,2972.0373,3118.8739,1775442768992611362
nyudepth,no_sharing,57.5935,8076.8042,4991.1911,504.4667,0.0029,46.2497,2938.771,3085.6131,1775442768992611362
nyudepth,no_sharing,57.6477,8022.5859,4991.1911,504.4667,0.0029,46.2497,2884.5484,3031.3948,1775442768992611362
nyudepth,no_sharing,57.8034,7883.4548,4991.1911,504.4667,0.0029,46.2497,2728.8806,2892.2637,1775442768992611362
nyudepth,no_sharing,57.8744,7812.4402,4991.1911,504.4667,0.0029,46.2497,2657.8574,2821.2491,1775442768992611362
nyudepth,no_sharing,57.8902,7802.4981,4991.1911,504.4667,0.0029,46.2497,2642.0696,2811.307,1775442768992611362
nyudepth,no_sharing,57.899,7793.7312,4991.1911,504.4667,0.0029,46.2497,2633.2941,2802.5401,1775442768992611362
nyudepth,no_sharing,58.0404,7652.3399,4991.1911,504.4667,0.0029,46.2497,2491.8973,2661.1488,1775442768992611362
nyudepth,no_sharing,58.095,7597.76,4991.1911,504.4667,0.0029,46.2497,2437.3126,2606.5689,1775442768992611362
nyudepth,no_sharing,58.2513,7441.4024,4991.1911,504.4667,0.0029,46.2497,2280.9489,2450.2113,1775442768992611362
nyudepth,no_sharing,58.2514,7441.3879,4991.1911,504.4667,0.0029,46.2497,2280.9286,2450.1968,1775442768992611362
nyudepth,no_sharing,58.4959,7213.4769,4991.1911,504.4667,0.0029,46.2497,2036.3777,2222.2858,1775442768992611362
nyudepth,no_sharing,58.6315,7077.9521,4991.1911,504.4667,0.0029,46.2497,1900.84,2086.7611,1775442768992611362
nyudepth,no_sharing,58.7559,6959.5246,4991.1911,504.4667,0.0029,46.2497,1776.3476,1968.3335,1775442768992611362
nyudepth,no_sharing,58.7586,6956.8872,4991.1911,504.4667,0.0029,46.2497,1773.7014,1965.6962,1775442768992611362
nyudepth,no_sharing,58.7692,6946.2349,4991.1911,504.4667,0.0029,46.2497,1763.0434,1955.0438,1775442768992611362
nyudepth,no_sharing,58.7909,6924.5753,4991.1911,504.4667,0.0029,46.2497,1741.3785,1933.3842,1775442768992611362
nyudepth,no_sharing,58.8122,6903.2626,4991.1911,504.4667,0.0029,46.2497,1720.0599,1912.0715,1775442768992611362
nyudepth,no_sharing,58.8229,6892.6461,4991.1911,504.4667,0.0029,46.2497,1709.4383,1901.455,1775442768992611362
nyudepth,no_sharing,58.8773,6855.5496,4991.1911,504.4667,0.0029,46.2497,1655.0248,1864.3585,1775442768992611362
nyudepth,no_sharing,58.9047,6828.1674,4991.1911,504.4667,0.0029,46.2497,1627.6333,1836.9763,1775442768992611362
nyudepth,no_sharing,59.0149,6726.6335,4991.1911,504.4667,0.0029,46.2497,1517.4389,1735.4425,1775442768992611362
nyudepth,no_sharing,59.0356,6705.9295,4991.1911,504.4667,0.0029,46.2497,1496.7222,1714.7384,1775442768992611362
nyudepth,no_sharing,59.0737,6667.7928,4991.1911,504.4667,0.0029,46.2497,1458.575,1676.6017,1775442768992611362
nyudepth,no_sharing,59.1001,6641.3782,4991.1911,504.4667,0.0029,46.2497,1432.1525,1650.1871,1775442768992611362
nyudepth,no_sharing,59.1543,6587.1751,4991.1911,504.4667,0.0029,46.2497,1377.943,1595.984,1775442768992611362
nyudepth,no_sharing,59.168,6573.5075,4991.1911,504.4667,0.0029,46.2497,1364.2695,1582.3165,1775442768992611362
nyudepth,no_sharing,59.2561,6502.6708,4991.1911,504.4667,0.0029,46.2497,1276.1531,1511.4797,1775442768992611362
nyudepth,no_sharing,59.4268,6331.9738,4991.1911,504.4667,0.0029,46.2497,1105.4456,1340.7827,1775442768992611362
nyudepth,no_sharing,59.4302,6328.6462,4991.1911,504.4667,0.0029,46.2497,1102.1109,1337.4551,1775442768992611362
nyudepth,no_sharing,59.4302,6337.9438,4991.1911,504.4667,0.0029,46.2497,1102.0966,1346.7527,1775442768992611362
nyudepth,no_sharing,59.4583,6309.8717,4991.1911,504.4667,0.0029,46.2497,1074.0151,1318.6806,1775442768992611362
nyudepth,no_sharing,59.496,6272.2042,4991.1911,504.4667,0.0029,46.2497,1036.3414,1281.0131,1775442768992611362
nyudepth,no_sharing,59.5606,6207.5422,4991.1911,504.4667,0.0029,46.2497,971.6735,1216.3511,1775442768992611362
nyudepth,no_sharing,59.5891,6179.0226,4991.1911,504.4667,0.0029,46.2497,943.1479,1187.8315,1775442768992611362
nyudepth,no_sharing,59.6188,6149.3678,4991.1911,504.4667,0.0029,46.2497,913.4881,1158.1767,1775442768992611362
nyudepth,no_sharing,59.6646,6123.3232,4991.1911,504.4667,0.0029,46.2497,867.6653,1132.1321,1775442768992611362
nyudepth,no_sharing,59.6903,6097.6498,4991.1911,504.4667,0.0029,46.2497,841.9769,1106.4587,1775442768992611362
nyudepth,no_sharing,59.8607,5927.2676,4991.1911,504.4667,0.0029,46.2497,671.5848,936.0765,1775442768992611362
nyudepth,no_sharing,59.8645,5932.6985,4991.1911,504.4667,0.0029,46.2497,667.8412,941.5074,1775442768992611362
nyudepth,no_sharing,59.8706,5926.5158,4991.1911,504.4667,0.0029,46.2497,661.6437,935.3247,1775442768992611362
nyudepth,no_sharing,59.9073,5889.8492,4991.1911,504.4667,0.0029,46.2497,624.9666,898.6581,1775442768992611362
nyudepth,no_sharing,59.9233,5873.8468,4991.1911,504.4667,0.0029,46.2497,608.9549,882.6557,1775442768992611362
nyudepth,no_sharing,60.0097,5787.5395,4991.1911,504.4667,0.0029,46.2497,522.6369,796.3484,1775442768992611362
nyudepth,no_sharing,60.0304,5766.8338,4991.1911,504.4667,0.0029,46.2497,501.9209,775.6427,1775442768992611362
nyudepth,no_sharing,60.0421,5755.1603,4991.1911,504.4667,0.0029,46.2497,490.2382,763.9692,1775442768992611362
nyudepth,no_sharing,60.0507,5769.0241,4991.1911,504.4667,0.0029,46.2497,481.5705,777.833,1775442768992611362
nyudepth,no_sharing,60.0993,5720.4916,4991.1911,504.4667,0.0029,46.2497,433.0194,729.3006,1775442768992611362
nyudepth,no_sharing,60.1099,5709.8868,4991.1911,504.4667,0.0029,46.2497,422.4036,718.6957,1775442768992611362
nyudepth,no_sharing,60.1371,5683.3367,4991.1911,504.4667,0.0029,46.2497,395.1423,692.1456,1775442768992611362
nyudepth,no_sharing,60.1935,5626.9894,4991.1911,504.4667,0.0029,46.2497,338.7806,635.7983,1775442768992611362
nyudepth,no_sharing,60.2588,5561.6987,4991.1911,504.4667,0.0029,46.2497,273.4802,570.5076,1775442768992611362
nyudepth,no_sharing,60.2824,5538.0757,4991.1911,504.4667,0.0029,46.2497,249.8486,546.8846,1775442768992611362
nyudepth,no_sharing,60.2851,5535.4021,4991.1911,504.4667,0.0029,46.2497,247.1673,544.211,1775442768992611362
nyudepth,no_sharing,60.31,10555.1312,5058.3644,512.7362,0.0032,45.9104,5487.1356,5496.7668,1775442774257466428
nyudepth,no_sharing,60.3498,10518.3814,5058.3644,512.7362,0.0032,45.9104,5447.3829,5460.017,1775442774257466428
nyudepth,no_sharing,60.3873,10483.7747,5058.3644,512.7362,0.0032,45.9104,5409.8282,5425.4103,1775442774257466428
nyudepth,no_sharing,60.3873,10486.6052,5058.3644,512.7362,0.0032,45.9104,5409.8155,5428.2408,1775442774257466428
nyudepth,no_sharing,60.5903,10286.5019,5058.3644,512.7362,0.0032,45.9104,5206.8868,5228.1375,1775442774257466428
nyudepth,no_sharing,60.6589,10221.0634,5058.3644,512.7362,0.0032,45.9104,5138.2873,5162.699,1775442774257466428
nyudepth,no_sharing,60.6633,10222.7829,5058.3644,512.7362,0.0032,45.9104,5133.8444,5164.4185,1775442774257466428
nyudepth,no_sharing,60.668,10218.0898,5058.3644,512.7362,0.0032,45.9104,5129.1423,5159.7254,1775442774257466428
nyudepth,no_sharing,60.6976,10194.3138,5058.3644,512.7362,0.0032,45.9104,5099.5147,5135.9494,1775442774257466428
nyudepth,no_sharing,60.778,10113.9927,5058.3644,512.7362,0.0032,45.9104,5019.1815,5055.6283,1775442774257466428
nyudepth,no_sharing,60.7817,10119.0825,5058.3644,512.7362,0.0032,45.9104,5015.4607,5060.7181,1775442774257466428
nyudepth,no_sharing,60.8629,10037.8983,5058.3644,512.7362,0.0032,45.9104,4934.2687,4979.5339,1775442774257466428
nyudepth,no_sharing,60.9165,9989.9278,5058.3644,512.7362,0.0032,45.9104,4880.6465,4931.5634,1775442774257466428
nyudepth,no_sharing,60.9998,9909.606,5058.3644,512.7362,0.0032,45.9104,4797.3688,4851.2416,1775442774257466428
nyudepth,no_sharing,61.0866,9822.8421,5058.3644,512.7362,0.0032,45.9104,4710.5966,4764.4777,1775442774257466428
nyudepth,no_sharing,61.1559,9760.5052,5058.3644,512.7362,0.0032,45.9104,4641.2492,4702.1408,1775442774257466428
nyudepth,no_sharing,61.2025,9723.3281,5058.3644,512.7362,0.0032,45.9104,4594.6069,4664.9637,1775442774257466428
nyudepth,no_sharing,61.3073,9618.5706,5058.3644,512.7362,0.0032,45.9104,4489.8374,4560.2062,1775442774257466428
nyudepth,no_sharing,61.3572,9576.6594,5058.3644,512.7362,0.0032,45.9104,4439.9533,4518.2951,1775442774257466428
nyudepth,no_sharing,61.4003,9533.5271,5058.3644,512.7362,0.0032,45.9104,4396.8117,4475.1628,1775442774257466428
nyudepth,no_sharing,61.438,9508.3196,5058.3644,512.7362,0.0032,45.9104,4359.1602,4449.9552,1775442774257466428
nyudepth,no_sharing,61.5076,9438.6859,5058.3644,512.7362,0.0032,45.9104,4289.5172,4380.3215,1775442774257466428
nyudepth,no_sharing,61.5253,9429.5511,5058.3644,512.7362,0.0032,45.9104,4271.8902,4371.1867,1775442774257466428
nyudepth,no_sharing,61.7395,9215.2858,5058.3644,512.7362,0.0032,45.9104,4057.6153,4156.9214,1775442774257466428
nyudepth,no_sharing,61.8205,9134.3389,5058.3644,512.7362,0.0032,45.9104,3976.6617,4075.9745,1775442774257466428
nyudepth,no_sharing,61.8291,9125.7019,5058.3644,512.7362,0.0032,45.9104,3968.0202,4067.3375,1775442774257466428
nyudepth,no_sharing,61.8924,9076.2403,5058.3644,512.7362,0.0032,45.9104,3904.7573,4017.8759,1775442774257466428
nyudepth,no_sharing,61.9581,9010.5846,5058.3644,512.7362,0.0032,45.9104,3839.0939,3952.2202,1775442774257466428
nyudepth,no_sharing,61.9647,9003.9618,5058.3644,512.7362,0.0032,45.9104,3832.4661,3945.5974,1775442774257466428
nyudepth,no_sharing,61.9935,8984.3464,5058.3644,512.7362,0.0032,45.9104,3803.6568,3925.982,1775442774257466428
nyudepth,no_sharing,62.0097,8968.1151,5058.3644,512.7362,0.0032,45.9104,3787.4162,3909.7507,1775442774257466428
nyudepth,no_sharing,62.0204,8957.4459,5058.3644,512.7362,0.0032,45.9104,3776.7413,3899.0815,1775442774257466428
nyudepth,no_sharing,62.0355,8942.3511,5058.3644,512.7362,0.0032,45.9104,3761.6417,3883.9867,1775442774257466428
nyudepth,no_sharing,62.1038,8874.079,5058.3644,512.7362,0.0032,45.9104,3693.3646,3815.7146,1775442774257466428
nyudepth,no_sharing,62.1384,8854.0194,5058.3644,512.7362,0.0032,45.9104,3658.7348,3795.655,1775442774257466428
nyudepth,no_sharing,62.1561,8836.3681,5058.3644,512.7362,0.0032,45.9104,3641.0701,3778.0037,1775442774257466428
nyudepth,no_sharing,62.1677,8824.723,5058.3644,512.7362,0.0032,45.9104,3629.4181,3766.3586,1775442774257466428
nyudepth,no_sharing,62.2574,8746.7558,5058.3644,512.7362,0.0032,45.9104,3539.7468,3688.3915,1775442774257466428
nyudepth,no_sharing,62.289,8715.1315,5058.3644,512.7362,0.0032,45.9104,3508.1146,3656.7671,1775442774257466428
nyudepth,no_sharing,62.3496,8654.619,5058.3644,512.7362,0.0032,45.9104,3447.5965,3596.2546,1775442774257466428
nyudepth,no_sharing,62.3779,8626.3011,5058.3644,512.7362,0.0032,45.9104,3419.2741,3567.9367,1775442774257466428
nyudepth,no_sharing,62.3925,8611.6621,5058.3644,512.7362,0.0032,45.9104,3404.6302,3553.2978,1775442774257466428
nyudepth,no_sharing,62.4613,8556.9894,5058.3644,512.7362,0.0032,45.9104,3335.8278,3498.625,1775442774257466428
nyudepth,no_sharing,62.499,8519.3739,5058.3644,512.7362,0.0032,45.9104,3298.1961,3461.0095,1775442774257466428
nyudepth,no_sharing,62.5496,8468.7333,5058.3644,512.7362,0.0032,45.9104,3247.5486,3410.3689,1775442774257466428
nyudepth,no_sharing,62.644,8374.3601,5058.3644,512.7362,0.0032,45.9104,3153.1696,3315.9957,1775442774257466428
nyudepth,no_sharing,62.7731,8259.1393,5058.3644,512.7362,0.0032,45.9104,3024.0695,3200.7749,1775442774257466428
nyudepth,no_sharing,62.8371,8195.1563,5058.3644,512.7362,0.0032,45.9104,2960.0785,3136.792,1775442774257466428
nyudepth,no_sharing,62.8867,8145.5519,5058.3644,512.7362,0.0032,45.9104,2910.4681,3087.1875,1775442774257466428
nyudepth,no_sharing,62.965,8067.2286,5058.3644,512.7362,0.0032,45.9104,2832.139,3008.8642,1775442774257466428
nyudepth,no_sharing,63.0499,7982.3627,5058.3644,512.7362,0.0032,45.9104,2747.2672,2923.9984,1775442774257466428
nyudepth,no_sharing,63.0499,7996.2983,5058.3644,512.7362,0.0032,45.9104,2747.2465,2937.9339,1775442774257466428
nyudepth,no_sharing,63.4072,7639.04,5058.3644,512.7362,0.0032,45.9104,2389.9782,2580.6756,1775442774257466428
nyudepth,no_sharing,63.4072,7639.0269,5058.3644,512.7362,0.0032,45.9104,2389.9581,2580.6625,1775442774257466428
nyudepth,no_sharing,63.4072,7639.0266,5058.3644,512.7362,0.0032,45.9104,2389.9517,2580.6623,1775442774257466428
nyudepth,no_sharing,63.4072,7639.0274,5058.3644,512.7362,0.0032,45.9104,2389.9462,2580.663,1775442774257466428
nyudepth,no_sharing,63.4072,7652.946,5058.3644,512.7362,0.0032,45.9104,2389.9412,2594.5816,1775442774257466428
nyudepth,no_sharing,63.4072,7652.9508,5058.3644,512.7362,0.0032,45.9104,2389.936,2594.5864,1775442774257466428
nyudepth,no_sharing,63.4072,7652.952,5058.3644,512.7362,0.0032,45.9104,2389.9312,2594.5876,1775442774257466428
nyudepth,no_sharing,63.4328,7627.4223,5058.3644,512.7362,0.0032,45.9104,2364.3954,2569.058,1775442774257466428
nyudepth,no_sharing,63.4376,7622.53,5058.3644,512.7362,0.0032,45.9104,2359.4971,2564.1656,1775442774257466428
nyudepth,no_sharing,63.502,7572.2451,5058.3644,512.7362,0.0032,45.9104,2295.162,2513.8807,1775442774257466428
nyudepth,no_sharing,63.5107,7563.5855,5058.3644,512.7362,0.0032,45.9104,2286.4933,2505.2211,1775442774257466428
nyudepth,no_sharing,63.6084,7465.8346,5058.3644,512.7362,0.0032,45.9104,2188.7355,2407.4702,1775442774257466428
nyudepth,no_sharing,63.6421,7432.1291,5058.3644,512.7362,0.0032,45.9104,2155.0245,2373.7648,1775442774257466428
nyudepth,no_sharing,63.6499,7424.324,5058.3644,512.7362,0.0032,45.9104,2147.2137,2365.9597,1775442774257466428
nyudepth,no_sharing,63.6499,7441.5627,5058.3644,512.7362,0.0032,45.9104,2147.2008,2383.1983,1775442774257466428
nyudepth,no_sharing,63.6516,7439.8954,5058.3644,512.7362,0.0032,45.9104,2145.5228,2381.531,1775442774257466428
nyudepth,no_sharing,63.6717,7419.7912,5058.3644,512.7362,0.0032,45.9104,2125.4117,2361.4268,1775442774257466428
nyudepth,no_sharing,63.7479,7343.658,5058.3644,512.7362,0.0032,45.9104,2049.2721,2285.2936,1775442774257466428
nyudepth,no_sharing,63.7503,7341.28,5058.3644,512.7362,0.0032,45.9104,2046.8881,2282.9156,1775442774257466428
nyudepth,no_sharing,63.8166,7290.5588,5058.3644,512.7362,0.0032,45.9104,1980.5734,2232.1944,1775442774257466428
nyudepth,no_sharing,63.9288,7178.2944,5058.3644,512.7362,0.0032,45.9104,1868.299,2119.93,1775442774257466428
nyudepth,no_sharing,63.9503,7156.8849,5058.3644,512.7362,0.0032,45.9104,1846.8823,2098.5205,1775442774257466428
nyudepth,no_sharing,64.0179,7089.2563,5058.3644,512.7362,0.0032,45.9104,1779.2459,2030.8919,1775442774257466428
nyudepth,no_sharing,64.0179,7089.2498,5058.3644,512.7362,0.0032,45.9104,1779.2332,2030.8855,1775442774257466428
nyudepth,no_sharing,64.0242,7082.9387,5058.3644,512.7362,0.0032,45.9104,1772.9156,2024.5743,1775442774257466428
nyudepth,no_sharing,64.0391,7085.0205,5058.3644,512.7362,0.0032,45.9104,1758.0526,2026.6562,1775442774257466428
nyudepth,no_sharing,64.0671,7057.0757,5058.3644,512.7362,0.0032,45.9104,1730.0963,1998.7114,1775442774257466428
nyudepth,no_sharing,64.1278,6996.3071,5058.3644,512.7362,0.0032,45.9104,1669.3201,1937.9428,1775442774257466428
nyudepth,no_sharing,64.215,6909.1554,5058.3644,512.7362,0.0032,45.9104,1582.1609,1850.791,1775442774257466428
nyudepth,no_sharing,64.2389,6885.2916,5058.3644,512.7362,0.0032,45.9104,1558.2907,1826.9272,1775442774257466428
nyudepth,no_sharing,64.2749,6871.5861,5058.3644,512.7362,0.0032,45.9104,1522.2428,1813.2217,1775442774257466428
nyudepth,no_sharing,64.475,6671.5147,5058.3644,512.7362,0.0032,45.9104,1322.1536,1613.1504,1775442774257466428
nyudepth,no_sharing,64.5147,6631.773,5058.3644,512.7362,0.0032,45.9104,1282.4006,1573.4086,1775442774257466428
nyudepth,no_sharing,64.543,6603.5511,5058.3644,512.7362,0.0032,45.9104,1254.168,1545.1868,1775442774257466428
nyudepth,no_sharing,64.6281,6518.4553,5058.3644,512.7362,0.0032,45.9104,1169.0617,1460.0909,1775442774257466428
nyudepth,no_sharing,64.9013,6245.2362,5058.3644,512.7362,0.0032,45.9104,895.8323,1186.8718,1775442774257466428
nyudepth,no_sharing,64.929,6240.8566,5058.3644,512.7362,0.0032,45.9104,868.1467,1182.4923,1775442774257466428
nyudepth,no_sharing,64.9827,6187.1457,5058.3644,512.7362,0.0032,45.9104,814.4205,1128.7813,1775442774257466428
nyudepth,no_sharing,65.1071,6062.793,5058.3644,512.7362,0.0032,45.9104,690.0561,1004.4286,1775442774257466428
nyudepth,no_sharing,65.1287,6041.1587,5058.3644,512.7362,0.0032,45.9104,668.4127,982.7943,1775442774257466428
nyudepth,no_sharing,65.158,6011.889,5058.3644,512.7362,0.0032,45.9104,639.1337,953.5246,1775442774257466428
nyudepth,no_sharing,65.1973,5972.5964,5058.3644,512.7362,0.0032,45.9104,599.8313,914.232,1775442774257466428
nyudepth,no_sharing,65.2395,5932.0173,5058.3644,512.7362,0.0032,45.9104,557.6003,873.6529,1775442774257466428
nyudepth,no_sharing,65.3068,5864.7282,5058.3644,512.7362,0.0032,45.9104,490.2976,806.3638,1775442774257466428
nyudepth,no_sharing,65.3677,5803.9365,5058.3644,512.7362,0.0032,45.9104,429.4951,745.5721,1775442774257466428
nyudepth,no_sharing,65.3953,5776.3047,5058.3644,512.7362,0.0032,45.9104,401.8555,717.9403,1775442774257466428
nyudepth,no_sharing,65.5219,5649.6735,5058.3644,512.7362,0.0032,45.9104,275.2161,591.3091,1775442774257466428
nyudepth,no_sharing,65.5506,10628.2129,5035.0893,512.8374,0.0029,45.2173,5583.1587,5593.1236,1775442779594096872
nyudepth,no_sharing,65.5742,10607.594,5035.0893,512.8374,0.0029,45.2173,5559.5372,5572.5047,1775442779594096872
nyudepth,no_sharing,65.6438,10540.9455,5035.0893,512.8374,0.0029,45.2173,5489.9564,5505.8562,1775442779594096872
nyudepth,no_sharing,65.7327,10454.8292,5035.0893,512.8374,0.0029,45.2173,5401.0298,5419.7399,1775442779594096872
nyudepth,no_sharing,65.7328,10457.818,5035.0893,512.8374,0.0029,45.2173,5401.016,5422.7287,1775442779594096872
nyudepth,no_sharing,65.797,10399.2343,5035.0893,512.8374,0.0029,45.2173,5336.7393,5364.145,1775442779594096872
nyudepth,no_sharing,65.7971,10399.2221,5035.0893,512.8374,0.0029,45.2173,5336.7186,5364.1328,1775442779594096872
nyudepth,no_sharing,65.7971,10405.1571,5035.0893,512.8374,0.0029,45.2173,5336.7105,5370.0678,1775442779594096872
nyudepth,no_sharing,65.8214,10380.816,5035.0893,512.8374,0.0029,45.2173,5312.3603,5345.7267,1775442779594096872
nyudepth,no_sharing,65.8605,10350.8229,5035.0893,512.8374,0.0029,45.2173,5273.2708,5315.7336,1775442779594096872
nyudepth,no_sharing,65.9292,10282.1441,5035.0893,512.8374,0.0029,45.2173,5204.5825,5247.0548,1775442779594096872
nyudepth,no_sharing,65.9441,10272.8653,5035.0893,512.8374,0.0029,45.2173,5189.714,5237.776,1775442779594096872
nyudepth,no_sharing,65.9933,10226.5682,5035.0893,512.8374,0.0029,45.2173,5140.4564,5191.4789,1775442779594096872
nyudepth,no_sharing,66.021,10198.9319,5035.0893,512.8374,0.0029,45.2173,5112.8123,5163.8426,1775442779594096872
nyudepth,no_sharing,66.0668,10158.9615,5035.0893,512.8374,0.0029,45.2173,5066.9394,5123.8722,1775442779594096872
nyudepth,no_sharing,66.0695,10159.6608,5035.0893,512.8374,0.0029,45.2173,5064.2831,5124.5715,1775442779594096872
nyudepth,no_sharing,66.0771,10152.0584,5035.0893,512.8374,0.0029,45.2173,5056.6723,5116.969,1775442779594096872
nyudepth,no_sharing,66.0877,10149.8237,5035.0893,512.8374,0.0029,45.2173,5046.0446,5114.7343,1775442779594096872
nyudepth,no_sharing,66.1053,10135.2339,5035.0893,512.8374,0.0029,45.2173,5028.4519,5100.1446,1775442779594096872
nyudepth,no_sharing,66.133,10107.615,5035.0893,512.8374,0.0029,45.2173,5000.8247,5072.5257,1775442779594096872
nyudepth,no_sharing,66.1608,10079.7858,5035.0893,512.8374,0.0029,45.2173,4972.9903,5044.6965,1775442779594096872
nyudepth,no_sharing,66.1884,10063.261,5035.0893,512.8374,0.0029,45.2173,4945.3654,5028.1717,1775442779594096872
nyudepth,no_sharing,66.1955,10059.4203,5035.0893,512.8374,0.0029,45.2173,4938.3075,5024.331,1775442779594096872
nyudepth,no_sharing,66.34,9914.8989,5035.0893,512.8374,0.0029,45.2173,4793.7777,4879.8096,1775442779594096872
nyudepth,no_sharing,66.3607,9894.1779,5035.0893,512.8374,0.0029,45.2173,4773.051,4859.0886,1775442779594096872
nyudepth,no_sharing,66.4014,9853.5445,5035.0893,512.8374,0.0029,45.2173,4732.4121,4818.4552,1775442779594096872
nyudepth,no_sharing,66.5003,9765.7948,5035.0893,512.8374,0.0029,45.2173,4633.4968,4730.7054,1775442779594096872
nyudepth,no_sharing,66.5075,9764.3998,5035.0893,512.8374,0.0029,45.2173,4626.2622,4729.3104,1775442779594096872
nyudepth,no_sharing,66.5487,9723.2139,5035.0893,512.8374,0.0029,45.2173,4585.0673,4688.1246,1775442779594096872
nyudepth,no_sharing,66.5736,9698.3442,5035.0893,512.8374,0.0029,45.2173,4560.1926,4663.2549,1775442779594096872
nyudepth,no_sharing,66.6583,9613.6713,5035.0893,512.8374,0.0029,45.2173,4475.5144,4578.582,1775442779594096872
nyudepth,no_sharing,66.6909,9592.1955,5035.0893,512.8374,0.0029,45.2173,4442.8828,4557.1062,1775442779594096872
nyudepth,no_sharing,66.7126,9570.4854,5035.0893,512.8374,0.0029,45.2173,4421.1638,4535.396,1775442779594096872
nyudepth,no_sharing,66.7126,9578.963,5035.0893,512.8374,0.0029,45.2173,4421.1516,4543.8737,1775442779594096872
nyudepth,no_sharing,66.8485,9443.0528,5035.0893,512.8374,0.0029,45.2173,4285.2321,4407.9635,1775442779594096872
nyudepth,no_sharing,66.8543,9437.3343,5035.0893,512.8374,0.0029,45.2173,4279.5081,4402.245,1775442779594096872
nyudepth,no_sharing,66.903,9388.6495,5035.0893,512.8374,0.0029,45.2173,4230.8185,4353.5601,1775442779594096872
nyudepth,no_sharing,66.9226,9380.645,5035.0893,512.8374,0.0029,45.2173,4211.1988,4345.5557,1775442779594096872
nyudepth,no_sharing,67.0863,9216.9461,5035.0893,512.8374,0.0029,45.2173,4047.4906,4181.8568,1775442779594096872
nyudepth,no_sharing,67.0949,9208.3011,5035.0893,512.8374,0.0029,45.2173,4038.8398,4173.2117,1775442779594096872
nyudepth,no_sharing,67.2302,9084.2524,5035.0893,512.8374,0.0029,45.2173,3903.5792,4049.163,1775442779594096872
nyudepth,no_sharing,67.4372,8877.2204,5035.0893,512.8374,0.0029,45.2173,3696.5384,3842.1311,1775442779594096872
nyudepth,no_sharing,67.4525,8861.9626,5035.0893,512.8374,0.0029,45.2173,3681.2751,3826.8732,1775442779594096872
nyudepth,no_sharing,67.4581,8856.3435,5035.0893,512.8374,0.0029,45.2173,3675.6518,3821.2542,1775442779594096872
nyudepth,no_sharing,67.5117,8817.1198,5035.0893,512.8374,0.0029,45.2173,3622.041,3782.0305,1775442779594096872
nyudepth,no_sharing,67.5265,8802.3973,5035.0893,512.8374,0.0029,45.2173,3607.3091,3767.3079,1775442779594096872
nyudepth,no_sharing,67.5464,8782.495,5035.0893,512.8374,0.0029,45.2173,3587.4002,3747.4057,1775442779594096872
nyudepth,no_sharing,67.6135,8715.3821,5035.0893,512.8374,0.0029,45.2173,3520.282,3680.2928,1775442779594096872
nyudepth,no_sharing,67.7196,8622.3001,5035.0893,512.8374,0.0029,45.2173,3414.1293,3587.2108,1775442779594096872
nyudepth,no_sharing,67.7704,8571.5694,5035.0893,512.8374,0.0029,45.2173,3363.3828,3536.4801,1775442779594096872
nyudepth,no_sharing,67.98,8362.0126,5035.0893,512.8374,0.0029,45.2173,3153.8148,3326.9233,1775442779594096872
nyudepth,no_sharing,67.98,8362.0002,5035.0893,512.8374,0.0029,45.2173,3153.7912,3326.9109,1775442779594096872
nyudepth,no_sharing,67.98,8361.9952,5035.0893,512.8374,0.0029,45.2173,3153.7769,3326.9059,1775442779594096872
nyudepth,no_sharing,68.1261,8232.4271,5035.0893,512.8374,0.0029,45.2173,3007.6632,3197.3378,1775442779594096872
nyudepth,no_sharing,68.1261,8232.4305,5035.0893,512.8374,0.0029,45.2173,3007.6571,3197.3411,1775442779594096872
nyudepth,no_sharing,68.1261,8232.4321,5035.0893,512.8374,0.0029,45.2173,3007.6523,3197.3428,1775442779594096872
nyudepth,no_sharing,68.1261,8232.4347,5035.0893,512.8374,0.0029,45.2173,3007.6482,3197.3454,1775442779594096872
nyudepth,no_sharing,68.1261,8246.8021,5035.0893,512.8374,0.0029,45.2173,3007.6439,3211.7128,1775442779594096872
nyudepth,no_sharing,68.1844,8188.5126,5035.0893,512.8374,0.0029,45.2173,2949.3454,3153.4232,1775442779594096872
nyudepth,no_sharing,68.1963,8176.6925,5035.0893,512.8374,0.0029,45.2173,2937.5188,3141.6032,1775442779594096872
nyudepth,no_sharing,68.3046,8068.3577,5035.0893,512.8374,0.0029,45.2173,2829.1774,3033.2684,1775442779594096872
nyudepth,no_sharing,68.4276,7945.3251,5035.0893,512.8374,0.0029,45.2173,2706.1384,2910.2358,1775442779594096872
nyudepth,no_sharing,68.4579,7915.0465,5035.0893,512.8374,0.0029,45.2173,2675.854,2879.9571,1775442779594096872
nyudepth,no_sharing,68.5685,7825.1362,5035.0893,512.8374,0.0029,45.2173,2565.2738,2790.0469,1775442779594096872
nyudepth,no_sharing,68.652,7741.6763,5035.0893,512.8374,0.0029,45.2173,2481.8015,2706.587,1775442779594096872
nyudepth,no_sharing,68.6783,7715.4081,5035.0893,512.8374,0.0029,45.2173,2455.5252,2680.3188,1775442779594096872
nyudepth,no_sharing,68.7621,7631.5372,5035.0893,512.8374,0.0029,45.2173,2371.6478,2596.4479,1775442779594096872
nyudepth,no_sharing,68.8199,7573.7555,5035.0893,512.8374,0.0029,45.2173,2313.8597,2538.6662,1775442779594096872
nyudepth,no_sharing,68.8366,7574.0879,5035.0893,512.8374,0.0029,45.2173,2297.2209,2538.9985,1775442779594096872
nyudepth,no_sharing,69.0232,7387.4726,5035.0893,512.8374,0.0029,45.2173,2110.5967,2352.3833,1775442779594096872
nyudepth,no_sharing,69.0711,7339.5872,5035.0893,512.8374,0.0029,45.2173,2062.7043,2304.4979,1775442779594096872
nyudepth,no_sharing,69.1636,7247.0789,5035.0893,512.8374,0.0029,45.2173,1970.1891,2211.9896,1775442779594096872
nyudepth,no_sharing,69.1922,7218.4396,5035.0893,512.8374,0.0029,45.2173,1941.5429,2183.3503,1775442779594096872
nyudepth,no_sharing,69.2462,7164.526,5035.0893,512.8374,0.0029,45.2173,1887.6233,2129.4367,1775442779594096872
nyudepth,no_sharing,69.2608,7149.8759,5035.0893,512.8374,0.0029,45.2173,1872.968,2114.7866,1775442779594096872
nyudepth,no_sharing,69.2785,7161.8874,5035.0893,512.8374,0.0029,45.2173,1855.2916,2126.7981,1775442779594096872
nyudepth,no_sharing,69.3497,7090.6515,5035.0893,512.8374,0.0029,45.2173,1784.0385,2055.5622,1775442779594096872
nyudepth,no_sharing,69.452,6988.3635,5035.0893,512.8374,0.0029,45.2173,1681.7391,1953.2742,1775442779594096872
nyudepth,no_sharing,69.6574,6782.9692,5035.0893,512.8374,0.0029,45.2173,1476.3336,1747.8799,1775442779594096872
nyudepth,no_sharing,69.6916,6748.8551,5035.0893,512.8374,0.0029,45.2173,1442.2085,1713.7658,1775442779594096872
nyudepth,no_sharing,69.6932,6747.2408,5035.0893,512.8374,0.0029,45.2173,1440.5844,1712.1515,1775442779594096872
nyudepth,no_sharing,69.7018,6770.7,5035.0893,512.8374,0.0029,45.2173,1431.9336,1735.6107,1775442779594096872
nyudepth,no_sharing,69.7125,6760.0777,5035.0893,512.8374,0.0029,45.2173,1421.2885,1724.9884,1775442779594096872
nyudepth,no_sharing,69.879,6593.5452,5035.0893,512.8374,0.0029,45.2173,1254.7419,1558.4559,1775442779594096872
nyudepth,no_sharing,69.899,6573.6279,5035.0893,512.8374,0.0029,45.2173,1234.813,1538.5386,1775442779594096872
nyudepth,no_sharing,69.9167,6555.865,5035.0893,512.8374,0.0029,45.2173,1217.0389,1520.7757,1775442779594096872
nyudepth,no_sharing,70.0522,6420.3811,5035.0893,512.8374,0.0029,45.2173,1081.5432,1385.2918,1775442779594096872
nyudepth,no_sharing,70.0919,6380.7018,5035.0893,512.8374,0.0029,45.2173,1041.8541,1345.6125,1775442779594096872
nyudepth,no_sharing,70.1136,6359.0629,5035.0893,512.8374,0.0029,45.2173,1020.2055,1323.9736,1775442779594096872
nyudepth,no_sharing,70.1153,6357.3856,5035.0893,512.8374,0.0029,45.2173,1018.5199,1322.2963,1775442779594096872
nyudepth,no_sharing,70.1199,6367.6741,5035.0893,512.8374,0.0029,45.2173,1013.8612,1332.5848,1775442779594096872
nyudepth,no_sharing,70.1322,6355.3622,5035.0893,512.8374,0.0029,45.2173,1001.5328,1320.2729,1775442779594096872
nyudepth,no_sharing,70.147,6340.5931,5035.0893,512.8374,0.0029,45.2173,986.7525,1305.5038,1775442779594096872
nyudepth,no_sharing,70.1766,6311.0363,5035.0893,512.8374,0.0029,45.2173,957.1848,1275.947,1775442779594096872
nyudepth,no_sharing,70.2213,6266.3403,5035.0893,512.8374,0.0029,45.2173,912.4775,1231.2509,1775442779594096872
nyudepth,no_sharing,70.2359,6251.7114,5035.0893,512.8374,0.0029,45.2173,897.8391,1216.6221,1775442779594096872
nyudepth,no_sharing,70.2787,6208.9765,5035.0893,512.8374,0.0029,45.2173,855.094,1173.8872,1775442779594096872
nyudepth,no_sharing,70.3087,6179.0798,5035.0893,512.8374,0.0029,45.2173,825.0387,1143.9905,1775442779594096872
nyudepth,no_sharing,70.3957,6092.0873,5035.0893,512.8374,0.0029,45.2173,738.0342,1056.998,1775442779594096872
nyudepth,no_sharing,70.4343,6053.5169,5035.0893,512.8374,0.0029,45.2173,699.4557,1018.4275,1775442779594096872
nyudepth,no_sharing,70.469,10590.5817,4618.7215,66.6437,0.0029,45.5141,5961.185,5971.8602,1775442784890547423
nyudepth,no_sharing,70.4936,10590.8647,4618.7215,66.6437,0.0029,45.5141,5936.6477,5972.1432,1775442784890547423
nyudepth,no_sharing,70.5262,10609.3893,4618.7215,66.6437,0.0029,45.5141,5904.0415,5990.6678,1775442784890547423
nyudepth,no_sharing,70.5454,10590.1616,4618.7215,66.6437,0.0029,45.5141,5884.8,5971.4401,1775442784890547423
nyudepth,no_sharing,70.5597,10575.8674,4618.7215,66.6437,0.0029,45.5141,5870.4965,5957.146,1775442784890547423
nyudepth,no_sharing,70.6023,10533.3524,4618.7215,66.6437,0.0029,45.5141,5827.9748,5914.6309,1775442784890547423
nyudepth,no_sharing,70.6234,10512.1725,4618.7215,66.6437,0.0029,45.5141,5806.7894,5893.451,1775442784890547423
nyudepth,no_sharing,70.6428,10492.8381,4618.7215,66.6437,0.0029,45.5141,5787.4498,5874.1167,1775442784890547423
nyudepth,no_sharing,70.8022,10383.6529,4618.7215,66.6437,0.0029,45.5141,5627.9833,5764.9315,1775442784890547423
nyudepth,no_sharing,70.8596,10326.3252,4618.7215,66.6437,0.0029,45.5141,5570.641,5707.6037,1775442784890547423
nyudepth,no_sharing,70.8862,10299.6948,4618.7215,66.6437,0.0029,45.5141,5544.0016,5680.9733,1775442784890547423
nyudepth,no_sharing,70.9686,10217.3481,4618.7215,66.6437,0.0029,45.5141,5461.6466,5598.6266,1775442784890547423
nyudepth,no_sharing,71.0601,10165.5009,4618.7215,66.6437,0.0029,45.5141,5370.1332,5546.7794,1775442784890547423
nyudepth,no_sharing,71.2289,9996.6614,4618.7215,66.6437,0.0029,45.5141,5201.2796,5377.94,1775442784890547423
nyudepth,no_sharing,71.2707,9954.8764,4618.7215,66.6437,0.0029,45.5141,5159.4863,5336.155,1775442784890547423
nyudepth,no_sharing,71.2728,9952.791,4618.7215,66.6437,0.0029,45.5141,5157.3927,5334.0695,1775442784890547423
nyudepth,no_sharing,71.3092,9916.4248,4618.7215,66.6437,0.0029,45.5141,5121.0186,5297.7033,1775442784890547423
nyudepth,no_sharing,71.3131,9912.5121,4618.7215,66.6437,0.0029,45.5141,5117.0983,5293.7906,1775442784890547423
nyudepth,no_sharing,71.4839,9741.7579,4618.7215,66.6437,0.0029,45.5141,4946.3367,5123.0364,1775442784890547423
nyudepth,no_sharing,71.4915,9734.1113,4618.7215,66.6437,0.0029,45.5141,4938.6828,5115.3899,1775442784890547423
nyudepth,no_sharing,71.4952,9730.4938,4618.7215,66.6437,0.0029,45.5141,4935.0579,5111.7723,1775442784890547423
nyudepth,no_sharing,71.6107,9614.949,4618.7215,66.6437,0.0029,45.5141,4819.5064,4996.2275,1775442784890547423
nyudepth,no_sharing,71.6399,9585.7739,4618.7215,66.6437,0.0029,45.5141,4790.3244,4967.0525,1775442784890547423
nyudepth,no_sharing,71.6757,9641.114,4618.7215,66.6437,0.0029,45.5141,4754.4897,5022.3925,1775442784890547423
nyudepth,no_sharing,71.7055,9611.3839,4618.7215,66.6437,0.0029,45.5141,4724.7376,4992.6625,1775442784890547423
nyudepth,no_sharing,71.8385,9478.363,4618.7215,66.6437,0.0029,45.5141,4591.7017,4859.6416,1775442784890547423
nyudepth,no_sharing,71.8813,9435.6179,4618.7215,66.6437,0.0029,45.5141,4548.9438,4816.8965,1775442784890547423
nyudepth,no_sharing,71.9139,9403.0046,4618.7215,66.6437,0.0029,45.5141,4516.3181,4784.2832,1775442784890547423
nyudepth,no_sharing,71.9196,9397.3744,4618.7215,66.6437,0.0029,45.5141,4510.6759,4778.6529,1775442784890547423
nyudepth,no_sharing,72.0658,9251.1051,4618.7215,66.6437,0.0029,45.5141,4364.3932,4632.3836,1775442784890547423
nyudepth,no_sharing,72.079,9237.9284,4618.7215,66.6437,0.0029,45.5141,4351.203,4619.2069,1775442784890547423
nyudepth,no_sharing,72.2169,9165.9174,4618.7215,66.6437,0.0029,45.5141,4213.3431,4547.1959,1775442784890547423
nyudepth,no_sharing,72.2195,9163.301,4618.7215,66.6437,0.0029,45.5141,4210.7108,4544.5795,1775442784890547423
nyudepth,no_sharing,72.3218,9061.0452,4618.7215,66.6437,0.0029,45.5141,4108.444,4442.3237,1775442784890547423
nyudepth,no_sharing,72.3494,9033.4156,4618.7215,66.6437,0.0029,45.5141,4080.8041,4414.6941,1775442784890547423
nyudepth,no_sharing,72.5668,8816.0198,4618.7215,66.6437,0.0029,45.5141,3863.3971,4197.2983,1775442784890547423
nyudepth,no_sharing,72.6564,8726.4342,4618.7215,66.6437,0.0029,45.5141,3773.8001,4107.7128,1775442784890547423
nyudepth,no_sharing,72.6621,8720.7835,4618.7215,66.6437,0.0029,45.5141,3768.1389,4102.062,1775442784890547423
nyudepth,no_sharing,72.6688,8714.0846,4618.7215,66.6437,0.0029,45.5141,3761.43,4095.3632,1775442784890547423
nyudepth,no_sharing,72.6889,8693.9993,4618.7215,66.6437,0.0029,45.5141,3741.3344,4075.2778,1775442784890547423
nyudepth,no_sharing,72.8633,8519.6366,4618.7215,66.6437,0.0029,45.5141,3566.9625,3900.9152,1775442784890547423
nyudepth,no_sharing,72.9079,8474.9899,4618.7215,66.6437,0.0029,45.5141,3522.3062,3856.2684,1775442784890547423
nyudepth,no_sharing,72.9523,8430.6662,4618.7215,66.6437,0.0029,45.5141,3477.973,3811.9448,1775442784890547423
nyudepth,no_sharing,73.0417,8341.2559,4618.7215,66.6437,0.0029,45.5141,3388.5539,3722.5344,1775442784890547423
nyudepth,no_sharing,73.1112,8271.7798,4618.7215,66.6437,0.0029,45.5141,3319.0687,3653.0583,1775442784890547423
nyudepth,no_sharing,73.1891,8193.8338,4618.7215,66.6437,0.0029,45.5141,3241.1129,3575.1124,1775442784890547423
nyudepth,no_sharing,73.2937,8089.2971,4618.7215,66.6437,0.0029,45.5141,3136.5662,3470.5756,1775442784890547423
nyudepth,no_sharing,73.3588,8024.2012,4618.7215,66.6437,0.0029,45.5141,3071.4576,3405.4797,1775442784890547423
nyudepth,no_sharing,73.3673,8015.6343,4618.7215,66.6437,0.0029,45.5141,3062.88,3396.9128,1775442784890547423
nyudepth,no_sharing,73.3927,7990.3238,4618.7215,66.6437,0.0029,45.5141,3037.5593,3371.6023,1775442784890547423
nyudepth,no_sharing,73.4303,7952.6691,4618.7215,66.6437,0.0029,45.5141,2999.8953,3333.9477,1775442784890547423
nyudepth,no_sharing,73.4776,8052.4862,4618.7215,66.6437,0.0029,45.5141,2952.635,3433.7647,1775442784890547423
nyudepth,no_sharing,73.5032,8026.8497,4618.7215,66.6437,0.0029,45.5141,2926.985,3408.1283,1775442784890547423
nyudepth,no_sharing,73.5896,7940.5196,4618.7215,66.6437,0.0029,45.5141,2840.6465,3321.7981,1775442784890547423
nyudepth,no_sharing,73.7083,7821.8086,4618.7215,66.6437,0.0029,45.5141,2721.9279,3203.0871,1775442784890547423
nyudepth,no_sharing,73.7189,7811.1806,4618.7215,66.6437,0.0029,45.5141,2711.2932,3192.4591,1775442784890547423
nyudepth,no_sharing,73.8102,7719.9244,4618.7215,66.6437,0.0029,45.5141,2620.0299,3101.203,1775442784890547423
nyudepth,no_sharing,73.8129,7717.2561,4618.7215,66.6437,0.0029,45.5141,2617.3542,3098.5346,1775442784890547423
nyudepth,no_sharing,73.8245,7705.6322,4618.7215,66.6437,0.0029,45.5141,2605.7239,3086.9108,1775442784890547423
nyudepth,no_sharing,73.8672,7662.93,4618.7215,66.6437,0.0029,45.5141,2563.015,3044.2086,1775442784890547423
nyudepth,no_sharing,73.9638,7566.303,4618.7215,66.6437,0.0029,45.5141,2466.3811,2947.5816,1775442784890547423
nyudepth,no_sharing,74.1464,7383.7814,4618.7215,66.6437,0.0029,45.5141,2283.8523,2765.06,1775442784890547423
nyudepth,no_sharing,74.1984,7331.7966,4618.7215,66.6437,0.0029,45.5141,2231.8594,2713.0752,1775442784890547423
nyudepth,no_sharing,74.201,7329.1295,4618.7215,66.6437,0.0029,45.5141,2229.1853,2710.408,1775442784890547423
nyudepth,no_sharing,74.279,7251.1802,4618.7215,66.6437,0.0029,45.5141,2151.2291,2632.4587,1775442784890547423
nyudepth,no_sharing,74.2895,7240.705,4618.7215,66.6437,0.0029,45.5141,2140.7468,2621.9836,1775442784890547423
nyudepth,no_sharing,74.3021,7229.8994,4618.7215,66.6437,0.0029,45.5141,2128.0997,2611.1779,1775442784890547423
nyudepth,no_sharing,74.3067,7225.3027,4618.7215,66.6437,0.0029,45.5141,2123.4832,2606.5812,1775442784890547423
nyudepth,no_sharing,74.34,7192.0664,4618.7215,66.6437,0.0029,45.5141,2090.23,2573.345,1775442784890547423
nyudepth,no_sharing,74.3603,7171.8218,4618.7215,66.6437,0.0029,45.5141,2069.9701,2553.1004,1775442784890547423
nyudepth,no_sharing,74.4618,7070.2467,4618.7215,66.6437,0.0029,45.5141,1968.3809,2451.5252,1775442784890547423
nyudepth,no_sharing,74.5251,7006.978,4618.7215,66.6437,0.0029,45.5141,1905.0989,2388.2566,1775442784890547423
nyudepth,no_sharing,74.5473,6984.8034,4618.7215,66.6437,0.0029,45.5141,1882.9107,2366.082,1775442784890547423
nyudepth,no_sharing,74.5656,6966.558,4618.7215,66.6437,0.0029,45.5141,1864.6472,2347.8365,1775442784890547423
nyudepth,no_sharing,74.6015,6930.6681,4618.7215,66.6437,0.0029,45.5141,1828.7446,2311.9467,1775442784890547423
nyudepth,no_sharing,74.6162,6916.0142,4618.7215,66.6437,0.0029,45.5141,1814.0762,2297.2927,1775442784890547423
nyudepth,no_sharing,74.6188,6913.3992,4618.7215,66.6437,0.0029,45.5141,1811.4469,2294.6778,1775442784890547423
nyudepth,no_sharing,74.6404,6891.7832,4618.7215,66.6437,0.0029,45.5141,1789.8219,2273.0618,1775442784890547423
nyudepth,no_sharing,74.6551,6877.1491,4618.7215,66.6437,0.0029,45.5141,1775.1765,2258.4276,1775442784890547423
nyudepth,no_sharing,74.7199,6812.325,4618.7215,66.6437,0.0029,45.5141,1710.3391,2193.6035,1775442784890547423
nyudepth,no_sharing,74.7742,6758.0018,4618.7215,66.6437,0.0029,45.5141,1656.002,2139.2803,1775442784890547423
nyudepth,no_sharing,74.7859,6746.3057,4618.7215,66.6437,0.0029,45.5141,1644.2952,2127.5842,1775442784890547423
nyudepth,no_sharing,74.8862,6646.0397,4618.7215,66.6437,0.0029,45.5141,1544.0199,2027.3183,1775442784890547423
nyudepth,no_sharing,74.9268,6605.4475,4618.7215,66.6437,0.0029,45.5141,1503.4187,1986.7261,1775442784890547423
nyudepth,no_sharing,75.0776,6454.7102,4618.7215,66.6437,0.0029,45.5141,1352.6728,1835.9888,1775442784890547423
nyudepth,no_sharing,75.1519,6380.4216,4618.7215,66.6437,0.0029,45.5141,1278.3761,1761.7002,1775442784890547423
nyudepth,no_sharing,75.2686,6263.6664,4618.7215,66.6437,0.0029,45.5141,1161.6104,1644.9449,1775442784890547423
nyudepth,no_sharing,75.4275,6104.7742,4618.7215,66.6437,0.0029,45.5141,1002.7056,1486.0528,1775442784890547423
nyudepth,no_sharing,75.4534,6078.949,4618.7215,66.6437,0.0029,45.5141,976.8689,1460.2275,1775442784890547423
nyudepth,no_sharing,75.508,6024.2803,4618.7215,66.6437,0.0029,45.5141,922.1897,1405.5589,1775442784890547423
nyudepth,no_sharing,75.5167,6015.6562,4618.7215,66.6437,0.0029,45.5141,913.5575,1396.9348,1775442784890547423
nyudepth,no_sharing,75.532,6000.3762,4618.7215,66.6437,0.0029,45.5141,898.2699,1381.6548,1775442784890547423
nyudepth,no_sharing,75.5421,5990.2501,4618.7215,66.6437,0.0029,45.5141,888.1364,1371.5287,1775442784890547423
nyudepth,no_sharing,75.5732,5959.1348,4618.7215,66.6437,0.0029,45.5141,857.0144,1340.4134,1775442784890547423
nyudepth,no_sharing,75.6354,5896.9641,4618.7215,66.6437,0.0029,45.5141,794.8372,1278.2426,1775442784890547423
nyudepth,no_sharing,75.6773,5855.0313,4618.7215,66.6437,0.0029,45.5141,752.8958,1236.3098,1775442784890547423
nyudepth,no_sharing,75.6799,5852.4604,4618.7215,66.6437,0.0029,45.5141,750.3176,1233.7389,1775442784890547423
nyudepth,no_sharing,75.6912,5841.1934,4618.7215,66.6437,0.0029,45.5141,739.0437,1222.472,1775442784890547423
nyudepth,no_sharing,75.7535,5778.9001,4618.7215,66.6437,0.0029,45.5141,676.7418,1160.1787,1775442784890547423
nyudepth,no_sharing,75.804,5728.3654,4618.7215,66.6437,0.0029,45.5141,626.2004,1109.644,1775442784890547423
nyudepth,no_sharing,75.8207,10079.423,4563.9227,48.669,0.0034,45.1457,5505.3184,5515.5002,1775442789786348994
nyudepth,no_sharing,75.8389,10064.6031,4563.9227,48.669,0.0034,45.1457,5487.1321,5500.6804,1775442789786348994
nyudepth,no_sharing,75.9146,9991.7932,4563.9227,48.669,0.0034,45.1457,5411.4091,5427.8704,1775442789786348994
nyudepth,no_sharing,75.9505,9958.9949,4563.9227,48.669,0.0034,45.1457,5375.5696,5395.0721,1775442789786348994
nyudepth,no_sharing,75.996,9919.2195,4563.9227,48.669,0.0034,45.1457,5330.0767,5355.2968,1775442789786348994
nyudepth,no_sharing,76.0241,9891.1092,4563.9227,48.669,0.0034,45.1457,5301.9588,5327.1865,1775442789786348994
nyudepth,no_sharing,76.0925,9828.6355,4563.9227,48.669,0.0034,45.1457,5233.5203,5264.7127,1775442789786348994
nyudepth,no_sharing,76.2169,9704.2742,4563.9227,48.669,0.0034,45.1457,5109.1499,5140.3514,1775442789786348994
nyudepth,no_sharing,76.4106,9516.3214,4563.9227,48.669,0.0034,45.1457,4915.4408,4952.3987,1775442789786348994
nyudepth,no_sharing,76.4875,9439.45,4563.9227,48.669,0.0034,45.1457,4838.5601,4875.5273,1775442789786348994
nyudepth,no_sharing,76.4875,9448.0567,4563.9227,48.669,0.0034,45.1457,4838.5379,4884.134,1775442789786348994
nyudepth,no_sharing,76.4875,9448.056,4563.9227,48.669,0.0034,45.1457,4838.5286,4884.1333,1775442789786348994
nyudepth,no_sharing,76.4875,9448.0529,4563.9227,48.669,0.0034,45.1457,4838.521,4884.1302,1775442789786348994
nyudepth,no_sharing,76.6182,9325.8307,4563.9227,48.669,0.0034,45.1457,4707.8514,4761.908,1775442789786348994
nyudepth,no_sharing,76.6868,9257.1814,4563.9227,48.669,0.0034,45.1457,4639.1938,4693.2587,1775442789786348994
nyudepth,no_sharing,76.7105,9233.5331,4563.9227,48.669,0.0034,45.1457,4615.54,4669.6104,1775442789786348994
nyudepth,no_sharing,76.7595,9196.8291,4563.9227,48.669,0.0034,45.1457,4566.5071,4632.9064,1775442789786348994
nyudepth,no_sharing,76.8532,9103.1747,4563.9227,48.669,0.0034,45.1457,4472.8422,4539.252,1775442789786348994
nyudepth,no_sharing,77.0471,8909.2655,4563.9227,48.669,0.0034,45.1457,4278.9264,4345.3428,1775442789786348994
nyudepth,no_sharing,77.0582,8906.389,4563.9227,48.669,0.0034,45.1457,4267.8795,4342.4663,1775442789786348994
nyudepth,no_sharing,77.1037,8866.3688,4563.9227,48.669,0.0034,45.1457,4222.2855,4302.446,1775442789786348994
nyudepth,no_sharing,77.183,8787.1025,4563.9227,48.669,0.0034,45.1457,4143.0111,4223.1797,1775442789786348994
nyudepth,no_sharing,77.4154,8554.6842,4563.9227,48.669,0.0034,45.1457,3910.5864,3990.7614,1775442789786348994
nyudepth,no_sharing,77.4868,8491.9872,4563.9227,48.669,0.0034,45.1457,3839.2718,3928.0645,1775442789786348994
nyudepth,no_sharing,77.5354,8443.3608,4563.9227,48.669,0.0034,45.1457,3790.6363,3879.4381,1775442789786348994
nyudepth,no_sharing,77.5931,8391.4018,4563.9227,48.669,0.0034,45.1457,3732.9571,3827.479,1775442789786348994
nyudepth,no_sharing,77.6107,8373.7707,4563.9227,48.669,0.0034,45.1457,3715.3175,3809.848,1775442789786348994
nyudepth,no_sharing,77.668,8316.5009,4563.9227,48.669,0.0034,45.1457,3658.0408,3752.5782,1775442789786348994
nyudepth,no_sharing,77.7673,8228.7176,4563.9227,48.669,0.0034,45.1457,3558.6932,3664.7948,1775442789786348994
nyudepth,no_sharing,77.7827,8213.4137,4563.9227,48.669,0.0034,45.1457,3543.3786,3649.491,1775442789786348994
nyudepth,no_sharing,77.9185,8083.3204,4563.9227,48.669,0.0034,45.1457,3407.5601,3519.3976,1775442789786348994
nyudepth,no_sharing,77.9258,8076.0043,4563.9227,48.669,0.0034,45.1457,3400.2345,3512.0815,1775442789786348994
nyudepth,no_sharing,77.963,8038.7735,4563.9227,48.669,0.0034,45.1457,3362.9968,3474.8508,1775442789786348994
nyudepth,no_sharing,77.963,8038.7659,4563.9227,48.669,0.0034,45.1457,3362.9839,3474.8432,1775442789786348994
nyudepth,no_sharing,77.9631,8049.7441,4563.9227,48.669,0.0034,45.1457,3362.978,3485.8214,1775442789786348994
nyudepth,no_sharing,78.1852,7827.6463,4563.9227,48.669,0.0034,45.1457,3140.8689,3263.7235,1775442789786348994
nyudepth,no_sharing,78.1852,7836.3481,4563.9227,48.669,0.0034,45.1457,3140.8606,3272.4253,1775442789786348994
nyudepth,no_sharing,78.2199,7801.651,4563.9227,48.669,0.0034,45.1457,3106.1516,3237.7283,1775442789786348994
nyudepth,no_sharing,78.2459,7775.6557,4563.9227,48.669,0.0034,45.1457,3080.1468,3211.733,1775442789786348994
nyudepth,no_sharing,78.2526,7768.9373,4563.9227,48.669,0.0034,45.1457,3073.4203,3205.0146,1775442789786348994
nyudepth,no_sharing,78.2692,7764.6556,4563.9227,48.669,0.0034,45.1457,3056.7818,3200.7329,1775442789786348994
nyudepth,no_sharing,78.2859,7748.0361,4563.9227,48.669,0.0034,45.1457,3040.1525,3184.1134,1775442789786348994
nyudepth,no_sharing,78.3055,7728.4489,4563.9227,48.669,0.0034,45.1457,3020.5598,3164.5261,1775442789786348994
nyudepth,no_sharing,78.3371,7708.056,4563.9227,48.669,0.0034,45.1457,2988.9176,3144.1332,1775442789786348994
nyudepth,no_sharing,78.3574,7687.7728,4563.9227,48.669,0.0034,45.1457,2968.6241,3123.85,1775442789786348994
nyudepth,no_sharing,78.4417,7603.4572,4563.9227,48.669,0.0034,45.1457,2884.3026,3039.5345,1775442789786348994
nyudepth,no_sharing,78.4779,7567.307,4563.9227,48.669,0.0034,45.1457,2848.1467,3003.3843,1775442789786348994
nyudepth,no_sharing,78.5042,7555.0106,4563.9227,48.669,0.0034,45.1457,2821.7864,2991.0878,1775442789786348994
nyudepth,no_sharing,78.5169,7542.3753,4563.9227,48.669,0.0034,45.1457,2809.1419,2978.4526,1775442789786348994
nyudepth,no_sharing,78.5905,7468.7397,4563.9227,48.669,0.0034,45.1457,2735.5003,2904.817,1775442789786348994
nyudepth,no_sharing,78.6132,7446.1157,4563.9227,48.669,0.0034,45.1457,2712.8708,2882.193,1775442789786348994
nyudepth,no_sharing,78.6388,7434.8311,4563.9227,48.669,0.0034,45.1457,2687.2158,2870.9084,1775442789786348994
nyudepth,no_sharing,78.8043,7269.3079,4563.9227,48.669,0.0034,45.1457,2521.6832,2705.3851,1775442789786348994
nyudepth,no_sharing,78.807,7266.6562,4563.9227,48.669,0.0034,45.1457,2519.026,2702.7334,1775442789786348994
nyudepth,no_sharing,78.8333,7240.3431,4563.9227,48.669,0.0034,45.1457,2492.707,2676.4204,1775442789786348994
nyudepth,no_sharing,78.8796,7194.0496,4563.9227,48.669,0.0034,45.1457,2446.408,2630.1269,1775442789786348994
nyudepth,no_sharing,78.95,7138.519,4563.9227,48.669,0.0034,45.1457,2376.0555,2574.5963,1775442789786348994
nyudepth,no_sharing,79.0154,7073.1478,4563.9227,48.669,0.0034,45.1457,2310.6723,2509.225,1775442789786348994
nyudepth,no_sharing,79.031,7057.5345,4563.9227,48.669,0.0034,45.1457,2295.0499,2493.6117,1775442789786348994
nyudepth,no_sharing,79.0315,7057.0045,4563.9227,48.669,0.0034,45.1457,2294.5096,2493.0817,1775442789786348994
nyudepth,no_sharing,79.0871,7001.405,4563.9227,48.669,0.0034,45.1457,2238.9011,2437.4823,1775442789786348994
nyudepth,no_sharing,79.1316,6974.0396,4563.9227,48.669,0.0034,45.1457,2194.4537,2410.1168,1775442789786348994
nyudepth,no_sharing,79.1362,6969.4259,4563.9227,48.669,0.0034,45.1457,2189.8282,2405.5032,1775442789786348994
nyudepth,no_sharing,79.1718,6933.814,4563.9227,48.669,0.0034,45.1457,2154.2068,2369.8913,1775442789786348994
nyudepth,no_sharing,79.1824,6923.2404,4563.9227,48.669,0.0034,45.1457,2143.6248,2359.3177,1775442789786348994
nyudepth,no_sharing,79.188,6917.6319,4563.9227,48.669,0.0034,45.1457,2138.0079,2353.7091,1775442789786348994
nyudepth,no_sharing,79.2313,6891.571,4563.9227,48.669,0.0034,45.1457,2094.7227,2327.6483,1775442789786348994
nyudepth,no_sharing,79.2865,6836.3438,4563.9227,48.669,0.0034,45.1457,2039.4826,2272.421,1775442789786348994
nyudepth,no_sharing,79.3348,6788.1272,4563.9227,48.669,0.0034,45.1457,1991.2558,2224.2045,1775442789786348994
nyudepth,no_sharing,79.3544,6768.4958,4563.9227,48.669,0.0034,45.1457,1971.6151,2204.5731,1775442789786348994
nyudepth,no_sharing,79.3993,6723.5928,4563.9227,48.669,0.0034,45.1457,1926.7037,2159.67,1775442789786348994
nyudepth,no_sharing,79.4302,6692.7657,4563.9227,48.669,0.0034,45.1457,1895.8681,2128.843,1775442789786348994
nyudepth,no_sharing,79.4658,6677.8071,4563.9227,48.669,0.0034,45.1457,1860.2514,2113.8844,1775442789786348994
nyudepth,no_sharing,79.53,6613.575,4563.9227,48.669,0.0034,45.1457,1796.0033,2049.6523,1775442789786348994
nyudepth,no_sharing,79.5746,6568.9595,4563.9227,48.669,0.0034,45.1457,1751.38,2005.0367,1775442789786348994
nyudepth,no_sharing,79.6252,6518.4565,4563.9227,48.669,0.0034,45.1457,1700.8677,1954.5337,1775442789786348994
nyudepth,no_sharing,79.7071,6436.5573,4563.9227,48.669,0.0034,45.1457,1618.9599,1872.6346,1775442789786348994
nyudepth,no_sharing,79.7303,6413.3027,4563.9227,48.669,0.0034,45.1457,1595.6974,1849.3799,1775442789786348994
nyudepth,no_sharing,79.7681,6400.2821,4563.9227,48.669,0.0034,45.1457,1557.8907,1836.3594,1775442789786348994
nyudepth,no_sharing,79.82,6348.448,4563.9227,48.669,0.0034,45.1457,1506.038,1784.5253,1775442789786348994
nyudepth,no_sharing,79.9082,6260.2019,4563.9227,48.669,0.0034,45.1457,1417.7804,1696.2792,1775442789786348994
nyudepth,no_sharing,79.923,6245.4915,4563.9227,48.669,0.0034,45.1457,1403.06,1681.5688,1775442789786348994
nyudepth,no_sharing,79.9957,6172.791,4563.9227,48.669,0.0034,45.1457,1330.349,1608.8683,1775442789786348994
nyudepth,no_sharing,80.0123,6156.1553,4563.9227,48.669,0.0034,45.1457,1313.7038,1592.2326,1775442789786348994
nyudepth,no_sharing,80.032,6136.5056,4563.9227,48.669,0.0034,45.1457,1294.0381,1572.5829,1775442789786348994
nyudepth,no_sharing,80.0599,6136.8804,4563.9227,48.669,0.0034,45.1457,1266.1304,1572.9577,1775442789786348994
nyudepth,no_sharing,80.0656,6131.2306,4563.9227,48.669,0.0034,45.1457,1260.4687,1567.3079,1775442789786348994
nyudepth,no_sharing,80.1731,6023.6762,4563.9227,48.669,0.0034,45.1457,1152.9055,1459.7534,1775442789786348994
nyudepth,no_sharing,80.2717,5925.1473,4563.9227,48.669,0.0034,45.1457,1054.3697,1361.2246,1775442789786348994
nyudepth,no_sharing,80.4256,5771.1682,4563.9227,48.669,0.0034,45.1457,900.3832,1207.2455,1775442789786348994
nyudepth,no_sharing,80.4703,5726.5239,4563.9227,48.669,0.0034,45.1457,855.7322,1162.6011,1775442789786348994
nyudepth,no_sharing,80.5277,5669.1396,4563.9227,48.669,0.0034,45.1457,798.3413,1105.2169,1775442789786348994
nyudepth,no_sharing,80.5444,5652.5815,4563.9227,48.669,0.0034,45.1457,781.6792,1088.6587,1775442789786348994
nyudepth,no_sharing,80.546,5650.9299,4563.9227,48.669,0.0034,45.1457,780.02,1087.0072,1775442789786348994
nyudepth,no_sharing,80.6127,5584.2147,4563.9227,48.669,0.0034,45.1457,713.2993,1020.292,1775442789786348994
nyudepth,no_sharing,80.6235,5573.4684,4563.9227,48.669,0.0034,45.1457,702.548,1009.5457,1775442789786348994
nyudepth,no_sharing,80.6381,5558.8326,4563.9227,48.669,0.0034,45.1457,687.9067,994.9099,1775442789786348994
nyudepth,no_sharing,80.8876,5309.3643,4563.9227,48.669,0.0034,45.1457,438.4332,745.4416,1775442789786348994
nyudepth,no_sharing,80.8955,5301.4493,4563.9227,48.669,0.0034,45.1457,430.5139,737.5266,1775442789786348994
nyudepth,no_sharing,80.9003,5296.7076,4563.9227,48.669,0.0034,45.1457,425.7677,732.7849,1775442789786348994
nyudepth,no_sharing,80.904,9403.8429,4138.6176,419.6414,0.003,46.4807,5255.0993,5265.2253,1775442794619458978
nyudepth,no_sharing,80.9574,9355.0797,4138.6176,419.6414,0.003,46.4807,5201.7844,5216.462,1775442794619458978
nyudepth,no_sharing,80.9801,9341.3353,4138.6176,419.6414,0.003,46.4807,5179.0717,5202.7177,1775442794619458978
nyudepth,no_sharing,80.9997,9321.6689,4138.6176,419.6414,0.003,46.4807,5159.3969,5183.0513,1775442794619458978
nyudepth,no_sharing,81.0394,9300.5745,4138.6176,419.6414,0.003,46.4807,5119.7541,5161.9569,1775442794619458978
nyudepth,no_sharing,81.0451,9294.889,4138.6176,419.6414,0.003,46.4807,5114.0599,5156.2714,1775442794619458978
nyudepth,no_sharing,81.052,9287.9686,4138.6176,419.6414,0.003,46.4807,5107.1332,5149.351,1775442794619458978
nyudepth,no_sharing,81.3166,9023.3541,4138.6176,419.6414,0.003,46.4807,4842.5119,4884.7364,1775442794619458978
nyudepth,no_sharing,81.3167,9055.1784,4138.6176,419.6414,0.003,46.4807,4842.4845,4916.5608,1775442794619458978
nyudepth,no_sharing,81.5319,8839.9262,4138.6176,419.6414,0.003,46.4807,4627.2204,4701.3086,1775442794619458978
nyudepth,no_sharing,81.5319,8839.9208,4138.6176,419.6414,0.003,46.4807,4627.2075,4701.3032,1775442794619458978
nyudepth,no_sharing,81.5319,8839.9193,4138.6176,419.6414,0.003,46.4807,4627.1992,4701.3017,1775442794619458978
nyudepth,no_sharing,81.5319,8839.9179,4138.6176,419.6414,0.003,46.4807,4627.1918,4701.3003,1775442794619458978
nyudepth,no_sharing,81.5485,8823.3633,4138.6176,419.6414,0.003,46.4807,4610.6305,4684.7457,1775442794619458978
nyudepth,no_sharing,81.6414,8730.4366,4138.6176,419.6414,0.003,46.4807,4517.6973,4591.819,1775442794619458978
nyudepth,no_sharing,81.6841,8743.2604,4138.6176,419.6414,0.003,46.4807,4475.0702,4604.6428,1775442794619458978
nyudepth,no_sharing,81.7264,8700.9895,4138.6176,419.6414,0.003,46.4807,4432.7846,4562.3719,1775442794619458978
nyudepth,no_sharing,81.744,8683.358,4138.6176,419.6414,0.003,46.4807,4415.1447,4544.7403,1775442794619458978
nyudepth,no_sharing,81.7989,8628.4325,4138.6176,419.6414,0.003,46.4807,4360.2118,4489.8149,1775442794619458978
nyudepth,no_sharing,81.8049,8622.4809,4138.6176,419.6414,0.003,46.4807,4354.2535,4483.8633,1775442794619458978
nyudepth,no_sharing,81.9033,8524.0617,4138.6176,419.6414,0.003,46.4807,4255.8265,4385.4441,1775442794619458978
nyudepth,no_sharing,81.9371,8490.3288,4138.6176,419.6414,0.003,46.4807,4222.0867,4351.7112,1775442794619458978
nyudepth,no_sharing,81.9432,8484.1416,4138.6176,419.6414,0.003,46.4807,4215.8923,4345.524,1775442794619458978
nyudepth,no_sharing,81.9604,8466.9752,4138.6176,419.6414,0.003,46.4807,4198.7185,4328.3576,1775442794619458978
nyudepth,no_sharing,81.9916,8435.7667,4138.6176,419.6414,0.003,46.4807,4167.5036,4297.1491,1775442794619458978
nyudepth,no_sharing,82.1674,8260.0181,4138.6176,419.6414,0.003,46.4807,3991.7481,4121.4005,1775442794619458978
nyudepth,no_sharing,82.2231,8204.2742,4138.6176,419.6414,0.003,46.4807,3935.9972,4065.6566,1775442794619458978
nyudepth,no_sharing,82.3019,8222.8613,4138.6176,419.6414,0.003,46.4807,3857.2595,4084.2437,1775442794619458978
nyudepth,no_sharing,82.5333,7991.4463,4138.6176,419.6414,0.003,46.4807,3625.8259,3852.8286,1775442794619458978
nyudepth,no_sharing,82.6024,7922.4014,4138.6176,419.6414,0.003,46.4807,3556.7696,3783.7838,1775442794619458978
nyudepth,no_sharing,82.606,7918.7953,4138.6176,419.6414,0.003,46.4807,3553.1526,3780.1777,1775442794619458978
nyudepth,no_sharing,82.6687,7856.1025,4138.6176,419.6414,0.003,46.4807,3490.4492,3717.4849,1775442794619458978
nyudepth,no_sharing,82.7416,7783.2174,4138.6176,419.6414,0.003,46.4807,3417.5532,3644.5998,1775442794619458978
nyudepth,no_sharing,82.7605,7764.2946,4138.6176,419.6414,0.003,46.4807,3398.6199,3625.677,1775442794619458978
nyudepth,no_sharing,82.7695,7755.368,4138.6176,419.6414,0.003,46.4807,3389.6835,3616.7504,1775442794619458978
nyudepth,no_sharing,82.8105,7714.3123,4138.6176,419.6414,0.003,46.4807,3348.6197,3575.6947,1775442794619458978
nyudepth,no_sharing,83.2403,7284.5662,4138.6176,419.6414,0.003,46.4807,2918.8635,3145.9486,1775442794619458978
nyudepth,no_sharing,83.2403,7284.5645,4138.6176,419.6414,0.003,46.4807,2918.8521,3145.9469,1775442794619458978
nyudepth,no_sharing,83.3006,7224.2332,4138.6176,419.6414,0.003,46.4807,2858.5095,3085.6155,1775442794619458978
nyudepth,no_sharing,83.3747,7150.1234,4138.6176,419.6414,0.003,46.4807,2784.3897,3011.5057,1775442794619458978
nyudepth,no_sharing,83.3959,7128.9701,4138.6176,419.6414,0.003,46.4807,2763.2267,2990.3525,1775442794619458978
nyudepth,no_sharing,83.4442,7080.6794,4138.6176,419.6414,0.003,46.4807,2714.9262,2942.0618,1775442794619458978
nyudepth,no_sharing,83.5906,6934.3023,4138.6176,419.6414,0.003,46.4807,2568.5389,2795.6847,1775442794619458978
nyudepth,no_sharing,83.6083,6916.6214,4138.6176,419.6414,0.003,46.4807,2550.8473,2778.0038,1775442794619458978
nyudepth,no_sharing,83.611,6913.9712,4138.6176,419.6414,0.003,46.4807,2548.187,2775.3536,1775442794619458978
nyudepth,no_sharing,83.9918,6533.1316,4138.6176,419.6414,0.003,46.4807,2167.3379,2394.514,1775442794619458978
nyudepth,no_sharing,84.0164,6508.5733,4138.6176,419.6414,0.003,46.4807,2142.7698,2369.9557,1775442794619458978
nyudepth,no_sharing,84.2492,6275.7192,4138.6176,419.6414,0.003,46.4807,1909.9057,2137.1016,1775442794619458978
nyudepth,no_sharing,84.293,6321.8794,4138.6176,419.6414,0.003,46.4807,1866.1561,2183.2618,1775442794619458978
nyudepth,no_sharing,84.3342,6284.43,4138.6176,419.6414,0.003,46.4807,1824.9836,2145.8124,1775442794619458978
nyudepth,no_sharing,84.3879,6230.7184,4138.6176,419.6414,0.003,46.4807,1771.2562,2092.1008,1775442794619458978
nyudepth,no_sharing,84.4309,6187.7604,4138.6176,419.6414,0.003,46.4807,1728.2894,2049.1427,1775442794619458978
nyudepth,no_sharing,84.5952,6023.4568,4138.6176,419.6414,0.003,46.4807,1563.9772,1884.8392,1775442794619458978
nyudepth,no_sharing,84.6221,5996.4986,4138.6176,419.6414,0.003,46.4807,1537.0119,1857.881,1775442794619458978
nyudepth,no_sharing,84.63,5988.6272,4138.6176,419.6414,0.003,46.4807,1529.1345,1850.0096,1775442794619458978
nyudepth,no_sharing,84.7282,5890.4736,4138.6176,419.6414,0.003,46.4807,1430.974,1751.856,1775442794619458978
nyudepth,no_sharing,84.7858,5832.8598,4138.6176,419.6414,0.003,46.4807,1373.354,1694.2421,1775442794619458978
nyudepth,no_sharing,84.7879,5830.7085,4138.6176,419.6414,0.003,46.4807,1371.1967,1692.0909,1775442794619458978
nyudepth,no_sharing,84.8448,5773.8214,4138.6176,419.6414,0.003,46.4807,1314.3036,1635.2037,1775442794619458978
nyudepth,no_sharing,84.9276,5691.0336,4138.6176,419.6414,0.003,46.4807,1231.5099,1552.416,1775442794619458978
nyudepth,no_sharing,84.9475,5671.1445,4138.6176,419.6414,0.003,46.4807,1211.6156,1532.5269,1775442794619458978
nyudepth,no_sharing,84.9736,5645.0527,4138.6176,419.6414,0.003,46.4807,1185.5183,1506.4351,1775442794619458978
nyudepth,no_sharing,84.9798,5638.8435,4138.6176,419.6414,0.003,46.4807,1179.3036,1500.2259,1775442794619458978
nyudepth,no_sharing,84.9967,5622.005,4138.6176,419.6414,0.003,46.4807,1162.4537,1483.3874,1775442794619458978
nyudepth,no_sharing,85.0536,5565.1293,4138.6176,419.6414,0.003,46.4807,1105.5527,1426.5117,1775442794619458978
nyudepth,no_sharing,85.0555,5563.2541,4138.6176,419.6414,0.003,46.4807,1103.6692,1424.6365,1775442794619458978
nyudepth,no_sharing,85.1296,5489.1138,4138.6176,419.6414,0.003,46.4807,1029.5219,1350.4962,1775442794619458978
nyudepth,no_sharing,85.2751,5343.6868,4138.6176,419.6414,0.003,46.4807,884.0878,1205.0692,1775442794619458978
nyudepth,no_sharing,85.2817,5337.0895,4138.6176,419.6414,0.003,46.4807,877.4841,1198.4719,1775442794619458978
nyudepth,no_sharing,85.3099,5308.8648,4138.6176,419.6414,0.003,46.4807,849.2539,1170.2472,1775442794619458978
nyudepth,no_sharing,85.3225,5296.2518,4138.6176,419.6414,0.003,46.4807,836.6344,1157.6342,1775442794619458978
nyudepth,no_sharing,85.3555,5263.3045,4138.6176,419.6414,0.003,46.4807,803.6814,1124.6869,1775442794619458978
nyudepth,no_sharing,85.4351,5183.6274,4138.6176,419.6414,0.003,46.4807,723.9985,1045.0098,1775442794619458978
nyudepth,no_sharing,85.488,5130.8215,4138.6176,419.6414,0.003,46.4807,671.1867,992.2039,1775442794619458978
nyudepth,no_sharing,85.5159,5102.8976,4138.6176,419.6414,0.003,46.4807,643.2567,964.28,1775442794619458978
nyudepth,no_sharing,85.5247,5094.0397,4138.6176,419.6414,0.003,46.4807,634.393,955.4221,1775442794619458978
nyudepth,no_sharing,85.7267,4892.0569,4138.6176,419.6414,0.003,46.4807,432.405,753.4393,1775442794619458978
nyudepth,no_sharing,85.7429,4875.8774,4138.6176,419.6414,0.003,46.4807,416.2202,737.2598,1775442794619458978
nyudepth,no_sharing,85.7601,4858.6578,4138.6176,419.6414,0.003,46.4807,398.9952,720.0402,1775442794619458978
nyudepth,no_sharing,85.7609,4857.8825,4138.6176,419.6414,0.003,46.4807,398.2151,719.2649,1775442794619458978
nyudepth,no_sharing,86.0017,8410.7928,3883.9331,383.0111,0.0028,45.4603,4517.8072,4526.8598,1775442798979872901
nyudepth,no_sharing,86.0884,8327.0667,3883.9331,383.0111,0.0028,45.4603,4431.1411,4443.1336,1775442798979872901
nyudepth,no_sharing,86.1969,8221.3867,3883.9331,383.0111,0.0028,45.4603,4322.6535,4337.4536,1775442798979872901
nyudepth,no_sharing,86.2564,8164.7832,3883.9331,383.0111,0.0028,45.4603,4263.1412,4280.8502,1775442798979872901
nyudepth,no_sharing,86.2822,8141.8412,3883.9331,383.0111,0.0028,45.4603,4237.4003,4257.9081,1775442798979872901
nyudepth,no_sharing,86.312,8114.8777,3883.9331,383.0111,0.0028,45.4603,4207.5779,4230.9447,1775442798979872901
nyudepth,no_sharing,86.3966,8035.8996,3883.9331,383.0111,0.0028,45.4603,4122.9956,4151.9666,1775442798979872901
nyudepth,no_sharing,86.4599,7972.5468,3883.9331,383.0111,0.0028,45.4603,4059.6349,4088.6138,1775442798979872901
nyudepth,no_sharing,86.4648,7973.3672,3883.9331,383.0111,0.0028,45.4603,4054.7354,4089.4342,1775442798979872901
nyudepth,no_sharing,86.4995,7938.7181,3883.9331,383.0111,0.0028,45.4603,4020.0787,4054.785,1775442798979872901
nyudepth,no_sharing,86.6627,7781.1434,3883.9331,383.0111,0.0028,45.4603,3856.8816,3897.2104,1775442798979872901
nyudepth,no_sharing,86.7087,7735.1513,3883.9331,383.0111,0.0028,45.4603,3810.8809,3851.2182,1775442798979872901
nyudepth,no_sharing,86.7595,7690.3422,3883.9331,383.0111,0.0028,45.4603,3760.0834,3806.4091,1775442798979872901
nyudepth,no_sharing,86.7751,7674.7661,3883.9331,383.0111,0.0028,45.4603,3744.4975,3790.833,1775442798979872901
nyudepth,no_sharing,86.9762,7482.7273,3883.9331,383.0111,0.0028,45.4603,3543.3977,3598.7942,1775442798979872901
nyudepth,no_sharing,87.098,7360.8673,3883.9331,383.0111,0.0028,45.4603,3421.5291,3476.9342,1775442798979872901
nyudepth,no_sharing,87.134,7324.8765,3883.9331,383.0111,0.0028,45.4603,3385.5319,3440.9435,1775442798979872901
nyudepth,no_sharing,87.1567,7310.8644,3883.9331,383.0111,0.0028,45.4603,3362.9005,3426.9314,1775442798979872901
nyudepth,no_sharing,87.1723,7295.2394,3883.9331,383.0111,0.0028,45.4603,3347.2667,3411.3064,1775442798979872901
nyudepth,no_sharing,87.1986,7268.9567,3883.9331,383.0111,0.0028,45.4603,3320.9784,3385.0236,1775442798979872901
nyudepth,no_sharing,87.2072,7272.8164,3883.9331,383.0111,0.0028,45.4603,3312.3314,3388.8834,1775442798979872901
nyudepth,no_sharing,87.2219,7258.1854,3883.9331,383.0111,0.0028,45.4603,3297.6916,3374.2523,1775442798979872901
nyudepth,no_sharing,87.3162,7163.8076,3883.9331,383.0111,0.0028,45.4603,3203.3069,3279.8746,1775442798979872901
nyudepth,no_sharing,87.3227,7157.3956,3883.9331,383.0111,0.0028,45.4603,3196.8892,3273.4626,1775442798979872901
nyudepth,no_sharing,87.3265,7168.3378,3883.9331,383.0111,0.0028,45.4603,3193.0501,3284.4048,1775442798979872901
nyudepth,no_sharing,87.3294,7165.4692,3883.9331,383.0111,0.0028,45.4603,3190.1696,3281.5361,1775442798979872901
nyudepth,no_sharing,87.4279,7066.9696,3883.9331,383.0111,0.0028,45.4603,3091.6617,3183.0366,1775442798979872901
nyudepth,no_sharing,87.4671,7027.7555,3883.9331,383.0111,0.0028,45.4603,3052.4406,3143.8224,1775442798979872901
nyudepth,no_sharing,87.5302,6976.0542,3883.9331,383.0111,0.0028,45.4603,2989.3861,3092.1211,1775442798979872901
nyudepth,no_sharing,87.6176,6894.4871,3883.9331,383.0111,0.0028,45.4603,2901.9799,3010.5541,1775442798979872901
nyudepth,no_sharing,87.6515,6860.6052,3883.9331,383.0111,0.0028,45.4603,2868.0892,2976.6722,1775442798979872901
nyudepth,no_sharing,87.7951,6716.9309,3883.9331,383.0111,0.0028,45.4603,2724.4091,2832.9978,1775442798979872901
nyudepth,no_sharing,87.7952,6716.9161,3883.9331,383.0111,0.0028,45.4603,2724.3886,2832.983,1775442798979872901
nyudepth,no_sharing,88.1374,6388.6845,3883.9331,383.0111,0.0028,45.4603,2382.1952,2504.7515,1775442798979872901
nyudepth,no_sharing,88.1374,6388.6876,3883.9331,383.0111,0.0028,45.4603,2382.1886,2504.7546,1775442798979872901
nyudepth,no_sharing,88.1374,6395.1271,3883.9331,383.0111,0.0028,45.4603,2382.1831,2511.194,1775442798979872901
nyudepth,no_sharing,88.1374,6395.1311,3883.9331,383.0111,0.0028,45.4603,2382.1785,2511.1981,1775442798979872901
nyudepth,no_sharing,88.1374,6395.1328,3883.9331,383.0111,0.0028,45.4603,2382.1738,2511.1997,1775442798979872901
nyudepth,no_sharing,88.159,6373.5342,3883.9331,383.0111,0.0028,45.4603,2360.5697,2489.6012,1775442798979872901
nyudepth,no_sharing,88.1737,6358.8109,3883.9331,383.0111,0.0028,45.4603,2345.8412,2474.8779,1775442798979872901
nyudepth,no_sharing,88.2093,6340.1661,3883.9331,383.0111,0.0028,45.4603,2310.2348,2456.233,1775442798979872901
nyudepth,no_sharing,88.2466,6302.9025,3883.9331,383.0111,0.0028,45.4603,2272.9611,2418.9694,1775442798979872901
nyudepth,no_sharing,88.2881,6267.3593,3883.9331,383.0111,0.0028,45.4603,2231.4515,2383.4262,1775442798979872901
nyudepth,no_sharing,88.303,6252.4974,3883.9331,383.0111,0.0028,45.4603,2216.5806,2368.5644,1775442798979872901
nyudepth,no_sharing,88.3406,6214.8845,3883.9331,383.0111,0.0028,45.4603,2178.962,2330.9515,1775442798979872901
nyudepth,no_sharing,88.4339,6121.5696,3883.9331,383.0111,0.0028,45.4603,2085.6411,2237.6366,1775442798979872901
nyudepth,no_sharing,88.4487,6106.8091,3883.9331,383.0111,0.0028,45.4603,2070.8756,2222.8761,1775442798979872901
nyudepth,no_sharing,88.469,6086.5355,3883.9331,383.0111,0.0028,45.4603,2050.5965,2202.6024,1775442798979872901
nyudepth,no_sharing,88.5307,6044.3058,3883.9331,383.0111,0.0028,45.4603,1988.8697,2160.3728,1775442798979872901
nyudepth,no_sharing,88.5413,6033.7014,3883.9331,383.0111,0.0028,45.4603,1978.2555,2149.7684,1775442798979872901
nyudepth,no_sharing,88.6936,5890.2435,3883.9331,383.0111,0.0028,45.4603,1825.9351,2006.3105,1775442798979872901
nyudepth,no_sharing,88.7659,5818.0001,3883.9331,383.0111,0.0028,45.4603,1753.6795,1934.067,1775442798979872901
nyudepth,no_sharing,88.8384,5745.5318,3883.9331,383.0111,0.0028,45.4603,1681.2007,1861.5987,1775442798979872901
nyudepth,no_sharing,88.9009,5683.0001,3883.9331,383.0111,0.0028,45.4603,1618.659,1799.067,1775442798979872901
nyudepth,no_sharing,88.9207,5663.1646,3883.9331,383.0111,0.0028,45.4603,1598.8162,1779.2316,1775442798979872901
nyudepth,no_sharing,88.95,5633.8975,3883.9331,383.0111,0.0028,45.4603,1569.5403,1749.9645,1775442798979872901
nyudepth,no_sharing,88.9856,5598.2904,3883.9331,383.0111,0.0028,45.4603,1533.9253,1714.3574,1775442798979872901
nyudepth,no_sharing,89.0243,5582.1569,3883.9331,383.0111,0.0028,45.4603,1495.2929,1698.2238,1775442798979872901
nyudepth,no_sharing,89.0942,5512.2104,3883.9331,383.0111,0.0028,45.4603,1425.3304,1628.2773,1775442798979872901
nyudepth,no_sharing,89.1139,5492.5616,3883.9331,383.0111,0.0028,45.4603,1405.6728,1608.6285,1775442798979872901
nyudepth,no_sharing,89.1426,5477.8614,3883.9331,383.0111,0.0028,45.4603,1376.9209,1593.9284,1775442798979872901
nyudepth,no_sharing,89.3179,5302.5634,3883.9331,383.0111,0.0028,45.4603,1201.6051,1418.6304,1775442798979872901
nyudepth,no_sharing,89.4612,5159.3313,3883.9331,383.0111,0.0028,45.4603,1058.3613,1275.3983,1775442798979872901
nyudepth,no_sharing,89.4789,5141.6187,3883.9331,383.0111,0.0028,45.4603,1040.6394,1257.6857,1775442798979872901
nyudepth,no_sharing,89.5346,5085.9439,3883.9331,383.0111,0.0028,45.4603,984.9544,1202.0109,1775442798979872901
nyudepth,no_sharing,89.5465,5074.06,3883.9331,383.0111,0.0028,45.4603,973.0611,1190.1269,1775442798979872901
nyudepth,no_sharing,89.5674,5053.1271,3883.9331,383.0111,0.0028,45.4603,952.1172,1169.194,1775442798979872901
nyudepth,no_sharing,89.5872,5033.3614,3883.9331,383.0111,0.0028,45.4603,932.3423,1149.4284,1775442798979872901
nyudepth,no_sharing,89.6407,5006.6047,3883.9331,383.0111,0.0028,45.4603,878.8199,1122.6716,1775442798979872901
nyudepth,no_sharing,89.7724,4874.933,3883.9331,383.0111,0.0028,45.4603,747.129,991.0,1775442798979872901
nyudepth,no_sharing,89.8043,4843.0381,3883.9331,383.0111,0.0028,45.4603,715.2224,959.105,1775442798979872901
nyudepth,no_sharing,89.9566,4690.8615,3883.9331,383.0111,0.0028,45.4603,562.9802,806.9284,1775442798979872901
nyudepth,no_sharing,90.0691,4578.3269,3883.9331,383.0111,0.0028,45.4603,450.4321,694.3939,1775442798979872901
nyudepth,no_sharing,90.1051,4542.3267,3883.9331,383.0111,0.0028,45.4603,414.4213,658.3936,1775442798979872901
nyudepth,no_sharing,90.1625,4484.9193,3883.9331,383.0111,0.0028,45.4603,357.0039,600.9863,1775442798979872901
nyudepth,no_sharing,90.2099,4437.5417,3883.9331,383.0111,0.0028,45.4603,309.6163,553.6087,1775442798979872901
nyudepth,no_sharing,90.2999,4347.6176,3883.9331,383.0111,0.0028,45.4603,219.6851,463.6846,1775442798979872901
nyudepth,no_sharing,90.4246,8088.3167,3888.4558,44.9426,0.0026,44.1727,4189.5077,4199.8609,1775442803074418873
nyudepth,no_sharing,90.4246,8093.153,3888.4558,44.9426,0.0026,44.1727,4189.4922,4204.6972,1775442803074418873
nyudepth,no_sharing,90.5246,8007.3421,3888.4558,44.9426,0.0026,44.1727,4089.4887,4118.8863,1775442803074418873
nyudepth,no_sharing,90.5246,8007.3338,3888.4558,44.9426,0.0026,44.1727,4089.4697,4118.878,1775442803074418873
nyudepth,no_sharing,90.5246,8020.6699,3888.4558,44.9426,0.0026,44.1727,4089.462,4132.2142,1775442803074418873
nyudepth,no_sharing,90.5246,8029.7592,3888.4558,44.9426,0.0026,44.1727,4089.4558,4141.3034,1775442803074418873
nyudepth,no_sharing,90.5246,8029.7654,3888.4558,44.9426,0.0026,44.1727,4089.4506,4141.3096,1775442803074418873
nyudepth,no_sharing,90.6206,7933.794,3888.4558,44.9426,0.0026,44.1727,3993.4714,4045.3383,1775442803074418873
nyudepth,no_sharing,90.8328,7739.6576,3888.4558,44.9426,0.0026,44.1727,3781.3489,3851.2019,1775442803074418873
nyudepth,no_sharing,90.8739,7698.5195,3888.4558,44.9426,0.0026,44.1727,3740.1989,3810.0637,1775442803074418873
nyudepth,no_sharing,90.9183,7672.1706,3888.4558,44.9426,0.0026,44.1727,3695.8034,3783.7149,1775442803074418873
nyudepth,no_sharing,90.9731,7617.3995,3888.4558,44.9426,0.0026,44.1727,3641.021,3728.9437,1775442803074418873
nyudepth,no_sharing,91.0324,7558.1033,3888.4558,44.9426,0.0026,44.1727,3581.7173,3669.6476,1775442803074418873
nyudepth,no_sharing,91.041,7549.468,3888.4558,44.9426,0.0026,44.1727,3573.0755,3661.0123,1775442803074418873
nyudepth,no_sharing,91.0737,7548.0285,3888.4558,44.9426,0.0026,44.1727,3540.4449,3659.5727,1775442803074418873
nyudepth,no_sharing,91.0773,7544.4238,3888.4558,44.9426,0.0026,44.1727,3536.8135,3655.9681,1775442803074418873
nyudepth,no_sharing,91.0773,7544.4202,3888.4558,44.9426,0.0026,44.1727,3536.8011,3655.9645,1775442803074418873
nyudepth,no_sharing,91.1154,7506.3558,3888.4558,44.9426,0.0026,44.1727,3498.7292,3617.9,1775442803074418873
nyudepth,no_sharing,91.3134,7340.1349,3888.4558,44.9426,0.0026,44.1727,3300.7023,3451.6791,1775442803074418873
nyudepth,no_sharing,91.3451,7308.4803,3888.4558,44.9426,0.0026,44.1727,3269.0363,3420.0245,1775442803074418873
nyudepth,no_sharing,91.3489,7304.6091,3888.4558,44.9426,0.0026,44.1727,3265.1572,3416.1533,1775442803074418873
nyudepth,no_sharing,91.3666,7286.9864,3888.4558,44.9426,0.0026,44.1727,3247.5274,3398.5306,1775442803074418873
nyudepth,no_sharing,91.3772,7276.3355,3888.4558,44.9426,0.0026,44.1727,3236.8693,3387.8797,1775442803074418873
nyudepth,no_sharing,91.4409,7212.6992,3888.4558,44.9426,0.0026,44.1727,3173.2264,3324.2434,1775442803074418873
nyudepth,no_sharing,91.4605,7193.0649,3888.4558,44.9426,0.0026,44.1727,3153.5854,3304.6092,1775442803074418873
nyudepth,no_sharing,91.5129,7195.1008,3888.4558,44.9426,0.0026,44.1727,3101.2008,3306.645,1775442803074418873
nyudepth,no_sharing,91.5406,7167.4547,3888.4558,44.9426,0.0026,44.1727,3073.5414,3278.999,1775442803074418873
nyudepth,no_sharing,91.5919,7116.1652,3888.4558,44.9426,0.0026,44.1727,3022.2423,3227.7094,1775442803074418873
nyudepth,no_sharing,91.6392,7068.8703,3888.4558,44.9426,0.0026,44.1727,2974.9403,3180.4145,1775442803074418873
nyudepth,no_sharing,91.7501,6957.9501,3888.4558,44.9426,0.0026,44.1727,2864.0113,3069.4944,1775442803074418873
nyudepth,no_sharing,91.7677,6940.3017,3888.4558,44.9426,0.0026,44.1727,2846.355,3051.8459,1775442803074418873
nyudepth,no_sharing,91.79,6918.0403,3888.4558,44.9426,0.0026,44.1727,2824.0802,3029.5845,1775442803074418873
nyudepth,no_sharing,91.8215,6941.6854,3888.4558,44.9426,0.0026,44.1727,2792.5773,3053.2297,1775442803074418873
nyudepth,no_sharing,91.8597,6903.5602,3888.4558,44.9426,0.0026,44.1727,2754.4363,3015.1044,1775442803074418873
nyudepth,no_sharing,91.8705,6892.7481,3888.4558,44.9426,0.0026,44.1727,2743.614,3004.2924,1775442803074418873
nyudepth,no_sharing,91.9103,6852.9904,3888.4558,44.9426,0.0026,44.1727,2703.8453,2964.5346,1775442803074418873
nyudepth,no_sharing,91.9775,6785.7456,3888.4558,44.9426,0.0026,44.1727,2636.5907,2897.2899,1775442803074418873
nyudepth,no_sharing,91.9926,6770.699,3888.4558,44.9426,0.0026,44.1727,2621.5355,2882.2433,1775442803074418873
nyudepth,no_sharing,92.1,6663.2779,3888.4558,44.9426,0.0026,44.1727,2514.1039,2774.8221,1775442803074418873
nyudepth,no_sharing,92.1895,6573.7729,3888.4558,44.9426,0.0026,44.1727,2424.5894,2685.3171,1775442803074418873
nyudepth,no_sharing,92.2712,6492.0521,3888.4558,44.9426,0.0026,44.1727,2342.8593,2603.5963,1775442803074418873
nyudepth,no_sharing,92.3428,6420.5275,3888.4558,44.9426,0.0026,44.1727,2271.3244,2532.0717,1775442803074418873
nyudepth,no_sharing,92.3941,6369.2548,3888.4558,44.9426,0.0026,44.1727,2220.0422,2480.7991,1775442803074418873
nyudepth,no_sharing,92.4278,6335.4759,3888.4558,44.9426,0.0026,44.1727,2186.2555,2447.0202,1775442803074418873
nyudepth,no_sharing,92.483,6340.8298,3888.4558,44.9426,0.0026,44.1727,2131.0749,2452.3741,1775442803074418873
nyudepth,no_sharing,92.7288,6095.1014,3888.4558,44.9426,0.0026,44.1727,1885.3338,2206.6456,1775442803074418873
nyudepth,no_sharing,92.7288,6095.0856,3888.4558,44.9426,0.0026,44.1727,1885.3111,2206.6299,1775442803074418873
nyudepth,no_sharing,92.7288,6095.0849,3888.4558,44.9426,0.0026,44.1727,1885.3033,2206.6291,1775442803074418873
nyudepth,no_sharing,92.9372,5886.6997,3888.4558,44.9426,0.0026,44.1727,1676.9106,1998.2439,1775442803074418873
nyudepth,no_sharing,92.9372,5886.6971,3888.4558,44.9426,0.0026,44.1727,1676.9009,1998.2413,1775442803074418873
nyudepth,no_sharing,92.9372,5886.6985,3888.4558,44.9426,0.0026,44.1727,1676.8954,1998.2427,1775442803074418873
nyudepth,no_sharing,92.9512,5872.6754,3888.4558,44.9426,0.0026,44.1727,1662.8644,1984.2197,1775442803074418873
nyudepth,no_sharing,93.0293,5794.6239,3888.4558,44.9426,0.0026,44.1727,1584.8055,1906.1681,1775442803074418873
nyudepth,no_sharing,93.0586,5765.3508,3888.4558,44.9426,0.0026,44.1727,1555.5255,1876.8951,1775442803074418873
nyudepth,no_sharing,93.0895,5734.4687,3888.4558,44.9426,0.0026,44.1727,1524.6358,1846.0129,1775442803074418873
nyudepth,no_sharing,93.1291,5694.823,3888.4558,44.9426,0.0026,44.1727,1484.9832,1806.3673,1775442803074418873
nyudepth,no_sharing,93.1422,5681.7396,3888.4558,44.9426,0.0026,44.1727,1471.8928,1793.2838,1775442803074418873
nyudepth,no_sharing,93.1839,5677.4161,3888.4558,44.9426,0.0026,44.1727,1430.1817,1788.9603,1775442803074418873
nyudepth,no_sharing,93.1956,5665.7221,3888.4558,44.9426,0.0026,44.1727,1418.4744,1777.2664,1775442803074418873
nyudepth,no_sharing,93.2189,5642.4153,3888.4558,44.9426,0.0026,44.1727,1395.1576,1753.9595,1775442803074418873
nyudepth,no_sharing,93.2356,5625.7837,3888.4558,44.9426,0.0026,44.1727,1378.5169,1737.3279,1775442803074418873
nyudepth,no_sharing,93.2405,5620.8332,3888.4558,44.9426,0.0026,44.1727,1373.5578,1732.3774,1775442803074418873
nyudepth,no_sharing,93.3443,5517.0574,3888.4558,44.9426,0.0026,44.1727,1269.7725,1628.6017,1775442803074418873
nyudepth,no_sharing,93.365,5496.3837,3888.4558,44.9426,0.0026,44.1727,1249.0914,1607.9279,1775442803074418873
nyudepth,no_sharing,93.3846,5476.7628,3888.4558,44.9426,0.0026,44.1727,1229.4617,1588.307,1775442803074418873
nyudepth,no_sharing,93.713,5148.3727,3888.4558,44.9426,0.0026,44.1727,901.0632,1259.9169,1775442803074418873
nyudepth,no_sharing,93.759,5102.422,3888.4558,44.9426,0.0026,44.1727,855.1037,1213.9662,1775442803074418873
nyudepth,no_sharing,93.7616,5099.7941,3888.4558,44.9426,0.0026,44.1727,852.4673,1211.3384,1775442803074418873
nyudepth,no_sharing,93.7902,5071.2128,3888.4558,44.9426,0.0026,44.1727,823.8773,1182.757,1775442803074418873
nyudepth,no_sharing,93.8109,5050.5695,3888.4558,44.9426,0.0026,44.1727,803.2274,1162.1138,1775442803074418873
nyudepth,no_sharing,93.8435,5017.9307,3888.4558,44.9426,0.0026,44.1727,770.5803,1129.475,1775442803074418873
nyudepth,no_sharing,93.8542,5007.3063,3888.4558,44.9426,0.0026,44.1727,759.948,1118.8506,1775442803074418873
nyudepth,no_sharing,93.8648,4996.6431,3888.4558,44.9426,0.0026,44.1727,749.2774,1108.1873,1775442803074418873
nyudepth,no_sharing,93.8684,4993.0279,3888.4558,44.9426,0.0026,44.1727,745.6536,1104.5722,1775442803074418873
nyudepth,no_sharing,93.9328,4928.6675,3888.4558,44.9426,0.0026,44.1727,681.2849,1040.2118,1775442803074418873
nyudepth,no_sharing,93.9345,4927.0303,3888.4558,44.9426,0.0026,44.1727,679.6391,1038.5746,1775442803074418873
nyudepth,no_sharing,94.0129,4848.6378,3888.4558,44.9426,0.0026,44.1727,601.239,960.1821,1775442803074418873
nyudepth,no_sharing,94.0205,4840.9631,3888.4558,44.9426,0.0026,44.1727,593.5564,952.5074,1775442803074418873
nyudepth,no_sharing,94.0936,4769.681,3888.4558,44.9426,0.0026,44.1727,520.5255,881.2252,1775442803074418873
nyudepth,no_sharing,94.1582,4705.0297,3888.4558,44.9426,0.0026,44.1727,455.8611,816.574,1775442803074418873
nyudepth,no_sharing,94.2133,4649.9419,3888.4558,44.9426,0.0026,44.1727,400.7645,761.4862,1775442803074418873
nyudepth,no_sharing,94.216,4647.3029,3888.4558,44.9426,0.0026,44.1727,398.1185,758.8471,1775442803074418873
nyudepth,no_sharing,94.2372,4626.142,3888.4558,44.9426,0.0026,44.1727,376.9493,737.6863,1775442803074418873
nyudepth,no_sharing,94.2904,4572.9077,3888.4558,44.9426,0.0026,44.1727,323.7081,684.4519,1775442803074418873
nyudepth,no_sharing,94.292,4571.2795,3888.4558,44.9426,0.0026,44.1727,322.0739,682.8238,1775442803074418873
nyudepth,no_sharing,94.3116,4551.6827,3888.4558,44.9426,0.0026,44.1727,302.4693,663.2269,1775442803074418873
nyudepth,no_sharing,94.3367,4526.6008,3888.4558,44.9426,0.0026,44.1727,277.3805,638.1451,1775442803074418873
nyudepth,no_sharing,94.444,8113.6847,3801.0479,384.7508,0.0029,46.1599,4303.2649,4312.6368,1775442807207537390
nyudepth,no_sharing,94.4672,8099.108,3801.0479,384.7508,0.0029,46.1599,4280.0524,4298.0601,1775442807207537390
nyudepth,no_sharing,94.4672,8099.1063,3801.0479,384.7508,0.0029,46.1599,4280.0412,4298.0584,1775442807207537390
nyudepth,no_sharing,94.6475,7940.9056,3801.0479,384.7508,0.0029,46.1599,4099.7243,4139.8577,1775442807207537390
nyudepth,no_sharing,94.66,7928.4205,3801.0479,384.7508,0.0029,46.1599,4087.2295,4127.3727,1775442807207537390
nyudepth,no_sharing,94.6827,7905.6933,3801.0479,384.7508,0.0029,46.1599,4064.4944,4104.6454,1775442807207537390
nyudepth,no_sharing,94.7549,7833.5702,3801.0479,384.7508,0.0029,46.1599,3992.3637,4032.5224,1775442807207537390
nyudepth,no_sharing,94.8171,7771.3137,3801.0479,384.7508,0.0029,46.1599,3930.0997,3970.2658,1775442807207537390
nyudepth,no_sharing,94.8458,7799.3238,3801.0479,384.7508,0.0029,46.1599,3901.4649,3998.2759,1775442807207537390
nyudepth,no_sharing,94.895,7750.0598,3801.0479,384.7508,0.0029,46.1599,3852.1872,3949.012,1775442807207537390
nyudepth,no_sharing,94.9143,7730.8185,3801.0479,384.7508,0.0029,46.1599,3832.936,3929.7706,1775442807207537390
nyudepth,no_sharing,94.9736,7671.525,3801.0479,384.7508,0.0029,46.1599,3773.6342,3870.4771,1775442807207537390
nyudepth,no_sharing,94.9812,7663.8994,3801.0479,384.7508,0.0029,46.1599,3766.0003,3862.8515,1775442807207537390
nyudepth,no_sharing,94.9889,7656.2707,3801.0479,384.7508,0.0029,46.1599,3758.3637,3855.2229,1775442807207537390
nyudepth,no_sharing,95.0116,7633.5754,3801.0479,384.7508,0.0029,46.1599,3735.6615,3832.5276,1775442807207537390
nyudepth,no_sharing,95.0116,7633.5697,3801.0479,384.7508,0.0029,46.1599,3735.6489,3832.5218,1775442807207537390
nyudepth,no_sharing,95.0248,7620.3723,3801.0479,384.7508,0.0029,46.1599,3722.4443,3819.3244,1775442807207537390
nyudepth,no_sharing,95.0622,7582.9136,3801.0479,384.7508,0.0029,46.1599,3684.9775,3781.8658,1775442807207537390
nyudepth,no_sharing,95.0831,7562.0358,3801.0479,384.7508,0.0029,46.1599,3664.0921,3760.9879,1775442807207537390
nyudepth,no_sharing,95.0907,7554.4293,3801.0479,384.7508,0.0029,46.1599,3656.4779,3753.3814,1775442807207537390
nyudepth,no_sharing,95.4032,7241.9531,3801.0479,384.7508,0.0029,46.1599,3343.9951,3440.9053,1775442807207537390
nyudepth,no_sharing,95.5012,7288.6045,3801.0479,384.7508,0.0029,46.1599,3246.012,3487.5566,1775442807207537390
nyudepth,no_sharing,95.5161,7273.737,3801.0479,384.7508,0.0029,46.1599,3231.1308,3472.6891,1775442807207537390
nyudepth,no_sharing,95.6076,7182.1988,3801.0479,384.7508,0.0029,46.1599,3139.5838,3381.1509,1775442807207537390
nyudepth,no_sharing,95.7366,7053.2601,3801.0479,384.7508,0.0029,46.1599,3010.638,3252.2122,1775442807207537390
nyudepth,no_sharing,95.8066,6983.2256,3801.0479,384.7508,0.0029,46.1599,2940.5959,3182.1777,1775442807207537390
nyudepth,no_sharing,95.8093,6980.5992,3801.0479,384.7508,0.0029,46.1599,2937.9625,3179.5513,1775442807207537390
nyudepth,no_sharing,95.8509,6938.9424,3801.0479,384.7508,0.0029,46.1599,2896.2972,3137.8946,1775442807207537390
nyudepth,no_sharing,95.8885,6901.3464,3801.0479,384.7508,0.0029,46.1599,2858.6934,3100.2986,1775442807207537390
nyudepth,no_sharing,95.9274,6862.4847,3801.0479,384.7508,0.0029,46.1599,2819.8233,3061.4368,1775442807207537390
nyudepth,no_sharing,95.932,6857.8475,3801.0479,384.7508,0.0029,46.1599,2815.1789,3056.7996,1775442807207537390
nyudepth,no_sharing,95.9951,6794.7598,3801.0479,384.7508,0.0029,46.1599,2752.0835,2993.7119,1775442807207537390
nyudepth,no_sharing,96.102,6687.9234,3801.0479,384.7508,0.0029,46.1599,2645.2389,2886.8756,1775442807207537390
nyudepth,no_sharing,96.1056,6684.3154,3801.0479,384.7508,0.0029,46.1599,2641.6235,2883.2676,1775442807207537390
nyudepth,no_sharing,96.1221,6667.8526,3801.0479,384.7508,0.0029,46.1599,2625.1533,2866.8048,1775442807207537390
nyudepth,no_sharing,96.1221,6667.8472,3801.0479,384.7508,0.0029,46.1599,2625.1407,2866.7993,1775442807207537390
nyudepth,no_sharing,96.2089,6580.9875,3801.0479,384.7508,0.0029,46.1599,2538.2745,2779.9396,1775442807207537390
nyudepth,no_sharing,96.4503,6339.6568,3801.0479,384.7508,0.0029,46.1599,2296.9363,2538.609,1775442807207537390
nyudepth,no_sharing,96.4503,6339.6509,3801.0479,384.7508,0.0029,46.1599,2296.9232,2538.603,1775442807207537390
nyudepth,no_sharing,96.5648,6225.1947,3801.0479,384.7508,0.0029,46.1599,2182.4603,2424.1468,1775442807207537390
nyudepth,no_sharing,96.5944,6195.581,3801.0479,384.7508,0.0029,46.1599,2152.8404,2394.5331,1775442807207537390
nyudepth,no_sharing,96.7388,6051.1315,3801.0479,384.7508,0.0029,46.1599,2008.3852,2250.0836,1775442807207537390
nyudepth,no_sharing,96.9271,5862.8345,3801.0479,384.7508,0.0029,46.1599,1820.0819,2061.7866,1775442807207537390
nyudepth,no_sharing,97.0085,5781.4548,3801.0479,384.7508,0.0029,46.1599,1738.6956,1980.4069,1775442807207537390
nyudepth,no_sharing,97.0151,5774.8947,3801.0479,384.7508,0.0029,46.1599,1732.1293,1973.8468,1775442807207537390
nyudepth,no_sharing,97.0546,5735.4102,3801.0479,384.7508,0.0029,46.1599,1692.6394,1934.3623,1775442807207537390
nyudepth,no_sharing,97.0655,5724.5357,3801.0479,384.7508,0.0029,46.1599,1681.7591,1923.4878,1775442807207537390
nyudepth,no_sharing,97.4722,5317.8134,3801.0479,384.7508,0.0029,46.1599,1275.0297,1516.7655,1775442807207537390
nyudepth,no_sharing,97.4723,5317.745,3801.0479,384.7508,0.0029,46.1599,1274.955,1516.6971,1775442807207537390
nyudepth,no_sharing,97.4723,5317.7423,3801.0479,384.7508,0.0029,46.1599,1274.9453,1516.6945,1775442807207537390
nyudepth,no_sharing,97.4723,5317.7423,3801.0479,384.7508,0.0029,46.1599,1274.9391,1516.6945,1775442807207537390
nyudepth,no_sharing,97.6692,5120.8613,3801.0479,384.7508,0.0029,46.1599,1078.0509,1319.8134,1775442807207537390
nyudepth,no_sharing,97.6692,5120.8587,3801.0479,384.7508,0.0029,46.1599,1078.0416,1319.8108,1775442807207537390
nyudepth,no_sharing,97.6692,5201.4623,3801.0479,384.7508,0.0029,46.1599,1078.0351,1400.4144,1775442807207537390
nyudepth,no_sharing,97.714,5156.6889,3801.0479,384.7508,0.0029,46.1599,1033.2508,1355.641,1775442807207537390
nyudepth,no_sharing,97.7398,5132.9305,3801.0479,384.7508,0.0029,46.1599,1007.3774,1331.8826,1775442807207537390
nyudepth,no_sharing,97.7949,5077.8501,3801.0479,384.7508,0.0029,46.1599,952.2846,1276.8022,1775442807207537390
nyudepth,no_sharing,97.8359,5036.907,3801.0479,384.7508,0.0029,46.1599,911.3333,1235.8591,1775442807207537390
nyudepth,no_sharing,97.8661,5006.6586,3801.0479,384.7508,0.0029,46.1599,881.0768,1205.6107,1775442807207537390
nyudepth,no_sharing,97.8917,4981.0612,3801.0479,384.7508,0.0029,46.1599,855.473,1180.0133,1775442807207537390
nyudepth,no_sharing,97.8955,4977.3476,3801.0479,384.7508,0.0029,46.1599,851.7525,1176.2997,1775442807207537390
nyudepth,no_sharing,97.9123,4960.5501,3801.0479,384.7508,0.0029,46.1599,834.9483,1159.5022,1775442807207537390
nyudepth,no_sharing,97.923,4949.79,3801.0479,384.7508,0.0029,46.1599,824.1806,1148.7421,1775442807207537390
nyudepth,no_sharing,97.9526,4920.2044,3801.0479,384.7508,0.0029,46.1599,794.5886,1119.1565,1775442807207537390
nyudepth,no_sharing,98.0226,4850.199,3801.0479,384.7508,0.0029,46.1599,724.576,1049.1511,1775442807207537390
nyudepth,no_sharing,98.0367,4836.1044,3801.0479,384.7508,0.0029,46.1599,710.4745,1035.0565,1775442807207537390
nyudepth,no_sharing,98.0528,4820.0994,3801.0479,384.7508,0.0029,46.1599,694.4625,1019.0515,1775442807207537390
nyudepth,no_sharing,98.0724,4800.4496,3801.0479,384.7508,0.0029,46.1599,674.8061,999.4017,1775442807207537390
nyudepth,no_sharing,98.1518,4721.1175,3801.0479,384.7508,0.0029,46.1599,595.4669,920.0696,1775442807207537390
nyudepth,no_sharing,98.25,4622.9062,3801.0479,384.7508,0.0029,46.1599,497.2484,821.8583,1775442807207537390
nyudepth,no_sharing,98.2576,4615.2821,3801.0479,384.7508,0.0029,46.1599,489.6181,814.2342,1775442807207537390
nyudepth,no_sharing,98.3751,4497.8251,3801.0479,384.7508,0.0029,46.1599,372.1545,696.7773,1775442807207537390
nyudepth,no_sharing,98.4515,4421.416,3801.0479,384.7508,0.0029,46.1599,295.7385,620.3682,1775442807207537390
nyudepth,no_sharing,98.4561,4416.7931,3801.0479,384.7508,0.0029,46.1599,291.1093,615.7452,1775442807207537390
nyudepth,no_sharing,98.513,9108.2954,4807.8675,46.906,0.0027,47.6041,4181.4041,4300.4279,1775442811154759787
nyudepth,no_sharing,98.6216,8999.7602,4807.8675,46.906,0.0027,47.6041,4072.8505,4191.8926,1775442811154759787
nyudepth,no_sharing,98.6216,8999.764,4807.8675,46.906,0.0027,47.6041,4072.839,4191.8964,1775442811154759787
nyudepth,no_sharing,98.6216,8999.7711,4807.8675,46.906,0.0027,47.6041,4072.8316,4191.9036,1775442811154759787
nyudepth,no_sharing,98.7631,8858.305,4807.8675,46.906,0.0027,47.6041,3931.3574,4050.4375,1775442811154759787
nyudepth,no_sharing,98.7631,8858.2983,4807.8675,46.906,0.0027,47.6041,3931.3421,4050.4308,1775442811154759787
nyudepth,no_sharing,98.7631,8858.2997,4807.8675,46.906,0.0027,47.6041,3931.3357,4050.4322,1775442811154759787
nyudepth,no_sharing,98.7631,8858.3009,4807.8675,46.906,0.0027,47.6041,3931.3295,4050.4334,1775442811154759787
nyudepth,no_sharing,98.8632,8890.9798,4807.8675,46.906,0.0027,47.6041,3831.2581,4083.1122,1775442811154759787
nyudepth,no_sharing,98.8632,8890.9853,4807.8675,46.906,0.0027,47.6041,3831.248,4083.1177,1775442811154759787
nyudepth,no_sharing,98.8632,8890.9888,4807.8675,46.906,0.0027,47.6041,3831.2416,4083.1213,1775442811154759787
nyudepth,no_sharing,98.9293,8866.95,4807.8675,46.906,0.0027,47.6041,3765.0931,4059.0825,1775442811154759787
nyudepth,no_sharing,98.957,8839.2889,4807.8675,46.906,0.0027,47.6041,3737.4158,4031.4214,1775442811154759787
nyudepth,no_sharing,99.0557,8740.5906,4807.8675,46.906,0.0027,47.6041,3638.7076,3932.7231,1775442811154759787
nyudepth,no_sharing,99.0644,8731.9419,4807.8675,46.906,0.0027,47.6041,3630.0504,3924.0744,1775442811154759787
nyudepth,no_sharing,99.1379,8658.4725,4807.8675,46.906,0.0027,47.6041,3556.571,3850.605,1775442811154759787
nyudepth,no_sharing,99.2775,8518.8227,4807.8675,46.906,0.0027,47.6041,3416.9116,3710.9551,1775442811154759787
nyudepth,no_sharing,99.2844,8512.0051,4807.8675,46.906,0.0027,47.6041,3410.0862,3704.1376,1775442811154759787
nyudepth,no_sharing,99.3729,8423.5101,4807.8675,46.906,0.0027,47.6041,3321.5816,3615.6426,1775442811154759787
nyudepth,no_sharing,99.3875,8408.9177,4807.8675,46.906,0.0027,47.6041,3306.9801,3601.0501,1775442811154759787
nyudepth,no_sharing,99.3943,8402.0903,4807.8675,46.906,0.0027,47.6041,3300.1444,3594.2228,1775442811154759787
nyudepth,no_sharing,99.3986,8397.8405,4807.8675,46.906,0.0027,47.6041,3295.8853,3589.973,1775442811154759787
nyudepth,no_sharing,99.4249,8371.5019,4807.8675,46.906,0.0027,47.6041,3269.5377,3563.6344,1775442811154759787
nyudepth,no_sharing,99.4255,8370.9598,4807.8675,46.906,0.0027,47.6041,3268.9869,3563.0922,1775442811154759787
nyudepth,no_sharing,99.4403,8356.097,4807.8675,46.906,0.0027,47.6041,3254.1165,3548.2295,1775442811154759787
nyudepth,no_sharing,99.4657,8330.6932,4807.8675,46.906,0.0027,47.6041,3228.7045,3522.8257,1775442811154759787
nyudepth,no_sharing,99.4953,8301.0883,4807.8675,46.906,0.0027,47.6041,3199.091,3493.2208,1775442811154759787
nyudepth,no_sharing,99.507,8289.4428,4807.8675,46.906,0.0027,47.6041,3187.4373,3481.5753,1775442811154759787
nyudepth,no_sharing,99.5266,8269.8174,4807.8675,46.906,0.0027,47.6041,3167.8033,3461.9498,1775442811154759787
nyudepth,no_sharing,99.5359,8260.5155,4807.8675,46.906,0.0027,47.6041,3158.493,3452.6479,1775442811154759787
nyudepth,no_sharing,99.5506,8245.9033,4807.8675,46.906,0.0027,47.6041,3143.8737,3438.0357,1775442811154759787
nyudepth,no_sharing,99.6098,8186.7247,4807.8675,46.906,0.0027,47.6041,3084.6865,3378.8571,1775442811154759787
nyudepth,no_sharing,99.6375,8159.0323,4807.8675,46.906,0.0027,47.6041,3056.9863,3351.1648,1775442811154759787
nyudepth,no_sharing,99.7057,8090.7764,4807.8675,46.906,0.0027,47.6041,2988.7226,3282.9089,1775442811154759787
nyudepth,no_sharing,99.7184,8078.1422,4807.8675,46.906,0.0027,47.6041,2976.0807,3270.2746,1775442811154759787
nyudepth,no_sharing,99.72,8076.5212,4807.8675,46.906,0.0027,47.6041,2974.4518,3268.6536,1775442811154759787
nyudepth,no_sharing,99.7583,8038.228,4807.8675,46.906,0.0027,47.6041,2936.1503,3230.3605,1775442811154759787
nyudepth,no_sharing,99.8216,7974.9486,4807.8675,46.906,0.0027,47.6041,2872.8631,3167.0811,1775442811154759787
nyudepth,no_sharing,99.8262,7970.2899,4807.8675,46.906,0.0027,47.6041,2868.196,3162.4224,1775442811154759787
nyudepth,no_sharing,99.8832,7913.3701,4807.8675,46.906,0.0027,47.6041,2811.2683,3105.5026,1775442811154759787
nyudepth,no_sharing,99.8888,7907.7406,4807.8675,46.906,0.0027,47.6041,2805.6321,3099.8731,1775442811154759787
nyudepth,no_sharing,99.9082,7888.3243,4807.8675,46.906,0.0027,47.6041,2786.2074,3080.4567,1775442811154759787
nyudepth,no_sharing,99.9476,8055.9657,4807.8675,46.906,0.0027,47.6041,2746.8851,3248.0981,1775442811154759787
nyudepth,no_sharing,99.9532,8050.3383,4807.8675,46.906,0.0027,47.6041,2741.2436,3242.4707,1775442811154759787
nyudepth,no_sharing,100.0021,8001.4329,4807.8675,46.906,0.0027,47.6041,2692.3285,3193.5654,1775442811154759787
nyudepth,no_sharing,100.0401,7963.4564,4807.8675,46.906,0.0027,47.6041,2654.3436,3155.5889,1775442811154759787
nyudepth,no_sharing,100.0931,7910.502,4807.8675,46.906,0.0027,47.6041,2601.3806,3102.6344,1775442811154759787
nyudepth,no_sharing,100.0977,7905.8859,4807.8675,46.906,0.0027,47.6041,2596.7569,3098.0184,1775442811154759787
nyudepth,no_sharing,100.1123,7891.2458,4807.8675,46.906,0.0027,47.6041,2582.1097,3083.3783,1775442811154759787
nyudepth,no_sharing,100.1946,7808.9917,4807.8675,46.906,0.0027,47.6041,2499.8477,3001.1241,1775442811154759787
nyudepth,no_sharing,100.1951,7808.4533,4807.8675,46.906,0.0027,47.6041,2499.3019,3000.5858,1775442811154759787
nyudepth,no_sharing,100.2823,7724.8428,4807.8675,46.906,0.0027,47.6041,2412.1184,2916.9753,1775442811154759787
nyudepth,no_sharing,100.3477,7659.5247,4807.8675,46.906,0.0027,47.6041,2346.7863,2851.6572,1775442811154759787
nyudepth,no_sharing,100.3523,7654.9163,4807.8675,46.906,0.0027,47.6041,2342.169,2847.0488,1775442811154759787
nyudepth,no_sharing,100.3614,7645.7739,4807.8675,46.906,0.0027,47.6041,2333.0185,2837.9064,1775442811154759787
nyudepth,no_sharing,100.4364,7570.8053,4807.8675,46.906,0.0027,47.6041,2258.0426,2762.9378,1775442811154759787
nyudepth,no_sharing,100.4689,7538.3394,4807.8675,46.906,0.0027,47.6041,2225.5688,2730.4719,1775442811154759787
nyudepth,no_sharing,100.4964,7510.7806,4807.8675,46.906,0.0027,47.6041,2198.0023,2702.9131,1775442811154759787
nyudepth,no_sharing,100.5121,7495.1298,4807.8675,46.906,0.0027,47.6041,2182.3444,2687.2623,1775442811154759787
nyudepth,no_sharing,100.5404,7466.8612,4807.8675,46.906,0.0027,47.6041,2154.0675,2658.9937,1775442811154759787
nyudepth,no_sharing,100.563,7444.2286,4807.8675,46.906,0.0027,47.6041,2131.427,2636.3611,1775442811154759787
nyudepth,no_sharing,100.5906,7416.6193,4807.8675,46.906,0.0027,47.6041,2103.8096,2608.7518,1775442811154759787
nyudepth,no_sharing,100.6779,7329.3142,4807.8675,46.906,0.0027,47.6041,2016.4969,2521.4467,1775442811154759787
nyudepth,no_sharing,100.6796,7327.6961,4807.8675,46.906,0.0027,47.6041,2014.8723,2519.8286,1775442811154759787
nyudepth,no_sharing,100.7891,7218.1454,4807.8675,46.906,0.0027,47.6041,1905.3142,2410.2778,1775442811154759787
nyudepth,no_sharing,100.8064,7200.8929,4807.8675,46.906,0.0027,47.6041,1888.0546,2393.0254,1775442811154759787
nyudepth,no_sharing,100.823,7184.274,4807.8675,46.906,0.0027,47.6041,1871.4283,2376.4064,1775442811154759787
nyudepth,no_sharing,100.8802,7127.1138,4807.8675,46.906,0.0027,47.6041,1814.2607,2319.2463,1775442811154759787
nyudepth,no_sharing,100.9772,7030.0765,4807.8675,46.906,0.0027,47.6041,1717.2165,2222.209,1775442811154759787
nyudepth,no_sharing,101.0182,6989.0583,4807.8675,46.906,0.0027,47.6041,1676.1909,2181.1907,1775442811154759787
nyudepth,no_sharing,101.0318,6975.5449,4807.8675,46.906,0.0027,47.6041,1662.6701,2167.6774,1775442811154759787
nyudepth,no_sharing,101.0374,6969.9247,4807.8675,46.906,0.0027,47.6041,1657.043,2162.0572,1775442811154759787
nyudepth,no_sharing,101.0651,6942.2705,4807.8675,46.906,0.0027,47.6041,1629.3826,2134.403,1775442811154759787
nyudepth,no_sharing,101.0683,6939.0728,4807.8675,46.906,0.0027,47.6041,1626.178,2131.2053,1775442811154759787
nyudepth,no_sharing,101.1634,6843.91,4807.8675,46.906,0.0027,47.6041,1531.0085,2036.0425,1775442811154759787
nyudepth,no_sharing,101.181,6826.3149,4807.8675,46.906,0.0027,47.6041,1513.4072,2018.4474,1775442811154759787
nyudepth,no_sharing,101.2459,6761.4679,4807.8675,46.906,0.0027,47.6041,1448.554,1953.6004,1775442811154759787
nyudepth,no_sharing,101.3275,6679.8253,4807.8675,46.906,0.0027,47.6041,1366.9047,1871.9578,1775442811154759787
nyudepth,no_sharing,101.3702,6637.2011,4807.8675,46.906,0.0027,47.6041,1324.2745,1829.3335,1775442811154759787
nyudepth,no_sharing,101.437,6570.3928,4807.8675,46.906,0.0027,47.6041,1257.4601,1762.5253,1775442811154759787
nyudepth,no_sharing,101.4788,6528.6124,4807.8675,46.906,0.0027,47.6041,1215.6727,1720.7449,1775442811154759787
nyudepth,no_sharing,101.4996,6507.7591,4807.8675,46.906,0.0027,47.6041,1194.8128,1699.8916,1775442811154759787
nyudepth,no_sharing,101.5623,6445.1008,4807.8675,46.906,0.0027,47.6041,1132.1483,1637.2333,1775442811154759787
nyudepth,no_sharing,101.6211,6386.2689,4807.8675,46.906,0.0027,47.6041,1073.3094,1578.4013,1775442811154759787
nyudepth,no_sharing,101.6289,6378.4575,4807.8675,46.906,0.0027,47.6041,1065.4919,1570.59,1775442811154759787
nyudepth,no_sharing,101.6996,6307.8051,4807.8675,46.906,0.0027,47.6041,994.8332,1499.9375,1775442811154759787
nyudepth,no_sharing,101.7222,6285.1729,4807.8675,46.906,0.0027,47.6041,972.1954,1477.3054,1775442811154759787
nyudepth,no_sharing,101.8559,6151.5269,4807.8675,46.906,0.0027,47.6041,838.5422,1343.6594,1775442811154759787
nyudepth,no_sharing,101.949,6058.4669,4807.8675,46.906,0.0027,47.6041,745.4755,1250.5994,1775442811154759787
nyudepth,no_sharing,101.9846,6022.836,4807.8675,46.906,0.0027,47.6041,709.8384,1214.9684,1775442811154759787
nyudepth,no_sharing,102.0312,5976.2106,4807.8675,46.906,0.0027,47.6041,663.2068,1168.3431,1775442811154759787
nyudepth,no_sharing,102.039,5968.4556,4807.8675,46.906,0.0027,47.6041,655.4451,1160.588,1775442811154759787
nyudepth,no_sharing,102.0719,5935.5702,4807.8675,46.906,0.0027,47.6041,622.5541,1127.7027,1775442811154759787
nyudepth,no_sharing,102.1021,5905.4105,4807.8675,46.906,0.0027,47.6041,592.3886,1097.543,1775442811154759787
nyudepth,no_sharing,102.1241,5883.3647,4807.8675,46.906,0.0027,47.6041,570.3347,1075.4972,1775442811154759787
nyudepth,no_sharing,102.169,5838.4898,4807.8675,46.906,0.0027,47.6041,525.4512,1030.6222,1775442811154759787
nyudepth,no_sharing,102.4204,5587.1387,4807.8675,46.906,0.0027,47.6041,274.0901,779.2711,1775442811154759787
nyudepth,no_sharing,102.4204,5587.1241,4807.8675,46.906,0.0027,47.6041,274.0674,779.2566,1775442811154759787
nyudepth,no_sharing,102.4204,5587.1286,4807.8675,46.906,0.0027,47.6041,274.0524,779.2611,1775442811154759787
nyudepth,no_sharing,102.4204,5587.131,4807.8675,46.906,0.0027,47.6041,274.0471,779.2635,1775442811154759787
nyudepth,no_sharing,102.4258,10442.2956,4880.9269,43.9911,0.0022,48.3638,5303.652,5561.3687,1775442816189765219
nyudepth,no_sharing,102.4763,10391.8111,4880.9269,43.9911,0.0022,48.3638,5253.1517,5510.8843,1775442816189765219
nyudepth,no_sharing,102.491,10377.0931,4880.9269,43.9911,0.0022,48.3638,5238.4093,5496.1662,1775442816189765219
nyudepth,no_sharing,102.6426,10225.5864,4880.9269,43.9911,0.0022,48.3638,5086.8857,5344.6596,1775442816189765219
nyudepth,no_sharing,102.8705,9997.6261,4880.9269,43.9911,0.0022,48.3638,4858.901,5116.6992,1775442816189765219
nyudepth,no_sharing,102.8706,9997.6285,4880.9269,43.9911,0.0022,48.3638,4858.8877,5116.7016,1775442816189765219
nyudepth,no_sharing,102.8706,9997.6451,4880.9269,43.9911,0.0022,48.3638,4858.8815,5116.7183,1775442816189765219
nyudepth,no_sharing,102.8706,9997.6556,4880.9269,43.9911,0.0022,48.3638,4858.8762,5116.7288,1775442816189765219
nyudepth,no_sharing,102.8706,9997.6735,4880.9269,43.9911,0.0022,48.3638,4858.8715,5116.7467,1775442816189765219
nyudepth,no_sharing,102.8706,9997.6835,4880.9269,43.9911,0.0022,48.3638,4858.8665,5116.7567,1775442816189765219
nyudepth,no_sharing,102.8706,9997.7009,4880.9269,43.9911,0.0022,48.3638,4858.8617,5116.7741,1775442816189765219
nyudepth,no_sharing,102.8706,9997.7107,4880.9269,43.9911,0.0022,48.3638,4858.8564,5116.7838,1775442816189765219
nyudepth,no_sharing,102.9109,9957.3843,4880.9269,43.9911,0.0022,48.3638,4818.5148,5076.4575,1775442816189765219
nyudepth,no_sharing,102.9418,9926.5237,4880.9269,43.9911,0.0022,48.3638,4787.6327,5045.5968,1775442816189765219
nyudepth,no_sharing,103.1082,10020.988,4880.9269,43.9911,0.0022,48.3638,4621.2828,5140.0611,1775442816189765219
nyudepth,no_sharing,103.1311,9998.0698,4880.9269,43.9911,0.0022,48.3638,4598.341,5117.1429,1775442816189765219
nyudepth,no_sharing,103.2156,9913.5518,4880.9269,43.9911,0.0022,48.3638,4513.799,5032.625,1775442816189765219
nyudepth,no_sharing,103.3332,9796.0203,4880.9269,43.9911,0.0022,48.3638,4396.2584,4915.0934,1775442816189765219
nyudepth,no_sharing,103.3419,9787.3166,4880.9269,43.9911,0.0022,48.3638,4387.5473,4906.3897,1775442816189765219
nyudepth,no_sharing,103.3744,9820.9569,4880.9269,43.9911,0.0022,48.3638,4355.0394,4940.0301,1775442816189765219
nyudepth,no_sharing,103.4133,9782.0833,4880.9269,43.9911,0.0022,48.3638,4316.1507,4901.1564,1775442816189765219
nyudepth,no_sharing,103.4479,9747.5107,4880.9269,43.9911,0.0022,48.3638,4281.5685,4866.5838,1775442816189765219
nyudepth,no_sharing,103.5308,9664.6411,4880.9269,43.9911,0.0022,48.3638,4198.6899,4783.7143,1775442816189765219
nyudepth,no_sharing,103.5348,9660.5859,4880.9269,43.9911,0.0022,48.3638,4194.6268,4779.659,1775442816189765219
nyudepth,no_sharing,103.5477,9647.6865,4880.9269,43.9911,0.0022,48.3638,4181.7186,4766.7596,1775442816189765219
nyudepth,no_sharing,103.5579,9637.4779,4880.9269,43.9911,0.0022,48.3638,4171.5021,4756.551,1775442816189765219
nyudepth,no_sharing,103.5639,9631.566,4880.9269,43.9911,0.0022,48.3638,4165.5822,4750.6392,1775442816189765219
nyudepth,no_sharing,103.5746,9620.8448,4880.9269,43.9911,0.0022,48.3638,4154.8514,4739.918,1775442816189765219
nyudepth,no_sharing,103.596,9599.4506,4880.9269,43.9911,0.0022,48.3638,4133.4486,4718.5237,1775442816189765219
nyudepth,no_sharing,103.614,9581.5058,4880.9269,43.9911,0.0022,48.3638,4115.4954,4700.5789,1775442816189765219
nyudepth,no_sharing,103.6146,9580.9097,4880.9269,43.9911,0.0022,48.3638,4114.8911,4699.9829,1775442816189765219
nyudepth,no_sharing,103.6549,9540.6065,4880.9269,43.9911,0.0022,48.3638,4074.58,4659.6796,1775442816189765219
nyudepth,no_sharing,103.6603,9535.2221,4880.9269,43.9911,0.0022,48.3638,4069.1867,4654.2952,1775442816189765219
nyudepth,no_sharing,103.6869,9508.5435,4880.9269,43.9911,0.0022,48.3638,4042.4991,4627.6166,1775442816189765219
nyudepth,no_sharing,103.7195,9476.0256,4880.9269,43.9911,0.0022,48.3638,4009.9719,4595.0987,1775442816189765219
nyudepth,no_sharing,103.7647,9430.7845,4880.9269,43.9911,0.0022,48.3638,3964.7219,4549.8576,1775442816189765219
nyudepth,no_sharing,103.7884,9407.1286,4880.9269,43.9911,0.0022,48.3638,3941.0577,4526.2017,1775442816189765219
nyudepth,no_sharing,103.7921,9403.3916,4880.9269,43.9911,0.0022,48.3638,3937.3121,4522.4647,1775442816189765219
nyudepth,no_sharing,103.7927,9402.8544,4880.9269,43.9911,0.0022,48.3638,3936.7671,4521.9276,1775442816189765219
nyudepth,no_sharing,103.8185,9376.9929,4880.9269,43.9911,0.0022,48.3638,3910.8975,4496.0661,1775442816189765219
nyudepth,no_sharing,103.8978,9297.7908,4880.9269,43.9911,0.0022,48.3638,3831.6875,4416.8639,1775442816189765219
nyudepth,no_sharing,104.0726,9122.992,4880.9269,43.9911,0.0022,48.3638,3656.8797,4242.0652,1775442816189765219
nyudepth,no_sharing,104.1383,9057.2274,4880.9269,43.9911,0.0022,48.3638,3591.1064,4176.3005,1775442816189765219
nyudepth,no_sharing,104.1604,9035.172,4880.9269,43.9911,0.0022,48.3638,3569.0417,4154.2451,1775442816189765219
nyudepth,no_sharing,104.2938,8901.8335,4880.9269,43.9911,0.0022,48.3638,3435.694,4020.9067,1775442816189765219
nyudepth,no_sharing,104.4141,8781.4999,4880.9269,43.9911,0.0022,48.3638,3315.3512,3900.573,1775442816189765219
nyudepth,no_sharing,104.4879,8707.7236,4880.9269,43.9911,0.0022,48.3638,3241.5671,3826.7968,1775442816189765219
nyudepth,no_sharing,104.6102,8585.3744,4880.9269,43.9911,0.0022,48.3638,3119.2091,3704.4475,1775442816189765219
nyudepth,no_sharing,104.6788,8516.8676,4880.9269,43.9911,0.0022,48.3638,3050.6938,3635.9408,1775442816189765219
nyudepth,no_sharing,104.716,8479.6121,4880.9269,43.9911,0.0022,48.3638,3013.4294,3598.6853,1775442816189765219
nyudepth,no_sharing,104.7943,8401.3524,4880.9269,43.9911,0.0022,48.3638,2935.1614,3520.4256,1775442816189765219
nyudepth,no_sharing,104.8434,8352.2601,4880.9269,43.9911,0.0022,48.3638,2886.061,3471.3333,1775442816189765219
nyudepth,no_sharing,104.9579,8237.7541,4880.9269,43.9911,0.0022,48.3638,2771.5454,3356.8273,1775442816189765219
nyudepth,no_sharing,104.9695,8226.1217,4880.9269,43.9911,0.0022,48.3638,2759.9046,3345.1948,1775442816189765219
nyudepth,no_sharing,104.9772,8218.4336,4880.9269,43.9911,0.0022,48.3638,2752.2082,3337.5068,1775442816189765219
nyudepth,no_sharing,105.0078,8187.8641,4880.9269,43.9911,0.0022,48.3638,2721.6296,3306.9372,1775442816189765219
nyudepth,no_sharing,105.0134,8182.2488,4880.9269,43.9911,0.0022,48.3638,2716.0063,3301.322,1775442816189765219
nyudepth,no_sharing,105.0451,8150.6016,4880.9269,43.9911,0.0022,48.3638,2684.33,3269.6748,1775442816189765219
nyudepth,no_sharing,105.1017,8093.9929,4880.9269,43.9911,0.0022,48.3638,2627.7115,3213.0661,1775442816189765219
nyudepth,no_sharing,105.1974,7998.3449,4880.9269,43.9911,0.0022,48.3638,2532.0544,3117.418,1775442816189765219
nyudepth,no_sharing,105.3723,7823.4651,4880.9269,43.9911,0.0022,48.3638,2357.1663,2942.5383,1775442816189765219
nyudepth,no_sharing,105.3919,7803.8428,4880.9269,43.9911,0.0022,48.3638,2337.5361,2922.9159,1775442816189765219
nyudepth,no_sharing,105.4146,7781.1201,4880.9269,43.9911,0.0022,48.3638,2314.8046,2900.1932,1775442816189765219
nyudepth,no_sharing,105.4374,7758.3797,4880.9269,43.9911,0.0022,48.3638,2292.0563,2877.4528,1775442816189765219
nyudepth,no_sharing,105.439,7756.7677,4880.9269,43.9911,0.0022,48.3638,2290.4367,2875.8409,1775442816189765219
nyudepth,no_sharing,105.4476,7748.1732,4880.9269,43.9911,0.0022,48.3638,2281.8344,2867.2464,1775442816189765219
nyudepth,no_sharing,105.4533,7742.5075,4880.9269,43.9911,0.0022,48.3638,2276.1607,2861.5806,1775442816189765219
nyudepth,no_sharing,105.4944,7701.4093,4880.9269,43.9911,0.0022,48.3638,2235.055,2820.4825,1775442816189765219
nyudepth,no_sharing,105.5221,7673.7461,4880.9269,43.9911,0.0022,48.3638,2207.3839,2792.8193,1775442816189765219
nyudepth,no_sharing,105.6634,7532.3758,4880.9269,43.9911,0.0022,48.3638,2066.0057,2651.449,1775442816189765219
nyudepth,no_sharing,105.664,7531.8091,4880.9269,43.9911,0.0022,48.3638,2065.4304,2650.8822,1775442816189765219
nyudepth,no_sharing,105.6806,7515.183,4880.9269,43.9911,0.0022,48.3638,2048.7967,2634.2561,1775442816189765219
nyudepth,no_sharing,105.7061,7489.7659,4880.9269,43.9911,0.0022,48.3638,2023.3707,2608.839,1775442816189765219
nyudepth,no_sharing,105.7513,7444.5229,4880.9269,43.9911,0.0022,48.3638,1978.1196,2563.596,1775442816189765219
nyudepth,no_sharing,105.764,7431.906,4880.9269,43.9911,0.0022,48.3638,1965.4946,2550.9791,1775442816189765219
nyudepth,no_sharing,105.7826,7413.3129,4880.9269,43.9911,0.0022,48.3638,1946.8932,2532.3861,1775442816189765219
nyudepth,no_sharing,105.7972,7398.6852,4880.9269,43.9911,0.0022,48.3638,1932.2577,2517.7584,1775442816189765219
nyudepth,no_sharing,105.8538,7342.0517,4880.9269,43.9911,0.0022,48.3638,1875.6166,2461.1249,1775442816189765219
nyudepth,no_sharing,105.8668,7329.1183,4880.9269,43.9911,0.0022,48.3638,1862.6757,2448.1914,1775442816189765219
nyudepth,no_sharing,105.9295,7266.4061,4880.9269,43.9911,0.0022,48.3638,1799.9563,2385.4792,1775442816189765219
nyudepth,no_sharing,105.9914,7204.5007,4880.9269,43.9911,0.0022,48.3638,1738.044,2323.5738,1775442816189765219
nyudepth,no_sharing,106.0297,7184.381,4880.9269,43.9911,0.0022,48.3638,1699.791,2303.4542,1775442816189765219
nyudepth,no_sharing,106.0479,7166.1105,4880.9269,43.9911,0.0022,48.3638,1681.5104,2285.1837,1775442816189765219
nyudepth,no_sharing,106.0536,7160.4862,4880.9269,43.9911,0.0022,48.3638,1675.8795,2279.5594,1775442816189765219
nyudepth,no_sharing,106.0822,7131.8481,4880.9269,43.9911,0.0022,48.3638,1647.2359,2250.9212,1775442816189765219
nyudepth,no_sharing,106.1382,7075.8152,4880.9269,43.9911,0.0022,48.3638,1591.1965,2194.8883,1775442816189765219
nyudepth,no_sharing,106.6135,6600.5993,4880.9269,43.9911,0.0022,48.3638,1115.9747,1719.6724,1775442816189765219
nyudepth,no_sharing,106.6327,6581.4042,4880.9269,43.9911,0.0022,48.3638,1096.7741,1700.4774,1775442816189765219
nyudepth,no_sharing,106.6398,6574.27,4880.9269,43.9911,0.0022,48.3638,1089.6344,1693.3432,1775442816189765219
nyudepth,no_sharing,106.644,6570.0858,4880.9269,43.9911,0.0022,48.3638,1085.4452,1689.1589,1775442816189765219
nyudepth,no_sharing,106.7549,6459.1694,4880.9269,43.9911,0.0022,48.3638,974.5231,1578.2425,1775442816189765219
nyudepth,no_sharing,106.7892,6424.8803,4880.9269,43.9911,0.0022,48.3638,940.2287,1543.9534,1775442816189765219
nyudepth,no_sharing,106.8075,6406.6303,4880.9269,43.9911,0.0022,48.3638,921.9742,1525.7034,1775442816189765219
nyudepth,no_sharing,106.8368,6377.2855,4880.9269,43.9911,0.0022,48.3638,892.6241,1496.3586,1775442816189765219
nyudepth,no_sharing,106.8564,6357.758,4880.9269,43.9911,0.0022,48.3638,873.0912,1476.8312,1775442816189765219
nyudepth,no_sharing,106.8847,6329.4125,4880.9269,43.9911,0.0022,48.3638,844.7394,1448.4856,1775442816189765219
nyudepth,no_sharing,106.9328,6285.2919,4880.9269,43.9911,0.0022,48.3638,796.6042,1404.3651,1775442816189765219
nyudepth,no_sharing,106.946,6272.1472,4880.9269,43.9911,0.0022,48.3638,783.4423,1391.2203,1775442816189765219
nyudepth,no_sharing,107.0143,6203.819,4880.9269,43.9911,0.0022,48.3638,715.1036,1322.8922,1775442816189765219
nyudepth,no_sharing,107.0928,6125.3312,4880.9269,43.9911,0.0022,48.3638,636.6057,1244.4043,1775442816189765219
nyudepth,no_sharing,107.1,10995.7826,4864.7156,44.8539,0.0024,48.1934,5797.2441,6131.067,1775442821357584440
nyudepth,no_sharing,107.1075,10988.3389,4864.7156,44.8539,0.0024,48.1934,5789.7937,6123.6233,1775442821357584440
nyudepth,no_sharing,107.1366,10959.1768,4864.7156,44.8539,0.0024,48.1934,5760.6261,6094.4611,1775442821357584440
nyudepth,no_sharing,107.204,10891.7885,4864.7156,44.8539,0.0024,48.1934,5693.2323,6027.0728,1775442821357584440
nyudepth,no_sharing,107.2264,10869.4735,4864.7156,44.8539,0.0024,48.1934,5670.9113,6004.7578,1775442821357584440
nyudepth,no_sharing,107.5318,10794.9653,4864.7156,44.8539,0.0024,48.1934,5365.5121,5930.2496,1775442821357584440
nyudepth,no_sharing,107.754,10572.7606,4864.7156,44.8539,0.0024,48.1934,5143.2869,5708.0449,1775442821357584440
nyudepth,no_sharing,107.754,10572.7613,4864.7156,44.8539,0.0024,48.1934,5143.2793,5708.0456,1775442821357584440
nyudepth,no_sharing,107.754,10572.7623,4864.7156,44.8539,0.0024,48.1934,5143.2734,5708.0466,1775442821357584440
nyudepth,no_sharing,107.754,10572.7634,4864.7156,44.8539,0.0024,48.1934,5143.2676,5708.0478,1775442821357584440
nyudepth,no_sharing,107.754,10572.7639,4864.7156,44.8539,0.0024,48.1934,5143.2624,5708.0483,1775442821357584440
nyudepth,no_sharing,108.007,10319.7408,4864.7156,44.8539,0.0024,48.1934,4890.233,5455.0251,1775442821357584440
nyudepth,no_sharing,108.0071,10319.7269,4864.7156,44.8539,0.0024,48.1934,4890.213,5455.0113,1775442821357584440
nyudepth,no_sharing,108.0071,10319.7265,4864.7156,44.8539,0.0024,48.1934,4890.2054,5455.0108,1775442821357584440
nyudepth,no_sharing,108.0071,10327.1959,4864.7156,44.8539,0.0024,48.1934,4890.1994,5462.4802,1775442821357584440
nyudepth,no_sharing,108.0071,10327.2159,4864.7156,44.8539,0.0024,48.1934,4890.1939,5462.5003,1775442821357584440
nyudepth,no_sharing,108.0071,10327.2266,4864.7156,44.8539,0.0024,48.1934,4890.1889,5462.511,1775442821357584440
nyudepth,no_sharing,108.0071,10327.2357,4864.7156,44.8539,0.0024,48.1934,4890.1834,5462.5201,1775442821357584440
nyudepth,no_sharing,108.0071,10327.244,4864.7156,44.8539,0.0024,48.1934,4890.1787,5462.5284,1775442821357584440
nyudepth,no_sharing,108.0071,10327.2529,4864.7156,44.8539,0.0024,48.1934,4890.1734,5462.5372,1775442821357584440
nyudepth,no_sharing,108.0259,10308.4388,4864.7156,44.8539,0.0024,48.1934,4871.3448,5443.7231,1775442821357584440
nyudepth,no_sharing,108.0894,10244.9861,4864.7156,44.8539,0.0024,48.1934,4807.8814,5380.2704,1775442821357584440
nyudepth,no_sharing,108.129,10205.3692,4864.7156,44.8539,0.0024,48.1934,4768.2436,5340.6536,1775442821357584440
nyudepth,no_sharing,108.2364,10098.0198,4864.7156,44.8539,0.0024,48.1934,4660.8825,5233.3042,1775442821357584440
nyudepth,no_sharing,108.3162,10018.2331,4864.7156,44.8539,0.0024,48.1934,4581.0804,5153.5174,1775442821357584440
nyudepth,no_sharing,108.3398,9994.6194,4864.7156,44.8539,0.0024,48.1934,4557.4522,5129.9037,1775442821357584440
nyudepth,no_sharing,108.3927,9941.7183,4864.7156,44.8539,0.0024,48.1934,4504.5383,5077.0027,1775442821357584440
nyudepth,no_sharing,108.3984,9936.0838,4864.7156,44.8539,0.0024,48.1934,4498.8928,5071.3681,1775442821357584440
nyudepth,no_sharing,108.4591,9875.3781,4864.7156,44.8539,0.0024,48.1934,4438.1764,5010.6625,1775442821357584440
nyudepth,no_sharing,108.4648,9869.6978,4864.7156,44.8539,0.0024,48.1934,4432.4861,5004.9822,1775442821357584440
nyudepth,no_sharing,108.4653,9869.1587,4864.7156,44.8539,0.0024,48.1934,4431.937,5004.4431,1775442821357584440
nyudepth,no_sharing,108.4909,9843.5557,4864.7156,44.8539,0.0024,48.1934,4406.3232,4978.84,1775442821357584440
nyudepth,no_sharing,108.5127,9821.8327,4864.7156,44.8539,0.0024,48.1934,4384.5932,4957.117,1775442821357584440
nyudepth,no_sharing,108.5696,9764.9105,4864.7156,44.8539,0.0024,48.1934,4327.6639,4900.1948,1775442821357584440
nyudepth,no_sharing,108.5743,9760.2565,4864.7156,44.8539,0.0024,48.1934,4323.0031,4895.5409,1775442821357584440
nyudepth,no_sharing,108.6885,9646.0466,4864.7156,44.8539,0.0024,48.1934,4208.786,4781.331,1775442821357584440
nyudepth,no_sharing,108.7808,9553.7739,4864.7156,44.8539,0.0024,48.1934,4116.5059,4689.0582,1775442821357584440
nyudepth,no_sharing,108.9195,9415.0732,4864.7156,44.8539,0.0024,48.1934,3977.7985,4550.3575,1775442821357584440
nyudepth,no_sharing,108.9236,9410.9459,4864.7156,44.8539,0.0024,48.1934,3973.665,4546.2302,1775442821357584440
nyudepth,no_sharing,108.9453,9389.2977,4864.7156,44.8539,0.0024,48.1934,3952.0106,4524.5821,1775442821357584440
nyudepth,no_sharing,108.9563,9378.2098,4864.7156,44.8539,0.0024,48.1934,3940.9175,4513.4942,1775442821357584440
nyudepth,no_sharing,108.967,9367.5547,4864.7156,44.8539,0.0024,48.1934,3930.2561,4502.839,1775442821357584440
nyudepth,no_sharing,108.9968,9337.7607,4864.7156,44.8539,0.0024,48.1934,3900.456,4473.045,1775442821357584440
nyudepth,no_sharing,109.0115,9323.1096,4864.7156,44.8539,0.0024,48.1934,3885.7985,4458.394,1775442821357584440
nyudepth,no_sharing,109.0246,9309.979,4864.7156,44.8539,0.0024,48.1934,3872.6618,4445.2633,1775442821357584440
nyudepth,no_sharing,109.0462,9288.363,4864.7156,44.8539,0.0024,48.1934,3851.0399,4423.6473,1775442821357584440
nyudepth,no_sharing,109.0842,9250.4034,4864.7156,44.8539,0.0024,48.1934,3813.0741,4385.6878,1775442821357584440
nyudepth,no_sharing,109.0935,9241.0569,4864.7156,44.8539,0.0024,48.1934,3803.721,4376.3413,1775442821357584440
nyudepth,no_sharing,109.115,9219.5997,4864.7156,44.8539,0.0024,48.1934,3782.2568,4354.8841,1775442821357584440
nyudepth,no_sharing,109.1453,9189.3284,4864.7156,44.8539,0.0024,48.1934,3751.9798,4324.6128,1775442821357584440
nyudepth,no_sharing,109.2492,9085.4383,4864.7156,44.8539,0.0024,48.1934,3648.083,4220.7226,1775442821357584440
nyudepth,no_sharing,109.2874,9047.1768,4864.7156,44.8539,0.0024,48.1934,3609.8156,4182.4612,1775442821357584440
nyudepth,no_sharing,109.4252,8909.4036,4864.7156,44.8539,0.0024,48.1934,3472.0361,4044.6879,1775442821357584440
nyudepth,no_sharing,109.5748,8759.8813,4864.7156,44.8539,0.0024,48.1934,3322.5069,3895.1656,1775442821357584440
nyudepth,no_sharing,109.5864,8748.2111,4864.7156,44.8539,0.0024,48.1934,3310.8301,3883.4955,1775442821357584440
nyudepth,no_sharing,109.5905,8744.1304,4864.7156,44.8539,0.0024,48.1934,3306.7434,3879.4147,1775442821357584440
nyudepth,no_sharing,109.7378,8596.8325,4864.7156,44.8539,0.0024,48.1934,3159.4391,3732.1169,1775442821357584440
nyudepth,no_sharing,109.8591,8475.5626,4864.7156,44.8539,0.0024,48.1934,3038.1615,3610.8469,1775442821357584440
nyudepth,no_sharing,110.0664,8268.2977,4864.7156,44.8539,0.0024,48.1934,2830.8904,3403.582,1775442821357584440
nyudepth,no_sharing,110.1392,8195.5035,4864.7156,44.8539,0.0024,48.1934,2758.0903,3330.7878,1775442821357584440
nyudepth,no_sharing,110.1439,8190.8059,4864.7156,44.8539,0.0024,48.1934,2753.3867,3326.0903,1775442821357584440
nyudepth,no_sharing,110.1911,8143.5418,4864.7156,44.8539,0.0024,48.1934,2706.1169,3278.8262,1775442821357584440
nyudepth,no_sharing,110.229,8105.7265,4864.7156,44.8539,0.0024,48.1934,2668.2758,3241.0108,1775442821357584440
nyudepth,no_sharing,110.3163,8018.4555,4864.7156,44.8539,0.0024,48.1934,2580.9956,3153.7399,1775442821357584440
nyudepth,no_sharing,110.3269,8007.8397,4864.7156,44.8539,0.0024,48.1934,2570.3652,3143.124,1775442821357584440
nyudepth,no_sharing,110.3375,7997.2596,4864.7156,44.8539,0.0024,48.1934,2559.778,3132.544,1775442821357584440
nyudepth,no_sharing,110.3791,7955.6572,4864.7156,44.8539,0.0024,48.1934,2518.1696,3090.9416,1775442821357584440
nyudepth,no_sharing,110.3847,7950.0487,4864.7156,44.8539,0.0024,48.1934,2512.5556,3085.333,1775442821357584440
nyudepth,no_sharing,110.392,7942.795,4864.7156,44.8539,0.0024,48.1934,2505.2965,3078.0794,1775442821357584440
nyudepth,no_sharing,110.5076,7827.1344,4864.7156,44.8539,0.0024,48.1934,2389.6303,2962.4187,1775442821357584440
nyudepth,no_sharing,110.6446,7690.1693,4864.7156,44.8539,0.0024,48.1934,2252.6603,2825.4537,1775442821357584440
nyudepth,no_sharing,110.7477,7587.1146,4864.7156,44.8539,0.0024,48.1934,2149.5988,2722.3989,1775442821357584440
nyudepth,no_sharing,110.8139,7520.8397,4864.7156,44.8539,0.0024,48.1934,2083.3178,2656.124,1775442821357584440
nyudepth,no_sharing,110.8329,7501.9097,4864.7156,44.8539,0.0024,48.1934,2064.3818,2637.1941,1775442821357584440
nyudepth,no_sharing,110.8535,7481.2939,4864.7156,44.8539,0.0024,48.1934,2043.7603,2616.5783,1775442821357584440
nyudepth,no_sharing,110.9478,7386.971,4864.7156,44.8539,0.0024,48.1934,1949.4317,2522.2553,1775442821357584440
nyudepth,no_sharing,111.1218,7213.0404,4864.7156,44.8539,0.0024,48.1934,1775.4958,2348.3247,1775442821357584440
nyudepth,no_sharing,111.1218,7213.0325,4864.7156,44.8539,0.0024,48.1934,1775.4829,2348.3168,1775442821357584440
nyudepth,no_sharing,111.364,6970.7832,4864.7156,44.8539,0.0024,48.1934,1533.2277,2106.0676,1775442821357584440
nyudepth,no_sharing,111.3747,6960.1431,4864.7156,44.8539,0.0024,48.1934,1522.5821,2095.4274,1775442821357584440
nyudepth,no_sharing,111.4627,6872.0877,4864.7156,44.8539,0.0024,48.1934,1434.5207,2007.3721,1775442821357584440
nyudepth,no_sharing,111.475,6859.8266,4864.7156,44.8539,0.0024,48.1934,1422.2538,1995.1109,1775442821357584440
nyudepth,no_sharing,111.4976,6837.2059,4864.7156,44.8539,0.0024,48.1934,1399.6279,1972.4902,1775442821357584440
nyudepth,no_sharing,111.549,6785.8982,4864.7156,44.8539,0.0024,48.1934,1348.3148,1921.1826,1775442821357584440
nyudepth,no_sharing,111.5636,6771.27,4864.7156,44.8539,0.0024,48.1934,1333.6813,1906.5544,1775442821357584440
nyudepth,no_sharing,111.6853,6649.5247,4864.7156,44.8539,0.0024,48.1934,1211.9291,1784.809,1775442821357584440
nyudepth,no_sharing,111.693,6641.8626,4864.7156,44.8539,0.0024,48.1934,1204.262,1777.147,1775442821357584440
nyudepth,no_sharing,111.6956,6639.2462,4864.7156,44.8539,0.0024,48.1934,1201.6404,1774.5306,1775442821357584440
nyudepth,no_sharing,111.856,6478.9126,4864.7156,44.8539,0.0024,48.1934,1041.3013,1614.1969,1775442821357584440
nyudepth,no_sharing,111.9389,6395.972,4864.7156,44.8539,0.0024,48.1934,958.3549,1531.2564,1775442821357584440
nyudepth,no_sharing,111.9625,6372.3497,4864.7156,44.8539,0.0024,48.1934,934.7281,1507.6341,1775442821357584440
nyudepth,no_sharing,111.9939,6341.0087,4864.7156,44.8539,0.0024,48.1934,903.3811,1476.293,1775442821357584440
nyudepth,no_sharing,112.0485,6286.3934,4864.7156,44.8539,0.0024,48.1934,848.7604,1421.6778,1775442821357584440
nyudepth,no_sharing,112.1288,6206.0668,4864.7156,44.8539,0.0024,48.1934,768.4281,1341.3512,1775442821357584440
nyudepth,no_sharing,112.1526,6182.339,4864.7156,44.8539,0.0024,48.1934,744.6949,1317.6233,1775442821357584440
nyudepth,no_sharing,112.2039,6131.0227,4864.7156,44.8539,0.0024,48.1934,693.3727,1266.307,1775442821357584440
nyudepth,no_sharing,112.2195,6115.4108,4864.7156,44.8539,0.0024,48.1934,677.7558,1250.6952,1775442821357584440
nyudepth,no_sharing,112.2211,6113.7893,4864.7156,44.8539,0.0024,48.1934,676.1291,1249.0737,1775442821357584440
nyudepth,no_sharing,112.3134,6021.5373,4864.7156,44.8539,0.0024,48.1934,583.8718,1156.8217,1775442821357584440
nyudepth,no_sharing,112.3176,6017.3779,4864.7156,44.8539,0.0024,48.1934,579.7076,1152.6622,1775442821357584440
nyudepth,no_sharing,112.3197,10779.7899,4837.7639,46.7522,0.0037,47.9025,5722.7273,5942.026,1775442826502698986
nyudepth,no_sharing,112.4285,10670.9328,4837.7639,46.7522,0.0037,47.9025,5613.8575,5833.1689,1775442826502698986
nyudepth,no_sharing,112.5655,10533.9403,4837.7639,46.7522,0.0037,47.9025,5476.8574,5696.1764,1775442826502698986
nyudepth,no_sharing,112.6115,10487.9794,4837.7639,46.7522,0.0037,47.9025,5430.8896,5650.2155,1775442826502698986
nyudepth,no_sharing,112.6682,10431.3149,4837.7639,46.7522,0.0037,47.9025,5374.2182,5593.551,1775442826502698986
nyudepth,no_sharing,112.6682,10431.2911,4837.7639,46.7522,0.0037,47.9025,5374.1877,5593.5272,1775442826502698986
nyudepth,no_sharing,112.6682,10431.2885,4837.7639,46.7522,0.0037,47.9025,5374.1794,5593.5246,1775442826502698986
nyudepth,no_sharing,113.129,9970.4866,4837.7639,46.7522,0.0037,47.9025,4913.3708,5132.7227,1775442826502698986
nyudepth,no_sharing,113.129,9970.469,4837.7639,46.7522,0.0037,47.9025,4913.3472,5132.7051,1775442826502698986
nyudepth,no_sharing,113.129,9970.4676,4837.7639,46.7522,0.0037,47.9025,4913.3401,5132.7037,1775442826502698986
nyudepth,no_sharing,113.129,9970.4685,4837.7639,46.7522,0.0037,47.9025,4913.3344,5132.7046,1775442826502698986
nyudepth,no_sharing,113.1291,9970.47,4837.7639,46.7522,0.0037,47.9025,4913.3291,5132.7061,1775442826502698986
nyudepth,no_sharing,113.1291,9970.4711,4837.7639,46.7522,0.0037,47.9025,4913.3236,5132.7072,1775442826502698986
nyudepth,no_sharing,113.1291,9970.4721,4837.7639,46.7522,0.0037,47.9025,4913.3189,5132.7082,1775442826502698986
nyudepth,no_sharing,113.218,9881.5117,4837.7639,46.7522,0.0037,47.9025,4824.3518,5043.7478,1775442826502698986
nyudepth,no_sharing,113.218,9881.5045,4837.7639,46.7522,0.0037,47.9025,4824.3387,5043.7406,1775442826502698986
nyudepth,no_sharing,113.218,9881.5057,4837.7639,46.7522,0.0037,47.9025,4824.3325,5043.7418,1775442826502698986
nyudepth,no_sharing,113.2181,9881.5057,4837.7639,46.7522,0.0037,47.9025,4824.3265,5043.7418,1775442826502698986
nyudepth,no_sharing,113.3971,9702.497,4837.7639,46.7522,0.0037,47.9025,4645.3111,4864.7331,1775442826502698986
nyudepth,no_sharing,113.459,9640.5728,4837.7639,46.7522,0.0037,47.9025,4583.3805,4802.8089,1775442826502698986
nyudepth,no_sharing,113.5646,9601.0268,4837.7639,46.7522,0.0037,47.9025,4477.7792,4763.2629,1775442826502698986
nyudepth,no_sharing,113.5646,9601.0239,4837.7639,46.7522,0.0037,47.9025,4477.7639,4763.26,1775442826502698986
nyudepth,no_sharing,113.5707,9594.9316,4837.7639,46.7522,0.0037,47.9025,4471.6632,4757.1677,1775442826502698986
nyudepth,no_sharing,113.6411,9524.5519,4837.7639,46.7522,0.0037,47.9025,4401.2766,4686.788,1775442826502698986
nyudepth,no_sharing,113.6428,9522.9132,4837.7639,46.7522,0.0037,47.9025,4399.6286,4685.1493,1775442826502698986
nyudepth,no_sharing,113.6817,9484.0117,4837.7639,46.7522,0.0037,47.9025,4360.7194,4646.2478,1775442826502698986
nyudepth,no_sharing,113.6943,9471.3843,4837.7639,46.7522,0.0037,47.9025,4348.0852,4633.6204,1775442826502698986
nyudepth,no_sharing,113.7126,9453.0742,4837.7639,46.7522,0.0037,47.9025,4329.7682,4615.3103,1775442826502698986
nyudepth,no_sharing,113.7756,9390.1303,4837.7639,46.7522,0.0037,47.9025,4266.8176,4552.3664,1775442826502698986
nyudepth,no_sharing,113.7902,9375.5152,4837.7639,46.7522,0.0037,47.9025,4252.1727,4537.7513,1775442826502698986
nyudepth,no_sharing,113.8078,9357.9638,4837.7639,46.7522,0.0037,47.9025,4234.6134,4520.1999,1775442826502698986
nyudepth,no_sharing,113.8561,9309.68,4837.7639,46.7522,0.0037,47.9025,4186.3222,4471.9161,1775442826502698986
nyudepth,no_sharing,113.8647,9301.0561,4837.7639,46.7522,0.0037,47.9025,4177.6917,4463.2922,1775442826502698986
nyudepth,no_sharing,113.9253,9240.4265,4837.7639,46.7522,0.0037,47.9025,4117.0552,4402.6626,1775442826502698986
nyudepth,no_sharing,114.0195,9146.2269,4837.7639,46.7522,0.0037,47.9025,4022.8486,4308.463,1775442826502698986
nyudepth,no_sharing,114.14,9025.8145,4837.7639,46.7522,0.0037,47.9025,3902.4291,4188.0506,1775442826502698986
nyudepth,no_sharing,114.1766,8989.1322,4837.7639,46.7522,0.0037,47.9025,3865.7391,4151.3683,1775442826502698986
nyudepth,no_sharing,114.1893,8976.4807,4837.7639,46.7522,0.0037,47.9025,3853.081,4138.7168,1775442826502698986
nyudepth,no_sharing,114.2005,9062.4173,4837.7639,46.7522,0.0037,47.9025,3841.9235,4224.6534,1775442826502698986
nyudepth,no_sharing,114.2075,9055.3589,4837.7639,46.7522,0.0037,47.9025,3834.8498,4217.595,1775442826502698986
nyudepth,no_sharing,114.2097,9053.153,4837.7639,46.7522,0.0037,47.9025,3832.6335,4215.3891,1775442826502698986
nyudepth,no_sharing,114.2783,8984.6554,4837.7639,46.7522,0.0037,47.9025,3764.1261,4146.8915,1775442826502698986
nyudepth,no_sharing,114.3101,8952.853,4837.7639,46.7522,0.0037,47.9025,3732.3146,4115.0891,1775442826502698986
nyudepth,no_sharing,114.4196,8843.2808,4837.7639,46.7522,0.0037,47.9025,3622.7331,4005.5169,1775442826502698986
nyudepth,no_sharing,114.4263,8836.6618,4837.7639,46.7522,0.0037,47.9025,3616.1044,3998.8979,1775442826502698986
nyudepth,no_sharing,114.5787,8684.2792,4837.7639,46.7522,0.0037,47.9025,3463.7125,3846.5153,1775442826502698986
nyudepth,no_sharing,114.6069,8656.0235,4837.7639,46.7522,0.0037,47.9025,3435.4477,3818.2596,1775442826502698986
nyudepth,no_sharing,114.6126,8650.3623,4837.7639,46.7522,0.0037,47.9025,3429.7788,3812.5984,1775442826502698986
nyudepth,no_sharing,114.6137,8649.3111,4837.7639,46.7522,0.0037,47.9025,3428.719,3811.5472,1775442826502698986
nyudepth,no_sharing,114.6253,8637.701,4837.7639,46.7522,0.0037,47.9025,3417.1002,3799.9371,1775442826502698986
nyudepth,no_sharing,114.7196,8543.4339,4837.7639,46.7522,0.0037,47.9025,3322.8238,3705.67,1775442826502698986
nyudepth,no_sharing,114.7306,8532.388,4837.7639,46.7522,0.0037,47.9025,3311.7697,3694.6241,1775442826502698986
nyudepth,no_sharing,114.7922,8470.7665,4837.7639,46.7522,0.0037,47.9025,3250.1397,3633.0026,1775442826502698986
nyudepth,no_sharing,114.7959,8467.104,4837.7639,46.7522,0.0037,47.9025,3246.4678,3629.3401,1775442826502698986
nyudepth,no_sharing,114.8255,8437.489,4837.7639,46.7522,0.0037,47.9025,3216.8369,3599.7251,1775442826502698986
nyudepth,no_sharing,114.8759,8387.1825,4837.7639,46.7522,0.0037,47.9025,3166.522,3549.4186,1775442826502698986
nyudepth,no_sharing,114.9618,8301.2183,4837.7639,46.7522,0.0037,47.9025,3080.5488,3463.4544,1775442826502698986
nyudepth,no_sharing,115.0155,8247.5941,4837.7639,46.7522,0.0037,47.9025,3026.917,3409.8302,1775442826502698986
nyudepth,no_sharing,115.0207,8242.3439,4837.7639,46.7522,0.0037,47.9025,3021.6579,3404.58,1775442826502698986
nyudepth,no_sharing,115.0944,8168.679,4837.7639,46.7522,0.0037,47.9025,2947.9845,3330.9151,1775442826502698986
nyudepth,no_sharing,115.0944,8168.6742,4837.7639,46.7522,0.0037,47.9025,2947.9709,3330.9103,1775442826502698986
nyudepth,no_sharing,115.1037,8231.6449,4837.7639,46.7522,0.0037,47.9025,2938.6353,3393.881,1775442826502698986
nyudepth,no_sharing,115.2238,8111.5603,4837.7639,46.7522,0.0037,47.9025,2818.5377,3273.7964,1775442826502698986
nyudepth,no_sharing,115.2861,8049.3283,4837.7639,46.7522,0.0037,47.9025,2756.2966,3211.5644,1775442826502698986
nyudepth,no_sharing,115.3447,7990.7289,4837.7639,46.7522,0.0037,47.9025,2697.6893,3152.965,1775442826502698986
nyudepth,no_sharing,115.3793,7956.0995,4837.7639,46.7522,0.0037,47.9025,2663.0521,3118.3356,1775442826502698986
nyudepth,no_sharing,115.4403,7895.1092,4837.7639,46.7522,0.0037,47.9025,2602.052,3057.3453,1775442826502698986
nyudepth,no_sharing,115.451,7884.4945,4837.7639,46.7522,0.0037,47.9025,2591.429,3046.7306,1775442826502698986
nyudepth,no_sharing,115.4892,7846.2045,4837.7639,46.7522,0.0037,47.9025,2553.1313,3008.4406,1775442826502698986
nyudepth,no_sharing,115.5109,7824.5938,4837.7639,46.7522,0.0037,47.9025,2531.5127,2986.8299,1775442826502698986
nyudepth,no_sharing,115.5311,7804.3418,4837.7639,46.7522,0.0037,47.9025,2511.2529,2966.5779,1775442826502698986
nyudepth,no_sharing,115.584,7751.4753,4837.7639,46.7522,0.0037,47.9025,2458.3788,2913.7114,1775442826502698986
nyudepth,no_sharing,115.5986,7736.8901,4837.7639,46.7522,0.0037,47.9025,2443.7866,2899.1262,1775442826502698986
nyudepth,no_sharing,115.6462,7689.2655,4837.7639,46.7522,0.0037,47.9025,2396.1556,2851.5016,1775442826502698986
nyudepth,no_sharing,115.674,7661.5384,4837.7639,46.7522,0.0037,47.9025,2368.4213,2823.7745,1775442826502698986
nyudepth,no_sharing,115.9195,7416.0435,4837.7639,46.7522,0.0037,47.9025,2122.9186,2578.2796,1775442826502698986
nyudepth,no_sharing,115.9341,7401.3948,4837.7639,46.7522,0.0037,47.9025,2108.2616,2563.6309,1775442826502698986
nyudepth,no_sharing,115.9368,7398.71,4837.7639,46.7522,0.0037,47.9025,2105.5675,2560.9461,1775442826502698986
nyudepth,no_sharing,116.0471,7288.393,4837.7639,46.7522,0.0037,47.9025,1995.2431,2450.6291,1775442826502698986
nyudepth,no_sharing,116.2178,7117.698,4837.7639,46.7522,0.0037,47.9025,1824.5399,2279.9341,1775442826502698986
nyudepth,no_sharing,116.2747,7060.8165,4837.7639,46.7522,0.0037,47.9025,1767.6511,2223.0526,1775442826502698986
nyudepth,no_sharing,116.2763,7059.2062,4837.7639,46.7522,0.0037,47.9025,1766.0341,2221.4423,1775442826502698986
nyudepth,no_sharing,116.278,7057.6065,4837.7639,46.7522,0.0037,47.9025,1764.4279,2219.8426,1775442826502698986
nyudepth,no_sharing,116.2835,7053.6797,4837.7639,46.7522,0.0037,47.9025,1758.8358,2215.9158,1775442826502698986
nyudepth,no_sharing,116.3894,6947.8385,4837.7639,46.7522,0.0037,47.9025,1652.982,2110.0746,1775442826502698986
nyudepth,no_sharing,116.5647,6772.5654,4837.7639,46.7522,0.0037,47.9025,1477.6998,1934.8015,1775442826502698986
nyudepth,no_sharing,116.5733,6763.9425,4837.7639,46.7522,0.0037,47.9025,1469.07,1926.1786,1775442826502698986
nyudepth,no_sharing,116.5819,6755.3408,4837.7639,46.7522,0.0037,47.9025,1460.4614,1917.5769,1775442826502698986
nyudepth,no_sharing,116.5925,6744.7355,4837.7639,46.7522,0.0037,47.9025,1449.8506,1906.9716,1775442826502698986
nyudepth,no_sharing,116.6901,6647.1741,4837.7639,46.7522,0.0037,47.9025,1352.2823,1809.4102,1775442826502698986
nyudepth,no_sharing,116.7384,6598.8631,4837.7639,46.7522,0.0037,47.9025,1303.9641,1761.0992,1775442826502698986
nyudepth,no_sharing,116.7851,6552.2199,4837.7639,46.7522,0.0037,47.9025,1257.3137,1714.456,1775442826502698986
nyudepth,no_sharing,116.7851,6552.2134,4837.7639,46.7522,0.0037,47.9025,1257.3009,1714.4495,1775442826502698986
nyudepth,no_sharing,116.8164,6520.86,4837.7639,46.7522,0.0037,47.9025,1225.9407,1683.0961,1775442826502698986
nyudepth,no_sharing,116.8501,6487.2158,4837.7639,46.7522,0.0037,47.9025,1192.2898,1649.4519,1775442826502698986
nyudepth,no_sharing,116.8647,6472.5919,4837.7639,46.7522,0.0037,47.9025,1177.6597,1634.828,1775442826502698986
nyudepth,no_sharing,116.8652,6472.0707,4837.7639,46.7522,0.0037,47.9025,1177.1321,1634.3068,1775442826502698986
nyudepth,no_sharing,116.9186,6418.7546,4837.7639,46.7522,0.0037,47.9025,1123.8093,1580.9907,1775442826502698986
nyudepth,no_sharing,116.9712,6366.1296,4837.7639,46.7522,0.0037,47.9025,1071.178,1528.3657,1775442826502698986
nyudepth,no_sharing,116.9875,6349.8473,4837.7639,46.7522,0.0037,47.9025,1054.8892,1512.0834,1775442826502698986
nyudepth,no_sharing,117.0771,11246.814,5146.6336,525.0884,0.0026,47.1533,6090.3125,6100.1804,1775442831627751905
nyudepth,no_sharing,117.1585,11168.6802,5146.6336,525.0884,0.0026,47.1533,6008.9395,6022.0466,1775442831627751905
nyudepth,no_sharing,117.225,11106.1254,5146.6336,525.0884,0.0026,47.1533,5942.4384,5959.4918,1775442831627751905
nyudepth,no_sharing,117.2562,11080.8117,5146.6336,525.0884,0.0026,47.1533,5911.2315,5934.1782,1775442831627751905
nyudepth,no_sharing,117.4978,10839.221,5146.6336,525.0884,0.0026,47.1533,5669.6329,5692.5874,1775442831627751905
nyudepth,no_sharing,117.514,10829.4873,5146.6336,525.0884,0.0026,47.1533,5653.3844,5682.8538,1775442831627751905
nyudepth,no_sharing,117.6208,10722.6973,5146.6336,525.0884,0.0026,47.1533,5546.5858,5576.0637,1775442831627751905
nyudepth,no_sharing,118.0354,10317.1208,5146.6336,525.0884,0.0026,47.1533,5132.0157,5170.4872,1775442831627751905
nyudepth,no_sharing,118.0354,10317.1072,5146.6336,525.0884,0.0026,47.1533,5131.9935,5170.4736,1775442831627751905
nyudepth,no_sharing,118.0354,10317.1065,5146.6336,525.0884,0.0026,47.1533,5131.9866,5170.4729,1775442831627751905
nyudepth,no_sharing,118.0355,10325.6965,5146.6336,525.0884,0.0026,47.1533,5131.9816,5179.0629,1775442831627751905
nyudepth,no_sharing,118.0355,10325.701,5146.6336,525.0884,0.0026,47.1533,5131.9776,5179.0674,1775442831627751905
nyudepth,no_sharing,118.0355,10325.7029,5146.6336,525.0884,0.0026,47.1533,5131.973,5179.0693,1775442831627751905
nyudepth,no_sharing,118.0355,10336.9327,5146.6336,525.0884,0.0026,47.1533,5131.9687,5190.2991,1775442831627751905
nyudepth,no_sharing,118.0355,10336.937,5146.6336,525.0884,0.0026,47.1533,5131.9644,5190.3034,1775442831627751905
nyudepth,no_sharing,118.0355,10336.9391,5146.6336,525.0884,0.0026,47.1533,5131.9606,5190.3055,1775442831627751905
nyudepth,no_sharing,118.0355,10336.9391,5146.6336,525.0884,0.0026,47.1533,5131.9554,5190.3055,1775442831627751905
nyudepth,no_sharing,118.0355,10348.5055,5146.6336,525.0884,0.0026,47.1533,5131.9513,5201.8719,1775442831627751905
nyudepth,no_sharing,118.0355,10348.51,5146.6336,525.0884,0.0026,47.1533,5131.9466,5201.8765,1775442831627751905
nyudepth,no_sharing,118.3341,10049.8612,5146.6336,525.0884,0.0026,47.1533,4833.2913,4903.2276,1775442831627751905
nyudepth,no_sharing,118.3342,10049.8536,5146.6336,525.0884,0.0026,47.1533,4833.2782,4903.22,1775442831627751905
nyudepth,no_sharing,118.3342,10064.6698,5146.6336,525.0884,0.0026,47.1533,4833.2639,4918.0363,1775442831627751905
nyudepth,no_sharing,118.3342,10064.6672,5146.6336,525.0884,0.0026,47.1533,4833.2517,4918.0337,1775442831627751905
nyudepth,no_sharing,118.4275,9971.37,5146.6336,525.0884,0.0026,47.1533,4739.948,4824.7364,1775442831627751905
nyudepth,no_sharing,118.4301,9968.7526,5146.6336,525.0884,0.0026,47.1533,4737.325,4822.1191,1775442831627751905
nyudepth,no_sharing,118.4798,9919.0178,5146.6336,525.0884,0.0026,47.1533,4687.5844,4772.3842,1775442831627751905
nyudepth,no_sharing,118.533,9882.6284,5146.6336,525.0884,0.0026,47.1533,4634.4361,4735.9949,1775442831627751905
nyudepth,no_sharing,118.5885,9827.1661,5146.6336,525.0884,0.0026,47.1533,4578.9633,4680.5325,1775442831627751905
nyudepth,no_sharing,118.7392,9676.3997,5146.6336,525.0884,0.0026,47.1533,4428.1898,4529.7661,1775442831627751905
nyudepth,no_sharing,118.8014,9614.2023,5146.6336,525.0884,0.0026,47.1533,4365.9868,4467.5687,1775442831627751905
nyudepth,no_sharing,118.9674,9448.3008,5146.6336,525.0884,0.0026,47.1533,4200.0794,4301.6673,1775442831627751905
nyudepth,no_sharing,119.0026,9413.022,5146.6336,525.0884,0.0026,47.1533,4164.7956,4266.3885,1775442831627751905
nyudepth,no_sharing,119.0385,9396.6331,5146.6336,525.0884,0.0026,47.1533,4128.9039,4249.9996,1775442831627751905
nyudepth,no_sharing,119.222,9213.1262,5146.6336,525.0884,0.0026,47.1533,3945.3835,4066.4926,1775442831627751905
nyudepth,no_sharing,119.2696,9165.6125,5146.6336,525.0884,0.0026,47.1533,3897.8598,4018.9789,1775442831627751905
nyudepth,no_sharing,119.2856,9149.5869,5146.6336,525.0884,0.0026,47.1533,3881.8257,4002.9533,1775442831627751905
nyudepth,no_sharing,119.3602,9074.99,5146.6336,525.0884,0.0026,47.1533,3807.2197,3928.3565,1775442831627751905
nyudepth,no_sharing,119.4107,9024.4877,5146.6336,525.0884,0.0026,47.1533,3756.7091,3877.8542,1775442831627751905
nyudepth,no_sharing,119.4768,8975.0118,5146.6336,525.0884,0.0026,47.1533,3690.671,3828.3783,1775442831627751905
nyudepth,no_sharing,119.5242,8930.9001,5146.6336,525.0884,0.0026,47.1533,3643.2779,3784.2665,1775442831627751905
nyudepth,no_sharing,119.6179,8837.147,5146.6336,525.0884,0.0026,47.1533,3549.5152,3690.5134,1775442831627751905
nyudepth,no_sharing,119.6433,8811.816,5146.6336,525.0884,0.0026,47.1533,3524.1785,3665.1824,1775442831627751905
nyudepth,no_sharing,119.6524,8802.6445,5146.6336,525.0884,0.0026,47.1533,3515.0008,3656.0109,1775442831627751905
nyudepth,no_sharing,119.6653,8789.7382,5146.6336,525.0884,0.0026,47.1533,3502.089,3643.1046,1775442831627751905
nyudepth,no_sharing,119.7303,8724.7527,5146.6336,525.0884,0.0026,47.1533,3437.0978,3578.1191,1775442831627751905
nyudepth,no_sharing,119.7799,8694.6983,5146.6336,525.0884,0.0026,47.1533,3387.5365,3548.0648,1775442831627751905
nyudepth,no_sharing,119.9371,8543.6153,5146.6336,525.0884,0.0026,47.1533,3230.3643,3396.9818,1775442831627751905
nyudepth,no_sharing,119.9739,8506.7866,5146.6336,525.0884,0.0026,47.1533,3193.5108,3360.153,1775442831627751905
nyudepth,no_sharing,119.9904,8490.314,5146.6336,525.0884,0.0026,47.1533,3177.027,3343.6804,1775442831627751905
nyudepth,no_sharing,120.2069,8273.8144,5146.6336,525.0884,0.0026,47.1533,2960.5207,3127.1809,1775442831627751905
nyudepth,no_sharing,120.3388,8141.9432,5146.6336,525.0884,0.0026,47.1533,2828.6436,2995.3097,1775442831627751905
nyudepth,no_sharing,120.4256,8055.0938,5146.6336,525.0884,0.0026,47.1533,2741.7886,2908.4602,1775442831627751905
nyudepth,no_sharing,120.544,7936.7747,5146.6336,525.0884,0.0026,47.1533,2623.4643,2790.1412,1775442831627751905
nyudepth,no_sharing,120.5702,7930.001,5146.6336,525.0884,0.0026,47.1533,2597.2161,2783.3675,1775442831627751905
nyudepth,no_sharing,120.5859,7914.3002,5146.6336,525.0884,0.0026,47.1533,2581.506,2767.6666,1775442831627751905
nyudepth,no_sharing,120.6066,7902.4501,5146.6336,525.0884,0.0026,47.1533,2560.7858,2755.8165,1775442831627751905
nyudepth,no_sharing,120.7202,7788.9471,5146.6336,525.0884,0.0026,47.1533,2447.2728,2642.3135,1775442831627751905
nyudepth,no_sharing,120.7974,7711.6988,5146.6336,525.0884,0.0026,47.1533,2370.0185,2565.0652,1775442831627751905
nyudepth,no_sharing,120.8003,7708.8211,5146.6336,525.0884,0.0026,47.1533,2367.1353,2562.1875,1775442831627751905
nyudepth,no_sharing,120.8596,7649.5001,5146.6336,525.0884,0.0026,47.1533,2307.8094,2502.8666,1775442831627751905
nyudepth,no_sharing,120.8776,7631.5274,5146.6336,525.0884,0.0026,47.1533,2289.8314,2484.8939,1775442831627751905
nyudepth,no_sharing,121.0489,7460.2504,5146.6336,525.0884,0.0026,47.1533,2118.5486,2313.6168,1775442831627751905
nyudepth,no_sharing,121.1283,7403.4569,5146.6336,525.0884,0.0026,47.1533,2039.176,2256.8234,1775442831627751905
nyudepth,no_sharing,121.1859,7345.7863,5146.6336,525.0884,0.0026,47.1533,1981.4906,2199.1528,1775442831627751905
nyudepth,no_sharing,121.2254,7306.3743,5146.6336,525.0884,0.0026,47.1533,1942.0679,2159.7407,1775442831627751905
nyudepth,no_sharing,121.237,7304.7278,5146.6336,525.0884,0.0026,47.1533,1930.4779,2158.0942,1775442831627751905
nyudepth,no_sharing,121.3007,7241.0316,5146.6336,525.0884,0.0026,47.1533,1866.7507,2094.3981,1775442831627751905
nyudepth,no_sharing,121.34,7201.6826,5146.6336,525.0884,0.0026,47.1533,1827.39,2055.049,1775442831627751905
nyudepth,no_sharing,121.4337,7108.0227,5146.6336,525.0884,0.0026,47.1533,1733.7205,1961.3891,1775442831627751905
nyudepth,no_sharing,121.4546,7087.1768,5146.6336,525.0884,0.0026,47.1533,1712.8668,1940.5432,1775442831627751905
nyudepth,no_sharing,121.5122,7029.5162,5146.6336,525.0884,0.0026,47.1533,1655.1991,1882.8827,1775442831627751905
nyudepth,no_sharing,121.5179,7023.8526,5146.6336,525.0884,0.0026,47.1533,1649.5285,1877.219,1775442831627751905
nyudepth,no_sharing,121.5292,7012.5341,5146.6336,525.0884,0.0026,47.1533,1638.2024,1865.9006,1775442831627751905
nyudepth,no_sharing,121.5411,7026.0201,5146.6336,525.0884,0.0026,47.1533,1626.3409,1879.3865,1775442831627751905
nyudepth,no_sharing,121.5639,7003.2544,5146.6336,525.0884,0.0026,47.1533,1603.5633,1856.6208,1775442831627751905
nyudepth,no_sharing,121.6696,6897.5224,5146.6336,525.0884,0.0026,47.1533,1497.8235,1750.8889,1775442831627751905
nyudepth,no_sharing,121.7015,6878.5889,5146.6336,525.0884,0.0026,47.1533,1465.9665,1731.9553,1775442831627751905
nyudepth,no_sharing,121.7404,6839.6721,5146.6336,525.0884,0.0026,47.1533,1427.0294,1693.0385,1775442831627751905
nyudepth,no_sharing,121.7449,6835.1614,5146.6336,525.0884,0.0026,47.1533,1422.5063,1688.5279,1775442831627751905
nyudepth,no_sharing,121.7766,6803.5173,5146.6336,525.0884,0.0026,47.1533,1390.8525,1656.8838,1775442831627751905
nyudepth,no_sharing,121.8104,6769.6645,5146.6336,525.0884,0.0026,47.1533,1356.9913,1623.031,1775442831627751905
nyudepth,no_sharing,121.8325,6747.6523,5146.6336,525.0884,0.0026,47.1533,1334.9707,1601.0187,1775442831627751905
nyudepth,no_sharing,121.8882,6691.9274,5146.6336,525.0884,0.0026,47.1533,1279.2385,1545.2939,1775442831627751905
nyudepth,no_sharing,121.9231,6657.053,5146.6336,525.0884,0.0026,47.1533,1244.3571,1510.4194,1775442831627751905
nyudepth,no_sharing,121.9319,6648.1907,5146.6336,525.0884,0.0026,47.1533,1235.4889,1501.5572,1775442831627751905
nyudepth,no_sharing,121.9806,6636.4167,5146.6336,525.0884,0.0026,47.1533,1186.7957,1489.7831,1775442831627751905
nyudepth,no_sharing,122.0155,6601.5627,5146.6336,525.0884,0.0026,47.1533,1151.9258,1454.9292,1775442831627751905
nyudepth,no_sharing,122.0374,6579.6938,5146.6336,525.0884,0.0026,47.1533,1130.0471,1433.0602,1775442831627751905
nyudepth,no_sharing,122.0382,6578.8977,5146.6336,525.0884,0.0026,47.1533,1129.2436,1432.2641,1775442831627751905
nyudepth,no_sharing,122.0661,6551.0414,5146.6336,525.0884,0.0026,47.1533,1101.3355,1404.4078,1775442831627751905
nyudepth,no_sharing,122.191,6426.1849,5146.6336,525.0884,0.0026,47.1533,976.4688,1279.5513,1775442831627751905
nyudepth,no_sharing,122.2836,6333.5242,5146.6336,525.0884,0.0026,47.1533,883.7998,1186.8907,1775442831627751905
nyudepth,no_sharing,122.328,6289.1862,5146.6336,525.0884,0.0026,47.1533,839.4539,1142.5527,1775442831627751905
nyudepth,no_sharing,122.3398,6277.3573,5146.6336,525.0884,0.0026,47.1533,827.6179,1130.7238,1775442831627751905
nyudepth,no_sharing,122.4147,6202.4388,5146.6336,525.0884,0.0026,47.1533,752.6939,1055.8053,1775442831627751905
nyudepth,no_sharing,122.5024,6114.7866,5146.6336,525.0884,0.0026,47.1533,665.035,968.1531,1775442831627751905
nyudepth,no_sharing,122.5043,6112.9014,5146.6336,525.0884,0.0026,47.1533,663.1432,966.2679,1775442831627751905
nyudepth,no_sharing,122.6734,5943.7535,5146.6336,525.0884,0.0026,47.1533,493.9885,797.1199,1775442831627751905
nyudepth,no_sharing,122.9413,10285.2292,4632.343,51.5576,0.0032,45.801,5642.1824,5652.8862,1775442837043762275
nyudepth,no_sharing,122.9413,10298.795,4632.343,51.5576,0.0032,45.801,5642.1616,5666.452,1775442837043762275
nyudepth,no_sharing,122.9413,10298.8,4632.343,51.5576,0.0032,45.801,5642.1559,5666.457,1775442837043762275
nyudepth,no_sharing,122.9413,10319.8628,4632.343,51.5576,0.0032,45.801,5642.1511,5687.5199,1775442837043762275
nyudepth,no_sharing,122.9413,10329.4895,4632.343,51.5576,0.0032,45.801,5642.1471,5697.1465,1775442837043762275
nyudepth,no_sharing,122.9413,10329.4988,4632.343,51.5576,0.0032,45.801,5642.143,5697.1558,1775442837043762275
nyudepth,no_sharing,123.1655,10105.3143,4632.343,51.5576,0.0032,45.801,5417.9487,5472.9713,1775442837043762275
nyudepth,no_sharing,123.1655,10105.3014,4632.343,51.5576,0.0032,45.801,5417.9277,5472.9584,1775442837043762275
nyudepth,no_sharing,123.1655,10105.303,4632.343,51.5576,0.0032,45.801,5417.9215,5472.9601,1775442837043762275
nyudepth,no_sharing,123.1655,10160.4054,4632.343,51.5576,0.0032,45.801,5417.9168,5528.0624,1775442837043762275
nyudepth,no_sharing,123.3372,9988.7903,4632.343,51.5576,0.0032,45.801,5246.2873,5356.4473,1775442837043762275
nyudepth,no_sharing,123.3372,10012.5678,4632.343,51.5576,0.0032,45.801,5246.2783,5380.2248,1775442837043762275
nyudepth,no_sharing,123.3372,10012.5773,4632.343,51.5576,0.0032,45.801,5246.2728,5380.2343,1775442837043762275
nyudepth,no_sharing,123.4196,9930.1984,4632.343,51.5576,0.0032,45.801,5163.8846,5297.8555,1775442837043762275
nyudepth,no_sharing,123.4469,9902.9093,4632.343,51.5576,0.0032,45.801,5136.5871,5270.5663,1775442837043762275
nyudepth,no_sharing,123.4642,9885.5879,4632.343,51.5576,0.0032,45.801,5119.2565,5253.245,1775442837043762275
nyudepth,no_sharing,123.4858,9863.9667,4632.343,51.5576,0.0032,45.801,5097.6272,5231.6237,1775442837043762275
nyudepth,no_sharing,123.5099,9839.9026,4632.343,51.5576,0.0032,45.801,5073.5552,5207.5597,1775442837043762275
nyudepth,no_sharing,123.5451,9804.7025,4632.343,51.5576,0.0032,45.801,5038.3463,5172.3595,1775442837043762275
nyudepth,no_sharing,123.5807,9769.0668,4632.343,51.5576,0.0032,45.801,5002.7027,5136.7238,1775442837043762275
nyudepth,no_sharing,123.5984,9751.4355,4632.343,51.5576,0.0032,45.801,4985.0638,5119.0925,1775442837043762275
nyudepth,no_sharing,123.6343,9715.4882,4632.343,51.5576,0.0032,45.801,4949.1084,5083.1452,1775442837043762275
nyudepth,no_sharing,123.8405,9509.341,4632.343,51.5576,0.0032,45.801,4742.9533,4876.998,1775442837043762275
nyudepth,no_sharing,123.8453,9504.5159,4632.343,51.5576,0.0032,45.801,4738.1208,4872.1729,1775442837043762275
nyudepth,no_sharing,123.856,9633.6033,4632.343,51.5576,0.0032,45.801,4727.4907,5001.2604,1775442837043762275
nyudepth,no_sharing,124.0358,9453.7382,4632.343,51.5576,0.0032,45.801,4547.6098,4821.3952,1775442837043762275
nyudepth,no_sharing,124.1228,9366.822,4632.343,51.5576,0.0032,45.801,4460.6848,4734.479,1775442837043762275
nyudepth,no_sharing,124.293,9196.5933,4632.343,51.5576,0.0032,45.801,4290.4475,4564.2503,1775442837043762275
nyudepth,no_sharing,124.3546,9134.9506,4632.343,51.5576,0.0032,45.801,4228.7962,4502.6077,1775442837043762275
nyudepth,no_sharing,124.459,9086.858,4632.343,51.5576,0.0032,45.801,4124.4349,4454.5151,1775442837043762275
nyudepth,no_sharing,124.4636,9082.2358,4632.343,51.5576,0.0032,45.801,4119.8003,4449.8928,1775442837043762275
nyudepth,no_sharing,124.563,8982.9047,4632.343,51.5576,0.0032,45.801,4020.4606,4350.5617,1775442837043762275
nyudepth,no_sharing,124.6048,8941.0779,4632.343,51.5576,0.0032,45.801,3978.6258,4308.735,1775442837043762275
nyudepth,no_sharing,124.7132,8832.7186,4632.343,51.5576,0.0032,45.801,3870.2586,4200.3756,1775442837043762275
nyudepth,no_sharing,124.7607,8785.1691,4632.343,51.5576,0.0032,45.801,3822.701,4152.8261,1775442837043762275
nyudepth,no_sharing,124.7608,8785.1632,4632.343,51.5576,0.0032,45.801,3822.6871,4152.8202,1775442837043762275
nyudepth,no_sharing,124.7807,8765.2366,4632.343,51.5576,0.0032,45.801,3802.753,4132.8936,1775442837043762275
nyudepth,no_sharing,124.7919,8753.9883,4632.343,51.5576,0.0032,45.801,3791.4972,4121.6453,1775442837043762275
nyudepth,no_sharing,124.8613,8684.6578,4632.343,51.5576,0.0032,45.801,3722.1584,4052.3148,1775442837043762275
nyudepth,no_sharing,124.916,8629.9965,4632.343,51.5576,0.0032,45.801,3667.4893,3997.6536,1775442837043762275
nyudepth,no_sharing,124.9355,8610.4472,4632.343,51.5576,0.0032,45.801,3647.9321,3978.1042,1775442837043762275
nyudepth,no_sharing,124.9619,8584.0263,4632.343,51.5576,0.0032,45.801,3621.5036,3951.6834,1775442837043762275
nyudepth,no_sharing,124.9743,8571.6376,4632.343,51.5576,0.0032,45.801,3609.107,3939.2947,1775442837043762275
nyudepth,no_sharing,124.985,8560.9729,4632.343,51.5576,0.0032,45.801,3598.4349,3928.63,1775442837043762275
nyudepth,no_sharing,124.9905,8555.4845,4632.343,51.5576,0.0032,45.801,3592.9391,3923.1416,1775442837043762275
nyudepth,no_sharing,125.0282,8517.771,4632.343,51.5576,0.0032,45.801,3555.2175,3885.428,1775442837043762275
nyudepth,no_sharing,125.0443,8501.6577,4632.343,51.5576,0.0032,45.801,3539.0973,3869.3147,1775442837043762275
nyudepth,no_sharing,125.075,8470.9818,4632.343,51.5576,0.0032,45.801,3508.4147,3838.6389,1775442837043762275
nyudepth,no_sharing,125.1178,8428.2377,4632.343,51.5576,0.0032,45.801,3465.662,3795.8947,1775442837043762275
nyudepth,no_sharing,125.162,8383.9877,4632.343,51.5576,0.0032,45.801,3421.4058,3751.6447,1775442837043762275
nyudepth,no_sharing,125.1747,8371.3541,4632.343,51.5576,0.0032,45.801,3408.7653,3739.0111,1775442837043762275
nyudepth,no_sharing,125.1927,8353.3757,4632.343,51.5576,0.0032,45.801,3390.7804,3721.0327,1775442837043762275
nyudepth,no_sharing,125.1927,8353.37,4632.343,51.5576,0.0032,45.801,3390.7678,3721.027,1775442837043762275
nyudepth,no_sharing,125.2204,8325.6936,4632.343,51.5576,0.0032,45.801,3363.0857,3693.3506,1775442837043762275
nyudepth,no_sharing,125.2894,8256.629,4632.343,51.5576,0.0032,45.801,3294.0142,3624.286,1775442837043762275
nyudepth,no_sharing,125.2914,8254.7119,4632.343,51.5576,0.0032,45.801,3292.0907,3622.3689,1775442837043762275
nyudepth,no_sharing,125.3821,8163.9371,4632.343,51.5576,0.0032,45.801,3201.3094,3531.5941,1775442837043762275
nyudepth,no_sharing,125.498,8048.1231,4632.343,51.5576,0.0032,45.801,3085.4881,3415.7801,1775442837043762275
nyudepth,no_sharing,125.5382,8007.9157,4632.343,51.5576,0.0032,45.801,3045.2738,3375.5728,1775442837043762275
nyudepth,no_sharing,125.6293,7916.8284,4632.343,51.5576,0.0032,45.801,2954.181,3284.4854,1775442837043762275
nyudepth,no_sharing,125.6601,7885.9491,4632.343,51.5576,0.0032,45.801,2923.2943,3253.6062,1775442837043762275
nyudepth,no_sharing,125.6768,7869.2722,4632.343,51.5576,0.0032,45.801,2906.6117,3236.9293,1775442837043762275
nyudepth,no_sharing,125.6794,7973.0918,4632.343,51.5576,0.0032,45.801,2904.006,3340.7489,1775442837043762275
nyudepth,no_sharing,125.6824,7970.1672,4632.343,51.5576,0.0032,45.801,2901.0701,3337.8242,1775442837043762275
nyudepth,no_sharing,125.7745,7878.0494,4632.343,51.5576,0.0032,45.801,2808.9445,3245.7064,1775442837043762275
nyudepth,no_sharing,125.9132,7739.3739,4632.343,51.5576,0.0032,45.801,2670.2616,3107.0309,1775442837043762275
nyudepth,no_sharing,125.9519,7700.6969,4632.343,51.5576,0.0032,45.801,2631.5768,3068.354,1775442837043762275
nyudepth,no_sharing,126.0635,7589.0379,4632.343,51.5576,0.0032,45.801,2519.9089,2956.6949,1775442837043762275
nyudepth,no_sharing,126.1147,7537.9004,4632.343,51.5576,0.0032,45.801,2468.7636,2905.5575,1775442837043762275
nyudepth,no_sharing,126.1987,7453.9313,4632.343,51.5576,0.0032,45.801,2384.7878,2821.5884,1775442837043762275
nyudepth,no_sharing,126.2453,7407.2592,4632.343,51.5576,0.0032,45.801,2338.1085,2774.9163,1775442837043762275
nyudepth,no_sharing,126.2908,7361.7933,4632.343,51.5576,0.0032,45.801,2292.6357,2729.4503,1775442837043762275
nyudepth,no_sharing,126.3124,7340.1663,4632.343,51.5576,0.0032,45.801,2271.0023,2707.8234,1775442837043762275
nyudepth,no_sharing,126.3591,7293.5097,4632.343,51.5576,0.0032,45.801,2224.339,2661.1667,1775442837043762275
nyudepth,no_sharing,126.3753,7277.3316,4632.343,51.5576,0.0032,45.801,2208.1542,2644.9886,1775442837043762275
nyudepth,no_sharing,126.377,7278.2841,4632.343,51.5576,0.0032,45.801,2206.4922,2645.9411,1775442837043762275
nyudepth,no_sharing,126.4154,7239.8791,4632.343,51.5576,0.0032,45.801,2168.0734,2607.5362,1775442837043762275
nyudepth,no_sharing,126.4202,7235.0221,4632.343,51.5576,0.0032,45.801,2163.208,2602.6791,1775442837043762275
nyudepth,no_sharing,126.4486,7206.6896,4632.343,51.5576,0.0032,45.801,2134.8672,2574.3466,1775442837043762275
nyudepth,no_sharing,126.4495,7205.7815,4632.343,51.5576,0.0032,45.801,2133.9512,2573.4385,1775442837043762275
nyudepth,no_sharing,126.4973,7158.0088,4632.343,51.5576,0.0032,45.801,2086.1716,2525.6658,1775442837043762275
nyudepth,no_sharing,126.517,7138.3224,4632.343,51.5576,0.0032,45.801,2066.479,2505.9794,1775442837043762275
nyudepth,no_sharing,126.5236,7131.6743,4632.343,51.5576,0.0032,45.801,2059.8249,2499.3313,1775442837043762275
nyudepth,no_sharing,126.5513,7104.0013,4632.343,51.5576,0.0032,45.801,2032.146,2471.6583,1775442837043762275
nyudepth,no_sharing,126.5749,7080.3597,4632.343,51.5576,0.0032,45.801,2008.4977,2448.0167,1775442837043762275
nyudepth,no_sharing,126.6486,7006.7077,4632.343,51.5576,0.0032,45.801,1934.8388,2374.3647,1775442837043762275
nyudepth,no_sharing,126.7753,6880.0142,4632.343,51.5576,0.0032,45.801,1808.1388,2247.6712,1775442837043762275
nyudepth,no_sharing,126.8454,6809.9349,4632.343,51.5576,0.0032,45.801,1738.0526,2177.5919,1775442837043762275
nyudepth,no_sharing,126.8514,6803.9668,4632.343,51.5576,0.0032,45.801,1732.0781,2171.6238,1775442837043762275
nyudepth,no_sharing,126.8647,6790.6785,4632.343,51.5576,0.0032,45.801,1718.7829,2158.3355,1775442837043762275
nyudepth,no_sharing,127.1817,6473.6116,4632.343,51.5576,0.0032,45.801,1401.7093,1841.2686,1775442837043762275
nyudepth,no_sharing,127.2096,6445.7619,4632.343,51.5576,0.0032,45.801,1373.8523,1813.4189,1775442837043762275
nyudepth,no_sharing,127.2345,6420.8117,4632.343,51.5576,0.0032,45.801,1348.896,1788.4687,1775442837043762275
nyudepth,no_sharing,127.3179,6337.4772,4632.343,51.5576,0.0032,45.801,1265.5547,1705.1342,1775442837043762275
nyudepth,no_sharing,127.3992,6256.1679,4632.343,51.5576,0.0032,45.801,1184.2387,1623.8249,1775442837043762275
nyudepth,no_sharing,127.4059,6249.4898,4632.343,51.5576,0.0032,45.801,1177.5544,1617.1468,1775442837043762275
nyudepth,no_sharing,127.4512,6204.1814,4632.343,51.5576,0.0032,45.801,1132.2396,1571.8385,1775442837043762275
nyudepth,no_sharing,127.4571,6198.2944,4632.343,51.5576,0.0032,45.801,1126.3463,1565.9514,1775442837043762275
nyudepth,no_sharing,127.5478,6107.5714,4632.343,51.5576,0.0032,45.801,1035.6169,1475.2284,1775442837043762275
nyudepth,no_sharing,127.5517,6103.6584,4632.343,51.5576,0.0032,45.801,1031.698,1471.3155,1775442837043762275
nyudepth,no_sharing,127.5926,10617.6455,4774.788,45.9155,0.0025,47.2835,5832.7663,5842.8575,1775442841885704583
nyudepth,no_sharing,127.7167,10496.47,4774.788,45.9155,0.0025,47.2835,5708.7142,5721.682,1775442841885704583
nyudepth,no_sharing,127.7512,10464.8316,4774.788,45.9155,0.0025,47.2835,5674.1724,5690.0436,1775442841885704583
nyudepth,no_sharing,127.8295,10389.369,4774.788,45.9155,0.0025,47.2835,5595.9103,5614.581,1775442841885704583
nyudepth,no_sharing,127.8663,10355.3634,4774.788,45.9155,0.0025,47.2835,5559.0367,5580.5754,1775442841885704583
nyudepth,no_sharing,127.9301,10294.3349,4774.788,45.9155,0.0025,47.2835,5495.2471,5519.5469,1775442841885704583
nyudepth,no_sharing,128.0828,10144.5215,4774.788,45.9155,0.0025,47.2835,5342.6065,5369.7335,1775442841885704583
nyudepth,no_sharing,128.1467,10083.529,4774.788,45.9155,0.0025,47.2835,5278.7125,5308.741,1775442841885704583
nyudepth,no_sharing,128.2753,9960.4979,4774.788,45.9155,0.0025,47.2835,5150.1207,5185.7099,1775442841885704583
nyudepth,no_sharing,128.2979,9937.8262,4774.788,45.9155,0.0025,47.2835,5127.4405,5163.0382,1775442841885704583
nyudepth,no_sharing,128.3376,9903.7092,4774.788,45.9155,0.0025,47.2835,5087.8172,5128.9212,1775442841885704583
nyudepth,no_sharing,128.3836,9857.7189,4774.788,45.9155,0.0025,47.2835,5041.8181,5082.931,1775442841885704583
nyudepth,no_sharing,128.5316,9715.1804,4774.788,45.9155,0.0025,47.2835,4893.7776,4940.3924,1775442841885704583
nyudepth,no_sharing,128.6172,9629.5931,4774.788,45.9155,0.0025,47.2835,4808.1815,4854.8052,1775442841885704583
nyudepth,no_sharing,128.6172,9635.1142,4774.788,45.9155,0.0025,47.2835,4808.1636,4860.3262,1775442841885704583
nyudepth,no_sharing,128.6275,9624.8651,4774.788,45.9155,0.0025,47.2835,4797.9054,4850.0771,1775442841885704583
nyudepth,no_sharing,128.7857,9472.2314,4774.788,45.9155,0.0025,47.2835,4639.6382,4697.4434,1775442841885704583
nyudepth,no_sharing,128.8004,9457.5558,4774.788,45.9155,0.0025,47.2835,4624.954,4682.7678,1775442841885704583
nyudepth,no_sharing,128.8244,9442.2357,4774.788,45.9155,0.0025,47.2835,4601.0327,4667.4477,1775442841885704583
nyudepth,no_sharing,128.8476,9418.9999,4774.788,45.9155,0.0025,47.2835,4577.7881,4644.2119,1775442841885704583
nyudepth,no_sharing,128.8492,9417.3722,4774.788,45.9155,0.0025,47.2835,4576.1545,4642.5842,1775442841885704583
nyudepth,no_sharing,128.8939,9381.242,4774.788,45.9155,0.0025,47.2835,4531.5216,4606.4541,1775442841885704583
nyudepth,no_sharing,128.9215,9353.615,4774.788,45.9155,0.0025,47.2835,4503.8867,4578.8271,1775442841885704583
nyudepth,no_sharing,128.9271,9347.9769,4774.788,45.9155,0.0025,47.2835,4498.2426,4573.1889,1775442841885704583
nyudepth,no_sharing,128.9277,9356.503,4774.788,45.9155,0.0025,47.2835,4497.7069,4581.715,1775442841885704583
nyudepth,no_sharing,128.9555,9328.6879,4774.788,45.9155,0.0025,47.2835,4469.8801,4553.8999,1775442841885704583
nyudepth,no_sharing,129.0418,9242.388,4774.788,45.9155,0.0025,47.2835,4383.5704,4467.6,1775442841885704583
nyudepth,no_sharing,129.1199,9172.8158,4774.788,45.9155,0.0025,47.2835,4305.4798,4398.0278,1775442841885704583
nyudepth,no_sharing,129.1325,9160.1918,4774.788,45.9155,0.0025,47.2835,4292.8467,4385.4038,1775442841885704583
nyudepth,no_sharing,129.1502,9142.5579,4774.788,45.9155,0.0025,47.2835,4275.2054,4367.7699,1775442841885704583
nyudepth,no_sharing,129.1838,9117.162,4774.788,45.9155,0.0025,47.2835,4241.5586,4342.374,1775442841885704583
nyudepth,no_sharing,129.1885,9112.5073,4774.788,45.9155,0.0025,47.2835,4236.8956,4337.7194,1775442841885704583
nyudepth,no_sharing,129.2388,9062.2427,4774.788,45.9155,0.0025,47.2835,4186.6252,4287.4548,1775442841885704583
nyudepth,no_sharing,129.2544,9054.8146,4774.788,45.9155,0.0025,47.2835,4170.9812,4280.0266,1775442841885704583
nyudepth,no_sharing,129.3602,8948.981,4774.788,45.9155,0.0025,47.2835,4065.1393,4174.1931,1775442841885704583
nyudepth,no_sharing,129.4124,8896.8689,4774.788,45.9155,0.0025,47.2835,4013.0208,4122.081,1775442841885704583
nyudepth,no_sharing,129.4312,8886.2209,4774.788,45.9155,0.0025,47.2835,3994.1463,4111.433,1775442841885704583
nyudepth,no_sharing,129.514,8803.4596,4774.788,45.9155,0.0025,47.2835,3911.3765,4028.6717,1775442841885704583
nyudepth,no_sharing,129.629,8688.5147,4774.788,45.9155,0.0025,47.2835,3796.4256,3913.7267,1775442841885704583
nyudepth,no_sharing,129.6682,8657.6376,4774.788,45.9155,0.0025,47.2835,3757.1354,3882.8496,1775442841885704583
nyudepth,no_sharing,129.6839,8641.9892,4774.788,45.9155,0.0025,47.2835,3741.4792,3867.2013,1775442841885704583
nyudepth,no_sharing,129.8511,8474.8442,4774.788,45.9155,0.0025,47.2835,3574.3282,3700.0562,1775442841885704583
nyudepth,no_sharing,129.9514,8383.7287,4774.788,45.9155,0.0025,47.2835,3474.0348,3608.9408,1775442841885704583
nyudepth,no_sharing,130.0727,8262.4311,4774.788,45.9155,0.0025,47.2835,3352.7241,3487.6432,1775442841885704583
nyudepth,no_sharing,130.1294,8205.7042,4774.788,45.9155,0.0025,47.2835,3295.9788,3430.9162,1775442841885704583
nyudepth,no_sharing,130.1815,8165.5734,4774.788,45.9155,0.0025,47.2835,3243.8784,3390.7854,1775442841885704583
nyudepth,no_sharing,130.2404,8106.6718,4774.788,45.9155,0.0025,47.2835,3184.9678,3331.8838,1775442841885704583
nyudepth,no_sharing,130.2511,8096.0262,4774.788,45.9155,0.0025,47.2835,3174.3159,3321.2382,1775442841885704583
nyudepth,no_sharing,130.2967,8058.8007,4774.788,45.9155,0.0025,47.2835,3128.6964,3284.0127,1775442841885704583
nyudepth,no_sharing,130.306,8052.429,4774.788,45.9155,0.0025,47.2835,3119.401,3277.641,1775442841885704583
nyudepth,no_sharing,130.3206,8037.7843,4774.788,45.9155,0.0025,47.2835,3104.748,3262.9964,1775442841885704583
nyudepth,no_sharing,130.3403,8018.1162,4774.788,45.9155,0.0025,47.2835,3085.0747,3243.3283,1775442841885704583
nyudepth,no_sharing,130.4126,7954.037,4774.788,45.9155,0.0025,47.2835,3012.768,3179.249,1775442841885704583
nyudepth,no_sharing,130.4503,7919.2982,4774.788,45.9155,0.0025,47.2835,2975.0865,3144.5102,1775442841885704583
nyudepth,no_sharing,130.4847,7884.8751,4774.788,45.9155,0.0025,47.2835,2940.654,3110.0871,1775442841885704583
nyudepth,no_sharing,130.5393,7830.323,4774.788,45.9155,0.0025,47.2835,2886.095,3055.535,1775442841885704583
nyudepth,no_sharing,130.5747,7803.3226,4774.788,45.9155,0.0025,47.2835,2850.6958,3028.5346,1775442841885704583
nyudepth,no_sharing,130.6378,7743.202,4774.788,45.9155,0.0025,47.2835,2787.5874,2968.414,1775442841885704583
nyudepth,no_sharing,130.6415,7739.5463,4774.788,45.9155,0.0025,47.2835,2783.9239,2964.7583,1775442841885704583
nyudepth,no_sharing,130.6672,7713.8488,4774.788,45.9155,0.0025,47.2835,2758.2214,2939.0608,1775442841885704583
nyudepth,no_sharing,130.705,7687.0739,4774.788,45.9155,0.0025,47.2835,2720.3977,2912.286,1775442841885704583
nyudepth,no_sharing,130.7097,7685.7953,4774.788,45.9155,0.0025,47.2835,2715.718,2911.0073,1775442841885704583
nyudepth,no_sharing,130.7408,7654.681,4774.788,45.9155,0.0025,47.2835,2684.5944,2879.893,1775442841885704583
nyudepth,no_sharing,130.7725,7622.9982,4774.788,45.9155,0.0025,47.2835,2652.9057,2848.2103,1775442841885704583
nyudepth,no_sharing,130.8338,7561.6539,4774.788,45.9155,0.0025,47.2835,2591.5558,2786.8659,1775442841885704583
nyudepth,no_sharing,130.8535,7553.5197,4774.788,45.9155,0.0025,47.2835,2571.9001,2778.7317,1775442841885704583
nyudepth,no_sharing,130.9082,7505.8513,4774.788,45.9155,0.0025,47.2835,2517.19,2731.0633,1775442841885704583
nyudepth,no_sharing,130.9774,7436.7027,4774.788,45.9155,0.0025,47.2835,2448.0286,2661.9147,1775442841885704583
nyudepth,no_sharing,131.0356,7378.4895,4774.788,45.9155,0.0025,47.2835,2389.8046,2603.7015,1775442841885704583
nyudepth,no_sharing,131.0511,7362.9436,4774.788,45.9155,0.0025,47.2835,2374.2495,2588.1557,1775442841885704583
nyudepth,no_sharing,131.1172,7308.2161,4774.788,45.9155,0.0025,47.2835,2308.2149,2533.4281,1775442841885704583
nyudepth,no_sharing,131.1768,7248.6045,4774.788,45.9155,0.0025,47.2835,2248.5936,2473.8166,1775442841885704583
nyudepth,no_sharing,131.1964,7237.8557,4774.788,45.9155,0.0025,47.2835,2228.9526,2463.0677,1775442841885704583
nyudepth,no_sharing,131.2091,7225.1897,4774.788,45.9155,0.0025,47.2835,2216.2778,2450.4017,1775442841885704583
nyudepth,no_sharing,131.2287,7205.5714,4774.788,45.9155,0.0025,47.2835,2196.6536,2430.7834,1775442841885704583
nyudepth,no_sharing,131.2374,7196.9371,4774.788,45.9155,0.0025,47.2835,2188.0143,2422.1491,1775442841885704583
nyudepth,no_sharing,131.278,7170.1522,4774.788,45.9155,0.0025,47.2835,2147.4013,2395.3642,1775442841885704583
nyudepth,no_sharing,131.3153,7132.8602,4774.788,45.9155,0.0025,47.2835,2110.1003,2358.0722,1775442841885704583
nyudepth,no_sharing,131.3456,7102.5848,4774.788,45.9155,0.0025,47.2835,2079.819,2327.7969,1775442841885704583
nyudepth,no_sharing,131.3624,7094.2986,4774.788,45.9155,0.0025,47.2835,2063.0016,2319.5106,1775442841885704583
nyudepth,no_sharing,131.3677,7089.035,4774.788,45.9155,0.0025,47.2835,2057.729,2314.2471,1775442841885704583
nyudepth,no_sharing,131.4821,6974.6692,4774.788,45.9155,0.0025,47.2835,1943.3339,2199.8812,1775442841885704583
nyudepth,no_sharing,131.5256,6931.1354,4774.788,45.9155,0.0025,47.2835,1899.7934,2156.3474,1775442841885704583
nyudepth,no_sharing,131.6005,6856.1897,4774.788,45.9155,0.0025,47.2835,1824.842,2081.4017,1775442841885704583
nyudepth,no_sharing,131.6898,6780.9763,4774.788,45.9155,0.0025,47.2835,1735.5733,2006.1883,1775442841885704583
nyudepth,no_sharing,131.7676,6703.2022,4774.788,45.9155,0.0025,47.2835,1657.7895,1928.4143,1775442841885704583
nyudepth,no_sharing,131.7952,6675.5655,4774.788,45.9155,0.0025,47.2835,1630.1465,1900.7775,1775442841885704583
nyudepth,no_sharing,131.8445,6635.0484,4774.788,45.9155,0.0025,47.2835,1580.8587,1860.2604,1775442841885704583
nyudepth,no_sharing,131.8471,6632.4427,4774.788,45.9155,0.0025,47.2835,1578.2397,1857.6547,1775442841885704583
nyudepth,no_sharing,131.9315,6548.1322,4774.788,45.9155,0.0025,47.2835,1493.9206,1773.3442,1775442841885704583
nyudepth,no_sharing,132.0507,6428.9315,4774.788,45.9155,0.0025,47.2835,1374.7118,1654.1435,1775442841885704583
nyudepth,no_sharing,132.1873,6292.2645,4774.788,45.9155,0.0025,47.2835,1238.0359,1517.4765,1775442841885704583
nyudepth,no_sharing,132.202,6294.5714,4774.788,45.9155,0.0025,47.2835,1223.3467,1519.7834,1775442841885704583
nyudepth,no_sharing,132.214,6282.6729,4774.788,45.9155,0.0025,47.2835,1211.4327,1507.8849,1775442841885704583
nyudepth,no_sharing,132.2481,6248.5278,4774.788,45.9155,0.0025,47.2835,1177.2771,1473.7398,1775442841885704583
nyudepth,no_sharing,132.2993,6197.721,4774.788,45.9155,0.0025,47.2835,1126.0819,1422.933,1775442841885704583
nyudepth,no_sharing,132.3456,6151.4218,4774.788,45.9155,0.0025,47.2835,1079.7713,1376.6338,1775442841885704583
nyudepth,no_sharing,132.4464,6050.6594,4774.788,45.9155,0.0025,47.2835,978.9999,1275.8714,1775442841885704583
nyudepth,no_sharing,132.4829,6014.1931,4774.788,45.9155,0.0025,47.2835,942.5254,1239.4051,1775442841885704583
nyudepth,no_sharing,132.5192,5977.8559,4774.788,45.9155,0.0025,47.2835,906.1809,1203.0679,1775442841885704583
nyudepth,no_sharing,132.5589,10603.8699,4662.0968,45.9406,0.0029,46.1559,5930.5613,5941.7731,1775442846949789858
nyudepth,no_sharing,132.6005,10565.1994,4662.0968,45.9406,0.0029,46.1559,5888.9511,5903.1026,1775442846949789858
nyudepth,no_sharing,132.6409,10527.8537,4662.0968,45.9406,0.0029,46.1559,5848.5761,5865.7569,1775442846949789858
nyudepth,no_sharing,132.6409,10533.4411,4662.0968,45.9406,0.0029,46.1559,5848.5615,5871.3443,1775442846949789858
nyudepth,no_sharing,132.6409,10533.4427,4662.0968,45.9406,0.0029,46.1559,5848.5541,5871.3459,1775442846949789858
nyudepth,no_sharing,132.6799,10500.15,4662.0968,45.9406,0.0029,46.1559,5809.6094,5838.0532,1775442846949789858
nyudepth,no_sharing,132.6799,10500.1523,4662.0968,45.9406,0.0029,46.1559,5809.6032,5838.0556,1775442846949789858
nyudepth,no_sharing,132.7304,10455.5619,4662.0968,45.9406,0.0029,46.1559,5759.1105,5793.4651,1775442846949789858
nyudepth,no_sharing,132.8807,10305.2669,4662.0968,45.9406,0.0029,46.1559,5608.8061,5643.1701,1775442846949789858
nyudepth,no_sharing,132.9254,10269.4519,4662.0968,45.9406,0.0029,46.1559,5564.0209,5607.3551,1775442846949789858
nyudepth,no_sharing,132.9635,10231.3902,4662.0968,45.9406,0.0029,46.1559,5525.948,5569.2934,1775442846949789858
nyudepth,no_sharing,133.0043,10196.1546,4662.0968,45.9406,0.0029,46.1559,5485.1663,5534.0578,1775442846949789858
nyudepth,no_sharing,133.0169,10186.4562,4662.0968,45.9406,0.0029,46.1559,5472.5635,5524.3594,1775442846949789858
nyudepth,no_sharing,133.0506,10152.8203,4662.0968,45.9406,0.0029,46.1559,5438.9191,5490.7236,1775442846949789858
nyudepth,no_sharing,133.0617,10147.5022,4662.0968,45.9406,0.0029,46.1559,5427.7432,5485.4054,1775442846949789858
nyudepth,no_sharing,133.1161,10096.4689,4662.0968,45.9406,0.0029,46.1559,5373.4188,5434.3721,1775442846949789858
nyudepth,no_sharing,133.2086,10003.9599,4662.0968,45.9406,0.0029,46.1559,5280.9002,5341.8631,1775442846949789858
nyudepth,no_sharing,133.2218,9999.0964,4662.0968,45.9406,0.0029,46.1559,5267.6666,5336.9996,1775442846949789858
nyudepth,no_sharing,133.6524,9571.4786,4662.0968,45.9406,0.0029,46.1559,4837.0404,4909.3818,1775442846949789858
nyudepth,no_sharing,133.6524,9571.4741,4662.0968,45.9406,0.0029,46.1559,4837.0268,4909.3773,1775442846949789858
nyudepth,no_sharing,133.6524,9571.4736,4662.0968,45.9406,0.0029,46.1559,4837.0206,4909.3768,1775442846949789858
nyudepth,no_sharing,133.6525,9580.1487,4662.0968,45.9406,0.0029,46.1559,4837.0154,4918.0519,1775442846949789858
nyudepth,no_sharing,133.6525,9585.8626,4662.0968,45.9406,0.0029,46.1559,4837.0099,4923.7658,1775442846949789858
nyudepth,no_sharing,133.6525,9585.8667,4662.0968,45.9406,0.0029,46.1559,4837.0051,4923.7699,1775442846949789858
nyudepth,no_sharing,133.6525,9585.8691,4662.0968,45.9406,0.0029,46.1559,4837.0008,4923.7723,1775442846949789858
nyudepth,no_sharing,133.6611,9585.659,4662.0968,45.9406,0.0029,46.1559,4828.321,4923.5622,1775442846949789858
nyudepth,no_sharing,133.6946,9552.2299,4662.0968,45.9406,0.0029,46.1559,4794.8821,4890.1331,1775442846949789858
nyudepth,no_sharing,133.776,9476.5697,4662.0968,45.9406,0.0029,46.1559,4713.4943,4814.4729,1775442846949789858
nyudepth,no_sharing,133.8493,9403.2972,4662.0968,45.9406,0.0029,46.1559,4640.2135,4741.2004,1775442846949789858
nyudepth,no_sharing,133.8531,9399.416,4662.0968,45.9406,0.0029,46.1559,4636.3266,4737.3192,1775442846949789858
nyudepth,no_sharing,133.8578,9406.6539,4662.0968,45.9406,0.0029,46.1559,4631.7105,4744.5571,1775442846949789858
nyudepth,no_sharing,133.9287,9335.7415,4662.0968,45.9406,0.0029,46.1559,4560.7896,4673.6447,1775442846949789858
nyudepth,no_sharing,133.9338,9337.2731,4662.0968,45.9406,0.0029,46.1559,4555.7156,4675.1763,1775442846949789858
nyudepth,no_sharing,134.0297,9241.327,4662.0968,45.9406,0.0029,46.1559,4459.7604,4579.2303,1775442846949789858
nyudepth,no_sharing,134.0796,9191.4327,4662.0968,45.9406,0.0029,46.1559,4409.8592,4529.3359,1775442846949789858
nyudepth,no_sharing,134.1443,9126.7591,4662.0968,45.9406,0.0029,46.1559,4345.1796,4464.6623,1775442846949789858
nyudepth,no_sharing,134.172,9113.2483,4662.0968,45.9406,0.0029,46.1559,4317.5156,4451.1516,1775442846949789858
nyudepth,no_sharing,134.1859,9099.364,4662.0968,45.9406,0.0029,46.1559,4303.6187,4437.2672,1775442846949789858
nyudepth,no_sharing,134.2061,9089.1554,4662.0968,45.9406,0.0029,46.1559,4283.3524,4427.0586,1775442846949789858
nyudepth,no_sharing,134.2127,9082.557,4662.0968,45.9406,0.0029,46.1559,4276.7415,4420.4602,1775442846949789858
nyudepth,no_sharing,134.2337,9061.5857,4662.0968,45.9406,0.0029,46.1559,4255.7592,4399.4889,1775442846949789858
nyudepth,no_sharing,134.2932,9002.0971,4662.0968,45.9406,0.0029,46.1559,4196.2605,4340.0003,1775442846949789858
nyudepth,no_sharing,134.3961,8899.2147,4662.0968,45.9406,0.0029,46.1559,4093.3678,4237.1179,1775442846949789858
nyudepth,no_sharing,134.3997,8909.7338,4662.0968,45.9406,0.0029,46.1559,4089.745,4247.637,1775442846949789858
nyudepth,no_sharing,134.4984,8811.0592,4662.0968,45.9406,0.0029,46.1559,3991.0607,4148.9624,1775442846949789858
nyudepth,no_sharing,134.652,8657.4497,4662.0968,45.9406,0.0029,46.1559,3837.4445,3995.3529,1775442846949789858
nyudepth,no_sharing,134.7819,8539.8262,4662.0968,45.9406,0.0029,46.1559,3707.5834,3877.7294,1775442846949789858
nyudepth,no_sharing,134.8215,8500.2084,4662.0968,45.9406,0.0029,46.1559,3667.9542,3838.1116,1775442846949789858
nyudepth,no_sharing,134.9202,8401.5002,4662.0968,45.9406,0.0029,46.1559,3569.2396,3739.4034,1775442846949789858
nyudepth,no_sharing,134.9918,8329.9031,4662.0968,45.9406,0.0029,46.1559,3497.6358,3667.8063,1775442846949789858
nyudepth,no_sharing,135.0298,8291.9106,4662.0968,45.9406,0.0029,46.1559,3459.6379,3629.8139,1775442846949789858
nyudepth,no_sharing,135.0715,8268.9929,4662.0968,45.9406,0.0029,46.1559,3417.9375,3606.8961,1775442846949789858
nyudepth,no_sharing,135.0804,8260.1764,4662.0968,45.9406,0.0029,46.1559,3409.1089,3598.0796,1775442846949789858
nyudepth,no_sharing,135.1673,8173.2621,4662.0968,45.9406,0.0029,46.1559,3322.1858,3511.1653,1775442846949789858
nyudepth,no_sharing,135.1709,8169.6205,4662.0968,45.9406,0.0029,46.1559,3318.5377,3507.5237,1775442846949789858
nyudepth,no_sharing,135.2283,8126.586,4662.0968,45.9406,0.0029,46.1559,3261.2066,3464.4892,1775442846949789858
nyudepth,no_sharing,135.4234,7931.5004,4662.0968,45.9406,0.0029,46.1559,3066.1066,3269.4036,1775442846949789858
nyudepth,no_sharing,135.493,7861.8405,4662.0968,45.9406,0.0029,46.1559,2996.4337,3199.7437,1775442846949789858
nyudepth,no_sharing,135.5353,7819.5922,4662.0968,45.9406,0.0029,46.1559,2954.1762,3157.4954,1775442846949789858
nyudepth,no_sharing,135.558,7796.9079,4662.0968,45.9406,0.0029,46.1559,2931.484,3134.8111,1775442846949789858
nyudepth,no_sharing,135.6517,7703.2385,4662.0968,45.9406,0.0029,46.1559,2837.8065,3041.1417,1775442846949789858
nyudepth,no_sharing,135.6573,7719.9438,4662.0968,45.9406,0.0029,46.1559,2832.1619,3057.847,1775442846949789858
nyudepth,no_sharing,135.6911,7686.1441,4662.0968,45.9406,0.0029,46.1559,2798.3522,3024.0473,1775442846949789858
nyudepth,no_sharing,135.7651,7612.2088,4662.0968,45.9406,0.0029,46.1559,2724.4096,2950.112,1775442846949789858
nyudepth,no_sharing,135.7856,7591.7106,4662.0968,45.9406,0.0029,46.1559,2703.9056,2929.6138,1775442846949789858
nyudepth,no_sharing,135.8107,7566.5545,4662.0968,45.9406,0.0029,46.1559,2678.7438,2904.4578,1775442846949789858
nyudepth,no_sharing,135.815,7577.0602,4662.0968,45.9406,0.0029,46.1559,2674.4478,2914.9634,1775442846949789858
nyudepth,no_sharing,135.8228,7569.2492,4662.0968,45.9406,0.0029,46.1559,2666.6262,2907.1524,1775442846949789858
nyudepth,no_sharing,135.8251,7567.0416,4662.0968,45.9406,0.0029,46.1559,2664.4125,2904.9448,1775442846949789858
nyudepth,no_sharing,135.8458,7546.3331,4662.0968,45.9406,0.0029,46.1559,2643.698,2884.2363,1775442846949789858
nyudepth,no_sharing,135.8827,7509.4016,4662.0968,45.9406,0.0029,46.1559,2606.7603,2847.3048,1775442846949789858
nyudepth,no_sharing,135.9069,7485.1768,4662.0968,45.9406,0.0029,46.1559,2582.53,2823.08,1775442846949789858
nyudepth,no_sharing,135.9197,7472.4526,4662.0968,45.9406,0.0029,46.1559,2569.8013,2810.3558,1775442846949789858
nyudepth,no_sharing,135.978,7414.1488,4662.0968,45.9406,0.0029,46.1559,2511.4923,2752.052,1775442846949789858
nyudepth,no_sharing,136.1159,7304.5039,4662.0968,45.9406,0.0029,46.1559,2373.5356,2642.4071,1775442846949789858
nyudepth,no_sharing,136.1552,7265.2256,4662.0968,45.9406,0.0029,46.1559,2334.2438,2603.1289,1775442846949789858
nyudepth,no_sharing,136.1936,7226.8395,4662.0968,45.9406,0.0029,46.1559,2295.8491,2564.7427,1775442846949789858
nyudepth,no_sharing,136.2099,7210.5467,4662.0968,45.9406,0.0029,46.1559,2279.5484,2548.4499,1775442846949789858
nyudepth,no_sharing,136.2337,7186.8112,4662.0968,45.9406,0.0029,46.1559,2255.8053,2524.7144,1775442846949789858
nyudepth,no_sharing,136.2535,7193.3396,4662.0968,45.9406,0.0029,46.1559,2235.9779,2531.2428,1775442846949789858
nyudepth,no_sharing,136.4073,7039.5267,4662.0968,45.9406,0.0029,46.1559,2082.1459,2377.4299,1775442846949789858
nyudepth,no_sharing,136.4703,6976.5477,4662.0968,45.9406,0.0029,46.1559,2019.1562,2314.4509,1775442846949789858
nyudepth,no_sharing,136.5461,6900.7931,4662.0968,45.9406,0.0029,46.1559,1943.3918,2238.6963,1775442846949789858
nyudepth,no_sharing,136.5567,6890.1353,4662.0968,45.9406,0.0029,46.1559,1932.7245,2228.0385,1775442846949789858
nyudepth,no_sharing,136.6432,6803.643,4662.0968,45.9406,0.0029,46.1559,1846.2219,2141.5462,1775442846949789858
nyudepth,no_sharing,136.672,6774.9474,4662.0968,45.9406,0.0029,46.1559,1817.5175,2112.8506,1775442846949789858
nyudepth,no_sharing,136.6796,6767.3075,4662.0968,45.9406,0.0029,46.1559,1809.8691,2105.2107,1775442846949789858
nyudepth,no_sharing,136.7314,6715.5368,4662.0968,45.9406,0.0029,46.1559,1758.0888,2053.44,1775442846949789858
nyudepth,no_sharing,136.739,6707.9067,4662.0968,45.9406,0.0029,46.1559,1750.4504,2045.8099,1775442846949789858
nyudepth,no_sharing,136.7693,6702.0655,4662.0968,45.9406,0.0029,46.1559,1720.1462,2039.9687,1775442846949789858
nyudepth,no_sharing,136.776,6695.4532,4662.0968,45.9406,0.0029,46.1559,1713.5141,2033.3564,1775442846949789858
nyudepth,no_sharing,136.8146,6656.8124,4662.0968,45.9406,0.0029,46.1559,1674.8624,1994.7156,1775442846949789858
nyudepth,no_sharing,136.8263,6645.1602,4662.0968,45.9406,0.0029,46.1559,1663.1999,1983.0634,1775442846949789858
nyudepth,no_sharing,136.8389,6632.513,4662.0968,45.9406,0.0029,46.1559,1650.5413,1970.4163,1775442846949789858
nyudepth,no_sharing,136.8463,6625.1662,4662.0968,45.9406,0.0029,46.1559,1643.183,1963.0694,1775442846949789858
nyudepth,no_sharing,136.8483,6623.2395,4662.0968,45.9406,0.0029,46.1559,1641.1326,1961.1427,1775442846949789858
nyudepth,no_sharing,136.855,6616.5981,4662.0968,45.9406,0.0029,46.1559,1634.4783,1954.5013,1775442846949789858
nyudepth,no_sharing,136.9297,6541.8627,4662.0968,45.9406,0.0029,46.1559,1559.7336,1879.7659,1775442846949789858
nyudepth,no_sharing,136.9536,6517.9574,4662.0968,45.9406,0.0029,46.1559,1535.8214,1855.8607,1775442846949789858
nyudepth,no_sharing,137.0432,6428.3814,4662.0968,45.9406,0.0029,46.1559,1446.2371,1766.2846,1775442846949789858
nyudepth,no_sharing,137.1762,10934.6409,4677.2343,53.4316,0.0029,46.2324,6247.6664,6257.4066,1775442851884209252
nyudepth,no_sharing,137.3208,10793.1092,4677.2343,53.4316,0.0029,46.2324,6103.1008,6115.8748,1775442851884209252
nyudepth,no_sharing,137.325,10791.811,4677.2343,53.4316,0.0029,46.2324,6098.912,6114.5767,1775442851884209252
nyudepth,no_sharing,137.3644,10755.3799,4677.2343,53.4316,0.0029,46.2324,6059.5376,6078.1456,1775442851884209252
nyudepth,no_sharing,137.3696,10752.9879,4677.2343,53.4316,0.0029,46.2324,6054.2548,6075.7535,1775442851884209252
nyudepth,no_sharing,137.4753,10650.3818,4677.2343,53.4316,0.0029,46.2324,5948.6146,5973.1475,1775442851884209252
nyudepth,no_sharing,137.5517,10579.4508,4677.2343,53.4316,0.0029,46.2324,5872.1499,5902.2165,1775442851884209252
nyudepth,no_sharing,137.5739,10557.3003,4677.2343,53.4316,0.0029,46.2324,5849.992,5880.066,1775442851884209252
nyudepth,no_sharing,137.598,10541.82,4677.2343,53.4316,0.0029,46.2324,5825.846,5864.5857,1775442851884209252
nyudepth,no_sharing,137.6392,10500.6986,4677.2343,53.4316,0.0029,46.2324,5784.7142,5823.4642,1775442851884209252
nyudepth,no_sharing,137.6983,10453.0358,4677.2343,53.4316,0.0029,46.2324,5725.5654,5775.8015,1775442851884209252
nyudepth,no_sharing,137.9536,10197.7894,4677.2343,53.4316,0.0029,46.2324,5470.3088,5520.5551,1775442851884209252
nyudepth,no_sharing,137.9536,10197.7746,4677.2343,53.4316,0.0029,46.2324,5470.2871,5520.5403,1775442851884209252
nyudepth,no_sharing,137.9536,10206.0194,4677.2343,53.4316,0.0029,46.2324,5470.2804,5528.7851,1775442851884209252
nyudepth,no_sharing,137.9536,10209.029,4677.2343,53.4316,0.0029,46.2324,5470.2754,5531.7946,1775442851884209252
nyudepth,no_sharing,137.9536,10209.0321,4677.2343,53.4316,0.0029,46.2324,5470.2702,5531.7977,1775442851884209252
nyudepth,no_sharing,137.9536,10209.034,4677.2343,53.4316,0.0029,46.2324,5470.2652,5531.7996,1775442851884209252
nyudepth,no_sharing,138.1169,10057.0254,4677.2343,53.4316,0.0029,46.2324,5307.0312,5379.7911,1775442851884209252
nyudepth,no_sharing,138.1169,10060.9527,4677.2343,53.4316,0.0029,46.2324,5307.0211,5383.7183,1775442851884209252
nyudepth,no_sharing,138.1233,10054.5092,4677.2343,53.4316,0.0029,46.2324,5300.5686,5377.2748,1775442851884209252
nyudepth,no_sharing,138.1472,10030.6864,4677.2343,53.4316,0.0029,46.2324,5276.7384,5353.452,1775442851884209252
nyudepth,no_sharing,138.1472,10030.6749,4677.2343,53.4316,0.0029,46.2324,5276.721,5353.4406,1775442851884209252
nyudepth,no_sharing,138.3342,9854.7361,4677.2343,53.4316,0.0029,46.2324,5089.7193,5177.5018,1775442851884209252
nyudepth,no_sharing,138.407,9787.8542,4677.2343,53.4316,0.0029,46.2324,5016.9389,5110.6199,1775442851884209252
nyudepth,no_sharing,138.4989,9695.9167,4677.2343,53.4316,0.0029,46.2324,4924.9916,5018.6823,1775442851884209252
nyudepth,no_sharing,138.5032,9691.6678,4677.2343,53.4316,0.0029,46.2324,4920.7363,5014.4335,1775442851884209252
nyudepth,no_sharing,138.5099,9684.8788,4677.2343,53.4316,0.0029,46.2324,4913.9411,5007.6445,1775442851884209252
nyudepth,no_sharing,138.5135,9695.2827,4677.2343,53.4316,0.0029,46.2324,4910.3549,5018.0484,1775442851884209252
nyudepth,no_sharing,138.5254,9683.4173,4677.2343,53.4316,0.0029,46.2324,4898.4802,5006.183,1775442851884209252
nyudepth,no_sharing,138.5254,9689.9574,4677.2343,53.4316,0.0029,46.2324,4898.4463,5012.7231,1775442851884209252
nyudepth,no_sharing,138.631,9584.4042,4677.2343,53.4316,0.0029,46.2324,4792.8836,4907.1699,1775442851884209252
nyudepth,no_sharing,138.6493,9566.1151,4677.2343,53.4316,0.0029,46.2324,4774.5874,4888.8808,1775442851884209252
nyudepth,no_sharing,138.7292,9486.1963,4677.2343,53.4316,0.0029,46.2324,4694.6628,4808.962,1775442851884209252
nyudepth,no_sharing,138.8189,9396.4992,4677.2343,53.4316,0.0029,46.2324,4604.9592,4719.2648,1775442851884209252
nyudepth,no_sharing,138.9084,9323.9057,4677.2343,53.4316,0.0029,46.2324,4515.4603,4646.6714,1775442851884209252
nyudepth,no_sharing,138.9412,9291.1167,4677.2343,53.4316,0.0029,46.2324,4482.6617,4613.8824,1775442851884209252
nyudepth,no_sharing,139.118,9120.9021,4677.2343,53.4316,0.0029,46.2324,4305.8925,4443.6677,1775442851884209252
nyudepth,no_sharing,139.2283,9010.6363,4677.2343,53.4316,0.0029,46.2324,4195.6167,4333.402,1775442851884209252
nyudepth,no_sharing,139.3873,8851.5706,4677.2343,53.4316,0.0029,46.2324,4036.5438,4174.3363,1775442851884209252
nyudepth,no_sharing,139.4317,8807.2615,4677.2343,53.4316,0.0029,46.2324,3992.2297,4130.0271,1775442851884209252
nyudepth,no_sharing,139.5342,8704.7582,4677.2343,53.4316,0.0029,46.2324,3889.7195,4027.5238,1775442851884209252
nyudepth,no_sharing,139.5655,8673.4748,4677.2343,53.4316,0.0029,46.2324,3858.4301,3996.2405,1775442851884209252
nyudepth,no_sharing,139.6301,8628.9942,4677.2343,53.4316,0.0029,46.2324,3793.7713,3951.7599,1775442851884209252
nyudepth,no_sharing,139.6907,8568.3758,4677.2343,53.4316,0.0029,46.2324,3733.1424,3891.1415,1775442851884209252
nyudepth,no_sharing,139.6944,8573.4189,4677.2343,53.4316,0.0029,46.2324,3729.4943,3896.1845,1775442851884209252
nyudepth,no_sharing,139.7061,8561.7647,4677.2343,53.4316,0.0029,46.2324,3717.8261,3884.5304,1775442851884209252
nyudepth,no_sharing,139.7834,8484.468,4677.2343,53.4316,0.0029,46.2324,3640.5187,3807.2337,1775442851884209252
nyudepth,no_sharing,139.7839,8483.9377,4677.2343,53.4316,0.0029,46.2324,3639.9782,3806.7034,1775442851884209252
nyudepth,no_sharing,139.8582,8409.6665,4677.2343,53.4316,0.0029,46.2324,3565.6986,3732.4322,1775442851884209252
nyudepth,no_sharing,139.9018,8366.0438,4677.2343,53.4316,0.0029,46.2324,3522.0668,3688.8095,1775442851884209252
nyudepth,no_sharing,140.137,8130.8634,4677.2343,53.4316,0.0029,46.2324,3286.8774,3453.6291,1775442851884209252
nyudepth,no_sharing,140.1386,8151.7737,4677.2343,53.4316,0.0029,46.2324,3285.269,3474.5394,1775442851884209252
nyudepth,no_sharing,140.1749,8115.4692,4677.2343,53.4316,0.0029,46.2324,3248.9552,3438.2349,1775442851884209252
nyudepth,no_sharing,140.334,7956.4133,4677.2343,53.4316,0.0029,46.2324,3089.8919,3279.1789,1775442851884209252
nyudepth,no_sharing,140.334,7965.3571,4677.2343,53.4316,0.0029,46.2324,3089.8788,3288.1227,1775442851884209252
nyudepth,no_sharing,140.3881,7911.2523,4677.2343,53.4316,0.0029,46.2324,3035.7647,3234.0179,1775442851884209252
nyudepth,no_sharing,140.4094,7889.9782,4677.2343,53.4316,0.0029,46.2324,3014.4832,3212.7438,1775442851884209252
nyudepth,no_sharing,140.4241,7875.3309,4677.2343,53.4316,0.0029,46.2324,2999.8305,3198.0966,1775442851884209252
nyudepth,no_sharing,140.4927,7806.6669,4677.2343,53.4316,0.0029,46.2324,2931.1607,3129.4325,1775442851884209252
nyudepth,no_sharing,140.5226,7776.7601,4677.2343,53.4316,0.0029,46.2324,2901.248,3099.5258,1775442851884209252
nyudepth,no_sharing,140.5649,7734.4909,4677.2343,53.4316,0.0029,46.2324,2858.9735,3057.2565,1775442851884209252
nyudepth,no_sharing,140.5649,7734.4832,4677.2343,53.4316,0.0029,46.2324,2858.9609,3057.2489,1775442851884209252
nyudepth,no_sharing,140.6044,7723.1045,4677.2343,53.4316,0.0029,46.2324,2819.452,3045.8701,1775442851884209252
nyudepth,no_sharing,140.6081,7719.4967,4677.2343,53.4316,0.0029,46.2324,2815.8343,3042.2624,1775442851884209252
nyudepth,no_sharing,140.6417,7685.8807,4677.2343,53.4316,0.0029,46.2324,2782.2118,3008.6463,1775442851884209252
nyudepth,no_sharing,140.6454,7691.6349,4677.2343,53.4316,0.0029,46.2324,2778.5199,3014.4006,1775442851884209252
nyudepth,no_sharing,140.7011,7635.9279,4677.2343,53.4316,0.0029,46.2324,2722.8029,2958.6936,1775442851884209252
nyudepth,no_sharing,140.7117,7625.3042,4677.2343,53.4316,0.0029,46.2324,2712.173,2948.0699,1775442851884209252
nyudepth,no_sharing,140.7117,7625.2968,4677.2343,53.4316,0.0029,46.2324,2712.1601,2948.0625,1775442851884209252
nyudepth,no_sharing,140.7968,7540.1821,4677.2343,53.4316,0.0029,46.2324,2627.0401,2862.9478,1775442851884209252
nyudepth,no_sharing,140.8095,7527.555,4677.2343,53.4316,0.0029,46.2324,2614.4071,2850.3207,1775442851884209252
nyudepth,no_sharing,140.8095,7527.5481,4677.2343,53.4316,0.0029,46.2324,2614.3942,2850.3137,1775442851884209252
nyudepth,no_sharing,140.8694,7467.6251,4677.2343,53.4316,0.0029,46.2324,2554.466,2790.3908,1775442851884209252
nyudepth,no_sharing,140.9067,7430.3722,4677.2343,53.4316,0.0029,46.2324,2517.2071,2753.1379,1775442851884209252
nyudepth,no_sharing,140.955,7382.0848,4677.2343,53.4316,0.0029,46.2324,2468.9147,2704.8505,1775442851884209252
nyudepth,no_sharing,141.0563,7314.6274,4677.2343,53.4316,0.0029,46.2324,2367.5852,2637.3931,1775442851884209252
nyudepth,no_sharing,141.0669,7304.0171,4677.2343,53.4316,0.0029,46.2324,2356.9579,2626.7827,1775442851884209252
nyudepth,no_sharing,141.0816,7289.4015,4677.2343,53.4316,0.0029,46.2324,2342.3312,2612.1672,1775442851884209252
nyudepth,no_sharing,141.1502,7239.404,4677.2343,53.4316,0.0029,46.2324,2273.6847,2562.1696,1775442851884209252
nyudepth,no_sharing,141.172,7217.6471,4677.2343,53.4316,0.0029,46.2324,2251.9114,2540.4127,1775442851884209252
nyudepth,no_sharing,141.1866,7203.0089,4677.2343,53.4316,0.0029,46.2324,2237.262,2525.7746,1775442851884209252
nyudepth,no_sharing,141.2711,7118.5369,4677.2343,53.4316,0.0029,46.2324,2152.7796,2441.3026,1775442851884209252
nyudepth,no_sharing,141.2922,7097.5056,4677.2343,53.4316,0.0029,46.2324,2131.7382,2420.2712,1775442851884209252
nyudepth,no_sharing,141.3135,7076.1969,4677.2343,53.4316,0.0029,46.2324,2110.4195,2398.9626,1775442851884209252
nyudepth,no_sharing,141.4591,6930.536,4677.2343,53.4316,0.0029,46.2324,1964.7484,2253.3017,1775442851884209252
nyudepth,no_sharing,141.4598,6929.8947,4677.2343,53.4316,0.0029,46.2324,1964.0977,2252.6604,1775442851884209252
nyudepth,no_sharing,141.6103,6779.4015,4677.2343,53.4316,0.0029,46.2324,1813.5798,2102.1672,1775442851884209252
nyudepth,no_sharing,141.631,6758.7538,4677.2343,53.4316,0.0029,46.2324,1792.9215,2081.5194,1775442851884209252
nyudepth,no_sharing,141.7945,6595.2086,4677.2343,53.4316,0.0029,46.2324,1629.3674,1917.9743,1775442851884209252
nyudepth,no_sharing,141.8015,6588.259,4677.2343,53.4316,0.0029,46.2324,1622.4096,1911.0247,1775442851884209252
nyudepth,no_sharing,141.8444,6572.494,4677.2343,53.4316,0.0029,46.2324,1579.5259,1895.2597,1775442851884209252
nyudepth,no_sharing,141.9108,6506.104,4677.2343,53.4316,0.0029,46.2324,1513.1209,1828.8697,1775442851884209252
nyudepth,no_sharing,141.9804,6436.4426,4677.2343,53.4316,0.0029,46.2324,1443.4485,1759.2083,1775442851884209252
nyudepth,no_sharing,141.9851,6431.787,4677.2343,53.4316,0.0029,46.2324,1438.7841,1754.5527,1775442851884209252
nyudepth,no_sharing,141.9901,6426.9438,4677.2343,53.4316,0.0029,46.2324,1433.8312,1749.7094,1775442851884209252
nyudepth,no_sharing,142.0386,6378.3662,4677.2343,53.4316,0.0029,46.2324,1385.2406,1701.1319,1775442851884209252
nyudepth,no_sharing,142.0435,6373.4968,4677.2343,53.4316,0.0029,46.2324,1380.3627,1696.2624,1775442851884209252
nyudepth,no_sharing,142.1239,6293.1364,4677.2343,53.4316,0.0029,46.2324,1299.9942,1615.902,1775442851884209252
nyudepth,no_sharing,142.2178,6199.2552,4677.2343,53.4316,0.0029,46.2324,1206.1059,1522.0209,1775442851884209252
nyudepth,no_sharing,142.2254,6191.6218,4677.2343,53.4316,0.0029,46.2324,1198.4663,1514.3875,1775442851884209252
nyudepth,no_sharing,142.2991,10865.1593,4660.1981,47.2543,0.0043,46.1205,6070.7312,6204.9612,1775442856830197279
nyudepth,no_sharing,142.3008,10863.5006,4660.1981,47.2543,0.0043,46.1205,6069.0665,6203.3025,1775442856830197279
nyudepth,no_sharing,142.4579,10706.4123,4660.1981,47.2543,0.0043,46.1205,5911.9723,6046.2142,1775442856830197279
nyudepth,no_sharing,142.4952,10669.1158,4660.1981,47.2543,0.0043,46.1205,5874.67,6008.9177,1775442856830197279
nyudepth,no_sharing,142.5605,10603.8589,4660.1981,47.2543,0.0043,46.1205,5809.4072,5943.6609,1775442856830197279
nyudepth,no_sharing,142.6295,10534.8442,4660.1981,47.2543,0.0043,46.1205,5740.3865,5874.6461,1775442856830197279
nyudepth,no_sharing,142.7347,10429.6215,4660.1981,47.2543,0.0043,46.1205,5635.1576,5769.4234,1775442856830197279
nyudepth,no_sharing,142.7347,10429.6074,4660.1981,47.2543,0.0043,46.1205,5635.138,5769.4093,1775442856830197279
nyudepth,no_sharing,142.7348,10509.2416,4660.1981,47.2543,0.0043,46.1205,5635.1278,5849.0435,1775442856830197279
nyudepth,no_sharing,142.9605,10283.4556,4660.1981,47.2543,0.0043,46.1205,5409.3289,5623.2575,1775442856830197279
nyudepth,no_sharing,142.9606,10283.4435,4660.1981,47.2543,0.0043,46.1205,5409.3089,5623.2454,1775442856830197279
nyudepth,no_sharing,142.9606,10283.4451,4660.1981,47.2543,0.0043,46.1205,5409.3032,5623.247,1775442856830197279
nyudepth,no_sharing,142.9606,10283.4473,4660.1981,47.2543,0.0043,46.1205,5409.2979,5623.2492,1775442856830197279
nyudepth,no_sharing,142.9606,10308.7025,4660.1981,47.2543,0.0043,46.1205,5409.2929,5648.5044,1775442856830197279
nyudepth,no_sharing,142.9606,10308.7144,4660.1981,47.2543,0.0043,46.1205,5409.2889,5648.5163,1775442856830197279
nyudepth,no_sharing,142.9606,10308.7213,4660.1981,47.2543,0.0043,46.1205,5409.2846,5648.5232,1775442856830197279
nyudepth,no_sharing,142.9606,10308.7285,4660.1981,47.2543,0.0043,46.1205,5409.2808,5648.5304,1775442856830197279
nyudepth,no_sharing,143.0125,10256.8781,4660.1981,47.2543,0.0043,46.1205,5357.4178,5596.6801,1775442856830197279
nyudepth,no_sharing,143.016,10253.3021,4660.1981,47.2543,0.0043,46.1205,5353.8306,5593.104,1775442856830197279
nyudepth,no_sharing,143.1802,10089.205,4660.1981,47.2543,0.0043,46.1205,5189.723,5429.0069,1775442856830197279
nyudepth,no_sharing,143.2004,10068.9592,4660.1981,47.2543,0.0043,46.1205,5169.4663,5408.7612,1775442856830197279
nyudepth,no_sharing,143.2467,10022.6414,4660.1981,47.2543,0.0043,46.1205,5123.1377,5362.4433,1775442856830197279
nyudepth,no_sharing,143.2468,10022.6395,4660.1981,47.2543,0.0043,46.1205,5123.1251,5362.4414,1775442856830197279
nyudepth,no_sharing,143.2851,9984.2594,4660.1981,47.2543,0.0043,46.1205,5084.7325,5324.0613,1775442856830197279
nyudepth,no_sharing,143.3404,9928.9792,4660.1981,47.2543,0.0043,46.1205,5029.4411,5268.7811,1775442856830197279
nyudepth,no_sharing,143.4717,9797.713,4660.1981,47.2543,0.0043,46.1205,4898.1647,5137.515,1775442856830197279
nyudepth,no_sharing,143.6163,9653.1131,4660.1981,47.2543,0.0043,46.1205,4753.5548,4992.915,1775442856830197279
nyudepth,no_sharing,143.6193,9650.1808,4660.1981,47.2543,0.0043,46.1205,4750.613,4989.9827,1775442856830197279
nyudepth,no_sharing,143.6679,9601.5258,4660.1981,47.2543,0.0043,46.1205,4701.9475,4941.3277,1775442856830197279
nyudepth,no_sharing,143.6807,9588.7499,4660.1981,47.2543,0.0043,46.1205,4689.162,4928.5518,1775442856830197279
nyudepth,no_sharing,143.7854,9484.0727,4660.1981,47.2543,0.0043,46.1205,4584.4753,4823.8746,1775442856830197279
nyudepth,no_sharing,143.8515,9417.9547,4660.1981,47.2543,0.0043,46.1205,4518.3465,4757.7566,1775442856830197279
nyudepth,no_sharing,143.8632,9406.3163,4660.1981,47.2543,0.0043,46.1205,4506.6996,4746.1182,1775442856830197279
nyudepth,no_sharing,143.8884,9381.1188,4660.1981,47.2543,0.0043,46.1205,4481.4956,4720.9207,1775442856830197279
nyudepth,no_sharing,143.8884,9381.1114,4660.1981,47.2543,0.0043,46.1205,4481.4823,4720.9133,1775442856830197279
nyudepth,no_sharing,143.9154,9354.0854,4660.1981,47.2543,0.0043,46.1205,4454.4508,4693.8874,1775442856830197279
nyudepth,no_sharing,143.9543,9315.2363,4660.1981,47.2543,0.0043,46.1205,4415.5958,4655.0383,1775442856830197279
nyudepth,no_sharing,143.9859,9283.6235,4660.1981,47.2543,0.0043,46.1205,4383.9779,4623.4254,1775442856830197279
nyudepth,no_sharing,144.0512,9218.3294,4660.1981,47.2543,0.0043,46.1205,4318.6779,4558.1314,1775442856830197279
nyudepth,no_sharing,144.0588,9210.6903,4660.1981,47.2543,0.0043,46.1205,4311.0318,4550.4922,1775442856830197279
nyudepth,no_sharing,144.1475,9122.0453,4660.1981,47.2543,0.0043,46.1205,4222.3814,4461.8472,1775442856830197279
nyudepth,no_sharing,144.1701,9233.4082,4660.1981,47.2543,0.0043,46.1205,4199.7397,4573.2101,1775442856830197279
nyudepth,no_sharing,144.1948,9208.7975,4660.1981,47.2543,0.0043,46.1205,4175.1132,4548.5994,1775442856830197279
nyudepth,no_sharing,144.2121,9191.5166,4660.1981,47.2543,0.0043,46.1205,4157.8224,4531.3186,1775442856830197279
nyudepth,no_sharing,144.2876,9115.9961,4660.1981,47.2543,0.0043,46.1205,4082.2928,4455.798,1775442856830197279
nyudepth,no_sharing,144.3132,9090.3537,4660.1981,47.2543,0.0043,46.1205,4056.6413,4430.1556,1775442856830197279
nyudepth,no_sharing,144.3329,9070.7135,4660.1981,47.2543,0.0043,46.1205,4036.993,4410.5154,1775442856830197279
nyudepth,no_sharing,144.3834,9020.2394,4660.1981,47.2543,0.0043,46.1205,3986.5098,4360.0413,1775442856830197279
nyudepth,no_sharing,144.433,8970.6295,4660.1981,47.2543,0.0043,46.1205,3936.8916,4310.4314,1775442856830197279
nyudepth,no_sharing,144.453,8983.5765,4660.1981,47.2543,0.0043,46.1205,3916.8627,4323.3785,1775442856830197279
nyudepth,no_sharing,144.5495,8887.0573,4660.1981,47.2543,0.0043,46.1205,3820.3299,4226.8592,1775442856830197279
nyudepth,no_sharing,144.5732,8863.4191,4660.1981,47.2543,0.0043,46.1205,3796.6835,4203.221,1775442856830197279
nyudepth,no_sharing,144.6385,8798.1319,4660.1981,47.2543,0.0043,46.1205,3731.3888,4137.9339,1775442856830197279
nyudepth,no_sharing,144.6561,8780.4878,4660.1981,47.2543,0.0043,46.1205,3713.7372,4120.2897,1775442856830197279
nyudepth,no_sharing,144.7314,8705.2193,4660.1981,47.2543,0.0043,46.1205,3638.4611,4045.0212,1775442856830197279
nyudepth,no_sharing,144.8055,8631.1553,4660.1981,47.2543,0.0043,46.1205,3564.3892,3970.9572,1775442856830197279
nyudepth,no_sharing,144.8688,8567.8644,4660.1981,47.2543,0.0043,46.1205,3501.092,3907.6663,1775442856830197279
nyudepth,no_sharing,144.9493,8487.396,4660.1981,47.2543,0.0043,46.1205,3420.6164,3827.1979,1775442856830197279
nyudepth,no_sharing,144.9925,8444.1483,4660.1981,47.2543,0.0043,46.1205,3377.3615,3783.9502,1775442856830197279
nyudepth,no_sharing,145.0032,8433.4989,4660.1981,47.2543,0.0043,46.1205,3366.7057,3773.3008,1775442856830197279
nyudepth,no_sharing,145.0378,8398.8705,4660.1981,47.2543,0.0043,46.1205,3332.0718,3738.6724,1775442856830197279
nyudepth,no_sharing,145.0494,8387.2595,4660.1981,47.2543,0.0043,46.1205,3320.4534,3727.0614,1775442856830197279
nyudepth,no_sharing,145.0972,8339.5338,4660.1981,47.2543,0.0043,46.1205,3272.7211,3679.3357,1775442856830197279
nyudepth,no_sharing,145.1035,8333.1769,4660.1981,47.2543,0.0043,46.1205,3266.341,3672.9788,1775442856830197279
nyudepth,no_sharing,145.1452,8291.4894,4660.1981,47.2543,0.0043,46.1205,3224.6461,3631.2913,1775442856830197279
nyudepth,no_sharing,145.1529,8283.8492,4660.1981,47.2543,0.0043,46.1205,3216.9988,3623.6512,1775442856830197279
nyudepth,no_sharing,145.1972,8239.5434,4660.1981,47.2543,0.0043,46.1205,3172.6844,3579.3454,1775442856830197279
nyudepth,no_sharing,145.4039,8032.8686,4660.1981,47.2543,0.0043,46.1205,2966.0027,3372.6705,1775442856830197279
nyudepth,no_sharing,145.4596,7977.2022,4660.1981,47.2543,0.0043,46.1205,2910.3212,3317.0041,1775442856830197279
nyudepth,no_sharing,145.4792,7957.5455,4660.1981,47.2543,0.0043,46.1205,2890.6567,3297.3474,1775442856830197279
nyudepth,no_sharing,145.4919,7944.8986,4660.1981,47.2543,0.0043,46.1205,2878.0031,3284.7005,1775442856830197279
nyudepth,no_sharing,145.5198,7916.9998,4660.1981,47.2543,0.0043,46.1205,2850.0979,3256.8017,1775442856830197279
nyudepth,no_sharing,145.5544,7882.3638,4660.1981,47.2543,0.0043,46.1205,2815.4557,3222.1657,1775442856830197279
nyudepth,no_sharing,145.6011,7835.7189,4660.1981,47.2543,0.0043,46.1205,2768.8038,3175.5208,1775442856830197279
nyudepth,no_sharing,145.6157,7821.1086,4660.1981,47.2543,0.0043,46.1205,2754.1871,3160.9105,1775442856830197279
nyudepth,no_sharing,145.6656,7771.1589,4660.1981,47.2543,0.0043,46.1205,2704.2315,3110.9609,1775442856830197279
nyudepth,no_sharing,145.6763,7760.5364,4660.1981,47.2543,0.0043,46.1205,2693.6023,3100.3384,1775442856830197279
nyudepth,no_sharing,145.8049,7631.9556,4660.1981,47.2543,0.0043,46.1205,2565.0146,2971.7575,1775442856830197279
nyudepth,no_sharing,145.8705,7566.3047,4660.1981,47.2543,0.0043,46.1205,2499.3575,2906.1066,1775442856830197279
nyudepth,no_sharing,145.9031,7533.6878,4660.1981,47.2543,0.0043,46.1205,2466.7344,2873.4898,1775442856830197279
nyudepth,no_sharing,145.9605,7476.3632,4660.1981,47.2543,0.0043,46.1205,2409.4038,2816.1651,1775442856830197279
nyudepth,no_sharing,145.9691,7491.5872,4660.1981,47.2543,0.0043,46.1205,2400.7938,2831.3891,1775442856830197279
nyudepth,no_sharing,146.0664,7394.3119,4660.1981,47.2543,0.0043,46.1205,2303.5104,2734.1138,1775442856830197279
nyudepth,no_sharing,146.1821,7278.5795,4660.1981,47.2543,0.0043,46.1205,2187.7718,2618.3814,1775442856830197279
nyudepth,no_sharing,146.1927,7267.9474,4660.1981,47.2543,0.0043,46.1205,2177.1343,2607.7494,1775442856830197279
nyudepth,no_sharing,146.1953,7265.3611,4660.1981,47.2543,0.0043,46.1205,2174.5286,2605.163,1775442856830197279
nyudepth,no_sharing,146.2162,7244.5023,4660.1981,47.2543,0.0043,46.1205,2153.6641,2584.3042,1775442856830197279
nyudepth,no_sharing,146.2725,7188.2443,4660.1981,47.2543,0.0043,46.1205,2097.4002,2528.0463,1775442856830197279
nyudepth,no_sharing,146.4517,7009.0382,4660.1981,47.2543,0.0043,46.1205,1918.1886,2348.8401,1775442856830197279
nyudepth,no_sharing,146.4713,6989.4173,4660.1981,47.2543,0.0043,46.1205,1898.5624,2329.2192,1775442856830197279
nyudepth,no_sharing,146.4921,6968.679,4660.1981,47.2543,0.0043,46.1205,1877.8188,2308.4809,1775442856830197279
nyudepth,no_sharing,146.4977,6964.8504,4660.1981,47.2543,0.0043,46.1205,1872.2179,2304.6523,1775442856830197279
nyudepth,no_sharing,146.5994,6863.1668,4660.1981,47.2543,0.0043,46.1205,1770.5257,2202.9687,1775442856830197279
nyudepth,no_sharing,146.7548,6707.762,4660.1981,47.2543,0.0043,46.1205,1615.114,2047.5639,1775442856830197279
nyudepth,no_sharing,146.7585,6704.0443,4660.1981,47.2543,0.0043,46.1205,1611.3915,2043.8463,1775442856830197279
nyudepth,no_sharing,146.7632,6699.3625,4660.1981,47.2543,0.0043,46.1205,1606.7054,2039.1644,1775442856830197279
nyudepth,no_sharing,146.7785,6683.9941,4660.1981,47.2543,0.0043,46.1205,1591.3329,2023.796,1775442856830197279
nyudepth,no_sharing,146.8896,6572.9196,4660.1981,47.2543,0.0043,46.1205,1480.2539,1912.7215,1775442856830197279
nyudepth,no_sharing,147.1298,6332.731,4660.1981,47.2543,0.0043,46.1205,1240.0603,1672.5329,1775442856830197279
nyudepth,no_sharing,147.1515,6311.0778,4660.1981,47.2543,0.0043,46.1205,1218.4026,1650.8798,1775442856830197279
nyudepth,no_sharing,147.2216,10980.067,4652.076,48.3154,0.0029,46.0303,6092.663,6327.991,1775442861774601027
nyudepth,no_sharing,147.2663,10935.4315,4652.076,48.3154,0.0029,46.0303,6048.0011,6283.3555,1775442861774601027
nyudepth,no_sharing,147.279,10922.7555,4652.076,48.3154,0.0029,46.0303,6035.3136,6270.6795,1775442861774601027
nyudepth,no_sharing,147.3183,10883.4288,4652.076,48.3154,0.0029,46.0303,5995.9767,6231.3528,1775442861774601027
nyudepth,no_sharing,147.4637,10737.9956,4652.076,48.3154,0.0029,46.0303,5850.5335,6085.9196,1775442861774601027
nyudepth,no_sharing,147.535,10666.7333,4652.076,48.3154,0.0029,46.0303,5779.259,6014.6572,1775442861774601027
nyudepth,no_sharing,147.6115,10590.2615,4652.076,48.3154,0.0029,46.0303,5702.7748,5938.1854,1775442861774601027
nyudepth,no_sharing,147.681,10520.7553,4652.076,48.3154,0.0029,46.0303,5633.261,5868.6793,1775442861774601027
nyudepth,no_sharing,147.6873,10514.4861,4652.076,48.3154,0.0029,46.0303,5626.9841,5862.41,1775442861774601027
nyudepth,no_sharing,147.7379,10463.8956,4652.076,48.3154,0.0029,46.0303,5576.3855,5811.8195,1775442861774601027
nyudepth,no_sharing,147.8182,10383.5537,4652.076,48.3154,0.0029,46.0303,5496.0361,5731.4777,1775442861774601027
nyudepth,no_sharing,147.8183,10383.554,4652.076,48.3154,0.0029,46.0303,5496.0296,5731.478,1775442861774601027
nyudepth,no_sharing,147.8183,10383.5557,4652.076,48.3154,0.0029,46.0303,5496.0251,5731.4796,1775442861774601027
nyudepth,no_sharing,147.8777,10324.1293,4652.076,48.3154,0.0029,46.0303,5436.5916,5672.0533,1775442861774601027
nyudepth,no_sharing,147.9718,10230.0713,4652.076,48.3154,0.0029,46.0303,5342.5264,5577.9953,1775442861774601027
nyudepth,no_sharing,148.0119,10189.9171,4652.076,48.3154,0.0029,46.0303,5302.3651,5537.8411,1775442861774601027
nyudepth,no_sharing,148.0793,10122.5111,4652.076,48.3154,0.0029,46.0303,5234.9522,5470.4351,1775442861774601027
nyudepth,no_sharing,148.2088,9993.0918,4652.076,48.3154,0.0029,46.0303,5105.5255,5341.0158,1775442861774601027
nyudepth,no_sharing,148.2903,9911.5369,4652.076,48.3154,0.0029,46.0303,5023.9635,5259.4609,1775442861774601027
nyudepth,no_sharing,148.438,9763.88,4652.076,48.3154,0.0029,46.0303,4876.2963,5111.804,1775442861774601027
nyudepth,no_sharing,148.5545,9647.3663,4652.076,48.3154,0.0029,46.0303,4759.7723,4995.2903,1775442861774601027
nyudepth,no_sharing,148.5701,9631.7379,4652.076,48.3154,0.0029,46.0303,4744.1337,4979.6619,1775442861774601027
nyudepth,no_sharing,148.5914,9610.4696,4652.076,48.3154,0.0029,46.0303,4722.8575,4958.3936,1775442861774601027
nyudepth,no_sharing,148.6291,9572.8474,4652.076,48.3154,0.0029,46.0303,4685.2288,4920.7713,1775442861774601027
nyudepth,no_sharing,148.6443,9708.7269,4652.076,48.3154,0.0029,46.0303,4669.9493,5056.6509,1775442861774601027
nyudepth,no_sharing,148.7413,9611.8095,4652.076,48.3154,0.0029,46.0303,4573.015,4959.7335,1775442861774601027
nyudepth,no_sharing,148.7522,9600.8523,4652.076,48.3154,0.0029,46.0303,4562.0458,4948.7762,1775442861774601027
nyudepth,no_sharing,148.7959,9557.2238,4652.076,48.3154,0.0029,46.0303,4518.4054,4905.1478,1775442861774601027
nyudepth,no_sharing,148.8642,9488.9591,4652.076,48.3154,0.0029,46.0303,4450.1293,4836.883,1775442861774601027
nyudepth,no_sharing,148.9626,9390.4719,4652.076,48.3154,0.0029,46.0303,4351.6319,4738.3959,1775442861774601027
nyudepth,no_sharing,148.9627,9439.646,4652.076,48.3154,0.0029,46.0303,4351.6245,4787.57,1775442861774601027
nyudepth,no_sharing,148.9627,9439.6517,4652.076,48.3154,0.0029,46.0303,4351.619,4787.5757,1775442861774601027
nyudepth,no_sharing,148.9652,9437.135,4652.076,48.3154,0.0029,46.0303,4349.0942,4785.059,1775442861774601027
nyudepth,no_sharing,149.0019,9400.4209,4652.076,48.3154,0.0029,46.0303,4312.3724,4748.3449,1775442861774601027
nyudepth,no_sharing,149.0422,9360.1532,4652.076,48.3154,0.0029,46.0303,4272.0978,4708.0772,1775442861774601027
nyudepth,no_sharing,149.077,9325.3911,4652.076,48.3154,0.0029,46.0303,4237.3278,4673.315,1775442861774601027
nyudepth,no_sharing,149.1166,9285.7022,4652.076,48.3154,0.0029,46.0303,4197.6321,4633.6262,1775442861774601027
nyudepth,no_sharing,149.132,9270.3934,4652.076,48.3154,0.0029,46.0303,4182.317,4618.3173,1775442861774601027
nyudepth,no_sharing,149.2998,9102.5255,4652.076,48.3154,0.0029,46.0303,4014.442,4450.4494,1775442861774601027
nyudepth,no_sharing,149.3647,9037.6253,4652.076,48.3154,0.0029,46.0303,3949.5349,4385.5493,1775442861774601027
nyudepth,no_sharing,149.4128,8989.5387,4652.076,48.3154,0.0029,46.0303,3901.4413,4337.4626,1775442861774601027
nyudepth,no_sharing,149.4671,8935.2705,4652.076,48.3154,0.0029,46.0303,3847.1663,4283.1945,1775442861774601027
nyudepth,no_sharing,149.4907,8911.6437,4652.076,48.3154,0.0029,46.0303,3823.5331,4259.5677,1775442861774601027
nyudepth,no_sharing,149.6203,8782.1035,4652.076,48.3154,0.0029,46.0303,3693.9867,4130.0275,1775442861774601027
nyudepth,no_sharing,149.6279,8774.4656,4652.076,48.3154,0.0029,46.0303,3686.3422,4122.3895,1775442861774601027
nyudepth,no_sharing,149.6296,8772.8462,4652.076,48.3154,0.0029,46.0303,3684.7162,4120.7702,1775442861774601027
nyudepth,no_sharing,149.6869,8715.5659,4652.076,48.3154,0.0029,46.0303,3627.4297,4063.4899,1775442861774601027
nyudepth,no_sharing,149.7292,8673.1791,4652.076,48.3154,0.0029,46.0303,3585.0348,4021.1031,1775442861774601027
nyudepth,no_sharing,149.7489,8653.5313,4652.076,48.3154,0.0029,46.0303,3565.3803,4001.4553,1775442861774601027
nyudepth,no_sharing,149.9472,8455.2615,4652.076,48.3154,0.0029,46.0303,3367.1031,3803.1854,1775442861774601027
nyudepth,no_sharing,150.0097,8392.7171,4652.076,48.3154,0.0029,46.0303,3304.5516,3740.6411,1775442861774601027
nyudepth,no_sharing,150.0451,8357.3513,4652.076,48.3154,0.0029,46.0303,3269.1798,3705.2753,1775442861774601027
nyudepth,no_sharing,150.1234,8279.0561,4652.076,48.3154,0.0029,46.0303,3190.8779,3626.98,1775442861774601027
nyudepth,no_sharing,150.1327,8269.7768,4652.076,48.3154,0.0029,46.0303,3181.592,3617.7008,1775442861774601027
nyudepth,no_sharing,150.1533,8249.1422,4652.076,48.3154,0.0029,46.0303,3160.9514,3597.0661,1775442861774601027
nyudepth,no_sharing,150.165,8237.5259,4652.076,48.3154,0.0029,46.0303,3149.3289,3585.4499,1775442861774601027
nyudepth,no_sharing,150.1766,8225.9121,4652.076,48.3154,0.0029,46.0303,3137.7089,3573.8361,1775442861774601027
nyudepth,no_sharing,150.2521,8150.3737,4652.076,48.3154,0.0029,46.0303,3062.1645,3498.2977,1775442861774601027
nyudepth,no_sharing,150.2835,8118.9783,4652.076,48.3154,0.0029,46.0303,3030.7627,3466.9022,1775442861774601027
nyudepth,no_sharing,150.3242,8078.3334,4652.076,48.3154,0.0029,46.0303,2990.1123,3426.2574,1775442861774601027
nyudepth,no_sharing,150.3438,8058.6703,4652.076,48.3154,0.0029,46.0303,2970.443,3406.5943,1775442861774601027
nyudepth,no_sharing,150.3495,8053.0381,4652.076,48.3154,0.0029,46.0303,2964.8051,3400.9621,1775442861774601027
nyudepth,no_sharing,150.3651,8037.4243,4652.076,48.3154,0.0029,46.0303,2949.1856,3385.3483,1775442861774601027
nyudepth,no_sharing,150.3814,8021.1468,4652.076,48.3154,0.0029,46.0303,2932.9019,3369.0707,1775442861774601027
nyudepth,no_sharing,150.4271,7975.42,4652.076,48.3154,0.0029,46.0303,2887.1691,3323.344,1775442861774601027
nyudepth,no_sharing,150.493,7909.5376,4652.076,48.3154,0.0029,46.0303,2821.2802,3257.4615,1775442861774601027
nyudepth,no_sharing,150.7022,7700.3891,4652.076,48.3154,0.0029,46.0303,2612.1247,3048.3131,1775442861774601027
nyudepth,no_sharing,150.8131,7589.4616,4652.076,48.3154,0.0029,46.0303,2501.1907,2937.3855,1775442861774601027
nyudepth,no_sharing,151.0413,7361.2096,4652.076,48.3154,0.0029,46.0303,2272.9328,2709.1336,1775442861774601027
nyudepth,no_sharing,151.119,7283.5648,4652.076,48.3154,0.0029,46.0303,2195.2822,2631.4888,1775442861774601027
nyudepth,no_sharing,151.119,7283.5562,4652.076,48.3154,0.0029,46.0303,2195.2689,2631.4802,1775442861774601027
nyudepth,no_sharing,151.1251,7277.4866,4652.076,48.3154,0.0029,46.0303,2189.193,2625.4105,1775442861774601027
nyudepth,no_sharing,151.17,7232.5909,4652.076,48.3154,0.0029,46.0303,2144.2916,2580.5149,1775442861774601027
nyudepth,no_sharing,151.2053,7197.3252,4652.076,48.3154,0.0029,46.0303,2109.0195,2545.2492,1775442861774601027
nyudepth,no_sharing,151.2179,7184.6983,4652.076,48.3154,0.0029,46.0303,2096.3874,2532.6223,1775442861774601027
nyudepth,no_sharing,151.2305,7172.0827,4652.076,48.3154,0.0029,46.0303,2083.7665,2520.0066,1775442861774601027
nyudepth,no_sharing,151.2976,7136.2321,4652.076,48.3154,0.0029,46.0303,2016.6888,2484.1561,1775442861774601027
nyudepth,no_sharing,151.3203,7113.5721,4652.076,48.3154,0.0029,46.0303,1994.0166,2461.4961,1775442861774601027
nyudepth,no_sharing,151.3892,7044.6854,4652.076,48.3154,0.0029,46.0303,1925.1213,2392.6093,1775442861774601027
nyudepth,no_sharing,151.451,6982.8072,4652.076,48.3154,0.0029,46.0303,1863.2357,2330.7311,1775442861774601027
nyudepth,no_sharing,151.4767,6957.1722,4652.076,48.3154,0.0029,46.0303,1837.5938,2305.0961,1775442861774601027
nyudepth,no_sharing,151.5163,6917.567,4652.076,48.3154,0.0029,46.0303,1797.982,2265.491,1775442861774601027
nyudepth,no_sharing,151.536,6897.9053,4652.076,48.3154,0.0029,46.0303,1778.3136,2245.8293,1775442861774601027
nyudepth,no_sharing,151.5824,6851.5196,4652.076,48.3154,0.0029,46.0303,1731.9205,2199.4436,1775442861774601027
nyudepth,no_sharing,151.7135,6720.3417,4652.076,48.3154,0.0029,46.0303,1600.7357,2068.2657,1775442861774601027
nyudepth,no_sharing,151.7885,6645.4175,4652.076,48.3154,0.0029,46.0303,1525.8052,1993.3414,1775442861774601027
nyudepth,no_sharing,151.8391,6594.7678,4652.076,48.3154,0.0029,46.0303,1475.1499,1942.6918,1775442861774601027
nyudepth,no_sharing,151.9084,6525.5015,4652.076,48.3154,0.0029,46.0303,1405.8776,1873.4255,1775442861774601027
nyudepth,no_sharing,151.9358,6498.1019,4652.076,48.3154,0.0029,46.0303,1378.4714,1846.0259,1775442861774601027
nyudepth,no_sharing,151.9634,6470.4804,4652.076,48.3154,0.0029,46.0303,1350.8451,1818.4044,1775442861774601027
nyudepth,no_sharing,151.9701,6467.1762,4652.076,48.3154,0.0029,46.0303,1344.2175,1815.1002,1775442861774601027
nyudepth,no_sharing,151.9947,6442.575,4652.076,48.3154,0.0029,46.0303,1319.5989,1790.499,1775442861774601027
nyudepth,no_sharing,152.0343,6402.9419,4652.076,48.3154,0.0029,46.0303,1279.9542,1750.8659,1775442861774601027
nyudepth,no_sharing,152.055,6382.2947,4652.076,48.3154,0.0029,46.0303,1259.2962,1730.2186,1775442861774601027
nyudepth,no_sharing,152.0586,6378.7067,4652.076,48.3154,0.0029,46.0303,1255.6982,1726.6307,1775442861774601027
nyudepth,no_sharing,152.0613,6375.9928,4652.076,48.3154,0.0029,46.0303,1252.974,1723.9167,1775442861774601027
nyudepth,no_sharing,152.0801,6357.2183,4652.076,48.3154,0.0029,46.0303,1234.1859,1705.1422,1775442861774601027
nyudepth,no_sharing,152.0908,6346.4987,4652.076,48.3154,0.0029,46.0303,1223.4542,1694.4227,1775442861774601027
nyudepth,no_sharing,152.1214,6315.8929,4652.076,48.3154,0.0029,46.0303,1192.8356,1663.8169,1775442861774601027
nyudepth,no_sharing,152.1667,6270.6227,4652.076,48.3154,0.0029,46.0303,1147.5513,1618.5467,1775442861774601027
nyudepth,no_sharing,152.2114,10969.3017,4698.6329,52.7046,0.003,46.452,6026.027,6270.6688,1775442866697762807
nyudepth,no_sharing,152.2222,10958.5361,4698.6329,52.7046,0.003,46.452,6015.245,6259.9033,1775442866697762807
nyudepth,no_sharing,152.2969,10883.841,4698.6329,52.7046,0.003,46.452,5940.5396,6185.2082,1775442866697762807
nyudepth,no_sharing,152.4165,10764.22,4698.6329,52.7046,0.003,46.452,5820.909,6065.5871,1775442866697762807
nyudepth,no_sharing,152.4634,10717.3367,4698.6329,52.7046,0.003,46.452,5774.0161,6018.7038,1775442866697762807
nyudepth,no_sharing,152.5057,10675.0889,4698.6329,52.7046,0.003,46.452,5731.7598,5976.456,1775442866697762807
nyudepth,no_sharing,152.514,10666.7609,4698.6329,52.7046,0.003,46.452,5723.4223,5968.128,1775442866697762807
nyudepth,no_sharing,152.5161,10664.66,4698.6329,52.7046,0.003,46.452,5721.3123,5966.0271,1775442866697762807
nyudepth,no_sharing,152.5829,10597.8699,4698.6329,52.7046,0.003,46.452,5654.5129,5899.237,1775442866697762807
nyudepth,no_sharing,152.7464,10434.4077,4698.6329,52.7046,0.003,46.452,5491.0407,5735.7748,1775442866697762807
nyudepth,no_sharing,153.0594,10121.4521,4698.6329,52.7046,0.003,46.452,5178.0748,5422.8192,1775442866697762807
nyudepth,no_sharing,153.0594,10121.4406,4698.6329,52.7046,0.003,46.452,5178.0543,5422.8078,1775442866697762807
nyudepth,no_sharing,153.0594,10121.4416,4698.6329,52.7046,0.003,46.452,5178.0462,5422.8087,1775442866697762807
nyudepth,no_sharing,153.0594,10121.4435,4698.6329,52.7046,0.003,46.452,5178.0388,5422.8106,1775442866697762807
nyudepth,no_sharing,153.0594,10121.4576,4698.6329,52.7046,0.003,46.452,5178.0326,5422.8247,1775442866697762807
nyudepth,no_sharing,153.0594,10121.4705,4698.6329,52.7046,0.003,46.452,5178.0264,5422.8376,1775442866697762807
nyudepth,no_sharing,153.0594,10121.4828,4698.6329,52.7046,0.003,46.452,5178.02,5422.85,1775442866697762807
nyudepth,no_sharing,153.0594,10121.4948,4698.6329,52.7046,0.003,46.452,5178.0136,5422.8619,1775442866697762807
nyudepth,no_sharing,153.2438,9937.1271,4698.6329,52.7046,0.003,46.452,4993.6268,5238.4942,1775442866697762807
nyudepth,no_sharing,153.2438,9937.1367,4698.6329,52.7046,0.003,46.452,4993.6075,5238.5038,1775442866697762807
nyudepth,no_sharing,153.2438,9937.1498,4698.6329,52.7046,0.003,46.452,4993.6018,5238.5169,1775442866697762807
nyudepth,no_sharing,153.2438,9937.1638,4698.6329,52.7046,0.003,46.452,4993.5968,5238.5309,1775442866697762807
nyudepth,no_sharing,153.2439,9937.1769,4698.6329,52.7046,0.003,46.452,4993.5927,5238.5441,1775442866697762807
nyudepth,no_sharing,153.4606,9720.4106,4698.6329,52.7046,0.003,46.452,4776.8097,5021.7777,1775442866697762807
nyudepth,no_sharing,153.4667,9714.4094,4698.6329,52.7046,0.003,46.452,4770.7896,5015.7765,1775442866697762807
nyudepth,no_sharing,153.4667,10039.0882,4698.6329,52.7046,0.003,46.452,4770.7677,5340.4554,1775442866697762807
nyudepth,no_sharing,153.4766,10032.4383,4698.6329,52.7046,0.003,46.452,4760.8685,5333.8054,1775442866697762807
nyudepth,no_sharing,153.4901,10018.8968,4698.6329,52.7046,0.003,46.452,4747.3097,5320.2639,1775442866697762807
nyudepth,no_sharing,153.4954,10013.6366,4698.6329,52.7046,0.003,46.452,4742.039,5315.0037,1775442866697762807
nyudepth,no_sharing,153.5001,10008.9617,4698.6329,52.7046,0.003,46.452,4737.3548,5310.3288,1775442866697762807
nyudepth,no_sharing,153.5347,9974.3931,4698.6329,52.7046,0.003,46.452,4702.7779,5275.7602,1775442866697762807
nyudepth,no_sharing,153.54,9969.0809,4698.6329,52.7046,0.003,46.452,4697.4571,5270.448,1775442866697762807
nyudepth,no_sharing,153.6106,9898.4435,4698.6329,52.7046,0.003,46.452,4626.811,5199.8106,1775442866697762807
nyudepth,no_sharing,153.6456,9863.4977,4698.6329,52.7046,0.003,46.452,4591.8565,5164.8648,1775442866697762807
nyudepth,no_sharing,153.6576,9851.4473,4698.6329,52.7046,0.003,46.452,4579.7968,5152.8145,1775442866697762807
nyudepth,no_sharing,153.7235,9785.5639,4698.6329,52.7046,0.003,46.452,4513.9046,5086.9311,1775442866697762807
nyudepth,no_sharing,153.7794,9729.6615,4698.6329,52.7046,0.003,46.452,4457.9942,5031.0286,1775442866697762807
nyudepth,no_sharing,153.9223,9586.8325,4698.6329,52.7046,0.003,46.452,4315.1562,4888.1996,1775442866697762807
nyudepth,no_sharing,153.9309,9578.1991,4698.6329,52.7046,0.003,46.452,4306.5147,4879.5663,1775442866697762807
nyudepth,no_sharing,153.9386,9570.5786,4698.6329,52.7046,0.003,46.452,4298.8865,4871.9457,1775442866697762807
nyudepth,no_sharing,153.9467,9562.4123,4698.6329,52.7046,0.003,46.452,4290.7112,4863.7794,1775442866697762807
nyudepth,no_sharing,153.9687,9540.4458,4698.6329,52.7046,0.003,46.452,4268.7361,4841.8129,1775442866697762807
nyudepth,no_sharing,154.061,9448.1506,4698.6329,52.7046,0.003,46.452,4176.4328,4749.5177,1775442866697762807
nyudepth,no_sharing,154.2197,9289.4459,4698.6329,52.7046,0.003,46.452,4017.719,4590.813,1775442866697762807
nyudepth,no_sharing,154.2657,9243.4709,4698.6329,52.7046,0.003,46.452,3971.736,4544.838,1775442866697762807
nyudepth,no_sharing,154.3483,9160.8539,4698.6329,52.7046,0.003,46.452,3889.1103,4462.221,1775442866697762807
nyudepth,no_sharing,154.5572,8951.9477,4698.6329,52.7046,0.003,46.452,3680.1963,4253.3148,1775442866697762807
nyudepth,no_sharing,154.5598,8949.4226,4698.6329,52.7046,0.003,46.452,3677.6626,4250.7897,1775442866697762807
nyudepth,no_sharing,154.679,8830.1651,4698.6329,52.7046,0.003,46.452,3558.3959,4131.5323,1775442866697762807
nyudepth,no_sharing,154.699,8810.1897,4698.6329,52.7046,0.003,46.452,3538.413,4111.5568,1775442866697762807
nyudepth,no_sharing,154.699,8810.1835,4698.6329,52.7046,0.003,46.452,3538.3992,4111.5506,1775442866697762807
nyudepth,no_sharing,154.7238,8785.4266,4698.6329,52.7046,0.003,46.452,3513.6344,4086.7937,1775442866697762807
nyudepth,no_sharing,154.8664,8642.8881,4698.6329,52.7046,0.003,46.452,3371.088,3944.2552,1775442866697762807
nyudepth,no_sharing,154.8921,8617.1508,4698.6329,52.7046,0.003,46.452,3345.3431,3918.5179,1775442866697762807
nyudepth,no_sharing,154.9273,8581.9745,4698.6329,52.7046,0.003,46.452,3310.159,3883.3416,1775442866697762807
nyudepth,no_sharing,154.9423,8567.0114,4698.6329,52.7046,0.003,46.452,3295.1877,3868.3785,1775442866697762807
nyudepth,no_sharing,154.9423,8567.0068,4698.6329,52.7046,0.003,46.452,3295.1751,3868.3739,1775442866697762807
nyudepth,no_sharing,155.0606,8448.6573,4698.6329,52.7046,0.003,46.452,3176.8174,3750.0244,1775442866697762807
nyudepth,no_sharing,155.1038,8405.4635,4698.6329,52.7046,0.003,46.452,3133.6153,3706.8306,1775442866697762807
nyudepth,no_sharing,155.1076,8401.6647,4698.6329,52.7046,0.003,46.452,3129.8094,3703.0318,1775442866697762807
nyudepth,no_sharing,155.1568,8352.4814,4698.6329,52.7046,0.003,46.452,3080.6177,3653.8485,1775442866697762807
nyudepth,no_sharing,155.1718,8337.4991,4698.6329,52.7046,0.003,46.452,3065.6281,3638.8663,1775442866697762807
nyudepth,no_sharing,155.1739,8335.4075,4698.6329,52.7046,0.003,46.452,3063.5288,3636.7746,1775442866697762807
nyudepth,no_sharing,155.1966,8312.6843,4698.6329,52.7046,0.003,46.452,3040.7977,3614.0514,1775442866697762807
nyudepth,no_sharing,155.2853,8224.0684,4698.6329,52.7046,0.003,46.452,2952.1735,3525.4355,1775442866697762807
nyudepth,no_sharing,155.3896,8119.7364,4698.6329,52.7046,0.003,46.452,2847.8339,3421.1035,1775442866697762807
nyudepth,no_sharing,155.452,8057.4028,4698.6329,52.7046,0.003,46.452,2785.4922,3358.77,1775442866697762807
nyudepth,no_sharing,155.5037,8005.6307,4698.6329,52.7046,0.003,46.452,2733.7117,3306.9978,1775442866697762807
nyudepth,no_sharing,155.5178,7991.5905,4698.6329,52.7046,0.003,46.452,2719.6641,3292.9576,1775442866697762807
nyudepth,no_sharing,155.525,7984.4232,4698.6329,52.7046,0.003,46.452,2712.4889,3285.7903,1775442866697762807
nyudepth,no_sharing,155.609,7900.4257,4698.6329,52.7046,0.003,46.452,2628.4828,3201.7928,1775442866697762807
nyudepth,no_sharing,155.6309,7878.5923,4698.6329,52.7046,0.003,46.452,2606.5891,3179.9594,1775442866697762807
nyudepth,no_sharing,155.7624,7747.0238,4698.6329,52.7046,0.003,46.452,2475.0113,3048.3909,1775442866697762807
nyudepth,no_sharing,155.8023,7707.1407,4698.6329,52.7046,0.003,46.452,2435.1196,3008.5078,1775442866697762807
nyudepth,no_sharing,155.8666,7642.9136,4698.6329,52.7046,0.003,46.452,2370.8839,2944.2807,1775442866697762807
nyudepth,no_sharing,155.9195,7590.0111,4698.6329,52.7046,0.003,46.452,2317.9734,2891.3782,1775442866697762807
nyudepth,no_sharing,155.9505,7558.98,4698.6329,52.7046,0.003,46.452,2286.9341,2860.3471,1775442866697762807
nyudepth,no_sharing,155.9513,7558.1706,4698.6329,52.7046,0.003,46.452,2286.1171,2859.5377,1775442866697762807
nyudepth,no_sharing,155.9584,7551.0716,4698.6329,52.7046,0.003,46.452,2279.0115,2852.4388,1775442866697762807
nyudepth,no_sharing,155.9705,7538.9633,4698.6329,52.7046,0.003,46.452,2266.8962,2840.3304,1775442866697762807
nyudepth,no_sharing,155.9735,7536.0022,4698.6329,52.7046,0.003,46.452,2263.9265,2837.3693,1775442866697762807
nyudepth,no_sharing,155.9805,7529.0194,4698.6329,52.7046,0.003,46.452,2256.9354,2830.3865,1775442866697762807
nyudepth,no_sharing,156.0211,7488.4229,4698.6329,52.7046,0.003,46.452,2216.3308,2789.79,1775442866697762807
nyudepth,no_sharing,156.0667,7442.8792,4698.6329,52.7046,0.003,46.452,2170.7792,2744.2463,1775442866697762807
nyudepth,no_sharing,156.1285,7381.0024,4698.6329,52.7046,0.003,46.452,2108.8951,2682.3695,1775442866697762807
nyudepth,no_sharing,156.1374,7372.1502,4698.6329,52.7046,0.003,46.452,2100.0359,2673.5173,1775442866697762807
nyudepth,no_sharing,156.2163,7293.2744,4698.6329,52.7046,0.003,46.452,2021.1515,2594.6415,1775442866697762807
nyudepth,no_sharing,156.2281,7281.4243,4698.6329,52.7046,0.003,46.452,2009.294,2582.7914,1775442866697762807
nyudepth,no_sharing,156.2303,7279.3016,4698.6329,52.7046,0.003,46.452,2007.1652,2580.6688,1775442866697762807
nyudepth,no_sharing,156.255,7254.5979,4698.6329,52.7046,0.003,46.452,1982.4536,2555.965,1775442866697762807
nyudepth,no_sharing,156.2639,7245.6603,4698.6329,52.7046,0.003,46.452,1973.5086,2547.0274,1775442866697762807
nyudepth,no_sharing,156.308,7201.5858,4698.6329,52.7046,0.003,46.452,1929.4262,2502.9529,1775442866697762807
nyudepth,no_sharing,156.4353,7074.2741,4698.6329,52.7046,0.003,46.452,1802.1069,2375.6412,1775442866697762807
nyudepth,no_sharing,156.4645,7045.0873,4698.6329,52.7046,0.003,46.452,1772.913,2346.4545,1775442866697762807
nyudepth,no_sharing,156.588,6921.6247,4698.6329,52.7046,0.003,46.452,1649.4427,2222.9918,1775442866697762807
nyudepth,no_sharing,156.6119,6897.7656,4698.6329,52.7046,0.003,46.452,1625.5763,2199.1328,1775442866697762807
nyudepth,no_sharing,156.6131,6896.57,4698.6329,52.7046,0.003,46.452,1624.3734,2197.9371,1775442866697762807
nyudepth,no_sharing,156.7326,6777.0796,4698.6329,52.7046,0.003,46.452,1504.8759,2078.4467,1775442866697762807
nyudepth,no_sharing,156.7645,6745.1546,4698.6329,52.7046,0.003,46.452,1472.9431,2046.5217,1775442866697762807
nyudepth,no_sharing,156.8615,6648.1354,4698.6329,52.7046,0.003,46.452,1375.916,1949.5025,1775442866697762807
nyudepth,no_sharing,156.8734,11299.1529,4848.0696,45.0135,0.0029,48.0249,6298.0638,6451.0832,1775442871631809632
nyudepth,no_sharing,156.9129,11365.5317,4848.0696,45.0135,0.0029,48.0249,6258.5735,6517.462,1775442871631809632
nyudepth,no_sharing,156.9161,11362.3359,4848.0696,45.0135,0.0029,48.0249,6255.3525,6514.2663,1775442871631809632
nyudepth,no_sharing,156.9633,11315.1479,4848.0696,45.0135,0.0029,48.0249,6208.1485,6467.0782,1775442871631809632
nyudepth,no_sharing,156.9882,11290.3559,4848.0696,45.0135,0.0029,48.0249,6183.3291,6442.2863,1775442871631809632
nyudepth,no_sharing,157.0706,11207.9039,4848.0696,45.0135,0.0029,48.0249,6100.8525,6359.8342,1775442871631809632
nyudepth,no_sharing,157.1175,11161.0756,4848.0696,45.0135,0.0029,48.0249,6054.0082,6313.0059,1775442871631809632
nyudepth,no_sharing,157.1665,11112.0379,4848.0696,45.0135,0.0029,48.0249,6004.9462,6263.9683,1775442871631809632
nyudepth,no_sharing,157.1887,11089.8888,4848.0696,45.0135,0.0029,48.0249,5982.7812,6241.8192,1775442871631809632
nyudepth,no_sharing,157.2413,11200.0144,4848.0696,45.0135,0.0029,48.0249,5930.2313,6351.9447,1775442871631809632
nyudepth,no_sharing,157.3091,11132.1788,4848.0696,45.0135,0.0029,48.0249,5862.3803,6284.1091,1775442871631809632
nyudepth,no_sharing,157.3472,11094.1217,4848.0696,45.0135,0.0029,48.0249,5824.3046,6246.052,1775442871631809632
nyudepth,no_sharing,157.4346,11006.7399,4848.0696,45.0135,0.0029,48.0249,5736.9101,6158.6702,1775442871631809632
nyudepth,no_sharing,157.4489,10992.4223,4848.0696,45.0135,0.0029,48.0249,5722.5747,6144.3527,1775442871631809632
nyudepth,no_sharing,157.4831,10958.2751,4848.0696,45.0135,0.0029,48.0249,5688.4074,6110.2054,1775442871631809632
nyudepth,no_sharing,157.531,10910.331,4848.0696,45.0135,0.0029,48.0249,5640.45,6062.2614,1775442871631809632
nyudepth,no_sharing,157.5522,10889.1592,4848.0696,45.0135,0.0029,48.0249,5619.2577,6041.0896,1775442871631809632
nyudepth,no_sharing,157.5644,10877.013,4848.0696,45.0135,0.0029,48.0249,5607.0988,6028.9433,1775442871631809632
nyudepth,no_sharing,157.5686,10982.8129,4848.0696,45.0135,0.0029,48.0249,5602.8745,6134.7432,1775442871631809632
nyudepth,no_sharing,157.6118,10939.6193,4848.0696,45.0135,0.0029,48.0249,5559.6662,6091.5497,1775442871631809632
nyudepth,no_sharing,157.6259,10925.5269,4848.0696,45.0135,0.0029,48.0249,5545.5515,6077.4572,1775442871631809632
nyudepth,no_sharing,157.6323,10919.1387,4848.0696,45.0135,0.0029,48.0249,5539.1498,6071.069,1775442871631809632
nyudepth,no_sharing,157.6786,10872.8878,4848.0696,45.0135,0.0029,48.0249,5492.8782,6024.8182,1775442871631809632
nyudepth,no_sharing,157.6786,10872.8848,4848.0696,45.0135,0.0029,48.0249,5492.8622,6024.8151,1775442871631809632
nyudepth,no_sharing,158.0362,10515.3332,4848.0696,45.0135,0.0029,48.0249,5135.2906,5667.2635,1775442871631809632
nyudepth,no_sharing,158.0362,10515.3322,4848.0696,45.0135,0.0029,48.0249,5135.2711,5667.2626,1775442871631809632
nyudepth,no_sharing,158.0362,10515.3394,4848.0696,45.0135,0.0029,48.0249,5135.2656,5667.2697,1775442871631809632
nyudepth,no_sharing,158.0362,10515.3525,4848.0696,45.0135,0.0029,48.0249,5135.2603,5667.2828,1775442871631809632
nyudepth,no_sharing,158.0362,10515.3537,4848.0696,45.0135,0.0029,48.0249,5135.2558,5667.284,1775442871631809632
nyudepth,no_sharing,158.0362,10515.3549,4848.0696,45.0135,0.0029,48.0249,5135.2508,5667.2852,1775442871631809632
nyudepth,no_sharing,158.0362,10515.3565,4848.0696,45.0135,0.0029,48.0249,5135.2468,5667.2869,1775442871631809632
nyudepth,no_sharing,158.0362,10515.3584,4848.0696,45.0135,0.0029,48.0249,5135.2422,5667.2888,1775442871631809632
nyudepth,no_sharing,158.2014,10350.1766,4848.0696,45.0135,0.0029,48.0249,4970.0539,5502.1069,1775442871631809632
nyudepth,no_sharing,158.2015,10350.1577,4848.0696,45.0135,0.0029,48.0249,4970.0282,5502.0881,1775442871631809632
nyudepth,no_sharing,158.2015,10350.1568,4848.0696,45.0135,0.0029,48.0249,4970.0215,5502.0871,1775442871631809632
nyudepth,no_sharing,158.2015,10350.1565,4848.0696,45.0135,0.0029,48.0249,4970.0162,5502.0869,1775442871631809632
nyudepth,no_sharing,158.2015,10350.1585,4848.0696,45.0135,0.0029,48.0249,4970.0122,5502.0888,1775442871631809632
nyudepth,no_sharing,158.4337,10117.8973,4848.0696,45.0135,0.0029,48.0249,4737.745,5269.8276,1775442871631809632
nyudepth,no_sharing,158.4338,10117.8889,4848.0696,45.0135,0.0029,48.0249,4737.7317,5269.8193,1775442871631809632
nyudepth,no_sharing,158.439,10112.6568,4848.0696,45.0135,0.0029,48.0249,4732.4941,5264.5872,1775442871631809632
nyudepth,no_sharing,158.459,10092.6905,4848.0696,45.0135,0.0029,48.0249,4712.5223,5244.6208,1775442871631809632
nyudepth,no_sharing,158.5346,10017.0512,4848.0696,45.0135,0.0029,48.0249,4636.8778,5168.9816,1775442871631809632
nyudepth,no_sharing,158.6014,9950.3069,4848.0696,45.0135,0.0029,48.0249,4570.1282,5102.2372,1775442871631809632
nyudepth,no_sharing,158.6483,9903.4235,4848.0696,45.0135,0.0029,48.0249,4523.2389,5055.3539,1775442871631809632
nyudepth,no_sharing,158.6759,9875.7727,4848.0696,45.0135,0.0029,48.0249,4495.5823,5027.7031,1775442871631809632
nyudepth,no_sharing,158.7185,9833.1573,4848.0696,45.0135,0.0029,48.0249,4452.9614,4985.0877,1775442871631809632
nyudepth,no_sharing,158.7382,9813.5169,4848.0696,45.0135,0.0029,48.0249,4433.3158,4965.4472,1775442871631809632
nyudepth,no_sharing,158.7898,9761.9243,4848.0696,45.0135,0.0029,48.0249,4381.7,4913.8546,1775442871631809632
nyudepth,no_sharing,158.7898,9761.9159,4848.0696,45.0135,0.0029,48.0249,4381.6864,4913.8463,1775442871631809632
nyudepth,no_sharing,158.793,9758.6763,4848.0696,45.0135,0.0029,48.0249,4378.4416,4910.6066,1775442871631809632
nyudepth,no_sharing,158.7985,9753.195,4848.0696,45.0135,0.0029,48.0249,4372.9546,4905.1254,1775442871631809632
nyudepth,no_sharing,158.8065,9745.2214,4848.0696,45.0135,0.0029,48.0249,4364.9755,4897.1517,1775442871631809632
nyudepth,no_sharing,158.8199,9731.8013,4848.0696,45.0135,0.0029,48.0249,4351.5501,4883.7316,1775442871631809632
nyudepth,no_sharing,158.9062,9645.5045,4848.0696,45.0135,0.0029,48.0249,4265.2478,4797.4348,1775442871631809632
nyudepth,no_sharing,159.0836,9484.2503,4848.0696,45.0135,0.0029,48.0249,4087.8742,4636.1807,1775442871631809632
nyudepth,no_sharing,159.0948,9473.0537,4848.0696,45.0135,0.0029,48.0249,4076.6671,4624.984,1775442871631809632
nyudepth,no_sharing,159.0969,9471.0171,4848.0696,45.0135,0.0029,48.0249,4074.6238,4622.9475,1775442871631809632
nyudepth,no_sharing,159.1087,9459.1422,4848.0696,45.0135,0.0029,48.0249,4062.7427,4611.0726,1775442871631809632
nyudepth,no_sharing,159.1657,9402.2059,4848.0696,45.0135,0.0029,48.0249,4005.8012,4554.1363,1775442871631809632
nyudepth,no_sharing,159.2504,9317.5216,4848.0696,45.0135,0.0029,48.0249,3921.1116,4469.4519,1775442871631809632
nyudepth,no_sharing,159.2751,9292.7854,4848.0696,45.0135,0.0029,48.0249,3896.3697,4444.7158,1775442871631809632
nyudepth,no_sharing,159.2991,9268.8193,4848.0696,45.0135,0.0029,48.0249,3872.3979,4420.7497,1775442871631809632
nyudepth,no_sharing,159.3418,9226.156,4848.0696,45.0135,0.0029,48.0249,3829.7298,4378.0864,1775442871631809632
nyudepth,no_sharing,159.4024,9165.5166,4848.0696,45.0135,0.0029,48.0249,3769.0856,4317.447,1775442871631809632
nyudepth,no_sharing,159.4411,9126.8563,4848.0696,45.0135,0.0029,48.0249,3730.4204,4278.7867,1775442871631809632
nyudepth,no_sharing,159.4416,9126.3161,4848.0696,45.0135,0.0029,48.0249,3729.8746,4278.2464,1775442871631809632
nyudepth,no_sharing,159.6301,8937.8803,4848.0696,45.0135,0.0029,48.0249,3541.4336,4089.8106,1775442871631809632
nyudepth,no_sharing,159.6528,8915.1359,4848.0696,45.0135,0.0029,48.0249,3518.6839,4067.0662,1775442871631809632
nyudepth,no_sharing,159.6828,8885.1345,4848.0696,45.0135,0.0029,48.0249,3488.6777,4037.0648,1775442871631809632
nyudepth,no_sharing,159.6877,8880.2359,4848.0696,45.0135,0.0029,48.0249,3483.7742,4032.1663,1775442871631809632
nyudepth,no_sharing,159.6904,8877.5847,4848.0696,45.0135,0.0029,48.0249,3481.118,4029.515,1775442871631809632
nyudepth,no_sharing,159.6936,8874.3269,4848.0696,45.0135,0.0029,48.0249,3477.8547,4026.2573,1775442871631809632
nyudepth,no_sharing,159.7293,8838.6908,4848.0696,45.0135,0.0029,48.0249,3442.2131,3990.6211,1775442871631809632
nyudepth,no_sharing,159.7324,8835.6166,4848.0696,45.0135,0.0029,48.0249,3439.1325,3987.5469,1775442871631809632
nyudepth,no_sharing,159.8819,8686.0726,4848.0696,45.0135,0.0029,48.0249,3289.583,3838.0029,1775442871631809632
nyudepth,no_sharing,159.9138,8654.1455,4848.0696,45.0135,0.0029,48.0249,3257.6509,3806.0758,1775442871631809632
nyudepth,no_sharing,159.9437,8624.2707,4848.0696,45.0135,0.0029,48.0249,3227.7696,3776.201,1775442871631809632
nyudepth,no_sharing,160.0336,8534.3709,4848.0696,45.0135,0.0029,48.0249,3137.8639,3686.3013,1775442871631809632
nyudepth,no_sharing,160.0635,8504.5011,4848.0696,45.0135,0.0029,48.0249,3107.9881,3656.4315,1775442871631809632
nyudepth,no_sharing,160.0727,8495.2683,4848.0696,45.0135,0.0029,48.0249,3098.7504,3647.1987,1775442871631809632
nyudepth,no_sharing,160.1265,8441.5612,4848.0696,45.0135,0.0029,48.0249,3045.038,3593.4916,1775442871631809632
nyudepth,no_sharing,160.1265,8441.5536,4848.0696,45.0135,0.0029,48.0249,3045.0256,3593.4839,1775442871631809632
nyudepth,no_sharing,160.1328,8435.2717,4848.0696,45.0135,0.0029,48.0249,3038.7387,3587.2021,1775442871631809632
nyudepth,no_sharing,160.1758,8392.194,4848.0696,45.0135,0.0029,48.0249,2995.656,3544.1244,1775442871631809632
nyudepth,no_sharing,160.1758,8392.185,4848.0696,45.0135,0.0029,48.0249,2995.6419,3544.1153,1775442871631809632
nyudepth,no_sharing,160.2142,8353.8017,4848.0696,45.0135,0.0029,48.0249,2957.2525,3505.7321,1775442871631809632
nyudepth,no_sharing,160.3095,8258.5013,4848.0696,45.0135,0.0029,48.0249,2861.9468,3410.4316,1775442871631809632
nyudepth,no_sharing,160.5231,8044.9636,4848.0696,45.0135,0.0029,48.0249,2648.4034,3196.894,1775442871631809632
nyudepth,no_sharing,160.5954,7972.6245,4848.0696,45.0135,0.0029,48.0249,2576.0584,3124.5549,1775442871631809632
nyudepth,no_sharing,160.6061,7961.9827,4848.0696,45.0135,0.0029,48.0249,2565.4123,3113.9131,1775442871631809632
nyudepth,no_sharing,160.6257,7942.3368,4848.0696,45.0135,0.0029,48.0249,2545.7618,3094.2672,1775442871631809632
nyudepth,no_sharing,160.6413,7926.723,4848.0696,45.0135,0.0029,48.0249,2530.1433,3078.6534,1775442871631809632
nyudepth,no_sharing,160.657,7911.0849,4848.0696,45.0135,0.0029,48.0249,2514.5009,3063.0152,1775442871631809632
nyudepth,no_sharing,160.7109,7857.1377,4848.0696,45.0135,0.0029,48.0249,2460.5484,3009.068,1775442871631809632
nyudepth,no_sharing,160.8023,7765.7743,4848.0696,45.0135,0.0029,48.0249,2369.1795,2917.7046,1775442871631809632
nyudepth,no_sharing,160.823,7751.6327,4848.0696,45.0135,0.0029,48.0249,2348.5055,2903.563,1775442871631809632
nyudepth,no_sharing,160.823,7751.6446,4848.0696,45.0135,0.0029,48.0249,2348.4931,2903.575,1775442871631809632
nyudepth,no_sharing,160.8396,7735.0893,4848.0696,45.0135,0.0029,48.0249,2331.9232,2887.0197,1775442871631809632
nyudepth,no_sharing,160.8751,7699.573,4848.0696,45.0135,0.0029,48.0249,2296.3912,2851.5034,1775442871631809632
nyudepth,no_sharing,160.8872,7687.4528,4848.0696,45.0135,0.0029,48.0249,2284.2588,2839.3831,1775442871631809632
nyudepth,no_sharing,160.9082,12455.6234,4789.898,47.2558,0.003,47.4185,7403.3618,7665.7254,1775442876771847912
nyudepth,no_sharing,160.9919,12371.8734,4789.898,47.2558,0.003,47.4185,7319.6027,7581.9754,1775442876771847912
nyudepth,no_sharing,161.0068,12357.0452,4789.898,47.2558,0.003,47.4185,7304.7569,7567.1471,1775442876771847912
nyudepth,no_sharing,161.0377,12326.0922,4789.898,47.2558,0.003,47.4185,7273.7961,7536.1942,1775442876771847912
nyudepth,no_sharing,161.0719,12291.9219,4789.898,47.2558,0.003,47.4185,7239.6076,7502.0238,1775442876771847912
nyudepth,no_sharing,161.1608,12203.0292,4789.898,47.2558,0.003,47.4185,7150.6977,7413.1311,1775442876771847912
nyudepth,no_sharing,161.1847,12179.1785,4789.898,47.2558,0.003,47.4185,7126.8384,7389.2804,1775442876771847912
nyudepth,no_sharing,161.2244,12139.4606,4789.898,47.2558,0.003,47.4185,7087.1043,7349.5625,1775442876771847912
nyudepth,no_sharing,161.2444,12119.5343,4789.898,47.2558,0.003,47.4185,7067.1608,7329.6362,1775442876771847912
nyudepth,no_sharing,161.2662,12097.697,4789.898,47.2558,0.003,47.4185,7045.3072,7307.799,1775442876771847912
nyudepth,no_sharing,161.4915,11872.4191,4789.898,47.2558,0.003,47.4185,6820.0204,7082.5211,1775442876771847912
nyudepth,no_sharing,161.5241,11839.8156,4789.898,47.2558,0.003,47.4185,6787.4012,7049.9176,1775442876771847912
nyudepth,no_sharing,161.7072,11656.7843,4789.898,47.2558,0.003,47.4185,6604.353,6866.8863,1775442876771847912
nyudepth,no_sharing,161.7348,11629.1344,4789.898,47.2558,0.003,47.4185,6576.695,6839.2364,1775442876771847912
nyudepth,no_sharing,161.7379,11626.1322,4789.898,47.2558,0.003,47.4185,6573.6756,6836.2342,1775442876771847912
nyudepth,no_sharing,161.7425,11621.4874,4789.898,47.2558,0.003,47.4185,6569.0219,6831.5894,1775442876771847912
nyudepth,no_sharing,161.7444,11619.6153,4789.898,47.2558,0.003,47.4185,6567.1322,6829.7173,1775442876771847912
nyudepth,no_sharing,161.7947,11569.2985,4789.898,47.2558,0.003,47.4185,6516.8002,6779.4005,1775442876771847912
nyudepth,no_sharing,161.8341,11928.2944,4789.898,47.2558,0.003,47.4185,6477.3996,7138.3964,1775442876771847912
nyudepth,no_sharing,161.8459,11916.5733,4789.898,47.2558,0.003,47.4185,6465.6706,7126.6753,1775442876771847912
nyudepth,no_sharing,161.9066,11855.8829,4789.898,47.2558,0.003,47.4185,6404.9633,7065.9849,1775442876771847912
nyudepth,no_sharing,161.9864,11776.0849,4789.898,47.2558,0.003,47.4185,6325.1567,6986.1869,1775442876771847912
nyudepth,no_sharing,162.026,11736.4244,4789.898,47.2558,0.003,47.4185,6285.4815,6946.5264,1775442876771847912
nyudepth,no_sharing,162.0539,11711.9796,4789.898,47.2558,0.003,47.4185,6257.6206,6922.0816,1775442876771847912
nyudepth,no_sharing,162.0723,11693.5587,4789.898,47.2558,0.003,47.4185,6239.1908,6903.6607,1775442876771847912
nyudepth,no_sharing,162.084,11681.8676,4789.898,47.2558,0.003,47.4185,6227.4849,6891.9696,1775442876771847912
nyudepth,no_sharing,162.1159,11649.9877,4789.898,47.2558,0.003,47.4185,6195.5895,6860.0897,1775442876771847912
nyudepth,no_sharing,162.1615,11604.4164,4789.898,47.2558,0.003,47.4185,6150.0108,6814.5183,1775442876771847912
nyudepth,no_sharing,162.1934,11572.5665,4789.898,47.2558,0.003,47.4185,6118.1474,6782.6685,1775442876771847912
nyudepth,no_sharing,162.229,11536.9413,4789.898,47.2558,0.003,47.4185,6082.5078,6747.0433,1775442876771847912
nyudepth,no_sharing,162.3996,11366.3611,4789.898,47.2558,0.003,47.4185,5911.921,6576.4631,1775442876771847912
nyudepth,no_sharing,162.5322,11233.7599,4789.898,47.2558,0.003,47.4185,5779.3038,6443.8619,1775442876771847912
nyudepth,no_sharing,162.5564,11209.574,4789.898,47.2558,0.003,47.4185,5755.0929,6419.676,1775442876771847912
nyudepth,no_sharing,162.5706,11195.3678,4789.898,47.2558,0.003,47.4185,5740.8791,6405.4698,1775442876771847912
nyudepth,no_sharing,163.1699,10596.1645,4789.898,47.2558,0.003,47.4185,5141.6597,5806.2664,1775442876771847912
nyudepth,no_sharing,163.1699,10596.1466,4789.898,47.2558,0.003,47.4185,5141.6342,5806.2486,1775442876771847912
nyudepth,no_sharing,163.1699,10596.1545,4789.898,47.2558,0.003,47.4185,5141.6259,5806.2564,1775442876771847912
nyudepth,no_sharing,163.1699,10596.1628,4789.898,47.2558,0.003,47.4185,5141.6194,5806.2648,1775442876771847912
nyudepth,no_sharing,163.1699,10596.1645,4789.898,47.2558,0.003,47.4185,5141.6132,5806.2664,1775442876771847912
nyudepth,no_sharing,163.5098,10256.3353,4789.898,47.2558,0.003,47.4185,4801.7673,5466.4372,1775442876771847912
nyudepth,no_sharing,163.5098,10256.3441,4789.898,47.2558,0.003,47.4185,4801.7597,5466.4461,1775442876771847912
nyudepth,no_sharing,163.5098,10256.3467,4789.898,47.2558,0.003,47.4185,4801.7545,5466.4487,1775442876771847912
nyudepth,no_sharing,163.5098,10256.3553,4789.898,47.2558,0.003,47.4185,4801.749,5466.4573,1775442876771847912
nyudepth,no_sharing,163.5098,10256.3639,4789.898,47.2558,0.003,47.4185,4801.7418,5466.4658,1775442876771847912
nyudepth,no_sharing,163.579,10187.1796,4789.898,47.2558,0.003,47.4185,4732.549,5397.2815,1775442876771847912
nyudepth,no_sharing,163.6282,10137.9282,4789.898,47.2558,0.003,47.4185,4683.2824,5348.0302,1775442876771847912
nyudepth,no_sharing,163.6457,10120.4736,4789.898,47.2558,0.003,47.4185,4665.8201,5330.5756,1775442876771847912
nyudepth,no_sharing,163.7004,10065.7687,4789.898,47.2558,0.003,47.4185,4611.1078,5275.8707,1775442876771847912
nyudepth,no_sharing,163.7617,10004.5178,4789.898,47.2558,0.003,47.4185,4549.849,5214.6198,1775442876771847912
nyudepth,no_sharing,163.9424,9823.7708,4789.898,47.2558,0.003,47.4185,4369.0944,5033.8727,1775442876771847912
nyudepth,no_sharing,163.9481,9818.0652,4789.898,47.2558,0.003,47.4185,4363.3819,5028.1671,1775442876771847912
nyudepth,no_sharing,163.9787,9787.5304,4789.898,47.2558,0.003,47.4185,4332.8395,4997.6324,1775442876771847912
nyudepth,no_sharing,163.9914,9774.823,4789.898,47.2558,0.003,47.4185,4320.1241,4984.9249,1775442876771847912
nyudepth,no_sharing,164.0074,9758.8296,4789.898,47.2558,0.003,47.4185,4304.1236,4968.9316,1775442876771847912
nyudepth,no_sharing,164.1498,9616.432,4789.898,47.2558,0.003,47.4185,4161.7196,4826.5339,1775442876771847912
nyudepth,no_sharing,164.1523,9613.9023,4789.898,47.2558,0.003,47.4185,4159.1825,4824.0043,1775442876771847912
nyudepth,no_sharing,164.2323,9533.9735,4789.898,47.2558,0.003,47.4185,4079.2465,4744.0754,1775442876771847912
nyudepth,no_sharing,164.3942,9372.052,4789.898,47.2558,0.003,47.4185,3917.3183,4582.1539,1775442876771847912
nyudepth,no_sharing,164.3964,9369.8268,4789.898,47.2558,0.003,47.4185,3915.086,4579.9288,1775442876771847912
nyudepth,no_sharing,164.4089,9357.3723,4789.898,47.2558,0.003,47.4185,3902.6253,4567.4743,1775442876771847912
nyudepth,no_sharing,164.4296,9336.6652,4789.898,47.2558,0.003,47.4185,3881.9108,4546.7671,1775442876771847912
nyudepth,no_sharing,164.4356,9330.7288,4789.898,47.2558,0.003,47.4185,3875.9665,4540.8307,1775442876771847912
nyudepth,no_sharing,164.4403,9326.0448,4789.898,47.2558,0.003,47.4185,3871.2766,4536.1468,1775442876771847912
nyudepth,no_sharing,164.4529,9313.4408,4789.898,47.2558,0.003,47.4185,3858.6659,4523.5428,1775442876771847912
nyudepth,no_sharing,164.4642,9302.1131,4789.898,47.2558,0.003,47.4185,3847.3318,4512.215,1775442876771847912
nyudepth,no_sharing,164.5186,9247.7312,4789.898,47.2558,0.003,47.4185,3792.9437,4457.8332,1775442876771847912
nyudepth,no_sharing,164.5748,9191.5011,4789.898,47.2558,0.003,47.4185,3736.7067,4401.6031,1775442876771847912
nyudepth,no_sharing,164.6323,9134.0382,4789.898,47.2558,0.003,47.4185,3679.2374,4344.1402,1775442876771847912
nyudepth,no_sharing,164.7693,8997.0551,4789.898,47.2558,0.003,47.4185,3542.2466,4207.157,1775442876771847912
nyudepth,no_sharing,164.774,8992.3916,4789.898,47.2558,0.003,47.4185,3537.5764,4202.4936,1775442876771847912
nyudepth,no_sharing,164.8076,8958.7691,4789.898,47.2558,0.003,47.4185,3503.9465,4168.8711,1775442876771847912
nyudepth,no_sharing,164.8365,8929.8563,4789.898,47.2558,0.003,47.4185,3475.0271,4139.9583,1775442876771847912
nyudepth,no_sharing,164.9812,8785.1295,4789.898,47.2558,0.003,47.4185,3330.2929,3995.2315,1775442876771847912
nyudepth,no_sharing,164.9919,8774.4894,4789.898,47.2558,0.003,47.4185,3319.6459,3984.5914,1775442876771847912
nyudepth,no_sharing,165.0592,8707.1702,4789.898,47.2558,0.003,47.4185,3252.3203,3917.2722,1775442876771847912
nyudepth,no_sharing,165.0699,8696.5208,4789.898,47.2558,0.003,47.4185,3241.6635,3906.6228,1775442876771847912
nyudepth,no_sharing,165.0735,8692.8501,4789.898,47.2558,0.003,47.4185,3237.9847,3902.9521,1775442876771847912
nyudepth,no_sharing,165.1213,8645.0849,4789.898,47.2558,0.003,47.4185,3190.2118,3855.1868,1775442876771847912
nyudepth,no_sharing,165.1676,8598.8269,4789.898,47.2558,0.003,47.4185,3143.9464,3808.9289,1775442876771847912
nyudepth,no_sharing,165.3255,8440.8855,4789.898,47.2558,0.003,47.4185,2985.9977,3650.9875,1775442876771847912
nyudepth,no_sharing,165.3312,8435.2365,4789.898,47.2558,0.003,47.4185,2980.3421,3645.3384,1775442876771847912
nyudepth,no_sharing,165.3531,8413.3382,4789.898,47.2558,0.003,47.4185,2958.4374,3623.4402,1775442876771847912
nyudepth,no_sharing,165.4724,8294.0347,4789.898,47.2558,0.003,47.4185,2839.1271,3504.1367,1775442876771847912
nyudepth,no_sharing,165.5158,8250.6142,4789.898,47.2558,0.003,47.4185,2795.6991,3460.7161,1775442876771847912
nyudepth,no_sharing,165.5887,8177.7847,4789.898,47.2558,0.003,47.4185,2722.8632,3387.8867,1775442876771847912
nyudepth,no_sharing,165.5928,8173.6915,4789.898,47.2558,0.003,47.4185,2718.7634,3383.7935,1775442876771847912
nyudepth,no_sharing,165.5934,8173.0194,4789.898,47.2558,0.003,47.4185,2718.0839,3383.1214,1775442876771847912
nyudepth,no_sharing,165.6261,8140.3437,4789.898,47.2558,0.003,47.4185,2685.4017,3350.4456,1775442876771847912
nyudepth,no_sharing,165.6461,8120.3458,4789.898,47.2558,0.003,47.4185,2665.3969,3330.4478,1775442876771847912
nyudepth,no_sharing,165.6998,8066.72,4789.898,47.2558,0.003,47.4185,2611.7642,3276.822,1775442876771847912
nyudepth,no_sharing,165.7807,7985.8232,4789.898,47.2558,0.003,47.4185,2530.8609,3195.9251,1775442876771847912
nyudepth,no_sharing,165.9049,7861.6111,4789.898,47.2558,0.003,47.4185,2406.642,3071.7131,1775442876771847912
nyudepth,no_sharing,166.0327,7733.7611,4789.898,47.2558,0.003,47.4185,2278.785,2943.863,1775442876771847912
nyudepth,no_sharing,166.093,7673.5194,4789.898,47.2558,0.003,47.4185,2218.5359,2883.6213,1775442876771847912
nyudepth,no_sharing,166.0976,7668.9181,4789.898,47.2558,0.003,47.4185,2213.9289,2879.0201,1775442876771847912
nyudepth,no_sharing,166.1172,7649.3185,4789.898,47.2558,0.003,47.4185,2194.3228,2859.4204,1775442876771847912
nyudepth,no_sharing,166.1559,7610.6699,4789.898,47.2558,0.003,47.4185,2155.668,2820.7718,1775442876771847912
nyudepth,no_sharing,166.2967,7469.7883,4789.898,47.2558,0.003,47.4185,2014.7786,2679.8903,1775442876771847912
nyudepth,no_sharing,166.2968,7469.7804,4789.898,47.2558,0.003,47.4185,2014.7648,2679.8824,1775442876771847912
nyudepth,no_sharing,166.3759,7390.6844,4789.898,47.2558,0.003,47.4185,1935.6616,2600.7863,1775442876771847912
nyudepth,no_sharing,166.3917,12018.7602,4840.5089,44.4181,0.0031,47.9551,6948.2925,7178.2513,1775442881800274666
nyudepth,no_sharing,166.3993,12011.106,4840.5089,44.4181,0.0031,47.9551,6940.6195,7170.5971,1775442881800274666
nyudepth,no_sharing,166.406,12004.5083,4840.5089,44.4181,0.0031,47.9551,6934.005,7163.9994,1775442881800274666
nyudepth,no_sharing,166.4316,11978.9262,4840.5089,44.4181,0.0031,47.9551,6908.3989,7138.4173,1775442881800274666
nyudepth,no_sharing,166.5547,11855.7701,4840.5089,44.4181,0.0031,47.9551,6785.219,7015.2612,1775442881800274666
nyudepth,no_sharing,166.6157,11794.8387,4840.5089,44.4181,0.0031,47.9551,6724.2706,6954.3298,1775442881800274666
nyudepth,no_sharing,166.7084,11702.1692,4840.5089,44.4181,0.0031,47.9551,6631.5746,6861.6603,1775442881800274666
nyudepth,no_sharing,166.7556,11879.8671,4840.5089,44.4181,0.0031,47.9551,6584.3303,7039.3582,1775442881800274666
nyudepth,no_sharing,166.79,11845.5305,4840.5089,44.4181,0.0031,47.9551,6549.9754,7005.0216,1775442881800274666
nyudepth,no_sharing,167.0567,11578.8631,4840.5089,44.4181,0.0031,47.9551,6283.2808,6738.3542,1775442881800274666
nyudepth,no_sharing,167.1472,11488.333,4840.5089,44.4181,0.0031,47.9551,6192.7338,6647.8241,1775442881800274666
nyudepth,no_sharing,167.2621,11373.4956,4840.5089,44.4181,0.0031,47.9551,6077.8692,6532.9867,1775442881800274666
nyudepth,no_sharing,167.2621,11373.4989,4840.5089,44.4181,0.0031,47.9551,6077.8561,6532.99,1775442881800274666
nyudepth,no_sharing,167.2645,11371.0904,4840.5089,44.4181,0.0031,47.9551,6075.4223,6530.5815,1775442881800274666
nyudepth,no_sharing,167.3125,11323.1471,4840.5089,44.4181,0.0031,47.9551,6027.4634,6482.6382,1775442881800274666
nyudepth,no_sharing,167.4291,11344.4905,4840.5089,44.4181,0.0031,47.9551,5910.8553,6503.9816,1775442881800274666
nyudepth,no_sharing,167.4937,11279.8674,4840.5089,44.4181,0.0031,47.9551,5846.2138,6439.3585,1775442881800274666
nyudepth,no_sharing,167.4938,11279.8808,4840.5089,44.4181,0.0031,47.9551,5846.2005,6439.3719,1775442881800274666
nyudepth,no_sharing,167.5629,11210.7413,4840.5089,44.4181,0.0031,47.9551,5777.0455,6370.2324,1775442881800274666
nyudepth,no_sharing,167.6436,11130.0759,4840.5089,44.4181,0.0031,47.9551,5696.3556,6289.567,1775442881800274666
nyudepth,no_sharing,167.8612,10912.513,4840.5089,44.4181,0.0031,47.9551,5478.776,6072.0041,1775442881800274666
nyudepth,no_sharing,167.8612,10912.5404,4840.5089,44.4181,0.0031,47.9551,5478.7617,6072.0315,1775442881800274666
nyudepth,no_sharing,167.8654,10908.3965,4840.5089,44.4181,0.0031,47.9551,5474.6027,6067.8876,1775442881800274666
nyudepth,no_sharing,167.9745,10799.2661,4840.5089,44.4181,0.0031,47.9551,5365.4575,5958.7572,1775442881800274666
nyudepth,no_sharing,168.0515,10722.2466,4840.5089,44.4181,0.0031,47.9551,5288.4154,5881.7378,1775442881800274666
nyudepth,no_sharing,168.0516,10722.249,4840.5089,44.4181,0.0031,47.9551,5288.4021,5881.7401,1775442881800274666
nyudepth,no_sharing,168.4411,10332.7429,4840.5089,44.4181,0.0031,47.9551,4898.8719,5492.234,1775442881800274666
nyudepth,no_sharing,168.4411,10332.7463,4840.5089,44.4181,0.0031,47.9551,4898.8504,5492.2374,1775442881800274666
nyudepth,no_sharing,168.4411,10332.757,4840.5089,44.4181,0.0031,47.9551,4898.845,5492.2481,1775442881800274666
nyudepth,no_sharing,168.4411,10332.7756,4840.5089,44.4181,0.0031,47.9551,4898.8402,5492.2667,1775442881800274666
nyudepth,no_sharing,168.4411,10332.7794,4840.5089,44.4181,0.0031,47.9551,4898.8361,5492.2705,1775442881800274666
nyudepth,no_sharing,168.4411,10332.7832,4840.5089,44.4181,0.0031,47.9551,4898.8321,5492.2743,1775442881800274666
nyudepth,no_sharing,168.4411,10332.7873,4840.5089,44.4181,0.0031,47.9551,4898.8283,5492.2784,1775442881800274666
nyudepth,no_sharing,168.5745,10199.4591,4840.5089,44.4181,0.0031,47.9551,4765.4917,5358.9502,1775442881800274666
nyudepth,no_sharing,168.5745,10199.4348,4840.5089,44.4181,0.0031,47.9551,4765.4593,5358.9259,1775442881800274666
nyudepth,no_sharing,168.6211,10152.8218,4840.5089,44.4181,0.0031,47.9551,4718.8373,5312.3129,1775442881800274666
nyudepth,no_sharing,168.7324,10041.5502,4840.5089,44.4181,0.0031,47.9551,4607.5568,5201.0413,1775442881800274666
nyudepth,no_sharing,168.779,9994.9141,4840.5089,44.4181,0.0031,47.9551,4560.9126,5154.4052,1775442881800274666
nyudepth,no_sharing,168.8323,9941.6413,4840.5089,44.4181,0.0031,47.9551,4507.632,5101.1324,1775442881800274666
nyudepth,no_sharing,168.8636,9910.3866,4840.5089,44.4181,0.0031,47.9551,4476.3689,5069.8777,1775442881800274666
nyudepth,no_sharing,168.973,9800.9737,4840.5089,44.4181,0.0031,47.9551,4366.9481,4960.4648,1775442881800274666
nyudepth,no_sharing,169.203,9571.0146,4840.5089,44.4181,0.0031,47.9551,4136.981,4730.5057,1775442881800274666
nyudepth,no_sharing,169.2286,9545.378,4840.5089,44.4181,0.0031,47.9551,4111.3362,4704.8691,1775442881800274666
nyudepth,no_sharing,169.2913,9482.7192,4840.5089,44.4181,0.0031,47.9551,4048.6701,4642.2103,1775442881800274666
nyudepth,no_sharing,169.303,9471.0519,4840.5089,44.4181,0.0031,47.9551,4036.9947,4630.543,1775442881800274666
nyudepth,no_sharing,169.3476,9426.4264,4840.5089,44.4181,0.0031,47.9551,3992.3623,4585.9175,1775442881800274666
nyudepth,no_sharing,169.42,9447.2568,4840.5089,44.4181,0.0031,47.9551,3919.9824,4606.7479,1775442881800274666
nyudepth,no_sharing,169.4373,9429.9724,4840.5089,44.4181,0.0031,47.9551,3902.6866,4589.4635,1775442881800274666
nyudepth,no_sharing,169.4691,9398.175,4840.5089,44.4181,0.0031,47.9551,3870.8813,4557.6661,1775442881800274666
nyudepth,no_sharing,169.6359,9231.359,4840.5089,44.4181,0.0031,47.9551,3704.057,4390.8501,1775442881800274666
nyudepth,no_sharing,169.6359,9231.3519,4840.5089,44.4181,0.0031,47.9551,3704.0429,4390.843,1775442881800274666
nyudepth,no_sharing,169.7491,9118.1448,4840.5089,44.4181,0.0031,47.9551,3590.8291,4277.6359,1775442881800274666
nyudepth,no_sharing,169.9286,8938.6802,4840.5089,44.4181,0.0031,47.9551,3411.3579,4098.1713,1775442881800274666
nyudepth,no_sharing,169.9847,8882.5371,4840.5089,44.4181,0.0031,47.9551,3355.2077,4042.0282,1775442881800274666
nyudepth,no_sharing,170.038,8829.2429,4840.5089,44.4181,0.0031,47.9551,3301.9059,3988.7341,1775442881800274666
nyudepth,no_sharing,170.0658,8801.481,4840.5089,44.4181,0.0031,47.9551,3274.1365,3960.9721,1775442881800274666
nyudepth,no_sharing,170.1725,8694.7825,4840.5089,44.4181,0.0031,47.9551,3167.4309,3854.2736,1775442881800274666
nyudepth,no_sharing,170.2269,8640.3837,4840.5089,44.4181,0.0031,47.9551,3113.0252,3799.8748,1775442881800274666
nyudepth,no_sharing,170.2709,8596.3919,4840.5089,44.4181,0.0031,47.9551,3069.0262,3755.883,1775442881800274666
nyudepth,no_sharing,170.3054,8561.8961,4840.5089,44.4181,0.0031,47.9551,3034.5232,3721.3872,1775442881800274666
nyudepth,no_sharing,170.3633,8504.0135,4840.5089,44.4181,0.0031,47.9551,2976.6333,3663.5046,1775442881800274666
nyudepth,no_sharing,170.3633,8504.0066,4840.5089,44.4181,0.0031,47.9551,2976.6197,3663.4977,1775442881800274666
nyudepth,no_sharing,170.3836,8483.7925,4840.5089,44.4181,0.0031,47.9551,2956.3982,3643.2836,1775442881800274666
nyudepth,no_sharing,170.423,8444.3476,4840.5089,44.4181,0.0031,47.9551,2916.9464,3603.8387,1775442881800274666
nyudepth,no_sharing,170.4666,8400.7466,4840.5089,44.4181,0.0031,47.9551,2873.3375,3560.2377,1775442881800274666
nyudepth,no_sharing,170.4983,8369.1077,4840.5089,44.4181,0.0031,47.9551,2841.6924,3528.5988,1775442881800274666
nyudepth,no_sharing,170.61,8257.4217,4840.5089,44.4181,0.0031,47.9551,2729.9988,3416.9128,1775442881800274666
nyudepth,no_sharing,170.6683,8199.1103,4840.5089,44.4181,0.0031,47.9551,2671.6802,3358.6014,1775442881800274666
nyudepth,no_sharing,170.7159,8151.4738,4840.5089,44.4181,0.0031,47.9551,2624.0363,3310.9649,1775442881800274666
nyudepth,no_sharing,170.8852,7982.1858,4840.5089,44.4181,0.0031,47.9551,2454.74,3141.6769,1775442881800274666
nyudepth,no_sharing,170.9876,7879.8368,4840.5089,44.4181,0.0031,47.9551,2352.3834,3039.3279,1775442881800274666
nyudepth,no_sharing,171.1079,7759.5406,4840.5089,44.4181,0.0031,47.9551,2232.079,2919.0317,1775442881800274666
nyudepth,no_sharing,171.2031,7664.3238,4840.5089,44.4181,0.0031,47.9551,2136.8551,2823.8149,1775442881800274666
nyudepth,no_sharing,171.2657,7601.701,4840.5089,44.4181,0.0031,47.9551,2074.2257,2761.1921,1775442881800274666
nyudepth,no_sharing,171.3435,7523.9444,4840.5089,44.4181,0.0031,47.9551,1996.4621,2683.4355,1775442881800274666
nyudepth,no_sharing,171.3661,7501.3199,4840.5089,44.4181,0.0031,47.9551,1973.8309,2660.811,1775442881800274666
nyudepth,no_sharing,171.3754,7492.0807,4840.5089,44.4181,0.0031,47.9551,1964.5855,2651.5718,1775442881800274666
nyudepth,no_sharing,171.442,7425.4093,4840.5089,44.4181,0.0031,47.9551,1897.9084,2584.9004,1775442881800274666
nyudepth,no_sharing,171.4482,7422.6758,4840.5089,44.4181,0.0031,47.9551,1891.7944,2582.167,1775442881800274666
nyudepth,no_sharing,171.5004,7370.4929,4840.5089,44.4181,0.0031,47.9551,1839.5934,2529.984,1775442881800274666
nyudepth,no_sharing,171.5031,7367.7697,4840.5089,44.4181,0.0031,47.9551,1836.8595,2527.2608,1775442881800274666
nyudepth,no_sharing,171.5569,7314.0228,4840.5089,44.4181,0.0031,47.9551,1783.1037,2473.5139,1775442881800274666
nyudepth,no_sharing,171.5648,7306.0429,4840.5089,44.4181,0.0031,47.9551,1775.115,2465.534,1775442881800274666
nyudepth,no_sharing,171.5935,7277.3809,4840.5089,44.4181,0.0031,47.9551,1746.444,2436.872,1775442881800274666
nyudepth,no_sharing,171.6098,7261.0779,4840.5089,44.4181,0.0031,47.9551,1730.1323,2420.569,1775442881800274666
nyudepth,no_sharing,171.6432,7227.6723,4840.5089,44.4181,0.0031,47.9551,1696.718,2387.1634,1775442881800274666
nyudepth,no_sharing,171.6685,7202.4343,4840.5089,44.4181,0.0031,47.9551,1671.4711,2361.9254,1775442881800274666
nyudepth,no_sharing,171.6741,7196.8036,4840.5089,44.4181,0.0031,47.9551,1665.8316,2356.2947,1775442881800274666
nyudepth,no_sharing,171.6807,7190.1901,4840.5089,44.4181,0.0031,47.9551,1659.2102,2349.6812,1775442881800274666
nyudepth,no_sharing,171.6834,7187.5579,4840.5089,44.4181,0.0031,47.9551,1656.569,2347.049,1775442881800274666
nyudepth,no_sharing,171.7203,7150.692,4840.5089,44.4181,0.0031,47.9551,1619.694,2310.1831,1775442881800274666
nyudepth,no_sharing,171.7249,7146.0629,4840.5089,44.4181,0.0031,47.9551,1615.0553,2305.554,1775442881800274666
nyudepth,no_sharing,171.7451,7125.8438,4840.5089,44.4181,0.0031,47.9551,1594.8269,2285.3349,1775442881800274666
nyudepth,no_sharing,171.7647,7106.2369,4840.5089,44.4181,0.0031,47.9551,1575.2103,2265.728,1775442881800274666
nyudepth,no_sharing,171.7865,7084.4903,4840.5089,44.4181,0.0031,47.9551,1553.4551,2243.9814,1775442881800274666
nyudepth,no_sharing,171.8277,7043.2892,4840.5089,44.4181,0.0031,47.9551,1512.2449,2202.7803,1775442881800274666
nyudepth,no_sharing,171.8423,7028.688,4840.5089,44.4181,0.0031,47.9551,1497.6344,2188.1791,1775442881800274666
nyudepth,no_sharing,171.865,7006.0554,4840.5089,44.4181,0.0031,47.9551,1474.9918,2165.5465,1775442881800274666
nyudepth,no_sharing,172.1018,6769.2547,4840.5089,44.4181,0.0031,47.9551,1238.1818,1928.7458,1775442881800274666
nyudepth,no_sharing,172.1941,6676.9345,4840.5089,44.4181,0.0031,47.9551,1145.8523,1836.4256,1775442881800274666
nyudepth,no_sharing,172.3221,11364.9194,4745.0927,52.2749,0.0029,46.9211,6169.2908,6619.8267,1775442886951688764
nyudepth,no_sharing,172.3497,11337.2695,4745.0927,52.2749,0.0029,46.9211,6141.6337,6592.1769,1775442886951688764
nyudepth,no_sharing,172.364,11322.9825,4745.0927,52.2749,0.0029,46.9211,6127.3398,6577.8899,1775442886951688764
nyudepth,no_sharing,172.3997,11287.3335,4745.0927,52.2749,0.0029,46.9211,6091.6839,6542.2408,1775442886951688764
nyudepth,no_sharing,172.4223,11264.7078,4745.0927,52.2749,0.0029,46.9211,6069.0517,6519.6151,1775442886951688764
nyudepth,no_sharing,172.523,11164.0227,4745.0927,52.2749,0.0029,46.9211,5968.3585,6418.93,1775442886951688764
nyudepth,no_sharing,172.6326,11054.4646,4745.0927,52.2749,0.0029,46.9211,5858.7942,6309.3719,1775442886951688764
nyudepth,no_sharing,172.6819,11005.1899,4745.0927,52.2749,0.0029,46.9211,5809.5126,6260.0972,1775442886951688764
nyudepth,no_sharing,172.7155,10971.5695,4745.0927,52.2749,0.0029,46.9211,5775.8861,6226.4768,1775442886951688764
nyudepth,no_sharing,172.7428,10944.2585,4745.0927,52.2749,0.0029,46.9211,5748.569,6199.1658,1775442886951688764
nyudepth,no_sharing,172.7828,10904.3117,4745.0927,52.2749,0.0029,46.9211,5708.6148,6159.219,1775442886951688764
nyudepth,no_sharing,172.7914,10895.6943,4745.0927,52.2749,0.0029,46.9211,5699.9903,6150.6016,1775442886951688764
nyudepth,no_sharing,172.9116,10775.4359,4745.0927,52.2749,0.0029,46.9211,5579.725,6030.3432,1775442886951688764
nyudepth,no_sharing,172.9336,10753.4969,4745.0927,52.2749,0.0029,46.9211,5557.7796,6008.4042,1775442886951688764
nyudepth,no_sharing,172.9936,10693.4783,4745.0927,52.2749,0.0029,46.9211,5497.7546,5948.3857,1775442886951688764
nyudepth,no_sharing,173.3246,10362.4656,4745.0927,52.2749,0.0029,46.9211,5166.7347,5617.3729,1775442886951688764
nyudepth,no_sharing,173.3246,10362.4656,4745.0927,52.2749,0.0029,46.9211,5166.7275,5617.3729,1775442886951688764
nyudepth,no_sharing,173.3246,10362.4661,4745.0927,52.2749,0.0029,46.9211,5166.7228,5617.3734,1775442886951688764
nyudepth,no_sharing,173.7656,9921.4919,4745.0927,52.2749,0.0029,46.9211,4725.7421,5176.3992,1775442886951688764
nyudepth,no_sharing,173.7656,9921.478,4745.0927,52.2749,0.0029,46.9211,4725.7218,5176.3853,1775442886951688764
nyudepth,no_sharing,173.7657,9921.4768,4745.0927,52.2749,0.0029,46.9211,4725.7142,5176.3841,1775442886951688764
nyudepth,no_sharing,173.7657,9921.4756,4745.0927,52.2749,0.0029,46.9211,4725.7073,5176.383,1775442886951688764
nyudepth,no_sharing,173.7657,9921.4761,4745.0927,52.2749,0.0029,46.9211,4725.7018,5176.3834,1775442886951688764
nyudepth,no_sharing,173.7657,9921.4764,4745.0927,52.2749,0.0029,46.9211,4725.6963,5176.3837,1775442886951688764
nyudepth,no_sharing,173.7657,9921.4768,4745.0927,52.2749,0.0029,46.9211,4725.6908,5176.3841,1775442886951688764
nyudepth,no_sharing,173.7657,9921.4773,4745.0927,52.2749,0.0029,46.9211,4725.6854,5176.3846,1775442886951688764
nyudepth,no_sharing,173.7657,9921.4768,4745.0927,52.2749,0.0029,46.9211,4725.6792,5176.3841,1775442886951688764
nyudepth,no_sharing,173.7657,9921.4633,4745.0927,52.2749,0.0029,46.9211,4725.6594,5176.3706,1775442886951688764
nyudepth,no_sharing,173.7657,9921.4618,4745.0927,52.2749,0.0029,46.9211,4725.652,5176.3691,1775442886951688764
nyudepth,no_sharing,173.7657,9921.4616,4745.0927,52.2749,0.0029,46.9211,4725.6463,5176.3689,1775442886951688764
nyudepth,no_sharing,173.7657,9921.4618,4745.0927,52.2749,0.0029,46.9211,4725.6408,5176.3691,1775442886951688764
nyudepth,no_sharing,173.7859,9901.3097,4745.0927,52.2749,0.0029,46.9211,4705.4818,5156.217,1775442886951688764
nyudepth,no_sharing,173.8025,9884.701,4745.0927,52.2749,0.0029,46.9211,4688.8673,5139.6083,1775442886951688764
nyudepth,no_sharing,173.8682,9819.0291,4745.0927,52.2749,0.0029,46.9211,4623.1894,5073.9364,1775442886951688764
nyudepth,no_sharing,173.8698,9817.4045,4745.0927,52.2749,0.0029,46.9211,4621.5589,5072.3118,1775442886951688764
nyudepth,no_sharing,173.9014,9785.7723,4745.0927,52.2749,0.0029,46.9211,4589.9212,5040.6796,1775442886951688764
nyudepth,no_sharing,173.9197,9767.4925,4745.0927,52.2749,0.0029,46.9211,4571.6352,5022.3998,1775442886951688764
nyudepth,no_sharing,173.9991,9688.1714,4745.0927,52.2749,0.0029,46.9211,4492.3077,4943.0787,1775442886951688764
nyudepth,no_sharing,174.112,9575.2354,4745.0927,52.2749,0.0029,46.9211,4379.364,4830.1427,1775442886951688764
nyudepth,no_sharing,174.1671,9520.1867,4745.0927,52.2749,0.0029,46.9211,4324.3091,4775.094,1775442886951688764
nyudepth,no_sharing,174.4449,9242.3093,4745.0927,52.2749,0.0029,46.9211,4046.4251,4497.2166,1775442886951688764
nyudepth,no_sharing,174.4506,9236.6564,4745.0927,52.2749,0.0029,46.9211,4040.7665,4491.5637,1775442886951688764
nyudepth,no_sharing,174.4983,9188.9977,4745.0927,52.2749,0.0029,46.9211,3993.1021,4443.9051,1775442886951688764
nyudepth,no_sharing,174.5229,9164.3512,4745.0927,52.2749,0.0029,46.9211,3968.4501,4419.2585,1775442886951688764
nyudepth,no_sharing,174.5666,9120.7201,4745.0927,52.2749,0.0029,46.9211,3924.8137,4375.6275,1775442886951688764
nyudepth,no_sharing,174.5785,9108.7797,4745.0927,52.2749,0.0029,46.9211,3912.8666,4363.687,1775442886951688764
nyudepth,no_sharing,174.6544,9032.886,4745.0927,52.2749,0.0029,46.9211,3836.967,4287.7933,1775442886951688764
nyudepth,no_sharing,174.7271,8960.2025,4745.0927,52.2749,0.0029,46.9211,3764.2784,4215.1098,1775442886951688764
nyudepth,no_sharing,174.7489,8938.4325,4745.0927,52.2749,0.0029,46.9211,3742.5029,4193.3398,1775442886951688764
nyudepth,no_sharing,174.7596,8927.7465,4745.0927,52.2749,0.0029,46.9211,3731.8103,4182.6538,1775442886951688764
nyudepth,no_sharing,174.7973,8890.0249,4745.0927,52.2749,0.0029,46.9211,3694.0827,4144.9322,1775442886951688764
nyudepth,no_sharing,174.8435,8843.8585,4745.0927,52.2749,0.0029,46.9211,3647.9113,4098.7658,1775442886951688764
nyudepth,no_sharing,174.8902,8797.0903,4745.0927,52.2749,0.0029,46.9211,3601.1369,4051.9976,1775442886951688764
nyudepth,no_sharing,174.934,8753.3541,4745.0927,52.2749,0.0029,46.9211,3557.3955,4008.2614,1775442886951688764
nyudepth,no_sharing,174.9446,8742.7261,4745.0927,52.2749,0.0029,46.9211,3546.7622,3997.6334,1775442886951688764
nyudepth,no_sharing,174.9882,8699.1131,4745.0927,52.2749,0.0029,46.9211,3503.1433,3954.0204,1775442886951688764
nyudepth,no_sharing,175.0189,8668.4747,4745.0927,52.2749,0.0029,46.9211,3472.4996,3923.382,1775442886951688764
nyudepth,no_sharing,175.1299,8557.4279,4745.0927,52.2749,0.0029,46.9211,3361.4469,3812.3352,1775442886951688764
nyudepth,no_sharing,175.1299,8639.8549,4745.0927,52.2749,0.0029,46.9211,3361.4328,3894.7622,1775442886951688764
nyudepth,no_sharing,175.1361,8633.6975,4745.0927,52.2749,0.0029,46.9211,3355.2632,3888.6048,1775442886951688764
nyudepth,no_sharing,175.1665,8603.3585,4745.0927,52.2749,0.0029,46.9211,3324.9166,3858.2658,1775442886951688764
nyudepth,no_sharing,175.2097,8560.0722,4745.0927,52.2749,0.0029,46.9211,3281.6238,3814.9795,1775442886951688764
nyudepth,no_sharing,175.2462,8523.5853,4745.0927,52.2749,0.0029,46.9211,3245.1303,3778.4926,1775442886951688764
nyudepth,no_sharing,175.3082,8461.6125,4745.0927,52.2749,0.0029,46.9211,3183.1508,3716.5198,1775442886951688764
nyudepth,no_sharing,175.323,8446.8665,4745.0927,52.2749,0.0029,46.9211,3168.3986,3701.7738,1775442886951688764
nyudepth,no_sharing,175.3476,8422.2088,4745.0927,52.2749,0.0029,46.9211,3143.7349,3677.1161,1775442886951688764
nyudepth,no_sharing,175.376,8393.8932,4745.0927,52.2749,0.0029,46.9211,3115.4137,3648.8005,1775442886951688764
nyudepth,no_sharing,175.4355,8334.3606,4745.0927,52.2749,0.0029,46.9211,3055.8753,3589.2679,1775442886951688764
nyudepth,no_sharing,175.561,8208.9002,4745.0927,52.2749,0.0029,46.9211,2930.4099,3463.8075,1775442886951688764
nyudepth,no_sharing,175.6153,8154.6268,4745.0927,52.2749,0.0029,46.9211,2876.0417,3409.5342,1775442886951688764
nyudepth,no_sharing,175.618,8151.9833,4745.0927,52.2749,0.0029,46.9211,2873.39,3406.8906,1775442886951688764
nyudepth,no_sharing,175.6456,8124.3308,4745.0927,52.2749,0.0029,46.9211,2845.7317,3379.2381,1775442886951688764
nyudepth,no_sharing,175.6859,8084.0724,4745.0927,52.2749,0.0029,46.9211,2805.4674,3338.9797,1775442886951688764
nyudepth,no_sharing,175.6915,8078.4593,4745.0927,52.2749,0.0029,46.9211,2799.8486,3333.3666,1775442886951688764
nyudepth,no_sharing,175.7022,8067.7686,4745.0927,52.2749,0.0029,46.9211,2789.1536,3322.6759,1775442886951688764
nyudepth,no_sharing,175.7439,8026.0527,4745.0927,52.2749,0.0029,46.9211,2747.4327,3280.96,1775442886951688764
nyudepth,no_sharing,175.7726,7997.4451,4745.0927,52.2749,0.0029,46.9211,2718.8191,3252.3524,1775442886951688764
nyudepth,no_sharing,175.8632,7906.7743,4745.0927,52.2749,0.0029,46.9211,2628.1421,3161.6816,1775442886951688764
nyudepth,no_sharing,175.9403,7829.715,4745.0927,52.2749,0.0029,46.9211,2551.0769,3084.6223,1775442886951688764
nyudepth,no_sharing,176.0505,7719.5086,4745.0927,52.2749,0.0029,46.9211,2440.8643,2974.416,1775442886951688764
nyudepth,no_sharing,176.0582,7711.8664,4745.0927,52.2749,0.0029,46.9211,2433.2166,2966.7737,1775442886951688764
nyudepth,no_sharing,176.1378,7632.2367,4745.0927,52.2749,0.0029,46.9211,2353.581,2887.144,1775442886951688764
nyudepth,no_sharing,176.1444,7625.6204,4745.0927,52.2749,0.0029,46.9211,2346.9596,2880.5277,1775442886951688764
nyudepth,no_sharing,176.15,7620.007,4745.0927,52.2749,0.0029,46.9211,2341.3405,2874.9143,1775442886951688764
nyudepth,no_sharing,176.1676,7602.4137,4745.0927,52.2749,0.0029,46.9211,2323.7429,2857.321,1775442886951688764
nyudepth,no_sharing,176.1764,7593.6859,4745.0927,52.2749,0.0029,46.9211,2315.0091,2848.5932,1775442886951688764
nyudepth,no_sharing,176.242,7528.0621,4745.0927,52.2749,0.0029,46.9211,2249.3806,2782.9694,1775442886951688764
nyudepth,no_sharing,176.2466,7523.4549,4745.0927,52.2749,0.0029,46.9211,2244.7686,2778.3622,1775442886951688764
nyudepth,no_sharing,176.326,7444.041,4745.0927,52.2749,0.0029,46.9211,2165.3492,2698.9483,1775442886951688764
nyudepth,no_sharing,176.3443,7425.7929,4745.0927,52.2749,0.0029,46.9211,2147.095,2680.7002,1775442886951688764
nyudepth,no_sharing,176.4244,7345.6271,4745.0927,52.2749,0.0029,46.9211,2066.9239,2600.5344,1775442886951688764
nyudepth,no_sharing,176.4622,7307.8797,4745.0927,52.2749,0.0029,46.9211,2029.1712,2562.787,1775442886951688764
nyudepth,no_sharing,176.5156,7254.4808,4745.0927,52.2749,0.0029,46.9211,1975.7669,2509.3881,1775442886951688764
nyudepth,no_sharing,176.5173,7252.7514,4745.0927,52.2749,0.0029,46.9211,1974.0322,2507.6587,1775442886951688764
nyudepth,no_sharing,176.5896,7180.51,4745.0927,52.2749,0.0029,46.9211,1901.7863,2435.4174,1775442886951688764
nyudepth,no_sharing,176.6118,7158.2632,4745.0927,52.2749,0.0029,46.9211,1879.5345,2413.1705,1775442886951688764
nyudepth,no_sharing,176.6201,7150.0487,4745.0927,52.2749,0.0029,46.9211,1871.3152,2404.956,1775442886951688764
nyudepth,no_sharing,176.6407,7129.4372,4745.0927,52.2749,0.0029,46.9211,1850.6994,2384.3445,1775442886951688764
nyudepth,no_sharing,176.6664,7103.6932,4745.0927,52.2749,0.0029,46.9211,1824.9507,2358.6006,1775442886951688764
nyudepth,no_sharing,176.6811,7089.0274,4745.0927,52.2749,0.0029,46.9211,1810.2806,2343.9347,1775442886951688764
nyudepth,no_sharing,176.7189,10317.1413,3512.2068,37.1715,0.0027,48.9357,6795.0058,6804.9345,1775442891974208610
nyudepth,no_sharing,176.8027,10237.9124,3512.2068,37.1715,0.0027,48.9357,6711.1516,6725.7056,1775442891974208610
nyudepth,no_sharing,176.8314,10218.3397,3512.2068,37.1715,0.0027,48.9357,6682.4853,6706.1329,1775442891974208610
nyudepth,no_sharing,176.8407,10209.0986,3512.2068,37.1715,0.0027,48.9357,6673.2311,6696.8918,1775442891974208610
nyudepth,no_sharing,176.8679,10200.2554,3512.2068,37.1715,0.0027,48.9357,6645.9696,6688.0486,1775442891974208610
nyudepth,no_sharing,176.8875,10180.66,3512.2068,37.1715,0.0027,48.9357,6626.3614,6668.4532,1775442891974208610
nyudepth,no_sharing,176.8911,10177.0508,3512.2068,37.1715,0.0027,48.9357,6622.7443,6664.844,1775442891974208610
nyudepth,no_sharing,176.9028,10165.4296,3512.2068,37.1715,0.0027,48.9357,6611.1159,6653.2228,1775442891974208610
nyudepth,no_sharing,176.9272,10172.5154,3512.2068,37.1715,0.0027,48.9357,6586.7271,6660.3086,1775442891974208610
nyudepth,no_sharing,176.9711,10128.6073,3512.2068,37.1715,0.0027,48.9357,6542.8061,6616.4005,1775442891974208610
nyudepth,no_sharing,177.0704,10029.2943,3512.2068,37.1715,0.0027,48.9357,6443.4681,6517.0875,1775442891974208610
nyudepth,no_sharing,177.0731,10026.6402,3512.2068,37.1715,0.0027,48.9357,6440.8064,6514.4334,1775442891974208610
nyudepth,no_sharing,177.0838,10015.9738,3512.2068,37.1715,0.0027,48.9357,6430.1324,6503.767,1775442891974208610
nyudepth,no_sharing,177.0965,10003.2837,3512.2068,37.1715,0.0027,48.9357,6417.4356,6491.0769,1775442891974208610
nyudepth,no_sharing,177.1808,9918.8962,3512.2068,37.1715,0.0027,48.9357,6333.04,6406.6894,1775442891974208610
nyudepth,no_sharing,177.2171,9936.6183,3512.2068,37.1715,0.0027,48.9357,6296.7451,6424.4115,1775442891974208610
nyudepth,no_sharing,177.2346,9919.1551,3512.2068,37.1715,0.0027,48.9357,6279.2675,6406.9483,1775442891974208610
nyudepth,no_sharing,177.2589,9894.9287,3512.2068,37.1715,0.0027,48.9357,6255.0323,6382.7219,1775442891974208610
nyudepth,no_sharing,177.2973,9856.5388,3512.2068,37.1715,0.0027,48.9357,6216.6338,6344.332,1775442891974208610
nyudepth,no_sharing,177.3096,9844.2214,3512.2068,37.1715,0.0027,48.9357,6204.308,6332.0146,1775442891974208610
nyudepth,no_sharing,177.3962,9757.5963,3512.2068,37.1715,0.0027,48.9357,6117.6746,6245.3895,1775442891974208610
nyudepth,no_sharing,177.4725,9681.3319,3512.2068,37.1715,0.0027,48.9357,6041.4033,6169.1251,1775442891974208610
nyudepth,no_sharing,177.5099,9643.9705,3512.2068,37.1715,0.0027,48.9357,6004.0348,6131.7637,1775442891974208610
nyudepth,no_sharing,177.6323,9521.5411,3512.2068,37.1715,0.0027,48.9357,5881.5975,6009.3343,1775442891974208610
nyudepth,no_sharing,177.6344,9519.4547,3512.2068,37.1715,0.0027,48.9357,5879.504,6007.2479,1775442891974208610
nyudepth,no_sharing,177.8166,9337.2552,3512.2068,37.1715,0.0027,48.9357,5697.2976,5825.0484,1775442891974208610
nyudepth,no_sharing,178.0339,9119.935,3512.2068,37.1715,0.0027,48.9357,5479.9705,5607.7282,1775442891974208610
nyudepth,no_sharing,178.0422,9192.1172,3512.2068,37.1715,0.0027,48.9357,5471.7257,5679.9104,1775442891974208610
nyudepth,no_sharing,178.06,9174.3395,3512.2068,37.1715,0.0027,48.9357,5453.9332,5662.1327,1775442891974208610
nyudepth,no_sharing,178.0895,9144.8243,3512.2068,37.1715,0.0027,48.9357,5424.4099,5632.6175,1775442891974208610
nyudepth,no_sharing,178.0963,9138.0482,3512.2068,37.1715,0.0027,48.9357,5417.6266,5625.8414,1775442891974208610
nyudepth,no_sharing,178.1636,9070.756,3512.2068,37.1715,0.0027,48.9357,5350.3258,5558.5492,1775442891974208610
nyudepth,no_sharing,178.1636,9070.7486,3512.2068,37.1715,0.0027,48.9357,5350.3106,5558.5418,1775442891974208610
nyudepth,no_sharing,178.3174,8916.9085,3512.2068,37.1715,0.0027,48.9357,5196.4626,5404.7017,1775442891974208610
nyudepth,no_sharing,178.3174,8916.8961,3512.2068,37.1715,0.0027,48.9357,5196.4421,5404.6893,1775442891974208610
nyudepth,no_sharing,178.3175,8916.8952,3512.2068,37.1715,0.0027,48.9357,5196.4338,5404.6884,1775442891974208610
nyudepth,no_sharing,178.3175,8916.8959,3512.2068,37.1715,0.0027,48.9357,5196.4269,5404.6891,1775442891974208610
nyudepth,no_sharing,178.3175,8916.8963,3512.2068,37.1715,0.0027,48.9357,5196.4204,5404.6895,1775442891974208610
nyudepth,no_sharing,178.7734,8460.927,3512.2068,37.1715,0.0027,48.9357,4740.4442,4948.7202,1775442891974208610
nyudepth,no_sharing,178.7735,8460.9182,3512.2068,37.1715,0.0027,48.9357,4740.4296,4948.7114,1775442891974208610
nyudepth,no_sharing,178.7735,8460.9184,3512.2068,37.1715,0.0027,48.9357,4740.4237,4948.7116,1775442891974208610
nyudepth,no_sharing,178.7735,8460.9189,3512.2068,37.1715,0.0027,48.9357,4740.4184,4948.7121,1775442891974208610
nyudepth,no_sharing,178.7735,8460.9189,3512.2068,37.1715,0.0027,48.9357,4740.4132,4948.7121,1775442891974208610
nyudepth,no_sharing,178.7735,8460.9203,3512.2068,37.1715,0.0027,48.9357,4740.4087,4948.7135,1775442891974208610
nyudepth,no_sharing,178.7735,8460.921,3512.2068,37.1715,0.0027,48.9357,4740.4037,4948.7143,1775442891974208610
nyudepth,no_sharing,178.7735,8460.9218,3512.2068,37.1715,0.0027,48.9357,4740.3986,4948.715,1775442891974208610
nyudepth,no_sharing,178.7735,8460.9239,3512.2068,37.1715,0.0027,48.9357,4740.3939,4948.7171,1775442891974208610
nyudepth,no_sharing,178.8738,8360.6098,3512.2068,37.1715,0.0027,48.9357,4640.0735,4848.403,1775442891974208610
nyudepth,no_sharing,178.8738,8421.3147,3512.2068,37.1715,0.0027,48.9357,4640.0628,4909.1079,1775442891974208610
nyudepth,no_sharing,178.8738,8421.319,3512.2068,37.1715,0.0027,48.9357,4640.0566,4909.1122,1775442891974208610
nyudepth,no_sharing,178.8738,8421.3214,3512.2068,37.1715,0.0027,48.9357,4640.0502,4909.1146,1775442891974208610
nyudepth,no_sharing,178.9135,8381.7008,3512.2068,37.1715,0.0027,48.9357,4600.4219,4869.494,1775442891974208610
nyudepth,no_sharing,178.9332,8361.9313,3512.2068,37.1715,0.0027,48.9357,4580.646,4849.7245,1775442891974208610
nyudepth,no_sharing,178.9853,8309.9313,3512.2068,37.1715,0.0027,48.9357,4528.6384,4797.7245,1775442891974208610
nyudepth,no_sharing,179.0285,8266.6388,3512.2068,37.1715,0.0027,48.9357,4485.3399,4754.432,1775442891974208610
nyudepth,no_sharing,179.0322,8263.0007,3512.2068,37.1715,0.0027,48.9357,4481.6957,4750.7939,1775442891974208610
nyudepth,no_sharing,179.0468,8248.3783,3512.2068,37.1715,0.0027,48.9357,4467.0684,4736.1715,1775442891974208610
nyudepth,no_sharing,179.1064,8188.7584,3512.2068,37.1715,0.0027,48.9357,4407.4423,4676.5516,1775442891974208610
nyudepth,no_sharing,179.1407,8154.4981,3512.2068,37.1715,0.0027,48.9357,4373.1763,4642.2913,1775442891974208610
nyudepth,no_sharing,179.2304,8064.8499,3512.2068,37.1715,0.0027,48.9357,4283.5226,4552.6431,1775442891974208610
nyudepth,no_sharing,179.254,8041.2028,3512.2068,37.1715,0.0027,48.9357,4259.8696,4528.996,1775442891974208610
nyudepth,no_sharing,179.3793,7915.9782,3512.2068,37.1715,0.0027,48.9357,4134.6388,4403.7714,1775442891974208610
nyudepth,no_sharing,179.4622,7833.0765,3512.2068,37.1715,0.0027,48.9357,4051.7309,4320.8697,1775442891974208610
nyudepth,no_sharing,179.5573,7737.915,3512.2068,37.1715,0.0027,48.9357,3956.5632,4225.7082,1775442891974208610
nyudepth,no_sharing,179.6062,7689.0798,3512.2068,37.1715,0.0027,48.9357,3907.7229,4176.873,1775442891974208610
nyudepth,no_sharing,179.6118,7683.4421,3512.2068,37.1715,0.0027,48.9357,3902.0798,4171.2353,1775442891974208610
nyudepth,no_sharing,179.6284,7666.8227,3512.2068,37.1715,0.0027,48.9357,3885.4549,4154.6159,1775442891974208610
nyudepth,no_sharing,179.7906,7504.6787,3512.2068,37.1715,0.0027,48.9357,3723.3057,3992.4719,1775442891974208610
nyudepth,no_sharing,179.8052,7490.0336,3512.2068,37.1715,0.0027,48.9357,3708.6551,3977.8268,1775442891974208610
nyudepth,no_sharing,179.8499,7445.3578,3512.2068,37.1715,0.0027,48.9357,3663.9736,3933.151,1775442891974208610
nyudepth,no_sharing,179.9623,7332.9647,3512.2068,37.1715,0.0027,48.9357,3551.5754,3820.7579,1775442891974208610
vocseg,no_sharing,0.0001,364.9392,350.5928,246.854,0.0033,103.435,4.1351,14.3465,1775442708464523192
vocseg,no_sharing,0.0085,786.824,414.6138,40.0578,0.0036,37.4294,352.7884,372.2102,1775442708821618761
vocseg,no_sharing,0.0137,781.6081,414.6138,40.0578,0.0036,37.4294,347.5511,366.9943,1775442708821618761
vocseg,no_sharing,0.0156,808.9979,414.6138,40.0578,0.0036,37.4294,345.7057,394.3841,1775442708821618761
vocseg,no_sharing,0.0751,749.4884,414.6138,40.0578,0.0036,37.4294,286.1843,334.8745,1775442708821618761
vocseg,no_sharing,0.1534,671.1733,414.6138,40.0578,0.0036,37.4294,207.8586,256.5595,1775442708821618761
vocseg,no_sharing,0.1729,651.679,414.6138,40.0578,0.0036,37.4294,188.3595,237.0652,1775442708821618761
vocseg,no_sharing,0.2402,584.435,414.6138,40.0578,0.0036,37.4294,121.1066,169.8212,1775442708821618761
vocseg,no_sharing,0.2469,586.6516,414.6138,40.0578,0.0036,37.4294,114.4085,172.0378,1775442708821618761
vocseg,no_sharing,0.2995,534.0602,414.6138,40.0578,0.0036,37.4294,61.8062,119.4464,1775442708821618761
vocseg,no_sharing,0.3271,506.4399,414.6138,40.0578,0.0036,37.4294,34.179,91.8261,1775442708821618761
vocseg,no_sharing,0.3793,835.6042,403.7683,78.2274,0.0032,40.6618,424.2966,431.8359,1775442709263950681
vocseg,no_sharing,0.5498,679.3642,403.7683,78.2274,0.0032,40.6618,253.8621,275.5959,1775442709263950681
vocseg,no_sharing,0.5862,642.9305,403.7683,78.2274,0.0032,40.6618,217.4189,239.1622,1775442709263950681
vocseg,no_sharing,0.6485,580.6599,403.7683,78.2274,0.0032,40.6618,155.1418,176.8916,1775442709263950681
vocseg,no_sharing,0.7022,544.9805,403.7683,78.2274,0.0032,40.6618,101.4171,141.2122,1775442709263950681
vocseg,no_sharing,0.7022,544.9767,403.7683,78.2274,0.0032,40.6618,101.4037,141.2084,1775442709263950681
vocseg,no_sharing,0.7135,533.6864,403.7683,78.2274,0.0032,40.6618,90.1072,129.9181,1775442709263950681
vocseg,no_sharing,0.7329,514.2827,403.7683,78.2274,0.0032,40.6618,70.6978,110.5144,1775442709263950681
vocseg,no_sharing,0.7793,863.4024,391.8754,87.4997,0.0036,50.6843,446.326,471.5269,1775442709685925493
vocseg,no_sharing,0.833,809.8009,391.8754,87.4997,0.0036,50.6843,392.6477,417.9254,1775442709685925493
vocseg,no_sharing,0.9761,666.6496,391.8754,87.4997,0.0036,50.6843,249.4888,274.7741,1775442709685925493
vocseg,no_sharing,1.0224,659.487,391.8754,87.4997,0.0036,50.6843,203.192,267.6116,1775442709685925493
vocseg,no_sharing,1.1014,580.5266,391.8754,87.4997,0.0036,50.6843,124.2173,188.6512,1775442709685925493
vocseg,no_sharing,1.1123,569.628,391.8754,87.4997,0.0036,50.6843,113.3118,177.7526,1775442709685925493
vocseg,no_sharing,1.2471,1008.6675,617.6914,42.3576,0.0037,47.9229,383.9951,390.9761,1775442710091367121
vocseg,no_sharing,1.2471,1017.3669,617.6914,42.3576,0.0037,47.9229,383.981,399.6755,1775442710091367121
vocseg,no_sharing,1.2471,1017.3676,617.6914,42.3576,0.0037,47.9229,383.9734,399.6762,1775442710091367121
vocseg,no_sharing,1.2628,1023.5672,617.6914,42.3576,0.0037,47.9229,368.2253,405.8758,1775442710091367121
vocseg,no_sharing,1.3394,946.9783,617.6914,42.3576,0.0037,47.9229,291.6257,329.287,1775442710091367121
vocseg,no_sharing,1.3573,929.111,617.6914,42.3576,0.0037,47.9229,273.7513,311.4196,1775442710091367121
vocseg,no_sharing,1.386,900.4631,617.6914,42.3576,0.0037,47.9229,245.0976,282.7717,1775442710091367121
vocseg,no_sharing,1.4125,873.8804,617.6914,42.3576,0.0037,47.9229,218.5097,256.189,1775442710091367121
vocseg,no_sharing,1.4218,881.5112,617.6914,42.3576,0.0037,47.9229,209.2228,263.8198,1775442710091367121
vocseg,no_sharing,1.5261,777.2772,617.6914,42.3576,0.0037,47.9229,104.9802,159.5859,1775442710091367121
vocseg,no_sharing,1.5951,708.2415,617.6914,42.3576,0.0037,47.9229,35.9383,90.5501,1775442710091367121
vocseg,no_sharing,1.5977,705.7064,617.6914,42.3576,0.0037,47.9229,33.3977,88.015,1775442710091367121
vocseg,no_sharing,1.6814,1369.5421,768.5708,117.1919,0.0033,40.6942,594.3618,600.9714,1775442710736092066
vocseg,no_sharing,1.6814,1378.1075,768.5708,117.1919,0.0033,40.6942,594.3398,609.5368,1775442710736092066
vocseg,no_sharing,1.6814,1378.109,768.5708,117.1919,0.0033,40.6942,594.3313,609.5382,1775442710736092066
vocseg,no_sharing,1.7123,1369.2305,768.5708,117.1919,0.0033,40.6942,563.4458,600.6598,1775442710736092066
vocseg,no_sharing,1.715,1366.5354,768.5708,117.1919,0.0033,40.6942,560.7376,597.9647,1775442710736092066
vocseg,no_sharing,1.7604,1321.2156,768.5708,117.1919,0.0033,40.6942,515.4099,552.6449,1775442710736092066
vocseg,no_sharing,1.7621,1319.4771,768.5708,117.1919,0.0033,40.6942,513.6642,550.9063,1775442710736092066
vocseg,no_sharing,1.8078,1273.8233,768.5708,117.1919,0.0033,40.6942,468.004,505.2525,1775442710736092066
vocseg,no_sharing,1.9224,1192.883,768.5708,117.1919,0.0033,40.6942,353.3647,424.3123,1775442710736092066
vocseg,no_sharing,1.93,1185.2801,768.5708,117.1919,0.0033,40.6942,345.7513,416.7093,1775442710736092066
vocseg,no_sharing,1.9353,1179.9631,768.5708,117.1919,0.0033,40.6942,340.4276,411.3924,1775442710736092066
vocseg,no_sharing,1.957,1158.2923,768.5708,117.1919,0.0033,40.6942,318.7516,389.7215,1775442710736092066
vocseg,no_sharing,2.0225,1092.8612,768.5708,117.1919,0.0033,40.6942,253.3145,324.2904,1775442710736092066
vocseg,no_sharing,2.0885,1026.8242,768.5708,117.1919,0.0033,40.6942,187.2718,258.2535,1775442710736092066
vocseg,no_sharing,2.0969,1018.4219,768.5708,117.1919,0.0033,40.6942,178.863,249.8511,1775442710736092066
vocseg,no_sharing,2.0969,1018.4135,768.5708,117.1919,0.0033,40.6942,178.8499,249.8428,1775442710736092066
vocseg,no_sharing,2.3034,1420.5644,641.6967,15.2598,0.0028,39.1345,772.3238,778.8677,1775442711536005701
vocseg,no_sharing,2.3592,1373.3881,641.6967,15.2598,0.0028,39.1345,716.5101,731.6913,1775442711536005701
vocseg,no_sharing,2.4045,1328.0284,641.6967,15.2598,0.0028,39.1345,671.1395,686.3317,1775442711536005701
vocseg,no_sharing,2.4436,1312.6085,641.6967,15.2598,0.0028,39.1345,632.1123,670.9117,1775442711536005701
vocseg,no_sharing,2.5083,1247.864,641.6967,15.2598,0.0028,39.1345,567.3501,606.1673,1775442711536005701
vocseg,no_sharing,2.5549,1201.2854,641.6967,15.2598,0.0028,39.1345,520.7629,559.5886,1775442711536005701
vocseg,no_sharing,2.6363,1119.8916,641.6967,15.2598,0.0028,39.1345,439.3606,478.1949,1775442711536005701
vocseg,no_sharing,2.6737,1082.5453,641.6967,15.2598,0.0028,39.1345,402.0064,440.8485,1775442711536005701
vocseg,no_sharing,2.6763,1113.7547,641.6967,15.2598,0.0028,39.1345,399.3585,472.058,1775442711536005701
vocseg,no_sharing,2.681,1109.1192,641.6967,15.2598,0.0028,39.1345,394.7127,467.4224,1775442711536005701
vocseg,no_sharing,2.7667,1023.4389,641.6967,15.2598,0.0028,39.1345,309.026,381.7422,1775442711536005701
vocseg,no_sharing,2.8143,975.7843,641.6967,15.2598,0.0028,39.1345,261.3652,334.0876,1775442711536005701
vocseg,no_sharing,2.889,901.1168,641.6967,15.2598,0.0028,39.1345,186.6918,259.4201,1775442711536005701
vocseg,no_sharing,2.9066,883.4946,641.6967,15.2598,0.0028,39.1345,169.064,241.7979,1775442711536005701
vocseg,no_sharing,2.99,800.0965,641.6967,15.2598,0.0028,39.1345,85.6602,158.3998,1775442711536005701
vocseg,no_sharing,2.9987,791.4481,641.6967,15.2598,0.0028,39.1345,77.0059,149.7514,1775442711536005701
vocseg,no_sharing,3.1153,1142.2026,503.1631,92.4813,0.0032,58.6332,632.3748,639.0395,1775442712208036376
vocseg,no_sharing,3.124,1142.1943,503.1631,92.4813,0.0032,58.6332,623.7407,639.0312,1775442712208036376
vocseg,no_sharing,3.2673,998.8451,503.1631,92.4813,0.0032,58.6332,480.3815,495.682,1775442712208036376
vocseg,no_sharing,3.2856,998.915,503.1631,92.4813,0.0032,58.6332,462.0693,495.7519,1775442712208036376
vocseg,no_sharing,3.3323,952.2791,503.1631,92.4813,0.0032,58.6332,415.4234,449.116,1775442712208036376
vocseg,no_sharing,3.5207,763.9184,503.1631,92.4813,0.0032,58.6332,227.056,260.7553,1775442712208036376
vocseg,no_sharing,3.5604,724.1542,503.1631,92.4813,0.0032,58.6332,187.2859,220.9911,1775442712208036376
vocseg,no_sharing,3.7901,856.338,334.5724,14.7174,0.0024,39.9537,476.186,521.7656,1775442712726639926
vocseg,no_sharing,3.8128,833.7057,334.5724,14.7174,0.0024,39.9537,453.5465,499.1333,1775442712726639926
vocseg,no_sharing,3.8642,782.3296,334.5724,14.7174,0.0024,39.9537,402.1642,447.7572,1775442712726639926
vocseg,no_sharing,3.9489,720.1059,334.5724,14.7174,0.0024,39.9537,317.4005,385.5335,1775442712726639926
vocseg,no_sharing,4.0473,621.7241,334.5724,14.7174,0.0024,39.9537,219.0061,287.1517,1775442712726639926
vocseg,no_sharing,4.1033,565.769,334.5724,14.7174,0.0024,39.9537,163.043,231.1966,1775442712726639926
vocseg,no_sharing,4.1602,508.8649,334.5724,14.7174,0.0024,39.9537,106.1325,174.2925,1775442712726639926
vocseg,no_sharing,4.1808,488.2128,334.5724,14.7174,0.0024,39.9537,85.474,153.6404,1775442712726639926
vocseg,no_sharing,4.2664,776.2558,411.0609,16.0106,0.0023,49.342,359.2367,365.1949,1775442713085980133
vocseg,no_sharing,4.2947,751.7684,411.0609,16.0106,0.0023,49.342,330.971,340.7075,1775442713085980133
vocseg,no_sharing,4.3774,671.8733,411.0609,16.0106,0.0023,49.342,248.3006,260.8124,1775442713085980133
vocseg,no_sharing,4.3867,665.3612,411.0609,16.0106,0.0023,49.342,238.9712,254.3003,1775442713085980133
vocseg,no_sharing,4.4403,614.5959,411.0609,16.0106,0.0023,49.342,185.3316,203.535,1775442713085980133
vocseg,no_sharing,4.4977,562.8242,411.0609,16.0106,0.0023,49.342,128.0077,151.7634,1775442713085980133
vocseg,no_sharing,4.5353,525.2173,411.0609,16.0106,0.0023,49.342,90.3924,114.1564,1775442713085980133
vocseg,no_sharing,4.5507,512.8284,411.0609,16.0106,0.0023,49.342,74.9435,101.7675,1775442713085980133
vocseg,no_sharing,4.6459,1075.0949,649.8872,98.9953,0.0029,61.1802,418.6234,425.2078,1775442713524853708
vocseg,no_sharing,4.6459,1079.5729,649.8872,98.9953,0.0029,61.1802,418.6001,429.6857,1775442713524853708
vocseg,no_sharing,4.6459,1088.8007,649.8872,98.9953,0.0029,61.1802,418.5929,438.9135,1775442713524853708
vocseg,no_sharing,4.7133,1021.421,649.8872,98.9953,0.0029,61.1802,351.1951,371.5338,1775442713524853708
vocseg,no_sharing,4.8508,898.1867,649.8872,98.9953,0.0029,61.1802,213.7001,248.2995,1775442713524853708
vocseg,no_sharing,4.9241,824.9238,649.8872,98.9953,0.0029,61.1802,140.4264,175.0366,1775442713524853708
vocseg,no_sharing,4.9754,773.6719,649.8872,98.9953,0.0029,61.1802,89.1688,123.7847,1775442713524853708
vocseg,no_sharing,4.9871,761.9865,649.8872,98.9953,0.0029,61.1802,77.4782,112.0993,1775442713524853708
vocseg,no_sharing,5.0192,732.5299,649.8872,98.9953,0.0029,61.1802,45.3293,82.6427,1775442713524853708
vocseg,no_sharing,5.2694,693.3141,217.4202,16.0265,0.0022,28.7251,470.4561,475.8939,1775442714200201724
vocseg,no_sharing,5.3375,628.0797,217.4202,16.0265,0.0022,28.7251,402.3435,410.6595,1775442714200201724
vocseg,no_sharing,5.3653,603.8673,217.4202,16.0265,0.0022,28.7251,374.6316,386.4471,1775442714200201724
vocseg,no_sharing,5.4256,550.0968,217.4202,16.0265,0.0022,28.7251,314.2436,332.6766,1775442714200201724
vocseg,no_sharing,5.4773,498.4508,217.4202,16.0265,0.0022,28.7251,262.5883,281.0306,1775442714200201724
vocseg,no_sharing,5.5577,425.3833,217.4202,16.0265,0.0022,28.7251,182.2269,207.9631,1775442714200201724
vocseg,no_sharing,5.6559,327.1945,217.4202,16.0265,0.0022,28.7251,84.0292,109.7743,1775442714200201724
vocseg,no_sharing,5.7618,434.7427,214.1919,59.0692,0.0031,77.4243,214.5851,220.5507,1775442714436746157
vocseg,no_sharing,5.9557,243.6454,214.1919,59.0692,0.0031,77.4243,20.704,29.4535,1775442714436746157
vocseg,no_sharing,5.9657,608.8712,369.1846,15.8826,0.0023,50.4295,233.8877,239.6866,1775442714659895753
vocseg,no_sharing,5.9932,584.1999,369.1846,15.8826,0.0023,50.4295,206.4221,215.0153,1775442714659895753
vocseg,no_sharing,6.008,572.207,369.1846,15.8826,0.0023,50.4295,191.5851,203.0224,1775442714659895753
vocseg,no_sharing,6.0605,522.5332,369.1846,15.8826,0.0023,50.4295,139.1008,153.3486,1775442714659895753
vocseg,no_sharing,6.0842,501.663,369.1846,15.8826,0.0023,50.4295,115.4184,132.4784,1775442714659895753
vocseg,no_sharing,6.1218,467.0029,369.1846,15.8826,0.0023,50.4295,77.8117,97.8183,1775442714659895753
vocseg,no_sharing,6.1491,443.1646,369.1846,15.8826,0.0023,50.4295,50.5106,73.98,1775442714659895753
vocseg,no_sharing,6.3442,656.8711,404.0387,86.4073,0.0034,63.4744,246.3918,252.8323,1775442715050899542
vocseg,no_sharing,6.3719,637.2643,404.0387,86.4073,0.0034,63.4744,218.6606,233.2255,1775442715050899542
vocseg,no_sharing,6.3886,620.5878,404.0387,86.4073,0.0034,63.4744,201.9749,216.5491,1775442715050899542
vocseg,no_sharing,6.5101,505.4293,404.0387,86.4073,0.0034,63.4744,80.512,101.3905,1775442715050899542
vocseg,no_sharing,6.5297,485.7635,404.0387,86.4073,0.0034,63.4744,60.8375,81.7248,1775442715050899542
vocseg,no_sharing,6.7032,520.3803,209.8433,80.2222,0.0034,43.1373,303.077,310.5369,1775442715466549742
vocseg,no_sharing,6.7942,443.5689,209.8433,80.2222,0.0034,43.1373,212.0607,233.7256,1775442715466549742
vocseg,no_sharing,6.9238,313.9699,209.8433,80.2222,0.0034,43.1373,82.454,104.1265,1775442715466549742
vocseg,no_sharing,7.0214,422.8034,213.0628,18.8969,0.0029,27.7011,201.915,209.7406,1775442715683619082
vocseg,no_sharing,7.0732,373.9436,213.0628,18.8969,0.0029,27.7011,150.1474,160.8808,1775442715683619082
vocseg,no_sharing,7.0819,368.0062,213.0628,18.8969,0.0029,27.7011,141.4266,154.9435,1775442715683619082
vocseg,no_sharing,7.0986,354.0268,213.0628,18.8969,0.0029,27.7011,124.6712,140.964,1775442715683619082
vocseg,no_sharing,7.154,301.4352,213.0628,18.8969,0.0029,27.7011,69.2751,88.3725,1775442715683619082
vocseg,no_sharing,7.1546,303.6582,213.0628,18.8969,0.0029,27.7011,68.7363,90.5955,1775442715683619082
vocseg,no_sharing,7.1633,297.7719,213.0628,18.8969,0.0029,27.7011,60.014,84.7092,1775442715683619082
vocseg,no_sharing,7.2165,533.2887,282.6867,13.6357,0.0023,53.7631,244.8175,250.602,1775442715921681371
vocseg,no_sharing,7.2238,529.074,282.6867,13.6357,0.0023,53.7631,237.5495,246.3873,1775442715921681371
vocseg,no_sharing,7.2954,460.9065,282.6867,13.6357,0.0023,53.7631,166.0106,178.2198,1775442715921681371
vocseg,no_sharing,7.4108,348.3078,282.6867,13.6357,0.0023,53.7631,50.5168,65.6212,1775442715921681371
vocseg,no_sharing,7.4175,346.137,282.6867,13.6357,0.0023,53.7631,43.8654,63.4504,1775442715921681371
vocseg,no_sharing,7.4381,661.711,334.538,15.1918,0.0071,53.1796,321.1596,327.173,1775442716219623931
vocseg,no_sharing,7.505,597.6408,334.538,15.1918,0.0071,53.1796,254.3092,263.1028,1775442716219623931
vocseg,no_sharing,7.5781,527.3345,334.538,15.1918,0.0071,53.1796,181.2139,192.7965,1775442716219623931
vocseg,no_sharing,7.6704,437.7732,334.538,15.1918,0.0071,53.1796,88.8889,103.2352,1775442716219623931
vocseg,no_sharing,7.7063,404.7985,334.538,15.1918,0.0071,53.1796,53.0152,70.2605,1775442716219623931
vocseg,no_sharing,7.7419,373.1029,334.538,15.1918,0.0071,53.1796,17.3774,38.5649,1775442716219623931
vocseg,no_sharing,7.7636,834.8751,479.832,14.8093,0.0025,51.6426,348.5076,355.0432,1775442716572471391
vocseg,no_sharing,7.8951,712.7492,479.832,14.8093,0.0025,51.6426,217.0892,232.9173,1775442716572471391
vocseg,no_sharing,7.9237,684.0932,479.832,14.8093,0.0025,51.6426,188.4234,204.2613,1775442716572471391
vocseg,no_sharing,7.9444,682.8156,479.832,14.8093,0.0025,51.6426,167.789,202.9836,1775442716572471391
vocseg,no_sharing,7.948,679.1873,479.832,14.8093,0.0025,51.6426,164.151,199.3553,1775442716572471391
vocseg,no_sharing,7.9909,636.255,479.832,14.8093,0.0025,51.6426,121.213,156.4231,1775442716572471391
vocseg,no_sharing,8.0156,611.6309,479.832,14.8093,0.0025,51.6426,96.5829,131.799,1775442716572471391
vocseg,no_sharing,8.0258,601.362,479.832,14.8093,0.0025,51.6426,86.308,121.53,1775442716572471391
vocseg,no_sharing,8.0742,552.983,479.832,14.8093,0.0025,51.6426,37.9238,73.1511,1775442716572471391
vocseg,no_sharing,8.2076,557.1356,147.4334,16.2689,0.0023,26.1774,403.2385,409.7022,1775442717071165372
vocseg,no_sharing,8.2433,530.0238,147.4334,16.2689,0.0023,26.1774,367.5008,382.5904,1775442717071165372
vocseg,no_sharing,8.329,444.386,147.4334,16.2689,0.0023,26.1774,281.8525,296.9526,1775442717071165372
vocseg,no_sharing,8.4469,334.9638,147.4334,16.2689,0.0023,26.1774,163.9361,187.5304,1775442717071165372
vocseg,no_sharing,8.5511,230.758,147.4334,16.2689,0.0023,26.1774,59.7215,83.3245,1775442717071165372
vocseg,no_sharing,8.6971,448.0128,368.2903,88.9383,0.0031,69.7764,73.8194,79.7225,1775442717231239497
vocseg,no_sharing,8.6971,450.8085,368.2903,88.9383,0.0031,69.7764,73.7934,82.5182,1775442717231239497
vocseg,no_sharing,8.6971,453.7251,368.2903,88.9383,0.0031,69.7764,73.7829,85.4348,1775442717231239497
vocseg,no_sharing,8.7134,440.881,368.2903,88.9383,0.0031,69.7764,57.5233,72.5907,1775442717231239497
vocseg,no_sharing,8.833,693.2917,366.5576,16.9289,0.0029,49.9065,320.2517,326.734,1775442717613567737
vocseg,no_sharing,8.8528,682.0893,366.5576,16.9289,0.0029,49.9065,300.4813,315.5317,1775442717613567737
vocseg,no_sharing,8.8775,657.3286,366.5576,16.9289,0.0029,49.9065,275.7103,290.771,1775442717613567737
vocseg,no_sharing,9.0177,534.1332,366.5576,16.9289,0.0029,49.9065,135.5815,167.5756,1775442717613567737
vocseg,no_sharing,9.066,485.8356,366.5576,16.9289,0.0029,49.9065,87.2746,119.2779,1775442717613567737
vocseg,no_sharing,9.0766,475.2183,366.5576,16.9289,0.0029,49.9065,76.6511,108.6607,1775442717613567737
vocseg,no_sharing,9.1112,440.5921,366.5576,16.9289,0.0029,49.9065,42.0194,74.0344,1775442717613567737
vocseg,no_sharing,9.1577,827.1263,424.9254,14.6172,0.0021,51.2588,377.1024,402.2009,1775442717995132115
vocseg,no_sharing,9.1623,822.5493,424.9254,14.6172,0.0021,51.2588,372.5116,397.624,1775442717995132115
vocseg,no_sharing,9.178,806.8216,424.9254,14.6172,0.0021,51.2588,356.7693,381.8962,1775442717995132115
vocseg,no_sharing,9.1848,856.3373,424.9254,14.6172,0.0021,51.2588,350.0614,431.4119,1775442717995132115
vocseg,no_sharing,9.2308,810.3001,424.9254,14.6172,0.0021,51.2588,304.0049,385.3747,1775442717995132115
vocseg,no_sharing,9.3084,732.7352,424.9254,14.6172,0.0021,51.2588,226.4287,307.8098,1775442717995132115
vocseg,no_sharing,9.3455,695.6177,424.9254,14.6172,0.0021,51.2588,189.2941,270.6923,1775442717995132115
vocseg,no_sharing,9.4222,618.9284,424.9254,14.6172,0.0021,51.2588,112.5896,194.003,1775442717995132115
vocseg,no_sharing,9.5519,845.6748,413.8308,15.6959,0.0026,39.7865,425.2257,431.8439,1775442718437405901
vocseg,no_sharing,9.63,776.15,413.8308,15.6959,0.0026,39.7865,347.1353,362.3191,1775442718437405901
vocseg,no_sharing,9.63,776.1414,413.8308,15.6959,0.0026,39.7865,347.1174,362.3106,1775442718437405901
vocseg,no_sharing,9.67,757.7541,413.8308,15.6959,0.0026,39.7865,307.0526,343.9232,1775442718437405901
vocseg,no_sharing,9.7218,706.038,413.8308,15.6959,0.0026,39.7865,255.3263,292.2072,1775442718437405901
vocseg,no_sharing,9.7351,692.699,413.8308,15.6959,0.0026,39.7865,241.9794,278.8681,1775442718437405901
vocseg,no_sharing,9.7488,678.9756,413.8308,15.6959,0.0026,39.7865,228.2493,265.1447,1775442718437405901
vocseg,no_sharing,9.7799,647.9604,413.8308,15.6959,0.0026,39.7865,197.2284,234.1296,1775442718437405901
vocseg,no_sharing,9.7841,652.4818,413.8308,15.6959,0.0026,39.7865,192.9657,238.651,1775442718437405901
vocseg,no_sharing,9.9279,508.7087,413.8308,15.6959,0.0026,39.7865,49.1838,94.8779,1775442718437405901
vocseg,no_sharing,10.1409,566.9308,288.5321,14.0387,0.0024,54.8469,271.7237,278.3987,1775442718872953858
vocseg,no_sharing,10.2379,478.8878,288.5321,14.0387,0.0024,54.8469,174.7208,190.3557,1775442718872953858
vocseg,no_sharing,10.2885,428.2622,288.5321,14.0387,0.0024,54.8469,124.0852,139.7302,1775442718872953858
vocseg,no_sharing,10.3039,422.4124,288.5321,14.0387,0.0024,54.8469,108.7759,133.8803,1775442718872953858
vocseg,no_sharing,10.3065,419.791,288.5321,14.0387,0.0024,54.8469,106.1447,131.2589,1775442718872953858
vocseg,no_sharing,10.4365,468.5402,187.7673,14.21,0.0027,57.7667,274.1532,280.7729,1775442719170979181
vocseg,no_sharing,10.4679,441.5793,187.7673,14.21,0.0027,57.7667,242.806,253.8121,1775442719170979181
vocseg,no_sharing,10.5758,338.244,187.7673,14.21,0.0027,57.7667,134.8491,150.4767,1775442719170979181
vocseg,no_sharing,10.708,446.4581,240.6314,14.7924,0.0023,56.3997,199.239,205.8267,1775442719367537936
vocseg,no_sharing,10.708,450.5847,240.6314,14.7924,0.0023,56.3997,199.2271,209.9533,1775442719367537936
vocseg,no_sharing,10.7933,373.1351,240.6314,14.7924,0.0023,56.3997,113.8742,132.5037,1775442719367537936
vocseg,no_sharing,10.889,277.4653,240.6314,14.7924,0.0023,56.3997,18.1916,36.834,1775442719367537936
vocseg,no_sharing,10.9095,623.8079,300.2113,14.0168,0.0022,47.6555,251.0436,323.5966,1775442719620881900
vocseg,no_sharing,10.9205,612.8526,300.2113,14.0168,0.0022,47.6555,240.0725,312.6413,1775442719620881900
vocseg,no_sharing,10.9708,562.5191,300.2113,14.0168,0.0022,47.6555,189.7244,262.3078,1775442719620881900
vocseg,no_sharing,11.0396,493.7732,300.2113,14.0168,0.0022,47.6555,120.9722,193.5619,1775442719620881900
vocseg,no_sharing,11.0939,439.4298,300.2113,14.0168,0.0022,47.6555,66.6168,139.2184,1775442719620881900
vocseg,no_sharing,11.0945,438.8933,300.2113,14.0168,0.0022,47.6555,66.0698,138.682,1775442719620881900
vocseg,no_sharing,11.2606,359.1492,138.4512,14.2778,0.0024,30.9833,214.205,220.698,1775442719935173697
vocseg,no_sharing,11.41,218.3805,138.4512,14.2778,0.0024,30.9833,64.8119,79.9293,1775442719935173697
vocseg,no_sharing,11.4247,203.7001,138.4512,14.2778,0.0024,30.9833,50.1218,65.2489,1775442719935173697
vocseg,no_sharing,11.4354,197.6235,138.4512,14.2778,0.0024,30.9833,39.4745,59.1723,1775442719935173697
vocseg,no_sharing,11.5321,353.7478,256.6801,14.4027,0.0028,48.4054,91.1171,97.0677,1775442720083540055
vocseg,no_sharing,11.5321,356.8234,256.6801,14.4027,0.0028,48.4054,91.0945,100.1433,1775442720083540055
vocseg,no_sharing,11.5321,360.2517,256.6801,14.4027,0.0028,48.4054,91.0878,103.5715,1775442720083540055
vocseg,no_sharing,11.5906,304.6048,256.6801,14.4027,0.0028,48.4054,32.603,47.9246,1775442720083540055
vocseg,no_sharing,11.5906,308.3272,256.6801,14.4027,0.0028,48.4054,32.5952,51.6471,1775442720083540055
vocseg,no_sharing,11.6285,613.4572,339.4422,15.5511,0.0027,53.9297,267.4363,274.0151,1775442720356266600
vocseg,no_sharing,11.6978,548.6538,339.4422,15.5511,0.0027,53.9297,198.1397,209.2117,1775442720356266600
vocseg,no_sharing,11.7137,540.0021,339.4422,15.5511,0.0027,53.9297,182.2824,200.56,1775442720356266600
vocseg,no_sharing,11.7253,528.3527,339.4422,15.5511,0.0027,53.9297,170.6247,188.9106,1775442720356266600
vocseg,no_sharing,11.7581,501.6785,339.4422,15.5511,0.0027,53.9297,137.8882,162.2363,1775442720356266600
vocseg,no_sharing,11.8394,420.3618,339.4422,15.5511,0.0027,53.9297,56.5603,80.9196,1775442720356266600
vocseg,no_sharing,11.9091,915.4067,559.3439,16.471,0.0027,54.2532,348.989,356.0628,1775442720718367434
vocseg,no_sharing,11.9516,887.2883,559.3439,16.471,0.0027,54.2532,306.4556,327.9444,1775442720718367434
vocseg,no_sharing,11.9542,884.6514,559.3439,16.471,0.0027,54.2532,303.8058,325.3075,1775442720718367434
vocseg,no_sharing,11.9829,877.1071,559.3439,16.471,0.0027,54.2532,275.1667,317.7632,1775442720718367434
vocseg,no_sharing,12.0275,836.6961,559.3439,16.471,0.0027,54.2532,230.5255,277.3522,1775442720718367434
vocseg,no_sharing,12.0458,818.4111,559.3439,16.471,0.0027,54.2532,212.2314,259.0672,1775442720718367434
vocseg,no_sharing,12.1334,730.8836,559.3439,16.471,0.0027,54.2532,124.6967,171.5397,1775442720718367434
vocseg,no_sharing,12.167,697.2504,559.3439,16.471,0.0027,54.2532,91.0578,137.9064,1775442720718367434
vocseg,no_sharing,12.1953,668.9506,559.3439,16.471,0.0027,54.2532,62.7513,109.6066,1775442720718367434
vocseg,no_sharing,12.197,667.3555,559.3439,16.471,0.0027,54.2532,61.084,108.0116,1775442720718367434
vocseg,no_sharing,12.2709,1212.3344,637.0178,110.7769,0.0034,40.4534,569.2787,575.3166,1775442721300451188
vocseg,no_sharing,12.2767,1209.3437,637.0178,110.7769,0.0034,40.4534,563.448,572.3259,1775442721300451188
vocseg,no_sharing,12.2835,1205.4012,637.0178,110.7769,0.0034,40.4534,556.6738,568.3834,1775442721300451188
vocseg,no_sharing,12.3598,1131.9311,637.0178,110.7769,0.0034,40.4534,480.377,494.9133,1775442721300451188
vocseg,no_sharing,12.4627,1031.8551,637.0178,110.7769,0.0034,40.4534,377.387,394.8373,1775442721300451188
vocseg,no_sharing,12.5051,992.9705,637.0178,110.7769,0.0034,40.4534,335.0739,355.9527,1775442721300451188
vocseg,no_sharing,12.6186,882.1909,637.0178,110.7769,0.0034,40.4534,221.503,245.1732,1775442721300451188
vocseg,no_sharing,12.6947,808.9485,637.0178,110.7769,0.0034,40.4534,145.4699,171.9308,1775442721300451188
vocseg,no_sharing,12.7198,786.5434,637.0178,110.7769,0.0034,40.4534,120.2974,149.5256,1775442721300451188
vocseg,no_sharing,12.7225,786.732,637.0178,110.7769,0.0034,40.4534,117.6751,149.7142,1775442721300451188
vocseg,no_sharing,12.7331,779.0949,637.0178,110.7769,0.0034,40.4534,107.0333,142.0772,1775442721300451188
vocseg,no_sharing,12.7387,776.7446,637.0178,110.7769,0.0034,40.4534,101.4001,139.7268,1775442721300451188
vocseg,no_sharing,12.7779,742.0549,637.0178,110.7769,0.0034,40.4534,62.269,105.0372,1775442721300451188
vocseg,no_sharing,12.8195,1815.6989,1113.2392,117.0522,0.0034,58.5815,696.4843,702.4597,1775442721976296504
vocseg,no_sharing,12.8846,1753.4251,1113.2392,117.0522,0.0034,58.5815,631.3741,640.1859,1775442721976296504
vocseg,no_sharing,12.93,1710.9039,1113.2392,117.0522,0.0034,58.5815,586.0109,597.6647,1775442721976296504
vocseg,no_sharing,13.0057,1637.9347,1113.2392,117.0522,0.0034,58.5815,510.2439,524.6955,1775442721976296504
vocseg,no_sharing,13.0314,1615.0193,1113.2392,117.0522,0.0034,58.5815,484.5338,501.7801,1775442721976296504
vocseg,no_sharing,13.0375,1611.8176,1113.2392,117.0522,0.0034,58.5815,478.5209,498.5784,1775442721976296504
vocseg,no_sharing,13.063,1589.1581,1113.2392,117.0522,0.0034,58.5815,453.0232,475.9189,1775442721976296504
vocseg,no_sharing,13.0902,1564.6884,1113.2392,117.0522,0.0034,58.5815,425.761,451.4492,1775442721976296504
vocseg,no_sharing,13.1255,1532.2444,1113.2392,117.0522,0.0034,58.5815,390.4736,419.0052,1775442721976296504
vocseg,no_sharing,13.1411,1519.4213,1113.2392,117.0522,0.0034,58.5815,374.8274,406.1821,1775442721976296504
vocseg,no_sharing,13.2362,1427.1762,1113.2392,117.0522,0.0034,58.5815,279.7425,313.937,1775442721976296504
vocseg,no_sharing,13.288,1378.5086,1113.2392,117.0522,0.0034,58.5815,227.9398,265.2694,1775442721976296504
vocseg,no_sharing,13.2967,1373.6525,1113.2392,117.0522,0.0034,58.5815,219.2912,260.4133,1775442721976296504
vocseg,no_sharing,13.325,1354.1133,1113.2392,117.0522,0.0034,58.5815,190.9745,240.8741,1775442721976296504
vocseg,no_sharing,13.418,1261.132,1113.2392,117.0522,0.0034,58.5815,97.9798,147.8928,1775442721976296504
vocseg,no_sharing,13.4611,1241.0712,1113.2392,117.0522,0.0034,58.5815,54.8856,127.832,1775442721976296504
vocseg,no_sharing,13.4683,1233.9029,1113.2392,117.0522,0.0034,58.5815,47.6952,120.6637,1775442721976296504
vocseg,no_sharing,13.4946,2588.3589,1396.1193,73.3494,0.004,47.2264,1184.4885,1192.2396,1775442723139368793
vocseg,no_sharing,13.5093,2578.4154,1396.1193,73.3494,0.004,47.2264,1169.795,1182.2961,1775442723139368793
vocseg,no_sharing,13.5509,2546.0997,1396.1193,73.3494,0.004,47.2264,1128.1517,1149.9804,1775442723139368793
vocseg,no_sharing,13.6051,2491.9465,1396.1193,73.3494,0.004,47.2264,1073.9872,1095.8272,1775442723139368793
vocseg,no_sharing,13.6488,2466.2056,1396.1193,73.3494,0.004,47.2264,1030.216,1070.0863,1775442723139368793
vocseg,no_sharing,13.6751,2439.9467,1396.1193,73.3494,0.004,47.2264,1003.9477,1043.8274,1775442723139368793
vocseg,no_sharing,13.7199,2395.1635,1396.1193,73.3494,0.004,47.2264,959.1575,999.0442,1775442723139368793
vocseg,no_sharing,13.7263,2406.4772,1396.1193,73.3494,0.004,47.2264,952.7588,1010.3579,1775442723139368793
vocseg,no_sharing,13.8657,2276.2821,1396.1193,73.3494,0.004,47.2264,813.3776,880.1628,1775442723139368793
vocseg,no_sharing,13.8889,2253.0444,1396.1193,73.3494,0.004,47.2264,790.1306,856.9251,1775442723139368793
vocseg,no_sharing,13.9405,2201.4933,1396.1193,73.3494,0.004,47.2264,738.5714,805.374,1775442723139368793
vocseg,no_sharing,13.9566,2185.3576,1396.1193,73.3494,0.004,47.2264,722.4302,789.2383,1775442723139368793
vocseg,no_sharing,13.9708,2196.4724,1396.1193,73.3494,0.004,47.2264,708.2973,800.3531,1775442723139368793
vocseg,no_sharing,14.0109,2156.2951,1396.1193,73.3494,0.004,47.2264,668.1058,760.1758,1775442723139368793
vocseg,no_sharing,14.1885,1987.0152,1396.1193,73.3494,0.004,47.2264,490.5465,590.896,1775442723139368793
vocseg,no_sharing,14.2529,1922.5903,1396.1193,73.3494,0.004,47.2264,426.1117,526.471,1775442723139368793
vocseg,no_sharing,14.3205,1855.0105,1396.1193,73.3494,0.004,47.2264,358.5253,458.8912,1775442723139368793
vocseg,no_sharing,14.4062,1769.3372,1396.1193,73.3494,0.004,47.2264,272.8467,373.2179,1775442723139368793
vocseg,no_sharing,14.4618,1713.7957,1396.1193,73.3494,0.004,47.2264,217.299,317.6764,1775442723139368793
vocseg,no_sharing,14.4965,1679.0617,1396.1193,73.3494,0.004,47.2264,182.5612,282.9424,1775442723139368793
vocseg,no_sharing,14.5026,1686.1761,1396.1193,73.3494,0.004,47.2264,176.4107,290.0568,1775442723139368793
vocseg,no_sharing,14.5118,1677.0608,1396.1193,73.3494,0.004,47.2264,167.2878,280.9415,1775442723139368793
vocseg,no_sharing,14.5725,1616.3118,1396.1193,73.3494,0.004,47.2264,106.534,220.1925,1775442723139368793
vocseg,no_sharing,14.5858,1603.1079,1396.1193,73.3494,0.004,47.2264,93.2782,206.9886,1775442723139368793
vocseg,no_sharing,14.592,1596.8685,1396.1193,73.3494,0.004,47.2264,87.0321,200.7492,1775442723139368793
vocseg,no_sharing,14.5943,1594.6312,1396.1193,73.3494,0.004,47.2264,84.7902,198.5119,1775442723139368793
vocseg,no_sharing,14.6009,1587.9762,1396.1193,73.3494,0.004,47.2264,78.131,191.8569,1775442723139368793
vocseg,no_sharing,14.6051,1583.7767,1396.1193,73.3494,0.004,47.2264,73.9274,187.6574,1775442723139368793
vocseg,no_sharing,14.7899,2752.8944,1378.0075,148.674,0.003,45.5192,1367.6913,1374.8869,1775442724617868240
vocseg,no_sharing,14.7899,2768.188,1378.0075,148.674,0.003,45.5192,1367.6708,1390.1805,1775442724617868240
vocseg,no_sharing,14.7899,2768.1935,1378.0075,148.674,0.003,45.5192,1367.6639,1390.186,1775442724617868240
vocseg,no_sharing,14.7899,2790.6134,1378.0075,148.674,0.003,45.5192,1367.6589,1412.6059,1775442724617868240
vocseg,no_sharing,14.8357,2758.4822,1378.0075,148.674,0.003,45.5192,1321.8923,1380.4747,1775442724617868240
vocseg,no_sharing,14.8357,2758.4276,1378.0075,148.674,0.003,45.5192,1321.8269,1380.4201,1775442724617868240
vocseg,no_sharing,14.8357,2758.4288,1378.0075,148.674,0.003,45.5192,1321.8198,1380.4213,1775442724617868240
vocseg,no_sharing,14.971,2623.1866,1378.0075,148.674,0.003,45.5192,1186.5699,1245.1791,1775442724617868240
vocseg,no_sharing,15.0784,2515.7387,1378.0075,148.674,0.003,45.5192,1079.1142,1137.7312,1775442724617868240
vocseg,no_sharing,15.147,2506.3949,1378.0075,148.674,0.003,45.5192,1010.5586,1128.3874,1775442724617868240
vocseg,no_sharing,15.1697,2483.6528,1378.0075,148.674,0.003,45.5192,987.8054,1105.6453,1775442724617868240
vocseg,no_sharing,15.3299,2323.494,1378.0075,148.674,0.003,45.5192,827.6377,945.4865,1775442724617868240
vocseg,no_sharing,15.4498,2208.6675,1378.0075,148.674,0.003,45.5192,707.7024,830.66,1775442724617868240
vocseg,no_sharing,15.465,2193.5203,1378.0075,148.674,0.003,45.5192,692.5454,815.5128,1775442724617868240
vocseg,no_sharing,15.5141,2144.4407,1378.0075,148.674,0.003,45.5192,643.4572,766.4331,1775442724617868240
vocseg,no_sharing,15.5167,2141.7952,1378.0075,148.674,0.003,45.5192,640.8048,763.7877,1775442724617868240
vocseg,no_sharing,15.6769,1981.6256,1378.0075,148.674,0.003,45.5192,480.6278,603.6181,1775442724617868240
vocseg,no_sharing,15.7619,1896.6849,1378.0075,148.674,0.003,45.5192,395.6802,518.6774,1775442724617868240
vocseg,no_sharing,15.7685,1890.0602,1378.0075,148.674,0.003,45.5192,389.0491,512.0527,1775442724617868240
vocseg,no_sharing,15.8222,1836.3247,1378.0075,148.674,0.003,45.5192,335.3078,458.3172,1775442724617868240
vocseg,no_sharing,15.8486,1809.974,1378.0075,148.674,0.003,45.5192,308.9502,431.9665,1775442724617868240
vocseg,no_sharing,15.8519,1806.6452,1378.0075,148.674,0.003,45.5192,305.6149,428.6376,1775442724617868240
vocseg,no_sharing,15.8948,1763.8168,1378.0075,148.674,0.003,45.5192,262.778,385.8093,1775442724617868240
vocseg,no_sharing,15.9105,1748.0977,1378.0075,148.674,0.003,45.5192,247.0531,370.0902,1775442724617868240
vocseg,no_sharing,15.9349,1723.6602,1378.0075,148.674,0.003,45.5192,222.6098,345.6527,1775442724617868240
vocseg,no_sharing,15.9622,1696.4066,1378.0075,148.674,0.003,45.5192,195.3511,318.3991,1775442724617868240
vocseg,no_sharing,16.0174,1641.8016,1378.0075,148.674,0.003,45.5192,140.1892,263.7941,1775442724617868240
vocseg,no_sharing,16.083,3245.0061,1733.3632,159.3857,0.0033,54.2624,1504.7016,1511.6429,1775442726048011439
vocseg,no_sharing,16.2952,3035.5685,1733.3632,159.3857,0.0033,54.2624,1292.45,1302.2053,1775442726048011439
vocseg,no_sharing,16.3108,3022.8329,1733.3632,159.3857,0.0033,54.2624,1276.9239,1289.4697,1775442726048011439
vocseg,no_sharing,16.3781,2958.2953,1733.3632,159.3857,0.0033,54.2624,1209.5873,1224.9322,1775442726048011439
vocseg,no_sharing,16.4008,2938.4315,1733.3632,159.3857,0.0033,54.2624,1186.9397,1205.0683,1775442726048011439
vocseg,no_sharing,16.4487,2893.2116,1733.3632,159.3857,0.0033,54.2624,1138.9527,1159.8484,1775442726048011439
vocseg,no_sharing,16.4924,2852.4282,1733.3632,159.3857,0.0033,54.2624,1095.3133,1119.065,1775442726048011439
vocseg,no_sharing,16.5864,2763.9899,1733.3632,159.3857,0.0033,54.2624,1001.3125,1030.6267,1775442726048011439
vocseg,no_sharing,16.7021,2648.2773,1733.3632,159.3857,0.0033,54.2624,885.591,914.9141,1775442726048011439
vocseg,no_sharing,16.7768,2579.0751,1733.3632,159.3857,0.0033,54.2624,810.9069,845.7119,1775442726048011439
vocseg,no_sharing,16.8004,2555.4471,1733.3632,159.3857,0.0033,54.2624,787.271,822.0839,1775442726048011439
vocseg,no_sharing,16.8627,2498.6227,1733.3632,159.3857,0.0033,54.2624,724.9656,765.2595,1775442726048011439
vocseg,no_sharing,16.8982,2463.1186,1733.3632,159.3857,0.0033,54.2624,689.4541,729.7554,1775442726048011439
vocseg,no_sharing,16.9185,2448.3173,1733.3632,159.3857,0.0033,54.2624,669.1604,714.9541,1775442726048011439
vocseg,no_sharing,16.9212,2445.6742,1733.3632,159.3857,0.0033,54.2624,666.5094,712.311,1775442726048011439
vocseg,no_sharing,17.0027,2369.6826,1733.3632,159.3857,0.0033,54.2624,585.0408,636.3194,1775442726048011439
vocseg,no_sharing,17.0922,2280.1008,1733.3632,159.3857,0.0033,54.2624,495.4505,546.7376,1775442726048011439
vocseg,no_sharing,17.1545,2223.3636,1733.3632,159.3857,0.0033,54.2624,433.1768,490.0005,1775442726048011439
vocseg,no_sharing,17.2357,2142.1461,1733.3632,159.3857,0.0033,54.2624,351.9516,408.7829,1775442726048011439
vocseg,no_sharing,17.2419,2142.0465,1733.3632,159.3857,0.0033,54.2624,345.8004,408.6833,1775442726048011439
vocseg,no_sharing,17.2419,2142.0422,1733.3632,159.3857,0.0033,54.2624,345.788,408.679,1775442726048011439
vocseg,no_sharing,17.2475,2146.1737,1733.3632,159.3857,0.0033,54.2624,340.2061,412.8105,1775442726048011439
vocseg,no_sharing,17.2626,2131.0306,1733.3632,159.3857,0.0033,54.2624,325.053,397.6674,1775442726048011439
vocseg,no_sharing,17.3913,2002.4128,1733.3632,159.3857,0.0033,54.2624,196.4283,269.0496,1775442726048011439
vocseg,no_sharing,17.4001,2002.3203,1733.3632,159.3857,0.0033,54.2624,187.6245,268.9571,1775442726048011439
vocseg,no_sharing,17.4242,1978.2426,1733.3632,159.3857,0.0033,54.2624,163.5315,244.8794,1775442726048011439
vocseg,no_sharing,17.4296,1972.8215,1733.3632,159.3857,0.0033,54.2624,158.102,239.4583,1775442726048011439
vocseg,no_sharing,17.438,1969.9495,1733.3632,159.3857,0.0033,54.2624,149.7364,236.5863,1775442726048011439
vocseg,no_sharing,17.4536,1954.304,1733.3632,159.3857,0.0033,54.2624,134.0835,220.9408,1775442726048011439
vocseg,no_sharing,17.5804,3549.0217,1713.3092,92.0764,0.0038,50.6504,1828.7144,1835.7125,1775442727869413837
vocseg,no_sharing,17.5804,3551.8422,1713.3092,92.0764,0.0038,50.6504,1828.6939,1838.533,1775442727869413837
vocseg,no_sharing,17.8009,3334.285,1713.3092,92.0764,0.0038,50.6504,1608.1805,1620.9758,1775442727869413837
vocseg,no_sharing,17.8953,3242.7866,1713.3092,92.0764,0.0038,50.6504,1513.8271,1529.4774,1775442727869413837
vocseg,no_sharing,17.8989,3241.9169,1713.3092,92.0764,0.0038,50.6504,1510.1638,1528.6077,1775442727869413837
vocseg,no_sharing,17.9216,3222.0931,1713.3092,92.0764,0.0038,50.6504,1487.525,1508.7839,1775442727869413837
vocseg,no_sharing,18.138,3008.5213,1713.3092,92.0764,0.0038,50.6504,1271.071,1295.2121,1775442727869413837
vocseg,no_sharing,18.1427,3009.5119,1713.3092,92.0764,0.0038,50.6504,1266.4108,1296.2027,1775442727869413837
vocseg,no_sharing,18.1964,2955.8041,1713.3092,92.0764,0.0038,50.6504,1212.6954,1242.4949,1775442727869413837
vocseg,no_sharing,18.3443,2813.4956,1713.3092,92.0764,0.0038,50.6504,1064.7581,1100.1864,1775442727869413837
vocseg,no_sharing,18.4353,2722.4979,1713.3092,92.0764,0.0038,50.6504,973.7508,1009.1887,1775442727869413837
vocseg,no_sharing,18.4354,2728.3664,1713.3092,92.0764,0.0038,50.6504,973.7401,1015.0571,1775442727869413837
vocseg,no_sharing,18.469,2694.772,1713.3092,92.0764,0.0038,50.6504,940.1357,981.4628,1775442727869413837
vocseg,no_sharing,18.5026,2670.4419,1713.3092,92.0764,0.0038,50.6504,906.4522,957.1326,1775442727869413837
vocseg,no_sharing,18.5733,2599.7798,1713.3092,92.0764,0.0038,50.6504,835.7821,886.4706,1775442727869413837
vocseg,no_sharing,18.623,2556.1395,1713.3092,92.0764,0.0038,50.6504,786.1285,842.8302,1775442727869413837
vocseg,no_sharing,18.6623,2519.757,1713.3092,92.0764,0.0038,50.6504,746.8188,806.4478,1775442727869413837
vocseg,no_sharing,18.6899,2492.1114,1713.3092,92.0764,0.0038,50.6504,719.1646,778.8022,1775442727869413837
vocseg,no_sharing,18.7396,2447.9668,1713.3092,92.0764,0.0038,50.6504,669.5397,734.6576,1775442727869413837
vocseg,no_sharing,18.8343,2358.8786,1713.3092,92.0764,0.0038,50.6504,574.8346,645.5694,1775442727869413837
vocseg,no_sharing,18.9056,2287.5972,1713.3092,92.0764,0.0038,50.6504,503.5441,574.2879,1775442727869413837
vocseg,no_sharing,18.9415,2257.2339,1713.3092,92.0764,0.0038,50.6504,467.5863,543.9246,1775442727869413837
vocseg,no_sharing,18.9442,2254.5414,1713.3092,92.0764,0.0038,50.6504,464.884,541.2322,1775442727869413837
vocseg,no_sharing,18.9493,2255.3451,1713.3092,92.0764,0.0038,50.6504,459.7697,542.0359,1775442727869413837
vocseg,no_sharing,18.9689,2235.7295,1713.3092,92.0764,0.0038,50.6504,440.1462,522.4202,1775442727869413837
vocseg,no_sharing,19.0194,2191.4971,1713.3092,92.0764,0.0038,50.6504,389.7328,478.1878,1775442727869413837
vocseg,no_sharing,19.034,2176.893,1713.3092,92.0764,0.0038,50.6504,375.1163,463.5838,1775442727869413837
vocseg,no_sharing,19.1076,2114.6414,1713.3092,92.0764,0.0038,50.6504,301.4812,401.3322,1775442727869413837
vocseg,no_sharing,19.1583,2064.0078,1713.3092,92.0764,0.0038,50.6504,250.8354,350.6985,1775442727869413837
vocseg,no_sharing,19.1629,2059.8073,1713.3092,92.0764,0.0038,50.6504,246.1765,346.4981,1775442727869413837
vocseg,no_sharing,19.1998,2022.8999,1713.3092,92.0764,0.0038,50.6504,209.2514,309.5906,1775442727869413837
vocseg,no_sharing,19.2168,2005.9805,1713.3092,92.0764,0.0038,50.6504,192.3251,292.6713,1775442727869413837
vocseg,no_sharing,19.6273,3472.7697,1877.9321,196.9154,0.0034,49.4317,1586.8826,1594.8376,1775442729674542482
vocseg,no_sharing,19.6274,3477.2532,1877.9321,196.9154,0.0034,49.4317,1586.8704,1599.3211,1775442729674542482
vocseg,no_sharing,19.6274,3486.2285,1877.9321,196.9154,0.0034,49.4317,1586.8638,1608.2964,1775442729674542482
vocseg,no_sharing,19.6528,3460.7854,1877.9321,196.9154,0.0034,49.4317,1561.41,1582.8533,1775442729674542482
vocseg,no_sharing,19.842,3290.0555,1877.9321,196.9154,0.0034,49.4317,1372.2126,1412.1234,1775442729674542482
vocseg,no_sharing,19.842,3290.0512,1877.9321,196.9154,0.0034,49.4317,1372.1993,1412.1191,1775442729674542482
vocseg,no_sharing,19.8621,3269.9561,1877.9321,196.9154,0.0034,49.4317,1352.0985,1392.024,1775442729674542482
vocseg,no_sharing,19.9085,3241.7486,1877.9321,196.9154,0.0034,49.4317,1305.7482,1363.8165,1775442729674542482
vocseg,no_sharing,20.0028,3156.678,1877.9321,196.9154,0.0034,49.4317,1211.4432,1278.7459,1775442729674542482
vocseg,no_sharing,20.0044,3155.0629,1877.9321,196.9154,0.0034,49.4317,1209.8169,1277.1308,1775442729674542482
vocseg,no_sharing,20.0617,3097.7359,1877.9321,196.9154,0.0034,49.4317,1152.4827,1219.8038,1775442729674542482
vocseg,no_sharing,20.1677,2991.818,1877.9321,196.9154,0.0034,49.4317,1046.5577,1113.8858,1775442729674542482
vocseg,no_sharing,20.2041,2981.946,1877.9321,196.9154,0.0034,49.4317,1010.1633,1104.0139,1775442729674542482
vocseg,no_sharing,20.2253,2960.6695,1877.9321,196.9154,0.0034,49.4317,988.8775,1082.7374,1775442729674542482
vocseg,no_sharing,20.227,2974.6687,1877.9321,196.9154,0.0034,49.4317,987.2406,1096.7366,1775442729674542482
vocseg,no_sharing,20.2706,2931.0391,1877.9321,196.9154,0.0034,49.4317,943.5949,1053.107,1775442729674542482
vocseg,no_sharing,20.3193,2882.3316,1877.9321,196.9154,0.0034,49.4317,894.8777,1004.3995,1775442729674542482
vocseg,no_sharing,20.3891,2812.5529,1877.9321,196.9154,0.0034,49.4317,825.0902,934.6208,1775442729674542482
vocseg,no_sharing,20.5411,2660.6531,1877.9321,196.9154,0.0034,49.4317,673.1646,782.721,1775442729674542482
vocseg,no_sharing,20.7257,2476.0706,1877.9321,196.9154,0.0034,49.4317,488.5712,598.1385,1775442729674542482
vocseg,no_sharing,20.7944,2436.7073,1877.9321,196.9154,0.0034,49.4317,419.801,558.7752,1775442729674542482
vocseg,no_sharing,20.7944,2436.6982,1877.9321,196.9154,0.0034,49.4317,419.7803,558.7661,1775442729674542482
vocseg,no_sharing,20.8145,2416.6005,1877.9321,196.9154,0.0034,49.4317,399.6761,538.6684,1775442729674542482
vocseg,no_sharing,20.8403,2390.8257,1877.9321,196.9154,0.0034,49.4317,373.8964,512.8936,1775442729674542482
vocseg,no_sharing,20.8512,2382.6733,1877.9321,196.9154,0.0034,49.4317,363.0288,504.7412,1775442729674542482
vocseg,no_sharing,20.8925,2341.404,1877.9321,196.9154,0.0034,49.4317,321.7506,463.4719,1775442729674542482
vocseg,no_sharing,20.916,2317.8418,1877.9321,196.9154,0.0034,49.4317,298.1784,439.9097,1775442729674542482
vocseg,no_sharing,20.9791,2254.832,1877.9321,196.9154,0.0034,49.4317,235.1635,376.8999,1775442729674542482
vocseg,no_sharing,21.0197,2214.1852,1877.9321,196.9154,0.0034,49.4317,194.5117,336.2531,1775442729674542482
vocseg,no_sharing,21.0205,2213.4495,1877.9321,196.9154,0.0034,49.4317,193.7706,335.5174,1775442729674542482
vocseg,no_sharing,21.0324,2201.4964,1877.9321,196.9154,0.0034,49.4317,181.8135,323.5643,1775442729674542482
vocseg,no_sharing,21.0324,2201.489,1877.9321,196.9154,0.0034,49.4317,181.8013,323.5569,1775442729674542482
vocseg,no_sharing,21.0438,2190.1467,1877.9321,196.9154,0.0034,49.4317,170.4552,312.2146,1775442729674542482
vocseg,no_sharing,21.0544,2179.5759,1877.9321,196.9154,0.0034,49.4317,159.8232,301.6438,1775442729674542482
vocseg,no_sharing,21.1642,4440.5553,2399.0409,251.3377,0.003,47.7187,2033.3171,2041.5144,1775442731657879966
vocseg,no_sharing,21.2108,4398.5267,2399.0409,251.3377,0.003,47.7187,1986.7926,1999.4858,1775442731657879966
vocseg,no_sharing,21.2108,4407.4061,2399.0409,251.3377,0.003,47.7187,1986.7723,2008.3652,1775442731657879966
vocseg,no_sharing,21.2695,4348.6693,2399.0409,251.3377,0.003,47.7187,1928.026,1949.6284,1775442731657879966
vocseg,no_sharing,21.3142,4317.7793,2399.0409,251.3377,0.003,47.7187,1883.3768,1918.7384,1775442731657879966
vocseg,no_sharing,21.3318,4300.1523,2399.0409,251.3377,0.003,47.7187,1865.7408,1901.1114,1775442731657879966
vocseg,no_sharing,21.3596,4272.4178,2399.0409,251.3377,0.003,47.7187,1837.9996,1873.3769,1775442731657879966
vocseg,no_sharing,21.3632,4291.158,2399.0409,251.3377,0.003,47.7187,1834.3484,1892.1171,1775442731657879966
vocseg,no_sharing,21.4316,4222.8177,2399.0409,251.3377,0.003,47.7187,1765.9984,1823.7767,1775442731657879966
vocseg,no_sharing,21.4465,4207.9206,2399.0409,251.3377,0.003,47.7187,1751.0953,1808.8796,1775442731657879966
vocseg,no_sharing,21.5191,4135.2961,2399.0409,251.3377,0.003,47.7187,1678.4644,1736.2552,1775442731657879966
vocseg,no_sharing,21.554,4100.3571,2399.0409,251.3377,0.003,47.7187,1643.5189,1701.3161,1775442731657879966
vocseg,no_sharing,21.7942,3896.1947,2399.0409,251.3377,0.003,47.7187,1403.3663,1497.1538,1775442731657879966
vocseg,no_sharing,21.9329,3757.4823,2399.0409,251.3377,0.003,47.7187,1264.6427,1358.4414,1775442731657879966
vocseg,no_sharing,21.9436,3746.8553,2399.0409,251.3377,0.003,47.7187,1254.0076,1347.8143,1775442731657879966
vocseg,no_sharing,21.9436,3746.8483,2399.0409,251.3377,0.003,47.7187,1253.9949,1347.8074,1775442731657879966
vocseg,no_sharing,21.9696,3720.808,2399.0409,251.3377,0.003,47.7187,1227.948,1321.7671,1775442731657879966
vocseg,no_sharing,22.0076,3682.8611,2399.0409,251.3377,0.003,47.7187,1189.9943,1283.8202,1775442731657879966
vocseg,no_sharing,22.0512,3639.2107,2399.0409,251.3377,0.003,47.7187,1146.338,1240.1698,1775442731657879966
vocseg,no_sharing,22.0665,3623.9121,2399.0409,251.3377,0.003,47.7187,1131.0334,1224.8712,1775442731657879966
vocseg,no_sharing,22.1075,3641.865,2399.0409,251.3377,0.003,47.7187,1090.1051,1242.8241,1775442731657879966
vocseg,no_sharing,22.1271,3622.2341,2399.0409,251.3377,0.003,47.7187,1070.4613,1223.1932,1775442731657879966
vocseg,no_sharing,22.1796,3569.7913,2399.0409,251.3377,0.003,47.7187,1018.0099,1170.7504,1775442731657879966
vocseg,no_sharing,22.2542,3495.1277,2399.0409,251.3377,0.003,47.7187,943.3393,1096.0868,1775442731657879966
vocseg,no_sharing,22.3639,3385.4101,2399.0409,251.3377,0.003,47.7187,833.6153,986.3692,1775442731657879966
vocseg,no_sharing,22.4119,3337.4426,2399.0409,251.3377,0.003,47.7187,785.6419,938.4017,1775442731657879966
vocseg,no_sharing,22.4262,3323.1537,2399.0409,251.3377,0.003,47.7187,771.3461,924.1128,1775442731657879966
vocseg,no_sharing,22.4646,3284.7848,2399.0409,251.3377,0.003,47.7187,732.9707,885.7439,1775442731657879966
vocseg,no_sharing,22.4759,3273.4859,2399.0409,251.3377,0.003,47.7187,721.6659,874.445,1775442731657879966
vocseg,no_sharing,22.4865,3262.8465,2399.0409,251.3377,0.003,47.7187,711.0214,863.8056,1775442731657879966
vocseg,no_sharing,22.5122,3237.2105,2399.0409,251.3377,0.003,47.7187,685.3807,838.1696,1775442731657879966
vocseg,no_sharing,22.5424,3206.9509,2399.0409,251.3377,0.003,47.7187,655.1163,807.91,1775442731657879966
vocseg,no_sharing,22.5592,3249.0504,2399.0409,251.3377,0.003,47.7187,638.3109,850.0095,1775442731657879966
vocseg,no_sharing,22.5739,3237.9267,2399.0409,251.3377,0.003,47.7187,623.6384,838.8858,1775442731657879966
vocseg,no_sharing,22.6036,3208.3106,2399.0409,251.3377,0.003,47.7187,594.0058,809.2697,1775442731657879966
vocseg,no_sharing,22.6458,3166.0287,2399.0409,251.3377,0.003,47.7187,551.7139,766.9878,1775442731657879966
vocseg,no_sharing,22.6485,3163.3964,2399.0409,251.3377,0.003,47.7187,549.0732,764.3554,1775442731657879966
vocseg,no_sharing,22.6592,3152.6811,2399.0409,251.3377,0.003,47.7187,538.3494,753.6402,1775442731657879966
vocseg,no_sharing,22.6679,3144.0198,2399.0409,251.3377,0.003,47.7187,529.6798,744.9789,1775442731657879966
vocseg,no_sharing,22.8971,2914.7768,2399.0409,251.3377,0.003,47.7187,300.4274,515.7359,1775442731657879966
vocseg,no_sharing,22.9693,2842.6256,2399.0409,251.3377,0.003,47.7187,228.2681,443.5847,1775442731657879966
vocseg,no_sharing,23.0001,2811.8513,2399.0409,251.3377,0.003,47.7187,197.4862,412.8104,1775442731657879966
vocseg,no_sharing,23.0657,2746.1987,2399.0409,251.3377,0.003,47.7187,131.8264,347.1577,1775442731657879966
vocseg,no_sharing,23.0735,2738.4524,2399.0409,251.3377,0.003,47.7187,124.0733,339.4115,1775442731657879966
vocseg,no_sharing,23.0758,2736.1753,2399.0409,251.3377,0.003,47.7187,121.7885,337.1344,1775442731657879966
vocseg,no_sharing,23.2339,5521.5578,3011.9422,222.546,0.0037,49.8027,2501.2546,2509.6156,1775442734195496916
vocseg,no_sharing,23.2908,5469.1319,3011.9422,222.546,0.0037,49.8027,2444.4218,2457.1897,1775442734195496916
vocseg,no_sharing,23.3609,5413.1367,3011.9422,222.546,0.0037,49.8027,2374.3029,2401.1945,1775442734195496916
vocseg,no_sharing,23.483,5291.0051,3011.9422,222.546,0.0037,49.8027,2252.1582,2279.0629,1775442734195496916
vocseg,no_sharing,23.5665,5262.8901,3011.9422,222.546,0.0037,49.8027,2168.6521,2250.9479,1775442734195496916
vocseg,no_sharing,23.5702,5259.2394,3011.9422,222.546,0.0037,49.8027,2164.9673,2247.2972,1775442734195496916
vocseg,no_sharing,23.5719,5257.5896,3011.9422,222.546,0.0037,49.8027,2163.2981,2245.6474,1775442734195496916
vocseg,no_sharing,23.6639,5165.6244,3011.9422,222.546,0.0037,49.8027,2071.3227,2153.6822,1775442734195496916
vocseg,no_sharing,23.6925,5137.0153,3011.9422,222.546,0.0037,49.8027,2042.6948,2125.0731,1775442734195496916
vocseg,no_sharing,23.8246,5004.8711,3011.9422,222.546,0.0037,49.8027,1910.5308,1992.9289,1775442734195496916
vocseg,no_sharing,23.907,4922.5295,3011.9422,222.546,0.0037,49.8027,1828.1713,1910.5872,1775442734195496916
vocseg,no_sharing,23.907,5057.9967,3011.9422,222.546,0.0037,49.8027,1828.1591,2046.0545,1775442734195496916
vocseg,no_sharing,23.9213,5043.7365,3011.9422,222.546,0.0037,49.8027,1813.8778,2031.7942,1775442734195496916
vocseg,no_sharing,23.9272,5037.8914,3011.9422,222.546,0.0037,49.8027,1808.0177,2025.9492,1775442734195496916
vocseg,no_sharing,23.9289,5036.1862,3011.9422,222.546,0.0037,49.8027,1806.298,2024.244,1775442734195496916
vocseg,no_sharing,23.9822,4982.832,3011.9422,222.546,0.0037,49.8027,1752.9371,1970.8897,1775442734195496916
vocseg,no_sharing,24.0291,4935.9379,3011.9422,222.546,0.0037,49.8027,1706.0301,1923.9957,1775442734195496916
vocseg,no_sharing,24.1599,4805.2294,3011.9422,222.546,0.0037,49.8027,1575.3083,1793.2872,1775442734195496916
vocseg,no_sharing,24.2235,4741.5943,3011.9422,222.546,0.0037,49.8027,1511.6601,1729.6521,1775442734195496916
vocseg,no_sharing,24.2355,4729.6073,3011.9422,222.546,0.0037,49.8027,1499.6612,1717.6651,1775442734195496916
vocseg,no_sharing,24.3082,4656.9171,3011.9422,222.546,0.0037,49.8027,1426.9655,1644.9749,1775442734195496916
vocseg,no_sharing,24.3119,4653.2552,3011.9422,222.546,0.0037,49.8027,1423.2917,1641.313,1775442734195496916
vocseg,no_sharing,24.3782,4586.9994,3011.9422,222.546,0.0037,49.8027,1357.0242,1575.0572,1775442734195496916
vocseg,no_sharing,24.3895,4575.7043,3011.9422,222.546,0.0037,49.8027,1345.716,1563.7621,1775442734195496916
vocseg,no_sharing,24.4744,4490.802,3011.9422,222.546,0.0037,49.8027,1260.8082,1478.8598,1775442734195496916
vocseg,no_sharing,24.4749,4490.2391,3011.9422,222.546,0.0037,49.8027,1260.2348,1478.2969,1775442734195496916
vocseg,no_sharing,24.4826,4482.6183,3011.9422,222.546,0.0037,49.8027,1252.6035,1470.6761,1775442734195496916
vocseg,no_sharing,24.526,4439.234,3011.9422,222.546,0.0037,49.8027,1209.209,1427.2918,1775442734195496916
vocseg,no_sharing,24.5336,4431.6278,3011.9422,222.546,0.0037,49.8027,1201.5924,1419.6855,1775442734195496916
vocseg,no_sharing,24.6049,4459.4052,3011.9422,222.546,0.0037,49.8027,1130.2798,1447.463,1775442734195496916
vocseg,no_sharing,24.6165,4447.7768,3011.9422,222.546,0.0037,49.8027,1118.6368,1435.8346,1775442734195496916
vocseg,no_sharing,24.6967,4367.6231,3011.9422,222.546,0.0037,49.8027,1038.4741,1355.6809,1775442734195496916
vocseg,no_sharing,24.7044,4359.9744,3011.9422,222.546,0.0037,49.8027,1030.8187,1348.0322,1775442734195496916
vocseg,no_sharing,24.7571,4307.2078,3011.9422,222.546,0.0037,49.8027,978.0443,1295.2656,1775442734195496916
vocseg,no_sharing,24.7633,4301.0018,3011.9422,222.546,0.0037,49.8027,971.8313,1289.0596,1775442734195496916
vocseg,no_sharing,24.7875,4276.8216,3011.9422,222.546,0.0037,49.8027,947.6447,1264.8794,1775442734195496916
vocseg,no_sharing,24.8079,4256.4878,3011.9422,222.546,0.0037,49.8027,927.3036,1244.5456,1775442734195496916
vocseg,no_sharing,24.871,4193.3298,3011.9422,222.546,0.0037,49.8027,864.1379,1181.3876,1775442734195496916
vocseg,no_sharing,24.8892,4175.2026,3011.9422,222.546,0.0037,49.8027,846.0045,1163.2604,1775442734195496916
vocseg,no_sharing,24.9533,4111.0487,3011.9422,222.546,0.0037,49.8027,781.8449,1099.1065,1775442734195496916
vocseg,no_sharing,24.9982,4066.1423,3011.9422,222.546,0.0037,49.8027,736.9328,1054.2001,1775442734195496916
vocseg,no_sharing,25.0959,4017.0565,3011.9422,222.546,0.0037,49.8027,639.3032,1005.1143,1775442734195496916
vocseg,no_sharing,25.1676,3953.8543,3011.9422,222.546,0.0037,49.8027,567.5588,941.9121,1775442734195496916
vocseg,no_sharing,25.1708,3950.6996,3011.9422,222.546,0.0037,49.8027,564.394,938.7574,1775442734195496916
vocseg,no_sharing,25.1921,3929.3745,3011.9422,222.546,0.0037,49.8027,543.0608,917.4322,1775442734195496916
vocseg,no_sharing,25.2094,3912.0858,3011.9422,222.546,0.0037,49.8027,525.764,900.1436,1775442734195496916
vocseg,no_sharing,25.2823,3839.2181,3011.9422,222.546,0.0037,49.8027,452.8887,827.2759,1775442734195496916
vocseg,no_sharing,25.2917,3829.8373,3011.9422,222.546,0.0037,49.8027,443.5003,817.8951,1775442734195496916
vocseg,no_sharing,25.324,3797.4837,3011.9422,222.546,0.0037,49.8027,411.1395,785.5415,1775442734195496916
vocseg,no_sharing,25.3704,3751.0965,3011.9422,222.546,0.0037,49.8027,364.7468,739.1543,1775442734195496916
vocseg,no_sharing,25.3836,3737.9377,3011.9422,222.546,0.0037,49.8027,351.5832,725.9955,1775442734195496916
vocseg,no_sharing,25.387,3734.5304,3011.9422,222.546,0.0037,49.8027,348.1708,722.5882,1775442734195496916
vocseg,no_sharing,25.4654,3656.1275,3011.9422,222.546,0.0037,49.8027,269.7623,644.1852,1775442734195496916
vocseg,no_sharing,25.5566,3564.9283,3011.9422,222.546,0.0037,49.8027,178.5588,552.9861,1775442734195496916
vocseg,no_sharing,25.5687,3553.2417,3011.9422,222.546,0.0037,49.8027,166.435,541.2995,1775442734195496916
vocseg,no_sharing,25.5919,3530.0536,3011.9422,222.546,0.0037,49.8027,143.239,518.1114,1775442734195496916
vocseg,no_sharing,25.7437,6701.9324,3363.8844,314.0821,0.003,49.9901,3328.9227,3338.048,1775442737532908936
vocseg,no_sharing,25.7437,6706.4383,3363.8844,314.0821,0.003,49.9901,3328.9135,3342.5539,1775442737532908936
vocseg,no_sharing,25.7437,6715.3406,3363.8844,314.0821,0.003,49.9901,3328.9077,3351.4562,1775442737532908936
vocseg,no_sharing,25.8472,6611.8429,3363.8844,314.0821,0.003,49.9901,3225.4002,3247.9584,1775442737532908936
vocseg,no_sharing,25.8499,6622.8962,3363.8844,314.0821,0.003,49.9901,3222.6918,3259.0118,1775442737532908936
vocseg,no_sharing,25.8526,6620.167,3363.8844,314.0821,0.003,49.9901,3219.9531,3256.2826,1775442737532908936
vocseg,no_sharing,25.8789,6593.9174,3363.8844,314.0821,0.003,49.9901,3193.6963,3230.0329,1775442737532908936
vocseg,no_sharing,26.0838,6411.5369,3363.8844,314.0821,0.003,49.9901,2988.7993,3047.6525,1775442737532908936
vocseg,no_sharing,26.0934,6401.8917,3363.8844,314.0821,0.003,49.9901,2979.1436,3038.0073,1775442737532908936
vocseg,no_sharing,26.1002,6395.1466,3363.8844,314.0821,0.003,49.9901,2972.3914,3031.2622,1775442737532908936
vocseg,no_sharing,26.1069,6388.4702,3363.8844,314.0821,0.003,49.9901,2965.7085,3024.5857,1775442737532908936
vocseg,no_sharing,26.1195,6375.8311,3363.8844,314.0821,0.003,49.9901,2953.0621,3011.9467,1775442737532908936
vocseg,no_sharing,26.2413,6290.1258,3363.8844,314.0821,0.003,49.9901,2831.3384,2926.2414,1775442737532908936
vocseg,no_sharing,26.2632,6268.1816,3363.8844,314.0821,0.003,49.9901,2809.3839,2904.2971,1775442737532908936
vocseg,no_sharing,26.2798,6251.56,3363.8844,314.0821,0.003,49.9901,2792.7494,2887.6755,1775442737532908936
vocseg,no_sharing,26.3036,6227.7737,3363.8844,314.0821,0.003,49.9901,2768.9536,2863.8892,1775442737532908936
vocseg,no_sharing,26.4122,6119.2515,3363.8844,314.0821,0.003,49.9901,2660.4238,2755.3671,1775442737532908936
vocseg,no_sharing,26.4203,6111.167,3363.8844,314.0821,0.003,49.9901,2652.3314,2747.2825,1775442737532908936
vocseg,no_sharing,26.4829,6048.538,3363.8844,314.0821,0.003,49.9901,2589.6935,2684.6535,1775442737532908936
vocseg,no_sharing,26.5324,5999.0585,3363.8844,314.0821,0.003,49.9901,2540.2057,2635.174,1775442737532908936
vocseg,no_sharing,26.5522,6034.5619,3363.8844,314.0821,0.003,49.9901,2520.4344,2670.6774,1775442737532908936
vocseg,no_sharing,26.5894,5997.3178,3363.8844,314.0821,0.003,49.9901,2483.1636,2633.4334,1775442737532908936
vocseg,no_sharing,26.6777,5909.0354,3363.8844,314.0821,0.003,49.9901,2394.872,2545.151,1775442737532908936
vocseg,no_sharing,26.7093,5877.4767,3363.8844,314.0821,0.003,49.9901,2363.3051,2513.5923,1775442737532908936
vocseg,no_sharing,26.7166,5870.1804,3363.8844,314.0821,0.003,49.9901,2356.0014,2506.2959,1775442737532908936
vocseg,no_sharing,26.8661,5720.67,3363.8844,314.0821,0.003,49.9901,2206.4831,2356.7855,1775442737532908936
vocseg,no_sharing,26.9055,5681.3245,3363.8844,314.0821,0.003,49.9901,2167.1305,2317.44,1775442737532908936
vocseg,no_sharing,26.9162,5670.5861,3363.8844,314.0821,0.003,49.9901,2156.3859,2306.7017,1775442737532908936
vocseg,no_sharing,26.9803,5606.4527,3363.8844,314.0821,0.003,49.9901,2092.2449,2242.5683,1775442737532908936
vocseg,no_sharing,27.057,5529.8483,3363.8844,314.0821,0.003,49.9901,2015.6338,2165.9639,1775442737532908936
vocseg,no_sharing,27.0606,5526.2332,3363.8844,314.0821,0.003,49.9901,2012.0127,2162.3488,1775442737532908936
vocseg,no_sharing,27.1075,5479.2867,3363.8844,314.0821,0.003,49.9901,1965.0598,2115.4022,1775442737532908936
vocseg,no_sharing,27.1132,5554.3692,3363.8844,314.0821,0.003,49.9901,1959.4226,2190.4848,1775442737532908936
vocseg,no_sharing,27.2116,5455.9147,3363.8844,314.0821,0.003,49.9901,1860.9543,2092.0303,1775442737532908936
vocseg,no_sharing,27.2273,5440.2807,3363.8844,314.0821,0.003,49.9901,1845.3126,2076.3962,1775442737532908936
vocseg,no_sharing,27.3156,5351.9857,3363.8844,314.0821,0.003,49.9901,1757.0105,1988.1013,1775442737532908936
vocseg,no_sharing,27.3429,5324.7032,3363.8844,314.0821,0.003,49.9901,1729.722,1960.8188,1775442737532908936
vocseg,no_sharing,27.4075,5260.0641,3363.8844,314.0821,0.003,49.9901,1665.0772,1896.1797,1775442737532908936
vocseg,no_sharing,27.4148,5252.8024,3363.8844,314.0821,0.003,49.9901,1657.8097,1888.9179,1775442737532908936
vocseg,no_sharing,27.4704,5197.155,3363.8844,314.0821,0.003,49.9901,1602.1566,1833.2706,1775442737532908936
vocseg,no_sharing,27.4881,5179.5073,3363.8844,314.0821,0.003,49.9901,1584.5027,1815.6228,1775442737532908936
vocseg,no_sharing,27.4937,5173.8687,3363.8844,314.0821,0.003,49.9901,1578.8593,1809.9842,1775442737532908936
vocseg,no_sharing,27.5064,5161.2439,3363.8844,314.0821,0.003,49.9901,1566.2298,1797.3595,1775442737532908936
vocseg,no_sharing,27.6951,4972.486,3363.8844,314.0821,0.003,49.9901,1377.4672,1608.6016,1775442737532908936
vocseg,no_sharing,27.7423,4925.3035,3363.8844,314.0821,0.003,49.9901,1330.2803,1561.419,1775442737532908936
vocseg,no_sharing,27.7737,4893.9393,3363.8844,314.0821,0.003,49.9901,1298.9113,1530.0548,1775442737532908936
vocseg,no_sharing,27.8269,4840.7547,3363.8844,314.0821,0.003,49.9901,1245.7218,1476.8703,1775442737532908936
vocseg,no_sharing,27.8955,4772.1305,3363.8844,314.0821,0.003,49.9901,1177.0933,1408.2461,1775442737532908936
vocseg,no_sharing,27.9197,4747.9789,3363.8844,314.0821,0.003,49.9901,1152.9365,1384.0945,1775442737532908936
vocseg,no_sharing,27.971,4696.6701,3363.8844,314.0821,0.003,49.9901,1101.6231,1332.7856,1775442737532908936
vocseg,no_sharing,28.1363,4531.3051,3363.8844,314.0821,0.003,49.9901,936.254,1167.4206,1775442737532908936
vocseg,no_sharing,28.1925,4499.5048,3363.8844,314.0821,0.003,49.9901,880.1246,1135.6204,1775442737532908936
vocseg,no_sharing,28.2046,4489.6572,3363.8844,314.0821,0.003,49.9901,867.9554,1125.7727,1775442737532908936
vocseg,no_sharing,28.2358,4458.5407,3363.8844,314.0821,0.003,49.9901,836.8263,1094.6562,1775442737532908936
vocseg,no_sharing,28.276,4418.2868,3363.8844,314.0821,0.003,49.9901,796.5648,1054.4024,1775442737532908936
vocseg,no_sharing,28.4318,4262.4998,3363.8844,314.0821,0.003,49.9901,640.7659,898.6154,1775442737532908936
vocseg,no_sharing,28.5433,4151.016,3363.8844,314.0821,0.003,49.9901,529.2706,787.1316,1775442737532908936
vocseg,no_sharing,28.645,4049.387,3363.8844,314.0821,0.003,49.9901,427.6309,685.5025,1775442737532908936
vocseg,no_sharing,28.6803,4014.0386,3363.8844,314.0821,0.003,49.9901,392.2751,650.1541,1775442737532908936
vocseg,no_sharing,28.7017,3992.6894,3363.8844,314.0821,0.003,49.9901,370.9183,628.8049,1775442737532908936
vocseg,no_sharing,28.7368,3957.5188,3363.8844,314.0821,0.003,49.9901,335.741,593.6344,1775442737532908936
vocseg,no_sharing,29.0191,8378.6485,4764.3255,469.774,0.0032,48.796,3604.3921,3614.323,1775442741083816338
vocseg,no_sharing,29.0191,8383.1704,4764.3255,469.774,0.0032,48.796,3604.373,3618.8448,1775442741083816338
vocseg,no_sharing,29.0191,8392.468,4764.3255,469.774,0.0032,48.796,3604.3673,3628.1424,1775442741083816338
vocseg,no_sharing,29.0191,8392.4737,4764.3255,469.774,0.0032,48.796,3604.3627,3628.1482,1775442741083816338
vocseg,no_sharing,29.0191,8411.4661,4764.3255,469.774,0.0032,48.796,3604.3589,3647.1406,1775442741083816338
vocseg,no_sharing,29.0191,8411.4716,4764.3255,469.774,0.0032,48.796,3604.3551,3647.1461,1775442741083816338
vocseg,no_sharing,29.1128,8317.7972,4764.3255,469.774,0.0032,48.796,3510.6735,3553.4716,1775442741083816338
vocseg,no_sharing,29.1128,8317.781,4764.3255,469.774,0.0032,48.796,3510.6509,3553.4554,1775442741083816338
vocseg,no_sharing,29.1228,8339.7486,4764.3255,469.774,0.0032,48.796,3500.6483,3575.4231,1775442741083816338
vocseg,no_sharing,29.1277,8334.8763,4764.3255,469.774,0.0032,48.796,3495.7647,3570.5508,1775442741083816338
vocseg,no_sharing,29.15,8312.5854,4764.3255,469.774,0.0032,48.796,3473.4671,3548.2598,1775442741083816338
vocseg,no_sharing,29.2079,8254.7495,4764.3255,469.774,0.0032,48.796,3415.6251,3490.424,1775442741083816338
vocseg,no_sharing,29.228,8234.5891,4764.3255,469.774,0.0032,48.796,3395.4575,3470.2636,1775442741083816338
vocseg,no_sharing,29.3736,8089.0086,4764.3255,469.774,0.0032,48.796,3249.8701,3324.683,1775442741083816338
vocseg,no_sharing,29.4141,8048.5599,4764.3255,469.774,0.0032,48.796,3209.4145,3284.2344,1775442741083816338
vocseg,no_sharing,29.4948,8019.7568,4764.3255,469.774,0.0032,48.796,3128.7155,3255.4312,1775442741083816338
vocseg,no_sharing,29.5881,7926.4622,4764.3255,469.774,0.0032,48.796,3035.4009,3162.1366,1775442741083816338
vocseg,no_sharing,29.5987,7915.8413,4764.3255,469.774,0.0032,48.796,3024.7636,3151.5158,1775442741083816338
vocseg,no_sharing,29.6296,7885.0169,4764.3255,469.774,0.0032,48.796,2993.9263,3120.6914,1775442741083816338
vocseg,no_sharing,29.6342,7880.3892,4764.3255,469.774,0.0032,48.796,2989.2871,3116.0637,1775442741083816338
vocseg,no_sharing,29.6789,7835.7253,4764.3255,469.774,0.0032,48.796,2944.6108,3071.3998,1775442741083816338
vocseg,no_sharing,29.7115,7803.0872,4764.3255,469.774,0.0032,48.796,2911.9608,3038.7617,1775442741083816338
vocseg,no_sharing,29.7278,7786.8085,4764.3255,469.774,0.0032,48.796,2895.6666,3022.4829,1775442741083816338
vocseg,no_sharing,29.7365,7778.1947,4764.3255,469.774,0.0032,48.796,2887.0418,3013.8691,1775442741083816338
vocseg,no_sharing,29.7713,7743.3879,4764.3255,469.774,0.0032,48.796,2852.2232,2979.0624,1775442741083816338
vocseg,no_sharing,29.818,7696.7072,4764.3255,469.774,0.0032,48.796,2805.5296,2932.3817,1775442741083816338
vocseg,no_sharing,29.8216,7770.1182,4764.3255,469.774,0.0032,48.796,2801.9001,3005.7927,1775442741083816338
vocseg,no_sharing,29.8233,7768.4629,4764.3255,469.774,0.0032,48.796,2800.2267,3004.1374,1775442741083816338
vocseg,no_sharing,29.8539,7737.8521,4764.3255,469.774,0.0032,48.796,2769.6047,2973.5266,1775442741083816338
vocseg,no_sharing,29.9259,7665.8723,4764.3255,469.774,0.0032,48.796,2697.6142,2901.5468,1775442741083816338
vocseg,no_sharing,29.9405,7651.2523,4764.3255,469.774,0.0032,48.796,2682.9844,2886.9267,1775442741083816338
vocseg,no_sharing,29.9641,7627.6245,4764.3255,469.774,0.0032,48.796,2659.3478,2863.299,1775442741083816338
vocseg,no_sharing,29.9754,7616.3898,4764.3255,469.774,0.0032,48.796,2648.1042,2852.0642,1775442741083816338
vocseg,no_sharing,30.0,7591.7516,4764.3255,469.774,0.0032,48.796,2623.4589,2827.426,1775442741083816338
vocseg,no_sharing,30.154,7437.8273,4764.3255,469.774,0.0032,48.796,2469.5268,2673.5018,1775442741083816338
vocseg,no_sharing,30.1732,7418.5789,4764.3255,469.774,0.0032,48.796,2450.2707,2654.2533,1775442741083816338
vocseg,no_sharing,30.2439,7347.9285,4764.3255,469.774,0.0032,48.796,2379.6124,2583.603,1775442741083816338
vocseg,no_sharing,30.2815,7310.2951,4764.3255,469.774,0.0032,48.796,2341.9721,2545.9696,1775442741083816338
vocseg,no_sharing,30.2971,7294.6787,4764.3255,469.774,0.0032,48.796,2326.3483,2530.3531,1775442741083816338
vocseg,no_sharing,30.3038,7288.0704,4764.3255,469.774,0.0032,48.796,2319.732,2523.7449,1775442741083816338
vocseg,no_sharing,30.3104,7281.4679,4764.3255,469.774,0.0032,48.796,2313.1213,2517.1424,1775442741083816338
vocseg,no_sharing,30.349,7242.837,4764.3255,469.774,0.0032,48.796,2274.4825,2478.5114,1775442741083816338
vocseg,no_sharing,30.3577,7234.2045,4764.3255,469.774,0.0032,48.796,2265.842,2469.879,1775442741083816338
vocseg,no_sharing,30.5203,7184.7949,4764.3255,469.774,0.0032,48.796,2103.1907,2420.4694,1775442741083816338
vocseg,no_sharing,30.524,7181.1368,4764.3255,469.774,0.0032,48.796,2099.5181,2416.8113,1775442741083816338
vocseg,no_sharing,30.6572,7047.9112,4764.3255,469.774,0.0032,48.796,1966.284,2283.5856,1775442741083816338
vocseg,no_sharing,30.6719,7033.2711,4764.3255,469.774,0.0032,48.796,1951.6373,2268.9455,1775442741083816338
vocseg,no_sharing,30.6756,7029.582,4764.3255,469.774,0.0032,48.796,1947.942,2265.2565,1775442741083816338
vocseg,no_sharing,30.7592,6945.9257,4764.3255,469.774,0.0032,48.796,1864.2788,2181.6002,1775442741083816338
vocseg,no_sharing,30.8175,6887.6023,4764.3255,469.774,0.0032,48.796,1805.9492,2123.2768,1775442741083816338
vocseg,no_sharing,30.8458,6859.3884,4764.3255,469.774,0.0032,48.796,1777.7281,2095.0628,1775442741083816338
vocseg,no_sharing,30.9874,6717.7916,4764.3255,469.774,0.0032,48.796,1636.1251,1953.466,1775442741083816338
vocseg,no_sharing,31.031,6674.123,4764.3255,469.774,0.0032,48.796,1592.4504,1909.7975,1775442741083816338
vocseg,no_sharing,31.0338,6671.3419,4764.3255,469.774,0.0032,48.796,1589.6623,1907.0164,1775442741083816338
vocseg,no_sharing,31.1048,6600.3795,4764.3255,469.774,0.0032,48.796,1518.6944,1836.0539,1775442741083816338
vocseg,no_sharing,31.1244,6580.76,4764.3255,469.774,0.0032,48.796,1499.0687,1816.4345,1775442741083816338
vocseg,no_sharing,31.1331,6572.1207,4764.3255,469.774,0.0032,48.796,1490.423,1807.7951,1775442741083816338
vocseg,no_sharing,31.1863,6518.8658,4764.3255,469.774,0.0032,48.796,1437.1612,1754.5403,1775442741083816338
vocseg,no_sharing,31.2309,6474.3154,4764.3255,469.774,0.0032,48.796,1392.6051,1709.9899,1775442741083816338
vocseg,no_sharing,31.2419,6463.3257,4764.3255,469.774,0.0032,48.796,1381.6094,1699.0002,1775442741083816338
vocseg,no_sharing,31.2541,6451.1304,4764.3255,469.774,0.0032,48.796,1369.4079,1686.8048,1775442741083816338
vocseg,no_sharing,31.2927,6412.4789,4764.3255,469.774,0.0032,48.796,1330.7505,1648.1534,1775442741083816338
vocseg,no_sharing,31.3036,6401.6716,4764.3255,469.774,0.0032,48.796,1319.9384,1637.3461,1775442741083816338
vocseg,no_sharing,31.3164,6388.8643,4764.3255,469.774,0.0032,48.796,1307.1256,1624.5387,1775442741083816338
vocseg,no_sharing,31.3337,6371.5837,4764.3255,469.774,0.0032,48.796,1289.8397,1607.2582,1775442741083816338
vocseg,no_sharing,31.3483,6356.9281,4764.3255,469.774,0.0032,48.796,1275.1784,1592.6026,1775442741083816338
vocseg,no_sharing,31.4041,6301.1773,4764.3255,469.774,0.0032,48.796,1219.4221,1536.8517,1775442741083816338
vocseg,no_sharing,31.4191,6286.1981,4764.3255,469.774,0.0032,48.796,1204.4382,1521.8726,1775442741083816338
vocseg,no_sharing,31.4801,6225.1296,4764.3255,469.774,0.0032,48.796,1143.3647,1460.8041,1775442741083816338
vocseg,no_sharing,31.5116,6244.2346,4764.3255,469.774,0.0032,48.796,1111.9289,1479.909,1775442741083816338
vocseg,no_sharing,31.5237,6232.0676,4764.3255,469.774,0.0032,48.796,1099.7539,1467.742,1775442741083816338
vocseg,no_sharing,31.5449,6210.9122,4764.3255,469.774,0.0032,48.796,1078.5933,1446.5867,1775442741083816338
vocseg,no_sharing,31.6202,6135.6244,4764.3255,469.774,0.0032,48.796,1003.3009,1371.2989,1775442741083816338
vocseg,no_sharing,31.6847,6071.1637,4764.3255,469.774,0.0032,48.796,938.8356,1306.8381,1775442741083816338
vocseg,no_sharing,31.698,6057.8773,4764.3255,469.774,0.0032,48.796,925.5457,1293.5518,1775442741083816338
vocseg,no_sharing,31.7392,6016.6345,4764.3255,469.774,0.0032,48.796,884.2993,1252.3089,1775442741083816338
vocseg,no_sharing,31.777,5978.8246,4764.3255,469.774,0.0032,48.796,846.4859,1214.4991,1775442741083816338
vocseg,no_sharing,31.9299,5825.9566,4764.3255,469.774,0.0032,48.796,693.6131,1061.631,1775442741083816338
vocseg,no_sharing,31.9716,5784.2453,4764.3255,469.774,0.0032,48.796,651.8965,1019.9197,1775442741083816338
vocseg,no_sharing,32.0981,5657.7532,4764.3255,469.774,0.0032,48.796,525.4004,893.4277,1775442741083816338
vocseg,no_sharing,32.1501,5605.7465,4764.3255,469.774,0.0032,48.796,473.3891,841.421,1775442741083816338
vocseg,no_sharing,32.1778,5578.0246,4764.3255,469.774,0.0032,48.796,445.6632,813.6991,1775442741083816338
vocseg,no_sharing,32.2518,5504.1051,4764.3255,469.774,0.0032,48.796,371.7384,739.7795,1775442741083816338
vocseg,no_sharing,32.2534,5502.4617,4764.3255,469.774,0.0032,48.796,370.0898,738.1361,1775442741083816338
vocseg,no_sharing,32.2641,5491.7994,4764.3255,469.774,0.0032,48.796,359.4232,727.4738,1775442741083816338
vocseg,no_sharing,32.2833,5472.5535,4764.3255,469.774,0.0032,48.796,340.1725,708.2279,1775442741083816338
vocseg,no_sharing,32.4069,5349.0317,4764.3255,469.774,0.0032,48.796,216.6464,584.7061,1775442741083816338
vocseg,no_sharing,32.4246,5331.2612,4764.3255,469.774,0.0032,48.796,198.8711,566.9356,1775442741083816338
vocseg,no_sharing,32.5305,10006.4461,4864.5779,510.3985,0.003,44.8835,5131.2499,5141.8683,1775442746122036165
vocseg,no_sharing,32.5305,10011.5583,4864.5779,510.3985,0.003,44.8835,5131.2301,5146.9804,1775442746122036165
vocseg,no_sharing,32.6639,9888.0486,4864.5779,510.3985,0.003,44.8835,4997.8096,5023.4708,1775442746122036165
vocseg,no_sharing,32.6639,9888.0517,4864.5779,510.3985,0.003,44.8835,4997.8023,5023.4739,1775442746122036165
vocseg,no_sharing,32.6639,9925.5638,4864.5779,510.3985,0.003,44.8835,4997.797,5060.986,1775442746122036165
vocseg,no_sharing,32.699,9890.5182,4864.5779,510.3985,0.003,44.8835,4962.7404,5025.9403,1775442746122036165
vocseg,no_sharing,32.8775,9712.002,4864.5779,510.3985,0.003,44.8835,4784.2164,4847.4242,1775442746122036165
vocseg,no_sharing,32.8991,9690.3698,4864.5779,510.3985,0.003,44.8835,4762.5771,4825.792,1775442746122036165
vocseg,no_sharing,32.9528,9667.7442,4864.5779,510.3985,0.003,44.8835,4708.9486,4803.1663,1775442746122036165
vocseg,no_sharing,33.0014,9619.1275,4864.5779,510.3985,0.003,44.8835,4660.3205,4754.5497,1775442746122036165
vocseg,no_sharing,33.0207,9599.8752,4864.5779,510.3985,0.003,44.8835,4641.0611,4735.2974,1775442746122036165
vocseg,no_sharing,33.0443,9576.2219,4864.5779,510.3985,0.003,44.8835,4617.4011,4711.6441,1775442746122036165
vocseg,no_sharing,33.0536,9566.9575,4864.5779,510.3985,0.003,44.8835,4608.1307,4702.3796,1775442746122036165
vocseg,no_sharing,33.0682,9552.3288,4864.5779,510.3985,0.003,44.8835,4593.4956,4687.751,1775442746122036165
vocseg,no_sharing,33.0879,9617.6555,4864.5779,510.3985,0.003,44.8835,4573.8316,4753.0777,1775442746122036165
vocseg,no_sharing,33.1885,9517.0515,4864.5779,510.3985,0.003,44.8835,4473.2132,4652.4736,1775442746122036165
vocseg,no_sharing,33.1959,9509.6476,4864.5779,510.3985,0.003,44.8835,4465.8008,4645.0697,1775442746122036165
vocseg,no_sharing,33.2454,9460.2087,4864.5779,510.3985,0.003,44.8835,4416.3547,4595.6308,1775442746122036165
vocseg,no_sharing,33.257,9448.5471,4864.5779,510.3985,0.003,44.8835,4404.6853,4583.9693,1775442746122036165
vocseg,no_sharing,33.1828,9522.7687,4864.5779,510.3985,0.003,44.8835,4478.9,4658.1909,1775442746122036165
vocseg,no_sharing,33.3462,9359.3442,4864.5779,510.3985,0.003,44.8835,4315.4678,4494.7664,1775442746122036165
vocseg,no_sharing,33.3479,9357.6958,4864.5779,510.3985,0.003,44.8835,4313.8132,4493.118,1775442746122036165
vocseg,no_sharing,33.3802,9325.4209,4864.5779,510.3985,0.003,44.8835,4281.5313,4460.843,1775442746122036165
vocseg,no_sharing,33.3958,9309.7799,4864.5779,510.3985,0.003,44.8835,4265.8842,4445.202,1775442746122036165
vocseg,no_sharing,33.4035,9302.1588,4864.5779,510.3985,0.003,44.8835,4258.2564,4437.581,1775442746122036165
vocseg,no_sharing,33.4405,9265.0938,4864.5779,510.3985,0.003,44.8835,4221.1847,4400.5159,1775442746122036165
vocseg,no_sharing,33.578,9127.5957,4864.5779,510.3985,0.003,44.8835,4083.6797,4263.0178,1775442746122036165
vocseg,no_sharing,33.6077,9097.9736,4864.5779,510.3985,0.003,44.8835,4054.0502,4233.3957,1775442746122036165
vocseg,no_sharing,33.683,9022.651,4864.5779,510.3985,0.003,44.8835,3978.7033,4158.0731,1775442746122036165
vocseg,no_sharing,33.7133,9104.9039,4864.5779,510.3985,0.003,44.8835,3948.4189,4240.3261,1775442746122036165
vocseg,no_sharing,33.7742,9070.9753,4864.5779,510.3985,0.003,44.8835,3887.5024,4206.3974,1775442746122036165
vocseg,no_sharing,33.7875,9057.718,4864.5779,510.3985,0.003,44.8835,3874.2278,4193.1402,1775442746122036165
vocseg,no_sharing,33.8214,9023.8054,4864.5779,510.3985,0.003,44.8835,3840.3049,4159.2275,1775442746122036165
vocseg,no_sharing,33.8345,9010.7319,4864.5779,510.3985,0.003,44.8835,3827.2202,4146.1541,1775442746122036165
vocseg,no_sharing,33.8798,8965.4343,4864.5779,510.3985,0.003,44.8835,3781.9126,4100.8565,1775442746122036165
vocseg,no_sharing,33.9304,8914.8285,4864.5779,510.3985,0.003,44.8835,3731.2958,4050.2507,1775442746122036165
vocseg,no_sharing,34.041,8804.25,4864.5779,510.3985,0.003,44.8835,3620.7075,3939.6721,1775442746122036165
vocseg,no_sharing,34.2427,8602.5343,4864.5779,510.3985,0.003,44.8835,3418.9818,3737.9564,1775442746122036165
vocseg,no_sharing,34.2427,8602.53,4864.5779,510.3985,0.003,44.8835,3418.9675,3737.9521,1775442746122036165
vocseg,no_sharing,34.2484,8596.8986,4864.5779,510.3985,0.003,44.8835,3413.3255,3732.3207,1775442746122036165
vocseg,no_sharing,34.2761,8569.2286,4864.5779,510.3985,0.003,44.8835,3385.6454,3704.6508,1775442746122036165
vocseg,no_sharing,34.309,8536.3355,4864.5779,510.3985,0.003,44.8835,3352.7429,3671.7576,1775442746122036165
vocseg,no_sharing,34.3523,8493.036,4864.5779,510.3985,0.003,44.8835,3309.4332,3628.4582,1775442746122036165
vocseg,no_sharing,34.3689,8476.4085,4864.5779,510.3985,0.003,44.8835,3292.7959,3611.8306,1775442746122036165
vocseg,no_sharing,34.4076,8437.7763,4864.5779,510.3985,0.003,44.8835,3254.1537,3573.1985,1775442746122036165
vocseg,no_sharing,34.4552,8390.1272,4864.5779,510.3985,0.003,44.8835,3206.4948,3525.5493,1775442746122036165
vocseg,no_sharing,34.4609,8384.4647,4864.5779,510.3985,0.003,44.8835,3200.8231,3519.8869,1775442746122036165
vocseg,no_sharing,34.5012,8344.1603,4864.5779,510.3985,0.003,44.8835,3160.5086,3479.5825,1775442746122036165
vocseg,no_sharing,34.5098,8335.5327,4864.5779,510.3985,0.003,44.8835,3151.8707,3470.9548,1775442746122036165
vocseg,no_sharing,34.5445,8300.8757,4864.5779,510.3985,0.003,44.8835,3117.2028,3436.2978,1775442746122036165
vocseg,no_sharing,34.5578,8287.5781,4864.5779,510.3985,0.003,44.8835,3103.8949,3423.0002,1775442746122036165
vocseg,no_sharing,34.7087,8136.6632,4864.5779,510.3985,0.003,44.8835,2952.9681,3272.0853,1775442746122036165
vocseg,no_sharing,34.7849,8060.4796,4864.5779,510.3985,0.003,44.8835,2876.7738,3195.9018,1775442746122036165
vocseg,no_sharing,34.9034,7942.0161,4864.5779,510.3985,0.003,44.8835,2758.2998,3077.4383,1775442746122036165
vocseg,no_sharing,34.9473,8069.9615,4864.5779,510.3985,0.003,44.8835,2714.4239,3205.3837,1775442746122036165
vocseg,no_sharing,34.9862,8031.0922,4864.5779,510.3985,0.003,44.8835,2675.5381,3166.5143,1775442746122036165
vocseg,no_sharing,35.0758,7941.4692,4864.5779,510.3985,0.003,44.8835,2585.9051,3076.8913,1775442746122036165
vocseg,no_sharing,35.0816,7935.7097,4864.5779,510.3985,0.003,44.8835,2580.1384,3071.1319,1775442746122036165
vocseg,no_sharing,35.1974,7827.6632,4864.5779,510.3985,0.003,44.8835,2464.3238,2963.0853,1775442746122036165
vocseg,no_sharing,35.2235,7801.5325,4864.5779,510.3985,0.003,44.8835,2438.1752,2936.9546,1775442746122036165
vocseg,no_sharing,35.2472,7777.8933,4864.5779,510.3985,0.003,44.8835,2414.5267,2913.3154,1775442746122036165
vocseg,no_sharing,35.2579,7767.2167,4864.5779,510.3985,0.003,44.8835,2403.8424,2902.6388,1775442746122036165
vocseg,no_sharing,35.5068,7518.326,4864.5779,510.3985,0.003,44.8835,2154.9444,2653.7482,1775442746122036165
vocseg,no_sharing,35.5106,7514.5457,4864.5779,510.3985,0.003,44.8835,2151.1569,2649.9678,1775442746122036165
vocseg,no_sharing,35.5802,7444.9344,4864.5779,510.3985,0.003,44.8835,2081.5382,2580.3565,1775442746122036165
vocseg,no_sharing,35.6189,7406.1792,4864.5779,510.3985,0.003,44.8835,2042.7759,2541.6013,1775442746122036165
vocseg,no_sharing,35.647,7378.0997,4864.5779,510.3985,0.003,44.8835,2014.6887,2513.5218,1775442746122036165
vocseg,no_sharing,35.7644,7260.6866,4864.5779,510.3985,0.003,44.8835,1897.2681,2396.1088,1775442746122036165
vocseg,no_sharing,35.8379,7187.2911,4864.5779,510.3985,0.003,44.8835,1823.8657,2322.7133,1775442746122036165
vocseg,no_sharing,35.8768,7148.386,4864.5779,510.3985,0.003,44.8835,1784.9531,2283.8081,1775442746122036165
vocseg,no_sharing,35.8956,7129.5693,4864.5779,510.3985,0.003,44.8835,1766.1302,2264.9914,1775442746122036165
vocseg,no_sharing,35.9517,7073.4196,4864.5779,510.3985,0.003,44.8835,1709.9741,2208.8417,1775442746122036165
vocseg,no_sharing,36.009,7016.1555,4864.5779,510.3985,0.003,44.8835,1652.7026,2151.5776,1775442746122036165
vocseg,no_sharing,36.0572,6967.9885,4864.5779,510.3985,0.003,44.8835,1604.5289,2103.4106,1775442746122036165
vocseg,no_sharing,36.0764,6948.833,4864.5779,510.3985,0.003,44.8835,1585.3665,2084.2551,1775442746122036165
vocseg,no_sharing,36.0985,6926.6658,4864.5779,510.3985,0.003,44.8835,1563.1926,2062.0879,1775442746122036165
vocseg,no_sharing,36.1997,6825.4685,4864.5779,510.3985,0.003,44.8835,1461.9884,1960.8907,1775442746122036165
vocseg,no_sharing,36.2259,6799.3052,4864.5779,510.3985,0.003,44.8835,1435.8184,1934.7273,1775442746122036165
vocseg,no_sharing,36.2585,6766.7446,4864.5779,510.3985,0.003,44.8835,1403.2507,1902.1668,1775442746122036165
vocseg,no_sharing,36.2836,6741.6189,4864.5779,510.3985,0.003,44.8835,1378.1192,1877.041,1775442746122036165
vocseg,no_sharing,36.3274,6697.8135,4864.5779,510.3985,0.003,44.8835,1334.3067,1833.2357,1775442746122036165
vocseg,no_sharing,36.6002,6424.989,4864.5779,510.3985,0.003,44.8835,1061.4741,1560.4111,1775442746122036165
vocseg,no_sharing,36.6002,6424.9892,4864.5779,510.3985,0.003,44.8835,1061.4669,1560.4114,1775442746122036165
vocseg,no_sharing,36.7104,6314.8963,4864.5779,510.3985,0.003,44.8835,951.3664,1450.3185,1775442746122036165
vocseg,no_sharing,36.7104,6314.8837,4864.5779,510.3985,0.003,44.8835,951.3457,1450.3059,1775442746122036165
vocseg,no_sharing,36.7104,6314.8842,4864.5779,510.3985,0.003,44.8835,951.339,1450.3063,1775442746122036165
vocseg,no_sharing,36.8371,6188.1976,4864.5779,510.3985,0.003,44.8835,824.6441,1323.6198,1775442746122036165
vocseg,no_sharing,36.8842,6141.0942,4864.5779,510.3985,0.003,44.8835,777.5328,1276.5163,1775442746122036165
vocseg,no_sharing,36.9318,6093.5087,4864.5779,510.3985,0.003,44.8835,729.9399,1228.9309,1775442746122036165
vocseg,no_sharing,36.9857,6039.5551,4864.5779,510.3985,0.003,44.8835,675.9787,1174.9772,1775442746122036165
vocseg,no_sharing,36.9944,6030.906,4864.5779,510.3985,0.003,44.8835,667.3214,1166.3281,1775442746122036165
vocseg,no_sharing,37.0061,6019.2327,4864.5779,510.3985,0.003,44.8835,655.6413,1154.6549,1775442746122036165
vocseg,no_sharing,37.0297,5995.5764,4864.5779,510.3985,0.003,44.8835,631.9783,1130.9985,1775442746122036165
vocseg,no_sharing,37.0877,5937.6528,4864.5779,510.3985,0.003,44.8835,574.0473,1073.075,1775442746122036165
vocseg,no_sharing,37.1315,5893.8577,4864.5779,510.3985,0.003,44.8835,530.2448,1029.2799,1775442746122036165
vocseg,no_sharing,37.1462,5879.1311,4864.5779,510.3985,0.003,44.8835,515.5106,1014.5532,1775442746122036165
vocseg,no_sharing,37.2428,5782.5518,4864.5779,510.3985,0.003,44.8835,418.9236,917.9739,1775442746122036165
vocseg,no_sharing,37.4024,10617.4126,5177.1978,520.0304,0.0035,46.5665,5429.4455,5440.2148,1775442751292186066
vocseg,no_sharing,37.4123,10612.8812,5177.1978,520.0304,0.0035,46.5665,5419.6036,5435.6834,1775442751292186066
vocseg,no_sharing,37.4618,10574.1093,5177.1978,520.0304,0.0035,46.5665,5370.1136,5396.9116,1775442751292186066
vocseg,no_sharing,37.7556,10280.3316,5177.1978,520.0304,0.0035,46.5665,5076.2892,5103.1339,1775442751292186066
vocseg,no_sharing,37.7556,10306.416,5177.1978,520.0304,0.0035,46.5665,5076.2825,5129.2183,1775442751292186066
vocseg,no_sharing,37.7556,10306.4225,5177.1978,520.0304,0.0035,46.5665,5076.2746,5129.2247,1775442751292186066
vocseg,no_sharing,37.7763,10285.7523,5177.1978,520.0304,0.0035,46.5665,5055.5973,5108.5545,1775442751292186066
vocseg,no_sharing,37.8051,10256.9447,5177.1978,520.0304,0.0035,46.5665,5026.7823,5079.7469,1775442751292186066
vocseg,no_sharing,37.9108,10184.7405,5177.1978,520.0304,0.0035,46.5665,4921.0544,5007.5428,1775442751292186066
vocseg,no_sharing,37.9645,10141.5114,5177.1978,520.0304,0.0035,46.5665,4867.4114,4964.3137,1775442751292186066
vocseg,no_sharing,38.0702,10035.7957,5177.1978,520.0304,0.0035,46.5665,4761.6832,4858.5979,1775442751292186066
vocseg,no_sharing,38.0702,10035.7873,5177.1978,520.0304,0.0035,46.5665,4761.6668,4858.5896,1775442751292186066
vocseg,no_sharing,38.0724,10033.6199,5177.1978,520.0304,0.0035,46.5665,4759.4919,4856.4221,1775442751292186066
vocseg,no_sharing,38.1262,9979.7773,5177.1978,520.0304,0.0035,46.5665,4705.6427,4802.5796,1775442751292186066
vocseg,no_sharing,38.2229,9883.0655,5177.1978,520.0304,0.0035,46.5665,4608.9232,4705.8677,1775442751292186066
vocseg,no_sharing,38.3006,9805.409,5177.1978,520.0304,0.0035,46.5665,4531.2603,4628.2112,1775442751292186066
vocseg,no_sharing,38.3382,9825.3596,5177.1978,520.0304,0.0035,46.5665,4493.6242,4648.1618,1775442751292186066
vocseg,no_sharing,38.3799,9783.7462,5177.1978,520.0304,0.0035,46.5665,4451.9985,4606.5485,1775442751292186066
vocseg,no_sharing,38.3836,9800.7214,5177.1978,520.0304,0.0035,46.5665,4448.2646,4623.5236,1775442751292186066
vocseg,no_sharing,38.3836,9800.7238,5177.1978,520.0304,0.0035,46.5665,4448.2541,4623.526,1775442751292186066
vocseg,no_sharing,38.4607,9723.6278,5177.1978,520.0304,0.0035,46.5665,4371.1493,4546.43,1775442751292186066
vocseg,no_sharing,38.4813,9703.0189,5177.1978,520.0304,0.0035,46.5665,4350.5309,4525.8211,1775442751292186066
vocseg,no_sharing,38.6004,9584.0006,5177.1978,520.0304,0.0035,46.5665,4231.504,4406.8028,1775442751292186066
vocseg,no_sharing,38.6887,9495.6949,5177.1978,520.0304,0.0035,46.5665,4143.1901,4318.4971,1775442751292186066
vocseg,no_sharing,38.7064,9478.0149,5177.1978,520.0304,0.0035,46.5665,4125.5026,4300.8172,1775442751292186066
vocseg,no_sharing,38.749,9435.3917,5177.1978,520.0304,0.0035,46.5665,4082.8714,4258.1939,1775442751292186066
vocseg,no_sharing,38.7618,9422.6224,5177.1978,520.0304,0.0035,46.5665,4070.0941,4245.4247,1775442751292186066
vocseg,no_sharing,38.7763,9408.0646,5177.1978,520.0304,0.0035,46.5665,4055.5286,4230.8668,1775442751292186066
vocseg,no_sharing,38.9755,9208.9286,5177.1978,520.0304,0.0035,46.5665,3856.3862,4031.7308,1775442751292186066
vocseg,no_sharing,39.0028,9181.6411,5177.1978,520.0304,0.0035,46.5665,3829.0923,4004.4433,1775442751292186066
vocseg,no_sharing,39.1093,9176.6374,5177.1978,520.0304,0.0035,46.5665,3722.6129,3999.4397,1775442751292186066
vocseg,no_sharing,39.1339,9151.9997,5177.1978,520.0304,0.0035,46.5665,3697.9611,3974.802,1775442751292186066
vocseg,no_sharing,39.2875,8998.4152,5177.1978,520.0304,0.0035,46.5665,3544.3673,3821.2175,1775442751292186066
vocseg,no_sharing,39.3852,8900.7044,5177.1978,520.0304,0.0035,46.5665,3446.6476,3723.5066,1775442751292186066
vocseg,no_sharing,39.4129,8911.8741,5177.1978,520.0304,0.0035,46.5665,3418.9825,3734.6763,1775442751292186066
vocseg,no_sharing,39.4573,8867.5201,5177.1978,520.0304,0.0035,46.5665,3374.6119,3690.3223,1775442751292186066
vocseg,no_sharing,39.4994,8825.422,5177.1978,520.0304,0.0035,46.5665,3332.5033,3648.2243,1775442751292186066
vocseg,no_sharing,39.501,8823.781,5177.1978,520.0304,0.0035,46.5665,3330.8527,3646.5833,1775442751292186066
vocseg,no_sharing,39.5136,8811.1813,5177.1978,520.0304,0.0035,46.5665,3318.2433,3633.9835,1775442751292186066
vocseg,no_sharing,39.5433,8781.5342,5177.1978,520.0304,0.0035,46.5665,3288.5859,3604.3364,1775442751292186066
vocseg,no_sharing,39.5589,8765.8856,5177.1978,520.0304,0.0035,46.5665,3272.927,3588.6878,1775442751292186066
vocseg,no_sharing,39.5672,8757.5965,5177.1978,520.0304,0.0035,46.5665,3264.6289,3580.3987,1775442751292186066
vocseg,no_sharing,39.6009,8723.9444,5177.1978,520.0304,0.0035,46.5665,3230.9678,3546.7467,1775442751292186066
vocseg,no_sharing,39.6255,8699.3251,5177.1978,520.0304,0.0035,46.5665,3206.3386,3522.1273,1775442751292186066
vocseg,no_sharing,39.6482,8676.6741,5177.1978,520.0304,0.0035,46.5665,3183.6767,3499.4764,1775442751292186066
vocseg,no_sharing,39.7391,8585.7282,5177.1978,520.0304,0.0035,46.5665,3092.72,3408.5304,1775442751292186066
vocseg,no_sharing,39.7748,8550.0398,5177.1978,520.0304,0.0035,46.5665,3057.0226,3372.842,1775442751292186066
vocseg,no_sharing,39.8045,8520.4041,5177.1978,520.0304,0.0035,46.5665,3027.3774,3343.2063,1775442751292186066
vocseg,no_sharing,39.8091,8515.7678,5177.1978,520.0304,0.0035,46.5665,3022.7323,3338.5701,1775442751292186066
vocseg,no_sharing,39.9149,8409.9727,5177.1978,520.0304,0.0035,46.5665,2916.9273,3232.7749,1775442751292186066
vocseg,no_sharing,39.9372,8387.7296,5177.1978,520.0304,0.0035,46.5665,2894.6736,3210.5319,1775442751292186066
vocseg,no_sharing,39.9881,8336.8223,5177.1978,520.0304,0.0035,46.5665,2843.7569,3159.6245,1775442751292186066
vocseg,no_sharing,40.0263,8298.5935,5177.1978,520.0304,0.0035,46.5665,2805.5184,3121.3958,1775442751292186066
vocseg,no_sharing,40.1376,8187.3105,5177.1978,520.0304,0.0035,46.5665,2694.2265,3010.1127,1775442751292186066
vocseg,no_sharing,40.1583,8166.6713,5177.1978,520.0304,0.0035,46.5665,2673.5795,2989.4735,1775442751292186066
vocseg,no_sharing,40.1984,8278.3947,5177.1978,520.0304,0.0035,46.5665,2633.5001,3101.1969,1775442751292186066
vocseg,no_sharing,40.203,8273.7603,5177.1978,520.0304,0.0035,46.5665,2628.8517,3096.5626,1775442751292186066
vocseg,no_sharing,40.3007,8176.0559,5177.1978,520.0304,0.0035,46.5665,2531.1379,2998.8582,1775442751292186066
vocseg,no_sharing,40.3063,8170.4445,5177.1978,520.0304,0.0035,46.5665,2525.5184,2993.2467,1775442751292186066
vocseg,no_sharing,40.31,8166.7807,5177.1978,520.0304,0.0035,46.5665,2521.8463,2989.583,1775442751292186066
vocseg,no_sharing,40.3854,8091.4342,5177.1978,520.0304,0.0035,46.5665,2446.4915,2914.2365,1775442751292186066
vocseg,no_sharing,40.4693,8007.5083,5177.1978,520.0304,0.0035,46.5665,2362.5574,2830.3105,1775442751292186066
vocseg,no_sharing,40.489,8002.6848,5177.1978,520.0304,0.0035,46.5665,2342.8748,2825.4871,1775442751292186066
vocseg,no_sharing,40.5186,7973.0821,5177.1978,520.0304,0.0035,46.5665,2313.2589,2795.8843,1775442751292186066
vocseg,no_sharing,40.5675,7924.1915,5177.1978,520.0304,0.0035,46.5665,2264.3445,2746.9937,1775442751292186066
vocseg,no_sharing,40.625,7866.7545,5177.1978,520.0304,0.0035,46.5665,2206.8985,2689.5568,1775442751292186066
vocseg,no_sharing,40.7111,7780.6122,5177.1978,520.0304,0.0035,46.5665,2120.748,2603.4145,1775442751292186066
vocseg,no_sharing,40.8896,7602.1881,5177.1978,520.0304,0.0035,46.5665,1942.3156,2424.9904,1775442751292186066
vocseg,no_sharing,40.9122,7579.5105,5177.1978,520.0304,0.0035,46.5665,1919.6296,2402.3127,1775442751292186066
vocseg,no_sharing,40.981,7510.7446,5177.1978,520.0304,0.0035,46.5665,1850.8561,2333.5468,1775442751292186066
vocseg,no_sharing,41.0203,7471.4272,5177.1978,520.0304,0.0035,46.5665,1811.5308,2294.2294,1775442751292186066
vocseg,no_sharing,41.0627,7429.0473,5177.1978,520.0304,0.0035,46.5665,1769.1426,2251.8496,1775442751292186066
vocseg,no_sharing,41.112,7379.7629,5177.1978,520.0304,0.0035,46.5665,1719.8513,2202.5651,1775442751292186066
vocseg,no_sharing,41.1153,7376.4832,5177.1978,520.0304,0.0035,46.5665,1716.5642,2199.2854,1775442751292186066
vocseg,no_sharing,41.1279,7363.9159,5177.1978,520.0304,0.0035,46.5665,1703.9897,2186.7182,1775442751292186066
vocseg,no_sharing,41.2305,7261.281,5177.1978,520.0304,0.0035,46.5665,1601.3474,2084.0833,1775442751292186066
vocseg,no_sharing,41.2348,7256.9859,5177.1978,520.0304,0.0035,46.5665,1597.0454,2079.7881,1775442751292186066
vocseg,no_sharing,41.2439,7247.8693,5177.1978,520.0304,0.0035,46.5665,1587.9216,2070.6715,1775442751292186066
vocseg,no_sharing,41.3954,7096.3907,5177.1978,520.0304,0.0035,46.5665,1436.4359,1919.193,1775442751292186066
vocseg,no_sharing,41.3975,7094.3527,5177.1978,520.0304,0.0035,46.5665,1434.3905,1917.155,1775442751292186066
vocseg,no_sharing,41.4377,7054.1627,5177.1978,520.0304,0.0035,46.5665,1394.1941,1876.965,1775442751292186066
vocseg,no_sharing,41.4509,7040.9894,5177.1978,520.0304,0.0035,46.5665,1381.0141,1863.7916,1775442751292186066
vocseg,no_sharing,41.461,7030.8208,5177.1978,520.0304,0.0035,46.5665,1370.8391,1853.6231,1775442751292186066
vocseg,no_sharing,41.4653,7026.587,5177.1978,520.0304,0.0035,46.5665,1366.5996,1849.3893,1775442751292186066
vocseg,no_sharing,41.4857,7006.171,5177.1978,520.0304,0.0035,46.5665,1346.1766,1828.9732,1775442751292186066
vocseg,no_sharing,41.4879,7003.9654,5177.1978,520.0304,0.0035,46.5665,1343.9646,1826.7676,1775442751292186066
vocseg,no_sharing,41.4901,7001.7636,5177.1978,520.0304,0.0035,46.5665,1341.7559,1824.5658,1775442751292186066
vocseg,no_sharing,41.5344,6957.4838,5177.1978,520.0304,0.0035,46.5665,1297.4689,1780.286,1775442751292186066
vocseg,no_sharing,41.5653,6926.5907,5177.1978,520.0304,0.0035,46.5665,1266.5684,1749.3929,1775442751292186066
vocseg,no_sharing,41.5797,6912.2431,5177.1978,520.0304,0.0035,46.5665,1252.212,1735.0454,1775442751292186066
vocseg,no_sharing,41.6857,6806.1991,5177.1978,520.0304,0.0035,46.5665,1146.1599,1629.0013,1775442751292186066
vocseg,no_sharing,41.6857,6806.1855,5177.1978,520.0304,0.0035,46.5665,1146.1384,1628.9877,1775442751292186066
vocseg,no_sharing,41.6857,6806.1869,5177.1978,520.0304,0.0035,46.5665,1146.132,1628.9892,1775442751292186066
vocseg,no_sharing,41.6857,6806.1869,5177.1978,520.0304,0.0035,46.5665,1146.1239,1628.9892,1775442751292186066
vocseg,no_sharing,41.6857,6806.19,5177.1978,520.0304,0.0035,46.5665,1146.1194,1628.9923,1775442751292186066
vocseg,no_sharing,41.8115,6680.4135,5177.1978,520.0304,0.0035,46.5665,1020.335,1503.2157,1775442751292186066
vocseg,no_sharing,41.9136,6578.3968,5177.1978,520.0304,0.0035,46.5665,918.3102,1401.199,1775442751292186066
vocseg,no_sharing,41.9426,6550.7102,5177.1978,520.0304,0.0035,46.5665,889.2429,1373.5124,1775442751292186066
vocseg,no_sharing,41.9863,6507.0548,5177.1978,520.0304,0.0035,46.5665,845.5775,1329.857,1775442751292186066
vocseg,no_sharing,42.092,6401.3143,5177.1978,520.0304,0.0035,46.5665,739.8305,1224.1165,1775442751292186066
vocseg,no_sharing,42.0958,10992.4009,4768.0326,56.5945,0.0047,47.107,6214.2382,6224.3683,1775442756770386393
vocseg,no_sharing,42.0995,10991.905,4768.0326,56.5945,0.0047,47.107,6210.614,6223.8724,1775442756770386393
vocseg,no_sharing,42.1922,10902.7803,4768.0326,56.5945,0.0047,47.107,6117.9128,6134.7477,1775442756770386393
vocseg,no_sharing,42.3778,10722.6667,4768.0326,56.5945,0.0047,47.107,5932.2171,5954.6341,1775442756770386393
vocseg,no_sharing,42.3835,10717.0298,4768.0326,56.5945,0.0047,47.107,5926.5711,5948.9972,1775442756770386393
vocseg,no_sharing,42.4325,10673.5673,4768.0326,56.5945,0.0047,47.107,5877.528,5905.5347,1775442756770386393
vocseg,no_sharing,42.4368,10669.359,4768.0326,56.5945,0.0047,47.107,5873.3106,5901.3264,1775442756770386393
vocseg,no_sharing,42.4775,10634.2938,4768.0326,56.5945,0.0047,47.107,5832.6068,5866.2612,1775442756770386393
vocseg,no_sharing,42.4927,10619.1046,4768.0326,56.5945,0.0047,47.107,5817.4086,5851.072,1775442756770386393
vocseg,no_sharing,42.5044,10612.9863,4768.0326,56.5945,0.0047,47.107,5805.7008,5844.9537,1775442756770386393
vocseg,no_sharing,42.6176,10499.789,4768.0326,56.5945,0.0047,47.107,5692.4942,5731.7564,1775442756770386393
vocseg,no_sharing,42.6176,10508.4798,4768.0326,56.5945,0.0047,47.107,5692.4753,5740.4472,1775442756770386393
vocseg,no_sharing,42.8179,10308.172,4768.0326,56.5945,0.0047,47.107,5492.1584,5540.1394,1775442756770386393
vocseg,no_sharing,42.8179,10308.1517,4768.0326,56.5945,0.0047,47.107,5492.1319,5540.1191,1775442756770386393
vocseg,no_sharing,42.8179,10316.8747,4768.0326,56.5945,0.0047,47.107,5492.1207,5548.8421,1775442756770386393
vocseg,no_sharing,42.818,10316.8786,4768.0326,56.5945,0.0047,47.107,5492.1119,5548.8459,1775442756770386393
vocseg,no_sharing,43.0254,10109.4279,4768.0326,56.5945,0.0047,47.107,5284.6518,5341.3953,1775442756770386393
vocseg,no_sharing,43.0254,10118.4103,4768.0326,56.5945,0.0047,47.107,5284.6439,5350.3777,1775442756770386393
vocseg,no_sharing,43.0732,10070.642,4768.0326,56.5945,0.0047,47.107,5236.8665,5302.6094,1775442756770386393
vocseg,no_sharing,43.1087,10035.1794,4768.0326,56.5945,0.0047,47.107,5201.3981,5267.1468,1775442756770386393
vocseg,no_sharing,43.124,10031.1384,4768.0326,56.5945,0.0047,47.107,5186.1069,5263.1058,1775442756770386393
vocseg,no_sharing,43.2475,9907.6016,4768.0326,56.5945,0.0047,47.107,5062.561,5139.569,1775442756770386393
vocseg,no_sharing,43.2808,9874.3498,4768.0326,56.5945,0.0047,47.107,5029.3031,5106.3172,1775442756770386393
vocseg,no_sharing,43.3308,9824.2939,4768.0326,56.5945,0.0047,47.107,4979.2421,5056.2612,1775442756770386393
vocseg,no_sharing,43.3484,9821.6808,4768.0326,56.5945,0.0047,47.107,4961.7116,5053.6482,1775442756770386393
vocseg,no_sharing,43.3945,9775.5837,4768.0326,56.5945,0.0047,47.107,4915.6058,5007.5511,1775442756770386393
vocseg,no_sharing,43.4751,9694.9406,4768.0326,56.5945,0.0047,47.107,4834.9562,4926.908,1775442756770386393
vocseg,no_sharing,43.4772,9692.9011,4768.0326,56.5945,0.0047,47.107,4832.9108,4924.8685,1775442756770386393
vocseg,no_sharing,43.5805,9600.5673,4768.0326,56.5945,0.0047,47.107,4729.6085,4832.5347,1775442756770386393
vocseg,no_sharing,43.5915,9592.5477,4768.0326,56.5945,0.0047,47.107,4718.5197,4824.515,1775442756770386393
vocseg,no_sharing,43.6247,9559.4485,4768.0326,56.5945,0.0047,47.107,4685.4122,4791.4159,1775442756770386393
vocseg,no_sharing,43.6268,9557.327,4768.0326,56.5945,0.0047,47.107,4683.2838,4789.2944,1775442756770386393
vocseg,no_sharing,43.6416,9542.4724,4768.0326,56.5945,0.0047,47.107,4668.4244,4774.4397,1775442756770386393
vocseg,no_sharing,43.7348,9463.5437,4768.0326,56.5945,0.0047,47.107,4575.2757,4695.511,1775442756770386393
vocseg,no_sharing,43.7457,9456.9738,4768.0326,56.5945,0.0047,47.107,4564.4157,4688.9412,1775442756770386393
vocseg,no_sharing,43.7457,9456.9712,4768.0326,56.5945,0.0047,47.107,4564.4035,4688.9386,1775442756770386393
vocseg,no_sharing,43.7487,9453.9287,4768.0326,56.5945,0.0047,47.107,4561.3546,4685.8961,1775442756770386393
vocseg,no_sharing,43.7796,9422.9987,4768.0326,56.5945,0.0047,47.107,4530.4189,4654.9661,1775442756770386393
vocseg,no_sharing,43.8599,9342.7582,4768.0326,56.5945,0.0047,47.107,4450.1729,4574.7256,1775442756770386393
vocseg,no_sharing,43.8623,9357.3036,4768.0326,56.5945,0.0047,47.107,4447.7723,4589.271,1775442756770386393
vocseg,no_sharing,43.8928,9330.0891,4768.0326,56.5945,0.0047,47.107,4417.2831,4562.0565,1775442756770386393
vocseg,no_sharing,44.0142,9208.6937,4768.0326,56.5945,0.0047,47.107,4295.8782,4440.6611,1775442756770386393
vocseg,no_sharing,44.0246,9198.2443,4768.0326,56.5945,0.0047,47.107,4285.4221,4430.2117,1775442756770386393
vocseg,no_sharing,44.0734,9149.482,4768.0326,56.5945,0.0047,47.107,4236.654,4381.4494,1775442756770386393
vocseg,no_sharing,44.1104,9112.5293,4768.0326,56.5945,0.0047,47.107,4199.6961,4344.4967,1775442756770386393
vocseg,no_sharing,44.1174,9105.5403,4768.0326,56.5945,0.0047,47.107,4192.7021,4337.5077,1775442756770386393
vocseg,no_sharing,44.1392,9103.1587,4768.0326,56.5945,0.0047,47.107,4170.8183,4335.1261,1775442756770386393
vocseg,no_sharing,44.2018,9043.8933,4768.0326,56.5945,0.0047,47.107,4108.2222,4275.8607,1775442756770386393
vocseg,no_sharing,44.3076,8938.1146,4768.0326,56.5945,0.0047,47.107,4002.4312,4170.082,1775442756770386393
vocseg,no_sharing,44.3515,8894.2771,4768.0326,56.5945,0.0047,47.107,3958.5841,4126.2445,1775442756770386393
vocseg,no_sharing,44.3568,8888.9434,4768.0326,56.5945,0.0047,47.107,3953.2421,4120.9108,1775442756770386393
vocseg,no_sharing,44.4764,8769.3594,4768.0326,56.5945,0.0047,47.107,3833.6489,4001.3267,1775442756770386393
vocseg,no_sharing,44.6939,8551.9085,4768.0326,56.5945,0.0047,47.107,3616.1888,3783.8759,1775442756770386393
vocseg,no_sharing,44.702,8543.7918,4768.0326,56.5945,0.0047,47.107,3608.0637,3775.7592,1775442756770386393
vocseg,no_sharing,44.7764,8491.9024,4768.0326,56.5945,0.0047,47.107,3533.7129,3723.8697,1775442756770386393
vocseg,no_sharing,44.8191,8453.7637,4768.0326,56.5945,0.0047,47.107,3490.9921,3685.7311,1775442756770386393
vocseg,no_sharing,44.8558,8417.0036,4768.0326,56.5945,0.0047,47.107,3454.2215,3648.971,1775442756770386393
vocseg,no_sharing,44.857,8415.8499,4768.0326,56.5945,0.0047,47.107,3453.0609,3647.8173,1775442756770386393
vocseg,no_sharing,44.8848,8388.047,4768.0326,56.5945,0.0047,47.107,3425.2522,3620.0144,1775442756770386393
vocseg,no_sharing,44.9236,8349.2756,4768.0326,56.5945,0.0047,47.107,3386.4756,3581.243,1775442756770386393
vocseg,no_sharing,44.9684,8304.4407,4768.0326,56.5945,0.0047,47.107,3341.6348,3536.4081,1775442756770386393
vocseg,no_sharing,45.0295,8243.3505,4768.0326,56.5945,0.0047,47.107,3280.5386,3475.3179,1775442756770386393
vocseg,no_sharing,45.1025,8170.3684,4768.0326,56.5945,0.0047,47.107,3207.5505,3402.3358,1775442756770386393
vocseg,no_sharing,45.169,8128.3989,4768.0326,56.5945,0.0047,47.107,3141.0728,3360.3663,1775442756770386393
vocseg,no_sharing,45.3011,8002.5666,4768.0326,56.5945,0.0047,47.107,3008.9784,3234.534,1775442756770386393
vocseg,no_sharing,45.3208,7982.9125,4768.0326,56.5945,0.0047,47.107,2989.3107,3214.8799,1775442756770386393
vocseg,no_sharing,45.3661,7937.6125,4768.0326,56.5945,0.0047,47.107,2944.0007,3169.5799,1775442756770386393
vocseg,no_sharing,45.5349,7768.8079,4768.0326,56.5945,0.0047,47.107,2775.187,3000.7753,1775442756770386393
vocseg,no_sharing,45.5458,7757.9224,4768.0326,56.5945,0.0047,47.107,2764.2753,2989.8898,1775442756770386393
vocseg,no_sharing,45.7235,7580.2412,4768.0326,56.5945,0.0047,47.107,2586.5853,2812.2086,1775442756770386393
vocseg,no_sharing,45.7345,7569.1924,4768.0326,56.5945,0.0047,47.107,2575.5279,2801.1598,1775442756770386393
vocseg,no_sharing,45.7922,7511.5778,4768.0326,56.5945,0.0047,47.107,2517.905,2743.5452,1775442756770386393
vocseg,no_sharing,45.8061,7497.6649,4768.0326,56.5945,0.0047,47.107,2503.984,2729.6323,1775442756770386393
vocseg,no_sharing,45.9017,7429.5058,4768.0326,56.5945,0.0047,47.107,2408.3881,2661.4732,1775442756770386393
vocseg,no_sharing,45.9726,7358.6106,4768.0326,56.5945,0.0047,47.107,2337.4813,2590.578,1775442756770386393
vocseg,no_sharing,45.9926,7344.9605,4768.0326,56.5945,0.0047,47.107,2317.4286,2576.9278,1775442756770386393
vocseg,no_sharing,46.0734,7264.2193,4768.0326,56.5945,0.0047,47.107,2236.6726,2496.1867,1775442756770386393
vocseg,no_sharing,46.076,7261.5893,4768.0326,56.5945,0.0047,47.107,2234.0348,2493.5567,1775442756770386393
vocseg,no_sharing,46.081,7256.6764,4768.0326,56.5945,0.0047,47.107,2229.1145,2488.6438,1775442756770386393
vocseg,no_sharing,46.0878,7249.7926,4768.0326,56.5945,0.0047,47.107,2222.2207,2481.76,1775442756770386393
vocseg,no_sharing,46.263,7074.6841,4768.0326,56.5945,0.0047,47.107,2047.1017,2306.6515,1775442756770386393
vocseg,no_sharing,46.4444,6893.2965,4768.0326,56.5945,0.0047,47.107,1865.705,2125.2639,1775442756770386393
vocseg,no_sharing,46.4492,6888.4392,4768.0326,56.5945,0.0047,47.107,1860.8394,2120.4066,1775442756770386393
vocseg,no_sharing,46.4492,6888.4354,4768.0326,56.5945,0.0047,47.107,1860.8267,2120.4027,1775442756770386393
vocseg,no_sharing,46.4699,6867.7754,4768.0326,56.5945,0.0047,47.107,1840.1577,2099.7428,1775442756770386393
vocseg,no_sharing,46.5208,6863.1268,4768.0326,56.5945,0.0047,47.107,1789.2833,2095.0941,1775442756770386393
vocseg,no_sharing,46.5465,6837.4214,4768.0326,56.5945,0.0047,47.107,1763.5591,2069.3888,1775442756770386393
vocseg,no_sharing,46.5494,6844.1966,4768.0326,56.5945,0.0047,47.107,1760.6342,2076.1639,1775442756770386393
vocseg,no_sharing,46.575,6818.6126,4768.0326,56.5945,0.0047,47.107,1735.034,2050.58,1775442756770386393
vocseg,no_sharing,46.5928,6800.8833,4768.0326,56.5945,0.0047,47.107,1717.2937,2032.8507,1775442756770386393
vocseg,no_sharing,46.66,6733.6783,4768.0326,56.5945,0.0047,47.107,1650.0783,1965.6457,1775442756770386393
vocseg,no_sharing,46.6659,6727.7467,4768.0326,56.5945,0.0047,47.107,1644.136,1959.7141,1775442756770386393
vocseg,no_sharing,46.7091,6684.6125,4768.0326,56.5945,0.0047,47.107,1600.991,1916.5799,1775442756770386393
vocseg,no_sharing,46.8807,6512.9812,4768.0326,56.5945,0.0047,47.107,1429.3301,1744.9486,1775442756770386393
vocseg,no_sharing,46.9232,6470.5491,4768.0326,56.5945,0.0047,47.107,1386.8876,1702.5165,1775442756770386393
vocseg,no_sharing,47.0117,6382.0789,4768.0326,56.5945,0.0047,47.107,1298.408,1614.0463,1775442756770386393
vocseg,no_sharing,47.0218,6371.901,4768.0326,56.5945,0.0047,47.107,1288.2214,1603.8684,1775442756770386393
vocseg,no_sharing,47.029,6364.7411,4768.0326,56.5945,0.0047,47.107,1281.0521,1596.7085,1775442756770386393
vocseg,no_sharing,47.0484,6345.9525,4768.0326,56.5945,0.0047,47.107,1261.6713,1577.9199,1775442756770386393
vocseg,no_sharing,47.1105,6283.8187,4768.0326,56.5945,0.0047,47.107,1199.5254,1515.7861,1775442756770386393
vocseg,no_sharing,47.1237,11027.4713,4791.2152,52.6788,0.0033,47.3802,6225.7133,6236.2561,1775442761809739458
vocseg,no_sharing,47.1408,11024.2603,4791.2152,52.6788,0.0033,47.3802,6208.5814,6233.0451,1775442761809739458
vocseg,no_sharing,47.2021,10962.9726,4791.2152,52.6788,0.0033,47.3802,6147.285,6171.7575,1775442761809739458
vocseg,no_sharing,47.3331,10853.6544,4791.2152,52.6788,0.0033,47.3802,6016.2752,6062.4392,1775442761809739458
vocseg,no_sharing,47.4195,10776.6519,4791.2152,52.6788,0.0033,47.3802,5929.9057,5985.4367,1775442761809739458
vocseg,no_sharing,47.4416,10754.5342,4791.2152,52.6788,0.0033,47.3802,5907.779,5963.3191,1775442761809739458
vocseg,no_sharing,47.5123,10683.8863,4791.2152,52.6788,0.0033,47.3802,5837.1246,5892.6711,1775442761809739458
vocseg,no_sharing,47.5174,10678.745,4791.2152,52.6788,0.0033,47.3802,5831.9778,5887.5298,1775442761809739458
vocseg,no_sharing,47.5346,10661.5751,4791.2152,52.6788,0.0033,47.3802,5814.8019,5870.3599,1775442761809739458
vocseg,no_sharing,47.5429,10708.6196,4791.2152,52.6788,0.0033,47.3802,5806.5269,5917.4044,1775442761809739458
vocseg,no_sharing,47.5731,10678.4472,4791.2152,52.6788,0.0033,47.3802,5776.3419,5887.2321,1775442761809739458
vocseg,no_sharing,47.5845,10694.9184,4791.2152,52.6788,0.0033,47.3802,5764.9186,5903.7032,1775442761809739458
vocseg,no_sharing,47.6985,10580.9498,4791.2152,52.6788,0.0033,47.3802,5650.9371,5789.7346,1775442761809739458
vocseg,no_sharing,47.7027,10576.7038,4791.2152,52.6788,0.0033,47.3802,5646.6835,5785.4886,1775442761809739458
vocseg,no_sharing,47.7289,10550.5002,4791.2152,52.6788,0.0033,47.3802,5620.4722,5759.285,1775442761809739458
vocseg,no_sharing,47.7452,10534.2207,4791.2152,52.6788,0.0033,47.3802,5604.1844,5743.0055,1775442761809739458
vocseg,no_sharing,47.8186,10460.886,4791.2152,52.6788,0.0033,47.3802,5530.8418,5669.6708,1775442761809739458
vocseg,no_sharing,47.8186,10460.8753,4791.2152,52.6788,0.0033,47.3802,5530.8199,5669.6601,1775442761809739458
vocseg,no_sharing,47.9696,10309.8698,4791.2152,52.6788,0.0033,47.3802,5379.8048,5518.6546,1775442761809739458
vocseg,no_sharing,47.9696,10309.8631,4791.2152,52.6788,0.0033,47.3802,5379.7901,5518.6479,1775442761809739458
vocseg,no_sharing,47.9696,10309.8636,4791.2152,52.6788,0.0033,47.3802,5379.7829,5518.6484,1775442761809739458
vocseg,no_sharing,48.02,10259.5532,4791.2152,52.6788,0.0033,47.3802,5329.4649,5468.338,1775442761809739458
vocseg,no_sharing,48.2857,9993.8416,4791.2152,52.6788,0.0033,47.3802,5063.745,5202.6265,1775442761809739458
vocseg,no_sharing,48.2857,9993.8099,4791.2152,52.6788,0.0033,47.3802,5063.7059,5202.5948,1775442761809739458
vocseg,no_sharing,48.4916,9929.2297,4791.2152,52.6788,0.0033,47.3802,4857.8415,5138.0146,1775442761809739458
vocseg,no_sharing,48.4916,9929.2274,4791.2152,52.6788,0.0033,47.3802,4857.8253,5138.0122,1775442761809739458
vocseg,no_sharing,48.4916,9929.2302,4791.2152,52.6788,0.0033,47.3802,4857.8186,5138.015,1775442761809739458
vocseg,no_sharing,48.5173,9903.5006,4791.2152,52.6788,0.0033,47.3802,4832.0801,5112.2854,1775442761809739458
vocseg,no_sharing,48.5963,9824.5077,4791.2152,52.6788,0.0033,47.3802,4753.0792,5033.2925,1775442761809739458
vocseg,no_sharing,48.6161,9804.729,4791.2152,52.6788,0.0033,47.3802,4733.2921,5013.5138,1775442761809739458
vocseg,no_sharing,48.6182,9877.8231,4791.2152,52.6788,0.0033,47.3802,4731.2534,5086.6079,1775442761809739458
vocseg,no_sharing,48.6229,9873.1222,4791.2152,52.6788,0.0033,47.3802,4726.5384,5081.907,1775442761809739458
vocseg,no_sharing,48.7966,9699.4553,4791.2152,52.6788,0.0033,47.3802,4552.8615,4908.2401,1775442761809739458
vocseg,no_sharing,49.0841,9411.9058,4791.2152,52.6788,0.0033,47.3802,4265.3024,4620.6906,1775442761809739458
vocseg,no_sharing,49.1248,9371.208,4791.2152,52.6788,0.0033,47.3802,4224.5955,4579.9928,1775442761809739458
vocseg,no_sharing,49.2578,9238.2381,4791.2152,52.6788,0.0033,47.3802,4091.6164,4447.0229,1775442761809739458
vocseg,no_sharing,49.3305,9165.5924,4791.2152,52.6788,0.0033,47.3802,4018.9617,4374.3772,1775442761809739458
vocseg,no_sharing,49.3481,9147.9487,4791.2152,52.6788,0.0033,47.3802,4001.3094,4356.7336,1775442761809739458
vocseg,no_sharing,49.3649,9131.1789,4791.2152,52.6788,0.0033,47.3802,3984.5309,4339.9637,1775442761809739458
vocseg,no_sharing,49.4294,9066.6928,4791.2152,52.6788,0.0033,47.3802,3920.0368,4275.4776,1775442761809739458
vocseg,no_sharing,49.4506,9045.5077,4791.2152,52.6788,0.0033,47.3802,3898.8428,4254.2925,1775442761809739458
vocseg,no_sharing,49.5317,8964.4358,4791.2152,52.6788,0.0033,47.3802,3817.7621,4173.2206,1775442761809739458
vocseg,no_sharing,49.5325,8963.5735,4791.2152,52.6788,0.0033,47.3802,3816.8919,4172.3583,1775442761809739458
vocseg,no_sharing,49.5594,8936.6674,4791.2152,52.6788,0.0033,47.3802,3789.9773,4145.4523,1775442761809739458
vocseg,no_sharing,49.5767,8919.4381,4791.2152,52.6788,0.0033,47.3802,3772.7396,4128.2229,1775442761809739458
vocseg,no_sharing,49.6506,8845.5453,4791.2152,52.6788,0.0033,47.3802,3698.8382,4054.3301,1775442761809739458
vocseg,no_sharing,49.6613,8834.8718,4791.2152,52.6788,0.0033,47.3802,3688.1561,4043.6566,1775442761809739458
vocseg,no_sharing,49.682,8814.1713,4791.2152,52.6788,0.0033,47.3802,3667.448,4022.9561,1775442761809739458
vocseg,no_sharing,49.7835,8712.6491,4791.2152,52.6788,0.0033,47.3802,3565.9177,3921.4339,1775442761809739458
vocseg,no_sharing,49.8355,8660.6798,4791.2152,52.6788,0.0033,47.3802,3513.9399,3869.4646,1775442761809739458
vocseg,no_sharing,49.8741,8622.0257,4791.2152,52.6788,0.0033,47.3802,3475.2774,3830.8105,1775442761809739458
vocseg,no_sharing,49.9468,8549.3569,4791.2152,52.6788,0.0033,47.3802,3402.5996,3758.1418,1775442761809739458
vocseg,no_sharing,50.0004,8495.7592,4791.2152,52.6788,0.0033,47.3802,3348.9943,3704.5441,1775442761809739458
vocseg,no_sharing,50.0539,8442.2588,4791.2152,52.6788,0.0033,47.3802,3295.4862,3651.0437,1775442761809739458
vocseg,no_sharing,50.0695,8426.6503,4791.2152,52.6788,0.0033,47.3802,3279.8705,3635.4351,1775442761809739458
vocseg,no_sharing,50.1312,8365.016,4791.2152,52.6788,0.0033,47.3802,3218.2293,3573.8008,1775442761809739458
vocseg,no_sharing,50.2778,8218.4064,4791.2152,52.6788,0.0033,47.3802,3071.6126,3427.1913,1775442761809739458
vocseg,no_sharing,50.3081,8188.1371,4791.2152,52.6788,0.0033,47.3802,3041.3358,3396.9219,1775442761809739458
vocseg,no_sharing,50.3609,8135.3345,4791.2152,52.6788,0.0033,47.3802,2988.5254,3344.1193,1775442761809739458
vocseg,no_sharing,50.4196,8076.6046,4791.2152,52.6788,0.0033,47.3802,2929.7888,3285.3894,1775442761809739458
vocseg,no_sharing,50.4359,8060.3218,4791.2152,52.6788,0.0033,47.3802,2913.4989,3269.1066,1775442761809739458
vocseg,no_sharing,50.4359,8060.3161,4791.2152,52.6788,0.0033,47.3802,2913.4862,3269.1009,1775442761809739458
vocseg,no_sharing,50.5142,8071.5809,4791.2152,52.6788,0.0033,47.3802,2835.2625,3280.3657,1775442761809739458
vocseg,no_sharing,50.522,8063.7136,4791.2152,52.6788,0.0033,47.3802,2827.3833,3272.4984,1775442761809739458
vocseg,no_sharing,50.5477,8038.0788,4791.2152,52.6788,0.0033,47.3802,2801.7402,3246.8636,1775442761809739458
vocseg,no_sharing,50.5603,8025.4474,4791.2152,52.6788,0.0033,47.3802,2789.1016,3234.2322,1775442761809739458
vocseg,no_sharing,50.5811,8004.6928,4791.2152,52.6788,0.0033,47.3802,2768.3396,3213.4776,1775442761809739458
vocseg,no_sharing,50.6607,7925.0569,4791.2152,52.6788,0.0033,47.3802,2688.6957,3133.8418,1775442761809739458
vocseg,no_sharing,50.706,7879.7998,4791.2152,52.6788,0.0033,47.3802,2643.4309,3088.5847,1775442761809739458
vocseg,no_sharing,50.7179,7867.9109,4791.2152,52.6788,0.0033,47.3802,2631.5341,3076.6957,1775442761809739458
vocseg,no_sharing,50.7608,7824.9981,4791.2152,52.6788,0.0033,47.3802,2588.6135,3033.783,1775442761809739458
vocseg,no_sharing,50.7766,7809.2387,4791.2152,52.6788,0.0033,47.3802,2572.8476,3018.0235,1775442761809739458
vocseg,no_sharing,50.858,7727.8497,4791.2152,52.6788,0.0033,47.3802,2491.4515,2936.6345,1775442761809739458
vocseg,no_sharing,50.8978,7688.0004,4791.2152,52.6788,0.0033,47.3802,2451.5955,2896.7853,1775442761809739458
vocseg,no_sharing,50.9995,7586.2832,4791.2152,52.6788,0.0033,47.3802,2349.8714,2795.068,1775442761809739458
vocseg,no_sharing,51.075,7510.7975,4791.2152,52.6788,0.0033,47.3802,2274.3788,2719.5823,1775442761809739458
vocseg,no_sharing,51.131,7454.8833,4791.2152,52.6788,0.0033,47.3802,2218.4575,2663.6682,1775442761809739458
vocseg,no_sharing,51.1807,7405.1256,4791.2152,52.6788,0.0033,47.3802,2168.6926,2613.9104,1775442761809739458
vocseg,no_sharing,51.2654,7320.4651,4791.2152,52.6788,0.0033,47.3802,2084.0256,2529.2499,1775442761809739458
vocseg,no_sharing,51.2692,7318.7227,4791.2152,52.6788,0.0033,47.3802,2080.2498,2527.5075,1775442761809739458
vocseg,no_sharing,51.2776,7310.3285,4791.2152,52.6788,0.0033,47.3802,2071.8443,2519.1133,1775442761809739458
vocseg,no_sharing,51.314,7273.9122,4791.2152,52.6788,0.0033,47.3802,2035.4202,2482.697,1775442761809739458
vocseg,no_sharing,51.3199,7268.0478,4791.2152,52.6788,0.0033,47.3802,2029.5489,2476.8326,1775442761809739458
vocseg,no_sharing,51.3476,7240.3123,4791.2152,52.6788,0.0033,47.3802,2001.8065,2449.0972,1775442761809739458
vocseg,no_sharing,51.3592,7228.7204,4791.2152,52.6788,0.0033,47.3802,1990.2065,2437.5052,1775442761809739458
vocseg,no_sharing,51.3872,7200.7771,4791.2152,52.6788,0.0033,47.3802,1962.255,2409.5619,1775442761809739458
vocseg,no_sharing,51.3872,7200.7713,4791.2152,52.6788,0.0033,47.3802,1962.2421,2409.5561,1775442761809739458
vocseg,no_sharing,51.639,6948.9427,4791.2152,52.6788,0.0033,47.3802,1710.4061,2157.7275,1775442761809739458
vocseg,no_sharing,51.6669,6921.1082,4791.2152,52.6788,0.0033,47.3802,1682.5643,2129.8931,1775442761809739458
vocseg,no_sharing,51.7379,6850.0769,4791.2152,52.6788,0.0033,47.3802,1611.5255,2058.8617,1775442761809739458
vocseg,no_sharing,51.7395,6848.4492,4791.2152,52.6788,0.0033,47.3802,1609.8914,2057.234,1775442761809739458
vocseg,no_sharing,51.8048,6783.1957,4791.2152,52.6788,0.0033,47.3802,1544.6303,1991.9806,1775442761809739458
vocseg,no_sharing,51.8611,6726.9006,4791.2152,52.6788,0.0033,47.3802,1488.3282,1935.6854,1775442761809739458
vocseg,no_sharing,51.8837,6704.2656,4791.2152,52.6788,0.0033,47.3802,1465.6868,1913.0504,1775442761809739458
vocseg,no_sharing,51.9431,6644.9499,4791.2152,52.6788,0.0033,47.3802,1406.3637,1853.7347,1775442761809739458
vocseg,no_sharing,51.9894,6598.6354,4791.2152,52.6788,0.0033,47.3802,1360.0426,1807.4203,1775442761809739458
vocseg,no_sharing,52.0057,6582.3622,4791.2152,52.6788,0.0033,47.3802,1343.7624,1791.147,1775442761809739458
vocseg,no_sharing,52.0163,6571.7165,4791.2152,52.6788,0.0033,47.3802,1333.1101,1780.5014,1775442761809739458
vocseg,no_sharing,52.022,6566.0796,4791.2152,52.6788,0.0033,47.3802,1327.4667,1774.8644,1775442761809739458
vocseg,no_sharing,52.047,6541.0335,4791.2152,52.6788,0.0033,47.3802,1302.4137,1749.8183,1775442761809739458
vocseg,no_sharing,52.0905,10886.8444,4630.6997,45.7228,0.004,45.8421,6238.3544,6256.1447,1775442766789140930
vocseg,no_sharing,52.1788,10798.5356,4630.6997,45.7228,0.004,45.8421,6150.0337,6167.8359,1775442766789140930
vocseg,no_sharing,52.2524,10747.0512,4630.6997,45.7228,0.004,45.8421,6076.3743,6116.3516,1775442766789140930
vocseg,no_sharing,52.2697,10729.7921,4630.6997,45.7228,0.004,45.8421,6059.1052,6099.0925,1775442766789140930
vocseg,no_sharing,52.3173,10682.1733,4630.6997,45.7228,0.004,45.8421,6011.4796,6051.4736,1775442766789140930
vocseg,no_sharing,52.4447,10554.8701,4630.6997,45.7228,0.004,45.8421,5884.1703,5924.1705,1775442766789140930
vocseg,no_sharing,52.4843,10515.2211,4630.6997,45.7228,0.004,45.8421,5844.5151,5884.5215,1775442766789140930
vocseg,no_sharing,52.601,10455.3177,4630.6997,45.7228,0.004,45.8421,5727.797,5824.6181,1775442766789140930
vocseg,no_sharing,52.6067,10449.6863,4630.6997,45.7228,0.004,45.8421,5722.1522,5818.9866,1775442766789140930
vocseg,no_sharing,52.6506,10405.7248,4630.6997,45.7228,0.004,45.8421,5678.1821,5775.0251,1775442766789140930
vocseg,no_sharing,52.7117,10344.6264,4630.6997,45.7228,0.004,45.8421,5617.0764,5713.9268,1775442766789140930
vocseg,no_sharing,52.7118,10344.6198,4630.6997,45.7228,0.004,45.8421,5617.0633,5713.9201,1775442766789140930
vocseg,no_sharing,52.8658,10190.5394,4630.6997,45.7228,0.004,45.8421,5462.976,5559.8397,1775442766789140930
vocseg,no_sharing,52.9381,10118.269,4630.6997,45.7228,0.004,45.8421,5390.6999,5487.5693,1775442766789140930
vocseg,no_sharing,53.1547,9901.7384,4630.6997,45.7228,0.004,45.8421,5174.1621,5271.0387,1775442766789140930
vocseg,no_sharing,53.3311,9725.3332,4630.6997,45.7228,0.004,45.8421,4997.7496,5094.6336,1775442766789140930
vocseg,no_sharing,53.3311,9725.3182,4630.6997,45.7228,0.004,45.8421,4997.7283,5094.6185,1775442766789140930
vocseg,no_sharing,53.3943,9662.1447,4630.6997,45.7228,0.004,45.8421,4934.5472,5031.445,1775442766789140930
vocseg,no_sharing,53.3943,9662.1377,4630.6997,45.7228,0.004,45.8421,4934.5348,5031.4381,1775442766789140930
vocseg,no_sharing,53.4353,9747.973,4630.6997,45.7228,0.004,45.8421,4893.4834,5117.2733,1775442766789140930
vocseg,no_sharing,53.5054,9701.1824,4630.6997,45.7228,0.004,45.8421,4823.4541,5070.4827,1775442766789140930
vocseg,no_sharing,53.5243,9682.2705,4630.6997,45.7228,0.004,45.8421,4804.5268,5051.5709,1775442766789140930
vocseg,no_sharing,53.5474,9659.2236,4630.6997,45.7228,0.004,45.8421,4781.4708,5028.5239,1775442766789140930
vocseg,no_sharing,53.575,9631.5866,4630.6997,45.7228,0.004,45.8421,4753.8247,5000.8869,1775442766789140930
vocseg,no_sharing,53.5926,9613.9801,4630.6997,45.7228,0.004,45.8421,4736.2094,4983.2804,1775442766789140930
vocseg,no_sharing,53.5946,9611.9721,4630.6997,45.7228,0.004,45.8421,4734.1938,4981.2724,1775442766789140930
vocseg,no_sharing,53.6107,9595.8996,4630.6997,45.7228,0.004,45.8421,4718.1125,4965.1999,1775442766789140930
vocseg,no_sharing,53.6732,9533.4582,4630.6997,45.7228,0.004,45.8421,4655.663,4902.7586,1775442766789140930
vocseg,no_sharing,53.7024,9504.1957,4630.6997,45.7228,0.004,45.8421,4626.3921,4873.496,1775442766789140930
vocseg,no_sharing,53.7556,9451.0252,4630.6997,45.7228,0.004,45.8421,4573.2136,4820.3256,1775442766789140930
vocseg,no_sharing,53.9918,9214.8774,4630.6997,45.7228,0.004,45.8421,4337.0564,4584.1777,1775442766789140930
vocseg,no_sharing,53.9993,9207.3565,4630.6997,45.7228,0.004,45.8421,4329.5262,4576.6568,1775442766789140930
vocseg,no_sharing,54.023,9183.691,4630.6997,45.7228,0.004,45.8421,4305.8527,4552.9914,1775442766789140930
vocseg,no_sharing,54.1487,9057.9803,4630.6997,45.7228,0.004,45.8421,4180.1329,4427.2806,1775442766789140930
vocseg,no_sharing,54.3252,8881.4807,4630.6997,45.7228,0.004,45.8421,4003.6249,4250.781,1775442766789140930
vocseg,no_sharing,54.3591,8847.5742,4630.6997,45.7228,0.004,45.8421,3969.7113,4216.8746,1775442766789140930
vocseg,no_sharing,54.4123,8794.4179,4630.6997,45.7228,0.004,45.8421,3916.5246,4163.7182,1775442766789140930
vocseg,no_sharing,54.42,8786.7477,4630.6997,45.7228,0.004,45.8421,3908.844,4156.048,1775442766789140930
vocseg,no_sharing,54.6664,8540.333,4630.6997,45.7228,0.004,45.8421,3662.42,3909.6334,1775442766789140930
vocseg,no_sharing,54.708,8498.7078,4630.6997,45.7228,0.004,45.8421,3620.786,3868.0081,1775442766789140930
vocseg,no_sharing,54.7127,8494.0143,4630.6997,45.7228,0.004,45.8421,3616.0851,3863.3146,1775442766789140930
vocseg,no_sharing,54.8743,8332.4635,4630.6997,45.7228,0.004,45.8421,3454.525,3701.7638,1775442766789140930
vocseg,no_sharing,54.9189,8287.8275,4630.6997,45.7228,0.004,45.8421,3409.8814,3657.1278,1775442766789140930
vocseg,no_sharing,55.0418,8164.9995,4630.6997,45.7228,0.004,45.8421,3287.0452,3534.2998,1775442766789140930
vocseg,no_sharing,55.0818,8124.9816,4630.6997,45.7228,0.004,45.8421,3247.02,3494.282,1775442766789140930
vocseg,no_sharing,55.0858,8120.9695,4630.6997,45.7228,0.004,45.8421,3242.9938,3490.2699,1775442766789140930
vocseg,no_sharing,55.1362,8070.6177,4630.6997,45.7228,0.004,45.8421,3192.6348,3439.918,1775442766789140930
vocseg,no_sharing,55.1714,8035.4235,4630.6997,45.7228,0.004,45.8421,3157.4323,3404.7239,1775442766789140930
vocseg,no_sharing,55.292,7914.8006,4630.6997,45.7228,0.004,45.8421,3036.8025,3284.101,1775442766789140930
vocseg,no_sharing,55.3953,8011.9357,4630.6997,45.7228,0.004,45.8421,2933.4722,3381.236,1775442766789140930
vocseg,no_sharing,55.4407,7966.6042,4630.6997,45.7228,0.004,45.8421,2888.1295,3335.9046,1775442766789140930
vocseg,no_sharing,55.49,7917.2783,4630.6997,45.7228,0.004,45.8421,2838.7952,3286.5786,1775442766789140930
vocseg,no_sharing,55.5305,7876.8535,4630.6997,45.7228,0.004,45.8421,2798.363,3246.1538,1775442766789140930
vocseg,no_sharing,55.5664,7841.1942,4630.6997,45.7228,0.004,45.8421,2762.4037,3210.4945,1775442766789140930
vocseg,no_sharing,55.6066,7800.9772,4630.6997,45.7228,0.004,45.8421,2722.1782,3170.2776,1775442766789140930
vocseg,no_sharing,55.6494,7758.1992,4630.6997,45.7228,0.004,45.8421,2679.3931,3127.4996,1775442766789140930
vocseg,no_sharing,55.7044,7703.2721,4630.6997,45.7228,0.004,45.8421,2624.4586,3072.5724,1775442766789140930
vocseg,no_sharing,55.7058,7701.8452,4630.6997,45.7228,0.004,45.8421,2623.0254,3071.1455,1775442766789140930
vocseg,no_sharing,55.8115,7596.1814,4630.6997,45.7228,0.004,45.8421,2517.3545,2965.4817,1775442766789140930
vocseg,no_sharing,55.9556,7452.0695,4630.6997,45.7228,0.004,45.8421,2373.2364,2821.3699,1775442766789140930
vocseg,no_sharing,55.9572,7450.4371,4630.6997,45.7228,0.004,45.8421,2371.5982,2819.7374,1775442766789140930
vocseg,no_sharing,55.9705,7437.2058,4630.6997,45.7228,0.004,45.8421,2358.3603,2806.5061,1775442766789140930
vocseg,no_sharing,56.0669,7340.7733,4630.6997,45.7228,0.004,45.8421,2261.9209,2710.0737,1775442766789140930
vocseg,no_sharing,56.1289,7278.8143,4630.6997,45.7228,0.004,45.8421,2199.9555,2648.1147,1775442766789140930
vocseg,no_sharing,56.15,7257.7093,4630.6997,45.7228,0.004,45.8421,2178.8447,2627.0096,1775442766789140930
vocseg,no_sharing,56.1693,7238.4338,4630.6997,45.7228,0.004,45.8421,2159.5469,2607.7342,1775442766789140930
vocseg,no_sharing,56.1949,7212.8117,4630.6997,45.7228,0.004,45.8421,2133.9169,2582.112,1775442766789140930
vocseg,no_sharing,56.2375,7170.222,4630.6997,45.7228,0.004,45.8421,2091.3205,2539.5224,1775442766789140930
vocseg,no_sharing,56.3001,7107.5885,4630.6997,45.7228,0.004,45.8421,2028.6806,2476.8889,1775442766789140930
vocseg,no_sharing,56.3298,7077.985,4630.6997,45.7228,0.004,45.8421,1999.0704,2447.2854,1775442766789140930
vocseg,no_sharing,56.3474,7060.3869,4630.6997,45.7228,0.004,45.8421,1981.4658,2429.6872,1775442766789140930
vocseg,no_sharing,56.41,6997.7579,4630.6997,45.7228,0.004,45.8421,1918.8309,2367.0583,1775442766789140930
vocseg,no_sharing,56.4956,6912.1904,4630.6997,45.7228,0.004,45.8421,1833.2574,2281.4908,1775442766789140930
vocseg,no_sharing,56.5062,6901.5672,4630.6997,45.7228,0.004,45.8421,1822.6283,2270.8676,1775442766789140930
vocseg,no_sharing,56.5254,6882.3919,4630.6997,45.7228,0.004,45.8421,1803.4461,2251.6923,1775442766789140930
vocseg,no_sharing,56.6026,6805.177,4630.6997,45.7228,0.004,45.8421,1726.2251,2174.4773,1775442766789140930
vocseg,no_sharing,56.6069,6800.8964,4630.6997,45.7228,0.004,45.8421,1721.9388,2170.1967,1775442766789140930
vocseg,no_sharing,56.6115,6796.3037,4630.6997,45.7228,0.004,45.8421,1717.34,2165.6041,1775442766789140930
vocseg,no_sharing,56.7078,6700.0043,4630.6997,45.7228,0.004,45.8421,1621.0346,2069.3047,1775442766789140930
vocseg,no_sharing,56.7276,6680.1817,4630.6997,45.7228,0.004,45.8421,1601.2061,2049.4821,1775442766789140930
vocseg,no_sharing,56.7782,6629.581,4630.6997,45.7228,0.004,45.8421,1550.5996,1998.8813,1775442766789140930
vocseg,no_sharing,56.8731,6534.6885,4630.6997,45.7228,0.004,45.8421,1455.7011,1903.9888,1775442766789140930
vocseg,no_sharing,56.917,6490.787,4630.6997,45.7228,0.004,45.8421,1411.7937,1860.0874,1775442766789140930
vocseg,no_sharing,56.9973,6410.5105,4630.6997,45.7228,0.004,45.8421,1331.5113,1779.8109,1775442766789140930
vocseg,no_sharing,57.0267,6381.0837,4630.6997,45.7228,0.004,45.8421,1302.0785,1750.3841,1775442766789140930
vocseg,no_sharing,57.0734,6334.414,4630.6997,45.7228,0.004,45.8421,1255.4038,1703.7143,1775442766789140930
vocseg,no_sharing,57.0851,6322.7813,4630.6997,45.7228,0.004,45.8421,1243.7651,1692.0817,1775442766789140930
vocseg,no_sharing,57.1133,6294.5228,4630.6997,45.7228,0.004,45.8421,1215.5004,1663.8231,1775442766789140930
vocseg,no_sharing,57.2449,6162.9372,4630.6997,45.7228,0.004,45.8421,1083.909,1532.2375,1775442766789140930
vocseg,no_sharing,57.4093,5998.5385,4630.6997,45.7228,0.004,45.8421,919.5049,1367.8388,1775442766789140930
vocseg,no_sharing,57.4266,5981.2338,4630.6997,45.7228,0.004,45.8421,902.1947,1350.5342,1775442766789140930
vocseg,no_sharing,57.4819,5925.9272,4630.6997,45.7228,0.004,45.8421,846.8826,1295.2275,1775442766789140930
vocseg,no_sharing,57.5819,5825.9826,4630.6997,45.7228,0.004,45.8421,746.9323,1195.2829,1775442766789140930
vocseg,no_sharing,57.5941,5813.7903,4630.6997,45.7228,0.004,45.8421,734.7345,1183.0907,1775442766789140930
vocseg,no_sharing,57.6815,5726.4268,4630.6997,45.7228,0.004,45.8421,647.3658,1095.7272,1775442766789140930
vocseg,no_sharing,57.6921,5715.785,4630.6997,45.7228,0.004,45.8421,636.7188,1085.0854,1775442766789140930
vocseg,no_sharing,57.7069,5701.0233,4630.6997,45.7228,0.004,45.8421,621.9523,1070.3237,1775442766789140930
vocseg,no_sharing,57.7325,5675.3848,4630.6997,45.7228,0.004,45.8421,596.3089,1044.6851,1775442766789140930
vocseg,no_sharing,57.7431,5664.7713,4630.6997,45.7228,0.004,45.8421,585.6907,1034.0717,1775442766789140930
vocseg,no_sharing,57.7927,5615.1612,4630.6997,45.7228,0.004,45.8421,536.0754,984.4615,1775442766789140930
vocseg,no_sharing,57.832,9933.6138,4606.6137,46.4091,0.0043,45.5948,5316.1471,5327.0,1775442771608495955
vocseg,no_sharing,57.8326,9937.8459,4606.6137,46.4091,0.0043,45.5948,5315.5797,5331.2322,1775442771608495955
vocseg,no_sharing,58.0187,9761.5166,4606.6137,46.4091,0.0043,45.5948,5129.4372,5154.9028,1775442771608495955
vocseg,no_sharing,58.0195,9760.7479,4606.6137,46.4091,0.0043,45.5948,5128.6597,5154.1342,1775442771608495955
vocseg,no_sharing,58.0282,9771.1663,4606.6137,46.4091,0.0043,45.5948,5119.961,5164.5526,1775442771608495955
vocseg,no_sharing,58.0646,9734.8304,4606.6137,46.4091,0.0043,45.5948,5083.6153,5128.2166,1775442771608495955
vocseg,no_sharing,58.0807,9718.6608,4606.6137,46.4091,0.0043,45.5948,5067.44,5112.0471,1775442771608495955
vocseg,no_sharing,58.1867,9612.715,4606.6137,46.4091,0.0043,45.5948,4961.4882,5006.1013,1775442771608495955
vocseg,no_sharing,58.4206,9410.4948,4606.6137,46.4091,0.0043,45.5948,4727.5531,4803.8811,1775442771608495955
vocseg,no_sharing,58.4206,9410.4822,4606.6137,46.4091,0.0043,45.5948,4727.5298,4803.8684,1775442771608495955
vocseg,no_sharing,58.4207,9410.4815,4606.6137,46.4091,0.0043,45.5948,4727.5219,4803.8677,1775442771608495955
vocseg,no_sharing,58.4207,9410.4824,4606.6137,46.4091,0.0043,45.5948,4727.5162,4803.8687,1775442771608495955
vocseg,no_sharing,58.4207,9410.4829,4606.6137,46.4091,0.0043,45.5948,4727.5097,4803.8691,1775442771608495955
vocseg,no_sharing,58.5884,9242.8002,4606.6137,46.4091,0.0043,45.5948,4559.8207,4636.1865,1775442771608495955
vocseg,no_sharing,58.5884,9242.7917,4606.6137,46.4091,0.0043,45.5948,4559.8061,4636.1779,1775442771608495955
vocseg,no_sharing,58.5884,9298.945,4606.6137,46.4091,0.0043,45.5948,4559.799,4692.3312,1775442771608495955
vocseg,no_sharing,58.5884,9298.9535,4606.6137,46.4091,0.0043,45.5948,4559.7932,4692.3398,1775442771608495955
vocseg,no_sharing,58.6892,9198.1208,4606.6137,46.4091,0.0043,45.5948,4458.952,4591.5071,1775442771608495955
vocseg,no_sharing,58.7956,9091.774,4606.6137,46.4091,0.0043,45.5948,4352.597,4485.1602,1775442771608495955
vocseg,no_sharing,58.8316,9055.7935,4606.6137,46.4091,0.0043,45.5948,4316.6082,4449.1798,1775442771608495955
vocseg,no_sharing,58.8999,8987.4213,4606.6137,46.4091,0.0043,45.5948,4248.2283,4380.8075,1775442771608495955
vocseg,no_sharing,58.9382,8949.182,4606.6137,46.4091,0.0043,45.5948,4209.9819,4342.5683,1775442771608495955
vocseg,no_sharing,58.9771,8910.2907,4606.6137,46.4091,0.0043,45.5948,4171.0839,4303.677,1775442771608495955
vocseg,no_sharing,59.0914,8795.9628,4606.6137,46.4091,0.0043,45.5948,4056.7484,4189.3491,1775442771608495955
vocseg,no_sharing,59.1543,8733.0861,4606.6137,46.4091,0.0043,45.5948,3993.8636,4126.4724,1775442771608495955
vocseg,no_sharing,59.1543,8733.0792,4606.6137,46.4091,0.0043,45.5948,3993.8495,4126.4655,1775442771608495955
vocseg,no_sharing,59.1957,8691.673,4606.6137,46.4091,0.0043,45.5948,3952.436,4085.0593,1775442771608495955
vocseg,no_sharing,59.2344,8752.871,4606.6137,46.4091,0.0043,45.5948,3913.7568,4146.2573,1775442771608495955
vocseg,no_sharing,59.2589,8728.3852,4606.6137,46.4091,0.0043,45.5948,3889.256,4121.7715,1775442771608495955
vocseg,no_sharing,59.2676,8719.6825,4606.6137,46.4091,0.0043,45.5948,3880.5442,4113.0687,1775442771608495955
vocseg,no_sharing,59.3494,8637.8744,4606.6137,46.4091,0.0043,45.5948,3798.7282,4031.2606,1775442771608495955
vocseg,no_sharing,59.3821,8605.19,4606.6137,46.4091,0.0043,45.5948,3766.0367,3998.5763,1775442771608495955
vocseg,no_sharing,59.4285,8558.8152,4606.6137,46.4091,0.0043,45.5948,3719.6546,3952.2015,1775442771608495955
vocseg,no_sharing,59.5778,8409.5011,4606.6137,46.4091,0.0043,45.5948,3570.3321,3802.8873,1775442771608495955
vocseg,no_sharing,59.725,8262.3703,4606.6137,46.4091,0.0043,45.5948,3423.1932,3655.7566,1775442771608495955
vocseg,no_sharing,59.7406,8246.7244,4606.6137,46.4091,0.0043,45.5948,3407.5394,3640.1106,1775442771608495955
vocseg,no_sharing,59.7756,8211.7746,4606.6137,46.4091,0.0043,45.5948,3372.5815,3605.1608,1775442771608495955
vocseg,no_sharing,59.7954,8191.9527,4606.6137,46.4091,0.0043,45.5948,3352.752,3585.339,1775442771608495955
vocseg,no_sharing,59.7954,8191.9465,4606.6137,46.4091,0.0043,45.5948,3352.7391,3585.3328,1775442771608495955
vocseg,no_sharing,59.8815,8105.9144,4606.6137,46.4091,0.0043,45.5948,3266.7005,3499.3006,1775442771608495955
vocseg,no_sharing,59.9381,8049.2861,4606.6137,46.4091,0.0043,45.5948,3210.0651,3442.6724,1775442771608495955
vocseg,no_sharing,59.9949,7992.5287,4606.6137,46.4091,0.0043,45.5948,3153.3008,3385.9149,1775442771608495955
vocseg,no_sharing,59.9981,7989.3613,4606.6137,46.4091,0.0043,45.5948,3150.1262,3382.7475,1775442771608495955
vocseg,no_sharing,60.0144,7973.017,4606.6137,46.4091,0.0043,45.5948,3133.7752,3366.4032,1775442771608495955
vocseg,no_sharing,60.0543,7933.1038,4606.6137,46.4091,0.0043,45.5948,3093.8551,3326.4901,1775442771608495955
vocseg,no_sharing,60.061,7926.4555,4606.6137,46.4091,0.0043,45.5948,3087.1994,3319.8418,1775442771608495955
vocseg,no_sharing,60.0916,7895.7975,4606.6137,46.4091,0.0043,45.5948,3056.535,3289.1837,1775442771608495955
vocseg,no_sharing,60.1305,7856.9274,4606.6137,46.4091,0.0043,45.5948,3017.6589,3250.3137,1775442771608495955
vocseg,no_sharing,60.1519,7963.177,4606.6137,46.4091,0.0043,45.5948,2996.2654,3356.5632,1775442771608495955
vocseg,no_sharing,60.1756,7950.5496,4606.6137,46.4091,0.0043,45.5948,2972.542,3343.9359,1775442771608495955
vocseg,no_sharing,60.1873,7938.9241,4606.6137,46.4091,0.0043,45.5948,2960.9041,3332.3103,1775442771608495955
vocseg,no_sharing,60.1909,7935.2951,4606.6137,46.4091,0.0043,45.5948,2957.2685,3328.6814,1775442771608495955
vocseg,no_sharing,60.2211,7905.0598,4606.6137,46.4091,0.0043,45.5948,2927.027,3298.4461,1775442771608495955
vocseg,no_sharing,60.3874,7738.862,4606.6137,46.4091,0.0043,45.5948,2760.8225,3132.2483,1775442771608495955
vocseg,no_sharing,60.3874,7738.8587,4606.6137,46.4091,0.0043,45.5948,2760.812,3132.245,1775442771608495955
vocseg,no_sharing,60.4209,7705.2941,4606.6137,46.4091,0.0043,45.5948,2727.2401,3098.6804,1775442771608495955
vocseg,no_sharing,60.4748,7651.439,4606.6137,46.4091,0.0043,45.5948,2673.3778,3044.8252,1775442771608495955
vocseg,no_sharing,60.4748,7651.4316,4606.6137,46.4091,0.0043,45.5948,2673.3634,3044.8178,1775442771608495955
vocseg,no_sharing,60.4995,7626.7922,4606.6137,46.4091,0.0043,45.5948,2648.7167,3020.1784,1775442771608495955
vocseg,no_sharing,60.5538,7572.4201,4606.6137,46.4091,0.0043,45.5948,2594.3379,2965.8064,1775442771608495955
vocseg,no_sharing,60.5539,7572.4018,4606.6137,46.4091,0.0043,45.5948,2594.3127,2965.788,1775442771608495955
vocseg,no_sharing,60.5792,7547.0476,4606.6137,46.4091,0.0043,45.5948,2568.9526,2940.4339,1775442771608495955
vocseg,no_sharing,60.6551,7471.2064,4606.6137,46.4091,0.0043,45.5948,2493.1047,2864.5927,1775442771608495955
vocseg,no_sharing,60.6606,7465.7109,4606.6137,46.4091,0.0043,45.5948,2487.6025,2859.0971,1775442771608495955
vocseg,no_sharing,60.7303,7395.997,4606.6137,46.4091,0.0043,45.5948,2417.8815,2789.3833,1775442771608495955
vocseg,no_sharing,60.8173,7308.9869,4606.6137,46.4091,0.0043,45.5948,2330.8632,2702.3732,1775442771608495955
vocseg,no_sharing,60.821,7305.3505,4606.6137,46.4091,0.0043,45.5948,2327.2195,2698.7368,1775442771608495955
vocseg,no_sharing,60.8366,7289.7241,4606.6137,46.4091,0.0043,45.5948,2311.5864,2683.1104,1775442771608495955
vocseg,no_sharing,60.8542,7272.0866,4606.6137,46.4091,0.0043,45.5948,2293.9417,2665.4729,1775442771608495955
vocseg,no_sharing,60.9341,7192.2002,4606.6137,46.4091,0.0043,45.5948,2214.0481,2585.5864,1775442771608495955
vocseg,no_sharing,61.2192,6907.1417,4606.6137,46.4091,0.0043,45.5948,1928.9818,2300.5279,1775442771608495955
vocseg,no_sharing,61.2219,6904.4864,4606.6137,46.4091,0.0043,45.5948,1926.3206,2297.8727,1775442771608495955
vocseg,no_sharing,61.2415,6884.8195,4606.6137,46.4091,0.0043,45.5948,1906.6472,2278.2058,1775442771608495955
vocseg,no_sharing,61.3219,6804.4095,4606.6137,46.4091,0.0043,45.5948,1826.23,2197.7958,1775442771608495955
vocseg,no_sharing,61.3366,6789.7978,4606.6137,46.4091,0.0043,45.5948,1811.6117,2183.184,1775442771608495955
vocseg,no_sharing,61.3768,6749.5375,4606.6137,46.4091,0.0043,45.5948,1771.3451,2142.9237,1775442771608495955
vocseg,no_sharing,61.3774,6749.0118,4606.6137,46.4091,0.0043,45.5948,1770.8142,2142.398,1775442771608495955
vocseg,no_sharing,61.384,6742.4033,4606.6137,46.4091,0.0043,45.5948,1764.2002,2135.7895,1775442771608495955
vocseg,no_sharing,61.3987,6727.6661,4606.6137,46.4091,0.0043,45.5948,1749.4557,2121.0524,1775442771608495955
vocseg,no_sharing,61.5279,6598.4964,4606.6137,46.4091,0.0043,45.5948,1620.2796,1991.8827,1775442771608495955
vocseg,no_sharing,61.5407,6585.6941,4606.6137,46.4091,0.0043,45.5948,1607.4696,1979.0803,1775442771608495955
vocseg,no_sharing,61.5463,6580.0688,4606.6137,46.4091,0.0043,45.5948,1601.8374,1973.4551,1775442771608495955
vocseg,no_sharing,61.619,6507.4165,4606.6137,46.4091,0.0043,45.5948,1529.1786,1900.8027,1775442771608495955
vocseg,no_sharing,61.6776,6448.7894,4606.6137,46.4091,0.0043,45.5948,1470.546,1842.1756,1775442771608495955
vocseg,no_sharing,61.7093,6417.1629,4606.6137,46.4091,0.0043,45.5948,1438.9138,1810.5492,1775442771608495955
vocseg,no_sharing,61.7369,6423.295,4606.6137,46.4091,0.0043,45.5948,1411.2751,1816.6813,1775442771608495955
vocseg,no_sharing,61.7652,6395.0074,4606.6137,46.4091,0.0043,45.5948,1382.9782,1788.3936,1775442771608495955
vocseg,no_sharing,61.7729,6388.6423,4606.6137,46.4091,0.0043,45.5948,1375.3002,1782.0286,1775442771608495955
vocseg,no_sharing,61.8877,6273.7916,4606.6137,46.4091,0.0043,45.5948,1260.4377,1667.1778,1775442771608495955
vocseg,no_sharing,62.0041,6157.4385,4606.6137,46.4091,0.0043,45.5948,1144.074,1550.8248,1775442771608495955
vocseg,no_sharing,62.0204,6141.1684,4606.6137,46.4091,0.0043,45.5948,1127.7978,1534.5546,1775442771608495955
vocseg,no_sharing,62.0652,6096.3948,4606.6137,46.4091,0.0043,45.5948,1083.0185,1489.781,1775442771608495955
vocseg,no_sharing,62.3266,5834.909,4606.6137,46.4091,0.0043,45.5948,821.5284,1228.2952,1775442771608495955
vocseg,no_sharing,62.3349,5826.6258,4606.6137,46.4091,0.0043,45.5948,813.2408,1220.0121,1775442771608495955
vocseg,no_sharing,62.3672,5794.3709,4606.6137,46.4091,0.0043,45.5948,780.9808,1187.7571,1775442771608495955
vocseg,no_sharing,62.3925,5769.0272,4606.6137,46.4091,0.0043,45.5948,755.6324,1162.4135,1775442771608495955
vocseg,no_sharing,62.4597,5701.9148,4606.6137,46.4091,0.0043,45.5948,688.5157,1095.301,1775442771608495955
vocseg,no_sharing,62.5932,5568.342,4606.6137,46.4091,0.0043,45.5948,554.939,961.7282,1775442771608495955
vocseg,no_sharing,62.6009,5560.7123,4606.6137,46.4091,0.0043,45.5948,547.3051,954.0986,1775442771608495955
vocseg,no_sharing,62.6009,5560.7021,4606.6137,46.4091,0.0043,45.5948,547.2915,954.0883,1775442771608495955
vocseg,no_sharing,62.6797,10382.8237,5017.5971,516.1953,0.0032,45.9257,5355.6786,5365.2266,1775442776495711780
vocseg,no_sharing,62.7524,10312.9835,5017.5971,516.1953,0.0032,45.9257,5282.9673,5295.3864,1775442776495711780
vocseg,no_sharing,62.8633,10204.9546,5017.5971,516.1953,0.0032,45.9257,5172.0724,5187.3575,1775442776495711780
vocseg,no_sharing,62.8654,10205.7083,5017.5971,516.1953,0.0032,45.9257,5169.9901,5188.1112,1775442776495711780
vocseg,no_sharing,62.965,10108.9535,5017.5971,516.1953,0.0032,45.9257,5070.4207,5091.3564,1775442776495711780
vocseg,no_sharing,63.4075,9669.342,5017.5971,516.1953,0.0032,45.9257,4627.8596,4651.7449,1775442776495711780
vocseg,no_sharing,63.4075,9672.3275,5017.5971,516.1953,0.0032,45.9257,4627.8524,4654.7304,1775442776495711780
vocseg,no_sharing,63.4075,9677.8753,5017.5971,516.1953,0.0032,45.9257,4627.8467,4660.2782,1775442776495711780
vocseg,no_sharing,63.4076,9677.8817,5017.5971,516.1953,0.0032,45.9257,4627.8419,4660.2846,1775442776495711780
vocseg,no_sharing,63.4076,9683.5401,5017.5971,516.1953,0.0032,45.9257,4627.8372,4665.943,1775442776495711780
vocseg,no_sharing,63.4076,9683.5425,5017.5971,516.1953,0.0032,45.9257,4627.8322,4665.9454,1775442776495711780
vocseg,no_sharing,63.4076,9689.1766,5017.5971,516.1953,0.0032,45.9257,4627.8274,4671.5795,1775442776495711780
vocseg,no_sharing,63.4076,9689.1804,5017.5971,516.1953,0.0032,45.9257,4627.8229,4671.5833,1775442776495711780
vocseg,no_sharing,63.4076,9694.8891,5017.5971,516.1953,0.0032,45.9257,4627.8183,4677.292,1775442776495711780
vocseg,no_sharing,63.4076,9694.8922,5017.5971,516.1953,0.0032,45.9257,4627.8136,4677.2951,1775442776495711780
vocseg,no_sharing,63.421,9690.2509,5017.5971,516.1953,0.0032,45.9257,4614.4354,4672.6538,1775442776495711780
vocseg,no_sharing,63.429,9682.2107,5017.5971,516.1953,0.0032,45.9257,4606.3876,4664.6136,1775442776495711780
vocseg,no_sharing,63.4893,9621.8741,5017.5971,516.1953,0.0032,45.9257,4546.046,4604.277,1775442776495711780
vocseg,no_sharing,63.5413,9578.6371,5017.5971,516.1953,0.0032,45.9257,4494.1037,4561.04,1775442776495711780
vocseg,no_sharing,63.5849,9535.0275,5017.5971,516.1953,0.0032,45.9257,4450.4855,4517.4304,1775442776495711780
vocseg,no_sharing,63.5849,9535.0187,5017.5971,516.1953,0.0032,45.9257,4450.4712,4517.4216,1775442776495711780
vocseg,no_sharing,63.6145,9517.5409,5017.5971,516.1953,0.0032,45.9257,4420.8748,4499.9438,1775442776495711780
vocseg,no_sharing,63.6516,9480.4735,5017.5971,516.1953,0.0032,45.9257,4383.7941,4462.8764,1775442776495711780
vocseg,no_sharing,63.7519,9380.1653,5017.5971,516.1953,0.0032,45.9257,4283.4744,4362.5682,1775442776495711780
vocseg,no_sharing,63.8392,9301.6167,5017.5971,516.1953,0.0032,45.9257,4196.2006,4284.0196,1775442776495711780
vocseg,no_sharing,63.9356,9208.549,5017.5971,516.1953,0.0032,45.9257,4099.788,4190.9519,1775442776495711780
vocseg,no_sharing,63.966,9178.1802,5017.5971,516.1953,0.0032,45.9257,4069.4103,4160.5831,1775442776495711780
vocseg,no_sharing,63.9677,9176.5177,5017.5971,516.1953,0.0032,45.9257,4067.7421,4158.9206,1775442776495711780
vocseg,no_sharing,63.9903,9164.7887,5017.5971,516.1953,0.0032,45.9257,4045.0895,4147.1916,1775442776495711780
vocseg,no_sharing,64.1297,9028.3978,5017.5971,516.1953,0.0032,45.9257,3905.6838,4010.8007,1775442776495711780
vocseg,no_sharing,64.1373,9020.7872,5017.5971,516.1953,0.0032,45.9257,3898.0641,4003.1901,1775442776495711780
vocseg,no_sharing,64.3515,8806.5848,5017.5971,516.1953,0.0032,45.9257,3683.8558,3788.9877,1775442776495711780
vocseg,no_sharing,64.3728,8785.373,5017.5971,516.1953,0.0032,45.9257,3662.6389,3767.7759,1775442776495711780
vocseg,no_sharing,64.4332,8738.5428,5017.5971,516.1953,0.0032,45.9257,3602.1812,3720.9457,1775442776495711780
vocseg,no_sharing,64.5626,8612.2561,5017.5971,516.1953,0.0032,45.9257,3472.7707,3594.659,1775442776495711780
vocseg,no_sharing,64.5944,8580.4925,5017.5971,516.1953,0.0032,45.9257,3440.995,3562.8954,1775442776495711780
vocseg,no_sharing,64.6668,8508.1451,5017.5971,516.1953,0.0032,45.9257,3368.6399,3490.548,1775442776495711780
vocseg,no_sharing,64.7144,8460.4554,5017.5971,516.1953,0.0032,45.9257,3320.9455,3442.8583,1775442776495711780
vocseg,no_sharing,64.7791,8395.772,5017.5971,516.1953,0.0032,45.9257,3256.2566,3378.1749,1775442776495711780
vocseg,no_sharing,64.7998,8389.3595,5017.5971,516.1953,0.0032,45.9257,3235.5816,3371.7624,1775442776495711780
vocseg,no_sharing,64.8635,8329.5815,5017.5971,516.1953,0.0032,45.9257,3171.8769,3311.9844,1775442776495711780
vocseg,no_sharing,64.8833,8309.8521,5017.5971,516.1953,0.0032,45.9257,3152.1382,3292.255,1775442776495711780
vocseg,no_sharing,64.8889,8304.1699,5017.5971,516.1953,0.0032,45.9257,3146.4493,3286.5728,1775442776495711780
vocseg,no_sharing,64.8966,8296.4764,5017.5971,516.1953,0.0032,45.9257,3138.7508,3278.8793,1775442776495711780
vocseg,no_sharing,65.0054,8187.6934,5017.5971,516.1953,0.0032,45.9257,3029.9621,3170.0963,1775442776495711780
vocseg,no_sharing,65.0797,8130.2626,5017.5971,516.1953,0.0032,45.9257,2955.73,3112.6655,1775442776495711780
vocseg,no_sharing,65.0874,8129.1118,5017.5971,516.1953,0.0032,45.9257,2947.9785,3111.5147,1775442776495711780
vocseg,no_sharing,65.1364,8080.1759,5017.5971,516.1953,0.0032,45.9257,2899.0333,3062.5788,1775442776495711780
vocseg,no_sharing,65.1737,8042.8784,5017.5971,516.1953,0.0032,45.9257,2861.7296,3025.2813,1775442776495711780
vocseg,no_sharing,65.2079,8008.6203,5017.5971,516.1953,0.0032,45.9257,2827.466,2991.0232,1775442776495711780
vocseg,no_sharing,65.2742,7942.3587,5017.5971,516.1953,0.0032,45.9257,2761.2,2924.7616,1775442776495711780
vocseg,no_sharing,65.3245,7892.0865,5017.5971,516.1953,0.0032,45.9257,2710.923,2874.4894,1775442776495711780
vocseg,no_sharing,65.3271,7906.215,5017.5971,516.1953,0.0032,45.9257,2708.2787,2888.6179,1775442776495711780
vocseg,no_sharing,65.33,7903.3532,5017.5971,516.1953,0.0032,45.9257,2705.4079,2885.7561,1775442776495711780
vocseg,no_sharing,65.4359,7805.989,5017.5971,516.1953,0.0032,45.9257,2599.453,2788.3919,1775442776495711780
vocseg,no_sharing,65.4796,7762.372,5017.5971,516.1953,0.0032,45.9257,2555.8281,2744.7749,1775442776495711780
vocseg,no_sharing,65.4911,7750.813,5017.5971,516.1953,0.0032,45.9257,2544.2638,2733.2159,1775442776495711780
vocseg,no_sharing,65.4974,7744.5419,5017.5971,516.1953,0.0032,45.9257,2537.9887,2726.9448,1775442776495711780
vocseg,no_sharing,65.5006,7741.3828,5017.5971,516.1953,0.0032,45.9257,2534.8256,2723.7857,1775442776495711780
vocseg,no_sharing,65.5976,7644.3682,5017.5971,516.1953,0.0032,45.9257,2437.8054,2626.7711,1775442776495711780
vocseg,no_sharing,65.6927,7568.9733,5017.5971,516.1953,0.0032,45.9257,2342.7401,2551.3762,1775442776495711780
vocseg,no_sharing,65.8326,7429.0552,5017.5971,516.1953,0.0032,45.9257,2202.8122,2411.4581,1775442776495711780
vocseg,no_sharing,65.8855,7376.148,5017.5971,516.1953,0.0032,45.9257,2149.8988,2358.5509,1775442776495711780
vocseg,no_sharing,65.9657,7305.6729,5017.5971,516.1953,0.0032,45.9257,2069.7024,2288.0758,1775442776495711780
vocseg,no_sharing,66.0446,7226.7833,5017.5971,516.1953,0.0032,45.9257,1990.803,2209.1862,1775442776495711780
vocseg,no_sharing,66.0622,7209.167,5017.5971,516.1953,0.0032,45.9257,1973.1803,2191.5699,1775442776495711780
vocseg,no_sharing,66.1526,7118.8343,5017.5971,516.1953,0.0032,45.9257,1882.8416,2101.2372,1775442776495711780
vocseg,no_sharing,66.1572,7114.2139,5017.5971,516.1953,0.0032,45.9257,1878.2158,2096.6168,1775442776495711780
vocseg,no_sharing,66.2331,7038.2776,5017.5971,516.1953,0.0032,45.9257,1802.2738,2020.6805,1775442776495711780
vocseg,no_sharing,66.2477,7023.6697,5017.5971,516.1953,0.0032,45.9257,1787.6613,2006.0726,1775442776495711780
vocseg,no_sharing,66.2963,6997.3891,5017.5971,516.1953,0.0032,45.9257,1739.0442,1979.792,1775442776495711780
vocseg,no_sharing,66.404,6889.74,5017.5971,516.1953,0.0032,45.9257,1631.3851,1872.1429,1775442776495711780
vocseg,no_sharing,66.4146,6879.1399,5017.5971,516.1953,0.0032,45.9257,1620.7786,1861.5428,1775442776495711780
vocseg,no_sharing,66.5059,6799.274,5017.5971,516.1953,0.0032,45.9257,1529.4724,1781.6769,1775442776495711780
vocseg,no_sharing,66.5291,6776.1214,5017.5971,516.1953,0.0032,45.9257,1506.3095,1758.5243,1775442776495711780
vocseg,no_sharing,66.741,6564.2481,5017.5971,516.1953,0.0032,45.9257,1294.4293,1546.651,1775442776495711780
vocseg,no_sharing,66.7746,6530.6067,5017.5971,516.1953,0.0032,45.9257,1260.7825,1513.0096,1775442776495711780
vocseg,no_sharing,66.7993,6505.933,5017.5971,516.1953,0.0032,45.9257,1236.1033,1488.3359,1775442776495711780
vocseg,no_sharing,66.8079,6497.3042,5017.5971,516.1953,0.0032,45.9257,1227.4692,1479.7071,1775442776495711780
vocseg,no_sharing,66.9912,6313.9844,5017.5971,516.1953,0.0032,45.9257,1044.1442,1296.3873,1775442776495711780
vocseg,no_sharing,67.0109,6294.3304,5017.5971,516.1953,0.0032,45.9257,1024.4849,1276.7333,1775442776495711780
vocseg,no_sharing,67.0145,6325.1894,5017.5971,516.1953,0.0032,45.9257,1020.8652,1307.5923,1775442776495711780
vocseg,no_sharing,67.0342,6305.5687,5017.5971,516.1953,0.0032,45.9257,1001.2276,1287.9716,1775442776495711780
vocseg,no_sharing,67.0448,6294.93,5017.5971,516.1953,0.0032,45.9257,990.5787,1277.3329,1775442776495711780
vocseg,no_sharing,67.0625,6277.262,5017.5971,516.1953,0.0032,45.9257,972.9016,1259.6649,1775442776495711780
vocseg,no_sharing,67.1366,6222.311,5017.5971,516.1953,0.0032,45.9257,898.8316,1204.7139,1775442776495711780
vocseg,no_sharing,67.1392,6219.6555,5017.5971,516.1953,0.0032,45.9257,896.162,1202.0584,1775442776495711780
vocseg,no_sharing,67.1569,6202.0109,5017.5971,516.1953,0.0032,45.9257,878.5079,1184.4138,1775442776495711780
vocseg,no_sharing,67.2175,6141.3789,5017.5971,516.1953,0.0032,45.9257,817.8663,1123.7818,1775442776495711780
vocseg,no_sharing,67.3799,5978.9765,5017.5971,516.1953,0.0032,45.9257,655.4549,961.3794,1775442776495711780
vocseg,no_sharing,67.4116,5947.3197,5017.5971,516.1953,0.0032,45.9257,623.7891,929.7226,1775442776495711780
vocseg,no_sharing,67.4419,5917.0585,5017.5971,516.1953,0.0032,45.9257,593.519,899.4614,1775442776495711780
vocseg,no_sharing,67.5463,5812.5916,5017.5971,516.1953,0.0032,45.9257,489.0425,794.9945,1775442776495711780
vocseg,no_sharing,67.6541,5704.8342,5017.5971,516.1953,0.0032,45.9257,381.2757,687.2371,1775442776495711780
vocseg,no_sharing,67.6648,5694.2618,5017.5971,516.1953,0.0032,45.9257,370.6381,676.6647,1775442776495711780
vocseg,no_sharing,67.6694,5689.6439,5017.5971,516.1953,0.0032,45.9257,366.0114,672.0468,1775442776495711780
vocseg,no_sharing,67.689,5670.0017,5017.5971,516.1953,0.0032,45.9257,346.3621,652.4046,1775442776495711780
vocseg,no_sharing,67.7453,5613.7569,5017.5971,516.1953,0.0032,45.9257,290.1103,596.1598,1775442776495711780
vocseg,no_sharing,67.8302,10085.232,4584.5773,49.4503,0.0034,45.3459,5490.8917,5500.6547,1775442781781386934
vocseg,no_sharing,67.8302,10088.1877,4584.5773,49.4503,0.0034,45.3459,5490.8748,5503.6104,1775442781781386934
vocseg,no_sharing,67.8302,10091.3661,4584.5773,49.4503,0.0034,45.3459,5490.8674,5506.7888,1775442781781386934
vocseg,no_sharing,67.98,9945.2405,4584.5773,49.4503,0.0034,45.3459,5341.0273,5360.6632,1775442781781386934
vocseg,no_sharing,67.9801,9951.4019,4584.5773,49.4503,0.0034,45.3459,5341.0153,5366.8247,1775442781781386934
vocseg,no_sharing,67.9801,9951.4036,4584.5773,49.4503,0.0034,45.3459,5341.007,5366.8263,1775442781781386934
vocseg,no_sharing,67.9801,9957.7727,4584.5773,49.4503,0.0034,45.3459,5340.9996,5373.1955,1775442781781386934
vocseg,no_sharing,67.9801,9957.7742,4584.5773,49.4503,0.0034,45.3459,5340.9925,5373.1969,1775442781781386934
vocseg,no_sharing,67.9801,9966.3486,4584.5773,49.4503,0.0034,45.3459,5340.9843,5381.7714,1775442781781386934
vocseg,no_sharing,68.1261,9820.3814,4584.5773,49.4503,0.0034,45.3459,5195.0088,5235.8041,1775442781781386934
vocseg,no_sharing,68.1261,9820.3676,4584.5773,49.4503,0.0034,45.3459,5194.9894,5235.7903,1775442781781386934
vocseg,no_sharing,68.1261,9828.7179,4584.5773,49.4503,0.0034,45.3459,5194.9837,5244.1407,1775442781781386934
vocseg,no_sharing,68.2159,9738.9078,4584.5773,49.4503,0.0034,45.3459,5105.1652,5154.3305,1775442781781386934
vocseg,no_sharing,68.3072,9647.5677,4584.5773,49.4503,0.0034,45.3459,5013.8197,5062.9905,1775442781781386934
vocseg,no_sharing,68.423,9540.4186,4584.5773,49.4503,0.0034,45.3459,4898.1016,4955.8413,1775442781781386934
vocseg,no_sharing,68.4473,9516.1097,4584.5773,49.4503,0.0034,45.3459,4873.7836,4931.5324,1775442781781386934
vocseg,no_sharing,68.4595,9503.8545,4584.5773,49.4503,0.0034,45.3459,4861.5215,4919.2772,1775442781781386934
vocseg,no_sharing,68.4952,9481.148,4584.5773,49.4503,0.0034,45.3459,4825.882,4896.5707,1775442781781386934
vocseg,no_sharing,68.5078,9468.5364,4584.5773,49.4503,0.0034,45.3459,4813.2577,4883.9591,1775442781781386934
vocseg,no_sharing,68.5743,9402.0665,4584.5773,49.4503,0.0034,45.3459,4746.778,4817.4892,1775442781781386934
vocseg,no_sharing,68.6716,9304.7352,4584.5773,49.4503,0.0034,45.3459,4649.4365,4720.1579,1775442781781386934
vocseg,no_sharing,68.6829,9307.9948,4584.5773,49.4503,0.0034,45.3459,4638.1783,4723.4176,1775442781781386934
vocseg,no_sharing,69.0033,8987.5674,4584.5773,49.4503,0.0034,45.3459,4317.7407,4402.9901,1775442781781386934
vocseg,no_sharing,69.0458,8945.1175,4584.5773,49.4503,0.0034,45.3459,4275.2848,4360.5402,1775442781781386934
vocseg,no_sharing,69.0504,8940.4795,4584.5773,49.4503,0.0034,45.3459,4270.6413,4355.9022,1775442781781386934
vocseg,no_sharing,69.0522,8950.2418,4584.5773,49.4503,0.0034,45.3459,4268.8761,4365.6645,1775442781781386934
vocseg,no_sharing,69.0578,8950.7589,4584.5773,49.4503,0.0034,45.3459,4263.2408,4366.1817,1775442781781386934
vocseg,no_sharing,69.0684,8940.1584,4584.5773,49.4503,0.0034,45.3459,4252.6307,4355.5811,1775442781781386934
vocseg,no_sharing,69.1277,8880.8959,4584.5773,49.4503,0.0034,45.3459,4193.3625,4296.3186,1775442781781386934
vocseg,no_sharing,69.1493,8859.2815,4584.5773,49.4503,0.0034,45.3459,4171.7424,4274.7043,1775442781781386934
vocseg,no_sharing,69.16,8859.6301,4584.5773,49.4503,0.0034,45.3459,4161.1087,4275.0528,1775442781781386934
vocseg,no_sharing,69.2119,8807.7278,4584.5773,49.4503,0.0034,45.3459,4109.1943,4223.1505,1775442781781386934
vocseg,no_sharing,69.2325,8795.4876,4584.5773,49.4503,0.0034,45.3459,4088.5713,4210.9104,1775442781781386934
vocseg,no_sharing,69.2608,8767.1559,4584.5773,49.4503,0.0034,45.3459,4060.2307,4182.5786,1775442781781386934
vocseg,no_sharing,69.2679,8760.1097,4584.5773,49.4503,0.0034,45.3459,4053.1783,4175.5324,1775442781781386934
vocseg,no_sharing,69.3111,8716.8765,4584.5773,49.4503,0.0034,45.3459,4009.9399,4132.2992,1775442781781386934
vocseg,no_sharing,69.4074,8632.0155,4584.5773,49.4503,0.0034,45.3459,3913.6736,4047.4382,1775442781781386934
vocseg,no_sharing,69.4987,8540.7553,4584.5773,49.4503,0.0034,45.3459,3822.4041,3956.178,1775442781781386934
vocseg,no_sharing,69.5033,8536.1357,4584.5773,49.4503,0.0034,45.3459,3817.7783,3951.5584,1775442781781386934
vocseg,no_sharing,69.5079,8540.0841,4584.5773,49.4503,0.0034,45.3459,3813.1261,3955.5068,1775442781781386934
vocseg,no_sharing,69.5236,8524.4651,4584.5773,49.4503,0.0034,45.3459,3797.4987,3939.8878,1775442781781386934
vocseg,no_sharing,69.6192,8428.7903,4584.5773,49.4503,0.0034,45.3459,3701.8185,3844.2131,1775442781781386934
vocseg,no_sharing,69.6409,8407.1326,4584.5773,49.4503,0.0034,45.3459,3680.1567,3822.5553,1775442781781386934
vocseg,no_sharing,69.6425,8419.4903,4584.5773,49.4503,0.0034,45.3459,3678.5221,3834.9131,1775442781781386934
vocseg,no_sharing,69.6575,8404.5742,4584.5773,49.4503,0.0034,45.3459,3663.5969,3819.9969,1775442781781386934
vocseg,no_sharing,69.7401,8321.9221,4584.5773,49.4503,0.0034,45.3459,3580.9386,3737.3448,1775442781781386934
vocseg,no_sharing,69.9186,8152.0829,4584.5773,49.4503,0.0034,45.3459,3402.5109,3567.5056,1775442781781386934
vocseg,no_sharing,69.9316,8139.0855,4584.5773,49.4503,0.0034,45.3459,3389.5032,3554.5083,1775442781781386934
vocseg,no_sharing,69.9623,8108.3939,4584.5773,49.4503,0.0034,45.3459,3358.8035,3523.8166,1775442781781386934
vocseg,no_sharing,69.9669,8103.7273,4584.5773,49.4503,0.0034,45.3459,3354.1298,3519.1501,1775442781781386934
vocseg,no_sharing,69.9797,8090.9386,4584.5773,49.4503,0.0034,45.3459,3341.3329,3506.3613,1775442781781386934
vocseg,no_sharing,70.0175,8069.7064,4584.5773,49.4503,0.0034,45.3459,3303.5593,3485.1292,1775442781781386934
vocseg,no_sharing,70.1315,7955.6777,4584.5773,49.4503,0.0034,45.3459,3189.5213,3371.1005,1775442781781386934
vocseg,no_sharing,70.1559,7931.319,4584.5773,49.4503,0.0034,45.3459,3165.1566,3346.7417,1775442781781386934
vocseg,no_sharing,70.2863,7809.4463,4584.5773,49.4503,0.0034,45.3459,3034.7524,3224.8691,1775442781781386934
vocseg,no_sharing,70.301,7794.7228,4584.5773,49.4503,0.0034,45.3459,3020.0207,3210.1455,1775442781781386934
vocseg,no_sharing,70.3364,7759.3758,4584.5773,49.4503,0.0034,45.3459,2984.6659,3174.7985,1775442781781386934
vocseg,no_sharing,70.3441,7751.6525,4584.5773,49.4503,0.0034,45.3459,2976.9351,3167.0752,1775442781781386934
vocseg,no_sharing,70.3994,7696.3582,4584.5773,49.4503,0.0034,45.3459,2921.6337,3111.7809,1775442781781386934
vocseg,no_sharing,70.5069,7588.8617,4584.5773,49.4503,0.0034,45.3459,2814.1296,3004.2844,1775442781781386934
vocseg,no_sharing,70.5283,7586.7684,4584.5773,49.4503,0.0034,45.3459,2792.7396,3002.1911,1775442781781386934
vocseg,no_sharing,70.576,7539.0675,4584.5773,49.4503,0.0034,45.3459,2745.0304,2954.4902,1775442781781386934
vocseg,no_sharing,70.646,7469.1238,4584.5773,49.4503,0.0034,45.3459,2675.0815,2884.5466,1775442781781386934
vocseg,no_sharing,70.7092,7414.6662,4584.5773,49.4503,0.0034,45.3459,2611.8782,2830.0889,1775442781781386934
vocseg,no_sharing,70.7224,7401.5019,4584.5773,49.4503,0.0034,45.3459,2598.7058,2816.9246,1775442781781386934
vocseg,no_sharing,70.7345,7389.343,4584.5773,49.4503,0.0034,45.3459,2586.5414,2804.7657,1775442781781386934
vocseg,no_sharing,70.7907,7333.1366,4584.5773,49.4503,0.0034,45.3459,2530.3304,2748.5593,1775442781781386934
vocseg,no_sharing,70.7989,7324.9815,4584.5773,49.4503,0.0034,45.3459,2522.171,2740.4042,1775442781781386934
vocseg,no_sharing,70.8768,7247.0558,4584.5773,49.4503,0.0034,45.3459,2444.2396,2662.4785,1775442781781386934
vocseg,no_sharing,70.9064,7217.5117,4584.5773,49.4503,0.0034,45.3459,2414.6891,2632.9344,1775442781781386934
vocseg,no_sharing,70.9547,7191.3114,4584.5773,49.4503,0.0034,45.3459,2366.327,2606.7341,1775442781781386934
vocseg,no_sharing,71.06,7086.0229,4584.5773,49.4503,0.0034,45.3459,2261.0292,2501.4456,1775442781781386934
vocseg,no_sharing,71.0601,7086.0109,4584.5773,49.4503,0.0034,45.3459,2261.0087,2501.4337,1775442781781386934
vocseg,no_sharing,71.124,7033.8726,4584.5773,49.4503,0.0034,45.3459,2197.0596,2449.2953,1775442781781386934
vocseg,no_sharing,71.124,7033.8647,4584.5773,49.4503,0.0034,45.3459,2197.0394,2449.2875,1775442781781386934
vocseg,no_sharing,71.124,7033.8669,4584.5773,49.4503,0.0034,45.3459,2197.0339,2449.2896,1775442781781386934
vocseg,no_sharing,71.124,7033.869,4584.5773,49.4503,0.0034,45.3459,2197.0294,2449.2918,1775442781781386934
vocseg,no_sharing,71.1715,6986.4352,4584.5773,49.4503,0.0034,45.3459,2149.5905,2401.8579,1775442781781386934
vocseg,no_sharing,71.2765,6881.4018,4584.5773,49.4503,0.0034,45.3459,2044.5509,2296.8245,1775442781781386934
vocseg,no_sharing,71.3561,6801.8091,4584.5773,49.4503,0.0034,45.3459,1964.952,2217.2318,1775442781781386934
vocseg,no_sharing,71.3978,6760.113,4584.5773,49.4503,0.0034,45.3459,1923.2514,2175.5357,1775442781781386934
vocseg,no_sharing,71.4015,6783.7479,4584.5773,49.4503,0.0034,45.3459,1919.5704,2199.1706,1775442781781386934
vocseg,no_sharing,71.4492,6736.0671,4584.5773,49.4503,0.0034,45.3459,1871.8724,2151.4898,1775442781781386934
vocseg,no_sharing,71.5118,6673.454,4584.5773,49.4503,0.0034,45.3459,1809.2473,2088.8768,1775442781781386934
vocseg,no_sharing,71.5235,6661.8292,4584.5773,49.4503,0.0034,45.3459,1797.6117,2077.252,1775442781781386934
vocseg,no_sharing,71.5731,6634.9847,4584.5773,49.4503,0.0034,45.3459,1747.9515,2050.4075,1775442781781386934
vocseg,no_sharing,71.5758,6632.3605,4584.5773,49.4503,0.0034,45.3459,1745.3105,2047.7832,1775442781781386934
vocseg,no_sharing,71.5844,6623.7507,4584.5773,49.4503,0.0034,45.3459,1736.6912,2039.1734,1775442781781386934
vocseg,no_sharing,71.587,6621.1131,4584.5773,49.4503,0.0034,45.3459,1734.0415,2036.5358,1775442781781386934
vocseg,no_sharing,71.7682,6439.9908,4584.5773,49.4503,0.0034,45.3459,1552.9006,1855.4135,1775442781781386934
vocseg,no_sharing,71.8129,6395.2882,4584.5773,49.4503,0.0034,45.3459,1508.1787,1810.711,1775442781781386934
vocseg,no_sharing,71.9572,6251.0335,4584.5773,49.4503,0.0034,45.3459,1363.9133,1666.4563,1775442781781386934
vocseg,no_sharing,71.9678,6240.3684,4584.5773,49.4503,0.0034,45.3459,1353.2393,1655.7911,1775442781781386934
vocseg,no_sharing,72.0365,6181.7236,4584.5773,49.4503,0.0034,45.3459,1284.5681,1597.1463,1775442781781386934
vocseg,no_sharing,72.0432,6175.0195,4584.5773,49.4503,0.0034,45.3459,1277.8492,1590.4422,1775442781781386934
vocseg,no_sharing,72.0664,6151.8676,4584.5773,49.4503,0.0034,45.3459,1254.6842,1567.2904,1775442781781386934
vocseg,no_sharing,72.0817,6136.6055,4584.5773,49.4503,0.0034,45.3459,1239.4094,1552.0282,1775442781781386934
vocseg,no_sharing,72.1243,6093.9777,4584.5773,49.4503,0.0034,45.3459,1196.7709,1509.4004,1775442781781386934
vocseg,no_sharing,72.2111,6008.9362,4584.5773,49.4503,0.0034,45.3459,1110.0137,1424.3589,1775442781781386934
vocseg,no_sharing,72.2552,5964.8442,4584.5773,49.4503,0.0034,45.3459,1065.9075,1380.2669,1775442781781386934
vocseg,no_sharing,72.3711,10479.4965,4662.5273,50.2145,0.0038,46.1162,5806.1554,5816.9692,1775442786637535166
vocseg,no_sharing,72.4768,10378.3,4662.5273,50.2145,0.0038,46.1162,5700.4013,5715.7727,1775442786637535166
vocseg,no_sharing,72.4894,10374.7833,4662.5273,50.2145,0.0038,46.1162,5687.7785,5712.256,1775442786637535166
vocseg,no_sharing,72.5321,10332.1793,4662.5273,50.2145,0.0038,46.1162,5645.165,5669.652,1775442786637535166
vocseg,no_sharing,72.5695,10313.1034,4662.5273,50.2145,0.0038,46.1162,5607.7552,5650.5762,1775442786637535166
vocseg,no_sharing,72.5972,10285.4125,4662.5273,50.2145,0.0038,46.1162,5580.0557,5622.8853,1775442786637535166
vocseg,no_sharing,72.6017,10280.8421,4662.5273,50.2145,0.0038,46.1162,5575.4783,5618.3148,1775442786637535166
vocseg,no_sharing,72.6274,10255.1944,4662.5273,50.2145,0.0038,46.1162,5549.8247,5592.6672,1775442786637535166
vocseg,no_sharing,72.636,10278.1827,4662.5273,50.2145,0.0038,46.1162,5541.1899,5615.6555,1775442786637535166
vocseg,no_sharing,72.6418,10272.4125,4662.5273,50.2145,0.0038,46.1162,5535.409,5609.8853,1775442786637535166
vocseg,no_sharing,72.6688,10245.4553,4662.5273,50.2145,0.0038,46.1162,5508.4448,5582.928,1775442786637535166
vocseg,no_sharing,72.7586,10155.6649,4662.5273,50.2145,0.0038,46.1162,5418.648,5493.1377,1775442786637535166
vocseg,no_sharing,72.7692,10145.0076,4662.5273,50.2145,0.0038,46.1162,5407.9847,5482.4803,1775442786637535166
vocseg,no_sharing,72.7849,10129.3645,4662.5273,50.2145,0.0038,46.1162,5392.3357,5466.8372,1775442786637535166
vocseg,no_sharing,72.7965,10117.7301,4662.5273,50.2145,0.0038,46.1162,5380.6956,5455.2029,1775442786637535166
vocseg,no_sharing,72.9096,10058.7683,4662.5273,50.2145,0.0038,46.1162,5267.6444,5396.241,1775442786637535166
vocseg,no_sharing,72.9611,10007.2963,4662.5273,50.2145,0.0038,46.1162,5216.1591,5344.7691,1775442786637535166
vocseg,no_sharing,72.9937,9974.6389,4662.5273,50.2145,0.0038,46.1162,5183.4941,5312.1117,1775442786637535166
vocseg,no_sharing,73.0163,9952.0276,4662.5273,50.2145,0.0038,46.1162,5160.876,5289.5003,1775442786637535166
vocseg,no_sharing,73.031,9937.3872,4662.5273,50.2145,0.0038,46.1162,5146.2295,5274.86,1775442786637535166
vocseg,no_sharing,73.1291,9839.2832,4662.5273,50.2145,0.0038,46.1162,5048.1184,5176.756,1775442786637535166
vocseg,no_sharing,73.1717,9796.7138,4662.5273,50.2145,0.0038,46.1162,5005.542,5134.1866,1775442786637535166
vocseg,no_sharing,73.1717,9796.7069,4662.5273,50.2145,0.0038,46.1162,5005.5287,5134.1796,1775442786637535166
vocseg,no_sharing,73.2332,9735.1553,4662.5273,50.2145,0.0038,46.1162,4943.9702,5072.6281,1775442786637535166
vocseg,no_sharing,73.2333,9735.1425,4662.5273,50.2145,0.0038,46.1162,4943.9514,5072.6152,1775442786637535166
vocseg,no_sharing,73.2936,9674.8044,4662.5273,50.2145,0.0038,46.1162,4883.6067,5012.2772,1775442786637535166
vocseg,no_sharing,73.2936,9674.7906,4662.5273,50.2145,0.0038,46.1162,4883.5864,5012.2634,1775442786637535166
vocseg,no_sharing,73.378,9687.1498,4662.5273,50.2145,0.0038,46.1162,4799.258,5024.6225,1775442786637535166
vocseg,no_sharing,73.4309,9634.2127,4662.5273,50.2145,0.0038,46.1162,4746.3045,4971.6855,1775442786637535166
vocseg,no_sharing,73.5349,9530.2258,4662.5273,50.2145,0.0038,46.1162,4642.3068,4867.6985,1775442786637535166
vocseg,no_sharing,73.5912,9473.8975,4662.5273,50.2145,0.0038,46.1162,4585.969,4811.3702,1775442786637535166
vocseg,no_sharing,73.6449,9420.249,4662.5273,50.2145,0.0038,46.1162,4532.3112,4757.7217,1775442786637535166
vocseg,no_sharing,73.6596,9405.6094,4662.5273,50.2145,0.0038,46.1162,4517.6628,4743.0821,1775442786637535166
vocseg,no_sharing,73.7295,9335.6266,4662.5273,50.2145,0.0038,46.1162,4447.6717,4673.0993,1775442786637535166
vocseg,no_sharing,73.7332,9331.9879,4662.5273,50.2145,0.0038,46.1162,4444.0243,4669.4606,1775442786637535166
vocseg,no_sharing,73.7368,9328.3679,4662.5273,50.2145,0.0038,46.1162,4440.3963,4665.8407,1775442786637535166
vocseg,no_sharing,73.7566,9308.6398,4662.5273,50.2145,0.0038,46.1162,4420.6603,4646.1125,1775442786637535166
vocseg,no_sharing,73.8396,9225.6398,4662.5273,50.2145,0.0038,46.1162,4337.6527,4563.1126,1775442786637535166
vocseg,no_sharing,73.8739,9191.3576,4662.5273,50.2145,0.0038,46.1162,4303.3621,4528.8303,1775442786637535166
vocseg,no_sharing,73.9345,9130.7158,4662.5273,50.2145,0.0038,46.1162,4242.712,4468.1886,1775442786637535166
vocseg,no_sharing,73.9622,9103.03,4662.5273,50.2145,0.0038,46.1162,4215.0183,4440.5027,1775442786637535166
vocseg,no_sharing,74.0575,9007.7138,4662.5273,50.2145,0.0038,46.1162,4119.6945,4345.1865,1775442786637535166
vocseg,no_sharing,74.0852,8980.0785,4662.5273,50.2145,0.0038,46.1162,4092.051,4317.5512,1775442786637535166
vocseg,no_sharing,74.1208,8944.4652,4662.5273,50.2145,0.0038,46.1162,4056.4301,4281.9379,1775442786637535166
vocseg,no_sharing,74.174,8891.2461,4662.5273,50.2145,0.0038,46.1162,4003.2039,4228.7188,1775442786637535166
vocseg,no_sharing,74.1816,8883.6207,4662.5273,50.2145,0.0038,46.1162,3995.5709,4221.0935,1775442786637535166
vocseg,no_sharing,74.2077,8857.6059,4662.5273,50.2145,0.0038,46.1162,3969.5487,4195.0787,1775442786637535166
vocseg,no_sharing,74.2183,8971.8475,4662.5273,50.2145,0.0038,46.1162,3958.8773,4309.3203,1775442786637535166
vocseg,no_sharing,74.279,8920.4304,4662.5273,50.2145,0.0038,46.1162,3898.1893,4257.9032,1775442786637535166
vocseg,no_sharing,74.279,8920.4338,4662.5273,50.2145,0.0038,46.1162,3898.1805,4257.9065,1775442786637535166
vocseg,no_sharing,74.2818,8917.6588,4662.5273,50.2145,0.0038,46.1162,3895.3974,4255.1315,1775442786637535166
vocseg,no_sharing,74.3234,8876.1325,4662.5273,50.2145,0.0038,46.1162,3853.8642,4213.6052,1775442786637535166
vocseg,no_sharing,74.3426,8856.874,4662.5273,50.2145,0.0038,46.1162,3834.599,4194.3467,1775442786637535166
vocseg,no_sharing,74.3839,8815.6064,4662.5273,50.2145,0.0038,46.1162,3793.324,4153.0791,1775442786637535166
vocseg,no_sharing,74.3876,8811.9268,4662.5273,50.2145,0.0038,46.1162,3789.6376,4149.3996,1775442786637535166
vocseg,no_sharing,74.4302,8769.315,4662.5273,50.2145,0.0038,46.1162,3747.0183,4106.7877,1775442786637535166
vocseg,no_sharing,74.4635,8736.032,4662.5273,50.2145,0.0038,46.1162,3713.7282,4073.5047,1775442786637535166
vocseg,no_sharing,74.554,8645.5612,4662.5273,50.2145,0.0038,46.1162,3623.2507,3983.0339,1775442786637535166
vocseg,no_sharing,74.5762,8623.307,4662.5273,50.2145,0.0038,46.1162,3600.9901,3960.7797,1775442786637535166
vocseg,no_sharing,74.5819,8617.6858,4662.5273,50.2145,0.0038,46.1162,3595.3627,3955.1585,1775442786637535166
vocseg,no_sharing,74.6551,8544.4663,4662.5273,50.2145,0.0038,46.1162,3522.1369,3881.939,1775442786637535166
vocseg,no_sharing,74.6592,8540.3461,4662.5273,50.2145,0.0038,46.1162,3518.0111,3877.8189,1775442786637535166
vocseg,no_sharing,74.7199,8479.696,4662.5273,50.2145,0.0038,46.1162,3457.3545,3817.1688,1775442786637535166
vocseg,no_sharing,74.8376,8362.0067,4662.5273,50.2145,0.0038,46.1162,3339.6583,3699.4794,1775442786637535166
vocseg,no_sharing,74.8969,8302.6981,4662.5273,50.2145,0.0038,46.1162,3280.3433,3640.1709,1775442786637535166
vocseg,no_sharing,74.9015,8298.0733,4662.5273,50.2145,0.0038,46.1162,3275.7127,3635.546,1775442786637535166
vocseg,no_sharing,74.9122,8287.4095,4662.5273,50.2145,0.0038,46.1162,3265.0442,3624.8823,1775442786637535166
vocseg,no_sharing,74.9494,8250.1621,4662.5273,50.2145,0.0038,46.1162,3227.792,3587.6349,1775442786637535166
vocseg,no_sharing,74.9521,8247.5002,4662.5273,50.2145,0.0038,46.1162,3225.1251,3584.9729,1775442786637535166
vocseg,no_sharing,74.9898,8209.7905,4662.5273,50.2145,0.0038,46.1162,3187.4099,3547.2632,1775442786637535166
vocseg,no_sharing,75.0185,8181.1423,4662.5273,50.2145,0.0038,46.1162,3158.7565,3518.6151,1775442786637535166
vocseg,no_sharing,75.0591,8140.4836,4662.5273,50.2145,0.0038,46.1162,3118.0935,3477.9563,1775442786637535166
vocseg,no_sharing,75.0707,8128.881,4662.5273,50.2145,0.0038,46.1162,3106.4861,3466.3537,1775442786637535166
vocseg,no_sharing,75.0781,8121.4747,4662.5273,50.2145,0.0038,46.1162,3099.0748,3458.9475,1775442786637535166
vocseg,no_sharing,75.0808,8118.8586,4662.5273,50.2145,0.0038,46.1162,3096.4537,3456.3313,1775442786637535166
vocseg,no_sharing,75.1084,8091.2452,4662.5273,50.2145,0.0038,46.1162,3068.8355,3428.7179,1775442786637535166
vocseg,no_sharing,75.1292,8070.4486,4662.5273,50.2145,0.0038,46.1162,3048.034,3407.9214,1775442786637535166
vocseg,no_sharing,75.1725,8027.1213,4662.5273,50.2145,0.0038,46.1162,3004.7021,3364.594,1775442786637535166
vocseg,no_sharing,75.1831,8016.5005,4662.5273,50.2145,0.0038,46.1162,2994.0765,3353.9732,1775442786637535166
vocseg,no_sharing,75.1847,8014.8959,4662.5273,50.2145,0.0038,46.1162,2992.4669,3352.3686,1775442786637535166
vocseg,no_sharing,75.2454,7954.2725,4662.5273,50.2145,0.0038,46.1162,2931.8385,3291.7452,1775442786637535166
vocseg,no_sharing,75.252,7947.6609,4662.5273,50.2145,0.0038,46.1162,2925.2229,3285.1337,1775442786637535166
vocseg,no_sharing,75.3493,7891.0136,4662.5273,50.2145,0.0038,46.1162,2827.8856,3228.4864,1775442786637535166
vocseg,no_sharing,75.362,7878.31,4662.5273,50.2145,0.0038,46.1162,2815.1727,3215.7827,1775442786637535166
vocseg,no_sharing,75.3688,7871.5382,4662.5273,50.2145,0.0038,46.1162,2808.3951,3209.0109,1775442786637535166
vocseg,no_sharing,75.5196,7723.4538,4662.5273,50.2145,0.0038,46.1162,2657.5952,3060.9265,1775442786637535166
vocseg,no_sharing,75.6536,7589.4909,4662.5273,50.2145,0.0038,46.1162,2523.6187,2926.9636,1775442786637535166
vocseg,no_sharing,75.7356,7507.5276,4662.5273,50.2145,0.0038,46.1162,2441.6461,2845.0003,1775442786637535166
vocseg,no_sharing,75.8007,7442.3606,4662.5273,50.2145,0.0038,46.1162,2376.4708,2779.8334,1775442786637535166
vocseg,no_sharing,75.8476,7395.4906,4662.5273,50.2145,0.0038,46.1162,2329.5922,2732.9634,1775442786637535166
vocseg,no_sharing,75.8641,7379.0469,4662.5273,50.2145,0.0038,46.1162,2313.1411,2716.5196,1775442786637535166
vocseg,no_sharing,75.9085,7334.6729,4662.5273,50.2145,0.0038,46.1162,2268.7593,2672.1457,1775442786637535166
vocseg,no_sharing,75.9085,7334.6655,4662.5273,50.2145,0.0038,46.1162,2268.744,2672.1383,1775442786637535166
vocseg,no_sharing,75.9992,7243.9234,4662.5273,50.2145,0.0038,46.1162,2177.9933,2581.3962,1775442786637535166
vocseg,no_sharing,76.1964,7046.7494,4662.5273,50.2145,0.0038,46.1162,1980.8092,2384.2221,1775442786637535166
vocseg,no_sharing,76.3031,6940.0194,4662.5273,50.2145,0.0038,46.1162,1874.0699,2277.4921,1775442786637535166
vocseg,no_sharing,76.3032,6940.0094,4662.5273,50.2145,0.0038,46.1162,1874.0511,2277.4821,1775442786637535166
vocseg,no_sharing,76.3032,6940.0129,4662.5273,50.2145,0.0038,46.1162,1874.0458,2277.4857,1775442786637535166
vocseg,no_sharing,76.3418,6901.351,4662.5273,50.2145,0.0038,46.1162,1835.3746,2238.8237,1775442786637535166
vocseg,no_sharing,76.3936,6849.637,4662.5273,50.2145,0.0038,46.1162,1783.6509,2187.1098,1775442786637535166
vocseg,no_sharing,76.5511,11157.604,4577.8105,46.1875,0.0028,45.3095,6569.5055,6579.7935,1775442791580908815
vocseg,no_sharing,76.5569,11160.6081,4577.8105,46.1875,0.0028,45.3095,6563.6954,6582.7975,1775442791580908815
vocseg,no_sharing,76.6115,11105.9852,4577.8105,46.1875,0.0028,45.3095,6509.0632,6528.1747,1775442791580908815
vocseg,no_sharing,76.7441,11000.1628,4577.8105,46.1875,0.0028,45.3095,6376.4601,6422.3523,1775442791580908815
vocseg,no_sharing,76.7488,10995.5511,4577.8105,46.1875,0.0028,45.3095,6371.8388,6417.7406,1775442791580908815
vocseg,no_sharing,76.7872,10957.1261,4577.8105,46.1875,0.0028,45.3095,6333.4069,6379.3156,1775442791580908815
vocseg,no_sharing,76.8049,10939.4286,4577.8105,46.1875,0.0028,45.3095,6315.7032,6361.6181,1775442791580908815
vocseg,no_sharing,76.8175,10926.8091,4577.8105,46.1875,0.0028,45.3095,6303.0779,6348.9986,1775442791580908815
vocseg,no_sharing,76.8619,10933.4507,4577.8105,46.1875,0.0028,45.3095,6258.7259,6355.6402,1775442791580908815
vocseg,no_sharing,76.8875,10922.6375,4577.8105,46.1875,0.0028,45.3095,6233.0747,6344.8269,1775442791580908815
vocseg,no_sharing,76.9272,10882.9982,4577.8105,46.1875,0.0028,45.3095,6193.4228,6305.1877,1775442791580908815
vocseg,no_sharing,76.9838,10826.3435,4577.8105,46.1875,0.0028,45.3095,6136.7602,6248.533,1775442791580908815
vocseg,no_sharing,77.0165,10793.7157,4577.8105,46.1875,0.0028,45.3095,6104.1257,6215.9052,1775442791580908815
vocseg,no_sharing,77.1264,10683.8191,4577.8105,46.1875,0.0028,45.3095,5994.2207,6106.0085,1775442791580908815
vocseg,no_sharing,77.2326,10577.5495,4577.8105,46.1875,0.0028,45.3095,5887.9435,5999.7389,1775442791580908815
vocseg,no_sharing,77.4841,10326.0872,4577.8105,46.1875,0.0028,45.3095,5636.4744,5748.2767,1775442791580908815
vocseg,no_sharing,77.6513,10158.8712,4577.8105,46.1875,0.0028,45.3095,5469.2504,5581.0607,1775442791580908815
vocseg,no_sharing,77.7547,10055.5625,4577.8105,46.1875,0.0028,45.3095,5365.9344,5477.752,1775442791580908815
vocseg,no_sharing,77.78,10030.2289,4577.8105,46.1875,0.0028,45.3095,5340.5938,5452.4183,1775442791580908815
vocseg,no_sharing,77.9004,9909.8551,4577.8105,46.1875,0.0028,45.3095,5220.2127,5332.0446,1775442791580908815
vocseg,no_sharing,77.922,9888.2561,4577.8105,46.1875,0.0028,45.3095,5198.6067,5310.4456,1775442791580908815
vocseg,no_sharing,77.9877,9946.7874,4577.8105,46.1875,0.0028,45.3095,5132.8802,5368.9768,1775442791580908815
vocseg,no_sharing,78.1851,9749.4156,4577.8105,46.1875,0.0028,45.3095,4935.4928,5171.6051,1775442791580908815
vocseg,no_sharing,78.1851,9749.4009,4577.8105,46.1875,0.0028,45.3095,4935.4689,5171.5903,1775442791580908815
vocseg,no_sharing,78.2199,9756.8362,4577.8105,46.1875,0.0028,45.3095,4900.6708,5179.0257,1775442791580908815
vocseg,no_sharing,78.2199,9756.8414,4577.8105,46.1875,0.0028,45.3095,4900.6605,5179.0309,1775442791580908815
vocseg,no_sharing,78.3517,9625.035,4577.8105,46.1875,0.0028,45.3095,4768.8451,5047.2245,1775442791580908815
vocseg,no_sharing,78.4131,9563.7286,4577.8105,46.1875,0.0028,45.3095,4707.5295,4985.9181,1775442791580908815
vocseg,no_sharing,78.4504,9526.4361,4577.8105,46.1875,0.0028,45.3095,4670.2278,4948.6256,1775442791580908815
vocseg,no_sharing,78.461,9515.7926,4577.8105,46.1875,0.0028,45.3095,4659.5755,4937.9821,1775442791580908815
vocseg,no_sharing,78.4985,9478.2934,4577.8105,46.1875,0.0028,45.3095,4622.0679,4900.4829,1775442791580908815
vocseg,no_sharing,78.6282,9348.6588,4577.8105,46.1875,0.0028,45.3095,4492.4171,4770.8483,1775442791580908815
vocseg,no_sharing,78.7095,9267.3726,4577.8105,46.1875,0.0028,45.3095,4411.1223,4689.5621,1775442791580908815
vocseg,no_sharing,78.7701,9206.7227,4577.8105,46.1875,0.0028,45.3095,4350.4639,4628.9122,1775442791580908815
vocseg,no_sharing,78.7787,9198.1099,4577.8105,46.1875,0.0028,45.3095,4341.8429,4620.2994,1775442791580908815
vocseg,no_sharing,78.8217,9155.1456,4577.8105,46.1875,0.0028,45.3095,4298.8706,4577.3351,1775442791580908815
vocseg,no_sharing,78.838,9138.8547,4577.8105,46.1875,0.0028,45.3095,4282.5723,4561.0442,1775442791580908815
vocseg,no_sharing,78.9123,9064.5328,4577.8105,46.1875,0.0028,45.3095,4208.2422,4486.7222,1775442791580908815
vocseg,no_sharing,78.9797,8997.1561,4577.8105,46.1875,0.0028,45.3095,4140.8582,4419.3456,1775442791580908815
vocseg,no_sharing,79.1149,8861.9461,4577.8105,46.1875,0.0028,45.3095,4005.6396,4284.1356,1775442791580908815
vocseg,no_sharing,79.2036,8773.2587,4577.8105,46.1875,0.0028,45.3095,3916.9443,4195.4482,1775442791580908815
vocseg,no_sharing,79.2719,8704.9754,4577.8105,46.1875,0.0028,45.3095,3848.6524,4127.1649,1775442791580908815
vocseg,no_sharing,79.2902,8686.7456,4577.8105,46.1875,0.0028,45.3095,3830.4133,4108.9351,1775442791580908815
vocseg,no_sharing,79.3691,8607.8451,4577.8105,46.1875,0.0028,45.3095,3751.5039,4030.0346,1775442791580908815
vocseg,no_sharing,79.3947,8582.2201,4577.8105,46.1875,0.0028,45.3095,3725.8716,4004.4096,1775442791580908815
vocseg,no_sharing,79.4744,8502.5561,4577.8105,46.1875,0.0028,45.3095,3646.1999,3924.7456,1775442791580908815
vocseg,no_sharing,79.5833,8393.6579,4577.8105,46.1875,0.0028,45.3095,3537.2934,3815.8474,1775442791580908815
vocseg,no_sharing,79.5889,8388.0332,4577.8105,46.1875,0.0028,45.3095,3531.6608,3810.2226,1775442791580908815
vocseg,no_sharing,79.5955,8381.4213,4577.8105,46.1875,0.0028,45.3095,3525.0418,3803.6108,1775442791580908815
vocseg,no_sharing,79.6798,8297.1556,4577.8105,46.1875,0.0028,45.3095,3440.7675,3719.3451,1775442791580908815
vocseg,no_sharing,79.6864,8290.549,4577.8105,46.1875,0.0028,45.3095,3434.154,3712.7385,1775442791580908815
vocseg,no_sharing,79.7177,8259.2626,4577.8105,46.1875,0.0028,45.3095,3402.8609,3681.452,1775442791580908815
vocseg,no_sharing,79.7967,8180.2533,4577.8105,46.1875,0.0028,45.3095,3323.844,3602.4428,1775442791580908815
vocseg,no_sharing,79.8094,8327.7652,4577.8105,46.1875,0.0028,45.3095,3311.2223,3749.9547,1775442791580908815
vocseg,no_sharing,79.8576,8279.5224,4577.8105,46.1875,0.0028,45.3095,3262.9688,3701.7119,1775442791580908815
vocseg,no_sharing,79.9229,8214.2088,4577.8105,46.1875,0.0028,45.3095,3197.6471,3636.3983,1775442791580908815
vocseg,no_sharing,79.9641,8173.1069,4577.8105,46.1875,0.0028,45.3095,3156.538,3595.2964,1775442791580908815
vocseg,no_sharing,80.032,8105.2005,4577.8105,46.1875,0.0028,45.3095,3088.625,3527.39,1775442791580908815
vocseg,no_sharing,80.033,8104.1574,4577.8105,46.1875,0.0028,45.3095,3087.5747,3526.3469,1775442791580908815
vocseg,no_sharing,80.0507,8086.4737,4577.8105,46.1875,0.0028,45.3095,3069.8843,3508.6632,1775442791580908815
vocseg,no_sharing,80.0507,8086.462,4577.8105,46.1875,0.0028,45.3095,3069.8659,3508.6515,1775442791580908815
vocseg,no_sharing,80.0832,8054.0078,4577.8105,46.1875,0.0028,45.3095,3037.4055,3476.1973,1775442791580908815
vocseg,no_sharing,80.1518,7985.5742,4577.8105,46.1875,0.0028,45.3095,2968.7517,3407.7637,1775442791580908815
vocseg,no_sharing,80.1675,7969.9502,4577.8105,46.1875,0.0028,45.3095,2953.12,3392.1397,1775442791580908815
vocseg,no_sharing,80.2048,7932.6749,4577.8105,46.1875,0.0028,45.3095,2915.838,3354.8644,1775442791580908815
vocseg,no_sharing,80.2174,7920.0389,4577.8105,46.1875,0.0028,45.3095,2903.1961,3342.2284,1775442791580908815
vocseg,no_sharing,80.2391,7898.3846,4577.8105,46.1875,0.0028,45.3095,2881.5353,3320.5741,1775442791580908815
vocseg,no_sharing,80.2763,7861.1281,4577.8105,46.1875,0.0028,45.3095,2844.2731,3283.3176,1775442791580908815
vocseg,no_sharing,80.3771,7760.3276,4577.8105,46.1875,0.0028,45.3095,2743.4661,3182.5171,1775442791580908815
vocseg,no_sharing,80.3997,7737.7081,4577.8105,46.1875,0.0028,45.3095,2720.8409,3159.8976,1775442791580908815
vocseg,no_sharing,80.4214,7716.0985,4577.8105,46.1875,0.0028,45.3095,2699.2259,3138.288,1775442791580908815
vocseg,no_sharing,80.424,7713.4469,4577.8105,46.1875,0.0028,45.3095,2696.5687,3135.6363,1775442791580908815
vocseg,no_sharing,80.4829,7654.5329,4577.8105,46.1875,0.0028,45.3095,2637.6483,3076.7224,1775442791580908815
vocseg,no_sharing,80.5076,7629.9002,4577.8105,46.1875,0.0028,45.3095,2613.0106,3052.0897,1775442791580908815
vocseg,no_sharing,80.5076,7629.8931,4577.8105,46.1875,0.0028,45.3095,2612.998,3052.0826,1775442791580908815
vocseg,no_sharing,80.7558,7381.6764,4577.8105,46.1875,0.0028,45.3095,2364.7761,2803.8659,1775442791580908815
vocseg,no_sharing,80.9277,7209.8334,4577.8105,46.1875,0.0028,45.3095,2192.9269,2632.0229,1775442791580908815
vocseg,no_sharing,81.0597,7077.7698,4577.8105,46.1875,0.0028,45.3095,2060.8573,2499.9592,1775442791580908815
vocseg,no_sharing,81.1858,6951.7484,4577.8105,46.1875,0.0028,45.3095,1934.8295,2373.9379,1775442791580908815
vocseg,no_sharing,81.3827,6754.8456,4577.8105,46.1875,0.0028,45.3095,1737.9198,2177.0351,1775442791580908815
vocseg,no_sharing,81.3827,6754.8327,4577.8105,46.1875,0.0028,45.3095,1737.9003,2177.0222,1775442791580908815
vocseg,no_sharing,81.533,6604.4922,4577.8105,46.1875,0.0028,45.3095,1587.5537,2026.6817,1775442791580908815
vocseg,no_sharing,81.533,6604.4862,4577.8105,46.1875,0.0028,45.3095,1587.5416,2026.6757,1775442791580908815
vocseg,no_sharing,81.5331,6604.4824,4577.8105,46.1875,0.0028,45.3095,1587.5316,2026.6719,1775442791580908815
vocseg,no_sharing,81.5331,6604.4819,4577.8105,46.1875,0.0028,45.3095,1587.5247,2026.6714,1775442791580908815
vocseg,no_sharing,81.5331,6604.4822,4577.8105,46.1875,0.0028,45.3095,1587.5189,2026.6717,1775442791580908815
vocseg,no_sharing,81.5331,6604.4831,4577.8105,46.1875,0.0028,45.3095,1587.5137,2026.6726,1775442791580908815
vocseg,no_sharing,81.6098,6527.7877,4577.8105,46.1875,0.0028,45.3095,1510.8111,1949.9772,1775442791580908815
vocseg,no_sharing,81.7134,6424.1998,4577.8105,46.1875,0.0028,45.3095,1407.2173,1846.3893,1775442791580908815
vocseg,no_sharing,81.7736,6363.9605,4577.8105,46.1875,0.0028,45.3095,1346.972,1786.15,1775442791580908815
vocseg,no_sharing,81.7943,6343.3216,4577.8105,46.1875,0.0028,45.3095,1326.3276,1765.511,1775442791580908815
vocseg,no_sharing,81.8409,6296.7358,4577.8105,46.1875,0.0028,45.3095,1279.736,1718.9253,1775442791580908815
vocseg,no_sharing,81.8855,6252.1005,4577.8105,46.1875,0.0028,45.3095,1235.0948,1674.29,1775442791580908815
vocseg,no_sharing,81.9402,6197.4213,4577.8105,46.1875,0.0028,45.3095,1180.409,1619.6108,1775442791580908815
vocseg,no_sharing,81.9402,6197.4137,4577.8105,46.1875,0.0028,45.3095,1180.3956,1619.6032,1775442791580908815
vocseg,no_sharing,81.9615,6176.1191,4577.8105,46.1875,0.0028,45.3095,1159.095,1598.3086,1775442791580908815
vocseg,no_sharing,81.9985,6139.0841,4577.8105,46.1875,0.0028,45.3095,1122.0539,1561.2736,1775442791580908815
vocseg,no_sharing,82.0877,6049.8796,4577.8105,46.1875,0.0028,45.3095,1032.8438,1472.069,1775442791580908815
vocseg,no_sharing,82.1371,6000.4888,4577.8105,46.1875,0.0028,45.3095,983.4473,1422.6782,1775442791580908815
vocseg,no_sharing,82.1477,5989.8889,4577.8105,46.1875,0.0028,45.3095,972.8417,1412.0784,1775442791580908815
vocseg,no_sharing,82.236,10262.7704,4600.8558,44.3201,0.0033,45.5601,5651.4695,5661.9146,1775442796347772239
vocseg,no_sharing,82.2437,10263.8609,4600.8558,44.3201,0.0033,45.5601,5643.7318,5663.0051,1775442796347772239
vocseg,no_sharing,82.2592,10248.4379,4600.8558,44.3201,0.0033,45.5601,5628.2988,5647.5821,1775442796347772239
vocseg,no_sharing,82.2869,10243.1977,4600.8558,44.3201,0.0033,45.5601,5600.5411,5642.3419,1775442796347772239
vocseg,no_sharing,82.2939,10236.1858,4600.8558,44.3201,0.0033,45.5601,5593.5202,5635.33,1775442796347772239
vocseg,no_sharing,82.3718,10158.3612,4600.8558,44.3201,0.0033,45.5601,5515.6887,5557.5054,1775442796347772239
vocseg,no_sharing,82.3779,10152.2367,4600.8558,44.3201,0.0033,45.5601,5509.5587,5551.3809,1775442796347772239
vocseg,no_sharing,82.4231,10107.0445,4600.8558,44.3201,0.0033,45.5601,5464.3598,5506.1886,1775442796347772239
vocseg,no_sharing,82.472,10115.8416,4600.8558,44.3201,0.0033,45.5601,5415.4739,5514.9858,1775442796347772239
vocseg,no_sharing,82.48,10107.8682,4600.8558,44.3201,0.0033,45.5601,5407.4862,5507.0124,1775442796347772239
vocseg,no_sharing,82.4981,10089.6955,4600.8558,44.3201,0.0033,45.5601,5389.3058,5488.8396,1775442796347772239
vocseg,no_sharing,82.5151,10072.7386,4600.8558,44.3201,0.0033,45.5601,5372.3414,5471.8828,1775442796347772239
vocseg,no_sharing,82.5445,10043.3695,4600.8558,44.3201,0.0033,45.5601,5342.9646,5442.5137,1775442796347772239
vocseg,no_sharing,82.6068,9981.0865,4600.8558,44.3201,0.0033,45.5601,5280.6733,5380.2307,1775442796347772239
vocseg,no_sharing,82.6078,9980.0749,4600.8558,44.3201,0.0033,45.5601,5279.6535,5379.2191,1775442796347772239
vocseg,no_sharing,82.6796,9908.3135,4600.8558,44.3201,0.0033,45.5601,5207.885,5307.4577,1775442796347772239
vocseg,no_sharing,82.6824,9905.4492,4600.8558,44.3201,0.0033,45.5601,5205.014,5304.5933,1775442796347772239
vocseg,no_sharing,82.7495,9838.3591,4600.8558,44.3201,0.0033,45.5601,5137.9175,5237.5033,1775442796347772239
vocseg,no_sharing,82.8156,9772.2869,4600.8558,44.3201,0.0033,45.5601,5071.8386,5171.4311,1775442796347772239
vocseg,no_sharing,82.8221,9765.8381,4600.8558,44.3201,0.0033,45.5601,5065.3827,5164.9823,1775442796347772239
vocseg,no_sharing,82.8402,9747.7117,4600.8558,44.3201,0.0033,45.5601,5047.2496,5146.8558,1775442796347772239
vocseg,no_sharing,82.9667,9769.8455,4600.8558,44.3201,0.0033,45.5601,4920.727,5168.9897,1775442796347772239
vocseg,no_sharing,82.9667,9769.84,4600.8558,44.3201,0.0033,45.5601,4920.706,5168.9842,1775442796347772239
vocseg,no_sharing,82.9668,9769.8421,4600.8558,44.3201,0.0033,45.5601,4920.6994,5168.9863,1775442796347772239
vocseg,no_sharing,82.9668,9769.8402,4600.8558,44.3201,0.0033,45.5601,4920.6884,5168.9844,1775442796347772239
vocseg,no_sharing,83.19,9546.5684,4600.8558,44.3201,0.0033,45.5601,4697.4068,4945.7126,1775442796347772239
vocseg,no_sharing,83.1901,9546.556,4600.8558,44.3201,0.0033,45.5601,4697.386,4945.7002,1775442796347772239
vocseg,no_sharing,83.1901,9546.5584,4600.8558,44.3201,0.0033,45.5601,4697.3801,4945.7026,1775442796347772239
vocseg,no_sharing,83.1901,9546.5579,4600.8558,44.3201,0.0033,45.5601,4697.371,4945.7021,1775442796347772239
vocseg,no_sharing,83.1901,9546.562,4600.8558,44.3201,0.0033,45.5601,4697.3672,4945.7061,1775442796347772239
vocseg,no_sharing,83.243,9493.659,4600.8558,44.3201,0.0033,45.5601,4644.4564,4892.8032,1775442796347772239
vocseg,no_sharing,83.243,9493.6562,4600.8558,44.3201,0.0033,45.5601,4644.4457,4892.8003,1775442796347772239
vocseg,no_sharing,83.3416,9395.0808,4600.8558,44.3201,0.0033,45.5601,4545.862,4794.225,1775442796347772239
vocseg,no_sharing,83.6066,9130.0526,4600.8558,44.3201,0.0033,45.5601,4280.8242,4529.1967,1775442796347772239
vocseg,no_sharing,83.6366,9100.086,4600.8558,44.3201,0.0033,45.5601,4250.849,4499.2301,1775442796347772239
vocseg,no_sharing,83.6573,9079.447,4600.8558,44.3201,0.0033,45.5601,4230.186,4478.5912,1775442796347772239
vocseg,no_sharing,83.665,9071.6829,4600.8558,44.3201,0.0033,45.5601,4222.4133,4470.8271,1775442796347772239
vocseg,no_sharing,83.6769,9059.8078,4600.8558,44.3201,0.0033,45.5601,4210.5296,4458.9519,1775442796347772239
vocseg,no_sharing,83.7596,8977.1132,4600.8558,44.3201,0.0033,45.5601,4127.826,4376.2574,1775442796347772239
vocseg,no_sharing,83.8025,8934.2382,4600.8558,44.3201,0.0033,45.5601,4084.9428,4333.3824,1775442796347772239
vocseg,no_sharing,83.8444,8892.3311,4600.8558,44.3201,0.0033,45.5601,4043.0281,4291.4753,1775442796347772239
vocseg,no_sharing,83.8513,8885.4237,4600.8558,44.3201,0.0033,45.5601,4036.1118,4284.5678,1775442796347772239
vocseg,no_sharing,83.8795,8857.2712,4600.8558,44.3201,0.0033,45.5601,4007.9515,4256.4154,1775442796347772239
vocseg,no_sharing,83.889,8847.7886,4600.8558,44.3201,0.0033,45.5601,3998.4612,4246.9327,1775442796347772239
vocseg,no_sharing,83.9996,8737.2227,4600.8558,44.3201,0.0033,45.5601,3887.887,4136.3668,1775442796347772239
vocseg,no_sharing,84.0055,8731.3206,4600.8558,44.3201,0.0033,45.5601,3881.9768,4130.4648,1775442796347772239
vocseg,no_sharing,84.0613,8675.5133,4600.8558,44.3201,0.0033,45.5601,3826.1604,4074.6574,1775442796347772239
vocseg,no_sharing,84.0844,8652.3905,4600.8558,44.3201,0.0033,45.5601,3803.0295,4051.5347,1775442796347772239
vocseg,no_sharing,84.2293,8507.5083,4600.8558,44.3201,0.0033,45.5601,3658.1399,3906.6524,1775442796347772239
vocseg,no_sharing,84.3659,8370.9087,4600.8558,44.3201,0.0033,45.5601,3521.5328,3770.0529,1775442796347772239
vocseg,no_sharing,84.4768,8260.0832,4600.8558,44.3201,0.0033,45.5601,3410.6998,3659.2274,1775442796347772239
vocseg,no_sharing,84.5344,8202.4493,4600.8558,44.3201,0.0033,45.5601,3353.0591,3601.5935,1775442796347772239
vocseg,no_sharing,84.5703,8166.5661,4600.8558,44.3201,0.0033,45.5601,3317.1697,3565.7103,1775442796347772239
vocseg,no_sharing,84.6002,8136.6088,4600.8558,44.3201,0.0033,45.5601,3287.2059,3535.753,1775442796347772239
vocseg,no_sharing,84.6649,8269.2652,4600.8558,44.3201,0.0033,45.5601,3222.5633,3668.4093,1775442796347772239
vocseg,no_sharing,84.6759,8259.598,4600.8558,44.3201,0.0033,45.5601,3211.5822,3658.7422,1775442796347772239
vocseg,no_sharing,84.6825,8252.986,4600.8558,44.3201,0.0033,45.5601,3204.9596,3652.1301,1775442796347772239
vocseg,no_sharing,84.6944,8241.1051,4600.8558,44.3201,0.0033,45.5601,3193.0714,3640.2493,1775442796347772239
vocseg,no_sharing,84.6952,8240.2823,4600.8558,44.3201,0.0033,45.5601,3192.2419,3639.4265,1775442796347772239
vocseg,no_sharing,84.7819,8153.5983,4600.8558,44.3201,0.0033,45.5601,3105.5503,3552.7425,1775442796347772239
vocseg,no_sharing,84.8485,8087.0166,4600.8558,44.3201,0.0033,45.5601,3038.9616,3486.1608,1775442796347772239
vocseg,no_sharing,84.8992,8036.3584,4600.8558,44.3201,0.0033,45.5601,2988.2963,3435.5025,1775442796347772239
vocseg,no_sharing,84.8992,8036.3507,4600.8558,44.3201,0.0033,45.5601,2988.2824,3435.4949,1775442796347772239
vocseg,no_sharing,84.9742,7961.3674,4600.8558,44.3201,0.0033,45.5601,2913.2924,3360.5115,1775442796347772239
vocseg,no_sharing,85.0683,7867.2063,4600.8558,44.3201,0.0033,45.5601,2819.1249,3266.3505,1775442796347772239
vocseg,no_sharing,85.11,7825.5656,4600.8558,44.3201,0.0033,45.5601,2777.4782,3224.7097,1775442796347772239
vocseg,no_sharing,85.1907,7744.7965,4600.8558,44.3201,0.0033,45.5601,2696.703,3143.9407,1775442796347772239
vocseg,no_sharing,85.2459,7689.6284,4600.8558,44.3201,0.0033,45.5601,2641.5293,3088.7725,1775442796347772239
vocseg,no_sharing,85.2711,7664.438,4600.8558,44.3201,0.0033,45.5601,2616.3325,3063.5822,1775442796347772239
vocseg,no_sharing,85.3107,7624.8531,4600.8558,44.3201,0.0033,45.5601,2576.7405,3023.9973,1775442796347772239
vocseg,no_sharing,85.4443,7491.3118,4600.8558,44.3201,0.0033,45.5601,2443.1918,2890.456,1775442796347772239
vocseg,no_sharing,85.5746,7360.9695,4600.8558,44.3201,0.0033,45.5601,2312.8431,2760.1137,1775442796347772239
vocseg,no_sharing,85.5805,7355.068,4600.8558,44.3201,0.0033,45.5601,2306.9358,2754.2121,1775442796347772239
vocseg,no_sharing,85.7128,7222.8026,4600.8558,44.3201,0.0033,45.5601,2174.6643,2621.9468,1775442796347772239
vocseg,no_sharing,85.7529,7182.6584,4600.8558,44.3201,0.0033,45.5601,2134.5139,2581.8026,1775442796347772239
vocseg,no_sharing,85.7638,7171.7622,4600.8558,44.3201,0.0033,45.5601,2123.6115,2570.9064,1775442796347772239
vocseg,no_sharing,85.7697,7165.8859,4600.8558,44.3201,0.0033,45.5601,2117.7289,2565.0301,1775442796347772239
vocseg,no_sharing,85.7856,7150.0101,4600.8558,44.3201,0.0033,45.5601,2101.8472,2549.1543,1775442796347772239
vocseg,no_sharing,85.8345,7101.0885,4600.8558,44.3201,0.0033,45.5601,2052.9206,2500.2327,1775442796347772239
vocseg,no_sharing,85.8364,7099.21,4600.8558,44.3201,0.0033,45.5601,2051.0356,2498.3542,1775442796347772239
vocseg,no_sharing,85.8714,7064.266,4600.8558,44.3201,0.0033,45.5601,2016.0859,2463.4101,1775442796347772239
vocseg,no_sharing,85.8743,7061.3642,4600.8558,44.3201,0.0033,45.5601,2013.1788,2460.5083,1775442796347772239
vocseg,no_sharing,85.9437,6991.9755,4600.8558,44.3201,0.0033,45.5601,1943.7838,2391.1197,1775442796347772239
vocseg,no_sharing,86.0017,6933.9406,4600.8558,44.3201,0.0033,45.5601,1885.7412,2333.0848,1775442796347772239
vocseg,no_sharing,86.1055,6830.1291,4600.8558,44.3201,0.0033,45.5601,1781.9221,2229.2733,1775442796347772239
vocseg,no_sharing,86.1055,6830.1215,4600.8558,44.3201,0.0033,45.5601,1781.9066,2229.2657,1775442796347772239
vocseg,no_sharing,86.1967,6739.0175,4600.8558,44.3201,0.0033,45.5601,1690.7959,2138.1617,1775442796347772239
vocseg,no_sharing,86.1967,6739.0051,4600.8558,44.3201,0.0033,45.5601,1690.7763,2138.1493,1775442796347772239
vocseg,no_sharing,86.1967,6739.0053,4600.8558,44.3201,0.0033,45.5601,1690.7704,2138.1495,1775442796347772239
vocseg,no_sharing,86.2,6735.7635,4600.8558,44.3201,0.0033,45.5601,1687.4804,2134.9077,1775442796347772239
vocseg,no_sharing,86.312,6623.7373,4600.8558,44.3201,0.0033,45.5601,1575.4435,2022.8815,1775442796347772239
vocseg,no_sharing,86.4214,6514.3094,4600.8558,44.3201,0.0033,45.5601,1466.0079,1913.4536,1775442796347772239
vocseg,no_sharing,86.4221,6513.6995,4600.8558,44.3201,0.0033,45.5601,1465.3916,1912.8437,1775442796347772239
vocseg,no_sharing,86.5327,6403.0499,4600.8558,44.3201,0.0033,45.5601,1354.7337,1802.1941,1775442796347772239
vocseg,no_sharing,86.5374,6398.3979,4600.8558,44.3201,0.0033,45.5601,1350.0743,1797.5421,1775442796347772239
vocseg,no_sharing,86.5665,6369.2517,4600.8558,44.3201,0.0033,45.5601,1320.9219,1768.3959,1775442796347772239
vocseg,no_sharing,86.5862,6349.5455,4600.8558,44.3201,0.0033,45.5601,1301.2087,1748.6896,1775442796347772239
vocseg,no_sharing,86.6267,6309.0537,4600.8558,44.3201,0.0033,45.5601,1260.71,1708.1978,1775442796347772239
vocseg,no_sharing,86.6978,6237.9954,4600.8558,44.3201,0.0033,45.5601,1189.6453,1637.1396,1775442796347772239
vocseg,no_sharing,86.713,6222.8365,4600.8558,44.3201,0.0033,45.5601,1174.4788,1621.9807,1775442796347772239
vocseg,no_sharing,86.749,10462.059,4523.1653,463.1443,0.0036,45.6128,5928.7307,5938.8937,1775442801138066045
vocseg,no_sharing,86.7547,10465.2052,4523.1653,463.1443,0.0036,45.6128,5922.9989,5942.0399,1775442801138066045
vocseg,no_sharing,86.7683,10451.6916,4523.1653,463.1443,0.0036,45.6128,5909.4758,5928.5264,1775442801138066045
vocseg,no_sharing,86.9962,10250.5984,4523.1653,463.1443,0.0036,45.6128,5681.5476,5727.4332,1775442801138066045
vocseg,no_sharing,87.0554,10191.3855,4523.1653,463.1443,0.0036,45.6128,5622.323,5668.2202,1775442801138066045
vocseg,no_sharing,87.0774,10169.4512,4523.1653,463.1443,0.0036,45.6128,5600.3809,5646.286,1775442801138066045
vocseg,no_sharing,87.1899,10056.8964,4523.1653,463.1443,0.0036,45.6128,5487.8192,5533.7312,1775442801138066045
vocseg,no_sharing,87.3163,9930.5525,4523.1653,463.1443,0.0036,45.6128,5361.4662,5407.3872,1775442801138066045
vocseg,no_sharing,87.3163,9979.9023,4523.1653,463.1443,0.0036,45.6128,5361.459,5456.737,1775442801138066045
vocseg,no_sharing,87.3442,9971.6637,4523.1653,463.1443,0.0036,45.6128,5333.4973,5448.4984,1775442801138066045
vocseg,no_sharing,87.3552,9960.6998,4523.1653,463.1443,0.0036,45.6128,5322.5167,5437.5345,1775442801138066045
vocseg,no_sharing,87.4455,9870.4085,4523.1653,463.1443,0.0036,45.6128,5232.2159,5347.2433,1775442801138066045
vocseg,no_sharing,87.4472,9868.7603,4523.1653,463.1443,0.0036,45.6128,5230.5591,5345.5951,1775442801138066045
vocseg,no_sharing,87.492,9823.9212,4523.1653,463.1443,0.0036,45.6128,5185.7007,5300.7559,1775442801138066045
vocseg,no_sharing,87.5429,9773.0367,4523.1653,463.1443,0.0036,45.6128,5134.8064,5249.8714,1775442801138066045
vocseg,no_sharing,87.5887,9727.272,4523.1653,463.1443,0.0036,45.6128,5089.0334,5204.1068,1775442801138066045
vocseg,no_sharing,87.7952,9520.7908,4523.1653,463.1443,0.0036,45.6128,4882.544,4997.6255,1775442801138066045
vocseg,no_sharing,87.7952,9520.7901,4523.1653,463.1443,0.0036,45.6128,4882.5355,4997.6248,1775442801138066045
vocseg,no_sharing,88.137,9178.968,4523.1653,463.1443,0.0036,45.6128,4540.7052,4655.8027,1775442801138066045
vocseg,no_sharing,88.1371,9178.9851,4523.1653,463.1443,0.0036,45.6128,4540.6861,4655.8198,1775442801138066045
vocseg,no_sharing,88.1371,9294.8587,4523.1653,463.1443,0.0036,45.6128,4540.6792,4771.6934,1775442801138066045
vocseg,no_sharing,88.1371,9294.8689,4523.1653,463.1443,0.0036,45.6128,4540.6737,4771.7037,1775442801138066045
vocseg,no_sharing,88.2289,9203.0196,4523.1653,463.1443,0.0036,45.6128,4448.8139,4679.8543,1775442801138066045
vocseg,no_sharing,88.2772,9195.2956,4523.1653,463.1443,0.0036,45.6128,4400.5296,4672.1303,1775442801138066045
vocseg,no_sharing,88.3732,9099.2954,4523.1653,463.1443,0.0036,45.6128,4304.5139,4576.1301,1775442801138066045
vocseg,no_sharing,88.4603,9012.2175,4523.1653,463.1443,0.0036,45.6128,4217.4263,4489.0522,1775442801138066045
vocseg,no_sharing,88.5106,8961.9322,4523.1653,463.1443,0.0036,45.6128,4167.1314,4438.7669,1775442801138066045
vocseg,no_sharing,88.6209,8851.6247,4523.1653,463.1443,0.0036,45.6128,4056.8147,4328.4595,1775442801138066045
vocseg,no_sharing,88.7422,8730.335,4523.1653,463.1443,0.0036,45.6128,3935.5159,4207.1697,1775442801138066045
vocseg,no_sharing,88.7439,8728.7126,4523.1653,463.1443,0.0036,45.6128,3933.867,4205.5473,1775442801138066045
vocseg,no_sharing,88.8266,8646.0447,4523.1653,463.1443,0.0036,45.6128,3851.1119,4122.8795,1775442801138066045
vocseg,no_sharing,88.8992,8573.4763,4523.1653,463.1443,0.0036,45.6128,3778.513,4050.311,1775442801138066045
vocseg,no_sharing,88.9483,8524.3793,4523.1653,463.1443,0.0036,45.6128,3729.4052,4001.214,1775442801138066045
vocseg,no_sharing,89.0489,8423.8536,4523.1653,463.1443,0.0036,45.6128,3628.8707,3900.6884,1775442801138066045
vocseg,no_sharing,89.0505,8422.2155,4523.1653,463.1443,0.0036,45.6128,3627.2235,3899.0502,1775442801138066045
vocseg,no_sharing,89.0574,8415.4305,4523.1653,463.1443,0.0036,45.6128,3620.3566,3892.2653,1775442801138066045
vocseg,no_sharing,89.0663,8406.5571,4523.1653,463.1443,0.0036,45.6128,3611.4702,3883.3918,1775442801138066045
vocseg,no_sharing,89.1553,8317.5628,4523.1653,463.1443,0.0036,45.6128,3522.4659,3794.3975,1775442801138066045
vocseg,no_sharing,89.2882,8184.6945,4523.1653,463.1443,0.0036,45.6128,3389.5881,3661.5293,1775442801138066045
vocseg,no_sharing,89.2921,8180.809,4523.1653,463.1443,0.0036,45.6128,3385.6933,3657.6437,1775442801138066045
vocseg,no_sharing,89.4273,8045.6154,4523.1653,463.1443,0.0036,45.6128,3250.4907,3522.4502,1775442801138066045
vocseg,no_sharing,89.5664,7906.4581,4523.1653,463.1443,0.0036,45.6128,3111.31,3383.2929,1775442801138066045
vocseg,no_sharing,89.6021,7870.8324,4523.1653,463.1443,0.0036,45.6128,3075.6648,3347.6672,1775442801138066045
vocseg,no_sharing,89.6686,7994.4003,4523.1653,463.1443,0.0036,45.6128,3009.1431,3471.235,1775442801138066045
vocseg,no_sharing,89.7375,7925.4909,4523.1653,463.1443,0.0036,45.6128,2940.2225,3402.3256,1775442801138066045
vocseg,no_sharing,89.8062,7856.8015,4523.1653,463.1443,0.0036,45.6128,2871.5246,3333.6362,1775442801138066045
vocseg,no_sharing,89.8319,7831.161,4523.1653,463.1443,0.0036,45.6128,2845.8765,3307.9958,1775442801138066045
vocseg,no_sharing,89.8348,7828.2881,4523.1653,463.1443,0.0036,45.6128,2842.9956,3305.1228,1775442801138066045
vocseg,no_sharing,90.0312,7631.8009,4523.1653,463.1443,0.0036,45.6128,2646.5018,3108.6356,1775442801138066045
vocseg,no_sharing,90.118,7547.1628,4523.1653,463.1443,0.0036,45.6128,2559.7324,3023.9975,1775442801138066045
vocseg,no_sharing,90.1417,7523.5224,4523.1653,463.1443,0.0036,45.6128,2536.0804,3000.3571,1775442801138066045
vocseg,no_sharing,90.1954,7469.7769,4523.1653,463.1443,0.0036,45.6128,2482.327,2946.6116,1775442801138066045
vocseg,no_sharing,90.1983,7466.9161,4523.1653,463.1443,0.0036,45.6128,2479.4581,2943.7508,1775442801138066045
vocseg,no_sharing,90.3217,7343.5473,4523.1653,463.1443,0.0036,45.6128,2356.082,2820.3821,1775442801138066045
vocseg,no_sharing,90.3709,7294.3072,4523.1653,463.1443,0.0036,45.6128,2306.8347,2771.142,1775442801138066045
vocseg,no_sharing,90.5175,7147.6867,4523.1653,463.1443,0.0036,45.6128,2160.2061,2624.5214,1775442801138066045
vocseg,no_sharing,90.5176,7147.6734,4523.1653,463.1443,0.0036,45.6128,2160.1853,2624.5081,1775442801138066045
vocseg,no_sharing,90.5176,7147.6722,4523.1653,463.1443,0.0036,45.6128,2160.1775,2624.5069,1775442801138066045
vocseg,no_sharing,90.5176,7147.6741,4523.1653,463.1443,0.0036,45.6128,2160.1727,2624.5088,1775442801138066045
vocseg,no_sharing,90.6207,7044.5435,4523.1653,463.1443,0.0036,45.6128,2057.0347,2521.3782,1775442801138066045
vocseg,no_sharing,90.6931,6972.1799,4523.1653,463.1443,0.0036,45.6128,1984.6635,2449.0146,1775442801138066045
vocseg,no_sharing,90.7491,6916.1665,4523.1653,463.1443,0.0036,45.6128,1928.6437,2393.0013,1775442801138066045
vocseg,no_sharing,90.8733,6791.9641,4523.1653,463.1443,0.0036,45.6128,1804.4333,2268.7988,1775442801138066045
vocseg,no_sharing,90.8846,6780.6432,4523.1653,463.1443,0.0036,45.6128,1793.1051,2257.478,1775442801138066045
vocseg,no_sharing,91.0047,6660.5597,4523.1653,463.1443,0.0036,45.6128,1673.0142,2137.3944,1775442801138066045
vocseg,no_sharing,91.1154,6549.8989,4523.1653,463.1443,0.0036,45.6128,1562.346,2026.7336,1775442801138066045
vocseg,no_sharing,91.1266,6538.7511,4523.1653,463.1443,0.0036,45.6128,1551.1904,2015.5859,1775442801138066045
vocseg,no_sharing,91.1422,6523.1175,4523.1653,463.1443,0.0036,45.6128,1535.5492,1999.9523,1775442801138066045
vocseg,no_sharing,91.1514,6513.9444,4523.1653,463.1443,0.0036,45.6128,1526.3691,1990.7791,1775442801138066045
vocseg,no_sharing,91.2731,6392.2422,4523.1653,463.1443,0.0036,45.6128,1404.6595,1869.0769,1775442801138066045
vocseg,no_sharing,91.2937,6371.594,4523.1653,463.1443,0.0036,45.6128,1384.0039,1848.4287,1775442801138066045
vocseg,no_sharing,91.5022,6163.1851,4523.1653,463.1443,0.0036,45.6128,1175.5869,1640.0198,1775442801138066045
vocseg,no_sharing,91.5802,6085.1605,4523.1653,463.1443,0.0036,45.6128,1097.5547,1561.9952,1775442801138066045
vocseg,no_sharing,91.6245,6040.9002,4523.1653,463.1443,0.0036,45.6128,1053.287,1517.735,1775442801138066045
vocseg,no_sharing,91.6808,5984.5939,4523.1653,463.1443,0.0036,45.6128,996.973,1461.4286,1775442801138066045
vocseg,no_sharing,91.6808,5984.586,4523.1653,463.1443,0.0036,45.6128,996.9592,1461.4207,1775442801138066045
vocseg,no_sharing,91.7704,5895.0057,4523.1653,463.1443,0.0036,45.6128,907.372,1371.8404,1775442801138066045
vocseg,no_sharing,91.8007,5864.671,4523.1653,463.1443,0.0036,45.6128,877.0306,1341.5057,1775442801138066045
vocseg,no_sharing,91.8763,5789.0456,4523.1653,463.1443,0.0036,45.6128,801.3976,1265.8803,1775442801138066045
vocseg,no_sharing,91.9259,5739.5003,4523.1653,463.1443,0.0036,45.6128,751.8456,1216.335,1775442801138066045
vocseg,no_sharing,92.0842,5581.2149,4523.1653,463.1443,0.0036,45.6128,593.5528,1058.0496,1775442801138066045
vocseg,no_sharing,92.1619,5503.551,4523.1653,463.1443,0.0036,45.6128,515.8823,980.3857,1775442801138066045
vocseg,no_sharing,92.2909,5374.5122,4523.1653,463.1443,0.0036,45.6128,386.8363,851.3469,1775442801138066045
vocseg,no_sharing,92.3576,5307.822,4523.1653,463.1443,0.0036,45.6128,320.1103,784.6567,1775442801138066045
vocseg,no_sharing,92.3934,5272.1162,4523.1653,463.1443,0.0036,45.6128,284.3962,748.9509,1775442801138066045
vocseg,no_sharing,92.4279,5237.5965,4523.1653,463.1443,0.0036,45.6128,249.8686,714.4312,1775442801138066045
vocseg,no_sharing,92.4304,5235.0714,4523.1653,463.1443,0.0036,45.6128,247.3359,711.9061,1775442801138066045
vocseg,no_sharing,92.4322,5233.2406,4523.1653,463.1443,0.0036,45.6128,245.4991,710.0753,1775442801138066045
vocseg,no_sharing,92.4812,5184.3438,4523.1653,463.1443,0.0036,45.6128,196.5957,661.1785,1775442801138066045
vocseg,no_sharing,92.934,9186.8248,4675.0098,70.895,0.0038,46.033,4502.0845,4511.815,1775442805896438288
vocseg,no_sharing,92.9341,9189.9729,4675.0098,70.895,0.0038,46.033,4502.0688,4514.963,1775442805896438288
vocseg,no_sharing,92.9341,9193.2299,4675.0098,70.895,0.0038,46.033,4502.0616,4518.2201,1775442805896438288
vocseg,no_sharing,92.9341,9197.2382,4675.0098,70.895,0.0038,46.033,4502.0554,4522.2284,1775442805896438288
vocseg,no_sharing,92.9341,9203.0506,4675.0098,70.895,0.0038,46.033,4502.0494,4528.0408,1775442805896438288
vocseg,no_sharing,92.9341,9203.054,4675.0098,70.895,0.0038,46.033,4502.0437,4528.0441,1775442805896438288
vocseg,no_sharing,92.9341,9209.4066,4675.0098,70.895,0.0038,46.033,4502.0392,4534.3968,1775442805896438288
vocseg,no_sharing,92.9341,9209.4097,4675.0098,70.895,0.0038,46.033,4502.0339,4534.3999,1775442805896438288
vocseg,no_sharing,92.9407,9211.4987,4675.0098,70.895,0.0038,46.033,4495.4622,4536.4889,1775442805896438288
vocseg,no_sharing,92.9455,9206.6584,4675.0098,70.895,0.0038,46.033,4490.6137,4531.6485,1775442805896438288
vocseg,no_sharing,92.9933,9158.8724,4675.0098,70.895,0.0038,46.033,4442.822,4483.8625,1775442805896438288
vocseg,no_sharing,93.0,9160.6457,4675.0098,70.895,0.0038,46.033,4436.1291,4485.6359,1775442805896438288
vocseg,no_sharing,93.0066,9154.0108,4675.0098,70.895,0.0038,46.033,4429.4865,4479.0009,1775442805896438288
vocseg,no_sharing,93.0459,9114.7058,4675.0098,70.895,0.0038,46.033,4390.1753,4439.696,1775442805896438288
vocseg,no_sharing,93.0602,9109.0918,4675.0098,70.895,0.0038,46.033,4375.9186,4434.0819,1775442805896438288
vocseg,no_sharing,93.0728,9096.451,4675.0098,70.895,0.0038,46.033,4363.2703,4421.4412,1775442805896438288
vocseg,no_sharing,93.2063,8963.0349,4675.0098,70.895,0.0038,46.033,4229.8484,4288.025,1775442805896438288
vocseg,no_sharing,93.2406,8941.3049,4675.0098,70.895,0.0038,46.033,4195.5497,4266.2951,1775442805896438288
vocseg,no_sharing,93.3357,8846.175,4675.0098,70.895,0.0038,46.033,4100.4093,4171.1651,1775442805896438288
vocseg,no_sharing,93.5064,8675.5073,4675.0098,70.895,0.0038,46.033,3929.7349,4000.4975,1775442805896438288
vocseg,no_sharing,93.538,8643.8625,4675.0098,70.895,0.0038,46.033,3898.0846,3968.8527,1775442805896438288
vocseg,no_sharing,93.6377,8558.8908,4675.0098,70.895,0.0038,46.033,3798.3978,3883.881,1775442805896438288
vocseg,no_sharing,93.6654,8531.2381,4675.0098,70.895,0.0038,46.033,3770.7367,3856.2283,1775442805896438288
vocseg,no_sharing,93.7427,8453.9499,4675.0098,70.895,0.0038,46.033,3693.4421,3778.9401,1775442805896438288
vocseg,no_sharing,93.7463,8450.305,4675.0098,70.895,0.0038,46.033,3689.7917,3775.2952,1775442805896438288
vocseg,no_sharing,93.7793,8428.8006,4675.0098,70.895,0.0038,46.033,3656.8053,3753.7908,1775442805896438288
vocseg,no_sharing,93.9151,8298.7447,4675.0098,70.895,0.0038,46.033,3520.9806,3623.7349,1775442805896438288
vocseg,no_sharing,93.9392,8274.7192,4675.0098,70.895,0.0038,46.033,3496.9461,3599.7094,1775442805896438288
vocseg,no_sharing,94.0292,8184.7086,4675.0098,70.895,0.0038,46.033,3406.9285,3509.6988,1775442805896438288
vocseg,no_sharing,94.0599,8153.9943,4675.0098,70.895,0.0038,46.033,3376.2085,3478.9845,1775442805896438288
vocseg,no_sharing,94.187,8038.1508,4675.0098,70.895,0.0038,46.033,3249.0749,3363.141,1775442805896438288
vocseg,no_sharing,94.2117,8013.4916,4675.0098,70.895,0.0038,46.033,3224.4062,3338.4818,1775442805896438288
vocseg,no_sharing,94.2366,7994.4661,4675.0098,70.895,0.0038,46.033,3199.5351,3319.4562,1775442805896438288
vocseg,no_sharing,94.2777,7953.3162,4675.0098,70.895,0.0038,46.033,3158.3757,3278.3064,1775442805896438288
vocseg,no_sharing,94.3116,7919.4629,4675.0098,70.895,0.0038,46.033,3124.516,3244.4531,1775442805896438288
vocseg,no_sharing,94.3956,7835.4788,4675.0098,70.895,0.0038,46.033,3040.5262,3160.469,1775442805896438288
vocseg,no_sharing,94.4005,7844.5115,4675.0098,70.895,0.0038,46.033,3035.6042,3169.5017,1775442805896438288
vocseg,no_sharing,94.4788,7766.1934,4675.0098,70.895,0.0038,46.033,2957.2768,3091.1836,1775442805896438288
vocseg,no_sharing,94.5062,7744.7734,4675.0098,70.895,0.0038,46.033,2929.9655,3069.7636,1775442805896438288
vocseg,no_sharing,94.5749,7676.0204,4675.0098,70.895,0.0038,46.033,2861.2032,3001.0106,1775442805896438288
vocseg,no_sharing,94.6985,7552.4025,4675.0098,70.895,0.0038,46.033,2737.5786,2877.3927,1775442805896438288
vocseg,no_sharing,94.7002,7550.7522,4675.0098,70.895,0.0038,46.033,2735.9221,2875.7423,1775442805896438288
vocseg,no_sharing,94.7825,7468.4758,4675.0098,70.895,0.0038,46.033,2653.6403,2793.466,1775442805896438288
vocseg,no_sharing,94.8804,7387.3618,4675.0098,70.895,0.0038,46.033,2555.7399,2712.3519,1775442805896438288
vocseg,no_sharing,94.8996,7368.1068,4675.0098,70.895,0.0038,46.033,2536.4747,2693.097,1775442805896438288
vocseg,no_sharing,94.9559,7317.8539,4675.0098,70.895,0.0038,46.033,2480.2048,2642.8441,1775442805896438288
vocseg,no_sharing,95.0294,7244.3643,4675.0098,70.895,0.0038,46.033,2406.7054,2569.3544,1775442805896438288
vocseg,no_sharing,95.0366,7237.2038,4675.0098,70.895,0.0038,46.033,2399.5383,2562.194,1775442805896438288
vocseg,no_sharing,95.0699,7203.8875,4675.0098,70.895,0.0038,46.033,2366.2155,2528.8776,1775442805896438288
vocseg,no_sharing,95.0725,7201.2694,4675.0098,70.895,0.0038,46.033,2363.591,2526.2596,1775442805896438288
vocseg,no_sharing,95.0913,7182.5261,4675.0098,70.895,0.0038,46.033,2344.842,2507.5163,1775442805896438288
vocseg,no_sharing,95.12,7173.902,4675.0098,70.895,0.0038,46.033,2316.1211,2498.8922,1775442805896438288
vocseg,no_sharing,95.1346,7159.2739,4675.0098,70.895,0.0038,46.033,2301.4834,2484.264,1775442805896438288
vocseg,no_sharing,95.1373,7163.7859,4675.0098,70.895,0.0038,46.033,2298.8389,2488.7761,1775442805896438288
vocseg,no_sharing,95.2109,7090.1327,4675.0098,70.895,0.0038,46.033,2225.1763,2415.1229,1775442805896438288
vocseg,no_sharing,95.2366,7064.5123,4675.0098,70.895,0.0038,46.033,2199.5482,2389.5024,1775442805896438288
vocseg,no_sharing,95.2702,7030.8685,4675.0098,70.895,0.0038,46.033,2165.8986,2355.8587,1775442805896438288
vocseg,no_sharing,95.3149,6986.1746,4675.0098,70.895,0.0038,46.033,2121.1989,2311.1648,1775442805896438288
vocseg,no_sharing,95.3836,6917.532,4675.0098,70.895,0.0038,46.033,2052.5506,2242.5221,1775442805896438288
vocseg,no_sharing,95.4249,6876.2023,4675.0098,70.895,0.0038,46.033,2011.2147,2201.1925,1775442805896438288
vocseg,no_sharing,95.4986,6824.6818,4675.0098,70.895,0.0038,46.033,1937.5572,2149.6719,1775442805896438288
vocseg,no_sharing,95.5637,6759.5379,4675.0098,70.895,0.0038,46.033,1872.4022,2084.5281,1775442805896438288
vocseg,no_sharing,95.5834,6748.9789,4675.0098,70.895,0.0038,46.033,1852.7555,2073.969,1775442805896438288
vocseg,no_sharing,95.603,6729.352,4675.0098,70.895,0.0038,46.033,1833.1192,2054.3422,1775442805896438288
vocseg,no_sharing,95.6353,6697.0778,4675.0098,70.895,0.0038,46.033,1800.8382,2022.0679,1775442805896438288
vocseg,no_sharing,95.713,6619.4077,4675.0098,70.895,0.0038,46.033,1723.1622,1944.3978,1775442805896438288
vocseg,no_sharing,95.7392,6593.1413,4675.0098,70.895,0.0038,46.033,1696.8901,1918.1315,1775442805896438288
vocseg,no_sharing,95.7559,6576.5176,4675.0098,70.895,0.0038,46.033,1680.2607,1901.5078,1775442805896438288
vocseg,no_sharing,95.7559,6576.51,4675.0098,70.895,0.0038,46.033,1680.2475,1901.5001,1775442805896438288
vocseg,no_sharing,95.794,6538.4157,4675.0098,70.895,0.0038,46.033,1642.1483,1863.4058,1775442805896438288
vocseg,no_sharing,95.817,6540.2894,4675.0098,70.895,0.0038,46.033,1619.0941,1865.2796,1775442805896438288
vocseg,no_sharing,95.8207,6536.6671,4675.0098,70.895,0.0038,46.033,1615.4623,1861.6573,1775442805896438288
vocseg,no_sharing,95.8273,6530.0276,4675.0098,70.895,0.0038,46.033,1608.8159,1855.0178,1775442805896438288
vocseg,no_sharing,95.9162,6450.2997,4675.0098,70.895,0.0038,46.033,1519.9518,1775.2899,1775442805896438288
vocseg,no_sharing,95.9167,6449.7428,4675.0098,70.895,0.0038,46.033,1519.3849,1774.733,1775442805896438288
vocseg,no_sharing,95.9487,6417.7542,4675.0098,70.895,0.0038,46.033,1487.3898,1742.7443,1775442805896438288
vocseg,no_sharing,95.9594,6407.0885,4675.0098,70.895,0.0038,46.033,1476.7189,1732.0787,1775442805896438288
vocseg,no_sharing,96.0467,6319.7453,4675.0098,70.895,0.0038,46.033,1389.3692,1644.7355,1775442805896438288
vocseg,no_sharing,96.0624,6304.0726,4675.0098,70.895,0.0038,46.033,1373.6916,1629.0628,1775442805896438288
vocseg,no_sharing,96.0632,6303.282,4675.0098,70.895,0.0038,46.033,1372.8964,1628.2722,1775442805896438288
vocseg,no_sharing,96.1143,6252.2457,4675.0098,70.895,0.0038,46.033,1321.8541,1577.2358,1775442805896438288
vocseg,no_sharing,96.1693,6197.257,4675.0098,70.895,0.0038,46.033,1266.8607,1522.2472,1775442805896438288
vocseg,no_sharing,96.191,6212.6229,4675.0098,70.895,0.0038,46.033,1245.0743,1537.6131,1775442805896438288
vocseg,no_sharing,96.2116,6192.1289,4675.0098,70.895,0.0038,46.033,1224.5619,1517.1191,1775442805896438288
vocseg,no_sharing,96.2172,6186.4738,4675.0098,70.895,0.0038,46.033,1218.8962,1511.464,1775442805896438288
vocseg,no_sharing,96.2469,6173.5935,4675.0098,70.895,0.0038,46.033,1189.2488,1498.5837,1775442805896438288
vocseg,no_sharing,96.3266,6093.8621,4675.0098,70.895,0.0038,46.033,1109.5059,1418.8522,1775442805896438288
vocseg,no_sharing,96.4485,5971.9644,4675.0098,70.895,0.0038,46.033,987.6006,1296.9545,1775442805896438288
vocseg,no_sharing,96.4844,5936.111,4675.0098,70.895,0.0038,46.033,951.7398,1261.1011,1775442805896438288
vocseg,no_sharing,96.5041,5916.4021,4675.0098,70.895,0.0038,46.033,932.0235,1241.3923,1775442805896438288
vocseg,no_sharing,96.685,5735.46,4675.0098,70.895,0.0038,46.033,751.0743,1060.4502,1775442805896438288
vocseg,no_sharing,96.8285,5592.0072,4675.0098,70.895,0.0038,46.033,607.6145,916.9973,1775442805896438288
vocseg,no_sharing,96.8402,5580.3475,4675.0098,70.895,0.0038,46.033,595.9489,905.3377,1775442805896438288
vocseg,no_sharing,96.8559,5564.6672,4675.0098,70.895,0.0038,46.033,580.2631,889.6574,1775442805896438288
vocseg,no_sharing,96.8885,5532.0418,4675.0098,70.895,0.0038,46.033,547.6317,857.032,1775442805896438288
vocseg,no_sharing,96.9428,5480.5102,4675.0098,70.895,0.0038,46.033,493.3565,805.5004,1775442805896438288
vocseg,no_sharing,97.0124,5410.8329,4675.0098,70.895,0.0038,46.033,423.6696,735.8231,1775442805896438288
vocseg,no_sharing,97.0327,5390.5594,4675.0098,70.895,0.0038,46.033,403.3904,715.5496,1775442805896438288
vocseg,no_sharing,97.0981,5325.1467,4675.0098,70.895,0.0038,46.033,337.9722,650.1368,1775442805896438288
vocseg,no_sharing,97.1419,5282.2285,4675.0098,70.895,0.0038,46.033,294.1983,607.2186,1775442805896438288
vocseg,no_sharing,97.1495,10120.3654,4874.95,47.2943,0.0039,48.2695,5235.5995,5245.4154,1775442810845430532
vocseg,no_sharing,97.1611,10111.7842,4874.95,47.2943,0.0039,48.2695,5223.9664,5236.8342,1775442810845430532
vocseg,no_sharing,97.4723,9803.5161,4874.95,47.2943,0.0039,48.2695,4912.7765,4928.5662,1775442810845430532
vocseg,no_sharing,97.4723,9806.3347,4874.95,47.2943,0.0039,48.2695,4912.766,4931.3848,1775442810845430532
vocseg,no_sharing,97.4724,9809.1872,4874.95,47.2943,0.0039,48.2695,4912.7598,4934.2372,1775442810845430532
vocseg,no_sharing,97.4724,9812.1281,4874.95,47.2943,0.0039,48.2695,4912.7543,4937.1781,1775442810845430532
vocseg,no_sharing,97.4724,9817.7602,4874.95,47.2943,0.0039,48.2695,4912.7488,4942.8103,1775442810845430532
vocseg,no_sharing,97.4724,9817.7631,4874.95,47.2943,0.0039,48.2695,4912.7436,4942.8131,1775442810845430532
vocseg,no_sharing,97.6691,9626.7114,4874.95,47.2943,0.0039,48.2695,4715.9889,4751.7614,1775442810845430532
vocseg,no_sharing,97.7546,9541.2588,4874.95,47.2943,0.0039,48.2695,4630.5251,4666.3088,1775442810845430532
vocseg,no_sharing,97.7693,9532.1877,4874.95,47.2943,0.0039,48.2695,4615.8445,4657.2377,1775442810845430532
vocseg,no_sharing,97.8166,9484.8824,4874.95,47.2943,0.0039,48.2695,4568.531,4609.9324,1775442810845430532
vocseg,no_sharing,97.8252,9481.9953,4874.95,47.2943,0.0039,48.2695,4559.8629,4607.0454,1775442810845430532
vocseg,no_sharing,97.8645,9442.7521,4874.95,47.2943,0.0039,48.2695,4520.6115,4567.8022,1775442810845430532
vocseg,no_sharing,97.923,9392.889,4874.95,47.2943,0.0039,48.2695,4462.1029,4517.9391,1775442810845430532
vocseg,no_sharing,97.9643,9351.5809,4874.95,47.2943,0.0039,48.2695,4420.7859,4476.6309,1775442810845430532
vocseg,no_sharing,97.985,9330.9202,4874.95,47.2943,0.0039,48.2695,4400.1193,4455.9702,1775442810845430532
vocseg,no_sharing,98.0303,9294.0922,4874.95,47.2943,0.0039,48.2695,4354.8303,4419.1422,1775442810845430532
vocseg,no_sharing,98.0781,9246.3143,4874.95,47.2943,0.0039,48.2695,4307.044,4371.3643,1775442810845430532
vocseg,no_sharing,98.2692,9055.1763,4874.95,47.2943,0.0039,48.2695,4115.9,4180.2263,1775442810845430532
vocseg,no_sharing,98.362,8970.8982,4874.95,47.2943,0.0039,48.2695,4023.0675,4095.9482,1775442810845430532
vocseg,no_sharing,98.3897,8943.2755,4874.95,47.2943,0.0039,48.2695,3995.436,4068.3255,1775442810845430532
vocseg,no_sharing,98.4283,8904.6211,4874.95,47.2943,0.0039,48.2695,3956.7757,4029.6712,1775442810845430532
vocseg,no_sharing,98.5904,8753.7971,4874.95,47.2943,0.0039,48.2695,3794.7283,3878.8471,1775442810845430532
vocseg,no_sharing,98.7078,8636.343,4874.95,47.2943,0.0039,48.2695,3677.2654,3761.393,1775442810845430532
vocseg,no_sharing,98.7079,8636.3313,4874.95,47.2943,0.0039,48.2695,3677.2468,3761.3813,1775442810845430532
vocseg,no_sharing,98.7079,8636.3277,4874.95,47.2943,0.0039,48.2695,3677.2377,3761.3778,1775442810845430532
vocseg,no_sharing,98.7079,8647.9282,4874.95,47.2943,0.0039,48.2695,3677.2318,3772.9783,1775442810845430532
vocseg,no_sharing,98.7079,8647.9325,4874.95,47.2943,0.0039,48.2695,3677.2258,3772.9826,1775442810845430532
vocseg,no_sharing,98.8612,8494.5962,4874.95,47.2943,0.0039,48.2695,3523.8824,3619.6463,1775442810845430532
vocseg,no_sharing,98.8612,8494.586,4874.95,47.2943,0.0039,48.2695,3523.8669,3619.636,1775442810845430532
vocseg,no_sharing,98.8613,8508.6014,4874.95,47.2943,0.0039,48.2695,3523.8597,3633.6515,1775442810845430532
vocseg,no_sharing,98.8613,8508.6048,4874.95,47.2943,0.0039,48.2695,3523.8543,3633.6548,1775442810845430532
vocseg,no_sharing,98.8613,8508.6052,4874.95,47.2943,0.0039,48.2695,3523.849,3633.6553,1775442810845430532
vocseg,no_sharing,98.8673,8502.5444,4874.95,47.2943,0.0039,48.2695,3517.7829,3627.5944,1775442810845430532
vocseg,no_sharing,98.9036,8466.2833,4874.95,47.2943,0.0039,48.2695,3481.5173,3591.3334,1775442810845430532
vocseg,no_sharing,99.1261,8258.6186,4874.95,47.2943,0.0039,48.2695,3259.0575,3383.6686,1775442810845430532
vocseg,no_sharing,99.2466,8138.0608,4874.95,47.2943,0.0039,48.2695,3138.4878,3263.1108,1775442810845430532
vocseg,no_sharing,99.2499,8134.7735,4874.95,47.2943,0.0039,48.2695,3135.1943,3259.8235,1775442810845430532
vocseg,no_sharing,99.296,8088.7134,4874.95,47.2943,0.0039,48.2695,3089.1156,3213.7634,1775442810845430532
vocseg,no_sharing,99.3177,8066.9963,4874.95,47.2943,0.0039,48.2695,3067.3912,3192.0464,1775442810845430532
vocseg,no_sharing,99.3324,8069.3469,4874.95,47.2943,0.0039,48.2695,3052.685,3194.3969,1775442810845430532
vocseg,no_sharing,99.3478,8054.0218,4874.95,47.2943,0.0039,48.2695,3037.3499,3179.0719,1775442810845430532
vocseg,no_sharing,99.3943,8007.467,4874.95,47.2943,0.0039,48.2695,2990.788,3132.5171,1775442810845430532
vocseg,no_sharing,99.4103,7991.5397,4874.95,47.2943,0.0039,48.2695,2974.8542,3116.5897,1775442810845430532
vocseg,no_sharing,99.451,7950.8057,4874.95,47.2943,0.0039,48.2695,2934.114,3075.8557,1775442810845430532
vocseg,no_sharing,99.5313,7870.5153,4874.95,47.2943,0.0039,48.2695,2853.8179,2995.5654,1775442810845430532
vocseg,no_sharing,99.5802,7841.5115,4874.95,47.2943,0.0039,48.2695,2804.8863,2966.5615,1775442810845430532
vocseg,no_sharing,99.5889,7832.8621,4874.95,47.2943,0.0039,48.2695,2796.2267,2957.9122,1775442810845430532
vocseg,no_sharing,99.6451,7776.6774,4874.95,47.2943,0.0039,48.2695,2740.0353,2901.7274,1775442810845430532
vocseg,no_sharing,99.7506,7671.1292,4874.95,47.2943,0.0039,48.2695,2634.481,2796.1793,1775442810845430532
vocseg,no_sharing,99.8159,7605.8259,4874.95,47.2943,0.0039,48.2695,2569.1714,2730.8759,1775442810845430532
vocseg,no_sharing,99.8639,7557.8723,4874.95,47.2943,0.0039,48.2695,2521.2126,2682.9223,1775442810845430532
vocseg,no_sharing,99.8665,7555.2447,4874.95,47.2943,0.0039,48.2695,2518.5802,2680.2947,1775442810845430532
vocseg,no_sharing,99.8934,7551.7488,4874.95,47.2943,0.0039,48.2695,2491.688,2676.7988,1775442810845430532
vocseg,no_sharing,99.9409,7504.3046,4874.95,47.2943,0.0039,48.2695,2444.2325,2629.3547,1775442810845430532
vocseg,no_sharing,99.9558,7489.3522,4874.95,47.2943,0.0039,48.2695,2429.2731,2614.4023,1775442810845430532
vocseg,no_sharing,99.9585,7486.7277,4874.95,47.2943,0.0039,48.2695,2426.6436,2611.7777,1775442810845430532
vocseg,no_sharing,100.0058,7439.3806,4874.95,47.2943,0.0039,48.2695,2379.2908,2564.4307,1775442810845430532
vocseg,no_sharing,100.0334,7411.767,4874.95,47.2943,0.0039,48.2695,2351.671,2536.817,1775442810845430532
vocseg,no_sharing,100.0488,7396.4095,4874.95,47.2943,0.0039,48.2695,2336.3085,2521.4595,1775442810845430532
vocseg,no_sharing,100.0814,7363.7958,4874.95,47.2943,0.0039,48.2695,2303.69,2488.8458,1775442810845430532
vocseg,no_sharing,100.1329,7337.3737,4874.95,47.2943,0.0039,48.2695,2252.1653,2462.4238,1775442810845430532
vocseg,no_sharing,100.1956,7274.6804,4874.95,47.2943,0.0039,48.2695,2189.4622,2399.7304,1775442810845430532
vocseg,no_sharing,100.293,7177.3424,4874.95,47.2943,0.0039,48.2695,2092.1175,2302.3924,1775442810845430532
vocseg,no_sharing,100.3525,7117.8534,4874.95,47.2943,0.0039,48.2695,2032.6223,2242.9034,1775442810845430532
vocseg,no_sharing,100.37,7100.3044,4874.95,47.2943,0.0039,48.2695,2015.0678,2225.3544,1775442810845430532
vocseg,no_sharing,100.3787,7091.6433,4874.95,47.2943,0.0039,48.2695,2006.402,2216.6934,1775442810845430532
vocseg,no_sharing,100.447,7023.3285,4874.95,47.2943,0.0039,48.2695,1938.0815,2148.3786,1775442810845430532
vocseg,no_sharing,100.5147,6955.6341,4874.95,47.2943,0.0039,48.2695,1870.3818,2080.6841,1775442810845430532
vocseg,no_sharing,100.6613,6809.0866,4874.95,47.2943,0.0039,48.2695,1723.83,1934.1366,1775442810845430532
vocseg,no_sharing,100.6993,6800.2677,4874.95,47.2943,0.0039,48.2695,1685.8072,1925.3177,1775442810845430532
vocseg,no_sharing,100.711,6788.6271,4874.95,47.2943,0.0039,48.2695,1674.1569,1913.6772,1775442810845430532
vocseg,no_sharing,100.7256,6774.0161,4874.95,47.2943,0.0039,48.2695,1659.5392,1899.0662,1775442810845430532
vocseg,no_sharing,100.7256,6774.0057,4874.95,47.2943,0.0039,48.2695,1659.5235,1899.0557,1775442810845430532
vocseg,no_sharing,100.7349,6764.7395,4874.95,47.2943,0.0039,48.2695,1650.2526,1889.7895,1775442810845430532
vocseg,no_sharing,100.7835,6716.1157,4874.95,47.2943,0.0039,48.2695,1601.6243,1841.1657,1775442810845430532
vocseg,no_sharing,100.8018,6697.8512,4874.95,47.2943,0.0039,48.2695,1583.3549,1822.9012,1775442810845430532
vocseg,no_sharing,100.8406,6658.9794,4874.95,47.2943,0.0039,48.2695,1544.4782,1784.0294,1775442810845430532
vocseg,no_sharing,100.8605,6639.1048,4874.95,47.2943,0.0039,48.2695,1524.5988,1764.1549,1775442810845430532
vocseg,no_sharing,100.8802,6619.4098,4874.95,47.2943,0.0039,48.2695,1504.8978,1744.4598,1775442810845430532
vocseg,no_sharing,100.8844,6653.4081,4874.95,47.2943,0.0039,48.2695,1500.6635,1778.4581,1775442810845430532
vocseg,no_sharing,101.01,6527.8983,4874.95,47.2943,0.0039,48.2695,1375.1369,1652.9483,1775442810845430532
vocseg,no_sharing,101.0166,6521.2479,4874.95,47.2943,0.0039,48.2695,1368.4769,1646.2979,1775442810845430532
vocseg,no_sharing,101.02,6517.8604,4874.95,47.2943,0.0039,48.2695,1365.0794,1642.9104,1775442810845430532
vocseg,no_sharing,101.0677,6470.1819,4874.95,47.2943,0.0039,48.2695,1317.3912,1595.232,1775442810845430532
vocseg,no_sharing,101.122,6415.9086,4874.95,47.2943,0.0039,48.2695,1263.1085,1540.9586,1775442810845430532
vocseg,no_sharing,101.1377,6400.171,4874.95,47.2943,0.0039,48.2695,1247.3626,1525.2211,1775442810845430532
vocseg,no_sharing,101.1989,6339.0319,4874.95,47.2943,0.0039,48.2695,1186.2144,1464.082,1775442810845430532
vocseg,no_sharing,101.2477,6290.2257,4874.95,47.2943,0.0039,48.2695,1137.399,1415.2758,1775442810845430532
vocseg,no_sharing,101.2986,6239.3746,4874.95,47.2943,0.0039,48.2695,1086.5397,1364.4247,1775442810845430532
vocseg,no_sharing,101.3921,6145.8852,4874.95,47.2943,0.0039,48.2695,993.0418,1270.9353,1775442810845430532
vocseg,no_sharing,101.4759,6128.8655,4874.95,47.2943,0.0039,48.2695,909.2088,1253.9155,1775442810845430532
vocseg,no_sharing,101.565,6056.3412,4874.95,47.2943,0.0039,48.2695,820.1597,1181.3912,1775442810845430532
vocseg,no_sharing,101.565,6056.3416,4874.95,47.2943,0.0039,48.2695,820.1461,1181.3917,1775442810845430532
vocseg,no_sharing,101.623,5998.2722,4874.95,47.2943,0.0039,48.2695,762.0683,1123.3222,1775442810845430532
vocseg,no_sharing,101.7874,5833.9198,4874.95,47.2943,0.0039,48.2695,597.7082,958.9698,1775442810845430532
vocseg,no_sharing,101.7966,5824.7678,4874.95,47.2943,0.0039,48.2695,588.5389,949.8179,1775442810845430532
vocseg,no_sharing,101.8217,5799.623,4874.95,47.2943,0.0039,48.2695,563.3771,924.673,1775442810845430532
vocseg,no_sharing,101.8641,5757.3223,4874.95,47.2943,0.0039,48.2695,521.0609,882.3723,1775442810845430532
vocseg,no_sharing,101.8702,10561.5184,4887.6258,48.9108,0.004,48.3799,5663.9354,5673.8926,1775442815994475152
vocseg,no_sharing,101.8723,10563.556,4887.6258,48.9108,0.004,48.3799,5661.8671,5675.9302,1775442815994475152
vocseg,no_sharing,101.9243,10514.4386,4887.6258,48.9108,0.004,48.3799,5609.8359,5626.8128,1775442815994475152
vocseg,no_sharing,102.1093,10335.1209,4887.6258,48.9108,0.004,48.3799,5424.8412,5447.4951,1775442815994475152
vocseg,no_sharing,102.1313,10313.1797,4887.6258,48.9108,0.004,48.3799,5402.8909,5425.5539,1775442815994475152
vocseg,no_sharing,102.1804,10269.6807,4887.6258,48.9108,0.004,48.3799,5353.7145,5382.055,1775442815994475152
vocseg,no_sharing,102.2676,10182.4884,4887.6258,48.9108,0.004,48.3799,5266.5131,5294.8627,1775442815994475152
vocseg,no_sharing,102.2677,10188.1626,4887.6258,48.9108,0.004,48.3799,5266.4952,5300.5368,1775442815994475152
vocseg,no_sharing,102.2677,10188.1654,4887.6258,48.9108,0.004,48.3799,5266.4902,5300.5396,1775442815994475152
vocseg,no_sharing,102.3323,10129.2818,4887.6258,48.9108,0.004,48.3799,5201.8807,5241.656,1775442815994475152
vocseg,no_sharing,102.5197,9941.8902,4887.6258,48.9108,0.004,48.3799,5014.4799,5054.2645,1775442815994475152
vocseg,no_sharing,102.5404,9929.7802,4887.6258,48.9108,0.004,48.3799,4993.7346,5042.1545,1775442815994475152
vocseg,no_sharing,102.7792,9691.0119,4887.6258,48.9108,0.004,48.3799,4754.957,4803.3861,1775442815994475152
vocseg,no_sharing,102.7792,9690.9974,4887.6258,48.9108,0.004,48.3799,4754.9357,4803.3716,1775442815994475152
vocseg,no_sharing,102.7792,9699.3771,4887.6258,48.9108,0.004,48.3799,4754.9288,4811.7513,1775442815994475152
vocseg,no_sharing,102.7792,9699.3856,4887.6258,48.9108,0.004,48.3799,4754.9236,4811.7599,1775442815994475152
vocseg,no_sharing,102.7792,9699.3899,4887.6258,48.9108,0.004,48.3799,4754.9188,4811.7642,1775442815994475152
vocseg,no_sharing,102.7792,9708.0231,4887.6258,48.9108,0.004,48.3799,4754.9136,4820.3973,1775442815994475152
vocseg,no_sharing,102.8727,9614.5897,4887.6258,48.9108,0.004,48.3799,4661.4709,4726.9639,1775442815994475152
vocseg,no_sharing,102.8727,9614.5699,4887.6258,48.9108,0.004,48.3799,4661.4449,4726.9441,1775442815994475152
vocseg,no_sharing,102.8727,9626.4281,4887.6258,48.9108,0.004,48.3799,4661.437,4738.8023,1775442815994475152
vocseg,no_sharing,102.8727,9626.4327,4887.6258,48.9108,0.004,48.3799,4661.4313,4738.8069,1775442815994475152
vocseg,no_sharing,103.0185,9480.6302,4887.6258,48.9108,0.004,48.3799,4515.6221,4593.0044,1775442815994475152
vocseg,no_sharing,103.0534,9445.7371,4887.6258,48.9108,0.004,48.3799,4480.7243,4558.1113,1775442815994475152
vocseg,no_sharing,103.2069,9306.4816,4887.6258,48.9108,0.004,48.3799,4327.2674,4418.8558,1775442815994475152
vocseg,no_sharing,103.2704,9242.9538,4887.6258,48.9108,0.004,48.3799,4263.731,4355.328,1775442815994475152
vocseg,no_sharing,103.3507,9162.6937,4887.6258,48.9108,0.004,48.3799,4183.465,4275.068,1775442815994475152
vocseg,no_sharing,103.3959,9117.4731,4887.6258,48.9108,0.004,48.3799,4138.2387,4229.8473,1775442815994475152
vocseg,no_sharing,103.437,9087.6033,4887.6258,48.9108,0.004,48.3799,4097.2037,4199.9775,1775442815994475152
vocseg,no_sharing,103.4725,9055.0888,4887.6258,48.9108,0.004,48.3799,4061.6293,4167.463,1775442815994475152
vocseg,no_sharing,103.5258,9001.8263,4887.6258,48.9108,0.004,48.3799,4008.359,4114.2005,1775442815994475152
vocseg,no_sharing,103.6081,8919.5406,4887.6258,48.9108,0.004,48.3799,3926.0674,4031.9149,1775442815994475152
vocseg,no_sharing,103.6497,8877.9581,4887.6258,48.9108,0.004,48.3799,3884.479,3990.3323,1775442815994475152
vocseg,no_sharing,103.7025,8839.4783,4887.6258,48.9108,0.004,48.3799,3831.6841,3951.8525,1775442815994475152
vocseg,no_sharing,103.8645,8681.2356,4887.6258,48.9108,0.004,48.3799,3669.6508,3793.6098,1775442815994475152
vocseg,no_sharing,103.8898,8655.9646,4887.6258,48.9108,0.004,48.3799,3644.371,3768.3388,1775442815994475152
vocseg,no_sharing,103.8947,8651.0196,4887.6258,48.9108,0.004,48.3799,3639.4198,3763.3938,1775442815994475152
vocseg,no_sharing,103.9384,8607.3942,4887.6258,48.9108,0.004,48.3799,3595.7885,3719.7684,1775442815994475152
vocseg,no_sharing,104.0032,8542.6109,4887.6258,48.9108,0.004,48.3799,3530.9992,3654.9851,1775442815994475152
vocseg,no_sharing,104.0408,8521.6556,4887.6258,48.9108,0.004,48.3799,3493.3901,3634.0298,1775442815994475152
vocseg,no_sharing,104.0408,8524.7936,4887.6258,48.9108,0.004,48.3799,3493.3772,3637.1678,1775442815994475152
vocseg,no_sharing,104.1513,8414.2413,4887.6258,48.9108,0.004,48.3799,3382.8156,3526.6155,1775442815994475152
vocseg,no_sharing,104.201,8364.5482,4887.6258,48.9108,0.004,48.3799,3333.1161,3476.9224,1775442815994475152
vocseg,no_sharing,104.2119,8353.7357,4887.6258,48.9108,0.004,48.3799,3322.2985,3466.1099,1775442815994475152
vocseg,no_sharing,104.3866,8179.0323,4887.6258,48.9108,0.004,48.3799,3147.5892,3291.4065,1775442815994475152
vocseg,no_sharing,104.4072,8158.3717,4887.6258,48.9108,0.004,48.3799,3126.924,3270.7459,1775442815994475152
vocseg,no_sharing,104.5255,8059.4852,4887.6258,48.9108,0.004,48.3799,3008.6734,3171.8594,1775442815994475152
vocseg,no_sharing,104.5791,8009.5632,4887.6258,48.9108,0.004,48.3799,2955.0066,3121.9374,1775442815994475152
vocseg,no_sharing,104.5881,8000.6588,4887.6258,48.9108,0.004,48.3799,2946.09,3113.033,1775442815994475152
vocseg,no_sharing,104.5901,7998.646,4887.6258,48.9108,0.004,48.3799,2944.0708,3111.0202,1775442815994475152
vocseg,no_sharing,104.6102,7978.5297,4887.6258,48.9108,0.004,48.3799,2923.9492,3090.9039,1775442815994475152
vocseg,no_sharing,104.6131,7975.6918,4887.6258,48.9108,0.004,48.3799,2921.1042,3088.066,1775442815994475152
vocseg,no_sharing,104.6428,7945.987,4887.6258,48.9108,0.004,48.3799,2891.3946,3058.3612,1775442815994475152
vocseg,no_sharing,104.7014,7887.3863,4887.6258,48.9108,0.004,48.3799,2832.7882,2999.7605,1775442815994475152
vocseg,no_sharing,104.7566,7854.9278,4887.6258,48.9108,0.004,48.3799,2777.5345,2967.302,1775442815994475152
vocseg,no_sharing,104.855,7759.9232,4887.6258,48.9108,0.004,48.3799,2679.1308,2872.2974,1775442815994475152
vocseg,no_sharing,104.8696,7745.3122,4887.6258,48.9108,0.004,48.3799,2664.51,2857.6864,1775442815994475152
vocseg,no_sharing,104.8806,7734.3481,4887.6258,48.9108,0.004,48.3799,2653.5401,2846.7223,1775442815994475152
vocseg,no_sharing,104.8966,7718.3373,4887.6258,48.9108,0.004,48.3799,2637.5241,2830.7115,1775442815994475152
vocseg,no_sharing,104.9343,7680.6374,4887.6258,48.9108,0.004,48.3799,2599.8194,2793.0116,1775442815994475152
vocseg,no_sharing,104.941,7674.0057,4887.6258,48.9108,0.004,48.3799,2593.1828,2786.38,1775442815994475152
vocseg,no_sharing,104.9829,7632.1058,4887.6258,48.9108,0.004,48.3799,2551.2772,2744.48,1775442815994475152
vocseg,no_sharing,105.2761,7338.9361,4887.6258,48.9108,0.004,48.3799,2258.1022,2451.3103,1775442815994475152
vocseg,no_sharing,105.2819,7373.4658,4887.6258,48.9108,0.004,48.3799,2252.2948,2485.84,1775442815994475152
vocseg,no_sharing,105.3175,7350.848,4887.6258,48.9108,0.004,48.3799,2216.6817,2463.2222,1775442815994475152
vocseg,no_sharing,105.3961,7272.2666,4887.6258,48.9108,0.004,48.3799,2138.0801,2384.6408,1775442815994475152
vocseg,no_sharing,105.4071,7261.2979,4887.6258,48.9108,0.004,48.3799,2127.1019,2373.6722,1775442815994475152
vocseg,no_sharing,105.4533,7215.1062,4887.6258,48.9108,0.004,48.3799,2080.8988,2327.4805,1775442815994475152
vocseg,no_sharing,105.6588,7009.589,4887.6258,48.9108,0.004,48.3799,1875.3707,2121.9632,1775442815994475152
vocseg,no_sharing,105.6954,6972.9536,4887.6258,48.9108,0.004,48.3799,1838.7249,2085.3278,1775442815994475152
vocseg,no_sharing,105.7137,6954.7145,4887.6258,48.9108,0.004,48.3799,1820.4758,2067.0888,1775442815994475152
vocseg,no_sharing,105.7709,6897.4845,4887.6258,48.9108,0.004,48.3799,1763.2365,2009.8588,1775442815994475152
vocseg,no_sharing,105.8539,6814.5566,4887.6258,48.9108,0.004,48.3799,1680.2988,1926.9308,1775442815994475152
vocseg,no_sharing,105.856,6972.0969,4887.6258,48.9108,0.004,48.3799,1678.1256,2084.4711,1775442815994475152
vocseg,no_sharing,105.8884,6939.7423,4887.6258,48.9108,0.004,48.3799,1645.7551,2052.1165,1775442815994475152
vocseg,no_sharing,105.8921,6975.9898,4887.6258,48.9108,0.004,48.3799,1642.0822,2088.364,1775442815994475152
vocseg,no_sharing,105.8969,6971.2276,4887.6258,48.9108,0.004,48.3799,1637.3048,2083.6019,1775442815994475152
vocseg,no_sharing,105.9461,6921.9611,4887.6258,48.9108,0.004,48.3799,1588.0191,2034.3353,1775442815994475152
vocseg,no_sharing,105.9838,6884.3486,4887.6258,48.9108,0.004,48.3799,1550.3917,1996.7228,1775442815994475152
vocseg,no_sharing,106.017,6851.09,4887.6258,48.9108,0.004,48.3799,1517.1254,1963.4642,1775442815994475152
vocseg,no_sharing,106.0443,6823.8428,4887.6258,48.9108,0.004,48.3799,1489.861,1936.217,1775442815994475152
vocseg,no_sharing,106.1109,6757.2901,4887.6258,48.9108,0.004,48.3799,1423.2914,1869.6643,1775442815994475152
vocseg,no_sharing,106.1175,6750.6564,4887.6258,48.9108,0.004,48.3799,1416.6503,1863.0306,1775442815994475152
vocseg,no_sharing,106.1469,6721.2636,4887.6258,48.9108,0.004,48.3799,1387.2406,1833.6379,1775442815994475152
vocseg,no_sharing,106.2015,6666.666,4887.6258,48.9108,0.004,48.3799,1332.628,1779.0402,1775442815994475152
vocseg,no_sharing,106.3012,6566.9916,4887.6258,48.9108,0.004,48.3799,1232.9464,1679.3658,1775442815994475152
vocseg,no_sharing,106.3037,6564.4851,4887.6258,48.9108,0.004,48.3799,1230.4244,1676.8593,1775442815994475152
vocseg,no_sharing,106.456,6412.2689,4887.6258,48.9108,0.004,48.3799,1078.1934,1524.6431,1775442815994475152
vocseg,no_sharing,106.4881,6380.1525,4887.6258,48.9108,0.004,48.3799,1046.0691,1492.5267,1775442815994475152
vocseg,no_sharing,106.5973,6270.9498,4887.6258,48.9108,0.004,48.3799,936.8508,1383.3241,1775442815994475152
vocseg,no_sharing,106.6732,6195.0421,4887.6258,48.9108,0.004,48.3799,860.9273,1307.4164,1775442815994475152
vocseg,no_sharing,106.6964,6171.8972,4887.6258,48.9108,0.004,48.3799,837.775,1284.2714,1775442815994475152
vocseg,no_sharing,106.7065,6161.746,4887.6258,48.9108,0.004,48.3799,827.6098,1274.1202,1775442815994475152
vocseg,no_sharing,106.7096,6158.6576,4887.6258,48.9108,0.004,48.3799,824.5065,1271.0318,1775442815994475152
vocseg,no_sharing,106.7218,6146.549,4887.6258,48.9108,0.004,48.3799,812.3822,1258.9232,1775442815994475152
vocseg,no_sharing,106.7601,6108.2356,4887.6258,48.9108,0.004,48.3799,774.0617,1220.6098,1775442815994475152
vocseg,no_sharing,106.8337,6034.6718,4887.6258,48.9108,0.004,48.3799,700.4833,1147.046,1775442815994475152
vocseg,no_sharing,106.846,6283.1798,4887.6258,48.9108,0.004,48.3799,688.1704,1395.554,1775442815994475152
vocseg,no_sharing,106.8542,6274.9879,4887.6258,48.9108,0.004,48.3799,679.9614,1387.3622,1775442815994475152
vocseg,no_sharing,106.8775,6251.682,4887.6258,48.9108,0.004,48.3799,656.6474,1364.0563,1775442815994475152
vocseg,no_sharing,106.8796,10654.7163,4847.9252,45.717,0.0038,48.017,5796.4346,5806.7911,1775442821136345069
vocseg,no_sharing,106.9852,10558.0924,4847.9252,45.717,0.0038,48.017,5690.8665,5710.1672,1775442821136345069
vocseg,no_sharing,107.0164,10526.8524,4847.9252,45.717,0.0038,48.017,5659.6172,5678.9272,1775442821136345069
vocseg,no_sharing,107.0206,10545.4969,4847.9252,45.717,0.0038,48.017,5655.4179,5697.5718,1775442821136345069
vocseg,no_sharing,107.1043,10461.7703,4847.9252,45.717,0.0038,48.017,5571.6803,5613.8451,1775442821136345069
vocseg,no_sharing,107.1469,10419.2314,4847.9252,45.717,0.0038,48.017,5529.1348,5571.3062,1775442821136345069
vocseg,no_sharing,107.2172,10348.9382,4847.9252,45.717,0.0038,48.017,5458.8361,5501.0131,1775442821136345069
vocseg,no_sharing,107.2475,10318.6007,4847.9252,45.717,0.0038,48.017,5428.4921,5470.6755,1775442821136345069
vocseg,no_sharing,107.3695,10257.7596,4847.9252,45.717,0.0038,48.017,5306.5696,5409.8344,1775442821136345069
vocseg,no_sharing,107.4211,10206.0814,4847.9252,45.717,0.0038,48.017,5254.8778,5358.1562,1775442821136345069
vocseg,no_sharing,107.4696,10157.6207,4847.9252,45.717,0.0038,48.017,5206.4085,5309.6955,1775442821136345069
vocseg,no_sharing,107.5377,10089.5097,4847.9252,45.717,0.0038,48.017,5138.2873,5241.5846,1775442821136345069
vocseg,no_sharing,107.5378,10089.4978,4847.9252,45.717,0.0038,48.017,5138.2675,5241.5726,1775442821136345069
vocseg,no_sharing,107.5378,10089.4988,4847.9252,45.717,0.0038,48.017,5138.2604,5241.5736,1775442821136345069
vocseg,no_sharing,107.5378,10089.4997,4847.9252,45.717,0.0038,48.017,5138.2542,5241.5745,1775442821136345069
vocseg,no_sharing,107.7539,9873.3797,4847.9252,45.717,0.0038,48.017,4922.1268,5025.4545,1775442821136345069
vocseg,no_sharing,107.7539,9873.364,4847.9252,45.717,0.0038,48.017,4922.1041,5025.4388,1775442821136345069
vocseg,no_sharing,107.7539,9873.3637,4847.9252,45.717,0.0038,48.017,4922.0963,5025.4386,1775442821136345069
vocseg,no_sharing,107.7539,9873.3649,4847.9252,45.717,0.0038,48.017,4922.0898,5025.4398,1775442821136345069
vocseg,no_sharing,107.7539,9873.3654,4847.9252,45.717,0.0038,48.017,4922.0836,5025.4402,1775442821136345069
vocseg,no_sharing,108.0077,9619.657,4847.9252,45.717,0.0038,48.017,4668.3674,4771.7319,1775442821136345069
vocseg,no_sharing,108.0077,9774.4462,4847.9252,45.717,0.0038,48.017,4668.3598,4926.5211,1775442821136345069
vocseg,no_sharing,108.0077,9798.5032,4847.9252,45.717,0.0038,48.017,4668.3538,4950.578,1775442821136345069
vocseg,no_sharing,108.0711,9735.0888,4847.9252,45.717,0.0038,48.017,4604.9249,4887.1637,1775442821136345069
vocseg,no_sharing,108.0748,9731.4332,4847.9252,45.717,0.0038,48.017,4601.2592,4883.508,1775442821136345069
vocseg,no_sharing,108.1397,9666.5525,4847.9252,45.717,0.0038,48.017,4536.3688,4818.6274,1775442821136345069
vocseg,no_sharing,108.2404,9565.7744,4847.9252,45.717,0.0038,48.017,4435.5812,4717.8493,1775442821136345069
vocseg,no_sharing,108.2721,9534.1263,4847.9252,45.717,0.0038,48.017,4403.9242,4686.2011,1775442821136345069
vocseg,no_sharing,108.2807,9525.4982,4847.9252,45.717,0.0038,48.017,4395.2868,4677.573,1775442821136345069
vocseg,no_sharing,108.2849,9521.3132,4847.9252,45.717,0.0038,48.017,4391.0925,4673.388,1775442821136345069
vocseg,no_sharing,108.3016,9504.6945,4847.9252,45.717,0.0038,48.017,4374.4652,4656.7693,1775442821136345069
vocseg,no_sharing,108.3734,9432.8165,4847.9252,45.717,0.0038,48.017,4302.5784,4584.8913,1775442821136345069
vocseg,no_sharing,108.3901,9416.1735,4847.9252,45.717,0.0038,48.017,4285.9271,4568.2483,1775442821136345069
vocseg,no_sharing,108.4508,9355.5155,4847.9252,45.717,0.0038,48.017,4225.26,4507.5903,1775442821136345069
vocseg,no_sharing,108.4545,9351.7778,4847.9252,45.717,0.0038,48.017,4221.5137,4503.8526,1775442821136345069
vocseg,no_sharing,108.6069,9199.3997,4847.9252,45.717,0.0038,48.017,4069.1266,4351.4745,1775442821136345069
vocseg,no_sharing,108.6088,9197.5257,4847.9252,45.717,0.0038,48.017,4067.2436,4349.6006,1775442821136345069
vocseg,no_sharing,108.6104,9195.8985,4847.9252,45.717,0.0038,48.017,4065.6085,4347.9734,1775442821136345069
vocseg,no_sharing,108.6141,9192.2388,4847.9252,45.717,0.0038,48.017,4061.9402,4344.3136,1775442821136345069
vocseg,no_sharing,108.6678,9138.582,4847.9252,45.717,0.0038,48.017,4008.2746,4290.6568,1775442821136345069
vocseg,no_sharing,108.7051,9101.2189,4847.9252,45.717,0.0038,48.017,3970.9027,4253.2938,1775442821136345069
vocseg,no_sharing,108.7834,9022.9301,4847.9252,45.717,0.0038,48.017,3892.6051,4175.005,1775442821136345069
vocseg,no_sharing,108.7941,9012.2426,4847.9252,45.717,0.0038,48.017,3881.9106,4164.3174,1775442821136345069
vocseg,no_sharing,108.8811,8925.2386,4847.9252,45.717,0.0038,48.017,3794.8985,4077.3134,1775442821136345069
vocseg,no_sharing,108.8877,8918.6318,4847.9252,45.717,0.0038,48.017,3788.2838,4070.7066,1775442821136345069
vocseg,no_sharing,109.0634,8743.0296,4847.9252,45.717,0.0038,48.017,3612.6719,3895.1044,1775442821136345069
vocseg,no_sharing,109.0888,8717.5534,4847.9252,45.717,0.0038,48.017,3587.1878,3869.6282,1775442821136345069
vocseg,no_sharing,109.0986,8707.8028,4847.9252,45.717,0.0038,48.017,3577.4281,3859.8776,1775442821136345069
vocseg,no_sharing,109.1043,8702.1105,4847.9252,45.717,0.0038,48.017,3571.7285,3854.1854,1775442821136345069
vocseg,no_sharing,109.1176,8688.767,4847.9252,45.717,0.0038,48.017,3558.377,3840.8418,1775442821136345069
vocseg,no_sharing,109.2151,8591.305,4847.9252,45.717,0.0038,48.017,3460.907,3743.3798,1775442821136345069
vocseg,no_sharing,109.2599,8546.5815,4847.9252,45.717,0.0038,48.017,3416.1756,3698.6563,1775442821136345069
vocseg,no_sharing,109.2881,8747.6091,4847.9252,45.717,0.0038,48.017,3387.9428,3899.684,1775442821136345069
vocseg,no_sharing,109.3217,8714.0036,4847.9252,45.717,0.0038,48.017,3354.3034,3866.0784,1775442821136345069
vocseg,no_sharing,109.3323,8703.4118,4847.9252,45.717,0.0038,48.017,3343.7002,3855.4866,1775442821136345069
vocseg,no_sharing,109.393,8702.5013,4847.9252,45.717,0.0038,48.017,3283.0637,3854.5761,1775442821136345069
vocseg,no_sharing,109.4126,8682.8861,4847.9252,45.717,0.0038,48.017,3263.4323,3834.961,1775442821136345069
vocseg,no_sharing,109.4901,8605.3913,4847.9252,45.717,0.0038,48.017,3185.93,3757.4661,1775442821136345069
vocseg,no_sharing,109.4917,8603.761,4847.9252,45.717,0.0038,48.017,3184.2923,3755.8358,1775442821136345069
vocseg,no_sharing,109.4943,8601.1562,4847.9252,45.717,0.0038,48.017,3181.6807,3753.2311,1775442821136345069
vocseg,no_sharing,109.496,8599.5164,4847.9252,45.717,0.0038,48.017,3180.0342,3751.5912,1775442821136345069
vocseg,no_sharing,109.5006,8594.8803,4847.9252,45.717,0.0038,48.017,3175.3902,3746.9552,1775442821136345069
vocseg,no_sharing,109.5044,8591.0959,4847.9252,45.717,0.0038,48.017,3171.5982,3743.1708,1775442821136345069
vocseg,no_sharing,109.5421,8553.4582,4847.9252,45.717,0.0038,48.017,3133.9533,3705.533,1775442821136345069
vocseg,no_sharing,109.5758,8519.7377,4847.9252,45.717,0.0038,48.017,3100.2262,3671.8126,1775442821136345069
vocseg,no_sharing,109.6342,8461.3292,4847.9252,45.717,0.0038,48.017,3041.8098,3613.4041,1775442821136345069
vocseg,no_sharing,109.707,8388.5901,4847.9252,45.717,0.0038,48.017,2969.0638,3540.6649,1775442821136345069
vocseg,no_sharing,109.7146,8380.9941,4847.9252,45.717,0.0038,48.017,2961.4611,3533.0689,1775442821136345069
vocseg,no_sharing,109.7162,8379.3657,4847.9252,45.717,0.0038,48.017,2959.826,3531.4405,1775442821136345069
vocseg,no_sharing,109.7524,8343.1373,4847.9252,45.717,0.0038,48.017,2923.5904,3495.2121,1775442821136345069
vocseg,no_sharing,109.7751,8320.5266,4847.9252,45.717,0.0038,48.017,2900.9733,3472.6014,1775442821136345069
vocseg,no_sharing,109.9211,8174.511,4847.9252,45.717,0.0038,48.017,2754.9505,3326.5858,1775442821136345069
vocseg,no_sharing,109.9768,8118.8309,4847.9252,45.717,0.0038,48.017,2699.2636,3270.9058,1775442821136345069
vocseg,no_sharing,109.9814,8114.2015,4847.9252,45.717,0.0038,48.017,2694.6278,3266.2764,1775442821136345069
vocseg,no_sharing,110.0231,8072.5029,4847.9252,45.717,0.0038,48.017,2652.9229,3224.5777,1775442821136345069
vocseg,no_sharing,110.0428,8052.8607,4847.9252,45.717,0.0038,48.017,2633.2748,3204.9356,1775442821136345069
vocseg,no_sharing,110.1445,7951.1268,4847.9252,45.717,0.0038,48.017,2531.5344,3103.2016,1775442821136345069
vocseg,no_sharing,110.2058,7889.8549,4847.9252,45.717,0.0038,48.017,2470.2556,3041.9297,1775442821136345069
vocseg,no_sharing,110.2058,7889.8494,4847.9252,45.717,0.0038,48.017,2470.2437,3041.9243,1775442821136345069
vocseg,no_sharing,110.2376,7858.0213,4847.9252,45.717,0.0038,48.017,2438.4091,3010.0961,1775442821136345069
vocseg,no_sharing,110.3873,7708.3249,4847.9252,45.717,0.0038,48.017,2288.7053,2860.3997,1775442821136345069
vocseg,no_sharing,110.5153,7580.38,4847.9252,45.717,0.0038,48.017,2160.753,2732.4548,1775442821136345069
vocseg,no_sharing,110.5379,7557.7376,4847.9252,45.717,0.0038,48.017,2138.104,2709.8124,1775442821136345069
vocseg,no_sharing,110.6913,7404.4089,4847.9252,45.717,0.0038,48.017,1984.7684,2556.4838,1775442821136345069
vocseg,no_sharing,110.707,7388.6244,4847.9252,45.717,0.0038,48.017,1968.9765,2540.6993,1775442821136345069
vocseg,no_sharing,110.7753,7320.3704,4847.9252,45.717,0.0038,48.017,1900.7154,2472.4453,1775442821136345069
vocseg,no_sharing,110.8286,7267.0841,4847.9252,45.717,0.0038,48.017,1847.4226,2419.159,1775442821136345069
vocseg,no_sharing,110.8312,7264.4758,4847.9252,45.717,0.0038,48.017,1844.7819,2416.5507,1775442821136345069
vocseg,no_sharing,110.9332,7162.5578,4847.9252,45.717,0.0038,48.017,1742.8539,2314.6327,1775442821136345069
vocseg,no_sharing,110.9975,7098.28,4847.9252,45.717,0.0038,48.017,1678.5688,2250.3548,1775442821136345069
vocseg,no_sharing,111.0361,7059.6311,4847.9252,45.717,0.0038,48.017,1639.9136,2211.7059,1775442821136345069
vocseg,no_sharing,111.126,6969.7704,4847.9252,45.717,0.0038,48.017,1550.0464,2121.8453,1775442821136345069
vocseg,no_sharing,111.1686,6927.1617,4847.9252,45.717,0.0038,48.017,1507.432,2079.2365,1775442821136345069
vocseg,no_sharing,111.2352,6860.517,4847.9252,45.717,0.0038,48.017,1440.7818,2012.5919,1775442821136345069
vocseg,no_sharing,111.2549,6840.8785,4847.9252,45.717,0.0038,48.017,1421.1376,1992.9533,1775442821136345069
vocseg,no_sharing,111.3095,6786.263,4847.9252,45.717,0.0038,48.017,1366.5164,1938.3378,1775442821136345069
vocseg,no_sharing,111.3121,6783.6378,4847.9252,45.717,0.0038,48.017,1363.8854,1935.7126,1775442821136345069
vocseg,no_sharing,111.3158,6780.0024,4847.9252,45.717,0.0038,48.017,1360.2438,1932.0772,1775442821136345069
vocseg,no_sharing,111.3304,6765.3973,4847.9252,45.717,0.0038,48.017,1345.6326,1917.4721,1775442821136345069
vocseg,no_sharing,111.3863,6709.4591,4847.9252,45.717,0.0038,48.017,1289.6876,1861.5339,1775442821136345069
vocseg,no_sharing,111.425,11170.3954,4859.9758,45.0565,0.0035,48.1423,6299.932,6310.4196,1775442826185240409
vocseg,no_sharing,111.4704,11129.8227,4859.9758,45.0565,0.0035,48.1423,6254.5462,6269.847,1775442826185240409
vocseg,no_sharing,111.5043,11110.4169,4859.9758,45.0565,0.0035,48.1423,6220.6461,6250.4411,1775442826185240409
vocseg,no_sharing,111.6242,10990.5016,4859.9758,45.0565,0.0035,48.1423,6100.7032,6130.5259,1775442826185240409
vocseg,no_sharing,111.6242,11003.7694,4859.9758,45.0565,0.0035,48.1423,6100.6904,6143.7936,1775442826185240409
vocseg,no_sharing,111.7293,10908.0198,4859.9758,45.0565,0.0035,48.1423,5995.6453,6048.044,1775442826185240409
vocseg,no_sharing,111.795,10842.2744,4859.9758,45.0565,0.0035,48.1423,5929.8887,5982.2987,1775442826185240409
vocseg,no_sharing,111.8127,10824.6439,4859.9758,45.0565,0.0035,48.1423,5912.2508,5964.6681,1775442826185240409
vocseg,no_sharing,111.8143,10845.0866,4859.9758,45.0565,0.0035,48.1423,5910.6147,5985.1108,1775442826185240409
vocseg,no_sharing,111.9066,10752.7859,4859.9758,45.0565,0.0035,48.1423,5818.3057,5892.8102,1775442826185240409
vocseg,no_sharing,111.9153,10758.2555,4859.9758,45.0565,0.0035,48.1423,5809.659,5898.2797,1775442826185240409
vocseg,no_sharing,111.9742,10699.3361,4859.9758,45.0565,0.0035,48.1423,5750.7303,5839.3603,1775442826185240409
vocseg,no_sharing,112.1172,10556.3598,4859.9758,45.0565,0.0035,48.1423,5607.7476,5696.384,1775442826185240409
vocseg,no_sharing,112.1822,10491.2953,4859.9758,45.0565,0.0035,48.1423,5542.6772,5631.3196,1775442826185240409
vocseg,no_sharing,112.2551,10418.4377,4859.9758,45.0565,0.0035,48.1423,5469.8079,5558.4619,1775442826185240409
vocseg,no_sharing,112.26,10453.4402,4859.9758,45.0565,0.0035,48.1423,5464.9529,5593.4644,1775442826185240409
vocseg,no_sharing,112.3011,10412.2832,4859.9758,45.0565,0.0035,48.1423,5423.7862,5552.3074,1775442826185240409
vocseg,no_sharing,112.3269,10386.5519,4859.9758,45.0565,0.0035,48.1423,5398.0482,5526.5761,1775442826185240409
vocseg,no_sharing,112.331,10406.2209,4859.9758,45.0565,0.0035,48.1423,5393.913,5546.2451,1775442826185240409
vocseg,no_sharing,112.3683,10368.9215,4859.9758,45.0565,0.0035,48.1423,5356.6027,5508.9457,1775442826185240409
vocseg,no_sharing,112.3935,10343.729,4859.9758,45.0565,0.0035,48.1423,5331.4028,5483.7532,1775442826185240409
vocseg,no_sharing,112.3997,10337.5893,4859.9758,45.0565,0.0035,48.1423,5325.2568,5477.6135,1775442826185240409
vocseg,no_sharing,112.487,10250.3095,4859.9758,45.0565,0.0035,48.1423,5237.9689,5390.3337,1775442826185240409
vocseg,no_sharing,112.5245,10212.775,4859.9758,45.0565,0.0035,48.1423,5200.4268,5352.7992,1775442826185240409
vocseg,no_sharing,112.5245,10212.7693,4859.9758,45.0565,0.0035,48.1423,5200.4135,5352.7935,1775442826185240409
vocseg,no_sharing,112.6114,10125.845,4859.9758,45.0565,0.0035,48.1423,5113.4808,5265.8692,1775442826185240409
vocseg,no_sharing,112.6115,10125.8337,4859.9758,45.0565,0.0035,48.1423,5113.4627,5265.858,1775442826185240409
vocseg,no_sharing,112.8279,9980.7229,4859.9758,45.0565,0.0035,48.1423,4897.0344,5120.7471,1775442826185240409
vocseg,no_sharing,112.8279,9980.7236,4859.9758,45.0565,0.0035,48.1423,4897.018,5120.7478,1775442826185240409
vocseg,no_sharing,112.8279,9980.7284,4859.9758,45.0565,0.0035,48.1423,4897.0106,5120.7526,1775442826185240409
vocseg,no_sharing,112.8279,9980.7329,4859.9758,45.0565,0.0035,48.1423,4897.0008,5120.7571,1775442826185240409
vocseg,no_sharing,112.8279,9980.7379,4859.9758,45.0565,0.0035,48.1423,4896.9946,5120.7622,1775442826185240409
vocseg,no_sharing,112.8279,10022.3157,4859.9758,45.0565,0.0035,48.1423,4896.9889,5162.34,1775442826185240409
vocseg,no_sharing,112.8279,10022.3274,4859.9758,45.0565,0.0035,48.1423,4896.9827,5162.3517,1775442826185240409
vocseg,no_sharing,113.1952,9655.0395,4859.9758,45.0565,0.0035,48.1423,4529.6814,4795.0638,1775442826185240409
vocseg,no_sharing,113.1953,9655.0381,4859.9758,45.0565,0.0035,48.1423,4529.6681,4795.0623,1775442826185240409
vocseg,no_sharing,113.1953,9655.0434,4859.9758,45.0565,0.0035,48.1423,4529.6619,4795.0676,1775442826185240409
vocseg,no_sharing,113.1953,9655.0496,4859.9758,45.0565,0.0035,48.1423,4529.6569,4795.0738,1775442826185240409
vocseg,no_sharing,113.1953,9655.0546,4859.9758,45.0565,0.0035,48.1423,4529.6519,4795.0788,1775442826185240409
vocseg,no_sharing,113.1953,9655.0584,4859.9758,45.0565,0.0035,48.1423,4529.6471,4795.0826,1775442826185240409
vocseg,no_sharing,113.1953,9655.0622,4859.9758,45.0565,0.0035,48.1423,4529.6421,4795.0864,1775442826185240409
vocseg,no_sharing,113.1953,9655.0674,4859.9758,45.0565,0.0035,48.1423,4529.6371,4795.0917,1775442826185240409
vocseg,no_sharing,113.1953,9655.0727,4859.9758,45.0565,0.0035,48.1423,4529.6321,4795.0969,1775442826185240409
vocseg,no_sharing,113.1953,9655.0767,4859.9758,45.0565,0.0035,48.1423,4529.6261,4795.101,1775442826185240409
vocseg,no_sharing,113.1953,9655.0806,4859.9758,45.0565,0.0035,48.1423,4529.6211,4795.1048,1775442826185240409
vocseg,no_sharing,113.2209,9629.5393,4859.9758,45.0565,0.0035,48.1423,4504.0689,4769.5635,1775442826185240409
vocseg,no_sharing,113.2301,9620.2731,4859.9758,45.0565,0.0035,48.1423,4494.7917,4760.2973,1775442826185240409
vocseg,no_sharing,113.2361,9614.3126,4859.9758,45.0565,0.0035,48.1423,4488.8215,4754.3369,1775442826185240409
vocseg,no_sharing,113.2777,9663.6615,4859.9758,45.0565,0.0035,48.1423,4447.1867,4803.6857,1775442826185240409
vocseg,no_sharing,113.3804,9560.9891,4859.9758,45.0565,0.0035,48.1423,4344.5024,4701.0134,1775442826185240409
vocseg,no_sharing,113.3987,9542.68,4859.9758,45.0565,0.0035,48.1423,4326.1857,4682.7043,1775442826185240409
vocseg,no_sharing,113.4193,9522.0759,4859.9758,45.0565,0.0035,48.1423,4305.5747,4662.1001,1775442826185240409
vocseg,no_sharing,113.4953,9446.111,4859.9758,45.0565,0.0035,48.1423,4229.6028,4586.1352,1775442826185240409
vocseg,no_sharing,113.518,9423.4743,4859.9758,45.0565,0.0035,48.1423,4206.9592,4563.4985,1775442826185240409
vocseg,no_sharing,113.5834,9358.0244,4859.9758,45.0565,0.0035,48.1423,4141.5017,4498.0486,1775442826185240409
vocseg,no_sharing,113.6724,9269.0775,4859.9758,45.0565,0.0035,48.1423,4052.5467,4409.1018,1775442826185240409
vocseg,no_sharing,113.677,9264.4386,4859.9758,45.0565,0.0035,48.1423,4047.9016,4404.4629,1775442826185240409
vocseg,no_sharing,113.698,9288.7759,4859.9758,45.0565,0.0035,48.1423,4026.9382,4428.8002,1775442826185240409
vocseg,no_sharing,113.7282,9258.5604,4859.9758,45.0565,0.0035,48.1423,3996.7074,4398.5846,1775442826185240409
vocseg,no_sharing,113.7329,9253.8922,4859.9758,45.0565,0.0035,48.1423,3992.0297,4393.9164,1775442826185240409
vocseg,no_sharing,113.7991,9187.7294,4859.9758,45.0565,0.0035,48.1423,3925.859,4327.7536,1775442826185240409
vocseg,no_sharing,113.8484,9138.4051,4859.9758,45.0565,0.0035,48.1423,3876.5259,4278.4293,1775442826185240409
vocseg,no_sharing,113.932,9054.7783,4859.9758,45.0565,0.0035,48.1423,3792.8915,4194.8026,1775442826185240409
vocseg,no_sharing,113.9857,9001.0824,4859.9758,45.0565,0.0035,48.1423,3739.1889,4141.1067,1775442826185240409
vocseg,no_sharing,114.0432,8943.6109,4859.9758,45.0565,0.0035,48.1423,3681.7098,4083.6351,1775442826185240409
vocseg,no_sharing,114.1426,8844.2221,4859.9758,45.0565,0.0035,48.1423,3582.3131,3984.2463,1775442826185240409
vocseg,no_sharing,114.1493,8837.5745,4859.9758,45.0565,0.0035,48.1423,3575.6586,3977.5987,1775442826185240409
vocseg,no_sharing,114.166,8820.8132,4859.9758,45.0565,0.0035,48.1423,3558.8901,3960.8374,1775442826185240409
vocseg,no_sharing,114.2004,8786.4223,4859.9758,45.0565,0.0035,48.1423,3524.4923,3926.4465,1775442826185240409
vocseg,no_sharing,114.2081,8778.7418,4859.9758,45.0565,0.0035,48.1423,3516.8056,3918.7661,1775442826185240409
vocseg,no_sharing,114.2676,8719.2886,4859.9758,45.0565,0.0035,48.1423,3457.3457,3859.3128,1775442826185240409
vocseg,no_sharing,114.3277,8659.2,4859.9758,45.0565,0.0035,48.1423,3397.2502,3799.2242,1775442826185240409
vocseg,no_sharing,114.3863,8600.5483,4859.9758,45.0565,0.0035,48.1423,3338.5925,3740.5725,1775442826185240409
vocseg,no_sharing,114.392,8594.8751,4859.9758,45.0565,0.0035,48.1423,3332.9134,3734.8993,1775442826185240409
vocseg,no_sharing,114.435,8551.9156,4859.9758,45.0565,0.0035,48.1423,3289.9468,3691.9399,1775442826185240409
vocseg,no_sharing,114.4436,8543.2994,4859.9758,45.0565,0.0035,48.1423,3281.3241,3683.3237,1775442826185240409
vocseg,no_sharing,114.4513,8535.6116,4859.9758,45.0565,0.0035,48.1423,3273.6306,3675.6359,1775442826185240409
vocseg,no_sharing,114.563,8423.9135,4859.9758,45.0565,0.0035,48.1423,3161.9265,3563.9377,1775442826185240409
vocseg,no_sharing,114.7159,8270.9773,4859.9758,45.0565,0.0035,48.1423,3008.9843,3411.0015,1775442826185240409
vocseg,no_sharing,114.7414,8245.4841,4859.9758,45.0565,0.0035,48.1423,2983.484,3385.5083,1775442826185240409
vocseg,no_sharing,114.8482,8138.7448,4859.9758,45.0565,0.0035,48.1423,2876.7385,3278.7691,1775442826185240409
vocseg,no_sharing,114.8885,8098.453,4859.9758,45.0565,0.0035,48.1423,2836.4403,3238.4773,1775442826185240409
vocseg,no_sharing,114.9472,8039.7799,4859.9758,45.0565,0.0035,48.1423,2777.7612,3179.8041,1775442826185240409
vocseg,no_sharing,115.1764,7810.5567,4859.9758,45.0565,0.0035,48.1423,2548.5322,2950.5809,1775442826185240409
vocseg,no_sharing,115.1764,7869.0279,4859.9758,45.0565,0.0035,48.1423,2548.517,3009.0521,1775442826185240409
vocseg,no_sharing,115.1795,7865.9561,4859.9758,45.0565,0.0035,48.1423,2545.4333,3005.9803,1775442826185240409
vocseg,no_sharing,115.1811,7864.3179,4859.9758,45.0565,0.0035,48.1423,2543.7863,3004.3421,1775442826185240409
vocseg,no_sharing,115.2614,7784.0111,4859.9758,45.0565,0.0035,48.1423,2463.4736,2924.0354,1775442826185240409
vocseg,no_sharing,115.4169,7628.5231,4859.9758,45.0565,0.0035,48.1423,2307.9774,2768.5473,1775442826185240409
vocseg,no_sharing,115.4337,7611.7637,4859.9758,45.0565,0.0035,48.1423,2291.2109,2751.7879,1775442826185240409
vocseg,no_sharing,115.4806,7564.9173,4859.9758,45.0565,0.0035,48.1423,2244.3573,2704.9416,1775442826185240409
vocseg,no_sharing,115.5255,7520.0098,4859.9758,45.0565,0.0035,48.1423,2199.4429,2660.034,1775442826185240409
vocseg,no_sharing,115.5347,7510.7622,4859.9758,45.0565,0.0035,48.1423,2190.1884,2650.7864,1775442826185240409
vocseg,no_sharing,115.5794,7466.1427,4859.9758,45.0565,0.0035,48.1423,2145.5626,2606.1669,1775442826185240409
vocseg,no_sharing,115.7075,7337.9776,4859.9758,45.0565,0.0035,48.1423,2017.3905,2478.0019,1775442826185240409
vocseg,no_sharing,115.7392,7306.3436,4859.9758,45.0565,0.0035,48.1423,1985.7504,2446.3678,1775442826185240409
vocseg,no_sharing,115.7778,7267.6842,4859.9758,45.0565,0.0035,48.1423,1947.0851,2407.7085,1775442826185240409
vocseg,no_sharing,115.7935,7252.0387,4859.9758,45.0565,0.0035,48.1423,1931.4337,2392.0629,1775442826185240409
vocseg,no_sharing,115.8131,7232.4011,4859.9758,45.0565,0.0035,48.1423,1911.7897,2372.4254,1775442826185240409
vocseg,no_sharing,115.8187,7226.789,4859.9758,45.0565,0.0035,48.1423,1906.1718,2366.8132,1775442826185240409
vocseg,no_sharing,116.0315,11535.1541,4692.5869,48.5175,0.0045,46.4336,6832.4363,6842.5672,1775442831324250184
vocseg,no_sharing,116.0577,11511.9538,4692.5869,48.5175,0.0045,46.4336,6806.1955,6819.367,1775442831324250184
vocseg,no_sharing,116.0985,11474.0431,4692.5869,48.5175,0.0045,46.4336,6765.4517,6781.4563,1775442831324250184
vocseg,no_sharing,116.2012,11374.2018,4692.5869,48.5175,0.0045,46.4336,6662.7483,6681.6149,1775442831324250184
vocseg,no_sharing,116.2555,11322.8261,4692.5869,48.5175,0.0045,46.4336,6608.479,6630.2393,1775442831324250184
vocseg,no_sharing,116.2661,11315.0525,4692.5869,48.5175,0.0045,46.4336,6597.8169,6622.4656,1775442831324250184
vocseg,no_sharing,116.2991,11287.6999,4692.5869,48.5175,0.0045,46.4336,6564.7817,6595.1131,1775442831324250184
vocseg,no_sharing,116.3038,11283.0918,4692.5869,48.5175,0.0045,46.4336,6560.1666,6590.5049,1775442831324250184
vocseg,no_sharing,116.409,11183.4691,4692.5869,48.5175,0.0045,46.4336,6454.8974,6490.8822,1775442831324250184
vocseg,no_sharing,116.4248,11167.7549,4692.5869,48.5175,0.0045,46.4336,6439.1758,6475.168,1775442831324250184
vocseg,no_sharing,116.4854,11113.0445,4692.5869,48.5175,0.0045,46.4336,6378.5527,6420.4576,1775442831324250184
vocseg,no_sharing,116.541,11057.385,4692.5869,48.5175,0.0045,46.4336,6322.8853,6364.7981,1775442831324250184
vocseg,no_sharing,116.6351,10972.4925,4692.5869,48.5175,0.0045,46.4336,6228.7931,6279.9056,1775442831324250184
vocseg,no_sharing,116.6408,10966.8174,4692.5869,48.5175,0.0045,46.4336,6223.1107,6274.2305,1775442831324250184
vocseg,no_sharing,116.6464,10961.2007,4692.5869,48.5175,0.0045,46.4336,6217.489,6268.6138,1775442831324250184
vocseg,no_sharing,116.6977,10918.2429,4692.5869,48.5175,0.0045,46.4336,6166.1885,6225.6561,1775442831324250184
vocseg,no_sharing,116.8859,10730.108,4692.5869,48.5175,0.0045,46.4336,5978.0421,6037.5211,1775442831324250184
vocseg,no_sharing,116.9272,10688.7698,4692.5869,48.5175,0.0045,46.4336,5936.6925,5996.1829,1775442831324250184
vocseg,no_sharing,116.9549,10670.3148,4692.5869,48.5175,0.0045,46.4336,5909.0602,5977.7279,1775442831324250184
vocseg,no_sharing,116.9606,10664.6099,4692.5869,48.5175,0.0045,46.4336,5903.3473,5972.023,1775442831324250184
vocseg,no_sharing,116.9829,10642.345,4692.5869,48.5175,0.0045,46.4336,5881.0763,5949.7581,1775442831324250184
vocseg,no_sharing,117.0032,10633.137,4692.5869,48.5175,0.0045,46.4336,5860.702,5940.5501,1775442831324250184
vocseg,no_sharing,117.0032,10633.1332,4692.5869,48.5175,0.0045,46.4336,5860.6901,5940.5463,1775442831324250184
vocseg,no_sharing,117.0325,10603.9236,4692.5869,48.5175,0.0045,46.4336,5831.4757,5911.3367,1775442831324250184
vocseg,no_sharing,117.0792,10557.1349,4692.5869,48.5175,0.0045,46.4336,5784.6825,5864.548,1775442831324250184
vocseg,no_sharing,117.1629,10487.6723,4692.5869,48.5175,0.0045,46.4336,5701.0782,5795.0854,1775442831324250184
vocseg,no_sharing,117.3184,10332.1486,4692.5869,48.5175,0.0045,46.4336,5545.5468,5639.5617,1775442831324250184
vocseg,no_sharing,117.3547,10295.862,4692.5869,48.5175,0.0045,46.4336,5509.2564,5603.2751,1775442831324250184
vocseg,no_sharing,117.3568,10293.7407,4692.5869,48.5175,0.0045,46.4336,5507.1311,5601.1539,1775442831324250184
vocseg,no_sharing,117.382,10279.8796,4692.5869,48.5175,0.0045,46.4336,5481.9212,5587.2927,1775442831324250184
vocseg,no_sharing,117.4143,10251.0495,4692.5869,48.5175,0.0045,46.4336,5449.6789,5558.4626,1775442831324250184
vocseg,no_sharing,117.4555,10209.8451,4692.5869,48.5175,0.0045,46.4336,5408.4673,5517.2582,1775442831324250184
vocseg,no_sharing,117.4686,10196.6889,4692.5869,48.5175,0.0045,46.4336,5395.3071,5504.102,1775442831324250184
vocseg,no_sharing,117.5345,10130.8534,4692.5869,48.5175,0.0045,46.4336,5329.4666,5438.2665,1775442831324250184
vocseg,no_sharing,117.7819,9896.961,4692.5869,48.5175,0.0045,46.4336,5082.0282,5204.3741,1775442831324250184
vocseg,no_sharing,117.7819,9900.053,4692.5869,48.5175,0.0045,46.4336,5082.0072,5207.4661,1775442831324250184
vocseg,no_sharing,117.7819,9900.053,4692.5869,48.5175,0.0045,46.4336,5081.9981,5207.4661,1775442831324250184
vocseg,no_sharing,117.7819,9900.0535,4692.5869,48.5175,0.0045,46.4336,5081.9926,5207.4666,1775442831324250184
vocseg,no_sharing,118.3266,9355.3891,4692.5869,48.5175,0.0045,46.4336,4537.3218,4662.8022,1775442831324250184
vocseg,no_sharing,118.3266,9355.381,4692.5869,48.5175,0.0045,46.4336,4537.3082,4662.7941,1775442831324250184
vocseg,no_sharing,118.3266,9369.6649,4692.5869,48.5175,0.0045,46.4336,4537.303,4677.078,1775442831324250184
vocseg,no_sharing,118.3266,9376.2548,4692.5869,48.5175,0.0045,46.4336,4537.2987,4683.6679,1775442831324250184
vocseg,no_sharing,118.3266,9376.261,4692.5869,48.5175,0.0045,46.4336,4537.2949,4683.6741,1775442831324250184
vocseg,no_sharing,118.3266,9376.2629,4692.5869,48.5175,0.0045,46.4336,4537.2908,4683.676,1775442831324250184
vocseg,no_sharing,118.3555,9347.4433,4692.5869,48.5175,0.0045,46.4336,4508.4653,4654.8565,1775442831324250184
vocseg,no_sharing,118.3849,9318.0168,4692.5869,48.5175,0.0045,46.4336,4479.033,4625.4299,1775442831324250184
vocseg,no_sharing,118.3869,9329.879,4692.5869,48.5175,0.0045,46.4336,4477.0367,4637.2922,1775442831324250184
vocseg,no_sharing,118.4031,9313.6663,4692.5869,48.5175,0.0045,46.4336,4460.8104,4621.0795,1775442831324250184
vocseg,no_sharing,118.5091,9216.1987,4692.5869,48.5175,0.0045,46.4336,4354.7955,4523.6118,1775442831324250184
vocseg,no_sharing,118.5329,9192.4045,4692.5869,48.5175,0.0045,46.4336,4330.9915,4499.8176,1775442831324250184
vocseg,no_sharing,118.5456,9179.7733,4692.5869,48.5175,0.0045,46.4336,4318.3539,4487.1865,1775442831324250184
vocseg,no_sharing,118.621,9104.3715,4692.5869,48.5175,0.0045,46.4336,4242.9457,4411.7847,1775442831324250184
vocseg,no_sharing,118.6279,9097.4669,4692.5869,48.5175,0.0045,46.4336,4236.0351,4404.8801,1775442831324250184
vocseg,no_sharing,118.6806,9058.7487,4692.5869,48.5175,0.0045,46.4336,4183.3696,4366.1618,1775442831324250184
vocseg,no_sharing,118.6863,9053.0357,4692.5869,48.5175,0.0045,46.4336,4177.6452,4360.4489,1775442831324250184
vocseg,no_sharing,118.7142,9025.1617,4692.5869,48.5175,0.0045,46.4336,4149.761,4332.5749,1775442831324250184
vocseg,no_sharing,118.7142,9037.0865,4692.5869,48.5175,0.0045,46.4336,4149.7483,4344.4996,1775442831324250184
vocseg,no_sharing,118.7187,9032.5441,4692.5869,48.5175,0.0045,46.4336,4145.1957,4339.9573,1775442831324250184
vocseg,no_sharing,118.8113,8939.9679,4692.5869,48.5175,0.0045,46.4336,4052.6116,4247.381,1775442831324250184
vocseg,no_sharing,118.8285,8922.8098,4692.5869,48.5175,0.0045,46.4336,4035.4478,4230.223,1775442831324250184
vocseg,no_sharing,118.8683,8882.9641,4692.5869,48.5175,0.0045,46.4336,3995.5957,4190.3773,1775442831324250184
vocseg,no_sharing,119.0777,8688.0817,4692.5869,48.5175,0.0045,46.4336,3786.2165,3995.4949,1775442831324250184
vocseg,no_sharing,119.1345,8631.2685,4692.5869,48.5175,0.0045,46.4336,3729.3937,3938.6816,1775442831324250184
vocseg,no_sharing,119.1736,8592.2203,4692.5869,48.5175,0.0045,46.4336,3690.3393,3899.6334,1775442831324250184
vocseg,no_sharing,119.2069,8558.9502,4692.5869,48.5175,0.0045,46.4336,3657.0635,3866.3633,1775442831324250184
vocseg,no_sharing,119.3025,8477.9816,4692.5869,48.5175,0.0045,46.4336,3561.4724,3785.3947,1775442831324250184
vocseg,no_sharing,119.3563,8424.1099,4692.5869,48.5175,0.0045,46.4336,3507.5879,3731.5231,1775442831324250184
vocseg,no_sharing,119.4308,8349.6995,4692.5869,48.5175,0.0045,46.4336,3433.1679,3657.1126,1775442831324250184
vocseg,no_sharing,119.5241,8256.3467,4692.5869,48.5175,0.0045,46.4336,3339.8087,3563.7598,1775442831324250184
vocseg,no_sharing,119.6144,8166.0671,4692.5869,48.5175,0.0045,46.4336,3249.5234,3473.4802,1775442831324250184
vocseg,no_sharing,119.6447,8153.0731,4692.5869,48.5175,0.0045,46.4336,3219.2054,3460.4862,1775442831324250184
vocseg,no_sharing,119.6966,8101.2454,4692.5869,48.5175,0.0045,46.4336,3167.362,3408.6585,1775442831324250184
vocseg,no_sharing,119.7195,8078.3672,4692.5869,48.5175,0.0045,46.4336,3144.474,3385.7804,1775442831324250184
vocseg,no_sharing,119.8988,7898.9961,4692.5869,48.5175,0.0045,46.4336,2965.0941,3206.4092,1775442831324250184
vocseg,no_sharing,119.9601,7837.7423,4692.5869,48.5175,0.0045,46.4336,2903.831,3145.1554,1775442831324250184
vocseg,no_sharing,119.9652,7846.7796,4692.5869,48.5175,0.0045,46.4336,2898.7463,3154.1927,1775442831324250184
vocseg,no_sharing,120.1133,7698.6365,4692.5869,48.5175,0.0045,46.4336,2750.5906,3006.0497,1775442831324250184
vocseg,no_sharing,120.121,7691.015,4692.5869,48.5175,0.0045,46.4336,2742.9595,2998.4281,1775442831324250184
vocseg,no_sharing,120.1948,7617.146,4692.5869,48.5175,0.0045,46.4336,2669.0814,2924.5591,1775442831324250184
vocseg,no_sharing,120.196,7616.0021,4692.5869,48.5175,0.0045,46.4336,2667.9289,2923.4152,1775442831324250184
vocseg,no_sharing,120.2069,7605.1314,4692.5869,48.5175,0.0045,46.4336,2657.0504,2912.5445,1775442831324250184
vocseg,no_sharing,120.2094,7620.2033,4692.5869,48.5175,0.0045,46.4336,2654.5529,2927.6164,1775442831324250184
vocseg,no_sharing,120.2181,7611.5003,4692.5869,48.5175,0.0045,46.4336,2645.8359,2918.9134,1775442831324250184
vocseg,no_sharing,120.2427,7586.8666,4692.5869,48.5175,0.0045,46.4336,2621.1934,2894.2797,1775442831324250184
vocseg,no_sharing,120.2576,7571.9936,4692.5869,48.5175,0.0045,46.4336,2606.3123,2879.4067,1775442831324250184
vocseg,no_sharing,120.4187,7410.8846,4692.5869,48.5175,0.0045,46.4336,2445.1952,2718.2977,1775442831324250184
vocseg,no_sharing,120.4225,7434.516,4692.5869,48.5175,0.0045,46.4336,2441.4716,2741.9291,1775442831324250184
vocseg,no_sharing,120.524,7332.953,4692.5869,48.5175,0.0045,46.4336,2339.891,2640.3661,1775442831324250184
vocseg,no_sharing,120.5549,7302.1019,4692.5869,48.5175,0.0045,46.4336,2309.0277,2609.515,1775442831324250184
vocseg,no_sharing,120.5631,7293.8945,4692.5869,48.5175,0.0045,46.4336,2300.8099,2601.3077,1775442831324250184
vocseg,no_sharing,120.5643,7292.691,4692.5869,48.5175,0.0045,46.4336,2299.5965,2600.1041,1775442831324250184
vocseg,no_sharing,120.5814,7275.6231,4692.5869,48.5175,0.0045,46.4336,2282.5172,2583.0362,1775442831324250184
vocseg,no_sharing,120.6021,7264.3483,4692.5869,48.5175,0.0045,46.4336,2261.8484,2571.7614,1775442831324250184
vocseg,no_sharing,120.6145,7251.9109,4692.5869,48.5175,0.0045,46.4336,2249.3913,2559.324,1775442831324250184
vocseg,no_sharing,120.6489,7217.5705,4692.5869,48.5175,0.0045,46.4336,2215.0369,2524.9837,1775442831324250184
vocseg,no_sharing,120.6578,7208.6911,4692.5869,48.5175,0.0045,46.4336,2206.1453,2516.1042,1775442831324250184
vocseg,no_sharing,120.7006,7165.8432,4692.5869,48.5175,0.0045,46.4336,2163.2864,2473.2564,1775442831324250184
vocseg,no_sharing,120.7135,7152.9703,4692.5869,48.5175,0.0045,46.4336,2150.4042,2460.3834,1775442831324250184
vocseg,no_sharing,120.8352,7031.9564,4692.5869,48.5175,0.0045,46.4336,2028.6818,2339.3696,1775442831324250184
vocseg,no_sharing,120.9112,6956.0065,4692.5869,48.5175,0.0045,46.4336,1952.7161,2263.4196,1775442831324250184
vocseg,no_sharing,120.9531,11599.8354,4708.5606,47.8265,0.0035,46.6023,6881.0599,6891.2748,1775442836294497034
vocseg,no_sharing,121.034,11521.9667,4708.5606,47.8265,0.0035,46.6023,6800.1614,6813.4061,1775442836294497034
vocseg,no_sharing,121.0701,11488.79,4708.5606,47.8265,0.0035,46.6023,6764.1263,6780.2295,1775442836294497034
vocseg,no_sharing,121.1392,11423.0795,4708.5606,47.8265,0.0035,46.6023,6694.9608,6714.5189,1775442836294497034
vocseg,no_sharing,121.1451,11423.7988,4708.5606,47.8265,0.0035,46.6023,6689.0941,6715.2382,1775442836294497034
vocseg,no_sharing,121.2066,11362.3004,4708.5606,47.8265,0.0035,46.6023,6627.5871,6653.7398,1775442836294497034
vocseg,no_sharing,121.2175,11357.0423,4708.5606,47.8265,0.0035,46.6023,6616.7259,6648.4818,1775442836294497034
vocseg,no_sharing,121.2253,11349.1647,4708.5606,47.8265,0.0035,46.6023,6608.84,6640.6042,1775442836294497034
vocseg,no_sharing,121.2958,11287.5154,4708.5606,47.8265,0.0035,46.6023,6538.3914,6578.9548,1775442836294497034
vocseg,no_sharing,121.3479,11235.4362,4708.5606,47.8265,0.0035,46.6023,6486.3045,6526.8756,1775442836294497034
vocseg,no_sharing,121.3485,11234.7858,4708.5606,47.8265,0.0035,46.6023,6485.6493,6526.2252,1775442836294497034
vocseg,no_sharing,121.3534,11238.775,4708.5606,47.8265,0.0035,46.6023,6480.8037,6530.2145,1775442836294497034
vocseg,no_sharing,121.3925,11199.6212,4708.5606,47.8265,0.0035,46.6023,6441.6394,6491.0606,1775442836294497034
vocseg,no_sharing,121.5206,11071.5938,4708.5606,47.8265,0.0035,46.6023,6313.6044,6363.0332,1775442836294497034
vocseg,no_sharing,121.5658,11035.3715,4708.5606,47.8265,0.0035,46.6023,6268.358,6326.811,1775442836294497034
vocseg,no_sharing,121.5737,11027.5366,4708.5606,47.8265,0.0035,46.6023,6260.5152,6318.9761,1775442836294497034
vocseg,no_sharing,121.5893,11011.9083,4708.5606,47.8265,0.0035,46.6023,6244.8828,6303.3477,1775442836294497034
vocseg,no_sharing,121.6542,10958.7741,4708.5606,47.8265,0.0035,46.6023,6179.9955,6250.2135,1775442836294497034
vocseg,no_sharing,121.7093,10903.6279,4708.5606,47.8265,0.0035,46.6023,6124.8379,6195.0673,1775442836294497034
vocseg,no_sharing,121.7175,10895.4549,4708.5606,47.8265,0.0035,46.6023,6116.6575,6186.8943,1775442836294497034
vocseg,no_sharing,121.7478,10865.2093,4708.5606,47.8265,0.0035,46.6023,6086.4048,6156.6488,1775442836294497034
vocseg,no_sharing,121.7526,10874.3727,4708.5606,47.8265,0.0035,46.6023,6081.5876,6165.8122,1775442836294497034
vocseg,no_sharing,121.8606,10766.4087,4708.5606,47.8265,0.0035,46.6023,5973.6142,6057.8481,1775442836294497034
vocseg,no_sharing,121.9528,10674.2008,4708.5606,47.8265,0.0035,46.6023,5881.4013,5965.6402,1775442836294497034
vocseg,no_sharing,122.1741,10452.9197,4708.5606,47.8265,0.0035,46.6023,5660.116,5744.3592,1775442836294497034
vocseg,no_sharing,122.2327,10394.2454,4708.5606,47.8265,0.0035,46.6023,5601.4364,5685.6848,1775442836294497034
vocseg,no_sharing,122.2923,10349.0703,4708.5606,47.8265,0.0035,46.6023,5541.9207,5640.5098,1775442836294497034
vocseg,no_sharing,122.2931,10348.2506,4708.5606,47.8265,0.0035,46.6023,5541.0936,5639.6901,1775442836294497034
vocseg,no_sharing,122.328,10313.334,4708.5606,47.8265,0.0035,46.6023,5506.1724,5604.7734,1775442836294497034
vocseg,no_sharing,122.4926,10148.7138,4708.5606,47.8265,0.0035,46.6023,5341.5475,5440.1533,1775442836294497034
vocseg,no_sharing,122.4937,10147.681,4708.5606,47.8265,0.0035,46.6023,5340.5106,5439.1204,1775442836294497034
vocseg,no_sharing,122.4945,10165.7689,4708.5606,47.8265,0.0035,46.6023,5339.7162,5457.2083,1775442836294497034
vocseg,no_sharing,122.5112,10148.9992,4708.5606,47.8265,0.0035,46.6023,5322.9301,5440.4387,1775442836294497034
vocseg,no_sharing,122.5955,10064.7707,4708.5606,47.8265,0.0035,46.6023,5238.6918,5356.2101,1775442836294497034
vocseg,no_sharing,122.8501,9810.1494,4708.5606,47.8265,0.0035,46.6023,4984.0603,5101.5889,1775442836294497034
vocseg,no_sharing,123.0453,9614.9735,4708.5606,47.8265,0.0035,46.6023,4788.8732,4906.413,1775442836294497034
vocseg,no_sharing,123.0453,9614.9645,4708.5606,47.8265,0.0035,46.6023,4788.8546,4906.4039,1775442836294497034
vocseg,no_sharing,123.3353,9345.2222,4708.5606,47.8265,0.0035,46.6023,4498.9114,4636.6617,1775442836294497034
vocseg,no_sharing,123.3353,9345.2168,4708.5606,47.8265,0.0035,46.6023,4498.8966,4636.6562,1775442836294497034
vocseg,no_sharing,123.3353,9345.2158,4708.5606,47.8265,0.0035,46.6023,4498.8897,4636.6552,1775442836294497034
vocseg,no_sharing,123.3353,9345.2148,4708.5606,47.8265,0.0035,46.6023,4498.8842,4636.6543,1775442836294497034
vocseg,no_sharing,123.3353,9345.2146,4708.5606,47.8265,0.0035,46.6023,4498.879,4636.6541,1775442836294497034
vocseg,no_sharing,123.3353,9345.2137,4708.5606,47.8265,0.0035,46.6023,4498.8732,4636.6531,1775442836294497034
vocseg,no_sharing,123.3353,9345.2132,4708.5606,47.8265,0.0035,46.6023,4498.8682,4636.6526,1775442836294497034
vocseg,no_sharing,123.3353,9370.4734,4708.5606,47.8265,0.0035,46.6023,4498.863,4661.9128,1775442836294497034
vocseg,no_sharing,123.3353,9370.4853,4708.5606,47.8265,0.0035,46.6023,4498.858,4661.9248,1775442836294497034
vocseg,no_sharing,123.3791,9326.7097,4708.5606,47.8265,0.0035,46.6023,4455.0724,4618.1492,1775442836294497034
vocseg,no_sharing,123.3859,9319.8872,4708.5606,47.8265,0.0035,46.6023,4448.2412,4611.3266,1775442836294497034
vocseg,no_sharing,123.4392,9266.6223,4708.5606,47.8265,0.0035,46.6023,4394.9666,4558.0618,1775442836294497034
vocseg,no_sharing,123.4495,9256.3586,4708.5606,47.8265,0.0035,46.6023,4384.6924,4547.7981,1775442836294497034
vocseg,no_sharing,123.5099,9195.9367,4708.5606,47.8265,0.0035,46.6023,4324.2624,4487.3761,1775442836294497034
vocseg,no_sharing,123.6141,9091.7542,4708.5606,47.8265,0.0035,46.6023,4220.0704,4383.1936,1775442836294497034
vocseg,no_sharing,123.6338,9097.3022,4708.5606,47.8265,0.0035,46.6023,4200.3918,4388.7416,1775442836294497034
vocseg,no_sharing,123.637,9094.0657,4708.5606,47.8265,0.0035,46.6023,4197.1452,4385.5051,1775442836294497034
vocseg,no_sharing,123.6419,9089.2072,4708.5606,47.8265,0.0035,46.6023,4192.2812,4380.6466,1775442836294497034
vocseg,no_sharing,123.7346,8996.49,4708.5606,47.8265,0.0035,46.6023,4099.5588,4287.9294,1775442836294497034
vocseg,no_sharing,123.9055,8825.6443,4708.5606,47.8265,0.0035,46.6023,3928.7074,4117.0837,1775442836294497034
vocseg,no_sharing,123.9074,8823.741,4708.5606,47.8265,0.0035,46.6023,3926.7986,4115.1804,1775442836294497034
vocseg,no_sharing,123.9201,8811.0747,4708.5606,47.8265,0.0035,46.6023,3914.1271,4102.5142,1775442836294497034
vocseg,no_sharing,123.996,8735.1794,4708.5606,47.8265,0.0035,46.6023,3838.2263,4026.6189,1775442836294497034
vocseg,no_sharing,124.1734,8557.7323,4708.5606,47.8265,0.0035,46.6023,3660.7742,3849.1718,1775442836294497034
vocseg,no_sharing,124.1931,8567.1561,4708.5606,47.8265,0.0035,46.6023,3641.1216,3858.5955,1775442836294497034
vocseg,no_sharing,124.2217,8538.5478,4708.5606,47.8265,0.0035,46.6023,3612.5014,3829.9872,1775442836294497034
vocseg,no_sharing,124.2734,8486.8629,4708.5606,47.8265,0.0035,46.6023,3560.8096,3778.3023,1775442836294497034
vocseg,no_sharing,124.4414,8318.8748,4708.5606,47.8265,0.0035,46.6023,3392.8144,3610.3143,1775442836294497034
vocseg,no_sharing,124.5473,8212.9264,4708.5606,47.8265,0.0035,46.6023,3286.859,3504.3658,1775442836294497034
vocseg,no_sharing,124.6067,8153.5313,4708.5606,47.8265,0.0035,46.6023,3227.4575,3444.9708,1775442836294497034
vocseg,no_sharing,124.6086,8151.6745,4708.5606,47.8265,0.0035,46.6023,3225.5952,3443.114,1775442836294497034
vocseg,no_sharing,124.6102,8150.0332,4708.5606,47.8265,0.0035,46.6023,3223.9487,3441.4727,1775442836294497034
vocseg,no_sharing,124.7024,8057.9171,4708.5606,47.8265,0.0035,46.6023,3131.8271,3349.3566,1775442836294497034
vocseg,no_sharing,124.7261,8059.118,4708.5606,47.8265,0.0035,46.6023,3108.0709,3350.5575,1775442836294497034
vocseg,no_sharing,124.7641,8024.3709,4708.5606,47.8265,0.0035,46.6023,3070.0951,3315.8104,1775442836294497034
vocseg,no_sharing,124.7833,8005.1353,4708.5606,47.8265,0.0035,46.6023,3050.8504,3296.5747,1775442836294497034
vocseg,no_sharing,124.8076,7980.8939,4708.5606,47.8265,0.0035,46.6023,3026.6027,3272.3333,1775442836294497034
vocseg,no_sharing,124.8563,7932.1427,4708.5606,47.8265,0.0035,46.6023,2977.8459,3223.5822,1775442836294497034
vocseg,no_sharing,124.9248,7863.6985,4708.5606,47.8265,0.0035,46.6023,2909.3959,3155.1379,1775442836294497034
vocseg,no_sharing,124.9472,7841.3248,4708.5606,47.8265,0.0035,46.6023,2887.0175,3132.7643,1775442836294497034
vocseg,no_sharing,124.9687,7819.7737,4708.5606,47.8265,0.0035,46.6023,2865.4616,3111.2131,1775442836294497034
vocseg,no_sharing,124.9869,7801.6088,4708.5606,47.8265,0.0035,46.6023,2847.2908,3093.0482,1775442836294497034
vocseg,no_sharing,125.0282,7760.3037,4708.5606,47.8265,0.0035,46.6023,2805.9804,3051.7432,1775442836294497034
vocseg,no_sharing,125.0801,7732.9893,4708.5606,47.8265,0.0035,46.6023,2754.0476,3024.4288,1775442836294497034
vocseg,no_sharing,125.1178,7698.5433,4708.5606,47.8265,0.0035,46.6023,2716.4254,2989.9828,1775442836294497034
vocseg,no_sharing,125.1503,7665.9803,4708.5606,47.8265,0.0035,46.6023,2683.8541,2957.4198,1775442836294497034
vocseg,no_sharing,125.2009,7615.3827,4708.5606,47.8265,0.0035,46.6023,2633.251,2906.8221,1775442836294497034
vocseg,no_sharing,125.2176,7598.7318,4708.5606,47.8265,0.0035,46.6023,2616.5953,2890.1712,1775442836294497034
vocseg,no_sharing,125.242,7574.2967,4708.5606,47.8265,0.0035,46.6023,2592.1552,2865.7362,1775442836294497034
vocseg,no_sharing,125.2867,7529.6361,4708.5606,47.8265,0.0035,46.6023,2547.4892,2821.0756,1775442836294497034
vocseg,no_sharing,125.3087,7507.6065,4708.5606,47.8265,0.0035,46.6023,2525.4548,2799.046,1775442836294497034
vocseg,no_sharing,125.3395,7476.8565,4708.5606,47.8265,0.0035,46.6023,2494.7004,2768.2959,1775442836294497034
vocseg,no_sharing,125.4318,7384.5763,4708.5606,47.8265,0.0035,46.6023,2402.4158,2676.0158,1775442836294497034
vocseg,no_sharing,125.4675,7373.2605,4708.5606,47.8265,0.0035,46.6023,2366.6482,2664.6999,1775442836294497034
vocseg,no_sharing,125.4675,7373.8396,4708.5606,47.8265,0.0035,46.6023,2366.6329,2665.2791,1775442836294497034
vocseg,no_sharing,125.4777,7363.6885,4708.5606,47.8265,0.0035,46.6023,2356.4711,2655.1279,1775442836294497034
vocseg,no_sharing,125.5551,7286.2778,4708.5606,47.8265,0.0035,46.6023,2279.0523,2577.7172,1775442836294497034
vocseg,no_sharing,125.5706,7270.8178,4708.5606,47.8265,0.0035,46.6023,2263.5841,2562.2572,1775442836294497034
vocseg,no_sharing,125.6323,7209.1413,4708.5606,47.8265,0.0035,46.6023,2201.8986,2500.5807,1775442836294497034
vocseg,no_sharing,125.6872,7154.2492,4708.5606,47.8265,0.0035,46.6023,2146.9953,2445.6886,1775442836294497034
vocseg,no_sharing,125.7639,7077.57,4708.5606,47.8265,0.0035,46.6023,2070.3065,2369.0094,1775442836294497034
vocseg,no_sharing,125.8092,7032.2893,4708.5606,47.8265,0.0035,46.6023,2025.0173,2323.7287,1775442836294497034
vocseg,no_sharing,125.8198,7021.6255,4708.5606,47.8265,0.0035,46.6023,2014.3459,2313.065,1775442836294497034
vocseg,no_sharing,125.8257,11863.543,4821.8886,43.8632,0.0032,47.7749,7031.3408,7041.6544,1775442841317369384
vocseg,no_sharing,125.8365,11861.4779,4821.8886,43.8632,0.0032,47.7749,7020.5841,7039.5893,1775442841317369384
vocseg,no_sharing,125.8451,11852.8063,4821.8886,43.8632,0.0032,47.7749,7011.904,7030.9177,1775442841317369384
vocseg,no_sharing,125.8869,11837.8911,4821.8886,43.8632,0.0032,47.7749,6970.1662,7016.0025,1775442841317369384
vocseg,no_sharing,125.8935,11831.2647,4821.8886,43.8632,0.0032,47.7749,6963.5296,7009.3762,1775442841317369384
vocseg,no_sharing,126.0146,11710.2311,4821.8886,43.8632,0.0032,47.7749,6842.4892,6888.3425,1775442841317369384
vocseg,no_sharing,126.0874,11637.4462,4821.8886,43.8632,0.0032,47.7749,6769.6979,6815.5576,1775442841317369384
vocseg,no_sharing,126.099,11625.8047,4821.8886,43.8632,0.0032,47.7749,6758.0507,6803.9161,1775442841317369384
vocseg,no_sharing,126.1703,11605.7591,4821.8886,43.8632,0.0032,47.7749,6686.7218,6783.8706,1775442841317369384
vocseg,no_sharing,126.195,11595.747,4821.8886,43.8632,0.0032,47.7749,6662.0364,6773.8584,1775442841317369384
vocseg,no_sharing,126.2631,11527.6513,4821.8886,43.8632,0.0032,47.7749,6593.9217,6705.7627,1775442841317369384
vocseg,no_sharing,126.361,11429.7917,4821.8886,43.8632,0.0032,47.7749,6496.0525,6607.9031,1775442841317369384
vocseg,no_sharing,126.3646,11426.1549,4821.8886,43.8632,0.0032,47.7749,6492.4088,6604.2663,1775442841317369384
vocseg,no_sharing,126.4096,11381.2072,4821.8886,43.8632,0.0032,47.7749,6447.4535,6559.3186,1775442841317369384
vocseg,no_sharing,126.422,11368.8309,4821.8886,43.8632,0.0032,47.7749,6435.0693,6546.9423,1775442841317369384
vocseg,no_sharing,126.4276,11363.1952,4821.8886,43.8632,0.0032,47.7749,6429.4269,6541.3066,1775442841317369384
vocseg,no_sharing,126.6492,11141.6535,4821.8886,43.8632,0.0032,47.7749,6207.8781,6319.765,1775442841317369384
vocseg,no_sharing,126.7,11090.8489,4821.8886,43.8632,0.0032,47.7749,6157.0671,6268.9603,1775442841317369384
vocseg,no_sharing,126.7377,11053.1757,4821.8886,43.8632,0.0032,47.7749,6119.3817,6231.2871,1775442841317369384
vocseg,no_sharing,126.829,10961.8711,4821.8886,43.8632,0.0032,47.7749,6028.0714,6139.9826,1775442841317369384
vocseg,no_sharing,126.8346,10956.2368,4821.8886,43.8632,0.0032,47.7749,6022.4309,6134.3483,1775442841317369384
vocseg,no_sharing,126.859,11058.6107,4821.8886,43.8632,0.0032,47.7749,5998.05,6236.7221,1775442841317369384
vocseg,no_sharing,126.9283,10989.3055,4821.8886,43.8632,0.0032,47.7749,5928.7298,6167.4169,1775442841317369384
vocseg,no_sharing,126.959,10958.6265,4821.8886,43.8632,0.0032,47.7749,5898.0424,6136.7379,1775442841317369384
vocseg,no_sharing,126.9706,10983.0694,4821.8886,43.8632,0.0032,47.7749,5886.4088,6161.1808,1775442841317369384
vocseg,no_sharing,127.0054,10948.3023,4821.8886,43.8632,0.0032,47.7749,5851.629,6126.4137,1775442841317369384
vocseg,no_sharing,127.0671,10886.6415,4821.8886,43.8632,0.0032,47.7749,5789.9599,6064.7529,1775442841317369384
vocseg,no_sharing,127.0998,10853.9824,4821.8886,43.8632,0.0032,47.7749,5757.2932,6032.0939,1775442841317369384
vocseg,no_sharing,127.1434,10810.3392,4821.8886,43.8632,0.0032,47.7749,5713.6424,5988.4506,1775442841317369384
vocseg,no_sharing,127.1481,10805.6829,4821.8886,43.8632,0.0032,47.7749,5708.9794,5983.7943,1775442841317369384
vocseg,no_sharing,127.2142,10739.5275,4821.8886,43.8632,0.0032,47.7749,5642.8158,5917.6389,1775442841317369384
vocseg,no_sharing,127.2148,10738.9534,4821.8886,43.8632,0.0032,47.7749,5642.2353,5917.0648,1775442841317369384
vocseg,no_sharing,127.3105,10643.2433,4821.8886,43.8632,0.0032,47.7749,5546.5176,5821.3547,1775442841317369384
vocseg,no_sharing,127.3142,10639.5543,4821.8886,43.8632,0.0032,47.7749,5542.8207,5817.6657,1775442841317369384
vocseg,no_sharing,127.3795,10574.2733,4821.8886,43.8632,0.0032,47.7749,5477.5319,5752.3848,1775442841317369384
vocseg,no_sharing,127.4205,10533.2544,4821.8886,43.8632,0.0032,47.7749,5436.5058,5711.3658,1775442841317369384
vocseg,no_sharing,127.5041,10449.7485,4821.8886,43.8632,0.0032,47.7749,5352.9923,5627.8599,1775442841317369384
vocseg,no_sharing,127.513,10440.861,4821.8886,43.8632,0.0032,47.7749,5344.0967,5618.9724,1775442841317369384
vocseg,no_sharing,127.6157,10338.1524,4821.8886,43.8632,0.0032,47.7749,5241.3795,5516.2638,1775442841317369384
vocseg,no_sharing,127.6475,10306.3481,4821.8886,43.8632,0.0032,47.7749,5209.5666,5484.4595,1775442841317369384
vocseg,no_sharing,127.6788,10275.0535,4821.8886,43.8632,0.0032,47.7749,5178.2637,5453.1649,1775442841317369384
vocseg,no_sharing,127.6788,10275.0494,4821.8886,43.8632,0.0032,47.7749,5178.2513,5453.1609,1775442841317369384
vocseg,no_sharing,127.7392,10214.6258,4821.8886,43.8632,0.0032,47.7749,5117.8186,5392.7373,1775442841317369384
vocseg,no_sharing,127.7804,10173.4903,4821.8886,43.8632,0.0032,47.7749,5076.6737,5351.6017,1775442841317369384
vocseg,no_sharing,127.8663,10087.5936,4821.8886,43.8632,0.0032,47.7749,4990.7684,5265.705,1775442841317369384
vocseg,no_sharing,127.8663,10087.5788,4821.8886,43.8632,0.0032,47.7749,4990.7458,5265.6902,1775442841317369384
vocseg,no_sharing,127.9046,10049.2539,4821.8886,43.8632,0.0032,47.7749,4952.4128,5227.3654,1775442841317369384
vocseg,no_sharing,127.9155,10038.4369,4821.8886,43.8632,0.0032,47.7749,4941.5879,5216.5483,1775442841317369384
vocseg,no_sharing,127.9518,10002.0883,4821.8886,43.8632,0.0032,47.7749,4905.2303,5180.1997,1775442841317369384
vocseg,no_sharing,127.9623,9991.5783,4821.8886,43.8632,0.0032,47.7749,4894.7127,5169.6898,1775442841317369384
vocseg,no_sharing,127.9971,9956.8563,4821.8886,43.8632,0.0032,47.7749,4859.9832,5134.9677,1775442841317369384
vocseg,no_sharing,128.0974,9856.5147,4821.8886,43.8632,0.0032,47.7749,4759.634,5034.6261,1775442841317369384
vocseg,no_sharing,128.0991,9854.8777,4821.8886,43.8632,0.0032,47.7749,4757.9901,5032.9891,1775442841317369384
vocseg,no_sharing,128.2604,9693.5415,4821.8886,43.8632,0.0032,47.7749,4596.6458,4871.6529,1775442841317369384
vocseg,no_sharing,128.2721,9840.759,4821.8886,43.8632,0.0032,47.7749,4584.9793,5018.8705,1775442841317369384
vocseg,no_sharing,128.2747,9838.1522,4821.8886,43.8632,0.0032,47.7749,4582.3617,5016.2636,1775442841317369384
vocseg,no_sharing,128.324,9788.8258,4821.8886,43.8632,0.0032,47.7749,4533.0265,4966.9372,1775442841317369384
vocseg,no_sharing,128.3312,9781.6122,4821.8886,43.8632,0.0032,47.7749,4525.8057,4959.7236,1775442841317369384
vocseg,no_sharing,128.5001,9612.7229,4821.8886,43.8632,0.0032,47.7749,4356.9083,4790.8343,1775442841317369384
vocseg,no_sharing,128.6324,9480.4668,4821.8886,43.8632,0.0032,47.7749,4224.6444,4658.5783,1775442841317369384
vocseg,no_sharing,128.6452,9467.725,4821.8886,43.8632,0.0032,47.7749,4211.8962,4645.8365,1775442841317369384
vocseg,no_sharing,128.6559,9457.0339,4821.8886,43.8632,0.0032,47.7749,4201.1979,4635.1453,1775442841317369384
vocseg,no_sharing,128.8161,9297.9422,4821.8886,43.8632,0.0032,47.7749,4040.9348,4476.0536,1775442841317369384
vocseg,no_sharing,128.8217,9292.3386,4821.8886,43.8632,0.0032,47.7749,4035.3215,4470.45,1775442841317369384
vocseg,no_sharing,128.832,9282.0907,4821.8886,43.8632,0.0032,47.7749,4025.0659,4460.2021,1775442841317369384
vocseg,no_sharing,129.0021,9111.9325,4821.8886,43.8632,0.0032,47.7749,3854.9004,4290.0439,1775442841317369384
vocseg,no_sharing,129.0483,9065.7699,4821.8886,43.8632,0.0032,47.7749,3808.7301,4243.8813,1775442841317369384
vocseg,no_sharing,129.063,9051.1131,4821.8886,43.8632,0.0032,47.7749,3794.0671,4229.2245,1775442841317369384
vocseg,no_sharing,129.0657,9048.4362,4821.8886,43.8632,0.0032,47.7749,3791.3833,4226.5476,1775442841317369384
vocseg,no_sharing,129.0823,9031.8384,4821.8886,43.8632,0.0032,47.7749,3774.7793,4209.9498,1775442841317369384
vocseg,no_sharing,129.1911,8922.9915,4821.8886,43.8632,0.0032,47.7749,3665.926,4101.1029,1775442841317369384
vocseg,no_sharing,129.2601,8854.0413,4821.8886,43.8632,0.0032,47.7749,3596.9691,4032.1528,1775442841317369384
vocseg,no_sharing,129.2977,8816.4213,4821.8886,43.8632,0.0032,47.7749,3559.3429,3994.5327,1775442841317369384
vocseg,no_sharing,129.3033,8810.8242,4821.8886,43.8632,0.0032,47.7749,3553.7391,3988.9356,1775442841317369384
vocseg,no_sharing,129.327,8787.1706,4821.8886,43.8632,0.0032,47.7749,3530.0794,3965.2821,1775442841317369384
vocseg,no_sharing,129.3386,8775.5687,4821.8886,43.8632,0.0032,47.7749,3518.4717,3953.6801,1775442841317369384
vocseg,no_sharing,129.3709,8743.2327,4821.8886,43.8632,0.0032,47.7749,3486.1288,3921.3441,1775442841317369384
vocseg,no_sharing,129.4038,8710.4063,4821.8886,43.8632,0.0032,47.7749,3453.2955,3888.5177,1775442841317369384
vocseg,no_sharing,129.423,8691.159,4821.8886,43.8632,0.0032,47.7749,3434.041,3869.2704,1775442841317369384
vocseg,no_sharing,129.4286,8685.5607,4821.8886,43.8632,0.0032,47.7749,3428.4363,3863.6721,1775442841317369384
vocseg,no_sharing,129.4689,8645.3052,4821.8886,43.8632,0.0032,47.7749,3388.1733,3823.4166,1775442841317369384
vocseg,no_sharing,129.4689,8645.2985,4821.8886,43.8632,0.0032,47.7749,3388.1605,3823.4099,1775442841317369384
vocseg,no_sharing,129.5547,8559.5295,4821.8886,43.8632,0.0032,47.7749,3302.3841,3737.641,1775442841317369384
vocseg,no_sharing,129.6083,8505.8877,4821.8886,43.8632,0.0032,47.7749,3248.7359,3683.9992,1775442841317369384
vocseg,no_sharing,129.6616,8452.6188,4821.8886,43.8632,0.0032,47.7749,3195.4603,3630.7303,1775442841317369384
vocseg,no_sharing,129.7005,8413.6822,4821.8886,43.8632,0.0032,47.7749,3156.5177,3591.7936,1775442841317369384
vocseg,no_sharing,129.7824,8331.8498,4821.8886,43.8632,0.0032,47.7749,3074.6784,3509.9612,1775442841317369384
vocseg,no_sharing,129.8727,8241.5411,4821.8886,43.8632,0.0032,47.7749,2984.364,3419.6526,1775442841317369384
vocseg,no_sharing,129.9103,8203.903,4821.8886,43.8632,0.0032,47.7749,2946.7196,3382.0144,1775442841317369384
vocseg,no_sharing,129.916,8198.2269,4821.8886,43.8632,0.0032,47.7749,2941.0377,3376.3383,1775442841317369384
vocseg,no_sharing,129.9397,8174.5143,4821.8886,43.8632,0.0032,47.7749,2917.3193,3352.6257,1775442841317369384
vocseg,no_sharing,130.033,8081.229,4821.8886,43.8632,0.0032,47.7749,2824.0283,3259.3404,1775442841317369384
vocseg,no_sharing,130.1063,8007.9372,4821.8886,43.8632,0.0032,47.7749,2750.73,3186.0486,1775442841317369384
vocseg,no_sharing,130.1063,8007.9298,4821.8886,43.8632,0.0032,47.7749,2750.7172,3186.0412,1775442841317369384
vocseg,no_sharing,130.1451,7969.1901,4821.8886,43.8632,0.0032,47.7749,2711.9718,3147.3015,1775442841317369384
vocseg,no_sharing,130.1597,7954.5531,4821.8886,43.8632,0.0032,47.7749,2697.3288,3132.6645,1775442841317369384
vocseg,no_sharing,130.2281,7886.1358,4821.8886,43.8632,0.0032,47.7749,2628.9053,3064.2472,1775442841317369384
vocseg,no_sharing,130.2338,7880.4791,4821.8886,43.8632,0.0032,47.7749,2623.2431,3058.5905,1775442841317369384
vocseg,no_sharing,130.2983,7815.9564,4821.8886,43.8632,0.0032,47.7749,2558.7137,2994.0678,1775442841317369384
vocseg,no_sharing,130.3821,7732.235,4821.8886,43.8632,0.0032,47.7749,2474.9858,2910.3464,1775442841317369384
vocseg,no_sharing,130.4019,12212.5955,4727.9097,44.2375,0.0036,46.8308,7474.3552,7484.6857,1775442846336566407
vocseg,no_sharing,130.4511,12167.9516,4727.9097,44.2375,0.0036,46.8308,7425.1797,7440.0419,1775442846336566407
vocseg,no_sharing,130.5286,12099.6807,4727.9097,44.2375,0.0036,46.8308,7347.677,7371.7709,1775442846336566407
vocseg,no_sharing,130.562,12066.2835,4727.9097,44.2375,0.0036,46.8308,7314.2693,7338.3737,1775442846336566407
vocseg,no_sharing,130.5994,12048.2559,4727.9097,44.2375,0.0036,46.8308,7276.8495,7320.3462,1775442846336566407
vocseg,no_sharing,130.6071,12040.5562,4727.9097,44.2375,0.0036,46.8308,7269.14,7312.6465,1775442846336566407
vocseg,no_sharing,130.7348,11912.8323,4727.9097,44.2375,0.0036,46.8308,7141.4092,7184.9225,1775442846336566407
vocseg,no_sharing,130.7782,11869.5109,4727.9097,44.2375,0.0036,46.8308,7098.0818,7141.6012,1775442846336566407
vocseg,no_sharing,130.8701,11809.576,4727.9097,44.2375,0.0036,46.8308,7006.1355,7081.6663,1775442846336566407
vocseg,no_sharing,130.8867,11792.9904,4727.9097,44.2375,0.0036,46.8308,6989.5227,7065.0807,1775442846336566407
vocseg,no_sharing,130.8922,11787.478,4727.9097,44.2375,0.0036,46.8308,6984.0026,7059.5682,1775442846336566407
vocseg,no_sharing,130.907,11772.7063,4727.9097,44.2375,0.0036,46.8308,6969.2249,7044.7965,1775442846336566407
vocseg,no_sharing,130.9082,11771.5116,4727.9097,44.2375,0.0036,46.8308,6968.0243,7043.6018,1775442846336566407
vocseg,no_sharing,131.0483,11631.4247,4727.9097,44.2375,0.0036,46.8308,6827.9312,6903.5149,1775442846336566407
vocseg,no_sharing,131.0768,11602.982,4727.9097,44.2375,0.0036,46.8308,6799.4819,6875.0723,1775442846336566407
vocseg,no_sharing,131.0836,11651.2783,4727.9097,44.2375,0.0036,46.8308,6792.696,6923.3685,1775442846336566407
vocseg,no_sharing,131.1178,11616.9977,4727.9097,44.2375,0.0036,46.8308,6758.4014,6889.088,1775442846336566407
vocseg,no_sharing,131.1878,11547.0576,4727.9097,44.2375,0.0036,46.8308,6688.4518,6819.1479,1775442846336566407
vocseg,no_sharing,131.2896,11445.2429,4727.9097,44.2375,0.0036,46.8308,6586.6292,6717.3331,1775442846336566407
vocseg,no_sharing,131.3259,11408.9391,4727.9097,44.2375,0.0036,46.8308,6550.318,6681.0294,1775442846336566407
vocseg,no_sharing,131.363,11371.9072,4727.9097,44.2375,0.0036,46.8308,6513.2787,6643.9975,1775442846336566407
vocseg,no_sharing,131.4113,11323.5917,4727.9097,44.2375,0.0036,46.8308,6464.9563,6595.682,1775442846336566407
vocseg,no_sharing,131.4159,11318.96,4727.9097,44.2375,0.0036,46.8308,6460.3181,6591.0502,1775442846336566407
vocseg,no_sharing,131.4275,11307.3485,4727.9097,44.2375,0.0036,46.8308,6448.7002,6579.4388,1775442846336566407
vocseg,no_sharing,131.4364,11298.461,4727.9097,44.2375,0.0036,46.8308,6439.8062,6570.5512,1775442846336566407
vocseg,no_sharing,131.4543,11280.596,4727.9097,44.2375,0.0036,46.8308,6421.9346,6552.6863,1775442846336566407
vocseg,no_sharing,131.5107,11224.2262,4727.9097,44.2375,0.0036,46.8308,6365.5589,6496.3165,1775442846336566407
vocseg,no_sharing,131.5452,11289.0282,4727.9097,44.2375,0.0036,46.8308,6331.0182,6561.1184,1775442846336566407
vocseg,no_sharing,131.5889,11245.3463,4727.9097,44.2375,0.0036,46.8308,6287.323,6517.4366,1775442846336566407
vocseg,no_sharing,131.6263,11207.9601,4727.9097,44.2375,0.0036,46.8308,6249.928,6480.0504,1775442846336566407
vocseg,no_sharing,131.637,11197.3171,4727.9097,44.2375,0.0036,46.8308,6239.2769,6469.4074,1775442846336566407
vocseg,no_sharing,131.6436,11190.7105,4727.9097,44.2375,0.0036,46.8308,6232.6624,6462.8008,1775442846336566407
vocseg,no_sharing,131.6436,11190.7051,4727.9097,44.2375,0.0036,46.8308,6232.6493,6462.7953,1775442846336566407
vocseg,no_sharing,131.6898,11144.5372,4727.9097,44.2375,0.0036,46.8308,6186.4738,6416.6275,1775442846336566407
vocseg,no_sharing,131.757,11077.3597,4727.9097,44.2375,0.0036,46.8308,6119.2884,6349.4499,1775442846336566407
vocseg,no_sharing,131.8379,10996.4263,4727.9097,44.2375,0.0036,46.8308,6038.3482,6268.5166,1775442846336566407
vocseg,no_sharing,131.8869,10947.4154,4727.9097,44.2375,0.0036,46.8308,5989.3298,6219.5056,1775442846336566407
vocseg,no_sharing,131.8937,10940.6185,4727.9097,44.2375,0.0036,46.8308,5982.5263,6212.7088,1775442846336566407
vocseg,no_sharing,131.9711,10863.219,4727.9097,44.2375,0.0036,46.8308,5905.1197,6135.3093,1775442846336566407
vocseg,no_sharing,131.9888,10845.5765,4727.9097,44.2375,0.0036,46.8308,5887.4702,6117.6668,1775442846336566407
vocseg,no_sharing,132.0054,10828.9762,4727.9097,44.2375,0.0036,46.8308,5870.8637,6101.0664,1775442846336566407
vocseg,no_sharing,132.038,10796.3336,4727.9097,44.2375,0.0036,46.8308,5838.2144,6068.4238,1775442846336566407
vocseg,no_sharing,132.1193,10715.0338,4727.9097,44.2375,0.0036,46.8308,5756.9084,5987.124,1775442846336566407
vocseg,no_sharing,132.128,10706.3675,4727.9097,44.2375,0.0036,46.8308,5748.2357,5978.4578,1775442846336566407
vocseg,no_sharing,132.1386,10695.7619,4727.9097,44.2375,0.0036,46.8308,5737.6235,5967.8522,1775442846336566407
vocseg,no_sharing,132.3165,10517.9322,4727.9097,44.2375,0.0036,46.8308,5559.7866,5790.0224,1775442846336566407
vocseg,no_sharing,132.3518,10482.5644,4727.9097,44.2375,0.0036,46.8308,5524.4117,5754.6547,1775442846336566407
vocseg,no_sharing,132.3751,10459.3275,4727.9097,44.2375,0.0036,46.8308,5501.1683,5731.4177,1775442846336566407
vocseg,no_sharing,132.4252,10535.4972,4727.9097,44.2375,0.0036,46.8308,5451.0236,5807.5875,1775442846336566407
vocseg,no_sharing,132.4606,10511.0862,4727.9097,44.2375,0.0036,46.8308,5415.663,5783.1765,1775442846336566407
vocseg,no_sharing,132.5131,10458.5936,4727.9097,44.2375,0.0036,46.8308,5363.1582,5730.6839,1775442846336566407
vocseg,no_sharing,132.5589,10412.7538,4727.9097,44.2375,0.0036,46.8308,5317.3096,5684.8441,1775442846336566407
vocseg,no_sharing,132.5747,10397.0358,4727.9097,44.2375,0.0036,46.8308,5301.5618,5669.1261,1775442846336566407
vocseg,no_sharing,132.5918,10379.8966,4727.9097,44.2375,0.0036,46.8308,5284.4145,5651.9869,1775442846336566407
vocseg,no_sharing,132.6798,10291.9278,4727.9097,44.2375,0.0036,46.8308,5196.4371,5564.0181,1775442846336566407
vocseg,no_sharing,132.6798,10291.918,4727.9097,44.2375,0.0036,46.8308,5196.4202,5564.0083,1775442846336566407
vocseg,no_sharing,132.6798,10291.9168,4727.9097,44.2375,0.0036,46.8308,5196.4116,5564.0071,1775442846336566407
vocseg,no_sharing,132.7303,10241.4415,4727.9097,44.2375,0.0036,46.8308,5145.9281,5513.5318,1775442846336566407
vocseg,no_sharing,132.813,10158.721,4727.9097,44.2375,0.0036,46.8308,5063.2002,5430.8112,1775442846336566407
vocseg,no_sharing,132.8413,10130.4839,4727.9097,44.2375,0.0036,46.8308,5034.9553,5402.5741,1775442846336566407
vocseg,no_sharing,132.8413,10130.4703,4727.9097,44.2375,0.0036,46.8308,5034.934,5402.5605,1775442846336566407
vocseg,no_sharing,132.8413,10130.4674,4727.9097,44.2375,0.0036,46.8308,5034.9245,5402.5577,1775442846336566407
vocseg,no_sharing,132.8433,10128.4492,4727.9097,44.2375,0.0036,46.8308,5032.8999,5400.5395,1775442846336566407
vocseg,no_sharing,132.8441,10127.7483,4727.9097,44.2375,0.0036,46.8308,5032.192,5399.8385,1775442846336566407
vocseg,no_sharing,132.8508,10121.0394,4727.9097,44.2375,0.0036,46.8308,5025.4765,5393.1297,1775442846336566407
vocseg,no_sharing,132.8716,10100.2233,4727.9097,44.2375,0.0036,46.8308,5004.653,5372.3136,1775442846336566407
vocseg,no_sharing,132.9056,10066.1781,4727.9097,44.2375,0.0036,46.8308,4970.6001,5338.2684,1775442846336566407
vocseg,no_sharing,132.9388,10033.0403,4727.9097,44.2375,0.0036,46.8308,4937.4549,5305.1306,1775442846336566407
vocseg,no_sharing,133.015,9956.8496,4727.9097,44.2375,0.0036,46.8308,4861.2573,5228.9398,1775442846336566407
vocseg,no_sharing,133.0508,9921.0353,4727.9097,44.2375,0.0036,46.8308,4825.4361,5193.1256,1775442846336566407
vocseg,no_sharing,133.0684,9903.4395,4727.9097,44.2375,0.0036,46.8308,4807.8341,5175.5298,1775442846336566407
vocseg,no_sharing,133.1587,9813.1828,4727.9097,44.2375,0.0036,46.8308,4717.5713,5085.2731,1775442846336566407
vocseg,no_sharing,133.1643,9807.5166,4727.9097,44.2375,0.0036,46.8308,4711.8993,5079.6068,1775442846336566407
vocseg,no_sharing,133.2102,9761.6687,4727.9097,44.2375,0.0036,46.8308,4666.0452,5033.759,1775442846336566407
vocseg,no_sharing,133.2611,9710.8037,4727.9097,44.2375,0.0036,46.8308,4615.1733,4982.894,1775442846336566407
vocseg,no_sharing,133.4893,9482.5335,4727.9097,44.2375,0.0036,46.8308,4386.8971,4754.6237,1775442846336566407
vocseg,no_sharing,133.4894,9482.5172,4727.9097,44.2375,0.0036,46.8308,4386.8756,4754.6075,1775442846336566407
vocseg,no_sharing,133.4894,9482.5158,4727.9097,44.2375,0.0036,46.8308,4386.8687,4754.6061,1775442846336566407
vocseg,no_sharing,133.4894,9482.5168,4727.9097,44.2375,0.0036,46.8308,4386.8632,4754.607,1775442846336566407
vocseg,no_sharing,133.4894,9482.517,4727.9097,44.2375,0.0036,46.8308,4386.8582,4754.6073,1775442846336566407
vocseg,no_sharing,133.4894,9482.517,4727.9097,44.2375,0.0036,46.8308,4386.8527,4754.6073,1775442846336566407
vocseg,no_sharing,133.4894,9482.5161,4727.9097,44.2375,0.0036,46.8308,4386.8468,4754.6063,1775442846336566407
vocseg,no_sharing,133.4894,9482.5156,4727.9097,44.2375,0.0036,46.8308,4386.8411,4754.6058,1775442846336566407
vocseg,no_sharing,133.4894,9482.5153,4727.9097,44.2375,0.0036,46.8308,4386.8356,4754.6056,1775442846336566407
vocseg,no_sharing,133.4894,9518.0473,4727.9097,44.2375,0.0036,46.8308,4386.8294,4790.1376,1775442846336566407
vocseg,no_sharing,133.6552,9352.3138,4727.9097,44.2375,0.0036,46.8308,4221.0853,4624.404,1775442846336566407
vocseg,no_sharing,133.6552,9352.3102,4727.9097,44.2375,0.0036,46.8308,4221.0753,4624.4004,1775442846336566407
vocseg,no_sharing,133.6552,9355.7043,4727.9097,44.2375,0.0036,46.8308,4221.0696,4627.7946,1775442846336566407
vocseg,no_sharing,133.6552,9355.716,4727.9097,44.2375,0.0036,46.8308,4221.0639,4627.8063,1775442846336566407
vocseg,no_sharing,133.6658,9345.161,4727.9097,44.2375,0.0036,46.8308,4210.495,4617.2512,1775442846336566407
vocseg,no_sharing,133.7235,9287.4269,4727.9097,44.2375,0.0036,46.8308,4152.7495,4559.5172,1775442846336566407
vocseg,no_sharing,133.7293,9281.6086,4727.9097,44.2375,0.0036,46.8308,4146.9204,4553.6988,1775442846336566407
vocseg,no_sharing,133.8036,9207.3379,4727.9097,44.2375,0.0036,46.8308,4072.638,4479.4281,1775442846336566407
vocseg,no_sharing,133.8684,9142.5848,4727.9097,44.2375,0.0036,46.8308,4007.8735,4414.6751,1775442846336566407
vocseg,no_sharing,133.909,9101.9392,4727.9097,44.2375,0.0036,46.8308,3967.2182,4374.0295,1775442846336566407
vocseg,no_sharing,133.9364,9074.5926,4727.9097,44.2375,0.0036,46.8308,3939.862,4346.6829,1775442846336566407
vocseg,no_sharing,133.992,9018.9662,4727.9097,44.2375,0.0036,46.8308,3884.2273,4291.0565,1775442846336566407
vocseg,no_sharing,134.0373,8973.6722,4727.9097,44.2375,0.0036,46.8308,3838.9239,4245.7624,1775442846336566407
vocseg,no_sharing,134.052,8959.0287,4727.9097,44.2375,0.0036,46.8308,3824.2712,4231.119,1775442846336566407
vocseg,no_sharing,134.1746,8836.4398,4727.9097,44.2375,0.0036,46.8308,3701.6721,4108.5301,1775442846336566407
vocseg,no_sharing,134.1832,13463.7663,4753.1916,46.4559,0.0032,47.0603,8700.7046,8710.5747,1775442851344245780
vocseg,no_sharing,134.2005,13449.3921,4753.1916,46.4559,0.0032,47.0603,8683.454,8696.2005,1775442851344245780
vocseg,no_sharing,134.2326,13420.1961,4753.1916,46.4559,0.0032,47.0603,8651.3493,8667.0044,1775442851344245780
vocseg,no_sharing,134.2332,13422.4193,4753.1916,46.4559,0.0032,47.0603,8650.775,8669.2277,1775442851344245780
vocseg,no_sharing,134.2385,13419.8859,4753.1916,46.4559,0.0032,47.0603,8645.4148,8666.6943,1775442851344245780
vocseg,no_sharing,134.3378,13323.3275,4753.1916,46.4559,0.0032,47.0603,8546.0999,8570.1359,1775442851344245780
vocseg,no_sharing,134.3705,13293.5193,4753.1916,46.4559,0.0032,47.0603,8513.4702,8540.3276,1775442851344245780
vocseg,no_sharing,134.4483,13218.4372,4753.1916,46.4559,0.0032,47.0603,8435.5803,8465.2456,1775442851344245780
vocseg,no_sharing,134.451,13218.6892,4753.1916,46.4559,0.0032,47.0603,8432.9276,8465.4976,1775442851344245780
vocseg,no_sharing,134.4636,13211.6623,4753.1916,46.4559,0.0032,47.0603,8420.3265,8458.4707,1775442851344245780
vocseg,no_sharing,134.4652,13210.0337,4753.1916,46.4559,0.0032,47.0603,8418.6895,8456.842,1775442851344245780
vocseg,no_sharing,134.4658,13215.112,4753.1916,46.4559,0.0032,47.0603,8418.1454,8461.9204,1775442851344245780
vocseg,no_sharing,134.503,13177.8553,4753.1916,46.4559,0.0032,47.0603,8380.8806,8424.6636,1775442851344245780
vocseg,no_sharing,134.5267,13160.1114,4753.1916,46.4559,0.0032,47.0603,8357.2564,8406.9198,1775442851344245780
vocseg,no_sharing,134.6414,13045.4133,4753.1916,46.4559,0.0032,47.0603,8242.5487,8292.2216,1775442851344245780
vocseg,no_sharing,134.6949,13001.327,4753.1916,46.4559,0.0032,47.0603,8189.0643,8248.1354,1775442851344245780
vocseg,no_sharing,134.7225,12973.6598,4753.1916,46.4559,0.0032,47.0603,8161.3877,8220.4681,1775442851344245780
vocseg,no_sharing,134.7332,12969.8088,4753.1916,46.4559,0.0032,47.0603,8150.7518,8216.6172,1775442851344245780
vocseg,no_sharing,134.7875,12918.3817,4753.1916,46.4559,0.0032,47.0603,8096.4117,8165.1901,1775442851344245780
vocseg,no_sharing,134.7982,12907.7284,4753.1916,46.4559,0.0032,47.0603,8085.7503,8154.5368,1775442851344245780
vocseg,no_sharing,134.8038,12910.2569,4753.1916,46.4559,0.0032,47.0603,8080.1055,8157.0652,1775442851344245780
vocseg,no_sharing,134.9208,12796.3431,4753.1916,46.4559,0.0032,47.0603,7963.0826,8043.1515,1775442851344245780
vocseg,no_sharing,134.9705,12746.6478,4753.1916,46.4559,0.0032,47.0603,7913.3787,7993.4562,1775442851344245780
vocseg,no_sharing,134.9722,12745.0063,4753.1916,46.4559,0.0032,47.0603,7911.731,7991.8147,1775442851344245780
vocseg,no_sharing,135.0298,12695.8115,4753.1916,46.4559,0.0032,47.0603,7854.1222,7942.6199,1775442851344245780
vocseg,no_sharing,135.0339,12695.0526,4753.1916,46.4559,0.0032,47.0603,7850.0116,7941.861,1775442851344245780
vocseg,no_sharing,135.101,12627.9612,4753.1916,46.4559,0.0032,47.0603,7782.9115,7874.7695,1775442851344245780
vocseg,no_sharing,135.1647,12564.3249,4753.1916,46.4559,0.0032,47.0603,7719.269,7811.1332,1775442851344245780
vocseg,no_sharing,135.1876,12550.3426,4753.1916,46.4559,0.0032,47.0603,7696.3217,7797.1509,1775442851344245780
vocseg,no_sharing,135.276,12467.7067,4753.1916,46.4559,0.0032,47.0603,7607.9628,7714.5151,1775442851344245780
vocseg,no_sharing,135.3176,12426.0504,4753.1916,46.4559,0.0032,47.0603,7566.2982,7672.8588,1775442851344245780
vocseg,no_sharing,135.5207,12223.0339,4753.1916,46.4559,0.0032,47.0603,7363.276,7469.8423,1775442851344245780
vocseg,no_sharing,135.7107,12041.5504,4753.1916,46.4559,0.0032,47.0603,7173.1846,7288.3588,1775442851344245780
vocseg,no_sharing,135.7174,12034.8816,4753.1916,46.4559,0.0032,47.0603,7166.5075,7281.69,1775442851344245780
vocseg,no_sharing,135.7767,11984.7772,4753.1916,46.4559,0.0032,47.0603,7107.1792,7231.5856,1775442851344245780
vocseg,no_sharing,135.8082,11953.3105,4753.1916,46.4559,0.0032,47.0603,7075.7034,7200.1189,1775442851344245780
vocseg,no_sharing,135.874,11887.5141,4753.1916,46.4559,0.0032,47.0603,7009.9018,7134.3225,1775442851344245780
vocseg,no_sharing,135.8963,11878.4621,4753.1916,46.4559,0.0032,47.0603,6987.6473,7125.2705,1775442851344245780
vocseg,no_sharing,135.9693,11805.4318,4753.1916,46.4559,0.0032,47.0603,6914.6061,7052.2402,1775442851344245780
vocseg,no_sharing,136.0466,11728.1334,4753.1916,46.4559,0.0032,47.0603,6837.3005,6974.9418,1775442851344245780
vocseg,no_sharing,136.1153,11673.8622,4753.1916,46.4559,0.0032,47.0603,6768.61,6920.6706,1775442851344245780
vocseg,no_sharing,136.1445,11644.6426,4753.1916,46.4559,0.0032,47.0603,6739.3801,6891.451,1775442851344245780
vocseg,no_sharing,136.163,11626.2171,4753.1916,46.4559,0.0032,47.0603,6720.9477,6873.0255,1775442851344245780
vocseg,no_sharing,136.1937,11610.2686,4753.1916,46.4559,0.0032,47.0603,6690.2757,6857.077,1775442851344245780
vocseg,no_sharing,136.3283,11475.6508,4753.1916,46.4559,0.0032,47.0603,6555.6476,6722.4592,1775442851344245780
vocseg,no_sharing,136.442,11361.928,4753.1916,46.4559,0.0032,47.0603,6441.9186,6608.7364,1775442851344245780
vocseg,no_sharing,136.5575,11246.4762,4753.1916,46.4559,0.0032,47.0603,6326.4618,6493.2846,1775442851344245780
vocseg,no_sharing,136.7417,11076.6513,4753.1916,46.4559,0.0032,47.0603,6142.276,6323.4597,1775442851344245780
vocseg,no_sharing,136.8319,10986.4142,4753.1916,46.4559,0.0032,47.0603,6052.0296,6233.2226,1775442851344245780
vocseg,no_sharing,136.8436,10974.6885,4753.1916,46.4559,0.0032,47.0603,6040.2985,6221.4969,1775442851344245780
vocseg,no_sharing,136.9998,10818.4888,4753.1916,46.4559,0.0032,47.0603,5884.0938,6065.2972,1775442851344245780
vocseg,no_sharing,137.0141,10804.276,4753.1916,46.4559,0.0032,47.0603,5869.875,6051.0844,1775442851344245780
vocseg,no_sharing,137.1264,10709.4007,4753.1916,46.4559,0.0032,47.0603,5757.4892,5956.209,1775442851344245780
vocseg,no_sharing,137.1507,10685.1187,4753.1916,46.4559,0.0032,47.0603,5733.1984,5931.9271,1775442851344245780
vocseg,no_sharing,137.1719,10663.904,4753.1916,46.4559,0.0032,47.0603,5711.9784,5910.7123,1775442851344245780
vocseg,no_sharing,137.1924,10643.4412,4753.1916,46.4559,0.0032,47.0603,5691.5107,5890.2496,1775442851344245780
vocseg,no_sharing,137.4668,10369.0689,4753.1916,46.4559,0.0032,47.0603,5417.1329,5615.8772,1775442851344245780
vocseg,no_sharing,137.472,10382.1449,4753.1916,46.4559,0.0032,47.0603,5411.8896,5628.9533,1775442851344245780
vocseg,no_sharing,137.5204,10333.7696,4753.1916,46.4559,0.0032,47.0603,5363.5035,5580.5779,1775442851344245780
vocseg,no_sharing,137.5266,10327.5757,4753.1916,46.4559,0.0032,47.0603,5357.3027,5574.3841,1775442851344245780
vocseg,no_sharing,137.6613,10192.8902,4753.1916,46.4559,0.0032,47.0603,5222.6112,5439.6986,1775442851344245780
vocseg,no_sharing,137.6675,10186.6891,4753.1916,46.4559,0.0032,47.0603,5216.4037,5433.4975,1775442851344245780
vocseg,no_sharing,137.6983,10155.9265,4753.1916,46.4559,0.0032,47.0603,5185.6339,5402.7348,1775442851344245780
vocseg,no_sharing,138.1128,9765.0759,4753.1916,46.4559,0.0032,47.0603,4771.1689,5011.8843,1775442851344245780
vocseg,no_sharing,138.1128,9765.0847,4753.1916,46.4559,0.0032,47.0603,4771.1601,5011.8931,1775442851344245780
vocseg,no_sharing,138.1128,9765.0917,4753.1916,46.4559,0.0032,47.0603,4771.1546,5011.9,1775442851344245780
vocseg,no_sharing,138.1128,9765.0976,4753.1916,46.4559,0.0032,47.0603,4771.1494,5011.906,1775442851344245780
vocseg,no_sharing,138.1128,9765.1036,4753.1916,46.4559,0.0032,47.0603,4771.1446,5011.912,1775442851344245780
vocseg,no_sharing,138.2748,9603.0507,4753.1916,46.4559,0.0032,47.0603,4609.0806,4849.8591,1775442851344245780
vocseg,no_sharing,138.3256,9572.3941,4753.1916,46.4559,0.0032,47.0603,4558.3179,4819.2025,1775442851344245780
vocseg,no_sharing,138.392,9506.0265,4753.1916,46.4559,0.0032,47.0603,4491.9317,4752.8349,1775442851344245780
vocseg,no_sharing,138.392,9506.0217,4753.1916,46.4559,0.0032,47.0603,4491.9174,4752.8301,1775442851344245780
vocseg,no_sharing,138.4795,9418.5667,4753.1916,46.4559,0.0032,47.0603,4404.4552,4665.3751,1775442851344245780
vocseg,no_sharing,138.4976,9400.445,4753.1916,46.4559,0.0032,47.0603,4386.3268,4647.2534,1775442851344245780
vocseg,no_sharing,138.4976,9400.4326,4753.1916,46.4559,0.0032,47.0603,4386.3082,4647.241,1775442851344245780
vocseg,no_sharing,138.5117,9386.378,4753.1916,46.4559,0.0032,47.0603,4372.247,4633.1864,1775442851344245780
vocseg,no_sharing,138.5492,9385.3986,4753.1916,46.4559,0.0032,47.0603,4334.775,4632.207,1775442851344245780
vocseg,no_sharing,138.5649,9369.6783,4753.1916,46.4559,0.0032,47.0603,4319.0377,4616.4866,1775442851344245780
vocseg,no_sharing,138.5736,9360.9905,4753.1916,46.4559,0.0032,47.0603,4310.338,4607.7989,1775442851344245780
vocseg,no_sharing,138.6143,9320.2903,4753.1916,46.4559,0.0032,47.0603,4269.6283,4567.0987,1775442851344245780
vocseg,no_sharing,138.6346,9299.9554,4753.1916,46.4559,0.0032,47.0603,4249.2814,4546.7638,1775442851344245780
vocseg,no_sharing,138.69,9244.6501,4753.1916,46.4559,0.0032,47.0603,4193.9654,4491.4585,1775442851344245780
vocseg,no_sharing,138.7226,9212.0287,4753.1916,46.4559,0.0032,47.0603,4161.3336,4458.8371,1775442851344245780
vocseg,no_sharing,138.7929,9177.9659,4753.1916,46.4559,0.0032,47.0603,4091.049,4424.7743,1775442851344245780
vocseg,no_sharing,138.8125,9158.3164,4753.1916,46.4559,0.0032,47.0603,4071.3851,4405.1248,1775442851344245780
vocseg,no_sharing,138.8406,9130.3177,4753.1916,46.4559,0.0032,47.0603,4043.3757,4377.1261,1775442851344245780
vocseg,no_sharing,138.8562,9114.6681,4753.1916,46.4559,0.0032,47.0603,4027.7174,4361.4765,1775442851344245780
vocseg,no_sharing,138.8708,9100.0574,4753.1916,46.4559,0.0032,47.0603,4013.097,4346.8657,1775442851344245780
vocseg,no_sharing,138.9143,9056.5748,4753.1916,46.4559,0.0032,47.0603,3969.6047,4303.3832,1775442851344245780
vocseg,no_sharing,138.922,9048.9345,4753.1916,46.4559,0.0032,47.0603,3961.9551,4295.7428,1775442851344245780
vocseg,no_sharing,138.9326,9038.3253,4753.1916,46.4559,0.0032,47.0603,3951.3373,4285.1337,1775442851344245780
vocseg,no_sharing,139.1596,8811.2988,4753.1916,46.4559,0.0032,47.0603,3724.3018,4058.1072,1775442851344245780
vocseg,no_sharing,139.2981,8673.2826,4753.1916,46.4559,0.0032,47.0603,3585.8753,3920.091,1775442851344245780
vocseg,no_sharing,139.3217,8649.6544,4753.1916,46.4559,0.0032,47.0603,3562.2358,3896.4628,1775442851344245780
vocseg,no_sharing,139.396,8575.3229,4753.1916,46.4559,0.0032,47.0603,3487.8957,3822.1312,1775442851344245780
vocseg,no_sharing,139.4873,8484.0488,4753.1916,46.4559,0.0032,47.0603,3396.6117,3730.8572,1775442851344245780
vocseg,no_sharing,139.5378,8433.5365,4753.1916,46.4559,0.0032,47.0603,3346.0917,3680.3449,1775442851344245780
vocseg,no_sharing,139.7707,8200.6605,4753.1916,46.4559,0.0032,47.0603,3113.2071,3447.4689,1775442851344245780
vocseg,no_sharing,139.7995,8171.8869,4753.1916,46.4559,0.0032,47.0603,3084.4262,3418.6953,1775442851344245780
vocseg,no_sharing,139.9214,8049.9659,4753.1916,46.4559,0.0032,47.0603,2962.4972,3296.7742,1775442851344245780
vocseg,no_sharing,139.9261,12756.2184,4759.7867,50.0657,0.0039,47.0902,7985.9428,7996.4317,1775442856372353287
vocseg,no_sharing,139.9697,12717.2084,4759.7867,50.0657,0.0039,47.0902,7942.307,7957.4217,1775442856372353287
vocseg,no_sharing,139.9855,12710.6929,4759.7867,50.0657,0.0039,47.0902,7926.527,7950.9062,1775442856372353287
vocseg,no_sharing,140.0111,12685.0758,4759.7867,50.0657,0.0039,47.0902,7900.8992,7925.2891,1775442856372353287
vocseg,no_sharing,140.0287,12686.7495,4759.7867,50.0657,0.0039,47.0902,7883.2908,7926.9628,1775442856372353287
vocseg,no_sharing,140.0674,12648.1392,4759.7867,50.0657,0.0039,47.0902,7844.671,7888.3525,1775442856372353287
vocseg,no_sharing,140.1503,12565.2235,4759.7867,50.0657,0.0039,47.0902,7761.7486,7805.4368,1775442856372353287
vocseg,no_sharing,140.2035,12511.9841,4759.7867,50.0657,0.0039,47.0902,7708.5025,7752.1974,1775442856372353287
vocseg,no_sharing,140.2832,12464.1266,4759.7867,50.0657,0.0039,47.0902,7628.8443,7704.3399,1775442856372353287
vocseg,no_sharing,140.2832,12464.124,4759.7867,50.0657,0.0039,47.0902,7628.8309,7704.3373,1775442856372353287
vocseg,no_sharing,140.3123,12435.045,4759.7867,50.0657,0.0039,47.0902,7599.7455,7675.2583,1775442856372353287
vocseg,no_sharing,140.3159,12431.3974,4759.7867,50.0657,0.0039,47.0902,7596.0915,7671.6107,1775442856372353287
vocseg,no_sharing,140.3306,12416.7776,4759.7867,50.0657,0.0039,47.0902,7581.4655,7656.9909,1775442856372353287
vocseg,no_sharing,140.3324,12414.9888,4759.7867,50.0657,0.0039,47.0902,7579.6707,7655.2021,1775442856372353287
vocseg,no_sharing,140.4078,12339.5867,4759.7867,50.0657,0.0039,47.0902,7504.2624,7579.8,1775442856372353287
vocseg,no_sharing,140.4974,12305.7165,4759.7867,50.0657,0.0039,47.0902,7414.6779,7545.9298,1775442856372353287
vocseg,no_sharing,140.514,12289.0821,4759.7867,50.0657,0.0039,47.0902,7398.0291,7529.2954,1775442856372353287
vocseg,no_sharing,140.5443,12258.8265,4759.7867,50.0657,0.0039,47.0902,7367.7647,7499.0398,1775442856372353287
vocseg,no_sharing,140.5761,12226.9824,4759.7867,50.0657,0.0039,47.0902,7335.9127,7467.1957,1775442856372353287
vocseg,no_sharing,140.6008,12202.2917,4759.7867,50.0657,0.0039,47.0902,7311.2144,7442.505,1775442856372353287
vocseg,no_sharing,140.8206,11982.5594,4759.7867,50.0657,0.0039,47.0902,7091.4745,7222.7727,1775442856372353287
vocseg,no_sharing,140.901,11902.0774,4759.7867,50.0657,0.0039,47.0902,7010.9849,7142.2907,1775442856372353287
vocseg,no_sharing,140.9443,11858.7971,4759.7867,50.0657,0.0039,47.0902,6967.6976,7099.0104,1775442856372353287
vocseg,no_sharing,141.0136,11789.5362,4759.7867,50.0657,0.0039,47.0902,6898.4306,7029.7495,1775442856372353287
vocseg,no_sharing,141.2273,11575.8965,4759.7867,50.0657,0.0039,47.0902,6684.7835,6816.1098,1775442856372353287
vocseg,no_sharing,141.3472,11455.9295,4759.7867,50.0657,0.0039,47.0902,6564.8098,6696.1428,1775442856372353287
vocseg,no_sharing,141.4715,11331.6967,4759.7867,50.0657,0.0039,47.0902,6440.5704,6571.9101,1775442856372353287
vocseg,no_sharing,141.5282,11370.0969,4759.7867,50.0657,0.0039,47.0902,6383.8661,6610.3102,1775442856372353287
vocseg,no_sharing,141.5448,11353.435,4759.7867,50.0657,0.0039,47.0902,6367.1908,6593.6483,1775442856372353287
vocseg,no_sharing,141.5535,11344.789,4759.7867,50.0657,0.0039,47.0902,6358.5362,6585.0023,1775442856372353287
vocseg,no_sharing,141.6858,11212.5239,4759.7867,50.0657,0.0039,47.0902,6226.263,6452.7372,1775442856372353287
vocseg,no_sharing,141.6924,11205.9355,4759.7867,50.0657,0.0039,47.0902,6219.6662,6446.1488,1775442856372353287
vocseg,no_sharing,141.6971,11201.1678,4759.7867,50.0657,0.0039,47.0902,6214.8917,6441.3811,1775442856372353287
vocseg,no_sharing,141.6979,11200.4161,4759.7867,50.0657,0.0039,47.0902,6214.1323,6440.6294,1775442856372353287
vocseg,no_sharing,141.7102,11188.1707,4759.7867,50.0657,0.0039,47.0902,6201.879,6428.384,1775442856372353287
vocseg,no_sharing,141.7509,11147.455,4759.7867,50.0657,0.0039,47.0902,6161.1555,6387.6683,1775442856372353287
vocseg,no_sharing,141.8776,11020.7477,4759.7867,50.0657,0.0039,47.0902,6034.4405,6260.961,1775442856372353287
vocseg,no_sharing,141.8973,11001.0898,4759.7867,50.0657,0.0039,47.0902,6014.7748,6241.3031,1775442856372353287
vocseg,no_sharing,141.9079,10990.4389,4759.7867,50.0657,0.0039,47.0902,6004.1173,6230.6522,1775442856372353287
vocseg,no_sharing,142.0832,10815.1414,4759.7867,50.0657,0.0039,47.0902,5828.8126,6055.3547,1775442856372353287
vocseg,no_sharing,142.1385,10759.8712,4759.7867,50.0657,0.0039,47.0902,5773.5355,6000.0846,1775442856372353287
vocseg,no_sharing,142.1701,10728.2269,4759.7867,50.0657,0.0039,47.0902,5741.8842,5968.4402,1775442856372353287
vocseg,no_sharing,142.2555,10642.8921,4759.7867,50.0657,0.0039,47.0902,5656.5418,5883.1054,1775442856372353287
vocseg,no_sharing,142.3087,10589.7012,4759.7867,50.0657,0.0039,47.0902,5603.3437,5829.9145,1775442856372353287
vocseg,no_sharing,142.3195,10578.8949,4759.7867,50.0657,0.0039,47.0902,5592.5303,5819.1082,1775442856372353287
vocseg,no_sharing,142.3302,10568.213,4759.7867,50.0657,0.0039,47.0902,5581.8424,5808.4263,1775442856372353287
vocseg,no_sharing,142.4636,10434.8304,4759.7867,50.0657,0.0039,47.0902,5448.4532,5675.0437,1775442856372353287
vocseg,no_sharing,142.5329,10526.7076,4759.7867,50.0657,0.0039,47.0902,5379.1692,5766.921,1775442856372353287
vocseg,no_sharing,142.6011,10471.4944,4759.7867,50.0657,0.0039,47.0902,5310.9155,5711.7077,1775442856372353287
vocseg,no_sharing,142.6192,10453.4712,4759.7867,50.0657,0.0039,47.0902,5292.8791,5693.6845,1775442856372353287
vocseg,no_sharing,142.6788,10393.8355,4759.7867,50.0657,0.0039,47.0902,5233.2358,5634.0489,1775442856372353287
vocseg,no_sharing,142.6788,10393.8272,4759.7867,50.0657,0.0039,47.0902,5233.2191,5634.0405,1775442856372353287
vocseg,no_sharing,142.8268,10245.8384,4759.7867,50.0657,0.0039,47.0902,5085.2225,5486.0517,1775442856372353287
vocseg,no_sharing,142.8268,10245.8322,4759.7867,50.0657,0.0039,47.0902,5085.2098,5486.0455,1775442856372353287
vocseg,no_sharing,142.8268,10245.8317,4759.7867,50.0657,0.0039,47.0902,5085.2032,5486.045,1775442856372353287
vocseg,no_sharing,143.0074,10065.2971,4759.7867,50.0657,0.0039,47.0902,4904.6617,5305.5104,1775442856372353287
vocseg,no_sharing,143.0074,10065.2914,4759.7867,50.0657,0.0039,47.0902,4904.649,5305.5047,1775442856372353287
vocseg,no_sharing,143.0074,10065.2921,4759.7867,50.0657,0.0039,47.0902,4904.6433,5305.5054,1775442856372353287
vocseg,no_sharing,143.0074,10065.2952,4759.7867,50.0657,0.0039,47.0902,4904.6392,5305.5085,1775442856372353287
vocseg,no_sharing,143.0074,10065.3133,4759.7867,50.0657,0.0039,47.0902,4904.635,5305.5266,1775442856372353287
vocseg,no_sharing,143.0074,10065.3169,4759.7867,50.0657,0.0039,47.0902,4904.6309,5305.5302,1775442856372353287
vocseg,no_sharing,143.0074,10065.3198,4759.7867,50.0657,0.0039,47.0902,4904.6271,5305.5331,1775442856372353287
vocseg,no_sharing,143.0426,10030.0896,4759.7867,50.0657,0.0039,47.0902,4869.3893,5270.3029,1775442856372353287
vocseg,no_sharing,143.0535,10019.2528,4759.7867,50.0657,0.0039,47.0902,4858.5448,5259.4661,1775442856372353287
vocseg,no_sharing,143.0842,9988.5676,4759.7867,50.0657,0.0039,47.0902,4827.852,5228.7809,1775442856372353287
vocseg,no_sharing,143.1499,9922.8997,4759.7867,50.0657,0.0039,47.0902,4762.1775,5163.113,1775442856372353287
vocseg,no_sharing,143.2641,9808.6855,4759.7867,50.0657,0.0039,47.0902,4647.9564,5048.8988,1775442856372353287
vocseg,no_sharing,143.2641,9808.6803,4759.7867,50.0657,0.0039,47.0902,4647.9449,5048.8936,1775442856372353287
vocseg,no_sharing,143.2952,9777.5786,4759.7867,50.0657,0.0039,47.0902,4616.8363,5017.7919,1775442856372353287
vocseg,no_sharing,143.2952,9777.5724,4759.7867,50.0657,0.0039,47.0902,4616.8227,5017.7857,1775442856372353287
vocseg,no_sharing,143.2952,9777.5731,4759.7867,50.0657,0.0039,47.0902,4616.8168,5017.7864,1775442856372353287
vocseg,no_sharing,143.392,9680.7916,4759.7867,50.0657,0.0039,47.0902,4520.0284,4921.0049,1775442856372353287
vocseg,no_sharing,143.392,9680.7823,4759.7867,50.0657,0.0039,47.0902,4520.0133,4920.9956,1775442856372353287
vocseg,no_sharing,143.392,9680.783,4759.7867,50.0657,0.0039,47.0902,4520.0081,4920.9963,1775442856372353287
vocseg,no_sharing,143.392,9680.7847,4759.7867,50.0657,0.0039,47.0902,4520.004,4920.998,1775442856372353287
vocseg,no_sharing,143.4715,9601.3377,4759.7867,50.0657,0.0039,47.0902,4440.5513,4841.551,1775442856372353287
vocseg,no_sharing,143.4715,9601.3217,4759.7867,50.0657,0.0039,47.0902,4440.5293,4841.535,1775442856372353287
vocseg,no_sharing,143.4715,9601.3174,4759.7867,50.0657,0.0039,47.0902,4440.52,4841.5307,1775442856372353287
vocseg,no_sharing,143.5444,9528.4536,4759.7867,50.0657,0.0039,47.0902,4367.6496,4768.6669,1775442856372353287
vocseg,no_sharing,143.5676,9505.2366,4759.7867,50.0657,0.0039,47.0902,4344.4266,4745.4499,1775442856372353287
vocseg,no_sharing,143.6033,9469.5673,4759.7867,50.0657,0.0039,47.0902,4308.7521,4709.7806,1775442856372353287
vocseg,no_sharing,143.8014,9342.4122,4759.7867,50.0657,0.0039,47.0902,4110.6405,4582.6255,1775442856372353287
vocseg,no_sharing,143.8124,9331.4552,4759.7867,50.0657,0.0039,47.0902,4099.6706,4571.6685,1775442856372353287
vocseg,no_sharing,143.821,9343.2086,4759.7867,50.0657,0.0039,47.0902,4091.0602,4583.4219,1775442856372353287
vocseg,no_sharing,143.8376,9326.6201,4759.7867,50.0657,0.0039,47.0902,4074.4576,4566.8334,1775442856372353287
vocseg,no_sharing,143.8432,9320.966,4759.7867,50.0657,0.0039,47.0902,4068.7964,4561.1793,1775442856372353287
vocseg,no_sharing,143.8432,9320.9596,4759.7867,50.0657,0.0039,47.0902,4068.784,4561.1729,1775442856372353287
vocseg,no_sharing,143.8678,9296.4315,4759.7867,50.0657,0.0039,47.0902,4044.2491,4536.6448,1775442856372353287
vocseg,no_sharing,143.9008,9263.3991,4759.7867,50.0657,0.0039,47.0902,4011.2095,4503.6124,1775442856372353287
vocseg,no_sharing,143.9945,9169.6932,4759.7867,50.0657,0.0039,47.0902,3917.4964,4409.9065,1775442856372353287
vocseg,no_sharing,144.2074,8956.8474,4759.7867,50.0657,0.0039,47.0902,3704.6437,4197.0607,1775442856372353287
vocseg,no_sharing,144.2317,8932.538,4759.7867,50.0657,0.0039,47.0902,3680.3272,4172.7513,1775442856372353287
vocseg,no_sharing,144.3555,8808.7423,4759.7867,50.0657,0.0039,47.0902,3556.5245,4048.9556,1775442856372353287
vocseg,no_sharing,144.4366,8727.638,4759.7867,50.0657,0.0039,47.0902,3475.4117,3967.8513,1775442856372353287
vocseg,no_sharing,144.4403,8724.0076,4759.7867,50.0657,0.0039,47.0902,3471.7743,3964.2209,1775442856372353287
vocseg,no_sharing,144.5276,8636.6248,4759.7867,50.0657,0.0039,47.0902,3384.3846,3876.8381,1775442856372353287
vocseg,no_sharing,144.5303,8633.9793,4759.7867,50.0657,0.0039,47.0902,3381.7325,3874.1926,1775442856372353287
vocseg,no_sharing,144.5319,8632.3574,4759.7867,50.0657,0.0039,47.0902,3380.1041,3872.5707,1775442856372353287
vocseg,no_sharing,144.6028,8561.4474,4759.7867,50.0657,0.0039,47.0902,3309.1879,3801.6607,1775442856372353287
vocseg,no_sharing,144.6778,8486.5265,4759.7867,50.0657,0.0039,47.0902,3234.2603,3726.7398,1775442856372353287
vocseg,no_sharing,144.7692,12900.521,4701.0827,46.359,0.0029,46.5423,8188.2224,8199.4383,1775442861417758253
vocseg,no_sharing,144.7909,12887.5165,4701.0827,46.359,0.0029,46.5423,8166.5668,8186.4338,1775442861417758253
vocseg,no_sharing,144.8352,12843.2338,4701.0827,46.359,0.0029,46.5423,8122.2742,8142.1511,1775442861417758253
vocseg,no_sharing,144.9044,12787.9584,4701.0827,46.359,0.0029,46.5423,8053.0419,8086.8757,1775442861417758253
vocseg,no_sharing,144.921,12771.3327,4701.0827,46.359,0.0029,46.5423,8036.4053,8070.25,1775442861417758253
vocseg,no_sharing,144.9246,12767.7352,4701.0827,46.359,0.0029,46.5423,8032.8012,8066.6525,1775442861417758253
vocseg,no_sharing,144.9649,12750.8752,4701.0827,46.359,0.0029,46.5423,7992.5361,8049.7925,1775442861417758253
vocseg,no_sharing,145.0622,12653.5602,4701.0827,46.359,0.0029,46.5423,7895.2084,7952.4774,1775442861417758253
vocseg,no_sharing,145.0749,12640.9156,4701.0827,46.359,0.0029,46.5423,7882.5569,7939.8329,1775442861417758253
vocseg,no_sharing,145.0775,12638.3457,4701.0827,46.359,0.0029,46.5423,7879.9806,7937.263,1775442861417758253
vocseg,no_sharing,145.1009,12614.9054,4701.0827,46.359,0.0029,46.5423,7856.5331,7913.8226,1775442861417758253
vocseg,no_sharing,145.1685,12598.6114,4701.0827,46.359,0.0029,46.5423,7788.9068,7897.5286,1775442861417758253
vocseg,no_sharing,145.2078,12559.3369,4701.0827,46.359,0.0029,46.5423,7749.6171,7858.2542,1775442861417758253
vocseg,no_sharing,145.2845,12482.6493,4701.0827,46.359,0.0029,46.5423,7672.9202,7781.5666,1775442861417758253
vocseg,no_sharing,145.3842,12382.9436,4701.0827,46.359,0.0029,46.5423,7573.2071,7681.8609,1775442861417758253
vocseg,no_sharing,145.4056,12361.5382,4701.0827,46.359,0.0029,46.5423,7551.7941,7660.4555,1775442861417758253
vocseg,no_sharing,145.4103,12356.8919,4701.0827,46.359,0.0029,46.5423,7547.1404,7655.8092,1775442861417758253
vocseg,no_sharing,145.4529,12314.2667,4701.0827,46.359,0.0029,46.5423,7504.508,7613.184,1775442861417758253
vocseg,no_sharing,145.6473,12119.8888,4701.0827,46.359,0.0029,46.5423,7310.1218,7418.8061,1775442861417758253
vocseg,no_sharing,145.663,12104.2359,4701.0827,46.359,0.0029,46.5423,7294.4632,7403.1532,1775442861417758253
vocseg,no_sharing,145.7922,11975.0142,4701.0827,46.359,0.0029,46.5423,7165.2353,7273.9315,1775442861417758253
vocseg,no_sharing,145.9108,11959.5418,4701.0827,46.359,0.0029,46.5423,7046.598,7258.4591,1775442861417758253
vocseg,no_sharing,145.9907,11879.6935,4701.0827,46.359,0.0029,46.5423,6966.7344,7178.6108,1775442861417758253
vocseg,no_sharing,146.067,11803.4444,4701.0827,46.359,0.0029,46.5423,6890.4762,7102.3617,1775442861417758253
vocseg,no_sharing,146.0796,11790.7979,4701.0827,46.359,0.0029,46.5423,6877.8198,7089.7152,1775442861417758253
vocseg,no_sharing,146.1122,11758.189,4701.0827,46.359,0.0029,46.5423,6845.2017,7057.1062,1775442861417758253
vocseg,no_sharing,146.1523,11718.0994,4701.0827,46.359,0.0029,46.5423,6805.1038,7017.0166,1775442861417758253
vocseg,no_sharing,146.2153,11655.1261,4701.0827,46.359,0.0029,46.5423,6742.1222,6954.0434,1775442861417758253
vocseg,no_sharing,146.2269,11643.5969,4701.0827,46.359,0.0029,46.5423,6730.5841,6942.5142,1775442861417758253
vocseg,no_sharing,146.3572,11513.3061,4701.0827,46.359,0.0029,46.5423,6600.2853,6812.2234,1775442861417758253
vocseg,no_sharing,146.3658,11504.6926,4701.0827,46.359,0.0029,46.5423,6591.6629,6803.6098,1775442861417758253
vocseg,no_sharing,146.3834,11487.0682,4701.0827,46.359,0.0029,46.5423,6574.0311,6785.9855,1775442861417758253
vocseg,no_sharing,146.43,11440.4476,4701.0827,46.359,0.0029,46.5423,6527.4034,6739.3649,1775442861417758253
vocseg,no_sharing,146.6801,11190.4037,4701.0827,46.359,0.0029,46.5423,6277.3514,6489.321,1775442861417758253
vocseg,no_sharing,146.9483,10922.1671,4701.0827,46.359,0.0029,46.5423,6009.1066,6221.0843,1775442861417758253
vocseg,no_sharing,147.1131,10757.3745,4701.0827,46.359,0.0029,46.5423,5844.3069,6056.2918,1775442861417758253
vocseg,no_sharing,147.1873,10683.239,4701.0827,46.359,0.0029,46.5423,5770.1643,5982.1563,1775442861417758253
vocseg,no_sharing,147.205,10665.5252,4701.0827,46.359,0.0029,46.5423,5752.4433,5964.4425,1775442861417758253
vocseg,no_sharing,147.2946,10575.8922,4701.0827,46.359,0.0029,46.5423,5662.8022,5874.8095,1775442861417758253
vocseg,no_sharing,147.4114,10459.0962,4701.0827,46.359,0.0029,46.5423,5545.9993,5758.0135,1775442861417758253
vocseg,no_sharing,147.4222,10614.2025,4701.0827,46.359,0.0029,46.5423,5535.1999,5913.1198,1775442861417758253
vocseg,no_sharing,147.4421,10610.0516,4701.0827,46.359,0.0029,46.5423,5515.2969,5908.9689,1775442861417758253
vocseg,no_sharing,147.5124,10539.8226,4701.0827,46.359,0.0029,46.5423,5445.0538,5838.7399,1775442861417758253
vocseg,no_sharing,147.5384,10513.8242,4701.0827,46.359,0.0029,46.5423,5419.0466,5812.7415,1775442861417758253
vocseg,no_sharing,147.5384,10513.818,4701.0827,46.359,0.0029,46.5423,5419.0342,5812.7353,1775442861417758253
vocseg,no_sharing,147.7171,10335.1004,4701.0827,46.359,0.0029,46.5423,5240.309,5634.0177,1775442861417758253
vocseg,no_sharing,147.7171,10335.0952,4701.0827,46.359,0.0029,46.5423,5240.2964,5634.0125,1775442861417758253
vocseg,no_sharing,147.8182,10234.0527,4701.0827,46.359,0.0029,46.5423,5139.2467,5532.9699,1775442861417758253
vocseg,no_sharing,147.8182,10234.0426,4701.0827,46.359,0.0029,46.5423,5139.2303,5532.9599,1775442861417758253
vocseg,no_sharing,147.8182,10234.0436,4701.0827,46.359,0.0029,46.5423,5139.225,5532.9609,1775442861417758253
vocseg,no_sharing,147.8182,10234.046,4701.0827,46.359,0.0029,46.5423,5139.2205,5532.9633,1775442861417758253
vocseg,no_sharing,147.8182,10234.0488,4701.0827,46.359,0.0029,46.5423,5139.2169,5532.9661,1775442861417758253
vocseg,no_sharing,147.9344,10117.8436,4701.0827,46.359,0.0029,46.5423,5023.0048,5416.7609,1775442861417758253
vocseg,no_sharing,147.9718,10080.4927,4701.0827,46.359,0.0029,46.5423,4985.6462,5379.41,1775442861417758253
vocseg,no_sharing,147.9775,10074.7757,4701.0827,46.359,0.0029,46.5423,4979.9223,5373.693,1775442861417758253
vocseg,no_sharing,147.9843,10068.0406,4701.0827,46.359,0.0029,46.5423,4973.1798,5366.9579,1775442861417758253
vocseg,no_sharing,148.0186,10033.747,4701.0827,46.359,0.0029,46.5423,4938.8783,5332.6642,1775442861417758253
vocseg,no_sharing,148.1596,9892.7622,4701.0827,46.359,0.0029,46.5423,4797.8861,5191.6795,1775442861417758253
vocseg,no_sharing,148.1888,9863.4777,4701.0827,46.359,0.0029,46.5423,4768.5938,5162.395,1775442861417758253
vocseg,no_sharing,148.2153,9836.9801,4701.0827,46.359,0.0029,46.5423,4742.089,5135.8974,1775442861417758253
vocseg,no_sharing,148.4167,9635.5889,4701.0827,46.359,0.0029,46.5423,4540.6907,4934.5062,1775442861417758253
vocseg,no_sharing,148.4168,9635.5715,4701.0827,46.359,0.0029,46.5423,4540.6661,4934.4888,1775442861417758253
vocseg,no_sharing,148.4587,9593.6413,4701.0827,46.359,0.0029,46.5423,4498.7288,4892.5586,1775442861417758253
vocseg,no_sharing,148.4734,9579.0002,4701.0827,46.359,0.0029,46.5423,4484.0794,4877.9175,1775442861417758253
vocseg,no_sharing,148.484,9568.3813,4701.0827,46.359,0.0029,46.5423,4473.4511,4867.2986,1775442861417758253
vocseg,no_sharing,148.5076,9544.7731,4701.0827,46.359,0.0029,46.5423,4449.8348,4843.6904,1775442861417758253
vocseg,no_sharing,148.5152,9537.153,4701.0827,46.359,0.0029,46.5423,4442.2047,4836.0703,1775442861417758253
vocseg,no_sharing,148.5349,9517.5338,4701.0827,46.359,0.0029,46.5423,4422.5752,4816.4511,1775442861417758253
vocseg,no_sharing,148.5758,9476.6097,4701.0827,46.359,0.0029,46.5423,4381.6414,4775.527,1775442861417758253
vocseg,no_sharing,148.6417,9410.7327,4701.0827,46.359,0.0029,46.5423,4315.7532,4709.65,1775442861417758253
vocseg,no_sharing,148.741,9311.4033,4701.0827,46.359,0.0029,46.5423,4216.4133,4610.3206,1775442861417758253
vocseg,no_sharing,148.8355,9216.9447,4701.0827,46.359,0.0029,46.5423,4121.9437,4515.862,1775442861417758253
vocseg,no_sharing,148.9626,9089.8466,4701.0827,46.359,0.0029,46.5423,3994.8354,4388.7639,1775442861417758253
vocseg,no_sharing,148.9626,9089.8366,4701.0827,46.359,0.0029,46.5423,3994.8156,4388.7539,1775442861417758253
vocseg,no_sharing,148.9849,9067.5557,4701.0827,46.359,0.0029,46.5423,3972.5246,4366.4729,1775442861417758253
vocseg,no_sharing,148.9886,9063.8618,4701.0827,46.359,0.0029,46.5423,3968.8218,4362.7791,1775442861417758253
vocseg,no_sharing,148.9993,9053.2203,4701.0827,46.359,0.0029,46.5423,3958.1711,4352.1376,1775442861417758253
vocseg,no_sharing,149.0165,9035.9554,4701.0827,46.359,0.0029,46.5423,3940.897,4334.8727,1775442861417758253
vocseg,no_sharing,149.0538,8998.6603,4701.0827,46.359,0.0029,46.5423,3903.5921,4297.5776,1775442861417758253
vocseg,no_sharing,149.0585,8994.0448,4701.0827,46.359,0.0029,46.5423,3898.9687,4292.9621,1775442861417758253
vocseg,no_sharing,149.0601,8992.3809,4701.0827,46.359,0.0029,46.5423,3897.2957,4291.2981,1775442861417758253
vocseg,no_sharing,149.1213,8931.2291,4701.0827,46.359,0.0029,46.5423,3836.1361,4230.1464,1775442861417758253
vocseg,no_sharing,149.1606,8891.9652,4701.0827,46.359,0.0029,46.5423,3796.8638,4190.8824,1775442861417758253
vocseg,no_sharing,149.1892,8863.3368,4701.0827,46.359,0.0029,46.5423,3768.2266,4162.2541,1775442861417758253
vocseg,no_sharing,149.1959,8856.6806,4701.0827,46.359,0.0029,46.5423,3761.5609,4155.5979,1775442861417758253
vocseg,no_sharing,149.2235,8941.8991,4701.0827,46.359,0.0029,46.5423,3733.959,4240.8163,1775442861417758253
vocseg,no_sharing,149.2592,8906.209,4701.0827,46.359,0.0029,46.5423,3698.2505,4205.1263,1775442861417758253
vocseg,no_sharing,149.3605,8804.9147,4701.0827,46.359,0.0029,46.5423,3596.9455,4103.832,1775442861417758253
vocseg,no_sharing,149.3631,8802.289,4701.0827,46.359,0.0029,46.5423,3594.3127,4101.2063,1775442861417758253
vocseg,no_sharing,149.3734,8828.2132,4701.0827,46.359,0.0029,46.5423,3584.0633,4127.1305,1775442861417758253
vocseg,no_sharing,149.3781,8823.4613,4701.0827,46.359,0.0029,46.5423,3579.2971,4122.3786,1775442861417758253
vocseg,no_sharing,149.4375,8764.1447,4701.0827,46.359,0.0029,46.5423,3519.9709,4063.0619,1775442861417758253
vocseg,no_sharing,149.5534,8648.2434,4701.0827,46.359,0.0029,46.5423,3404.0613,3947.1607,1775442861417758253
vocseg,no_sharing,149.583,8618.6078,4701.0827,46.359,0.0029,46.5423,3374.4178,3917.525,1775442861417758253
vocseg,no_sharing,149.6127,8588.9826,4701.0827,46.359,0.0029,46.5423,3344.7852,3887.8999,1775442861417758253
vocseg,no_sharing,149.6722,8529.4471,4701.0827,46.359,0.0029,46.5423,3285.2426,3828.3644,1775442861417758253
vocseg,no_sharing,149.6886,8513.0424,4701.0827,46.359,0.0029,46.5423,3268.831,3811.9597,1775442861417758253
vocseg,no_sharing,149.7865,8415.1349,4701.0827,46.359,0.0029,46.5423,3170.9161,3714.0522,1775442861417758253
vocseg,no_sharing,149.8713,8330.4045,4701.0827,46.359,0.0029,46.5423,3086.1781,3629.3218,1775442861417758253
vocseg,no_sharing,149.9009,8300.766,4701.0827,46.359,0.0029,46.5423,3056.5295,3599.6833,1775442861417758253
vocseg,no_sharing,149.9455,12722.1594,4733.441,71.8499,0.0035,46.6087,7978.2605,7988.7184,1775442866384126969
vocseg,no_sharing,149.9668,12709.5618,4733.441,71.8499,0.0035,46.6087,7956.9752,7976.1209,1775442866384126969
vocseg,no_sharing,149.9815,12694.9515,4733.441,71.8499,0.0035,46.6087,7942.3554,7961.5106,1775442866384126969
vocseg,no_sharing,149.9871,12711.3848,4733.441,71.8499,0.0035,46.6087,7936.6992,7977.9438,1775442866384126969
vocseg,no_sharing,150.0204,12678.1452,4733.441,71.8499,0.0035,46.6087,7903.4503,7944.7042,1775442866384126969
vocseg,no_sharing,150.0537,12644.7892,4733.441,71.8499,0.0035,46.6087,7870.0871,7911.3483,1775442866384126969
vocseg,no_sharing,150.1311,12567.4489,4733.441,71.8499,0.0035,46.6087,7792.7403,7834.0079,1775442866384126969
vocseg,no_sharing,150.2012,12497.2994,4733.441,71.8499,0.0035,46.6087,7722.5845,7763.8585,1775442866384126969
vocseg,no_sharing,150.2289,12526.571,4733.441,71.8499,0.0035,46.6087,7694.9434,7793.1301,1775442866384126969
vocseg,no_sharing,150.2345,12520.967,4733.441,71.8499,0.0035,46.6087,7689.3258,7787.5261,1775442866384126969
vocseg,no_sharing,150.2588,12496.7034,4733.441,71.8499,0.0035,46.6087,7665.0541,7763.2624,1775442866384126969
vocseg,no_sharing,150.3667,12388.7382,4733.441,71.8499,0.0035,46.6087,7557.08,7655.2972,1775442866384126969
vocseg,no_sharing,150.3814,12374.0654,4733.441,71.8499,0.0035,46.6087,7542.3994,7640.6244,1775442866384126969
vocseg,no_sharing,150.3935,12362.0265,4733.441,71.8499,0.0035,46.6087,7530.3528,7628.5855,1775442866384126969
vocseg,no_sharing,150.4447,12310.7505,4733.441,71.8499,0.0035,46.6087,7479.0685,7577.3095,1775442866384126969
vocseg,no_sharing,150.4724,12283.1395,4733.441,71.8499,0.0035,46.6087,7451.4513,7549.6985,1775442866384126969
vocseg,no_sharing,150.4998,12255.7247,4733.441,71.8499,0.0035,46.6087,7424.0294,7522.2837,1775442866384126969
vocseg,no_sharing,150.5824,12173.0707,4733.441,71.8499,0.0035,46.6087,7341.3687,7439.6297,1775442866384126969
vocseg,no_sharing,150.7508,12004.7028,4733.441,71.8499,0.0035,46.6087,7172.9932,7271.2619,1775442866384126969
vocseg,no_sharing,150.7794,11976.0859,4733.441,71.8499,0.0035,46.6087,7144.3706,7242.6449,1775442866384126969
vocseg,no_sharing,150.8277,11927.7942,4733.441,71.8499,0.0035,46.6087,7096.0727,7194.3533,1775442866384126969
vocseg,no_sharing,150.8474,12053.7829,4733.441,71.8499,0.0035,46.6087,7076.4484,7320.342,1775442866384126969
vocseg,no_sharing,150.9921,11909.0583,4733.441,71.8499,0.0035,46.6087,6931.7086,7175.6174,1775442866384126969
vocseg,no_sharing,151.0367,11864.4433,4733.441,71.8499,0.0035,46.6087,6887.085,7131.0024,1775442866384126969
vocseg,no_sharing,151.052,11849.1881,4733.441,71.8499,0.0035,46.6087,6871.8204,7115.7471,1775442866384126969
vocseg,no_sharing,151.0867,11814.446,4733.441,71.8499,0.0035,46.6087,6837.0697,7081.005,1775442866384126969
vocseg,no_sharing,151.1024,11798.8312,4733.441,71.8499,0.0035,46.6087,6821.4457,7065.3903,1775442866384126969
vocseg,no_sharing,151.1397,11761.4849,4733.441,71.8499,0.0035,46.6087,6784.09,7028.0439,1775442866384126969
vocseg,no_sharing,151.1593,11741.8618,4733.441,71.8499,0.0035,46.6087,6764.4587,7008.4209,1775442866384126969
vocseg,no_sharing,151.1906,11710.6018,4733.441,71.8499,0.0035,46.6087,6733.1893,6977.1609,1775442866384126969
vocseg,no_sharing,151.2452,11656.0597,4733.441,71.8499,0.0035,46.6087,6678.6389,6922.6188,1775442866384126969
vocseg,no_sharing,151.2489,11652.2889,4733.441,71.8499,0.0035,46.6087,6674.8598,6918.848,1775442866384126969
vocseg,no_sharing,151.3399,11561.3561,4733.441,71.8499,0.0035,46.6087,6583.9179,6827.9151,1775442866384126969
vocseg,no_sharing,151.3745,11526.7556,4733.441,71.8499,0.0035,46.6087,6549.3093,6793.3146,1775442866384126969
vocseg,no_sharing,151.3938,11507.4475,4733.441,71.8499,0.0035,46.6087,6529.9923,6774.0065,1775442866384126969
vocseg,no_sharing,151.4014,11499.8395,4733.441,71.8499,0.0035,46.6087,6522.3758,6766.3986,1775442866384126969
vocseg,no_sharing,151.5757,11325.5532,4733.441,71.8499,0.0035,46.6087,6348.079,6592.1122,1775442866384126969
vocseg,no_sharing,151.588,11313.2601,4733.441,71.8499,0.0035,46.6087,6335.777,6579.8191,1775442866384126969
vocseg,no_sharing,151.6337,11267.6404,4733.441,71.8499,0.0035,46.6087,6290.148,6534.1994,1775442866384126969
vocseg,no_sharing,151.6773,11224.0229,4733.441,71.8499,0.0035,46.6087,6246.5219,6490.5819,1775442866384126969
vocseg,no_sharing,151.6829,11218.3955,4733.441,71.8499,0.0035,46.6087,6240.8857,6484.9545,1775442866384126969
vocseg,no_sharing,151.7742,11127.12,4733.441,71.8499,0.0035,46.6087,6149.6015,6393.6791,1775442866384126969
vocseg,no_sharing,151.7818,11119.4944,4733.441,71.8499,0.0035,46.6087,6141.9673,6386.0535,1775442866384126969
vocseg,no_sharing,151.8938,11007.5855,4733.441,71.8499,0.0035,46.6087,6030.0508,6274.1446,1775442866384126969
vocseg,no_sharing,151.9242,10977.1802,4733.441,71.8499,0.0035,46.6087,5999.6374,6243.7393,1775442866384126969
vocseg,no_sharing,152.0613,10840.0242,4733.441,71.8499,0.0035,46.6087,5862.4735,6106.5833,1775442866384126969
vocseg,no_sharing,152.0654,10835.9237,4733.441,71.8499,0.0035,46.6087,5858.3651,6102.4827,1775442866384126969
vocseg,no_sharing,152.1421,10759.2809,4733.441,71.8499,0.0035,46.6087,5781.7149,6025.84,1775442866384126969
vocseg,no_sharing,152.2262,10675.2195,4733.441,71.8499,0.0035,46.6087,5697.6459,5941.7786,1775442866384126969
vocseg,no_sharing,152.2282,10673.1892,4733.441,71.8499,0.0035,46.6087,5695.6096,5939.7482,1775442866384126969
vocseg,no_sharing,152.377,10524.4327,4733.441,71.8499,0.0035,46.6087,5546.8459,5790.9917,1775442866384126969
vocseg,no_sharing,152.3857,10515.6608,4733.441,71.8499,0.0035,46.6087,5538.0671,5782.2198,1775442866384126969
vocseg,no_sharing,152.4768,10424.634,4733.441,71.8499,0.0035,46.6087,5447.0341,5691.193,1775442866384126969
vocseg,no_sharing,152.4884,10519.104,4733.441,71.8499,0.0035,46.6087,5435.3945,5785.6631,1775442866384126969
vocseg,no_sharing,152.5325,10475.0457,4733.441,71.8499,0.0035,46.6087,5391.3229,5741.6047,1775442866384126969
vocseg,no_sharing,152.6405,10372.1631,4733.441,71.8499,0.0035,46.6087,5283.2997,5638.7221,1775442866384126969
vocseg,no_sharing,152.6871,10325.6176,4733.441,71.8499,0.0035,46.6087,5236.7358,5592.1766,1775442866384126969
vocseg,no_sharing,152.7464,10266.3658,4733.441,71.8499,0.0035,46.6087,5177.4528,5532.9248,1775442866384126969
vocseg,no_sharing,152.7464,10266.3629,4733.441,71.8499,0.0035,46.6087,5177.4366,5532.922,1775442866384126969
vocseg,no_sharing,152.8914,10121.3467,4733.441,71.8499,0.0035,46.6087,5032.4104,5387.9058,1775442866384126969
vocseg,no_sharing,152.8914,10121.3346,4733.441,71.8499,0.0035,46.6087,5032.3899,5387.8936,1775442866384126969
vocseg,no_sharing,152.8914,10121.3343,4733.441,71.8499,0.0035,46.6087,5032.3822,5387.8934,1775442866384126969
vocseg,no_sharing,152.8914,10121.3353,4733.441,71.8499,0.0035,46.6087,5032.3765,5387.8943,1775442866384126969
vocseg,no_sharing,153.2439,9768.8951,4733.441,71.8499,0.0035,46.6087,4679.9278,5035.4542,1775442866384126969
vocseg,no_sharing,153.2439,9768.8959,4733.441,71.8499,0.0035,46.6087,4679.9214,5035.4549,1775442866384126969
vocseg,no_sharing,153.2439,9768.8975,4733.441,71.8499,0.0035,46.6087,4679.9161,5035.4566,1775442866384126969
vocseg,no_sharing,153.2439,9768.9002,4733.441,71.8499,0.0035,46.6087,4679.9116,5035.4592,1775442866384126969
vocseg,no_sharing,153.4365,9576.3164,4733.441,71.8499,0.0035,46.6087,4487.3207,4842.8754,1775442866384126969
vocseg,no_sharing,153.4365,9576.3052,4733.441,71.8499,0.0035,46.6087,4487.3025,4842.8642,1775442866384126969
vocseg,no_sharing,153.4365,9576.3071,4733.441,71.8499,0.0035,46.6087,4487.2973,4842.8661,1775442866384126969
vocseg,no_sharing,153.4365,9576.3092,4733.441,71.8499,0.0035,46.6087,4487.2925,4842.8683,1775442866384126969
vocseg,no_sharing,153.4365,9576.313,4733.441,71.8499,0.0035,46.6087,4487.289,4842.8721,1775442866384126969
vocseg,no_sharing,153.4365,9576.3168,4733.441,71.8499,0.0035,46.6087,4487.2854,4842.8759,1775442866384126969
vocseg,no_sharing,153.541,9471.8745,4733.441,71.8499,0.0035,46.6087,4382.8347,4738.4335,1775442866384126969
vocseg,no_sharing,153.5659,9446.9533,4733.441,71.8499,0.0035,46.6087,4357.9056,4713.5123,1775442866384126969
vocseg,no_sharing,153.5966,9416.2133,4733.441,71.8499,0.0035,46.6087,4327.1585,4682.7723,1775442866384126969
vocseg,no_sharing,153.6106,9402.2753,4733.441,71.8499,0.0035,46.6087,4313.2133,4668.8344,1775442866384126969
vocseg,no_sharing,153.6106,9402.2648,4733.441,71.8499,0.0035,46.6087,4313.1964,4668.8239,1775442866384126969
vocseg,no_sharing,153.6235,9389.3502,4733.441,71.8499,0.0035,46.6087,4300.2739,4655.9092,1775442866384126969
vocseg,no_sharing,153.6287,9384.1462,4733.441,71.8499,0.0035,46.6087,4295.0625,4650.7053,1775442866384126969
vocseg,no_sharing,153.808,9204.9112,4733.441,71.8499,0.0035,46.6087,4115.8187,4471.4703,1775442866384126969
vocseg,no_sharing,153.8282,9184.7146,4733.441,71.8499,0.0035,46.6087,4095.6149,4451.2736,1775442866384126969
vocseg,no_sharing,153.8309,9181.972,4733.441,71.8499,0.0035,46.6087,4092.8648,4448.5311,1775442866384126969
vocseg,no_sharing,153.858,9154.8915,4733.441,71.8499,0.0035,46.6087,4065.7763,4421.4505,1775442866384126969
vocseg,no_sharing,153.863,9149.9541,4733.441,71.8499,0.0035,46.6087,4060.8318,4416.5131,1775442866384126969
vocseg,no_sharing,153.892,9120.9097,4733.441,71.8499,0.0035,46.6087,4031.7802,4387.4687,1775442866384126969
vocseg,no_sharing,153.9098,9103.1342,4733.441,71.8499,0.0035,46.6087,4013.9976,4369.6932,1775442866384126969
vocseg,no_sharing,153.9098,9103.128,4733.441,71.8499,0.0035,46.6087,4013.9849,4369.687,1775442866384126969
vocseg,no_sharing,153.997,9183.8338,4733.441,71.8499,0.0035,46.6087,3926.7833,4450.3929,1775442866384126969
vocseg,no_sharing,154.0179,9162.9338,4733.441,71.8499,0.0035,46.6087,3905.8638,4429.4929,1775442866384126969
vocseg,no_sharing,154.0968,9084.0564,4733.441,71.8499,0.0035,46.6087,3826.9672,4350.6154,1775442866384126969
vocseg,no_sharing,154.2112,8969.7595,4733.441,71.8499,0.0035,46.6087,3712.652,4236.3185,1775442866384126969
vocseg,no_sharing,154.2226,8958.3554,4733.441,71.8499,0.0035,46.6087,3701.2284,4224.9145,1775442866384126969
vocseg,no_sharing,154.2914,8889.5755,4733.441,71.8499,0.0035,46.6087,3632.4298,4156.1345,1775442866384126969
vocseg,no_sharing,154.3728,8808.1558,4733.441,71.8499,0.0035,46.6087,3551.0008,4074.7148,1775442866384126969
vocseg,no_sharing,154.4107,8770.2932,4733.441,71.8499,0.0035,46.6087,3513.1192,4036.8523,1775442866384126969
vocseg,no_sharing,154.4894,8691.6447,4733.441,71.8499,0.0035,46.6087,3434.4516,3958.2037,1775442866384126969
vocseg,no_sharing,154.5111,8669.8918,4733.441,71.8499,0.0035,46.6087,3412.6804,3936.4509,1775442866384126969
vocseg,no_sharing,154.5548,8626.2844,4733.441,71.8499,0.0035,46.6087,3369.056,3892.8434,1775442866384126969
vocseg,no_sharing,154.5573,8623.78,4733.441,71.8499,0.0035,46.6087,3366.534,3890.3391,1775442866384126969
vocseg,no_sharing,154.5828,13306.0706,4855.3047,48.3828,0.004,48.062,8440.4664,8450.7659,1775442871483631171
vocseg,no_sharing,154.6577,13234.0417,4855.3047,48.3828,0.004,48.062,8365.5624,8378.737,1775442871483631171
vocseg,no_sharing,154.8528,13041.8212,4855.3047,48.3828,0.004,48.062,8170.4817,8186.5165,1775442871483631171
vocseg,no_sharing,154.9536,12943.9251,4855.3047,48.3828,0.004,48.062,8069.7563,8088.6204,1775442871483631171
vocseg,no_sharing,154.9653,12935.065,4855.3047,48.3828,0.004,48.062,8058.0504,8079.7603,1775442871483631171
vocseg,no_sharing,154.9767,12926.5165,4855.3047,48.3828,0.004,48.062,8046.5894,8071.2118,1775442871483631171
vocseg,no_sharing,155.008,12900.9001,4855.3047,48.3828,0.004,48.062,8015.3103,8045.5954,1775442871483631171
vocseg,no_sharing,155.0865,12822.3867,4855.3047,48.3828,0.004,48.062,7936.7888,7967.082,1775442871483631171
vocseg,no_sharing,155.1187,12796.2723,4855.3047,48.3828,0.004,48.062,7904.6371,7940.9676,1775442871483631171
vocseg,no_sharing,155.2168,12698.1132,4855.3047,48.3828,0.004,48.062,7806.4699,7842.8085,1775442871483631171
vocseg,no_sharing,155.2288,12691.7803,4855.3047,48.3828,0.004,48.062,7794.5521,7836.4756,1775442871483631171
vocseg,no_sharing,155.2493,12671.2303,4855.3047,48.3828,0.004,48.062,7773.9935,7815.9256,1775442871483631171
vocseg,no_sharing,155.2733,12652.9932,4855.3047,48.3828,0.004,48.062,7749.9871,7797.6885,1775442871483631171
vocseg,no_sharing,155.3071,12619.1978,4855.3047,48.3828,0.004,48.062,7716.1834,7763.8932,1775442871483631171
vocseg,no_sharing,155.3577,12577.3075,4855.3047,48.3828,0.004,48.062,7665.6213,7722.0028,1775442871483631171
vocseg,no_sharing,155.4085,12526.4707,4855.3047,48.3828,0.004,48.062,7614.7766,7671.166,1775442871483631171
vocseg,no_sharing,155.4399,12495.0972,4855.3047,48.3828,0.004,48.062,7583.3972,7639.7925,1775442871483631171
vocseg,no_sharing,155.4399,12503.4969,4855.3047,48.3828,0.004,48.062,7583.3843,7648.1922,1775442871483631171
vocseg,no_sharing,155.4809,12462.574,4855.3047,48.3828,0.004,48.062,7542.4495,7607.2693,1775442871483631171
vocseg,no_sharing,155.5066,12436.8451,4855.3047,48.3828,0.004,48.062,7516.7089,7581.5404,1775442871483631171
vocseg,no_sharing,155.5371,12414.8474,4855.3047,48.3828,0.004,48.062,7486.182,7559.5427,1775442871483631171
vocseg,no_sharing,155.566,12385.9885,4855.3047,48.3828,0.004,48.062,7457.3147,7530.6838,1775442871483631171
vocseg,no_sharing,155.7464,12205.574,4855.3047,48.3828,0.004,48.062,7276.8946,7350.2693,1775442871483631171
vocseg,no_sharing,155.8189,12144.3424,4855.3047,48.3828,0.004,48.062,7204.3998,7289.0377,1775442871483631171
vocseg,no_sharing,155.9044,12058.8284,4855.3047,48.3828,0.004,48.062,7118.8776,7203.5237,1775442871483631171
vocseg,no_sharing,155.925,12038.2693,4855.3047,48.3828,0.004,48.062,7098.3126,7182.9646,1775442871483631171
vocseg,no_sharing,155.925,12038.2617,4855.3047,48.3828,0.004,48.062,7098.3007,7182.957,1775442871483631171
vocseg,no_sharing,156.0096,11965.2703,4855.3047,48.3828,0.004,48.062,7013.6719,7109.9656,1775442871483631171
vocseg,no_sharing,156.0474,11927.5246,4855.3047,48.3828,0.004,48.062,6975.9178,7072.2199,1775442871483631171
vocseg,no_sharing,156.0646,11910.3384,4855.3047,48.3828,0.004,48.062,6958.7266,7055.0337,1775442871483631171
vocseg,no_sharing,156.1653,11809.669,4855.3047,48.3828,0.004,48.062,6858.052,6954.3643,1775442871483631171
vocseg,no_sharing,156.1747,11815.5315,4855.3047,48.3828,0.004,48.062,6848.6328,6960.2268,1775442871483631171
vocseg,no_sharing,156.2344,11755.8267,4855.3047,48.3828,0.004,48.062,6788.9178,6900.522,1775442871483631171
vocseg,no_sharing,156.2718,11718.4193,4855.3047,48.3828,0.004,48.062,6751.5042,6863.1146,1775442871483631171
vocseg,no_sharing,156.3552,11635.0627,4855.3047,48.3828,0.004,48.062,6668.143,6779.758,1775442871483631171
vocseg,no_sharing,156.3583,11631.9354,4855.3047,48.3828,0.004,48.062,6665.0107,6776.6307,1775442871483631171
vocseg,no_sharing,156.5024,11504.7364,4855.3047,48.3828,0.004,48.062,6520.9076,6649.4317,1775442871483631171
vocseg,no_sharing,156.5365,11470.6514,4855.3047,48.3828,0.004,48.062,6486.8126,6615.3467,1775442871483631171
vocseg,no_sharing,156.6582,11348.9861,4855.3047,48.3828,0.004,48.062,6365.1385,6493.6815,1775442871483631171
vocseg,no_sharing,156.6864,11320.786,4855.3047,48.3828,0.004,48.062,6336.9315,6465.4813,1775442871483631171
vocseg,no_sharing,156.7637,11243.4993,4855.3047,48.3828,0.004,48.062,6259.6369,6388.1946,1775442871483631171
vocseg,no_sharing,156.8384,11182.8928,4855.3047,48.3828,0.004,48.062,6184.881,6327.5881,1775442871483631171
vocseg,no_sharing,156.8384,11190.7005,4855.3047,48.3828,0.004,48.062,6184.8679,6335.3958,1775442871483631171
vocseg,no_sharing,156.893,11136.1094,4855.3047,48.3828,0.004,48.062,6130.266,6280.8047,1775442871483631171
vocseg,no_sharing,156.8938,11135.3168,4855.3047,48.3828,0.004,48.062,6129.4658,6280.0122,1775442871483631171
vocseg,no_sharing,156.9341,11095.0782,4855.3047,48.3828,0.004,48.062,6089.2203,6239.7735,1775442871483631171
vocseg,no_sharing,157.0211,11008.0719,4855.3047,48.3828,0.004,48.062,6002.2068,6152.7672,1775442871483631171
vocseg,no_sharing,157.0541,10997.5839,4855.3047,48.3828,0.004,48.062,5969.2559,6142.2792,1775442871483631171
vocseg,no_sharing,157.0729,10978.7903,4855.3047,48.3828,0.004,48.062,5950.4509,6123.4856,1775442871483631171
vocseg,no_sharing,157.0987,10977.5527,4855.3047,48.3828,0.004,48.062,5924.5794,6122.248,1775442871483631171
vocseg,no_sharing,157.1258,10950.5155,4855.3047,48.3828,0.004,48.062,5897.5279,6095.2108,1775442871483631171
vocseg,no_sharing,157.2678,10808.4629,4855.3047,48.3828,0.004,48.062,5755.4665,5953.1582,1775442871483631171
vocseg,no_sharing,157.34,10736.3305,4855.3047,48.3828,0.004,48.062,5683.3262,5881.0258,1775442871483631171
vocseg,no_sharing,157.3508,10725.5733,4855.3047,48.3828,0.004,48.062,5672.5607,5870.2686,1775442871483631171
vocseg,no_sharing,157.3585,10814.0333,4855.3047,48.3828,0.004,48.062,5664.799,5958.7286,1775442871483631171
vocseg,no_sharing,157.4324,10740.1586,4855.3047,48.3828,0.004,48.062,5590.9095,5884.8539,1775442871483631171
vocseg,no_sharing,157.4469,10725.7102,4855.3047,48.3828,0.004,48.062,5576.4518,5870.4055,1775442871483631171
vocseg,no_sharing,157.5122,10660.3603,4855.3047,48.3828,0.004,48.062,5511.0836,5805.0556,1775442871483631171
vocseg,no_sharing,157.5122,10766.1915,4855.3047,48.3828,0.004,48.062,5511.0703,5910.8868,1775442871483631171
vocseg,no_sharing,157.6281,10650.3181,4855.3047,48.3828,0.004,48.062,5395.1731,5795.0135,1775442871483631171
vocseg,no_sharing,157.6282,10650.3143,4855.3047,48.3828,0.004,48.062,5395.1612,5795.0096,1775442871483631171
vocseg,no_sharing,157.6323,10646.1735,4855.3047,48.3828,0.004,48.062,5391.0041,5790.8688,1775442871483631171
vocseg,no_sharing,158.0363,10242.2216,4855.3047,48.3828,0.004,48.062,4987.0338,5386.9169,1775442871483631171
vocseg,no_sharing,158.0363,10242.2237,4855.3047,48.3828,0.004,48.062,4987.0272,5386.919,1775442871483631171
vocseg,no_sharing,158.0363,10242.234,4855.3047,48.3828,0.004,48.062,4987.0203,5386.9293,1775442871483631171
vocseg,no_sharing,158.0363,10242.2359,4855.3047,48.3828,0.004,48.062,4987.0138,5386.9312,1775442871483631171
vocseg,no_sharing,158.0363,10242.2447,4855.3047,48.3828,0.004,48.062,4987.0067,5386.94,1775442871483631171
vocseg,no_sharing,158.0363,10242.2545,4855.3047,48.3828,0.004,48.062,4987.0005,5386.9498,1775442871483631171
vocseg,no_sharing,158.3529,9925.6527,4855.3047,48.3828,0.004,48.062,4670.3901,5070.348,1775442871483631171
vocseg,no_sharing,158.3529,9925.6516,4855.3047,48.3828,0.004,48.062,4670.3732,5070.3469,1775442871483631171
vocseg,no_sharing,158.3529,9925.6604,4855.3047,48.3828,0.004,48.062,4670.3665,5070.3557,1775442871483631171
vocseg,no_sharing,158.3529,10088.3105,4855.3047,48.3828,0.004,48.062,4670.3622,5233.0058,1775442871483631171
vocseg,no_sharing,158.353,10088.3279,4855.3047,48.3828,0.004,48.062,4670.3584,5233.0232,1775442871483631171
vocseg,no_sharing,158.353,10088.3381,4855.3047,48.3828,0.004,48.062,4670.3546,5233.0334,1775442871483631171
vocseg,no_sharing,158.353,10088.3405,4855.3047,48.3828,0.004,48.062,4670.351,5233.0358,1775442871483631171
vocseg,no_sharing,158.353,10088.3489,4855.3047,48.3828,0.004,48.062,4670.3472,5233.0442,1775442871483631171
vocseg,no_sharing,158.353,10088.3574,4855.3047,48.3828,0.004,48.062,4670.3436,5233.0528,1775442871483631171
vocseg,no_sharing,158.4461,9995.2769,4855.3047,48.3828,0.004,48.062,4577.2569,5139.9722,1775442871483631171
vocseg,no_sharing,158.4718,9969.5199,4855.3047,48.3828,0.004,48.062,4551.4877,5114.2152,1775442871483631171
vocseg,no_sharing,158.5809,9860.4593,4855.3047,48.3828,0.004,48.062,4442.4198,5005.1546,1775442871483631171
vocseg,no_sharing,158.5956,9845.7904,4855.3047,48.3828,0.004,48.062,4427.7375,4990.4857,1775442871483631171
vocseg,no_sharing,158.6149,9826.4573,4855.3047,48.3828,0.004,48.062,4408.3903,4971.1526,1775442871483631171
vocseg,no_sharing,158.6376,9803.8144,4855.3047,48.3828,0.004,48.062,4385.741,4948.5097,1775442871483631171
vocseg,no_sharing,158.7908,9650.5752,4855.3047,48.3828,0.004,48.062,4232.4886,4795.2705,1775442871483631171
vocseg,no_sharing,158.7914,9650.0309,4855.3047,48.3828,0.004,48.062,4231.9324,4794.7262,1775442871483631171
vocseg,no_sharing,158.7985,9752.9087,4855.3047,48.3828,0.004,48.062,4224.8046,4897.604,1775442871483631171
vocseg,no_sharing,158.8016,9749.8069,4855.3047,48.3828,0.004,48.062,4221.6811,4894.5022,1775442871483631171
vocseg,no_sharing,158.8112,9740.2282,4855.3047,48.3828,0.004,48.062,4212.0895,4884.9235,1775442871483631171
vocseg,no_sharing,158.8527,9698.8006,4855.3047,48.3828,0.004,48.062,4170.6538,4843.4959,1775442871483631171
vocseg,no_sharing,158.8841,9667.3467,4855.3047,48.3828,0.004,48.062,4139.1861,4812.042,1775442871483631171
vocseg,no_sharing,158.9529,9598.5606,4855.3047,48.3828,0.004,48.062,4070.3859,4743.2559,1775442871483631171
vocseg,no_sharing,159.0069,9544.6377,4855.3047,48.3828,0.004,48.062,4016.4564,4689.333,1775442871483631171
vocseg,no_sharing,159.0376,9513.8984,4855.3047,48.3828,0.004,48.062,3985.7044,4658.5937,1775442871483631171
vocseg,no_sharing,159.0949,9456.6689,4855.3047,48.3828,0.004,48.062,3928.4611,4601.3642,1775442871483631171
vocseg,no_sharing,159.1048,9446.7363,4855.3047,48.3828,0.004,48.062,3918.5219,4591.4316,1775442871483631171
vocseg,no_sharing,159.1806,9370.9705,4855.3047,48.3828,0.004,48.062,3842.7436,4515.6658,1775442871483631171
vocseg,no_sharing,159.2097,9341.8241,4855.3047,48.3828,0.004,48.062,3813.5905,4486.5194,1775442871483631171
vocseg,no_sharing,159.258,9293.5336,4855.3047,48.3828,0.004,48.062,3765.2872,4438.2289,1775442871483631171
vocseg,no_sharing,159.2597,9291.8952,4855.3047,48.3828,0.004,48.062,3763.6371,4436.5905,1775442871483631171
vocseg,no_sharing,159.2705,9281.0912,4855.3047,48.3828,0.004,48.062,3752.8267,4425.7865,1775442871483631171
vocseg,no_sharing,159.4504,13478.5516,4801.3201,45.8649,0.0043,47.5487,8666.2631,8677.2315,1775442876576963675
vocseg,no_sharing,159.5241,13409.5583,4801.3201,45.8649,0.0043,47.5487,8592.5646,8608.2382,1775442876576963675
vocseg,no_sharing,159.6649,13277.7915,4801.3201,45.8649,0.0043,47.5487,8451.7114,8476.4714,1775442876576963675
vocseg,no_sharing,159.7293,13213.4304,4801.3201,45.8649,0.0043,47.5487,8387.3398,8412.1103,1775442876576963675
vocseg,no_sharing,159.825,13137.9144,4801.3201,45.8649,0.0043,47.5487,8291.6236,8336.5943,1775442876576963675
vocseg,no_sharing,159.8897,13073.2067,4801.3201,45.8649,0.0043,47.5487,8226.9037,8271.8866,1775442876576963675
vocseg,no_sharing,160.0466,12916.3961,4801.3201,45.8649,0.0043,47.5487,8070.0836,8115.076,1775442876576963675
vocseg,no_sharing,160.0524,12910.5375,4801.3201,45.8649,0.0043,47.5487,8064.2188,8109.2174,1775442876576963675
vocseg,no_sharing,160.1368,12857.6412,4801.3201,45.8649,0.0043,47.5487,7979.8224,8056.3211,1775442876576963675
vocseg,no_sharing,160.1404,12854.0452,4801.3201,45.8649,0.0043,47.5487,7976.2158,8052.725,1775442876576963675
vocseg,no_sharing,160.1441,12850.4298,4801.3201,45.8649,0.0043,47.5487,7972.5933,8049.1097,1775442876576963675
vocseg,no_sharing,160.148,12846.5056,4801.3201,45.8649,0.0043,47.5487,7968.6632,8045.1855,1775442876576963675
vocseg,no_sharing,160.1946,12799.8922,4801.3201,45.8649,0.0043,47.5487,7922.044,7998.5721,1775442876576963675
vocseg,no_sharing,160.3029,12691.5646,4801.3201,45.8649,0.0043,47.5487,7813.7105,7890.2445,1775442876576963675
vocseg,no_sharing,160.3274,12667.1243,4801.3201,45.8649,0.0043,47.5487,7789.2642,7865.8042,1775442876576963675
vocseg,no_sharing,160.3473,12702.4097,4801.3201,45.8649,0.0043,47.5487,7769.3925,7901.0896,1775442876576963675
vocseg,no_sharing,160.3631,12686.5535,4801.3201,45.8649,0.0043,47.5487,7753.5219,7885.2334,1775442876576963675
vocseg,no_sharing,160.5257,12523.9608,4801.3201,45.8649,0.0043,47.5487,7590.9204,7722.6407,1775442876576963675
vocseg,no_sharing,160.5866,12463.13,4801.3201,45.8649,0.0043,47.5487,7530.0822,7661.8099,1775442876576963675
vocseg,no_sharing,160.6589,12390.8489,4801.3201,45.8649,0.0043,47.5487,7457.7773,7589.5288,1775442876576963675
vocseg,no_sharing,160.6667,12382.9975,4801.3201,45.8649,0.0043,47.5487,7449.9192,7581.6774,1775442876576963675
vocseg,no_sharing,160.7276,12322.1314,4801.3201,45.8649,0.0043,47.5487,7389.0462,7520.8113,1775442876576963675
vocseg,no_sharing,160.7935,12256.2757,4801.3201,45.8649,0.0043,47.5487,7323.1833,7454.9555,1775442876576963675
vocseg,no_sharing,160.8475,12202.2848,4801.3201,45.8649,0.0043,47.5487,7269.1853,7400.9647,1775442876576963675
vocseg,no_sharing,160.9443,12105.4761,4801.3201,45.8649,0.0043,47.5487,7172.3692,7304.156,1775442876576963675
vocseg,no_sharing,161.0556,11994.173,4801.3201,45.8649,0.0043,47.5487,7061.0595,7192.8529,1775442876576963675
vocseg,no_sharing,161.0563,11993.4638,4801.3201,45.8649,0.0043,47.5487,7060.3433,7192.1436,1775442876576963675
vocseg,no_sharing,161.2741,11872.7818,4801.3201,45.8649,0.0043,47.5487,6842.5627,7071.4616,1775442876576963675
vocseg,no_sharing,161.2832,11863.6453,4801.3201,45.8649,0.0043,47.5487,6833.4112,7062.3252,1775442876576963675
vocseg,no_sharing,161.2911,11855.7825,4801.3201,45.8649,0.0043,47.5487,6825.5394,7054.4624,1775442876576963675
vocseg,no_sharing,161.317,11829.8848,4801.3201,45.8649,0.0043,47.5487,6799.6335,7028.5647,1775442876576963675
vocseg,no_sharing,161.3279,11819.0179,4801.3201,45.8649,0.0043,47.5487,6788.7585,7017.6978,1775442876576963675
vocseg,no_sharing,161.4336,11713.3422,4801.3201,45.8649,0.0043,47.5487,6683.0757,6912.0221,1775442876576963675
vocseg,no_sharing,161.4429,11704.0462,4801.3201,45.8649,0.0043,47.5487,6673.7716,6902.7261,1775442876576963675
vocseg,no_sharing,161.5074,11639.5302,4801.3201,45.8649,0.0043,47.5487,6609.2479,6838.2101,1775442876576963675
vocseg,no_sharing,161.5223,11624.6619,4801.3201,45.8649,0.0043,47.5487,6594.3723,6823.3418,1775442876576963675
vocseg,no_sharing,161.55,11596.9424,4801.3201,45.8649,0.0043,47.5487,6566.6461,6795.6223,1775442876576963675
vocseg,no_sharing,161.6069,11540.0665,4801.3201,45.8649,0.0043,47.5487,6509.7632,6738.7464,1775442876576963675
vocseg,no_sharing,161.6555,11491.4286,4801.3201,45.8649,0.0043,47.5487,6461.1182,6690.1085,1775442876576963675
vocseg,no_sharing,161.6777,11469.3098,4801.3201,45.8649,0.0043,47.5487,6438.9923,6667.9897,1775442876576963675
vocseg,no_sharing,161.6784,11468.5361,4801.3201,45.8649,0.0043,47.5487,6438.2107,6667.216,1775442876576963675
vocseg,no_sharing,161.6893,11457.6507,4801.3201,45.8649,0.0043,47.5487,6427.3181,6656.3306,1775442876576963675
vocseg,no_sharing,161.7594,11387.6245,4801.3201,45.8649,0.0043,47.5487,6357.2845,6586.3044,1775442876576963675
vocseg,no_sharing,161.766,11380.9667,4801.3201,45.8649,0.0043,47.5487,6350.62,6579.6466,1775442876576963675
vocseg,no_sharing,161.8294,11317.5945,4801.3201,45.8649,0.0043,47.5487,6287.2407,6516.2744,1775442876576963675
vocseg,no_sharing,161.9355,11211.4563,4801.3201,45.8649,0.0043,47.5487,6181.0956,6410.1362,1775442876576963675
vocseg,no_sharing,161.9484,11198.596,4801.3201,45.8649,0.0043,47.5487,6168.2281,6397.2759,1775442876576963675
vocseg,no_sharing,161.9773,11347.5056,4801.3201,45.8649,0.0043,47.5487,6139.2956,6546.1855,1775442876576963675
vocseg,no_sharing,162.0012,11362.3216,4801.3201,45.8649,0.0043,47.5487,6115.4008,6561.0015,1775442876576963675
vocseg,no_sharing,162.0191,11344.47,4801.3201,45.8649,0.0043,47.5487,6097.5306,6543.1499,1775442876576963675
vocseg,no_sharing,162.0597,11303.8557,4801.3201,45.8649,0.0043,47.5487,6056.9072,6502.5356,1775442876576963675
vocseg,no_sharing,162.0616,11302.0086,4801.3201,45.8649,0.0043,47.5487,6055.0523,6500.6885,1775442876576963675
vocseg,no_sharing,162.0705,11293.1466,4801.3201,45.8649,0.0043,47.5487,6046.1814,6491.8265,1775442876576963675
vocseg,no_sharing,162.0931,11270.5436,4801.3201,45.8649,0.0043,47.5487,6023.5703,6469.2235,1775442876576963675
vocseg,no_sharing,162.1378,11225.8091,4801.3201,45.8649,0.0043,47.5487,5978.827,6424.489,1775442876576963675
vocseg,no_sharing,162.3018,11061.8804,4801.3201,45.8649,0.0043,47.5487,5814.8885,6260.5602,1775442876576963675
vocseg,no_sharing,162.3034,11060.2238,4801.3201,45.8649,0.0043,47.5487,5813.2236,6258.9037,1775442876576963675
vocseg,no_sharing,162.3223,11041.3249,4801.3201,45.8649,0.0043,47.5487,5794.3161,6240.0047,1775442876576963675
vocseg,no_sharing,162.3432,11020.4844,4801.3201,45.8649,0.0043,47.5487,5773.4671,6219.1643,1775442876576963675
vocseg,no_sharing,162.3754,10988.2896,4801.3201,45.8649,0.0043,47.5487,5741.2641,6186.9695,1775442876576963675
vocseg,no_sharing,162.511,10852.664,4801.3201,45.8649,0.0043,47.5487,5605.6299,6051.3439,1775442876576963675
vocseg,no_sharing,162.6084,10755.2619,4801.3201,45.8649,0.0043,47.5487,5508.2197,5953.9418,1775442876576963675
vocseg,no_sharing,162.8899,10473.7768,4801.3201,45.8649,0.0043,47.5487,5226.7113,5672.4567,1775442876576963675
vocseg,no_sharing,162.89,10473.762,4801.3201,45.8649,0.0043,47.5487,5226.6867,5672.4419,1775442876576963675
vocseg,no_sharing,162.89,10473.7637,4801.3201,45.8649,0.0043,47.5487,5226.6786,5672.4436,1775442876576963675
vocseg,no_sharing,162.89,10473.7666,4801.3201,45.8649,0.0043,47.5487,5226.6726,5672.4465,1775442876576963675
vocseg,no_sharing,162.89,10473.7549,4801.3201,45.8649,0.0043,47.5487,5226.6519,5672.4348,1775442876576963675
vocseg,no_sharing,163.17,10193.8021,4801.3201,45.8649,0.0043,47.5487,4946.6901,5392.482,1775442876576963675
vocseg,no_sharing,163.17,10193.8016,4801.3201,45.8649,0.0043,47.5487,4946.681,5392.4815,1775442876576963675
vocseg,no_sharing,163.17,10193.8031,4801.3201,45.8649,0.0043,47.5487,4946.6743,5392.483,1775442876576963675
vocseg,no_sharing,163.17,10193.805,4801.3201,45.8649,0.0043,47.5487,4946.6684,5392.4849,1775442876576963675
vocseg,no_sharing,163.5097,9854.1384,4801.3201,45.8649,0.0043,47.5487,4606.9741,5052.8183,1775442876576963675
vocseg,no_sharing,163.5097,9854.1434,4801.3201,45.8649,0.0043,47.5487,4606.9536,5052.8233,1775442876576963675
vocseg,no_sharing,163.5097,9854.1381,4801.3201,45.8649,0.0043,47.5487,4606.9312,5052.818,1775442876576963675
vocseg,no_sharing,163.5097,9854.1574,4801.3201,45.8649,0.0043,47.5487,4606.9248,5052.8373,1775442876576963675
vocseg,no_sharing,163.5097,9854.1696,4801.3201,45.8649,0.0043,47.5487,4606.9195,5052.8495,1775442876576963675
vocseg,no_sharing,163.5097,9854.1806,4801.3201,45.8649,0.0043,47.5487,4606.914,5052.8605,1775442876576963675
vocseg,no_sharing,163.5097,9854.2001,4801.3201,45.8649,0.0043,47.5487,4606.909,5052.88,1775442876576963675
vocseg,no_sharing,163.5292,9834.7158,4801.3201,45.8649,0.0043,47.5487,4587.4081,5033.3957,1775442876576963675
vocseg,no_sharing,163.5493,9814.697,4801.3201,45.8649,0.0043,47.5487,4567.3647,5013.3769,1775442876576963675
vocseg,no_sharing,163.6147,9749.2924,4801.3201,45.8649,0.0043,47.5487,4501.9333,4947.9723,1775442876576963675
vocseg,no_sharing,163.6156,9748.4224,4801.3201,45.8649,0.0043,47.5487,4501.0474,4947.1023,1775442876576963675
vocseg,no_sharing,163.631,10131.4392,4801.3201,45.8649,0.0043,47.5487,4485.6749,5330.1191,1775442876576963675
vocseg,no_sharing,163.7924,9970.0413,4801.3201,45.8649,0.0043,47.5487,4324.2452,5168.7212,1775442876576963675
vocseg,no_sharing,163.7951,9967.3567,4801.3201,45.8649,0.0043,47.5487,4321.537,5166.0366,1775442876576963675
vocseg,no_sharing,163.918,9847.8999,4801.3201,45.8649,0.0043,47.5487,4198.6699,5046.5798,1775442876576963675
vocseg,no_sharing,163.9197,9846.1556,4801.3201,45.8649,0.0043,47.5487,4196.8956,5044.8355,1775442876576963675
vocseg,no_sharing,163.9488,9817.1458,4801.3201,45.8649,0.0043,47.5487,4167.8703,5015.8257,1775442876576963675
vocseg,no_sharing,164.0271,9738.8406,4801.3201,45.8649,0.0043,47.5487,4089.5433,4937.5205,1775442876576963675
vocseg,no_sharing,164.0283,9737.6754,4801.3201,45.8649,0.0043,47.5487,4088.3644,4936.3553,1775442876576963675
vocseg,no_sharing,164.0529,9713.0699,4801.3201,45.8649,0.0043,47.5487,4063.7372,4911.7498,1775442876576963675
vocseg,no_sharing,164.108,9657.9545,4801.3201,45.8649,0.0043,47.5487,4008.5967,4856.6343,1775442876576963675
vocseg,no_sharing,164.2417,9524.2755,4801.3201,45.8649,0.0043,47.5487,3874.8949,4722.9554,1775442876576963675
vocseg,no_sharing,164.2582,9507.8259,4801.3201,45.8649,0.0043,47.5487,3858.4213,4706.5057,1775442876576963675
vocseg,no_sharing,164.4051,9361.002,4801.3201,45.8649,0.0043,47.5487,3711.5808,4559.6819,1775442876576963675
vocseg,no_sharing,164.4219,9344.1515,4801.3201,45.8649,0.0043,47.5487,3694.7081,4542.8314,1775442876576963675
vocseg,no_sharing,164.4939,9272.1555,4801.3201,45.8649,0.0043,47.5487,3622.6954,4470.8354,1775442876576963675
vocseg,no_sharing,164.5366,9229.5203,4801.3201,45.8649,0.0043,47.5487,3580.0369,4428.2002,1775442876576963675
vocseg,no_sharing,164.6286,9137.4979,4801.3201,45.8649,0.0043,47.5487,3487.9985,4336.1778,1775442876576963675
vocseg,no_sharing,164.713,9053.1762,4801.3201,45.8649,0.0043,47.5487,3403.6534,4251.8561,1775442876576963675
vocseg,no_sharing,164.7346,13325.2449,4847.9399,49.7494,0.0052,47.9745,8467.5086,8477.305,1775442881662461051
vocseg,no_sharing,165.0006,13062.5052,4847.9399,49.7494,0.0052,47.9745,8201.5746,8214.5654,1775442881662461051
vocseg,no_sharing,165.1359,12931.076,4847.9399,49.7494,0.0052,47.9745,8066.1929,8083.1362,1775442881662461051
vocseg,no_sharing,165.2222,12847.5614,4847.9399,49.7494,0.0052,47.9745,7979.9016,7999.6215,1775442881662461051
vocseg,no_sharing,165.2519,12820.7459,4847.9399,49.7494,0.0052,47.9745,7950.2552,7972.8061,1775442881662461051
vocseg,no_sharing,165.3807,12697.5043,4847.9399,49.7494,0.0052,47.9745,7821.4209,7849.5644,1775442881662461051
vocseg,no_sharing,165.4902,12588.0585,4847.9399,49.7494,0.0052,47.9745,7711.9665,7740.1186,1775442881662461051
vocseg,no_sharing,165.5887,12495.0755,4847.9399,49.7494,0.0052,47.9745,7613.431,7647.1356,1775442881662461051
vocseg,no_sharing,165.7424,12341.4199,4847.9399,49.7494,0.0052,47.9745,7459.7676,7493.48,1775442881662461051
vocseg,no_sharing,165.764,12325.3012,4847.9399,49.7494,0.0052,47.9745,7438.0958,7477.3613,1775442881662461051
vocseg,no_sharing,165.7883,12301.0521,4847.9399,49.7494,0.0052,47.9745,7413.8386,7453.1122,1775442881662461051
vocseg,no_sharing,165.8259,12269.1865,4847.9399,49.7494,0.0052,47.9745,7376.1985,7421.2466,1775442881662461051
vocseg,no_sharing,165.8386,12256.568,4847.9399,49.7494,0.0052,47.9745,7363.5707,7408.6281,1775442881662461051
vocseg,no_sharing,165.8562,12249.0339,4847.9399,49.7494,0.0052,47.9745,7345.9129,7401.094,1775442881662461051
vocseg,no_sharing,165.9165,12188.7763,4847.9399,49.7494,0.0052,47.9745,7285.6455,7340.8364,1775442881662461051
vocseg,no_sharing,165.9212,12190.5954,4847.9399,49.7494,0.0052,47.9745,7280.9138,7342.6555,1775442881662461051
vocseg,no_sharing,165.946,12168.6797,4847.9399,49.7494,0.0052,47.9745,7256.1417,7320.7398,1775442881662461051
vocseg,no_sharing,166.0774,12037.317,4847.9399,49.7494,0.0052,47.9745,7124.7704,7189.3771,1775442881662461051
vocseg,no_sharing,166.2305,11892.4494,4847.9399,49.7494,0.0052,47.9745,6971.6446,7044.5095,1775442881662461051
vocseg,no_sharing,166.2413,11884.5539,4847.9399,49.7494,0.0052,47.9745,6960.8698,7036.614,1775442881662461051
vocseg,no_sharing,166.2639,11861.937,4847.9399,49.7494,0.0052,47.9745,6938.2448,7013.9972,1775442881662461051
vocseg,no_sharing,166.4792,11646.6625,4847.9399,49.7494,0.0052,47.9745,6722.9645,6798.7226,1775442881662461051
vocseg,no_sharing,166.4909,11643.271,4847.9399,49.7494,0.0052,47.9745,6711.2844,6795.3311,1775442881662461051
vocseg,no_sharing,166.5794,11557.8058,4847.9399,49.7494,0.0052,47.9745,6622.7574,6709.8659,1775442881662461051
vocseg,no_sharing,166.601,11536.164,4847.9399,49.7494,0.0052,47.9745,6601.1052,6688.2242,1775442881662461051
vocseg,no_sharing,166.726,11411.1903,4847.9399,49.7494,0.0052,47.9745,6476.1238,6563.2504,1775442881662461051
vocseg,no_sharing,166.7664,11382.3941,4847.9399,49.7494,0.0052,47.9745,6435.7417,6534.4542,1775442881662461051
vocseg,no_sharing,166.7811,11371.413,4847.9399,49.7494,0.0052,47.9745,6421.0527,6523.4731,1775442881662461051
vocseg,no_sharing,166.8556,11296.9098,4847.9399,49.7494,0.0052,47.9745,6346.54,6448.9699,1775442881662461051
vocseg,no_sharing,166.9023,11250.2279,4847.9399,49.7494,0.0052,47.9745,6299.8526,6402.288,1775442881662461051
vocseg,no_sharing,166.988,11164.5486,4847.9399,49.7494,0.0052,47.9745,6214.1693,6316.6087,1775442881662461051
vocseg,no_sharing,167.1036,11060.0629,4847.9399,49.7494,0.0052,47.9745,6098.5744,6212.123,1775442881662461051
vocseg,no_sharing,167.177,10992.4707,4847.9399,49.7494,0.0052,47.9745,6025.151,6144.5309,1775442881662461051
vocseg,no_sharing,167.2116,10957.876,4847.9399,49.7494,0.0052,47.9745,5990.5448,6109.9361,1775442881662461051
vocseg,no_sharing,167.2144,10955.1141,4847.9399,49.7494,0.0052,47.9745,5987.7756,6107.1742,1775442881662461051
vocseg,no_sharing,167.229,10940.4771,4847.9399,49.7494,0.0052,47.9745,5973.1336,6092.5372,1775442881662461051
vocseg,no_sharing,167.2517,10929.3108,4847.9399,49.7494,0.0052,47.9745,5950.4864,6081.3709,1775442881662461051
vocseg,no_sharing,167.2604,10920.5523,4847.9399,49.7494,0.0052,47.9745,5941.7188,6072.6124,1775442881662461051
vocseg,no_sharing,167.4012,10788.2216,4847.9399,49.7494,0.0052,47.9745,5800.9701,5940.2817,1775442881662461051
vocseg,no_sharing,167.4139,10775.5525,4847.9399,49.7494,0.0052,47.9745,5788.2905,5927.6126,1775442881662461051
vocseg,no_sharing,167.4215,10767.9369,4847.9399,49.7494,0.0052,47.9745,5780.6678,5919.9971,1775442881662461051
vocseg,no_sharing,167.6724,10517.0662,4847.9399,49.7494,0.0052,47.9745,5529.7909,5669.1264,1775442881662461051
vocseg,no_sharing,167.683,10528.7037,4847.9399,49.7494,0.0052,47.9745,5519.1107,5680.7638,1775442881662461051
vocseg,no_sharing,167.6957,10516.0604,4847.9399,49.7494,0.0052,47.9745,5506.4509,5668.1205,1775442881662461051
vocseg,no_sharing,167.7044,10527.133,4847.9399,49.7494,0.0052,47.9745,5497.7877,5679.1931,1775442881662461051
vocseg,no_sharing,167.801,10430.4693,4847.9399,49.7494,0.0052,47.9745,5401.1114,5582.5294,1775442881662461051
vocseg,no_sharing,167.8187,10412.7936,4847.9399,49.7494,0.0052,47.9745,5383.4276,5564.8537,1775442881662461051
vocseg,no_sharing,167.8293,10402.1654,4847.9399,49.7494,0.0052,47.9745,5372.7915,5554.2255,1775442881662461051
vocseg,no_sharing,167.846,10385.524,4847.9399,49.7494,0.0052,47.9745,5356.1428,5537.5841,1775442881662461051
vocseg,no_sharing,167.846,10471.6556,4847.9399,49.7494,0.0052,47.9745,5356.1296,5623.7157,1775442881662461051
vocseg,no_sharing,168.0038,10313.8521,4847.9399,49.7494,0.0052,47.9745,5198.3082,5465.9122,1775442881662461051
vocseg,no_sharing,168.0291,10288.6593,4847.9399,49.7494,0.0052,47.9745,5173.0881,5440.7194,1775442881662461051
vocseg,no_sharing,168.0291,10288.6529,4847.9399,49.7494,0.0052,47.9745,5173.0716,5440.713,1775442881662461051
vocseg,no_sharing,168.0291,10381.3093,4847.9399,49.7494,0.0052,47.9745,5173.0652,5533.3694,1775442881662461051
vocseg,no_sharing,168.0291,10381.3198,4847.9399,49.7494,0.0052,47.9745,5173.0597,5533.3799,1775442881662461051
vocseg,no_sharing,168.4412,9969.2557,4847.9399,49.7494,0.0052,47.9745,4760.9847,5121.3158,1775442881662461051
vocseg,no_sharing,168.4412,9969.2688,4847.9399,49.7494,0.0052,47.9745,4760.9777,5121.3289,1775442881662461051
vocseg,no_sharing,168.4412,9969.2812,4847.9399,49.7494,0.0052,47.9745,4760.9718,5121.3413,1775442881662461051
vocseg,no_sharing,168.4412,9969.2924,4847.9399,49.7494,0.0052,47.9745,4760.968,5121.3525,1775442881662461051
vocseg,no_sharing,168.4412,9969.296,4847.9399,49.7494,0.0052,47.9745,4760.9639,5121.3561,1775442881662461051
vocseg,no_sharing,168.4412,9969.3091,4847.9399,49.7494,0.0052,47.9745,4760.9603,5121.3692,1775442881662461051
vocseg,no_sharing,168.4412,9969.3131,4847.9399,49.7494,0.0052,47.9745,4760.956,5121.3733,1775442881662461051
vocseg,no_sharing,168.4412,9969.3246,4847.9399,49.7494,0.0052,47.9745,4760.951,5121.3847,1775442881662461051
vocseg,no_sharing,168.5745,9835.9928,4847.9399,49.7494,0.0052,47.9745,4627.6019,4988.0529,1775442881662461051
vocseg,no_sharing,168.659,9751.579,4847.9399,49.7494,0.0052,47.9745,4543.179,4903.6392,1775442881662461051
vocseg,no_sharing,168.6826,9952.8394,4847.9399,49.7494,0.0052,47.9745,4519.5119,5104.8995,1775442881662461051
vocseg,no_sharing,168.6826,9952.8396,4847.9399,49.7494,0.0052,47.9745,4519.4986,5104.8997,1775442881662461051
vocseg,no_sharing,168.6947,9940.7556,4847.9399,49.7494,0.0052,47.9745,4507.3967,5092.8157,1775442881662461051
vocseg,no_sharing,168.8007,9834.8477,4847.9399,49.7494,0.0052,47.9745,4401.4688,4986.9078,1775442881662461051
vocseg,no_sharing,168.838,9797.5721,4847.9399,49.7494,0.0052,47.9745,4364.1846,4949.6322,1775442881662461051
vocseg,no_sharing,168.9293,9706.2786,4847.9399,49.7494,0.0052,47.9745,4272.8736,4858.3387,1775442881662461051
vocseg,no_sharing,168.931,9704.5219,4847.9399,49.7494,0.0052,47.9745,4271.101,4856.582,1775442881662461051
vocseg,no_sharing,168.9888,9646.7371,4847.9399,49.7494,0.0052,47.9745,4213.3067,4798.7972,1775442881662461051
vocseg,no_sharing,169.0272,9608.3734,4847.9399,49.7494,0.0052,47.9745,4174.9246,4760.4335,1775442881662461051
vocseg,no_sharing,169.097,9538.559,4847.9399,49.7494,0.0052,47.9745,4105.094,4690.6191,1775442881662461051
vocseg,no_sharing,169.1147,9520.9405,4847.9399,49.7494,0.0052,47.9745,4087.4677,4673.0007,1775442881662461051
vocseg,no_sharing,169.1383,9497.3359,4847.9399,49.7494,0.0052,47.9745,4063.8466,4649.396,1775442881662461051
vocseg,no_sharing,169.3642,9409.3213,4847.9399,49.7494,0.0052,47.9745,3837.8968,4561.3814,1775442881662461051
vocseg,no_sharing,169.4316,9341.9471,4847.9399,49.7494,0.0052,47.9745,3770.5078,4494.0072,1775442881662461051
vocseg,no_sharing,169.4569,9316.6883,4847.9399,49.7494,0.0052,47.9745,3745.23,4468.7484,1775442881662461051
vocseg,no_sharing,169.4867,9286.8779,4847.9399,49.7494,0.0052,47.9745,3715.4012,4438.938,1775442881662461051
vocseg,no_sharing,169.5246,9249.0726,4847.9399,49.7494,0.0052,47.9745,3677.5863,4401.1327,1775442881662461051
vocseg,no_sharing,169.5673,9206.2986,4847.9399,49.7494,0.0052,47.9745,3634.7959,4358.3587,1775442881662461051
vocseg,no_sharing,169.6331,9140.5461,4847.9399,49.7494,0.0052,47.9745,3569.0281,4292.6062,1775442881662461051
vocseg,no_sharing,169.7948,8978.8272,4847.9399,49.7494,0.0052,47.9745,3407.3007,4130.8873,1775442881662461051
vocseg,no_sharing,169.8229,8950.8107,4847.9399,49.7494,0.0052,47.9745,3379.2684,4102.8708,1775442881662461051
vocseg,no_sharing,169.9156,8858.11,4847.9399,49.7494,0.0052,47.9745,3286.535,4010.1701,1775442881662461051
vocseg,no_sharing,169.9502,8823.4959,4847.9399,49.7494,0.0052,47.9745,3251.9116,3975.556,1775442881662461051
vocseg,no_sharing,169.953,8820.7896,4847.9399,49.7494,0.0052,47.9745,3249.1894,3972.8497,1775442881662461051
vocseg,no_sharing,169.9884,8785.392,4847.9399,49.7494,0.0052,47.9745,3213.7771,3937.4522,1775442881662461051
vocseg,no_sharing,170.1852,8588.5668,4847.9399,49.7494,0.0052,47.9745,3016.9363,3740.6269,1775442881662461051
vocseg,no_sharing,170.1852,8588.5599,4847.9399,49.7494,0.0052,47.9745,3016.9227,3740.62,1775442881662461051
vocseg,no_sharing,170.2085,8565.2909,4847.9399,49.7494,0.0052,47.9745,2993.6383,3717.351,1775442881662461051
vocseg,no_sharing,170.2202,8553.6413,4847.9399,49.7494,0.0052,47.9745,2981.9736,3705.7014,1775442881662461051
vocseg,no_sharing,170.2326,8541.2543,4847.9399,49.7494,0.0052,47.9745,2969.5783,3693.3144,1775442881662461051
vocseg,no_sharing,170.2362,8537.6382,4847.9399,49.7494,0.0052,47.9745,2965.9455,3689.6983,1775442881662461051
vocseg,no_sharing,170.2916,8482.2888,4847.9399,49.7494,0.0052,47.9745,2910.5878,3634.3489,1775442881662461051
vocseg,no_sharing,170.2942,8479.676,4847.9399,49.7494,0.0052,47.9745,2907.959,3631.7361,1775442881662461051
vocseg,no_sharing,170.2978,8476.0697,4847.9399,49.7494,0.0052,47.9745,2904.3365,3628.1298,1775442881662461051
vocseg,no_sharing,170.3111,8462.8155,4847.9399,49.7494,0.0052,47.9745,2891.0747,3614.8756,1775442881662461051
vocseg,no_sharing,170.3307,12706.459,4739.3587,46.7238,0.0036,46.9207,7955.3151,7967.1004,1775442886746345707
vocseg,no_sharing,170.3893,12662.3473,4739.3587,46.7238,0.0036,46.9207,7896.7438,7922.9886,1775442886746345707
vocseg,no_sharing,170.6476,12404.0549,4739.3587,46.7238,0.0036,46.9207,7638.4363,7664.6962,1775442886746345707
vocseg,no_sharing,170.7275,12324.1167,4739.3587,46.7238,0.0036,46.9207,7558.4881,7584.758,1775442886746345707
vocseg,no_sharing,170.7292,12358.0914,4739.3587,46.7238,0.0036,46.9207,7556.808,7618.7327,1775442886746345707
vocseg,no_sharing,170.7369,12350.426,4739.3587,46.7238,0.0036,46.9207,7549.1281,7611.0673,1775442886746345707
vocseg,no_sharing,170.8115,12275.8029,4739.3587,46.7238,0.0036,46.9207,7474.4966,7536.4442,1775442886746345707
vocseg,no_sharing,170.8283,12259.0151,4739.3587,46.7238,0.0036,46.9207,7457.6998,7519.6564,1775442886746345707
vocseg,no_sharing,170.859,12228.3983,4739.3587,46.7238,0.0036,46.9207,7427.0747,7489.0396,1775442886746345707
vocseg,no_sharing,170.8646,12222.7902,4739.3587,46.7238,0.0036,46.9207,7421.4587,7483.4316,1775442886746345707
vocseg,no_sharing,170.9539,12133.4846,4739.3587,46.7238,0.0036,46.9207,7332.1452,7394.1259,1775442886746345707
vocseg,no_sharing,171.0312,12056.1521,4739.3587,46.7238,0.0036,46.9207,7254.8048,7316.7934,1775442886746345707
vocseg,no_sharing,171.1145,12064.79,4739.3587,46.7238,0.0036,46.9207,7171.5226,7325.4313,1775442886746345707
vocseg,no_sharing,171.1341,12045.161,4739.3587,46.7238,0.0036,46.9207,7151.8764,7305.8023,1775442886746345707
vocseg,no_sharing,171.1688,12010.5653,4739.3587,46.7238,0.0036,46.9207,7117.2707,7271.2066,1775442886746345707
vocseg,no_sharing,171.1924,11986.9511,4739.3587,46.7238,0.0036,46.9207,7093.6472,7247.5924,1775442886746345707
vocseg,no_sharing,171.4482,11731.1516,4739.3587,46.7238,0.0036,46.9207,6837.837,6991.7929,1775442886746345707
vocseg,no_sharing,171.6052,11574.1937,4739.3587,46.7238,0.0036,46.9207,6680.8701,6834.835,1775442886746345707
vocseg,no_sharing,171.6225,11556.8979,4739.3587,46.7238,0.0036,46.9207,6663.5647,6817.5392,1775442886746345707
vocseg,no_sharing,171.6629,11516.4905,4739.3587,46.7238,0.0036,46.9207,6623.1475,6777.1318,1775442886746345707
vocseg,no_sharing,171.714,11465.3575,4739.3587,46.7238,0.0036,46.9207,6572.0062,6725.9989,1775442886746345707
vocseg,no_sharing,171.7166,11462.7407,4739.3587,46.7238,0.0036,46.9207,6569.381,6723.382,1775442886746345707
vocseg,no_sharing,171.7365,11442.8833,4739.3587,46.7238,0.0036,46.9207,6549.515,6703.5246,1775442886746345707
vocseg,no_sharing,171.7921,11387.3119,4739.3587,46.7238,0.0036,46.9207,6493.9346,6647.9533,1775442886746345707
vocseg,no_sharing,171.9206,11258.8263,4739.3587,46.7238,0.0036,46.9207,6365.4411,6519.4676,1775442886746345707
vocseg,no_sharing,171.9702,11209.2085,4739.3587,46.7238,0.0036,46.9207,6315.8152,6469.8498,1775442886746345707
vocseg,no_sharing,171.9768,11202.5905,4739.3587,46.7238,0.0036,46.9207,6309.1891,6463.2318,1775442886746345707
vocseg,no_sharing,172.0155,11163.9791,4739.3587,46.7238,0.0036,46.9207,6270.5696,6424.6204,1775442886746345707
vocseg,no_sharing,172.0321,11147.3544,4739.3587,46.7238,0.0036,46.9207,6253.9375,6407.9957,1775442886746345707
vocseg,no_sharing,172.0667,11112.7186,4739.3587,46.7238,0.0036,46.9207,6219.2934,6373.3599,1775442886746345707
vocseg,no_sharing,172.0824,11097.0883,4739.3587,46.7238,0.0036,46.9207,6203.6548,6357.7297,1775442886746345707
vocseg,no_sharing,172.1,11079.4556,4739.3587,46.7238,0.0036,46.9207,6186.0147,6340.0969,1775442886746345707
vocseg,no_sharing,172.1704,11223.2034,4739.3587,46.7238,0.0036,46.9207,6115.5853,6483.8447,1775442886746345707
vocseg,no_sharing,172.2087,11212.6515,4739.3587,46.7238,0.0036,46.9207,6077.286,6473.2928,1775442886746345707
vocseg,no_sharing,172.2104,11211.0362,4739.3587,46.7238,0.0036,46.9207,6075.6512,6471.6775,1775442886746345707
vocseg,no_sharing,172.3624,11059.0611,4739.3587,46.7238,0.0036,46.9207,5923.6648,6319.7024,1775442886746345707
vocseg,no_sharing,172.4309,10990.4859,4739.3587,46.7238,0.0036,46.9207,5855.0789,6251.1272,1775442886746345707
vocseg,no_sharing,172.4376,10983.8581,4739.3587,46.7238,0.0036,46.9207,5848.4423,6244.4994,1775442886746345707
vocseg,no_sharing,172.4524,10969.0912,4739.3587,46.7238,0.0036,46.9207,5833.6654,6229.7325,1775442886746345707
vocseg,no_sharing,172.53,10891.454,4739.3587,46.7238,0.0036,46.9207,5756.0184,6152.0953,1775442886746345707
vocseg,no_sharing,172.5637,10857.7929,4739.3587,46.7238,0.0036,46.9207,5722.3487,6118.4342,1775442886746345707
vocseg,no_sharing,172.6043,10817.1511,4739.3587,46.7238,0.0036,46.9207,5681.6981,6077.7924,1775442886746345707
vocseg,no_sharing,172.626,10795.5201,4739.3587,46.7238,0.0036,46.9207,5660.0585,6056.1614,1775442886746345707
vocseg,no_sharing,172.6802,10741.2801,4739.3587,46.7238,0.0036,46.9207,5605.8092,6001.9214,1775442886746345707
vocseg,no_sharing,172.7391,10682.3666,4739.3587,46.7238,0.0036,46.9207,5546.8869,5943.0079,1775442886746345707
vocseg,no_sharing,172.7674,10654.1159,4739.3587,46.7238,0.0036,46.9207,5518.6284,5914.7572,1775442886746345707
vocseg,no_sharing,172.7741,10647.4066,4739.3587,46.7238,0.0036,46.9207,5511.9102,5908.0479,1775442886746345707
vocseg,no_sharing,172.878,10543.4904,4739.3587,46.7238,0.0036,46.9207,5407.984,5804.1317,1775442886746345707
vocseg,no_sharing,172.9424,10479.1191,4739.3587,46.7238,0.0036,46.9207,5343.6029,5739.7604,1775442886746345707
vocseg,no_sharing,173.0472,10374.3176,4739.3587,46.7238,0.0036,46.9207,5238.7919,5634.959,1775442886746345707
vocseg,no_sharing,173.0473,10374.3091,4739.3587,46.7238,0.0036,46.9207,5238.7741,5634.9504,1775442886746345707
vocseg,no_sharing,173.3246,10097.0156,4739.3587,46.7238,0.0036,46.9207,4961.4701,5357.6569,1775442886746345707
vocseg,no_sharing,173.3246,10097.0042,4739.3587,46.7238,0.0036,46.9207,4961.4491,5357.6455,1775442886746345707
vocseg,no_sharing,173.3246,10097.008,4739.3587,46.7238,0.0036,46.9207,4961.4432,5357.6493,1775442886746345707
vocseg,no_sharing,173.3246,10097.012,4739.3587,46.7238,0.0036,46.9207,4961.4384,5357.6534,1775442886746345707
vocseg,no_sharing,173.3246,10097.0168,4739.3587,46.7238,0.0036,46.9207,4961.4334,5357.6581,1775442886746345707
vocseg,no_sharing,173.3246,10097.0213,4739.3587,46.7238,0.0036,46.9207,4961.4294,5357.6627,1775442886746345707
vocseg,no_sharing,173.3246,10097.0261,4739.3587,46.7238,0.0036,46.9207,4961.4248,5357.6674,1775442886746345707
vocseg,no_sharing,173.7658,9655.8757,4739.3587,46.7238,0.0036,46.9207,4520.2644,4916.517,1775442886746345707
vocseg,no_sharing,173.7658,9655.8774,4739.3587,46.7238,0.0036,46.9207,4520.2563,4916.5187,1775442886746345707
vocseg,no_sharing,173.7658,9655.8805,4739.3587,46.7238,0.0036,46.9207,4520.2503,4916.5218,1775442886746345707
vocseg,no_sharing,173.7658,9655.8831,4739.3587,46.7238,0.0036,46.9207,4520.2446,4916.5244,1775442886746345707
vocseg,no_sharing,173.7658,9655.8864,4739.3587,46.7238,0.0036,46.9207,4520.2389,4916.5277,1775442886746345707
vocseg,no_sharing,173.7658,9655.8893,4739.3587,46.7238,0.0036,46.9207,4520.2332,4916.5306,1775442886746345707
vocseg,no_sharing,173.7658,9655.8921,4739.3587,46.7238,0.0036,46.9207,4520.2281,4916.5335,1775442886746345707
vocseg,no_sharing,173.7658,9655.911,4739.3587,46.7238,0.0036,46.9207,4520.2227,4916.5523,1775442886746345707
vocseg,no_sharing,173.7658,9655.915,4739.3587,46.7238,0.0036,46.9207,4520.2172,4916.5563,1775442886746345707
vocseg,no_sharing,173.7658,9655.9179,4739.3587,46.7238,0.0036,46.9207,4520.2115,4916.5592,1775442886746345707
vocseg,no_sharing,173.7658,9655.9203,4739.3587,46.7238,0.0036,46.9207,4520.2057,4916.5616,1775442886746345707
vocseg,no_sharing,173.7842,9637.5105,4739.3587,46.7238,0.0036,46.9207,4501.786,4898.1519,1775442886746345707
vocseg,no_sharing,173.7908,9630.954,4739.3587,46.7238,0.0036,46.9207,4495.2199,4891.5954,1775442886746345707
vocseg,no_sharing,173.902,9519.7713,4739.3587,46.7238,0.0036,46.9207,4384.027,4780.4127,1775442886746345707
vocseg,no_sharing,173.9884,9433.4099,4739.3587,46.7238,0.0036,46.9207,4297.6563,4694.0513,1775442886746345707
vocseg,no_sharing,174.0267,9395.1085,4739.3587,46.7238,0.0036,46.9207,4259.3448,4655.7498,1775442886746345707
vocseg,no_sharing,174.0373,9384.4712,4739.3587,46.7238,0.0036,46.9207,4248.698,4645.1125,1775442886746345707
vocseg,no_sharing,174.1248,9296.9737,4739.3587,46.7238,0.0036,46.9207,4161.191,4557.615,1775442886746345707
vocseg,no_sharing,174.1564,9265.3809,4739.3587,46.7238,0.0036,46.9207,4129.5886,4526.0222,1775442886746345707
vocseg,no_sharing,174.1757,9246.1495,4739.3587,46.7238,0.0036,46.9207,4110.3473,4506.7909,1775442886746345707
vocseg,no_sharing,174.1905,9231.3194,4739.3587,46.7238,0.0036,46.9207,4095.5083,4491.9608,1775442886746345707
vocseg,no_sharing,174.2332,9188.6618,4739.3587,46.7238,0.0036,46.9207,4052.8419,4449.3031,1775442886746345707
vocseg,no_sharing,174.3791,9042.767,4739.3587,46.7238,0.0036,46.9207,3906.9378,4303.4084,1775442886746345707
vocseg,no_sharing,174.3811,9040.7422,4739.3587,46.7238,0.0036,46.9207,3904.9039,4301.3835,1775442886746345707
vocseg,no_sharing,174.3825,9272.6247,4739.3587,46.7238,0.0036,46.9207,3903.4901,4533.2661,1775442886746345707
vocseg,no_sharing,174.3912,9263.9427,4739.3587,46.7238,0.0036,46.9207,3894.7928,4524.584,1775442886746345707
vocseg,no_sharing,174.4167,9238.5137,4739.3587,46.7238,0.0036,46.9207,3869.354,4499.155,1775442886746345707
vocseg,no_sharing,174.4228,9232.4409,4739.3587,46.7238,0.0036,46.9207,3863.2736,4493.0823,1775442886746345707
vocseg,no_sharing,174.4295,9225.718,4739.3587,46.7238,0.0036,46.9207,3856.5428,4486.3593,1775442886746345707
vocseg,no_sharing,174.5785,9108.418,4739.3587,46.7238,0.0036,46.9207,3707.5512,4369.0593,1775442886746345707
vocseg,no_sharing,174.5806,9106.2911,4739.3587,46.7238,0.0036,46.9207,3705.4102,4366.9324,1775442886746345707
vocseg,no_sharing,174.7452,8941.7288,4739.3587,46.7238,0.0036,46.9207,3540.8385,4202.3702,1775442886746345707
vocseg,no_sharing,174.804,8882.9348,4739.3587,46.7238,0.0036,46.9207,3482.0364,4143.5761,1775442886746345707
vocseg,no_sharing,174.8327,8854.2423,4739.3587,46.7238,0.0036,46.9207,3453.3355,4114.8836,1775442886746345707
vocseg,no_sharing,174.9049,8782.0232,4739.3587,46.7238,0.0036,46.9207,3381.109,4042.6645,1775442886746345707
vocseg,no_sharing,174.9873,8699.6932,4739.3587,46.7238,0.0036,46.9207,3298.7709,3960.3345,1775442886746345707
vocseg,no_sharing,175.082,8604.964,4739.3587,46.7238,0.0036,46.9207,3204.035,3865.6053,1775442886746345707
vocseg,no_sharing,175.1557,8531.2216,4739.3587,46.7238,0.0036,46.9207,3130.2845,3791.863,1775442886746345707
vocseg,no_sharing,175.1691,8517.838,4739.3587,46.7238,0.0036,46.9207,3116.8931,3778.4793,1775442886746345707
vocseg,no_sharing,175.2134,8473.6049,4739.3587,46.7238,0.0036,46.9207,3072.6531,3734.2462,1775442886746345707
vocseg,no_sharing,175.228,8458.9891,4739.3587,46.7238,0.0036,46.9207,3058.0318,3719.6305,1775442886746345707
vocseg,no_sharing,175.2446,8442.3726,4739.3587,46.7238,0.0036,46.9207,3041.4083,3703.0139,1775442886746345707
vocseg,no_sharing,175.2749,12044.9736,4096.0268,44.4686,0.0036,41.7631,7940.1655,7948.9468,1775442891675362568
vocseg,no_sharing,175.2826,12040.1967,4096.0268,44.4686,0.0036,41.7631,7932.4529,7944.1698,1775442891675362568
vocseg,no_sharing,175.3703,11958.0781,4096.0268,44.4686,0.0036,41.7631,7844.754,7862.0513,1775442891675362568
vocseg,no_sharing,175.3926,11935.7953,4096.0268,44.4686,0.0036,41.7631,7822.4578,7839.7685,1775442891675362568
vocseg,no_sharing,175.4012,11935.91,4096.0268,44.4686,0.0036,41.7631,7813.823,7839.8831,1775442891675362568
vocseg,no_sharing,175.4289,11908.2925,4096.0268,44.4686,0.0036,41.7631,7786.1855,7812.2657,1775442891675362568
vocseg,no_sharing,175.4871,11850.0154,4096.0268,44.4686,0.0036,41.7631,7727.8969,7753.9886,1775442891675362568
vocseg,no_sharing,175.4989,11932.0359,4096.0268,44.4686,0.0036,41.7631,7716.1701,7836.0091,1775442891675362568
vocseg,no_sharing,175.5457,11885.2205,4096.0268,44.4686,0.0036,41.7631,7669.3373,7789.1937,1775442891675362568
vocseg,no_sharing,175.5534,11877.5806,4096.0268,44.4686,0.0036,41.7631,7661.6883,7781.5538,1775442891675362568
vocseg,no_sharing,175.5677,11863.215,4096.0268,44.4686,0.0036,41.7631,7647.3136,7767.1881,1775442891675362568
vocseg,no_sharing,175.6513,11779.6917,4096.0268,44.4686,0.0036,41.7631,7563.7817,7683.6649,1775442891675362568
vocseg,no_sharing,175.8679,11721.9019,4096.0268,44.4686,0.0036,41.7631,7347.127,7625.8751,1775442891675362568
vocseg,no_sharing,175.9115,11678.3078,4096.0268,44.4686,0.0036,41.7631,7303.5169,7582.2809,1775442891675362568
vocseg,no_sharing,175.9449,11644.9287,4096.0268,44.4686,0.0036,41.7631,7270.1292,7548.9019,1775442891675362568
vocseg,no_sharing,175.9755,11614.316,4096.0268,44.4686,0.0036,41.7631,7239.5096,7518.2891,1775442891675362568
vocseg,no_sharing,175.9841,11605.7136,4096.0268,44.4686,0.0036,41.7631,7230.9003,7509.6868,1775442891675362568
vocseg,no_sharing,175.9997,11590.1144,4096.0268,44.4686,0.0036,41.7631,7215.2941,7494.0875,1775442891675362568
vocseg,no_sharing,176.0003,11589.5982,4096.0268,44.4686,0.0036,41.7631,7214.7708,7493.5713,1775442891675362568
vocseg,no_sharing,176.0339,11555.9976,4096.0268,44.4686,0.0036,41.7631,7181.1643,7459.9708,1775442891675362568
vocseg,no_sharing,176.2482,11341.6584,4096.0268,44.4686,0.0036,41.7631,6966.8179,7245.6315,1775442891675362568
vocseg,no_sharing,176.2488,11341.1016,4096.0268,44.4686,0.0036,41.7631,6966.2549,7245.0748,1775442891675362568
vocseg,no_sharing,176.2684,11321.5163,4096.0268,44.4686,0.0036,41.7631,6946.6631,7225.4894,1775442891675362568
vocseg,no_sharing,176.3296,11260.2739,4096.0268,44.4686,0.0036,41.7631,6885.4144,7164.2471,1775442891675362568
vocseg,no_sharing,176.3769,11213.0129,4096.0268,44.4686,0.0036,41.7631,6838.1469,7116.9861,1775442891675362568
vocseg,no_sharing,176.3916,11198.3371,4096.0268,44.4686,0.0036,41.7631,6823.4642,7102.3102,1775442891675362568
vocseg,no_sharing,176.4042,11188.1196,4096.0268,44.4686,0.0036,41.7631,6810.8406,7092.0928,1775442891675362568
vocseg,no_sharing,176.4128,11179.4908,4096.0268,44.4686,0.0036,41.7631,6802.1991,7083.464,1775442891675362568
vocseg,no_sharing,176.4628,11129.5788,4096.0268,44.4686,0.0036,41.7631,6752.2781,7033.552,1775442891675362568
vocseg,no_sharing,176.4924,11099.9858,4096.0268,44.4686,0.0036,41.7631,6722.6777,7003.959,1775442891675362568
vocseg,no_sharing,176.505,11087.3482,4096.0268,44.4686,0.0036,41.7631,6710.0334,6991.3214,1775442891675362568
vocseg,no_sharing,176.579,11013.3967,4096.0268,44.4686,0.0036,41.7631,6636.0738,6917.3699,1775442891675362568
vocseg,no_sharing,176.6124,10979.9874,4096.0268,44.4686,0.0036,41.7631,6602.6578,6883.9605,1775442891675362568
vocseg,no_sharing,176.8423,10750.1101,4096.0268,44.4686,0.0036,41.7631,6372.7741,6654.0833,1775442891675362568
vocseg,no_sharing,176.9184,10673.9905,4096.0268,44.4686,0.0036,41.7631,6296.6487,6577.9636,1775442891675362568
vocseg,no_sharing,176.9664,10625.9534,4096.0268,44.4686,0.0036,41.7631,6248.606,6529.9266,1775442891675362568
vocseg,no_sharing,176.9857,10606.6775,4096.0268,44.4686,0.0036,41.7631,6229.3243,6510.6507,1775442891675362568
vocseg,no_sharing,177.0421,10550.3073,4096.0268,44.4686,0.0036,41.7631,6172.9484,6454.2804,1775442891675362568
vocseg,no_sharing,177.0548,10537.6263,4096.0268,44.4686,0.0036,41.7631,6160.2628,6441.5994,1775442891675362568
vocseg,no_sharing,177.1111,10481.3113,4096.0268,44.4686,0.0036,41.7631,6103.9426,6385.2845,1775442891675362568
vocseg,no_sharing,177.3054,10360.9295,4096.0268,44.4686,0.0036,41.7631,5909.6332,6264.9026,1775442891675362568
vocseg,no_sharing,177.3138,10352.5085,4096.0268,44.4686,0.0036,41.7631,5901.1998,6256.4817,1775442891675362568
vocseg,no_sharing,177.3941,10274.4522,4096.0268,44.4686,0.0036,41.7631,5820.9047,6178.4254,1775442891675362568
vocseg,no_sharing,177.6476,10020.9913,4096.0268,44.4686,0.0036,41.7631,5567.4336,5924.9645,1775442891675362568
vocseg,no_sharing,177.6688,9999.789,4096.0268,44.4686,0.0036,41.7631,5546.2246,5903.7622,1775442891675362568
vocseg,no_sharing,177.77,9899.7784,4096.0268,44.4686,0.0036,41.7631,5445.0147,5803.7515,1775442891675362568
vocseg,no_sharing,177.8114,9858.3694,4096.0268,44.4686,0.0036,41.7631,5403.5974,5762.3425,1775442891675362568
vocseg,no_sharing,177.8679,9801.9571,4096.0268,44.4686,0.0036,41.7631,5347.1797,5705.9303,1775442891675362568
vocseg,no_sharing,177.901,9768.7783,4096.0268,44.4686,0.0036,41.7631,5313.9951,5672.7515,1775442891675362568
vocseg,no_sharing,177.9233,9746.5699,4096.0268,44.4686,0.0036,41.7631,5291.7805,5650.543,1775442891675362568
vocseg,no_sharing,177.9817,9688.1328,4096.0268,44.4686,0.0036,41.7631,5233.3367,5592.1059,1775442891675362568
vocseg,no_sharing,178.1341,9535.7795,4096.0268,44.4686,0.0036,41.7631,5080.9774,5439.7526,1775442891675362568
vocseg,no_sharing,178.1341,9535.7711,4096.0268,44.4686,0.0036,41.7631,5080.9636,5439.7443,1775442891675362568
vocseg,no_sharing,178.2313,9438.5085,4096.0268,44.4686,0.0036,41.7631,4983.6943,5342.4817,1775442891675362568
vocseg,no_sharing,176.5962,11073.6465,4096.0268,44.4686,0.0036,41.7631,6618.8266,6977.6197,1775442891675362568
vocseg,no_sharing,176.9418,10728.065,4096.0268,44.4686,0.0036,41.7631,6273.2387,6632.0382,1775442891675362568
vocseg,no_sharing,178.6353,9034.5736,4096.0268,44.4686,0.0036,41.7631,4579.741,4938.5467,1775442891675362568
vocseg,no_sharing,176.9964,10673.5237,4096.0268,44.4686,0.0036,41.7631,6218.6844,6577.4968,1775442891675362568
vocseg,no_sharing,177.1845,10485.3938,4096.0268,44.4686,0.0036,41.7631,6030.5486,6389.3669,1775442891675362568
vocseg,no_sharing,177.2851,10384.8314,4096.0268,44.4686,0.0036,41.7631,5929.9812,6288.8046,1775442891675362568
vocseg,no_sharing,178.6353,9034.5757,4096.0268,44.4686,0.0036,41.7631,4579.7193,4938.5489,1775442891675362568
vocseg,no_sharing,177.5811,10088.8422,4096.0268,44.4686,0.0036,41.7631,5633.9793,5992.8153,1775442891675362568
vocseg,no_sharing,177.7793,9890.6584,4096.0268,44.4686,0.0036,41.7631,5435.7898,5794.6315,1775442891675362568
vocseg,no_sharing,177.9475,9722.4617,4096.0268,44.4686,0.0036,41.7631,5267.5881,5626.4349,1775442891675362568
vocseg,no_sharing,176.835,10834.8863,4096.0268,44.4686,0.0036,41.7631,6380.0073,6738.8595,1775442891675362568
vocseg,no_sharing,178.6353,9034.5964,4096.0268,44.4686,0.0036,41.7631,4579.7119,4938.5696,1775442891675362568
vocseg,no_sharing,178.6353,9034.5979,4096.0268,44.4686,0.0036,41.7631,4579.7064,4938.571,1775442891675362568
vocseg,no_sharing,178.6353,9034.5981,4096.0268,44.4686,0.0036,41.7631,4579.7012,4938.5713,1775442891675362568
vocseg,no_sharing,178.8707,8799.233,4096.0268,44.4686,0.0036,41.7631,4344.3303,4703.2061,1775442891675362568
vocseg,no_sharing,178.8707,8799.3433,4096.0268,44.4686,0.0036,41.7631,4344.3158,4703.3165,1775442891675362568
vocseg,no_sharing,178.8707,8799.3314,4096.0268,44.4686,0.0036,41.7631,4344.2957,4703.3046,1775442891675362568
vocseg,no_sharing,178.8708,8799.3307,4096.0268,44.4686,0.0036,41.7631,4344.2891,4703.3039,1775442891675362568
vocseg,no_sharing,178.8905,8779.5758,4096.0268,44.4686,0.0036,41.7631,4324.5277,4683.549,1775442891675362568
vocseg,no_sharing,178.9539,8716.1949,4096.0268,44.4686,0.0036,41.7631,4261.1408,4620.168,1775442891675362568
vocseg,no_sharing,178.9596,8710.5498,4096.0268,44.4686,0.0036,41.7631,4255.4891,4614.523,1775442891675362568
vocseg,no_sharing,179.0089,8661.1912,4096.0268,44.4686,0.0036,41.7631,4206.1243,4565.1644,1775442891675362568
vocseg,no_sharing,179.0615,8608.6648,4096.0268,44.4686,0.0036,41.7631,4153.5921,4512.6379,1775442891675362568
vocseg,no_sharing,179.1381,8532.0477,4096.0268,44.4686,0.0036,41.7631,4076.9691,4436.0209,1775442891675362568
vocseg,no_sharing,179.2876,8382.5006,4096.0268,44.4686,0.0036,41.7631,3927.4161,4286.4738,1775442891675362568
vocseg,no_sharing,179.2903,8379.8602,4096.0268,44.4686,0.0036,41.7631,3924.7694,4283.8333,1775442891675362568
vocseg,no_sharing,179.3489,8321.1932,4096.0268,44.4686,0.0036,41.7631,3866.097,4225.1664,1775442891675362568
vocseg,no_sharing,179.3746,8295.5337,4096.0268,44.4686,0.0036,41.7631,3840.4319,4199.5068,1775442891675362568
vocseg,no_sharing,179.3819,8288.2571,4096.0268,44.4686,0.0036,41.7631,3833.1497,4192.2303,1775442891675362568
vocseg,no_sharing,179.4195,8250.638,4096.0268,44.4686,0.0036,41.7631,3795.5251,4154.6112,1775442891675362568
vocseg,no_sharing,179.4978,8172.3862,4096.0268,44.4686,0.0036,41.7631,3717.2675,4076.3593,1775442891675362568
vocseg,no_sharing,179.5194,8150.7671,4096.0268,44.4686,0.0036,41.7631,3695.6429,4054.7402,1775442891675362568
vocseg,no_sharing,179.52,8150.1772,4096.0268,44.4686,0.0036,41.7631,3695.0474,4054.1504,1775442891675362568
vocseg,no_sharing,179.5267,8143.4498,4096.0268,44.4686,0.0036,41.7631,3688.3149,4047.4229,1775442891675362568
vocseg,no_sharing,179.6311,8039.1254,4096.0268,44.4686,0.0036,41.7631,3583.9851,3943.0986,1775442891675362568
vocseg,no_sharing,179.6587,8011.5132,4096.0268,44.4686,0.0036,41.7631,3556.3679,3915.4864,1775442891675362568
vocseg,no_sharing,179.7063,7963.8858,4096.0268,44.4686,0.0036,41.7631,3508.7352,3867.8589,1775442891675362568
vocseg,no_sharing,179.7119,7958.2515,4096.0268,44.4686,0.0036,41.7631,3503.0954,3862.2246,1775442891675362568
vocseg,no_sharing,179.8099,7860.3165,4096.0268,44.4686,0.0036,41.7631,3405.1557,3764.2897,1775442891675362568
vocseg,no_sharing,179.8626,7807.5879,4096.0268,44.4686,0.0036,41.7631,3352.4215,3711.561,1775442891675362568
vocseg,no_sharing,179.8713,7798.9001,4096.0268,44.4686,0.0036,41.7631,3343.7283,3702.8733,1775442891675362568
vocseg,no_sharing,179.909,7761.1787,4096.0268,44.4686,0.0036,41.7631,3306.0019,3665.1519,1775442891675362568
vocseg,no_sharing,179.9266,7743.6388,4096.0268,44.4686,0.0036,41.7631,3288.4562,3647.6119,1775442891675362568
