task,device_url,n_requests,throughput_rps,avg_latency_ms
ag_news,10.100.20.52:8000,1919,31.983333333333334,125.10716200744565
sst2,10.100.20.52:8001,2489,41.483333333333334,96.48710142038298
