task,device_url,n_requests,throughput_rps,avg_latency_ms
sst2,10.100.20.48:8001,2500,41.666666666666664,96.00792722702026
ag_news,10.100.20.48:8000,1914,31.9,125.48645163030834
