{
  "workload_type": "mixed",
  "task_counts": [
    2,
    4,
    6,
    8
  ],
  "objective_modes": [
    "deployments",
    "deployments_devices",
    "deployments_devices_modelsize"
  ],
  "results": {
    "deployments": {
      "2": {
        "memory_mb": 28294.36892712,
        "throughput_req_s": 36.45207273635024,
        "total_demand_req_s": 2.0,
        "avg_latency_ms": 228.157855,
        "utilization": 0.45631571,
        "num_deployments": 2,
        "num_devices": 2,
        "status": "OPTIMAL"
      },
      "4": {
        "memory_mb": 28425.98123999,
        "throughput_req_s": 372.7850925433592,
        "total_demand_req_s": 4.0,
        "avg_latency_ms": 194.0323975,
        "utilization": 0.77612959,
        "num_deployments": 3,
        "num_devices": 3,
        "status": "OPTIMAL"
      },
      "6": {
        "memory_mb": 7891.7759711275,
        "throughput_req_s": 305.9478331068886,
        "total_demand_req_s": 6.0,
        "avg_latency_ms": 80.65445000000001,
        "utilization": 0.48392670000000004,
        "num_deployments": 4,
        "num_devices": 4,
        "status": "OPTIMAL"
      },
      "8": {
        "memory_mb": 18354.783708190997,
        "throughput_req_s": 625.4654327768269,
        "total_demand_req_s": 8.0,
        "avg_latency_ms": 104.19620375000001,
        "utilization": 0.83356963,
        "num_deployments": 5,
        "num_devices": 5,
        "status": "OPTIMAL"
      }
    },
    "deployments_devices": {
      "2": {
        "memory_mb": 28294.36892712,
        "throughput_req_s": 36.45207273635024,
        "total_demand_req_s": 2.0,
        "avg_latency_ms": 228.157855,
        "utilization": 0.45631571,
        "num_deployments": 2,
        "num_devices": 2,
        "status": "OPTIMAL"
      },
      "4": {
        "memory_mb": 5937.98123999,
        "throughput_req_s": 376.8129776198763,
        "total_demand_req_s": 4.0,
        "avg_latency_ms": 79.037435,
        "utilization": 0.31614974,
        "num_deployments": 3,
        "num_devices": 3,
        "status": "OPTIMAL"
      },
      "6": {
        "memory_mb": 18860.5159711275,
        "throughput_req_s": 301.8196616873891,
        "total_demand_req_s": 6.0,
        "avg_latency_ms": 167.58572166666667,
        "utilization": 1.0055143299999998,
        "num_deployments": 4,
        "num_devices": 4,
        "status": "OPTIMAL"
      },
      "8": {
        "memory_mb": 8974.143708190999,
        "throughput_req_s": 628.1557184746641,
        "total_demand_req_s": 8.0,
        "avg_latency_ms": 75.71445625000001,
        "utilization": 0.60571565,
        "num_deployments": 5,
        "num_devices": 5,
        "status": "OPTIMAL"
      }
    },
    "deployments_devices_modelsize": {
      "2": {
        "memory_mb": 6080.36892712,
        "throughput_req_s": 41.026120124372994,
        "total_demand_req_s": 2.0,
        "avg_latency_ms": 86.954795,
        "utilization": 0.17390959000000003,
        "num_deployments": 2,
        "num_devices": 2,
        "status": "OPTIMAL"
      },
      "4": {
        "memory_mb": 5937.98123999,
        "throughput_req_s": 376.8129776198763,
        "total_demand_req_s": 4.0,
        "avg_latency_ms": 79.037435,
        "utilization": 0.31614974,
        "num_deployments": 3,
        "num_devices": 3,
        "status": "OPTIMAL"
      },
      "6": {
        "memory_mb": 7891.7759711275,
        "throughput_req_s": 305.9478331068886,
        "total_demand_req_s": 6.0,
        "avg_latency_ms": 80.65445000000001,
        "utilization": 0.48392670000000004,
        "num_deployments": 4,
        "num_devices": 4,
        "status": "OPTIMAL"
      },
      "8": {
        "memory_mb": 8974.143708190999,
        "throughput_req_s": 628.1557184746641,
        "total_demand_req_s": 8.0,
        "avg_latency_ms": 75.71445625000001,
        "utilization": 0.60571565,
        "num_deployments": 5,
        "num_devices": 5,
        "status": "OPTIMAL"
      }
    }
  }
}