{
  "workload_type": "tsfm",
  "task_counts": [
    2,
    4,
    6,
    8,
    10,
    12,
    14,
    16
  ],
  "objective_modes": [
    "deployments",
    "deployments_devices",
    "deployments_devices_modelsize"
  ],
  "results": {
    "deployments": {
      "2": {
        "memory_mb": 170.43682017999998,
        "throughput_req_s": 455.90312439693616,
        "total_demand_req_s": 2.0,
        "avg_latency_ms": 4.622675,
        "utilization": 0.00924535,
        "num_deployments": 2,
        "num_devices": 2,
        "status": "OPTIMAL"
      },
      "4": {
        "memory_mb": 2777.776079908,
        "throughput_req_s": 470.8035414234681,
        "total_demand_req_s": 4.0,
        "avg_latency_ms": 9.6972375,
        "utilization": 0.038788949999999996,
        "num_deployments": 4,
        "num_devices": 4,
        "status": "OPTIMAL"
      },
      "6": {
        "memory_mb": 3722.1603814615005,
        "throughput_req_s": 721.8147293183622,
        "total_demand_req_s": 6.0,
        "avg_latency_ms": 9.140618333333332,
        "utilization": 0.05484371,
        "num_deployments": 6,
        "num_devices": 6,
        "status": "OPTIMAL"
      },
      "8": {
        "memory_mb": 4508.560976206,
        "throughput_req_s": 1206.9407109668932,
        "total_demand_req_s": 8.0,
        "avg_latency_ms": 10.6566175,
        "utilization": 0.08525294000000003,
        "num_deployments": 8,
        "num_devices": 8,
        "status": "OPTIMAL"
      },
      "10": null,
      "12": null,
      "14": null,
      "16": null
    },
    "deployments_devices": {
      "2": {
        "memory_mb": 170.43682017999998,
        "throughput_req_s": 455.90312439693616,
        "total_demand_req_s": 2.0,
        "avg_latency_ms": 4.622675,
        "utilization": 0.00924535,
        "num_deployments": 2,
        "num_devices": 2,
        "status": "OPTIMAL"
      },
      "4": {
        "memory_mb": 2777.776079908,
        "throughput_req_s": 470.8035414234681,
        "total_demand_req_s": 4.0,
        "avg_latency_ms": 9.6972375,
        "utilization": 0.038788949999999996,
        "num_deployments": 4,
        "num_devices": 4,
        "status": "OPTIMAL"
      },
      "6": {
        "memory_mb": 3722.1603814615005,
        "throughput_req_s": 721.8147293183622,
        "total_demand_req_s": 6.0,
        "avg_latency_ms": 9.140618333333332,
        "utilization": 0.05484371,
        "num_deployments": 6,
        "num_devices": 6,
        "status": "OPTIMAL"
      },
      "8": {
        "memory_mb": 4508.560976206,
        "throughput_req_s": 1206.9407109668932,
        "total_demand_req_s": 8.0,
        "avg_latency_ms": 10.6566175,
        "utilization": 0.08525294000000003,
        "num_deployments": 8,
        "num_devices": 8,
        "status": "OPTIMAL"
      },
      "10": null,
      "12": null,
      "14": null,
      "16": null
    },
    "deployments_devices_modelsize": {
      "2": {
        "memory_mb": 170.43682017999998,
        "throughput_req_s": 455.90312439693616,
        "total_demand_req_s": 2.0,
        "avg_latency_ms": 4.622675,
        "utilization": 0.00924535,
        "num_deployments": 2,
        "num_devices": 2,
        "status": "OPTIMAL"
      },
      "4": {
        "memory_mb": 2777.776079908,
        "throughput_req_s": 470.8035414234681,
        "total_demand_req_s": 4.0,
        "avg_latency_ms": 9.6972375,
        "utilization": 0.038788949999999996,
        "num_deployments": 4,
        "num_devices": 4,
        "status": "OPTIMAL"
      },
      "6": {
        "memory_mb": 3722.1603814615005,
        "throughput_req_s": 721.8147293183622,
        "total_demand_req_s": 6.0,
        "avg_latency_ms": 9.140618333333332,
        "utilization": 0.05484371,
        "num_deployments": 6,
        "num_devices": 6,
        "status": "OPTIMAL"
      },
      "8": {
        "memory_mb": 4508.560976206,
        "throughput_req_s": 1206.9407109668932,
        "total_demand_req_s": 8.0,
        "avg_latency_ms": 10.6566175,
        "utilization": 0.08525294000000003,
        "num_deployments": 8,
        "num_devices": 8,
        "status": "OPTIMAL"
      },
      "10": null,
      "12": null,
      "14": null,
      "16": null
    }
  }
}