task,condition,elapsed_sec,latency_ms,server_exec_ms,server_proc_ms,server_swap_ms,server_decoder_ms,queue_wait_plus_rpc_ms,client_pre_rpc_ms,non_server_exec_overhead_ms,server_start_ns
nyudepth__app1,no_sharing,0.0001,128.7632,122.4125,115.3265,0.0025,6.4317,2.29,0.0,6.3507,1778783578432560209
nyudepth__app1,no_sharing,1.2025,34.2197,29.5685,28.4838,0.0029,0.5091,1.899,0.0,4.6512,1778783579634597360
nyudepth__app1,no_sharing,2.3711,34.6935,30.3326,29.3164,0.0025,0.4719,1.7247,0.0,4.3609,1778783580802959817
nyudepth__app1,no_sharing,3.5646,34.3685,29.7671,28.69,0.0025,0.4957,1.9054,0.0,4.6014,1778783581996658880
nyudepth__app1,no_sharing,3.7032,34.6878,29.9251,28.8938,0.0024,0.475,2.1911,0.0,4.7626,1778783582135582169
nyudepth__app1,no_sharing,3.7461,33.4797,29.1404,28.1139,0.0021,0.5042,1.6313,0.0,4.3393,1778783582177849478
nyudepth__app1,no_sharing,4.4728,34.384,29.8724,28.821,0.0027,0.5032,1.8806,0.0,4.5116,1778783582904813955
nyudepth__app1,no_sharing,5.1778,34.6889,30.0684,28.5139,0.0023,0.5103,1.9174,0.0,4.6205,1778783583609909686
nyudepth__app1,no_sharing,6.7413,34.23,29.6568,28.5788,0.0022,0.5122,1.8964,0.0,4.5732,1778783585173338734
nyudepth__app1,no_sharing,6.7797,33.3045,29.2479,28.3085,0.0017,0.4572,1.5163,0.0,4.0565,1778783585211372321
nyudepth__app1,no_sharing,7.3028,34.7695,29.4068,28.362,0.0026,0.4803,2.6546,0.0,5.3627,1778783585735579963
nyudepth__app1,no_sharing,7.3375,32.5315,28.7842,27.8756,0.0016,0.4328,1.313,0.0,3.7473,1778783585769020649
nyudepth__app1,no_sharing,7.882,50.6489,45.9315,44.8338,0.0022,0.527,2.0785,0.0,4.7174,1778783586314261717
nyudepth__app1,no_sharing,8.7482,33.736,29.3547,28.3702,0.0024,0.4517,1.7715,0.0,4.3813,1778783587180171607
nyudepth__app1,no_sharing,8.9418,33.7095,29.3671,28.2951,0.0023,0.5005,1.6994,0.0,4.3424,1778783587373681755
nyudepth__app1,no_sharing,9.5574,33.9258,29.6389,28.6826,0.0022,0.4862,1.7662,0.0,4.2869,1778783587989324980
nyudepth__app1,no_sharing,9.6345,33.71,29.2946,28.2946,0.002,0.4703,1.761,0.0,4.4154,1778783588066419924
nyudepth__app1,no_sharing,9.6804,33.113,28.9824,28.0124,0.0022,0.4835,1.4946,0.0,4.1306,1778783588112008297
nyudepth__app1,no_sharing,9.8377,34.0369,29.5105,28.4164,0.0027,0.5137,1.8127,0.0,4.5264,1778783588269721905
nyudepth__app1,no_sharing,10.2885,49.0458,44.4393,43.3267,0.0021,0.5229,2.049,0.0,4.6065,1778783588720709698
nyudepth__app1,no_sharing,10.4949,34.2622,29.6485,28.5316,0.0031,0.5318,1.8818,0.0,4.6137,1778783588926910791
nyudepth__app1,no_sharing,11.1182,34.1163,29.5752,28.5339,0.0018,0.4956,1.9047,0.0,4.5411,1778783589550258853
nyudepth__app1,no_sharing,11.2303,93.0066,88.5877,83.4474,0.0037,4.337,1.8525,0.0,4.4189,1778783589662268089
nyudepth__app1,no_sharing,12.1492,35.177,29.5731,28.5044,0.0024,0.5052,1.9851,0.0,5.6039,1778783590581338835
nyudepth__app1,no_sharing,12.7629,34.1687,29.5145,28.4496,0.0022,0.4779,1.9398,0.0,4.6543,1778783591195055256
nyudepth__app1,no_sharing,13.0904,55.1281,49.4782,46.6722,0.0024,2.2512,1.7879,0.0,5.6499,1778783591522338076
nyudepth__app1,no_sharing,13.2988,34.0426,29.5006,28.4533,0.0025,0.4864,1.8847,0.0,4.542,1778783591730901414
nyudepth__app1,no_sharing,13.5258,48.7659,42.496,39.7059,0.0023,2.1883,1.8764,0.0,6.2699,1778783591957839743
nyudepth__app1,no_sharing,13.5645,48.2817,35.2905,34.3338,0.0026,0.4962,10.3154,0.0,12.9911,1778783592005018597
nyudepth__app1,no_sharing,13.654,34.1256,29.403,28.4546,0.0021,0.4856,2.0506,0.0,4.7226,1778783592086211202
nyudepth__app1,no_sharing,13.9965,34.2429,29.5324,28.4233,0.0022,0.5261,1.9262,0.0,4.7105,1778783592428635012
nyudepth__app1,no_sharing,14.1915,33.9267,29.3843,28.4361,0.0019,0.4865,1.8823,0.0,4.5424,1778783592623556455
nyudepth__app1,no_sharing,14.8233,33.9262,29.2491,28.3106,0.0019,0.4733,1.9484,0.0,4.6772,1778783593255455369
nyudepth__app1,no_sharing,15.1783,34.1451,29.5612,28.5046,0.0022,0.488,1.8792,0.0,4.584,1778783593610326691
nyudepth__app1,no_sharing,15.2969,37.5228,31.8948,28.533,0.0028,2.7868,1.7836,0.0,5.628,1778783593728803815
nyudepth__app1,no_sharing,15.5267,34.0676,29.4858,28.395,0.0023,0.5135,1.8542,0.0,4.5818,1778783593958723126
nyudepth__app1,no_sharing,15.8479,56.4566,50.8987,45.8343,0.0029,4.4758,1.9486,0.0,5.5579,1778783594279990702
nyudepth__app1,no_sharing,16.0199,35.0273,29.7021,28.5636,0.0024,0.5374,2.6,0.0,5.3252,1778783594452649609
nyudepth__app1,no_sharing,16.1812,33.8993,29.4211,28.4987,0.0023,0.4708,1.8456,0.0,4.4783,1778783594613190829
nyudepth__app1,no_sharing,16.6206,34.1046,29.4898,28.4696,0.0022,0.5194,1.8704,0.0,4.6148,1778783595052703950
nyudepth__app1,no_sharing,16.7687,69.0365,63.8322,62.6485,0.0026,0.5932,2.5413,0.0,5.2043,1778783595201361748
nyudepth__app1,no_sharing,17.4356,39.4049,33.7989,30.9895,0.0023,2.2462,1.8694,0.0,5.606,1778783595867687200
nyudepth__app1,no_sharing,18.1311,34.025,29.4277,28.3988,0.0025,0.4809,1.9491,0.0,4.5972,1778783596563242363
nyudepth__app1,no_sharing,18.6745,34.0819,29.5086,28.4269,0.0023,0.5029,1.9102,0.0,4.5733,1778783597106586083
nyudepth__app1,no_sharing,18.7097,32.6767,28.8667,27.945,0.0024,0.4632,1.3919,0.0,3.81,1778783597141289156
nyudepth__app1,no_sharing,19.2772,34.0714,29.5373,28.504,0.0018,0.4761,1.9042,0.0,4.5341,1778783597709260321
nyudepth__app1,no_sharing,19.9537,34.9963,30.2887,28.7164,0.0021,0.5252,1.9324,0.0,4.7076,1778783598385835172
nyudepth__app1,no_sharing,20.5145,34.5995,29.7286,28.5469,0.0025,0.5394,2.0165,0.0,4.871,1778783598946673173
nyudepth__app1,no_sharing,20.655,46.9825,41.2165,40.1501,0.0025,0.4896,3.1674,0.0,5.766,1778783599088325551
nyudepth__app1,no_sharing,20.8152,38.6035,33.9242,32.8235,0.0025,0.5059,2.0416,0.0,4.6793,1778783599247390249
nyudepth__app1,no_sharing,20.8979,34.0939,29.598,28.546,0.0023,0.4861,1.8039,0.0,4.4959,1778783599329913770
nyudepth__app1,no_sharing,21.0752,34.8377,30.3432,29.2564,0.0022,0.5123,1.8501,0.0,4.4946,1778783599507169968
nyudepth__app1,no_sharing,21.0861,55.1739,28.8641,27.9331,0.0015,0.4678,23.8097,0.0,26.3097,1778783599540041370
nyudepth__app1,no_sharing,21.1694,35.0709,29.6232,28.4816,0.0022,0.5997,1.7669,0.0,5.4477,1778783599601332512
nyudepth__app1,no_sharing,21.8269,34.2851,29.6522,28.596,0.0027,0.4864,1.9336,0.0,4.6329,1778783600258979345
nyudepth__app1,no_sharing,23.8251,34.0793,29.5103,28.5096,0.0022,0.51,1.8618,0.0,4.569,1778783602257087541
nyudepth__app1,no_sharing,24.107,34.3652,29.7571,28.7032,0.0022,0.5042,1.9164,0.0,4.6081,1778783602539074683
nyudepth__app1,no_sharing,24.2489,33.5972,29.3631,28.3319,0.0022,0.4777,1.7285,0.0,4.2342,1778783602680739871
nyudepth__app1,no_sharing,24.4473,38.9314,33.4047,30.7352,0.0026,2.1715,1.8022,0.0,5.5267,1778783602879255864
nyudepth__app1,no_sharing,24.6285,98.8181,93.6424,92.4701,0.0022,0.5672,2.7363,0.0,5.1757,1778783603061400256
nyudepth__app1,no_sharing,24.6927,99.566,61.4541,58.6409,0.0023,2.2617,34.7211,0.0,38.1118,1778783603157551302
nyudepth__app1,no_sharing,25.2345,37.5426,31.9132,28.5794,0.0023,2.7755,1.9121,0.0,5.6294,1778783603666591768
nyudepth__app1,no_sharing,25.9228,33.9475,29.4048,28.3627,0.0023,0.4893,1.8604,0.0,4.5427,1778783604354797971
nyudepth__app1,no_sharing,26.6771,34.1971,29.5607,28.5352,0.0021,0.481,1.9279,0.0,4.6364,1778783605109198004
nyudepth__app1,no_sharing,29.3314,69.5212,64.9946,59.8934,0.0022,4.5222,1.8904,0.0,4.5266,1778783607763440553
nyudepth__app1,no_sharing,30.3851,34.7769,30.3207,29.3842,0.0023,0.4672,1.7965,0.0,4.4562,1778783608817019620
nyudepth__app1,no_sharing,31.2076,34.5404,29.8913,28.3969,0.0021,0.5061,1.9491,0.0,4.6492,1778783609639673883
nyudepth__app1,no_sharing,31.7291,34.1332,29.5069,28.4367,0.0025,0.5078,1.894,0.0,4.6263,1778783610161203832
nyudepth__app1,no_sharing,32.0252,65.3067,60.6462,55.4019,0.0031,4.6207,1.8373,0.0,4.6605,1778783610457206527
nyudepth__app1,no_sharing,32.0471,131.8531,85.7077,84.6214,0.0032,0.5595,43.2403,0.0,46.1454,1778783610520570167
nyudepth__app1,no_sharing,32.5275,34.9147,29.521,28.4568,0.0026,0.4912,2.594,0.0,5.3937,1778783610960288328
nyudepth__app1,no_sharing,32.8362,34.0798,29.4435,28.4201,0.002,0.4739,1.8778,0.0,4.6363,1778783611268265181
nyudepth__app1,no_sharing,33.5905,34.0462,29.512,28.5453,0.0024,0.4944,1.8702,0.0,4.5342,1778783612022537048
nyudepth__app1,no_sharing,34.6041,35.1481,30.0267,28.6371,0.0025,0.728,1.8947,0.0,5.1214,1778783613036171007
nyudepth__app1,no_sharing,34.7704,35.0838,30.6544,29.6767,0.0022,0.5082,1.8554,0.0,4.4294,1778783613202446822
nyudepth__app1,no_sharing,34.7953,42.0508,29.1299,28.1606,0.0027,0.4997,10.1066,0.0,12.9209,1778783613235601653
nyudepth__app1,no_sharing,35.2573,34.2662,29.6055,28.5487,0.0021,0.4961,1.9386,0.0,4.6607,1778783613689443716
nyudepth__app1,no_sharing,36.5345,34.1022,29.5121,28.4526,0.0019,0.4955,1.8861,0.0,4.5901,1778783614966595371
nyudepth__app1,no_sharing,36.9449,57.1749,52.3795,51.1523,0.0028,0.5857,1.9715,0.0,4.7954,1778783615377043842
nyudepth__app1,no_sharing,38.0101,78.4583,74.0132,68.9438,0.0028,4.4846,1.6866,0.0,4.4451,1778783616441961860
nyudepth__app1,no_sharing,38.3872,34.498,29.8235,28.7661,0.0023,0.505,1.9569,0.0,4.6745,1778783616819350931
nyudepth__app1,no_sharing,39.045,34.364,29.7961,28.7218,0.0021,0.5114,1.8547,0.0,4.5679,1778783617476978350
nyudepth__app1,no_sharing,39.1886,33.9346,29.4096,28.3418,0.0019,0.4918,1.8663,0.0,4.525,1778783617620603309
nyudepth__app1,no_sharing,39.2557,32.8555,28.8745,27.9948,0.0018,0.4716,1.4811,0.0,3.981,1778783617687311290
nyudepth__app1,no_sharing,39.3267,33.7167,29.3499,28.3066,0.0021,0.5061,1.6484,0.0,4.3668,1778783617758502002
nyudepth__app1,no_sharing,39.3856,33.4771,29.1883,28.0879,0.0028,0.5341,1.6563,0.0,4.2888,1778783617817380382
nyudepth__app1,no_sharing,39.4135,49.4075,41.1759,38.4205,0.0022,2.2118,5.3816,0.0,8.2316,1778783617849094173
nyudepth__app1,no_sharing,40.2711,55.3896,50.5676,49.4084,0.0029,0.5852,1.8256,0.0,4.8221,1778783618703050801
nyudepth__app1,no_sharing,40.4957,50.9624,45.7035,44.6415,0.0025,0.4994,2.6429,0.0,5.259,1778783618928490447
nyudepth__app1,no_sharing,40.6885,86.2553,81.8153,80.6674,0.0024,0.5447,1.8313,0.0,4.44,1778783619120511342
nyudepth__app1,no_sharing,41.1562,94.8014,88.504,83.4386,0.0025,4.3907,2.6562,0.0,6.2974,1778783619588998770
nyudepth__app1,no_sharing,41.2501,47.4517,43.2731,42.3042,0.0019,0.4671,1.6603,0.0,4.1787,1778783619681973514
nyudepth__app1,no_sharing,42.2091,34.2369,29.5693,28.478,0.0025,0.513,1.8826,0.0,4.6676,1778783620641167695
nyudepth__app1,no_sharing,42.8551,45.434,40.6846,39.5972,0.0022,0.5221,2.1174,0.0,4.7494,1778783621287404025
nyudepth__app1,no_sharing,43.0195,33.7236,29.3494,28.3583,0.0019,0.4501,1.7695,0.0,4.3742,1778783621451401921
nyudepth__app1,no_sharing,43.1194,33.4806,29.1887,28.1885,0.002,0.4575,1.7135,0.0,4.292,1778783621551252096
nyudepth__app1,no_sharing,43.3866,34.2941,29.7056,28.509,0.0023,0.5266,1.7705,0.0,4.5886,1778783621818489826
nyudepth__app1,no_sharing,43.5381,34.2491,29.4949,28.434,0.0025,0.4899,1.9073,0.0,4.7542,1778783621970194888
nyudepth__app1,no_sharing,43.5755,34.0409,29.4946,28.4225,0.0023,0.5091,1.7586,0.0,4.5463,1778783622007444189
nyudepth__app1,no_sharing,43.8279,50.3924,45.868,44.9205,0.002,0.4834,1.9681,0.0,4.5244,1778783622260007441
nyudepth__app1,no_sharing,44.9533,34.4856,29.6892,28.6748,0.0021,0.5166,2.0154,0.0,4.7963,1778783623385440191
nyudepth__app1,no_sharing,45.459,35.0542,29.6289,28.5875,0.0021,0.4827,1.821,0.0,5.4253,1778783623891026750
nyudepth__app1,no_sharing,46.9991,33.9835,29.3868,28.3561,0.0019,0.4679,1.9135,0.0,4.5967,1778783625431151251
nyudepth__app1,no_sharing,48.0217,126.7829,121.3037,116.2434,0.0027,4.3978,2.9311,0.0,5.4792,1778783626454834786
nyudepth__app1,no_sharing,48.5815,34.5016,29.8351,28.7352,0.0026,0.5023,1.8981,0.0,4.6664,1778783627013553143
nyudepth__app1,no_sharing,49.5067,34.6897,30.2612,28.6925,0.0031,0.5056,1.755,0.0,4.4284,1778783627938582382
nyudepth__app1,no_sharing,49.8697,34.1523,29.524,28.4481,0.0023,0.5044,1.8561,0.0,4.6283,1778783628301767181
nyudepth__app1,no_sharing,50.4043,93.8892,86.7423,81.6791,0.0035,4.3892,3.0332,0.0,7.147,1778783628837482995
nyudepth__app1,no_sharing,50.5941,35.0313,29.6147,28.6104,0.0022,0.4959,2.5966,0.0,5.4166,1778783629026909031
nyudepth__app1,no_sharing,50.7034,34.0176,29.3786,28.3923,0.0025,0.5108,1.9281,0.0,4.639,1778783629135479533
nyudepth__app1,no_sharing,51.7763,33.972,29.4713,28.4401,0.002,0.4779,1.8029,0.0,4.5007,1778783630208282120
nyudepth__app1,no_sharing,51.8475,34.1125,29.6407,28.588,0.0025,0.5102,1.7467,0.0,4.4718,1778783630279362630
nyudepth__app1,no_sharing,51.9398,34.0073,29.4939,28.4344,0.002,0.497,1.7648,0.0,4.5135,1778783630371713346
nyudepth__app1,no_sharing,52.0951,34.5399,29.7841,28.6991,0.0023,0.5171,1.977,0.0,4.7559,1778783630527210767
nyudepth__app1,no_sharing,52.5786,34.0846,29.422,28.3395,0.0022,0.5143,1.914,0.0,4.6626,1778783631010687228
nyudepth__app1,no_sharing,52.786,33.8848,29.3931,28.348,0.0022,0.4813,1.8287,0.0,4.4917,1778783631217991603
nyudepth__app1,no_sharing,53.1287,34.4672,29.7413,28.6244,0.0022,0.511,1.9085,0.0,4.7259,1778783631560752209
nyudepth__app1,no_sharing,54.2079,34.1983,29.5612,28.5181,0.0023,0.4803,1.9016,0.0,4.637,1778783632639939386
nyudepth__app1,no_sharing,54.98,34.0223,29.3642,28.4328,0.0021,0.4583,1.9419,0.0,4.6581,1778783633412081737
nyudepth__app1,no_sharing,55.564,69.5963,65.2052,64.0784,0.0026,0.5874,1.8041,0.0,4.3911,1778783633995972911
nyudepth__app1,no_sharing,55.6498,33.7849,29.484,28.5562,0.0025,0.4838,1.6963,0.0,4.3009,1778783634081620075
nyudepth__app1,no_sharing,56.2447,85.1395,78.428,71.0118,0.0024,6.7711,2.7871,0.0,6.7116,1778783634677657038
nyudepth__app1,no_sharing,56.472,44.6088,39.1252,38.0851,0.0023,0.4911,2.9345,0.0,5.4836,1778783634905078887
nyudepth__app1,no_sharing,56.5337,32.9711,29.0851,28.1432,0.0024,0.4465,1.4479,0.0,3.8861,1778783634965332617
nyudepth__app1,no_sharing,56.7345,57.8425,52.9841,51.1957,0.0024,0.9928,1.9007,0.0,4.8584,1778783635166604023
nyudepth__app1,no_sharing,56.769,56.6251,30.9254,29.4601,0.0018,0.4555,23.1643,0.0,25.6998,1778783635222356193
nyudepth__app1,no_sharing,57.2261,46.4199,40.6408,37.9258,0.0023,2.2104,1.9107,0.0,5.7791,1778783635658213025
nyudepth__app1,no_sharing,57.7124,34.0137,29.4672,28.4449,0.002,0.4704,1.873,0.0,4.5466,1778783636144423232
nyudepth__app1,no_sharing,57.8593,48.7368,44.6135,39.5821,0.0024,4.4818,1.4191,0.0,4.1233,1778783636290837684
nyudepth__app1,no_sharing,57.8826,100.2889,72.1196,71.1343,0.0021,0.5213,25.2566,0.0,28.1692,1778783636337986883
nyudepth__app1,no_sharing,59.2471,33.9015,29.4934,28.484,0.002,0.4616,1.8108,0.0,4.408,1778783637679080022
nyudepth__app1,no_sharing,59.6507,35.1317,30.556,29.601,0.0024,0.4684,2.0301,0.0,4.5757,1778783638082903605
nyudepth__app1,no_sharing,60.3951,34.5871,30.1047,29.0537,0.0024,0.4886,1.8277,0.0,4.4825,1778783638827040500
nyudepth__app1,no_sharing,60.5709,34.0338,29.4784,28.4421,0.0021,0.471,1.8661,0.0,4.5554,1778783639002957543
nyudepth__app1,no_sharing,61.409,80.1039,74.4658,73.3397,0.0025,0.5177,3.0553,0.0,5.6381,1778783639842216141
nyudepth__app1,no_sharing,62.2295,56.0122,51.5294,50.3184,0.0023,0.6028,1.9326,0.0,4.4828,1778783640661582415
nyudepth__app1,no_sharing,62.2763,41.074,29.4061,28.4905,0.0019,0.4826,9.1531,0.0,11.668,1778783640715647639
nyudepth__app1,no_sharing,64.9925,34.389,29.6842,28.5628,0.0019,0.5313,1.9517,0.0,4.7048,1778783643424594046
nyudepth__app1,no_sharing,65.3293,34.3633,29.7772,28.7219,0.002,0.5018,1.8694,0.0,4.5861,1778783643761351196
nyudepth__app1,no_sharing,66.0283,39.1617,34.7437,33.6992,0.0023,0.4912,1.8702,0.0,4.418,1778783644460374670
nyudepth__app1,no_sharing,66.1497,33.6783,29.2464,28.269,0.0022,0.4883,1.7767,0.0,4.4319,1778783644581668664
nyudepth__app1,no_sharing,66.6421,87.8208,81.7879,80.6352,0.0023,0.5528,3.0591,0.0,6.0329,1778783645075292837
nyudepth__app1,no_sharing,66.7851,34.7738,29.4764,28.435,0.0019,0.479,2.6162,0.0,5.2974,1778783645217857805
nyudepth__app1,no_sharing,67.5921,34.1809,29.6595,28.5888,0.0022,0.4911,1.8516,0.0,4.5214,1778783646024093715
nyudepth__app1,no_sharing,67.8238,55.887,49.9628,47.1654,0.0026,2.1996,1.8995,0.0,5.9242,1778783646255847951
nyudepth__app1,no_sharing,68.2126,52.0084,47.4996,46.4244,0.0021,0.5013,1.9746,0.0,4.5088,1778783646644718430
nyudepth__app1,no_sharing,68.477,34.6816,29.9825,28.8357,0.0023,0.535,1.8826,0.0,4.6991,1778783646909011998
nyudepth__app1,no_sharing,68.8542,67.2948,62.7552,57.6997,0.0025,4.5627,1.8826,0.0,4.5397,1778783647286218796
nyudepth__app1,no_sharing,69.0907,34.2574,29.5702,28.5512,0.0023,0.5031,1.8485,0.0,4.6872,1778783647522761738
nyudepth__app1,no_sharing,69.396,34.8904,30.3235,29.0838,0.003,0.6202,1.8754,0.0,4.5669,1778783647828018759
nyudepth__app1,no_sharing,69.411,51.2893,29.062,28.1105,0.0022,0.4725,19.748,0.0,22.2273,1778783647860874060
nyudepth__app1,no_sharing,70.2041,33.9873,29.5199,28.5212,0.002,0.5074,1.7691,0.0,4.4674,1778783648636046930
nyudepth__app1,no_sharing,71.4595,34.1001,29.3745,28.308,0.0019,0.492,1.9577,0.0,4.7256,1778783649891603785
nyudepth__app1,no_sharing,71.7501,64.8324,60.337,59.084,0.0027,0.5615,1.9,0.0,4.4955,1778783650182195464
nyudepth__app1,no_sharing,73.4515,34.4179,29.6512,28.6278,0.0021,0.4979,1.9712,0.0,4.7667,1778783651883667448
nyudepth__app1,no_sharing,73.5361,34.1163,29.6108,28.5715,0.0023,0.4839,1.8308,0.0,4.5054,1778783651968141446
nyudepth__app1,no_sharing,74.9284,33.8583,29.271,28.3186,0.002,0.4743,1.9231,0.0,4.5873,1778783653360447362
nyudepth__app1,no_sharing,75.1104,33.8593,29.2078,28.1993,0.002,0.4764,1.9011,0.0,4.6514,1778783653542513697
nyudepth__app1,no_sharing,75.4448,34.2402,29.5025,28.4238,0.0024,0.4921,1.9128,0.0,4.7378,1778783653876848339
nyudepth__app1,no_sharing,76.6634,54.6925,49.7554,48.6345,0.0025,0.5257,1.9236,0.0,4.9371,1778783655095453561
nyudepth__app1,no_sharing,76.7262,34.4722,29.4167,28.373,0.002,0.5045,2.3444,0.0,5.0556,1778783655158706893
nyudepth__app1,no_sharing,76.8219,33.9835,29.3941,28.325,0.0021,0.4965,1.8523,0.0,4.5894,1778783655253883420
nyudepth__app1,no_sharing,77.4931,34.6122,29.9238,28.8276,0.0021,0.5174,1.96,0.0,4.6884,1778783655925259693
nyudepth__app1,no_sharing,77.9845,35.3208,29.8848,28.7698,0.0024,0.5296,2.6853,0.0,5.436,1778783656417400233
nyudepth__app1,no_sharing,78.1291,34.9615,30.2121,28.6235,0.0024,0.495,1.931,0.0,4.7494,1778783656561238533
nyudepth__app1,no_sharing,78.3502,46.953,42.1232,41.0173,0.0023,0.5226,1.8253,0.0,4.8297,1778783656782161187
nyudepth__app1,no_sharing,78.7256,58.4037,52.1166,49.2306,0.0024,2.3091,2.6414,0.0,6.2871,1778783657158445001
nyudepth__app1,no_sharing,79.6753,34.3585,29.7732,28.689,0.0021,0.5138,1.8659,0.0,4.5853,1778783658107306803
nyudepth__app1,no_sharing,79.8549,33.9911,29.4766,28.438,0.0022,0.4706,1.862,0.0,4.5145,1778783658286943071
nyudepth__app1,no_sharing,80.2373,34.1425,29.4693,28.4058,0.0023,0.4895,1.9674,0.0,4.6732,1778783658669409002
nyudepth__app1,no_sharing,80.4147,34.2665,29.7085,28.7177,0.0024,0.4734,1.8554,0.0,4.5579,1778783658846741444
nyudepth__app1,no_sharing,80.5662,34.0769,29.4541,28.4736,0.0023,0.4843,1.8787,0.0,4.6228,1778783658998291034
nyudepth__app1,no_sharing,81.6336,34.0714,29.3992,28.3991,0.002,0.4995,1.935,0.0,4.6722,1778783660065666459
nyudepth__app1,no_sharing,81.911,33.8013,29.1989,28.2445,0.002,0.4892,1.8618,0.0,4.6024,1778783660343055446
nyudepth__app1,no_sharing,82.5804,33.6442,29.3216,28.3235,0.002,0.4622,1.77,0.0,4.3226,1778783661012292094
nyudepth__app1,no_sharing,82.7333,33.946,29.3517,28.2848,0.0023,0.5069,1.8721,0.0,4.5943,1778783661165299376
nyudepth__app1,no_sharing,82.8257,77.0063,71.161,70.0118,0.0028,0.5437,2.9075,0.0,5.8453,1778783661258775838
nyudepth__app1,no_sharing,83.397,34.0688,29.6185,28.5996,0.002,0.4765,1.7903,0.0,4.4503,1778783661828990919
nyudepth__app1,no_sharing,84.1055,34.4584,29.7698,28.6423,0.0027,0.5065,1.9152,0.0,4.6886,1778783662537571781
nyudepth__app1,no_sharing,84.5812,56.2522,50.383,47.5387,0.0026,2.2285,1.9042,0.0,5.8692,1778783663013246998
nyudepth__app1,no_sharing,85.1747,51.713,45.9331,43.0607,0.0024,2.2792,1.8301,0.0,5.7799,1778783663606713771
nyudepth__app1,no_sharing,85.6837,55.9363,50.1265,47.2636,0.0024,2.2689,1.8265,0.0,5.8099,1778783664115734823
nyudepth__app1,no_sharing,86.2296,34.2011,29.5848,28.4691,0.0023,0.5199,1.8818,0.0,4.6164,1778783664661681907
nyudepth__app1,no_sharing,87.357,48.2335,43.4831,42.3447,0.0023,0.532,2.0678,0.0,4.7505,1778783665789248742
nyudepth__app1,no_sharing,88.7696,45.7432,39.9382,37.1764,0.002,1.6614,1.9243,0.0,5.805,1778783667201673935
nyudepth__app1,no_sharing,89.0998,35.7516,29.582,28.5992,0.0021,0.4918,1.9217,0.0,6.1696,1778783667531924147
nyudepth__app1,no_sharing,89.1458,82.5198,78.0541,76.9308,0.0026,0.5413,1.9155,0.0,4.4657,1778783667577901862
nyudepth__app1,no_sharing,89.8481,34.0297,29.4458,28.4312,0.0018,0.4687,1.9026,0.0,4.5839,1778783668280187896
nyudepth__app1,no_sharing,90.2707,34.0574,29.4857,28.3929,0.002,0.521,1.8556,0.0,4.5717,1778783668702741107
nyudepth__app1,no_sharing,91.4912,34.7524,30.1733,29.1382,0.0026,0.4691,1.9231,0.0,4.579,1778783669923252412
nyudepth__app1,no_sharing,92.0134,34.2801,29.6908,28.5982,0.0021,0.5189,1.8423,0.0,4.5892,1778783670445437597
nyudepth__app1,no_sharing,92.0824,75.7046,70.9935,69.8468,0.0023,0.5268,2.135,0.0,4.7111,1778783670514711506
nyudepth__app1,no_sharing,92.6073,34.0185,29.4806,28.4501,0.0019,0.467,1.8432,0.0,4.5379,1778783671039321016
nyudepth__app1,no_sharing,92.8935,34.358,29.767,28.6685,0.0028,0.5226,1.8406,0.0,4.591,1778783671325526428
nyudepth__app1,no_sharing,92.951,33.6878,29.2903,28.2678,0.0017,0.4989,1.6992,0.0,4.3975,1778783671382896765
nyudepth__app1,no_sharing,93.089,33.7992,29.3945,28.3979,0.0018,0.4605,1.7607,0.0,4.4047,1778783671520893356
nyudepth__app1,no_sharing,94.8271,50.6003,45.971,43.163,0.0021,2.2162,1.9081,0.0,4.6293,1778783673259170300
nyudepth__app1,no_sharing,95.0278,34.1787,29.6212,28.5763,0.0021,0.4703,1.8704,0.0,4.5576,1778783673459790475
nyudepth__app1,no_sharing,95.1572,33.9184,29.4641,28.4877,0.0021,0.4808,1.8237,0.0,4.4542,1778783673589157082
nyudepth__app1,no_sharing,95.3784,42.3098,37.8671,36.8205,0.0021,0.4904,1.8713,0.0,4.4427,1778783673810404680
nyudepth__app1,no_sharing,96.4126,34.2922,29.9247,28.9553,0.002,0.4843,1.6823,0.0,4.3675,1778783674844485117
nyudepth__app1,no_sharing,96.9572,34.4706,29.8739,28.7595,0.0022,0.5149,1.8907,0.0,4.5967,1778783675389270933
nyudepth__app1,no_sharing,97.0559,34.8737,30.4248,29.3448,0.0021,0.5155,1.7996,0.0,4.4489,1778783675487851777
nyudepth__app1,no_sharing,97.0599,62.5904,29.2991,28.3543,0.0017,0.4686,30.8256,0.0,33.2913,1778783675520849413
nyudepth__app1,no_sharing,97.2787,36.3374,31.835,29.1979,0.0027,2.1326,1.8044,0.0,4.5024,1778783675710719644
nyudepth__app1,no_sharing,97.3544,94.9733,88.0752,82.8928,0.003,4.5271,3.0518,0.0,6.8981,1778783675787602273
nyudepth__app1,no_sharing,98.3887,35.1095,29.8567,28.7827,0.0029,0.5144,2.5403,0.0,5.2528,1778783676821424296
nyudepth__app1,no_sharing,98.441,33.2365,29.0005,28.107,0.0018,0.4749,1.689,0.0,4.2361,1778783676872852852
nyudepth__app1,no_sharing,98.7837,34.3375,29.7282,28.6229,0.002,0.4933,1.842,0.0,4.6094,1778783677215724430
nyudepth__app1,no_sharing,99.2917,35.0699,29.7997,28.7495,0.0021,0.4748,2.5969,0.0,5.2702,1778783677724511332
nyudepth__app1,no_sharing,100.7274,34.5285,29.8443,28.7477,0.0024,0.5034,1.9279,0.0,4.6842,1778783679159528638
nyudepth__app1,no_sharing,100.8722,86.0519,81.3851,76.2321,0.0023,4.4977,1.8804,0.0,4.6669,1778783679304263194
nyudepth__app1,no_sharing,101.7403,34.4276,29.6991,28.6236,0.0024,0.5116,1.94,0.0,4.7285,1778783680172408243
nyudepth__app1,no_sharing,102.1232,34.194,29.5177,28.4228,0.0022,0.5125,1.9326,0.0,4.6763,1778783680555343498
nyudepth__app1,no_sharing,102.9879,34.3902,29.7393,28.7028,0.0021,0.4799,1.9236,0.0,4.6509,1778783681420033991
nyudepth__app1,no_sharing,103.1676,34.4026,29.7156,28.5997,0.0023,0.508,1.8599,0.0,4.6871,1778783681599673004
nyudepth__app1,no_sharing,103.3323,34.1122,29.4872,28.495,0.0022,0.5083,1.8866,0.0,4.625,1778783681764388973
nyudepth__app1,no_sharing,103.4592,34.4739,29.6774,28.6466,0.0023,0.5234,1.9693,0.0,4.7965,1778783681891331837
nyudepth__app1,no_sharing,103.981,34.0817,29.5772,28.4608,0.0024,0.5191,1.7228,0.0,4.5045,1778783682412923317
nyudepth__app1,no_sharing,104.3058,76.7894,72.06,66.9047,0.0025,4.6337,1.9348,0.0,4.7294,1778783682737886465
nyudepth__app1,no_sharing,104.7384,65.505,60.7317,59.6362,0.0025,0.5399,2.1276,0.0,4.7734,1778783683170687018
nyudepth__app1,no_sharing,105.3804,34.6122,29.9433,28.91,0.0025,0.4995,1.899,0.0,4.6688,1778783683812438560
nyudepth__app1,no_sharing,105.9581,34.0624,29.4872,28.4766,0.0018,0.4647,1.9076,0.0,4.5752,1778783684390143621
nyudepth__app1,no_sharing,106.4794,35.4371,30.2319,28.6804,0.002,0.5077,2.4481,0.0,5.2052,1778783684911991306
nyudepth__app1,no_sharing,107.1791,35.5523,30.9293,29.9068,0.002,0.5254,1.8334,0.0,4.623,1778783685611126760
nyudepth__app1,no_sharing,107.1961,50.4115,29.3599,28.3299,0.0022,0.4817,18.4541,0.0,21.0516,1778783685644698180
nyudepth__app1,no_sharing,107.9501,78.0399,73.4681,72.3178,0.0025,0.5276,1.951,0.0,4.5718,1778783686382206935
nyudepth__app1,no_sharing,108.5993,34.5321,29.7597,28.7402,0.0022,0.5218,1.9319,0.0,4.7724,1778783687031393617
nyudepth__app1,no_sharing,108.818,61.62,55.8346,53.0709,0.0025,2.1725,1.802,0.0,5.7854,1778783687249914038
nyudepth__app1,no_sharing,108.9379,33.8101,29.2797,28.2933,0.0024,0.5136,1.7269,0.0,4.5304,1778783687369808735
nyudepth__app1,no_sharing,109.2936,33.7844,29.4185,28.4117,0.0018,0.4707,1.785,0.0,4.3659,1778783687725526267
nyudepth__app1,no_sharing,110.3058,75.5751,69.6156,64.5479,0.0026,4.466,1.9431,0.0,5.9595,1778783688737933639
nyudepth__app1,no_sharing,110.4695,36.3214,31.735,30.6833,0.0026,0.47,1.9476,0.0,4.5864,1778783688901600202
nyudepth__app1,no_sharing,111.1866,34.6656,29.8819,28.7843,0.0023,0.5075,1.9751,0.0,4.7836,1778783689618815116
nyudepth__app1,no_sharing,112.6705,34.3459,29.7431,28.7843,0.002,0.4839,1.9617,0.0,4.6027,1778783691102603940
nyudepth__app1,no_sharing,112.8701,33.9737,29.3793,28.3195,0.0022,0.4794,1.8816,0.0,4.5943,1778783691302178109
nyudepth__app1,no_sharing,115.021,36.6988,32.2361,31.1349,0.0025,0.5033,1.9619,0.0,4.4628,1778783693453146647
nyudepth__app1,no_sharing,115.0515,38.4538,29.7228,28.8555,0.0021,0.4645,6.2189,0.0,8.731,1778783693487910006
nyudepth__app1,no_sharing,115.0699,51.4648,28.9843,28.0603,0.0016,0.4598,19.9959,0.0,22.4805,1778783693520037739
nyudepth__app1,no_sharing,115.9989,34.4243,29.7321,28.6449,0.0024,0.4995,1.9064,0.0,4.6922,1778783694430968407
nyudepth__app1,no_sharing,116.3211,33.9856,29.5366,28.5239,0.0026,0.5036,1.7436,0.0,4.449,1778783694753015483
nyudepth__app1,no_sharing,116.6245,34.0865,29.4708,28.4821,0.002,0.5068,1.9486,0.0,4.6157,1778783695056632846
nyudepth__app1,no_sharing,117.6041,33.9835,29.5436,28.5303,0.002,0.4629,1.7838,0.0,4.4398,1778783696036052172
nyudepth__app1,no_sharing,118.8418,34.9419,30.2143,28.6007,0.0023,0.5173,1.9042,0.0,4.7276,1778783697273830489
nyudepth__app1,no_sharing,119.2541,34.399,29.3367,28.3063,0.0021,0.4743,2.4879,0.0,5.0624,1778783697686754942
nyudepth__app1,no_sharing,120.3068,34.9252,29.5375,28.5553,0.0019,0.5009,2.6526,0.0,5.3878,1778783698739595644
nyudepth__app1,no_sharing,120.8124,55.4099,50.198,49.0975,0.0028,0.5752,2.6271,0.0,5.2119,1778783699245158286
nyudepth__app1,no_sharing,121.0629,34.4613,29.7143,28.7107,0.0024,0.4922,1.8725,0.0,4.7469,1778783699494880000
nyudepth__app1,no_sharing,121.1855,33.9582,29.4414,28.4064,0.0018,0.4808,1.8153,0.0,4.5168,1778783699617513164
nyudepth__app1,no_sharing,121.8732,105.7842,100.1121,97.3489,0.0023,2.2266,1.7791,0.0,5.6721,1778783700305161690
nyudepth__app1,no_sharing,122.943,66.6852,62.0781,56.9336,0.0026,4.5686,1.8573,0.0,4.6071,1778783701375012460
nyudepth__app1,no_sharing,124.2788,34.3668,29.6707,28.5965,0.0033,0.4894,1.9243,0.0,4.6962,1778783702710847981
nyudepth__app1,no_sharing,124.4293,34.4601,29.8756,28.8635,0.0023,0.4583,1.9855,0.0,4.5845,1778783702861436631
nyudepth__app1,no_sharing,124.9424,34.2805,29.6366,28.5482,0.0021,0.5084,1.9248,0.0,4.6439,1778783703374469892
nyudepth__app1,no_sharing,125.199,34.1189,29.5146,28.4521,0.0024,0.4796,1.8611,0.0,4.6043,1778783703631049517
nyudepth__app1,no_sharing,126.0547,34.1785,29.5526,28.4958,0.002,0.475,1.8768,0.0,4.6259,1778783704486769537
nyudepth__app1,no_sharing,126.1651,34.0083,29.9085,28.1673,0.0021,1.2082,1.6291,0.0,4.0997,1778783704596889567
nyudepth__app1,no_sharing,126.1949,54.1141,46.1458,43.5294,0.0021,2.161,4.0934,0.0,7.9683,1778783704629192230
nyudepth__app1,no_sharing,126.3751,34.2078,29.6167,28.5589,0.0024,0.4827,1.9028,0.0,4.5911,1778783704807191773
nyudepth__app1,no_sharing,126.4105,33.551,29.4238,28.4315,0.0023,0.4735,1.4589,0.0,4.1272,1778783704842090037
nyudepth__app1,no_sharing,126.6457,33.8476,29.3925,28.4056,0.0021,0.4898,1.8153,0.0,4.4551,1778783705077702884
nyudepth__app1,no_sharing,126.8904,73.7197,67.7699,66.4265,0.0024,0.6905,3.0279,0.0,5.9498,1778783705323614097
nyudepth__app1,no_sharing,126.9462,81.9511,61.6641,60.5145,0.0022,0.7077,17.7391,0.0,20.287,1778783705394061798
nyudepth__app1,no_sharing,128.4898,54.5344,50.1767,48.8521,0.0029,0.5517,1.7383,0.0,4.3577,1778783706921676613
nyudepth__app1,no_sharing,128.6415,58.3057,52.4189,45.1014,0.0022,6.742,1.6847,0.0,5.8868,1778783707073374071
nyudepth__app1,no_sharing,129.2411,75.4232,70.7012,69.5695,0.0028,0.5908,2.0359,0.0,4.722,1778783707673244233
nyudepth__app1,no_sharing,129.3396,33.8442,29.3178,28.2899,0.0024,0.4819,1.7462,0.0,4.5264,1778783707771560012
nyudepth__app1,no_sharing,129.5949,59.854,53.9061,48.8605,0.0022,4.5215,1.9245,0.0,5.9479,1778783708026964348
nyudepth__app1,no_sharing,129.6397,79.4179,61.8237,60.675,0.0022,0.5897,14.8289,0.0,17.5943,1778783708084718905
nyudepth__app1,no_sharing,129.6989,117.1691,93.477,60.0175,0.0028,16.4523,20.8449,0.0,23.6922,1778783708149967447
nyudepth__app1,no_sharing,129.7043,114.1136,93.477,60.0175,0.0028,16.4523,15.5201,0.0,20.6366,1778783708149967447
nyudepth__app1,no_sharing,130.5123,35.9738,31.2538,30.1612,0.0025,0.5007,1.9264,0.0,4.72,1778783708944391041
nyudepth__app1,no_sharing,130.6896,63.2615,57.2868,52.1157,0.0027,4.5271,1.8508,0.0,5.9747,1778783709121590206
nyudepth__app1,no_sharing,131.0355,35.4228,29.8509,28.724,0.0024,0.5374,2.7015,0.0,5.5719,1778783709468407906
nyudepth__app1,no_sharing,131.4704,34.013,29.3951,28.3344,0.0021,0.5018,1.9033,0.0,4.618,1778783709902465641
nyudepth__app1,no_sharing,131.5596,33.6163,29.1298,28.0982,0.0023,0.4832,1.7512,0.0,4.4865,1778783709991526262
nyudepth__app1,no_sharing,133.0269,34.8668,29.6303,28.5626,0.0022,0.4914,2.5573,0.0,5.2365,1778783711459634901
nyudepth__app1,no_sharing,133.2996,42.9931,38.4977,35.563,0.0025,2.3183,1.9054,0.0,4.4954,1778783711731680893
nyudepth__app1,no_sharing,133.3375,52.2811,44.8083,43.8861,0.002,0.4786,4.9536,0.0,7.4728,1778783711772609733
nyudepth__app1,no_sharing,133.3919,34.1017,29.713,28.6481,0.002,0.5011,1.5941,0.0,4.3887,1778783711823664168
nyudepth__app1,no_sharing,133.6404,103.5249,98.6719,95.9653,0.0022,2.108,2.0835,0.0,4.853,1778783712072700039
nyudepth__app1,no_sharing,133.7035,73.4177,30.1204,29.1341,0.0022,0.4725,40.4315,0.0,43.2972,1778783712174081508
nyudepth__app1,no_sharing,133.8661,46.1481,41.5933,38.8006,0.0029,2.2265,1.8539,0.0,4.5548,1778783712298084135
nyudepth__app1,no_sharing,134.2391,35.6979,31.0,29.9186,0.0023,0.5233,1.9848,0.0,4.6979,1778783712671223521
nyudepth__app1,no_sharing,134.2591,46.5517,28.6668,27.8082,0.002,0.4343,15.4536,0.0,17.8849,1778783712704736857
nyudepth__app1,no_sharing,134.4389,34.8144,30.1054,29.0327,0.0022,0.5067,1.8466,0.0,4.709,1778783712870956821
nyudepth__app1,no_sharing,135.2233,70.7567,65.1969,64.0087,0.0024,0.5802,2.9233,0.0,5.5597,1778783713656349658
nyudepth__app1,no_sharing,135.2621,64.5182,29.6709,28.7135,0.0023,0.4556,31.8403,0.0,34.8473,1778783713724088622
nyudepth__app1,no_sharing,135.7461,34.9419,30.3235,29.2362,0.0022,0.4899,1.9789,0.0,4.6184,1778783714178239462
nyudepth__app1,no_sharing,135.7711,41.4126,28.9452,27.9498,0.0019,0.497,9.8705,0.0,12.4673,1778783714211082778
nyudepth__app1,no_sharing,137.1103,34.4818,29.7336,28.6327,0.0024,0.5144,1.9343,0.0,4.7482,1778783715542442665
nyudepth__app1,no_sharing,137.2371,33.838,29.3127,28.2922,0.0022,0.4701,1.7898,0.0,4.5253,1778783715669018358
nyudepth__app1,no_sharing,137.3601,33.5751,29.1296,28.1579,0.0021,0.5007,1.7698,0.0,4.4455,1778783715792051161
nyudepth__app1,no_sharing,137.9047,34.3707,29.7097,28.4863,0.0023,0.642,1.9741,0.0,4.6609,1778783716336883277
nyudepth__app1,no_sharing,139.0341,33.9911,29.422,28.359,0.0024,0.4803,1.9281,0.0,4.5691,1778783717466187656
nyudepth__app1,no_sharing,140.6282,34.0481,29.4582,28.5219,0.002,0.4626,1.9288,0.0,4.5899,1778783719060273531
nyudepth__app1,no_sharing,141.3189,59.8404,55.5941,52.892,0.0026,2.1839,1.6601,0.0,4.2463,1778783719750669108
nyudepth__app1,no_sharing,142.183,34.5011,29.8127,28.7086,0.0029,0.5189,1.9238,0.0,4.6883,1778783720615057505
nyudepth__app1,no_sharing,142.7321,35.4888,29.7248,28.4454,0.0024,0.5457,1.9679,0.0,5.764,1778783721164287841
nyudepth__app1,no_sharing,142.8275,93.6346,88.7501,87.712,0.0025,0.5106,1.9703,0.0,4.8845,1778783721259641943
nyudepth__app1,no_sharing,143.4109,34.2805,29.7225,28.6643,0.0026,0.4864,1.8759,0.0,4.558,1778783721842952183
nyudepth__app1,no_sharing,143.4944,34.3561,29.7461,28.6709,0.0022,0.5148,1.8673,0.0,4.61,1778783721926417053
nyudepth__app1,no_sharing,143.9894,34.9302,30.2168,28.599,0.0022,0.4997,1.9529,0.0,4.7134,1778783722421486265
nyudepth__app1,no_sharing,144.3726,97.255,92.4365,91.3545,0.0024,0.5002,1.7405,0.0,4.8184,1778783722804460257
nyudepth__app1,no_sharing,144.551,60.3602,55.293,50.2376,0.0021,4.4429,2.4319,0.0,5.0672,1778783722983620755
nyudepth__app1,no_sharing,144.9055,36.0556,31.4681,30.3282,0.0023,0.514,1.8349,0.0,4.5875,1778783723337539824
nyudepth__app1,no_sharing,145.3578,34.0762,29.5244,28.4633,0.0021,0.4836,1.8623,0.0,4.5518,1778783723789831142
nyudepth__app1,no_sharing,145.4731,55.3403,50.9382,49.8479,0.0021,0.4848,1.8301,0.0,4.4021,1778783723905074512
nyudepth__app1,no_sharing,145.6823,92.1197,86.7253,81.669,0.0028,4.4934,2.7299,0.0,5.3944,1778783724115172185
nyudepth__app1,no_sharing,145.8936,34.0235,29.5166,28.4717,0.0022,0.4887,1.8406,0.0,4.5069,1778783724325616932
nyudepth__app1,no_sharing,145.9498,32.639,28.7728,27.8412,0.0016,0.4629,1.3576,0.0,3.8662,1778783724381295256
nyudepth__app1,no_sharing,146.0947,34.1187,29.571,28.4752,0.0021,0.5088,1.8234,0.0,4.5477,1778783724526667343
nyudepth__app1,no_sharing,146.6075,58.418,51.2638,50.1601,0.0024,0.4842,2.8355,0.0,7.1542,1778783725040502692
nyudepth__app1,no_sharing,147.2056,34.3115,29.6919,28.5982,0.003,0.494,1.8775,0.0,4.6197,1778783725637680919
nyudepth__app1,no_sharing,147.4924,33.8411,29.31,28.3126,0.0022,0.4549,1.8821,0.0,4.5312,1778783725924423392
nyudepth__app1,no_sharing,147.7919,33.8736,29.2631,28.2802,0.0025,0.4982,1.931,0.0,4.6105,1778783726224018980
nyudepth__app1,no_sharing,147.9911,33.8333,29.2623,28.2804,0.0025,0.4836,1.8406,0.0,4.571,1778783726423101752
nyudepth__app1,no_sharing,148.5748,34.1468,29.4611,28.4195,0.0023,0.4669,1.9534,0.0,4.6857,1778783727006902757
nyudepth__app1,no_sharing,148.7777,39.5761,34.3996,33.3065,0.0022,0.4869,2.6007,0.0,5.1765,1778783727210495484
nyudepth__app1,no_sharing,149.2567,72.8223,68.5092,67.4575,0.0025,0.5186,1.75,0.0,4.3131,1778783727688608686
nyudepth__app1,no_sharing,149.5769,33.8979,29.4354,28.3996,0.0021,0.4708,1.8299,0.0,4.4625,1778783728008917412
nyudepth__app1,no_sharing,149.8767,34.2314,29.5964,28.4806,0.0021,0.5125,1.9243,0.0,4.6351,1778783728308827843
nyudepth__app1,no_sharing,151.3133,34.6055,30.0444,28.4168,0.0023,0.4804,1.8718,0.0,4.5611,1778783729745319306
nyudepth__app1,no_sharing,152.3856,34.2052,29.5844,28.5177,0.0023,0.4895,1.8861,0.0,4.6208,1778783730817650933
nyudepth__app1,no_sharing,152.8631,87.0111,81.1862,80.1006,0.0022,0.5105,1.7209,0.0,5.8249,1778783731294963581
nyudepth__app1,no_sharing,153.4589,34.611,29.8672,28.7615,0.0026,0.5175,1.9114,0.0,4.7438,1778783731890972801
nyudepth__app1,no_sharing,153.5327,33.6099,29.4178,28.4941,0.0021,0.4865,1.6074,0.0,4.1921,1778783731964450540
nyudepth__app1,no_sharing,153.7663,34.0056,29.4896,28.5185,0.0023,0.4899,1.7388,0.0,4.516,1778783732198164320
nyudepth__app1,no_sharing,154.4159,93.1876,87.7876,82.6768,0.0026,4.5226,2.5673,0.0,5.3999,1778783732848655367
nyudepth__app1,no_sharing,154.928,34.9486,29.5322,28.5018,0.0017,0.4674,2.6948,0.0,5.4164,1778783733360819453
nyudepth__app1,no_sharing,155.0461,34.0974,29.5805,28.5166,0.0024,0.4961,1.7629,0.0,4.5169,1778783733478047671
nyudepth__app1,no_sharing,156.5999,34.8923,30.2793,29.2177,0.0024,0.5021,1.9178,0.0,4.613,1778783735031985222
nyudepth__app1,no_sharing,156.6179,66.5383,47.0767,42.0137,0.002,4.534,16.7491,0.0,19.4616,1778783735064795455
nyudepth__app1,no_sharing,157.1745,34.3089,29.6588,28.5736,0.0021,0.5088,1.9262,0.0,4.6501,1778783735606590599
nyudepth__app1,no_sharing,157.223,33.4282,29.2413,28.2541,0.0019,0.4769,1.6019,0.0,4.1869,1778783735654724901
nyudepth__app1,no_sharing,158.4513,34.9143,29.6384,28.698,0.0023,0.4745,2.677,0.0,5.2759,1778783736884170266
nyudepth__app1,no_sharing,158.4964,32.9218,29.0136,28.0251,0.0017,0.4796,1.2939,0.0,3.9082,1778783736927835752
nyudepth__app1,no_sharing,159.2716,34.205,29.5827,28.4797,0.0025,0.5176,1.9011,0.0,4.6223,1778783737703626691
nyudepth__app1,no_sharing,159.3615,77.7149,72.3299,71.219,0.0024,0.5223,2.8648,0.0,5.385,1778783737794590310
nyudepth__app1,no_sharing,161.6318,49.1772,44.4865,43.3762,0.0027,0.5114,2.0418,0.0,4.6906,1778783740063997913
nyudepth__app1,no_sharing,161.921,41.661,36.9593,35.8035,0.0026,0.5515,1.9855,0.0,4.7017,1778783740353123568
nyudepth__app1,no_sharing,162.508,33.9322,29.4093,28.4205,0.0025,0.4885,1.8363,0.0,4.5229,1778783740939966370
nyudepth__app1,no_sharing,162.998,34.6749,30.1616,29.1416,0.0022,0.4849,1.8988,0.0,4.5133,1778783741430028875
nyudepth__app1,no_sharing,163.3331,34.1268,29.5089,28.5035,0.0021,0.5084,1.8837,0.0,4.6178,1778783741765168804
nyudepth__app1,no_sharing,164.0544,34.3471,29.6014,28.5145,0.0021,0.508,1.9622,0.0,4.7456,1778783742486503064
nyudepth__app1,no_sharing,164.4232,34.198,29.5537,28.4745,0.0022,0.4932,1.8802,0.0,4.6444,1778783742855254471
nyudepth__app1,no_sharing,165.7936,75.6564,71.2147,69.99,0.0023,0.5835,1.8644,0.0,4.4418,1778783744225666646
nyudepth__app1,no_sharing,165.8246,77.8718,30.0825,29.0812,0.0026,0.4869,44.8017,0.0,47.7893,1778783744299541695
nyudepth__app1,no_sharing,168.5041,34.214,29.5774,28.5084,0.0023,0.4897,1.9543,0.0,4.6366,1778783746936230846
nyudepth__app1,no_sharing,168.9171,53.9815,49.5717,48.4577,0.0025,0.5215,1.7614,0.0,4.4099,1778783747349049235
nyudepth__app1,no_sharing,169.0653,90.3363,85.4505,83.4795,0.0025,1.3436,1.9345,0.0,4.8858,1778783747497428884
nyudepth__app1,no_sharing,169.3585,34.0371,29.488,28.4226,0.0022,0.5071,1.8446,0.0,4.5491,1778783747790485140
nyudepth__app1,no_sharing,169.9797,57.1201,52.6593,51.4674,0.0032,0.5599,1.826,0.0,4.4608,1778783748411728723
nyudepth__app1,no_sharing,170.4787,43.3464,39.0089,37.9735,0.0023,0.4716,1.7254,0.0,4.3376,1778783748910568258
nyudepth__app1,no_sharing,171.5233,34.0312,29.4356,28.3673,0.0021,0.4977,1.9128,0.0,4.5956,1778783749955391293
nyudepth__app1,no_sharing,172.6606,34.2009,29.5897,28.592,0.0024,0.5072,1.8349,0.0,4.6112,1778783751092609433
nyudepth__app1,no_sharing,173.1325,33.7906,29.4749,28.4271,0.0019,0.493,1.7266,0.0,4.3157,1778783751564405347
nyudepth__app1,no_sharing,173.9193,34.3456,29.6062,28.4993,0.002,0.5252,1.9388,0.0,4.7395,1778783752351447506
nyudepth__app1,no_sharing,174.2564,33.8659,29.2678,28.2318,0.0021,0.4752,1.8897,0.0,4.5981,1778783752688487054
nyudepth__app1,no_sharing,174.3135,33.6838,29.2652,28.2332,0.0023,0.4887,1.7819,0.0,4.4186,1778783752745420603
nyudepth__app1,no_sharing,174.5851,83.5013,78.8725,77.7672,0.0025,0.5122,2.0313,0.0,4.6288,1778783753017347463
nyudepth__app1,no_sharing,174.7327,41.7423,37.0989,35.5989,0.0023,0.4839,2.002,0.0,4.6435,1778783753164888278
nyudepth__app1,no_sharing,175.719,34.1039,29.4374,28.3829,0.0023,0.4789,1.889,0.0,4.6664,1778783754151019181
nyudepth__app1,no_sharing,175.8323,33.9751,29.2767,28.2292,0.0023,0.4913,1.92,0.0,4.6984,1778783754264372181
nyudepth__app1,no_sharing,176.4697,34.1551,29.5416,28.4402,0.0025,0.5111,1.8754,0.0,4.6136,1778783754901712018
nyudepth__app1,no_sharing,177.6062,85.6225,80.3583,79.2628,0.0022,0.5172,2.6016,0.0,5.2642,1778783756038923602
nyudepth__app1,no_sharing,177.6729,51.3885,29.5171,28.5204,0.0018,0.4713,18.9395,0.0,21.8714,1778783756121979041
nyudepth__app1,no_sharing,178.1482,34.3301,29.7127,28.6275,0.0023,0.5156,1.8959,0.0,4.6175,1778783756580309145
nyudepth__app1,no_sharing,179.4524,35.64,31.2802,28.7945,0.0034,1.7578,1.7414,0.0,4.3598,1778783757884328538
nyudepth__app1,no_sharing,179.7102,34.3418,29.7351,28.5779,0.0022,0.5332,1.9631,0.0,4.6067,1778783758142289015
nyudepth__app1,no_sharing,179.9562,58.0893,53.4373,48.2746,0.0023,4.5449,1.884,0.0,4.652,1778783758388249614
nyudepth__app1,no_sharing,180.2889,35.0411,29.6552,28.5884,0.0022,0.4823,2.63,0.0,5.3859,1778783758721742400
nyudepth__app1,no_sharing,180.3922,34.2498,29.6465,28.5824,0.0021,0.502,1.868,0.0,4.6033,1778783758824224930
nyudepth__app1,no_sharing,180.4806,34.2579,29.7777,28.7039,0.0024,0.4887,1.7443,0.0,4.4802,1778783758912565407
nyudepth__app1,no_sharing,182.0355,72.4947,66.7555,63.8699,0.0025,2.2064,2.9576,0.0,5.7393,1778783760468603655
nyudepth__app1,no_sharing,183.2348,34.1864,29.672,28.6397,0.0021,0.4875,1.9779,0.0,4.5144,1778783761666965524
nyudepth__app1,no_sharing,183.5292,35.5566,30.0876,29.1026,0.0023,0.508,2.7285,0.0,5.4689,1778783761962059494
nyudepth__app1,no_sharing,183.691,34.0579,29.5834,28.5747,0.0018,0.4667,1.8423,0.0,4.4745,1778783762123003598
nyudepth__app1,no_sharing,184.3638,34.1327,29.4669,28.445,0.0021,0.4627,1.972,0.0,4.6658,1778783762795936344
nyudepth__app1,no_sharing,186.5381,34.3769,29.7534,28.6762,0.002,0.4973,1.9081,0.0,4.6234,1778783764970192714
nyudepth__app1,no_sharing,187.6206,66.8912,61.0603,55.9402,0.0024,4.5267,1.8287,0.0,5.8309,1778783766052624323
nyudepth__app1,no_sharing,187.8638,34.4903,29.8916,28.349,0.0024,0.4732,1.8957,0.0,4.5988,1778783766295819349
nyudepth__app1,no_sharing,188.1957,34.4768,29.7684,28.7181,0.002,0.477,1.9047,0.0,4.7084,1778783766627796626
nyudepth__app1,no_sharing,188.7439,34.4901,29.7396,28.659,0.0021,0.497,1.9767,0.0,4.7505,1778783767176002513
nyudepth__app1,no_sharing,189.1183,34.025,29.4795,28.4221,0.0025,0.4859,1.7743,0.0,4.5454,1778783767550201614
nyudepth__app1,no_sharing,189.2806,34.025,29.487,28.4248,0.0025,0.5039,1.833,0.0,4.538,1778783767712563144
nyudepth__app1,no_sharing,189.4407,34.1113,29.6083,28.5646,0.002,0.4909,1.7791,0.0,4.503,1778783767872664444
nyudepth__app1,no_sharing,189.9832,34.3421,29.7062,28.6852,0.0024,0.5173,1.8916,0.0,4.6359,1778783768415293026
nyudepth__app1,no_sharing,191.7294,34.4117,29.6929,28.6052,0.0022,0.5078,1.9407,0.0,4.7187,1778783770161487230
nyudepth__app1,no_sharing,191.825,33.7493,29.2373,28.287,0.0019,0.4926,1.7886,0.0,4.512,1778783770256930906
nyudepth__app1,no_sharing,192.4201,33.987,29.268,28.3241,0.002,0.4647,1.9424,0.0,4.719,1778783770852205867
nyudepth__app1,no_sharing,193.7322,35.4342,30.6131,29.493,0.0023,0.5203,1.9624,0.0,4.8212,1778783772164324998
nyudepth__app1,no_sharing,193.7383,60.632,29.0313,28.1008,0.0018,0.4559,29.1317,0.0,31.6007,1778783772197545662
nyudepth__app1,no_sharing,194.0136,34.332,29.669,28.5568,0.0024,0.4995,1.8988,0.0,4.663,1778783772445646956
nyudepth__app1,no_sharing,194.6862,34.2662,29.592,28.5053,0.0023,0.5045,1.91,0.0,4.6743,1778783773118285835
nyudepth__app1,no_sharing,195.8233,34.0216,29.3711,28.4091,0.0019,0.4863,1.9567,0.0,4.6505,1778783774255454045
nyudepth__app1,no_sharing,197.2324,34.2462,29.612,28.5361,0.002,0.5039,1.9071,0.0,4.6342,1778783775664507868
nyudepth__app1,no_sharing,197.3993,34.6119,29.6415,28.5301,0.0025,0.5224,1.9991,0.0,4.9705,1778783775831447170
nyudepth__app1,no_sharing,197.4338,33.4907,29.2219,28.2439,0.0023,0.507,1.4644,0.0,4.2687,1778783775865429823
nyudepth__app1,no_sharing,197.6046,34.0648,29.4627,28.3579,0.0023,0.5112,1.8551,0.0,4.602,1778783776036606583
nyudepth__app1,no_sharing,198.0094,34.1578,29.5458,28.4604,0.0024,0.5103,1.909,0.0,4.6119,1778783776441467850
nyudepth__app1,no_sharing,198.1418,34.6947,30.019,28.9983,0.0022,0.5148,1.8353,0.0,4.6756,1778783776573802160
nyudepth__app1,no_sharing,198.3568,34.0424,29.4587,28.3924,0.0022,0.482,1.8847,0.0,4.5836,1778783776788886718
nyudepth__app1,no_sharing,199.0656,35.5229,30.6708,29.5447,0.0025,0.5044,1.914,0.0,4.8522,1778783777497668566
nyudepth__app1,no_sharing,199.0746,58.3615,29.2889,28.3402,0.0019,0.4887,26.336,0.0,29.0727,1778783777531052752
nyudepth__app1,no_sharing,199.9626,42.0754,37.5616,34.8535,0.0022,2.1036,1.8482,0.0,4.5138,1778783778394663852
nyudepth__app1,no_sharing,199.9736,93.0769,59.4087,56.6117,0.0023,2.2618,31.0898,0.0,33.6682,1778783778434839938
nyudepth__app1,no_sharing,200.4525,34.1496,29.8319,28.7882,0.0023,0.4976,1.7283,0.0,4.3177,1778783778884393512
nyudepth__app1,no_sharing,200.4814,36.7708,28.986,28.0415,0.002,0.4499,5.2145,0.0,7.7848,1778783778916734442
nyudepth__app1,no_sharing,200.6424,34.4892,29.3256,28.3898,0.0019,0.4643,1.857,0.0,5.1635,1778783779074417499
nyudepth__app1,no_sharing,200.9336,34.235,29.5069,28.5044,0.0024,0.5045,1.8914,0.0,4.7281,1778783779365629601
nyudepth__app1,no_sharing,202.0221,34.0831,29.4168,28.3631,0.0026,0.4772,1.9031,0.0,4.6664,1778783780454135655
nyudepth__app1,no_sharing,202.1294,34.3273,29.6282,28.5342,0.0025,0.5138,1.8461,0.0,4.6991,1778783780561369856
nyudepth__app1,no_sharing,204.0729,34.1749,29.5629,28.5115,0.0024,0.4767,1.9026,0.0,4.612,1778783782504959814
nyudepth__app1,no_sharing,205.162,61.3616,56.8157,54.0227,0.0026,2.2008,1.8506,0.0,4.5459,1778783783594061713
nyudepth__app1,no_sharing,205.2007,98.3205,72.8756,67.7072,0.0022,2.3068,22.8341,0.0,25.4449,1778783783653747368
nyudepth__app1,no_sharing,205.2056,95.4599,72.8756,67.7072,0.0022,2.3068,18.008,0.0,22.5844,1778783783653747368
nyudepth__app1,no_sharing,205.2915,80.43,67.9098,66.8916,0.0024,0.4837,9.6273,0.0,12.5202,1778783783731297646
nyudepth__app1,no_sharing,205.7777,47.4625,42.943,37.9722,0.0024,4.4567,1.7905,0.0,4.5195,1778783784209630103
nyudepth__app1,no_sharing,208.8625,77.3892,72.5971,71.5261,0.0031,0.5395,1.8923,0.0,4.7922,1778783787294611086
nyudepth__app1,no_sharing,209.04,33.8233,29.3687,28.3423,0.0024,0.4596,1.8282,0.0,4.4545,1778783787471940906
nyudepth__app1,no_sharing,209.7384,87.7659,82.7766,81.203,0.0025,0.4814,2.0146,0.0,4.9893,1778783788170591508
nyudepth__app1,no_sharing,209.7806,78.5596,29.9978,29.014,0.002,0.4688,45.6462,0.0,48.5618,1778783788256377788
nyudepth__app1,no_sharing,210.5615,48.4385,42.6605,41.6737,0.0023,0.4899,1.8578,0.0,5.778,1778783788993535411
nyudepth__app1,no_sharing,211.5566,34.6043,29.9549,28.9003,0.0021,0.4818,1.9228,0.0,4.6494,1778783789988754105
nyudepth__app1,no_sharing,212.665,34.2138,29.6321,28.608,0.0018,0.4759,1.8773,0.0,4.5816,1778783791097070565
nyudepth__app1,no_sharing,213.7897,48.5914,44.075,42.989,0.0021,0.503,1.893,0.0,4.5164,1778783792221761120
nyudepth__app1,no_sharing,214.6121,33.9644,29.3292,28.3488,0.0019,0.4888,1.9207,0.0,4.6352,1778783793044145004
nyudepth__app1,no_sharing,214.6542,33.108,28.8863,27.872,0.0023,0.4921,1.4203,0.0,4.2217,1778783793085751261
nyudepth__app1,no_sharing,215.067,34.1871,29.4983,28.4159,0.0024,0.4951,1.9097,0.0,4.6887,1778783793499037816
nyudepth__app1,no_sharing,215.2848,33.9103,29.2776,28.3121,0.0026,0.4969,1.8668,0.0,4.6327,1778783793716817749
nyudepth__app1,no_sharing,215.5191,33.9859,29.3533,28.2867,0.0023,0.484,1.8818,0.0,4.6325,1778783793951105152
nyudepth__app1,no_sharing,216.6371,34.3711,29.6878,28.5929,0.0023,0.5249,1.9116,0.0,4.6833,1778783795069170712
nyudepth__app1,no_sharing,217.7145,33.8199,29.1881,28.1702,0.0024,0.4679,1.9052,0.0,4.6318,1778783796146541745
nyudepth__app1,no_sharing,218.2977,33.4642,29.1546,28.1461,0.0021,0.4723,1.6682,0.0,4.3096,1778783796729502827
nyudepth__app1,no_sharing,218.4233,33.0291,28.9187,27.9366,0.0018,0.4728,1.545,0.0,4.1103,1778783796855048491
nyudepth__app1,no_sharing,218.975,34.0545,29.4443,28.4739,0.0021,0.4715,1.9534,0.0,4.6102,1778783797407086329
nyudepth__app1,no_sharing,219.1193,34.152,29.5595,28.5105,0.0021,0.4979,1.8692,0.0,4.5925,1778783797551298117
nyudepth__app1,no_sharing,219.8608,33.6323,29.2879,28.2467,0.0024,0.4827,1.7023,0.0,4.3444,1778783798292683325
nyudepth__app1,no_sharing,219.9577,33.8783,29.3891,28.3629,0.0021,0.518,1.7803,0.0,4.4892,1778783798389614279
nyudepth__app1,no_sharing,220.5492,34.1463,29.6998,28.6243,0.0023,0.5031,1.7219,0.0,4.4465,1778783798981097775
nyudepth__app1,no_sharing,220.7877,34.5826,29.8654,28.8019,0.0024,0.4902,1.9321,0.0,4.7172,1778783799219847599
nyudepth__app1,no_sharing,220.8345,33.7267,29.2418,28.2574,0.0022,0.4933,1.6751,0.0,4.4849,1778783799266328759
nyudepth__app1,no_sharing,221.5251,34.2062,29.5469,28.4606,0.0021,0.5105,1.9095,0.0,4.6592,1778783799957164367
nyudepth__app1,no_sharing,221.5885,33.9882,29.398,28.3528,0.0024,0.4863,1.821,0.0,4.5902,1778783800020476853
nyudepth__app1,no_sharing,223.7256,40.8416,36.2011,35.0275,0.0022,0.5172,1.8973,0.0,4.6405,1778783802157650027
nyudepth__app1,no_sharing,224.0543,34.2853,29.5162,28.4323,0.0025,0.5107,1.966,0.0,4.7691,1778783802486409675
nyudepth__app1,no_sharing,224.2329,34.0137,29.4158,28.3637,0.0025,0.4804,1.8489,0.0,4.5979,1778783802664893483
nyudepth__app1,no_sharing,224.3312,33.8488,29.418,28.3649,0.0023,0.4692,1.7745,0.0,4.4308,1778783802763090231
nyudepth__app1,no_sharing,224.6965,33.767,29.1944,28.2174,0.0022,0.4915,1.8568,0.0,4.5726,1778783803128511274
nyudepth__app1,no_sharing,225.3915,34.1761,29.4562,28.3843,0.0027,0.5053,1.904,0.0,4.7199,1778783803823543638
nyudepth__app1,no_sharing,226.2804,34.2209,29.5907,28.5114,0.0022,0.5035,1.8799,0.0,4.6303,1778783804712473044
nyudepth__app1,no_sharing,226.719,33.9475,29.2406,28.2658,0.0021,0.4779,1.9476,0.0,4.7068,1778783805151085775
nyudepth__app1,no_sharing,228.4134,87.2998,81.9187,76.8215,0.0024,4.5554,2.7022,0.0,5.3811,1778783806846288423
nyudepth__app1,no_sharing,229.1888,34.1072,29.4488,28.3851,0.0021,0.4715,1.9476,0.0,4.6584,1778783807620869355
nyudepth__app1,no_sharing,229.2781,33.3729,29.0753,28.0407,0.002,0.5028,1.6365,0.0,4.2976,1778783807709847979
nyudepth__app1,no_sharing,230.8969,77.8587,72.5946,71.3903,0.0026,0.5741,2.5814,0.0,5.2641,1778783809329635714
nyudepth__app1,no_sharing,231.0982,34.0834,29.4717,28.4589,0.0023,0.495,1.8597,0.0,4.6116,1778783809530258320
nyudepth__app1,no_sharing,232.7993,34.2486,29.5016,28.4183,0.0022,0.5081,1.9724,0.0,4.747,1778783811231461419
nyudepth__app1,no_sharing,232.9538,33.9243,29.3254,28.3319,0.0025,0.5051,1.8265,0.0,4.5989,1778783811385820195
nyudepth__app1,no_sharing,233.2161,34.8685,30.0271,28.3253,0.0027,0.6815,1.9584,0.0,4.8414,1778783811648271476
nyudepth__app1,no_sharing,233.7889,33.9482,29.3153,28.2357,0.0027,0.5135,1.863,0.0,4.6329,1778783812220961602
nyudepth__app1,no_sharing,233.826,33.6504,29.1429,28.0878,0.0027,0.5082,1.6694,0.0,4.5075,1778783812257861248
nyudepth__app1,no_sharing,235.1432,33.8495,29.4288,28.392,0.0021,0.4724,1.7943,0.0,4.4206,1778783813575144320
nyudepth__app1,no_sharing,235.3669,34.0796,29.5788,28.5549,0.0023,0.4548,1.812,0.0,4.5008,1778783813798869465
nyudepth__app1,no_sharing,235.4972,34.5592,30.213,28.4172,0.0027,1.1516,1.7858,0.0,4.3462,1778783813929156590
nyudepth__app1,no_sharing,235.5271,37.6461,30.3923,29.471,0.0019,0.4823,4.6477,0.0,7.2538,1778783813961916832
nyudepth__app1,no_sharing,235.5399,107.7971,80.1273,77.3307,0.0027,1.1411,24.8513,0.0,27.6698,1778783813994910878
nyudepth__app1,no_sharing,235.5546,94.9652,80.1273,77.3307,0.0027,1.1411,10.1097,0.0,14.8379,1778783813994910878
nyudepth__app1,no_sharing,235.7455,91.1775,84.551,79.5038,0.0023,4.499,2.5933,0.0,6.6265,1778783814178278952
nyudepth__app1,no_sharing,235.9279,90.3509,85.7406,80.732,0.0026,4.454,1.7786,0.0,4.6103,1778783814359874918
nyudepth__app1,no_sharing,236.4385,42.8913,37.3631,36.2707,0.0023,0.5064,2.9299,0.0,5.5281,1778783814871591768
nyudepth__app1,no_sharing,237.5843,60.1354,55.8648,53.0994,0.0022,2.2857,1.7099,0.0,4.2706,1778783816016120377
nyudepth__app1,no_sharing,238.1695,54.5509,49.9309,47.0688,0.0025,2.263,1.9562,0.0,4.62,1778783816601592772
nyudepth__app1,no_sharing,238.7151,33.9434,29.5651,28.5249,0.0028,0.4731,1.7452,0.0,4.3783,1778783817146956324
nyudepth__app1,no_sharing,238.9911,36.099,31.7576,30.7231,0.0024,0.4985,1.8322,0.0,4.3414,1778783817423090688
nyudepth__app1,no_sharing,239.4755,34.7474,30.0345,28.9648,0.0025,0.5213,1.8761,0.0,4.7129,1778783817907497326
nyudepth__app1,no_sharing,239.876,34.2603,29.8416,28.7816,0.0025,0.4949,1.8573,0.0,4.4186,1778783818308038238
nyudepth__app1,no_sharing,239.904,37.74,29.0597,28.1051,0.002,0.4675,6.211,0.0,8.6803,1778783818340343410
nyudepth__app1,no_sharing,240.0369,67.2493,62.5549,57.4898,0.0025,4.4078,1.9026,0.0,4.6944,1778783818468996374
nyudepth__app1,no_sharing,240.1668,34.6031,29.8251,28.7495,0.0022,0.5068,2.0092,0.0,4.778,1778783818599005574
nyudepth__app1,no_sharing,240.2046,33.417,29.3296,27.8551,0.0018,0.4668,1.487,0.0,4.0873,1778783818636228978
nyudepth__app1,no_sharing,240.4348,34.462,29.7259,28.5748,0.0023,0.5251,1.9393,0.0,4.7361,1778783818866938047
nyudepth__app1,no_sharing,240.4639,37.5869,29.5549,28.4965,0.002,0.5074,5.2843,0.0,8.0321,1778783818899329307
nyudepth__app1,no_sharing,241.2159,34.1299,29.4845,28.5177,0.0026,0.4749,1.8682,0.0,4.6454,1778783819647920564
nyudepth__app1,no_sharing,241.9861,35.2554,29.8184,28.7712,0.0027,0.4839,2.6412,0.0,5.4371,1778783820418902416
nyudepth__app1,no_sharing,242.0405,33.5295,29.1313,28.0774,0.0021,0.5281,1.4727,0.0,4.3983,1778783820472129085
nyudepth__app1,no_sharing,242.0822,33.931,29.5737,28.4725,0.0021,0.5207,1.5738,0.0,4.3573,1778783820513901948
nyudepth__app1,no_sharing,243.6476,33.6432,29.3332,28.32,0.0019,0.4723,1.6651,0.0,4.3101,1778783822079440804
nyudepth__app1,no_sharing,243.8045,34.3974,29.7776,28.6716,0.0022,0.4992,1.8787,0.0,4.6198,1778783822236571360
nyudepth__app1,no_sharing,244.1566,34.3513,29.7414,28.7429,0.0021,0.4943,1.9042,0.0,4.61,1778783822588624020
nyudepth__app1,no_sharing,244.4643,35.0642,30.4829,29.4257,0.0024,0.5055,1.8928,0.0,4.5813,1778783822896377713
nyudepth__app1,no_sharing,245.1004,33.951,29.5293,28.5544,0.002,0.5045,1.7805,0.0,4.4217,1778783823532296479
nyudepth__app1,no_sharing,245.6182,96.1392,90.6563,87.9375,0.0026,2.2149,2.9254,0.0,5.4829,1778783824051303138
nyudepth__app1,no_sharing,246.7652,34.9774,29.5498,28.5264,0.0021,0.468,2.7044,0.0,5.4277,1778783825198065495
nyudepth__app1,no_sharing,246.8573,46.0362,41.862,39.115,0.0021,2.2028,1.5767,0.0,4.1742,1778783825289079898
nyudepth__app1,no_sharing,247.3731,34.1227,29.671,28.602,0.0022,0.504,1.7653,0.0,4.4517,1778783825805020891
nyudepth__app1,no_sharing,247.5879,85.1221,79.1029,74.0442,0.0026,4.5324,1.9324,0.0,6.0192,1778783826020001273
nyudepth__app1,no_sharing,247.9461,34.3874,29.7141,28.6166,0.0024,0.5116,1.8675,0.0,4.6733,1778783826378103136
nyudepth__app1,no_sharing,250.0192,96.848,91.221,88.3575,0.0029,2.2203,2.9104,0.0,5.627,1778783828452267574
nyudepth__app1,no_sharing,250.2886,39.0489,34.4186,31.7283,0.0026,2.18,1.9007,0.0,4.6303,1778783828720619783
nyudepth__app1,no_sharing,250.8785,86.2238,80.6418,79.2928,0.0034,0.6626,2.8298,0.0,5.582,1778783829311493959
nyudepth__app1,no_sharing,251.1981,34.2603,29.585,28.6127,0.0022,0.4856,1.8826,0.0,4.6753,1778783829630158148
nyudepth__app1,no_sharing,251.2974,93.9152,87.1525,81.9568,0.0025,4.5554,2.8217,0.0,6.7627,1778783829730349115
nyudepth__app1,no_sharing,251.306,190.5222,101.1741,96.2095,0.0024,4.4515,85.2597,0.0,89.3481,1778783829821434851
nyudepth__app1,no_sharing,252.086,108.1426,102.2188,99.412,0.003,2.0981,3.1846,0.0,5.9239,1778783830519348944
nyudepth__app1,no_sharing,252.1343,100.1401,36.8604,35.7974,0.0025,0.5135,59.7031,0.0,63.2797,1778783830624210975
nyudepth__app1,no_sharing,252.2331,33.4823,29.259,28.1167,0.0018,0.6441,1.6966,0.0,4.2233,1778783830664933935
nyudepth__app1,no_sharing,252.6891,33.7212,29.4456,28.4525,0.0019,0.4496,1.6713,0.0,4.2756,1778783831120894515
nyudepth__app1,no_sharing,252.8767,34.2257,29.5797,28.4761,0.0022,0.516,1.883,0.0,4.646,1778783831308719965
nyudepth__app1,no_sharing,253.1813,34.5678,29.7713,28.6777,0.0026,0.5133,1.9732,0.0,4.7965,1778783831613478853
nyudepth__app1,no_sharing,253.4937,66.0715,60.5696,59.4014,0.0024,0.595,2.871,0.0,5.5019,1778783831926712491
nyudepth__app1,no_sharing,253.5064,86.9524,30.6475,29.6785,0.0026,0.4956,53.2198,0.0,56.3049,1778783831989836614
nyudepth__app1,no_sharing,254.6094,65.5158,59.8443,58.8554,0.0021,0.4845,3.0818,0.0,5.6715,1778783833042685025
nyudepth__app1,no_sharing,256.6372,121.6271,114.5197,109.4328,0.0029,4.4177,3.005,0.0,7.1074,1778783835070358341
nyudepth__app1,no_sharing,256.9796,35.2666,29.7283,28.7042,0.0029,0.5189,2.7552,0.0,5.5383,1778783835412575546
nyudepth__app1,no_sharing,257.1862,112.8292,105.715,103.2898,0.0025,1.8552,4.4241,0.0,7.1142,1778783835620914008
nyudepth__app1,no_sharing,258.3217,35.0583,29.7055,28.5641,0.0024,0.5338,2.4941,0.0,5.3527,1778783836754340690
nyudepth__app1,no_sharing,258.59,34.4357,29.7247,28.6967,0.0025,0.5194,1.9124,0.0,4.711,1778783837022113104
nyudepth__app1,no_sharing,259.0764,33.9682,29.2812,28.2525,0.0026,0.4758,1.9257,0.0,4.687,1778783837508477541
nyudepth__app1,no_sharing,260.1105,39.5308,34.5943,33.0918,0.0023,0.5078,1.9748,0.0,4.9365,1778783838542672627
nyudepth__app1,no_sharing,260.3259,33.8671,29.3001,28.3311,0.0023,0.4758,1.8997,0.0,4.5671,1778783838757990859
nyudepth__app1,no_sharing,261.2896,34.3523,29.7171,28.6466,0.0023,0.468,1.9279,0.0,4.6352,1778783839721747346
nyudepth__app1,no_sharing,261.8606,83.4529,77.644,72.6009,0.0026,4.4817,1.7135,0.0,5.8089,1778783840292513170
nyudepth__app1,no_sharing,262.3739,44.817,40.2726,39.1773,0.0023,0.5155,1.797,0.0,4.5443,1778783840805876695
nyudepth__app1,no_sharing,263.2574,35.4352,30.8301,29.7454,0.0199,0.4873,1.8902,0.0,4.6051,1778783841689467482
nyudepth__app1,no_sharing,263.2644,59.9778,29.0833,28.154,0.0017,0.459,28.4321,0.0,30.8944,1778783841723000633
nyudepth__app1,no_sharing,263.4514,40.6392,36.0958,35.0213,0.0026,0.4829,1.9367,0.0,4.5433,1778783841883534946
nyudepth__app1,no_sharing,263.5643,38.0435,32.9836,31.8715,0.0023,0.4956,1.9078,0.0,5.0599,1778783841996371734
nyudepth__app1,no_sharing,263.7276,34.1449,29.0709,28.0824,0.002,0.4539,2.4796,0.0,5.074,1778783842160234264
nyudepth__app1,no_sharing,263.9391,34.0834,29.5161,28.4407,0.0022,0.4911,1.8306,0.0,4.5673,1778783842371050032
nyudepth__app1,no_sharing,264.0676,33.6652,29.2821,28.3309,0.0027,0.4671,1.7622,0.0,4.3831,1778783842499513977
nyudepth__app1,no_sharing,264.3657,34.349,29.7037,28.6019,0.003,0.487,1.889,0.0,4.6452,1778783842797747482
nyudepth__app1,no_sharing,264.5424,33.5851,29.2372,28.2237,0.0021,0.4511,1.7347,0.0,4.3479,1778783842974266075
nyudepth__app1,no_sharing,264.8234,69.2742,64.6727,59.6485,0.0023,4.5163,1.9116,0.0,4.6015,1778783843255437964
nyudepth__app1,no_sharing,265.1478,33.9062,29.3566,28.3026,0.002,0.4842,1.8215,0.0,4.5496,1778783843579765487
nyudepth__app1,no_sharing,265.2839,34.2848,29.6754,28.6396,0.0023,0.4662,1.8919,0.0,4.6095,1778783843715995453
nyudepth__app1,no_sharing,265.7696,34.375,29.6866,28.6689,0.0022,0.4875,1.9493,0.0,4.6884,1778783844201713630
nyudepth__app1,no_sharing,266.3571,34.328,29.6831,28.5991,0.002,0.508,1.9147,0.0,4.6449,1778783844789202705
nyudepth__app1,no_sharing,267.1357,34.029,29.6163,28.5302,0.0024,0.5223,1.6425,0.0,4.4127,1778783845567499622
nyudepth__app1,no_sharing,267.2505,55.5658,50.0335,48.2231,0.0026,0.6384,2.7714,0.0,5.5323,1778783845683433316
nyudepth__app1,no_sharing,267.7467,34.0829,29.4941,28.4306,0.0024,0.4904,1.8947,0.0,4.5888,1778783846178745921
nyudepth__app1,no_sharing,268.4324,58.9268,54.5287,53.3081,0.0026,0.5786,1.6916,0.0,4.3982,1778783846864219626
nyudepth__app1,no_sharing,268.4562,68.5499,30.6701,29.6609,0.0022,0.4901,35.2309,0.0,37.8798,1778783846921557120
nyudepth__app1,no_sharing,268.7411,33.9835,29.431,28.3591,0.0024,0.5009,1.8167,0.0,4.5524,1778783847173068451
nyudepth__app1,no_sharing,269.2173,34.2746,29.6747,28.6618,0.0022,0.5107,1.8215,0.0,4.5999,1778783847649307431
nyudepth__app1,no_sharing,269.3658,105.9361,101.5177,96.3702,0.0031,4.2834,1.7452,0.0,4.4183,1778783847797690957
nyudepth__app1,no_sharing,270.2847,34.0335,29.6416,28.5825,0.0021,0.4921,1.6751,0.0,4.392,1778783848716582008
nyudepth__app1,no_sharing,270.9328,34.6625,29.976,28.8564,0.0025,0.5423,1.9059,0.0,4.6865,1778783849364853994
nyudepth__app1,no_sharing,271.0276,34.0626,29.6727,28.6442,0.0021,0.4928,1.7266,0.0,4.3899,1778783849459542011
nyudepth__app1,no_sharing,271.3261,34.5993,29.8315,28.711,0.0021,0.5282,1.8864,0.0,4.7678,1778783849758110559
nyudepth__app1,no_sharing,273.0025,34.3022,29.8833,28.7975,0.0024,0.5111,1.6906,0.0,4.419,1778783851434311829
nyudepth__app1,no_sharing,273.4013,34.4391,29.73,28.6121,0.0023,0.5182,1.9298,0.0,4.7091,1778783851833449549
nyudepth__app1,no_sharing,274.1125,34.3714,29.7186,28.6428,0.0021,0.4996,1.9197,0.0,4.6528,1778783852544570997
nyudepth__app1,no_sharing,275.3488,34.1733,29.5821,28.4806,0.0022,0.5186,1.8013,0.0,4.5912,1778783853780728268
nyudepth__app1,no_sharing,275.6453,54.9276,50.5596,49.4979,0.0026,0.4885,1.8971,0.0,4.368,1778783854077327504
nyudepth__app1,no_sharing,275.6939,38.445,29.6636,28.7379,0.0018,0.4476,6.3982,0.0,8.7814,1778783854130422157
nyudepth__app1,no_sharing,275.8175,42.7718,38.1918,35.3748,0.0026,2.2444,1.8554,0.0,4.58,1778783854249539331
nyudepth__app1,no_sharing,276.1494,33.6499,29.3084,28.3002,0.0021,0.4689,1.7514,0.0,4.3416,1778783854581317641
nyudepth__app1,no_sharing,276.443,52.1162,47.6175,44.8291,0.0021,2.2165,1.8167,0.0,4.4986,1778783854875014476
nyudepth__app1,no_sharing,276.8485,34.9805,30.2633,29.1765,0.0027,0.5166,1.8973,0.0,4.7173,1778783855280553714
nyudepth__app1,no_sharing,277.5086,34.6797,29.9389,28.7303,0.0023,0.5102,1.915,0.0,4.7407,1778783855940654096
nyudepth__app1,no_sharing,278.2684,34.775,30.1491,29.1464,0.0021,0.5002,1.8909,0.0,4.6259,1778783856700448466
nyudepth__app1,no_sharing,278.8019,34.2836,29.5735,28.5026,0.0023,0.4886,1.9412,0.0,4.7101,1778783857233973363
nyudepth__app1,no_sharing,280.2323,34.318,29.5133,28.4284,0.0021,0.507,1.9529,0.0,4.8047,1778783858664469898
nyudepth__app1,no_sharing,282.0395,34.236,29.4684,28.4681,0.002,0.4973,1.9836,0.0,4.7676,1778783860471685941
nyudepth__app1,no_sharing,282.6926,34.0338,29.4324,28.3867,0.0022,0.4756,1.8935,0.0,4.6014,1778783861124610506
nyudepth__app1,no_sharing,283.6649,34.3738,29.7076,28.6171,0.0023,0.5157,1.8961,0.0,4.6662,1778783862096951113
nyudepth__app1,no_sharing,283.9226,34.1887,29.5815,28.5308,0.002,0.4712,1.8878,0.0,4.6073,1778783862354707634
nyudepth__app1,no_sharing,283.995,51.929,46.5374,41.5476,0.0025,4.434,1.3366,0.0,5.3916,1778783862426494130
nyudepth__app1,no_sharing,284.4156,34.189,29.5113,28.4789,0.0026,0.5354,1.8542,0.0,4.6776,1778783862847598817
nyudepth__app1,no_sharing,285.7107,34.5573,29.8586,28.8482,0.0024,0.4983,1.9107,0.0,4.6987,1778783864142792733
nyudepth__app1,no_sharing,285.7911,79.0894,73.7418,72.5704,0.0028,0.5936,2.6228,0.0,5.3476,1778783864223855758
nyudepth__app1,no_sharing,286.0098,33.9947,29.4786,28.4826,0.0021,0.5005,1.77,0.0,4.516,1778783864441726697
nyudepth__app1,no_sharing,286.5094,81.1424,75.13,70.0268,0.0024,4.4882,1.8837,0.0,6.0124,1778783864941450855
nyudepth__app1,no_sharing,286.7963,35.0964,30.47,29.3789,0.0023,0.511,1.9329,0.0,4.6264,1778783865228448987
nyudepth__app1,no_sharing,286.8224,41.003,29.0462,28.0427,0.0021,0.4758,9.027,0.0,11.9568,1778783865261562928
nyudepth__app1,no_sharing,288.9015,34.2083,29.5938,28.5089,0.0024,0.4991,1.879,0.0,4.6145,1778783867333564008
nyudepth__app1,no_sharing,289.2892,33.8964,29.3217,28.2977,0.0023,0.4798,1.8835,0.0,4.5747,1778783867721278992
nyudepth__app1,no_sharing,289.4353,35.1853,30.6159,29.0114,0.0029,0.4985,1.8713,0.0,4.5695,1778783867867313773
nyudepth__app1,no_sharing,289.6838,35.3343,30.0961,29.031,0.0023,0.4841,2.636,0.0,5.2383,1778783868116559714
nyudepth__app1,no_sharing,289.6995,89.0477,65.347,60.3104,0.0027,4.4516,19.5854,0.0,23.7007,1778783868149247635
nyudepth__app1,no_sharing,290.1008,33.6754,29.3142,28.2662,0.0018,0.4928,1.6911,0.0,4.3612,1778783868532690628
nyudepth__app1,no_sharing,290.9237,34.39,29.65,28.5529,0.0024,0.4915,1.8854,0.0,4.74,1778783869355752806
nyudepth__app1,no_sharing,291.328,34.0405,29.4133,28.3643,0.0019,0.4867,1.8976,0.0,4.6271,1778783869760106182
nyudepth__app1,no_sharing,292.0707,34.3382,29.5836,28.48,0.0025,0.5045,1.9166,0.0,4.7546,1778783870502796009
nyudepth__app1,no_sharing,292.4072,34.2705,29.6056,28.5857,0.0023,0.5003,1.8415,0.0,4.6649,1778783870839165639
nyudepth__app1,no_sharing,293.1357,34.3041,29.63,28.6081,0.0021,0.4605,1.9693,0.0,4.6741,1778783871567819489
nyudepth__app1,no_sharing,293.4901,34.3895,29.4973,28.4171,0.0027,0.4931,1.945,0.0,4.8922,1778783871922220557
nyudepth__app1,no_sharing,294.0007,34.1444,29.545,28.4486,0.0026,0.516,1.7776,0.0,4.5994,1778783872432643770
nyudepth__app1,no_sharing,294.9625,105.2873,99.6456,92.1735,0.0027,6.8545,1.6527,0.0,5.6417,1778783873394329077
nyudepth__app1,no_sharing,297.158,73.7767,67.894,62.738,0.0027,4.5527,1.7858,0.0,5.8827,1778783875589985971
nyudepth__app1,no_sharing,297.4266,34.5976,29.8327,28.7069,0.0025,0.5032,1.9088,0.0,4.765,1778783875858725412
nyudepth__app1,no_sharing,299.1503,46.9968,42.5805,41.493,0.0021,0.4963,1.7638,0.0,4.4163,1778783877582262907
nyudepth__app1,no_sharing,299.2055,33.3607,29.1999,28.2266,0.0017,0.4658,1.4701,0.0,4.1608,1778783877637104940
nyudepth__app1,no_sharing,299.6604,33.8693,29.3618,28.3397,0.0021,0.4615,1.822,0.0,4.5075,1778783878092364461
nyudepth__app1,no_sharing,300.0116,65.2037,59.5914,58.3741,0.0026,0.587,2.8574,0.0,5.6123,1778783878444663547
nyudepth__app1,no_sharing,300.4434,34.5914,29.7677,28.6563,0.0024,0.5231,1.986,0.0,4.8237,1778783878875527879
nyudepth__app1,no_sharing,301.3663,34.3902,29.6609,28.5745,0.0027,0.5159,1.9321,0.0,4.7293,1778783879798411254
nyudepth__app1,no_sharing,301.6131,34.6832,30.0574,28.5108,0.0021,0.4991,1.879,0.0,4.6258,1778783880045107260
nyudepth__app1,no_sharing,303.7147,35.2805,29.5864,28.4796,0.0022,0.5008,1.9696,0.0,5.694,1778783882146824687
nyudepth__app1,no_sharing,304.1112,57.9531,53.0989,51.7375,0.0022,0.6161,2.1071,0.0,4.8542,1778783882543523535
nyudepth__app1,no_sharing,304.8435,34.5366,29.7956,28.7039,0.0018,0.4829,1.9286,0.0,4.741,1778783883275591453
nyudepth__app1,no_sharing,305.2869,34.1101,29.5172,28.5533,0.0022,0.4669,1.8833,0.0,4.5928,1778783883718989900
nyudepth__app1,no_sharing,305.6546,87.7008,81.5837,78.1235,0.0025,2.8338,1.9317,0.0,6.1172,1778783884086689530
nyudepth__app1,no_sharing,305.9424,35.0845,30.4636,29.3849,0.0021,0.507,1.9405,0.0,4.6209,1778783884374495842
nyudepth__app1,no_sharing,305.9553,53.7403,29.0973,28.1818,0.0019,0.4373,22.1131,0.0,24.6429,1778783884407607542
nyudepth__app1,no_sharing,307.9197,34.4725,29.6985,28.582,0.0026,0.5103,1.9219,0.0,4.774,1778783886351828570
nyudepth__app1,no_sharing,308.4399,39.3765,34.8533,33.8051,0.0024,0.4982,1.9171,0.0,4.5232,1778783886871992835
nyudepth__app1,no_sharing,309.8207,34.1947,29.4996,28.4885,0.0024,0.5205,1.915,0.0,4.6951,1778783888252794551
nyudepth__app1,no_sharing,311.8426,63.1454,57.2295,55.9893,0.0024,0.5632,2.8851,0.0,5.9159,1778783890275689216
nyudepth__app1,no_sharing,312.6169,82.2115,77.5439,76.3528,0.0028,0.5318,1.8642,0.0,4.6676,1778783891048896366
nyudepth__app1,no_sharing,312.8563,34.0967,29.5403,28.5847,0.0021,0.4877,1.8473,0.0,4.5564,1778783891288333917
nyudepth__app1,no_sharing,313.1731,34.0252,29.5428,28.4565,0.0023,0.5053,1.7209,0.0,4.4824,1778783891604938074
nyudepth__app1,no_sharing,313.2232,33.6413,29.1933,28.1293,0.0026,0.5219,1.5841,0.0,4.448,1778783891654975174
nyudepth__app1,no_sharing,314.4093,53.0705,47.266,42.3236,0.0024,4.4231,1.9126,0.0,5.8045,1778783892841336660
nyudepth__app1,no_sharing,314.9971,34.2417,29.5919,28.5819,0.0023,0.5082,1.9336,0.0,4.6498,1778783893429159598
nyudepth__app1,no_sharing,316.37,47.7717,43.2435,40.4973,0.0024,2.2402,1.8041,0.0,4.5282,1778783894801934558
nyudepth__app1,no_sharing,317.5814,35.3012,30.6927,29.6445,0.0024,0.5314,1.8961,0.0,4.6086,1778783896013432030
nyudepth__app1,no_sharing,317.6023,46.726,29.7867,28.7376,0.0024,0.4902,14.2148,0.0,16.9393,1778783896046728896
nyudepth__app1,no_sharing,318.484,69.0713,63.4939,62.2849,0.0025,0.5711,2.9125,0.0,5.5774,1778783896917102243
nyudepth__app1,no_sharing,318.5572,33.8435,29.4924,28.4473,0.0022,0.504,1.5302,0.0,4.3511,1778783896988935357
nyudepth__app1,no_sharing,318.5952,33.7915,29.4994,28.475,0.0022,0.484,1.555,0.0,4.2921,1778783897026950176
nyudepth__app1,no_sharing,319.1638,33.6821,29.4295,28.3829,0.0022,0.4928,1.5852,0.0,4.2526,1778783897595522121
nyudepth__app1,no_sharing,319.4686,67.9331,63.2487,62.1906,0.0024,0.5399,2.0673,0.0,4.6843,1778783897900882494
nyudepth__app1,no_sharing,320.2559,34.0919,29.5876,28.606,0.0023,0.4868,1.7526,0.0,4.5043,1778783898687856412
nyudepth__app1,no_sharing,321.8916,34.3101,29.6699,28.6746,0.0022,0.4782,1.9329,0.0,4.6402,1778783900323706698
nyudepth__app1,no_sharing,322.1663,34.1625,29.4859,28.4619,0.0023,0.5201,1.9104,0.0,4.6766,1778783900598394653
nyudepth__app1,no_sharing,322.6283,34.8945,30.326,29.2239,0.0023,0.508,1.8055,0.0,4.5685,1778783901060246186
nyudepth__app1,no_sharing,322.6301,64.7819,29.1806,28.1733,0.0025,0.4917,32.937,0.0,35.6014,1778783901093212374
nyudepth__app1,no_sharing,322.746,34.3556,29.8323,28.789,0.0022,0.4979,1.7817,0.0,4.5233,1778783901177917729
nyudepth__app1,no_sharing,323.307,34.8165,30.2851,29.2882,0.0025,0.4884,1.8606,0.0,4.5314,1778783901739042893
nyudepth__app1,no_sharing,323.312,61.2526,28.9634,28.0394,0.0019,0.448,29.7956,0.0,32.2891,1778783901771908884
nyudepth__app1,no_sharing,323.8363,97.1041,92.4931,87.3549,0.0026,4.4499,1.8027,0.0,4.6109,1778783902268230774
nyudepth__app1,no_sharing,324.3322,71.6686,67.0011,61.9266,0.0022,4.4712,1.8563,0.0,4.6675,1778783902764229790
nyudepth__app1,no_sharing,324.3815,72.0255,46.9084,45.9587,0.0023,0.4878,22.1837,0.0,25.1171,1778783902833855210
nyudepth__app1,no_sharing,325.6811,130.0631,123.1516,115.7739,0.0027,6.6622,2.7797,0.0,6.9115,1778783904114036942
nyudepth__app1,no_sharing,326.4075,34.3442,29.6374,28.5316,0.0021,0.5281,1.8723,0.0,4.7068,1778783904839507241
nyudepth__app1,no_sharing,327.6058,35.0018,30.2933,28.6574,0.0026,0.5247,1.9619,0.0,4.7085,1778783906037917892
nyudepth__app1,no_sharing,327.689,41.1391,36.6489,35.6218,0.0023,0.475,1.8389,0.0,4.4903,1778783906120968026
nyudepth__app1,no_sharing,328.3901,34.2538,29.5619,28.5809,0.0028,0.4894,1.9035,0.0,4.6919,1778783906822177465
nyudepth__app1,no_sharing,328.6007,34.3831,29.7993,28.7486,0.002,0.4786,1.8539,0.0,4.5837,1778783907032716561
nyudepth__app1,no_sharing,330.1231,79.396,74.7804,69.5369,0.0027,4.6006,1.8528,0.0,4.6156,1778783908555153216
nyudepth__app1,no_sharing,330.4552,95.7067,89.5662,84.4055,0.0025,4.4785,1.9372,0.0,6.1405,1778783908887315591
nyudepth__app1,no_sharing,330.9376,34.8387,29.5315,28.5044,0.002,0.471,2.5959,0.0,5.3072,1778783909370341953
nyudepth__app1,no_sharing,331.1007,33.7281,29.3546,28.3294,0.002,0.4952,1.6973,0.0,4.3735,1778783909532558218
nyudepth__app1,no_sharing,331.4218,102.025,97.4373,92.2605,0.0027,4.6081,1.8504,0.0,4.5877,1778783909853872114
nyudepth__app1,no_sharing,332.1189,34.2185,29.4723,28.3742,0.0026,0.4982,1.9257,0.0,4.7462,1778783910551008803
nyudepth__app1,no_sharing,332.6506,109.7081,102.6233,95.132,0.0027,6.8624,3.1433,0.0,7.0847,1778783911083937574
nyudepth__app1,no_sharing,332.6576,224.7307,119.3816,118.2942,0.0018,0.2667,102.8469,0.0,105.3491,1778783911190619772
nyudepth__app1,no_sharing,332.6755,209.3391,119.3816,118.2942,0.0018,0.2667,84.9838,0.0,89.9575,1778783911190619772
nyudepth__app1,no_sharing,332.9812,64.281,58.5165,57.5477,0.0024,0.4785,2.8365,0.0,5.7645,1778783911414162564
nyudepth__app1,no_sharing,333.735,79.7813,73.0941,70.2402,0.0024,2.1923,2.6827,0.0,6.6872,1778783912167878902
nyudepth__app1,no_sharing,334.2019,34.3297,29.7613,28.7114,0.0021,0.482,1.8568,0.0,4.5683,1778783912633944863
nyudepth__app1,no_sharing,334.3024,47.169,41.7384,39.1008,0.0021,2.1663,1.6932,0.0,5.4306,1778783912734287618
nyudepth__app1,no_sharing,335.1144,34.0691,29.3849,28.4251,0.0023,0.4828,2.0301,0.0,4.6842,1778783913546622646
nyudepth__app1,no_sharing,336.8007,34.0867,29.5435,28.4637,0.0022,0.4964,1.8537,0.0,4.5432,1778783915232696733
nyudepth__app1,no_sharing,337.0051,34.1332,29.5298,28.4472,0.0027,0.5066,1.8728,0.0,4.6034,1778783915437143087
nyudepth__app1,no_sharing,337.3306,33.4535,29.1479,28.2353,0.0027,0.4518,1.7059,0.0,4.3056,1778783915762434452
nyudepth__app1,no_sharing,337.6253,34.4524,29.9832,28.4362,0.0023,0.481,1.7588,0.0,4.4692,1778783916057245940
nyudepth__app1,no_sharing,337.7991,33.5972,29.0971,28.1434,0.0023,0.4873,1.7829,0.0,4.5002,1778783916231075990
nyudepth__app1,no_sharing,338.012,34.1461,29.4761,28.4122,0.0023,0.4869,1.8837,0.0,4.67,1778783916444096872
nyudepth__app1,no_sharing,338.1915,33.9963,29.3454,28.3869,0.0028,0.4776,1.8845,0.0,4.6509,1778783916623535922
nyudepth__app1,no_sharing,338.2917,35.012,30.4156,28.4492,0.0031,1.0226,1.7943,0.0,4.5965,1778783916723659340
nyudepth__app1,no_sharing,338.3217,36.5956,29.1824,28.2613,0.0021,0.4732,4.8501,0.0,7.4131,1778783916756741615
nyudepth__app1,no_sharing,338.4905,50.3407,45.9193,44.9544,0.0025,0.4741,1.7674,0.0,4.4213,1778783916922433541
nyudepth__app1,no_sharing,339.5765,34.184,29.5439,28.495,0.0019,0.4976,1.8604,0.0,4.64,1778783918008543959
nyudepth__app1,no_sharing,339.77,34.1911,29.5546,28.5182,0.0022,0.475,1.8826,0.0,4.6365,1778783918202059429
nyudepth__app1,no_sharing,339.9045,88.9444,83.6241,78.3916,0.0026,4.4302,2.017,0.0,5.3204,1778783918336649144
nyudepth__app1,no_sharing,340.6818,34.5883,29.775,28.7291,0.0022,0.5071,1.9126,0.0,4.8134,1778783919113921437
nyudepth__app1,no_sharing,340.9406,34.1239,29.5358,28.48,0.0021,0.4819,1.8587,0.0,4.5881,1778783919372601463
nyudepth__app1,no_sharing,341.6572,34.1198,29.4634,28.4491,0.003,0.5101,1.8702,0.0,4.6564,1778783920089249712
nyudepth__app1,no_sharing,342.2386,33.9599,29.318,28.3344,0.0022,0.4892,1.9348,0.0,4.6419,1778783920670708520
nyudepth__app1,no_sharing,342.8184,34.1589,29.5013,28.462,0.0022,0.4839,1.9207,0.0,4.6577,1778783921250473588
nyudepth__app1,no_sharing,343.0008,33.9453,29.3943,28.4566,0.0022,0.4784,1.8287,0.0,4.551,1778783921432830426
nyudepth__app1,no_sharing,343.4283,33.9928,29.3564,28.3864,0.0022,0.4882,1.8575,0.0,4.6364,1778783921860362867
nyudepth__app1,no_sharing,344.8798,90.7149,83.649,78.58,0.0029,4.375,2.9027,0.0,7.0659,1778783923312839684
nyudepth__app1,no_sharing,345.5584,34.61,29.9051,28.8256,0.0025,0.4927,1.9197,0.0,4.7049,1778783923990449116
nyudepth__app1,no_sharing,346.1696,34.6899,29.5799,28.5178,0.002,0.4733,2.4936,0.0,5.11,1778783924602295330
nyudepth__app1,no_sharing,346.4714,35.7437,30.4158,29.3177,0.0023,0.5138,2.5692,0.0,5.3279,1778783924904163709
nyudepth__app1,no_sharing,347.0559,34.3699,29.4722,28.4638,0.0027,0.4962,2.0568,0.0,4.8977,1778783925488111233
nyudepth__app1,no_sharing,347.4218,33.9792,29.3958,28.326,0.0019,0.4925,1.8475,0.0,4.5833,1778783925853772400
nyudepth__app1,no_sharing,347.5119,33.9134,29.3051,28.324,0.0023,0.5043,1.7831,0.0,4.6083,1778783925943877298
nyudepth__app1,no_sharing,347.6886,69.5162,64.1011,62.8444,0.0022,0.5942,2.6975,0.0,5.4151,1778783926121505972
nyudepth__app1,no_sharing,347.7743,34.0962,29.5148,28.5537,0.0023,0.4829,1.7395,0.0,4.5814,1778783926206223450
nyudepth__app1,no_sharing,348.322,34.0259,29.4328,28.477,0.0021,0.464,1.8423,0.0,4.5931,1778783926754051548
nyudepth__app1,no_sharing,348.3722,32.4445,28.5731,27.6993,0.0019,0.4725,1.2836,0.0,3.8713,1778783926803667288
nyudepth__app1,no_sharing,348.4188,32.2895,28.5949,27.7774,0.0016,0.4338,1.3494,0.0,3.6946,1778783926850319681
nyudepth__app1,no_sharing,348.5263,33.7558,29.378,28.4411,0.0024,0.4769,1.5674,0.0,4.3778,1778783926958009999
nyudepth__app1,no_sharing,348.7644,34.2646,29.5813,28.5219,0.0021,0.4972,1.9112,0.0,4.6832,1778783927196478911
nyudepth__app1,no_sharing,348.8519,33.6702,29.1358,28.107,0.0023,0.4905,1.7867,0.0,4.5344,1778783927283801137
nyudepth__app1,no_sharing,349.5089,34.2977,29.5346,28.4301,0.002,0.5079,1.9035,0.0,4.7631,1778783927940960218
nyudepth__app1,no_sharing,349.8954,54.4646,49.9035,48.7592,0.0025,0.5936,1.8489,0.0,4.5611,1778783928327431619
nyudepth__app1,no_sharing,352.4526,34.379,29.6804,28.6431,0.0029,0.5029,1.8804,0.0,4.6986,1778783930884645874
nyudepth__app1,no_sharing,354.1589,34.2486,29.5655,28.5206,0.0024,0.4727,1.9479,0.0,4.6831,1778783932591030897
nyudepth__app1,no_sharing,354.518,34.3094,29.6703,28.6625,0.0022,0.4897,1.8892,0.0,4.6391,1778783932950073328
nyudepth__app1,no_sharing,354.8356,44.3482,39.9507,38.8779,0.0022,0.4705,1.802,0.0,4.3976,1778783933267611801
nyudepth__app1,no_sharing,354.8961,33.2251,29.0332,28.1067,0.0017,0.4879,1.498,0.0,4.1919,1778783933327793298
nyudepth__app1,no_sharing,355.7199,56.5472,52.0838,50.5216,0.0024,1.0575,1.8444,0.0,4.4633,1778783934151950007
nyudepth__app1,no_sharing,357.4834,34.2131,29.5275,28.4796,0.002,0.4898,1.8911,0.0,4.6856,1778783935915428489
nyudepth__app1,no_sharing,357.8131,69.7837,65.3612,64.2745,0.0022,0.4997,1.7967,0.0,4.4225,1778783936245040193
nyudepth__app1,no_sharing,358.6026,35.2309,30.4561,29.2035,0.0027,0.614,1.8864,0.0,4.7748,1778783937034620134
nyudepth__app1,no_sharing,358.6136,55.2917,28.7264,27.8577,0.0023,0.4455,24.0235,0.0,26.5653,1778783937067744009
nyudepth__app1,no_sharing,362.3083,34.1961,29.4886,28.4851,0.003,0.5008,1.8492,0.0,4.7076,1778783940740284910
nyudepth__app1,no_sharing,362.3596,33.709,29.022,28.0775,0.0023,0.484,1.8227,0.0,4.687,1778783940791632908
nyudepth__app1,no_sharing,363.1158,41.4176,35.7221,34.729,0.0026,0.5071,3.1061,0.0,5.6955,1778783941549119048
nyudepth__app1,no_sharing,363.1431,58.2418,40.1016,37.3623,0.0022,2.1976,14.2112,0.0,18.1403,1778783941587477466
nyudepth__app1,no_sharing,363.3155,34.7705,29.934,28.8108,0.003,0.5056,1.945,0.0,4.8365,1778783941747565784
nyudepth__app1,no_sharing,363.5155,34.3778,29.6214,28.5922,0.0024,0.5231,1.8585,0.0,4.7564,1778783941947561592
nyudepth__app1,no_sharing,364.0456,35.2769,29.9619,28.8308,0.0029,0.5085,2.0282,0.0,5.315,1778783942477804665
nyudepth__app1,no_sharing,364.0776,35.5783,29.2196,28.2163,0.0022,0.4833,3.6347,0.0,6.3586,1778783942511473331
nyudepth__app1,no_sharing,364.3026,34.2793,29.5336,28.5375,0.0024,0.5014,1.955,0.0,4.7458,1778783942734719253
nyudepth__app1,no_sharing,364.4251,34.364,29.6441,28.6237,0.0025,0.5261,1.9081,0.0,4.7199,1778783942857181968
nyudepth__app1,no_sharing,364.4846,88.2232,82.2843,74.8421,0.0037,6.5847,1.6482,0.0,5.9389,1778783942916454828
nyudepth__app1,no_sharing,365.3283,34.1368,29.7,28.6459,0.002,0.4983,1.7555,0.0,4.4368,1778783943760236321
nyudepth__app1,no_sharing,365.5688,34.5378,29.9081,28.8432,0.0022,0.4941,1.8787,0.0,4.6297,1778783944000840597
nyudepth__app1,no_sharing,365.6175,34.0164,29.6154,28.5325,0.0023,0.5398,1.4937,0.0,4.401,1778783944049144988
nyudepth__app1,no_sharing,365.9029,34.2779,29.6184,28.6348,0.0023,0.4856,1.9119,0.0,4.6595,1778783944334984336
nyudepth__app1,no_sharing,366.0014,35.6922,30.4406,28.8234,0.0023,0.4935,2.4915,0.0,5.2516,1778783944434053366
nyudepth__app1,no_sharing,366.0014,68.4299,30.199,29.1406,0.0021,0.5255,35.4095,0.0,38.231,1778783944467074549
nyudepth__app1,no_sharing,366.0563,45.7282,29.4953,28.5406,0.0023,0.4964,13.4816,0.0,16.2329,1778783944499940734
nyudepth__app1,no_sharing,366.6551,35.0137,29.5598,28.5545,0.0024,0.4955,2.697,0.0,5.4539,1778783945088007825
nyudepth__app1,no_sharing,366.6552,82.6983,45.0829,42.2431,0.003,2.1323,34.8451,0.0,37.6154,1778783945120261585
nyudepth__app1,no_sharing,366.8933,41.9719,37.2748,36.1631,0.0026,0.5187,1.9352,0.0,4.6972,1778783945325412368
nyudepth__app1,no_sharing,367.2438,34.3382,29.6169,28.5222,0.0022,0.4831,1.8361,0.0,4.7213,1778783945675772642
nyudepth__app1,no_sharing,367.3939,34.5945,29.8821,28.7756,0.0021,0.5086,1.8358,0.0,4.7125,1778783945825875452
nyudepth__app1,no_sharing,367.796,68.7327,63.8609,58.7441,0.0026,4.4362,1.9023,0.0,4.8719,1778783946228075054
nyudepth__app1,no_sharing,368.7098,34.7385,29.968,28.873,0.0025,0.5094,1.9712,0.0,4.7705,1778783947141949186
nyudepth__app1,no_sharing,369.0237,34.6317,29.9258,28.8473,0.0024,0.4969,1.9295,0.0,4.7059,1778783947455832095
nyudepth__app1,no_sharing,369.3158,34.224,29.4714,28.3892,0.002,0.4946,1.9052,0.0,4.7526,1778783947747856730
nyudepth__app1,no_sharing,369.3912,57.6112,52.4296,51.4318,0.0022,0.4909,2.4152,0.0,5.1816,1778783947823893361
nyudepth__app1,no_sharing,369.7075,34.1094,29.4619,28.3946,0.0023,0.5003,1.8697,0.0,4.6474,1778783948139488876
nyudepth__app1,no_sharing,370.8672,66.1831,61.3099,60.2046,0.0024,0.5026,1.9307,0.0,4.8732,1778783949299292863
nyudepth__app1,no_sharing,371.1586,34.8058,29.903,28.7993,0.0021,0.5003,1.9767,0.0,4.9027,1778783949590749543
nyudepth__app1,no_sharing,371.5245,67.9471,63.4097,61.9742,0.0031,0.7354,1.9059,0.0,4.5374,1778783949956536842
nyudepth__app1,no_sharing,372.961,33.9437,29.472,28.4828,0.0022,0.4796,1.8096,0.0,4.4716,1778783951392968154
nyudepth__app1,no_sharing,373.1612,45.1446,40.5135,35.5333,0.0028,4.3197,1.7903,0.0,4.6311,1778783951593200841
nyudepth__app1,no_sharing,373.1842,103.2073,78.0619,76.8998,0.0028,0.5613,22.1844,0.0,25.1455,1778783951636541292
nyudepth__app1,no_sharing,374.2346,34.9298,30.2297,28.6397,0.0021,0.5254,1.8756,0.0,4.7,1778783952666686055
nyudepth__app1,no_sharing,374.5796,34.6823,29.9322,28.8065,0.0023,0.4936,1.9295,0.0,4.7501,1778783953011679059
nyudepth__app1,no_sharing,374.6513,41.5351,37.1749,36.1235,0.0023,0.4695,1.7052,0.0,4.3602,1778783953083132647
nyudepth__app1,no_sharing,374.695,33.2363,29.08,28.1046,0.0021,0.4695,1.425,0.0,4.1562,1778783953126532134
nyudepth__app1,no_sharing,375.0296,34.1141,29.4415,28.3293,0.0022,0.5136,1.8461,0.0,4.6726,1778783953461680049
nyudepth__app1,no_sharing,375.8143,35.2163,30.4611,29.3654,0.0022,0.5156,1.9019,0.0,4.7552,1778783954246414298
nyudepth__app1,no_sharing,375.8293,52.7661,29.8705,28.7978,0.0024,0.4993,20.1774,0.0,22.8955,1778783954279670685
nyudepth__app1,no_sharing,375.8658,48.3875,29.3191,28.2708,0.0022,0.4934,16.2377,0.0,19.0684,1778783954312162475
nyudepth__app1,no_sharing,375.9213,33.7481,29.2903,28.2155,0.0024,0.5103,1.6711,0.0,4.4579,1778783954353132465
nyudepth__app1,no_sharing,376.0067,47.6167,43.1651,42.0385,0.002,0.5033,1.8039,0.0,4.4516,1778783954438695668
nyudepth__app1,no_sharing,376.5066,94.1238,89.2694,83.9714,0.0024,4.5475,1.914,0.0,4.8545,1778783954938656627
nyudepth__app1,no_sharing,376.5341,138.9105,69.2562,68.1906,0.0025,0.5476,66.4275,0.0,69.6544,1778783955030677645
nyudepth__app1,no_sharing,377.4876,34.4536,29.7329,28.585,0.0028,0.5169,1.8685,0.0,4.7208,1778783955919630100
nyudepth__app1,no_sharing,378.7469,34.071,29.4619,28.4153,0.0024,0.4748,1.8952,0.0,4.609,1778783957178993045
nyudepth__app1,no_sharing,381.2458,34.4336,30.072,29.0161,0.0022,0.4821,1.6878,0.0,4.3616,1778783959677675817
nyudepth__app1,no_sharing,381.2496,62.1867,28.9593,28.0265,0.0023,0.4765,30.5648,0.0,33.2274,1778783959710380969
nyudepth__app1,no_sharing,381.358,42.3913,38.0619,33.1406,0.0023,4.494,1.6696,0.0,4.3294,1778783959789825557
nyudepth__app1,no_sharing,381.7255,33.7796,29.3127,28.3521,0.0022,0.4823,1.7958,0.0,4.4669,1778783960157420560
nyudepth__app1,no_sharing,381.7604,32.501,28.6537,27.731,0.0019,0.4463,1.3146,0.0,3.8473,1778783960191858261
nyudepth__app1,no_sharing,383.8179,34.164,29.4855,28.4219,0.0024,0.483,1.9312,0.0,4.6784,1778783962249995906
nyudepth__app1,no_sharing,385.4956,92.8836,87.3064,82.2009,0.0025,3.9032,2.78,0.0,5.5772,1778783963928528700
nyudepth__app1,no_sharing,385.8372,34.3308,29.6184,28.5359,0.0022,0.5065,1.9267,0.0,4.7125,1778783964269310487
nyudepth__app1,no_sharing,386.8368,49.3791,44.6733,39.6205,0.0029,4.4356,1.8537,0.0,4.7058,1778783965268838909
nyudepth__app1,no_sharing,387.8734,34.5035,29.6705,28.6411,0.0021,0.5172,1.956,0.0,4.833,1778783966305533655
nyudepth__app1,no_sharing,388.2504,34.3184,29.52,28.4112,0.0021,0.5305,1.8828,0.0,4.7984,1778783966682411473
nyudepth__app1,no_sharing,388.4945,95.4235,89.6103,88.3579,0.0024,0.5757,2.7549,0.0,5.8132,1778783966927456844
nyudepth__app1,no_sharing,389.4979,34.4687,29.6689,28.6141,0.0022,0.5187,1.9019,0.0,4.7997,1778783967929942216
nyudepth__app1,no_sharing,389.7978,34.3261,29.5175,28.5158,0.0025,0.4944,1.9176,0.0,4.8085,1778783968229855159
nyudepth__app1,no_sharing,391.0389,46.2966,40.374,37.6385,0.0026,2.2094,1.9312,0.0,5.9226,1778783969470956851
nyudepth__app1,no_sharing,391.5442,34.574,29.8473,28.759,0.0021,0.5149,1.8992,0.0,4.7267,1778783969976240228
nyudepth__app1,no_sharing,391.8864,34.2236,29.6257,28.5481,0.0023,0.5168,1.8158,0.0,4.5978,1778783970318411790
nyudepth__app1,no_sharing,392.1364,34.3611,29.7549,28.6695,0.0022,0.5095,1.8704,0.0,4.6062,1778783970568438008
nyudepth__app1,no_sharing,392.308,34.1682,29.5645,28.556,0.002,0.4928,1.8189,0.0,4.6038,1778783970740032729
nyudepth__app1,no_sharing,392.4174,35.0535,30.4006,29.2919,0.0023,0.511,1.8737,0.0,4.6529,1778783970849477964
nyudepth__app1,no_sharing,392.4234,60.4577,28.9185,27.945,0.002,0.4572,29.0077,0.0,31.5392,1778783970882584880
nyudepth__app1,no_sharing,392.5781,35.5656,31.0605,29.9937,0.002,0.5095,1.8363,0.0,4.5051,1778783971010099047
nyudepth__app1,no_sharing,392.5871,58.3148,29.0349,28.0194,0.0019,0.4732,26.5591,0.0,29.2799,1778783971043769956
nyudepth__app1,no_sharing,392.7124,63.405,57.8833,55.0822,0.0026,2.1926,2.7151,0.0,5.5217,1778783971145248626
nyudepth__app1,no_sharing,394.3661,128.7005,123.3685,118.2076,0.0033,4.4723,2.6736,0.0,5.332,1778783972799009570
nyudepth__app1,no_sharing,395.6024,96.1704,90.5353,85.3877,0.0028,4.4926,2.8532,0.0,5.6351,1778783974035454849
nyudepth__app1,no_sharing,396.805,34.4348,29.9058,28.2825,0.0027,0.4865,1.7745,0.0,4.529,1778783975236976768
nyudepth__app1,no_sharing,397.0048,34.0228,29.3885,28.3584,0.0021,0.5168,1.8115,0.0,4.6343,1778783975436759872
nyudepth__app1,no_sharing,398.4963,34.8802,29.6132,28.628,0.0023,0.4925,2.5632,0.0,5.2669,1778783976928989365
nyudepth__app1,no_sharing,399.0713,35.2452,30.6307,29.5403,0.0022,0.5127,1.919,0.0,4.6145,1778783977503407580
nyudepth__app1,no_sharing,399.0933,45.0909,29.1256,28.1032,0.0019,0.485,13.1838,0.0,15.9653,1778783977536640337
nyudepth__app1,no_sharing,399.2246,34.2195,29.6263,28.5364,0.0024,0.508,1.8418,0.0,4.5932,1778783977656601759
nyudepth__app1,no_sharing,399.7651,33.9513,29.4696,28.4093,0.0023,0.4879,1.6732,0.0,4.4817,1778783978196884526
nyudepth__app1,no_sharing,399.8542,34.4303,29.8279,28.7357,0.002,0.5145,1.8592,0.0,4.6024,1778783978286198687
nyudepth__app1,no_sharing,399.9138,60.9083,56.3083,51.2885,0.0023,4.4201,1.6961,0.0,4.6,1778783978345663522
nyudepth__app1,no_sharing,400.6284,36.1011,31.4775,30.3739,0.0021,0.5265,1.9221,0.0,4.6236,1778783979060522477
nyudepth__app1,no_sharing,400.6314,77.7843,41.6856,40.6635,0.0024,0.2642,33.2971,0.0,36.0987,1778783979094849155
nyudepth__app1,no_sharing,400.6493,61.7447,41.6856,40.6635,0.0024,0.2642,15.377,0.0,20.0591,1778783979094849155
nyudepth__app1,no_sharing,401.624,52.6228,47.7669,42.6993,0.003,4.2981,1.9054,0.0,4.8558,1778783980056118252
nyudepth__app1,no_sharing,401.7995,34.2305,29.5427,28.4573,0.0025,0.5115,1.9093,0.0,4.6878,1778783980231551042
nyudepth__app1,no_sharing,403.1445,34.1456,29.4661,28.4608,0.0025,0.5146,1.8857,0.0,4.6795,1778783981576594673
nyudepth__app1,no_sharing,403.9132,34.2379,29.6263,28.5389,0.0022,0.5129,1.797,0.0,4.6116,1778783982345145552
nyudepth__app1,no_sharing,404.4871,34.374,29.7223,28.6634,0.0027,0.4979,1.9121,0.0,4.6517,1778783982919222306
nyudepth__app1,no_sharing,404.7009,34.5871,29.7229,28.6357,0.0021,0.5133,2.0032,0.0,4.8643,1778783983133034148
nyudepth__app1,no_sharing,404.7886,34.1663,29.5478,28.4245,0.0026,0.5192,1.7943,0.0,4.6185,1778783983220606713
nyudepth__app1,no_sharing,404.826,60.2851,55.8641,50.8211,0.003,4.3414,1.5466,0.0,4.4209,1778783983257672339
nyudepth__app1,no_sharing,405.5433,34.2572,29.5425,28.4582,0.0026,0.5094,1.8933,0.0,4.7146,1778783983975350035
nyudepth__app1,no_sharing,405.5968,59.5248,54.5071,52.8319,0.0023,0.5164,2.2295,0.0,5.0177,1778783984029223305
nyudepth__app1,no_sharing,405.6976,34.3912,29.7103,28.5573,0.0024,0.5365,1.8342,0.0,4.6809,1778783984129564018
nyudepth__app1,no_sharing,406.0815,45.6357,41.0063,39.9308,0.0022,0.5466,1.9214,0.0,4.6294,1778783984513567852
nyudepth__app1,no_sharing,406.1015,58.1753,29.9914,29.0342,0.0021,0.4515,25.6653,0.0,28.1839,1778783984557327778
nyudepth__app1,no_sharing,406.6428,69.7765,65.0952,63.7675,0.0027,0.5998,2.0547,0.0,4.6814,1778783985075001998
nyudepth__app1,no_sharing,406.6749,71.0576,30.0909,29.1205,0.0026,0.5068,37.6942,0.0,40.9666,1778783985142805683
nyudepth__app1,no_sharing,406.7772,34.7862,29.482,28.4339,0.0026,0.4896,2.5079,0.0,5.3043,1778783985209842358
nyudepth__app1,no_sharing,406.8181,71.6865,67.165,62.0915,0.0025,4.4345,1.5683,0.0,4.5215,1778783985249831687
nyudepth__app1,no_sharing,407.986,34.3912,29.8512,28.7907,0.0024,0.4853,1.7185,0.0,4.54,1778783986417855906
nyudepth__app1,no_sharing,409.78,34.3928,29.5611,28.4609,0.0024,0.4985,1.9062,0.0,4.8317,1778783988212065269
nyudepth__app1,no_sharing,410.4372,53.8075,49.2792,48.1761,0.0023,0.5057,1.8194,0.0,4.5283,1778783988869225474
nyudepth__app1,no_sharing,411.025,50.1378,45.0325,39.9455,0.0034,4.2799,1.9302,0.0,5.1053,1778783989457132815
nyudepth__app1,no_sharing,411.1704,34.3621,29.5513,28.5106,0.0026,0.5233,1.8942,0.0,4.8108,1778783989602437795
nyudepth__app1,no_sharing,411.7346,84.5325,79.9185,78.7123,0.0026,0.523,1.8489,0.0,4.614,1778783990166598679
nyudepth__app1,no_sharing,412.3266,34.1403,29.459,28.3703,0.0024,0.513,1.8489,0.0,4.6814,1778783990758646605
nyudepth__app1,no_sharing,413.0416,34.0724,29.371,28.3569,0.0022,0.5013,1.8938,0.0,4.7014,1778783991473703217
nyudepth__app1,no_sharing,413.8435,53.7748,49.2958,48.234,0.0027,0.4853,1.8148,0.0,4.4791,1778783992275426187
nyudepth__app1,no_sharing,414.6729,36.0303,31.2701,30.1908,0.002,0.511,1.9336,0.0,4.7602,1778783993105012701
nyudepth__app1,no_sharing,414.6839,56.4084,28.8854,27.8958,0.0018,0.4748,24.9686,0.0,27.523,1778783993139037515
nyudepth__app1,no_sharing,415.2707,56.4239,51.7652,50.6853,0.0022,0.4935,1.9274,0.0,4.6587,1778783993702814684
nyudepth__app1,no_sharing,415.7592,89.2169,83.0179,77.9522,0.003,4.4733,1.9717,0.0,6.1991,1778783994191312639
nyudepth__app1,no_sharing,416.7906,34.3266,29.5368,28.4994,0.0024,0.5316,1.895,0.0,4.7898,1778783995222702990
nyudepth__app1,no_sharing,416.8535,83.7123,78.2528,76.7974,0.0041,0.6882,2.7633,0.0,5.4595,1778783995286482968
nyudepth__app1,no_sharing,417.4169,34.3416,29.5609,28.571,0.0022,0.5017,1.9493,0.0,4.7806,1778783995849022348
nyudepth__app1,no_sharing,417.7367,34.1251,29.4092,28.4052,0.0025,0.5093,1.8446,0.0,4.7159,1778783996168725550
nyudepth__app1,no_sharing,418.0625,33.8912,29.3804,28.3355,0.0024,0.4855,1.694,0.0,4.5108,1778783996494311194
nyudepth__app1,no_sharing,418.1445,33.5696,29.0731,28.0388,0.0022,0.4736,1.76,0.0,4.4965,1778783996576438057
nyudepth__app1,no_sharing,418.8656,34.909,30.35,29.3358,0.0027,0.4984,1.9004,0.0,4.559,1778783997297645098
nyudepth__app1,no_sharing,419.2206,34.436,29.7759,28.6801,0.0024,0.4895,1.8556,0.0,4.6601,1778783997652594763
nyudepth__app1,no_sharing,419.2752,32.985,28.8801,27.9369,0.0017,0.4516,1.534,0.0,4.1048,1778783997706861015
nyudepth__app1,no_sharing,423.0106,34.4076,29.5466,28.4468,0.0021,0.5077,1.9674,0.0,4.8611,1778784001442736662
nyudepth__app1,no_sharing,423.4791,34.1222,29.547,28.4846,0.0023,0.484,1.8189,0.0,4.5752,1778784001911054484
nyudepth__app1,no_sharing,423.7336,34.467,29.6073,28.4858,0.0026,0.5226,1.93,0.0,4.8597,1778784002165676866
nyudepth__app1,no_sharing,425.3642,36.231,29.8751,28.7556,0.0028,0.5278,1.9293,0.0,6.3559,1778784003796259449
nyudepth__app1,no_sharing,426.2972,35.0904,29.6325,28.5846,0.0021,0.4763,2.6662,0.0,5.458,1778784004730046810
nyudepth__app1,no_sharing,427.0708,34.2469,29.5634,28.5391,0.0025,0.4945,1.8449,0.0,4.6835,1778784005502774742
nyudepth__app1,no_sharing,427.1062,33.0706,28.8683,28.0009,0.0019,0.4616,1.5187,0.0,4.2023,1778784005537837381
nyudepth__app1,no_sharing,427.6681,35.2461,29.8475,28.7461,0.0024,0.5935,2.6245,0.0,5.3986,1778784006100911987
nyudepth__app1,no_sharing,428.7614,88.582,82.5414,77.3852,0.0032,4.5003,1.9126,0.0,6.0407,1778784007193439113
nyudepth__app1,no_sharing,429.1054,35.46,29.9872,28.3267,0.0023,1.0528,2.6429,0.0,5.4728,1778784007538163185
nyudepth__app1,no_sharing,429.8344,34.4596,29.7105,28.5966,0.0026,0.5319,1.8647,0.0,4.7491,1778784008266408977
nyudepth__app1,no_sharing,429.9976,51.1024,46.4938,45.3787,0.002,0.5062,1.9212,0.0,4.6086,1778784008429683105
nyudepth__app1,no_sharing,430.0719,33.6728,29.0906,28.0885,0.0025,0.5094,1.7068,0.0,4.5822,1778784008503728604
nyudepth__app1,no_sharing,431.1546,62.6924,57.9257,56.7163,0.0027,0.5605,2.0938,0.0,4.7667,1778784009586882152
nyudepth__app1,no_sharing,431.4277,70.3304,64.2118,59.1266,0.0026,4.5453,1.904,0.0,6.1186,1778784009859761919
nyudepth__app1,no_sharing,431.7852,34.308,29.5565,28.4259,0.0024,0.5354,1.9183,0.0,4.7515,1778784010217275955
nyudepth__app1,no_sharing,431.9649,34.0455,29.3452,28.3534,0.0023,0.4899,1.8759,0.0,4.7003,1778784010396964240
nyudepth__app1,no_sharing,432.3116,34.3943,29.6816,28.5479,0.0022,0.5004,1.8866,0.0,4.7127,1778784010743698193
nyudepth__app1,no_sharing,432.4864,34.1468,29.6114,28.6238,0.0021,0.5081,1.8744,0.0,4.5354,1778784010918427232
nyudepth__app1,no_sharing,432.5143,37.5407,28.7883,27.8969,0.0022,0.4597,6.2075,0.0,8.7523,1778784010950647227
nyudepth__app1,no_sharing,433.5117,35.1038,30.3613,29.2353,0.0024,0.5242,1.8959,0.0,4.7425,1778784011943756942
nyudepth__app1,no_sharing,433.605,34.4391,29.6758,28.3065,0.0035,0.651,1.853,0.0,4.7633,1778784012037012164
nyudepth__app1,no_sharing,433.7978,34.2188,29.4785,28.382,0.0024,0.499,1.9298,0.0,4.7403,1778784012229851960
nyudepth__app1,no_sharing,434.7696,34.5302,29.6323,28.4956,0.0027,0.5104,2.0134,0.0,4.8979,1778784013201736878
nyudepth__app1,no_sharing,435.3174,34.698,29.9149,28.803,0.0028,0.5068,1.9221,0.0,4.7831,1778784013749480848
nyudepth__app1,no_sharing,435.7537,34.3442,29.5752,28.4511,0.0027,0.5209,1.8611,0.0,4.769,1778784014185709579
nyudepth__app1,no_sharing,436.8405,34.3418,29.5698,28.5417,0.0023,0.5299,1.919,0.0,4.772,1778784015272555454
nyudepth__app1,no_sharing,436.929,34.2007,29.5244,28.4369,0.0023,0.5006,1.8611,0.0,4.6762,1778784015361035417
nyudepth__app1,no_sharing,437.2637,34.5721,29.7346,28.6063,0.0027,0.5059,1.9355,0.0,4.8376,1778784015695797077
nyudepth__app1,no_sharing,437.5784,34.5771,29.9185,28.3445,0.002,0.4929,1.8139,0.0,4.6587,1778784016010394380
nyudepth__app1,no_sharing,439.3243,34.4505,29.639,28.5496,0.0023,0.517,1.874,0.0,4.8115,1778784017756370487
nyudepth__app1,no_sharing,440.1876,51.6374,45.9002,44.8167,0.0027,0.5408,2.6681,0.0,5.7372,1778784018620430555
nyudepth__app1,no_sharing,440.2978,33.3109,29.0684,28.1382,0.0019,0.4896,1.6153,0.0,4.2425,1778784018729592300
nyudepth__app1,no_sharing,440.3817,80.2827,75.254,72.4732,0.0025,2.1509,2.3308,0.0,5.0287,1778784018814235215
nyudepth__app1,no_sharing,440.6137,34.6706,29.9468,28.9103,0.0024,0.5063,1.8344,0.0,4.7238,1778784019045746678
nyudepth__app1,no_sharing,440.7226,34.0354,29.3564,28.3434,0.0022,0.5115,1.8611,0.0,4.6791,1778784019154677169
nyudepth__app1,no_sharing,440.957,34.2567,29.4334,28.4096,0.0022,0.5105,1.9419,0.0,4.8233,1778784019389134315
nyudepth__app1,no_sharing,441.0134,33.6745,29.1064,28.0509,0.0023,0.5013,1.7428,0.0,4.5681,1778784019445346797
nyudepth__app1,no_sharing,441.4628,34.4753,29.6586,28.5546,0.0025,0.5071,1.8909,0.0,4.8168,1778784019894820816
nyudepth__app1,no_sharing,441.5735,34.5411,29.7822,28.6763,0.0023,0.5282,1.8713,0.0,4.759,1778784020005489582
nyudepth__app1,no_sharing,441.6962,34.5201,29.8555,28.777,0.0022,0.5167,1.8029,0.0,4.6647,1778784020128188076
nyudepth__app1,no_sharing,443.7018,34.6892,29.8855,28.8156,0.0022,0.4954,1.9312,0.0,4.8036,1778784022133885156
nyudepth__app1,no_sharing,444.5475,34.7788,29.42,28.4706,0.0023,0.4775,2.5997,0.0,5.3588,1778784022980264148
nyudepth__app1,no_sharing,445.6187,35.7831,30.2848,29.2404,0.0025,0.534,1.9035,0.0,5.4983,1778784024050760249
nyudepth__app1,no_sharing,445.6506,35.495,28.8412,27.9068,0.0018,0.4564,4.1635,0.0,6.6539,1778784024084981385
nyudepth__app1,no_sharing,445.8041,72.7534,67.7329,66.6138,0.0026,0.5234,1.9872,0.0,5.0205,1778784024236217894
nyudepth__app1,no_sharing,446.0381,35.0375,29.5327,28.4747,0.0022,0.4838,2.6524,0.0,5.5048,1778784024470954367
nyudepth__app1,no_sharing,446.913,133.0137,126.5005,119.1165,0.0038,6.55,2.6109,0.0,6.5132,1778784025345764499
nyudepth__app1,no_sharing,447.3856,97.2917,90.48,85.3972,0.0026,4.4303,2.6538,0.0,6.8117,1778784025818410432
nyudepth__app1,no_sharing,447.3883,187.1307,88.559,83.5407,0.0037,3.8626,94.5516,0.0,98.5717,1778784025913024655
nyudepth__app1,no_sharing,447.5581,85.6559,65.6785,64.6444,0.0022,0.5426,17.3762,0.0,19.9774,1778784026005587972
nyudepth__app1,no_sharing,448.4013,57.2402,52.4311,51.426,0.0023,0.4946,1.9827,0.0,4.8091,1778784026833461406
nyudepth__app1,no_sharing,451.2391,34.6439,29.7989,28.6972,0.0025,0.5131,1.9381,0.0,4.845,1778784029671235477
nyudepth__app1,no_sharing,451.4503,34.1537,29.6001,28.5404,0.0021,0.4923,1.8203,0.0,4.5536,1778784029882318184
nyudepth__app1,no_sharing,451.764,34.523,29.7364,28.6614,0.0023,0.5027,1.8992,0.0,4.7866,1778784030196082844
nyudepth__app1,no_sharing,452.2304,35.4719,29.7719,28.6601,0.0026,0.5267,2.8083,0.0,5.7001,1778784030663364939
nyudepth__app1,no_sharing,452.5433,34.2863,29.5061,28.4093,0.0023,0.5127,1.8773,0.0,4.7801,1778784030975348607
nyudepth__app1,no_sharing,453.3754,34.5213,29.6683,28.6442,0.0021,0.5177,1.9033,0.0,4.853,1778784031807424899
nyudepth__app1,no_sharing,454.482,86.8509,81.9228,80.6602,0.003,0.695,1.8096,0.0,4.9281,1778784032913980678
nyudepth__app1,no_sharing,454.588,33.8113,29.4105,28.4474,0.0022,0.5001,1.5907,0.0,4.4008,1778784033019755484
nyudepth__app1,no_sharing,454.9847,34.4198,29.6905,28.5666,0.0022,0.5154,1.8661,0.0,4.7293,1778784033416706215
nyudepth__app1,no_sharing,455.0393,33.4435,29.0432,28.0109,0.0024,0.5062,1.6139,0.0,4.4003,1778784033471039498
nyudepth__app1,no_sharing,455.1269,66.1709,61.7826,56.7009,0.0023,4.5148,1.5981,0.0,4.3883,1778784033558645020
nyudepth__app1,no_sharing,455.4437,35.1067,29.6263,28.5253,0.0024,0.5153,2.6369,0.0,5.4803,1778784033876527955
nyudepth__app1,no_sharing,455.6271,34.3018,29.5987,28.6129,0.0021,0.4835,1.909,0.0,4.7031,1778784034059208811
nyudepth__app1,no_sharing,455.6726,33.0784,28.866,27.9712,0.0019,0.4777,1.6198,0.0,4.2124,1778784034104374334
nyudepth__app1,no_sharing,456.0482,34.0831,29.2963,28.3303,0.0022,0.476,1.9634,0.0,4.7868,1778784034480300905
nyudepth__app1,no_sharing,456.7183,34.4727,29.5703,28.4554,0.0024,0.5134,2.0926,0.0,4.9024,1778784035150557632
nyudepth__app1,no_sharing,457.3719,34.0374,29.446,28.3646,0.0023,0.5162,1.7626,0.0,4.5914,1778784035803859149
nyudepth__app1,no_sharing,457.5613,73.6639,68.8925,63.8005,0.0023,3.8892,1.9083,0.0,4.7715,1778784035993354179
nyudepth__app1,no_sharing,457.9475,34.1954,29.5887,28.5297,0.0021,0.5038,1.7643,0.0,4.6067,1778784036379447429
nyudepth__app1,no_sharing,458.0589,33.7849,29.3118,28.2921,0.0021,0.4863,1.7641,0.0,4.4731,1778784036490846713
nyudepth__app1,no_sharing,458.1899,48.8424,44.0592,41.2747,0.0024,2.1977,1.8103,0.0,4.7832,1778784036621919924
nyudepth__app1,no_sharing,458.3841,34.1611,29.4349,28.373,0.0023,0.4868,1.8947,0.0,4.7262,1778784036816204273
nyudepth__app1,no_sharing,459.8086,34.0283,29.4272,28.4624,0.002,0.4923,1.8263,0.0,4.6011,1778784038240556499
nyudepth__app1,no_sharing,460.077,34.1125,29.4343,28.3737,0.002,0.487,1.8721,0.0,4.6782,1778784038509019408
nyudepth__app1,no_sharing,460.5172,33.9673,29.4602,28.4288,0.0022,0.4852,1.7743,0.0,4.5071,1778784038949172450
nyudepth__app1,no_sharing,460.9005,68.8102,63.3073,62.1895,0.0026,0.5171,2.7702,0.0,5.5029,1778784039333448894
nyudepth__app1,no_sharing,461.5897,34.1885,29.5525,28.465,0.0021,0.5022,1.8742,0.0,4.636,1778784040021730657
nyudepth__app1,no_sharing,463.0488,34.1332,29.4649,28.3511,0.0024,0.4943,1.9145,0.0,4.6683,1778784041480902506
nyudepth__app1,no_sharing,463.2613,41.7302,36.752,34.0984,0.0022,2.0999,1.8961,0.0,4.9782,1778784041693331033
nyudepth__app1,no_sharing,463.918,82.3505,77.5767,76.1158,0.0031,0.723,1.8501,0.0,4.7738,1778784042349995521
nyudepth__app1,no_sharing,464.1208,35.4249,29.6863,28.5779,0.0023,0.5045,2.8739,0.0,5.7386,1778784042553818207
nyudepth__app1,no_sharing,465.1541,34.4255,29.7728,28.6729,0.0024,0.519,1.8299,0.0,4.6527,1778784043586099966
nyudepth__app1,no_sharing,465.2287,34.0836,29.4669,28.4249,0.0021,0.526,1.7796,0.0,4.6167,1778784043660658537
nyudepth__app1,no_sharing,465.302,34.163,29.5344,28.5284,0.0021,0.4984,1.8117,0.0,4.6286,1778784043733948461
nyudepth__app1,no_sharing,465.6766,34.1587,29.4576,28.4124,0.0021,0.5102,1.8582,0.0,4.7011,1778784044108671811
nyudepth__app1,no_sharing,465.719,34.1427,29.7063,28.6423,0.0023,0.4919,1.5566,0.0,4.4365,1778784044150671118
nyudepth__app1,no_sharing,465.8804,34.2798,29.5052,28.4295,0.002,0.5046,1.9052,0.0,4.7746,1778784044312426377
nyudepth__app1,no_sharing,466.2716,73.5748,67.6918,66.533,0.0024,0.5435,3.262,0.0,5.883,1778784044705025858
nyudepth__app1,no_sharing,466.4224,47.6053,42.8502,40.0924,0.0025,2.151,1.8852,0.0,4.7551,1778784044854426790
nyudepth__app1,no_sharing,467.7452,54.9622,49.7502,48.7853,0.0019,0.4776,2.6078,0.0,5.212,1778784046177914949
nyudepth__app1,no_sharing,468.1366,112.3502,105.0868,98.102,0.0024,6.3604,3.0406,0.0,7.2635,1778784046569862216
nyudepth__app1,no_sharing,468.4596,45.7988,38.9222,36.2225,0.0025,2.1377,2.6689,0.0,6.8766,1778784046892408773
nyudepth__app1,no_sharing,468.8317,36.1218,31.1823,30.0852,0.0022,0.5201,2.1713,0.0,4.9395,1778784047264071378
nyudepth__app1,no_sharing,469.4665,33.9816,29.3281,28.3612,0.002,0.4892,1.9195,0.0,4.6535,1778784047898548747
nyudepth__app1,no_sharing,469.6467,39.6478,34.9837,29.9248,0.0027,4.3154,1.8322,0.0,4.6641,1778784048078730066
nyudepth__app1,no_sharing,470.353,34.1215,29.4902,28.5125,0.0018,0.484,1.8952,0.0,4.6313,1778784048785028584
nyudepth__app1,no_sharing,471.6275,34.1249,29.3386,28.3964,0.002,0.4616,1.8172,0.0,4.7863,1778784050059464798
nyudepth__app1,no_sharing,472.6473,34.343,29.6422,28.6449,0.0023,0.5113,1.8878,0.0,4.7008,1778784051079403892
nyudepth__app1,no_sharing,473.0093,34.8742,29.5117,28.453,0.002,0.4822,2.5556,0.0,5.3625,1778784051442061225
nyudepth__app1,no_sharing,473.1304,34.128,29.4112,28.4099,0.0024,0.5097,1.929,0.0,4.7168,1778784051562526432
nyudepth__app1,no_sharing,473.2952,74.2955,69.3711,68.4054,0.0022,0.4754,1.8709,0.0,4.9244,1778784051727208745
nyudepth__app1,no_sharing,474.1008,34.4088,29.5985,28.5168,0.0021,0.4985,1.9698,0.0,4.8103,1778784052532908435
nyudepth__app1,no_sharing,474.5618,34.1618,29.4715,28.5067,0.0019,0.4886,1.8334,0.0,4.6903,1778784052993772366
nyudepth__app1,no_sharing,474.7587,34.9207,30.3858,29.2994,0.0018,0.4975,1.8682,0.0,4.5349,1778784053190718582
nyudepth__app1,no_sharing,474.7746,99.9997,78.2348,73.1108,0.002,4.5497,18.9154,0.0,21.7649,1778784053223650028
nyudepth__app1,no_sharing,475.7595,87.5301,81.9819,78.8189,0.017,2.5067,1.7157,0.0,5.5482,1778784054191351118
nyudepth__app1,no_sharing,475.8426,108.1977,98.7138,93.5746,0.0027,3.9673,5.2171,0.0,9.4839,1778784054277965973
nyudepth__app1,no_sharing,476.1412,34.2619,29.7897,28.8235,0.0018,0.4747,1.7753,0.0,4.4723,1778784054573098291
nyudepth__app1,no_sharing,476.2994,34.1709,29.568,28.5889,0.0019,0.5071,1.7931,0.0,4.6029,1778784054731377787
nyudepth__app1,no_sharing,476.5085,75.3078,70.8072,69.7134,0.0026,0.5602,1.8165,0.0,4.5006,1778784054940496698
nyudepth__app1,no_sharing,476.5484,68.2325,29.9347,29.1052,0.0014,0.4399,35.424,0.0,38.2979,1778784055014046711
nyudepth__app1,no_sharing,476.7149,35.6839,30.0732,28.9941,0.0021,0.5002,2.6903,0.0,5.6107,1778784055147802848
nyudepth__app1,no_sharing,477.968,34.7228,29.8097,28.7319,0.0027,0.5535,1.9536,0.0,4.9131,1778784056400111874
nyudepth__app1,no_sharing,478.2711,34.2689,29.568,28.5326,0.0017,0.4757,1.873,0.0,4.7009,1778784056703184497
nyudepth__app1,no_sharing,478.5623,34.5771,29.7098,28.6826,0.002,0.5302,1.977,0.0,4.8673,1778784056994452775
nyudepth__app1,no_sharing,479.0054,34.4253,29.7624,28.6823,0.0019,0.5098,1.842,0.0,4.6629,1778784057437402992
nyudepth__app1,no_sharing,479.2241,34.5862,29.6667,28.6394,0.0023,0.5206,1.9608,0.0,4.9194,1778784057656175897
nyudepth__app1,no_sharing,479.4216,35.0692,30.5587,29.5673,0.0024,0.5121,1.6668,0.0,4.5105,1778784057853477068
nyudepth__app1,no_sharing,479.4325,55.5427,28.8618,27.8481,0.0014,0.4592,24.0858,0.0,26.6809,1778784057886715119
nyudepth__app1,no_sharing,480.2149,34.2753,29.5626,28.5722,0.0019,0.4918,1.8761,0.0,4.7127,1778784058646973437
nyudepth__app1,no_sharing,480.8206,34.4124,29.6001,28.4886,0.0019,0.5189,1.8983,0.0,4.8123,1778784059252637405
nyudepth__app1,no_sharing,481.0735,58.2747,52.1431,47.2293,0.0022,4.3949,1.9109,0.0,6.1316,1778784059505555605
nyudepth__app1,no_sharing,481.5651,58.0182,52.0407,47.0867,0.0021,4.4493,1.8528,0.0,5.9775,1778784059997150826
nyudepth__app1,no_sharing,481.8192,80.26,75.5803,74.4367,0.0022,0.543,2.0199,0.0,4.6797,1778784060251441586
nyudepth__app1,no_sharing,481.8812,50.4065,29.3476,28.4429,0.002,0.4612,18.2035,0.0,21.0588,1778784060329614023
nyudepth__app1,no_sharing,481.9588,33.7362,28.9118,28.0579,0.0015,0.4546,2.3441,0.0,4.8244,1778784060391306217
nyudepth__app1,no_sharing,483.6287,34.766,30.0985,28.4739,0.0018,0.5105,1.8482,0.0,4.6674,1778784062060751351
nyudepth__app1,no_sharing,484.2628,34.3132,29.6245,28.5457,0.0022,0.4854,1.8361,0.0,4.6887,1778784062694774879
nyudepth__app1,no_sharing,484.4864,34.4512,29.6838,28.5795,0.0021,0.5203,1.8551,0.0,4.7675,1778784062918460167
nyudepth__app1,no_sharing,485.1946,34.2593,29.6014,28.5009,0.0021,0.5125,1.869,0.0,4.6579,1778784063626679204
nyudepth__app1,no_sharing,485.5569,102.9248,94.4089,89.3122,0.0025,4.4597,5.8134,0.0,8.5159,1778784063992968272
nyudepth__app1,no_sharing,486.3285,34.3311,29.5976,28.6019,0.0021,0.509,1.8749,0.0,4.7334,1778784064760591211
nyudepth__app1,no_sharing,486.8786,34.6045,29.6786,28.5793,0.0023,0.4957,1.9486,0.0,4.926,1778784065310688027
nyudepth__app1,no_sharing,487.5827,76.2186,70.9194,69.9171,0.0026,0.5023,2.6457,0.0,5.2992,1778784066015495135
nyudepth__app1,no_sharing,487.5854,105.8521,29.713,28.8439,0.0021,0.468,73.4825,0.0,76.1392,1778784066089019472
nyudepth__app1,no_sharing,489.7379,35.6524,31.0012,29.8718,0.002,0.5381,1.8888,0.0,4.6512,1778784068169994854
nyudepth__app1,no_sharing,489.7619,43.5688,29.2449,28.2596,0.0019,0.5264,11.6358,0.0,14.324,1778784068203689130
nyudepth__app1,no_sharing,490.0122,34.1287,29.4421,28.4772,0.0022,0.4858,1.8802,0.0,4.6866,1778784068444231840
nyudepth__app1,no_sharing,490.0775,34.1227,29.5446,28.4712,0.002,0.502,1.7674,0.0,4.5781,1778784068509417852
nyudepth__app1,no_sharing,490.1858,33.9801,29.3993,28.4433,0.0017,0.4844,1.8368,0.0,4.5808,1778784068617840573
nyudepth__app1,no_sharing,490.4485,34.9507,29.583,28.5913,0.0021,0.5091,2.5215,0.0,5.3677,1778784068881187334
nyudepth__app1,no_sharing,490.6688,34.8182,30.1363,29.1091,0.0022,0.5168,1.8673,0.0,4.6818,1778784069100807995
nyudepth__app1,no_sharing,492.1138,34.2848,29.6211,28.6155,0.0025,0.4955,1.895,0.0,4.6637,1778784070545905435
nyudepth__app1,no_sharing,492.3586,33.9561,29.4049,28.4382,0.002,0.4895,1.8258,0.0,4.5511,1778784070790643825
nyudepth__app1,no_sharing,493.8623,38.5926,34.0128,32.8924,0.0023,0.5321,1.8499,0.0,4.5797,1778784072294291433
nyudepth__app1,no_sharing,494.2984,34.4939,29.7048,28.5963,0.0019,0.5189,1.9219,0.0,4.7892,1778784072730516493
nyudepth__app1,no_sharing,494.5473,52.0494,47.1969,44.4096,0.0022,1.6446,1.9114,0.0,4.8525,1778784072979364070
nyudepth__app1,no_sharing,495.0041,33.545,29.2357,28.2986,0.0019,0.4751,1.6019,0.0,4.3093,1778784073435820197
nyudepth__app1,no_sharing,495.4363,42.9335,37.9023,36.7636,0.0021,0.4917,1.9379,0.0,5.0312,1778784073868441223
nyudepth__app1,no_sharing,495.5855,34.7531,29.2858,28.3668,0.0017,0.4593,2.6505,0.0,5.4673,1778784074018332287
nyudepth__app1,no_sharing,495.7315,34.9927,29.6954,28.6322,0.002,0.508,1.7824,0.0,5.2973,1778784074163466763
nyudepth__app1,no_sharing,496.8792,34.658,29.7369,28.6155,0.0024,0.5294,1.9658,0.0,4.9211,1778784075311364007
nyudepth__app1,no_sharing,496.918,33.1786,28.9707,27.9779,0.0016,0.4775,1.6229,0.0,4.2079,1778784075349825042
nyudepth__app1,no_sharing,497.2798,34.3983,29.5927,28.493,0.0022,0.4978,1.9002,0.0,4.8056,1778784075711819411
nyudepth__app1,no_sharing,498.8065,34.4477,29.5762,28.4785,0.0019,0.5067,1.9884,0.0,4.8715,1778784077238658028
nyudepth__app1,no_sharing,498.997,35.2657,30.5219,29.4413,0.0019,0.4943,1.894,0.0,4.7438,1778784077429115689
nyudepth__app1,no_sharing,499.8382,34.3308,29.5781,28.5095,0.0019,0.4965,1.9457,0.0,4.7527,1778784078270343704
nyudepth__app1,no_sharing,500.0238,34.117,29.3983,28.4238,0.0023,0.4983,1.8373,0.0,4.7187,1778784078455851638
nyudepth__app1,no_sharing,501.587,35.2993,29.6648,28.589,0.0025,0.4898,2.8374,0.0,5.6345,1778784080019975346
nyudepth__app1,no_sharing,501.6614,34.3974,29.2747,28.3623,0.0021,0.4691,1.6174,0.0,5.1227,1778784080093215016
nyudepth__app1,no_sharing,501.9275,34.0631,29.4929,28.4695,0.002,0.4777,1.8499,0.0,4.5702,1778784080359535319
nyudepth__app1,no_sharing,502.2859,34.2829,29.592,28.606,0.0018,0.482,1.8809,0.0,4.6909,1778784080717988477
nyudepth__app1,no_sharing,502.9711,34.4403,29.7337,28.6431,0.0021,0.5163,1.9093,0.0,4.7065,1778784081403133882
nyudepth__app1,no_sharing,503.3987,55.208,50.6495,47.864,0.0022,2.1806,1.8294,0.0,4.5584,1778784081830661031
nyudepth__app1,no_sharing,504.1658,34.111,29.6078,28.5223,0.002,0.5014,1.7834,0.0,4.5032,1778784082597759722
nyudepth__app1,no_sharing,504.2431,33.7164,29.301,28.2805,0.0023,0.4889,1.7023,0.0,4.4154,1778784082674947704
nyudepth__app1,no_sharing,505.0401,34.6081,30.0792,28.4735,0.0019,0.5029,1.7507,0.0,4.5289,1778784083471988456
nyudepth__app1,no_sharing,506.2695,89.5252,84.6888,81.8862,0.0026,2.2033,2.0304,0.0,4.8364,1778784084701706858
nyudepth__app1,no_sharing,506.9872,49.962,44.5555,43.5142,0.0023,0.4691,2.6817,0.0,5.4066,1778784085420054193
nyudepth__app1,no_sharing,507.1804,34.4858,29.688,28.6759,0.0022,0.5186,1.9639,0.0,4.7978,1778784085612581790
nyudepth__app1,no_sharing,507.2931,33.8676,29.3665,28.413,0.0018,0.4718,1.7793,0.0,4.5011,1778784085725087699
nyudepth__app1,no_sharing,507.4518,33.4864,29.3172,28.3393,0.0017,0.462,1.5562,0.0,4.1691,1778784085883533144
nyudepth__app1,no_sharing,507.5165,33.6969,29.3196,28.4115,0.0018,0.457,1.7095,0.0,4.3773,1778784085948331414
nyudepth__app1,no_sharing,508.0631,34.4472,29.6939,28.6261,0.0023,0.4907,1.8919,0.0,4.7533,1778784086495191815
nyudepth__app1,no_sharing,508.4625,49.0534,44.1054,43.049,0.0028,0.5309,1.8692,0.0,4.948,1778784086894499820
nyudepth__app1,no_sharing,508.8617,34.014,29.5034,28.524,0.0019,0.5037,1.7555,0.0,4.5106,1778784087293614024
nyudepth__app1,no_sharing,509.3453,34.7805,30.3182,29.3933,0.0019,0.4613,1.8344,0.0,4.4623,1778784087777273952
nyudepth__app1,no_sharing,510.4912,34.7447,29.6943,28.6228,0.0019,0.5027,1.7936,0.0,5.0504,1778784088923120537
nyudepth__app1,no_sharing,510.525,33.2615,29.1628,28.257,0.0016,0.4731,1.4086,0.0,4.0988,1778784088956582830
nyudepth__app1,no_sharing,510.7806,91.1198,84.938,82.0886,0.0024,2.18,2.0866,0.0,6.1818,1778784089212827228
nyudepth__app1,no_sharing,510.9051,35.0635,29.8263,28.7401,0.0023,0.496,2.4304,0.0,5.2372,1778784089337673615
nyudepth__app1,no_sharing,511.5252,34.8852,30.0746,28.9655,0.0023,0.5054,1.9817,0.0,4.8105,1778784089957371525
nyudepth__app1,no_sharing,512.5874,35.0366,29.7204,28.6488,0.002,0.5045,2.538,0.0,5.3162,1778784091020094252
nyudepth__app1,no_sharing,512.7566,55.8395,51.2298,48.4533,0.0021,2.2574,1.8251,0.0,4.6097,1778784091188642712
nyudepth__app1,no_sharing,513.0701,35.5322,30.3081,29.2632,0.0019,0.4811,2.4283,0.0,5.2242,1778784091502732175
nyudepth__app1,no_sharing,513.0939,43.504,29.1516,28.1469,0.0022,0.4891,11.6751,0.0,14.3524,1778784091535698992
nyudepth__app1,no_sharing,513.4118,34.7555,30.042,28.5257,0.0021,0.4861,1.8821,0.0,4.7134,1778784091843843503
nyudepth__app1,no_sharing,513.5972,34.2162,29.6082,28.6282,0.002,0.4934,1.8244,0.0,4.608,1778784092029143092
nyudepth__app1,no_sharing,514.0826,34.3883,29.6459,28.5683,0.002,0.5371,1.853,0.0,4.7424,1778784092514663833
nyudepth__app1,no_sharing,514.4161,34.6053,29.7997,28.7108,0.002,0.5149,1.9097,0.0,4.8056,1778784092848195620
nyudepth__app1,no_sharing,515.2229,99.9937,94.485,93.3469,0.0026,0.5661,2.8324,0.0,5.5087,1778784093655845481
nyudepth__app1,no_sharing,515.5009,61.0454,55.5292,54.4708,0.0019,0.4793,2.8083,0.0,5.5162,1778784093933887325
nyudepth__app1,no_sharing,515.8184,34.3006,29.7603,28.6556,0.0019,0.5048,1.8268,0.0,4.5403,1778784094250435026
nyudepth__app1,no_sharing,516.7534,35.3677,30.5469,29.4723,0.002,0.5056,1.9062,0.0,4.8208,1778784095185501360
nyudepth__app1,no_sharing,517.0433,33.7067,29.3315,28.3629,0.0018,0.4425,1.7655,0.0,4.3752,1778784095475240632
nyudepth__app1,no_sharing,517.5371,78.1918,73.3376,72.0187,0.0026,0.6446,1.9829,0.0,4.8541,1778784095969306099
nyudepth__app1,no_sharing,517.6636,36.8283,32.1248,31.0363,0.002,0.4975,1.8973,0.0,4.7035,1778784096095630702
nyudepth__app1,no_sharing,518.3756,36.6986,31.8333,30.7696,0.0024,0.506,1.9345,0.0,4.8652,1778784096807768818
nyudepth__app1,no_sharing,518.8909,44.0888,39.4141,37.5417,0.0028,1.1283,1.7982,0.0,4.6747,1778784097322809365
nyudepth__app1,no_sharing,519.4279,35.4834,30.5555,29.4859,0.0022,0.5396,1.956,0.0,4.9279,1778784097860048816
nyudepth__app1,no_sharing,519.9935,34.8811,30.2909,29.2719,0.0024,0.4979,1.7509,0.0,4.5903,1778784098425393204
nyudepth__app1,no_sharing,520.4635,35.538,30.8169,29.689,0.0022,0.5292,1.77,0.0,4.721,1778784098895394829
nyudepth__app1,no_sharing,520.5042,35.0177,30.5179,29.5541,0.0019,0.4916,1.761,0.0,4.4998,1778784098936114885
nyudepth__app1,no_sharing,520.6875,34.6377,29.7592,28.7121,0.002,0.4988,2.0092,0.0,4.8785,1778784099119738173
nyudepth__app1,no_sharing,521.7353,34.6444,29.64,28.5273,0.0021,0.5243,1.9081,0.0,5.0043,1778784100167375821
nyudepth__app1,no_sharing,522.6112,34.3344,29.6817,28.6882,0.0019,0.5069,1.802,0.0,4.6527,1778784101043192929
nyudepth__app1,no_sharing,523.4712,85.48,80.6276,77.8464,0.0032,1.4588,1.9324,0.0,4.8524,1778784101903322226
nyudepth__app1,no_sharing,524.9383,34.2152,29.4806,28.4692,0.0022,0.5124,1.9119,0.0,4.7347,1778784103370342184
nyudepth__app1,no_sharing,525.3572,73.7357,68.9608,67.8118,0.0023,0.5339,2.1114,0.0,4.7749,1778784103789449358
nyudepth__app1,no_sharing,525.7463,34.7564,29.8608,28.8447,0.0022,0.5211,1.9431,0.0,4.8956,1778784104178432504
nyudepth__app1,no_sharing,526.0928,34.6277,29.4167,28.4413,0.0019,0.5003,1.8301,0.0,5.211,1778784104524805940
nyudepth__app1,no_sharing,526.1268,32.3815,28.6312,27.7796,0.0015,0.4509,1.3354,0.0,3.7503,1778784104558352505
nyudepth__app1,no_sharing,526.4941,50.2257,45.441,44.4282,0.0017,0.4553,1.848,0.0,4.7848,1778784104926152392
nyudepth__app1,no_sharing,527.1582,34.363,29.6025,28.5539,0.0021,0.4852,1.925,0.0,4.7605,1778784105590334376
nyudepth__app1,no_sharing,527.3229,34.3704,29.6922,28.6476,0.0026,0.4898,1.9093,0.0,4.6783,1778784105754945237
nyudepth__app1,no_sharing,528.4414,34.3368,29.4726,28.4694,0.0021,0.5099,1.9581,0.0,4.8642,1778784106873509064
nyudepth__app1,no_sharing,528.9435,34.3602,29.5901,28.5052,0.0022,0.5059,1.9133,0.0,4.7701,1778784107375628039
nyudepth__app1,no_sharing,529.5429,34.1597,29.3978,28.3824,0.0021,0.456,1.9326,0.0,4.7618,1778784107974992480
nyudepth__app1,no_sharing,530.0134,34.5089,29.5655,28.4704,0.002,0.5026,2.0115,0.0,4.9434,1778784108445612586
nyudepth__app1,no_sharing,530.8661,34.4353,29.5957,28.528,0.0021,0.4976,1.9341,0.0,4.8396,1778784109298165423
nyudepth__app1,no_sharing,531.1746,54.2576,49.6101,48.4367,0.0022,0.5321,1.9488,0.0,4.6475,1778784109606763645
nyudepth__app1,no_sharing,531.5657,34.3091,29.6328,28.5646,0.0024,0.4807,1.8806,0.0,4.6763,1778784109997733332
nyudepth__app1,no_sharing,531.7023,51.4562,47.059,46.0697,0.002,0.5209,1.7376,0.0,4.3972,1778784110134168276
nyudepth__app1,no_sharing,532.0647,34.6668,29.8709,28.855,0.002,0.515,1.9345,0.0,4.7959,1778784110496841148
nyudepth__app1,no_sharing,532.2007,34.6882,29.9074,28.7771,0.0023,0.5137,1.8542,0.0,4.7808,1778784110632695065
nyudepth__app1,no_sharing,533.1036,34.2486,29.5804,28.5109,0.0021,0.4978,1.864,0.0,4.6682,1778784111535664119
nyudepth__app1,no_sharing,533.5293,86.7531,82.2249,80.6079,0.0022,0.5186,1.8196,0.0,4.5282,1778784111961261560
nyudepth__app1,no_sharing,533.9486,34.5151,29.6718,28.658,0.0019,0.5052,1.9515,0.0,4.8433,1778784112380765279
nyudepth__app1,no_sharing,534.7501,35.0902,30.3024,29.3323,0.0018,0.4741,1.9677,0.0,4.7878,1778784113182233607
nyudepth__app1,no_sharing,534.8739,35.6781,31.2629,30.3125,0.0024,0.4848,1.6999,0.0,4.4152,1778784113305729152
nyudepth__app1,no_sharing,535.0035,83.4,78.4204,77.2248,0.0024,0.5979,1.7579,0.0,4.9796,1778784113435435816
nyudepth__app1,no_sharing,536.5454,34.3323,29.6409,28.5658,0.0024,0.5012,1.9231,0.0,4.6913,1778784114977491742
nyudepth__app1,no_sharing,537.0053,34.3091,29.6347,28.5929,0.002,0.4855,1.8902,0.0,4.6744,1778784115437381817
nyudepth__app1,no_sharing,537.4292,35.0018,30.3679,29.3812,0.002,0.4875,1.8959,0.0,4.6339,1778784115861244428
nyudepth__app1,no_sharing,537.4371,58.7187,29.2006,28.2086,0.0018,0.4662,26.9427,0.0,29.5181,1778784115894222528
nyudepth__app1,no_sharing,537.6855,51.5029,45.8745,43.1547,0.0019,2.2241,1.652,0.0,5.6284,1778784116117320105
nyudepth__app1,no_sharing,538.84,34.5526,29.7257,28.6618,0.0019,0.4939,1.9116,0.0,4.8269,1778784117272040102
nyudepth__app1,no_sharing,539.6762,34.5981,29.9832,28.946,0.002,0.4903,1.8802,0.0,4.6149,1778784118108275577
nyudepth__app1,no_sharing,539.9312,34.2464,29.5266,28.5554,0.0023,0.4897,1.8361,0.0,4.7198,1778784118363201589
nyudepth__app1,no_sharing,540.4589,38.3394,33.6685,32.5144,0.002,0.4959,1.8399,0.0,4.6708,1778784118890937595
nyudepth__app1,no_sharing,540.6927,61.4572,57.0882,56.1402,0.0023,0.4695,1.7021,0.0,4.369,1778784119124612680
nyudepth__app1,no_sharing,540.9946,34.0765,29.3726,28.3984,0.0015,0.4902,1.9236,0.0,4.7039,1778784119426693015
nyudepth__app1,no_sharing,541.211,34.0416,29.2678,28.2749,0.0027,0.4892,1.9035,0.0,4.7738,1778784119643092583
nyudepth__app1,no_sharing,541.3343,37.8766,33.527,30.7569,0.0019,2.2419,1.6854,0.0,4.3496,1778784119766132602
nyudepth__app1,no_sharing,541.7291,34.1563,29.4912,28.4441,0.0019,0.4773,1.8466,0.0,4.6651,1778784120161093349
nyudepth__app1,no_sharing,542.0658,34.3482,29.8135,28.7188,0.0026,0.491,1.7257,0.0,4.5347,1778784120497680691
nyudepth__app1,no_sharing,543.6039,34.7745,29.9999,28.4672,0.0018,0.4846,1.9639,0.0,4.7746,1778784122036016334
nyudepth__app1,no_sharing,543.6618,55.9216,51.4009,48.6048,0.0023,2.207,1.5814,0.0,4.5206,1778784122093577236
nyudepth__app1,no_sharing,543.961,88.9823,83.812,82.7726,0.0026,0.515,2.0192,0.0,5.1703,1778784122393260574
nyudepth__app1,no_sharing,544.682,34.1992,29.7358,28.7165,0.0021,0.4659,1.6963,0.0,4.4635,1778784123113907358
nyudepth__app1,no_sharing,545.0457,66.4477,60.8167,55.6615,0.0021,4.5336,1.7841,0.0,5.6311,1778784123477652406
nyudepth__app1,no_sharing,546.3729,34.1344,29.421,28.3874,0.002,0.4596,1.9073,0.0,4.7134,1778784124804938782
nyudepth__app1,no_sharing,546.6158,33.8404,29.3759,28.4196,0.0021,0.4841,1.7648,0.0,4.4645,1778784125047752491
nyudepth__app1,no_sharing,546.6975,37.4558,33.2996,32.3448,0.0017,0.4535,1.5879,0.0,4.1562,1778784125129241036
nyudepth__app1,no_sharing,547.7747,69.9503,65.2005,60.1461,0.0027,4.4897,1.6711,0.0,4.7498,1778784126206572673
nyudepth__app1,no_sharing,547.809,88.2914,50.0391,49.0452,0.0022,0.4735,35.3053,0.0,38.2523,1778784126274509138
nyudepth__app1,no_sharing,548.0884,35.2836,29.7383,28.6547,0.002,0.511,2.6143,0.0,5.5452,1778784126521178968
nyudepth__app1,no_sharing,548.297,34.4229,29.6569,28.5816,0.002,0.5074,1.8682,0.0,4.766,1778784126729055836
nyudepth__app1,no_sharing,548.7577,33.9651,29.5049,28.4554,0.0018,0.484,1.7462,0.0,4.4602,1778784127189598254
nyudepth__app1,no_sharing,549.4071,77.4243,71.8443,70.7822,0.0026,0.5453,2.9314,0.0,5.5799,1778784127840219972
nyudepth__app1,no_sharing,549.7279,34.2975,29.5743,28.5335,0.0022,0.4795,1.9174,0.0,4.7232,1778784128160017454
nyudepth__app1,no_sharing,550.6697,35.26,30.3098,29.2946,0.002,0.5121,1.8384,0.0,4.9502,1778784129101681542
nyudepth__app1,no_sharing,550.6936,42.5286,28.8186,27.9554,0.0016,0.4563,11.2185,0.0,13.7101,1778784129135020366
nyudepth__app1,no_sharing,550.8895,34.5287,29.7045,28.6732,0.0022,0.5213,1.9257,0.0,4.8242,1778784129321572836
nyudepth__app1,no_sharing,551.3254,34.4574,29.6777,28.5728,0.0026,0.5137,1.9166,0.0,4.7798,1778784129757513960
nyudepth__app1,no_sharing,551.5643,34.0772,29.3585,28.3826,0.0021,0.4829,1.8907,0.0,4.7187,1778784129996315756
nyudepth__app1,no_sharing,551.6415,34.0662,29.5638,27.9948,0.0019,0.5096,1.6239,0.0,4.5024,1778784130073286892
nyudepth__app1,no_sharing,551.7558,34.6406,29.6046,28.4873,0.0023,0.5259,1.9057,0.0,5.0359,1778784130187875418
nyudepth__app1,no_sharing,552.0088,34.5881,29.8009,28.7064,0.0026,0.5043,1.8747,0.0,4.7872,1778784130440842394
nyudepth__app1,no_sharing,552.2197,34.2913,29.5218,28.4059,0.0028,0.5288,1.8604,0.0,4.7694,1778784130651770425
nyudepth__app1,no_sharing,552.8734,34.3685,29.6327,28.5529,0.0026,0.5064,1.8649,0.0,4.7358,1778784131305449743
nyudepth__app1,no_sharing,553.4658,34.3852,29.5735,28.5042,0.0027,0.4904,1.9441,0.0,4.8117,1778784131897906801
nyudepth__app1,no_sharing,554.0261,90.3406,85.2062,83.596,0.0026,0.912,2.0013,0.0,5.1344,1778784132458228282
nyudepth__app1,no_sharing,554.5121,33.9956,29.3794,28.4351,0.002,0.4682,1.838,0.0,4.6163,1778784132944064925
nyudepth__app1,no_sharing,555.2109,34.107,29.5271,28.4704,0.0022,0.4805,1.8525,0.0,4.5798,1778784133642923315
nyudepth__app1,no_sharing,556.6895,34.3475,29.6235,28.5435,0.0021,0.5078,1.8623,0.0,4.724,1778784135121558632
nyudepth__app1,no_sharing,556.8642,34.1263,29.341,28.3904,0.0019,0.4802,1.9963,0.0,4.7853,1778784135296329276
nyudepth__app1,no_sharing,557.9413,35.0618,30.3169,29.2532,0.0018,0.4949,1.9979,0.0,4.7449,1778784136373508841
nyudepth__app1,no_sharing,557.9493,58.2318,28.7458,27.8476,0.0017,0.4779,26.9322,0.0,29.486,1778784136406408778
nyudepth__app1,no_sharing,559.4687,34.1854,29.5083,28.4891,0.002,0.5077,1.8513,0.0,4.6771,1778784137900696711
nyudepth__app1,no_sharing,559.522,33.102,29.0467,28.0792,0.0019,0.4623,1.4825,0.0,4.0553,1778784137953656623
nyudepth__app1,no_sharing,559.5803,32.7044,28.7171,27.7203,0.0018,0.4592,1.322,0.0,3.9873,1778784138011764444
nyudepth__app1,no_sharing,559.8654,34.3955,29.6402,28.5663,0.0023,0.5024,1.9302,0.0,4.7553,1778784138297497288
nyudepth__app1,no_sharing,559.949,35.6736,30.9735,29.9578,0.0021,0.517,1.8592,0.0,4.7001,1778784138381020718
nyudepth__app1,no_sharing,559.9549,82.4664,49.9281,47.0412,0.0029,1.0385,29.6528,0.0,32.5382,1778784138414761946
nyudepth__app1,no_sharing,559.955,84.2156,49.9281,47.0412,0.0029,1.0385,29.5508,0.0,34.2875,1778784138414761946
nyudepth__app1,no_sharing,560.1228,34.3394,29.5755,28.4901,0.0022,0.4908,1.8883,0.0,4.7639,1778784138554887449
nyudepth__app1,no_sharing,560.9972,34.7698,29.9874,28.4003,0.0018,0.5084,1.9467,0.0,4.7824,1778784139429293652
nyudepth__app1,no_sharing,561.0599,54.3184,50.0306,48.923,0.0022,0.4932,1.6196,0.0,4.2878,1778784139491676079
nyudepth__app1,no_sharing,561.5196,34.2286,29.6417,28.5732,0.0023,0.5128,1.7684,0.0,4.5868,1778784139951498502
nyudepth__app1,no_sharing,562.3823,62.7999,58.1008,57.0949,0.0023,0.4816,2.0075,0.0,4.6991,1778784140814473515
nyudepth__app1,no_sharing,562.4913,34.009,29.4487,28.408,0.0024,0.4846,1.6961,0.0,4.5603,1778784140923123487
nyudepth__app1,no_sharing,562.6616,82.8259,76.9467,69.5111,0.0026,6.8104,1.8365,0.0,5.8792,1778784141093554774
nyudepth__app1,no_sharing,565.1936,33.7412,29.3524,28.309,0.0019,0.4959,1.6899,0.0,4.3888,1778784143625467761
nyudepth__app1,no_sharing,565.7969,90.9834,85.2068,80.1115,0.0023,4.4603,2.9757,0.0,5.7766,1778784144230030231
nyudepth__app1,no_sharing,566.1575,34.6339,29.3031,28.3427,0.0019,0.47,2.563,0.0,5.3307,1778784144590210354
nyudepth__app1,no_sharing,567.089,34.3287,29.5844,28.6006,0.002,0.4967,1.9467,0.0,4.7443,1778784145521130901
nyudepth__app1,no_sharing,567.1435,33.3016,29.0048,28.0215,0.0018,0.4591,1.6434,0.0,4.2968,1778784145575311735
nyudepth__app1,no_sharing,567.9177,34.1001,29.338,28.3621,0.0019,0.4899,1.8854,0.0,4.762,1778784146349794598
nyudepth__app1,no_sharing,568.6004,33.9499,29.2756,28.3362,0.0019,0.4575,1.9078,0.0,4.6742,1778784147032524686
nyudepth__app1,no_sharing,568.8267,54.2676,49.5324,46.7319,0.0024,2.2091,1.8139,0.0,4.7353,1778784147258727968
nyudepth__app1,no_sharing,569.009,34.1806,29.5041,28.4603,0.0017,0.4795,1.8611,0.0,4.6766,1778784147441035056
nyudepth__app1,no_sharing,569.4205,33.9346,29.2998,28.2754,0.0017,0.4847,1.8368,0.0,4.6348,1778784147852553010
nyudepth__app1,no_sharing,570.1466,34.1294,29.4392,28.4509,0.0017,0.4947,1.8885,0.0,4.6902,1778784148578692247
nyudepth__app1,no_sharing,570.9497,33.9296,29.3202,28.3473,0.0015,0.4788,1.8547,0.0,4.6094,1778784149381736069
nyudepth__app1,no_sharing,572.08,34.5399,29.7381,28.6432,0.002,0.4994,1.9166,0.0,4.8018,1778784150512059948
nyudepth__app1,no_sharing,572.1797,33.7193,29.3229,28.3843,0.0019,0.4791,1.6816,0.0,4.3964,1778784150611559296
nyudepth__app1,no_sharing,572.3187,34.8642,30.2234,29.2334,0.0023,0.4956,1.8406,0.0,4.6408,1778784150750713250
nyudepth__app1,no_sharing,572.9944,33.7834,29.3803,28.4656,0.002,0.4472,1.7343,0.0,4.4032,1778784151426332317
nyudepth__app1,no_sharing,573.0964,41.7128,36.0876,28.8876,0.0019,6.6622,1.5521,0.0,5.6251,1778784151528107247
nyudepth__app1,no_sharing,573.1002,153.8358,113.2509,112.0526,0.0028,0.6096,37.8113,0.0,40.5848,1778784151568130874
nyudepth__app1,no_sharing,573.2204,97.4452,60.5418,59.6062,0.0019,0.4788,33.7362,0.0,36.9035,1778784151684281546
nyudepth__app1,no_sharing,573.4,34.0991,29.1225,28.2499,0.0015,0.4514,2.3658,0.0,4.9766,1778784151832542166
nyudepth__app1,no_sharing,573.5824,34.4419,29.6173,28.5961,0.0029,0.5274,1.9269,0.0,4.8246,1778784152014493498
nyudepth__app1,no_sharing,574.1455,34.4884,29.6933,28.5876,0.0018,0.5131,1.8952,0.0,4.7952,1778784152577601368
nyudepth__app1,no_sharing,574.6522,34.3554,29.6144,28.65,0.0017,0.4901,2.0177,0.0,4.741,1778784153084410876
nyudepth__app1,no_sharing,574.949,34.6379,29.8116,28.72,0.0019,0.5116,1.941,0.0,4.8263,1778784153381125294
nyudepth__app1,no_sharing,575.5994,34.6081,29.8688,28.8117,0.002,0.4814,1.8857,0.0,4.7393,1778784154031492694
nyudepth__app1,no_sharing,575.9343,105.6173,99.6983,92.2747,0.0028,6.7549,1.7433,0.0,5.919,1778784154366226290
nyudepth__app1,no_sharing,576.4581,35.2414,29.7792,28.6669,0.002,0.5153,2.5966,0.0,5.4622,1778784154890908731
nyudepth__app1,no_sharing,578.0315,34.368,29.6148,28.6519,0.002,0.4879,1.9412,0.0,4.7532,1778784156463590769
nyudepth__app1,no_sharing,578.7385,51.5759,46.8937,44.122,0.002,2.1859,1.8718,0.0,4.6822,1778784157170535859
nyudepth__app1,no_sharing,578.8948,34.2934,29.6017,28.5198,0.002,0.4968,1.8878,0.0,4.6917,1778784157326840175
nyudepth__app1,no_sharing,578.9809,34.2269,29.7439,28.756,0.0023,0.4995,1.7152,0.0,4.483,1778784157412791149
nyudepth__app1,no_sharing,580.4034,33.8583,29.5533,28.5353,0.002,0.4483,1.6587,0.0,4.305,1778784158835250276
nyudepth__app1,no_sharing,580.9433,34.1852,29.4641,28.409,0.0019,0.4841,1.8742,0.0,4.7211,1778784159375295806
nyudepth__app1,no_sharing,581.8358,34.9216,30.178,28.5418,0.0025,1.0594,1.8694,0.0,4.7436,1778784160267855447
nyudepth__app1,no_sharing,582.2711,34.1697,29.4247,28.457,0.0021,0.4804,1.8721,0.0,4.7449,1778784160703115715
nyudepth__app1,no_sharing,582.7064,65.5403,60.8043,59.7533,0.0024,0.5168,2.1038,0.0,4.736,1778784161138737088
nyudepth__app1,no_sharing,586.3093,77.3501,72.1228,70.8905,0.0022,0.6157,2.5351,0.0,5.2274,1778784164742022286
nyudepth__app1,no_sharing,587.5515,36.6828,31.8223,29.5819,0.0038,0.9962,1.951,0.0,4.8605,1778784165983571058
nyudepth__app1,no_sharing,587.5835,37.8878,30.4918,29.3494,0.0023,0.51,4.478,0.0,7.396,1778784166018153501
nyudepth__app1,no_sharing,587.6786,35.2399,30.5091,29.3879,0.002,0.5339,1.8513,0.0,4.7308,1778784166110610092
nyudepth__app1,no_sharing,587.9025,38.7909,33.8784,32.7829,0.0021,0.5411,1.9467,0.0,4.9125,1778784166334596073
nyudepth__app1,no_sharing,588.1146,93.8807,88.1295,86.9386,0.0023,0.6036,2.7528,0.0,5.7511,1778784166547520022
nyudepth__app1,no_sharing,588.2126,36.545,30.7477,29.7064,0.0021,0.551,2.2869,0.0,5.7973,1778784166645093029
nyudepth__app1,no_sharing,588.767,34.4574,29.494,28.5143,0.0019,0.4942,1.9414,0.0,4.9634,1778784167199160766
nyudepth__app1,no_sharing,589.0446,49.2983,44.7193,39.6492,0.0023,4.4887,1.7586,0.0,4.579,1778784167476471762
nyudepth__app1,no_sharing,590.1295,58.9504,54.4351,53.2944,0.0025,0.59,1.8516,0.0,4.5154,1778784168561512635
nyudepth__app1,no_sharing,590.3477,34.4236,29.5877,28.4968,0.0021,0.4964,1.9295,0.0,4.8359,1778784168779846023
nyudepth__app1,no_sharing,590.7215,34.4181,29.631,28.5502,0.0021,0.5072,1.9534,0.0,4.7871,1778784169153615220
nyudepth__app1,no_sharing,590.9951,34.292,29.5669,28.5132,0.0022,0.4894,1.9066,0.0,4.7251,1778784169427176177
nyudepth__app1,no_sharing,591.5262,35.0626,29.7552,28.7346,0.0019,0.4724,2.5725,0.0,5.3074,1778784169958908867
nyudepth__app1,no_sharing,591.6703,34.1601,29.3948,28.3995,0.0022,0.4997,1.8811,0.0,4.7653,1778784170102358280
nyudepth__app1,no_sharing,592.5551,34.2927,29.4969,28.4396,0.002,0.4886,1.9319,0.0,4.7958,1778784170987158936
nyudepth__app1,no_sharing,594.2656,34.9138,29.5146,28.4104,0.0021,0.509,1.8864,0.0,5.3992,1778784172697627908
nyudepth__app1,no_sharing,594.2996,34.754,30.2836,28.8374,0.0018,0.4684,1.6892,0.0,4.4704,1778784172731430422
nyudepth__app1,no_sharing,594.3016,63.8199,28.7933,27.9417,0.0019,0.4629,32.4993,0.0,35.0266,1778784172764303076
nyudepth__app1,no_sharing,594.5678,34.622,29.6983,28.6097,0.002,0.4937,1.9965,0.0,4.9236,1778784172999981615
nyudepth__app1,no_sharing,594.9547,34.2767,29.57,28.5637,0.0021,0.5214,1.7607,0.0,4.7067,1778784173386588728
nyudepth__app1,no_sharing,595.6027,34.6062,29.7634,28.7357,0.0023,0.4991,1.9178,0.0,4.8428,1778784174034824353
nyudepth__app1,no_sharing,595.8698,88.2051,83.178,78.0093,0.0024,4.5577,1.9495,0.0,5.0271,1778784174301891257
nyudepth__app1,no_sharing,596.1806,34.2069,29.4693,28.3868,0.0024,0.5027,1.8489,0.0,4.7375,1778784174612619476
nyudepth__app1,no_sharing,596.6454,34.5426,29.7043,28.6284,0.0024,0.5098,1.9403,0.0,4.8383,1778784175077457963
nyudepth__app1,no_sharing,596.8976,34.6301,29.7987,28.6657,0.0028,0.5109,1.931,0.0,4.8314,1778784175329700423
nyudepth__app1,no_sharing,598.6055,34.9472,29.7008,28.6381,0.0018,0.5009,1.8752,0.0,5.2463,1778784177037525406
nyudepth__app1,no_sharing,598.6374,48.9073,42.6205,37.6224,0.002,4.4535,3.3371,0.0,6.2868,1778784177070948239
nyudepth__app1,no_sharing,598.6975,65.3543,60.8326,59.6824,0.0025,0.6061,1.7552,0.0,4.5217,1778784177129436497
nyudepth__app1,no_sharing,599.0705,34.5654,29.7321,28.6914,0.0021,0.5336,1.924,0.0,4.8333,1778784177502583884
nyudepth__app1,no_sharing,599.2251,42.0599,35.5061,34.4274,0.002,0.4999,2.6321,0.0,6.5538,1778784177660613067
vocseg__app1,no_sharing,0.0001,128.9656,122.4004,117.8998,0.0032,3.763,3.8216,0.0,6.5652,1778783578434175285
vocseg__app1,no_sharing,0.1859,58.6872,52.012,50.8221,0.0034,0.6311,4.1366,0.0,6.6752,1778783578620312738
vocseg__app1,no_sharing,0.429,57.2741,52.3638,50.8631,0.0035,0.9037,1.9455,0.0,4.9103,1778783578861168773
vocseg__app1,no_sharing,1.0326,57.5712,52.5727,51.3853,0.0034,0.6128,2.3737,0.0,4.9984,1778783579465239307
vocseg__app1,no_sharing,1.5692,58.4655,53.3607,51.4873,0.0031,1.1251,1.9817,0.0,5.1047,1778783580001342600
vocseg__app1,no_sharing,1.8556,56.0913,50.5846,49.1674,0.0028,0.8457,2.5663,0.0,5.5067,1778783580288471145
vocseg__app1,no_sharing,1.9012,74.0347,60.2854,57.1999,0.003,2.4918,10.7744,0.0,13.7493,1778783580342164975
vocseg__app1,no_sharing,2.2968,59.0172,52.1053,50.6767,0.0032,0.7204,4.3027,0.0,6.9119,1778783580731376913
vocseg__app1,no_sharing,3.2386,57.4801,52.3126,50.8914,0.0028,0.6871,2.0242,0.0,5.1675,1778783581670825795
vocseg__app1,no_sharing,3.8938,64.5823,59.515,56.3846,0.0035,2.6004,2.3756,0.0,5.0673,1778783582326452943
vocseg__app1,no_sharing,4.7595,57.4918,52.4831,50.943,0.0029,0.7822,1.9629,0.0,5.0087,1778783583191660373
vocseg__app1,no_sharing,4.9584,58.0344,52.9758,51.5676,0.0038,0.8007,2.4555,0.0,5.0586,1778783583391108522
vocseg__app1,no_sharing,5.3138,75.6009,70.7428,65.9785,0.0042,4.1626,1.9901,0.0,4.8581,1778783583745934163
vocseg__app1,no_sharing,6.5799,69.4044,64.0928,60.7838,0.0029,2.7656,2.5511,0.0,5.3115,1778783585012672221
vocseg__app1,no_sharing,6.9423,57.976,52.6312,51.0447,0.0036,0.7674,2.0776,0.0,5.3448,1778783585374552444
vocseg__app1,no_sharing,6.952,118.6812,68.081,66.2643,0.0031,1.1448,47.6668,0.0,50.6002,1778783585429955312
vocseg__app1,no_sharing,7.9598,60.6561,55.7409,52.9434,0.003,2.2155,1.8895,0.0,4.9152,1778783586391890536
vocseg__app1,no_sharing,8.4401,91.2106,84.6312,83.3837,0.0029,0.7334,3.6855,0.0,6.5794,1778783586873966511
vocseg__app1,no_sharing,9.2844,57.3659,52.3005,50.9657,0.0033,0.7456,2.0463,0.0,5.0654,1778783587716635617
vocseg__app1,no_sharing,9.393,58.2218,52.7859,51.4374,0.003,0.7599,2.2285,0.0,5.4359,1778783587825504676
vocseg__app1,no_sharing,9.4956,59.6159,54.4024,51.8494,0.0036,1.8982,1.9207,0.0,5.2134,1778783587927677094
vocseg__app1,no_sharing,11.1984,88.666,83.3517,80.2234,0.0037,2.6158,2.7981,0.0,5.3142,1778783589631548888
vocseg__app1,no_sharing,11.2552,112.7162,74.3998,73.0295,0.0038,0.8003,32.1233,0.0,38.3164,1778783589717482762
vocseg__app1,no_sharing,11.365,68.0096,61.4151,60.0517,0.0042,0.7892,3.7644,0.0,6.5945,1778783589799049059
vocseg__app1,no_sharing,11.6345,60.6716,55.713,52.6679,0.003,2.4742,2.1427,0.0,4.9586,1778783590066863235
vocseg__app1,no_sharing,11.7061,62.5055,57.4979,56.2558,0.0039,0.7644,2.178,0.0,5.0075,1778783590138486625
vocseg__app1,no_sharing,12.3708,58.6822,53.4703,51.3413,0.0036,0.91,2.1963,0.0,5.2119,1778783590803224797
vocseg__app1,no_sharing,12.5861,59.4387,54.2219,52.3545,0.003,1.2954,2.1622,0.0,5.2168,1778783591018519484
vocseg__app1,no_sharing,13.8064,69.8922,64.8052,63.2697,0.0038,0.8171,2.198,0.0,5.087,1778783592238736500
vocseg__app1,no_sharing,14.035,61.2228,55.797,54.3355,0.0042,0.8361,2.4114,0.0,5.4258,1778783592467624123
vocseg__app1,no_sharing,14.2306,58.81,53.8116,51.6349,0.0033,1.4731,1.9529,0.0,4.9984,1778783592662714151
vocseg__app1,no_sharing,14.4588,57.3673,52.1695,50.7805,0.0035,0.8874,2.3744,0.0,5.1978,1778783592891458120
vocseg__app1,no_sharing,15.8679,87.7614,82.9542,79.4739,0.0039,2.7042,2.1138,0.0,4.8072,1778783594300144079
vocseg__app1,no_sharing,16.7461,79.2642,73.0261,69.78,0.0036,2.7479,3.587,0.0,6.238,1778783595179879673
vocseg__app1,no_sharing,17.1462,57.3277,52.3479,50.9379,0.0026,0.7068,1.9667,0.0,4.9799,1778783595578307608
vocseg__app1,no_sharing,17.5234,59.2446,53.9962,52.7818,0.0033,0.7343,2.4316,0.0,5.2484,1778783595956095472
vocseg__app1,no_sharing,18.9237,65.0756,59.3458,55.4574,0.0032,3.179,1.9391,0.0,5.7299,1778783597355810658
vocseg__app1,no_sharing,20.053,58.9659,53.4272,52.0476,0.0027,0.7982,2.6679,0.0,5.5387,1778783598485903332
vocseg__app1,no_sharing,20.1412,59.8516,54.8225,52.4819,0.0037,1.8082,2.0256,0.0,5.0292,1778783598573409618
vocseg__app1,no_sharing,20.151,116.184,63.5454,62.2196,0.0031,0.6789,49.6919,0.0,52.6386,1778783598630884451
vocseg__app1,no_sharing,20.3775,58.7001,52.8443,50.4107,0.003,1.7112,2.6743,0.0,5.8558,1778783598810327912
vocseg__app1,no_sharing,20.6133,64.1651,58.8604,55.5854,0.0032,2.7298,2.4621,0.0,5.3047,1778783599046051821
vocseg__app1,no_sharing,20.7662,61.2218,55.3058,51.3258,0.0039,3.4416,2.2335,0.0,5.916,1778783599198600063
vocseg__app1,no_sharing,21.1974,65.1171,59.9597,58.7597,0.0033,0.6329,2.3859,0.0,5.1574,1778783599629985353
vocseg__app1,no_sharing,21.586,57.092,51.8187,50.6757,0.0031,0.6446,2.2171,0.0,5.2733,1778783600018440538
vocseg__app1,no_sharing,22.5541,58.3227,53.0186,51.8531,0.0027,0.6251,2.4836,0.0,5.3041,1778783600986798648
vocseg__app1,no_sharing,23.0807,58.3639,53.3007,51.31,0.0033,0.9303,2.1987,0.0,5.0633,1778783601513115690
vocseg__app1,no_sharing,23.1297,76.159,64.1437,62.9273,0.0038,0.6533,9.0184,0.0,12.0153,1778783601568938399
vocseg__app1,no_sharing,23.6189,57.2269,51.8714,49.8488,0.0031,1.5102,2.2714,0.0,5.3555,1778783602051339530
vocseg__app1,no_sharing,24.1586,59.0518,53.8216,52.5386,0.0031,0.7386,2.3913,0.0,5.2302,1778783602591208593
vocseg__app1,no_sharing,24.3326,56.9892,52.1625,50.7617,0.0034,0.8387,2.0747,0.0,4.8267,1778783602764885816
vocseg__app1,no_sharing,24.6153,108.5665,102.6557,99.4882,0.003,2.5878,3.1235,0.0,5.9109,1778783603048635663
vocseg__app1,no_sharing,25.1026,63.71,57.1324,55.5048,0.0032,1.0014,1.8487,0.0,6.5776,1778783603534602918
vocseg__app1,no_sharing,25.5911,76.432,70.4751,69.2853,0.0029,0.6313,3.1712,0.0,5.9569,1778783604024464684
vocseg__app1,no_sharing,26.7445,56.6537,51.6513,50.2033,0.0037,0.9053,2.0139,0.0,5.0024,1778783605176668366
vocseg__app1,no_sharing,27.1697,57.0652,51.2421,49.9912,0.0031,0.6533,2.4698,0.0,5.8231,1778783605602462439
vocseg__app1,no_sharing,27.9637,64.3308,59.1854,56.8456,0.0028,1.6891,2.1164,0.0,5.1454,1778783606396031248
vocseg__app1,no_sharing,28.4311,62.0992,57.2838,56.0901,0.0032,0.6316,2.2171,0.0,4.8154,1778783606863574227
vocseg__app1,no_sharing,28.5975,55.7184,50.8547,48.0222,0.003,2.2671,1.8573,0.0,4.8638,1778783607029564927
vocseg__app1,no_sharing,29.3434,79.0436,73.9282,72.7606,0.0031,0.6114,2.5375,0.0,5.1154,1778783607776181844
vocseg__app1,no_sharing,29.5975,61.1639,54.4858,52.1651,0.0037,1.7533,2.0974,0.0,6.6781,1778783608029800648
vocseg__app1,no_sharing,30.6953,58.5413,51.9458,50.8495,0.0027,0.6172,2.5961,0.0,6.5955,1778783609128170559
vocseg__app1,no_sharing,31.9917,65.4821,60.6701,55.2478,0.0037,4.8033,2.0583,0.0,4.812,1778783610423924921
vocseg__app1,no_sharing,32.073,104.4083,97.9157,94.7262,0.0038,2.5448,2.4259,0.0,6.4926,1778783610505682989
vocseg__app1,no_sharing,32.6427,60.5881,54.8042,52.1898,0.0033,2.0166,1.951,0.0,5.7839,1778783611074821403
vocseg__app1,no_sharing,33.2289,59.5353,53.0028,51.8156,0.0034,0.6265,2.5835,0.0,6.5324,1778783611661753744
vocseg__app1,no_sharing,33.7979,79.8795,74.9287,73.3144,0.0036,1.0352,1.935,0.0,4.9508,1778783612229973968
vocseg__app1,no_sharing,33.94,58.6765,53.831,52.6675,0.0037,0.6329,2.1422,0.0,4.8454,1778783612372386987
vocseg__app1,no_sharing,34.13,58.228,53.0342,51.3934,0.0031,1.0426,2.0573,0.0,5.1938,1778783612562287718
vocseg__app1,no_sharing,34.2365,60.0288,54.9814,53.7343,0.0037,0.7057,2.3649,0.0,5.0474,1778783612669171741
vocseg__app1,no_sharing,34.6355,64.6653,59.386,56.7867,0.0029,2.0365,2.3489,0.0,5.2794,1778783613068035090
vocseg__app1,no_sharing,34.8746,58.3298,53.2305,52.0129,0.0031,0.6726,2.4543,0.0,5.0993,1778783613307341865
vocseg__app1,no_sharing,34.9132,87.5957,65.1114,63.7667,0.0038,0.8455,19.8684,0.0,22.4843,1778783613363282017
vocseg__app1,no_sharing,34.9473,118.871,62.1517,60.7279,0.0045,0.8243,53.8096,0.0,56.7192,1778783613431310030
vocseg__app1,no_sharing,35.0724,62.5198,57.3132,54.2602,0.0033,2.5075,2.4316,0.0,5.2066,1778783613504966543
vocseg__app1,no_sharing,36.23,56.1204,51.1445,49.9045,0.0038,0.6425,2.393,0.0,4.9759,1778783614662692363
vocseg__app1,no_sharing,36.7207,61.4762,56.8629,53.7429,0.0028,2.5423,1.9841,0.0,4.6133,1778783615152937825
vocseg__app1,no_sharing,37.4453,55.7129,50.7586,49.3161,0.0031,0.872,2.2795,0.0,4.9543,1778783615877801686
vocseg__app1,no_sharing,37.4778,95.2349,69.2586,68.0498,0.0029,0.5934,23.1483,0.0,25.9763,1778783615931148223
vocseg__app1,no_sharing,38.0169,83.8091,77.2289,76.065,0.004,0.666,4.0061,0.0,6.5802,1778783616451126608
vocseg__app1,no_sharing,38.8823,58.3093,53.3217,51.5431,0.0028,1.1814,2.0144,0.0,4.9876,1778783617314545717
vocseg__app1,no_sharing,40.0167,58.1388,53.1117,51.883,0.0033,0.6433,2.4245,0.0,5.0271,1778783618449364923
vocseg__app1,no_sharing,40.1682,56.6075,51.7113,48.6411,0.0032,2.4723,2.0676,0.0,4.8962,1778783618600414510
vocseg__app1,no_sharing,40.176,130.8393,79.5171,75.2402,0.0033,3.6385,48.4521,0.0,51.3222,1778783618654709017
vocseg__app1,no_sharing,40.4583,63.4594,58.8035,53.4482,0.004,4.7756,1.9441,0.0,4.6559,1778783618890413988
vocseg__app1,no_sharing,40.684,88.8581,83.8065,80.5509,0.0029,1.9279,2.3944,0.0,5.0517,1778783619116609167
vocseg__app1,no_sharing,40.88,75.2201,69.5736,65.2028,0.0032,3.7728,1.9555,0.0,5.6465,1778783619312150906
vocseg__app1,no_sharing,41.1141,65.1162,59.8101,56.5594,0.0029,2.6277,2.4862,0.0,5.3061,1778783619546849150
vocseg__app1,no_sharing,41.1387,136.6191,93.537,90.2916,0.0035,2.6572,40.4527,0.0,43.0821,1778783619609298853
vocseg__app1,no_sharing,41.4209,73.8907,67.9875,64.8777,0.004,2.4161,3.3212,0.0,5.9032,1778783619854503965
vocseg__app1,no_sharing,42.0751,58.7032,53.5053,51.7104,0.0028,1.1868,2.0702,0.0,5.1979,1778783620507403390
vocseg__app1,no_sharing,42.4347,69.3543,64.225,62.9605,0.0033,0.6132,2.5346,0.0,5.1293,1778783620867516640
vocseg__app1,no_sharing,42.9067,64.3971,59.6686,57.0521,0.0025,2.1302,1.9102,0.0,4.7285,1778783621338795908
vocseg__app1,no_sharing,44.4026,58.7149,53.1169,51.8171,0.0036,0.6921,2.5003,0.0,5.5979,1778783622835326084
vocseg__app1,no_sharing,44.5066,59.0141,53.8418,52.0674,0.0031,1.1805,1.966,0.0,5.1723,1778783622938792139
vocseg__app1,no_sharing,45.072,68.332,63.1389,61.8582,0.0031,0.6911,2.6262,0.0,5.193,1778783623504852703
vocseg__app1,no_sharing,45.2573,58.4233,53.4633,51.4696,0.0032,1.428,1.9345,0.0,4.9599,1778783623689388380
vocseg__app1,no_sharing,45.4942,60.364,55.3079,54.1306,0.0032,0.6205,2.1827,0.0,5.0562,1778783623926625327
vocseg__app1,no_sharing,45.7322,83.5714,78.7693,77.5333,0.004,0.6447,2.0726,0.0,4.8021,1778783624164403334
vocseg__app1,no_sharing,47.5168,58.471,53.1933,52.0215,0.0027,0.6282,2.3522,0.0,5.2777,1778783625949362982
vocseg__app1,no_sharing,47.9999,98.8467,93.8061,88.3804,0.0029,4.844,2.2123,0.0,5.0406,1778783626432300185
vocseg__app1,no_sharing,48.0846,114.7089,98.2439,95.0551,0.0034,2.6023,13.7115,0.0,16.465,1778783626528643708
vocseg__app1,no_sharing,48.6302,58.0854,52.4656,49.3245,0.0031,2.4752,2.0847,0.0,5.6199,1778783627062427024
vocseg__app1,no_sharing,49.042,57.3015,51.7106,50.3066,0.0026,0.859,2.6624,0.0,5.5909,1778783627474938879
vocseg__app1,no_sharing,49.1196,59.5791,55.4355,54.413,0.0025,0.6062,1.5757,0.0,4.1436,1778783627551315467
vocseg__app1,no_sharing,49.4386,57.7805,52.5445,50.8649,0.0027,0.6523,2.4626,0.0,5.236,1778783627871354503
vocseg__app1,no_sharing,49.5685,59.7601,54.8916,52.4167,0.0031,1.9894,1.8594,0.0,4.8685,1778783628000565207
vocseg__app1,no_sharing,50.3857,77.6951,72.5412,69.3029,0.0032,2.6248,2.3496,0.0,5.1539,1778783628818286744
vocseg__app1,no_sharing,50.4225,117.753,74.2483,71.5611,0.0031,2.0525,40.7414,0.0,43.5048,1778783628893417334
vocseg__app1,no_sharing,51.3472,57.0884,50.9013,49.6832,0.003,0.6218,3.2918,0.0,6.1871,1778783629780761431
vocseg__app1,no_sharing,52.2779,57.2932,52.2093,50.7633,0.0034,0.8742,2.2097,0.0,5.0839,1778783630710331742
vocseg__app1,no_sharing,52.4179,59.3288,54.0746,52.9037,0.0025,0.5984,2.4469,0.0,5.2542,1778783630850640799
vocseg__app1,no_sharing,52.8881,58.1989,53.1144,51.2233,0.0031,1.3075,2.1224,0.0,5.0846,1778783631320366388
vocseg__app1,no_sharing,53.6967,75.6412,70.6456,67.5124,0.0026,2.5804,2.4233,0.0,4.9956,1778783632129361240
vocseg__app1,no_sharing,55.2174,57.5514,52.4094,50.784,0.0029,1.127,2.2101,0.0,5.142,1778783633649755649
vocseg__app1,no_sharing,55.5455,77.7578,71.4356,68.2857,0.0033,2.6029,2.3878,0.0,6.3222,1778783633978091681
vocseg__app1,no_sharing,55.7497,57.7824,53.0135,51.2065,0.0035,1.2458,2.0454,0.0,4.769,1778783634181936082
vocseg__app1,no_sharing,56.1963,84.2624,77.7914,72.2783,0.003,4.9483,2.4893,0.0,6.471,1778783634629058297
vocseg__app1,no_sharing,56.3077,104.0924,98.6522,94.8183,0.0035,3.2195,2.1622,0.0,5.4401,1778783634740030841
vocseg__app1,no_sharing,56.9219,59.0315,53.5629,52.3478,0.0032,0.7113,2.4247,0.0,5.4686,1778783635354601515
vocseg__app1,no_sharing,57.0373,58.5113,53.5471,51.8581,0.003,1.1332,2.0115,0.0,4.9642,1778783635469478721
vocseg__app1,no_sharing,57.4974,67.6177,62.114,60.783,0.0026,0.7698,2.6357,0.0,5.5037,1778783635930276491
vocseg__app1,no_sharing,57.8799,93.626,87.3885,82.2176,0.0028,4.6028,2.049,0.0,6.2375,1778783636312126292
vocseg__app1,no_sharing,58.6436,58.8655,50.931,49.7471,0.0033,0.7199,3.2735,0.0,7.9346,1778783637077123381
vocseg__app1,no_sharing,59.3943,58.8837,52.4431,51.2348,0.0038,0.603,2.1474,0.0,6.4405,1778783637826587476
vocseg__app1,no_sharing,60.2077,62.0067,55.7913,54.6565,0.0033,0.5886,2.3649,0.0,6.2154,1778783638640325271
vocseg__app1,no_sharing,61.2165,60.5683,54.3473,53.091,0.0033,0.6505,2.2247,0.0,6.221,1778783639648908328
vocseg__app1,no_sharing,61.3994,84.6195,78.0416,74.7733,0.0029,2.668,2.5542,0.0,6.5779,1778783639832183803
vocseg__app1,no_sharing,61.9008,60.0448,53.5663,51.6256,0.0037,1.3652,2.1765,0.0,6.4784,1778783640333146552
vocseg__app1,no_sharing,62.5857,60.9362,54.6646,53.4233,0.0032,0.6532,2.4893,0.0,6.2716,1778783641018435646
vocseg__app1,no_sharing,63.0423,56.9742,51.1878,48.1425,0.0026,2.4717,2.105,0.0,5.7864,1778783641474575509
vocseg__app1,no_sharing,63.1073,67.0464,61.8217,60.7439,0.0032,0.6315,1.9994,0.0,5.2247,1778783641539547991
vocseg__app1,no_sharing,64.6582,55.9895,51.1668,48.241,0.0032,2.4085,2.0154,0.0,4.8227,1778783643090378467
vocseg__app1,no_sharing,65.7162,57.0071,51.8095,50.6332,0.0028,0.6176,2.4922,0.0,5.1976,1778783644149015515
vocseg__app1,no_sharing,65.9808,59.2685,54.4598,50.8359,0.0032,3.042,2.08,0.0,4.8087,1778783644413025985
vocseg__app1,no_sharing,66.3007,58.3007,53.3314,52.1418,0.003,0.6212,2.3379,0.0,4.9693,1778783644733310990
vocseg__app1,no_sharing,66.5304,57.8687,52.8094,51.4513,0.0028,0.7692,2.0595,0.0,5.0594,1778783644962689166
vocseg__app1,no_sharing,66.6046,107.8436,102.9746,97.4481,0.0037,4.9547,2.1539,0.0,4.8691,1778783645036967764
vocseg__app1,no_sharing,67.3875,85.633,79.5583,76.2726,0.0031,2.6504,2.0022,0.0,6.0747,1778783645819706128
vocseg__app1,no_sharing,67.4719,85.798,80.7846,77.6231,0.0034,2.5856,2.2552,0.0,5.0134,1778783645904378465
vocseg__app1,no_sharing,67.6744,56.2327,51.202,48.2671,0.0031,2.486,1.8694,0.0,5.0306,1778783646106477149
vocseg__app1,no_sharing,67.8887,65.4941,60.2449,59.0285,0.003,0.641,2.3959,0.0,5.2491,1778783646321313711
vocseg__app1,no_sharing,68.8662,80.5519,75.4131,72.338,0.0036,2.5224,2.0974,0.0,5.1388,1778783647298432571
vocseg__app1,no_sharing,69.8138,57.1558,51.5717,50.3627,0.0025,0.6279,2.6546,0.0,5.5842,1778783648246699264
vocseg__app1,no_sharing,70.4485,58.0888,52.6407,50.6293,0.0029,0.9281,2.1694,0.0,5.4481,1778783648880813021
vocseg__app1,no_sharing,70.9862,57.7974,51.6969,50.5018,0.0041,0.6148,2.5649,0.0,6.1005,1778783649419009265
vocseg__app1,no_sharing,71.7255,73.6043,67.778,63.2143,0.004,3.9193,2.0151,0.0,5.8263,1778783650157651230
vocseg__app1,no_sharing,71.8642,85.7882,80.6643,77.4899,0.0028,2.5968,2.4884,0.0,5.124,1778783650296912793
vocseg__app1,no_sharing,72.1221,58.4044,52.7229,51.3119,0.0031,0.8016,2.2357,0.0,5.6816,1778783650554506630
vocseg__app1,no_sharing,72.3059,57.5724,52.4265,51.0845,0.0032,0.7673,2.5988,0.0,5.1459,1778783650738755676
vocseg__app1,no_sharing,72.4247,59.9239,55.1389,53.9257,0.0032,0.6396,1.8718,0.0,4.785,1778783650856746488
vocseg__app1,no_sharing,73.1195,58.8546,53.5337,52.3532,0.0037,0.6225,2.4157,0.0,5.3208,1778783651552138543
vocseg__app1,no_sharing,74.3125,58.1133,51.7183,50.4967,0.0033,0.6342,2.1605,0.0,6.395,1778783652744891267
vocseg__app1,no_sharing,74.3245,142.3776,94.8588,92.5854,0.0032,1.7264,44.6734,0.0,47.5188,1778783652799363116
vocseg__app1,no_sharing,76.0694,57.2002,52.3505,49.2213,0.0034,2.3924,1.9579,0.0,4.8497,1778783654501587943
vocseg__app1,no_sharing,76.1816,57.8024,52.813,51.5205,0.0045,0.694,2.2938,0.0,4.9894,1778783654614108125
vocseg__app1,no_sharing,76.4696,88.1324,83.3859,80.054,0.0048,2.7006,2.0049,0.0,4.7465,1778783654901861364
vocseg__app1,no_sharing,76.4713,152.8597,63.7276,62.4963,0.004,0.6443,86.4737,0.0,89.1321,1778783654987966445
vocseg__app1,no_sharing,76.559,141.2618,72.1875,69.1615,0.0046,2.4484,65.1445,0.0,69.0744,1778783655054374077
vocseg__app1,no_sharing,77.1811,55.7609,49.4206,48.0822,0.0036,0.7389,3.2969,0.0,6.3403,1778783655614647903
vocseg__app1,no_sharing,77.7675,83.0135,78.2132,73.0652,0.0028,4.5837,2.0833,0.0,4.8004,1778783656199794745
vocseg__app1,no_sharing,77.8518,70.5388,64.98,63.6664,0.0036,0.771,2.6054,0.0,5.5588,1778783656284585069
vocseg__app1,no_sharing,78.2423,59.5727,54.6227,52.3538,0.0035,1.6821,1.9281,0.0,4.95,1778783656674419750
vocseg__app1,no_sharing,78.2648,110.5373,70.212,66.8897,0.0034,2.7285,36.6435,0.0,40.3253,1778783656731718997
vocseg__app1,no_sharing,78.8519,58.3992,53.3679,51.2668,0.0031,0.87,2.0044,0.0,5.0313,1778783657284035228
vocseg__app1,no_sharing,78.9986,55.4624,50.4529,49.1793,0.0036,0.7177,2.3301,0.0,5.0095,1778783657431146208
vocseg__app1,no_sharing,79.1593,56.4148,51.8389,48.8191,0.0031,2.4897,1.8661,0.0,4.5759,1778783657591384717
vocseg__app1,no_sharing,79.217,71.0847,66.4676,65.2714,0.0034,0.7313,1.9956,0.0,4.6171,1778783657649204534
vocseg__app1,no_sharing,79.9371,55.9442,51.1395,48.1448,0.0031,2.4897,1.9562,0.0,4.8047,1778783658369224557
vocseg__app1,no_sharing,81.3046,57.4434,52.4389,51.3723,0.0026,0.6048,2.4395,0.0,5.0045,1778783659737295598
vocseg__app1,no_sharing,82.038,71.5659,66.7849,64.5545,0.003,1.5485,1.9228,0.0,4.781,1778783660470091739
vocseg__app1,no_sharing,82.3494,59.0942,53.8937,52.5328,0.0039,0.7847,2.4679,0.0,5.2005,1778783660782077746
vocseg__app1,no_sharing,82.7932,97.1844,91.1878,86.0462,0.0033,4.5388,1.951,0.0,5.9966,1778783661225324495
vocseg__app1,no_sharing,83.2709,57.8685,52.8338,51.6645,0.0034,0.6212,2.4047,0.0,5.0347,1778783661703549820
vocseg__app1,no_sharing,83.7344,90.5855,85.7514,84.4152,0.0032,0.7171,1.8892,0.0,4.8341,1778783662166482751
vocseg__app1,no_sharing,83.7608,216.6703,148.9447,123.4965,0.0039,12.4381,64.6801,0.0,67.7256,1778783662255819084
vocseg__app1,no_sharing,83.8025,176.908,148.9447,123.4965,0.0039,12.4381,23.0722,0.0,27.9633,1778783662255819084
vocseg__app1,no_sharing,83.8493,175.4696,42.4826,37.2123,0.0038,4.6581,130.06,0.0,132.987,1778783662409600076
vocseg__app1,no_sharing,85.069,57.4992,52.6085,50.9466,0.0029,1.0947,1.9367,0.0,4.8907,1778783663501077273
vocseg__app1,no_sharing,85.285,58.3341,53.0865,51.9398,0.0035,0.6573,2.6984,0.0,5.2476,1778783663717914640
vocseg__app1,no_sharing,85.5824,58.09,53.154,51.4073,0.0029,1.1649,1.9305,0.0,4.936,1778783664014536782
vocseg__app1,no_sharing,85.8161,58.9693,53.7522,52.4704,0.0038,0.6697,2.3134,0.0,5.2171,1778783664248624401
vocseg__app1,no_sharing,86.7975,57.1144,52.1466,50.7326,0.0029,0.8539,2.1963,0.0,4.9678,1778783665229921206
vocseg__app1,no_sharing,87.8659,57.584,52.5415,51.2893,0.0031,0.6472,2.3911,0.0,5.0425,1778783666298550627
vocseg__app1,no_sharing,89.1341,88.8109,84.0243,79.6162,0.0032,3.8866,1.9419,0.0,4.7866,1778783667566227665
vocseg__app1,no_sharing,90.9366,76.1898,71.0199,69.8868,0.0042,0.6485,2.4924,0.0,5.1699,1778783669369301914
vocseg__app1,no_sharing,91.076,58.3467,53.4783,51.5701,0.0025,1.35,1.9498,0.0,4.8685,1778783669508160803
vocseg__app1,no_sharing,91.1987,58.2621,53.2022,51.9977,0.0043,0.611,2.3639,0.0,5.0599,1778783669631301777
vocseg__app1,no_sharing,91.2972,58.639,53.9424,52.1016,0.0031,1.2858,1.6897,0.0,4.6967,1778783669729065889
vocseg__app1,no_sharing,91.9185,57.6437,52.5455,51.3668,0.0028,0.6097,2.3961,0.0,5.0981,1778783670351163122
vocseg__app1,no_sharing,92.0669,81.4264,76.6647,71.2862,0.0031,4.7217,1.8611,0.0,4.7616,1778783670498922522
vocseg__app1,no_sharing,92.4206,58.6486,52.1914,50.987,0.0028,0.6206,2.5034,0.0,6.4572,1778783670853351232
vocseg__app1,no_sharing,92.7205,59.6745,52.8913,51.4501,0.0027,0.8597,2.2666,0.0,6.7832,1778783671152986176
vocseg__app1,no_sharing,93.3882,71.0261,64.5269,61.291,0.003,2.5854,2.5597,0.0,6.4992,1778783671821046351
vocseg__app1,no_sharing,93.6888,56.7911,51.8972,50.6015,0.003,0.6813,2.0244,0.0,4.8939,1778783672120986082
vocseg__app1,no_sharing,93.7561,63.3228,58.3819,57.1512,0.0028,0.6461,2.3494,0.0,4.9409,1778783672188633514
vocseg__app1,no_sharing,93.9657,57.6797,52.5691,51.1128,0.003,0.7896,1.9848,0.0,5.1106,1778783672397907708
vocseg__app1,no_sharing,94.0337,64.1985,59.3586,58.0469,0.0031,0.6902,2.1834,0.0,4.8399,1778783672466106127
vocseg__app1,no_sharing,94.273,73.0038,66.759,62.8578,0.0027,3.2994,2.0809,0.0,6.2447,1778783672705230100
vocseg__app1,no_sharing,96.0731,70.2837,64.0034,60.7644,0.0028,2.6003,2.3651,0.0,6.2802,1778783674505684543
vocseg__app1,no_sharing,96.5492,55.9082,51.1649,48.1189,0.003,2.4534,1.9605,0.0,4.7433,1778783674981348450
vocseg__app1,no_sharing,96.8154,56.5445,51.4765,50.2829,0.0036,0.6043,2.3644,0.0,5.0681,1778783675247968226
vocseg__app1,no_sharing,97.3232,102.6375,97.7746,94.5064,0.0029,2.6552,1.9786,0.0,4.8629,1778783675755395657
vocseg__app1,no_sharing,97.3348,162.3459,68.2967,67.1161,0.0029,0.6359,90.9362,0.0,94.0491,1778783675856018245
vocseg__app1,no_sharing,98.222,70.0164,65.2097,60.738,0.0028,3.9421,1.9579,0.0,4.8067,1778783676654119949
vocseg__app1,no_sharing,98.2297,148.1562,81.7763,79.1499,0.0036,2.074,62.0716,0.0,66.3798,1778783676722073188
vocseg__app1,no_sharing,98.8242,60.4191,53.954,51.6833,0.0027,1.6336,1.7688,0.0,6.4651,1778783677256155212
vocseg__app1,no_sharing,99.0571,58.176,52.2816,51.036,0.0034,0.6984,2.6779,0.0,5.8945,1778783677489985772
vocseg__app1,no_sharing,99.0627,121.7387,65.6193,64.4352,0.0036,0.6209,52.5258,0.0,56.1193,1778783677545426525
vocseg__app1,no_sharing,99.5102,58.2304,51.1597,49.8968,0.0029,0.6604,3.2458,0.0,7.0707,1778783677943697215
vocseg__app1,no_sharing,100.1701,58.0308,51.4634,50.2421,0.003,0.6358,2.2509,0.0,6.5674,1778783678602545507
vocseg__app1,no_sharing,100.1889,131.67,89.8828,86.6737,0.003,2.6692,39.1505,0.0,41.7872,1778783678658249489
vocseg__app1,no_sharing,100.8752,87.2622,81.3615,79.6646,0.0028,1.1781,3.0389,0.0,5.9007,1778783679308463494
vocseg__app1,no_sharing,100.9729,62.7058,57.8382,56.6606,0.0032,0.6264,2.3136,0.0,4.8675,1778783679405476610
vocseg__app1,no_sharing,101.0869,58.0966,53.2348,51.6369,0.0043,1.0131,1.7622,0.0,4.8619,1778783679518810421
vocseg__app1,no_sharing,101.4085,57.1678,51.9745,50.8378,0.0036,0.6463,2.481,0.0,5.1933,1778783679841221203
vocseg__app1,no_sharing,101.4719,66.9816,62.3487,60.8908,0.0037,0.9579,1.5979,0.0,4.6329,1778783679903667111
vocseg__app1,no_sharing,102.2067,55.6202,50.0017,48.8552,0.0026,0.6527,2.4819,0.0,5.6185,1778783680639414223
vocseg__app1,no_sharing,102.3907,56.5398,51.3028,48.2664,0.0028,2.4184,1.961,0.0,5.237,1778783680822882173
vocseg__app1,no_sharing,104.1134,88.6679,83.473,80.3115,0.0039,2.5905,2.5673,0.0,5.1949,1778783682546222802
vocseg__app1,no_sharing,104.3128,83.766,79.0395,77.1619,0.0038,1.355,1.9386,0.0,4.7264,1778783682744903150
vocseg__app1,no_sharing,104.5562,57.6968,52.5781,51.2928,0.0027,0.6907,2.3401,0.0,5.1187,1778783682988761463
vocseg__app1,no_sharing,104.7138,73.499,68.6149,63.6709,0.0033,4.1489,1.9753,0.0,4.8841,1778783683145990177
vocseg__app1,no_sharing,105.2111,57.9138,52.9678,50.6849,0.004,0.7478,2.3711,0.0,4.946,1778783683643731955
vocseg__app1,no_sharing,106.2686,58.2995,53.3312,51.6093,0.0031,0.9969,2.1524,0.0,4.9683,1778783684700916941
vocseg__app1,no_sharing,106.3073,88.0477,65.7597,64.3686,0.0028,0.8619,19.4056,0.0,22.288,1778783684756891098
vocseg__app1,no_sharing,106.3352,123.0063,60.2488,59.1628,0.0026,0.5854,59.8888,0.0,62.7575,1778783684825272163
vocseg__app1,no_sharing,106.9194,71.4767,65.4137,62.3227,0.0033,2.4555,3.4807,0.0,6.063,1778783685353157974
vocseg__app1,no_sharing,107.023,62.669,57.7176,55.9617,0.0032,1.1578,1.756,0.0,4.9514,1778783685454904438
vocseg__app1,no_sharing,107.6507,57.3051,52.1826,50.997,0.0035,0.607,2.4698,0.0,5.1225,1778783686083409047
vocseg__app1,no_sharing,107.7723,88.7833,84.2611,82.8697,0.0038,0.6948,1.8103,0.0,4.5222,1778783686204249037
vocseg__app1,no_sharing,107.9383,83.0064,77.754,73.6504,0.0031,3.476,2.3894,0.0,5.2524,1778783686370942834
vocseg__app1,no_sharing,108.0593,58.3799,53.577,51.5981,0.0032,1.2234,1.7648,0.0,4.8029,1778783686491236447
vocseg__app1,no_sharing,108.7571,59.6509,54.5096,53.1141,0.0036,0.7837,2.4717,0.0,5.1413,1778783687189798254
vocseg__app1,no_sharing,109.1621,58.2676,53.1779,51.5978,0.0036,1.0187,2.1572,0.0,5.0897,1778783687594413294
vocseg__app1,no_sharing,109.9832,57.5507,52.508,50.958,0.0044,0.7747,2.4147,0.0,5.0426,1778783688415858799
vocseg__app1,no_sharing,110.2622,60.729,55.873,52.578,0.0028,2.616,2.027,0.0,4.856,1778783688694421717
vocseg__app1,no_sharing,110.3292,83.9744,78.0307,76.7728,0.0035,0.7613,2.3484,0.0,5.9436,1778783688761820468
vocseg__app1,no_sharing,110.4117,64.4481,60.0952,57.1449,0.0034,2.0677,1.6026,0.0,4.3529,1778783688843514873
vocseg__app1,no_sharing,111.3947,56.114,50.8454,49.5826,0.003,0.7573,2.5821,0.0,5.2686,1778783689827559995
vocseg__app1,no_sharing,112.0693,57.698,52.7271,51.1898,0.0041,0.7824,1.9808,0.0,4.9709,1778783690501489987
vocseg__app1,no_sharing,112.2935,57.5209,52.2713,50.6735,0.0037,0.7901,2.5175,0.0,5.2496,1778783690726250859
vocseg__app1,no_sharing,112.4714,58.2535,53.0939,51.4491,0.003,0.9202,2.0113,0.0,5.1596,1778783690903563175
vocseg__app1,no_sharing,112.6159,57.6508,52.4677,50.4024,0.0041,0.7238,2.3155,0.0,5.1831,1778783691048435854
vocseg__app1,no_sharing,113.0504,70.92,66.04,62.4819,0.0032,2.9389,2.0719,0.0,4.88,1778783691482659740
vocseg__app1,no_sharing,113.2284,57.936,52.9827,51.7155,0.004,0.761,2.3599,0.0,4.9533,1778783691660972495
vocseg__app1,no_sharing,113.2749,76.5393,62.4863,61.1712,0.0037,0.7534,11.5733,0.0,14.0529,1778783691716622546
vocseg__app1,no_sharing,113.3366,79.9797,62.2815,61.0648,0.0025,0.715,14.7705,0.0,17.6982,1778783691781614447
vocseg__app1,no_sharing,113.623,57.6169,51.9437,48.9144,0.0036,2.4678,2.8205,0.0,5.6732,1778783692056027908
vocseg__app1,no_sharing,113.6899,64.2509,58.8895,57.417,0.0036,0.8348,2.4111,0.0,5.3614,1778783692122545328
vocseg__app1,no_sharing,113.7214,98.5811,62.7225,61.4804,0.0037,0.7201,32.7845,0.0,35.8585,1778783692184327775
vocseg__app1,no_sharing,114.4948,57.4238,51.2574,49.8566,0.004,0.7326,3.2072,0.0,6.1665,1778783692928241454
vocseg__app1,no_sharing,114.6055,57.9097,52.8513,51.3143,0.004,1.0206,1.9739,0.0,5.0585,1778783693037617807
vocseg__app1,no_sharing,115.8199,57.6167,52.235,51.1625,0.0028,0.5815,2.5489,0.0,5.3817,1778783694252706363
vocseg__app1,no_sharing,116.2152,57.7421,52.7418,51.1831,0.003,1.0015,2.0814,0.0,5.0004,1778783694647413289
vocseg__app1,no_sharing,116.8784,58.4402,53.1577,51.9583,0.0034,0.6394,2.4104,0.0,5.2825,1778783695311070584
vocseg__app1,no_sharing,118.2864,57.2836,52.0619,50.8165,0.0034,0.6746,2.2717,0.0,5.2218,1778783696718834858
vocseg__app1,no_sharing,118.5072,58.728,53.4494,52.1846,0.0029,0.676,2.3603,0.0,5.2786,1778783696939842772
vocseg__app1,no_sharing,119.026,58.2926,51.9881,50.708,0.0032,0.6394,2.0263,0.0,6.3045,1778783697458235252
vocseg__app1,no_sharing,119.0777,74.192,65.5676,62.6163,0.0026,2.4233,5.7213,0.0,8.6245,1778783697513643703
vocseg__app1,no_sharing,119.0811,134.8066,61.1415,60.0138,0.0025,0.5987,70.5822,0.0,73.6651,1778783697581882616
vocseg__app1,no_sharing,119.2987,59.6962,53.896,52.6023,0.003,0.7033,2.96,0.0,5.8002,1778783697731878543
vocseg__app1,no_sharing,119.4159,59.2964,54.5191,51.9146,0.0032,2.0191,1.7457,0.0,4.7773,1778783697847776753
vocseg__app1,no_sharing,119.9229,58.9612,53.8247,52.6098,0.0027,0.6418,2.4707,0.0,5.1364,1778783698355584736
vocseg__app1,no_sharing,119.9325,118.0041,66.045,64.8193,0.004,0.6639,49.3727,0.0,51.9591,1778783698412064848
vocseg__app1,no_sharing,120.0231,91.2225,60.909,59.6836,0.0035,0.6391,27.2965,0.0,30.3135,1778783698480661780
vocseg__app1,no_sharing,120.981,56.3648,51.5881,48.5795,0.0032,2.4891,1.9562,0.0,4.7767,1778783699413170564
vocseg__app1,no_sharing,121.3821,70.8933,65.8355,62.6489,0.0029,2.6578,2.2175,0.0,5.0578,1778783699814524405
vocseg__app1,no_sharing,121.5771,56.4573,51.6999,48.6435,0.0033,2.5026,2.0123,0.0,4.7574,1778783700009275087
vocseg__app1,no_sharing,121.728,58.3813,53.3439,52.1318,0.0034,0.6423,2.3372,0.0,5.0374,1778783700160556197
vocseg__app1,no_sharing,121.8616,99.8855,95.145,87.4151,0.0033,7.0823,1.8871,0.0,4.7404,1778783700293728747
vocseg__app1,no_sharing,122.835,56.7153,51.5623,50.3968,0.0026,0.615,2.5127,0.0,5.153,1778783701267793001
vocseg__app1,no_sharing,122.9539,80.0619,75.6507,72.947,0.0029,2.1521,1.595,0.0,4.4112,1778783701385681464
vocseg__app1,no_sharing,124.565,57.8575,52.8164,51.7043,0.0033,0.635,2.3715,0.0,5.0411,1778783702997607454
vocseg__app1,no_sharing,125.4525,58.2366,53.2992,51.5059,0.003,1.1695,1.9407,0.0,4.9374,1778783703884632116
vocseg__app1,no_sharing,125.8023,55.9797,50.9425,49.7672,0.0024,0.6153,2.3868,0.0,5.0373,1778783704234934368
vocseg__app1,no_sharing,126.8418,66.6633,61.8929,55.9334,0.004,5.4277,1.955,0.0,4.7703,1778783705273904126
vocseg__app1,no_sharing,127.1933,58.363,52.0342,50.8314,0.0028,0.6311,3.6211,0.0,6.3287,1778783705627162372
vocseg__app1,no_sharing,127.4485,57.3208,52.6439,51.3028,0.0025,0.7787,1.7345,0.0,4.677,1778783705880385289
vocseg__app1,no_sharing,128.1145,57.333,52.1681,51.0748,0.0027,0.6033,2.5349,0.0,5.1649,1778783706547258528
vocseg__app1,no_sharing,128.187,61.6531,57.4184,55.8025,0.0028,1.1513,1.5185,0.0,4.2347,1778783706618735082
vocseg__app1,no_sharing,128.6614,102.7687,96.8631,93.6059,0.0035,2.6417,3.1443,0.0,5.9055,1778783707094800321
vocseg__app1,no_sharing,128.7828,63.0474,57.4404,55.79,0.0037,0.6415,2.4972,0.0,5.6071,1778783707215485188
vocseg__app1,no_sharing,128.8099,100.0359,61.2099,59.9183,0.0037,0.6958,35.3417,0.0,38.8261,1778783707275520932
vocseg__app1,no_sharing,128.9783,82.752,77.5893,74.1146,0.0032,2.9014,2.3079,0.0,5.1627,1778783707410766830
vocseg__app1,no_sharing,129.2255,81.3458,76.2243,72.9855,0.0029,2.6339,2.3737,0.0,5.1215,1778783707658110991
vocseg__app1,no_sharing,129.6109,90.43,85.1344,79.9914,0.0032,4.5077,2.043,0.0,5.2956,1778783708043104875
vocseg__app1,no_sharing,130.1009,58.8088,52.1883,51.0319,0.0031,0.6455,3.9237,0.0,6.6205,1778783708535063251
vocseg__app1,no_sharing,130.7026,79.8318,75.151,70.1704,0.0032,4.3285,1.8771,0.0,4.6809,1778783709134625432
vocseg__app1,no_sharing,130.8408,60.101,55.0552,53.8437,0.0031,0.6246,2.3978,0.0,5.0458,1778783709273440545
vocseg__app1,no_sharing,130.8795,111.4633,87.3472,84.1882,0.0035,2.5599,21.4946,0.0,24.1161,1778783709331137581
vocseg__app1,no_sharing,131.2397,57.7536,52.5774,51.2263,0.0037,0.6974,2.4247,0.0,5.1761,1778783709672335824
vocseg__app1,no_sharing,131.3057,64.4209,59.5378,56.948,0.003,1.9972,1.6897,0.0,4.8831,1778783709737535148
vocseg__app1,no_sharing,131.8797,57.889,52.4419,51.135,0.0035,0.7373,2.3773,0.0,5.447,1778783710312364649
vocseg__app1,no_sharing,131.9529,63.1757,58.5332,56.88,0.0035,1.0186,1.7326,0.0,4.6425,1778783710384831387
vocseg__app1,no_sharing,132.1307,57.0676,51.9856,50.6705,0.0034,0.6998,2.4326,0.0,5.082,1778783710563351920
vocseg__app1,no_sharing,132.204,60.652,55.9922,52.9538,0.0028,2.4246,1.8218,0.0,4.6598,1778783710635991134
vocseg__app1,no_sharing,132.8657,57.6408,52.4738,51.1614,0.0031,0.6927,2.3682,0.0,5.167,1778783711298287179
vocseg__app1,no_sharing,132.9075,82.1848,63.1816,61.3894,0.003,1.2587,15.7728,0.0,19.0032,1778783711353450925
vocseg__app1,no_sharing,133.1891,57.2696,50.9888,49.7661,0.0029,0.6366,3.593,0.0,6.2807,1778783711622920756
vocseg__app1,no_sharing,133.4462,60.8239,55.7371,52.8706,0.0033,2.2311,2.2147,0.0,5.0868,1778783711878607268
vocseg__app1,no_sharing,133.6249,96.7517,90.3798,84.9334,0.0039,4.9104,2.373,0.0,6.3719,1778783712057517256
vocseg__app1,no_sharing,134.4749,60.2493,55.1893,52.4174,0.0037,1.6775,2.0471,0.0,5.06,1778783712907135419
vocseg__app1,no_sharing,134.9138,68.8696,62.6119,61.4079,0.0033,0.6289,3.4285,0.0,6.2577,1778783713347458291
vocseg__app1,no_sharing,135.0019,60.9148,56.1517,53.1467,0.0029,2.371,1.8089,0.0,4.763,1778783713433875027
vocseg__app1,no_sharing,135.1729,103.4186,98.1731,94.2432,0.0036,3.291,2.3248,0.0,5.2455,1778783713605455593
vocseg__app1,no_sharing,135.5647,76.1871,71.0912,66.0813,0.0031,4.3897,2.1038,0.0,5.096,1778783713996988597
vocseg__app1,no_sharing,135.8287,59.386,53.9608,52.6836,0.0037,0.6733,2.4135,0.0,5.4253,1778783714261310805
vocseg__app1,no_sharing,136.5241,73.4434,68.6952,66.766,0.0036,1.3525,1.8594,0.0,4.7482,1778783714956191435
vocseg__app1,no_sharing,137.492,58.1119,52.7923,51.6567,0.0038,0.6107,2.4588,0.0,5.3196,1778783715924741812
vocseg__app1,no_sharing,137.6825,57.9457,52.8522,51.3331,0.0035,1.0167,2.1374,0.0,5.0935,1778783716114816188
vocseg__app1,no_sharing,138.839,57.797,52.7786,51.6814,0.0029,0.6217,2.3556,0.0,5.0184,1778783717271549316
vocseg__app1,no_sharing,140.4153,56.5467,51.1951,48.2832,0.0036,2.3834,2.2871,0.0,5.3516,1778783718847731444
vocseg__app1,no_sharing,141.02,57.0652,51.8403,50.5964,0.0027,0.6216,2.5015,0.0,5.225,1778783719452747818
vocseg__app1,no_sharing,141.2615,56.1831,51.0196,48.5662,0.0026,1.936,2.1713,0.0,5.1635,1778783719693819333
vocseg__app1,no_sharing,142.7613,63.0364,57.8005,56.577,0.0025,0.6207,2.3556,0.0,5.2359,1778783721193848509
vocseg__app1,no_sharing,142.7959,123.3089,92.0879,88.921,0.003,2.5912,28.4097,0.0,31.221,1778783721254479074
vocseg__app1,no_sharing,143.2513,57.3204,51.3812,50.1572,0.0029,0.6349,3.1023,0.0,5.9392,1778783721684615400
vocseg__app1,no_sharing,144.3128,57.5528,52.4672,51.1384,0.0031,0.8035,2.2008,0.0,5.0856,1778783722745153181
vocseg__app1,no_sharing,144.3297,139.972,96.5611,93.735,0.0025,2.2087,40.2403,0.0,43.4109,1778783722800192263
vocseg__app1,no_sharing,144.5676,76.2489,70.6751,68.4147,0.0039,1.6822,2.9364,0.0,5.5738,1778783723000757340
vocseg__app1,no_sharing,144.8154,58.1458,53.1169,51.7252,0.0027,0.7403,2.2247,0.0,5.0288,1778783723247813803
vocseg__app1,no_sharing,144.9959,58.4507,53.2126,51.9229,0.0032,0.7248,2.3768,0.0,5.2381,1778783723428472726
vocseg__app1,no_sharing,145.0815,59.7255,55.2239,52.5343,0.0029,2.015,1.7807,0.0,4.5016,1778783723513501415
vocseg__app1,no_sharing,145.5656,59.4678,54.3412,53.0794,0.0043,0.7611,2.1632,0.0,5.1266,1778783723998031799
vocseg__app1,no_sharing,145.6333,67.0602,62.4422,58.573,0.0037,3.2356,1.8957,0.0,4.618,1778783724065396467
vocseg__app1,no_sharing,145.6401,148.4427,85.5689,83.5203,0.0039,1.4393,60.164,0.0,62.8739,1778783724130452903
vocseg__app1,no_sharing,145.7806,73.9009,63.1299,61.8808,0.0045,0.725,7.8862,0.0,10.771,1778783724218614672
vocseg__app1,no_sharing,147.6065,58.1071,52.8368,51.5774,0.0033,0.7578,2.3177,0.0,5.2703,1778783726039043652
vocseg__app1,no_sharing,148.2593,57.9784,52.7608,51.2916,0.0031,0.8488,2.1927,0.0,5.2176,1778783726691703007
vocseg__app1,no_sharing,148.7282,59.8438,54.7014,51.4441,0.0039,2.5218,2.3119,0.0,5.1424,1778783727160777200
vocseg__app1,no_sharing,149.2399,77.6615,72.7386,67.7891,0.0032,4.377,2.141,0.0,4.923,1778783727672203502
vocseg__app1,no_sharing,150.6887,56.7343,51.705,50.5447,0.0029,0.6055,2.3532,0.0,5.0293,1778783729121320687
vocseg__app1,no_sharing,151.1171,57.8959,53.0066,51.2093,0.003,1.198,1.9526,0.0,4.8893,1778783729549196677
vocseg__app1,no_sharing,151.8311,87.5654,82.4069,81.1472,0.0038,0.6741,2.5029,0.0,5.1585,1778783730263868434
vocseg__app1,no_sharing,152.005,57.0664,52.1967,50.9127,0.0039,0.7053,1.9026,0.0,4.8697,1778783730437068783
vocseg__app1,no_sharing,152.8596,90.1623,83.667,82.3189,0.0028,0.7586,2.3685,0.0,6.4953,1778783731292184136
vocseg__app1,no_sharing,153.2105,57.1916,52.2262,50.7444,0.0028,0.8504,1.9979,0.0,4.9654,1778783731642696242
vocseg__app1,no_sharing,153.35,57.6272,52.7396,51.6657,0.0029,0.6178,2.301,0.0,4.8876,1778783731782548532
vocseg__app1,no_sharing,153.5704,60.564,55.9523,53.0017,0.0027,2.3854,1.8528,0.0,4.6118,1778783732002459949
vocseg__app1,no_sharing,154.376,65.0301,59.9945,56.9437,0.0033,2.4411,2.3417,0.0,5.0356,1778783732808619386
vocseg__app1,no_sharing,154.3935,134.8536,84.335,82.5577,0.0037,0.6646,47.4796,0.0,50.5186,1778783732871190749
vocseg__app1,no_sharing,155.1315,57.1365,51.1519,50.0419,0.003,0.6303,3.3658,0.0,5.9846,1778783733565056510
vocseg__app1,no_sharing,155.2398,57.2805,52.7721,51.3315,0.0026,0.9043,1.821,0.0,4.5084,1778783733671818221
vocseg__app1,no_sharing,156.655,70.4911,64.5418,63.3343,0.0029,0.6254,3.3021,0.0,5.9493,1778783735088536650
vocseg__app1,no_sharing,157.737,67.8391,62.9345,57.5749,0.0032,4.7366,2.0189,0.0,4.9046,1778783736169200051
vocseg__app1,no_sharing,158.1151,57.0142,51.9504,50.7919,0.0027,0.6066,2.4514,0.0,5.0638,1778783736547796993
vocseg__app1,no_sharing,158.3125,57.3852,52.4328,51.1059,0.0033,0.7238,1.9236,0.0,4.9524,1778783736744583670
vocseg__app1,no_sharing,158.3261,110.003,63.4994,62.1919,0.0029,0.6423,43.4937,0.0,46.5036,1778783736799825050
vocseg__app1,no_sharing,159.351,79.493,74.8069,69.9404,0.0035,4.3006,1.9691,0.0,4.6862,1778783737783104088
vocseg__app1,no_sharing,160.2292,60.6744,55.7426,54.4771,0.0028,0.6885,2.188,0.0,4.9318,1778783738661559803
vocseg__app1,no_sharing,160.9194,59.7277,54.7762,52.2584,0.0028,1.9252,1.9982,0.0,4.9515,1778783739351580021
vocseg__app1,no_sharing,161.8744,61.3649,56.2322,53.1037,0.003,2.5145,2.4145,0.0,5.1327,1778783740307010876
vocseg__app1,no_sharing,162.148,58.3909,53.4399,51.4772,0.0029,1.372,1.9877,0.0,4.9509,1778783740580161343
vocseg__app1,no_sharing,162.3678,57.8651,52.8053,51.6971,0.0027,0.6356,2.4345,0.0,5.0599,1778783740800486833
vocseg__app1,no_sharing,162.8344,58.3045,53.3387,51.5019,0.0032,1.2227,2.0092,0.0,4.9658,1778783741266549629
vocseg__app1,no_sharing,164.0989,59.8001,54.8802,53.6692,0.0028,0.6402,2.2511,0.0,4.9199,1778783742531402945
vocseg__app1,no_sharing,164.6797,56.4566,51.7196,48.6833,0.0035,2.4567,1.9693,0.0,4.7369,1778783743111904483
vocseg__app1,no_sharing,164.9157,56.1843,51.2518,50.0978,0.0025,0.5886,2.3453,0.0,4.9325,1778783743348264650
vocseg__app1,no_sharing,165.1182,62.0852,57.2479,52.3141,0.0037,4.323,2.0027,0.0,4.8372,1778783743550427844
vocseg__app1,no_sharing,165.3532,64.1766,57.6989,56.5716,0.0031,0.6125,2.5821,0.0,6.4776,1778783743785968266
vocseg__app1,no_sharing,165.7771,79.1075,74.1596,68.7404,0.0033,4.2247,2.0375,0.0,4.9479,1778783744209277767
vocseg__app1,no_sharing,166.1729,57.6003,50.9129,49.799,0.0041,0.6222,3.9697,0.0,6.6874,1778783744607139213
vocseg__app1,no_sharing,166.5781,88.742,82.6589,78.4781,0.003,3.5795,2.11,0.0,6.0831,1778783745010352117
vocseg__app1,no_sharing,166.9765,89.3373,82.0027,78.5925,0.0035,2.7222,3.9661,0.0,7.3347,1778783745410685159
vocseg__app1,no_sharing,167.1015,65.1696,59.7957,57.2384,0.0029,1.9845,2.3878,0.0,5.3739,1778783745534017235
vocseg__app1,no_sharing,169.0663,89.8001,83.5998,82.3324,0.0036,0.6682,3.4955,0.0,6.2004,1778783747499985076
vocseg__app1,no_sharing,169.4174,71.018,66.1828,64.5051,0.0037,1.0368,1.9231,0.0,4.8352,1778783747849496564
vocseg__app1,no_sharing,169.9471,69.9387,64.7575,61.5399,0.0033,2.604,2.465,0.0,5.1811,1778783748379832032
vocseg__app1,no_sharing,170.402,73.2803,67.568,63.1104,0.0033,3.8239,1.9786,0.0,5.7123,1778783748834132521
vocseg__app1,no_sharing,172.9659,61.909,56.6198,53.3701,0.0027,2.6586,2.5501,0.0,5.2891,1778783751398671089
vocseg__app1,no_sharing,173.0725,60.8585,56.1567,55.0646,0.0029,0.5971,1.8237,0.0,4.7018,1778783751504506410
vocseg__app1,no_sharing,173.5289,58.1291,52.9705,51.6934,0.0033,0.6458,2.486,0.0,5.1585,1778783751961598693
vocseg__app1,no_sharing,174.076,57.9784,52.9669,51.4209,0.0035,0.8689,2.1605,0.0,5.0115,1778783752508328964
vocseg__app1,no_sharing,174.4274,56.8063,51.7165,50.5033,0.0034,0.6214,2.3839,0.0,5.0899,1778783752860042066
vocseg__app1,no_sharing,174.5785,85.5265,80.6441,75.2189,0.0039,4.8055,2.0378,0.0,4.8824,1778783753010772153
vocseg__app1,no_sharing,177.0765,57.5171,52.2102,51.0168,0.0033,0.6237,2.423,0.0,5.3068,1778783755509119762
vocseg__app1,no_sharing,177.1011,102.6728,66.585,65.3988,0.0027,0.6241,32.8984,0.0,36.0879,1778783755564131439
vocseg__app1,no_sharing,177.2049,65.1894,58.4355,57.2295,0.0031,0.639,3.828,0.0,6.7539,1778783755638978598
vocseg__app1,no_sharing,177.6023,88.4554,83.5322,79.9477,0.0035,2.959,2.1636,0.0,4.9232,1778783756034654152
vocseg__app1,no_sharing,179.0395,57.2145,51.0378,49.8514,0.0028,0.6157,3.3393,0.0,6.1767,1778783757473087306
vocseg__app1,no_sharing,179.3762,56.9777,51.6531,48.7909,0.003,2.2621,2.2626,0.0,5.3247,1778783757808687396
vocseg__app1,no_sharing,179.5053,71.5799,65.5891,64.4824,0.0029,0.632,3.1614,0.0,5.9908,1778783757938628002
vocseg__app1,no_sharing,180.0029,77.9018,71.391,68.9285,0.0038,1.8452,2.2783,0.0,6.5108,1778783758435386116
vocseg__app1,no_sharing,180.5441,57.9429,51.6777,50.4736,0.0033,0.6185,3.3054,0.0,6.2651,1778783758977650286
vocseg__app1,no_sharing,180.7124,56.5505,50.903,47.8989,0.0029,2.4413,1.9794,0.0,5.6475,1778783759144517186
vocseg__app1,no_sharing,181.0423,58.718,52.3066,51.1,0.0028,0.6355,2.5549,0.0,6.4114,1778783759475095588
vocseg__app1,no_sharing,181.4004,89.6699,84.3709,82.9477,0.0027,0.941,2.4679,0.0,5.2991,1778783759833174296
vocseg__app1,no_sharing,181.8294,57.3857,52.3872,50.9994,0.0041,0.7685,2.0044,0.0,4.9985,1778783760261604757
vocseg__app1,no_sharing,181.9641,90.3294,84.4007,78.8435,0.0035,4.9509,2.1348,0.0,5.9287,1778783760396452951
vocseg__app1,no_sharing,182.7975,57.229,52.2858,50.114,0.0032,1.5343,1.8809,0.0,4.9433,1778783761229604640
vocseg__app1,no_sharing,182.878,82.7456,77.6475,74.4502,0.0039,2.6349,2.3232,0.0,5.098,1778783761310549350
vocseg__app1,no_sharing,183.3813,56.999,52.0932,50.7526,0.0029,0.6995,2.0487,0.0,4.9057,1778783761813484197
vocseg__app1,no_sharing,183.4018,105.5799,65.1339,62.5529,0.0035,1.9615,36.2167,0.0,40.446,1778783761868239154
vocseg__app1,no_sharing,183.7822,57.2517,52.5218,50.8342,0.0027,1.1105,1.8079,0.0,4.7299,1778783762214209662
vocseg__app1,no_sharing,187.6356,78.8174,72.8597,71.6592,0.0035,0.6252,3.3252,0.0,5.9577,1778783766069173441
vocseg__app1,no_sharing,188.4766,56.772,51.0898,48.1116,0.0028,2.4678,2.1265,0.0,5.6822,1778783766908939109
vocseg__app1,no_sharing,188.8136,57.5087,51.5677,50.3917,0.0033,0.6121,2.6038,0.0,5.941,1778783767246438012
vocseg__app1,no_sharing,188.9764,86.0085,81.6235,80.0325,0.0038,0.8537,1.75,0.0,4.3851,1778783767408284428
vocseg__app1,no_sharing,189.3248,60.4846,55.5942,54.4046,0.0035,0.6084,2.1913,0.0,4.8904,1778783767757212141
vocseg__app1,no_sharing,191.0577,59.0832,54.0601,52.3669,0.0032,0.6145,2.1346,0.0,5.0232,1778783769490004672
vocseg__app1,no_sharing,192.7826,57.1458,51.5674,50.3635,0.0029,0.6175,2.5589,0.0,5.5784,1778783771215451675
vocseg__app1,no_sharing,193.6216,59.1459,52.3665,51.0303,0.003,0.6843,2.3112,0.0,6.7794,1778783772054151474
vocseg__app1,no_sharing,193.8501,58.2042,52.7452,51.5829,0.0029,0.5871,2.485,0.0,5.4589,1778783772282794386
vocseg__app1,no_sharing,194.3764,55.846,51.126,49.899,0.0027,0.6096,2.0087,0.0,4.72,1778783772808600618
vocseg__app1,no_sharing,194.4714,65.2924,60.2133,58.9853,0.0036,0.6452,2.3863,0.0,5.079,1778783772903973807
vocseg__app1,no_sharing,194.5399,65.0845,60.4434,57.3966,0.0031,2.4035,1.6873,0.0,4.6411,1778783772971722314
vocseg__app1,no_sharing,195.1942,58.4676,53.1544,51.9689,0.003,0.6313,2.4376,0.0,5.3133,1778783773626834248
vocseg__app1,no_sharing,195.2189,99.6246,62.7954,61.7406,0.003,0.6077,33.8788,0.0,36.8292,1778783773682974783
vocseg__app1,no_sharing,195.5855,57.4627,50.8577,49.6589,0.0027,0.6116,3.8929,0.0,6.605,1778783774019597864
vocseg__app1,no_sharing,195.8965,56.4234,51.6399,49.7475,0.003,1.4052,1.7307,0.0,4.7835,1778783774328422937
vocseg__app1,no_sharing,196.0413,58.4362,52.0946,50.9825,0.004,0.6242,2.3544,0.0,6.3415,1778783774473846210
vocseg__app1,no_sharing,196.0984,67.0407,62.3009,60.7208,0.0027,1.0092,1.6153,0.0,4.7398,1778783774530258980
vocseg__app1,no_sharing,196.5101,57.8609,52.2748,51.0251,0.0031,0.6538,2.5191,0.0,5.586,1778783774942884055
vocseg__app1,no_sharing,197.6688,57.054,52.0498,50.6457,0.0029,0.8413,1.965,0.0,5.0043,1778783776100985637
vocseg__app1,no_sharing,198.4261,58.9154,54.0217,52.8435,0.0027,0.6054,2.2247,0.0,4.8937,1778783776858546290
vocseg__app1,no_sharing,198.8376,57.1151,52.1958,50.9689,0.0031,0.6323,1.9364,0.0,4.9193,1778783777269709281
vocseg__app1,no_sharing,199.2045,57.8921,52.8687,51.6779,0.0038,0.6657,2.2941,0.0,5.0234,1778783777637015037
vocseg__app1,no_sharing,200.0778,100.8909,95.2422,90.4179,0.0032,4.217,1.8642,0.0,5.6487,1778783778509845688
vocseg__app1,no_sharing,200.3713,55.9835,49.9441,48.7338,0.0031,0.6406,3.3624,0.0,6.0395,1778783778804902725
vocseg__app1,no_sharing,200.6743,67.522,61.8118,56.8649,0.0029,3.8433,1.9279,0.0,5.7103,1778783779106449231
vocseg__app1,no_sharing,200.7695,64.7726,59.8215,58.7307,0.0027,0.6255,2.2831,0.0,4.9511,1778783779202023812
vocseg__app1,no_sharing,200.9655,60.7195,55.7963,52.7226,0.0029,2.4133,1.8716,0.0,4.9232,1778783779397591407
vocseg__app1,no_sharing,203.0129,56.5941,51.5849,50.4226,0.0031,0.6042,2.3305,0.0,5.0092,1778783781445467101
vocseg__app1,no_sharing,203.5502,58.0435,52.9236,51.1616,0.0032,1.1684,2.0719,0.0,5.1199,1778783781982463895
vocseg__app1,no_sharing,203.7676,61.8093,56.6264,55.5033,0.0026,0.6411,2.5198,0.0,5.183,1778783782200369045
vocseg__app1,no_sharing,205.2631,97.1367,91.5452,88.1118,0.0034,2.7772,1.9164,0.0,5.5916,1778783783695142327
vocseg__app1,no_sharing,205.4732,59.5348,51.9946,50.7297,0.0031,0.6445,4.1196,0.0,7.5402,1778783783907579410
vocseg__app1,no_sharing,205.5203,78.8777,63.4716,62.2537,0.0031,0.6315,12.5124,0.0,15.4061,1778783783963072602
vocseg__app1,no_sharing,205.5451,119.4456,62.3764,61.1377,0.0031,0.6736,54.1086,0.0,57.0692,1778783784029515395
vocseg__app1,no_sharing,205.6718,63.6399,58.1513,56.4051,0.0028,1.1941,2.2969,0.0,5.4886,1778783784104287066
vocseg__app1,no_sharing,205.8006,68.3358,61.9209,60.7317,0.0027,0.6084,3.7904,0.0,6.4148,1778783784234659378
vocseg__app1,no_sharing,206.6574,57.5612,52.3743,50.9749,0.0031,0.7946,2.0044,0.0,5.1869,1778783785089548382
vocseg__app1,no_sharing,206.7362,62.3322,57.4217,56.2139,0.0036,0.6221,2.2507,0.0,4.9104,1778783785168661048
vocseg__app1,no_sharing,206.9994,56.7641,51.8278,50.5987,0.004,0.6414,1.9658,0.0,4.9363,1778783785431548085
vocseg__app1,no_sharing,207.1395,58.2838,52.6776,51.4415,0.0036,0.6469,2.7056,0.0,5.6062,1778783785572437421
vocseg__app1,no_sharing,207.5484,57.4162,52.036,50.6301,0.0031,0.733,2.1639,0.0,5.3802,1778783785980710447
vocseg__app1,no_sharing,208.3725,57.2937,51.9154,50.798,0.0033,0.6212,2.4519,0.0,5.3783,1778783786805170842
vocseg__app1,no_sharing,208.7817,58.5427,53.3448,51.3662,0.0028,1.3692,2.0134,0.0,5.1979,1778783787213897262
vocseg__app1,no_sharing,208.8025,126.0684,86.1234,82.8414,0.0032,2.6511,37.1916,0.0,39.9449,1778783787270020987
vocseg__app1,no_sharing,209.3772,65.8498,61.0961,56.8878,0.0033,3.5061,1.9989,0.0,4.7537,1778783787809394912
vocseg__app1,no_sharing,209.733,91.1384,84.5498,81.3425,0.0031,2.6948,2.4452,0.0,6.5886,1778783788165690899
vocseg__app1,no_sharing,209.8693,63.6346,56.4598,55.2464,0.0031,0.6374,2.5923,0.0,7.1748,1778783788302047768
vocseg__app1,no_sharing,210.3674,58.8584,52.489,51.2761,0.0036,0.6665,2.5094,0.0,6.3694,1778783788800132575
vocseg__app1,no_sharing,210.6067,68.7199,62.4159,60.6344,0.0032,1.2474,1.8063,0.0,6.304,1778783789038683807
vocseg__app1,no_sharing,210.7898,58.8734,52.4407,51.2494,0.0027,0.6101,2.5535,0.0,6.4327,1778783789222569134
vocseg__app1,no_sharing,213.6158,59.0267,52.2503,50.9544,0.0031,0.6727,2.1586,0.0,6.7764,1778783792048105150
vocseg__app1,no_sharing,213.7501,67.0671,61.769,58.5463,0.0037,2.6203,2.6102,0.0,5.2981,1778783792182945380
vocseg__app1,no_sharing,213.9866,56.6833,51.3573,48.4199,0.003,2.3929,1.9648,0.0,5.326,1778783792418732288
vocseg__app1,no_sharing,214.7015,59.9713,54.6147,53.4617,0.0028,0.5958,2.7251,0.0,5.3566,1778783793134428479
vocseg__app1,no_sharing,215.1293,58.1868,53.2573,51.5037,0.003,1.1975,1.9615,0.0,4.9294,1778783793561457063
vocseg__app1,no_sharing,216.7157,55.8798,50.3098,48.9942,0.0033,0.7276,2.4903,0.0,5.57,1778783795148439946
vocseg__app1,no_sharing,218.611,58.4559,53.3027,51.38,0.0031,1.3437,2.0847,0.0,5.1532,1778783797043294259
vocseg__app1,no_sharing,219.2076,57.4753,52.0772,50.862,0.0032,0.601,2.6937,0.0,5.3982,1778783797640580514
vocseg__app1,no_sharing,219.2844,62.4673,57.704,55.9626,0.0029,1.1905,1.6809,0.0,4.7633,1778783797716206268
vocseg__app1,no_sharing,219.3881,58.8121,53.438,52.252,0.0047,0.6116,2.4531,0.0,5.3741,1778783797820758250
vocseg__app1,no_sharing,219.4047,107.8644,62.7052,61.6282,0.0027,0.6278,42.2528,0.0,45.1592,1778783797877108466
vocseg__app1,no_sharing,219.6036,91.7625,83.8546,82.2952,0.003,0.9285,4.1857,0.0,7.9079,1778783798037961675
vocseg__app1,no_sharing,219.6557,133.0028,90.3805,89.2329,0.0038,0.6682,39.5958,0.0,42.6222,1778783798125537284
vocseg__app1,no_sharing,219.7577,96.8876,63.6359,62.0496,0.0027,0.6303,30.6568,0.0,33.2516,1778783798218610243
vocseg__app1,no_sharing,221.2037,56.155,51.0849,48.2427,0.0041,2.2468,2.0394,0.0,5.0701,1778783799635953402
vocseg__app1,no_sharing,221.3442,56.5147,51.5061,50.2644,0.0037,0.6518,2.3539,0.0,5.0087,1778783799776803874
vocseg__app1,no_sharing,221.9254,57.4639,52.3064,50.8671,0.0033,0.7478,2.0542,0.0,5.1575,1778783800357598441
vocseg__app1,no_sharing,222.4456,57.971,52.5699,51.3086,0.0028,0.6577,2.6786,0.0,5.4011,1778783800878505384
vocseg__app1,no_sharing,223.2532,58.2926,53.3004,51.3561,0.0034,1.2944,1.9855,0.0,4.9922,1778783801685362827
vocseg__app1,no_sharing,223.406,57.1554,51.9434,50.7842,0.0032,0.6019,2.5918,0.0,5.2119,1778783801838817765
vocseg__app1,no_sharing,224.8094,59.4456,54.4557,52.0565,0.0027,1.8184,1.9636,0.0,4.9899,1778783803241531079
vocseg__app1,no_sharing,224.9632,57.7734,52.7434,51.6143,0.0035,0.6255,2.3749,0.0,5.03,1778783803395792068
vocseg__app1,no_sharing,225.2682,81.7018,76.7828,74.8184,0.0032,1.2298,2.0974,0.0,4.919,1778783803700503992
vocseg__app1,no_sharing,227.145,56.9448,51.9795,50.7914,0.0032,0.606,2.3713,0.0,4.9653,1778783805577572185
vocseg__app1,no_sharing,227.6443,56.3068,51.5927,48.5902,0.0028,2.3918,1.9467,0.0,4.7141,1778783806076472984
vocseg__app1,no_sharing,227.668,98.7449,62.9509,61.0212,0.004,1.3254,32.3641,0.0,35.7939,1778783806130669415
vocseg__app1,no_sharing,228.4058,82.8943,77.1232,72.6405,0.0036,3.8656,2.0082,0.0,5.7711,1778783806837952294
vocseg__app1,no_sharing,228.4342,125.1462,67.9489,66.4437,0.017,0.8788,54.2934,0.0,57.1972,1778783806918740246
vocseg__app1,no_sharing,228.5219,99.9599,59.9491,58.8079,0.0032,0.6134,37.3766,0.0,40.0107,1778783806989434168
vocseg__app1,no_sharing,228.8903,57.976,51.854,50.6577,0.0033,0.6208,3.4862,0.0,6.122,1778783807324044262
vocseg__app1,no_sharing,230.5902,59.5596,55.0495,53.8154,0.003,0.6944,1.7664,0.0,4.5101,1778783809022180598
vocseg__app1,no_sharing,230.8852,83.0188,77.6056,74.3309,0.0032,2.6528,2.6188,0.0,5.4131,1778783809318106050
vocseg__app1,no_sharing,231.4298,56.1264,51.5269,50.3946,0.0038,0.604,1.9617,0.0,4.5994,1778783809861919092
vocseg__app1,no_sharing,232.2626,58.0173,52.9195,50.8384,0.0026,0.9389,2.4116,0.0,5.0978,1778783810695240207
vocseg__app1,no_sharing,234.149,89.8201,83.9977,82.6767,0.003,0.6972,2.0404,0.0,5.8224,1778783812581215469
vocseg__app1,no_sharing,234.3558,57.586,50.9378,49.7769,0.0032,0.6479,3.8819,0.0,6.6481,1778783812789915323
vocseg__app1,no_sharing,234.3668,117.9025,68.8127,67.545,0.003,0.7498,46.4618,0.0,49.0898,1778783812843504297
vocseg__app1,no_sharing,234.4157,134.4812,62.9019,61.6353,0.0032,0.738,68.9492,0.0,71.5793,1778783812914957770
vocseg__app1,no_sharing,234.538,75.0675,59.8869,58.6771,0.0027,0.7154,12.254,0.0,15.1806,1778783812980433590
vocseg__app1,no_sharing,234.6383,59.9871,53.4337,52.1075,0.0037,0.7296,3.85,0.0,6.5534,1778783813072366611
vocseg__app1,no_sharing,235.6894,69.6256,64.4408,61.1529,0.0032,2.6582,2.4889,0.0,5.1848,1778783814122063577
vocseg__app1,no_sharing,235.7522,96.1704,86.6994,85.3147,0.004,0.8346,6.8009,0.0,9.471,1778783814189187761
vocseg__app1,no_sharing,235.7872,126.4558,62.7286,61.4816,0.0029,0.7283,61.1007,0.0,63.7272,1778783814278531871
vocseg__app1,no_sharing,235.8606,143.0995,87.2751,84.1858,0.0031,2.5729,52.9683,0.0,55.8244,1778783814343909944
vocseg__app1,no_sharing,235.953,118.7661,64.935,63.5137,0.0048,0.7878,50.6887,0.0,53.831,1778783814433870300
vocseg__app1,no_sharing,236.3953,61.1155,54.415,51.2487,0.0029,2.6439,3.9005,0.0,6.7005,1778783814829460354
vocseg__app1,no_sharing,236.5746,57.966,53.1591,51.4932,0.0032,1.0869,1.9987,0.0,4.8069,1778783815006799487
vocseg__app1,no_sharing,237.0632,55.7084,50.2306,48.9703,0.003,0.7819,2.4805,0.0,5.4778,1778783815495891985
vocseg__app1,no_sharing,237.3524,56.4895,51.1352,48.1424,0.0029,2.4899,1.9898,0.0,5.3543,1778783815784558454
vocseg__app1,no_sharing,237.3982,81.1274,67.3926,65.8183,0.0027,0.9856,10.4597,0.0,13.7348,1778783815838884506
vocseg__app1,no_sharing,237.4121,161.3741,90.1884,86.8786,0.003,2.6856,66.9882,0.0,71.1856,1778783815909319183
vocseg__app1,no_sharing,238.639,55.8605,50.8011,49.6889,0.0026,0.617,2.3775,0.0,5.0594,1778783817071581998
vocseg__app1,no_sharing,239.5055,63.4909,58.3358,56.4704,0.0033,1.1535,2.0847,0.0,5.1551,1778783817937742445
vocseg__app1,no_sharing,239.6273,57.328,52.2203,51.0037,0.0033,0.6375,2.4247,0.0,5.1077,1778783818059961950
vocseg__app1,no_sharing,240.0479,78.5558,73.8296,72.4612,0.0036,0.7202,1.9109,0.0,4.7262,1778783818479936276
vocseg__app1,no_sharing,240.6967,76.9944,70.0902,68.7991,0.003,0.7972,2.3487,0.0,6.9043,1778783819129243836
vocseg__app1,no_sharing,240.768,72.0966,62.1142,60.9724,0.0032,0.6068,5.79,0.0,9.9824,1778783819203961672
vocseg__app1,no_sharing,241.5255,73.4363,67.3213,64.2904,0.0027,2.448,3.4945,0.0,6.115,1778783819959231961
vocseg__app1,no_sharing,241.6062,98.3355,94.1318,90.9491,0.0031,2.5828,1.5347,0.0,4.2037,1778783820037866836
vocseg__app1,no_sharing,243.9212,57.9724,52.0314,50.8462,0.0034,0.642,3.2647,0.0,5.9411,1778783822354689148
vocseg__app1,no_sharing,245.0238,56.3183,51.4892,48.461,0.0032,2.4066,1.9772,0.0,4.829,1778783823455971020
vocseg__app1,no_sharing,245.2075,57.4696,52.5975,51.5156,0.0032,0.6095,2.2709,0.0,4.8721,1778783823640046432
vocseg__app1,no_sharing,245.5896,97.4412,91.3568,83.9223,0.0028,6.8146,1.8957,0.0,6.0844,1778783824021644253
vocseg__app1,no_sharing,247.4304,67.1968,62.2407,58.9854,0.0041,2.6387,2.3391,0.0,4.9562,1778783825862985908
vocseg__app1,no_sharing,247.5929,86.7438,81.834,80.6294,0.003,0.6396,2.0909,0.0,4.9098,1778783826025176590
vocseg__app1,no_sharing,248.5468,56.9665,51.7267,50.5958,0.0029,0.6262,2.3913,0.0,5.2398,1778783826979463182
vocseg__app1,no_sharing,249.3228,57.6744,52.5415,50.9435,0.0033,1.0002,2.2461,0.0,5.1329,1778783827755203341
vocseg__app1,no_sharing,249.4879,58.2657,53.005,51.814,0.003,0.6418,2.5401,0.0,5.2606,1778783827920679338
vocseg__app1,no_sharing,249.6084,58.9118,54.0605,51.8569,0.0026,1.6967,1.9124,0.0,4.8513,1778783828040534195
vocseg__app1,no_sharing,249.8178,57.7185,52.5444,51.3026,0.0031,0.6539,2.3377,0.0,5.1741,1778783828250341119
vocseg__app1,no_sharing,249.8343,109.4782,65.0248,63.6057,0.0035,0.798,41.1866,0.0,44.4535,1778783828305671020
vocseg__app1,no_sharing,250.0021,94.8439,86.8918,81.6008,0.0032,4.7564,3.9909,0.0,7.9521,1778783828436301336
vocseg__app1,no_sharing,250.418,58.2631,53.3069,51.2896,0.0027,0.8923,2.068,0.0,4.9561,1778783828850286562
vocseg__app1,no_sharing,250.8739,89.0012,83.1437,80.0748,0.0029,2.4455,2.4216,0.0,5.8575,1778783829306599682
vocseg__app1,no_sharing,251.2765,73.6456,68.8678,64.9301,0.005,2.3263,1.9424,0.0,4.7778,1778783829708670052
vocseg__app1,no_sharing,251.2852,220.6078,152.3989,150.0323,0.0034,0.8627,65.1081,0.0,68.2089,1778783829780474180
vocseg__app1,no_sharing,251.3418,165.7808,152.3989,150.0323,0.0034,0.8627,8.5185,0.0,13.3819,1778783829780474180
vocseg__app1,no_sharing,251.3925,178.6761,59.6566,57.1197,0.0026,2.0542,115.3255,0.0,119.0195,1778783829938029578
vocseg__app1,no_sharing,252.0517,109.5433,104.1282,97.0388,0.0029,6.4566,2.6431,0.0,5.4152,1778783830484538554
vocseg__app1,no_sharing,252.5831,57.7676,51.9182,50.747,0.0029,0.594,3.2246,0.0,5.8494,1778783831016531101
vocseg__app1,no_sharing,253.47,75.1245,70.2135,65.6591,0.0034,3.9053,2.0993,0.0,4.911,1778783831902313593
vocseg__app1,no_sharing,254.0666,57.1642,50.951,49.5715,0.0033,0.835,3.3789,0.0,6.2132,1778783832500247543
vocseg__app1,no_sharing,254.151,59.2012,54.7542,53.5479,0.003,0.6221,1.7917,0.0,4.4471,1778783832583001766
vocseg__app1,no_sharing,254.5868,73.5567,68.4392,65.0913,0.0032,2.7685,2.5339,0.0,5.1175,1778783833019610514
vocseg__app1,no_sharing,254.8889,58.5959,53.7014,51.5986,0.0036,1.4135,1.833,0.0,4.8944,1778783833320921778
vocseg__app1,no_sharing,255.3519,57.2128,51.7924,50.4104,0.0039,0.7052,2.6975,0.0,5.4205,1778783833784813864
vocseg__app1,no_sharing,255.8039,58.089,52.9789,51.3081,0.0034,0.912,2.0156,0.0,5.1101,1778783834236147174
vocseg__app1,no_sharing,256.1496,57.2598,52.2183,50.8393,0.0039,0.7674,2.4333,0.0,5.0415,1778783834582291232
vocseg__app1,no_sharing,256.6007,96.7524,90.8152,83.1569,0.0028,6.9877,1.9057,0.0,5.9372,1778783835032766907
vocseg__app1,no_sharing,256.6723,114.9261,86.3195,83.277,0.0035,2.3542,25.1062,0.0,28.6066,1778783835127616749
vocseg__app1,no_sharing,257.164,111.9514,104.9456,97.5754,0.0039,6.659,2.7812,0.0,7.0058,1778783835596930793
vocseg__app1,no_sharing,257.4398,59.6154,52.9096,51.6782,0.0033,0.6139,4.1037,0.0,6.7058,1778783835874115550
vocseg__app1,no_sharing,257.7869,58.9936,53.996,51.7835,0.0037,1.5758,2.0373,0.0,4.9975,1778783836219136954
vocseg__app1,no_sharing,257.8792,84.0118,76.8592,75.215,0.0041,0.6262,3.5732,0.0,7.1526,1778783836313063786
vocseg__app1,no_sharing,257.9619,67.054,62.578,60.9367,0.0027,1.0634,1.5461,0.0,4.476,1778783836393586839
vocseg__app1,no_sharing,258.0035,90.6014,62.0735,60.9453,0.0033,0.6834,25.2695,0.0,28.528,1778783836459062941
vocseg__app1,no_sharing,259.5127,56.0749,51.4716,50.3656,0.0028,0.614,1.981,0.0,4.6033,1778783837944858881
vocseg__app1,no_sharing,259.9946,60.6785,55.8522,54.7238,0.0031,0.6427,2.1842,0.0,4.8263,1778783838427026436
vocseg__app1,no_sharing,260.0132,111.9328,66.918,63.7351,0.003,2.6162,42.1948,0.0,45.0148,1778783838485559428
vocseg__app1,no_sharing,260.2183,58.3608,51.3199,50.1553,0.0043,0.6531,4.3833,0.0,7.041,1778783838652936081
vocseg__app1,no_sharing,260.4832,56.4723,51.4538,48.4311,0.0028,2.4536,1.8036,0.0,5.0185,1778783838915150583
vocseg__app1,no_sharing,260.6688,58.3842,52.7646,51.5093,0.0032,0.6612,2.4483,0.0,5.6195,1778783839101465462
vocseg__app1,no_sharing,260.7945,59.514,54.5481,52.3479,0.0031,1.6217,1.8532,0.0,4.966,1778783839226505698
vocseg__app1,no_sharing,261.4904,57.3869,51.9971,50.7962,0.0037,0.6752,2.5105,0.0,5.3898,1778783839923100180
vocseg__app1,no_sharing,261.5343,127.3634,111.1277,108.2728,0.0027,1.1464,13.3746,0.0,16.2358,1778783839977847445
vocseg__app1,no_sharing,261.5372,126.761,111.1277,108.2728,0.0027,1.1464,10.4163,0.0,15.6333,1778783839977847445
vocseg__app1,no_sharing,261.8665,86.3006,80.7049,78.1283,0.0033,1.9529,2.949,0.0,5.5957,1778783840299626246
vocseg__app1,no_sharing,262.2646,57.1568,52.028,50.666,0.0038,0.7177,2.3997,0.0,5.1288,1778783840697261629
vocseg__app1,no_sharing,264.4192,57.7648,53.2428,51.5347,0.003,1.1509,1.8342,0.0,4.522,1778783842851236238
vocseg__app1,no_sharing,264.8344,79.5641,73.2677,72.0228,0.0026,0.7603,3.6025,0.0,6.2964,1778783843268247266
vocseg__app1,no_sharing,265.0463,57.1027,52.2655,50.7061,0.0028,0.8743,2.1486,0.0,4.8372,1778783843478618813
vocseg__app1,no_sharing,265.3794,57.5857,52.486,51.1595,0.0033,0.6874,2.4459,0.0,5.0997,1778783843812135513
vocseg__app1,no_sharing,265.8542,57.6296,52.527,51.0244,0.0035,0.7125,2.0509,0.0,5.1026,1778783844286402483
vocseg__app1,no_sharing,266.4958,59.2465,53.6056,51.0718,0.0027,2.0478,3.0551,0.0,5.641,1778783844929254398
vocseg__app1,no_sharing,266.4958,164.8397,102.8388,99.6499,0.0027,1.3608,59.3858,0.0,62.0009,1778783844985618534
vocseg__app1,no_sharing,266.5496,113.3733,102.8388,99.6499,0.0027,1.3608,5.8672,0.0,10.5345,1778783844985618534
vocseg__app1,no_sharing,267.217,69.4323,64.3301,61.0034,0.0031,2.6876,2.3875,0.0,5.1021,1778783845649598995
vocseg__app1,no_sharing,267.7909,68.1558,62.2972,57.0023,0.0045,4.4004,1.9684,0.0,5.8586,1778783846223064278
vocseg__app1,no_sharing,268.9167,57.1475,51.953,50.7076,0.0028,0.6504,2.5239,0.0,5.1945,1778783847349455869
vocseg__app1,no_sharing,269.2898,58.677,53.8218,51.7516,0.0027,1.4712,1.9746,0.0,4.8551,1778783847721932423
vocseg__app1,no_sharing,269.3304,162.6563,142.0495,140.469,0.0031,0.5361,18.0149,0.0,20.6068,1778783847778602428
vocseg__app1,no_sharing,269.3328,162.5819,142.0495,140.469,0.0031,0.5361,15.6152,0.0,20.5324,1778783847778602428
vocseg__app1,no_sharing,269.4297,275.1942,206.4111,172.3771,0.0031,11.1157,65.9151,0.0,68.7831,1778783847925895844
vocseg__app1,no_sharing,269.4634,243.5887,206.4111,172.3771,0.0031,11.1157,32.351,0.0,37.1776,1778783847925895844
vocseg__app1,no_sharing,269.4749,234.7376,206.4111,172.3771,0.0031,11.1157,20.7832,0.0,28.3266,1778783847925895844
vocseg__app1,no_sharing,269.5116,251.6878,51.1568,49.8314,0.0035,0.7185,197.4974,0.0,200.531,1778783848139316453
vocseg__app1,no_sharing,270.7484,58.0304,52.1249,50.7633,0.0042,0.79,3.2742,0.0,5.9055,1778783849181931293
vocseg__app1,no_sharing,271.1049,57.7886,52.8404,51.1348,0.003,1.0185,2.0022,0.0,4.9482,1778783849537079572
vocseg__app1,no_sharing,271.4389,57.0717,51.925,50.6828,0.0037,0.7267,2.562,0.0,5.1467,1778783849871712173
vocseg__app1,no_sharing,272.2763,58.0537,53.0408,51.257,0.0026,1.0936,1.9984,0.0,5.0129,1778783850708506232
vocseg__app1,no_sharing,272.9353,56.9849,51.9626,50.5508,0.0026,0.8247,2.3448,0.0,5.0223,1778783851367842688
vocseg__app1,no_sharing,273.2431,57.9219,52.8339,51.2872,0.0032,0.8373,2.1489,0.0,5.088,1778783851675453856
vocseg__app1,no_sharing,273.5401,57.122,52.1201,50.8319,0.003,0.7031,2.3689,0.0,5.0019,1778783851972697691
vocseg__app1,no_sharing,275.0125,69.2577,64.218,62.2894,0.0031,1.3948,1.9438,0.0,5.0398,1778783853444684126
vocseg__app1,no_sharing,275.6127,69.5319,63.1837,59.7027,0.0037,2.9488,2.6367,0.0,6.3483,1778783854045611953
vocseg__app1,no_sharing,275.8625,80.7903,76.0814,74.4092,0.0037,0.9755,1.9808,0.0,4.7089,1778783854294665581
vocseg__app1,no_sharing,277.1319,58.0823,52.9087,51.6741,0.0029,0.729,2.543,0.0,5.1737,1778783855564721386
vocseg__app1,no_sharing,277.5734,58.6684,54.0211,52.4057,0.0027,0.8776,1.9948,0.0,4.6473,1778783856005604956
vocseg__app1,no_sharing,277.7374,57.121,52.0769,50.9189,0.004,0.7022,2.4314,0.0,5.0441,1778783856170077873
vocseg__app1,no_sharing,277.9929,75.5994,70.9692,69.547,0.0041,0.7993,1.8923,0.0,4.6303,1778783856425011261
vocseg__app1,no_sharing,278.2139,57.5235,52.2662,50.9188,0.0029,0.7419,2.5201,0.0,5.2573,1778783856646617018
vocseg__app1,no_sharing,278.3784,57.8845,52.7393,51.0468,0.003,0.9357,1.9839,0.0,5.1451,1778783856810554005
vocseg__app1,no_sharing,279.0766,58.8691,53.3769,52.1925,0.0034,0.6622,2.4483,0.0,5.4922,1778783857509317626
vocseg__app1,no_sharing,279.7239,58.7504,53.6996,51.5869,0.0031,1.4435,2.0239,0.0,5.0508,1778783858156126644
vocseg__app1,no_sharing,280.2729,61.6748,56.2704,52.2026,0.0032,3.5032,2.4564,0.0,5.4044,1778783858705547392
vocseg__app1,no_sharing,280.7627,57.4932,52.478,51.0354,0.0031,0.7016,2.0132,0.0,5.0152,1778783859194941172
vocseg__app1,no_sharing,281.1168,58.2986,53.2183,51.8073,0.0037,0.787,2.3749,0.0,5.0802,1778783859549417420
vocseg__app1,no_sharing,281.2184,58.8529,54.0877,51.8993,0.0029,1.4174,1.9636,0.0,4.7652,1778783859650495469
vocseg__app1,no_sharing,281.2501,96.2389,65.8801,64.583,0.0034,0.71,26.973,0.0,30.3588,1778783859707297131
vocseg__app1,no_sharing,281.8251,56.0725,50.483,49.1345,0.0029,0.7786,2.6104,0.0,5.5895,1778783860257889917
vocseg__app1,no_sharing,284.0148,70.2279,64.0762,62.7848,0.0042,0.6668,3.4366,0.0,6.1517,1778783862448471299
vocseg__app1,no_sharing,284.4509,59.5562,54.9594,53.6569,0.0034,0.683,1.8611,0.0,4.5968,1778783862882962888
vocseg__app1,no_sharing,284.6989,56.9999,51.8585,50.6402,0.0032,0.6361,2.377,0.0,5.1414,1778783863131511548
vocseg__app1,no_sharing,285.1386,58.1658,53.5522,51.6991,0.0029,1.3246,1.9071,0.0,4.6136,1778783863570746465
vocseg__app1,no_sharing,285.1673,97.3878,65.1581,62.1897,0.0029,2.3932,29.3479,0.0,32.2297,1778783863626866855
vocseg__app1,no_sharing,285.2961,60.9581,55.5954,54.2372,0.0035,0.857,2.6209,0.0,5.3627,1778783863728921158
vocseg__app1,no_sharing,285.4143,58.027,53.0065,51.2955,0.003,0.6005,2.2783,0.0,5.0205,1778783863846805183
vocseg__app1,no_sharing,285.7785,85.6807,79.3224,75.858,0.0033,2.763,2.0132,0.0,6.3583,1778783864210644418
vocseg__app1,no_sharing,286.5174,84.4371,78.8514,77.531,0.0039,0.803,2.8753,0.0,5.5858,1778783864950589188
vocseg__app1,no_sharing,287.0727,57.9464,52.7886,51.1606,0.0028,0.8811,2.0647,0.0,5.1578,1778783865504965799
vocseg__app1,no_sharing,287.3221,57.7724,52.6943,51.1228,0.0033,0.7698,2.3689,0.0,5.0781,1778783865754747792
vocseg__app1,no_sharing,287.3971,94.2008,89.6085,86.7669,0.0041,2.3123,1.7383,0.0,4.5923,1778783865829054729
vocseg__app1,no_sharing,287.7039,59.2105,52.2197,51.0822,0.0031,0.6462,3.9933,0.0,6.9908,1778783866138132277
vocseg__app1,no_sharing,287.7703,64.1618,59.2527,56.9046,0.0031,1.7362,1.9603,0.0,4.909,1778783866202476740
vocseg__app1,no_sharing,287.8253,75.5465,63.4197,62.2742,0.0028,0.6135,8.9736,0.0,12.1268,1778783866264484021
vocseg__app1,no_sharing,288.1803,57.1587,51.2728,50.0608,0.0026,0.622,3.0546,0.0,5.8859,1778783866613582672
vocseg__app1,no_sharing,289.4666,66.8604,61.0067,59.6457,0.003,0.6179,3.1512,0.0,5.8537,1778783867900046060
vocseg__app1,no_sharing,289.4936,104.8901,61.8109,60.6387,0.0029,0.594,39.9337,0.0,43.0792,1778783867963756306
vocseg__app1,no_sharing,289.7293,83.1046,77.198,75.9417,0.004,0.652,3.0446,0.0,5.9066,1778783868162542675
vocseg__app1,no_sharing,290.1377,62.6013,57.752,56.2693,0.003,0.8664,1.9634,0.0,4.8493,1778783868569808586
vocseg__app1,no_sharing,290.2817,57.9767,52.8844,51.6616,0.0026,0.6307,2.2428,0.0,5.0923,1778783868714195087
vocseg__app1,no_sharing,290.5812,57.359,52.1882,50.9634,0.0033,0.6229,2.176,0.0,5.1708,1778783869013517400
vocseg__app1,no_sharing,291.0424,58.2213,52.9792,51.7904,0.0032,0.6664,2.4035,0.0,5.2422,1778783869475012420
vocseg__app1,no_sharing,291.3722,59.0272,54.1274,52.0537,0.003,1.4894,1.8518,0.0,4.8998,1778783869804266587
vocseg__app1,no_sharing,291.3838,115.5171,65.3682,64.1068,0.004,0.6872,46.9866,0.0,50.1489,1778783869861044886
vocseg__app1,no_sharing,291.6547,58.3713,52.4049,50.7784,0.0033,1.0436,2.9991,0.0,5.9664,1778783870087928622
vocseg__app1,no_sharing,292.1823,57.898,52.4723,50.6069,0.0035,0.6845,2.5396,0.0,5.4257,1778783870615078403
vocseg__app1,no_sharing,292.866,57.3056,52.178,50.9353,0.0031,0.6425,2.1853,0.0,5.1275,1778783871298391006
vocseg__app1,no_sharing,292.9646,58.7509,53.8673,52.7278,0.0028,0.6148,2.1429,0.0,4.8836,1778783871396981459
vocseg__app1,no_sharing,293.2782,57.5149,52.281,50.9035,0.0031,0.7441,2.1653,0.0,5.2339,1778783871710580754
vocseg__app1,no_sharing,293.834,56.9713,51.82,50.6391,0.0032,0.5902,2.4471,0.0,5.1513,1778783872266720511
vocseg__app1,no_sharing,294.1101,57.8346,52.7623,51.139,0.0027,1.0045,2.0559,0.0,5.0723,1778783872542293930
vocseg__app1,no_sharing,294.9663,105.546,99.0969,95.8221,0.0035,2.5027,3.7489,0.0,6.4491,1778783873400248539
vocseg__app1,no_sharing,295.0519,98.6683,75.5537,74.2014,0.0041,0.7656,20.0465,0.0,23.1146,1778783873502117147
vocseg__app1,no_sharing,295.5646,56.6478,50.4029,49.2353,0.0027,0.6001,3.5214,0.0,6.2449,1778783873998371933
vocseg__app1,no_sharing,295.6745,59.5005,54.3737,52.1076,0.0036,1.6842,2.0547,0.0,5.1267,1778783874106748940
vocseg__app1,no_sharing,296.7146,56.386,51.1974,50.0709,0.0032,0.6092,2.4223,0.0,5.1886,1778783875147272464
vocseg__app1,no_sharing,297.1689,82.0334,77.4961,74.4148,0.003,2.4515,1.852,0.0,4.5373,1778783875600970703
vocseg__app1,no_sharing,297.3066,58.7873,53.8021,52.6206,0.0033,0.638,2.2714,0.0,4.9852,1778783875739097226
vocseg__app1,no_sharing,298.4421,55.9559,51.2089,48.229,0.0027,2.4657,1.9732,0.0,4.7469,1778783876874228974
vocseg__app1,no_sharing,298.7244,80.9295,75.859,72.6685,0.003,2.6289,2.4235,0.0,5.0705,1778783877157038940
vocseg__app1,no_sharing,299.3531,55.6421,50.9019,47.8582,0.0041,2.3081,1.9829,0.0,4.7402,1778783877785283177
vocseg__app1,no_sharing,299.401,72.4373,62.1044,60.3313,0.003,1.3158,7.6144,0.0,10.3329,1778783877838846552
vocseg__app1,no_sharing,299.4287,109.8125,62.4393,60.8117,0.0031,1.046,44.718,0.0,47.3732,1778783877903595118
vocseg__app1,no_sharing,299.5315,73.4022,63.3942,61.5554,0.0029,1.3119,6.8266,0.0,10.008,1778783877968563634
vocseg__app1,no_sharing,299.8445,56.1874,51.5037,48.3994,0.0031,2.4199,1.929,0.0,4.6837,1778783878276660094
vocseg__app1,no_sharing,299.9862,75.0363,69.9867,66.6872,0.0038,2.7067,2.4176,0.0,5.0496,1778783878418808767
vocseg__app1,no_sharing,301.0898,57.4419,52.2896,50.7341,0.0038,0.8864,2.0685,0.0,5.1524,1778783879522018830
vocseg__app1,no_sharing,301.686,57.0362,52.0126,50.8058,0.0032,0.6538,2.3315,0.0,5.0236,1778783880118539115
vocseg__app1,no_sharing,301.985,57.8284,52.9863,51.5303,0.0029,0.8601,1.8239,0.0,4.8421,1778783880417030816
vocseg__app1,no_sharing,302.1702,58.1057,52.8558,51.599,0.0027,0.6677,2.4979,0.0,5.2499,1778783880602975823
vocseg__app1,no_sharing,302.2906,57.2135,52.5243,51.1245,0.0029,0.8007,1.8923,0.0,4.6893,1778783880722716419
vocseg__app1,no_sharing,303.2045,57.8802,52.732,51.4872,0.0029,0.6471,2.4052,0.0,5.1482,1778783881637219966
vocseg__app1,no_sharing,303.7436,61.4204,56.5531,53.5017,0.0039,2.3657,1.9226,0.0,4.8673,1778783882175758798
vocseg__app1,no_sharing,304.1925,72.8002,67.195,65.8399,0.0035,0.806,2.923,0.0,5.6052,1778783882625684289
vocseg__app1,no_sharing,304.9943,57.7683,52.5887,51.2255,0.0029,0.7497,1.9951,0.0,5.1797,1778783883426468320
vocseg__app1,no_sharing,305.5161,66.8383,61.3461,59.9587,0.0038,0.8007,2.7683,0.0,5.4922,1778783883949114349
vocseg__app1,no_sharing,305.6532,89.4177,83.7357,82.3435,0.0033,0.7629,1.9522,0.0,5.682,1778783884085341118
vocseg__app1,no_sharing,306.2502,90.6427,85.2059,83.1517,0.0028,1.4447,2.4309,0.0,5.4368,1778783884682912973
vocseg__app1,no_sharing,307.4915,56.4716,51.5374,48.4655,0.0033,2.4011,1.9748,0.0,4.9342,1778783885923624851
vocseg__app1,no_sharing,308.8879,57.1883,52.0666,50.8356,0.0033,0.6222,2.4476,0.0,5.1216,1778783887320596668
vocseg__app1,no_sharing,309.0054,57.3616,52.8979,51.7372,0.003,0.6137,1.8344,0.0,4.4637,1778783887437369748
vocseg__app1,no_sharing,309.139,57.833,52.6689,51.2368,0.0027,0.897,2.4133,0.0,5.1641,1778783887571648142
vocseg__app1,no_sharing,310.5151,55.9855,51.2886,49.9085,0.0026,0.6805,2.0156,0.0,4.6968,1778783888947317758
vocseg__app1,no_sharing,310.6284,58.3029,53.1086,51.7536,0.0032,0.7575,2.1923,0.0,5.1942,1778783889060765350
vocseg__app1,no_sharing,310.7039,61.085,56.3269,53.2099,0.0035,1.8981,1.8387,0.0,4.7581,1778783889135930948
vocseg__app1,no_sharing,310.87,58.1334,53.0282,51.768,0.0038,0.7457,2.4121,0.0,5.1052,1778783889302700417
vocseg__app1,no_sharing,311.6437,57.2581,52.0809,50.7522,0.0027,0.6412,2.0857,0.0,5.1773,1778783890075956672
vocseg__app1,no_sharing,311.7822,74.8165,69.7539,64.1745,0.0034,4.9754,2.2836,0.0,5.0626,1778783890214765418
vocseg__app1,no_sharing,312.1472,57.5757,51.9143,48.8275,0.0028,2.412,2.7716,0.0,5.6614,1778783890580145341
vocseg__app1,no_sharing,312.5149,76.7097,71.4339,68.1308,0.0028,2.718,2.4698,0.0,5.2759,1778783890947627389
vocseg__app1,no_sharing,312.5205,170.6319,96.513,93.4526,0.003,2.5933,71.1522,0.0,74.1189,1778783891021869321
vocseg__app1,no_sharing,312.9246,58.1906,52.1604,50.6906,0.0033,0.7322,3.3534,0.0,6.0301,1778783891358223637
vocseg__app1,no_sharing,313.3791,68.2957,62.45,58.1184,0.0035,3.577,2.0452,0.0,5.8457,1778783891811374543
vocseg__app1,no_sharing,313.601,57.9219,52.2793,50.9429,0.0038,0.8076,2.6724,0.0,5.6426,1778783892033949234
vocseg__app1,no_sharing,313.7199,60.1614,55.1595,52.341,0.0034,2.0569,1.9343,0.0,5.0018,1778783892152045774
vocseg__app1,no_sharing,313.7873,63.1416,58.2487,57.0022,0.0033,0.714,2.2976,0.0,4.8929,1778783892219866057
vocseg__app1,no_sharing,314.4312,70.1699,65.3963,63.7514,0.0038,0.8456,2.0549,0.0,4.7736,1778783892863457941
vocseg__app1,no_sharing,315.2337,58.7425,53.3466,51.8203,0.0036,0.8395,2.625,0.0,5.3959,1778783893666589521
vocseg__app1,no_sharing,315.8433,56.7408,51.9029,50.3229,0.0043,0.7908,2.1341,0.0,4.8379,1778783894275576529
vocseg__app1,no_sharing,315.869,102.8395,68.7509,67.349,0.0039,0.8437,30.988,0.0,34.0886,1778783894330215508
vocseg__app1,no_sharing,317.2807,58.265,53.4501,51.9642,0.0038,0.7703,2.207,0.0,4.8148,1778783895713075592
vocseg__app1,no_sharing,317.8074,57.6825,52.5264,51.2118,0.0032,0.7178,2.4283,0.0,5.1561,1778783896240117663
vocseg__app1,no_sharing,318.1436,57.2422,52.0069,50.3618,0.0034,0.8578,2.2082,0.0,5.2353,1778783896576057235
vocseg__app1,no_sharing,318.4624,79.2744,72.8208,69.46,0.0032,2.7433,2.4676,0.0,6.4536,1778783896895099965
vocseg__app1,no_sharing,318.9345,57.3089,52.4006,50.273,0.0027,0.8922,2.1434,0.0,4.9083,1778783897366821023
vocseg__app1,no_sharing,319.4481,77.831,71.4082,68.1018,0.0031,2.6993,2.44,0.0,6.4228,1778783897880776256
vocseg__app1,no_sharing,319.5718,59.6073,54.8172,52.3177,0.003,1.7945,1.8327,0.0,4.79,1778783898003764017
vocseg__app1,no_sharing,320.1742,57.5402,52.2957,50.9149,0.0037,0.7435,2.4724,0.0,5.2445,1778783898606887845
vocseg__app1,no_sharing,320.3292,64.1639,59.4853,55.6849,0.0034,3.1349,1.8203,0.0,4.6786,1778783898761188835
vocseg__app1,no_sharing,321.3823,57.241,51.6834,50.4436,0.0031,0.6378,2.8319,0.0,5.5576,1778783899815353570
vocseg__app1,no_sharing,321.5709,57.4772,51.2765,48.2513,0.003,2.4199,2.1114,0.0,6.2008,1778783900003158859
vocseg__app1,no_sharing,322.2828,57.1494,51.8713,50.6544,0.0028,0.6063,2.6104,0.0,5.2782,1778783900715651224
vocseg__app1,no_sharing,322.5113,61.811,56.4688,53.3658,0.0033,2.507,2.0499,0.0,5.3422,1778783900943573644
vocseg__app1,no_sharing,323.4985,57.5018,52.1167,50.9771,0.0038,0.6181,2.6529,0.0,5.3851,1778783901931412143
vocseg__app1,no_sharing,323.7554,86.3433,81.3493,79.5192,0.003,1.1823,1.9507,0.0,4.994,1778783902187513339
vocseg__app1,no_sharing,323.812,126.1604,93.6176,92.4023,0.0035,0.6899,29.4378,0.0,32.5428,1778783902271712079
vocseg__app1,no_sharing,324.0245,56.8254,51.0042,47.9414,0.0031,2.4814,2.5492,0.0,5.8212,1778783902457224793
vocseg__app1,no_sharing,324.2556,57.3893,52.2692,51.0085,0.0031,0.6416,2.3744,0.0,5.1201,1778783902688201939
vocseg__app1,no_sharing,324.3411,91.1012,86.4939,81.8044,0.0027,4.0695,1.8218,0.0,4.6073,1778783902773144571
vocseg__app1,no_sharing,325.6289,104.465,97.0521,93.4756,0.0028,3.0376,4.4544,0.0,7.4129,1778783904063634719
vocseg__app1,no_sharing,325.634,209.053,106.6946,103.5557,0.0032,2.6002,99.292,0.0,102.3585,1778783904163473002
vocseg__app1,no_sharing,326.0305,72.5977,66.7992,63.8418,0.0032,2.4293,3.1986,0.0,5.7985,1778783904463908510
vocseg__app1,no_sharing,326.2868,62.4835,57.4513,56.0623,0.003,0.7669,1.8098,0.0,5.0322,1778783904718731455
vocseg__app1,no_sharing,326.5201,56.7527,51.7208,50.6067,0.0038,0.5961,2.3861,0.0,5.0318,1778783904952704014
vocseg__app1,no_sharing,326.7592,57.7593,52.8135,50.8637,0.0032,0.7459,1.9474,0.0,4.9458,1778783905191382475
vocseg__app1,no_sharing,326.8653,58.6736,53.6058,52.4312,0.0033,0.5993,2.3365,0.0,5.0678,1778783905297876758
vocseg__app1,no_sharing,327.1234,56.6018,51.7221,48.7794,0.0031,2.3756,1.9722,0.0,4.8797,1778783905555541625
vocseg__app1,no_sharing,327.6389,65.0077,59.8517,56.558,0.0033,2.7204,2.4667,0.0,5.156,1778783906071571058
vocseg__app1,no_sharing,328.1487,64.9288,60.1063,56.1566,0.0031,3.3614,1.9422,0.0,4.8224,1778783906580838337
vocseg__app1,no_sharing,328.6473,60.6999,53.9686,52.3823,0.0027,1.0981,2.4526,0.0,6.7313,1778783907079947526
vocseg__app1,no_sharing,329.383,58.2101,51.742,50.4329,0.0028,0.7389,2.1315,0.0,6.4681,1778783907815342242
vocseg__app1,no_sharing,329.4646,60.8759,54.9834,53.9404,0.0026,0.6094,2.054,0.0,5.8925,1778783907896915232
vocseg__app1,no_sharing,329.7564,58.8574,51.8724,50.5596,0.0034,0.6838,2.3565,0.0,6.985,1778783908188927990
vocseg__app1,no_sharing,329.8605,57.986,51.9202,50.8086,0.0033,0.5878,2.2805,0.0,6.0658,1778783908293003801
vocseg__app1,no_sharing,330.127,87.9068,81.8466,79.2851,0.004,1.9333,1.9655,0.0,6.0602,1778783908559169679
vocseg__app1,no_sharing,330.1866,93.9178,62.5935,61.0778,0.0027,1.0071,28.1627,0.0,31.3244,1778783908645092353
vocseg__app1,no_sharing,330.3905,76.3967,71.0312,66.2776,0.0031,4.1223,2.5666,0.0,5.3655,1778783908823276208
vocseg__app1,no_sharing,330.4167,143.8155,90.982,88.4116,0.0034,1.9523,50.108,0.0,52.8335,1778783908897027582
vocseg__app1,no_sharing,330.7028,90.2195,83.9079,78.4119,0.0028,4.8812,2.6784,0.0,6.3116,1778783909135664530
vocseg__app1,no_sharing,331.3298,76.8347,68.6228,67.3384,0.0038,0.673,4.2369,0.0,8.2119,1778783909764227927
vocseg__app1,no_sharing,331.339,214.0377,141.8912,140.4087,0.003,0.4548,67.8651,0.0,72.1465,1778783909837035668
vocseg__app1,no_sharing,331.3781,178.3423,141.8912,140.4087,0.003,0.4548,28.6534,0.0,36.4512,1778783909837035668
vocseg__app1,no_sharing,331.5727,60.569,54.121,51.8812,0.0026,1.742,2.3112,0.0,6.448,1778783910005203457
vocseg__app1,no_sharing,332.6158,108.5558,101.9102,96.615,0.0026,4.7418,2.7089,0.0,6.6456,1778783911048771718
vocseg__app1,no_sharing,332.7273,129.3046,124.5561,120.1633,0.0027,3.8268,1.8413,0.0,4.7486,1778783911159267863
vocseg__app1,no_sharing,332.9356,92.593,85.0228,81.8023,0.0033,2.0618,4.7567,0.0,7.5702,1778783911370559827
vocseg__app1,no_sharing,333.7005,66.5092,61.5396,57.4931,0.0029,3.3796,1.9853,0.0,4.9697,1778783912132683231
vocseg__app1,no_sharing,334.0622,72.8276,65.8292,64.5413,0.0029,0.6584,4.2427,0.0,6.9983,1778783912496674727
vocseg__app1,no_sharing,334.4957,56.885,52.2182,50.9332,0.0025,0.7176,1.9178,0.0,4.6668,1778783912927825133
vocseg__app1,no_sharing,334.6191,57.6656,52.4044,51.2119,0.0026,0.625,2.5256,0.0,5.2612,1778783913051840861
vocseg__app1,no_sharing,335.1797,56.1206,51.5741,48.6468,0.0034,2.4346,1.7242,0.0,4.5465,1778783913611560926
vocseg__app1,no_sharing,335.261,59.3896,54.5462,53.2716,0.0027,0.836,2.1372,0.0,4.8434,1778783913693370785
vocseg__app1,no_sharing,335.6029,56.1163,51.4949,48.473,0.0029,2.4542,1.8735,0.0,4.6214,1778783914034960425
vocseg__app1,no_sharing,336.1096,76.8046,71.2754,70.058,0.0032,0.6399,2.6519,0.0,5.5293,1778783914542534470
vocseg__app1,no_sharing,336.2348,59.4118,54.3848,52.3021,0.0029,1.5004,1.9078,0.0,5.027,1778783914666849137
vocseg__app1,no_sharing,336.6468,59.5436,52.7699,51.6001,0.0036,0.6266,2.6729,0.0,6.7737,1778783915079721421
vocseg__app1,no_sharing,337.5153,57.7233,52.1639,50.9545,0.0031,0.6149,2.2595,0.0,5.5594,1778783915947771067
vocseg__app1,no_sharing,339.9054,89.7894,84.7618,83.4577,0.0039,0.6793,2.3482,0.0,5.0276,1778783918337961824
vocseg__app1,no_sharing,340.4629,86.6363,81.552,79.9484,0.0033,0.9117,2.1381,0.0,5.0843,1778783918895207631
vocseg__app1,no_sharing,341.3823,57.4262,52.0148,50.8935,0.0035,0.6177,2.4865,0.0,5.4114,1778783919815064619
vocseg__app1,no_sharing,342.39,59.3419,54.3149,52.715,0.003,0.9958,2.1884,0.0,5.027,1778783920822340398
vocseg__app1,no_sharing,343.6135,57.6794,52.3458,51.107,0.0033,0.6281,2.4309,0.0,5.3336,1778783922046169841
vocseg__app1,no_sharing,343.7354,57.8887,52.5973,51.2372,0.0035,0.7499,2.1603,0.0,5.2914,1778783922167792073
vocseg__app1,no_sharing,344.0247,57.3971,51.9057,50.6367,0.0043,0.6653,2.562,0.0,5.4914,1778783922457528405
vocseg__app1,no_sharing,344.5078,58.6724,53.5171,52.2467,0.0029,0.6591,2.3263,0.0,5.1554,1778783922940295660
vocseg__app1,no_sharing,344.8074,98.0418,90.5294,87.0629,0.0032,2.3038,2.6083,0.0,7.5123,1778783923240197707
vocseg__app1,no_sharing,344.9023,88.6781,82.4678,81.1238,0.0033,0.7134,3.4032,0.0,6.2103,1778783923335903179
vocseg__app1,no_sharing,346.0136,57.8284,51.3124,50.1274,0.004,0.6617,3.2332,0.0,6.5161,1778783924447115895
vocseg__app1,no_sharing,346.019,120.5091,63.6318,62.3554,0.0031,0.6888,52.6927,0.0,56.8774,1778783924501821107
vocseg__app1,no_sharing,347.6702,76.6034,71.2307,67.9321,0.0039,2.6593,2.4519,0.0,5.3727,1778783926102848693
vocseg__app1,no_sharing,347.9287,57.7862,52.5972,51.2422,0.0029,0.7833,2.1813,0.0,5.189,1778783926361070899
vocseg__app1,no_sharing,349.6995,57.9443,52.5563,51.3311,0.0031,0.6029,2.4223,0.0,5.388,1778783928132117283
vocseg__app1,no_sharing,349.8618,69.2484,64.5253,60.7576,0.0038,3.1859,1.909,0.0,4.7231,1778783928293924787
vocseg__app1,no_sharing,350.5181,57.6801,52.1416,50.9718,0.0039,0.6564,2.4076,0.0,5.5386,1778783928950718990
vocseg__app1,no_sharing,350.653,57.2915,52.0341,50.7733,0.0032,0.6582,2.2383,0.0,5.2574,1778783929085466848
vocseg__app1,no_sharing,350.9304,57.6198,52.2001,51.0761,0.0027,0.6228,2.4712,0.0,5.4197,1778783929363087233
vocseg__app1,no_sharing,351.1694,56.2315,51.0457,49.935,0.003,0.6183,2.2418,0.0,5.1858,1778783929601824363
vocseg__app1,no_sharing,351.4861,57.8148,52.4598,51.2,0.003,0.6563,2.4083,0.0,5.355,1778783929918769257
vocseg__app1,no_sharing,351.5087,100.9557,62.3315,61.0039,0.0037,0.715,35.2697,0.0,38.6242,1778783929974116971
vocseg__app1,no_sharing,351.8906,81.8813,75.6182,74.2842,0.0032,0.7007,3.3948,0.0,6.2631,1778783930324259147
vocseg__app1,no_sharing,352.0949,58.002,52.8626,51.2816,0.0032,0.9193,2.234,0.0,5.1394,1778783930527272845
vocseg__app1,no_sharing,352.1839,60.6985,55.4148,54.0774,0.0032,0.7019,2.2929,0.0,5.2837,1778783930616403277
vocseg__app1,no_sharing,352.3809,56.4704,51.1994,49.917,0.0032,0.635,2.2359,0.0,5.271,1778783930813361102
vocseg__app1,no_sharing,352.5522,65.0499,59.936,56.6309,0.0028,2.6911,2.3768,0.0,5.1139,1778783930984866573
vocseg__app1,no_sharing,353.8932,56.5014,50.9823,49.6068,0.0027,0.8162,2.3174,0.0,5.5191,1778783932325677970
vocseg__app1,no_sharing,354.3374,59.3023,53.9867,52.2842,0.0033,0.6052,2.4092,0.0,5.3156,1778783932770023406
vocseg__app1,no_sharing,354.7928,61.6262,56.5162,52.9454,0.0029,2.9734,2.2542,0.0,5.11,1778783933225193053
vocseg__app1,no_sharing,355.6873,65.5439,60.3133,56.0789,0.0035,3.6526,2.4199,0.0,5.2306,1778783934119982072
vocseg__app1,no_sharing,355.8407,58.4974,53.3305,51.2596,0.0033,1.4662,2.1036,0.0,5.1669,1778783934272970168
vocseg__app1,no_sharing,357.2707,85.7635,79.8239,78.3315,0.0043,0.8111,3.0475,0.0,5.9395,1778783935703976625
vocseg__app1,no_sharing,357.6879,58.4404,53.3388,51.3316,0.0031,1.3106,2.1291,0.0,5.1016,1778783936120238490
vocseg__app1,no_sharing,357.7926,80.9157,75.9966,72.7726,0.0031,2.6496,2.1431,0.0,4.9191,1778783936225037639
vocseg__app1,no_sharing,357.9891,58.6247,53.4738,52.0163,0.0038,0.773,2.2149,0.0,5.1509,1778783936421504407
vocseg__app1,no_sharing,359.2346,57.9102,52.3924,50.9117,0.0037,0.6964,2.5196,0.0,5.5178,1778783937667412847
vocseg__app1,no_sharing,359.3208,60.467,55.4882,52.6748,0.0025,2.1644,1.9648,0.0,4.9788,1778783937752938697
vocseg__app1,no_sharing,359.4926,57.7917,52.1641,50.9663,0.003,0.6072,2.4939,0.0,5.6276,1778783937925379634
vocseg__app1,no_sharing,359.865,57.4536,52.1608,50.9202,0.0033,0.6295,2.2869,0.0,5.2928,1778783938297469028
vocseg__app1,no_sharing,360.0358,75.8164,68.5062,65.3579,0.0032,2.59,3.0215,0.0,7.3102,1778783938469056967
vocseg__app1,no_sharing,360.0372,153.161,74.3978,73.1834,0.0034,0.6308,74.4622,0.0,78.7632,1778783938541882014
vocseg__app1,no_sharing,360.2176,59.5248,52.8674,51.6306,0.003,0.627,3.7363,0.0,6.6573,1778783938651596552
vocseg__app1,no_sharing,360.2646,95.1967,79.9139,76.8024,0.0033,2.5763,12.4922,0.0,15.2829,1778783938707309058
vocseg__app1,no_sharing,360.9519,58.605,51.5261,50.3837,0.003,0.6462,4.3311,0.0,7.0789,1778783939386470402
vocseg__app1,no_sharing,361.0167,64.5101,59.7114,57.2153,0.0032,1.9264,1.724,0.0,4.7987,1778783939448630393
vocseg__app1,no_sharing,361.0483,98.923,62.7399,61.089,0.0029,0.9172,32.7785,0.0,36.1831,1778783939511330971
vocseg__app1,no_sharing,361.9291,56.9272,51.8638,50.6233,0.003,0.6541,2.0511,0.0,5.0634,1778783940361388471
vocseg__app1,no_sharing,363.0692,62.1178,56.8255,53.5806,0.0028,2.1309,2.4376,0.0,5.2923,1778783941501897300
vocseg__app1,no_sharing,364.4885,96.3559,90.192,86.9333,0.0032,2.5766,1.9462,0.0,6.164,1778783942920647382
vocseg__app1,no_sharing,364.8237,58.4323,51.6394,50.4866,0.0029,0.6299,3.9649,0.0,6.793,1778783943257919915
vocseg__app1,no_sharing,365.2415,76.5798,71.5653,68.7308,0.0032,2.1284,1.9999,0.0,5.0145,1778783943673716846
vocseg__app1,no_sharing,366.7492,69.9635,63.3783,62.2317,0.0031,0.6107,2.6751,0.0,6.5852,1778783945182064434
vocseg__app1,no_sharing,367.3213,57.2457,51.4363,48.474,0.0035,2.3733,2.1369,0.0,5.8094,1778783945753611570
vocseg__app1,no_sharing,367.8081,78.8586,73.3679,71.982,0.0032,0.6886,2.7969,0.0,5.4907,1778783946241188394
vocseg__app1,no_sharing,368.7547,60.1938,55.2389,52.6863,0.003,2.0185,1.8117,0.0,4.9549,1778783947186690857
vocseg__app1,no_sharing,368.8421,59.7634,54.0261,52.1009,0.0033,1.3287,2.4967,0.0,5.7373,1778783947274865279
vocseg__app1,no_sharing,370.4452,56.0322,50.7891,48.1331,0.0032,2.1283,2.0275,0.0,5.243,1778783948877454862
vocseg__app1,no_sharing,370.7798,58.0568,52.3107,51.2055,0.0029,0.6144,2.7308,0.0,5.7462,1778783949212810929
vocseg__app1,no_sharing,370.7884,132.7457,80.5903,77.4476,0.004,2.5491,49.4518,0.0,52.1554,1778783949268088635
vocseg__app1,no_sharing,371.4947,84.9185,77.6913,74.4459,0.0036,2.6228,4.349,0.0,7.2272,1778783949929292501
vocseg__app1,no_sharing,371.8428,58.3229,53.102,51.5609,0.003,0.9384,2.0292,0.0,5.2209,1778783950275043897
vocseg__app1,no_sharing,372.0976,57.2917,51.9762,50.7491,0.0034,0.6306,2.624,0.0,5.3155,1778783950530497773
vocseg__app1,no_sharing,372.6301,61.0626,54.087,48.7969,0.003,4.7263,2.0118,0.0,6.9756,1778783951062342059
vocseg__app1,no_sharing,372.8163,89.2174,84.0039,80.7725,0.0033,2.5996,2.466,0.0,5.2135,1778783951248983345
vocseg__app1,no_sharing,373.1862,94.5184,89.8975,86.5735,0.0034,2.6165,1.94,0.0,4.6209,1778783951618348209
vocseg__app1,no_sharing,373.3887,59.6621,52.5289,51.1904,0.0032,0.71,4.3826,0.0,7.1332,1778783951823350553
vocseg__app1,no_sharing,374.4089,58.3854,52.8921,51.381,0.0033,0.9346,2.104,0.0,5.4932,1778783952841162146
vocseg__app1,no_sharing,375.2632,75.4771,69.0473,67.0558,0.0033,0.6926,3.7203,0.0,6.4299,1778783953697118358
vocseg__app1,no_sharing,375.6773,56.1526,50.83,47.9141,0.0035,2.3298,2.012,0.0,5.3225,1778783954109549594
vocseg__app1,no_sharing,375.9653,67.884,62.4462,59.2216,0.0044,2.4384,2.6357,0.0,5.4377,1778783954398115769
vocseg__app1,no_sharing,376.4859,74.8734,69.0774,65.2821,0.0035,3.2356,2.0127,0.0,5.796,1778783954918132787
vocseg__app1,no_sharing,376.5236,137.7528,97.8564,94.4521,0.0036,2.7666,37.0169,0.0,39.8964,1778783954990854926
vocseg__app1,no_sharing,377.1299,64.1158,59.1164,53.8027,0.0027,4.7016,2.0876,0.0,4.9993,1778783955562186311
vocseg__app1,no_sharing,377.3945,57.8842,52.6464,51.1169,0.0036,0.7498,2.4972,0.0,5.2378,1778783955827217423
vocseg__app1,no_sharing,378.0428,57.7068,52.4985,51.0517,0.0032,0.8395,2.0819,0.0,5.2083,1778783956475028566
vocseg__app1,no_sharing,378.1578,58.9998,53.8757,52.5577,0.0031,0.752,2.3441,0.0,5.1241,1778783956590341039
vocseg__app1,no_sharing,378.4132,57.3335,52.2047,50.847,0.003,0.659,2.0673,0.0,5.1288,1778783956845426073
vocseg__app1,no_sharing,379.1205,57.8499,52.5147,51.2128,0.0035,0.7259,2.6076,0.0,5.3352,1778783957553428329
vocseg__app1,no_sharing,379.1692,75.8512,63.5786,62.222,0.0036,0.7836,9.1891,0.0,12.2726,1778783957608624664
vocseg__app1,no_sharing,379.578,56.4871,50.43,49.2096,0.0029,0.6506,3.3829,0.0,6.0571,1778783958011617000
vocseg__app1,no_sharing,379.9948,58.0037,52.8305,51.0569,0.0032,1.0274,2.0757,0.0,5.1732,1778783958427060392
vocseg__app1,no_sharing,381.383,67.2028,61.0192,59.6288,0.0036,0.7976,3.2814,0.0,6.1836,1778783959816499076
vocseg__app1,no_sharing,382.2382,56.859,51.6896,50.4854,0.0034,0.6189,2.1896,0.0,5.1695,1778783960670526409
vocseg__app1,no_sharing,383.1018,58.8992,53.4886,52.2419,0.0043,0.6499,2.4498,0.0,5.4106,1778783961534428843
vocseg__app1,no_sharing,383.8622,59.5593,54.4826,52.235,0.0034,1.6206,2.0008,0.0,5.0767,1778783962294398341
vocseg__app1,no_sharing,385.4553,64.409,59.0248,55.757,0.003,2.6811,2.4776,0.0,5.3842,1778783963888057288
vocseg__app1,no_sharing,385.459,149.7157,86.3724,83.7881,0.0034,2.0789,60.5621,0.0,63.3433,1778783963949754461
vocseg__app1,no_sharing,386.7571,57.4696,52.0373,50.745,0.0034,0.6893,2.4576,0.0,5.4323,1778783965189818363
vocseg__app1,no_sharing,386.8588,70.0119,64.6631,62.4531,0.0031,1.6093,2.2612,0.0,5.3487,1778783965291268489
vocseg__app1,no_sharing,386.9701,58.7478,53.4842,52.3632,0.0034,0.6291,2.3439,0.0,5.2635,1778783965402699714
vocseg__app1,no_sharing,388.4671,113.9793,108.2771,105.0273,0.003,2.6548,2.7709,0.0,5.7022,1778783966900094721
vocseg__app1,no_sharing,389.1392,57.2925,51.1163,49.8041,0.0028,0.7202,3.278,0.0,6.1761,1778783967572715505
vocseg__app1,no_sharing,389.2037,63.7169,58.9268,56.7422,0.0029,1.5025,1.7383,0.0,4.7901,1778783967635629635
vocseg__app1,no_sharing,389.9004,57.6615,52.1124,50.7362,0.0029,0.8438,2.5489,0.0,5.5491,1778783968333150675
vocseg__app1,no_sharing,389.9389,85.1455,63.0645,61.5864,0.0063,0.8383,19.1059,0.0,22.081,1778783968388252583
vocseg__app1,no_sharing,389.9913,97.9059,61.8964,60.5934,0.003,0.7964,32.7172,0.0,36.0095,1778783968454272899
vocseg__app1,no_sharing,390.79,60.0064,54.5409,52.354,0.0033,1.6207,2.3065,0.0,5.4655,1778783969222498525
vocseg__app1,no_sharing,390.9073,58.2669,52.8084,51.5341,0.0039,0.76,2.5117,0.0,5.4585,1778783969340067504
vocseg__app1,no_sharing,391.3157,58.1326,52.8497,51.468,0.0036,0.8108,2.1534,0.0,5.283,1778783969748022609
vocseg__app1,no_sharing,391.619,57.7657,52.789,51.2935,0.0035,0.9268,2.2628,0.0,4.9767,1778783970051474960
vocseg__app1,no_sharing,392.0109,57.2822,52.0399,50.8556,0.0028,0.6662,2.1274,0.0,5.2423,1778783970443189271
vocseg__app1,no_sharing,393.1714,56.8392,51.6059,50.3854,0.0038,0.6108,2.4941,0.0,5.2334,1778783971604098085
vocseg__app1,no_sharing,393.3325,56.1552,51.2982,48.345,0.0029,2.4272,1.9989,0.0,4.857,1778783971764703791
vocseg__app1,no_sharing,393.5989,56.9906,51.7605,50.6104,0.0032,0.6299,2.4896,0.0,5.2301,1778783972031588678
vocseg__app1,no_sharing,393.6991,58.9983,53.7882,51.7951,0.0029,1.3932,1.8945,0.0,5.2102,1778783972131192645
vocseg__app1,no_sharing,393.7247,101.8543,66.1722,64.7068,0.0038,0.9175,32.8696,0.0,35.6821,1778783972187813937
vocseg__app1,no_sharing,393.7984,91.6648,60.1996,58.507,0.0034,0.63,28.2958,0.0,31.4652,1778783972256828355
vocseg__app1,no_sharing,394.2877,70.5655,63.1679,59.9052,0.0034,2.5881,4.4127,0.0,7.3976,1778783972722329124
vocseg__app1,no_sharing,394.327,159.044,124.8678,119.3924,0.0035,4.8598,31.3601,0.0,34.1762,1778783972788503069
vocseg__app1,no_sharing,394.3645,273.4251,149.0799,146.3209,0.0035,1.0586,121.4468,0.0,124.3452,1778783972916176328
vocseg__app1,no_sharing,394.4614,179.3475,149.0799,146.3209,0.0035,1.0586,24.5965,0.0,30.2676,1778783972916176328
vocseg__app1,no_sharing,395.0351,57.9958,51.7669,50.5311,0.0035,0.6305,3.4444,0.0,6.2289,1778783973468770909
vocseg__app1,no_sharing,395.2084,93.6878,87.6945,83.8665,0.003,3.2779,3.0029,0.0,5.9933,1778783973641581285
vocseg__app1,no_sharing,395.2611,106.2114,62.2353,61.0388,0.0028,0.7214,40.7352,0.0,43.9761,1778783973732104092
vocseg__app1,no_sharing,395.3976,60.0214,54.3557,51.9983,0.0027,1.7896,2.5036,0.0,5.6657,1778783973830335338
vocseg__app1,no_sharing,395.574,70.4987,65.3962,62.3238,0.003,2.4334,2.3837,0.0,5.1025,1778783974006625008
vocseg__app1,no_sharing,395.5906,136.956,79.695,78.1164,0.0028,0.893,53.8306,0.0,57.261,1778783974074678492
vocseg__app1,no_sharing,395.7649,59.1815,52.2875,51.009,0.0032,0.6515,4.2365,0.0,6.8939,1778783974199320868
vocseg__app1,no_sharing,395.7993,89.1228,61.5006,60.2706,0.0036,0.6916,24.8456,0.0,27.6221,1778783974254326659
vocseg__app1,no_sharing,395.8523,98.758,60.1188,59.0054,0.0029,0.6335,36.0692,0.0,38.6391,1778783974318617437
vocseg__app1,no_sharing,395.9386,90.3306,75.0684,71.9459,0.0043,2.4454,12.526,0.0,15.2622,1778783974381343777
vocseg__app1,no_sharing,396.6895,57.2333,51.2321,49.9805,0.0028,0.7598,3.3643,0.0,6.0012,1778783975123172217
vocseg__app1,no_sharing,397.3379,61.0554,55.3206,54.2149,0.003,0.6286,1.8446,0.0,5.7348,1778783975769909948
vocseg__app1,no_sharing,398.3202,66.3753,61.0948,57.6914,0.0051,2.6196,2.3928,0.0,5.2804,1778783976752858014
vocseg__app1,no_sharing,399.9287,84.1835,79.4203,74.9986,0.0041,3.6685,1.8992,0.0,4.7631,1778783978360751571
vocseg__app1,no_sharing,401.1016,57.7505,52.5375,51.2756,0.0034,0.6645,2.481,0.0,5.2129,1778783979534393046
vocseg__app1,no_sharing,401.1253,103.5664,66.1529,64.8637,0.0036,0.6609,34.0948,0.0,37.4135,1778783979589593512
vocseg__app1,no_sharing,401.644,74.1706,67.1871,65.3073,0.0031,0.6639,4.0383,0.0,6.9834,1778783980078301461
vocseg__app1,no_sharing,401.8479,57.9596,52.4326,51.2548,0.0042,0.5966,2.5415,0.0,5.527,1778783980280665917
vocseg__app1,no_sharing,402.0352,57.6642,52.2817,50.9172,0.0035,0.7787,2.1689,0.0,5.3824,1778783980467525030
vocseg__app1,no_sharing,402.0471,138.8252,90.4242,86.4377,0.0029,3.4641,45.3594,0.0,48.401,1778783980522633909
vocseg__app1,no_sharing,402.4262,57.6408,52.6244,50.2941,0.0034,1.7159,1.982,0.0,5.0163,1778783980858328331
vocseg__app1,no_sharing,402.7924,57.6358,52.4837,51.2921,0.0028,0.6101,2.4548,0.0,5.1521,1778783981225082908
vocseg__app1,no_sharing,403.2119,57.9996,53.0707,51.3918,0.0033,1.1361,1.8137,0.0,4.9289,1778783981643847437
vocseg__app1,no_sharing,403.7465,58.1539,52.7557,51.5092,0.0036,0.6302,2.5952,0.0,5.3982,1778783982179316417
vocseg__app1,no_sharing,404.1081,56.3686,51.5012,48.4838,0.0034,2.3335,1.9825,0.0,4.8674,1778783982540304507
vocseg__app1,no_sharing,404.8419,77.6792,71.4493,70.0364,0.0031,0.7106,3.2737,0.0,6.2298,1778783983275371202
vocseg__app1,no_sharing,405.09,58.929,53.9256,52.4674,0.0036,0.8645,2.1493,0.0,5.0034,1778783983522291069
vocseg__app1,no_sharing,406.3671,57.065,51.4465,50.2416,0.0026,0.6262,2.6488,0.0,5.6185,1778783984799966460
vocseg__app1,no_sharing,406.4614,59.4025,54.1875,51.9658,0.0031,1.5623,2.1527,0.0,5.2149,1778783984893723666
vocseg__app1,no_sharing,406.6222,78.141,72.8086,69.4818,0.0034,2.6552,2.5105,0.0,5.3324,1778783985054906245
vocseg__app1,no_sharing,406.8269,82.2649,76.8091,73.9298,0.0038,2.1319,2.6433,0.0,5.4558,1778783985259718068
vocseg__app1,no_sharing,407.1115,60.0994,54.9882,53.4182,0.0057,0.8473,2.3808,0.0,5.1112,1778783985544051346
vocseg__app1,no_sharing,407.1499,90.3294,65.5861,64.1209,0.0038,0.8322,21.6053,0.0,24.7433,1778783985601755629
vocseg__app1,no_sharing,407.7591,58.2993,51.6521,50.2072,0.0032,0.6988,3.9842,0.0,6.6472,1778783986193287164
vocseg__app1,no_sharing,407.9223,57.436,52.2276,50.7923,0.0033,0.6845,2.0709,0.0,5.2083,1778783986354587945
vocseg__app1,no_sharing,408.2735,58.5177,53.1042,51.3868,0.0034,1.1294,2.4302,0.0,5.4135,1778783986706148590
vocseg__app1,no_sharing,409.0417,57.9185,52.8681,50.8763,0.0033,0.8592,2.0323,0.0,5.0505,1778783987473941249
vocseg__app1,no_sharing,409.3126,85.1409,79.7254,75.5245,0.0031,3.5762,2.3875,0.0,5.4155,1778783987745267321
vocseg__app1,no_sharing,410.3116,58.4483,53.4202,51.4655,0.003,1.3531,1.992,0.0,5.0281,1778783988743824048
vocseg__app1,no_sharing,410.5363,59.0577,53.8346,52.5753,0.0033,0.6408,2.4583,0.0,5.2231,1778783988968965652
vocseg__app1,no_sharing,411.0481,68.8765,63.6292,61.854,0.0032,1.162,2.2316,0.0,5.2473,1778783989480543176
vocseg__app1,no_sharing,411.2109,61.3911,55.9787,54.5489,0.0034,0.8046,2.373,0.0,5.4124,1778783989643542085
vocseg__app1,no_sharing,411.4187,74.4565,69.4351,66.0684,0.0037,2.6277,2.2533,0.0,5.0214,1778783989851150676
vocseg__app1,no_sharing,411.731,85.6071,80.1705,76.5505,0.0034,3.0428,2.4312,0.0,5.4365,1778783990163637770
vocseg__app1,no_sharing,411.8413,59.9051,55.1926,52.4762,0.0031,2.0643,1.8139,0.0,4.7124,1778783990273259368
vocseg__app1,no_sharing,413.416,58.5876,53.1543,51.9274,0.0036,0.6363,2.4781,0.0,5.4332,1778783991848707897
vocseg__app1,no_sharing,413.5539,59.3476,53.7176,52.56,0.0038,0.6441,2.202,0.0,5.63,1778783991986265380
vocseg__app1,no_sharing,414.3405,58.1796,52.8768,51.6919,0.0031,0.6207,2.3556,0.0,5.3029,1778783992773067930
vocseg__app1,no_sharing,415.5281,57.2581,52.1067,50.8495,0.0027,0.6514,2.0278,0.0,5.1514,1778783993960328371
vocseg__app1,no_sharing,415.5866,69.7589,63.7012,62.5877,0.0028,0.6225,2.2135,0.0,6.0577,1778783994019074788
vocseg__app1,no_sharing,415.7297,73.2293,67.1703,62.736,0.0033,3.8051,1.8988,0.0,6.059,1778783994161752961
vocseg__app1,no_sharing,415.7722,112.7536,78.9915,77.5513,0.0037,0.8862,30.441,0.0,33.7622,1778783994232889339
vocseg__app1,no_sharing,415.8962,64.4341,57.511,55.9018,0.0034,1.1151,2.393,0.0,6.923,1778783994328763877
vocseg__app1,no_sharing,415.9919,60.7915,54.5382,53.3351,0.0032,0.645,2.3308,0.0,6.2533,1778783994424452668
vocseg__app1,no_sharing,416.6424,59.9675,53.0599,51.3872,0.0036,1.168,2.3508,0.0,6.9076,1778783995074891401
vocseg__app1,no_sharing,416.8472,87.2855,80.8995,77.6862,0.0035,2.5887,2.4545,0.0,6.3861,1778783995279851947
vocseg__app1,no_sharing,417.818,58.3377,53.2481,51.548,0.0029,0.6368,1.991,0.0,5.0896,1778783996250214584
vocseg__app1,no_sharing,418.3875,56.7865,51.2494,49.4572,0.0033,1.2125,2.4548,0.0,5.5372,1778783996820193294
vocseg__app1,no_sharing,418.6698,57.8489,52.681,51.0494,0.0032,1.1245,1.9464,0.0,5.168,1778783997101917003
vocseg__app1,no_sharing,419.1339,57.3652,51.8813,50.213,0.003,1.1372,2.3727,0.0,5.4838,1778783997566542432
vocseg__app1,no_sharing,419.8589,57.3406,52.2902,50.9136,0.0037,0.6726,2.0177,0.0,5.0505,1778783998291090353
vocseg__app1,no_sharing,420.0146,57.8601,52.5646,51.047,0.0036,0.7419,2.5403,0.0,5.2955,1778783998447393823
vocseg__app1,no_sharing,420.1854,57.8635,52.7225,50.9781,0.0034,1.0217,2.1286,0.0,5.1409,1778783998617737979
vocseg__app1,no_sharing,420.2536,66.4792,61.6279,60.2742,0.0032,0.8827,2.0936,0.0,4.8513,1778783998685868705
vocseg__app1,no_sharing,420.308,75.1426,59.5795,56.9782,0.0033,1.9778,12.0728,0.0,15.5631,1778783998750265283
vocseg__app1,no_sharing,421.1878,57.9503,51.6456,50.0732,0.0043,0.7792,3.3693,0.0,6.3046,1778783999621371377
vocseg__app1,no_sharing,421.7895,57.7173,52.4022,51.0506,0.0043,0.7242,2.2569,0.0,5.3151,1778784000221938445
vocseg__app1,no_sharing,422.3892,58.6932,53.2244,51.7881,0.0045,0.8184,2.5249,0.0,5.4688,1778784000821987426
vocseg__app1,no_sharing,422.6243,65.8474,60.6363,56.9348,0.0047,2.8567,2.306,0.0,5.2111,1778784001056807774
vocseg__app1,no_sharing,423.1904,57.2555,51.7101,50.5009,0.0031,0.6338,2.6004,0.0,5.5454,1778784001623203902
vocseg__app1,no_sharing,423.24,78.4431,67.6215,66.4565,0.0026,0.6136,7.5753,0.0,10.8215,1778784001677797974
vocseg__app1,no_sharing,423.3457,60.0827,53.3019,52.166,0.002,0.5983,3.8598,0.0,6.7807,1778784001779821885
vocseg__app1,no_sharing,424.1363,85.1555,80.2198,78.7989,0.0023,0.8048,2.208,0.0,4.9357,1778784002568728036
vocseg__app1,no_sharing,424.2116,75.0792,62.5523,61.146,0.0024,0.7384,9.692,0.0,12.5269,1778784002651569156
vocseg__app1,no_sharing,424.2652,84.4831,60.0116,57.5223,0.0026,1.9205,21.4868,0.0,24.4716,1778784002716851779
vocseg__app1,no_sharing,424.5186,57.0493,49.9146,48.3232,0.0024,0.9881,4.0569,0.0,7.1346,1778784002952925556
vocseg__app1,no_sharing,424.68,58.3394,53.2041,51.1166,0.0027,0.9064,2.0316,0.0,5.1353,1778784003112264692
vocseg__app1,no_sharing,425.0456,57.0631,51.6088,50.4088,0.0026,0.6214,2.4583,0.0,5.4543,1778784003478305594
vocseg__app1,no_sharing,425.3988,60.4196,55.472,54.2646,0.0023,0.6284,2.0189,0.0,4.9475,1778784003831013495
vocseg__app1,no_sharing,426.0007,58.6815,52.6383,51.5189,0.0026,0.6227,2.444,0.0,6.0432,1778784004433374676
vocseg__app1,no_sharing,426.1051,64.2595,58.8635,56.7139,0.0022,1.6244,2.1479,0.0,5.396,1778784004537430017
vocseg__app1,no_sharing,426.118,116.9801,62.7742,61.4727,0.0024,0.695,50.9398,0.0,54.2059,1778784004599151290
vocseg__app1,no_sharing,426.7524,56.8933,51.9036,50.6741,0.0022,0.7134,1.9376,0.0,4.9898,1778784005184555908
vocseg__app1,no_sharing,427.3707,58.135,52.0632,50.8193,0.0028,0.6312,2.537,0.0,6.0718,1778784005803463031
vocseg__app1,no_sharing,427.4103,117.7413,96.813,95.5566,0.0026,0.6366,18.1963,0.0,20.9283,1778784005858729366
vocseg__app1,no_sharing,428.7734,91.5153,83.7782,82.5102,0.0025,0.6536,4.7081,0.0,7.7371,1778784007208311621
vocseg__app1,no_sharing,429.224,56.3216,51.282,49.4684,0.0028,1.2183,1.8921,0.0,5.0396,1778784007656112476
vocseg__app1,no_sharing,429.7499,56.227,50.4462,49.1655,0.0022,0.7555,2.5864,0.0,5.7808,1778784008182706384
vocseg__app1,no_sharing,429.939,86.6272,80.9062,75.7293,0.0024,4.4589,1.9114,0.0,5.721,1778784008371084105
vocseg__app1,no_sharing,430.326,57.6012,52.4532,51.2364,0.0025,0.6268,2.48,0.0,5.1481,1778784008758681501
vocseg__app1,no_sharing,431.128,72.7248,66.8423,62.5779,0.0022,3.6174,2.07,0.0,5.8825,1778784009560232745
vocseg__app1,no_sharing,431.4407,78.0425,72.8647,71.6043,0.0025,0.7046,2.4385,0.0,5.1778,1778784009873327431
vocseg__app1,no_sharing,432.0943,57.9927,52.6791,51.4247,0.0023,0.6363,2.6274,0.0,5.3136,1778784010527120294
vocseg__app1,no_sharing,432.3732,57.9293,52.8488,51.3233,0.0021,0.9436,2.0719,0.0,5.0805,1778784010805473684
vocseg__app1,no_sharing,432.562,61.4512,56.2906,55.0835,0.0025,0.6171,2.2745,0.0,5.1606,1778784010994507209
vocseg__app1,no_sharing,432.8696,57.472,52.2854,50.8882,0.0022,0.7871,2.1465,0.0,5.1866,1778784011301982244
vocseg__app1,no_sharing,432.9904,58.26,52.7614,51.0652,0.0024,0.6368,2.5532,0.0,5.4985,1778784011423220383
vocseg__app1,no_sharing,434.5883,57.0967,51.9262,50.5762,0.0024,0.7077,2.0394,0.0,5.1705,1778784013020486786
vocseg__app1,no_sharing,434.8463,57.8854,52.6829,51.4862,0.0027,0.6484,2.4464,0.0,5.2025,1778784013278998859
vocseg__app1,no_sharing,435.2238,58.3837,53.0796,51.7667,0.0023,0.7404,2.0421,0.0,5.3041,1778784013655989285
vocseg__app1,no_sharing,436.0724,57.749,52.1542,50.8321,0.0021,0.7023,2.4805,0.0,5.5949,1778784014505081237
vocseg__app1,no_sharing,437.8771,57.2522,52.2415,50.8624,0.0026,0.8067,1.9097,0.0,5.0107,1778784016309149741
vocseg__app1,no_sharing,438.5143,58.4836,53.3179,52.1788,0.0022,0.6527,2.4176,0.0,5.1657,1778784016946941235
vocseg__app1,no_sharing,439.469,68.4717,63.2957,61.0039,0.0022,1.6781,1.8661,0.0,5.1759,1778784017901046716
vocseg__app1,no_sharing,439.4785,125.834,64.3408,63.2209,0.0018,0.5921,58.4714,0.0,61.4932,1778784017967173350
vocseg__app1,no_sharing,440.3603,76.7281,70.752,65.7803,0.0027,4.3251,2.1555,0.0,5.9761,1778784018792607644
vocseg__app1,no_sharing,441.0543,59.8412,53.4098,52.2047,0.0023,0.6166,2.5294,0.0,6.4313,1778784019487085101
vocseg__app1,no_sharing,441.2525,57.0741,50.9654,47.9044,0.0021,2.4866,2.3193,0.0,6.1087,1778784019685021701
vocseg__app1,no_sharing,443.3247,59.4988,52.9917,51.8816,0.0022,0.6206,2.5156,0.0,6.5071,1778784021757492275
vocseg__app1,no_sharing,443.7987,57.0924,51.0836,48.1104,0.002,2.473,2.203,0.0,6.0088,1778784022231067676
vocseg__app1,no_sharing,444.3741,57.6069,51.5894,50.3748,0.0024,0.6313,2.5775,0.0,6.0176,1778784022806928166
vocseg__app1,no_sharing,444.4028,94.5594,61.3817,60.2495,0.002,0.6153,28.9032,0.0,33.1777,1778784022861850432
vocseg__app1,no_sharing,445.7204,60.1556,53.4467,52.0417,0.0023,0.7737,2.4271,0.0,6.7089,1778784024153019038
vocseg__app1,no_sharing,445.7647,100.9779,80.883,77.0288,0.0025,3.3439,15.7604,0.0,20.0949,1778784024210666882
vocseg__app1,no_sharing,446.3607,55.6011,48.9257,47.6677,0.002,0.6351,3.6755,0.0,6.6754,1778784024794615519
vocseg__app1,no_sharing,446.8901,106.0071,99.8547,92.1874,0.0024,7.0678,2.0285,0.0,6.1524,1778784025322326543
vocseg__app1,no_sharing,446.9658,135.3559,102.4817,97.1842,0.0022,4.203,30.0901,0.0,32.8743,1778784025426140934
vocseg__app1,no_sharing,447.1368,67.7497,60.1485,57.2087,0.0022,2.3478,3.089,0.0,7.6012,1778784025570051170
vocseg__app1,no_sharing,447.2388,60.9133,54.5535,53.4153,0.0022,0.6473,2.3196,0.0,6.3599,1778784025671337983
vocseg__app1,no_sharing,447.2512,114.7969,62.0652,60.9424,0.002,0.6123,48.4982,0.0,52.7317,1778784025729878579
vocseg__app1,no_sharing,447.361,85.135,76.7248,73.6678,0.0024,2.5923,5.5919,0.0,8.4102,1778784025796807127
vocseg__app1,no_sharing,447.3762,162.7262,90.0638,87.0151,0.0024,2.5504,69.9184,0.0,72.6623,1778784025876253375
vocseg__app1,no_sharing,447.5161,115.6902,89.9859,86.8143,0.0023,2.59,22.7673,0.0,25.7044,1778784025969085547
vocseg__app1,no_sharing,447.8875,57.3275,52.1639,50.759,0.0022,0.7843,1.9822,0.0,5.1636,1778784026319660858
vocseg__app1,no_sharing,448.4988,60.0212,54.6595,53.478,0.0023,0.6241,2.5558,0.0,5.3616,1778784026931573611
vocseg__app1,no_sharing,448.9845,74.7283,69.7184,65.1798,0.0023,3.8881,2.1017,0.0,5.0099,1778784027416753297
vocseg__app1,no_sharing,449.0219,117.2435,76.1535,73.4475,0.0024,2.1325,36.9236,0.0,41.09,1778784027489123372
vocseg__app1,no_sharing,450.0119,59.7594,53.0928,51.3419,0.0022,1.1162,2.0452,0.0,6.6665,1778784028444174897
vocseg__app1,no_sharing,450.5095,59.6349,51.6869,50.4281,0.0026,0.6534,3.9485,0.0,7.948,1778784028943715246
vocseg__app1,no_sharing,450.5095,126.8721,64.1578,62.99,0.0023,0.6142,59.6313,0.0,62.7142,1778784028999454318
vocseg__app1,no_sharing,450.6637,57.9841,52.618,49.6935,0.0021,2.437,2.4676,0.0,5.3661,1778784029096365338
vocseg__app1,no_sharing,451.347,58.0382,53.0003,51.4577,0.0022,0.9651,2.3415,0.0,5.0379,1778784029779639954
vocseg__app1,no_sharing,451.5947,57.0726,51.1919,48.1199,0.0021,2.4856,2.0468,0.0,5.8807,1778784030026952796
vocseg__app1,no_sharing,451.8338,59.0634,52.6375,51.5249,0.0028,0.6054,2.4624,0.0,6.426,1778784030266460486
vocseg__app1,no_sharing,451.9199,99.2322,93.5226,89.2796,0.0024,3.6565,1.7726,0.0,5.7096,1778784030351833714
vocseg__app1,no_sharing,452.5858,59.2914,53.4136,52.0922,0.0026,0.7298,3.1846,0.0,5.8778,1778784031019204512
vocseg__app1,no_sharing,453.6372,68.876,63.595,61.7219,0.0022,0.6921,2.0761,0.0,5.281,1778784032069468528
vocseg__app1,no_sharing,453.9995,57.9171,52.2861,51.1877,0.0022,0.6013,2.5203,0.0,5.631,1778784032432231986
vocseg__app1,no_sharing,454.4774,89.7195,84.2191,80.5981,0.0022,2.9663,2.4121,0.0,5.5004,1778784032909950497
vocseg__app1,no_sharing,454.6501,59.4106,53.9626,52.7914,0.0024,0.6265,2.6979,0.0,5.4479,1778784033083040120
vocseg__app1,no_sharing,455.1387,78.6102,73.7841,71.1482,0.0021,2.0403,1.925,0.0,4.826,1778784033570835975
vocseg__app1,no_sharing,455.2033,81.0604,64.1593,62.9124,0.0019,0.7105,13.9337,0.0,16.9011,1778784033647427255
vocseg__app1,no_sharing,456.875,57.4632,52.4627,49.277,0.0022,2.5147,2.0564,0.0,5.0005,1778784035307285890
vocseg__app1,no_sharing,457.5723,81.2883,74.5674,73.3096,0.0025,0.658,3.17,0.0,6.7209,1778784036005720518
vocseg__app1,no_sharing,457.5956,123.3513,62.2468,61.1079,0.002,0.6148,58.0912,0.0,61.1045,1778784036083899934
vocseg__app1,no_sharing,458.4766,60.2143,55.3801,54.2753,0.0025,0.6305,2.1851,0.0,4.8342,1778784036908994879
vocseg__app1,no_sharing,458.4919,110.7821,62.9181,61.8139,0.0021,0.6096,44.9181,0.0,47.864,1778784036966969903
vocseg__app1,no_sharing,458.6879,57.8103,51.1661,50.0408,0.0026,0.6268,3.922,0.0,6.6442,1778784037122110149
vocseg__app1,no_sharing,458.9322,56.987,51.775,50.5585,0.0026,0.6308,2.1329,0.0,5.212,1778784037364498396
vocseg__app1,no_sharing,460.8818,76.1013,70.8393,67.6153,0.0022,2.6934,2.5413,0.0,5.262,1778784039314550634
vocseg__app1,no_sharing,461.1837,56.453,51.5283,50.3686,0.0028,0.5921,2.2602,0.0,4.9247,1778784039616150435
vocseg__app1,no_sharing,461.6651,59.2232,53.9054,52.7928,0.0025,0.6196,2.3053,0.0,5.3178,1778784040097647454
vocseg__app1,no_sharing,461.7416,61.7175,57.076,55.7918,0.0023,0.7254,1.6971,0.0,4.6415,1778784040173425240
vocseg__app1,no_sharing,461.8465,58.203,53.1398,51.9816,0.0026,0.6485,2.3563,0.0,5.0632,1778784040279160774
vocseg__app1,no_sharing,461.953,56.9336,51.9323,48.9199,0.0026,2.3442,2.0394,0.0,5.0014,1778784040385245390
vocseg__app1,no_sharing,462.0619,59.2389,54.1325,52.9433,0.0026,0.6595,2.3401,0.0,5.1064,1778784040494512781
vocseg__app1,no_sharing,462.5038,82.9353,77.8549,72.4868,0.0025,4.6545,1.9679,0.0,5.0805,1778784040935944201
vocseg__app1,no_sharing,462.8383,59.1345,53.8952,52.6753,0.0022,0.6465,2.5249,0.0,5.2393,1778784041271092474
vocseg__app1,no_sharing,463.9103,89.7856,80.7327,75.2674,0.0025,4.7597,2.2781,0.0,9.0528,1778784042342744374
vocseg__app1,no_sharing,463.997,69.504,62.8871,61.5548,0.0023,0.6815,3.4924,0.0,6.6169,1778784042430751129
vocseg__app1,no_sharing,464.4286,57.0321,51.7784,50.5017,0.0025,0.7103,2.058,0.0,5.2537,1778784042860895677
vocseg__app1,no_sharing,464.505,61.4221,56.219,54.9656,0.0022,0.6496,2.4405,0.0,5.2031,1778784042937635519
vocseg__app1,no_sharing,465.0691,57.7736,52.5088,51.3082,0.0028,0.669,2.1169,0.0,5.2648,1778784043501428532
vocseg__app1,no_sharing,465.9729,57.1291,51.7816,50.5587,0.0024,0.6837,2.5029,0.0,5.3475,1778784044405613478
vocseg__app1,no_sharing,466.1874,58.4786,53.313,51.402,0.0023,1.2347,2.032,0.0,5.1656,1778784044619593988
vocseg__app1,no_sharing,466.2491,87.4031,81.2137,78.2941,0.0023,2.4076,2.1601,0.0,6.1894,1778784044681491011
vocseg__app1,no_sharing,466.7763,56.3273,51.31,48.3291,0.0027,2.4587,2.1183,0.0,5.0173,1778784045208562555
vocseg__app1,no_sharing,466.801,96.8611,62.0166,60.2657,0.0023,1.2271,31.3051,0.0,34.8446,1778784045262623546
vocseg__app1,no_sharing,467.1835,57.2205,51.6275,49.9593,0.0026,0.9928,2.6088,0.0,5.593,1778784045616284177
vocseg__app1,no_sharing,467.2157,154.8865,127.1218,122.1785,0.0026,2.1669,24.864,0.0,27.7647,1778784045670809725
vocseg__app1,no_sharing,467.2214,151.2184,127.1218,122.1785,0.0026,2.1669,19.2645,0.0,24.0966,1778784045670809725
vocseg__app1,no_sharing,468.1513,113.4586,107.0377,105.7988,0.0025,0.6794,3.536,0.0,6.4209,1778784046585068907
vocseg__app1,no_sharing,468.2078,119.4947,59.3287,58.1277,0.0026,0.6784,56.8838,0.0,60.1659,1778784046694865487
vocseg__app1,no_sharing,468.7089,57.6177,52.4683,51.1917,0.0029,0.648,2.4419,0.0,5.1494,1778784047141574962
vocseg__app1,no_sharing,469.0652,58.2504,53.0433,51.6567,0.0023,0.7872,2.027,0.0,5.2071,1778784047497408398
vocseg__app1,no_sharing,469.1528,60.0138,54.7635,52.9214,0.0027,1.1848,2.2774,0.0,5.2502,1778784047585263462
vocseg__app1,no_sharing,469.6726,66.5133,61.9039,60.0406,0.0024,0.6417,1.842,0.0,4.6094,1778784048104668418
vocseg__app1,no_sharing,469.9906,56.772,51.6058,50.4822,0.0127,0.6238,2.4867,0.0,5.1661,1778784048423394507
vocseg__app1,no_sharing,470.4455,59.6173,54.5845,52.3307,0.0023,1.7035,1.9493,0.0,5.0328,1778784048877615729
vocseg__app1,no_sharing,471.807,58.0215,52.8065,51.5713,0.0024,0.6284,2.4939,0.0,5.215,1778784050239696930
vocseg__app1,no_sharing,472.3437,56.3734,51.4081,48.4092,0.0022,2.3904,1.9917,0.0,4.9653,1778784050775876656
vocseg__app1,no_sharing,472.6969,58.2514,52.8671,51.596,0.0026,0.6851,2.2371,0.0,5.3843,1778784051129345811
vocseg__app1,no_sharing,472.8054,58.8861,53.8289,51.964,0.0029,1.2654,1.9014,0.0,5.0572,1778784051237465845
vocseg__app1,no_sharing,472.817,113.0157,63.114,61.9714,0.0023,0.6232,46.8762,0.0,49.9016,1778784051294175122
vocseg__app1,no_sharing,473.2137,56.1981,51.0439,49.6567,0.0023,0.7747,1.8952,0.0,5.1542,1778784051645817383
vocseg__app1,no_sharing,473.2181,142.3938,88.4436,85.4035,0.0022,2.5052,51.3248,0.0,53.9502,1778784051699671073
vocseg__app1,no_sharing,473.4227,92.9811,86.1715,83.8947,0.0027,1.7424,4.0345,0.0,6.8096,1778784051857006935
vocseg__app1,no_sharing,473.5667,59.3436,54.2198,53.0065,0.0027,0.6291,2.3875,0.0,5.1238,1778784051999322580
vocseg__app1,no_sharing,474.6081,58.2745,53.353,51.4934,0.0026,1.1077,1.838,0.0,4.9215,1778784053040115446
vocseg__app1,no_sharing,474.7978,86.7128,81.7175,80.186,0.0023,0.945,2.2755,0.0,4.9953,1778784053230311314
vocseg__app1,no_sharing,475.7539,85.5083,80.7494,75.3615,0.0023,4.7497,1.9493,0.0,4.7589,1778784054185993475
vocseg__app1,no_sharing,475.7984,185.3199,141.6694,138.4582,0.0024,1.352,40.9026,0.0,43.6505,1778784054269538889
vocseg__app1,no_sharing,475.8121,173.8698,141.6694,138.4582,0.0024,1.352,27.2589,0.0,32.2005,1778784054269538889
vocseg__app1,no_sharing,476.0437,91.4006,84.5134,82.7015,0.0024,1.1842,4.082,0.0,6.8872,1778784054477996120
vocseg__app1,no_sharing,476.4949,79.8984,74.9707,70.0418,0.0026,4.3674,2.0108,0.0,4.9277,1778784054927113603
vocseg__app1,no_sharing,476.7728,58.027,51.913,50.7183,0.0022,0.6265,3.4697,0.0,6.114,1778784055206521163
vocseg__app1,no_sharing,477.1357,58.5833,53.5513,51.7326,0.0026,1.314,1.9889,0.0,5.032,1778784055567913277
vocseg__app1,no_sharing,481.0935,72.7136,66.1876,64.2595,0.0026,0.6962,3.7749,0.0,6.526,1778784059527614790
vocseg__app1,no_sharing,481.2386,57.5457,52.6282,51.1046,0.0021,1.0091,1.8909,0.0,4.9175,1778784059670666143
vocseg__app1,no_sharing,481.3695,57.3444,52.4011,51.2278,0.002,0.6222,2.1996,0.0,4.9434,1778784059801878836
vocseg__app1,no_sharing,481.5831,74.6667,70.0022,68.8654,0.0031,0.645,1.9732,0.0,4.6645,1778784060015283079
vocseg__app1,no_sharing,481.7401,57.5056,52.4045,51.2286,0.0026,0.6078,2.3572,0.0,5.1011,1778784060172676357
vocseg__app1,no_sharing,481.8038,87.8115,83.1429,78.0396,0.0022,4.3912,1.761,0.0,4.6685,1778784060235747372
vocseg__app1,no_sharing,482.0617,58.6557,52.6812,51.4525,0.0024,0.6481,3.2446,0.0,5.9746,1778784060495134217
vocseg__app1,no_sharing,482.6439,56.3064,51.3896,48.3793,0.0022,2.5015,1.9741,0.0,4.9167,1778784061076070436
vocseg__app1,no_sharing,483.2643,57.6961,52.5088,51.3679,0.0024,0.642,2.4359,0.0,5.1873,1778784061697011305
vocseg__app1,no_sharing,483.4373,58.0218,52.9139,51.2978,0.0023,0.9669,1.9326,0.0,5.1079,1778784061869463168
vocseg__app1,no_sharing,484.8364,57.8103,52.6415,51.4443,0.0021,0.6279,2.5141,0.0,5.1688,1778784063269181572
vocseg__app1,no_sharing,485.5324,100.3332,95.5154,90.7517,0.0028,4.1851,1.9996,0.0,4.8179,1778784063964584807
vocseg__app1,no_sharing,485.5569,151.0866,72.0425,69.4008,0.0019,2.1127,75.7041,0.0,79.044,1778784064062824721
vocseg__app1,no_sharing,485.8409,57.0157,51.9694,50.5994,0.0025,0.7029,1.9186,0.0,5.0463,1778784064272993674
vocseg__app1,no_sharing,485.9152,64.1611,59.1942,58.1091,0.0025,0.6314,2.2204,0.0,4.9669,1778784064347620674
vocseg__app1,no_sharing,487.57,80.2603,75.3231,70.2158,0.0023,4.5122,1.9658,0.0,4.9372,1778784066002160469
vocseg__app1,no_sharing,487.6881,68.2163,63.2239,62.025,0.0022,0.6324,2.2986,0.0,4.9924,1778784066120643021
vocseg__app1,no_sharing,487.7194,102.0582,62.0532,61.0108,0.0021,0.5976,36.967,0.0,40.005,1778784066186581885
vocseg__app1,no_sharing,487.8357,60.7297,53.6255,52.4996,0.002,0.5934,4.137,0.0,7.1042,1778784066270082504
vocseg__app1,no_sharing,488.6725,56.8144,51.7146,50.5042,0.002,0.6113,2.0778,0.0,5.0998,1778784067104767762
vocseg__app1,no_sharing,489.8067,65.1832,59.9208,58.2001,0.0026,0.6337,2.5077,0.0,5.2624,1778784068239395141
vocseg__app1,no_sharing,490.251,58.1081,52.9908,51.2899,0.0021,1.1041,2.0089,0.0,5.1173,1778784068683172042
vocseg__app1,no_sharing,490.2625,112.2484,63.2826,61.4384,0.0024,1.272,46.0486,0.0,48.9659,1778784068738882692
vocseg__app1,no_sharing,490.3644,75.9394,62.6195,61.5383,0.0026,0.6171,10.2324,0.0,13.3199,1778784068804813644
vocseg__app1,no_sharing,491.5941,77.1084,70.2935,69.0387,0.0033,0.7474,4.0278,0.0,6.8149,1778784070028365088
vocseg__app1,no_sharing,492.571,56.591,51.7725,50.3606,0.0025,0.7332,2.0316,0.0,4.8186,1778784071003178567
vocseg__app1,no_sharing,492.8887,57.3246,52.1067,50.5287,0.003,0.791,2.3971,0.0,5.2179,1778784071321372359
vocseg__app1,no_sharing,495.3271,57.8084,52.9154,51.4421,0.0026,0.8948,1.9751,0.0,4.893,1778784073759218740
vocseg__app1,no_sharing,495.3607,92.9496,66.1002,62.6752,0.0023,2.913,23.8583,0.0,26.8494,1778784073814828868
vocseg__app1,no_sharing,496.4055,58.1095,53.0396,51.3452,0.002,1.1122,2.0409,0.0,5.07,1778784074837677062
vocseg__app1,no_sharing,496.9704,58.856,53.5731,52.3743,0.0021,0.6167,2.337,0.0,5.2829,1778784075402984056
vocseg__app1,no_sharing,498.4815,59.9482,54.6363,52.1741,0.0025,1.8085,2.1522,0.0,5.3119,1778784076913832513
vocseg__app1,no_sharing,498.9081,90.3111,83.1168,81.8772,0.0023,0.7241,3.7584,0.0,7.1943,1778784077342051757
vocseg__app1,no_sharing,499.1626,64.3017,58.4013,56.5703,0.0024,1.2422,2.1002,0.0,5.9004,1778784077594833778
vocseg__app1,no_sharing,499.2251,67.8163,62.7693,61.6159,0.0022,0.6663,2.2795,0.0,5.047,1778784077657654488
vocseg__app1,no_sharing,499.6786,58.712,53.383,51.525,0.0025,1.2452,1.9319,0.0,5.329,1778784078110689735
vocseg__app1,no_sharing,500.3931,57.8165,52.2444,50.7657,0.0021,0.8986,2.522,0.0,5.5721,1778784078825853281
vocseg__app1,no_sharing,500.445,73.6749,64.3316,61.7446,0.0018,2.0541,5.8141,0.0,9.3433,1778784078880979628
vocseg__app1,no_sharing,500.9556,57.8368,51.7727,50.5279,0.0024,0.6331,3.3922,0.0,6.0641,1778784079389221733
vocseg__app1,no_sharing,500.999,80.2495,62.7644,61.6405,0.0025,0.6548,14.4551,0.0,17.4851,1778784079443664991
vocseg__app1,no_sharing,502.0238,58.6905,53.3066,51.6854,0.0022,0.6104,2.6722,0.0,5.3839,1778784080456732172
vocseg__app1,no_sharing,502.5275,79.2017,74.3815,71.6486,0.0023,2.1448,1.9581,0.0,4.8202,1778784080959670968
vocseg__app1,no_sharing,503.2364,58.3222,52.966,51.5708,0.003,0.8879,2.2757,0.0,5.3562,1778784081668891359
vocseg__app1,no_sharing,504.6337,56.1659,51.278,48.3944,0.0024,2.3798,1.9493,0.0,4.8879,1778784083065883090
vocseg__app1,no_sharing,504.8679,57.8306,52.6974,51.5174,0.0025,0.636,2.3375,0.0,5.1332,1778784083300501676
vocseg__app1,no_sharing,505.4692,57.5187,52.3251,50.9779,0.0025,0.7529,2.0723,0.0,5.1936,1778784083901490078
vocseg__app1,no_sharing,505.9034,55.8989,50.7856,49.6049,0.0023,0.621,2.4414,0.0,5.1133,1778784084336089410
vocseg__app1,no_sharing,506.2518,78.4569,73.4365,67.9663,0.0031,4.8751,2.0633,0.0,5.0203,1778784084684077413
vocseg__app1,no_sharing,506.9498,65.7411,59.7433,56.6197,0.0022,2.5222,3.298,0.0,5.9977,1778784085383323090
vocseg__app1,no_sharing,507.5583,59.1705,54.444,52.2351,0.0022,1.6443,1.7493,0.0,4.7265,1778784085990225773
vocseg__app1,no_sharing,508.3571,89.5691,84.2881,82.5973,0.0026,1.0467,2.4769,0.0,5.281,1778784086789770101
vocseg__app1,no_sharing,508.798,57.8346,52.2016,49.0382,0.0023,2.4912,2.7211,0.0,5.6331,1778784087230875269
vocseg__app1,no_sharing,510.2591,55.5592,50.4117,49.2602,0.0023,0.6002,2.4567,0.0,5.1475,1778784088691841606
vocseg__app1,no_sharing,510.409,57.9479,53.2112,51.4089,0.0025,1.2361,1.7617,0.0,4.7367,1778784088840945320
vocseg__app1,no_sharing,510.7244,102.319,95.4359,89.9497,0.0026,4.8272,4.0135,0.0,6.8831,1778784089158583056
vocseg__app1,no_sharing,510.9543,58.6326,53.8406,51.528,0.0023,1.715,1.8997,0.0,4.7921,1778784089386381030
vocseg__app1,no_sharing,511.6794,58.78,53.3221,51.7595,0.0025,0.9739,2.4474,0.0,5.4578,1778784090112103596
vocseg__app1,no_sharing,511.706,99.3745,64.3412,63.2117,0.0026,0.6291,31.9247,0.0,35.0333,1778784090168122029
vocseg__app1,no_sharing,512.3798,55.6562,49.4739,48.3573,0.0027,0.6244,3.4063,0.0,6.1823,1778784090813437467
vocseg__app1,no_sharing,512.4193,81.9023,62.6173,61.4283,0.0027,0.6357,16.2323,0.0,19.285,1778784090865684753
vocseg__app1,no_sharing,512.9078,85.861,80.5893,77.3765,0.0024,2.1228,2.5258,0.0,5.2717,1778784091340517251
vocseg__app1,no_sharing,513.5198,58.1648,53.0053,51.435,0.0023,1.0226,1.9209,0.0,5.1595,1778784091951871893
vocseg__app1,no_sharing,513.7637,58.3141,52.9918,51.7368,0.0022,0.6674,2.5001,0.0,5.3223,1778784092196429255
vocseg__app1,no_sharing,513.9874,57.986,52.8134,51.3559,0.0022,0.8202,1.9858,0.0,5.1726,1778784092419573612
vocseg__app1,no_sharing,514.8949,56.0708,50.8724,49.7087,0.0022,0.6588,2.434,0.0,5.1984,1778784093327575864
vocseg__app1,no_sharing,515.1984,91.1281,86.1718,78.978,0.0023,6.6737,1.9774,0.0,4.9563,1778784093630603041
vocseg__app1,no_sharing,515.4718,73.2088,67.421,64.2018,0.0023,2.6566,3.0017,0.0,5.7878,1778784093904994217
vocseg__app1,no_sharing,515.7203,56.3548,51.2371,48.3067,0.0023,2.3656,2.0883,0.0,5.1177,1778784094152534821
vocseg__app1,no_sharing,516.117,57.4365,52.0282,50.9302,0.0026,0.6124,2.6968,0.0,5.4083,1778784094549905989
vocseg__app1,no_sharing,516.4499,57.3514,52.4283,51.0107,0.002,0.863,1.9379,0.0,4.923,1778784094882021796
vocseg__app1,no_sharing,516.5675,57.5573,52.5289,51.3437,0.0025,0.6026,2.2879,0.0,5.0284,1778784095000041597
vocseg__app1,no_sharing,516.9061,58.0254,52.8066,51.4465,0.0023,0.8208,1.9591,0.0,5.2187,1778784095338216910
vocseg__app1,no_sharing,517.4284,76.7779,71.3102,68.0964,0.0025,2.6488,2.5589,0.0,5.4677,1778784095861223416
vocseg__app1,no_sharing,517.4823,123.0381,96.1709,92.755,0.0033,2.8078,22.8903,0.0,26.8671,1778784095935363182
vocseg__app1,no_sharing,517.9088,58.171,51.7772,50.5378,0.0022,0.636,3.4249,0.0,6.3939,1778784096342480859
vocseg__app1,no_sharing,518.6581,57.7893,52.6597,51.2746,0.0027,0.7453,2.1033,0.0,5.1296,1778784097090375319
vocseg__app1,no_sharing,519.1255,56.9539,51.8718,50.7165,0.0023,0.5874,2.4135,0.0,5.0821,1778784097558144713
vocseg__app1,no_sharing,520.3468,83.9419,77.9988,72.7773,0.002,4.5141,2.111,0.0,5.9431,1778784098779142775
vocseg__app1,no_sharing,522.0968,57.9906,52.7059,51.5666,0.0025,0.6391,2.5604,0.0,5.2847,1778784100529609771
vocseg__app1,no_sharing,522.2431,58.2025,53.2776,51.6005,0.0023,1.164,1.9133,0.0,4.9249,1778784100675210026
vocseg__app1,no_sharing,522.3647,91.3703,86.3169,84.1913,0.0023,1.0034,2.2705,0.0,5.0535,1778784100797253603
vocseg__app1,no_sharing,522.5458,57.219,52.1349,50.8483,0.0023,0.6685,1.9701,0.0,5.0841,1778784100977953816
vocseg__app1,no_sharing,523.4426,71.9779,66.8145,63.6168,0.0024,2.4872,2.3878,0.0,5.1634,1778784101875294921
vocseg__app1,no_sharing,523.9041,56.2844,50.4284,49.0986,0.0025,0.6921,2.6984,0.0,5.856,1778784102336993851
vocseg__app1,no_sharing,524.1168,79.519,74.1729,70.8803,0.0024,2.6747,2.3901,0.0,5.3461,1778784102549452160
vocseg__app1,no_sharing,524.4163,57.0951,51.7477,50.5565,0.002,0.6918,2.28,0.0,5.3473,1778784102848725912
vocseg__app1,no_sharing,524.5838,65.3303,59.9307,56.7202,0.0026,2.6233,2.516,0.0,5.3996,1778784103016510868
vocseg__app1,no_sharing,524.6643,72.0973,67.2105,64.4475,0.0022,2.227,1.9727,0.0,4.8868,1778784103096466394
vocseg__app1,no_sharing,524.802,59.9716,54.7832,53.6435,0.0022,0.6531,2.1534,0.0,5.1884,1778784103234401852
vocseg__app1,no_sharing,524.9916,58.3758,53.1826,51.4277,0.0021,1.1202,2.0533,0.0,5.1932,1778784103423889789
vocseg__app1,no_sharing,525.3416,80.1685,74.8278,71.6934,0.0028,2.59,2.4018,0.0,5.3407,1778784103774264688
vocseg__app1,no_sharing,525.9884,58.1417,52.9252,51.2529,0.0025,1.0475,2.0449,0.0,5.2165,1778784104420663554
vocseg__app1,no_sharing,526.3235,58.651,52.7434,51.5333,0.0023,0.6055,2.949,0.0,5.9076,1778784104756684067
vocseg__app1,no_sharing,526.3235,127.3806,65.4228,64.2344,0.0023,0.6534,58.6519,0.0,61.9578,1778784104812416925
vocseg__app1,no_sharing,526.4274,96.3783,70.0372,66.9037,0.0024,2.684,23.6146,0.0,26.3411,1778784104881178667
vocseg__app1,no_sharing,526.931,57.8713,50.9573,49.825,0.0026,0.6349,4.1561,0.0,6.914,1778784105365374168
vocseg__app1,no_sharing,527.2328,57.8251,52.5331,51.1604,0.0024,0.7433,1.9107,0.0,5.292,1778784105664904621
vocseg__app1,no_sharing,527.4005,79.3033,72.6517,69.3472,0.0022,2.6754,2.4755,0.0,6.6516,1778784105833177269
vocseg__app1,no_sharing,527.9044,57.8048,52.7283,51.2564,0.0021,0.7038,1.9844,0.0,5.0765,1778784106336549601
vocseg__app1,no_sharing,528.1907,57.2591,52.06,50.6629,0.0033,0.711,2.5527,0.0,5.199,1778784106623500204
vocseg__app1,no_sharing,529.1382,58.1422,53.1097,50.9654,0.0024,0.9633,2.1958,0.0,5.0325,1778784107570612012
vocseg__app1,no_sharing,531.1409,69.2995,63.9767,60.809,0.0026,2.6021,2.4865,0.0,5.3228,1778784109573673881
vocseg__app1,no_sharing,532.3164,57.9126,52.7207,51.1929,0.0026,0.9263,2.0497,0.0,5.1919,1778784110748669269
vocseg__app1,no_sharing,532.4397,58.3892,53.2713,51.897,0.0029,0.8163,2.3394,0.0,5.1179,1778784110872265746
vocseg__app1,no_sharing,532.6354,58.9797,53.9948,52.6082,0.0025,0.6496,2.1815,0.0,4.9849,1778784111067812986
vocseg__app1,no_sharing,532.7988,57.7471,52.5284,51.188,0.0029,0.7404,2.5573,0.0,5.2187,1778784111231576812
vocseg__app1,no_sharing,533.5266,88.3868,83.1035,79.4861,0.0026,2.8608,2.0814,0.0,5.2833,1778784111958907837
vocseg__app1,no_sharing,534.8144,57.2619,51.9801,50.533,0.0024,0.7104,2.326,0.0,5.2818,1778784113246951633
vocseg__app1,no_sharing,534.9958,86.2262,81.1151,75.6954,0.0027,4.7693,2.1157,0.0,5.1111,1778784113428076224
vocseg__app1,no_sharing,535.0843,69.3786,63.1787,61.9718,0.0024,0.7481,3.051,0.0,6.1999,1778784113517658811
vocseg__app1,no_sharing,535.185,60.3797,54.948,53.716,0.0019,0.6971,2.5938,0.0,5.4317,1778784113617746618
vocseg__app1,no_sharing,535.662,56.6425,50.6196,49.2975,0.0024,0.7328,2.4211,0.0,6.0229,1778784114094644561
vocseg__app1,no_sharing,536.1308,57.5066,52.1574,50.7688,0.0022,0.7255,2.243,0.0,5.3492,1778784114563191186
vocseg__app1,no_sharing,536.3527,57.3461,52.0371,50.889,0.002,0.6839,2.3768,0.0,5.309,1778784114785331455
vocseg__app1,no_sharing,537.5432,60.3197,55.2344,52.4497,0.0021,2.2501,2.0597,0.0,5.0853,1778784115975377962
vocseg__app1,no_sharing,537.9929,57.8215,52.4408,50.9895,0.0025,0.8742,2.3105,0.0,5.3807,1778784116425474356
vocseg__app1,no_sharing,538.1331,57.8058,52.5339,51.1001,0.0026,0.9299,2.2571,0.0,5.2719,1778784116565501143
vocseg__app1,no_sharing,538.3783,85.7251,80.4438,77.2239,0.0024,2.7385,2.4667,0.0,5.2812,1778784116811015538
vocseg__app1,no_sharing,540.305,57.4918,52.2022,50.9182,0.0023,0.6638,2.1842,0.0,5.2896,1778784118737323873
vocseg__app1,no_sharing,540.3737,82.3481,77.2876,74.0766,0.0024,2.6094,2.1613,0.0,5.0605,1778784118806078935
vocseg__app1,no_sharing,540.6336,59.8526,54.2969,50.7845,0.0021,2.3933,1.9476,0.0,5.5557,1778784119065685008
vocseg__app1,no_sharing,541.5452,57.5075,52.0309,50.8701,0.0019,0.6056,2.5194,0.0,5.4766,1778784119977978000
vocseg__app1,no_sharing,541.9972,60.3979,55.2904,52.4908,0.0021,2.1898,1.9395,0.0,5.1075,1778784120429281409
vocseg__app1,no_sharing,542.4221,58.5043,53.0543,51.6338,0.0027,0.7587,2.1865,0.0,5.45,1778784120854562825
vocseg__app1,no_sharing,542.9405,56.5894,51.355,50.1833,0.0023,0.6046,2.2514,0.0,5.2344,1778784121372941981
vocseg__app1,no_sharing,543.9611,89.6266,82.608,81.1216,0.0028,0.7593,3.9356,0.0,7.0186,1778784122395313511
vocseg__app1,no_sharing,545.0856,78.546,73.1556,72.0402,0.0022,0.6203,2.1462,0.0,5.3904,1778784123517870883
vocseg__app1,no_sharing,545.4505,72.8135,65.4811,64.2081,0.0024,0.7225,4.2949,0.0,7.3325,1778784123885006886
vocseg__app1,no_sharing,545.7094,59.0289,53.8461,52.6265,0.0025,0.6266,2.1861,0.0,5.1828,1778784124141835485
vocseg__app1,no_sharing,546.5041,80.4667,75.2435,74.0317,0.0026,0.6375,2.3108,0.0,5.2233,1778784124936683081
vocseg__app1,no_sharing,547.1355,70.0448,63.6567,60.3734,0.0025,2.6409,2.2855,0.0,6.3881,1778784125567983382
vocseg__app1,no_sharing,547.7855,92.0265,86.7825,83.516,0.0023,2.6987,2.4333,0.0,5.244,1778784126218228271
vocseg__app1,no_sharing,547.9295,60.8654,55.0267,52.5144,0.0025,1.2147,2.836,0.0,5.8387,1778784126362511356
vocseg__app1,no_sharing,547.9822,72.9144,61.8736,60.6916,0.0022,0.6228,7.88,0.0,11.0408,1778784126420353260
vocseg__app1,no_sharing,548.6399,56.5424,51.3986,49.5457,0.0021,1.3117,1.9591,0.0,5.1438,1778784127072046502
vocseg__app1,no_sharing,549.0331,58.1617,53.0263,51.4342,0.0022,1.0041,2.398,0.0,5.1354,1778784127465749330
vocseg__app1,no_sharing,549.3946,83.2553,78.5582,75.2343,0.0025,2.679,1.9414,0.0,4.6971,1778784127826736577
vocseg__app1,no_sharing,550.0027,69.715,64.2619,61.0005,0.0024,2.7363,2.7149,0.0,5.4531,1778784128435653425
vocseg__app1,no_sharing,551.1024,57.7033,52.4634,50.8764,0.0023,1.0058,2.0728,0.0,5.2398,1778784129534637610
vocseg__app1,no_sharing,552.3123,58.3928,53.0129,51.8014,0.0024,0.6298,2.7335,0.0,5.3799,1778784130745258627
vocseg__app1,no_sharing,553.6535,58.9406,53.5948,51.8795,0.0023,0.6542,2.6131,0.0,5.3459,1778784132086424628
vocseg__app1,no_sharing,554.027,89.8879,85.1312,83.8362,0.0025,0.6829,1.9188,0.0,4.7567,1778784132459051011
vocseg__app1,no_sharing,555.1197,56.9167,51.5599,50.4655,0.0026,0.6152,2.6109,0.0,5.3568,1778784133552601399
vocseg__app1,no_sharing,556.3143,58.3153,53.2262,51.4936,0.0023,1.2276,1.9634,0.0,5.0891,1778784134746404006
vocseg__app1,no_sharing,558.4952,86.4837,80.059,76.8003,0.002,2.698,2.409,0.0,6.4247,1778784136927896296
vocseg__app1,no_sharing,558.8043,56.885,51.7782,50.5422,0.002,0.6375,2.0652,0.0,5.1068,1778784137236565582
vocseg__app1,no_sharing,559.2062,58.0389,52.9415,51.856,0.0023,0.6029,2.3789,0.0,5.0974,1778784137638813148
vocseg__app1,no_sharing,562.3566,73.1633,66.6871,62.7957,0.0029,3.3683,2.1682,0.0,6.4762,1778784140788978842
vocseg__app1,no_sharing,562.6695,93.3993,87.9641,84.835,0.0022,2.6152,2.5313,0.0,5.4352,1778784141102261266
vocseg__app1,no_sharing,562.9976,56.7477,50.5383,47.6834,0.0028,2.254,3.0775,0.0,6.2094,1778784141430897979
vocseg__app1,no_sharing,563.3189,79.1881,73.7842,70.5129,0.0022,2.6933,2.3973,0.0,5.4039,1778784141751552337
vocseg__app1,no_sharing,563.418,62.6845,57.7594,56.4258,0.0021,0.7688,1.9372,0.0,4.9251,1778784141850092617
vocseg__app1,no_sharing,563.8553,57.8604,52.453,51.3629,0.0166,0.6034,2.403,0.0,5.4074,1778784142287956455
vocseg__app1,no_sharing,563.8769,101.3868,62.4964,61.4135,0.0024,0.6323,36.2887,0.0,38.8904,1778784142343346343
vocseg__app1,no_sharing,563.9565,85.5627,60.8339,59.5995,0.0022,0.6611,21.6401,0.0,24.7288,1778784142408397942
vocseg__app1,no_sharing,564.2225,57.6456,51.9803,50.6622,0.0021,0.7498,2.7063,0.0,5.6653,1778784142655378999
vocseg__app1,no_sharing,564.2869,64.2183,59.4602,58.3267,0.0025,0.5919,2.0673,0.0,4.7581,1778784142719158835
vocseg__app1,no_sharing,565.5753,58.089,53.1397,51.9598,0.0026,0.592,2.1174,0.0,4.9493,1778784144007560719
vocseg__app1,no_sharing,565.7763,77.9805,71.5697,68.3542,0.0028,2.6252,2.4195,0.0,6.4108,1778784144208987509
vocseg__app1,no_sharing,565.8018,128.0649,72.2303,70.9965,0.0024,0.6506,52.5668,0.0,55.8346,1778784144284535164
vocseg__app1,no_sharing,565.9511,60.3583,53.6863,52.5233,0.0022,0.6193,3.6967,0.0,6.672,1778784144384998991
vocseg__app1,no_sharing,565.9761,101.2049,62.8231,61.7782,0.002,0.6185,35.2719,0.0,38.3818,1778784144441515561
vocseg__app1,no_sharing,566.588,57.2934,51.1311,49.9365,0.0026,0.6262,3.3851,0.0,6.1623,1778784145021668273
vocseg__app1,no_sharing,567.3201,56.8562,51.749,50.664,0.0024,0.599,2.0094,0.0,5.1071,1778784145752303495
vocseg__app1,no_sharing,568.0441,88.5015,82.9649,78.2388,0.0028,4.0819,2.4481,0.0,5.5366,1778784146476835240
vocseg__app1,no_sharing,569.768,57.3549,52.0795,50.8525,0.0023,0.6438,2.1334,0.0,5.2755,1778784148200275613
vocseg__app1,no_sharing,571.9068,57.8387,52.5107,51.2894,0.0024,0.6795,2.4683,0.0,5.328,1778784150339493608
vocseg__app1,no_sharing,572.8876,56.6473,51.9678,50.7663,0.0026,0.6051,1.9591,0.0,4.6795,1778784151319753330
vocseg__app1,no_sharing,573.124,127.9445,121.5752,117.8194,0.0033,3.1189,3.1536,0.0,6.3692,1778784151557368949
vocseg__app1,no_sharing,574.2933,58.794,53.5992,48.2513,0.0029,4.7361,2.2614,0.0,5.1948,1778784152725724079
vocseg__app1,no_sharing,574.3581,90.7812,85.7275,84.3071,0.0026,0.8941,2.1133,0.0,5.0537,1778784152790380030
vocseg__app1,no_sharing,575.8504,64.3845,59.1826,55.3948,0.0025,3.2447,2.3086,0.0,5.2018,1778784154282934462
vocseg__app1,no_sharing,575.9404,110.3208,104.8608,101.7608,0.0026,2.5637,2.6231,0.0,5.46,1778784154373283536
vocseg__app1,no_sharing,576.5706,70.5497,65.667,61.9527,0.0025,3.1243,1.9596,0.0,4.8828,1778784155002773481
vocseg__app1,no_sharing,576.6484,75.0253,70.0793,68.9666,0.0023,0.6321,2.2755,0.0,4.9461,1778784155080931635
vocseg__app1,no_sharing,577.2318,57.6975,52.6526,50.9451,0.0023,1.0636,2.0242,0.0,5.0449,1778784155664010367
vocseg__app1,no_sharing,577.3684,58.4419,53.2578,52.127,0.0022,0.6382,2.3987,0.0,5.1841,1778784155801049875
vocseg__app1,no_sharing,577.6853,55.7313,50.8803,47.9132,0.0024,2.4292,1.9255,0.0,4.851,1778784156117453910
vocseg__app1,no_sharing,578.4534,57.5855,52.4739,51.2589,0.0022,0.6347,2.3992,0.0,5.1116,1778784156886091312
vocseg__app1,no_sharing,579.0363,59.3741,54.2912,52.172,0.0022,1.5278,1.9209,0.0,5.0829,1778784157468393252
vocseg__app1,no_sharing,579.4173,55.8972,50.6074,49.4174,0.0022,0.6036,2.4669,0.0,5.2898,1778784157849973808
vocseg__app1,no_sharing,579.9942,58.4838,53.3522,51.4853,0.002,1.2575,1.9748,0.0,5.1316,1778784158426338772
vocseg__app1,no_sharing,580.168,58.239,53.1404,51.9234,0.0027,0.6042,2.3479,0.0,5.0986,1778784158600621976
vocseg__app1,no_sharing,580.4664,58.1534,53.1347,51.6738,0.0023,0.9631,1.8966,0.0,5.0187,1778784158898516463
vocseg__app1,no_sharing,581.4559,57.3845,52.1537,50.972,0.0025,0.6033,2.4822,0.0,5.2308,1778784159888601947
vocseg__app1,no_sharing,582.6848,75.2881,68.9232,64.8114,0.0022,3.4993,2.0676,0.0,6.3649,1778784161117050687
vocseg__app1,no_sharing,582.8222,58.0842,52.9617,51.6358,0.0022,0.7501,2.238,0.0,5.1226,1778784161254681262
vocseg__app1,no_sharing,582.9886,57.4014,52.3701,51.0044,0.0024,0.7728,1.8978,0.0,5.0313,1778784161420748192
vocseg__app1,no_sharing,583.1404,58.1088,52.7001,51.6094,0.0025,0.5967,2.2962,0.0,5.4087,1778784161572945401
vocseg__app1,no_sharing,583.196,71.2516,64.858,62.4699,0.0025,1.8275,2.939,0.0,6.3936,1778784161629072979
vocseg__app1,no_sharing,583.737,92.6087,85.6251,82.4416,0.0028,2.607,3.9773,0.0,6.9836,1778784162171191951
vocseg__app1,no_sharing,584.0416,56.7799,51.0533,49.297,0.0022,1.1756,2.6617,0.0,5.7266,1778784162474500830
vocseg__app1,no_sharing,584.052,114.0759,64.8866,63.8136,0.0022,0.6244,46.1321,0.0,49.1893,1778784162528353455
vocseg__app1,no_sharing,584.2393,57.3542,51.7136,48.5395,0.0024,2.4761,2.7025,0.0,5.6406,1778784162672226679
vocseg__app1,no_sharing,585.3656,58.5003,53.2893,52.1095,0.0023,0.6033,2.388,0.0,5.2109,1778784163798280183
vocseg__app1,no_sharing,585.5565,56.6349,51.7795,48.7946,0.0021,2.442,2.0227,0.0,4.8555,1778784163988723077
vocseg__app1,no_sharing,585.8273,59.4189,52.952,51.8285,0.0024,0.6376,2.3413,0.0,6.4669,1778784164259878828
vocseg__app1,no_sharing,585.8849,69.037,64.4614,61.8619,0.0029,2.0056,1.6384,0.0,4.5756,1778784164316734132
vocseg__app1,no_sharing,586.2977,82.5579,77.2911,74.0605,0.0023,2.586,2.5005,0.0,5.2668,1778784164730480872
vocseg__app1,no_sharing,586.6081,58.3456,53.0302,50.7714,0.0022,0.9182,2.0764,0.0,5.3154,1778784165040323795
vocseg__app1,no_sharing,588.0816,107.698,101.9929,96.4101,0.0025,4.8991,2.7413,0.0,5.705,1778784166514756502
vocseg__app1,no_sharing,588.604,60.8387,56.0228,52.941,0.0025,2.3548,1.9152,0.0,4.8159,1778784167036116854
vocseg__app1,no_sharing,588.8568,58.7311,52.183,50.9373,0.0026,0.6229,2.7325,0.0,6.5481,1778784167289864776
vocseg__app1,no_sharing,589.0674,69.0577,63.7321,61.8486,0.0022,1.3767,2.2931,0.0,5.3256,1778784167499881407
vocseg__app1,no_sharing,589.4591,55.8789,50.4617,49.1788,0.002,0.7902,2.3844,0.0,5.4171,1778784167891683794
vocseg__app1,no_sharing,590.0949,72.6335,67.724,62.2975,0.0026,4.7686,1.956,0.0,4.9095,1778784168527075240
vocseg__app1,no_sharing,590.3994,60.5929,55.2756,53.9979,0.0023,0.6675,2.4717,0.0,5.3172,1778784168832089406
vocseg__app1,no_sharing,591.0956,56.9336,51.715,50.4875,0.0025,0.6931,2.1527,0.0,5.2186,1778784169527956634
vocseg__app1,no_sharing,591.29,58.4397,52.8906,51.6453,0.0025,0.6231,2.5086,0.0,5.5491,1778784169722716159
vocseg__app1,no_sharing,591.3106,103.8132,63.1411,61.2247,0.0028,1.4052,37.7743,0.0,40.6721,1778784169778550524
vocseg__app1,no_sharing,591.4088,71.1787,62.6437,61.4672,0.0026,0.6346,5.5256,0.0,8.535,1778784169844524731
vocseg__app1,no_sharing,592.0233,56.6649,51.4039,49.6092,0.0022,1.1468,1.9727,0.0,5.2611,1778784170455471116
vocseg__app1,no_sharing,592.8348,73.5502,68.313,65.1687,0.0023,2.6267,2.4598,0.0,5.2373,1778784171267525321
vocseg__app1,no_sharing,592.8487,138.9205,76.9241,75.7659,0.0027,0.6467,59.2582,0.0,61.9964,1778784171338610155
vocseg__app1,no_sharing,593.1743,57.2426,52.0224,50.8067,0.0024,0.6235,2.4388,0.0,5.2202,1778784171607012455
vocseg__app1,no_sharing,593.5271,57.853,52.8147,51.2121,0.0026,1.0072,1.9808,0.0,5.0383,1778784171959275659
vocseg__app1,no_sharing,594.8439,57.5135,52.3191,51.0854,0.0021,0.6347,2.4409,0.0,5.1944,1778784173276586688
vocseg__app1,no_sharing,595.8718,88.4316,83.7793,82.5221,0.0025,0.6447,1.8697,0.0,4.6523,1778784174303840433
vocseg__app1,no_sharing,597.1748,57.6599,52.4555,51.3044,0.0026,0.6562,2.4686,0.0,5.2044,1778784175607545508
vocseg__app1,no_sharing,597.3488,56.2191,51.2025,48.2007,0.0026,1.8357,1.9283,0.0,5.0166,1778784175780958732
vocseg__app1,no_sharing,597.4912,57.3254,51.9728,50.5843,0.0021,0.8308,2.5611,0.0,5.3525,1778784175924043169
vocseg__app1,no_sharing,598.0033,58.1892,53.0884,51.3838,0.0029,1.1702,1.9433,0.0,5.1007,1778784176435392461
vocseg__app1,no_sharing,598.0379,91.403,65.5238,64.335,0.0025,0.632,23.1106,0.0,25.8792,1778784176491301213
vocseg__app1,no_sharing,598.4879,57.3177,52.6922,51.5403,0.0021,0.5962,1.8992,0.0,4.6255,1778784176920035065
vocseg__app1,no_sharing,598.6607,89.504,84.4583,81.497,0.0024,2.4229,2.27,0.0,5.0457,1778784177093204324
vocseg__app1,no_sharing,599.268,69.5963,62.8073,61.1881,0.0022,1.078,2.1346,0.0,6.789,1778784177700306510
vocseg__app1,no_sharing,599.4172,62.5229,55.4637,52.9898,0.0025,1.8929,2.4238,0.0,7.0592,1778784177849806142
vocseg__app1,no_sharing,599.8763,60.9763,52.0152,50.6242,0.0027,0.7419,4.1041,0.0,8.9611,1778784178316240646
nyudepth__app2,no_sharing,0.0001,129.9524,122.3537,120.4831,0.0022,1.3476,5.0251,0.0,7.5988,1778783578435423846
nyudepth__app2,no_sharing,0.1859,57.4694,52.166,49.3276,0.0026,2.2355,2.5699,0.0,5.3033,1778783578618644143
nyudepth__app2,no_sharing,0.4291,57.2197,52.2333,51.1415,0.0025,0.5104,2.3248,0.0,4.9864,1778783578861650576
nyudepth__app2,no_sharing,1.0325,57.1852,52.4863,51.3577,0.0021,0.5308,1.9519,0.0,4.6989,1778783579464684122
nyudepth__app2,no_sharing,1.5692,58.4071,53.0407,51.8294,0.0028,0.6339,2.6488,0.0,5.3663,1778783580002118355
nyudepth__app2,no_sharing,1.8556,56.6716,51.9948,50.3387,0.0027,0.5183,2.0835,0.0,4.6768,1778783580287878294
nyudepth__app2,no_sharing,1.9013,74.9712,60.6863,59.4126,0.0024,0.5875,11.4293,0.0,14.2849,1778783580342916566
nyudepth__app2,no_sharing,2.2968,57.9355,51.8731,48.9959,0.0022,2.2921,2.6524,0.0,6.0624,1778783580729616362
nyudepth__app2,no_sharing,3.2386,57.4183,51.9832,50.8297,0.0024,0.5735,2.6271,0.0,5.4352,1778783581671540266
nyudepth__app2,no_sharing,3.8938,64.4372,59.3953,55.8348,0.0024,2.9333,2.1663,0.0,5.0418,1778783582326136491
nyudepth__app2,no_sharing,4.7596,57.4157,52.2166,51.1248,0.0022,0.5047,2.4583,0.0,5.1991,1778783583192278891
nyudepth__app2,no_sharing,4.9584,57.6637,52.4404,51.1173,0.0026,0.7541,2.2249,0.0,5.2233,1778783583390768592
nyudepth__app2,no_sharing,5.3138,77.7164,72.4959,69.2461,0.0022,2.6488,2.5544,0.0,5.2204,1778783583746602577
nyudepth__app2,no_sharing,6.5798,69.1683,64.0247,60.5293,0.0027,2.8024,2.259,0.0,5.1436,1778783585012273463
nyudepth__app2,no_sharing,6.9423,57.9185,52.4076,51.1376,0.0022,0.6402,2.5456,0.0,5.5109,1778783585375132153
nyudepth__app2,no_sharing,6.952,119.3333,68.1436,67.0192,0.0023,0.5805,48.1427,0.0,51.1897,1778783585430326499
nyudepth__app2,no_sharing,7.9599,60.6134,55.5472,54.4792,0.0023,0.5085,2.2957,0.0,5.0662,1778783586392389161
nyudepth__app2,no_sharing,8.44,91.1057,86.1732,84.1265,0.0025,1.4755,1.8065,0.0,4.9325,1778783586872001215
nyudepth__app2,no_sharing,9.2845,57.3199,52.2825,51.2925,0.0024,0.5047,2.3136,0.0,5.0373,1778783587716997703
nyudepth__app2,no_sharing,9.393,58.3646,53.8001,52.6243,0.0027,0.6027,1.7087,0.0,4.5645,1778783587824891237
nyudepth__app2,no_sharing,9.4956,59.5453,54.3922,53.2041,0.0026,0.6606,2.311,0.0,5.1531,1778783587928186130
nyudepth__app2,no_sharing,11.1984,88.5804,83.7382,79.011,0.0022,3.9707,2.1582,0.0,4.8422,1778783589630751809
nyudepth__app2,no_sharing,11.2552,108.4998,73.8168,71.53,0.0025,1.6902,31.7543,0.0,34.6829,1778783589717199235
nyudepth__app2,no_sharing,11.365,67.4992,62.0133,60.8938,0.0021,0.5477,2.3911,0.0,5.4859,1778783589797585547
nyudepth__app2,no_sharing,11.6346,61.2321,56.2818,55.2069,0.0025,0.4951,2.3792,0.0,4.9502,1778783590067206946
nyudepth__app2,no_sharing,11.706,62.0441,57.2621,56.0891,0.0026,0.604,1.6851,0.0,4.7821,1778783590137904810
nyudepth__app2,no_sharing,12.3709,58.5921,53.1026,51.5256,0.003,0.9295,2.568,0.0,5.4895,1778783590803703612
nyudepth__app2,no_sharing,12.5861,59.5782,55.093,54.0403,0.0024,0.5011,1.6613,0.0,4.4851,1778783591017931632
nyudepth__app2,no_sharing,13.8064,69.0908,63.5348,61.1817,0.0021,1.7241,2.5001,0.0,5.5561,1778783592239136258
nyudepth__app2,no_sharing,14.0349,60.5757,55.45,52.8984,0.0022,1.9336,1.967,0.0,5.1257,1778783592467086943
nyudepth__app2,no_sharing,14.2306,58.7587,53.7426,52.7586,0.0026,0.503,2.229,0.0,5.0161,1778783592663093599
nyudepth__app2,no_sharing,14.4588,57.2441,52.2876,50.8778,0.0029,0.7618,1.9841,0.0,4.9565,1778783592890956248
nyudepth__app2,no_sharing,15.8679,87.4188,82.0266,77.6989,0.0024,3.6711,2.4993,0.0,5.3922,1778783594300623391
nyudepth__app2,no_sharing,16.746,79.1392,74.164,69.2239,0.0021,4.4089,2.0781,0.0,4.9752,1778783595178264925
nyudepth__app2,no_sharing,17.1462,57.2667,51.9779,50.8643,0.0023,0.5583,2.5797,0.0,5.2888,1778783595579026853
nyudepth__app2,no_sharing,17.5234,58.7971,53.8443,51.5227,0.0025,1.5993,1.9052,0.0,4.9528,1778783595955473646
nyudepth__app2,no_sharing,18.9237,66.1852,61.1318,58.0353,0.0022,2.6038,2.4576,0.0,5.0534,1778783597356436567
nyudepth__app2,no_sharing,20.0529,58.4056,53.3852,51.739,0.0026,0.8908,1.9832,0.0,5.0204,1778783598485113613
nyudepth__app2,no_sharing,20.1413,59.8459,54.6962,53.5944,0.002,0.5517,2.4252,0.0,5.1497,1778783598573907957
nyudepth__app2,no_sharing,20.1509,115.3591,62.6044,60.9894,0.0022,1.0364,49.9935,0.0,52.7547,1778783598631097460
nyudepth__app2,no_sharing,20.3775,58.6524,51.4806,50.2846,0.0025,0.6146,4.3621,0.0,7.1718,1778783598812124031
nyudepth__app2,no_sharing,20.6133,64.6091,58.9584,55.2867,0.0023,2.9285,2.0211,0.0,5.6506,1778783599045501887
nyudepth__app2,no_sharing,20.7662,63.4866,57.3945,54.2132,0.0024,2.5989,2.4474,0.0,6.092,1778783599198921090
nyudepth__app2,no_sharing,21.1973,64.5597,59.6971,57.0642,0.0025,1.9319,2.084,0.0,4.8626,1778783599629591448
nyudepth__app2,no_sharing,21.5861,57.3862,52.3708,50.6196,0.0027,0.6634,2.4242,0.0,5.0153,1778783600018754406
nyudepth__app2,no_sharing,22.554,57.6737,53.0275,51.3499,0.0019,1.0015,1.9579,0.0,4.6462,1778783600986168547
nyudepth__app2,no_sharing,23.0808,58.238,53.1004,51.5744,0.0024,0.9643,2.3937,0.0,5.1377,1778783601513419272
nyudepth__app2,no_sharing,23.1296,75.3167,63.2974,61.4085,0.0023,1.2883,9.2483,0.0,12.0192,1778783601569067436
nyudepth__app2,no_sharing,23.6189,57.1704,50.8328,49.6749,0.0026,0.5839,3.6275,0.0,6.3376,1778783602052799384
nyudepth__app2,no_sharing,24.1585,58.625,53.6425,51.7715,0.0021,1.2877,1.9269,0.0,4.9825,1778783602590631711
nyudepth__app2,no_sharing,24.3327,57.3747,52.0048,50.9589,0.0022,0.4764,2.4209,0.0,5.3699,1778783602765326713
nyudepth__app2,no_sharing,24.6153,108.1471,103.4413,98.433,0.0027,4.3388,2.0275,0.0,4.7059,1778783603047455148
nyudepth__app2,no_sharing,25.1026,63.617,55.8175,54.4906,0.0026,0.8265,3.1698,0.0,7.7995,1778783603536033817
nyudepth__app2,no_sharing,25.591,75.6981,71.0402,69.0166,0.002,1.433,2.0323,0.0,4.6579,1778783604023236041
nyudepth__app2,no_sharing,26.7445,56.5753,51.385,50.061,0.0022,0.7455,2.2588,0.0,5.1903,1778783605177008054
nyudepth__app2,no_sharing,27.1697,56.0279,50.6598,47.8618,0.0021,2.1866,1.9469,0.0,5.3681,1778783605601833425
nyudepth__app2,no_sharing,27.9638,64.2815,59.0758,57.9824,0.0026,0.5537,2.4884,0.0,5.2056,1778783606396498139
nyudepth__app2,no_sharing,28.4311,61.5952,57.2806,55.8061,0.0022,0.9199,1.653,0.0,4.3146,1778783606862924969
nyudepth__app2,no_sharing,28.5976,55.6462,50.6082,49.5955,0.0021,0.4775,2.2655,0.0,5.038,1778783607030091986
nyudepth__app2,no_sharing,29.3434,78.4509,73.8601,71.857,0.0025,1.4198,2.0547,0.0,4.5908,1778783607775609980
nyudepth__app2,no_sharing,29.5976,61.1053,54.2199,53.1934,0.0023,0.4809,2.5182,0.0,6.8854,1778783608030329256
nyudepth__app2,no_sharing,30.6953,58.1815,52.0134,50.8991,0.0026,0.5144,2.1567,0.0,6.1681,1778783609127623375
nyudepth__app2,no_sharing,31.9917,70.9562,65.8965,63.0328,0.0022,2.2508,2.5036,0.0,5.0597,1778783610424477410
nyudepth__app2,no_sharing,32.0729,104.2421,98.1594,95.0318,0.0027,2.5054,1.9066,0.0,6.0827,1778783610505047298
nyudepth__app2,no_sharing,32.6427,61.1403,54.2019,52.7807,0.0019,0.4777,3.1989,0.0,6.9384,1778783611076171788
nyudepth__app2,no_sharing,33.2289,58.9993,52.8908,51.5222,0.0022,0.8667,2.1615,0.0,6.1085,1778783611661220592
nyudepth__app2,no_sharing,33.7979,79.8287,73.544,72.464,0.0022,0.5158,3.5062,0.0,6.2848,1778783612231642011
nyudepth__app2,no_sharing,33.94,58.0995,53.6993,51.884,0.0021,1.2555,1.7192,0.0,4.4002,1778783612371867298
nyudepth__app2,no_sharing,34.1301,58.1434,52.75,51.715,0.0024,0.4864,2.5403,0.0,5.3934,1778783612562878743
nyudepth__app2,no_sharing,34.2365,59.6764,54.6099,52.3509,0.0021,1.7093,2.1539,0.0,5.0666,1778783612668831828
nyudepth__app2,no_sharing,34.6355,64.5392,58.98,57.9557,0.002,0.4739,2.8274,0.0,5.5592,1778783613068695007
nyudepth__app2,no_sharing,34.8746,57.8134,53.1277,51.7181,0.0029,0.7493,1.941,0.0,4.6857,1778783613306694774
nyudepth__app2,no_sharing,34.9133,86.9927,65.0998,62.3529,0.0032,2.1435,18.8575,0.0,21.8929,1778783613362378925
nyudepth__app2,no_sharing,34.9472,118.1014,62.1963,60.9023,0.0027,0.6732,52.9552,0.0,55.9051,1778783613430353632
nyudepth__app2,no_sharing,35.0724,63.6077,57.1894,56.1795,0.0023,0.4791,3.8984,0.0,6.4183,1778783613506525306
nyudepth__app2,no_sharing,36.23,55.3944,50.6776,47.9821,0.0026,2.1547,1.9321,0.0,4.7168,1778783614662119896
nyudepth__app2,no_sharing,36.7208,63.6604,57.4047,56.3524,0.002,0.5117,3.7618,0.0,6.2557,1778783615154841345
nyudepth__app2,no_sharing,37.4452,56.036,51.5444,50.4692,0.0025,0.5118,1.895,0.0,4.4916,1778783615877313197
nyudepth__app2,no_sharing,37.4779,94.0976,68.4797,66.827,0.0017,1.1606,23.2122,0.0,25.6179,1778783615931331379
nyudepth__app2,no_sharing,38.0169,83.1475,77.6736,75.939,0.0023,1.1549,2.9309,0.0,5.4739,1778783616449961716
nyudepth__app2,no_sharing,38.8824,58.2521,53.0498,51.9743,0.0024,0.5139,2.4629,0.0,5.2023,1778783617315099181
nyudepth__app2,no_sharing,40.0166,57.7328,52.9426,51.5091,0.0021,0.8749,2.0318,0.0,4.7903,1778783618448862373
nyudepth__app2,no_sharing,40.1682,57.5643,52.0577,51.0709,0.0021,0.5081,2.6274,0.0,5.5066,1778783618601096299
nyudepth__app2,no_sharing,40.176,133.0335,80.7001,77.6559,0.003,2.5277,49.7737,0.0,52.3334,1778783618655923451
nyudepth__app2,no_sharing,40.4583,69.0653,63.3772,60.4886,0.0022,2.2712,3.1481,0.0,5.6881,1778783618891723246
nyudepth__app2,no_sharing,40.6839,88.717,83.9137,80.7731,0.0022,2.4855,1.9848,0.0,4.8033,1778783619116092033
nyudepth__app2,no_sharing,40.8801,76.4146,71.4944,68.225,0.002,2.6832,2.3763,0.0,4.9202,1778783619312675214
nyudepth__app2,no_sharing,41.1141,65.789,59.9963,56.1026,0.0029,3.1479,2.0151,0.0,5.7927,1778783619546267059
nyudepth__app2,no_sharing,41.1387,137.4888,92.3594,87.5939,0.0022,4.1676,41.1167,0.0,45.1294,1778783619610065647
nyudepth__app2,no_sharing,41.4209,72.114,66.1009,60.9008,0.0025,4.5701,1.9219,0.0,6.013,1778783619852995491
nyudepth__app2,no_sharing,42.0752,58.6462,53.4355,52.3223,0.0028,0.623,2.4757,0.0,5.2108,1778783620507914425
nyudepth__app2,no_sharing,42.4347,68.8236,64.1887,62.4109,0.002,1.0772,2.0256,0.0,4.6349,1778783620866902753
nyudepth__app2,no_sharing,42.9068,64.5068,59.612,58.4584,0.0022,0.596,2.2719,0.0,4.8948,1778783621339246073
nyudepth__app2,no_sharing,44.4025,58.9006,53.8082,52.5179,0.0023,0.5819,2.2624,0.0,5.0924,1778783622834948723
nyudepth__app2,no_sharing,44.5067,58.9495,53.7647,52.5837,0.0022,0.6081,2.3639,0.0,5.1848,1778783622939304069
nyudepth__app2,no_sharing,45.0719,67.8031,62.9663,60.961,0.0022,1.346,2.1565,0.0,4.8369,1778783623504285880
nyudepth__app2,no_sharing,45.2573,58.3658,53.2264,52.182,0.0021,0.4928,2.3472,0.0,5.1394,1778783623689908058
nyudepth__app2,no_sharing,45.4942,59.727,55.2311,52.7048,0.0029,1.961,1.7252,0.0,4.4959,1778783623926081744
nyudepth__app2,no_sharing,45.7322,82.6671,77.7765,76.5725,0.0026,0.5998,2.2955,0.0,4.8906,1778783624164727943
nyudepth__app2,no_sharing,47.5167,57.7624,53.1131,51.6235,0.0022,0.9018,1.9174,0.0,4.6493,1778783625948821636
nyudepth__app2,no_sharing,48.0,99.3731,93.1013,87.8176,0.0024,4.5565,2.4152,0.0,6.2718,1778783626432609386
nyudepth__app2,no_sharing,48.0846,115.8917,96.8738,93.0093,0.0028,3.236,14.8056,0.0,19.0179,1778783626529596820
nyudepth__app2,no_sharing,48.6302,59.2,53.347,51.96,0.0026,0.6366,3.2737,0.0,5.8531,1778783627063716563
nyudepth__app2,no_sharing,49.042,57.3955,52.51,50.6662,0.0022,0.6825,2.0559,0.0,4.8854,1778783627474221056
nyudepth__app2,no_sharing,49.1196,58.8858,54.2798,52.7251,0.0023,1.0523,2.0235,0.0,4.606,1778783627551868548
nyudepth__app2,no_sharing,49.4386,57.3511,51.9787,50.9491,0.0021,0.5194,2.0604,0.0,5.3725,1778783627870824086
nyudepth__app2,no_sharing,49.5686,59.6902,54.6055,53.5904,0.0021,0.4782,2.2876,0.0,5.0847,1778783628001112024
nyudepth__app2,no_sharing,50.3856,78.4774,72.6902,68.1711,0.0023,3.8486,1.8744,0.0,5.7872,1778783628817706324
nyudepth__app2,no_sharing,50.4225,118.3448,73.8527,72.636,0.0024,0.6069,41.4884,0.0,44.4921,1778783628894300116
nyudepth__app2,no_sharing,51.3472,56.4394,51.6756,50.1374,0.0023,0.9324,1.9541,0.0,4.7638,1778783629779319826
nyudepth__app2,no_sharing,52.278,57.3697,52.2647,51.0869,0.0023,0.5637,2.4247,0.0,5.105,1778783630710670760
nyudepth__app2,no_sharing,52.4179,58.6591,54.1559,52.3196,0.0022,1.2324,1.8518,0.0,4.5032,1778783630849933336
nyudepth__app2,no_sharing,52.8881,58.135,53.0559,52.007,0.002,0.4788,2.3453,0.0,5.0792,1778783631320699620
nyudepth__app2,no_sharing,53.6966,71.9795,67.4267,62.2914,0.0024,4.6157,1.946,0.0,4.5528,1778783632128773375
nyudepth__app2,no_sharing,55.2174,57.4949,52.3119,51.3649,0.0019,0.4788,2.4555,0.0,5.1829,1778783633650109282
nyudepth__app2,no_sharing,55.5454,76.283,71.5754,67.7359,0.0033,3.1771,1.9507,0.0,4.7075,1778783633977548244
nyudepth__app2,no_sharing,55.7498,57.9164,52.9787,51.9122,0.0022,0.5011,2.2805,0.0,4.9377,1778783634182263068
nyudepth__app2,no_sharing,56.1963,82.6077,77.9168,71.9655,0.002,5.3611,2.0471,0.0,4.6909,1778783634628509934
nyudepth__app2,no_sharing,56.3077,104.0778,97.5335,96.2969,0.0023,0.5708,3.623,0.0,6.5443,1778783634741592864
nyudepth__app2,no_sharing,56.9219,59.1855,54.2597,53.1609,0.0026,0.4955,2.1498,0.0,4.9258,1778783635354221507
nyudepth__app2,no_sharing,57.0373,58.4593,53.4822,52.4539,0.0023,0.4854,2.275,0.0,4.9771,1778783635469841393
nyudepth__app2,no_sharing,57.4974,66.9572,61.9621,60.3265,0.002,1.0066,2.0821,0.0,4.9951,1778783635929632676
nyudepth__app2,no_sharing,57.8799,94.4848,89.3723,86.2242,0.0024,2.5362,2.3446,0.0,5.1125,1778783636312501288
nyudepth__app2,no_sharing,58.6435,59.001,52.4906,50.6154,0.0019,0.8116,1.9233,0.0,6.5104,1778783637075652763
nyudepth__app2,no_sharing,59.3943,58.9664,52.1966,51.166,0.002,0.4728,2.5723,0.0,6.7698,1778783637827156134
nyudepth__app2,no_sharing,60.2077,61.4638,55.6149,52.8912,0.0024,2.1648,2.0142,0.0,5.8489,1778783638639886546
nyudepth__app2,no_sharing,61.2165,60.0507,53.3668,52.2886,0.0026,0.5487,2.5482,0.0,6.6839,1778783639649361099
nyudepth__app2,no_sharing,61.3993,84.4193,78.2109,73.3392,0.0021,4.2204,2.0955,0.0,6.2083,1778783639831619630
nyudepth__app2,no_sharing,61.9008,60.2162,53.363,52.2945,0.0022,0.4973,2.563,0.0,6.8532,1778783640333634392
nyudepth__app2,no_sharing,62.5856,60.497,54.4807,52.3476,0.0027,1.4993,2.0611,0.0,6.0163,1778783641017913652
nyudepth__app2,no_sharing,63.0423,57.7288,51.5892,50.5772,0.0025,0.4712,2.5482,0.0,6.1396,1778783641475124244
nyudepth__app2,no_sharing,63.1073,66.735,61.8021,60.782,0.002,0.5024,1.5619,0.0,4.933,1778783641539024007
nyudepth__app2,no_sharing,64.6582,56.746,51.6744,50.5664,0.0024,0.511,2.4214,0.0,5.0716,1778783643090891059
nyudepth__app2,no_sharing,65.7162,56.6533,51.83,50.7114,0.0025,0.5323,2.0757,0.0,4.8232,1778783644148476049
nyudepth__app2,no_sharing,65.9808,62.2225,56.0852,52.985,0.0025,2.5194,2.4614,0.0,6.1373,1778783644413508040
nyudepth__app2,no_sharing,66.3007,57.8179,53.1629,51.7028,0.0026,0.952,1.9486,0.0,4.6551,1778783644732814470
nyudepth__app2,no_sharing,66.5305,57.811,52.5507,51.4912,0.0022,0.4971,2.5485,0.0,5.2603,1778783644963282845
nyudepth__app2,no_sharing,66.6045,108.6864,103.1348,96.1844,0.0022,6.4178,1.6975,0.0,5.5516,1778783645036408422
nyudepth__app2,no_sharing,67.3876,83.919,77.7758,74.7752,0.0022,2.3908,3.2642,0.0,6.1432,1778783645821092511
nyudepth__app2,no_sharing,67.4718,85.6695,81.0919,76.8851,0.0026,3.5779,1.6427,0.0,4.5776,1778783645903685310
nyudepth__app2,no_sharing,67.6745,57.0378,52.2329,50.9205,0.0022,0.6025,2.3026,0.0,4.8049,1778783646107001813
nyudepth__app2,no_sharing,67.8886,64.8813,60.1825,57.7965,0.0019,1.652,1.8599,0.0,4.6988,1778783646320691087
nyudepth__app2,no_sharing,68.8662,81.2247,76.2523,74.8239,0.0026,0.6191,2.3918,0.0,4.9724,1778783647298810169
nyudepth__app2,no_sharing,69.8138,57.3041,52.5623,51.2883,0.002,0.5587,2.0964,0.0,4.7419,1778783648246040122
nyudepth__app2,no_sharing,70.4485,57.9665,51.9147,50.6436,0.0022,0.6693,2.4133,0.0,6.0518,1778783648881156725
nyudepth__app2,no_sharing,70.9862,56.8726,51.1633,48.4476,0.0023,2.2155,2.1317,0.0,5.7093,1778783649418477137
nyudepth__app2,no_sharing,71.7255,76.1178,69.7442,66.4728,0.0027,2.6281,2.408,0.0,6.3735,1778783650158164043
nyudepth__app2,no_sharing,71.8641,85.6609,80.9079,75.8827,0.0026,4.4277,1.9515,0.0,4.753,1778783650296273188
nyudepth__app2,no_sharing,72.1221,58.2829,52.0356,50.7037,0.0023,0.7761,2.5072,0.0,6.2472,1778783650554883552
nyudepth__app2,no_sharing,72.3059,57.3864,52.6413,51.1214,0.0023,0.7935,2.1033,0.0,4.7451,1778783650738154413
nyudepth__app2,no_sharing,72.4247,59.0887,53.6364,52.0383,0.0022,0.9435,2.6038,0.0,5.4523,1778783650857569323
nyudepth__app2,no_sharing,73.1194,58.2993,53.4875,51.5683,0.0023,1.2874,1.9226,0.0,4.8119,1778783651551542456
nyudepth__app2,no_sharing,74.3126,58.0206,51.7273,50.6579,0.002,0.5081,2.3468,0.0,6.2933,1778783652745205981
nyudepth__app2,no_sharing,74.3244,142.8723,94.3228,91.0803,0.0029,2.6297,44.9171,0.0,48.5496,1778783652799515942
nyudepth__app2,no_sharing,76.0695,58.7597,52.9157,51.781,0.0027,0.541,3.2775,0.0,5.844,1778783654503009608
nyudepth__app2,no_sharing,76.1815,57.2665,52.5443,51.2245,0.0024,0.6391,1.935,0.0,4.7221,1778783654613626848
nyudepth__app2,no_sharing,76.4697,87.795,82.2738,78.8961,0.0022,2.7192,2.5733,0.0,5.5212,1778783654902536285
nyudepth__app2,no_sharing,76.4712,152.2501,63.4601,61.6806,0.0023,1.1611,86.1053,0.0,88.7899,1778783654987520510
nyudepth__app2,no_sharing,76.5591,136.3592,69.5704,64.5785,0.0029,4.4786,64.137,0.0,66.7888,1778783655053488545
nyudepth__app2,no_sharing,77.1811,55.9003,51.1751,50.0419,0.0028,0.5032,2.0068,0.0,4.7253,1778783655613263319
nyudepth__app2,no_sharing,77.7676,86.1537,80.0372,76.7833,0.0021,2.685,2.5899,0.0,6.1166,1778783656200432402
nyudepth__app2,no_sharing,77.8517,69.9577,65.0754,62.548,0.0024,1.845,1.7931,0.0,4.8823,1778783656283677598
nyudepth__app2,no_sharing,78.2424,59.5465,53.3467,52.2834,0.0023,0.4938,3.3956,0.0,6.1998,1778783656675985657
nyudepth__app2,no_sharing,78.2647,109.2937,69.5013,65.5922,0.0021,3.4282,37.0471,0.0,39.7924,1778783656731995750
nyudepth__app2,no_sharing,78.8519,58.32,52.9227,51.4927,0.0029,0.8364,2.4443,0.0,5.3974,1778783657284571968
nyudepth__app2,no_sharing,78.9985,55.0735,50.1191,47.6076,0.0023,1.9952,2.0294,0.0,4.9544,1778783657430722602
nyudepth__app2,no_sharing,79.1594,58.7389,52.5106,51.49,0.002,0.4681,2.3997,0.0,6.2283,1778783657592009716
nyudepth__app2,no_sharing,79.2169,70.7116,66.262,65.1438,0.0021,0.5751,1.4927,0.0,4.4496,1778783657648619755
nyudepth__app2,no_sharing,79.9371,56.6635,51.7499,50.6852,0.0027,0.4811,2.3131,0.0,4.9136,1778783658369695653
nyudepth__app2,no_sharing,81.3045,57.0698,52.4124,51.241,0.0026,0.5829,1.9794,0.0,4.6574,1778783659736713265
nyudepth__app2,no_sharing,82.038,71.7056,65.7625,64.6365,0.0031,0.5896,3.2661,0.0,5.9431,1778783660471535013
nyudepth__app2,no_sharing,82.3493,58.6376,53.6132,52.0973,0.0022,0.9605,2.007,0.0,5.0244,1778783660781520707
nyudepth__app2,no_sharing,82.7932,98.0124,92.7682,89.6514,0.0021,2.6032,2.7125,0.0,5.2443,1778783661226174927
nyudepth__app2,no_sharing,83.2709,57.3556,52.6934,51.3522,0.0021,0.7763,2.0008,0.0,4.6622,1778783661703042334
nyudepth__app2,no_sharing,83.7345,89.3776,83.5504,81.9023,0.0025,1.0256,3.2151,0.0,5.8272,1778783662167906215
nyudepth__app2,no_sharing,83.7608,239.5337,172.865,127.0011,0.0031,22.5833,63.8406,0.0,66.6687,1778783662254853466
nyudepth__app2,no_sharing,83.8026,199.9874,172.865,127.0011,0.0031,22.5833,21.9636,0.0,27.1224,1778783662254853466
nyudepth__app2,no_sharing,83.8492,222.5399,66.157,63.5398,0.0027,1.8944,153.3244,0.0,156.3829,1778783662432747956
nyudepth__app2,no_sharing,85.069,57.4393,52.3998,51.326,0.0025,0.5037,2.3384,0.0,5.0395,1778783663501585526
nyudepth__app2,no_sharing,85.2849,57.8661,53.088,51.5393,0.0022,0.9432,2.1029,0.0,4.7781,1778783663717217831
nyudepth__app2,no_sharing,85.5825,58.0249,52.9672,51.9617,0.0024,0.518,2.3489,0.0,5.0576,1778783664015066864
nyudepth__app2,no_sharing,85.816,58.2438,53.515,51.7,0.0026,1.1902,1.9293,0.0,4.7288,1778783664248139883
nyudepth__app2,no_sharing,86.7976,57.6093,52.4858,50.9262,0.0022,0.5057,2.4796,0.0,5.1235,1778783665230333835
nyudepth__app2,no_sharing,87.8659,57.2083,52.4051,51.2714,0.0025,0.5752,1.9939,0.0,4.8032,1778783666298052804
nyudepth__app2,no_sharing,89.1341,91.0382,86.1472,82.8655,0.0026,2.6657,2.2223,0.0,4.8911,1778783667566592557
nyudepth__app2,no_sharing,90.9365,75.5737,70.9256,68.9142,0.0023,1.4154,2.0053,0.0,4.6481,1778783669368713306
nyudepth__app2,no_sharing,91.0761,58.2962,53.2156,52.2488,0.0021,0.4941,2.4104,0.0,5.0806,1778783669508717471
nyudepth__app2,no_sharing,91.1986,57.7202,52.8602,51.2132,0.0027,1.0529,2.1441,0.0,4.86,1778783669630981188
nyudepth__app2,no_sharing,91.2972,58.5959,53.6998,52.6425,0.0033,0.4886,2.1403,0.0,4.8961,1778783669729608014
nyudepth__app2,no_sharing,91.9185,57.1504,52.4328,51.2119,0.0021,0.6194,1.9591,0.0,4.7175,1778783670350624375
nyudepth__app2,no_sharing,92.0669,86.0071,81.2352,78.4625,0.0024,2.1529,2.255,0.0,4.772,1778783670499405188
nyudepth__app2,no_sharing,92.4205,58.3344,52.1775,51.0399,0.0023,0.5452,2.1179,0.0,6.1569,1778783670852843553
nyudepth__app2,no_sharing,92.7206,59.5875,52.7147,51.6698,0.0023,0.4952,2.5585,0.0,6.8728,1778783671153412488
nyudepth__app2,no_sharing,93.3882,69.5922,64.6494,60.763,0.0024,3.2293,2.1272,0.0,4.9428,1778783671820512668
nyudepth__app2,no_sharing,93.6888,56.958,51.7621,50.635,0.0024,0.5363,2.3746,0.0,5.1959,1778783672121436410
nyudepth__app2,no_sharing,93.756,62.8316,58.2431,56.5423,0.0021,1.1857,1.8556,0.0,4.5885,1778783672188054824
nyudepth__app2,no_sharing,93.9658,57.6296,52.5424,51.429,0.0022,0.5738,2.3313,0.0,5.0872,1778783672398352955
nyudepth__app2,no_sharing,94.0336,63.6756,59.1091,57.5711,0.0023,0.9025,1.7314,0.0,4.5665,1778783672465564309
nyudepth__app2,no_sharing,94.273,73.7412,68.6098,65.3943,0.0022,2.628,2.5434,0.0,5.1314,1778783672705799036
nyudepth__app2,no_sharing,96.073,68.7675,64.1039,60.3073,0.0023,3.1653,1.9555,0.0,4.6636,1778783674505167803
nyudepth__app2,no_sharing,96.5492,56.622,51.5712,50.5126,0.0022,0.4843,2.414,0.0,5.0508,1778783674981903805
nyudepth__app2,no_sharing,96.8153,55.4788,50.7943,48.0606,0.0024,2.2246,1.9708,0.0,4.6845,1778783675247471462
nyudepth__app2,no_sharing,97.3233,101.9595,96.9954,93.3758,0.0024,3.0058,2.2659,0.0,4.964,1778783675755766906
nyudepth__app2,no_sharing,97.3347,161.366,68.1855,66.6745,0.0024,1.0277,90.4987,0.0,93.1805,1778783675855448567
nyudepth__app2,no_sharing,98.222,72.2187,67.1803,64.0141,0.0022,2.6053,2.3603,0.0,5.0384,1778783676654624528
nyudepth__app2,no_sharing,98.2296,148.8752,79.7955,78.6911,0.0021,0.5314,64.537,0.0,69.0798,1778783676724406228
nyudepth__app2,no_sharing,98.8243,60.3945,52.8772,51.7916,0.0023,0.5112,3.0942,0.0,7.5173,1778783677257560834
nyudepth__app2,no_sharing,99.057,56.6678,51.2425,48.5218,0.0024,2.1467,2.212,0.0,5.4253,1778783677489413920
nyudepth__app2,no_sharing,99.0628,119.9408,65.9482,63.1243,0.0022,2.251,50.6973,0.0,53.9926,1778783677543718678
nyudepth__app2,no_sharing,99.5102,57.7168,51.8251,50.6523,0.0024,0.5631,1.9829,0.0,5.8918,1778783677942332265
nyudepth__app2,no_sharing,100.1702,58.1176,51.2659,50.2755,0.0022,0.4916,2.6739,0.0,6.8517,1778783678603072570
nyudepth__app2,no_sharing,100.1888,131.3562,89.1535,84.8363,0.0026,3.7604,39.5725,0.0,42.2027,1778783678658579990
nyudepth__app2,no_sharing,100.8753,87.3797,80.0384,78.8125,0.0022,0.6308,4.678,0.0,7.3413,1778783679310215739
nyudepth__app2,no_sharing,100.9729,62.278,57.6557,56.2277,0.0021,0.7598,1.8933,0.0,4.6223,1778783679404972495
nyudepth__app2,no_sharing,101.0869,58.0528,53.0091,51.8501,0.0026,0.5883,2.3098,0.0,5.0437,1778783679519450418
nyudepth__app2,no_sharing,101.4085,56.9098,51.8614,50.8714,0.0027,0.4939,2.2566,0.0,5.0484,1778783679840894087
nyudepth__app2,no_sharing,101.4719,66.9448,62.1127,61.1317,0.0026,0.5011,2.0745,0.0,4.8322,1778783679904228450
nyudepth__app2,no_sharing,102.2066,55.7799,50.8401,49.7191,0.0021,0.5966,2.1884,0.0,4.9398,1778783680639010690
nyudepth__app2,no_sharing,102.3908,57.3769,52.1721,50.7521,0.0026,0.6344,2.3832,0.0,5.2048,1778783680823411818
nyudepth__app2,no_sharing,104.1134,88.6178,83.4781,80.1885,0.0225,2.4723,2.2659,0.0,5.1397,1778783682545814172
nyudepth__app2,no_sharing,104.3128,83.8847,78.853,77.6136,0.0023,0.6521,2.4815,0.0,5.0317,1778783682745565974
nyudepth__app2,no_sharing,104.5561,57.6146,52.5182,50.9104,0.0022,0.53,2.0308,0.0,5.0964,1778783682988340009
nyudepth__app2,no_sharing,104.7139,75.5184,70.3411,67.1786,0.0032,2.609,2.5628,0.0,5.1773,1778783683146693474
nyudepth__app2,no_sharing,105.2111,56.7224,51.2373,48.3981,0.0023,2.2168,1.8916,0.0,5.4851,1778783683643157642
nyudepth__app2,no_sharing,106.2686,58.3284,53.0902,51.972,0.0021,0.5246,2.5954,0.0,5.2382,1778783684701491787
nyudepth__app2,no_sharing,106.3072,88.1612,65.6136,64.2866,0.0022,0.8024,19.757,0.0,22.5476,1778783684757145680
nyudepth__app2,no_sharing,106.3353,121.9463,59.678,57.3996,0.0018,1.7886,59.7785,0.0,62.2683,1778783684825244332
nyudepth__app2,no_sharing,106.9194,67.9908,63.1744,58.181,0.0023,4.4454,1.9953,0.0,4.8164,1778783685351568793
nyudepth__app2,no_sharing,107.023,62.6466,57.6255,56.3985,0.0022,0.6401,2.2562,0.0,5.0212,1778783685455491822
nyudepth__app2,no_sharing,107.6506,57.0109,52.0336,50.9292,0.002,0.5212,2.2054,0.0,4.9773,1778783686083037009
nyudepth__app2,no_sharing,107.7723,88.16,82.898,81.1752,0.0031,0.8534,2.3181,0.0,5.262,1778783686204844055
nyudepth__app2,no_sharing,107.9383,85.2866,80.5235,77.2537,0.0022,2.6404,2.182,0.0,4.7631,1778783686370636285
nyudepth__app2,no_sharing,108.0593,58.3401,53.237,52.2393,0.0025,0.5196,2.3494,0.0,5.1031,1778783686491909493
nyudepth__app2,no_sharing,108.757,59.2556,54.1649,52.1863,0.0022,1.3624,2.07,0.0,5.0907,1778783687189282565
nyudepth__app2,no_sharing,109.1621,58.2108,52.787,51.7366,0.002,0.4964,2.7282,0.0,5.4239,1778783687595089040
nyudepth__app2,no_sharing,109.9832,56.695,51.4517,48.6405,0.0022,2.1904,1.9817,0.0,5.2433,1778783688415324126
nyudepth__app2,no_sharing,110.2623,60.5481,54.87,51.4102,0.0028,2.89,2.5201,0.0,5.678,1778783688695019487
nyudepth__app2,no_sharing,110.3292,83.878,77.7891,75.4474,0.0021,1.7969,1.8697,0.0,6.089,1778783688761224558
nyudepth__app2,no_sharing,110.4117,69.0677,64.3161,61.5891,0.0023,2.1467,2.1551,0.0,4.7517,1778783688844151107
nyudepth__app2,no_sharing,111.3947,55.6793,50.6177,48.1128,0.0025,1.9105,2.0869,0.0,5.0617,1778783689826946834
nyudepth__app2,no_sharing,112.0694,57.672,52.4912,51.3911,0.0029,0.5216,2.4593,0.0,5.1808,1778783690502070848
nyudepth__app2,no_sharing,112.2934,56.5822,51.2792,48.4154,0.0028,1.6631,1.9662,0.0,5.303,1778783690725592088
nyudepth__app2,no_sharing,112.4714,57.4932,52.1622,50.8682,0.0022,0.7706,2.4507,0.0,5.331,1778783690904104403
nyudepth__app2,no_sharing,112.6159,56.5143,51.5002,49.8454,0.0021,1.0946,1.8287,0.0,5.014,1778783691047857055
nyudepth__app2,no_sharing,113.0505,72.9511,67.7657,64.605,0.0021,2.5838,2.6429,0.0,5.1854,1778783691483333552
nyudepth__app2,no_sharing,113.2283,57.5345,52.6663,51.3074,0.0026,0.7647,1.9464,0.0,4.8682,1778783691660458716
nyudepth__app2,no_sharing,113.2749,75.9799,62.4136,60.9329,0.0022,0.9356,10.7429,0.0,13.5663,1778783691715881553
nyudepth__app2,no_sharing,113.3366,79.1471,62.1178,60.8063,0.0019,0.8267,14.3161,0.0,17.0293,1778783691781052373
nyudepth__app2,no_sharing,113.6231,58.5699,51.5603,50.3959,0.0024,0.5494,4.348,0.0,7.0096,1778783692057655188
nyudepth__app2,no_sharing,113.6899,63.5087,58.7,56.775,0.0025,1.3505,1.7259,0.0,4.8088,1778783692121772178
nyudepth__app2,no_sharing,113.7214,97.6152,63.002,61.1935,0.0025,1.3573,31.6658,0.0,34.6132,1778783692183303108
nyudepth__app2,no_sharing,114.4947,56.5104,51.0374,48.2015,0.0026,2.2279,1.9827,0.0,5.4731,1778783692926915644
nyudepth__app2,no_sharing,114.6055,57.8625,52.7842,51.7019,0.002,0.5263,2.305,0.0,5.0783,1778783693038043769
nyudepth__app2,no_sharing,115.8199,56.9754,52.1749,51.0701,0.0017,0.5325,2.0874,0.0,4.8005,1778783694252141987
nyudepth__app2,no_sharing,116.2152,57.6963,52.6689,51.7222,0.0019,0.4619,2.3267,0.0,5.0274,1778783694647749702
nyudepth__app2,no_sharing,116.8784,57.7922,53.022,51.4304,0.0025,1.0002,1.9784,0.0,4.7702,1778783695310534430
nyudepth__app2,no_sharing,118.2864,57.2264,51.9882,50.9428,0.0019,0.4952,2.5041,0.0,5.2382,1778783696719172438
nyudepth__app2,no_sharing,118.5072,58.0003,53.3089,51.6909,0.0023,0.9981,1.8821,0.0,4.6914,1778783696939264525
nyudepth__app2,no_sharing,119.0261,59.0796,52.5609,50.6431,0.0027,1.4127,2.5003,0.0,6.5188,1778783697458814502
nyudepth__app2,no_sharing,119.0776,74.332,64.1324,63.1544,0.0025,0.4679,7.5228,0.0,10.1996,1778783697515350224
nyudepth__app2,no_sharing,119.0812,133.5459,60.4497,59.3711,0.0017,0.5449,70.5781,0.0,73.0962,1778783697581968198
nyudepth__app2,no_sharing,119.2987,60.0007,55.6312,54.5837,0.0022,0.5247,1.6425,0.0,4.3695,1778783697730482394
nyudepth__app2,no_sharing,119.4159,59.252,54.2351,53.1909,0.002,0.4946,2.2109,0.0,5.0169,1778783697848334580
nyudepth__app2,no_sharing,119.9228,58.5153,53.6852,51.8415,0.0022,1.338,2.0661,0.0,4.8301,1778783698355075379
nyudepth__app2,no_sharing,119.9326,116.6716,65.395,62.6761,0.0026,2.2084,48.66,0.0,51.2766,1778783698411474791
nyudepth__app2,no_sharing,120.0231,89.2415,60.3709,57.6454,0.0022,2.2316,26.0825,0.0,28.8706,1778783698479351288
nyudepth__app2,no_sharing,120.9811,57.5261,52.5769,51.4542,0.0021,0.5316,2.3646,0.0,4.9492,1778783699413697678
nyudepth__app2,no_sharing,121.3821,71.5981,66.0054,61.5972,0.0029,3.7787,1.7257,0.0,5.5927,1778783699813946161
nyudepth__app2,no_sharing,121.5771,57.205,52.1955,51.1619,0.0019,0.4878,2.429,0.0,5.0095,1778783700009795347
nyudepth__app2,no_sharing,121.7279,57.8682,53.2094,51.5441,0.0019,1.0721,1.8976,0.0,4.6589,1778783700160008919
nyudepth__app2,no_sharing,121.8617,110.5187,104.3514,99.239,0.0025,4.4857,2.2943,0.0,6.1673,1778783700294236126
nyudepth__app2,no_sharing,122.835,55.5241,50.9113,48.1507,0.002,2.2747,1.9171,0.0,4.6128,1778783701267095290
nyudepth__app2,no_sharing,122.954,80.2152,74.5792,73.4341,0.0021,0.5405,2.975,0.0,5.636,1778783701387140184
nyudepth__app2,no_sharing,124.565,57.3616,52.7694,51.466,0.0028,0.7182,1.8394,0.0,4.5922,1778783702996983213
nyudepth__app2,no_sharing,125.4526,58.1682,53.048,51.9572,0.0022,0.516,2.4011,0.0,5.1202,1778783703885209435
nyudepth__app2,no_sharing,125.8023,55.5711,50.8655,48.2029,0.0021,2.0942,1.924,0.0,4.7056,1778783704234366418
nyudepth__app2,no_sharing,126.8418,72.1257,66.0159,60.5873,0.0026,4.8307,2.373,0.0,6.1098,1778783705274419652
nyudepth__app2,no_sharing,127.1933,57.0261,52.1256,49.2776,0.0021,2.2332,2.1784,0.0,4.9006,1778783705625625600
nyudepth__app2,no_sharing,127.4485,57.2777,52.3568,51.3502,0.0022,0.4577,2.1899,0.0,4.9209,1778783705880931391
nyudepth__app2,no_sharing,128.1144,56.8011,51.9461,50.8191,0.0021,0.5454,2.234,0.0,4.8549,1778783706546853499
nyudepth__app2,no_sharing,128.1871,62.3233,57.5613,56.0542,0.0018,0.4881,2.0716,0.0,4.7621,1778783706619373728
nyudepth__app2,no_sharing,128.6614,103.2279,97.8823,94.5465,0.0022,2.6444,1.8039,0.0,5.3456,1778783707093378688
nyudepth__app2,no_sharing,128.7829,63.0226,56.2687,55.2092,0.0022,0.5069,3.798,0.0,6.7539,1778783707216876521
nyudepth__app2,no_sharing,128.8099,100.1844,61.3296,60.2221,0.0027,0.5492,35.717,0.0,38.8548,1778783707275800912
nyudepth__app2,no_sharing,128.9783,86.165,78.5351,75.2909,0.0027,2.6334,3.7422,0.0,7.6298,1778783707412291469
nyudepth__app2,no_sharing,129.2254,81.1813,76.361,71.3505,0.0028,4.3348,1.9414,0.0,4.8202,1778783707657576737
nyudepth__app2,no_sharing,129.6109,92.0897,86.9986,83.8545,0.0025,2.5665,2.481,0.0,5.091,1778783708043670610
nyudepth__app2,no_sharing,130.1008,57.0648,51.5654,48.7501,0.0026,2.1732,2.6956,0.0,5.4993,1778783708533727541
nyudepth__app2,no_sharing,130.7026,83.1571,76.2196,73.0695,0.0023,2.6144,3.1576,0.0,6.9375,1778783709136011510
nyudepth__app2,no_sharing,130.8408,59.4842,54.8489,52.4747,0.0022,1.7676,2.0227,0.0,4.6353,1778783709272964967
nyudepth__app2,no_sharing,130.8795,111.1825,87.6784,83.9755,0.0025,3.1346,20.6752,0.0,23.504,1778783709330413320
nyudepth__app2,no_sharing,131.2396,57.4038,52.3807,51.0245,0.0022,0.6659,2.1896,0.0,5.0231,1778783709671991740
nyudepth__app2,no_sharing,131.3057,64.3806,59.3702,58.2372,0.0026,0.5785,2.2268,0.0,5.0105,1778783709738162334
nyudepth__app2,no_sharing,131.8797,58.0447,53.0746,51.9324,0.0027,0.5386,2.2197,0.0,4.9701,1778783710312101484
nyudepth__app2,no_sharing,131.953,63.3142,58.4394,57.3813,0.0025,0.5431,2.1377,0.0,4.8748,1778783710385326563
nyudepth__app2,no_sharing,132.1306,56.0277,51.2451,48.4448,0.0022,2.129,2.003,0.0,4.7826,1778783710562815558
nyudepth__app2,no_sharing,132.204,61.4226,56.5101,55.4909,0.0022,0.528,2.2919,0.0,4.9125,1778783710636555473
nyudepth__app2,no_sharing,132.8656,58.069,53.117,51.9397,0.0028,0.5512,2.2347,0.0,4.952,1778783711298046922
nyudepth__app2,no_sharing,132.9075,82.1307,63.1175,62.1631,0.0025,0.5288,16.0453,0.0,19.0131,1778783711353837266
nyudepth__app2,no_sharing,133.189,56.7632,51.7949,49.9938,0.0028,1.1767,2.1906,0.0,4.9683,1778783711621420892
nyudepth__app2,no_sharing,133.4463,61.2223,55.9669,54.3839,0.0022,0.5123,2.6891,0.0,5.2554,1778783711879205706
nyudepth__app2,no_sharing,133.6249,95.2187,90.4645,83.9225,0.0023,5.9979,1.9672,0.0,4.7542,1778783712057005615
nyudepth__app2,no_sharing,134.475,60.21,55.1728,54.1606,0.0023,0.5094,2.2984,0.0,5.0372,1778783712907470801
nyudepth__app2,no_sharing,134.9138,68.2344,63.635,61.6485,0.0022,1.4485,1.8356,0.0,4.5994,1778783713345766577
nyudepth__app2,no_sharing,135.0019,61.6052,56.6218,55.3954,0.0025,0.5922,2.2373,0.0,4.9834,1778783713434388227
nyudepth__app2,no_sharing,135.1728,104.1303,98.2748,94.572,0.0026,3.0321,1.9076,0.0,5.8555,1778783713604936261
nyudepth__app2,no_sharing,135.5647,79.3669,72.9398,69.7311,0.0032,2.5968,2.5744,0.0,6.4271,1778783713997554751
nyudepth__app2,no_sharing,135.8286,58.6448,53.723,51.8246,0.002,1.2862,2.0077,0.0,4.9218,1778783714260816730
nyudepth__app2,no_sharing,136.5242,73.4127,68.2093,67.2217,0.0027,0.5082,2.5363,0.0,5.2033,1778783714956963769
nyudepth__app2,no_sharing,137.4919,57.5335,52.7167,51.3396,0.0019,0.7684,2.0285,0.0,4.8169,1778783715924160536
nyudepth__app2,no_sharing,137.6825,57.8644,52.85,51.8106,0.0021,0.4968,2.3057,0.0,5.0144,1778783716115081975
nyudepth__app2,no_sharing,138.8389,57.2369,52.677,51.3621,0.002,0.8207,1.8976,0.0,4.56,1778783717270997656
nyudepth__app2,no_sharing,140.4153,56.4911,51.0243,49.9395,0.0025,0.5115,2.7068,0.0,5.4668,1778783718848254799
nyudepth__app2,no_sharing,141.02,56.6685,51.8335,50.6756,0.0021,0.5483,2.0893,0.0,4.835,1778783719452234050
nyudepth__app2,no_sharing,141.2615,56.1311,50.71,49.6588,0.0023,0.4994,2.6855,0.0,5.4211,1778783719694433755
nyudepth__app2,no_sharing,142.7612,62.2742,57.5276,55.9767,0.0027,0.941,2.0499,0.0,4.7467,1778783721193448128
nyudepth__app2,no_sharing,142.7959,122.8611,92.6476,88.5966,0.0023,3.562,27.3364,0.0,30.2135,1778783721253524986
nyudepth__app2,no_sharing,143.2512,56.6847,52.082,50.1708,0.0022,1.4014,1.8256,0.0,4.6027,1778783721683245879
nyudepth__app2,no_sharing,144.3128,57.5058,52.4534,51.4158,0.0027,0.475,2.3482,0.0,5.0525,1778783722745427378
nyudepth__app2,no_sharing,144.3297,139.2972,95.9085,91.8511,0.0023,3.5109,40.5729,0.0,43.3887,1778783722800423885
nyudepth__app2,no_sharing,144.5677,76.3071,69.0954,68.0359,0.0021,0.4849,4.6716,0.0,7.2116,1778783723002616525
nyudepth__app2,no_sharing,144.8155,57.4806,52.0517,50.7829,0.002,0.7135,2.4207,0.0,5.4289,1778783723248112107
nyudepth__app2,no_sharing,144.9958,57.9293,53.0087,51.8409,0.0025,0.6753,1.93,0.0,4.9206,1778783723427924118
nyudepth__app2,no_sharing,145.0816,59.7749,55.1292,54.1048,0.0025,0.5087,2.0671,0.0,4.6457,1778783723513893915
nyudepth__app2,no_sharing,145.5656,58.8295,53.9484,52.0057,0.0025,1.4325,1.8437,0.0,4.8811,1778783723997608072
nyudepth__app2,no_sharing,145.6334,69.0641,64.3611,61.2455,0.0022,2.5779,2.2275,0.0,4.703,1778783724065813006
nyudepth__app2,no_sharing,145.64,148.7226,83.6554,82.5941,0.0027,0.5362,62.5675,0.0,65.0673,1778783724132773508
nyudepth__app2,no_sharing,145.7806,73.6177,62.0479,60.9803,0.0018,0.5477,8.0895,0.0,11.5698,1778783724218918650
nyudepth__app2,no_sharing,147.6064,57.4362,52.5199,51.033,0.002,0.8995,1.9362,0.0,4.9163,1778783726038564179
nyudepth__app2,no_sharing,148.2594,57.9038,52.5868,51.5876,0.0035,0.4959,2.5911,0.0,5.3169,1778783726692222222
nyudepth__app2,no_sharing,148.7282,59.3371,54.761,51.4985,0.0019,2.7059,1.9324,0.0,4.5761,1778783727160285995
nyudepth__app2,no_sharing,149.2399,79.7555,74.8663,71.648,0.0019,2.6617,2.3675,0.0,4.8893,1778783727672532885
nyudepth__app2,no_sharing,150.6887,55.536,50.8684,48.0826,0.0022,2.2005,1.9462,0.0,4.6676,1778783729120814879
nyudepth__app2,no_sharing,151.1171,57.8396,52.8138,51.7598,0.0026,0.4816,2.3162,0.0,5.0258,1778783729549662133
nyudepth__app2,no_sharing,151.831,86.8843,82.2795,80.2935,0.0027,1.3908,2.0289,0.0,4.6048,1778783730263272976
nyudepth__app2,no_sharing,152.005,57.0095,51.9768,50.9053,0.0027,0.4908,2.3317,0.0,5.0327,1778783730437598254
nyudepth__app2,no_sharing,152.8595,87.5251,82.8085,77.6038,0.0021,4.5903,1.9646,0.0,4.7167,1778783731291661245
nyudepth__app2,no_sharing,153.2106,57.1096,52.0639,50.9586,0.002,0.5176,2.3582,0.0,5.0457,1778783731643186048
nyudepth__app2,no_sharing,153.35,57.0927,52.7366,51.5132,0.0018,0.6748,1.7462,0.0,4.356,1778783731781901228
nyudepth__app2,no_sharing,153.5705,60.9691,56.2292,54.7084,0.002,0.4917,2.2342,0.0,4.7399,1778783732002938134
nyudepth__app2,no_sharing,154.376,62.0093,57.4901,52.4438,0.002,4.5387,1.8685,0.0,4.5192,1778783732808046963
nyudepth__app2,no_sharing,154.3936,133.1022,86.0786,83.7673,0.0026,1.8012,44.3418,0.0,47.0236,1778783732868157677
nyudepth__app2,no_sharing,155.1314,56.6285,51.9273,50.637,0.002,0.6741,2.0306,0.0,4.7012,1778783733563617436
nyudepth__app2,no_sharing,155.2399,57.3888,52.5176,51.532,0.0028,0.4639,2.2771,0.0,4.8712,1778783733672364161
nyudepth__app2,no_sharing,156.655,69.9069,65.4072,62.9493,0.0021,1.8452,1.8637,0.0,4.4998,1778783735087007826
nyudepth__app2,no_sharing,157.737,72.8986,67.8387,65.0248,0.0022,2.2009,2.4586,0.0,5.06,1778783736169740335
nyudepth__app2,no_sharing,158.1151,55.8558,51.2433,48.4955,0.0019,2.2687,1.9839,0.0,4.6124,1778783736547226976
nyudepth__app2,no_sharing,158.3125,57.354,52.1891,51.1171,0.0025,0.501,2.368,0.0,5.1649,1778783736745126650
nyudepth__app2,no_sharing,158.3261,109.1471,62.6844,61.1496,0.002,1.0401,43.6974,0.0,46.4627,1778783736799938524
nyudepth__app2,no_sharing,159.351,81.5661,75.7888,72.6136,0.002,2.6135,3.2852,0.0,5.7773,1778783737784521557
nyudepth__app2,no_sharing,160.2291,60.0998,55.4466,52.7909,0.0027,2.1344,1.8444,0.0,4.6532,1778783738661130932
nyudepth__app2,no_sharing,160.9194,59.7112,54.4891,53.4652,0.002,0.4876,2.4819,0.0,5.2221,1778783739352151442
nyudepth__app2,no_sharing,161.8743,58.0714,53.3857,48.3665,0.0026,4.4818,1.9565,0.0,4.6856,1778783740306452047
nyudepth__app2,no_sharing,162.148,58.3315,53.2344,52.1296,0.0025,0.5162,2.4087,0.0,5.097,1778783740580686832
nyudepth__app2,no_sharing,162.3678,57.3184,52.7299,51.2573,0.0022,0.9024,1.9512,0.0,4.5885,1778783740799900605
nyudepth__app2,no_sharing,162.8344,58.253,53.0541,51.9764,0.0022,0.5123,2.4848,0.0,5.199,1778783741267126113
nyudepth__app2,no_sharing,164.0989,59.2723,54.6545,52.3917,0.0025,1.6486,1.8845,0.0,4.6178,1778783742530946304
nyudepth__app2,no_sharing,164.6798,57.4188,52.3205,51.3426,0.0021,0.5017,2.5713,0.0,5.0983,1778783743112606816
nyudepth__app2,no_sharing,164.9156,55.2304,50.6438,47.8125,0.0023,2.2588,1.956,0.0,4.5865,1778783743347772316
nyudepth__app2,no_sharing,165.1183,64.1875,59.0056,55.8441,0.0022,2.0588,2.5306,0.0,5.182,1778783743551057530
nyudepth__app2,no_sharing,165.3531,63.5738,57.5057,56.1028,0.002,0.9033,2.1956,0.0,6.0681,1778783743785487444
nyudepth__app2,no_sharing,165.7771,85.382,78.9074,76.0241,0.0025,2.2445,2.5156,0.0,6.4746,1778783744209839872
nyudepth__app2,no_sharing,166.1729,57.292,51.9115,50.7713,0.0025,0.5187,2.6429,0.0,5.3804,1778783744605710670
nyudepth__app2,no_sharing,166.5781,89.6082,83.8624,80.7197,0.0023,2.4975,3.1755,0.0,5.7458,1778783745011506246
nyudepth__app2,no_sharing,166.9764,88.5224,82.9904,79.0861,0.0024,3.2796,2.661,0.0,5.532,1778783745409276170
nyudepth__app2,no_sharing,167.1015,65.1362,58.7444,57.7077,0.0027,0.5012,3.6461,0.0,6.3918,1778783745535359751
nyudepth__app2,no_sharing,169.0662,89.467,84.7499,83.1308,0.0021,0.9977,1.889,0.0,4.7171,1778783747498301908
nyudepth__app2,no_sharing,169.4174,70.9183,65.8744,64.4298,0.0027,0.811,2.2712,0.0,5.0439,1778783747849927735
nyudepth__app2,no_sharing,169.9471,69.6802,64.8784,60.99,0.0027,3.3364,2.0392,0.0,4.8018,1778783748379288692
nyudepth__app2,no_sharing,170.402,74.4417,69.4724,66.2411,0.0027,2.6182,2.4085,0.0,4.9693,1778783748834660911
nyudepth__app2,no_sharing,172.9658,61.6119,56.8819,53.3642,0.0021,2.8048,1.9829,0.0,4.73,1778783751398004581
nyudepth__app2,no_sharing,173.0725,60.6065,54.958,53.1972,0.0022,1.1743,2.2821,0.0,5.6484,1778783751505058136
nyudepth__app2,no_sharing,173.5288,57.6773,52.798,51.5725,0.0022,0.5942,2.0602,0.0,4.8792,1778783751961071147
nyudepth__app2,no_sharing,174.076,58.0561,52.8137,51.7069,0.0024,0.5579,2.5983,0.0,5.2424,1778783752508875055
nyudepth__app2,no_sharing,174.4274,55.7041,51.0591,48.2204,0.002,2.2263,1.919,0.0,4.6451,1778783752859477112
nyudepth__app2,no_sharing,174.5786,89.3917,84.318,82.5978,0.0027,1.1232,2.4736,0.0,5.0737,1778783753011333910
nyudepth__app2,no_sharing,177.0764,56.2441,51.5391,48.7102,0.0025,2.2295,1.9591,0.0,4.7051,1778783755508549563
nyudepth__app2,no_sharing,177.1011,101.4414,67.2931,65.7575,0.0024,0.9383,31.4074,0.0,34.1483,1778783755562733659
nyudepth__app2,no_sharing,177.2049,64.5728,59.1132,56.8336,0.0022,1.6559,2.5594,0.0,5.4596,1778783755637623721
nyudepth__app2,no_sharing,177.6024,88.8338,83.7112,82.4068,0.0022,0.7104,2.4037,0.0,5.1226,1778783756035003790
nyudepth__app2,no_sharing,179.0395,56.0322,51.338,48.6163,0.0026,2.2122,1.9083,0.0,4.6942,1778783757471552932
nyudepth__app2,no_sharing,179.3763,56.9172,51.6054,50.5702,0.0021,0.4824,2.4951,0.0,5.3118,1778783757809027598
nyudepth__app2,no_sharing,179.5052,70.8389,66.4382,65.1387,0.0026,0.6826,1.7295,0.0,4.4007,1778783757937116101
nyudepth__app2,no_sharing,180.003,78.5401,70.2528,68.9566,0.0021,0.606,3.787,0.0,8.2872,1778783758436994778
nyudepth__app2,no_sharing,180.5441,56.2201,51.3907,48.6259,0.0024,2.2637,1.9121,0.0,4.8294,1778783758976165708
nyudepth__app2,no_sharing,180.7124,57.3564,51.2698,50.2464,0.0019,0.4723,2.4822,0.0,6.0865,1778783759145115792
nyudepth__app2,no_sharing,181.0422,58.1772,52.2255,51.0812,0.0021,0.5452,2.0607,0.0,5.9517,1778783759474498722
nyudepth__app2,no_sharing,181.4005,90.055,83.12,81.8205,0.0019,0.6724,4.1513,0.0,6.935,1778783759834893663
nyudepth__app2,no_sharing,181.8295,57.3344,52.1863,51.083,0.0021,0.5513,2.4326,0.0,5.1481,1778783760262134411
nyudepth__app2,no_sharing,181.9641,90.2691,84.4943,77.4469,0.0024,6.4384,1.7092,0.0,5.7748,1778783760395934884
nyudepth__app2,no_sharing,182.7976,57.1272,51.1119,49.9973,0.002,0.5294,3.2623,0.0,6.0153,1778783761231104145
nyudepth__app2,no_sharing,182.878,83.4923,77.6404,74.3316,0.0021,2.7165,2.0361,0.0,5.8519,1778783761310170209
nyudepth__app2,no_sharing,183.3813,57.039,51.9637,50.8413,0.0021,0.5316,2.4726,0.0,5.0754,1778783761814008224
nyudepth__app2,no_sharing,183.4018,106.2453,65.237,64.1988,0.0023,0.5428,36.5984,0.0,41.0083,1778783761868529052
nyudepth__app2,no_sharing,183.7823,57.2062,51.5253,50.545,0.0022,0.5028,3.0317,0.0,5.6808,1778783762215524115
nyudepth__app2,no_sharing,187.6356,77.7972,73.2358,70.4056,0.002,2.2128,1.9832,0.0,4.5614,1778783766067731131
nyudepth__app2,no_sharing,188.4767,57.7338,51.7268,50.6482,0.0027,0.5086,2.5716,0.0,6.0069,1778783766909488099
nyudepth__app2,no_sharing,188.8135,56.4327,50.846,48.0401,0.0021,2.2333,2.2337,0.0,5.5867,1778783767245950459
nyudepth__app2,no_sharing,188.9764,86.555,81.7058,80.1486,0.0025,0.497,2.3439,0.0,4.8492,1778783767408971016
nyudepth__app2,no_sharing,189.3248,60.3867,55.6227,54.5775,0.0026,0.5398,1.7231,0.0,4.764,1778783767756654758
nyudepth__app2,no_sharing,191.0577,58.0571,52.8898,51.7981,0.0018,0.5096,2.3713,0.0,5.1673,1778783769490341361
nyudepth__app2,no_sharing,192.7826,56.0498,51.1261,48.3661,0.0024,2.1777,2.0778,0.0,4.9237,1778783771214843592
nyudepth__app2,no_sharing,193.6217,59.2384,52.4446,51.3087,0.0024,0.5457,2.49,0.0,6.7938,1778783772054430705
nyudepth__app2,no_sharing,193.85,56.4871,51.6389,48.8707,0.0024,2.2762,1.9414,0.0,4.8482,1778783772282161814
nyudepth__app2,no_sharing,194.3765,55.3374,50.158,49.1235,0.0021,0.5345,2.419,0.0,5.1794,1778783772809113847
nyudepth__app2,no_sharing,194.4713,64.7125,59.784,57.236,0.0024,1.9029,2.2137,0.0,4.9286,1778783772903702136
nyudepth__app2,no_sharing,194.5399,66.0317,60.9898,59.8448,0.0029,0.5667,2.218,0.0,5.0419,1778783772972337996
nyudepth__app2,no_sharing,195.1941,57.6801,52.8869,51.3495,0.0021,0.9674,2.1603,0.0,4.7933,1778783773626453472
nyudepth__app2,no_sharing,195.219,98.5901,63.2907,61.5252,0.0022,1.1573,32.6476,0.0,35.2994,1778783773681830121
nyudepth__app2,no_sharing,195.5854,56.4835,51.4792,48.7643,0.0021,2.2218,2.2912,0.0,5.0043,1778783774017890069
nyudepth__app2,no_sharing,195.8966,56.3674,51.4195,50.3362,0.002,0.5323,2.1777,0.0,4.9479,1778783774328972009
nyudepth__app2,no_sharing,196.0412,56.5898,51.8597,50.7406,0.0028,0.5538,2.0444,0.0,4.7301,1778783774473441940
nyudepth__app2,no_sharing,196.0985,67.0009,62.1021,61.0234,0.002,0.6053,2.156,0.0,4.8988,1778783774530884061
nyudepth__app2,no_sharing,196.5101,58.0158,53.1548,51.8467,0.0019,0.5904,2.1782,0.0,4.861,1778783774942435099
nyudepth__app2,no_sharing,197.6689,57.0066,52.0317,50.9085,0.0021,0.5643,2.2788,0.0,4.9749,1778783776101394442
nyudepth__app2,no_sharing,198.426,58.4157,53.7543,51.9614,0.0021,1.2994,1.9574,0.0,4.6614,1778783776858178779
nyudepth__app2,no_sharing,198.8376,57.0374,51.8934,50.8155,0.002,0.5108,2.3055,0.0,5.144,1778783777270206292
nyudepth__app2,no_sharing,199.2045,57.317,52.5318,51.1288,0.0021,0.6898,1.9577,0.0,4.7852,1778783777636594505
nyudepth__app2,no_sharing,200.0778,102.344,96.637,94.0461,0.0026,1.5245,2.2206,0.0,5.707,1778783778510281686
nyudepth__app2,no_sharing,200.3713,55.4883,50.7764,49.2409,0.002,0.9386,1.9398,0.0,4.7119,1778783778803379068
nyudepth__app2,no_sharing,200.6744,68.8624,62.8802,59.6076,0.0024,2.6336,3.2248,0.0,5.9822,1778783779107844785
nyudepth__app2,no_sharing,200.7695,64.245,59.8413,57.5164,0.0022,1.651,1.6851,0.0,4.4037,1778783779201343425
nyudepth__app2,no_sharing,200.9656,60.6551,55.5591,54.4434,0.0019,0.558,2.3353,0.0,5.096,1778783779398165071
nyudepth__app2,no_sharing,203.0128,55.6214,50.9815,48.1797,0.0018,2.2186,1.9698,0.0,4.6399,1778783781444983691
nyudepth__app2,no_sharing,203.5503,58.0072,52.6969,51.634,0.0025,0.493,2.5001,0.0,5.3103,1778783781982996878
nyudepth__app2,no_sharing,203.7676,60.3793,55.8016,52.9557,0.0026,2.2585,1.9169,0.0,4.5776,1778783782199664920
nyudepth__app2,no_sharing,205.2631,98.4063,93.3568,90.2672,0.0026,2.4926,2.3913,0.0,5.0496,1778783783695702182
nyudepth__app2,no_sharing,205.4732,57.265,51.966,49.1573,0.0028,2.1934,2.6593,0.0,5.299,1778783783906016055
nyudepth__app2,no_sharing,205.5204,77.8792,65.2926,62.9103,0.0024,1.7492,9.8755,0.0,12.5866,1778783783960551838
nyudepth__app2,no_sharing,205.545,118.6247,62.7125,61.2962,0.0023,0.8694,53.1652,0.0,55.9122,1778783784028438679
nyudepth__app2,no_sharing,205.6719,63.5788,56.9049,55.7751,0.0026,0.6423,3.9201,0.0,6.6739,1778783784105995914
nyudepth__app2,no_sharing,205.8006,67.7946,63.0462,61.3496,0.0026,1.1149,2.1384,0.0,4.7483,1778783784232901763
nyudepth__app2,no_sharing,206.6574,57.4772,52.2617,51.092,0.0024,0.6047,2.424,0.0,5.2155,1778783785090075271
nyudepth__app2,no_sharing,206.7361,62.0916,57.3205,56.1759,0.0024,0.5613,2.0242,0.0,4.7711,1778783785168333795
nyudepth__app2,no_sharing,206.9994,56.7212,51.6034,50.551,0.0028,0.5663,2.4021,0.0,5.1178,1778783785432085843
nyudepth__app2,no_sharing,207.1395,57.5409,52.7805,51.2015,0.0021,0.7754,1.9879,0.0,4.7604,1778783785571620049
nyudepth__app2,no_sharing,207.5484,57.3626,52.2055,50.9376,0.0024,0.6667,2.4018,0.0,5.157,1778783785981050549
nyudepth__app2,no_sharing,208.3724,56.7114,52.0058,50.7408,0.0024,0.5196,1.904,0.0,4.7056,1778783786804522144
nyudepth__app2,no_sharing,208.7818,58.5411,53.5027,52.2943,0.0023,0.6003,2.2292,0.0,5.0384,1778783787214200949
nyudepth__app2,no_sharing,208.8024,128.4323,88.235,85.1771,0.0021,2.5676,37.6503,0.0,40.1972,1778783787270316001
nyudepth__app2,no_sharing,209.3773,67.9061,62.1683,59.0148,0.0023,2.5564,3.1776,0.0,5.7379,1778783787810687151
nyudepth__app2,no_sharing,209.733,90.872,84.6806,81.1698,0.0025,2.9039,2.0003,0.0,6.1914,1778783788165157594
nyudepth__app2,no_sharing,209.8693,63.5931,55.3127,54.2177,0.0028,0.5176,3.8762,0.0,8.2804,1778783788303419901
nyudepth__app2,no_sharing,210.3673,58.2864,52.1616,50.8286,0.0023,0.7399,2.1954,0.0,6.1249,1778783788799721484
nyudepth__app2,no_sharing,210.6067,68.6507,60.8326,59.7465,0.0024,0.4872,3.5918,0.0,7.8182,1778783789040584866
nyudepth__app2,no_sharing,210.7897,58.3789,52.3781,51.2991,0.002,0.4858,2.094,0.0,6.0009,1778783789222009808
nyudepth__app2,no_sharing,213.6158,58.979,52.0704,50.9493,0.0023,0.5082,2.564,0.0,6.9086,1778783792048615891
nyudepth__app2,no_sharing,213.7501,66.8604,62.0453,58.4057,0.0022,3.0363,2.0337,0.0,4.8151,1778783792182273118
nyudepth__app2,no_sharing,213.9866,57.523,52.4781,51.1806,0.0025,0.6181,2.3534,0.0,5.0449,1778783792419244890
nyudepth__app2,no_sharing,214.7014,59.3894,54.7687,52.442,0.0024,1.5829,2.0251,0.0,4.6206,1778783793133640272
nyudepth__app2,no_sharing,215.1294,58.1434,53.0681,51.9523,0.0022,0.5592,2.4149,0.0,5.0753,1778783793562000800
nyudepth__app2,no_sharing,216.7156,56.0405,51.2711,49.968,0.0024,0.6025,2.0781,0.0,4.7694,1778783795147919245
nyudepth__app2,no_sharing,218.6111,58.3723,53.0809,52.0381,0.0024,0.5615,2.553,0.0,5.2914,1778783797043869065
nyudepth__app2,no_sharing,219.2076,56.2465,51.2259,48.2882,0.0019,2.2189,2.0974,0.0,5.0207,1778783797639867370
nyudepth__app2,no_sharing,219.2844,62.4249,57.5776,56.4077,0.0019,0.601,2.1355,0.0,4.8473,1778783797716749063
nyudepth__app2,no_sharing,219.388,57.9381,53.3443,51.7666,0.0021,0.9102,1.961,0.0,4.5938,1778783797820175469
nyudepth__app2,no_sharing,219.4047,106.8306,63.1257,61.277,0.0021,1.3808,41.0831,0.0,43.7049,1778783797876028163
nyudepth__app2,no_sharing,219.6035,90.4608,84.9796,82.683,0.0027,0.7813,2.7635,0.0,5.4811,1778783798036458851
nyudepth__app2,no_sharing,219.6558,132.3857,91.4361,89.5549,0.0023,1.2912,38.0287,0.0,40.9496,1778783798124095065
nyudepth__app2,no_sharing,219.7576,96.0159,62.8342,61.5562,0.0021,0.7792,30.4093,0.0,33.1818,1778783798218237868
nyudepth__app2,no_sharing,221.2038,56.0997,50.8636,49.7836,0.0023,0.4973,2.502,0.0,5.2361,1778783799636516369
nyudepth__app2,no_sharing,221.3442,55.618,50.9175,48.1181,0.0025,2.1857,1.8651,0.0,4.7006,1778783799776211494
nyudepth__app2,no_sharing,221.9254,57.4124,52.1059,50.9925,0.0023,0.5715,2.449,0.0,5.3065,1778783800358095541
nyudepth__app2,no_sharing,222.4455,57.6563,52.6103,51.262,0.0023,0.5994,2.1963,0.0,5.046,1778783800877897795
nyudepth__app2,no_sharing,223.2532,58.4018,53.2878,51.9822,0.0023,0.688,2.4297,0.0,5.114,1778783801685899454
nyudepth__app2,no_sharing,223.4059,55.8763,51.1938,48.4285,0.0026,2.1886,2.0139,0.0,4.6825,1778783801838138511
nyudepth__app2,no_sharing,224.8094,59.3793,54.2411,53.2521,0.0023,0.5076,2.3632,0.0,5.1382,1778783803242043565
nyudepth__app2,no_sharing,224.9631,57.3571,52.5639,51.1665,0.0021,0.7795,1.9908,0.0,4.7932,1778783803395304629
nyudepth__app2,no_sharing,225.2683,81.9619,75.6393,74.4412,0.0027,0.5756,3.5882,0.0,6.3226,1778783803702082734
nyudepth__app2,no_sharing,227.1449,56.7582,52.0194,50.8951,0.0023,0.5269,1.9786,0.0,4.7388,1778783805577079338
nyudepth__app2,no_sharing,227.6444,57.065,52.0467,50.9423,0.0025,0.5278,2.3844,0.0,5.0183,1778783806077018364
nyudepth__app2,no_sharing,227.668,98.901,62.1762,61.0768,0.0024,0.5465,33.6175,0.0,36.7249,1778783806131820131
nyudepth__app2,no_sharing,228.4058,85.4607,78.9715,75.8109,0.0024,2.6149,2.5074,0.0,6.4892,1778783806838553333
nyudepth__app2,no_sharing,228.4342,125.2644,65.3146,63.8585,0.0022,0.8538,57.1494,0.0,59.9498,1778783806921508612
nyudepth__app2,no_sharing,228.5219,99.5982,59.3019,57.1504,0.0017,1.617,37.2903,0.0,40.2962,1778783806989437443
nyudepth__app2,no_sharing,228.8903,56.7048,52.0823,49.3109,0.0027,2.2403,1.919,0.0,4.6224,1778783807322381086
nyudepth__app2,no_sharing,230.5903,58.7509,53.7023,52.2631,0.0022,0.7656,2.239,0.0,5.0485,1778783809022753595
nyudepth__app2,no_sharing,230.8852,83.8146,77.842,72.9146,0.0024,3.7457,2.0683,0.0,5.9726,1778783809317454202
nyudepth__app2,no_sharing,231.4298,55.4712,50.3164,49.2428,0.002,0.5776,2.3749,0.0,5.1548,1778783809862456396
nyudepth__app2,no_sharing,232.2625,57.9317,53.0515,52.0581,0.0024,0.483,1.9891,0.0,4.8802,1778783810694697596
nyudepth__app2,no_sharing,234.149,88.9361,82.6389,81.116,0.0026,0.7286,2.5547,0.0,6.2972,1778783812581809994
nyudepth__app2,no_sharing,234.3558,57.2693,51.7883,50.6609,0.0021,0.5858,2.6479,0.0,5.481,1778783812788586239
nyudepth__app2,no_sharing,234.3669,117.3112,68.4877,66.8395,0.0024,1.0716,45.8992,0.0,48.8235,1778783812843053814
nyudepth__app2,no_sharing,234.4157,134.0184,62.7144,61.3592,0.0021,0.7894,68.4648,0.0,71.304,1778783812914347449
nyudepth__app2,no_sharing,234.538,74.084,59.8089,57.0819,0.0017,2.1885,11.4834,0.0,14.2752,1778783812979777469
nyudepth__app2,no_sharing,234.6383,59.6514,54.083,51.8754,0.0024,1.5518,2.4631,0.0,5.5684,1778783813070889937
nyudepth__app2,no_sharing,235.6894,69.1392,62.2485,59.1475,0.0024,2.6133,4.1435,0.0,6.8908,1778783814123808646
nyudepth__app2,no_sharing,235.7521,95.6097,86.3002,84.3503,0.002,1.2779,6.3262,0.0,9.3094,1778783814188631042
nyudepth__app2,no_sharing,235.7873,125.7901,62.5882,60.9951,0.002,1.066,60.3783,0.0,63.2019,1778783814277918728
nyudepth__app2,no_sharing,235.8606,143.1518,87.5244,83.9522,0.0025,3.006,52.4073,0.0,55.6274,1778783814343223618
nyudepth__app2,no_sharing,235.953,117.6376,64.3093,62.8554,0.0022,0.8794,50.287,0.0,53.3284,1778783814433583901
nyudepth__app2,no_sharing,236.3953,60.9019,55.3165,50.3895,0.0023,4.2075,2.6639,0.0,5.5854,1778783814828117137
nyudepth__app2,no_sharing,236.5747,58.0602,52.9724,51.8269,0.002,0.6006,2.4867,0.0,5.0877,1778783815007382843
nyudepth__app2,no_sharing,237.0631,55.8531,51.2001,49.9545,0.002,0.5725,2.028,0.0,4.6531,1778783815495340630
nyudepth__app2,no_sharing,237.3524,57.431,52.3423,51.0109,0.0027,0.5875,2.4643,0.0,5.0887,1778783815785134426
nyudepth__app2,no_sharing,237.3981,81.2654,66.5855,65.5326,0.0018,0.5448,11.7259,0.0,14.68,1778783815840035162
nyudepth__app2,no_sharing,237.4122,161.2015,90.5627,89.3439,0.0028,0.6528,66.9935,0.0,70.6388,1778783815909443835
nyudepth__app2,no_sharing,238.6389,55.4345,50.6588,49.5749,0.0019,0.4964,2.0361,0.0,4.7756,1778783817071138562
nyudepth__app2,no_sharing,239.5055,63.3042,57.2931,56.2678,0.0024,0.5191,3.2413,0.0,6.0111,1778783817939133014
nyudepth__app2,no_sharing,239.6272,56.9663,52.1164,50.9605,0.0023,0.5365,2.0797,0.0,4.8499,1778783818059512085
nyudepth__app2,no_sharing,240.0479,78.6893,73.7208,72.5066,0.0032,0.5879,2.3084,0.0,4.9685,1778783818480439520
nyudepth__app2,no_sharing,240.6966,75.5694,69.7042,67.0125,0.0021,2.1126,1.9889,0.0,5.8652,1778783819128802347
nyudepth__app2,no_sharing,240.768,71.1229,62.2913,61.0875,0.0023,0.6558,4.8726,0.0,8.8316,1778783819203133112
nyudepth__app2,no_sharing,241.5254,69.7751,65.2338,60.0668,0.0021,4.5854,1.9295,0.0,4.5413,1778783819957564443
nyudepth__app2,no_sharing,241.6062,98.017,93.1631,88.4065,0.0026,4.1467,2.0244,0.0,4.8539,1778783820038438380
nyudepth__app2,no_sharing,243.9211,57.4188,52.7586,51.1628,0.0024,0.9214,1.93,0.0,4.6603,1778783822353253240
nyudepth__app2,no_sharing,245.0239,57.2727,52.0488,50.9486,0.0023,0.5052,2.5823,0.0,5.2239,1778783823456676346
nyudepth__app2,no_sharing,245.2075,56.9489,52.6017,51.3976,0.002,0.6464,1.7357,0.0,4.3472,1778783823639416627
nyudepth__app2,no_sharing,245.5896,100.421,95.5035,90.0285,0.0023,4.8719,2.3246,0.0,4.9174,1778783824022193734
nyudepth__app2,no_sharing,247.4304,67.0266,62.4184,58.5552,0.0025,3.306,1.8563,0.0,4.6082,1778783825862401966
nyudepth__app2,no_sharing,247.593,85.8617,80.831,78.8978,0.0024,1.36,2.3324,0.0,5.0307,1778783826025502530
nyudepth__app2,no_sharing,248.5468,55.913,51.1539,48.422,0.0024,2.1945,1.9386,0.0,4.7591,1778783826978907113
nyudepth__app2,no_sharing,249.3228,57.616,52.3219,51.2498,0.0025,0.5008,2.6574,0.0,5.2941,1778783827755720739
nyudepth__app2,no_sharing,249.4878,57.7044,52.9166,51.2545,0.0028,1.0042,2.0297,0.0,4.7879,1778783827920058020
nyudepth__app2,no_sharing,249.6085,58.8555,53.7525,52.7084,0.0019,0.4987,2.4047,0.0,5.1031,1778783828041127971
nyudepth__app2,no_sharing,249.8177,56.1442,51.5214,48.6666,0.0021,2.225,1.8675,0.0,4.6229,1778783828249768895
nyudepth__app2,no_sharing,249.8343,109.405,66.851,64.9913,0.0021,0.8314,39.3789,0.0,42.5541,1778783828303953270
nyudepth__app2,no_sharing,250.002,86.93,81.6568,74.2867,0.0022,6.8138,2.4478,0.0,5.2733,1778783828434656312
nyudepth__app2,no_sharing,250.4181,58.1741,52.8201,51.3986,0.0022,0.8363,2.5504,0.0,5.3541,1778783828850873203
nyudepth__app2,no_sharing,250.8739,85.3975,80.6719,75.493,0.0024,4.5352,1.9751,0.0,4.7255,1778783829306046618
nyudepth__app2,no_sharing,251.2766,75.9304,70.7622,67.66,0.0025,2.5752,2.3384,0.0,5.1682,1778783829709180333
nyudepth__app2,no_sharing,251.2851,220.746,150.1958,148.8771,0.0025,0.343,67.6918,0.0,70.5503,1778783829782978809
nyudepth__app2,no_sharing,251.3418,166.008,150.1958,148.8771,0.0025,0.343,10.7822,0.0,15.8122,1778783829782978809
nyudepth__app2,no_sharing,251.3924,178.8244,59.6792,58.5621,0.0022,0.5727,115.7801,0.0,119.1453,1778783829938394095
nyudepth__app2,no_sharing,252.0518,114.0528,107.3921,101.8777,0.0033,4.8303,3.9601,0.0,6.6607,1778783830485942480
nyudepth__app2,no_sharing,252.583,56.0391,51.3839,48.4376,0.0019,2.2838,1.9877,0.0,4.6552,1778783831015193460
nyudepth__app2,no_sharing,253.4701,77.2719,72.0799,68.8762,0.0024,2.588,2.5637,0.0,5.192,1778783831902880917
nyudepth__app2,no_sharing,254.0666,57.234,52.1528,50.7366,0.0025,0.7485,1.9855,0.0,5.0812,1778783832498735001
nyudepth__app2,no_sharing,254.1511,58.5673,53.4729,52.1943,0.002,0.6732,2.3196,0.0,5.0944,1778783832583625231
nyudepth__app2,no_sharing,254.5868,73.4282,68.5597,64.8028,0.0025,3.1783,2.0363,0.0,4.8685,1778783833019009807
nyudepth__app2,no_sharing,254.889,58.7406,53.5381,52.2195,0.0026,0.7513,2.5334,0.0,5.2026,1778783833321711261
nyudepth__app2,no_sharing,255.3518,56.3469,51.0296,48.2033,0.0022,2.2264,2.0835,0.0,5.3173,1778783833784092660
nyudepth__app2,no_sharing,255.804,58.0292,52.7077,51.4865,0.0022,0.6107,2.6155,0.0,5.3215,1778783834236853815
nyudepth__app2,no_sharing,256.1495,57.1344,52.1955,50.8738,0.0022,0.5666,1.9586,0.0,4.9388,1778783834581687754
nyudepth__app2,no_sharing,256.6007,107.9144,102.6388,95.2876,0.0022,6.7386,2.614,0.0,5.2756,1778783835033565972
nyudepth__app2,no_sharing,256.6722,117.0559,77.6527,76.2586,0.0025,0.7178,36.3941,0.0,39.4032,1778783835138799981
nyudepth__app2,no_sharing,257.164,116.3447,108.3873,102.8985,0.0024,4.9183,4.0295,0.0,7.9574,1778783835598273900
nyudepth__app2,no_sharing,257.4397,57.8964,52.5781,49.7825,0.0025,2.2185,2.6464,0.0,5.3183,1778783835872551992
nyudepth__app2,no_sharing,257.787,59.0832,53.9316,52.6578,0.0023,0.6446,2.4729,0.0,5.1516,1778783836219674252
nyudepth__app2,no_sharing,257.8792,81.5077,77.1396,74.3375,0.0023,2.2404,1.7712,0.0,4.3681,1778783836311145089
nyudepth__app2,no_sharing,257.9619,67.1041,62.4556,61.2352,0.0022,0.6418,2.0816,0.0,4.6485,1778783836394205731
nyudepth__app2,no_sharing,258.0035,90.7719,62.091,61.0631,0.0018,0.4675,25.6498,0.0,28.6809,1778783836459324308
nyudepth__app2,no_sharing,259.5127,55.3331,49.4263,48.3251,0.002,0.6109,3.2501,0.0,5.9068,1778783837946235706
nyudepth__app2,no_sharing,259.9946,60.205,55.5261,52.7449,0.0026,2.1831,1.9288,0.0,4.6789,1778783838426671485
nyudepth__app2,no_sharing,260.0132,112.3438,67.3324,63.2115,0.0021,3.5567,41.2786,0.0,45.0114,1778783838484753001
nyudepth__app2,no_sharing,260.2183,57.2553,51.8428,49.022,0.0028,2.2074,2.6937,0.0,5.4125,1778783838651145531
nyudepth__app2,no_sharing,260.4832,57.1446,52.3269,50.9863,0.0025,0.6157,2.2409,0.0,4.8177,1778783838915682099
nyudepth__app2,no_sharing,260.6687,58.4755,52.4203,51.1706,0.0024,0.5389,2.2345,0.0,6.0552,1778783839101145761
nyudepth__app2,no_sharing,260.7945,59.4716,54.4038,53.2492,0.0022,0.5696,2.2979,0.0,5.0678,1778783839227041875
nyudepth__app2,no_sharing,261.4903,57.5347,52.5847,51.4361,0.0026,0.5384,2.2435,0.0,4.95,1778783839922731697
nyudepth__app2,no_sharing,261.5343,127.2798,111.0173,109.9299,0.0019,0.2753,13.463,0.0,16.2624,1778783839978034556
nyudepth__app2,no_sharing,261.5372,126.8151,111.0173,109.9299,0.0019,0.2753,10.7021,0.0,15.7978,1778783839978034556
nyudepth__app2,no_sharing,261.8665,86.4298,79.4236,78.2667,0.0023,0.5476,4.4868,0.0,7.0063,1778783840301299436
nyudepth__app2,no_sharing,262.2645,55.8186,51.0547,48.2889,0.0023,2.175,1.9391,0.0,4.7638,1778783840696674335
nyudepth__app2,no_sharing,264.4193,57.8456,52.9103,51.9368,0.0019,0.4708,2.3816,0.0,4.9353,1778783842851893889
nyudepth__app2,no_sharing,264.8344,79.0091,74.3263,72.2803,0.0027,1.555,1.8404,0.0,4.6827,1778783843266394397
nyudepth__app2,no_sharing,265.0463,57.2097,52.1398,51.1171,0.0021,0.4859,2.4705,0.0,5.0699,1778783843479033141
nyudepth__app2,no_sharing,265.3794,56.4859,51.233,48.3821,0.0019,1.7147,1.8883,0.0,5.2529,1778783843811478324
nyudepth__app2,no_sharing,265.8542,57.5786,52.2119,51.0344,0.0026,0.5628,2.6691,0.0,5.3667,1778783844287119806
nyudepth__app2,no_sharing,266.4957,57.8842,51.7337,49.1893,0.0023,1.9829,3.1068,0.0,6.1505,1778783844929030723
nyudepth__app2,no_sharing,266.4958,130.0974,68.5225,65.7645,0.0021,2.2191,57.6239,0.0,61.5749,1778783844983669716
nyudepth__app2,no_sharing,266.5496,125.875,46.8174,45.9558,0.0017,0.4508,76.201,0.0,79.0576,1778783845056066588
nyudepth__app2,no_sharing,267.2169,69.3896,64.4069,60.471,0.0023,3.2875,1.951,0.0,4.9827,1778783845649059715
nyudepth__app2,no_sharing,267.791,69.3395,64.1142,60.9291,0.0026,2.5516,2.4142,0.0,5.2253,1778783846223593619
nyudepth__app2,no_sharing,268.9166,56.8056,52.08,50.7796,0.0026,0.5495,1.9691,0.0,4.7257,1778783847348802387
nyudepth__app2,no_sharing,269.2898,58.7547,53.7194,52.5999,0.0022,0.6119,2.4073,0.0,5.0353,1778783847722459071
nyudepth__app2,no_sharing,269.3303,162.1292,140.5934,139.3452,0.0025,0.299,18.4863,0.0,21.5358,1778783847778979542
nyudepth__app2,no_sharing,269.3329,161.7811,140.5934,139.3452,0.0025,0.299,15.9063,0.0,21.1877,1778783847778979542
nyudepth__app2,no_sharing,269.4297,270.2575,199.5949,171.2045,0.0027,9.2488,66.2787,0.0,70.6626,1778783847926150135
nyudepth__app2,no_sharing,269.4634,239.4805,199.5949,171.2045,0.0027,9.2488,32.5058,0.0,39.8856,1778783847926150135
nyudepth__app2,no_sharing,269.4749,230.2063,199.5949,171.2045,0.0027,9.2488,21.1122,0.0,30.6114,1778783847926150135
nyudepth__app2,no_sharing,269.5117,249.7709,52.9608,50.1681,0.002,2.1932,193.1999,0.0,196.8101,1778783848135130244
nyudepth__app2,no_sharing,270.7484,57.7729,52.708,51.3218,0.0022,0.8253,1.956,0.0,5.0649,1778783849180510118
nyudepth__app2,no_sharing,271.1049,57.7397,52.4425,51.3827,0.0028,0.4996,2.5721,0.0,5.2972,1778783849537748364
nyudepth__app2,no_sharing,271.4389,56.8466,51.7223,50.6054,0.0022,0.5349,2.1045,0.0,5.1244,1778783849871154355
nyudepth__app2,no_sharing,272.2764,57.9793,52.7593,51.6982,0.0019,0.5098,2.4529,0.0,5.2201,1778783850709080962
nyudepth__app2,no_sharing,272.9352,56.8318,52.0032,50.7681,0.0021,0.6677,2.0127,0.0,4.8286,1778783851367406635
nyudepth__app2,no_sharing,273.2432,57.8663,52.4029,51.3881,0.0023,0.4683,2.7318,0.0,5.4635,1778783851676138363
nyudepth__app2,no_sharing,273.54,56.8049,51.9738,50.8721,0.002,0.5307,1.9653,0.0,4.831,1778783851972195301
nyudepth__app2,no_sharing,275.0126,69.1569,62.7443,61.5463,0.0025,0.6186,3.679,0.0,6.4126,1778783853446567244
nyudepth__app2,no_sharing,275.6127,70.9913,66.3062,63.0879,0.0022,2.6423,2.064,0.0,4.685,1778783854044934031
nyudepth__app2,no_sharing,275.8625,80.6091,74.7824,73.3756,0.0028,0.7587,2.7194,0.0,5.8266,1778783854295540525
nyudepth__app2,no_sharing,277.1319,57.7912,52.8093,51.61,0.002,0.6259,1.9982,0.0,4.9819,1778783855564068898
nyudepth__app2,no_sharing,277.5735,58.4049,52.8162,51.628,0.0027,0.6952,2.6898,0.0,5.5888,1778783856006394251
nyudepth__app2,no_sharing,277.7374,56.7846,52.058,51.0404,0.0019,0.4656,1.8559,0.0,4.7267,1778783856169403204
nyudepth__app2,no_sharing,277.993,74.877,69.4297,67.1004,0.0023,1.7096,2.4705,0.0,5.4473,1778783856425674373
nyudepth__app2,no_sharing,278.2138,57.2653,52.2243,50.9415,0.0022,0.5731,2.0449,0.0,5.041,1778783856646049842
nyudepth__app2,no_sharing,278.3784,57.8263,52.4625,51.3189,0.0024,0.5752,2.568,0.0,5.3638,1778783856811242623
nyudepth__app2,no_sharing,279.0766,59.0179,54.1675,52.8954,0.0021,0.5509,2.0087,0.0,4.8504,1778783857508746393
nyudepth__app2,no_sharing,279.724,58.6965,53.3737,52.3824,0.002,0.5016,2.5239,0.0,5.3228,1778783858156729715
nyudepth__app2,no_sharing,280.2728,63.7705,59.2124,56.1203,0.0025,2.5169,1.9474,0.0,4.5581,1778783858704951292
nyudepth__app2,no_sharing,280.7628,57.4334,52.0241,50.9457,0.0021,0.4885,2.6429,0.0,5.4092,1778783859195679227
nyudepth__app2,no_sharing,281.1168,57.8237,52.8701,51.5607,0.0021,0.6635,1.9319,0.0,4.9536,1778783859548874493
nyudepth__app2,no_sharing,281.2184,58.9991,53.8897,52.7351,0.0025,0.5614,2.4967,0.0,5.1094,1778783859651129033
nyudepth__app2,no_sharing,281.25,96.4079,65.7882,64.7191,0.0027,0.5535,27.4043,0.0,30.6197,1778783859707612151
nyudepth__app2,no_sharing,281.8251,56.0164,49.2138,48.272,0.0022,0.4728,4.0751,0.0,6.8026,1778783860259458782
nyudepth__app2,no_sharing,284.0147,69.6216,64.9218,63.2931,0.0023,1.0132,1.9581,0.0,4.6998,1778783862446885891
nyudepth__app2,no_sharing,284.451,58.8262,53.6225,51.9032,0.0025,1.0465,2.3546,0.0,5.2037,1778783862883545772
nyudepth__app2,no_sharing,284.6988,55.866,51.1266,48.3695,0.0025,2.2249,1.9414,0.0,4.7394,1778783863130971447
nyudepth__app2,no_sharing,285.1387,58.9557,53.7087,52.1422,0.0021,0.5025,2.4326,0.0,5.247,1778783863571375461
nyudepth__app2,no_sharing,285.1672,98.685,65.0584,63.9834,0.0022,0.5233,30.3962,0.0,33.6267,1778783863627822538
nyudepth__app2,no_sharing,285.2962,60.8108,53.6775,52.4451,0.0021,0.7455,4.0731,0.0,7.1333,1778783863730475170
nyudepth__app2,no_sharing,285.4143,56.9623,52.1386,51.1245,0.0024,0.524,2.0275,0.0,4.8237,1778783863846463786
nyudepth__app2,no_sharing,285.7785,86.4935,81.2704,78.1428,0.0028,2.5533,2.3754,0.0,5.2231,1778783864211105060
nyudepth__app2,no_sharing,286.5174,83.8995,78.7144,76.7314,0.0026,1.4558,2.2495,0.0,5.1851,1778783864949847825
nyudepth__app2,no_sharing,287.0728,57.8947,52.5633,51.4486,0.0024,0.5327,2.5592,0.0,5.3314,1778783865505562846
nyudepth__app2,no_sharing,287.3221,56.7973,51.3576,48.5764,0.0022,2.2056,1.9929,0.0,5.4396,1778783865754258213
nyudepth__app2,no_sharing,287.3972,93.7068,88.6395,85.0279,0.0023,2.9662,2.2223,0.0,5.0673,1778783865829628849
nyudepth__app2,no_sharing,287.7038,57.2762,51.6363,48.7389,0.0023,2.2647,2.7401,0.0,5.6399,1778783866136774556
nyudepth__app2,no_sharing,287.7704,64.1251,59.0792,57.9567,0.0028,0.5518,2.4433,0.0,5.0459,1778783866203043492
nyudepth__app2,no_sharing,287.8252,74.7244,62.5889,61.5307,0.0018,0.482,9.4292,0.0,12.1355,1778783866264836623
nyudepth__app2,no_sharing,288.1804,56.3347,49.1363,48.0181,0.0021,0.6235,4.4158,0.0,7.1984,1778783866615048206
nyudepth__app2,no_sharing,289.4666,66.2751,61.6885,58.977,0.0026,1.9744,1.8132,0.0,4.5866,1778783867898605194
nyudepth__app2,no_sharing,289.4937,103.6758,62.0455,60.7762,0.0019,0.8138,38.9838,0.0,41.6304,1778783867962901925
nyudepth__app2,no_sharing,289.7293,82.3202,77.8328,76.4553,0.0022,0.7788,1.7571,0.0,4.4874,1778783868161177735
nyudepth__app2,no_sharing,290.1377,62.6836,57.7956,56.6463,0.0027,0.5635,2.2194,0.0,4.888,1778783868570148703
nyudepth__app2,no_sharing,290.2817,57.3111,52.7654,51.5025,0.0028,0.6143,1.7586,0.0,4.5457,1778783868713614595
nyudepth__app2,no_sharing,290.5812,57.3092,52.1302,51.0599,0.0024,0.5025,2.3928,0.0,5.179,1778783869013834748
nyudepth__app2,no_sharing,291.0423,57.5473,52.8052,51.4683,0.0023,0.7703,1.935,0.0,4.7421,1778783869474442496
nyudepth__app2,no_sharing,291.3723,58.9986,54.0541,52.9955,0.0024,0.4954,2.1107,0.0,4.9445,1778783869804606810
nyudepth__app2,no_sharing,291.3838,114.5566,64.3508,62.0385,0.0024,1.682,47.3185,0.0,50.2058,1778783869861293439
nyudepth__app2,no_sharing,291.6548,58.3146,51.2764,50.3269,0.0021,0.478,4.312,0.0,7.0382,1778783870089343579
nyudepth__app2,no_sharing,292.1823,56.0393,51.0544,48.3375,0.0022,2.151,2.1119,0.0,4.9849,1778783870614553457
nyudepth__app2,no_sharing,292.8661,57.2467,52.0632,51.0397,0.0022,0.5036,2.4247,0.0,5.1835,1778783871298735690
nyudepth__app2,no_sharing,292.9646,58.0654,53.6828,51.9672,0.0022,1.1638,1.786,0.0,4.3826,1778783871396517092
nyudepth__app2,no_sharing,293.2783,57.466,52.2439,51.1471,0.0021,0.5233,2.4295,0.0,5.2221,1778783871710943481
nyudepth__app2,no_sharing,293.834,55.887,51.1733,48.4483,0.002,2.2317,1.9665,0.0,4.7136,1778783872266132193
nyudepth__app2,no_sharing,294.1101,57.7755,52.4913,51.4121,0.0024,0.4885,2.5392,0.0,5.2842,1778783872542883904
nyudepth__app2,no_sharing,294.9662,105.1357,100.1723,95.9577,0.002,3.6868,2.3012,0.0,4.9633,1778783873398722757
nyudepth__app2,no_sharing,295.0519,97.5087,75.2357,73.043,0.0025,1.661,19.4149,0.0,22.273,1778783873501590788
nyudepth__app2,no_sharing,295.5645,56.2129,51.3677,48.666,0.0026,2.0516,2.0382,0.0,4.8452,1778783873996767244
nyudepth__app2,no_sharing,295.6746,59.4025,54.2529,53.1345,0.0024,0.5548,2.4197,0.0,5.1496,1778783874107228642
nyudepth__app2,no_sharing,296.7145,55.8426,51.1127,49.8415,0.0022,0.7075,1.9729,0.0,4.7299,1778783875146690213
nyudepth__app2,no_sharing,297.169,83.2889,77.1825,76.0706,0.0022,0.5739,3.4387,0.0,6.1064,1778783875602645827
nyudepth__app2,no_sharing,297.3065,58.2576,53.6655,51.8227,0.0023,1.2419,1.8728,0.0,4.5921,1778783875738575569
nyudepth__app2,no_sharing,298.4421,56.7331,51.7256,50.6529,0.0021,0.4799,2.3777,0.0,5.0075,1778783876874737964
nyudepth__app2,no_sharing,298.7243,80.7681,75.9914,71.4096,0.0025,3.9616,1.9712,0.0,4.7767,1778783877156479312
nyudepth__app2,no_sharing,299.3531,56.3114,51.1778,50.0999,0.0024,0.5085,2.6553,0.0,5.1335,1778783877786059732
nyudepth__app2,no_sharing,299.4009,73.3294,61.9722,60.3905,0.0026,0.5082,8.7554,0.0,11.3572,1778783877839850596
nyudepth__app2,no_sharing,299.4287,109.9827,61.9708,60.8857,0.0022,0.5293,45.4898,0.0,48.0119,1778783877904451279
nyudepth__app2,no_sharing,299.5315,73.5495,63.2281,62.3293,0.0017,0.4819,7.3638,0.0,10.3214,1778783877969003863
nyudepth__app2,no_sharing,299.8446,57.215,51.3396,50.3269,0.0023,0.4997,3.2349,0.0,5.8754,1778783878278085551
nyudepth__app2,no_sharing,299.9861,74.9164,70.1728,65.9611,0.0021,3.5993,1.8749,0.0,4.7436,1778783878418169444
nyudepth__app2,no_sharing,301.0898,57.3511,51.9369,50.4422,0.0022,0.867,2.4068,0.0,5.4142,1778783879522464613
nyudepth__app2,no_sharing,301.6859,55.9125,51.2283,48.456,0.0028,2.2137,1.8444,0.0,4.6841,1778783880117954290
nyudepth__app2,no_sharing,301.9851,57.7748,52.6375,51.6605,0.0023,0.5031,2.3322,0.0,5.1372,1778783880417641655
nyudepth__app2,no_sharing,302.1702,57.5442,52.6772,51.4362,0.0026,0.614,2.0552,0.0,4.8671,1778783880602428723
nyudepth__app2,no_sharing,302.2907,57.2953,52.2513,51.2078,0.0024,0.4794,2.3549,0.0,5.0441,1778783880723281159
nyudepth__app2,no_sharing,303.2045,57.5387,52.7186,51.4836,0.0022,0.5906,1.9748,0.0,4.8202,1778783881636657947
nyudepth__app2,no_sharing,303.7437,63.2122,57.8606,56.5903,0.0025,0.5767,2.4545,0.0,5.3515,1778783882176389062
nyudepth__app2,no_sharing,304.1924,72.3331,67.1665,65.2256,0.0022,1.2902,2.193,0.0,5.1666,1778783882624821244
nyudepth__app2,no_sharing,304.9943,57.7157,52.4049,51.1715,0.0022,0.6267,2.5351,0.0,5.3108,1778783883427108405
nyudepth__app2,no_sharing,305.516,66.395,61.2822,59.5433,0.0022,1.1291,2.1148,0.0,5.1129,1778783883948323569
nyudepth__app2,no_sharing,305.6533,89.3393,83.2445,82.1614,0.0024,0.5033,2.6054,0.0,6.0948,1778783884086085965
nyudepth__app2,no_sharing,306.2502,91.2163,85.7912,84.5773,0.0022,0.6886,2.4402,0.0,5.4252,1778783884682817520
nyudepth__app2,no_sharing,307.4915,57.6637,52.2965,51.0471,0.0031,0.5738,2.4233,0.0,5.3672,1778783885924171007
nyudepth__app2,no_sharing,308.8879,56.798,51.8076,50.7001,0.0023,0.5236,2.2299,0.0,4.9903,1778783887320273675
nyudepth__app2,no_sharing,309.0054,56.9005,51.7706,50.7357,0.0019,0.4907,2.3675,0.0,5.1299,1778783887437995531
nyudepth__app2,no_sharing,309.1389,57.8918,52.6122,50.7271,0.0022,0.7296,2.1856,0.0,5.2796,1778783887571317219
nyudepth__app2,no_sharing,310.5152,55.6648,50.0891,49.0074,0.0022,0.5185,2.5604,0.0,5.5757,1778783888947967898
nyudepth__app2,no_sharing,310.6283,58.4378,53.9649,52.8979,0.0024,0.5154,1.7219,0.0,4.473,1778783889060206586
nyudepth__app2,no_sharing,310.704,61.738,56.6518,55.6612,0.0024,0.5201,2.296,0.0,5.0862,1778783889136479366
nyudepth__app2,no_sharing,310.87,57.7512,52.8491,51.457,0.0021,0.8042,1.9073,0.0,4.9021,1778783889302093297
nyudepth__app2,no_sharing,311.6437,57.1785,51.8035,50.8025,0.002,0.5204,2.533,0.0,5.375,1778783890076507126
nyudepth__app2,no_sharing,311.7822,74.7573,69.8118,63.5108,0.0031,5.5132,1.9031,0.0,4.9456,1778783890214281090
nyudepth__app2,no_sharing,312.1472,58.0924,51.1842,50.1175,0.002,0.4915,4.1928,0.0,6.9082,1778783890581668697
nyudepth__app2,no_sharing,312.5149,76.426,71.6071,67.3877,0.0023,3.6092,1.9405,0.0,4.8189,1778783890946996259
nyudepth__app2,no_sharing,312.5206,169.7841,96.628,92.0903,0.0021,4.0127,70.5523,0.0,73.1561,1778783891021362410
nyudepth__app2,no_sharing,312.9246,57.2231,52.1448,49.3767,0.0019,2.2022,1.7786,0.0,5.0783,1778783891356541226
nyudepth__app2,no_sharing,313.3792,69.4783,64.2859,61.0587,0.0028,2.6134,2.5308,0.0,5.1924,1778783891811964963
nyudepth__app2,no_sharing,313.601,57.9789,52.2106,50.8132,0.0023,0.6054,1.9872,0.0,5.7683,1778783892033159508
nyudepth__app2,no_sharing,313.72,60.1087,54.7837,53.6383,0.0021,0.5754,2.6028,0.0,5.3249,1778783892152809884
nyudepth__app2,no_sharing,313.7873,62.7909,58.2811,56.3844,0.0021,1.3485,1.6005,0.0,4.5097,1778783892219085617
nyudepth__app2,no_sharing,314.4313,69.4628,63.9136,62.0014,0.0023,1.2462,2.4679,0.0,5.5492,1778783892863982109
nyudepth__app2,no_sharing,315.2337,58.1801,53.2091,51.6069,0.0021,0.7565,1.8959,0.0,4.971,1778783893665758974
nyudepth__app2,no_sharing,315.8433,56.1187,50.3831,49.1429,0.0028,0.5972,2.6801,0.0,5.7357,1778783894276224471
nyudepth__app2,no_sharing,315.8689,101.9108,68.4728,66.4719,0.0033,1.3297,30.3869,0.0,33.438,1778783894329517389
nyudepth__app2,no_sharing,317.2807,57.7481,52.1698,51.0366,0.0022,0.5253,2.5415,0.0,5.5782,1778783895713512910
nyudepth__app2,no_sharing,317.8074,57.379,52.3632,51.197,0.0026,0.5415,1.977,0.0,5.0158,1778783896239562954
nyudepth__app2,no_sharing,318.1437,57.1563,51.6136,50.2294,0.0022,0.777,2.5859,0.0,5.5427,1778783896576536002
nyudepth__app2,no_sharing,318.4623,77.8911,72.871,67.9305,0.0031,4.2798,2.0485,0.0,5.0201,1778783896894579824
nyudepth__app2,no_sharing,318.9345,57.0054,51.469,50.0668,0.0022,0.7963,2.5632,0.0,5.5364,1778783897367371654
nyudepth__app2,no_sharing,319.448,76.3862,71.5048,67.5039,0.0021,3.401,2.0168,0.0,4.8814,1778783897880229586
nyudepth__app2,no_sharing,319.5718,59.5636,54.4848,53.4375,0.0019,0.4884,2.3725,0.0,5.0788,1778783898004393705
nyudepth__app2,no_sharing,320.1741,57.3199,52.197,50.9235,0.0021,0.6108,2.115,0.0,5.1229,1778783898606425424
nyudepth__app2,no_sharing,320.3292,66.2963,61.3679,58.2425,0.0024,2.6204,2.2666,0.0,4.9284,1778783898761724962
nyudepth__app2,no_sharing,321.3822,56.973,51.9927,50.6461,0.0023,0.5648,2.1818,0.0,4.9803,1778783899814593955
nyudepth__app2,no_sharing,321.5709,61.1901,56.0727,53.3065,0.003,2.0167,2.5108,0.0,5.1174,1778783900003658405
nyudepth__app2,no_sharing,322.2827,56.0718,51.2364,48.4383,0.0025,2.1992,2.0733,0.0,4.8354,1778783900715005724
nyudepth__app2,no_sharing,322.5114,62.597,57.2688,56.0291,0.0023,0.5858,2.7678,0.0,5.3282,1778783900944439429
nyudepth__app2,no_sharing,323.4985,57.1811,52.3967,51.2337,0.0026,0.5312,1.9956,0.0,4.7844,1778783901930650518
nyudepth__app2,no_sharing,323.7554,86.8609,81.6153,80.1789,0.0026,0.904,2.3131,0.0,5.2456,1778783902187959009
nyudepth__app2,no_sharing,323.812,125.0556,92.1197,89.7661,0.0023,1.7591,30.2672,0.0,32.9359,1778783902272424696
nyudepth__app2,no_sharing,324.0245,57.5905,50.6758,49.2859,0.0027,0.618,4.0727,0.0,6.9147,1778783902458850300
nyudepth__app2,no_sharing,324.2555,56.9198,51.9748,50.8095,0.0023,0.6016,2.1484,0.0,4.945,1778783902687855269
nyudepth__app2,no_sharing,324.3412,93.2248,87.3238,84.1253,0.0027,2.5292,3.258,0.0,5.901,1778783902774672986
nyudepth__app2,no_sharing,325.6289,100.6968,94.8542,87.3231,0.0024,6.8862,3.0475,0.0,5.8426,1778783904062126058
nyudepth__app2,no_sharing,325.634,208.2281,110.1091,105.7522,0.0026,3.12,95.3853,0.0,98.119,1778783904159655962
nyudepth__app2,no_sharing,326.0304,69.6039,64.8222,59.6019,0.0023,4.5509,2.0044,0.0,4.7817,1778783904462611153
nyudepth__app2,no_sharing,326.2868,62.4533,57.5564,56.4529,0.0028,0.5918,2.0609,0.0,4.8969,1778783904719060002
nyudepth__app2,no_sharing,326.52,56.4489,51.5587,50.5564,0.0019,0.5037,2.1584,0.0,4.8903,1778783904952374451
nyudepth__app2,no_sharing,326.7593,57.7061,52.4484,51.3245,0.0029,0.5566,2.4107,0.0,5.2577,1778783905191947043
nyudepth__app2,no_sharing,326.8653,58.161,53.5407,51.874,0.0021,1.0769,1.8427,0.0,4.6203,1778783905297285975
nyudepth__app2,no_sharing,327.1234,57.7037,52.5298,51.4821,0.0023,0.5239,2.4552,0.0,5.1739,1778783905556126191
nyudepth__app2,no_sharing,327.6388,64.6975,59.9728,54.9782,0.0021,4.3996,2.028,0.0,4.7247,1778783906071033312
nyudepth__app2,no_sharing,328.1488,67.0586,61.8643,58.7455,0.0022,2.6149,2.5218,0.0,5.1943,1778783906581531160
nyudepth__app2,no_sharing,328.6472,60.9453,54.82,53.854,0.0021,0.4992,1.9703,0.0,6.1252,1778783907079382331
nyudepth__app2,no_sharing,329.3831,58.28,51.4701,50.5256,0.0027,0.4561,2.6019,0.0,6.8099,1778783907815913371
nyudepth__app2,no_sharing,329.4646,60.317,55.0003,52.5261,0.0019,2.045,1.5175,0.0,5.3168,1778783907896276362
nyudepth__app2,no_sharing,329.7564,58.7816,51.7599,50.6919,0.0024,0.5043,2.6417,0.0,7.0217,1778783908189332983
nyudepth__app2,no_sharing,329.8605,57.4462,52.0217,50.1215,0.0018,1.4451,1.6563,0.0,5.4246,1778783908292291863
nyudepth__app2,no_sharing,330.1271,88.2638,81.6712,80.4944,0.0026,0.5435,2.459,0.0,6.5925,1778783908559747199
nyudepth__app2,no_sharing,330.1866,94.1298,62.3982,61.5266,0.0016,0.4627,28.7714,0.0,31.7316,1778783908645536766
nyudepth__app2,no_sharing,330.3906,79.7915,72.1342,68.9006,0.0023,2.5772,3.8195,0.0,7.6574,1778783908824624325
nyudepth__app2,no_sharing,330.4167,144.8257,87.877,86.562,0.0029,0.6524,53.9522,0.0,56.9487,1778783908900791685
nyudepth__app2,no_sharing,330.7028,91.9251,85.2077,83.9302,0.0021,0.5885,4.1187,0.0,6.7175,1778783909137205984
nyudepth__app2,no_sharing,331.3297,75.932,69.3407,67.2006,0.0026,1.4932,2.857,0.0,6.5914,1778783909762753438
nyudepth__app2,no_sharing,331.339,212.4186,142.1292,139.8513,0.0027,0.8695,66.5977,0.0,70.2893,1778783909835885148
nyudepth__app2,no_sharing,331.3781,176.9669,142.1292,139.8513,0.0027,0.8695,27.5989,0.0,34.8377,1778783909835885148
nyudepth__app2,no_sharing,331.5728,60.6799,52.8162,51.8112,0.0023,0.4708,3.7997,0.0,7.8637,1778783910006777666
nyudepth__app2,no_sharing,332.6158,103.4756,97.1296,89.8036,0.0027,6.7789,2.2433,0.0,6.346,1778783911048199535
nyudepth__app2,no_sharing,332.7274,129.2236,123.6798,118.4077,0.0023,4.6697,1.6382,0.0,5.5438,1778783911159731353
nyudepth__app2,no_sharing,332.9355,93.3912,86.4612,81.7944,0.0031,4.0851,3.0093,0.0,6.9299,1778783911368714950
nyudepth__app2,no_sharing,333.7006,69.8502,62.5499,59.3611,0.0029,2.6421,3.3283,0.0,7.3003,1778783912134145286
nyudepth__app2,no_sharing,334.0622,72.1555,66.7176,65.1239,0.0031,1.047,2.697,0.0,5.4379,1778783912495042589
nyudepth__app2,no_sharing,334.4958,56.9754,52.0406,51.003,0.0024,0.4757,2.3267,0.0,4.9348,1778783912928324177
nyudepth__app2,no_sharing,334.619,57.1215,52.2843,51.1169,0.0021,0.5767,2.0738,0.0,4.8372,1778783913051282487
nyudepth__app2,no_sharing,335.1797,57.0638,52.2978,51.229,0.0021,0.4839,2.1369,0.0,4.766,1778783913612058039
nyudepth__app2,no_sharing,335.261,59.4909,55.3651,54.0575,0.0016,0.7911,1.5104,0.0,4.1258,1778783913692657333
nyudepth__app2,no_sharing,335.603,57.1034,52.1239,51.2025,0.002,0.4575,2.3844,0.0,4.9795,1778783914035569313
nyudepth__app2,no_sharing,336.1096,76.9401,72.38,71.3547,0.0027,0.5133,1.8649,0.0,4.56,1778783914541654951
nyudepth__app2,no_sharing,336.2348,59.3534,54.1613,53.1219,0.0023,0.4837,2.3067,0.0,5.1921,1778783914667349830
nyudepth__app2,no_sharing,336.6468,58.9354,52.4952,51.3475,0.0026,0.581,2.3589,0.0,6.4402,1778783915079306008
nyudepth__app2,no_sharing,337.5154,57.472,52.1519,51.072,0.0027,0.5037,2.4595,0.0,5.32,1778783915948077734
nyudepth__app2,no_sharing,339.9053,89.4823,84.5401,82.9499,0.0028,1.0159,1.9004,0.0,4.9422,1778783918337417852
nyudepth__app2,no_sharing,340.4629,86.0381,80.8442,79.4101,0.0027,0.8644,2.3749,0.0,5.1939,1778783918895534708
nyudepth__app2,no_sharing,341.3823,56.7186,51.9291,50.8333,0.0021,0.5075,2.0332,0.0,4.7894,1778783919814507153
nyudepth__app2,no_sharing,342.39,59.0458,53.7304,51.9885,0.0021,1.1494,2.3689,0.0,5.3154,1778783920822622239
nyudepth__app2,no_sharing,343.6134,57.2786,52.3371,51.1749,0.0025,0.5426,1.9834,0.0,4.9416,1778783922045619027
nyudepth__app2,no_sharing,343.7355,57.8458,52.6305,51.557,0.002,0.4955,2.3484,0.0,5.2153,1778783922168075612
nyudepth__app2,no_sharing,344.0247,56.1855,51.2204,48.4545,0.0028,2.2228,2.0602,0.0,4.9651,1778783922456922584
nyudepth__app2,no_sharing,344.5078,58.2333,52.6947,51.5959,0.002,0.5682,2.5001,0.0,5.5385,1778783922940586509
nyudepth__app2,no_sharing,344.8073,93.7588,87.8412,80.4556,0.0025,6.8115,1.8146,0.0,5.9176,1778783923239300493
nyudepth__app2,no_sharing,344.9024,88.0671,81.4123,79.491,0.0023,1.2792,3.5017,0.0,6.6547,1778783923336133956
nyudepth__app2,no_sharing,346.0136,56.3595,51.2113,48.2831,0.0024,2.259,1.9474,0.0,5.1483,1778783924445697724
nyudepth__app2,no_sharing,346.019,119.3552,64.6639,62.2124,0.0024,1.8077,50.7991,0.0,54.6913,1778783924500011610
nyudepth__app2,no_sharing,347.6701,77.3361,71.404,67.6416,0.0026,3.1315,1.9634,0.0,5.9321,1778783926102263670
nyudepth__app2,no_sharing,347.9288,57.7288,52.581,51.5325,0.0023,0.4947,2.3751,0.0,5.1478,1778783926361367857
nyudepth__app2,no_sharing,349.6994,57.1332,52.4413,51.1689,0.0021,0.6814,1.9529,0.0,4.6919,1778783928131545186
nyudepth__app2,no_sharing,349.8619,71.3437,66.2979,63.2092,0.0022,2.5655,2.4416,0.0,5.0458,1778783928294553068
nyudepth__app2,no_sharing,350.518,57.5492,51.9356,50.8543,0.0023,0.547,2.0282,0.0,5.6136,1778783928950232228
nyudepth__app2,no_sharing,350.6531,57.2345,51.9661,50.8714,0.0022,0.5104,2.5351,0.0,5.2685,1778783929085865558
nyudepth__app2,no_sharing,350.9303,55.9721,51.2062,48.459,0.0022,2.2444,1.9453,0.0,4.7659,1778783929362468377
nyudepth__app2,no_sharing,351.1694,55.4538,50.1377,49.0354,0.0024,0.5089,2.4984,0.0,5.3161,1778783929602186609
nyudepth__app2,no_sharing,351.4861,57.1826,52.4983,51.3055,0.0022,0.5657,1.9224,0.0,4.6842,1778783929918179137
nyudepth__app2,no_sharing,351.5087,99.5111,62.3291,60.6948,0.0026,0.9782,34.3411,0.0,37.182,1778783929973278721
nyudepth__app2,no_sharing,351.8906,81.0924,76.3929,75.0113,0.0023,0.6999,1.9207,0.0,4.6994,1778783930322680596
nyudepth__app2,no_sharing,352.0949,58.691,53.4723,51.7206,0.0029,0.5754,2.5063,0.0,5.2187,1778783930527647103
nyudepth__app2,no_sharing,352.1838,59.9463,55.1701,52.9678,0.0024,1.5559,1.8325,0.0,4.7762,1778783930615847154
nyudepth__app2,no_sharing,352.381,55.4712,50.1666,48.1995,0.0025,1.3064,2.4226,0.0,5.3046,1778783930813649695
nyudepth__app2,no_sharing,352.5522,64.9102,60.0016,56.258,0.0023,3.2145,1.9867,0.0,4.9086,1778783930984372761
nyudepth__app2,no_sharing,353.8932,56.4485,51.0619,50.0305,0.0021,0.5319,2.5117,0.0,5.3866,1778783932325974711
nyudepth__app2,no_sharing,354.3373,58.1868,53.4105,51.8706,0.0022,0.9543,1.9248,0.0,4.7763,1778783932769441195
nyudepth__app2,no_sharing,354.7928,63.5567,58.6253,55.5493,0.0021,2.586,2.4066,0.0,4.9314,1778783933225466500
nyudepth__app2,no_sharing,355.6873,69.2966,63.2967,60.03,0.0021,2.6574,1.9846,0.0,5.9999,1778783934119445460
nyudepth__app2,no_sharing,355.8407,58.4486,53.3864,52.3308,0.0019,0.4922,2.2504,0.0,5.0621,1778783934273212399
nyudepth__app2,no_sharing,357.2707,85.1429,79.3809,77.7515,0.0025,0.9856,2.6317,0.0,5.7619,1778783935703478808
nyudepth__app2,no_sharing,357.688,58.3823,53.1626,52.0689,0.0021,0.4966,2.4927,0.0,5.2196,1778783936120707344
nyudepth__app2,no_sharing,357.7926,80.7827,76.0606,73.1991,0.0025,2.3595,1.7157,0.0,4.722,1778783936224516267
nyudepth__app2,no_sharing,357.9892,57.8818,52.3632,51.2434,0.0026,0.5306,2.4049,0.0,5.5186,1778783936421791841
nyudepth__app2,no_sharing,359.2346,56.8364,51.2667,48.4526,0.002,2.211,2.0938,0.0,5.5697,1778783937666864562
nyudepth__app2,no_sharing,359.3208,60.4246,55.4652,54.4971,0.0022,0.493,2.2209,0.0,4.9594,1778783937753282214
nyudepth__app2,no_sharing,359.4926,56.3865,51.0872,48.338,0.0026,2.2436,2.1286,0.0,5.2993,1778783937924891391
nyudepth__app2,no_sharing,359.865,57.332,52.1136,50.9638,0.0019,0.4984,2.4381,0.0,5.2184,1778783938297725260
nyudepth__app2,no_sharing,360.0357,75.4774,69.2637,65.5886,0.0025,3.103,1.9655,0.0,6.2136,1778783938467898346
nyudepth__app2,no_sharing,360.0373,151.885,74.3379,71.8903,0.0025,1.8922,73.7262,0.0,77.5472,1778783938541271655
nyudepth__app2,no_sharing,360.2176,58.6681,53.5675,51.7167,0.002,1.2582,2.4161,0.0,5.1006,1778783938650171519
nyudepth__app2,no_sharing,360.2647,94.671,80.5557,76.8967,0.0022,2.5327,11.3783,0.0,14.1153,1778783938706290529
nyudepth__app2,no_sharing,360.9518,57.2834,51.7944,49.0774,0.0026,2.2004,2.723,0.0,5.489,1778783939384756410
nyudepth__app2,no_sharing,361.0168,64.6362,59.8048,58.5287,0.0021,0.7322,2.1715,0.0,4.8314,1778783939449160100
nyudepth__app2,no_sharing,361.0482,99.0567,62.4844,61.1472,0.0023,0.8158,33.2439,0.0,36.5724,1778783939511680164
nyudepth__app2,no_sharing,361.9292,56.8678,51.6802,50.6099,0.0019,0.4997,2.4304,0.0,5.1877,1778783940361872272
nyudepth__app2,no_sharing,363.0692,62.7897,56.9269,53.4995,0.002,2.9062,2.0382,0.0,5.8628,1778783941501377087
nyudepth__app2,no_sharing,364.4886,95.8884,89.007,85.2515,0.0024,3.0916,2.6104,0.0,6.8814,1778783942921414961
nyudepth__app2,no_sharing,364.8236,57.8761,52.3367,51.0195,0.0023,0.7673,2.6929,0.0,5.5394,1778783943256542582
nyudepth__app2,no_sharing,365.2416,76.5178,70.5317,69.385,0.0022,0.4913,3.2432,0.0,5.9862,1778783943675068323
nyudepth__app2,no_sharing,366.7491,69.381,63.3437,61.2859,0.0021,1.4659,2.1169,0.0,6.0373,1778783945181416312
nyudepth__app2,no_sharing,367.3213,58.315,52.2565,51.03,0.0025,0.5763,2.5821,0.0,6.0586,1778783945754161055
nyudepth__app2,no_sharing,367.808,78.238,73.4651,71.0468,0.0023,1.5873,2.064,0.0,4.7729,1778783946240301836
nyudepth__app2,no_sharing,368.7547,60.154,55.13,53.9308,0.0023,0.6083,2.2669,0.0,5.0239,1778783947187231443
nyudepth__app2,no_sharing,368.8421,59.8998,55.2305,54.0351,0.0022,0.6201,1.7989,0.0,4.6693,1778783947274077848
nyudepth__app2,no_sharing,370.4453,55.9523,50.6727,49.5628,0.0023,0.5927,2.466,0.0,5.2796,1778783948878021621
nyudepth__app2,no_sharing,370.7798,57.2624,52.3747,51.2514,0.0023,0.5202,2.1307,0.0,4.8877,1778783949212103969
nyudepth__app2,no_sharing,370.7885,132.2899,81.1764,77.2477,0.0023,3.3075,48.3518,0.0,51.1134,1778783949267117150
nyudepth__app2,no_sharing,371.4946,85.6364,79.0286,74.736,0.0025,3.5681,2.7101,0.0,6.6078,1778783949927541735
nyudepth__app2,no_sharing,371.8429,58.2626,52.9997,51.8165,0.0023,0.5834,2.455,0.0,5.2629,1778783950275575788
nyudepth__app2,no_sharing,372.0976,56.2599,51.4176,48.5665,0.0022,2.2198,2.049,0.0,4.8423,1778783950529797814
nyudepth__app2,no_sharing,372.6302,63.7605,58.6831,55.813,0.0028,1.1245,2.4347,0.0,5.0774,1778783951062868102
nyudepth__app2,no_sharing,372.8162,89.0331,84.124,81.1,0.0025,2.3746,2.0187,0.0,4.9091,1778783951248429895
nyudepth__app2,no_sharing,373.1863,94.1675,88.2378,84.1726,0.0024,3.3852,3.1269,0.0,5.9297,1778783951619617689
nyudepth__app2,no_sharing,373.3887,57.9817,52.311,49.4929,0.0029,2.2395,2.6948,0.0,5.6708,1778783951821554974
nyudepth__app2,no_sharing,374.4089,58.3315,53.0825,51.7065,0.0026,0.7198,2.4366,0.0,5.249,1778783952841595318
nyudepth__app2,no_sharing,375.2631,74.2671,69.3805,66.7969,0.0024,1.8026,2.0471,0.0,4.8867,1778783953695337438
nyudepth__app2,no_sharing,375.6774,56.649,51.429,49.9311,0.003,0.6904,2.5454,0.0,5.22,1778783954110187094
nyudepth__app2,no_sharing,375.9652,67.5282,62.7772,58.3405,0.0023,3.8294,1.9648,0.0,4.7511,1778783954397354604
nyudepth__app2,no_sharing,376.486,76.4232,71.0295,67.7378,0.0027,2.646,2.4216,0.0,5.3936,1778783954918645962
nyudepth__app2,no_sharing,376.5236,140.0142,98.3861,95.2185,0.0021,2.5452,39.012,0.0,41.6281,1778783954992745291
nyudepth__app2,no_sharing,377.13,69.1776,63.1179,60.2424,0.0027,2.1885,3.4454,0.0,6.0597,1778783955563646148
nyudepth__app2,no_sharing,377.3944,56.9668,51.5525,48.7781,0.0024,2.2148,2.0869,0.0,5.4143,1778783955826704411
nyudepth__app2,no_sharing,378.0428,57.6494,52.3035,51.1959,0.0027,0.5151,2.5251,0.0,5.3459,1778783956475578271
nyudepth__app2,no_sharing,378.1577,58.537,53.5951,51.9321,0.002,1.0866,1.9298,0.0,4.9419,1778783956589832421
nyudepth__app2,no_sharing,378.4132,57.2758,51.9016,50.8444,0.0025,0.5074,2.5563,0.0,5.3742,1778783956846019646
nyudepth__app2,no_sharing,379.1205,57.5836,52.4685,51.347,0.0019,0.5332,2.1706,0.0,5.1151,1778783957552851655
nyudepth__app2,no_sharing,379.1693,74.8546,63.2657,61.2993,0.0025,1.3227,8.5318,0.0,11.5889,1778783957608084840
nyudepth__app2,no_sharing,379.5779,56.3459,51.4896,50.3054,0.002,0.4967,1.9312,0.0,4.8563,1778783958010063019
nyudepth__app2,no_sharing,379.9948,57.9457,52.713,51.6116,0.0027,0.5734,2.4855,0.0,5.2327,1778783958427574857
nyudepth__app2,no_sharing,381.383,66.5369,61.6931,59.2432,0.0021,1.8343,1.833,0.0,4.8438,1778783959814965974
nyudepth__app2,no_sharing,382.2382,55.9077,50.6813,48.5376,0.0021,1.0208,2.4118,0.0,5.2264,1778783960670853854
nyudepth__app2,no_sharing,383.1017,58.2232,53.1838,51.5804,0.0028,1.0303,2.1284,0.0,5.0395,1778783961534015589
nyudepth__app2,no_sharing,383.8623,59.5171,54.5467,53.4676,0.002,0.5467,2.2109,0.0,4.9704,1778783962294697630
nyudepth__app2,no_sharing,385.4553,65.0463,59.2131,54.7324,0.002,3.8646,1.9832,0.0,5.8332,1778783963887460433
nyudepth__app2,no_sharing,385.459,150.2526,85.9398,84.8583,0.0026,0.5108,61.2683,0.0,64.3128,1778783963950545171
nyudepth__app2,no_sharing,386.7571,56.0038,51.1935,48.3794,0.0025,2.1832,1.9169,0.0,4.8103,1778783965189171479
nyudepth__app2,no_sharing,386.8589,69.9625,63.3324,62.225,0.0021,0.5248,3.8512,0.0,6.6301,1778783965292952746
nyudepth__app2,no_sharing,386.9701,58.0575,53.4195,51.9109,0.002,0.9144,1.837,0.0,4.638,1778783965402093305
nyudepth__app2,no_sharing,388.4671,113.4944,107.4889,103.3881,0.0024,3.4661,3.0847,0.0,6.0055,1778783966900458519
nyudepth__app2,no_sharing,389.1391,56.8933,51.8511,50.7279,0.002,0.518,1.9579,0.0,5.0423,1778783967571292016
nyudepth__app2,no_sharing,389.2038,63.6804,58.7454,57.7245,0.0022,0.5327,2.2113,0.0,4.935,1778783967636185961
nyudepth__app2,no_sharing,389.9003,57.3876,52.3974,51.0108,0.0025,0.7389,2.0213,0.0,4.9902,1778783968332520586
nyudepth__app2,no_sharing,389.939,84.2693,62.7048,61.1525,0.0023,0.9997,18.3752,0.0,21.5644,1778783968387623034
nyudepth__app2,no_sharing,389.9913,96.9508,62.0917,60.8453,0.0022,0.6206,31.781,0.0,34.859,1778783968453239941
nyudepth__app2,no_sharing,390.7901,59.9549,53.1837,52.0209,0.0028,0.5416,3.9265,0.0,6.7712,1778783969224218240
nyudepth__app2,no_sharing,390.9073,57.6868,52.5558,51.2533,0.0024,0.7736,2.027,0.0,5.131,1778783969339480513
nyudepth__app2,no_sharing,391.3157,58.0502,52.6406,51.559,0.0023,0.5125,2.563,0.0,5.4096,1778783969748532055
nyudepth__app2,no_sharing,391.6189,57.3578,52.3257,51.2221,0.0021,0.5281,1.864,0.0,5.0321,1778783970050984693
nyudepth__app2,no_sharing,392.0109,57.1959,52.0271,50.9477,0.0024,0.488,2.3603,0.0,5.1688,1778783970443525651
nyudepth__app2,no_sharing,393.1713,55.6879,50.8648,48.1085,0.0022,2.2063,2.0273,0.0,4.8231,1778783971603529558
nyudepth__app2,no_sharing,393.3326,57.8396,52.4671,50.7948,0.0023,0.5215,2.3758,0.0,5.3725,1778783971765201955
nyudepth__app2,no_sharing,393.5988,56.7594,51.7239,50.5804,0.0021,0.5658,2.1589,0.0,5.0354,1778783972031157200
nyudepth__app2,no_sharing,393.6992,58.9609,53.7272,52.575,0.0027,0.616,2.3167,0.0,5.2337,1778783972131709840
nyudepth__app2,no_sharing,393.7247,101.5096,65.2527,63.8676,0.0026,0.7201,33.4914,0.0,36.2569,1778783972188345646
nyudepth__app2,no_sharing,393.7984,89.9701,59.5757,56.9578,0.0025,2.0152,27.6461,0.0,30.3944,1778783972256271868
nyudepth__app2,no_sharing,394.2876,70.1072,64.2935,59.6387,0.0023,3.9866,2.9881,0.0,5.8137,1778783972720795607
nyudepth__app2,no_sharing,394.327,159.6925,125.0216,118.0711,0.0024,6.3943,30.7248,0.0,34.6709,1778783972787953885
nyudepth__app2,no_sharing,394.3645,273.5529,148.4613,147.2247,0.0024,0.3008,122.3803,0.0,125.0916,1778783972917023930
nyudepth__app2,no_sharing,394.4614,179.2436,148.4613,147.2247,0.0024,0.3008,25.3279,0.0,30.7823,1778783972917023930
nyudepth__app2,no_sharing,395.035,57.4272,52.6544,50.3536,0.0021,1.6894,1.9929,0.0,4.7728,1778783973467214269
nyudepth__app2,no_sharing,395.2084,93.8914,86.5889,85.4677,0.0024,0.5738,4.4422,0.0,7.3025,1778783973643127947
nyudepth__app2,no_sharing,395.2611,106.3528,62.226,61.1907,0.002,0.4778,41.117,0.0,44.1269,1778783973732395116
nyudepth__app2,no_sharing,395.3977,59.9408,53.2821,52.1951,0.0024,0.5251,3.8021,0.0,6.6587,1778783973831730025
nyudepth__app2,no_sharing,395.574,68.5534,62.4956,57.4712,0.0026,4.4745,1.9603,0.0,6.0578,1778783974006096075
nyudepth__app2,no_sharing,395.5907,136.7826,81.927,80.4946,0.0023,0.8303,51.5549,0.0,54.8557,1778783974072536477
nyudepth__app2,no_sharing,395.7648,58.6662,53.0115,51.4807,0.0022,0.9529,2.8703,0.0,5.6547,1778783974197858317
nyudepth__app2,no_sharing,395.7993,88.5813,61.8494,60.6123,0.0027,0.6636,23.869,0.0,26.732,1778783974253443480
nyudepth__app2,no_sharing,395.8523,98.2778,60.0621,57.3194,0.0022,2.157,35.5265,0.0,38.2157,1778783974317977829
nyudepth__app2,no_sharing,395.9387,90.0879,75.2271,71.7336,0.0028,2.9303,11.8155,0.0,14.8608,1778783974380727964
nyudepth__app2,no_sharing,396.6895,56.9041,51.9548,50.7977,0.0021,0.4974,2.0046,0.0,4.9493,1778783975121678624
nyudepth__app2,no_sharing,397.3379,60.2984,54.0343,52.4165,0.0021,1.0162,2.3859,0.0,6.2641,1778783975770538958
nyudepth__app2,no_sharing,398.3202,68.8105,63.7959,60.5615,0.0026,2.0441,2.2264,0.0,5.0146,1778783976752580044
nyudepth__app2,no_sharing,399.9287,86.4058,80.5518,77.4482,0.0029,2.5508,3.041,0.0,5.854,1778783978361990605
nyudepth__app2,no_sharing,401.1016,57.3978,52.5718,51.3158,0.0022,0.5964,1.9584,0.0,4.826,1778783979533764713
nyudepth__app2,no_sharing,401.1254,101.6612,65.4295,62.6209,0.0023,2.2024,33.4125,0.0,36.2317,1778783979589008663
nyudepth__app2,no_sharing,401.644,72.9485,67.112,64.4937,0.0023,2.0322,2.9438,0.0,5.8364,1778783980077109749
nyudepth__app2,no_sharing,401.8479,57.2953,52.5854,51.4768,0.0025,0.5019,1.8487,0.0,4.7099,1778783980279883678
nyudepth__app2,no_sharing,402.0352,57.6103,52.4628,51.1874,0.0022,0.6624,2.3756,0.0,5.1474,1778783980467833683
nyudepth__app2,no_sharing,402.047,140.9972,92.4909,89.3258,0.0029,2.5634,45.8078,0.0,48.5063,1778783980522995345
nyudepth__app2,no_sharing,402.4262,57.5848,51.4461,50.3751,0.0022,0.5054,3.3751,0.0,6.1387,1778783980859822897
nyudepth__app2,no_sharing,402.7923,56.2067,51.4453,48.59,0.0021,2.2668,1.9634,0.0,4.7614,1778783981224487616
nyudepth__app2,no_sharing,403.2119,57.9538,52.8811,51.7972,0.0024,0.5663,2.2981,0.0,5.0727,1778783981644422237
nyudepth__app2,no_sharing,403.7464,57.575,52.6736,51.478,0.0028,0.5327,2.0735,0.0,4.9014,1778783982178685173
nyudepth__app2,no_sharing,404.1082,57.4231,52.2385,51.0436,0.0027,0.5764,2.5125,0.0,5.1846,1778783982540947546
nyudepth__app2,no_sharing,404.8418,76.2954,71.5326,68.7504,0.003,2.1915,1.8859,0.0,4.7627,1778783983273889925
nyudepth__app2,no_sharing,405.09,58.5828,53.2225,52.0399,0.0022,0.6861,2.4056,0.0,5.3603,1778783983522652616
nyudepth__app2,no_sharing,406.367,55.8612,50.8824,48.1511,0.0027,2.2115,2.0974,0.0,4.9788,1778783984799314713
nyudepth__app2,no_sharing,406.4614,59.3517,54.2501,53.0948,0.0027,0.5571,2.3894,0.0,5.1016,1778783984894056663
nyudepth__app2,no_sharing,406.6221,77.9364,72.9933,68.103,0.0023,4.1825,1.9777,0.0,4.9431,1778783985054264553
nyudepth__app2,no_sharing,406.8269,82.4478,75.6254,74.416,0.0023,0.5758,4.1788,0.0,6.8223,1778783985261336789
nyudepth__app2,no_sharing,407.1114,59.5639,54.6151,52.2476,0.0021,1.6914,1.8001,0.0,4.9488,1778783985543383077
nyudepth__app2,no_sharing,407.15,89.2501,65.2765,62.5472,0.0023,1.5366,20.849,0.0,23.9736,1778783985601122135
nyudepth__app2,no_sharing,407.759,57.3201,51.1031,48.1712,0.0023,2.2648,2.7642,0.0,6.217,1778783986191956972
nyudepth__app2,no_sharing,407.9224,57.3854,52.1585,51.1231,0.0024,0.5193,2.4219,0.0,5.2269,1778783986355039287
nyudepth__app2,no_sharing,408.2734,58.6703,54.036,52.9794,0.0024,0.4813,1.8976,0.0,4.6343,1778783986705511242
nyudepth__app2,no_sharing,409.0418,57.8306,52.3085,50.8498,0.0023,0.8851,2.5558,0.0,5.522,1778783987474570066
nyudepth__app2,no_sharing,409.3126,87.2138,82.6228,79.5137,0.0024,2.568,1.9777,0.0,4.591,1778783987744731877
nyudepth__app2,no_sharing,410.3117,58.3937,53.1227,52.049,0.0021,0.4955,2.4912,0.0,5.271,1778783988744427381
nyudepth__app2,no_sharing,410.5362,58.4569,53.6299,51.9858,0.0026,0.9989,2.0258,0.0,4.827,1778783988968436220
nyudepth__app2,no_sharing,411.0482,68.8741,63.3386,62.0731,0.0027,0.5659,2.7654,0.0,5.5355,1778783989481248786
nyudepth__app2,no_sharing,411.2109,60.6709,55.6195,53.1447,0.0024,1.8385,1.9374,0.0,5.0514,1778783989643014555
nyudepth__app2,no_sharing,411.4188,74.1313,68.6859,64.8644,0.0022,3.2496,2.4631,0.0,5.4453,1778783989851464267
nyudepth__app2,no_sharing,411.7309,87.5113,82.8825,80.0115,0.0023,2.3249,1.9495,0.0,4.6288,1778783990163054719
nyudepth__app2,no_sharing,411.8413,59.8581,54.9724,54.0406,0.0019,0.4736,2.202,0.0,4.8857,1778783990273737179
nyudepth__app2,no_sharing,413.416,57.9078,53.0823,51.692,0.0026,0.8007,1.9684,0.0,4.8256,1778783991848102518
nyudepth__app2,no_sharing,413.5539,58.0285,52.8293,51.7932,0.0022,0.5184,2.3901,0.0,5.1992,1778783991986558887
nyudepth__app2,no_sharing,414.3404,57.5089,52.7414,51.3294,0.002,0.8195,1.9431,0.0,4.7676,1778783992772554272
nyudepth__app2,no_sharing,415.5282,57.1921,51.8741,50.8947,0.002,0.4967,2.4512,0.0,5.318,1778783993960864092
nyudepth__app2,no_sharing,415.5866,69.2656,63.6488,61.6186,0.0021,1.4581,1.672,0.0,5.6168,1778783994018433641
nyudepth__app2,no_sharing,415.7297,74.1,68.9784,65.9097,0.0019,2.5486,2.3685,0.0,5.1216,1778783994162317628
nyudepth__app2,no_sharing,415.7722,112.8464,77.9727,76.5767,0.002,0.8009,31.6439,0.0,34.8737,1778783994233984012
nyudepth__app2,no_sharing,415.8962,64.3945,56.4745,55.44,0.0022,0.4917,3.6449,0.0,7.92,1778783994330108985
nyudepth__app2,no_sharing,415.9919,60.2787,54.3323,52.1218,0.0027,1.6367,1.9293,0.0,5.9464,1778783994423959127
nyudepth__app2,no_sharing,416.6424,59.9115,52.9564,51.877,0.0025,0.5095,2.6503,0.0,6.9551,1778783995075294996
nyudepth__app2,no_sharing,416.8471,85.9063,81.0656,76.002,0.0022,4.4164,1.9855,0.0,4.8407,1778783995279292724
nyudepth__app2,no_sharing,417.8181,58.2926,52.9474,51.8912,0.0025,0.4829,2.4981,0.0,5.3453,1778783996250818726
nyudepth__app2,no_sharing,418.3875,56.9365,51.8882,50.8338,0.0025,0.485,2.2237,0.0,5.0483,1778783996819860872
nyudepth__app2,no_sharing,418.6698,57.7946,52.48,51.4479,0.0023,0.5209,2.3932,0.0,5.3146,1778783997102467426
nyudepth__app2,no_sharing,419.1339,57.5194,52.4824,51.4788,0.0022,0.4983,2.1815,0.0,5.0371,1778783997566245784
nyudepth__app2,no_sharing,419.8589,57.2813,51.9432,50.8827,0.0026,0.4865,2.5656,0.0,5.338,1778783998291743210
nyudepth__app2,no_sharing,420.0145,56.879,51.4012,48.653,0.0024,2.1963,2.0289,0.0,5.4779,1778783998446755820
nyudepth__app2,no_sharing,420.1855,57.8179,52.5381,51.4421,0.0024,0.5025,2.5599,0.0,5.2799,1778783998618260424
nyudepth__app2,no_sharing,420.2535,66.2973,61.7967,60.6759,0.0023,0.6541,1.6172,0.0,4.5006,1778783998685303027
nyudepth__app2,no_sharing,420.3081,75.0921,60.4174,59.2916,0.0021,0.5588,11.5163,0.0,14.6747,1778783998749813982
nyudepth__app2,no_sharing,421.1877,56.8626,51.4825,48.6106,0.0026,2.2151,1.9281,0.0,5.3801,1778783999619826830
nyudepth__app2,no_sharing,421.7895,57.6541,52.255,51.1122,0.0021,0.5409,2.665,0.0,5.3992,1778784000222474820
nyudepth__app2,no_sharing,422.3892,58.1374,52.9496,51.4752,0.0023,0.8326,2.0237,0.0,5.1878,1778784000821384442
nyudepth__app2,no_sharing,422.6244,68.7633,62.5099,59.4169,0.0026,2.5591,2.6431,0.0,6.2533,1778784001057247050
nyudepth__app2,no_sharing,423.1903,56.0765,51.3348,48.5012,0.0022,2.2233,1.9855,0.0,4.7418,1778784001622482872
nyudepth__app2,no_sharing,423.2401,77.2755,68.2705,66.1121,0.0018,1.6794,6.1462,0.0,9.005,1778784001676472380
nyudepth__app2,no_sharing,423.3457,59.4521,54.0605,51.8998,0.0016,1.6005,2.5699,0.0,5.3916,1778784001778438872
nyudepth__app2,no_sharing,424.1364,85.5012,79.1456,78.0608,0.0019,0.561,3.6004,0.0,6.3556,1778784002570207114
nyudepth__app2,no_sharing,424.2116,75.5084,62.4947,61.4038,0.0023,0.5761,10.3376,0.0,13.0137,1778784002652086306
nyudepth__app2,no_sharing,424.2652,84.9147,60.0743,58.8496,0.0017,0.668,21.7972,0.0,24.8404,1778784002717286111
nyudepth__app2,no_sharing,424.5186,57.2267,51.6319,50.5237,0.002,0.5119,2.799,0.0,5.5948,1778784002951539708
nyudepth__app2,no_sharing,424.6801,58.2175,52.86,51.4624,0.0018,0.8075,2.3685,0.0,5.3575,1778784003112705766
nyudepth__app2,no_sharing,425.0455,55.7125,50.8953,48.1258,0.0026,2.2432,1.9193,0.0,4.8172,1778784003477643318
nyudepth__app2,no_sharing,425.3988,59.7661,54.6147,53.501,0.0023,0.5095,2.3239,0.0,5.1514,1778784003831401442
nyudepth__app2,no_sharing,426.0006,58.7335,52.6593,51.5825,0.0019,0.529,1.883,0.0,6.0742,1778784004432717372
nyudepth__app2,no_sharing,426.1051,64.1806,58.9112,57.789,0.0022,0.5024,2.3458,0.0,5.2694,1778784004537724155
nyudepth__app2,no_sharing,426.1179,116.2443,62.1571,60.9815,0.0021,0.614,51.2013,0.0,54.0872,1778784004599322832
nyudepth__app2,no_sharing,426.7525,56.8359,50.7871,49.7978,0.0022,0.4978,3.2585,0.0,6.0488,1778784005185979824
nyudepth__app2,no_sharing,427.3706,55.9812,51.2205,48.4681,0.002,2.2004,1.9896,0.0,4.7606,1778784005802812091
nyudepth__app2,no_sharing,427.4104,116.3857,97.4871,92.4671,0.0022,4.5118,15.9893,0.0,18.8986,1778784005856640214
nyudepth__app2,no_sharing,428.7733,90.4872,84.7955,83.5194,0.0023,0.7118,3.0417,0.0,5.6918,1778784007206547681
nyudepth__app2,no_sharing,429.2241,56.2646,50.1571,48.977,0.0019,0.5948,3.3402,0.0,6.1076,1778784007657665837
nyudepth__app2,no_sharing,429.7498,56.3791,51.5994,50.2955,0.0019,0.5872,1.9722,0.0,4.7797,1778784008181987777
nyudepth__app2,no_sharing,429.939,88.9175,81.5953,78.4902,0.0022,2.5371,3.5384,0.0,7.3222,1778784008372803071
nyudepth__app2,no_sharing,430.3259,57.1342,52.4104,51.1167,0.0016,0.5461,1.9612,0.0,4.7237,1778784008758060560
nyudepth__app2,no_sharing,431.128,75.1004,68.8478,65.6993,0.002,2.5878,2.3842,0.0,6.2526,1778784009560654233
nyudepth__app2,no_sharing,431.4406,77.5704,72.8151,70.8736,0.0023,0.6138,2.0583,0.0,4.7553,1778784009872859322
nyudepth__app2,no_sharing,432.0942,57.6081,52.6805,51.3299,0.0018,0.5872,2.0962,0.0,4.9276,1778784010526487716
nyudepth__app2,no_sharing,432.3733,57.8823,52.721,51.6628,0.0024,0.5025,2.4297,0.0,5.1613,1778784010805923882
nyudepth__app2,no_sharing,432.562,60.0793,55.4328,52.6616,0.0017,2.2051,1.7967,0.0,4.6465,1778784010993942790
nyudepth__app2,no_sharing,432.8697,57.4136,52.3191,51.2146,0.002,0.5082,2.346,0.0,5.0945,1778784011302286826
nyudepth__app2,no_sharing,432.9904,57.1299,52.1691,50.9841,0.002,0.5654,2.09,0.0,4.9608,1778784011422657232
nyudepth__app2,no_sharing,434.5883,57.008,51.666,50.5184,0.0019,0.5244,2.4254,0.0,5.3421,1778784013020978683
nyudepth__app2,no_sharing,434.8463,57.3893,52.5028,51.228,0.0019,0.6332,2.0068,0.0,4.8865,1778784013278458049
nyudepth__app2,no_sharing,435.2238,58.3248,52.9984,51.8232,0.0023,0.5435,2.429,0.0,5.3264,1778784013656482926
nyudepth__app2,no_sharing,436.0723,57.869,52.6683,51.5501,0.002,0.506,2.2945,0.0,5.2007,1778784014504792328
nyudepth__app2,no_sharing,437.8771,57.2033,52.0233,51.0807,0.0017,0.4774,2.3143,0.0,5.18,1778784016309651879
nyudepth__app2,no_sharing,438.5142,57.9677,53.023,51.4473,0.0022,0.9827,2.1231,0.0,4.9447,1778784016946548094
nyudepth__app2,no_sharing,439.469,68.433,63.2692,62.0217,0.0017,0.6043,2.2311,0.0,5.1638,1778784017901500863
nyudepth__app2,no_sharing,439.4784,124.8174,63.2267,61.5831,0.0015,1.2101,59.0439,0.0,61.5906,1778784017967657326
nyudepth__app2,no_sharing,440.3603,77.883,72.6576,69.4775,0.0021,2.5762,2.5544,0.0,5.2254,1778784018793093219
nyudepth__app2,no_sharing,441.0543,59.4428,53.2294,51.3774,0.0021,1.3223,2.1591,0.0,6.2134,1778784019486611012
nyudepth__app2,no_sharing,441.2526,57.7819,51.4904,50.4307,0.0022,0.5019,2.7094,0.0,6.2915,1778784019685539272
nyudepth__app2,no_sharing,443.3247,59.1848,53.0788,51.3067,0.0018,1.1675,2.0432,0.0,6.106,1778784021756915511
nyudepth__app2,no_sharing,443.7987,57.9076,51.6099,50.6035,0.0021,0.5027,2.7239,0.0,6.2977,1778784022231683202
nyudepth__app2,no_sharing,444.3741,56.1655,50.9665,48.2238,0.0016,2.2288,1.972,0.0,5.1989,1778784022806222359
nyudepth__app2,no_sharing,444.4028,93.6832,62.3121,60.8333,0.0021,0.4974,27.3788,0.0,31.3711,1778784022860423587
nyudepth__app2,no_sharing,445.7203,60.5657,54.4602,53.3716,0.002,0.5698,1.9009,0.0,6.1056,1778784024152404783
nyudepth__app2,no_sharing,445.7648,101.7282,82.7572,79.6602,0.002,2.5146,16.1355,0.0,18.971,1778784024211149694
nyudepth__app2,no_sharing,446.3606,55.8665,50.7667,49.6738,0.002,0.5072,2.3134,0.0,5.0997,1778784024793146744
nyudepth__app2,no_sharing,446.8902,117.5215,111.0097,104.4015,0.0018,6.0362,2.492,0.0,6.5118,1778784025322879268
nyudepth__app2,no_sharing,446.9657,140.5652,96.0606,94.1473,0.0016,1.3609,41.8398,0.0,44.5046,1778784025437766013
nyudepth__app2,no_sharing,447.1368,67.6808,58.683,57.6713,0.0024,0.504,4.7791,0.0,8.9979,1778784025571851916
nyudepth__app2,no_sharing,447.2387,60.2438,54.3892,52.2924,0.0021,1.4923,1.8775,0.0,5.8547,1778784025670803344
nyudepth__app2,no_sharing,447.2512,113.6718,62.295,60.9525,0.0018,0.8261,47.5454,0.0,51.3768,1778784025729005832
nyudepth__app2,no_sharing,447.3609,85.8891,77.3677,72.7831,0.0022,4.0051,4.6456,0.0,8.5214,1778784025795770430
nyudepth__app2,no_sharing,447.3762,162.2899,88.9142,85.1742,0.0022,3.2235,70.5907,0.0,73.3757,1778784025877015267
nyudepth__app2,no_sharing,447.5161,115.6311,89.939,85.9215,0.0028,3.3023,22.5153,0.0,25.6922,1778784025968741323
nyudepth__app2,no_sharing,447.8875,57.2419,52.0086,50.9432,0.0021,0.5833,2.373,0.0,5.2333,1778784026320183141
nyudepth__app2,no_sharing,448.4987,59.4089,54.733,52.406,0.0018,1.5897,1.9205,0.0,4.6759,1778784026930841151
nyudepth__app2,no_sharing,448.9845,76.9138,71.7523,68.6067,0.0019,2.5945,2.4092,0.0,5.1615,1778784027417164873
nyudepth__app2,no_sharing,449.0218,118.0954,74.049,72.9813,0.0017,0.5116,39.5334,0.0,44.0464,1778784027491581828
nyudepth__app2,no_sharing,450.012,59.7003,52.0801,51.0823,0.0018,0.4998,3.2661,0.0,7.6201,1778784028445502149
nyudepth__app2,no_sharing,450.5094,59.0789,52.9821,50.7678,0.002,1.5719,2.1129,0.0,6.0968,1778784028941739299
nyudepth__app2,no_sharing,450.5094,125.9439,64.4286,62.0512,0.0017,1.8888,58.7811,0.0,61.5153,1778784028998514767
nyudepth__app2,no_sharing,450.6638,59.8967,53.3195,52.2754,0.0017,0.5018,3.9527,0.0,6.5773,1778784029097941816
nyudepth__app2,no_sharing,451.347,58.0189,53.2599,51.4601,0.0019,0.7457,1.9274,0.0,4.759,1778784029779105117
nyudepth__app2,no_sharing,451.5948,57.9178,51.9224,50.8704,0.0022,0.5205,2.4357,0.0,5.9954,1778784030027437776
nyudepth__app2,no_sharing,451.8337,58.5699,52.5272,51.212,0.0019,0.7273,2.0056,0.0,6.0427,1778784030265906648
nyudepth__app2,no_sharing,451.9199,99.5531,93.7359,91.3455,0.0023,1.765,3.1185,0.0,5.8172,1778784030353257602
nyudepth__app2,no_sharing,452.5858,59.0181,54.1145,51.8895,0.0022,1.6177,1.7807,0.0,4.9036,1778784031017710817
nyudepth__app2,no_sharing,453.6373,68.8148,62.4732,61.4036,0.0023,0.5384,3.4037,0.0,6.3416,1778784032070905148
nyudepth__app2,no_sharing,453.9994,56.4654,51.2524,48.3755,0.0021,2.2718,2.0132,0.0,5.213,1778784032431619875
nyudepth__app2,no_sharing,454.4774,90.379,84.6178,82.99,0.0018,1.0865,2.84,0.0,5.7612,1778784032910478692
nyudepth__app2,no_sharing,454.65,58.8396,54.0657,51.9661,0.0016,1.5079,2.0771,0.0,4.7739,1778784033082298578
nyudepth__app2,no_sharing,455.1388,78.5706,73.3918,72.3636,0.0018,0.5347,2.5775,0.0,5.1788,1778784033571574375
nyudepth__app2,no_sharing,455.2032,80.2853,63.3438,61.8195,0.0016,1.1063,14.1077,0.0,16.9415,1778784033647508087
nyudepth__app2,no_sharing,456.8751,58.6135,52.4184,51.3742,0.0023,0.5361,3.547,0.0,6.1951,1778784035308878847
nyudepth__app2,no_sharing,457.5723,80.0481,75.0955,73.1229,0.0018,1.2963,2.0175,0.0,4.9526,1778784036004479138
nyudepth__app2,no_sharing,457.5957,122.2527,62.9382,60.9918,0.0023,1.3982,56.658,0.0,59.3145,1778784036082562968
nyudepth__app2,no_sharing,458.4765,59.689,55.2528,52.6341,0.0017,2.128,1.7545,0.0,4.4362,1778784036908460621
nyudepth__app2,no_sharing,458.4919,109.6368,63.0143,61.1342,0.002,1.3577,44.1134,0.0,46.6225,1778784036966250064
nyudepth__app2,no_sharing,458.6879,56.7832,51.3298,48.5093,0.0021,2.1727,2.6467,0.0,5.4534,1778784037120732734
nyudepth__app2,no_sharing,458.9322,56.89,51.6868,50.6245,0.0019,0.4827,2.4085,0.0,5.2033,1778784037364887923
nyudepth__app2,no_sharing,460.8817,75.9208,71.0886,67.4507,0.0024,3.0606,1.9844,0.0,4.8322,1778784039313889084
nyudepth__app2,no_sharing,461.1838,55.8312,50.597,48.4915,0.0019,1.6185,2.4607,0.0,5.2342,1778784039616452660
nyudepth__app2,no_sharing,461.6651,58.8319,53.8091,51.8489,0.0017,0.8249,1.8361,0.0,5.0229,1778784040097083151
nyudepth__app2,no_sharing,461.7416,61.6593,56.7289,55.6779,0.0018,0.5107,2.2559,0.0,4.9304,1778784040174087275
nyudepth__app2,no_sharing,461.8465,57.7521,53.0306,51.5832,0.0018,0.9119,1.8618,0.0,4.7215,1778784040278546876
nyudepth__app2,no_sharing,461.9531,58.5816,53.1894,51.9568,0.0022,0.6003,2.6815,0.0,5.3922,1778784040385984554
nyudepth__app2,no_sharing,462.0619,58.7204,54.0177,52.131,0.0018,1.2194,1.8308,0.0,4.7026,1778784040493907760
nyudepth__app2,no_sharing,462.5038,88.5355,82.3808,79.6404,0.0025,2.1017,2.4018,0.0,6.1547,1778784040936485100
nyudepth__app2,no_sharing,462.8383,58.6998,53.8364,51.9182,0.0017,1.2932,2.0027,0.0,4.8635,1778784041270466039
nyudepth__app2,no_sharing,463.9103,89.7052,83.5821,82.3301,0.0024,0.6125,2.7287,0.0,6.1232,1778784042343295764
nyudepth__app2,no_sharing,463.9969,68.9199,62.8158,61.5461,0.0023,0.6601,3.1886,0.0,6.1041,1778784042430347303
nyudepth__app2,no_sharing,464.4287,56.9789,50.7692,49.7036,0.002,0.5434,3.3283,0.0,6.2098,1778784042862268915
nyudepth__app2,no_sharing,464.5049,60.2181,55.3786,52.6184,0.0023,2.2314,1.9903,0.0,4.8395,1778784042937089956
nyudepth__app2,no_sharing,465.0692,57.6918,52.289,51.1812,0.0018,0.5299,2.4886,0.0,5.4028,1778784043501904325
nyudepth__app2,no_sharing,465.9728,56.0408,51.0974,48.3712,0.0022,2.1307,2.0044,0.0,4.9434,1778784044405015992
nyudepth__app2,no_sharing,466.1874,58.4233,53.209,52.1162,0.0021,0.5699,2.4207,0.0,5.2143,1778784044620084968
nyudepth__app2,no_sharing,466.2491,83.04,78.5966,73.4609,0.0027,4.5164,1.6441,0.0,4.4434,1778784044680888382
nyudepth__app2,no_sharing,466.7763,57.0991,51.9149,50.7831,0.0019,0.5407,2.5244,0.0,5.1842,1778784045209068170
nyudepth__app2,no_sharing,466.801,97.0557,61.3582,60.2344,0.0019,0.5496,32.47,0.0,35.6974,1778784045263651774
nyudepth__app2,no_sharing,467.1835,57.0781,50.2826,48.9281,0.0019,0.7171,3.8888,0.0,6.7955,1778784045617684231
nyudepth__app2,no_sharing,467.2156,158.3109,129.501,126.1202,0.002,1.3576,24.9364,0.0,28.8099,1778784045670749019
nyudepth__app2,no_sharing,467.2214,156.2843,129.501,126.1202,0.002,1.3576,19.1061,0.0,26.7833,1778784045670749019
nyudepth__app2,no_sharing,468.1513,112.6494,107.7026,106.0287,0.0025,0.9563,2.1613,0.0,4.9468,1778784046583604003
nyudepth__app2,no_sharing,468.2078,118.1581,59.4138,57.1626,0.0019,1.0293,55.8796,0.0,58.7443,1778784046694008419
nyudepth__app2,no_sharing,468.7088,57.4198,52.5747,51.3604,0.0022,0.5703,1.9457,0.0,4.8451,1778784047140977276
nyudepth__app2,no_sharing,469.0652,58.1982,52.9484,51.721,0.0019,0.5995,2.3956,0.0,5.2498,1778784047497878158
nyudepth__app2,no_sharing,469.1527,60.3452,55.6973,54.5823,0.0021,0.5441,1.8585,0.0,4.6478,1778784047584746387
nyudepth__app2,no_sharing,469.6727,65.5472,59.5059,58.3493,0.0018,0.541,3.1636,0.0,6.0413,1778784048106076950
nyudepth__app2,no_sharing,469.9906,55.8634,50.967,48.247,0.0016,2.2118,2.0063,0.0,4.8963,1778784048422807995
nyudepth__app2,no_sharing,470.4455,59.5639,54.4027,53.3034,0.0017,0.5015,2.363,0.0,5.1612,1778784048878130201
nyudepth__app2,no_sharing,471.8069,57.5795,52.721,51.6163,0.002,0.5859,2.0247,0.0,4.8585,1778784050239128720
nyudepth__app2,no_sharing,472.3437,57.1363,52.1235,51.0275,0.0018,0.503,2.413,0.0,5.0128,1778784050776402198
nyudepth__app2,no_sharing,472.6969,58.3529,53.7501,52.6158,0.0021,0.5136,1.6732,0.0,4.6028,1778784051128697560
nyudepth__app2,no_sharing,472.8054,58.8055,53.6688,52.6137,0.0019,0.4858,2.2767,0.0,5.1367,1778784051237938322
nyudepth__app2,no_sharing,472.817,112.1895,62.442,61.3435,0.002,0.6375,47.0161,0.0,49.7475,1778784051294192309
nyudepth__app2,no_sharing,473.2138,56.1681,50.001,48.9411,0.0018,0.4987,3.1483,0.0,6.167,1778784051647169818
nyudepth__app2,no_sharing,473.2181,139.6444,85.3069,80.2626,0.0019,4.5219,51.6589,0.0,54.3375,1778784051699926493
nyudepth__app2,no_sharing,473.4227,93.6015,85.2977,83.6892,0.0022,0.7614,5.6908,0.0,8.3038,1778784051858697613
nyudepth__app2,no_sharing,473.5666,58.852,54.1009,52.2265,0.0019,1.2473,1.9376,0.0,4.7511,1778784051998772068
nyudepth__app2,no_sharing,474.6081,58.2287,53.1373,52.0704,0.0017,0.4889,2.2371,0.0,5.0914,1778784053040607132
nyudepth__app2,no_sharing,474.7978,86.9834,82.7438,81.7251,0.002,0.4948,1.6677,0.0,4.2396,1778784053229629817
nyudepth__app2,no_sharing,475.7539,89.5858,84.0909,82.6907,0.0018,0.7612,2.4447,0.0,5.4948,1778784054186590488
nyudepth__app2,no_sharing,475.7983,187.6328,139.9091,138.7236,0.002,0.2945,44.8804,0.0,47.7237,1778784054273384896
nyudepth__app2,no_sharing,475.8121,176.1937,139.9091,138.7236,0.002,0.2945,31.0018,0.0,36.2846,1778784054273384896
nyudepth__app2,no_sharing,476.0436,90.3847,83.6342,78.5803,0.0024,3.7634,2.5864,0.0,6.7505,1778784054476397388
nyudepth__app2,no_sharing,476.495,83.2884,76.9417,73.808,0.0019,2.5763,2.3727,0.0,6.3467,1778784054927578910
nyudepth__app2,no_sharing,476.7728,56.4339,51.7809,49.0006,0.0019,2.2735,1.8122,0.0,4.653,1778784055204775394
nyudepth__app2,no_sharing,477.1358,58.5322,53.2183,52.2489,0.002,0.4869,2.4805,0.0,5.314,1778784055568502725
nyudepth__app2,no_sharing,481.0935,71.5551,66.5975,64.7537,0.0021,1.2196,2.0447,0.0,4.9576,1778784059525724076
nyudepth__app2,no_sharing,481.2386,57.4889,52.4316,51.4786,0.0021,0.4769,2.275,0.0,5.0574,1778784059671164084
nyudepth__app2,no_sharing,481.3694,56.0012,51.5187,48.784,0.002,2.2519,1.7517,0.0,4.4825,1778784059801340152
nyudepth__app2,no_sharing,481.5832,73.873,68.6179,67.0381,0.0021,1.0123,2.5449,0.0,5.2552,1778784060015977710
nyudepth__app2,no_sharing,481.74,57.0006,52.2933,51.2251,0.0017,0.4919,1.9236,0.0,4.7074,1778784060172142025
nyudepth__app2,no_sharing,481.8039,89.9522,85.1086,81.9643,0.0018,2.6331,2.172,0.0,4.8436,1778784060236242613
nyudepth__app2,no_sharing,482.0616,56.6099,52.069,49.2729,0.0018,2.1921,1.72,0.0,4.5409,1778784060493520617
nyudepth__app2,no_sharing,482.644,57.1404,51.9586,50.8807,0.002,0.4926,2.5227,0.0,5.1818,1778784061076720659
nyudepth__app2,no_sharing,483.2643,57.256,52.398,51.1216,0.0017,0.6679,1.981,0.0,4.8579,1778784061696431648
nyudepth__app2,no_sharing,483.4374,57.9689,52.7508,51.7059,0.002,0.538,2.3677,0.0,5.2181,1778784061870000060
nyudepth__app2,no_sharing,484.8364,57.4076,52.5632,51.181,0.0017,0.7956,2.0537,0.0,4.8444,1778784063268614369
nyudepth__app2,no_sharing,485.5325,102.5543,96.5947,93.4492,0.0023,2.609,3.2914,0.0,5.9596,1778784063965968799
nyudepth__app2,no_sharing,485.5568,151.2225,69.8893,68.9012,0.0014,0.4772,78.2034,0.0,81.3331,1778784064065236774
nyudepth__app2,no_sharing,485.8409,56.9685,50.764,49.7727,0.002,0.5189,3.3524,0.0,6.2044,1778784064274524577
nyudepth__app2,no_sharing,485.9151,63.7066,59.1149,56.8237,0.0017,1.734,1.7319,0.0,4.5917,1778784064347041258
nyudepth__app2,no_sharing,487.5701,82.3495,77.2105,73.9823,0.002,2.6464,2.4045,0.0,5.1391,1778784066002705742
nyudepth__app2,no_sharing,487.6881,67.6842,63.0661,61.4858,0.0017,1.0969,1.8754,0.0,4.618,1778784066120128012
nyudepth__app2,no_sharing,487.7195,100.9676,62.228,60.8938,0.0021,0.8118,36.0382,0.0,38.7396,1778784066185760442
nyudepth__app2,no_sharing,487.8357,60.8671,55.2808,54.3574,0.0016,0.4823,2.8117,0.0,5.5863,1778784066268666625
nyudepth__app2,no_sharing,488.6726,56.7365,51.3929,50.4649,0.0015,0.4636,2.5036,0.0,5.3436,1778784067105319955
nyudepth__app2,no_sharing,489.8066,64.1732,59.2974,57.0616,0.0019,1.7226,2.0084,0.0,4.8758,1778784068238812402
nyudepth__app2,no_sharing,490.251,58.0852,52.7878,51.6896,0.0018,0.4919,2.4638,0.0,5.2974,1778784068683720476
nyudepth__app2,no_sharing,490.2625,112.4775,63.2155,62.1916,0.0015,0.4735,46.5736,0.0,49.2621,1778784068739242451
nyudepth__app2,no_sharing,490.3644,74.935,61.9722,60.9332,0.002,0.5438,10.2072,0.0,12.9628,1778784068804905645
nyudepth__app2,no_sharing,491.5941,76.5526,70.8335,68.3549,0.0018,1.8115,2.7704,0.0,5.7191,1778784070027021869
nyudepth__app2,no_sharing,492.571,55.9487,50.4106,49.13,0.0021,0.7945,2.5094,0.0,5.5381,1778784071003756271
nyudepth__app2,no_sharing,492.8887,56.3722,51.0223,48.2469,0.0019,2.204,1.9414,0.0,5.3498,1778784071320819321
nyudepth__app2,no_sharing,495.3271,57.9093,52.6497,51.5755,0.0022,0.4956,2.4753,0.0,5.2595,1778784073759818958
nyudepth__app2,no_sharing,495.3606,95.2044,68.3137,65.0679,0.0023,2.4357,24.2393,0.0,26.8907,1778784073815082884
nyudepth__app2,no_sharing,496.4055,58.0871,52.8023,51.7379,0.0018,0.4989,2.4469,0.0,5.2848,1778784074838177272
nyudepth__app2,no_sharing,496.9704,58.2197,53.49,51.6535,0.002,1.2499,1.8449,0.0,4.7297,1778784075402399481
nyudepth__app2,no_sharing,498.4815,59.9046,54.7799,53.6113,0.0018,0.561,2.3003,0.0,5.1247,1778784076914072452
nyudepth__app2,no_sharing,498.908,90.3869,84.2702,82.8293,0.002,0.816,2.2624,0.0,6.1167,1778784077340455513
nyudepth__app2,no_sharing,499.1626,64.2271,58.3422,57.2104,0.0019,0.5612,2.4295,0.0,5.8849,1778784077595272545
nyudepth__app2,no_sharing,499.2251,67.2989,62.7089,61.395,0.0018,0.7066,1.7073,0.0,4.59,1778784077656984765
nyudepth__app2,no_sharing,499.6786,59.2608,54.017,52.049,0.0019,1.3939,2.357,0.0,5.2439,1778784078111242752
nyudepth__app2,no_sharing,500.393,58.4469,53.4263,51.2784,0.0016,1.4579,2.2328,0.0,5.0206,1778784078825456224
nyudepth__app2,no_sharing,500.445,73.6377,63.9589,62.9414,0.0016,0.5641,6.4702,0.0,9.6788,1778784078881728814
nyudepth__app2,no_sharing,500.9556,57.3208,52.7129,50.1849,0.002,1.9291,1.8804,0.0,4.6079,1778784079387605605
nyudepth__app2,no_sharing,500.9991,79.2487,62.8453,61.1961,0.0018,1.0895,13.5617,0.0,16.4034,1778784079442867883
nyudepth__app2,no_sharing,502.0238,57.7426,52.874,51.4208,0.0023,0.8314,2.043,0.0,4.8686,1778784080456005003
nyudepth__app2,no_sharing,502.5276,79.2551,73.4606,72.3051,0.0025,0.5498,3.1629,0.0,5.7945,1778784080960982428
nyudepth__app2,no_sharing,503.2364,58.4624,53.9264,52.8806,0.0018,0.4966,1.6975,0.0,4.536,1778784081668225394
nyudepth__app2,no_sharing,504.6338,56.6885,51.5457,50.5487,0.0019,0.518,2.4433,0.0,5.1428,1778784083066494503
nyudepth__app2,no_sharing,504.8679,57.2748,52.6518,51.2117,0.002,0.8764,1.8172,0.0,4.623,1778784083299887322
nyudepth__app2,no_sharing,505.4693,57.4675,52.2397,51.1197,0.0023,0.5829,2.4607,0.0,5.2278,1778784083901978830
nyudepth__app2,no_sharing,505.9034,55.47,50.7009,48.058,0.0018,2.1345,1.9684,0.0,4.7691,1778784084335510369
nyudepth__app2,no_sharing,506.2519,82.7422,77.5746,72.1824,0.0023,4.8855,2.5065,0.0,5.1676,1778784084684624971
nyudepth__app2,no_sharing,506.9497,62.6049,57.8896,52.8801,0.0019,4.4762,1.8721,0.0,4.7153,1778784085381799580
nyudepth__app2,no_sharing,507.5583,59.1331,54.2421,53.2698,0.0018,0.4908,2.1703,0.0,4.891,1778784085990732563
nyudepth__app2,no_sharing,508.357,87.467,82.7205,77.5044,0.0021,4.5995,1.8914,0.0,4.7464,1778784086789079209
nyudepth__app2,no_sharing,508.798,59.4585,52.8068,51.7125,0.0021,0.5178,4.0147,0.0,6.6517,1778784087232276283
nyudepth__app2,no_sharing,510.2591,55.0852,50.3484,47.9819,0.0015,1.809,1.9696,0.0,4.7367,1778784088691250941
nyudepth__app2,no_sharing,510.409,57.9016,52.9426,51.9104,0.0021,0.4855,2.2035,0.0,4.959,1778784088841479839
nyudepth__app2,no_sharing,510.7243,102.0162,96.4964,89.766,0.002,6.1535,2.6317,0.0,5.5198,1778784089157131226
nyudepth__app2,no_sharing,510.9543,59.1471,53.1667,51.6604,0.002,0.5039,3.304,0.0,5.9804,1778784089387877081
nyudepth__app2,no_sharing,511.6794,58.919,54.027,52.6546,0.002,0.7982,1.9624,0.0,4.8919,1778784090111496598
nyudepth__app2,no_sharing,511.7061,98.3539,63.5224,61.7928,0.0025,1.2252,31.9293,0.0,34.8314,1778784090168223163
nyudepth__app2,no_sharing,512.3797,55.0206,50.4091,47.8989,0.0021,2.013,1.8921,0.0,4.6115,1778784090811816503
nyudepth__app2,no_sharing,512.4193,80.8821,62.7679,61.0195,0.002,1.1872,15.3,0.0,18.1142,1778784090864846533
nyudepth__app2,no_sharing,512.9077,85.5093,80.688,75.8689,0.0023,4.2436,2.1169,0.0,4.8213,1778784091340004728
nyudepth__app2,no_sharing,513.5198,58.1114,52.785,51.7379,0.0018,0.536,2.3623,0.0,5.3264,1778784091952414591
nyudepth__app2,no_sharing,513.7636,57.7605,52.8228,51.3395,0.0019,0.9424,2.0258,0.0,4.9377,1778784092195850472
nyudepth__app2,no_sharing,513.9875,57.9269,52.5143,51.4323,0.0019,0.5131,2.4805,0.0,5.4126,1778784092420174272
nyudepth__app2,no_sharing,514.8948,55.5563,50.7053,48.0993,0.0023,2.0505,1.9853,0.0,4.851,1778784093327021718
nyudepth__app2,no_sharing,515.1985,95.4986,90.4354,84.9213,0.0017,5.0027,2.4247,0.0,5.0632,1778784093631151387
nyudepth__app2,no_sharing,515.4717,72.9542,68.4328,65.402,0.0023,2.4482,1.6587,0.0,4.5214,1778784093903569989
nyudepth__app2,no_sharing,515.7203,56.9005,51.5634,50.5055,0.0024,0.5291,2.614,0.0,5.3371,1778784094153166431
nyudepth__app2,no_sharing,516.1169,56.2017,51.2442,48.4387,0.0017,2.2185,2.1648,0.0,4.9575,1778784094549270376
nyudepth__app2,no_sharing,516.4499,57.2987,52.2368,51.2011,0.0016,0.4839,2.3293,0.0,5.0619,1778784094882510228
nyudepth__app2,no_sharing,516.5675,56.2372,51.6617,48.9534,0.0021,2.1872,1.739,0.0,4.5755,1778784094999399826
nyudepth__app2,no_sharing,516.9061,57.9734,52.6604,51.4782,0.0024,0.5507,2.3968,0.0,5.313,1778784095338755881
nyudepth__app2,no_sharing,517.4284,77.512,71.5018,67.6427,0.0018,3.3004,2.0254,0.0,6.0102,1778784095860584046
nyudepth__app2,no_sharing,517.4823,124.6428,97.9182,94.6874,0.0024,2.4901,23.4628,0.0,26.7247,1778784095936061030
nyudepth__app2,no_sharing,517.9088,57.848,52.8539,51.6644,0.0018,0.5423,1.9636,0.0,4.9941,1778784096340918454
nyudepth__app2,no_sharing,518.6581,58.3091,53.0393,51.3897,0.0019,0.5723,2.538,0.0,5.2698,1778784097090940827
nyudepth__app2,no_sharing,519.1254,56.2217,51.4107,48.6259,0.0018,2.1616,1.9403,0.0,4.8111,1778784097557568607
nyudepth__app2,no_sharing,520.3469,85.1514,79.8147,76.6538,0.002,2.6306,2.6274,0.0,5.3367,1778784098779761898
nyudepth__app2,no_sharing,522.0967,57.6603,52.598,51.1443,0.0018,0.8654,2.1038,0.0,5.0623,1778784100529025183
nyudepth__app2,no_sharing,522.2432,58.2449,53.0831,51.9792,0.0017,0.5163,2.3477,0.0,5.1619,1778784100675744761
nyudepth__app2,no_sharing,522.3647,91.1832,86.4063,83.6551,0.0025,2.1102,1.8606,0.0,4.7769,1778784100796742545
nyudepth__app2,no_sharing,522.5458,57.1644,51.9431,50.907,0.0023,0.5151,2.3348,0.0,5.2214,1778784100978418720
nyudepth__app2,no_sharing,523.4426,71.8212,66.9233,63.0157,0.002,3.3371,1.9679,0.0,4.8979,1778784101874765751
nyudepth__app2,no_sharing,523.9042,56.2117,49.2714,48.1505,0.002,0.5134,4.1301,0.0,6.9403,1778784102338541827
nyudepth__app2,no_sharing,524.1168,79.2341,74.3151,69.9366,0.002,3.8446,1.9114,0.0,4.919,1778784102548868181
nyudepth__app2,no_sharing,524.4163,57.0385,51.7128,50.6889,0.0017,0.478,2.4865,0.0,5.3257,1778784102849035000
nyudepth__app2,no_sharing,524.5837,65.0625,60.1054,56.4793,0.0019,3.1095,2.0518,0.0,4.9571,1778784103015942039
nyudepth__app2,no_sharing,524.6644,72.0556,67.2532,66.2116,0.0017,0.4994,2.142,0.0,4.8024,1778784103096722204
nyudepth__app2,no_sharing,524.802,59.2625,54.6209,52.3908,0.0023,1.6142,1.7118,0.0,4.6416,1778784103233872281
nyudepth__app2,no_sharing,524.9917,58.336,53.3374,52.2754,0.002,0.5312,2.2166,0.0,4.9986,1778784103424141999
nyudepth__app2,no_sharing,525.3415,81.0423,74.9975,70.1969,0.002,4.1566,1.9512,0.0,6.0448,1778784103773685995
nyudepth__app2,no_sharing,525.9885,58.0835,52.7123,51.6425,0.0022,0.5014,2.4478,0.0,5.3713,1778784104421167758
nyudepth__app2,no_sharing,526.3234,57.9209,53.0966,51.842,0.0017,0.5808,2.0688,0.0,4.8243,1778784104755674999
nyudepth__app2,no_sharing,526.3234,125.493,65.0816,62.3535,0.0016,2.2376,57.7364,0.0,60.4115,1778784104811439009
nyudepth__app2,no_sharing,526.4274,95.8855,71.7593,68.0129,0.0019,3.2627,21.4164,0.0,24.1262,1778784104879068537
nyudepth__app2,no_sharing,526.9309,56.9675,51.3542,48.6233,0.0018,1.6567,2.7506,0.0,5.6133,1778784105363860481
nyudepth__app2,no_sharing,527.2329,57.7784,52.5233,51.2713,0.002,0.6548,2.3444,0.0,5.255,1778784105665437539
nyudepth__app2,no_sharing,527.4004,77.8615,72.6296,68.1509,0.0022,3.9178,2.1358,0.0,5.232,1778784105832740679
nyudepth__app2,no_sharing,527.9044,57.7466,52.2739,51.2193,0.002,0.4857,2.666,0.0,5.4727,1778784106337335401
nyudepth__app2,no_sharing,528.1906,56.5186,51.2158,48.4718,0.0018,2.2302,1.9531,0.0,5.3028,1778784106622795921
nyudepth__app2,no_sharing,529.1383,57.8182,52.1084,50.8551,0.0017,0.6238,2.6755,0.0,5.7098,1778784107571197754
nyudepth__app2,no_sharing,531.1409,69.2225,64.0716,60.6532,0.003,2.8414,2.0468,0.0,5.1509,1778784109573130257
nyudepth__app2,no_sharing,532.3165,57.8592,52.5637,51.4896,0.0018,0.4884,2.4388,0.0,5.2955,1778784110749160541
nyudepth__app2,no_sharing,532.4396,57.9731,52.8757,51.481,0.0022,0.7657,1.8966,0.0,5.0974,1778784110871721648
nyudepth__app2,no_sharing,532.6355,58.6793,52.9451,51.8819,0.002,0.5579,2.6326,0.0,5.7342,1778784111068367874
nyudepth__app2,no_sharing,532.7987,57.5144,52.1962,50.9491,0.0021,0.6558,2.1975,0.0,5.3183,1778784111231110231
nyudepth__app2,no_sharing,533.5267,88.331,83.0019,81.8263,0.0019,0.5525,2.4638,0.0,5.3291,1778784111959396512
nyudepth__app2,no_sharing,534.8144,56.3459,51.0987,48.3409,0.0018,2.258,1.7791,0.0,5.2472,1778784113246314570
nyudepth__app2,no_sharing,534.9958,90.9851,83.4631,81.8461,0.0021,0.9869,3.6728,0.0,7.5219,1778784113429732970
nyudepth__app2,no_sharing,535.0842,68.5594,63.4309,61.203,0.0016,1.6863,2.1665,0.0,5.1285,1778784113516622132
nyudepth__app2,no_sharing,535.185,59.7005,52.7028,51.7938,0.0019,0.4825,4.0674,0.0,6.9977,1778784113619303549
nyudepth__app2,no_sharing,535.6619,56.6986,50.4343,48.074,0.0022,1.8647,1.9188,0.0,6.2642,1778784114094038579
nyudepth__app2,no_sharing,536.1308,57.4541,52.2181,51.1445,0.0019,0.4914,2.4128,0.0,5.236,1778784114563463038
nyudepth__app2,no_sharing,536.3527,56.946,51.927,50.908,0.0015,0.462,1.9565,0.0,5.0191,1778784114784808887
nyudepth__app2,no_sharing,537.5432,60.2565,55.126,54.0656,0.002,0.4743,2.3651,0.0,5.1305,1778784115975763358
nyudepth__app2,no_sharing,537.9929,57.9047,53.0161,51.1968,0.002,0.7855,1.9217,0.0,4.8887,1778784116424985539
nyudepth__app2,no_sharing,538.1331,57.7481,52.5642,51.4917,0.002,0.4755,2.4109,0.0,5.1839,1778784116565760299
nyudepth__app2,no_sharing,538.3783,86.565,80.6252,75.8228,0.0017,4.3105,1.9727,0.0,5.9399,1778784116810417828
nyudepth__app2,no_sharing,540.305,57.4057,52.1152,51.13,0.002,0.4923,2.3837,0.0,5.2905,1778784118737626743
nyudepth__app2,no_sharing,540.3736,83.132,77.5352,72.8351,0.0022,4.0431,1.6134,0.0,5.5968,1778784118805442487
nyudepth__app2,no_sharing,540.6336,62.4418,56.1936,53.1186,0.0167,2.551,2.3208,0.0,6.2482,1778784119066186280
nyudepth__app2,no_sharing,541.5452,55.7795,51.1818,48.3305,0.0014,2.2847,1.7633,0.0,4.5976,1778784119977138057
nyudepth__app2,no_sharing,541.9972,60.3881,55.3663,54.3315,0.0026,0.5316,2.1286,0.0,5.0218,1778784120429550562
nyudepth__app2,no_sharing,542.4221,58.656,54.0461,52.9233,0.0021,0.5784,1.7221,0.0,4.6098,1778784120853995908
nyudepth__app2,no_sharing,542.9406,55.6757,50.4446,48.4413,0.0016,1.441,2.377,0.0,5.2312,1778784121373193968
nyudepth__app2,no_sharing,543.9611,88.8593,82.7048,78.8357,0.0018,3.2375,2.4521,0.0,6.1545,1778784122393795321
nyudepth__app2,no_sharing,545.0856,77.24,70.8662,69.4957,0.002,0.8056,3.6588,0.0,6.3738,1778784123519490875
nyudepth__app2,no_sharing,545.4504,72.0181,66.0604,64.3545,0.002,0.992,2.9809,0.0,5.9577,1778784123883599134
nyudepth__app2,no_sharing,545.7095,58.2037,52.9076,51.4193,0.0021,0.9657,2.3515,0.0,5.2961,1778784124142104623
nyudepth__app2,no_sharing,546.5041,79.6933,75.0939,72.5729,0.0017,1.9525,1.8835,0.0,4.5994,1778784124936165652
nyudepth__app2,no_sharing,547.1356,68.1856,62.996,59.8594,0.0022,2.5938,2.3952,0.0,5.1896,1778784125568222958
nyudepth__app2,no_sharing,547.7855,91.8877,86.8526,82.2416,0.0024,3.9868,2.012,0.0,5.0351,1778784126217686152
nyudepth__app2,no_sharing,547.9295,60.8218,53.5241,52.4458,0.002,0.5133,4.5862,0.0,7.2977,1778784126364351037
nyudepth__app2,no_sharing,547.9822,71.9311,61.0777,59.7672,0.0017,0.8415,8.1146,0.0,10.8534,1778784126420494023
nyudepth__app2,no_sharing,548.64,56.4568,50.2623,49.1858,0.0017,0.4889,3.3102,0.0,6.1945,1778784127073500914
nyudepth__app2,no_sharing,549.0331,58.2194,53.2578,51.3112,0.0019,0.8239,1.9877,0.0,4.9616,1778784127465233553
nyudepth__app2,no_sharing,549.3946,82.9968,77.7145,74.5293,0.002,2.618,2.279,0.0,5.2823,1778784127827169428
nyudepth__app2,no_sharing,550.0026,69.6704,64.5508,60.7499,0.0019,3.1978,2.0614,0.0,5.1196,1778784128434894706
nyudepth__app2,no_sharing,551.1024,57.6148,52.0526,50.6384,0.0018,0.7715,2.4648,0.0,5.5622,1778784129535136839
nyudepth__app2,no_sharing,552.3122,58.0575,53.2078,51.8365,0.0016,0.7475,1.9536,0.0,4.8497,1778784130744378418
nyudepth__app2,no_sharing,553.6535,57.9646,53.0781,51.4917,0.0025,0.9354,2.013,0.0,4.8865,1778784132085695589
nyudepth__app2,no_sharing,554.027,89.37,83.9177,82.5794,0.002,0.7777,2.4772,0.0,5.4523,1778784132459691378
nyudepth__app2,no_sharing,555.1197,56.7081,51.8543,50.6387,0.002,0.4989,1.9889,0.0,4.8538,1778784133551873615
nyudepth__app2,no_sharing,556.3143,58.2943,53.1052,51.9731,0.0018,0.5744,2.3422,0.0,5.1891,1778784134746877655
nyudepth__app2,no_sharing,558.4952,84.8846,80.1839,75.2223,0.0018,4.3781,1.9681,0.0,4.7008,1778784136927352516
nyudepth__app2,no_sharing,558.8044,56.7956,51.3844,50.3523,0.0018,0.4753,2.5055,0.0,5.4112,1778784137237111257
nyudepth__app2,no_sharing,559.2061,57.6382,52.8414,51.4645,0.0021,0.7887,1.9295,0.0,4.7968,1778784137638262151
nyudepth__app2,no_sharing,562.3567,73.8416,68.6505,65.5259,0.002,2.6304,2.5294,0.0,5.1911,1778784140789445657
nyudepth__app2,no_sharing,562.6695,92.9022,88.3544,83.7486,0.0019,4.0056,1.8213,0.0,4.5478,1778784141101466808
nyudepth__app2,no_sharing,562.9977,56.6876,49.1422,48.1533,0.0021,0.4953,4.6947,0.0,7.5454,1778784141432621691
nyudepth__app2,no_sharing,563.3189,78.7451,73.9622,70.0409,0.0016,3.3484,1.9159,0.0,4.7829,1778784141750968842
nyudepth__app2,no_sharing,563.418,62.6471,57.6726,56.6402,0.0015,0.5007,2.2216,0.0,4.9745,1778784141850464545
nyudepth__app2,no_sharing,563.8553,57.1742,52.4232,51.4365,0.0017,0.5011,1.9741,0.0,4.751,1778784142287419776
nyudepth__app2,no_sharing,563.8769,100.6532,62.7316,60.9258,0.0019,1.2759,35.3062,0.0,37.9216,1778784142342450685
nyudepth__app2,no_sharing,563.9564,84.0125,60.1662,57.4407,0.0019,2.2165,21.0021,0.0,23.8463,1778784142407645053
nyudepth__app2,no_sharing,564.2225,58.0738,51.5143,49.8928,0.0022,0.5018,3.9127,0.0,6.5595,1778784142656690406
nyudepth__app2,no_sharing,564.2868,63.6947,59.3868,57.1225,0.0017,1.7404,1.585,0.0,4.3079,1778784142718592205
nyudepth__app2,no_sharing,565.5753,57.4696,52.1943,51.2042,0.0022,0.5084,2.3966,0.0,5.2753,1778784144007940238
nyudepth__app2,no_sharing,565.7763,76.5157,71.7125,67.7037,0.0018,3.4228,1.9636,0.0,4.8031,1778784144208438175
nyudepth__app2,no_sharing,565.8018,126.6928,73.2004,70.7209,0.0019,1.8594,50.715,0.0,53.4923,1778784144282821703
nyudepth__app2,no_sharing,565.951,60.4985,55.3172,54.2743,0.0016,0.4943,2.4614,0.0,5.1813,1778784144383669085
nyudepth__app2,no_sharing,565.9761,100.0335,62.0976,60.7723,0.002,0.8832,35.2778,0.0,37.936,1778784144441602199
nyudepth__app2,no_sharing,566.588,56.8063,52.0114,50.725,0.0023,0.5825,1.931,0.0,4.7949,1778784145020110733
nyudepth__app2,no_sharing,567.3202,56.7956,51.6038,50.57,0.0015,0.4647,2.3155,0.0,5.1918,1778784145752718726
nyudepth__app2,no_sharing,568.0441,88.8276,83.9882,82.5044,0.002,0.7633,2.0962,0.0,4.8395,1778784146476371684
nyudepth__app2,no_sharing,569.768,57.2793,51.8699,50.89,0.002,0.4813,2.5094,0.0,5.4094,1778784148200773655
nyudepth__app2,no_sharing,571.9067,57.3826,52.4586,51.2136,0.0021,0.6479,2.039,0.0,4.924,1778784150338962717
nyudepth__app2,no_sharing,572.8876,55.9881,50.79,49.5026,0.002,0.7195,2.3837,0.0,5.1981,1778784151320282977
nyudepth__app2,no_sharing,573.124,127.2936,122.5888,118.4674,0.0019,3.5215,1.8363,0.0,4.7048,1778784151555972776
nyudepth__app2,no_sharing,574.2933,63.463,57.0368,54.1688,0.0019,2.1733,3.7751,0.0,6.4262,1778784152727335200
nyudepth__app2,no_sharing,574.358,90.276,85.903,84.6225,0.0024,0.6796,1.6434,0.0,4.373,1778784152789827496
nyudepth__app2,no_sharing,575.8505,67.6069,61.1611,58.0187,0.0019,2.5527,2.5926,0.0,6.4459,1778784154283323926
nyudepth__app2,no_sharing,575.9403,111.156,105.3567,101.37,0.002,3.4443,1.8594,0.0,5.7993,1778784154372389861
nyudepth__app2,no_sharing,576.5707,72.4926,66.6807,63.4447,0.0022,2.6281,3.2756,0.0,5.8119,1778784155004196782
nyudepth__app2,no_sharing,576.6484,74.554,70.0998,69.0433,0.0015,0.4955,1.7951,0.0,4.4542,1778784155080365817
nyudepth__app2,no_sharing,577.2318,58.2173,53.1232,51.4158,0.0021,0.5459,2.4004,0.0,5.0941,1778784155664490382
nyudepth__app2,no_sharing,577.3684,57.9071,53.1841,51.7725,0.0024,0.9045,1.8959,0.0,4.723,1778784155800445000
nyudepth__app2,no_sharing,577.6854,56.5639,51.5979,50.5386,0.0018,0.4809,2.3429,0.0,4.966,1778784156117976618
nyudepth__app2,no_sharing,578.4534,57.2884,52.5091,51.4688,0.0018,0.5309,1.929,0.0,4.7794,1778784156885514241
nyudepth__app2,no_sharing,579.0363,59.339,53.9823,52.9912,0.0017,0.5127,2.4827,0.0,5.3568,1778784157469043735
nyudepth__app2,no_sharing,579.4172,55.326,50.5555,47.9005,0.0022,2.0569,1.961,0.0,4.7705,1778784157849363078
nyudepth__app2,no_sharing,579.9942,58.4002,53.0411,51.9868,0.0022,0.5035,2.4648,0.0,5.359,1778784158426929100
nyudepth__app2,no_sharing,580.168,57.8523,53.0098,51.447,0.002,0.9614,1.9119,0.0,4.8425,1778784158600083279
nyudepth__app2,no_sharing,580.4665,58.1372,52.9502,51.8945,0.0016,0.5018,2.3096,0.0,5.1869,1778784158899017559
nyudepth__app2,no_sharing,581.4558,55.9864,51.1932,48.3534,0.0022,2.2526,1.9686,0.0,4.7932,1778784159887985280
nyudepth__app2,no_sharing,582.6848,75.9926,70.9236,67.7848,0.0021,2.6301,2.373,0.0,5.069,1778784161117477961
nyudepth__app2,no_sharing,582.8222,58.2166,53.8792,52.8661,0.0015,0.481,1.6875,0.0,4.3374,1778784161254042566
nyudepth__app2,no_sharing,582.9887,57.3559,52.2161,51.2393,0.002,0.5017,2.2917,0.0,5.1398,1778784161421237012
nyudepth__app2,no_sharing,583.1404,58.1963,52.5713,51.3517,0.002,0.6476,1.8654,0.0,5.625,1778784161572412093
nyudepth__app2,no_sharing,583.196,71.207,65.0857,63.9381,0.0018,0.5716,3.0396,0.0,6.1214,1778784161629269908
nyudepth__app2,no_sharing,583.737,94.7349,89.4461,86.3753,0.0021,2.5182,2.589,0.0,5.2888,1778784162169734492
nyudepth__app2,no_sharing,584.0417,56.7219,49.7901,48.8125,0.002,0.4984,4.1406,0.0,6.9318,1778784162476085004
nyudepth__app2,no_sharing,584.052,113.1294,64.0512,62.0413,0.0019,1.5443,46.3946,0.0,49.0781,1778784162528531814
nyudepth__app2,no_sharing,584.2394,58.5556,51.8622,50.7303,0.0018,0.5012,3.9604,0.0,6.6934,1778784162673585764
nyudepth__app2,no_sharing,585.3656,57.9751,53.2101,51.5559,0.0016,1.0561,1.9917,0.0,4.765,1778784163797733640
nyudepth__app2,no_sharing,585.5566,58.2161,53.1643,51.5736,0.0017,0.4824,2.4288,0.0,5.0518,1778784163989257732
nyudepth__app2,no_sharing,585.8273,59.2771,52.7164,51.375,0.0018,0.763,2.0151,0.0,6.5607,1778784164259451302
nyudepth__app2,no_sharing,585.8849,69.1516,64.081,62.982,0.0018,0.5764,2.3909,0.0,5.0707,1778784164317566518
nyudepth__app2,no_sharing,586.2977,82.4018,77.3917,72.8342,0.002,3.966,2.085,0.0,5.01,1778784164729961331
nyudepth__app2,no_sharing,586.6081,58.1975,52.3449,50.8364,0.0023,0.9075,2.6853,0.0,5.8526,1778784165041063146
nyudepth__app2,no_sharing,588.0816,107.6384,102.0016,95.6612,0.0019,5.7309,2.5809,0.0,5.6368,1778784166514352553
nyudepth__app2,no_sharing,588.604,61.6093,55.3399,54.3452,0.0021,0.4921,3.6569,0.0,6.2694,1778784167037965137
nyudepth__app2,no_sharing,588.8568,56.2601,51.3068,48.4734,0.0023,2.2252,2.0497,0.0,4.9534,1778784167289045275
nyudepth__app2,no_sharing,589.0675,69.0196,62.4271,61.3258,0.0018,0.5201,3.8433,0.0,6.5924,1778784167501518087
nyudepth__app2,no_sharing,589.459,56.0322,51.2445,50.2179,0.0016,0.4619,2.017,0.0,4.7877,1778784167891211033
nyudepth__app2,no_sharing,590.0949,78.8713,72.4511,69.5845,0.0022,2.1863,2.4056,0.0,6.4201,1778784168527611562
nyudepth__app2,no_sharing,590.3993,59.9864,55.1279,52.7721,0.0026,1.7078,1.9691,0.0,4.8584,1778784168831492539
nyudepth__app2,no_sharing,591.0957,56.9017,51.5757,50.4632,0.0016,0.511,2.5442,0.0,5.326,1778784169528450340
nyudepth__app2,no_sharing,591.2899,57.6169,52.7493,51.3646,0.0018,0.763,2.0647,0.0,4.8677,1778784169722169653
nyudepth__app2,no_sharing,591.3106,103.0066,63.6143,61.1446,0.0021,1.8653,36.6428,0.0,39.3923,1778784169777528548
nyudepth__app2,no_sharing,591.4087,70.3392,62.6466,61.2965,0.0019,0.8008,4.9319,0.0,7.6926,1778784169843829545
nyudepth__app2,no_sharing,592.0234,56.6094,50.2815,49.1116,0.0021,0.5556,3.3815,0.0,6.3279,1778784170456981839
nyudepth__app2,no_sharing,592.8348,73.35,68.1917,64.892,0.002,2.7522,2.2674,0.0,5.1582,1778784171267225732
nyudepth__app2,no_sharing,592.8492,138.0515,76.7277,74.0758,0.0025,2.0303,58.6374,0.0,61.3238,1778784171338085187
nyudepth__app2,no_sharing,593.1743,57.0073,51.9862,50.5858,0.0018,0.725,2.152,0.0,5.0211,1778784171606625437
nyudepth__app2,no_sharing,593.5272,58.4984,53.1598,51.6197,0.0022,0.5047,2.3644,0.0,5.3386,1778784171959761892
nyudepth__app2,no_sharing,594.8439,57.1189,52.0187,50.9381,0.0019,0.5506,2.1799,0.0,5.1002,1778784173276221257
nyudepth__app2,no_sharing,595.8718,87.8243,82.5205,81.0455,0.0016,0.963,2.3384,0.0,5.3039,1778784174304391883
nyudepth__app2,no_sharing,597.1748,57.2479,52.1463,50.8446,0.0018,0.6909,2.192,0.0,5.1015,1778784175607162727
nyudepth__app2,no_sharing,597.3489,56.9835,51.6922,50.5687,0.0018,0.5394,2.3632,0.0,5.2913,1778784175781497982
nyudepth__app2,no_sharing,597.4912,57.2424,52.0816,50.7102,0.0021,0.7538,2.1977,0.0,5.1608,1778784175923576687
nyudepth__app2,no_sharing,598.0033,58.1353,52.8711,51.7699,0.0018,0.5206,2.387,0.0,5.2642,1778784176435941271
nyudepth__app2,no_sharing,598.0379,90.8754,64.59,62.285,0.0018,1.836,23.4721,0.0,26.2854,1778784176491547210
nyudepth__app2,no_sharing,598.488,56.7374,51.4606,50.4193,0.0017,0.5119,2.475,0.0,5.2769,1778784176920716748
nyudepth__app2,no_sharing,598.6606,86.8926,81.9656,77.0203,0.002,4.3878,2.0156,0.0,4.927,1778784177092843801
nyudepth__app2,no_sharing,599.268,69.5837,62.8976,61.6895,0.0022,0.5256,2.3198,0.0,6.6861,1778784177700579166
nyudepth__app2,no_sharing,599.4171,62.6638,56.3024,55.2985,0.002,0.5043,1.992,0.0,6.3614,1778784177849285310
nyudepth__app2,no_sharing,599.8792,59.9875,51.8008,50.6915,0.0017,0.5587,3.5925,0.0,8.1867,1778784178316736473
vocseg__app2,no_sharing,0.0001,131.4332,121.5905,119.9176,0.0041,0.8707,6.9158,0.0,9.8428,1778783578437345862
vocseg__app2,no_sharing,0.7127,34.409,29.7078,28.5876,0.003,0.5651,1.9646,0.0,4.7013,1778783579144879489
vocseg__app2,no_sharing,0.7893,33.8306,29.448,28.3293,0.0026,0.5934,1.6465,0.0,4.3826,1778783579221136177
vocseg__app2,no_sharing,1.3891,34.7996,30.085,29.0205,0.0037,0.5925,1.94,0.0,4.7146,1778783579821179358
vocseg__app2,no_sharing,1.6959,34.4179,29.8056,28.6474,0.0032,0.5877,1.8358,0.0,4.6123,1778783580127903895
vocseg__app2,no_sharing,2.4519,34.5008,29.911,28.7538,0.0031,0.5863,1.8084,0.0,4.5899,1778783580883891322
vocseg__app2,no_sharing,2.4886,33.4837,29.1924,28.1423,0.0025,0.5655,1.6565,0.0,4.2913,1778783580920382862
vocseg__app2,no_sharing,2.6834,34.5521,29.8755,28.7315,0.0029,0.601,1.8873,0.0,4.6766,1778783581115411798
vocseg__app2,no_sharing,3.6782,41.9521,37.2531,34.2792,0.0034,2.4268,1.9634,0.0,4.699,1778783582110292732
vocseg__app2,no_sharing,3.9346,47.4834,42.2568,41.1036,0.0028,0.6144,2.6469,0.0,5.2267,1778783582367453534
vocseg__app2,no_sharing,4.6054,34.8747,30.2716,29.1518,0.0023,0.5719,1.8761,0.0,4.6031,1778783583037426517
vocseg__app2,no_sharing,5.3364,68.8412,63.9566,62.6986,0.0032,0.6736,1.8198,0.0,4.8846,1778783583768335740
vocseg__app2,no_sharing,5.3443,95.2632,31.065,29.8874,0.0025,0.6258,61.1594,0.0,64.1982,1778783583835628770
vocseg__app2,no_sharing,5.691,34.9951,29.7012,28.5722,0.0023,0.5528,2.605,0.0,5.2938,1778783584123738132
vocseg__app2,no_sharing,6.0204,34.4398,29.7642,28.5864,0.0029,0.6186,1.9557,0.0,4.6756,1778783584452543150
vocseg__app2,no_sharing,6.0485,37.9784,29.1688,28.0946,0.0024,0.5811,6.2134,0.0,8.8096,1778783584484839756
vocseg__app2,no_sharing,6.2627,34.1787,29.658,28.5108,0.0024,0.5778,1.8268,0.0,4.5208,1778783584694740441
vocseg__app2,no_sharing,6.3571,33.0608,29.0613,27.9973,0.0025,0.5612,1.4865,0.0,3.9995,1778783584788744758
vocseg__app2,no_sharing,6.4504,34.2355,29.7794,28.6732,0.0024,0.5719,1.7724,0.0,4.4561,1778783584882294797
vocseg__app2,no_sharing,6.6127,56.3381,51.0866,49.8166,0.0027,0.6805,2.6462,0.0,5.2514,1778783585045546255
vocseg__app2,no_sharing,7.6215,35.4629,30.8644,29.7048,0.0024,0.5781,1.9643,0.0,4.5985,1778783586053611837
vocseg__app2,no_sharing,7.6275,61.074,29.2312,28.2369,0.0017,0.5446,29.3758,0.0,31.8428,1778783586086996191
vocseg__app2,no_sharing,7.7327,33.1159,28.9898,27.9804,0.0021,0.5407,1.5562,0.0,4.1261,1778783586164413566
vocseg__app2,no_sharing,7.8741,52.9106,48.2741,45.2745,0.0029,2.4134,1.9011,0.0,4.6365,1778783586306141804
vocseg__app2,no_sharing,8.4391,91.975,86.8395,84.3307,0.004,1.8047,1.9333,0.0,5.1355,1778783586871218859
vocseg__app2,no_sharing,8.7036,34.3952,29.683,28.522,0.0028,0.584,1.9081,0.0,4.7122,1778783587135742963
vocseg__app2,no_sharing,8.8031,33.6971,29.4089,28.3121,0.0027,0.5815,1.6375,0.0,4.2883,1778783587234918042
vocseg__app2,no_sharing,8.893,33.6912,29.4511,28.3376,0.0025,0.5928,1.5659,0.0,4.24,1778783587324715122
vocseg__app2,no_sharing,9.2219,34.3215,29.6489,28.5562,0.0028,0.5635,1.9317,0.0,4.6726,1778783587654020385
vocseg__app2,no_sharing,10.0281,35.0623,30.2589,28.6031,0.0033,0.6028,1.971,0.0,4.8034,1778783588460232479
vocseg__app2,no_sharing,10.2795,51.8,47.1112,44.1015,0.0028,2.4014,1.91,0.0,4.6888,1778783588711614502
vocseg__app2,no_sharing,10.6524,34.4489,29.7246,28.5542,0.0031,0.6082,1.9331,0.0,4.7243,1778783589084490428
vocseg__app2,no_sharing,11.1755,48.6445,44.0615,38.829,0.0029,4.6821,1.771,0.0,4.5831,1778783589607402962
vocseg__app2,no_sharing,11.5604,35.5659,30.9316,29.725,0.0029,0.6207,1.8473,0.0,4.6343,1778783589992431019
vocseg__app2,no_sharing,11.5765,51.8942,29.7195,28.5727,0.0027,0.6382,19.4349,0.0,22.1747,1778783590026098238
vocseg__app2,no_sharing,12.1782,35.2888,30.7609,29.5672,0.0025,0.628,1.8194,0.0,4.5279,1778783590610222384
vocseg__app2,no_sharing,12.5058,34.4694,29.8761,28.7078,0.0033,0.5934,1.8604,0.0,4.5933,1778783590937807158
vocseg__app2,no_sharing,12.5504,33.546,29.4037,28.3287,0.0024,0.5755,1.5917,0.0,4.1423,1778783590982153547
vocseg__app2,no_sharing,13.0175,34.7049,29.9944,28.8216,0.0035,0.5809,1.9369,0.0,4.7106,1778783591449604210
vocseg__app2,no_sharing,13.0963,52.2892,48.0105,46.7037,0.0029,0.621,1.6599,0.0,4.2787,1778783591528078573
vocseg__app2,no_sharing,13.3411,34.4367,29.8109,28.6195,0.0028,0.6259,1.8344,0.0,4.6258,1778783591773047269
vocseg__app2,no_sharing,13.5387,51.5025,46.9287,43.8907,0.0034,2.3937,1.8005,0.0,4.5738,1778783591970674980
vocseg__app2,no_sharing,13.7824,49.3379,43.4327,38.2382,0.0027,4.6091,1.9708,0.0,5.9051,1778783592214500275
vocseg__app2,no_sharing,14.6486,34.4687,29.7199,28.5858,0.0028,0.6245,1.9805,0.0,4.7488,1778783593080718799
vocseg__app2,no_sharing,15.0086,34.409,29.6704,28.5096,0.0034,0.5987,1.9054,0.0,4.7386,1778783593440653905
vocseg__app2,no_sharing,15.2416,34.1079,29.6554,28.5307,0.0029,0.5854,1.7898,0.0,4.4525,1778783593673546038
vocseg__app2,no_sharing,15.3247,35.387,30.9493,29.8005,0.0025,0.5838,1.8392,0.0,4.4377,1778783593756728578
vocseg__app2,no_sharing,15.4083,33.1659,28.9581,27.9592,0.0024,0.5726,1.5581,0.0,4.2079,1778783593840001004
vocseg__app2,no_sharing,15.7601,34.5604,29.7816,28.6121,0.003,0.6155,1.9374,0.0,4.7789,1778783594192234073
vocseg__app2,no_sharing,15.9035,67.7884,63.2151,61.8431,0.0031,0.7272,1.9162,0.0,4.5732,1778783594335654082
vocseg__app2,no_sharing,15.9266,78.1512,30.3373,29.1737,0.0035,0.6151,44.7361,0.0,47.8139,1778783594401474921
vocseg__app2,no_sharing,17.3188,34.5907,29.883,28.7251,0.0035,0.5927,1.8969,0.0,4.7077,1778783595750880137
vocseg__app2,no_sharing,17.4606,35.6147,31.1656,30.0948,0.0033,0.6028,1.8129,0.0,4.4491,1778783595892576480
vocseg__app2,no_sharing,17.693,34.5523,29.886,28.7257,0.0034,0.601,1.8954,0.0,4.6663,1778783596125069219
vocseg__app2,no_sharing,18.3535,34.5559,29.893,28.7296,0.0029,0.5873,1.8857,0.0,4.6629,1778783596785553283
vocseg__app2,no_sharing,18.9642,47.5245,42.8952,41.664,0.0034,0.6653,1.9355,0.0,4.6292,1778783597396348322
vocseg__app2,no_sharing,19.3284,33.9751,29.6421,28.5722,0.0025,0.603,1.6215,0.0,4.333,1778783597760188610
vocseg__app2,no_sharing,19.788,34.4644,29.744,28.6741,0.0032,0.5916,1.8628,0.0,4.7203,1778783598219997493
vocseg__app2,no_sharing,20.9802,34.7402,29.9143,28.822,0.0024,0.6052,1.9066,0.0,4.8259,1778783599412290822
vocseg__app2,no_sharing,22.6767,34.5125,29.8856,28.7142,0.0027,0.6,1.9095,0.0,4.6269,1778783601108751219
vocseg__app2,no_sharing,23.4453,35.2881,29.7809,28.5613,0.0027,0.6499,2.6548,0.0,5.5072,1778783601878124152
vocseg__app2,no_sharing,23.7263,34.5449,29.8952,28.7205,0.0036,0.6138,1.8377,0.0,4.6497,1778783602158344840
vocseg__app2,no_sharing,23.8843,34.3621,29.7625,28.626,0.0025,0.5945,1.8034,0.0,4.5996,1778783602316257350
vocseg__app2,no_sharing,24.4722,35.9707,31.5371,30.4434,0.0035,0.6123,1.745,0.0,4.4336,1778783602904052700
vocseg__app2,no_sharing,24.6043,85.14,79.0468,71.4349,0.0025,7.037,1.847,0.0,6.0932,1778783603036350461
vocseg__app2,no_sharing,24.7295,64.3463,59.5852,58.1239,0.0037,0.7166,1.7669,0.0,4.7611,1778783603161383226
vocseg__app2,no_sharing,25.0552,35.1946,29.8331,28.6803,0.0028,0.6035,2.6076,0.0,5.3616,1778783603487990843
vocseg__app2,no_sharing,25.2625,35.1896,30.7333,29.6051,0.0025,0.5998,1.8485,0.0,4.4564,1778783603694538769
vocseg__app2,no_sharing,25.418,34.765,30.1232,28.5103,0.0037,0.6005,1.8835,0.0,4.6418,1778783603850028751
vocseg__app2,no_sharing,25.576,65.8233,59.7924,54.4506,0.0028,4.7794,1.9183,0.0,6.031,1778783604008123143
vocseg__app2,no_sharing,26.116,34.3707,29.6881,28.6246,0.0025,0.5948,1.9178,0.0,4.6826,1778783604548121260
vocseg__app2,no_sharing,27.9338,34.9803,29.7023,28.472,0.0031,0.6043,1.8501,0.0,5.278,1778783606365777125
vocseg__app2,no_sharing,28.2065,34.6389,29.8258,28.6291,0.0026,0.5963,1.9867,0.0,4.8131,1778783606638614287
vocseg__app2,no_sharing,28.3954,34.5438,29.9332,28.8164,0.0025,0.5658,1.8904,0.0,4.6105,1778783606827453865
vocseg__app2,no_sharing,28.7275,34.5817,29.8646,28.6517,0.0027,0.5947,1.9169,0.0,4.7171,1778783607159611952
vocseg__app2,no_sharing,28.9995,34.4198,29.6901,28.5073,0.0029,0.5982,1.8873,0.0,4.7297,1778783607431566063
vocseg__app2,no_sharing,29.5007,34.9491,30.5157,29.3926,0.0025,0.5929,1.822,0.0,4.4333,1778783607932723334
vocseg__app2,no_sharing,29.5157,51.6863,29.1371,28.1053,0.0028,0.6,19.8987,0.0,22.5492,1778783607965746535
vocseg__app2,no_sharing,30.3156,34.3313,29.6404,28.4774,0.0028,0.5932,1.9538,0.0,4.6909,1778783608747681216
vocseg__app2,no_sharing,31.3483,34.2681,29.6654,28.5531,0.0029,0.572,1.92,0.0,4.6027,1778783609780426781
vocseg__app2,no_sharing,32.8775,33.9386,29.6336,28.5121,0.0025,0.5952,1.6632,0.0,4.305,1778783611309274361
vocseg__app2,no_sharing,33.5109,34.409,29.7757,28.636,0.0025,0.5845,1.8466,0.0,4.6334,1778783611942934100
vocseg__app2,no_sharing,33.7888,71.8596,65.7278,60.4297,0.0029,4.7127,1.9429,0.0,6.1318,1778783612220955403
vocseg__app2,no_sharing,34.5721,34.1537,29.5221,28.4996,0.0035,0.5665,1.9228,0.0,4.6316,1778783613004188843
vocseg__app2,no_sharing,35.5571,34.3306,29.7239,28.5784,0.0026,0.6001,1.9088,0.0,4.6067,1778783613989130524
vocseg__app2,no_sharing,36.3464,33.8206,29.4557,28.4273,0.0025,0.5469,1.7662,0.0,4.3649,1778783614778346977
vocseg__app2,no_sharing,36.6928,38.4529,32.8418,28.9808,0.0064,3.0505,1.8435,0.0,5.6111,1778783615124821969
vocseg__app2,no_sharing,36.9449,57.4639,52.4527,51.2249,0.0033,0.6692,2.3713,0.0,5.0112,1778783615377559046
vocseg__app2,no_sharing,36.9475,87.9011,30.2643,28.6644,0.0027,0.6079,55.0122,0.0,57.6368,1778783615432670398
vocseg__app2,no_sharing,37.1647,34.1339,29.5685,28.4289,0.0026,0.5815,1.8396,0.0,4.5654,1778783615596691213
vocseg__app2,no_sharing,37.9706,35.3086,29.8198,28.6859,0.0026,0.5899,2.7227,0.0,5.4888,1778783616403540392
vocseg__app2,no_sharing,38.1359,35.0504,30.5306,29.3812,0.0023,0.5856,1.8764,0.0,4.5198,1778783616567970646
vocseg__app2,no_sharing,38.1469,56.042,29.3181,28.1959,0.0026,0.6313,24.0328,0.0,26.7238,1778783616601036845
vocseg__app2,no_sharing,39.4352,44.3103,39.69,38.412,0.0027,0.6781,1.8995,0.0,4.6203,1778783617867264485
vocseg__app2,no_sharing,39.804,34.2774,29.5787,28.5218,0.0026,0.5675,1.8983,0.0,4.6987,1778783618236074024
vocseg__app2,no_sharing,40.3276,35.4431,30.0963,28.9671,0.0035,0.6298,2.5961,0.0,5.3467,1778783618760352300
vocseg__app2,no_sharing,40.9026,67.193,62.5604,61.3285,0.0035,0.6575,2.0208,0.0,4.6327,1778783619334766655
vocseg__app2,no_sharing,41.4462,63.1216,57.625,56.2863,0.0027,0.7233,2.9233,0.0,5.4966,1778783619879291296
vocseg__app2,no_sharing,41.5021,40.4391,30.4574,29.3092,0.0028,0.638,7.2169,0.0,9.9817,1778783619939435727
vocseg__app2,no_sharing,41.6878,34.4322,29.7675,28.6171,0.0031,0.5769,1.9372,0.0,4.6647,1778783620119882295
vocseg__app2,no_sharing,41.9206,34.4799,29.8581,28.6707,0.0025,0.5947,1.9178,0.0,4.6217,1778783620352655271
vocseg__app2,no_sharing,41.9526,34.3475,28.9426,28.0341,0.0026,0.5364,2.9361,0.0,5.4049,1778783620385665839
vocseg__app2,no_sharing,42.4117,54.2939,48.5155,43.2326,0.0043,4.5137,1.8578,0.0,5.7784,1778783620843736499
vocseg__app2,no_sharing,42.5673,34.3673,29.8758,28.7653,0.0028,0.5856,1.8492,0.0,4.4915,1778783620999353237
vocseg__app2,no_sharing,42.8421,48.7897,44.1424,41.1145,0.003,2.4564,1.9174,0.0,4.6474,1778783621274204268
vocseg__app2,no_sharing,43.3382,34.2288,29.6616,28.6427,0.0027,0.5604,1.9059,0.0,4.5672,1778783621770250190
vocseg__app2,no_sharing,43.8199,52.7167,48.0545,45.0313,0.0036,2.4782,1.8828,0.0,4.6622,1778783622251976933
vocseg__app2,no_sharing,44.2107,35.0349,30.4658,29.3173,0.003,0.6016,1.9071,0.0,4.569,1778783622642820535
vocseg__app2,no_sharing,44.2217,56.5305,30.0586,29.0206,0.0022,0.5774,23.9708,0.0,26.4718,1778783622675830890
vocseg__app2,no_sharing,45.0479,48.5549,43.7649,38.523,0.0029,4.6561,1.9715,0.0,4.79,1778783623480078514
vocseg__app2,no_sharing,45.1876,34.5299,29.7608,28.5471,0.0026,0.6224,1.8625,0.0,4.7691,1778783623619591722
vocseg__app2,no_sharing,45.5778,34.1384,29.798,28.6568,0.0025,0.5591,1.7424,0.0,4.3404,1778783624009696490
vocseg__app2,no_sharing,45.7262,78.5356,73.8528,68.4704,0.0034,4.7948,1.8458,0.0,4.6828,1778783624158188974
vocseg__app2,no_sharing,45.977,34.5514,29.8648,28.6972,0.0028,0.5969,1.9314,0.0,4.6866,1778783624409147507
vocseg__app2,no_sharing,46.4943,34.3678,29.7118,28.5901,0.003,0.5608,1.8966,0.0,4.656,1778783624926331351
vocseg__app2,no_sharing,46.5768,34.4245,29.8125,28.6691,0.0027,0.574,1.8437,0.0,4.6121,1778783625008835766
vocseg__app2,no_sharing,46.7595,34.3523,29.7362,28.5832,0.0028,0.5987,1.8392,0.0,4.6161,1778783625191552557
vocseg__app2,no_sharing,46.8361,33.7429,29.3614,28.2379,0.0038,0.6033,1.5986,0.0,4.3815,1778783625267816513
vocseg__app2,no_sharing,48.0168,127.7497,121.6658,114.0515,0.003,6.9652,1.8713,0.0,6.0839,1778783626448879645
vocseg__app2,no_sharing,48.1486,65.3715,61.1086,59.8068,0.0032,0.7131,1.6134,0.0,4.2629,1778783626580372100
vocseg__app2,no_sharing,49.9451,34.0707,29.6371,28.54,0.0025,0.5637,1.7993,0.0,4.4336,1778783628377041163
vocseg__app2,no_sharing,50.1785,34.5581,29.8247,28.6581,0.0029,0.6208,1.8828,0.0,4.7333,1778783628610535943
vocseg__app2,no_sharing,50.2762,34.1706,29.5715,28.447,0.0028,0.5917,1.9069,0.0,4.5991,1778783628708316275
vocseg__app2,no_sharing,51.5117,34.4658,29.7669,28.6018,0.0028,0.5852,1.9233,0.0,4.6989,1778783629943769560
vocseg__app2,no_sharing,51.6664,33.7338,29.3699,28.294,0.0035,0.555,1.6639,0.0,4.364,1778783630098221398
vocseg__app2,no_sharing,52.3526,34.126,29.7296,28.6296,0.0031,0.5753,1.7815,0.0,4.3964,1778783630784557636
vocseg__app2,no_sharing,53.3274,34.6668,29.9572,28.7967,0.0032,0.5877,1.9345,0.0,4.7095,1778783631759550008
vocseg__app2,no_sharing,53.7143,70.0381,64.7397,63.0447,0.0026,0.6259,2.7041,0.0,5.2984,1778783632147122759
vocseg__app2,no_sharing,56.2199,92.1874,85.8936,82.9293,0.0038,2.4018,2.0421,0.0,6.2938,1778783634652053083
vocseg__app2,no_sharing,56.2828,129.0689,97.0217,94.4893,0.0029,2.0377,29.0253,0.0,32.0471,1778783634741993867
vocseg__app2,no_sharing,56.3741,71.1098,30.0895,29.0161,0.0028,0.6186,37.7069,0.0,41.0202,1778783634841942538
vocseg__app2,no_sharing,56.4553,48.08,42.8961,39.8993,0.0038,2.3417,2.4562,0.0,5.1838,1778783634887954466
vocseg__app2,no_sharing,56.6479,33.4978,29.2356,28.229,0.0026,0.5758,1.5755,0.0,4.2622,1778783635079606175
vocseg__app2,no_sharing,56.7346,58.6362,53.3678,51.9483,0.0055,0.8157,2.3072,0.0,5.2684,1778783635167127556
vocseg__app2,no_sharing,57.2461,39.9206,35.2157,34.0352,0.0038,0.6071,2.0485,0.0,4.7049,1778783635678353758
vocseg__app2,no_sharing,57.4724,49.7711,44.0203,38.8212,0.0034,4.6373,1.8454,0.0,5.7508,1778783635904406614
vocseg__app2,no_sharing,57.8226,33.5371,29.3046,28.2288,0.0023,0.5447,1.6439,0.0,4.2325,1778783636254387578
vocseg__app2,no_sharing,58.1942,34.9753,29.6481,28.6069,0.0023,0.5605,2.5957,0.0,5.3272,1778783636626979545
vocseg__app2,no_sharing,58.2824,32.7108,28.9037,27.9786,0.0021,0.5387,1.3521,0.0,3.8071,1778783636713867819
vocseg__app2,no_sharing,59.2022,34.7283,29.8688,28.6741,0.0037,0.6175,1.9996,0.0,4.8595,1778783637634390243
vocseg__app2,no_sharing,59.6207,36.0405,30.352,28.7885,0.0039,0.822,1.9481,0.0,5.6885,1778783638052834977
vocseg__app2,no_sharing,60.1244,35.2824,30.5714,29.3533,0.0033,0.6224,1.9851,0.0,4.7109,1778783638556581943
vocseg__app2,no_sharing,60.1394,52.1379,29.3317,28.3066,0.0022,0.563,20.2301,0.0,22.8062,1778783638589804647
vocseg__app2,no_sharing,60.9124,35.1002,30.491,29.3132,0.0028,0.5908,1.9937,0.0,4.6092,1778783639344573992
vocseg__app2,no_sharing,60.9385,40.6497,29.1484,28.2082,0.0024,0.5652,8.9312,0.0,11.5013,1778783639377569250
vocseg__app2,no_sharing,61.6274,34.0433,29.5558,28.438,0.0027,0.5822,1.8125,0.0,4.4875,1778783640059336423
vocseg__app2,no_sharing,62.2275,57.7874,53.1104,51.3703,0.0028,1.0689,1.8573,0.0,4.677,1778783640659568551
vocseg__app2,no_sharing,62.4196,35.078,30.4952,28.8465,0.0033,0.5877,1.7858,0.0,4.5829,1778783640851585754
vocseg__app2,no_sharing,62.4629,33.5438,29.2337,28.1262,0.0026,0.585,1.5454,0.0,4.3102,1778783640894571215
vocseg__app2,no_sharing,62.5526,34.6594,29.5961,28.4524,0.0027,0.5789,1.894,0.0,5.0633,1778783640984661943
vocseg__app2,no_sharing,63.3728,34.2603,29.6736,28.505,0.0029,0.5927,1.8754,0.0,4.5867,1778783641804801296
vocseg__app2,no_sharing,64.273,34.6062,29.8286,28.6655,0.0029,0.582,1.9765,0.0,4.7776,1778783642705191593
vocseg__app2,no_sharing,66.61,107.1093,102.3999,99.3781,0.0028,2.3766,2.1181,0.0,4.7094,1778783645042336929
vocseg__app2,no_sharing,66.9892,34.3649,29.6618,28.5749,0.003,0.5924,1.9245,0.0,4.7031,1778783645421281069
vocseg__app2,no_sharing,67.0257,33.3295,29.2234,28.1392,0.0027,0.5805,1.3981,0.0,4.1061,1778783645457263709
vocseg__app2,no_sharing,67.397,78.9211,73.6584,72.4078,0.0029,0.7175,2.5632,0.0,5.2627,1778783645829740391
vocseg__app2,no_sharing,67.5031,66.8483,62.4137,61.106,0.003,0.679,1.7741,0.0,4.4346,1778783645935013938
vocseg__app2,no_sharing,67.8308,51.7404,47.1485,45.7195,0.0041,0.7361,1.9491,0.0,4.5919,1778783646262861515
vocseg__app2,no_sharing,68.2066,54.867,50.2159,47.2289,0.0029,2.4004,1.8635,0.0,4.6512,1778783646638690049
vocseg__app2,no_sharing,69.1692,34.1792,29.6601,28.521,0.0029,0.5949,1.7979,0.0,4.5191,1778783647601132553
vocseg__app2,no_sharing,69.2635,34.22,29.727,28.6034,0.0026,0.6014,1.7865,0.0,4.493,1778783647695483018
vocseg__app2,no_sharing,69.8665,35.4269,30.09,28.9109,0.0028,0.6346,1.8404,0.0,5.3369,1778783648298488007
vocseg__app2,no_sharing,69.9012,33.5221,29.316,28.292,0.0026,0.6151,1.6034,0.0,4.2061,1778783648332963703
vocseg__app2,no_sharing,69.9321,35.1555,29.5505,28.5947,0.0024,0.5914,3.0975,0.0,5.6051,1778783648365326637
vocseg__app2,no_sharing,70.1405,34.4272,29.7689,28.6364,0.0031,0.5983,1.8654,0.0,4.6583,1778783648572559792
vocseg__app2,no_sharing,70.735,34.6119,29.828,28.6605,0.0027,0.5945,1.9565,0.0,4.784,1778783649167085808
vocseg__app2,no_sharing,70.8008,34.1005,29.5682,28.4427,0.0026,0.5887,1.7831,0.0,4.5323,1778783649232705751
vocseg__app2,no_sharing,71.1834,35.0795,30.2975,29.1547,0.0027,0.5896,1.9433,0.0,4.782,1778783649615476239
vocseg__app2,no_sharing,71.2416,33.5343,29.2678,28.2324,0.0025,0.5795,1.5824,0.0,4.2665,1778783649673341598
vocseg__app2,no_sharing,71.6149,34.3726,29.673,28.5548,0.0028,0.5644,1.9372,0.0,4.6996,1778783650046966170
vocseg__app2,no_sharing,71.8727,81.2125,76.7008,75.4251,0.0032,0.6764,1.822,0.0,4.5117,1778783650304665040
vocseg__app2,no_sharing,72.1791,35.5055,30.8139,29.6448,0.0028,0.6165,1.9999,0.0,4.6916,1778783650611267764
vocseg__app2,no_sharing,72.3574,36.0589,31.4663,30.3079,0.003,0.6221,1.8599,0.0,4.5926,1778783650789475634
vocseg__app2,no_sharing,73.3017,34.5674,29.7932,28.6153,0.0036,0.6045,1.9634,0.0,4.7742,1778783651733809180
vocseg__app2,no_sharing,73.5691,34.6036,29.825,28.6572,0.0032,0.6123,1.9832,0.0,4.7786,1778783652001207830
vocseg__app2,no_sharing,74.3687,99.3807,93.4015,92.1677,0.0029,0.6662,2.2907,0.0,5.9793,1778783652801182746
vocseg__app2,no_sharing,74.4239,76.9451,29.7715,28.7197,0.0024,0.5698,44.225,0.0,47.1736,1778783652898305592
vocseg__app2,no_sharing,74.6532,35.2044,29.887,28.7298,0.0026,0.6114,2.6124,0.0,5.3174,1778783653085955916
vocseg__app2,no_sharing,74.7826,33.5159,29.2517,28.199,0.0026,0.5558,1.6322,0.0,4.2642,1778783653214395624
vocseg__app2,no_sharing,75.4942,34.7025,30.0383,28.9502,0.0032,0.618,1.878,0.0,4.6643,1778783653926206983
vocseg__app2,no_sharing,76.0105,34.7481,29.9681,28.7857,0.003,0.5916,1.9143,0.0,4.78,1778783654442591247
vocseg__app2,no_sharing,76.4714,86.6334,79.9977,78.6993,0.0033,0.7029,2.6224,0.0,6.6357,1778783654906989740
vocseg__app2,no_sharing,77.0852,34.6537,29.7809,28.6465,0.0028,0.5803,2.0664,0.0,4.8727,1778783655517461286
vocseg__app2,no_sharing,77.2882,34.6336,29.9729,28.8408,0.0027,0.5886,1.9295,0.0,4.6607,1778783655720260340
vocseg__app2,no_sharing,77.5429,34.2815,29.6348,28.5013,0.0023,0.58,1.8806,0.0,4.6467,1778783655974941818
vocseg__app2,no_sharing,77.7774,80.5287,75.1959,73.7111,0.0027,0.9296,2.6164,0.0,5.3328,1778783656210129890
vocseg__app2,no_sharing,78.7293,56.3576,50.7738,48.6863,0.0036,0.6854,2.8756,0.0,5.5838,1778783657162338973
vocseg__app2,no_sharing,79.5355,34.4956,29.8234,28.6439,0.0026,0.6097,1.8668,0.0,4.6722,1778783657967570469
vocseg__app2,no_sharing,80.7756,34.6589,29.8915,28.7132,0.0033,0.5854,1.925,0.0,4.7674,1778783659207757287
vocseg__app2,no_sharing,81.0868,34.4565,29.7085,28.5566,0.0033,0.5793,1.9433,0.0,4.748,1778783659518870465
vocseg__app2,no_sharing,82.018,54.4305,49.6966,44.5498,0.0027,4.6577,1.8775,0.0,4.7338,1778783660450072778
vocseg__app2,no_sharing,82.2191,35.3169,30.7047,29.5787,0.003,0.6178,1.8721,0.0,4.6122,1778783660651104773
vocseg__app2,no_sharing,82.2411,46.4644,30.4423,29.2755,0.0026,0.6501,13.1409,0.0,16.0221,1778783660684398038
vocseg__app2,no_sharing,82.2605,59.6342,29.9875,28.8128,0.003,0.611,26.8984,0.0,29.6467,1778783660717592699
vocseg__app2,no_sharing,82.4137,34.7128,30.2531,29.0891,0.003,0.6114,1.7946,0.0,4.4597,1778783660845654636
vocseg__app2,no_sharing,82.4496,32.8016,28.9896,28.0022,0.0024,0.5473,1.3533,0.0,3.812,1778783660881062226
vocseg__app2,no_sharing,82.5385,34.6634,29.8868,28.7839,0.0032,0.5883,1.9658,0.0,4.7767,1778783660970678845
vocseg__app2,no_sharing,82.7784,66.7613,61.1843,53.6434,0.0033,7.0579,1.7729,0.0,5.5769,1778783661210294012
vocseg__app2,no_sharing,82.9399,35.846,30.6359,29.4624,0.0028,0.6123,2.5244,0.0,5.2101,1778783661372553708
vocseg__app2,no_sharing,82.9527,55.0711,29.4185,28.3202,0.0024,0.6072,23.0107,0.0,25.6526,1778783661405849477
vocseg__app2,no_sharing,83.0609,34.7021,29.9546,28.7939,0.0027,0.6141,1.8842,0.0,4.7475,1778783661492982806
vocseg__app2,no_sharing,83.4893,34.7733,30.0961,28.8851,0.0028,0.655,1.8477,0.0,4.6773,1778783661921325982
vocseg__app2,no_sharing,83.7334,88.8269,84.0523,78.6627,0.0029,4.7176,1.9767,0.0,4.7746,1778783662165593244
vocseg__app2,no_sharing,84.0039,68.3975,62.8729,61.4087,0.0038,0.8121,2.8634,0.0,5.5246,1778783662436942495
vocseg__app2,no_sharing,84.2792,35.6884,30.9521,29.7796,0.0038,0.6169,1.9338,0.0,4.7363,1778783662711317171
vocseg__app2,no_sharing,84.2882,58.6901,29.5365,28.4346,0.0024,0.5964,26.5322,0.0,29.1535,1778783662744875798
vocseg__app2,no_sharing,84.371,33.8178,29.6136,28.1055,0.0024,0.5603,1.6315,0.0,4.2042,1778783662802818238
vocseg__app2,no_sharing,84.5881,52.4125,47.9142,46.5554,0.003,0.6402,1.8532,0.0,4.4983,1778783663020159761
vocseg__app2,no_sharing,84.618,55.3854,30.2762,29.2069,0.0021,0.5959,22.5415,0.0,25.1091,1778783663070726606
vocseg__app2,no_sharing,85.1856,48.1215,43.6052,42.4109,0.0029,0.6194,1.8251,0.0,4.5162,1778783663617615129
vocseg__app2,no_sharing,85.5307,34.5156,29.8026,28.6072,0.0033,0.5993,1.8535,0.0,4.713,1778783663962760272
vocseg__app2,no_sharing,85.6886,54.2212,49.7936,48.5108,0.0036,0.6189,1.7691,0.0,4.4276,1778783664120544061
vocseg__app2,no_sharing,87.346,51.0526,46.2826,43.2392,0.0031,2.447,1.9712,0.0,4.77,1778783665778111632
vocseg__app2,no_sharing,88.7896,38.542,34.0059,32.8249,0.0035,0.6111,1.8382,0.0,4.5361,1778783667221562476
vocseg__app2,no_sharing,88.9043,34.2121,29.6921,28.5797,0.003,0.5764,1.7998,0.0,4.52,1778783667336282211
vocseg__app2,no_sharing,90.6663,34.6317,29.9105,28.758,0.003,0.6007,1.9681,0.0,4.7213,1778783669098433779
vocseg__app2,no_sharing,90.8252,34.272,29.5976,28.5218,0.0027,0.6151,1.8952,0.0,4.6743,1778783669257247349
vocseg__app2,no_sharing,90.9216,66.4067,60.6286,55.3181,0.003,4.7793,1.6828,0.0,5.7782,1778783669353512127
vocseg__app2,no_sharing,92.4825,35.4977,30.6111,29.4422,0.0026,0.6176,1.7941,0.0,4.8866,1778783670914430935
vocseg__app2,no_sharing,92.4843,65.8433,29.616,28.4605,0.0025,0.5982,33.5484,0.0,36.2273,1778783670948002413
vocseg__app2,no_sharing,93.4228,55.0413,50.35,49.1178,0.003,0.7103,1.9867,0.0,4.6914,1778783671855004963
vocseg__app2,no_sharing,93.5601,34.4124,29.6518,28.505,0.0028,0.5997,1.9224,0.0,4.7605,1778783671992224252
vocseg__app2,no_sharing,94.1001,34.574,29.9203,28.7322,0.0034,0.6306,1.8055,0.0,4.6538,1778783672532062457
vocseg__app2,no_sharing,94.3016,59.8836,55.1694,53.9414,0.0031,0.6691,2.0902,0.0,4.7141,1778783672733844247
vocseg__app2,no_sharing,94.8381,47.9848,43.4133,42.2374,0.0024,0.6022,1.9243,0.0,4.5716,1778783673270224220
vocseg__app2,no_sharing,94.8983,33.2713,29.251,28.1929,0.0022,0.579,1.466,0.0,4.0203,1778783673329888303
vocseg__app2,no_sharing,95.3614,46.8562,42.2321,39.227,0.0028,2.432,1.8654,0.0,4.6241,1778783673793430279
vocseg__app2,no_sharing,95.6691,34.4098,29.6917,28.5653,0.0021,0.5876,1.8971,0.0,4.7181,1778783674101146755
vocseg__app2,no_sharing,96.1066,55.2123,50.5316,49.3059,0.0027,0.6611,2.0378,0.0,4.6807,1778783674538805794
vocseg__app2,no_sharing,96.22,34.7266,29.8977,28.7317,0.0035,0.5981,1.9522,0.0,4.8289,1778783674652138252
vocseg__app2,no_sharing,96.374,34.4582,29.7914,28.6271,0.0029,0.6055,1.9052,0.0,4.6668,1778783674806091924
vocseg__app2,no_sharing,97.3067,65.9943,59.9569,52.3339,0.0025,7.053,1.9484,0.0,6.0374,1778783675738793565
vocseg__app2,no_sharing,97.7487,35.0864,29.8554,28.7301,0.0024,0.5861,2.5804,0.0,5.231,1778783676181447633
vocseg__app2,no_sharing,97.7805,35.2554,29.0598,28.1086,0.0022,0.5546,3.6194,0.0,6.1957,1778783676214312212
vocseg__app2,no_sharing,97.8649,33.5522,29.3293,28.2366,0.0024,0.5751,1.5779,0.0,4.2228,1778783676296678063
vocseg__app2,no_sharing,98.2534,94.9051,87.7004,82.3341,0.0027,4.7425,3.0503,0.0,7.2048,1778783676686676294
vocseg__app2,no_sharing,99.7518,34.7114,29.9907,28.8746,0.0037,0.6217,1.9083,0.0,4.7207,1778783678183921363
vocseg__app2,no_sharing,100.2425,84.8947,79.9479,78.8437,0.0026,0.6115,2.0392,0.0,4.9468,1778783678674691742
vocseg__app2,no_sharing,100.3876,35.301,30.0662,28.973,0.0026,0.5733,2.5558,0.0,5.2347,1778783678820280108
vocseg__app2,no_sharing,100.48,34.0197,29.6211,28.5099,0.0029,0.5902,1.6387,0.0,4.3986,1778783678911843658
vocseg__app2,no_sharing,103.3766,34.3933,29.8282,28.6409,0.003,0.6284,1.802,0.0,4.5651,1778783681808566413
vocseg__app2,no_sharing,103.9413,34.6031,29.8571,28.6809,0.0028,0.6093,1.9257,0.0,4.746,1778783682373382427
vocseg__app2,no_sharing,104.1193,85.2215,80.5665,79.2571,0.0035,0.7521,2.0313,0.0,4.6551,1778783682551515944
vocseg__app2,no_sharing,104.6381,34.5404,29.8693,28.6842,0.0029,0.6222,1.8518,0.0,4.6711,1778783683070126499
vocseg__app2,no_sharing,105.1124,34.5147,29.7654,28.6056,0.003,0.6052,1.95,0.0,4.7492,1778783683544484033
vocseg__app2,no_sharing,105.6374,35.228,30.3996,28.7724,0.0028,0.6118,1.9712,0.0,4.8284,1778783684069517045
vocseg__app2,no_sharing,106.9489,58.9001,53.3926,52.2363,0.0029,0.6519,2.8515,0.0,5.5075,1778783685381932234
vocseg__app2,no_sharing,107.1178,34.1446,29.5761,28.4559,0.0027,0.5689,1.8294,0.0,4.5685,1778783685549820683
vocseg__app2,no_sharing,107.3367,34.4331,29.7463,28.5772,0.0026,0.5865,1.9033,0.0,4.6868,1778783685768802042
vocseg__app2,no_sharing,107.7693,89.9296,84.2131,78.8702,0.0039,4.7075,1.9543,0.0,5.7165,1778783686201400834
vocseg__app2,no_sharing,108.3011,34.8003,30.0891,28.9187,0.0029,0.5976,1.9054,0.0,4.7112,1778783686733135363
vocseg__app2,no_sharing,108.7231,35.6958,30.1299,28.9356,0.0031,0.6192,1.9391,0.0,5.5659,1778783687155155912
vocseg__app2,no_sharing,108.8229,59.968,55.5456,54.3339,0.0031,0.6229,1.8725,0.0,4.4224,1778783687254937726
vocseg__app2,no_sharing,108.8489,65.8817,29.279,28.2453,0.0023,0.5842,33.9985,0.0,36.6028,1778783687313058216
vocseg__app2,no_sharing,109.5608,34.3874,29.6704,28.5426,0.0026,0.5691,1.9734,0.0,4.717,1778783687992902054
vocseg__app2,no_sharing,109.8826,34.353,29.6693,28.491,0.0028,0.5999,1.8847,0.0,4.6838,1778783688314649354
vocseg__app2,no_sharing,111.7033,34.4856,29.7767,28.6414,0.0026,0.5855,1.9801,0.0,4.7088,1778783690135491908
vocseg__app2,no_sharing,113.079,58.0885,53.4106,52.2841,0.0036,0.632,2.0192,0.0,4.678,1778783691511194212
vocseg__app2,no_sharing,113.9743,35.7993,30.2633,29.0673,0.0035,0.6218,2.6615,0.0,5.5359,1778783692407100780
vocseg__app2,no_sharing,114.7987,34.9898,30.24,29.0402,0.0033,0.6138,1.8754,0.0,4.7499,1778783693230773470
vocseg__app2,no_sharing,114.998,43.3421,38.5903,35.6199,0.0027,2.3406,1.971,0.0,4.7518,1778783693430172832
vocseg__app2,no_sharing,115.3307,34.5297,29.8387,28.7004,0.0026,0.5669,1.8799,0.0,4.691,1778783693762765985
vocseg__app2,no_sharing,116.1506,34.4028,29.7409,28.661,0.0026,0.5807,1.9171,0.0,4.662,1778783694582664791
vocseg__app2,no_sharing,116.7438,34.2746,29.7149,28.5792,0.0031,0.5771,1.8277,0.0,4.5597,1778783695175830584
vocseg__app2,no_sharing,117.1333,34.7805,29.997,28.8133,0.0029,0.6155,1.9121,0.0,4.7835,1778783695565359978
vocseg__app2,no_sharing,117.3044,34.9638,30.2276,28.6152,0.0028,0.5742,1.8957,0.0,4.7363,1778783695736415187
vocseg__app2,no_sharing,117.4706,34.234,29.5158,28.3863,0.0024,0.5722,1.9293,0.0,4.7182,1778783695902729668
vocseg__app2,no_sharing,117.8174,34.3797,29.6386,28.568,0.0029,0.5916,1.9302,0.0,4.7411,1778783696249491849
vocseg__app2,no_sharing,118.3849,34.0693,29.5955,28.47,0.0029,0.5823,1.76,0.0,4.4738,1778783696816813630
vocseg__app2,no_sharing,118.5912,34.343,29.7878,28.6413,0.0026,0.6029,1.7691,0.0,4.5552,1778783697023117224
vocseg__app2,no_sharing,120.4099,34.5016,29.7557,28.5839,0.003,0.5906,1.6859,0.0,4.7458,1778783698841737908
vocseg__app2,no_sharing,120.7519,34.441,29.7281,28.5871,0.0029,0.5832,1.9214,0.0,4.7129,1778783699183952926
vocseg__app2,no_sharing,120.8105,56.0026,51.3528,48.2783,0.0029,2.4678,1.6654,0.0,4.6499,1778783699242294301
vocseg__app2,no_sharing,121.2757,34.0855,29.4908,28.4374,0.0026,0.5823,1.8511,0.0,4.5947,1778783699707717726
vocseg__app2,no_sharing,121.338,32.9533,28.9411,27.9478,0.0026,0.5824,1.3943,0.0,4.0121,1778783699769499260
vocseg__app2,no_sharing,121.4145,57.3366,51.9693,50.7735,0.0037,0.6429,2.7335,0.0,5.3673,1778783699847375730
vocseg__app2,no_sharing,121.6636,34.2307,29.763,28.6222,0.0027,0.6092,1.7107,0.0,4.4677,1778783700095421011
vocseg__app2,no_sharing,121.8891,95.6013,89.5808,88.4495,0.0032,0.6364,3.0682,0.0,6.0205,1778783700322351557
vocseg__app2,no_sharing,122.0129,34.4834,29.5452,28.45,0.0022,0.5867,2.3797,0.0,4.9382,1778783700445404396
vocseg__app2,no_sharing,122.0415,37.575,29.1922,28.144,0.0023,0.5733,5.7797,0.0,8.3828,1778783700477445237
vocseg__app2,no_sharing,123.9093,34.2476,29.5712,28.5011,0.0028,0.6022,1.9047,0.0,4.6765,1778783702341326250
vocseg__app2,no_sharing,124.4033,39.3043,34.7435,31.8112,0.0025,2.379,1.8601,0.0,4.5608,1778783702835368099
vocseg__app2,no_sharing,126.2093,48.6519,44.3829,43.2056,0.0028,0.6105,1.6549,0.0,4.2691,1778783704641052971
vocseg__app2,no_sharing,126.5793,34.2593,29.6891,28.5617,0.0027,0.5819,1.8516,0.0,4.5702,1778783705011323315
vocseg__app2,no_sharing,126.8853,78.9549,74.2428,72.7415,0.003,0.9554,2.0492,0.0,4.7122,1778783705317563831
vocseg__app2,no_sharing,126.951,78.0303,61.8056,60.6934,0.0024,0.5979,13.3369,0.0,16.2247,1778783705394507246
vocseg__app2,no_sharing,127.1072,34.8639,29.7043,28.616,0.002,0.5537,2.4557,0.0,5.1597,1778783705539853316
vocseg__app2,no_sharing,127.371,34.3125,29.7198,28.6841,0.0024,0.5674,1.858,0.0,4.5927,1778783705803009009
vocseg__app2,no_sharing,127.7673,34.6799,29.8329,28.7809,0.0029,0.5845,2.0206,0.0,4.847,1778783706199462747
vocseg__app2,no_sharing,128.4868,54.3356,49.599,46.6637,0.0035,2.4364,1.8785,0.0,4.7366,1778783706918891484
vocseg__app2,no_sharing,128.6647,101.9039,95.8833,94.3663,0.004,0.7504,3.0155,0.0,6.0206,1778783707097929554
vocseg__app2,no_sharing,128.9912,76.9329,71.392,70.125,0.0032,0.6603,2.8749,0.0,5.5409,1778783707424212055
vocseg__app2,no_sharing,130.769,41.5838,36.7517,35.4934,0.003,0.6706,1.9624,0.0,4.8321,1778783709201118625
vocseg__app2,no_sharing,130.9121,85.2408,80.1259,78.8179,0.0032,0.696,2.0559,0.0,5.1149,1778783709344339728
vocseg__app2,no_sharing,131.1342,35.9879,31.1295,29.9069,0.0027,0.6201,1.9071,0.0,4.8583,1778783709566247060
vocseg__app2,no_sharing,131.1461,56.2706,29.7113,28.538,0.0032,0.6225,23.7837,0.0,26.5593,1778783709600094086
vocseg__app2,no_sharing,132.4198,35.1882,30.4582,29.2702,0.0029,0.616,1.8971,0.0,4.73,1778783710851900073
vocseg__app2,no_sharing,133.3226,53.6795,49.2351,46.3156,0.0029,2.4189,1.8198,0.0,4.4443,1778783711754561235
vocseg__app2,no_sharing,133.6514,95.1107,89.2893,87.9492,0.0033,0.7699,3.1617,0.0,5.8213,1778783712084725632
vocseg__app2,no_sharing,133.785,34.8577,29.793,28.6567,0.0028,0.5853,2.4025,0.0,5.0647,1778783712217604504
vocseg__app2,no_sharing,133.881,43.9274,38.7043,37.6124,0.0028,0.5909,2.578,0.0,5.2232,1778783712313725444
vocseg__app2,no_sharing,133.9981,34.5693,29.8175,28.6304,0.0026,0.6076,1.9071,0.0,4.7518,1778783712430201791
vocseg__app2,no_sharing,134.8907,51.9111,47.3093,42.0779,0.0029,4.6548,1.8914,0.0,4.6018,1778783713322805586
vocseg__app2,no_sharing,135.1754,101.1515,96.6236,93.0757,0.003,3.0069,1.8072,0.0,4.5279,1778783713607370852
vocseg__app2,no_sharing,135.4278,36.567,31.2228,29.5757,0.0024,0.6178,2.6414,0.0,5.3441,1778783713860610378
vocseg__app2,no_sharing,135.4566,39.9008,29.5091,28.3677,0.0025,0.5994,7.6518,0.0,10.3917,1778783713894404755
vocseg__app2,no_sharing,135.5887,67.1391,61.6791,60.4334,0.0028,0.6591,2.8083,0.0,5.4601,1778783714021697657
vocseg__app2,no_sharing,135.9543,34.2071,29.6852,28.5583,0.0023,0.5708,1.8754,0.0,4.5219,1778783714386348040
vocseg__app2,no_sharing,136.5072,58.6472,52.587,47.3472,0.0023,4.6669,1.8849,0.0,6.0602,1778783714939244162
vocseg__app2,no_sharing,137.8797,39.124,34.577,31.699,0.0026,2.3735,1.869,0.0,4.547,1778783716311775352
vocseg__app2,no_sharing,138.1693,34.3516,29.739,28.6745,0.0026,0.5923,1.9403,0.0,4.6126,1778783716601417530
vocseg__app2,no_sharing,138.2498,33.7224,29.4532,28.3306,0.0023,0.5752,1.6124,0.0,4.2692,1778783716681609733
vocseg__app2,no_sharing,138.7512,34.5583,29.7051,28.629,0.0027,0.5896,1.9541,0.0,4.8532,1778783717183312822
vocseg__app2,no_sharing,139.7087,34.2896,29.625,28.458,0.0027,0.5935,1.8594,0.0,4.6646,1778783718140724150
vocseg__app2,no_sharing,139.8032,34.3416,29.7571,28.6186,0.0038,0.5862,1.8179,0.0,4.5844,1778783718235155512
vocseg__app2,no_sharing,140.7635,35.254,30.61,29.2523,0.0027,0.6314,1.9202,0.0,4.644,1778783719195560312
vocseg__app2,no_sharing,140.7654,65.1722,29.463,28.3567,0.0029,0.6038,33.1445,0.0,35.7092,1778783719228743860
vocseg__app2,no_sharing,141.3246,59.6845,55.4634,54.2846,0.0025,0.6186,1.6646,0.0,4.2211,1778783719756439094
vocseg__app2,no_sharing,141.948,34.7433,29.9755,28.8067,0.0026,0.6026,1.9672,0.0,4.7678,1778783720380150998
vocseg__app2,no_sharing,142.057,34.7624,30.056,28.8733,0.0032,0.6084,1.8525,0.0,4.7064,1778783720488988079
vocseg__app2,no_sharing,143.1906,35.4862,29.9878,28.8216,0.0026,0.5872,2.7208,0.0,5.4984,1778783721623456082
vocseg__app2,no_sharing,144.8747,37.4219,33.0312,31.2725,0.004,1.0523,1.6956,0.0,4.3908,1778783723306566024
vocseg__app2,no_sharing,145.4691,56.2871,51.79,48.7319,0.0029,2.4986,1.8511,0.0,4.4971,1778783723901114109
vocseg__app2,no_sharing,146.6054,60.4315,53.9295,51.6148,0.003,1.6615,1.9567,0.0,6.502,1778783725037561401
vocseg__app2,no_sharing,149.7231,36.3586,31.7958,30.6259,0.0026,0.6075,1.9169,0.0,4.5628,1778783728155154869
vocseg__app2,no_sharing,149.7381,53.4141,29.5188,28.4127,0.0036,0.5835,21.2522,0.0,23.8953,1778783728189507232
vocseg__app2,no_sharing,150.4266,34.8217,30.1546,28.9751,0.003,0.6078,1.8671,0.0,4.6671,1778783728858703143
vocseg__app2,no_sharing,150.5938,34.6844,29.989,28.9024,0.0033,0.6142,1.889,0.0,4.6954,1778783729025844975
vocseg__app2,no_sharing,151.5452,34.7264,30.0981,28.9544,0.0025,0.576,1.9052,0.0,4.6283,1778783729977314959
vocseg__app2,no_sharing,151.6231,34.5693,29.9305,28.7865,0.0032,0.5902,1.8215,0.0,4.6387,1778783730055130669
vocseg__app2,no_sharing,151.827,89.2398,84.4706,79.1659,0.003,4.7508,1.9169,0.0,4.7693,1778783730259125655
vocseg__app2,no_sharing,152.6812,34.668,29.936,28.7482,0.0032,0.6046,1.9374,0.0,4.732,1778783731113342019
vocseg__app2,no_sharing,152.7281,33.231,29.1526,28.0923,0.0025,0.563,1.5466,0.0,4.0784,1778783731159762441
vocseg__app2,no_sharing,153.7127,34.3659,29.8205,28.6573,0.0028,0.5678,1.8694,0.0,4.5454,1778783732144773148
vocseg__app2,no_sharing,155.3965,34.5006,29.9519,28.8468,0.0031,0.6031,1.7986,0.0,4.5487,1778783733828478917
vocseg__app2,no_sharing,155.8456,34.4079,29.7813,28.7291,0.0034,0.5565,1.9112,0.0,4.6266,1778783734277688523
vocseg__app2,no_sharing,157.035,34.8043,29.9282,28.7607,0.0033,0.5929,1.9059,0.0,4.8762,1778783735467091685
vocseg__app2,no_sharing,157.075,33.3414,29.2474,28.2542,0.0022,0.58,1.5244,0.0,4.0941,1778783735506659024
vocseg__app2,no_sharing,157.4277,34.8473,30.1488,29.0574,0.0029,0.6104,1.9526,0.0,4.6985,1778783735859830809
vocseg__app2,no_sharing,157.7657,58.9285,53.8096,52.5289,0.0031,0.6747,2.4855,0.0,5.1189,1778783736198331889
vocseg__app2,no_sharing,158.5625,34.2648,29.794,28.657,0.0027,0.5882,1.7927,0.0,4.4708,1778783736994410566
vocseg__app2,no_sharing,159.8516,34.6329,29.8653,28.6696,0.0035,0.59,1.9474,0.0,4.7676,1778783738283707512
vocseg__app2,no_sharing,160.1837,34.2605,29.6308,28.4945,0.0172,0.569,1.8833,0.0,4.6297,1778783738615743053
vocseg__app2,no_sharing,160.7255,35.0301,30.324,28.6771,0.0026,0.5851,1.9515,0.0,4.7062,1778783739157598391
vocseg__app2,no_sharing,160.8728,34.4675,29.829,28.648,0.0037,0.601,1.8609,0.0,4.6385,1778783739304795186
vocseg__app2,no_sharing,161.2987,34.6909,29.9882,28.7955,0.0028,0.597,1.8947,0.0,4.7026,1778783739730763829
vocseg__app2,no_sharing,161.6228,51.6999,47.0174,43.9838,0.0028,2.4325,1.8613,0.0,4.6825,1778783740054873615
vocseg__app2,no_sharing,163.3684,34.1718,29.6887,28.5407,0.0028,0.5991,1.7354,0.0,4.4831,1778783741800290453
vocseg__app2,no_sharing,165.1548,48.9657,44.3678,43.166,0.0031,0.6372,1.9639,0.0,4.5979,1778783743586993688
vocseg__app2,no_sharing,165.3201,34.7476,29.8698,28.7243,0.0031,0.5877,1.919,0.0,4.8778,1778783743752166201
vocseg__app2,no_sharing,165.5417,35.3229,30.5247,29.18,0.0044,0.8531,1.961,0.0,4.7982,1778783743973828151
vocseg__app2,no_sharing,165.6022,33.7992,29.424,28.3022,0.0027,0.5858,1.6437,0.0,4.3752,1778783744034001921
vocseg__app2,no_sharing,165.7382,34.672,29.9681,28.7794,0.0029,0.6166,1.8375,0.0,4.7039,1778783744170231772
vocseg__app2,no_sharing,166.5691,72.7217,66.7544,61.3533,0.0028,4.7604,1.8854,0.0,5.9674,1778783745001169859
vocseg__app2,no_sharing,166.6345,55.4657,45.3477,44.2186,0.0027,0.6227,7.2153,0.0,10.118,1778783745071903783
vocseg__app2,no_sharing,166.9795,87.6009,82.1334,80.6461,0.0042,0.7317,2.8863,0.0,5.4676,1778783745412508111
vocseg__app2,no_sharing,166.9843,114.9909,29.4102,28.4936,0.0023,0.5394,82.7711,0.0,85.5808,1778783745497256923
vocseg__app2,no_sharing,167.5702,34.5802,29.9125,28.7203,0.0036,0.6154,1.8961,0.0,4.6677,1778783746002308001
vocseg__app2,no_sharing,168.246,34.9395,30.4344,29.3528,0.003,0.5795,1.9116,0.0,4.5052,1778783746678089258
vocseg__app2,no_sharing,168.272,40.8092,29.3412,28.2778,0.0029,0.5765,8.9223,0.0,11.468,1778783746711058269
vocseg__app2,no_sharing,168.5425,35.2745,30.6803,29.51,0.0035,0.6032,1.7338,0.0,4.5942,1778783746974362965
vocseg__app2,no_sharing,168.9142,55.8386,51.2423,48.232,0.0028,2.3832,1.879,0.0,4.5963,1778783747346262462
vocseg__app2,no_sharing,169.3937,46.3991,41.0018,35.7661,0.0034,4.6949,1.6036,0.0,5.3973,1778783747825433874
vocseg__app2,no_sharing,169.5927,35.7795,30.3645,29.2334,0.0027,0.5708,2.744,0.0,5.415,1778783748025590015
vocseg__app2,no_sharing,169.5936,66.4821,29.0986,28.0055,0.0027,0.5656,34.7083,0.0,37.3834,1778783748058468051
vocseg__app2,no_sharing,169.7813,34.4408,29.7312,28.6308,0.0027,0.6062,1.8697,0.0,4.7096,1778783748213382686
vocseg__app2,no_sharing,170.2692,34.5068,29.8517,28.6678,0.0028,0.6055,1.8752,0.0,4.6551,1778783748701277566
vocseg__app2,no_sharing,170.4306,70.9081,65.1084,62.0483,0.0035,2.4515,1.9984,0.0,5.7997,1778783748862810038
vocseg__app2,no_sharing,170.5622,34.0466,29.7008,28.5969,0.003,0.5735,1.687,0.0,4.3459,1778783748994035701
vocseg__app2,no_sharing,172.8411,34.4939,29.8413,28.7668,0.0034,0.5838,1.9104,0.0,4.6526,1778783751273174301
vocseg__app2,no_sharing,173.0144,38.8899,34.1637,32.977,0.0029,0.6174,1.9939,0.0,4.7262,1778783751446609347
vocseg__app2,no_sharing,173.7003,34.3897,29.7064,28.6544,0.0027,0.5854,1.915,0.0,4.6833,1778783752132409843
vocseg__app2,no_sharing,173.7829,34.2095,29.6709,28.5275,0.0028,0.5784,1.7912,0.0,4.5386,1778783752214859689
vocseg__app2,no_sharing,174.7148,47.0133,41.3006,38.3565,0.0027,2.3611,1.8942,0.0,5.7127,1778783753146891168
vocseg__app2,no_sharing,175.138,34.5581,29.8656,28.6784,0.0031,0.6022,1.8775,0.0,4.6925,1778783753570031531
vocseg__app2,no_sharing,176.2768,34.5118,29.7657,28.7175,0.0032,0.5804,1.9691,0.0,4.7461,1778783754708966202
vocseg__app2,no_sharing,176.5891,34.261,29.7575,28.7083,0.0024,0.5819,1.8501,0.0,4.5035,1778783755021074498
vocseg__app2,no_sharing,176.6935,114.4567,29.8952,28.7062,0.0026,0.6066,81.8062,0.0,84.5614,1778783755205483185
vocseg__app2,no_sharing,177.3244,34.5547,29.9604,28.8415,0.0025,0.5789,1.8721,0.0,4.5943,1778783755756394444
vocseg__app2,no_sharing,177.9626,35.2583,29.9546,28.8011,0.003,0.5733,2.5985,0.0,5.3037,1778783756395440542
vocseg__app2,no_sharing,179.4803,50.1447,44.4956,39.2093,0.0034,4.6687,1.7414,0.0,5.6491,1778783757912157126
vocseg__app2,no_sharing,179.7401,34.5798,29.9501,28.7894,0.0026,0.611,1.862,0.0,4.6297,1778783758172137764
vocseg__app2,no_sharing,179.916,35.074,30.3576,28.6908,0.0028,0.632,1.909,0.0,4.7164,1778783758348039511
vocseg__app2,no_sharing,179.9621,71.2121,65.7361,60.294,0.0046,4.6088,1.6422,0.0,5.4759,1778783758393892805
vocseg__app2,no_sharing,181.2183,34.4675,29.8902,28.7466,0.0027,0.5845,1.8592,0.0,4.5773,1778783759650363508
vocseg__app2,no_sharing,181.27,33.2079,29.2228,28.1775,0.003,0.56,1.2801,0.0,3.9851,1778783759701397221
vocseg__app2,no_sharing,181.4004,90.1368,85.2887,83.4757,0.0026,1.1261,2.0213,0.0,4.8481,1778783759832622148
vocseg__app2,no_sharing,181.6439,34.2009,29.6653,28.5482,0.003,0.5639,1.8072,0.0,4.5356,1778783760075905928
vocseg__app2,no_sharing,181.9695,92.0992,87.4309,84.3894,0.0038,2.4034,2.012,0.0,4.6683,1778783760401713688
vocseg__app2,no_sharing,182.0335,83.6773,52.3923,51.1538,0.0032,0.6858,28.1456,0.0,31.285,1778783760491828277
vocseg__app2,no_sharing,182.5738,35.3684,29.9612,28.8828,0.003,0.5815,2.5821,0.0,5.4073,1778783761006563164
vocseg__app2,no_sharing,182.6434,33.937,29.5093,28.3963,0.0026,0.5868,1.6291,0.0,4.4277,1778783761075145813
vocseg__app2,no_sharing,182.8968,73.1704,67.7498,66.5434,0.0029,0.6274,2.8219,0.0,5.4206,1778783761329796095
vocseg__app2,no_sharing,183.0542,34.5984,29.9544,28.7595,0.0028,0.6241,1.8373,0.0,4.6439,1778783761486197337
vocseg__app2,no_sharing,183.111,33.85,29.4381,28.3294,0.0027,0.5977,1.7376,0.0,4.4119,1778783761542867074
vocseg__app2,no_sharing,183.205,33.7267,29.1567,28.1336,0.0026,0.5878,1.5502,0.0,4.57,1778783761636693948
vocseg__app2,no_sharing,183.8747,34.4954,29.9693,28.7916,0.003,0.5965,1.781,0.0,4.5261,1778783762306636080
vocseg__app2,no_sharing,185.2399,34.1139,29.5673,28.4668,0.0031,0.56,1.8754,0.0,4.5466,1778783763671979641
vocseg__app2,no_sharing,185.9999,34.5044,29.8875,28.7366,0.0028,0.5937,1.8523,0.0,4.6169,1778783764431963572
vocseg__app2,no_sharing,187.5657,34.791,30.0836,28.8758,0.0028,0.6088,1.909,0.0,4.7074,1778783765997748780
vocseg__app2,no_sharing,188.9734,86.252,80.2641,74.8818,0.0035,4.7847,1.8351,0.0,5.9879,1778783767405387274
vocseg__app2,no_sharing,189.0642,33.9332,29.6084,28.4987,0.0024,0.5971,1.6546,0.0,4.3248,1778783767495971797
vocseg__app2,no_sharing,189.3842,35.418,30.6247,28.8923,0.0027,0.6351,1.9982,0.0,4.7934,1778783767816309291
vocseg__app2,no_sharing,189.5471,35.1315,30.2661,29.0993,0.003,0.5998,1.9364,0.0,4.8654,1778783767979151421
vocseg__app2,no_sharing,189.8296,34.3862,29.6726,28.6055,0.0022,0.5939,1.9372,0.0,4.7135,1778783768261686318
vocseg__app2,no_sharing,190.3961,35.459,30.858,29.7,0.0031,0.5932,1.9178,0.0,4.6011,1778783768828217288
vocseg__app2,no_sharing,190.4181,45.8283,29.7402,28.5937,0.0028,0.5904,13.3803,0.0,16.0881,1778783768861671756
vocseg__app2,no_sharing,190.7894,34.8341,30.1049,28.9236,0.0034,0.5971,1.9343,0.0,4.7293,1778783769221553035
vocseg__app2,no_sharing,191.3702,34.6994,29.9078,28.755,0.0026,0.5873,1.9433,0.0,4.7917,1778783769802295553
vocseg__app2,no_sharing,192.1692,34.5454,29.9164,28.7784,0.0025,0.5881,1.8938,0.0,4.629,1778783770601235275
vocseg__app2,no_sharing,193.2985,34.7941,30.013,28.8954,0.0028,0.6038,1.8833,0.0,4.7811,1778783771730542190
vocseg__app2,no_sharing,193.5396,34.771,30.0415,28.927,0.0033,0.6097,1.9374,0.0,4.7294,1778783771971766927
vocseg__app2,no_sharing,194.4384,35.1839,30.4889,29.2883,0.0032,0.6389,1.7908,0.0,4.695,1778783772870371679
vocseg__app2,no_sharing,195.4268,35.3129,29.8513,28.7587,0.0028,0.5747,2.728,0.0,5.4616,1778783773859710994
vocseg__app2,no_sharing,196.9016,34.375,29.6386,28.5457,0.0027,0.5918,1.889,0.0,4.7364,1778783775333653664
vocseg__app2,no_sharing,197.2868,34.2274,29.6427,28.5117,0.0029,0.6217,1.7145,0.0,4.5847,1778783775718715249
vocseg__app2,no_sharing,198.9319,34.4298,29.831,28.7041,0.0029,0.5776,1.8313,0.0,4.5988,1778783777363917204
vocseg__app2,no_sharing,199.1451,34.2453,29.7723,28.6317,0.0033,0.5999,1.8125,0.0,4.4729,1778783777577042487
vocseg__app2,no_sharing,199.4428,34.7764,30.0827,28.9029,0.0027,0.6059,1.8761,0.0,4.6938,1778783777874823019
vocseg__app2,no_sharing,199.5308,34.5867,29.761,28.6325,0.0034,0.5684,1.8411,0.0,4.8256,1778783777962771813
vocseg__app2,no_sharing,199.8067,34.6065,29.8615,28.6656,0.0029,0.5915,1.9109,0.0,4.7449,1778783778238830293
vocseg__app2,no_sharing,199.9844,53.9227,48.7634,45.7053,0.003,2.4997,2.528,0.0,5.1593,1778783778417090172
vocseg__app2,no_sharing,199.99,96.7641,45.7347,42.3761,0.0028,2.8364,48.315,0.0,51.0294,1778783778468499447
vocseg__app2,no_sharing,200.0555,126.142,91.0099,89.604,0.0036,0.7128,31.2018,0.0,35.1321,1778783778516827109
vocseg__app2,no_sharing,200.2258,35.2094,30.0029,28.8496,0.0029,0.5871,2.5027,0.0,5.2065,1778783778658452341
vocseg__app2,no_sharing,200.7221,44.2846,39.725,38.5386,0.0025,0.625,1.9102,0.0,4.5596,1778783779154124021
vocseg__app2,no_sharing,201.3808,34.4663,29.7784,28.6976,0.0033,0.5859,1.8671,0.0,4.6879,1778783779812860988
vocseg__app2,no_sharing,202.6453,34.493,29.7418,28.6022,0.0027,0.5875,1.94,0.0,4.7511,1778783781077430665
vocseg__app2,no_sharing,202.694,33.7763,29.3443,28.2173,0.0029,0.579,1.5299,0.0,4.432,1778783781125673560
vocseg__app2,no_sharing,202.7689,33.5655,29.3146,28.3059,0.0029,0.5516,1.6825,0.0,4.2509,1778783781200763949
vocseg__app2,no_sharing,203.7366,34.8673,29.7315,28.5538,0.0025,0.5834,1.9329,0.0,5.1358,1778783782168703636
vocseg__app2,no_sharing,204.1382,33.8759,29.3972,28.362,0.0023,0.5639,1.7257,0.0,4.4788,1778783782570123280
vocseg__app2,no_sharing,204.4766,34.513,29.871,28.6989,0.0032,0.5845,1.8981,0.0,4.642,1778783782908640124
vocseg__app2,no_sharing,205.1309,35.6719,30.9428,29.7549,0.0028,0.5995,1.9302,0.0,4.7292,1778783783562976163
vocseg__app2,no_sharing,205.1469,78.9473,56.8299,55.5826,0.0025,0.6848,19.4533,0.0,22.1174,1778783783596561649
vocseg__app2,no_sharing,206.4398,35.2454,30.3564,29.2462,0.0031,0.6158,2.0001,0.0,4.889,1778783784871939503
vocseg__app2,no_sharing,206.8818,34.3909,29.8092,28.697,0.0028,0.5639,1.8723,0.0,4.5818,1778783785313818665
vocseg__app2,no_sharing,207.7681,34.2817,29.6663,28.6394,0.0026,0.5692,1.9283,0.0,4.6154,1778783786200248544
vocseg__app2,no_sharing,208.203,34.1656,29.513,28.4725,0.0032,0.5761,1.874,0.0,4.6526,1778783786635030312
vocseg__app2,no_sharing,208.7223,34.2424,29.6142,28.4614,0.0031,0.5832,1.8728,0.0,4.6282,1778783787154342723
vocseg__app2,no_sharing,208.9591,34.7095,29.6051,28.489,0.0027,0.5764,2.4703,0.0,5.1044,1778783787391715211
vocseg__app2,no_sharing,209.4166,51.1656,45.6394,43.9326,0.0031,0.6359,2.847,0.0,5.5262,1778783787849650036
vocseg__app2,no_sharing,209.6321,35.0833,30.5528,29.398,0.0029,0.5853,1.8375,0.0,4.5305,1778783788064112917
vocseg__app2,no_sharing,209.6451,53.771,29.1479,28.0949,0.0022,0.5718,22.099,0.0,24.6231,1778783788097313219
vocseg__app2,no_sharing,210.0642,34.8647,30.0856,28.8812,0.0026,0.6118,1.9727,0.0,4.779,1778783788496370906
vocseg__app2,no_sharing,210.2254,34.7247,30.0342,28.8474,0.0028,0.596,1.8833,0.0,4.6905,1778783788657422598
vocseg__app2,no_sharing,210.5506,49.8626,45.1893,42.1899,0.0035,2.4604,1.9178,0.0,4.6734,1778783788982677617
vocseg__app2,no_sharing,210.9099,34.5848,29.7694,28.6799,0.0029,0.6067,2.0199,0.0,4.8153,1778783789342101960
vocseg__app2,no_sharing,211.1088,34.2741,29.6058,28.5174,0.0031,0.5961,1.8659,0.0,4.6683,1778783789540832779
vocseg__app2,no_sharing,211.8327,34.3888,29.6604,28.5625,0.0028,0.5917,1.899,0.0,4.7284,1778783790264740726
vocseg__app2,no_sharing,212.8645,34.7815,29.8087,28.6628,0.0033,0.5643,1.889,0.0,4.9727,1778783791296586860
vocseg__app2,no_sharing,212.8985,32.6622,28.7351,27.7552,0.0023,0.5383,1.3893,0.0,3.927,1778783791330010965
vocseg__app2,no_sharing,213.2256,35.2428,30.6099,29.4283,0.0029,0.6085,1.8637,0.0,4.6329,1778783791657592658
vocseg__app2,no_sharing,213.2345,57.7447,28.994,28.0643,0.0029,0.5441,26.2482,0.0,28.7507,1778783791690922288
vocseg__app2,no_sharing,214.0494,34.5161,29.9321,28.7198,0.0027,0.6388,1.7755,0.0,4.584,1778783792481328582
vocseg__app2,no_sharing,214.1721,34.3685,29.7199,28.5432,0.0024,0.6023,1.9066,0.0,4.6486,1778783792604195313
vocseg__app2,no_sharing,215.7723,34.8074,30.0557,28.865,0.0177,0.6089,1.9205,0.0,4.7517,1778783794204359128
vocseg__app2,no_sharing,216.918,34.6701,29.9919,28.7928,0.0028,0.6354,1.8566,0.0,4.6783,1778783795350014200
vocseg__app2,no_sharing,216.9758,34.2965,29.788,28.7137,0.0023,0.5595,1.8985,0.0,4.5086,1778783795407893967
vocseg__app2,no_sharing,216.9767,64.78,28.8374,27.808,0.0027,0.5673,33.3531,0.0,35.9426,1778783795440205939
vocseg__app2,no_sharing,217.3378,34.4799,29.7527,28.5877,0.0025,0.5864,1.9248,0.0,4.7271,1778783795769862552
vocseg__app2,no_sharing,217.4114,34.6079,29.9867,28.4239,0.0026,0.5818,1.8387,0.0,4.6212,1778783795843440928
vocseg__app2,no_sharing,217.9056,34.3285,29.7246,28.5492,0.0029,0.595,1.8814,0.0,4.6039,1778783796337654638
vocseg__app2,no_sharing,217.9541,33.6561,29.2433,28.1272,0.0033,0.5937,1.5504,0.0,4.4128,1778783796385795947
vocseg__app2,no_sharing,218.2011,34.3683,29.5591,28.4374,0.0037,0.5742,2.08,0.0,4.8092,1778783796633357309
vocseg__app2,no_sharing,218.5306,34.2765,29.6907,28.5239,0.0032,0.5973,1.8504,0.0,4.5858,1778783796962582202
vocseg__app2,no_sharing,219.6018,90.3225,83.7156,78.3505,0.0028,4.7105,2.78,0.0,6.6069,1778783798034731976
vocseg__app2,no_sharing,219.6625,125.7625,93.2598,90.5548,0.0028,2.157,29.4867,0.0,32.5026,1778783798122159668
vocseg__app2,no_sharing,220.232,34.3387,29.6667,28.5209,0.0033,0.5823,1.9188,0.0,4.672,1778783798664053767
vocseg__app2,no_sharing,220.4947,34.3306,29.5668,28.4282,0.0026,0.5888,1.9238,0.0,4.7638,1778783798926808308
vocseg__app2,no_sharing,221.6997,34.2991,29.6645,28.478,0.0032,0.6077,1.8537,0.0,4.6347,1778783800131720550
vocseg__app2,no_sharing,222.5348,34.5325,29.7671,28.5959,0.0027,0.5953,1.9212,0.0,4.7655,1778783800966889144
vocseg__app2,no_sharing,222.7907,34.3161,29.6871,28.5059,0.0026,0.59,1.858,0.0,4.629,1778783801222757320
vocseg__app2,no_sharing,222.8492,34.0409,29.6241,28.509,0.0036,0.5795,1.6603,0.0,4.4168,1778783801281040364
vocseg__app2,no_sharing,223.1237,34.3049,29.6358,28.5421,0.0034,0.6011,1.8535,0.0,4.6691,1778783801555691637
vocseg__app2,no_sharing,223.1772,33.8707,29.3134,28.2431,0.004,0.6196,1.7276,0.0,4.5573,1778783801609040966
vocseg__app2,no_sharing,223.7056,42.9463,38.2325,35.5027,0.0043,1.9475,1.9128,0.0,4.7138,1778783802137730334
vocseg__app2,no_sharing,223.8627,34.2789,29.6175,28.5333,0.0027,0.605,1.879,0.0,4.6614,1778783802294720601
vocseg__app2,no_sharing,224.2701,33.9365,29.6334,28.4941,0.0026,0.5872,1.6263,0.0,4.3031,1778783802701831310
vocseg__app2,no_sharing,224.2978,37.6129,29.1291,28.1243,0.0029,0.5906,6.0282,0.0,8.4838,1778783802733992665
vocseg__app2,no_sharing,224.7384,33.8171,29.4794,28.3888,0.003,0.5536,1.7157,0.0,4.3377,1778783803170277466
vocseg__app2,no_sharing,225.2593,78.2013,72.0194,66.6356,0.0026,4.7661,1.8892,0.0,6.1819,1778783803691308929
vocseg__app2,no_sharing,225.8402,34.615,29.8037,28.6309,0.0025,0.6181,1.9398,0.0,4.8113,1778783804272348597
vocseg__app2,no_sharing,226.468,34.6332,29.6968,28.5952,0.0029,0.5981,2.1148,0.0,4.9364,1778783804900238720
vocseg__app2,no_sharing,226.8031,34.3552,29.693,28.6048,0.0031,0.5938,1.8394,0.0,4.6622,1778783805235101977
vocseg__app2,no_sharing,227.4894,34.6284,29.8152,28.6674,0.0025,0.5668,2.0201,0.0,4.8131,1778783805921607130
vocseg__app2,no_sharing,227.7771,35.466,30.4675,29.4039,0.0024,0.6009,2.3675,0.0,4.9985,1778783806209612130
vocseg__app2,no_sharing,227.7925,52.0184,29.307,28.263,0.0026,0.6095,20.0303,0.0,22.7115,1778783806242702905
vocseg__app2,no_sharing,228.0629,34.3773,29.7633,28.6867,0.0029,0.5843,1.8218,0.0,4.6141,1778783806494883212
vocseg__app2,no_sharing,228.8182,34.8997,30.0813,28.9184,0.0027,0.588,2.0237,0.0,4.8184,1778783807250387122
vocseg__app2,no_sharing,229.4567,35.4171,30.8513,29.6887,0.0028,0.5802,1.909,0.0,4.5658,1778783807888799359
vocseg__app2,no_sharing,229.4767,47.2138,29.3176,28.2751,0.0022,0.5561,15.3692,0.0,17.8962,1778783807922220968
vocseg__app2,no_sharing,229.7022,34.606,29.8834,28.8008,0.0029,0.606,1.8938,0.0,4.7226,1778783808134293783
vocseg__app2,no_sharing,230.1254,34.4861,29.6593,28.5752,0.003,0.5988,2.0545,0.0,4.8268,1778783808557608113
vocseg__app2,no_sharing,230.5514,34.7137,30.0683,28.904,0.0031,0.6006,1.905,0.0,4.6455,1778783808983440162
vocseg__app2,no_sharing,230.9779,34.2896,29.9258,28.716,0.0027,0.603,1.7214,0.0,4.3638,1778783809409770329
vocseg__app2,no_sharing,231.0373,33.7486,29.4027,28.2277,0.0034,0.6541,1.5571,0.0,4.3459,1778783809469041289
vocseg__app2,no_sharing,231.4941,34.3776,29.7689,28.6984,0.003,0.6082,1.7529,0.0,4.6086,1778783809925974414
vocseg__app2,no_sharing,231.6818,34.0548,29.4897,28.345,0.0022,0.5901,1.8461,0.0,4.565,1778783810113771825
vocseg__app2,no_sharing,233.3022,34.2567,29.6588,28.6109,0.0027,0.5916,1.8692,0.0,4.5979,1778783811734226154
vocseg__app2,no_sharing,233.5498,35.2635,30.5407,28.8542,0.0032,0.5921,1.8823,0.0,4.7228,1778783811981866851
vocseg__app2,no_sharing,233.6042,33.4036,29.2516,28.1998,0.0023,0.57,1.5941,0.0,4.152,1778783812036001683
vocseg__app2,no_sharing,234.1481,88.027,82.9248,77.5071,0.004,4.7787,1.8699,0.0,5.1022,1778783812580158121
vocseg__app2,no_sharing,234.1785,91.0583,30.5593,29.4922,0.0029,0.6259,57.4727,0.0,60.4989,1778783812666134814
vocseg__app2,no_sharing,234.8927,34.776,30.1772,29.0042,0.0023,0.5833,1.9135,0.0,4.5988,1778783813324759299
vocseg__app2,no_sharing,235.0757,34.3297,29.8121,28.6784,0.0027,0.5704,1.7545,0.0,4.5175,1778783813507625991
vocseg__app2,no_sharing,235.2392,34.4701,29.9249,28.8101,0.0028,0.5723,1.7853,0.0,4.5451,1778783813671168196
vocseg__app2,no_sharing,235.5859,64.6322,60.2182,58.9321,0.0037,0.6746,1.7962,0.0,4.414,1778783814017865731
vocseg__app2,no_sharing,235.5897,93.5366,29.9225,28.8648,0.0021,0.5577,60.8268,0.0,63.6142,1778783814080691502
vocseg__app2,no_sharing,236.701,34.6806,29.9102,28.7492,0.003,0.5981,1.8601,0.0,4.7704,1778783815133001860
vocseg__app2,no_sharing,237.4816,92.5324,87.2011,85.9289,0.0028,0.656,1.8439,0.0,5.3313,1778783815913554030
vocseg__app2,no_sharing,237.5555,73.1452,51.7882,48.8103,0.0027,2.4658,18.6815,0.0,21.3569,1778783816004371788
vocseg__app2,no_sharing,237.5726,94.8644,36.1578,35.1054,0.0023,0.5808,55.9766,0.0,58.7066,1778783816058741237
vocseg__app2,no_sharing,237.8828,35.2237,29.8012,28.6612,0.0031,0.5782,2.5988,0.0,5.4225,1778783816315585179
vocseg__app2,no_sharing,238.1755,52.7239,47.4802,46.4309,0.0026,0.5953,2.6364,0.0,5.2437,1778783816608270058
vocseg__app2,no_sharing,238.2564,33.0637,29.1105,28.1119,0.0022,0.5366,1.4329,0.0,3.9531,1778783816687944787
vocseg__app2,no_sharing,238.8142,34.7338,30.0374,28.8675,0.0029,0.6092,1.9004,0.0,4.6964,1778783817246243934
vocseg__app2,no_sharing,238.9682,43.1895,38.5986,35.6738,0.0031,2.3691,1.874,0.0,4.5909,1778783817400201735
vocseg__app2,no_sharing,239.2746,34.5464,29.783,28.6456,0.0025,0.5669,2.0132,0.0,4.7633,1778783817706771453
vocseg__app2,no_sharing,240.2571,34.3904,29.8089,28.6774,0.0028,0.5894,1.8115,0.0,4.5815,1778783818689113585
vocseg__app2,no_sharing,240.5416,35.2895,30.3346,28.6209,0.0028,0.6004,1.8144,0.0,4.9549,1778783818973622296
vocseg__app2,no_sharing,240.6091,33.6609,29.287,28.2843,0.0023,0.565,1.6866,0.0,4.3739,1778783819040952312
vocseg__app2,no_sharing,240.6799,59.9225,55.776,50.5773,0.0028,4.6791,1.3525,0.0,4.1465,1778783819111429366
vocseg__app2,no_sharing,241.1065,35.1675,29.6969,28.6514,0.0027,0.5673,2.6581,0.0,5.4706,1778783819539343284
vocseg__app2,no_sharing,241.5521,70.3402,64.9791,59.6039,0.0037,4.7866,2.667,0.0,5.3611,1778783819984920003
vocseg__app2,no_sharing,241.6085,101.2144,84.1798,82.9575,0.0034,0.6972,13.9468,0.0,17.0346,1778783820052592024
vocseg__app2,no_sharing,243.1213,34.292,29.5992,28.4684,0.0025,0.5775,1.9121,0.0,4.6928,1778783821553338863
vocseg__app2,no_sharing,243.2418,33.4783,29.2861,28.2156,0.0033,0.5652,1.5469,0.0,4.1922,1778783821673465670
vocseg__app2,no_sharing,243.5677,34.7385,30.1786,29.0402,0.0029,0.5829,1.8191,0.0,4.56,1778783821999671512
vocseg__app2,no_sharing,244.8028,34.6375,29.8664,28.7151,0.0036,0.6035,1.9481,0.0,4.7711,1778783823234965995
vocseg__app2,no_sharing,245.6011,102.7403,97.2443,94.1728,0.0028,2.4693,2.919,0.0,5.496,1778783824034245725
vocseg__app2,no_sharing,245.6102,129.7646,33.2448,32.1935,0.0024,0.5963,93.6348,0.0,96.5198,1778783824134042747
vocseg__app2,no_sharing,246.8722,43.9615,38.5574,37.3925,0.0035,0.6009,2.8138,0.0,5.4041,1778783825305140310
vocseg__app2,no_sharing,246.9333,36.0839,31.5814,30.4514,0.0033,0.5927,1.6022,0.0,4.5025,1778783825365032494
vocseg__app2,no_sharing,246.9815,33.8092,29.545,28.4375,0.0025,0.5814,1.5893,0.0,4.2642,1778783825413254312
vocseg__app2,no_sharing,247.2557,34.1823,29.6018,28.5418,0.0025,0.5836,1.8137,0.0,4.5805,1778783825687689891
vocseg__app2,no_sharing,247.4689,50.8075,45.051,43.8545,0.0026,0.637,3.1316,0.0,5.7565,1778783825902194472
vocseg__app2,no_sharing,248.408,34.4505,29.7181,28.574,0.0028,0.5901,1.9133,0.0,4.7324,1778783826840128960
vocseg__app2,no_sharing,250.0399,83.3378,77.503,76.1705,0.0035,0.7151,2.8772,0.0,5.8348,1778783828472962246
vocseg__app2,no_sharing,250.1995,34.9205,29.7819,28.6498,0.0035,0.5987,2.4524,0.0,5.1385,1778783828632074804
vocseg__app2,no_sharing,250.3135,36.2809,30.5906,29.4214,0.0028,0.6152,2.924,0.0,5.6902,1778783828746628498
vocseg__app2,no_sharing,252.0469,94.3336,87.4973,79.7935,0.003,7.0247,2.6522,0.0,6.8364,1778783830479740023
vocseg__app2,no_sharing,252.1122,101.6858,68.9711,65.9717,0.0043,2.3336,28.887,0.0,32.7146,1778783830571278814
vocseg__app2,no_sharing,252.805,34.4908,29.757,28.5359,0.0028,0.618,1.8988,0.0,4.7338,1778783831237045467
vocseg__app2,no_sharing,253.2621,34.6067,29.7807,28.6715,0.0034,0.609,1.9031,0.0,4.826,1778783831694157026
vocseg__app2,no_sharing,253.7938,35.4307,29.9581,28.7714,0.003,0.5908,2.6762,0.0,5.4725,1778783832226604101
vocseg__app2,no_sharing,254.8353,34.4965,29.8101,28.6874,0.0025,0.581,1.9393,0.0,4.6865,1778783833267360967
vocseg__app2,no_sharing,255.068,34.3962,29.7924,28.6354,0.0032,0.5885,1.842,0.0,4.6038,1778783833500019367
vocseg__app2,no_sharing,255.4664,35.1181,30.1686,28.9844,0.0031,0.6,2.0523,0.0,4.9495,1778783833898571104
vocseg__app2,no_sharing,256.3552,34.6508,29.9618,28.8172,0.0031,0.5983,1.9455,0.0,4.6891,1778783834787359272
vocseg__app2,no_sharing,256.4731,35.0199,30.2629,29.0934,0.0033,0.5883,1.9126,0.0,4.757,1778783834905211157
vocseg__app2,no_sharing,256.5613,35.1434,30.4272,29.3373,0.003,0.5994,1.8511,0.0,4.7161,1778783834993365189
vocseg__app2,no_sharing,256.6173,121.2599,115.4734,107.9619,0.0051,6.7782,1.7021,0.0,5.7865,1778783835049139391
vocseg__app2,no_sharing,257.0441,34.6735,29.782,28.6238,0.0029,0.5972,2.038,0.0,4.8915,1778783835476290562
vocseg__app2,no_sharing,257.143,50.9582,45.2336,39.9654,0.0028,4.6595,1.8249,0.0,5.7246,1778783835574946738
vocseg__app2,no_sharing,257.1862,114.2123,103.4466,102.1831,0.0036,0.7129,7.6036,0.0,10.7657,1778783835623991480
vocseg__app2,no_sharing,257.8673,77.1384,71.2996,65.902,0.0028,4.8263,1.7703,0.0,5.8388,1778783836299194194
vocseg__app2,no_sharing,258.3939,35.1033,30.2993,29.0775,0.0031,0.6486,1.8795,0.0,4.804,1778783836825949856
vocseg__app2,no_sharing,258.4402,34.5836,29.8743,28.7266,0.0031,0.6021,1.7273,0.0,4.7093,1778783836872065358
vocseg__app2,no_sharing,258.6987,35.1646,30.4587,28.7831,0.0028,0.6086,1.9104,0.0,4.7059,1778783837130796092
vocseg__app2,no_sharing,259.1836,34.821,29.9341,28.8159,0.003,0.5981,1.8404,0.0,4.887,1778783837615561812
vocseg__app2,no_sharing,259.2475,33.7226,29.4118,28.4086,0.0024,0.5583,1.6906,0.0,4.3108,1778783837679389245
vocseg__app2,no_sharing,259.8212,34.7204,29.9546,28.8439,0.0025,0.6099,1.9197,0.0,4.7658,1778783838253286787
vocseg__app2,no_sharing,259.9562,34.2481,29.6584,28.5357,0.0026,0.5797,1.8508,0.0,4.5898,1778783838388173974
vocseg__app2,no_sharing,260.3979,34.0593,29.7111,28.602,0.0024,0.5494,1.6141,0.0,4.3482,1778783838829716902
vocseg__app2,no_sharing,260.7257,35.5911,30.75,29.6798,0.0039,0.604,2.1329,0.0,4.8411,1778783839158015615
vocseg__app2,no_sharing,261.8033,35.1949,29.897,28.7247,0.0029,0.6181,2.5117,0.0,5.2978,1778783840235956350
vocseg__app2,no_sharing,262.359,47.0908,42.2829,39.2548,0.003,2.4194,1.9014,0.0,4.8079,1778783840791085703
vocseg__app2,no_sharing,262.6651,34.5588,29.8297,28.7,0.0026,0.5647,1.9345,0.0,4.7291,1778783841097238819
vocseg__app2,no_sharing,263.4326,48.4576,42.4021,39.5362,0.0031,2.3493,1.9288,0.0,6.0555,1778783841864736563
vocseg__app2,no_sharing,263.4366,139.9601,90.8607,63.3476,0.0028,13.5275,45.1612,0.0,49.0994,1778783841911960630
vocseg__app2,no_sharing,263.4673,112.3648,90.8607,63.3476,0.0028,13.5275,14.4522,0.0,21.5041,1778783841911960630
vocseg__app2,no_sharing,263.969,36.7513,31.275,30.0934,0.003,0.6174,2.6333,0.0,5.4762,1778783842401794562
vocseg__app2,no_sharing,264.0069,33.5569,29.4214,28.3486,0.0024,0.583,1.5385,0.0,4.1355,1778783842438590523
vocseg__app2,no_sharing,265.9901,34.5392,29.8474,28.651,0.003,0.6009,1.8761,0.0,4.6918,1778783844422109977
vocseg__app2,no_sharing,266.7558,34.9743,29.6642,28.6035,0.0027,0.5882,2.5833,0.0,5.3102,1778783845188532467
vocseg__app2,no_sharing,266.7884,34.3299,29.0372,27.9786,0.0036,0.5721,2.769,0.0,5.2927,1778783845221359606
vocseg__app2,no_sharing,267.0942,34.3885,29.6502,28.536,0.0034,0.5698,2.0208,0.0,4.7384,1778783845526357499
vocseg__app2,no_sharing,267.8332,48.4962,43.8943,42.6209,0.0035,0.6285,1.858,0.0,4.602,1778783846265243469
vocseg__app2,no_sharing,267.9479,33.7946,29.4936,28.3955,0.0034,0.5765,1.6768,0.0,4.3011,1778783846379726653
vocseg__app2,no_sharing,268.0829,35.6026,30.8535,29.6637,0.0032,0.6078,1.9169,0.0,4.7491,1778783846515025475
vocseg__app2,no_sharing,268.1908,34.157,29.6612,28.5097,0.003,0.5892,1.7912,0.0,4.4958,1778783846622715266
vocseg__app2,no_sharing,268.3962,34.9863,30.4568,29.396,0.0024,0.5883,1.8659,0.0,4.5294,1778783846828270120
vocseg__app2,no_sharing,268.4173,72.4094,55.6566,52.744,0.003,2.4172,13.8953,0.0,16.7528,1778783846861315608
vocseg__app2,no_sharing,268.8433,34.1763,29.5734,28.4428,0.0028,0.5822,1.8845,0.0,4.603,1778783847275321590
vocseg__app2,no_sharing,269.8055,35.0478,29.7425,28.6336,0.0024,0.5616,2.6648,0.0,5.3052,1778783848238329920
vocseg__app2,no_sharing,270.2151,34.5058,29.8003,28.6491,0.0027,0.5917,1.9598,0.0,4.7056,1778783848647211104
vocseg__app2,no_sharing,271.7725,35.7494,30.6913,29.318,0.0039,0.6028,2.1465,0.0,5.0581,1778783850204810803
vocseg__app2,no_sharing,271.7745,65.7229,29.3294,28.206,0.0031,0.5768,33.6902,0.0,36.3936,1778783850238329584
vocseg__app2,no_sharing,271.9344,34.5371,29.7747,28.606,0.003,0.6121,1.931,0.0,4.7624,1778783850366527647
vocseg__app2,no_sharing,272.1363,34.749,29.8936,28.6976,0.0035,0.6197,1.9054,0.0,4.8555,1778783850568373829
vocseg__app2,no_sharing,274.5354,34.5812,29.8227,28.6417,0.0029,0.6154,1.8959,0.0,4.7585,1778783852967468182
vocseg__app2,no_sharing,274.9896,50.9264,46.3268,41.0775,0.0027,4.6601,1.8718,0.0,4.5997,1778783853421611456
vocseg__app2,no_sharing,275.2672,34.3602,29.5885,28.5285,0.0025,0.5788,1.9531,0.0,4.7716,1778783853699348855
vocseg__app2,no_sharing,275.4812,35.2592,30.4342,29.2473,0.0038,0.6006,1.9231,0.0,4.825,1778783853913291552
vocseg__app2,no_sharing,275.8395,60.4982,54.3043,48.9642,0.0032,4.7871,1.9314,0.0,6.194,1778783854271593341
vocseg__app2,no_sharing,276.0706,34.6582,29.7962,28.6389,0.0027,0.5787,2.0616,0.0,4.862,1778783854502805389
vocseg__app2,no_sharing,276.2413,34.2276,29.6633,28.4507,0.0028,0.6202,1.8125,0.0,4.5643,1778783854673227568
vocseg__app2,no_sharing,276.3587,34.1415,29.4654,28.3759,0.0034,0.6032,1.863,0.0,4.6762,1778783854790750341
vocseg__app2,no_sharing,276.4519,49.6516,45.135,43.4978,0.0028,0.6004,1.8559,0.0,4.5167,1778783854883960215
vocseg__app2,no_sharing,276.5568,34.301,29.8,28.6359,0.0027,0.5976,1.7447,0.0,4.501,1778783854988684272
vocseg__app2,no_sharing,277.976,62.1595,55.9975,50.7122,0.0028,4.6995,1.9429,0.0,6.1621,1778783856408081656
vocseg__app2,no_sharing,279.412,34.4555,29.7655,28.6676,0.0033,0.6118,1.8935,0.0,4.6901,1778783857844075517
vocseg__app2,no_sharing,280.3204,41.7299,36.92,35.6836,0.0029,0.6429,1.9884,0.0,4.81,1778783858752568630
vocseg__app2,no_sharing,282.8979,34.3518,29.6846,28.6327,0.0027,0.5627,1.9281,0.0,4.6673,1778783861329998526
vocseg__app2,no_sharing,283.2387,34.5738,29.8343,28.6409,0.0026,0.5941,1.8587,0.0,4.7395,1778783861670752386
vocseg__app2,no_sharing,284.8482,34.7078,29.8496,28.6691,0.003,0.6092,1.996,0.0,4.8582,1778783863280353803
vocseg__app2,no_sharing,284.9141,34.2274,29.632,28.4994,0.0023,0.568,1.8263,0.0,4.5954,1778783863346063029
vocseg__app2,no_sharing,285.6818,34.5488,29.8029,28.6269,0.0028,0.5876,1.9419,0.0,4.7458,1778783864113872473
vocseg__app2,no_sharing,285.8843,34.2767,29.6835,28.5568,0.0024,0.5785,1.8604,0.0,4.5932,1778783864316330285
vocseg__app2,no_sharing,286.8606,34.7171,29.9998,28.7831,0.0033,0.6304,1.9104,0.0,4.7173,1778783865292741043
vocseg__app2,no_sharing,287.4017,89.8883,85.2045,83.8651,0.003,0.738,1.9953,0.0,4.6839,1778783865833875126
vocseg__app2,no_sharing,287.4216,102.9453,29.914,28.8103,0.0034,0.5986,70.1046,0.0,73.0313,1778783865921834873
vocseg__app2,no_sharing,288.2977,34.0829,29.6315,28.4937,0.0025,0.5862,1.8163,0.0,4.4514,1778783866729683523
vocseg__app2,no_sharing,289.4073,35.1167,30.5113,28.6831,0.0045,1.0802,1.9135,0.0,4.6054,1778783867839413678
vocseg__app2,no_sharing,289.8946,34.3716,29.7016,28.5166,0.0029,0.5869,1.879,0.0,4.67,1778783868326706374
vocseg__app2,no_sharing,290.0523,34.3859,29.8474,28.6963,0.0026,0.6025,1.8368,0.0,4.5385,1778783868484303074
vocseg__app2,no_sharing,290.7679,34.5545,29.7803,28.5971,0.0027,0.5903,1.9267,0.0,4.7742,1778783869199948422
vocseg__app2,no_sharing,292.3676,34.4522,29.7962,28.5926,0.0036,0.5987,1.8961,0.0,4.656,1778783870799619042
vocseg__app2,no_sharing,293.9593,35.3076,30.5004,28.8763,0.0028,0.6221,1.977,0.0,4.8073,1778783872391411084
vocseg__app2,no_sharing,294.8908,34.5182,29.8235,28.7703,0.0031,0.555,1.9686,0.0,4.6948,1778783873322976440
vocseg__app2,no_sharing,295.0002,113.4658,108.1664,102.9332,0.0034,4.6041,2.5551,0.0,5.2994,1778783873432929162
vocseg__app2,no_sharing,295.2158,35.4819,29.9752,28.8654,0.003,0.5996,2.5918,0.0,5.5068,1778783873648518151
vocseg__app2,no_sharing,295.9464,34.3392,29.6989,28.5654,0.0027,0.5832,1.8964,0.0,4.6403,1778783874378472081
vocseg__app2,no_sharing,296.5174,34.7598,30.0431,28.8844,0.0025,0.5689,1.8873,0.0,4.7166,1778783874949500009
vocseg__app2,no_sharing,297.1176,34.337,29.647,28.5471,0.003,0.5995,1.91,0.0,4.69,1778783875549631085
vocseg__app2,no_sharing,297.5234,35.0769,30.2342,28.9791,0.0026,0.6774,1.9567,0.0,4.8427,1778783875955529268
vocseg__app2,no_sharing,297.7618,34.404,29.6857,28.5267,0.003,0.5753,1.9181,0.0,4.7184,1778783876193935691
vocseg__app2,no_sharing,298.74,75.2585,70.5868,69.3177,0.0031,0.7131,1.9944,0.0,4.6717,1778783877172122769
vocseg__app2,no_sharing,298.9365,34.5798,29.8635,28.7587,0.0026,0.6024,1.9081,0.0,4.7163,1778783877368547882
vocseg__app2,no_sharing,299.1394,51.4038,45.4636,42.5102,0.0029,2.4807,1.8494,0.0,5.9402,1778783877571382455
vocseg__app2,no_sharing,299.6062,35.0704,29.8811,28.6877,0.0029,0.6127,2.3336,0.0,5.1893,1778783878038654550
vocseg__app2,no_sharing,301.2565,34.6079,29.8979,28.813,0.0028,0.5817,1.9536,0.0,4.71,1778783879688616100
vocseg__app2,no_sharing,301.8173,34.4632,29.7639,28.6488,0.0031,0.6031,1.9305,0.0,4.6993,1778783880249367767
vocseg__app2,no_sharing,302.5154,34.7764,30.1298,29.0481,0.0026,0.5846,1.8978,0.0,4.6467,1778783880947424548
vocseg__app2,no_sharing,302.5973,34.4074,29.7684,28.5958,0.0027,0.6116,1.8563,0.0,4.6389,1778783881029358256
vocseg__app2,no_sharing,303.2817,34.4057,29.9332,28.7509,0.0037,0.5965,1.7681,0.0,4.4725,1778783881713635827
vocseg__app2,no_sharing,303.9693,34.7004,29.9752,28.8004,0.0029,0.609,1.9112,0.0,4.7252,1778783882401359851
vocseg__app2,no_sharing,304.1113,57.5681,52.1232,50.7659,0.0034,0.8496,2.5311,0.0,5.4448,1778783882544048334
vocseg__app2,no_sharing,304.1499,61.6271,40.0243,34.7291,0.003,4.8362,18.8599,0.0,21.6029,1778783882598976658
vocseg__app2,no_sharing,304.3916,34.2605,29.7506,28.585,0.0024,0.5995,1.7672,0.0,4.5099,1778783882823581156
vocseg__app2,no_sharing,305.0593,35.5885,31.0155,29.8644,0.0027,0.6102,1.8466,0.0,4.573,1778783883491289487
vocseg__app2,no_sharing,305.0763,50.3645,29.3477,28.2688,0.0026,0.5751,18.4891,0.0,21.0168,1778783883524920547
vocseg__app2,no_sharing,305.4263,34.5418,29.756,28.6553,0.0027,0.6111,1.9236,0.0,4.7859,1778783883858384360
vocseg__app2,no_sharing,305.491,43.8707,39.2195,33.9859,0.0028,4.6968,1.7297,0.0,4.6511,1778783883922899901
vocseg__app2,no_sharing,305.7413,34.699,30.0041,28.8209,0.0034,0.6149,1.9403,0.0,4.6949,1778783884173478344
vocseg__app2,no_sharing,306.0693,34.6229,29.9674,28.876,0.0033,0.6116,1.8501,0.0,4.6555,1778783884501277387
vocseg__app2,no_sharing,306.252,89.3149,84.162,82.3476,0.0031,1.2525,2.0757,0.0,5.1529,1778783884684310017
vocseg__app2,no_sharing,306.6759,34.6837,29.9236,28.7761,0.0029,0.5871,1.9319,0.0,4.7601,1778783885108021118
vocseg__app2,no_sharing,307.3534,34.6706,29.8889,28.7659,0.0028,0.5829,1.9681,0.0,4.7817,1778783885785584691
vocseg__app2,no_sharing,307.4423,34.9834,30.1901,29.0715,0.0029,0.5993,1.9243,0.0,4.7933,1778783885874399816
vocseg__app2,no_sharing,307.6185,34.8344,30.0291,28.8103,0.0029,0.6153,1.9269,0.0,4.8053,1778783886050550854
vocseg__app2,no_sharing,307.9644,33.9487,29.4724,28.3806,0.0026,0.5646,1.77,0.0,4.4763,1778783886396293611
vocseg__app2,no_sharing,308.4199,46.3195,40.5256,37.6292,0.0029,2.4054,1.8733,0.0,5.7939,1778783886851932792
vocseg__app2,no_sharing,309.8791,34.2829,29.639,28.512,0.0028,0.618,1.7648,0.0,4.6439,1778783888310995661
vocseg__app2,no_sharing,311.3869,34.3928,29.6443,28.5588,0.0024,0.5852,1.9505,0.0,4.7485,1778783889818986273
vocseg__app2,no_sharing,311.8127,81.2607,76.6124,73.6137,0.0037,2.3819,1.8647,0.0,4.6483,1778783890244766819
vocseg__app2,no_sharing,312.5346,92.6733,87.4627,82.083,0.0026,4.757,2.5995,0.0,5.2106,1778783890967345537
vocseg__app2,no_sharing,313.0911,34.7865,30.2778,28.6349,0.0034,0.6071,1.7638,0.0,4.5087,1778783891523038947
vocseg__app2,no_sharing,313.4128,55.8882,50.354,48.9567,0.003,0.7297,2.7313,0.0,5.5342,1778783891845702225
vocseg__app2,no_sharing,313.6576,35.0702,30.3025,29.0922,0.0024,0.6288,1.8759,0.0,4.7677,1778783892089727011
vocseg__app2,no_sharing,316.2744,35.4331,29.9647,28.7726,0.0025,0.6113,2.6691,0.0,5.4683,1778783894707200889
vocseg__app2,no_sharing,316.382,46.0348,40.6298,39.4597,0.0029,0.6029,2.6939,0.0,5.4051,1778783894814848288
vocseg__app2,no_sharing,316.8186,34.9855,29.9546,28.7829,0.0026,0.6055,2.1183,0.0,5.031,1778783895250860785
vocseg__app2,no_sharing,316.8195,66.2849,29.5064,28.3244,0.0028,0.6045,33.927,0.0,36.7785,1778783895283557540
vocseg__app2,no_sharing,317.1271,34.3738,29.7389,28.6472,0.0029,0.612,1.8346,0.0,4.6348,1778783895559151687
vocseg__app2,no_sharing,317.1807,34.7376,30.2969,29.1517,0.003,0.5956,1.6332,0.0,4.4407,1778783895612500971
vocseg__app2,no_sharing,319.008,34.3869,29.9061,28.7277,0.0037,0.6269,1.7672,0.0,4.4808,1778783897439906319
vocseg__app2,no_sharing,319.1276,34.0667,29.5632,28.4632,0.0029,0.5713,1.7755,0.0,4.5035,1778783897559507681
vocseg__app2,no_sharing,319.3257,34.4589,29.8108,28.5998,0.0028,0.6038,1.8673,0.0,4.6481,1778783897757722102
vocseg__app2,no_sharing,319.3577,35.1446,29.5339,28.3995,0.0026,0.6069,2.9061,0.0,5.6107,1778783897790772379
vocseg__app2,no_sharing,320.3696,47.5388,43.0747,41.976,0.0029,0.6157,1.8117,0.0,4.4641,1778783898801540437
vocseg__app2,no_sharing,321.6205,36.7367,32.2281,31.0697,0.0027,0.6032,1.853,0.0,4.5086,1778783900052490022
vocseg__app2,no_sharing,322.4803,35.9602,30.7853,29.0219,0.004,0.9438,1.9391,0.0,5.1749,1778783900912418716
vocseg__app2,no_sharing,322.7141,34.4322,29.7935,28.6273,0.0032,0.6065,1.8115,0.0,4.6386,1778783901146032399
vocseg__app2,no_sharing,323.7514,80.6847,76.0181,70.5825,0.003,4.7861,1.9197,0.0,4.6665,1778783902183521816
vocseg__app2,no_sharing,325.6289,104.6631,95.7196,92.3052,0.003,2.8739,6.16,0.0,8.9435,1778783904065374340
vocseg__app2,no_sharing,325.7479,99.2234,94.847,93.6014,0.0039,0.6812,1.631,0.0,4.3764,1778783904179654425
vocseg__app2,no_sharing,326.0569,60.7488,55.2495,53.5117,0.0028,0.6362,2.8331,0.0,5.4993,1778783904489848813
vocseg__app2,no_sharing,326.2038,34.5795,30.5211,29.4561,0.0028,0.565,1.5407,0.0,4.0584,1778783904635491650
vocseg__app2,no_sharing,326.2087,60.9188,28.8397,27.9214,0.0018,0.5285,29.6683,0.0,32.0791,1778783904668507348
vocseg__app2,no_sharing,328.1883,49.5176,44.825,43.6483,0.0031,0.6265,1.9896,0.0,4.6926,1778783906620464212
vocseg__app2,no_sharing,329.5547,34.3208,29.6363,28.511,0.0026,0.5624,1.9281,0.0,4.6846,1778783907986829891
vocseg__app2,no_sharing,329.9957,34.1568,29.6202,28.5424,0.0031,0.6033,1.7047,0.0,4.5366,1778783908427608385
vocseg__app2,no_sharing,330.3729,60.1206,53.6042,48.41,0.0025,4.6,2.3894,0.0,6.5163,1778783908805482606
vocseg__app2,no_sharing,330.7029,91.7084,83.1072,81.1895,0.0034,1.1678,5.8093,0.0,8.6013,1778783909138932757
vocseg__app2,no_sharing,330.7767,51.6276,30.6639,29.6433,0.0024,0.5948,18.0144,0.0,20.9638,1778783909224897118
vocseg__app2,no_sharing,331.3138,62.1717,56.1011,50.8236,0.0033,4.7766,1.9367,0.0,6.0706,1778783909745860268
vocseg__app2,no_sharing,331.7768,34.7617,30.0419,28.8821,0.004,0.6033,1.941,0.0,4.7198,1778783910208906881
vocseg__app2,no_sharing,332.6234,103.7564,97.7667,94.7317,0.0037,2.2836,3.2754,0.0,5.9898,1778783911056881854
vocseg__app2,no_sharing,332.7256,131.1469,126.2681,122.6823,0.0027,3.0195,2.1675,0.0,4.8788,1778783911157936479
vocseg__app2,no_sharing,332.922,66.9897,60.2699,54.917,0.0029,4.6869,2.4765,0.0,6.7197,1778783911354603947
vocseg__app2,no_sharing,333.1316,34.8303,29.661,28.6237,0.0027,0.5737,2.517,0.0,5.1694,1778783911564341613
vocseg__app2,no_sharing,333.2868,34.2286,29.74,28.6945,0.0175,0.5819,1.7352,0.0,4.4886,1778783911718647545
vocseg__app2,no_sharing,333.7637,60.1635,54.2792,52.9331,0.003,0.6788,2.8272,0.0,5.8843,1778783912196732824
vocseg__app2,no_sharing,334.0433,58.3363,51.6055,46.4557,0.0032,4.6462,2.6002,0.0,6.7307,1778783912476036921
vocseg__app2,no_sharing,334.1422,34.5213,29.8503,28.673,0.0034,0.6075,1.848,0.0,4.6711,1778783912574247323
vocseg__app2,no_sharing,334.3183,42.172,37.724,36.6486,0.0025,0.5936,1.8237,0.0,4.448,1778783912750291985
vocseg__app2,no_sharing,335.7704,34.8706,30.2341,28.5194,0.0026,0.6023,1.796,0.0,4.6365,1778783914202307891
vocseg__app2,no_sharing,336.0946,66.0102,59.9125,54.5997,0.0028,4.7892,1.9002,0.0,6.0977,1778783914526726777
vocseg__app2,no_sharing,337.2836,34.7517,30.0632,28.9464,0.0032,0.5987,1.8432,0.0,4.6885,1778783915715664303
vocseg__app2,no_sharing,337.5703,35.8632,31.0311,29.8407,0.0034,0.6188,2.063,0.0,4.832,1778783916002531401
vocseg__app2,no_sharing,337.7169,34.0273,29.5864,28.4527,0.0032,0.5826,1.7262,0.0,4.441,1778783916148830762
vocseg__app2,no_sharing,338.4826,52.2494,47.569,44.5572,0.0028,2.4054,1.9274,0.0,4.6804,1778783916914672698
vocseg__app2,no_sharing,338.6401,34.0164,29.5528,28.4328,0.0027,0.5811,1.6484,0.0,4.4636,1778783917071869074
vocseg__app2,no_sharing,338.7253,34.4779,29.8313,28.6714,0.0029,0.5989,1.8628,0.0,4.6467,1778783917157317209
vocseg__app2,no_sharing,338.8059,34.1718,29.5621,28.5062,0.0025,0.5752,1.8542,0.0,4.6097,1778783917237955864
vocseg__app2,no_sharing,339.0134,34.3409,29.5964,28.5102,0.0036,0.5906,1.9183,0.0,4.7444,1778783917445506637
vocseg__app2,no_sharing,339.2992,34.1659,29.5354,28.4957,0.0031,0.5707,1.8797,0.0,4.6304,1778783917731205870
vocseg__app2,no_sharing,339.4225,33.7195,29.3646,28.2679,0.0023,0.5712,1.632,0.0,4.3549,1778783917854332592
vocseg__app2,no_sharing,340.4579,86.1354,79.8268,74.4028,0.0039,4.7343,1.966,0.0,6.3086,1778783918889994137
vocseg__app2,no_sharing,340.8067,34.6463,29.9933,28.7922,0.0031,0.5915,1.8511,0.0,4.653,1778783919238712451
vocseg__app2,no_sharing,341.9187,34.4338,29.639,28.5667,0.0029,0.573,1.9832,0.0,4.7949,1778783920350880290
vocseg__app2,no_sharing,342.2827,34.045,29.5817,28.5151,0.003,0.5936,1.6272,0.0,4.4633,1778783920714507017
vocseg__app2,no_sharing,342.6897,34.426,29.8211,28.7422,0.003,0.5777,1.8632,0.0,4.6048,1778783921121757381
vocseg__app2,no_sharing,343.5175,34.704,29.9035,28.7261,0.0025,0.583,2.0359,0.0,4.8004,1778783921949725045
vocseg__app2,no_sharing,344.7308,34.3504,29.6466,28.5931,0.0024,0.5636,1.8756,0.0,4.7038,1778783923162842251
vocseg__app2,no_sharing,344.8086,96.8616,90.4696,87.0396,0.0039,2.6439,1.7991,0.0,6.392,1778783923240589895
vocseg__app2,no_sharing,346.3846,34.9305,30.2642,28.604,0.0027,0.5712,1.931,0.0,4.6662,1778783924816766697
vocseg__app2,no_sharing,346.4488,37.5035,33.4401,30.6154,0.0023,2.4163,1.3249,0.0,4.0634,1778783924880254658
vocseg__app2,no_sharing,349.0889,34.4763,29.7678,28.5974,0.0034,0.5898,1.8537,0.0,4.7085,1778783927520885984
vocseg__app2,no_sharing,349.7926,34.9994,30.1382,28.8942,0.0033,0.6361,1.9274,0.0,4.8612,1778783928224761112
vocseg__app2,no_sharing,350.1412,34.4577,29.7466,28.6022,0.0031,0.575,1.9066,0.0,4.7111,1778783928573303285
vocseg__app2,no_sharing,350.8647,34.4524,29.764,28.5726,0.0025,0.6091,1.9097,0.0,4.6884,1778783929296798137
vocseg__app2,no_sharing,351.842,36.3758,30.8957,29.7984,0.0029,0.6031,2.6779,0.0,5.4801,1778783930274878852
vocseg__app2,no_sharing,351.8658,83.0412,66.1071,60.8538,0.0034,4.6705,12.6445,0.0,16.9341,1778783930308559097
vocseg__app2,no_sharing,351.9867,34.8709,30.1694,28.9364,0.0027,0.6362,1.8213,0.0,4.7015,1778783930418723442
vocseg__app2,no_sharing,352.5978,43.3898,38.6824,37.4605,0.0036,0.6266,1.9352,0.0,4.7074,1778783931029899213
vocseg__app2,no_sharing,352.9156,35.2414,30.5861,29.4183,0.0034,0.6084,1.9996,0.0,4.6553,1778783931347809350
vocseg__app2,no_sharing,352.9367,45.624,29.0544,28.043,0.0021,0.5583,14.1456,0.0,16.5697,1778783931380998426
vocseg__app2,no_sharing,353.7192,34.6684,29.9802,28.8223,0.0031,0.6,1.914,0.0,4.6882,1778783932151286734
vocseg__app2,no_sharing,354.0119,34.7311,29.9348,28.7652,0.0028,0.604,1.9526,0.0,4.7963,1778783932444051220
vocseg__app2,no_sharing,354.2914,34.7803,30.0668,28.8797,0.0028,0.5956,1.9071,0.0,4.7135,1778783932723478010
vocseg__app2,no_sharing,356.2087,34.7865,30.0662,28.9222,0.0023,0.5866,1.9543,0.0,4.7202,1778783934640850641
vocseg__app2,no_sharing,357.1316,34.8866,30.0629,28.8344,0.0029,0.6067,1.8895,0.0,4.8237,1778783935563622308
vocseg__app2,no_sharing,357.2657,79.8106,73.8011,68.415,0.0028,4.7691,1.8368,0.0,6.0096,1778783935697728612
vocseg__app2,no_sharing,357.4007,34.4877,29.8986,28.7481,0.0028,0.5779,1.8997,0.0,4.5891,1778783935832777092
vocseg__app2,no_sharing,358.2131,34.9674,30.1767,28.9392,0.0029,0.6339,1.9186,0.0,4.7908,1778783936645166466
vocseg__app2,no_sharing,360.0594,88.1233,82.6373,77.2362,0.0031,4.1563,2.7046,0.0,5.486,1778783938492274564
vocseg__app2,no_sharing,360.3054,66.7162,61.8722,60.7574,0.0029,0.6243,1.8647,0.0,4.844,1778783938737411474
vocseg__app2,no_sharing,361.3517,35.8646,30.5724,29.4816,0.003,0.5988,2.5184,0.0,5.2922,1778783939784376069
vocseg__app2,no_sharing,361.3564,63.1137,29.3665,28.2482,0.003,0.5974,31.1241,0.0,33.7472,1778783939817651661
vocseg__app2,no_sharing,362.0724,35.4822,30.7233,29.5788,0.0029,0.6311,1.9016,0.0,4.7589,1778783940504427768
vocseg__app2,no_sharing,362.0803,59.7875,29.5973,28.4461,0.0031,0.6069,27.4189,0.0,30.1902,1778783940537888586
vocseg__app2,no_sharing,362.2133,34.7774,29.9092,28.7322,0.0033,0.6123,1.9643,0.0,4.8682,1778783940645433756
vocseg__app2,no_sharing,362.899,34.8446,29.9575,28.8512,0.0027,0.6052,1.9593,0.0,4.8871,1778783941331151200
vocseg__app2,no_sharing,363.1784,42.8083,38.1589,36.9528,0.0031,0.6198,1.9133,0.0,4.6494,1778783941610494219
vocseg__app2,no_sharing,364.5501,55.0995,48.7588,47.5119,0.003,0.6791,3.2201,0.0,6.3407,1778783942983537164
vocseg__app2,no_sharing,365.0465,34.7779,29.9314,28.7912,0.0033,0.606,1.9159,0.0,4.8465,1778783943478601817
vocseg__app2,no_sharing,365.2266,61.6121,56.7328,51.4889,0.0028,4.7029,1.9379,0.0,4.8794,1778783943658699950
vocseg__app2,no_sharing,366.1082,34.2948,29.8003,28.646,0.003,0.6,1.7822,0.0,4.4945,1778783944540112388
vocseg__app2,no_sharing,366.7043,47.6534,42.8612,41.6015,0.0027,0.6323,1.9438,0.0,4.7922,1778783945136426685
vocseg__app2,no_sharing,366.8764,46.7412,41.9948,39.1078,0.0034,2.3576,1.8828,0.0,4.7464,1778783945308416163
vocseg__app2,no_sharing,368.0073,34.6396,29.8723,28.7665,0.0032,0.612,1.9205,0.0,4.7673,1778783946439417090
vocseg__app2,no_sharing,368.9162,34.3575,29.7859,28.7013,0.003,0.5918,1.8182,0.0,4.5717,1778783947348131753
vocseg__app2,no_sharing,369.3912,57.6651,52.6279,51.2678,0.0034,0.7928,1.9822,0.0,5.0372,1778783947823359083
vocseg__app2,no_sharing,369.6473,35.0008,30.113,28.9388,0.0032,0.6264,1.967,0.0,4.8878,1778783948079416240
vocseg__app2,no_sharing,370.1381,34.6885,29.9235,28.8238,0.0025,0.61,1.9236,0.0,4.7649,1778783948570201554
vocseg__app2,no_sharing,370.9455,35.9857,30.6888,28.9776,0.0028,0.6063,2.5308,0.0,5.2969,1778783949378220290
vocseg__app2,no_sharing,371.0187,33.6783,29.2985,28.1335,0.0031,0.6062,1.503,0.0,4.3798,1778783949450342065
vocseg__app2,no_sharing,371.3617,34.6813,29.975,28.767,0.0036,0.6111,1.8277,0.0,4.7063,1778783949793736693
vocseg__app2,no_sharing,371.4696,44.6646,38.605,33.3803,0.003,4.6323,1.8852,0.0,6.0597,1778783949901691611
vocseg__app2,no_sharing,372.4544,36.0463,31.2689,30.0129,0.0028,0.6308,1.9469,0.0,4.7773,1778783950886566945
vocseg__app2,no_sharing,372.4805,42.4113,29.7426,28.5966,0.0031,0.6154,9.8796,0.0,12.6688,1778783950920516055
vocseg__app2,no_sharing,372.6758,41.8153,36.9358,35.7188,0.003,0.6359,2.1636,0.0,4.8795,1778783951108108862
vocseg__app2,no_sharing,372.6904,59.5622,29.714,28.5563,0.0027,0.6078,27.1194,0.0,29.8482,1778783951147726732
vocseg__app2,no_sharing,372.8208,87.0485,82.3367,81.0314,0.0031,0.6817,2.0316,0.0,4.7119,1778783951252982081
vocseg__app2,no_sharing,373.4566,35.0738,30.3341,29.1782,0.0027,0.6428,1.8218,0.0,4.7397,1778783951888620705
vocseg__app2,no_sharing,374.6344,46.6163,42.0725,39.161,0.0028,2.337,1.8005,0.0,4.5438,1778783953066386302
vocseg__app2,no_sharing,375.2451,58.0814,51.806,46.615,0.0029,4.651,1.91,0.0,6.2753,1778783953677200488
vocseg__app2,no_sharing,375.447,35.0039,30.0436,28.9208,0.003,0.6225,2.0614,0.0,4.9603,1778783953879202187
vocseg__app2,no_sharing,376.7332,35.4064,29.9433,28.8354,0.0037,0.5941,2.619,0.0,5.4631,1778783955165970975
vocseg__app2,no_sharing,376.99,34.7025,29.9392,28.7721,0.0025,0.5934,1.8864,0.0,4.7633,1778783955422015893
vocseg__app2,no_sharing,377.1644,54.6813,48.9522,47.6373,0.003,0.7074,2.9399,0.0,5.7291,1778783955597537637
vocseg__app2,no_sharing,378.714,34.5974,29.8769,28.7097,0.003,0.5923,1.8981,0.0,4.7205,1778783957146038285
vocseg__app2,no_sharing,379.3313,35.2762,29.9476,28.8064,0.003,0.5843,2.5854,0.0,5.3285,1778783957764065117
vocseg__app2,no_sharing,379.6878,34.6081,30.0085,28.834,0.0028,0.5885,1.8663,0.0,4.5997,1778783958119791155
vocseg__app2,no_sharing,380.37,34.6882,29.8695,28.7117,0.0029,0.5848,1.9679,0.0,4.8188,1778783958802184380
vocseg__app2,no_sharing,381.1917,34.976,30.2401,28.6122,0.0026,0.5967,1.8833,0.0,4.7359,1778783959623753064
vocseg__app2,no_sharing,381.6636,34.6951,29.922,28.6972,0.0032,0.5885,1.9114,0.0,4.7732,1778783960095685217
vocseg__app2,no_sharing,382.0283,34.5509,29.8374,28.671,0.0029,0.6052,1.8909,0.0,4.7135,1778783960460327519
vocseg__app2,no_sharing,383.0499,34.5974,29.7291,28.635,0.003,0.6034,1.9228,0.0,4.8683,1778783961482037756
vocseg__app2,no_sharing,383.2089,34.626,29.9107,28.7255,0.0039,0.6149,1.8835,0.0,4.7153,1778783961640947675
vocseg__app2,no_sharing,383.6681,34.5271,29.7848,28.7108,0.0029,0.5963,1.9186,0.0,4.7423,1778783962100200812
vocseg__app2,no_sharing,384.2874,34.8082,29.9901,28.8692,0.0028,0.6034,1.924,0.0,4.818,1778783962719444334
vocseg__app2,no_sharing,384.6657,34.6549,29.9613,28.768,0.0027,0.6026,1.8458,0.0,4.6935,1778783963097694670
vocseg__app2,no_sharing,384.8486,34.9107,30.1577,28.9093,0.0026,0.6358,1.8897,0.0,4.7529,1778783963280701138
vocseg__app2,no_sharing,385.7066,35.2674,29.8155,28.6272,0.0034,0.607,2.6298,0.0,5.4518,1778783964139397271
vocseg__app2,no_sharing,385.761,34.023,29.6158,28.4793,0.0027,0.5909,1.6193,0.0,4.4072,1778783964192808708
vocseg__app2,no_sharing,386.2441,36.1984,31.4539,30.2924,0.0027,0.5828,1.9341,0.0,4.7445,1778783964676175772
vocseg__app2,no_sharing,386.2561,56.3629,29.4877,28.3146,0.003,0.6014,24.0169,0.0,26.8752,1778783964710281545
vocseg__app2,no_sharing,387.0451,34.3666,29.8204,28.6535,0.0028,0.6108,1.7855,0.0,4.5463,1778783965477035498
vocseg__app2,no_sharing,387.9861,34.8411,30.0227,28.8165,0.0032,0.6156,1.9281,0.0,4.8184,1778783966418227234
vocseg__app2,no_sharing,388.467,108.4921,101.9793,94.2938,0.0032,6.9595,2.0642,0.0,6.5128,1778783966899283528
vocseg__app2,no_sharing,388.7913,35.6719,30.1439,28.9652,0.0029,0.6052,2.6298,0.0,5.5281,1778783967224118876
vocseg__app2,no_sharing,388.9473,34.5757,29.8774,28.7016,0.0038,0.605,1.8768,0.0,4.6983,1778783967379299804
vocseg__app2,no_sharing,390.4979,35.6481,30.0134,28.8111,0.0028,0.6079,2.7654,0.0,5.6347,1778783968930813136
vocseg__app2,no_sharing,390.7329,34.9314,30.077,28.8865,0.0031,0.6092,1.9219,0.0,4.8544,1778783969164983033
vocseg__app2,no_sharing,391.0589,40.3905,35.2917,34.1901,0.0027,0.6199,1.8344,0.0,5.0988,1778783969490868160
vocseg__app2,no_sharing,391.0974,33.9832,29.1092,28.1285,0.0025,0.5774,2.372,0.0,4.8741,1778783969529900736
vocseg__app2,no_sharing,391.754,34.7683,29.9341,28.8296,0.0023,0.6184,2.0022,0.0,4.8343,1778783970186201115
vocseg__app2,no_sharing,391.824,34.2956,29.6568,28.5049,0.003,0.593,1.8632,0.0,4.6388,1778783970256014277
vocseg__app2,no_sharing,392.6835,36.6259,30.9461,29.5161,0.003,0.8474,1.895,0.0,5.6798,1778783971115598026
vocseg__app2,no_sharing,392.7045,73.2722,54.9742,53.9007,0.0025,0.6262,15.6682,0.0,18.2981,1778783971150326200
vocseg__app2,no_sharing,393.3872,35.2819,30.5967,29.4322,0.0028,0.6222,2.0039,0.0,4.6852,1778783971819388970
vocseg__app2,no_sharing,394.3182,110.9507,105.4506,97.815,0.003,6.9504,2.6467,0.0,5.5001,1778783972751040518
vocseg__app2,no_sharing,394.3759,233.5179,177.2226,171.4908,0.0046,2.532,53.3009,0.0,56.2953,1778783972859383225
vocseg__app2,no_sharing,394.4021,209.3019,177.2226,171.4908,0.0046,2.532,27.1327,0.0,32.0793,1778783972859383225
vocseg__app2,no_sharing,394.6569,35.614,30.5037,29.2806,0.0038,0.6364,2.259,0.0,5.1103,1778783973089338521
vocseg__app2,no_sharing,395.1744,37.5781,31.1399,29.9725,0.0028,0.5997,1.8756,0.0,6.4382,1778783973606391008
vocseg__app2,no_sharing,395.2003,102.1025,88.2732,85.3994,0.003,2.3006,10.8585,0.0,13.8293,1778783973641345283
vocseg__app2,no_sharing,395.9853,60.6813,55.7399,54.4636,0.0029,0.6387,1.8377,0.0,4.9414,1778783974417293354
vocseg__app2,no_sharing,396.0571,34.6127,29.4344,28.363,0.0029,0.6246,2.2871,0.0,5.1782,1778783974489562716
vocseg__app2,no_sharing,397.2882,34.517,29.7129,28.5531,0.0037,0.5866,1.9441,0.0,4.8042,1778783975720324167
vocseg__app2,no_sharing,397.8125,34.4448,29.6591,28.5732,0.0033,0.6066,1.9486,0.0,4.7857,1778783976244643335
vocseg__app2,no_sharing,398.0363,34.4374,29.665,28.5824,0.0032,0.5884,1.9009,0.0,4.7724,1778783976468380190
vocseg__app2,no_sharing,398.3541,53.9095,48.5258,47.3543,0.0025,0.6373,2.6941,0.0,5.3838,1778783976786983838
vocseg__app2,no_sharing,398.3699,70.2305,29.291,28.1924,0.0024,0.581,38.1196,0.0,40.9395,1778783976838136857
vocseg__app2,no_sharing,398.6274,35.3832,30.725,28.9103,0.003,1.2577,1.9073,0.0,4.6582,1778783977059441765
vocseg__app2,no_sharing,399.7264,34.446,29.6179,28.5348,0.0032,0.6036,1.95,0.0,4.8281,1778783978158566377
vocseg__app2,no_sharing,399.9809,53.8228,49.2791,48.0878,0.0031,0.6534,1.7393,0.0,4.5437,1778783978412768240
vocseg__app2,no_sharing,400.2431,34.2598,29.5629,28.4988,0.0026,0.5775,1.8449,0.0,4.6969,1778783978675069320
vocseg__app2,no_sharing,400.4627,34.4534,29.7009,28.4973,0.0036,0.6011,1.847,0.0,4.7525,1778783978894714464
vocseg__app2,no_sharing,401.5594,35.4719,29.7763,28.5966,0.0031,0.6107,2.7511,0.0,5.6956,1778783979992295754
vocseg__app2,no_sharing,402.1011,89.2231,84.1326,82.9348,0.0034,0.6592,2.0688,0.0,5.0905,1778783980533284497
vocseg__app2,no_sharing,402.2855,35.3971,29.8745,28.6843,0.003,0.6094,2.6433,0.0,5.5225,1778783980718332154
vocseg__app2,no_sharing,403.4002,34.734,29.821,28.6413,0.0033,0.6157,1.9522,0.0,4.9131,1778783981832311550
vocseg__app2,no_sharing,403.8289,35.6398,30.9301,29.7591,0.003,0.6144,1.9121,0.0,4.7096,1778783982260961145
vocseg__app2,no_sharing,403.8348,61.1854,29.1009,28.0365,0.0019,0.5581,29.5329,0.0,32.0844,1778783982294549388
vocseg__app2,no_sharing,404.0106,34.337,29.6506,28.4649,0.0034,0.5995,1.8826,0.0,4.6865,1778783982442654026
vocseg__app2,no_sharing,405.4854,34.7159,29.9271,28.6924,0.0188,0.6343,1.9352,0.0,4.7888,1778783983917514735
vocseg__app2,no_sharing,405.5967,58.7039,53.8932,51.7167,0.0027,1.5508,1.9343,0.0,4.8107,1778783984028832898
vocseg__app2,no_sharing,406.0685,48.5368,43.7219,40.8106,0.0031,2.3928,2.0108,0.0,4.8148,1778783984500635871
vocseg__app2,no_sharing,407.0707,34.5204,29.736,28.5741,0.0031,0.5839,1.9734,0.0,4.7844,1778783985502866567
vocseg__app2,no_sharing,407.8376,34.5728,29.8365,28.6285,0.0041,0.6063,1.8463,0.0,4.7363,1778783986269587842
vocseg__app2,no_sharing,408.2287,34.5383,29.7082,28.5192,0.003,0.6051,1.9848,0.0,4.8301,1778783986660885520
vocseg__app2,no_sharing,408.7096,34.579,29.7937,28.6869,0.0028,0.5911,1.888,0.0,4.7853,1778783987141720970
vocseg__app2,no_sharing,409.1398,34.4644,29.8546,28.7251,0.0026,0.5774,1.8649,0.0,4.6098,1778783987571857465
vocseg__app2,no_sharing,409.3162,86.262,80.5796,78.8527,0.0028,0.6639,2.9311,0.0,5.6824,1778783987749289926
vocseg__app2,no_sharing,410.1549,34.4756,29.6895,28.5031,0.0047,0.5919,1.9536,0.0,4.7861,1778783988587006669
vocseg__app2,no_sharing,410.4323,54.704,50.0225,47.0686,0.0028,2.4402,1.7915,0.0,4.6814,1778783988864288332
vocseg__app2,no_sharing,410.7527,34.9076,30.1403,28.926,0.0027,0.6261,1.873,0.0,4.7673,1778783989184773207
vocseg__app2,no_sharing,411.4456,61.9502,57.49,56.1936,0.0037,0.6958,1.7912,0.0,4.4602,1778783989877553537
vocseg__app2,no_sharing,412.2227,34.6856,29.8282,28.6501,0.0027,0.5892,1.9383,0.0,4.8574,1778783990654831301
vocseg__app2,no_sharing,413.3081,34.6575,29.8823,28.7192,0.003,0.5881,1.8959,0.0,4.7752,1778783991740155250
vocseg__app2,no_sharing,413.6125,35.5594,31.0686,29.8927,0.003,0.6064,1.7109,0.0,4.4908,1778783992044412286
vocseg__app2,no_sharing,413.8384,54.7223,49.9231,46.8808,0.0029,2.4546,1.9224,0.0,4.7992,1778783992270537261
vocseg__app2,no_sharing,414.2167,34.4787,29.7512,28.5557,0.0029,0.6013,1.8086,0.0,4.7274,1778783992648684822
vocseg__app2,no_sharing,414.5899,34.7774,29.8579,28.6133,0.004,0.7171,1.9162,0.0,4.9195,1778783993022006967
vocseg__app2,no_sharing,415.1619,34.5712,29.8558,28.717,0.0024,0.5861,1.9259,0.0,4.7154,1778783993593977008
vocseg__app2,no_sharing,415.2708,56.9336,51.947,50.845,0.0034,0.6326,2.2898,0.0,4.9866,1778783993703279678
vocseg__app2,no_sharing,416.3322,34.7512,29.9121,28.7186,0.0032,0.616,1.9624,0.0,4.8391,1778783994764294410
vocseg__app2,no_sharing,418.0258,34.5519,29.9043,28.7618,0.003,0.5858,1.8921,0.0,4.6476,1778783996457816307
vocseg__app2,no_sharing,418.7429,34.5829,30.0312,28.8194,0.0034,0.6004,1.749,0.0,4.5516,1778783997174763869
vocseg__app2,no_sharing,418.8416,39.9883,35.4274,32.4886,0.0032,2.347,1.7693,0.0,4.5609,1778783997273582402
vocseg__app2,no_sharing,419.6266,34.853,29.8699,28.6994,0.003,0.591,2.0387,0.0,4.983,1778783998058877206
vocseg__app2,no_sharing,420.1097,34.5485,29.8797,28.6998,0.0028,0.5831,1.8888,0.0,4.6689,1778783998541769918
vocseg__app2,no_sharing,420.7357,35.3615,29.9975,28.8027,0.0035,0.6081,2.5167,0.0,5.364,1778783999168428693
vocseg__app2,no_sharing,422.1238,35.2211,30.388,28.6671,0.003,0.612,1.931,0.0,4.8331,1778784000555853771
vocseg__app2,no_sharing,422.6573,53.8754,48.4363,47.1588,0.0029,0.6328,2.748,0.0,5.4391,1778784001090185407
vocseg__app2,no_sharing,423.7792,34.658,29.8048,28.7184,0.0027,0.5953,1.8821,0.0,4.8532,1778784002211267729
vocseg__app2,no_sharing,424.0943,34.8346,29.8745,28.6718,0.0032,0.6189,1.9064,0.0,4.9601,1778784002526396701
vocseg__app2,no_sharing,424.1253,74.0461,66.9158,61.7389,0.0028,4.679,4.2064,0.0,7.1303,1778784002559704627
vocseg__app2,no_sharing,424.8627,34.5242,29.7506,28.5656,0.0027,0.5863,1.8899,0.0,4.7736,1778784003294760260
vocseg__app2,no_sharing,425.7046,34.6665,29.856,28.6424,0.0026,0.6104,1.8959,0.0,4.8106,1778784004136729719
vocseg__app2,no_sharing,425.9457,34.7397,29.9821,28.8631,0.003,0.5999,1.8706,0.0,4.7576,1778784004377761517
vocseg__app2,no_sharing,426.0572,35.6793,30.1973,28.9974,0.0033,0.6429,2.5733,0.0,5.482,1778784004490000469
vocseg__app2,no_sharing,426.4125,34.4551,29.7711,28.6782,0.0037,0.6121,1.8017,0.0,4.684,1778784004844471496
vocseg__app2,no_sharing,427.4278,101.0239,95.9994,94.7756,0.003,0.6402,1.9462,0.0,5.0245,1778784005859939686
vocseg__app2,no_sharing,427.6968,35.2194,29.8167,28.649,0.003,0.5908,2.6917,0.0,5.4027,1778784006129658576
vocseg__app2,no_sharing,427.8583,34.3912,29.7215,28.5892,0.0025,0.5769,1.8873,0.0,4.6696,1778784006290364124
vocseg__app2,no_sharing,428.3313,35.2261,30.2486,29.0306,0.003,0.6109,1.9741,0.0,4.9776,1778784006763454137
vocseg__app2,no_sharing,428.4548,34.3289,29.5599,28.475,0.0029,0.6035,1.8988,0.0,4.769,1778784006886828136
vocseg__app2,no_sharing,428.6184,34.7545,30.0353,28.8466,0.0028,0.6113,1.8163,0.0,4.7193,1778784007050356460
vocseg__app2,no_sharing,428.7414,55.5646,49.4681,41.9946,0.0029,6.8641,1.873,0.0,6.0965,1778784007173416608
vocseg__app2,no_sharing,429.3887,34.6458,29.9381,28.8247,0.003,0.5918,1.8375,0.0,4.7077,1778784007820695162
vocseg__app2,no_sharing,429.926,66.4012,61.5653,56.278,0.0037,4.6496,1.8826,0.0,4.8359,1778784008358065785
vocseg__app2,no_sharing,430.4378,34.3349,29.6674,28.5048,0.003,0.5823,1.8766,0.0,4.6675,1778784008869844405
vocseg__app2,no_sharing,431.8767,35.0485,30.3048,28.6431,0.0029,0.6119,1.8516,0.0,4.7436,1778784010308712300
vocseg__app2,no_sharing,432.7788,34.5902,29.7705,28.6333,0.0024,0.5786,1.9431,0.0,4.8197,1778784011210945222
vocseg__app2,no_sharing,433.1069,34.5411,29.7493,28.6158,0.0027,0.5802,1.9135,0.0,4.7919,1778784011539015663
vocseg__app2,no_sharing,433.3839,34.5769,29.7492,28.5822,0.0032,0.5881,1.9054,0.0,4.8277,1778784011815937197
vocseg__app2,no_sharing,433.8341,34.27,29.7585,28.6048,0.003,0.6028,1.7512,0.0,4.5116,1778784012266048295
vocseg__app2,no_sharing,434.302,34.8616,30.0642,28.9065,0.003,0.5955,1.9028,0.0,4.7973,1778784012734046643
vocseg__app2,no_sharing,434.6515,34.7869,30.117,28.9257,0.0034,0.6135,1.7931,0.0,4.6699,1778784013083493074
vocseg__app2,no_sharing,435.8813,34.7414,29.9835,28.7908,0.0031,0.6095,1.9112,0.0,4.7579,1778784014313329150
vocseg__app2,no_sharing,436.4567,35.4619,30.605,29.3793,0.0029,0.6272,1.9233,0.0,4.8569,1778784014888803454
vocseg__app2,no_sharing,436.4717,52.2683,29.5016,28.4416,0.003,0.5665,20.2661,0.0,22.7667,1778784014922157231
vocseg__app2,no_sharing,437.5247,34.5857,29.804,28.6136,0.003,0.5899,1.8857,0.0,4.7817,1778784015956723979
vocseg__app2,no_sharing,437.7493,34.5261,29.7796,28.6621,0.003,0.6102,1.8764,0.0,4.7465,1778784016181333653
vocseg__app2,no_sharing,438.2969,34.4467,29.7202,28.6311,0.0034,0.5891,1.8826,0.0,4.7265,1778784016728941067
vocseg__app2,no_sharing,438.4106,33.4811,29.086,28.0782,0.0032,0.5608,1.73,0.0,4.3951,1778784016842442962
vocseg__app2,no_sharing,439.2287,34.4541,29.7495,28.6466,0.0024,0.5964,1.8678,0.0,4.7046,1778784017660712124
vocseg__app2,no_sharing,439.445,44.7633,39.9962,34.8253,0.0044,4.436,1.8632,0.0,4.7671,1778784017877020079
vocseg__app2,no_sharing,439.6686,35.0111,29.751,28.5795,0.0032,0.6074,2.5377,0.0,5.2601,1778784018101248800
vocseg__app2,no_sharing,439.9199,34.6055,29.8097,28.7086,0.0031,0.5921,1.8892,0.0,4.7958,1778784018351987364
vocseg__app2,no_sharing,440.0458,34.5716,29.7867,28.6204,0.0029,0.5819,1.9152,0.0,4.7849,1778784018477851327
vocseg__app2,no_sharing,440.1816,55.1682,49.3947,46.3968,0.003,2.3245,1.9,0.0,5.7734,1778784018613666971
vocseg__app2,no_sharing,440.2354,35.3079,30.5634,28.9122,0.0024,0.6149,2.1129,0.0,4.7445,1778784018667641060
vocseg__app2,no_sharing,440.4362,45.2302,40.5618,39.4225,0.0031,0.6407,1.9152,0.0,4.6684,1778784018868311906
vocseg__app2,no_sharing,441.6382,34.8959,30.1308,28.9327,0.0027,0.6153,1.8635,0.0,4.7651,1778784020070186793
vocseg__app2,no_sharing,442.3155,34.8308,30.0442,28.8569,0.0027,0.5852,1.9422,0.0,4.7866,1778784020747596214
vocseg__app2,no_sharing,442.5847,34.4851,29.7885,28.6819,0.0033,0.5895,1.8466,0.0,4.6966,1778784021016742180
vocseg__app2,no_sharing,442.6274,35.3248,30.791,29.7317,0.0032,0.598,1.626,0.0,4.5338,1778784021059160187
vocseg__app2,no_sharing,442.6423,52.5858,29.5238,28.3749,0.0025,0.6165,20.2487,0.0,23.0621,1778784021092697867
vocseg__app2,no_sharing,444.1451,34.5969,29.895,28.7503,0.0028,0.575,1.904,0.0,4.702,1778784022577201771
vocseg__app2,no_sharing,444.6995,34.713,30.0122,28.8525,0.0029,0.5892,1.8294,0.0,4.7008,1778784023131535938
vocseg__app2,no_sharing,445.3711,34.4563,29.7045,28.6466,0.0028,0.5848,1.8868,0.0,4.7518,1778784023803107009
vocseg__app2,no_sharing,445.4537,33.6947,29.2986,28.2443,0.0033,0.5893,1.5018,0.0,4.3961,1778784023885360732
vocseg__app2,no_sharing,446.5248,34.5507,29.772,28.6199,0.0031,0.5791,1.9617,0.0,4.7787,1778784024956897733
vocseg__app2,no_sharing,446.7307,34.507,29.7627,28.5881,0.0029,0.5813,1.8814,0.0,4.7443,1778784025162721931
vocseg__app2,no_sharing,446.8444,34.5416,29.7585,28.5948,0.0032,0.6045,1.893,0.0,4.7831,1778784025276480377
vocseg__app2,no_sharing,446.8927,116.7109,111.2241,105.6801,0.002,4.864,2.5158,0.0,5.4868,1778784025325358630
vocseg__app2,no_sharing,446.8974,210.212,95.0092,93.8949,0.0018,0.614,111.9337,0.0,115.2028,1778784025439484903
vocseg__app2,no_sharing,447.0175,123.5962,29.7305,28.6159,0.0016,0.6271,89.5562,0.0,93.8657,1778784025537252160
vocseg__app2,no_sharing,447.7129,34.2987,29.6704,28.5504,0.0018,0.5663,1.9193,0.0,4.6283,1778784026144978371
vocseg__app2,no_sharing,448.2664,34.5275,29.7551,28.554,0.0026,0.6041,1.8868,0.0,4.7724,1778784026698421755
vocseg__app2,no_sharing,448.302,33.8085,29.78,28.7766,0.0016,0.59,1.3824,0.0,4.0284,1778784026733583097
vocseg__app2,no_sharing,448.3098,58.3532,29.7568,28.2209,0.0016,0.5809,25.8913,0.0,28.5963,1778784026765828485
vocseg__app2,no_sharing,448.4022,56.3104,51.507,49.3779,0.0018,1.5015,1.6937,0.0,4.8034,1778784026834054011
vocseg__app2,no_sharing,449.0061,93.0042,87.5633,82.2367,0.0023,4.7117,2.6674,0.0,5.441,1778784027438936564
vocseg__app2,no_sharing,449.5215,35.3632,29.7068,28.6188,0.0019,0.6014,2.6371,0.0,5.6564,1778784027954323057
vocseg__app2,no_sharing,449.5921,34.3103,29.5789,28.4353,0.0018,0.5894,1.792,0.0,4.7315,1778784028024021827
vocseg__app2,no_sharing,450.0859,34.6589,29.9293,28.8061,0.0023,0.6313,1.8389,0.0,4.7296,1778784028517932295
vocseg__app2,no_sharing,450.1488,34.1406,29.6268,28.4938,0.0017,0.5915,1.7526,0.0,4.5138,1778784028580685191
vocseg__app2,no_sharing,450.867,34.8189,29.939,28.7567,0.0019,0.6065,1.9097,0.0,4.8799,1778784029299097159
vocseg__app2,no_sharing,451.1583,34.7073,29.917,28.8191,0.0019,0.6152,1.9114,0.0,4.7903,1778784029590335986
vocseg__app2,no_sharing,451.8893,36.6666,31.0051,29.4213,0.0023,0.944,2.8327,0.0,5.6615,1778784030322273119
vocseg__app2,no_sharing,451.9141,106.9448,91.9571,90.3823,0.0025,0.7704,11.8816,0.0,14.9877,1778784030356092777
vocseg__app2,no_sharing,451.9681,85.9354,29.8627,28.7176,0.0017,0.6197,52.8791,0.0,56.0727,1778784030451151662
vocseg__app2,no_sharing,452.9696,34.6215,29.7921,28.604,0.0018,0.5884,1.9336,0.0,4.8294,1778784031401755083
vocseg__app2,no_sharing,453.1115,34.421,29.6754,28.5978,0.0017,0.6088,1.8587,0.0,4.7456,1778784031543561880
vocseg__app2,no_sharing,453.6142,49.4773,44.8003,39.5696,0.0022,4.6288,1.8165,0.0,4.6771,1778784032046226725
vocseg__app2,no_sharing,453.7824,34.7059,29.9061,28.7173,0.0018,0.6146,1.8733,0.0,4.7998,1778784032214404820
vocseg__app2,no_sharing,454.2238,34.4193,29.72,28.573,0.0018,0.5757,1.8699,0.0,4.6993,1778784032655811067
vocseg__app2,no_sharing,454.4125,34.6625,29.8659,28.7312,0.0019,0.6165,1.9209,0.0,4.7966,1778784032844597343
vocseg__app2,no_sharing,454.7948,34.4489,29.6879,28.5216,0.0019,0.5885,1.8668,0.0,4.7609,1778784033226824335
vocseg__app2,no_sharing,454.8774,34.024,29.4946,28.3473,0.0017,0.6179,1.807,0.0,4.5294,1778784033309384168
vocseg__app2,no_sharing,456.5679,35.1186,30.3639,28.6303,0.0021,0.6109,1.8768,0.0,4.7547,1778784034999945667
vocseg__app2,no_sharing,457.2823,34.7638,29.9208,28.7394,0.0017,0.6099,1.9524,0.0,4.843,1778784035714403290
vocseg__app2,no_sharing,457.3232,33.5915,29.3528,28.3323,0.0014,0.6017,1.4837,0.0,4.2388,1778784035754845586
vocseg__app2,no_sharing,457.8183,35.4233,29.7861,28.6714,0.0017,0.6157,2.6968,0.0,5.6371,1778784036251115273
vocseg__app2,no_sharing,457.9009,34.5008,29.7832,28.7297,0.0019,0.5885,1.9124,0.0,4.7176,1778784036332942484
vocseg__app2,no_sharing,458.2019,47.0104,41.6846,40.4067,0.002,0.642,2.6193,0.0,5.3258,1778784036634629567
vocseg__app2,no_sharing,458.4255,33.9074,29.5691,28.4302,0.0018,0.5806,1.6217,0.0,4.3383,1778784036857234026
vocseg__app2,no_sharing,459.2937,34.3566,29.6426,28.4863,0.0023,0.5901,1.8399,0.0,4.714,1778784037725682064
vocseg__app2,no_sharing,459.5014,35.8698,31.0264,29.847,0.0017,0.5968,1.868,0.0,4.8434,1778784037933400650
vocseg__app2,no_sharing,459.5124,57.6224,30.4029,29.3669,0.0016,0.5669,24.6146,0.0,27.2196,1778784037967139226
vocseg__app2,no_sharing,459.5475,54.0793,29.1056,28.1231,0.0016,0.5822,22.4292,0.0,24.9737,1778784038000066064
vocseg__app2,no_sharing,459.6547,33.5791,29.2348,28.2245,0.0016,0.5685,1.5891,0.0,4.3443,1778784038086480669
vocseg__app2,no_sharing,460.4506,34.4546,29.6677,28.4881,0.0017,0.6026,1.8868,0.0,4.7869,1778784038882649388
vocseg__app2,no_sharing,461.2793,34.5628,29.9338,28.7662,0.0019,0.6077,1.8082,0.0,4.629,1778784039711313286
vocseg__app2,no_sharing,461.4031,34.255,29.5621,28.4119,0.0019,0.5905,1.8163,0.0,4.6929,1778784039835104958
vocseg__app2,no_sharing,462.5134,80.7259,76.085,74.4855,0.0032,0.8159,1.8632,0.0,4.641,1778784040945464656
vocseg__app2,no_sharing,462.6664,34.5893,29.8093,28.6178,0.0018,0.6133,1.8811,0.0,4.78,1778784041098443175
vocseg__app2,no_sharing,463.2852,35.9414,30.8787,29.7281,0.0024,0.629,2.1455,0.0,5.0627,1778784041717563355
vocseg__app2,no_sharing,463.8139,34.2104,29.5194,28.3739,0.0019,0.5749,1.9031,0.0,4.6911,1778784042245924691
vocseg__app2,no_sharing,466.4403,41.5132,36.6817,35.4818,0.0019,0.6344,2.0721,0.0,4.8315,1778784044872523596
vocseg__app2,no_sharing,467.315,71.3911,66.6198,64.6703,0.0023,0.7193,2.0218,0.0,4.7713,1778784045747191087
vocseg__app2,no_sharing,467.4886,34.2352,29.5232,28.4826,0.0017,0.5876,1.8268,0.0,4.712,1778784045920644448
vocseg__app2,no_sharing,467.6552,34.8704,29.8404,28.7422,0.0019,0.616,2.0208,0.0,5.03,1778784046087333653
vocseg__app2,no_sharing,467.7432,55.8393,51.2031,48.1771,0.0021,2.4527,1.8003,0.0,4.6362,1778784046175170735
vocseg__app2,no_sharing,468.1036,36.5453,30.7459,29.5184,0.0022,0.6198,1.982,0.0,5.7994,1778784046535701510
vocseg__app2,no_sharing,468.1156,136.9517,109.8182,104.2972,0.0051,4.8335,24.3497,0.0,27.1335,1778784046570114628
vocseg__app2,no_sharing,468.4823,38.2016,32.209,31.0602,0.002,0.6382,3.0046,0.0,5.9926,1778784046915468780
vocseg__app2,no_sharing,468.8038,36.4811,30.512,28.9489,0.0023,0.9939,1.8795,0.0,5.9691,1778784047235811971
vocseg__app2,no_sharing,470.3923,34.0686,29.7274,28.6047,0.0018,0.5672,1.6727,0.0,4.3412,1778784048824076329
vocseg__app2,no_sharing,471.132,34.7495,29.8979,28.7337,0.0018,0.5927,1.9271,0.0,4.8516,1778784049564048785
vocseg__app2,no_sharing,471.4491,34.3738,29.6649,28.5774,0.0018,0.613,1.8778,0.0,4.7088,1778784049881176184
vocseg__app2,no_sharing,471.5437,33.6328,29.3081,28.231,0.0017,0.5658,1.6103,0.0,4.3247,1778784049975461929
vocseg__app2,no_sharing,473.4227,92.6039,85.9832,81.9363,0.002,3.4601,2.7554,0.0,6.6207,1778784051855627257
vocseg__app2,no_sharing,475.6367,34.8923,30.1253,28.8835,0.0024,0.6404,1.8814,0.0,4.7671,1778784054068752273
vocseg__app2,no_sharing,476.0489,87.1148,81.5898,79.8603,0.0027,0.8733,2.8138,0.0,5.525,1778784054481878706
vocseg__app2,no_sharing,476.2506,34.6088,29.8673,28.7616,0.0019,0.5924,1.8728,0.0,4.7416,1778784054682691022
vocseg__app2,no_sharing,477.0311,34.409,29.6743,28.5406,0.0016,0.583,1.93,0.0,4.7348,1778784055463228974
vocseg__app2,no_sharing,477.4488,34.5452,29.8857,28.7269,0.0016,0.5812,1.8258,0.0,4.6595,1778784055880790619
vocseg__app2,no_sharing,478.3306,34.3633,29.7702,28.6865,0.0022,0.5951,1.8213,0.0,4.5931,1778784056762577501
vocseg__app2,no_sharing,478.6761,34.5488,29.7925,28.6361,0.0018,0.5994,1.9035,0.0,4.7562,1778784057108186567
vocseg__app2,no_sharing,478.8069,35.1562,30.3304,28.6193,0.0019,0.6162,1.8456,0.0,4.8259,1778784057238933830
vocseg__app2,no_sharing,479.065,33.8202,29.3588,28.2528,0.0018,0.5741,1.7018,0.0,4.4613,1778784057496834898
vocseg__app2,no_sharing,479.3799,34.5623,29.7108,28.5613,0.0017,0.581,1.9166,0.0,4.8516,1778784057812014197
vocseg__app2,no_sharing,479.5512,34.3356,29.6649,28.486,0.0019,0.6099,1.8356,0.0,4.6707,1778784057983213123
vocseg__app2,no_sharing,479.9601,34.4756,29.7779,28.6995,0.0021,0.605,1.8625,0.0,4.6977,1778784058392115434
vocseg__app2,no_sharing,480.5256,34.4992,29.7782,28.608,0.0022,0.5837,1.8814,0.0,4.7209,1778784058957701452
vocseg__app2,no_sharing,480.8872,35.0051,30.1417,28.9523,0.0018,0.6226,1.9157,0.0,4.8634,1778784059319250221
vocseg__app2,no_sharing,482.0067,34.7517,30.1336,28.9539,0.0022,0.5962,1.7526,0.0,4.6181,1778784060438615055
vocseg__app2,no_sharing,482.2707,34.7085,29.9448,28.7456,0.0017,0.5942,1.8229,0.0,4.7637,1778784060702688979
vocseg__app2,no_sharing,482.8395,34.7106,29.8183,28.6255,0.0018,0.5903,2.0318,0.0,4.8924,1778784061271658513
vocseg__app2,no_sharing,483.1546,34.4181,29.6995,28.5938,0.0023,0.6064,1.8773,0.0,4.7186,1778784061586652884
vocseg__app2,no_sharing,484.1632,34.4167,29.5782,28.4434,0.0015,0.5814,2.023,0.0,4.8384,1778784062595359406
vocseg__app2,no_sharing,484.9425,34.2236,29.69,28.6237,0.0022,0.5902,1.7276,0.0,4.5335,1778784063374357043
vocseg__app2,no_sharing,485.0519,33.5038,29.239,28.2064,0.0016,0.5668,1.703,0.0,4.2647,1778784063483744079
vocseg__app2,no_sharing,485.5214,75.1362,68.9004,61.2851,0.0022,7.0724,1.9555,0.0,6.2358,1778784063953472828
vocseg__app2,no_sharing,485.7583,35.4497,29.9429,28.7575,0.0017,0.6157,2.6202,0.0,5.5069,1778784064191049061
vocseg__app2,no_sharing,486.0937,34.5116,29.858,28.6776,0.0022,0.5805,1.8439,0.0,4.6536,1778784064525688624
vocseg__app2,no_sharing,488.9278,35.4543,30.5953,29.4678,0.0022,0.6056,1.9972,0.0,4.859,1778784067359919351
vocseg__app2,no_sharing,488.9327,62.1338,29.3144,28.2692,0.0016,0.5545,30.297,0.0,32.8194,1778784067393180532
vocseg__app2,no_sharing,489.0861,34.6622,29.8496,28.7187,0.0025,0.5681,1.9898,0.0,4.8126,1778784067518234236
vocseg__app2,no_sharing,489.4923,34.7323,29.9911,28.3436,0.0015,0.5842,1.9052,0.0,4.7412,1778784067924335754
vocseg__app2,no_sharing,489.6402,34.5047,29.7092,28.5582,0.0016,0.5778,1.817,0.0,4.7954,1778784068072215660
vocseg__app2,no_sharing,491.1012,34.4687,29.6697,28.5771,0.002,0.6033,1.9219,0.0,4.799,1778784069533261249
vocseg__app2,no_sharing,491.4251,34.4326,29.79,28.6323,0.0016,0.6047,1.8425,0.0,4.6426,1778784069857074937
vocseg__app2,no_sharing,491.5127,34.3366,29.6571,28.5719,0.002,0.612,1.7402,0.0,4.6795,1778784069944592362
vocseg__app2,no_sharing,491.5792,61.7177,55.7576,50.5089,0.0018,4.6966,1.6346,0.0,5.9601,1778784070010975970
vocseg__app2,no_sharing,491.6854,35.0423,30.5546,29.3657,0.002,0.6127,1.7486,0.0,4.4877,1778784070117347850
vocseg__app2,no_sharing,491.7003,51.9059,29.0803,28.0692,0.0016,0.5811,20.1325,0.0,22.8255,1778784070150587955
vocseg__app2,no_sharing,492.0136,34.514,29.941,28.7683,0.0019,0.5795,1.8625,0.0,4.5729,1778784070445624251
vocseg__app2,no_sharing,492.0415,38.1453,29.1619,28.181,0.0016,0.5811,6.4838,0.0,8.9834,1778784070478179546
vocseg__app2,no_sharing,492.1468,34.3237,29.6825,28.5267,0.0017,0.5813,1.9438,0.0,4.6412,1778784070578862703
vocseg__app2,no_sharing,492.2192,34.1246,29.5157,28.4325,0.0023,0.5983,1.6851,0.0,4.6089,1778784070651119015
vocseg__app2,no_sharing,492.6617,34.6115,29.9579,28.8788,0.0017,0.5756,1.8086,0.0,4.6536,1778784071093709635
vocseg__app2,no_sharing,493.7115,34.5433,29.82,28.6537,0.0018,0.5771,1.8947,0.0,4.7232,1778784072143583386
vocseg__app2,no_sharing,493.8423,44.7018,39.9859,37.0472,0.002,2.3468,1.8501,0.0,4.7159,1778784072274337946
vocseg__app2,no_sharing,494.5563,48.666,44.0625,42.8325,0.002,0.6491,1.8325,0.0,4.6035,1778784072988326157
vocseg__app2,no_sharing,494.9355,34.4348,29.7734,28.6535,0.0018,0.5753,1.8766,0.0,4.6614,1778784073367516017
vocseg__app2,no_sharing,495.7624,35.5802,30.0073,28.8337,0.0022,0.5958,2.8045,0.0,5.5728,1778784074195409591
vocseg__app2,no_sharing,495.9984,34.7443,29.9213,28.751,0.0022,0.5856,1.9345,0.0,4.823,1778784074430489923
vocseg__app2,no_sharing,496.3556,34.6656,29.8377,28.6449,0.0018,0.5895,1.9095,0.0,4.8279,1778784074787703168
vocseg__app2,no_sharing,497.4284,36.279,30.4845,29.4237,0.0018,0.5867,2.8687,0.0,5.7945,1778784075861440818
vocseg__app2,no_sharing,497.4293,67.1754,29.293,28.196,0.0016,0.5846,35.2132,0.0,37.8824,1778784075894635646
vocseg__app2,no_sharing,497.5737,33.68,29.3165,28.2353,0.0016,0.5779,1.7309,0.0,4.3634,1778784076005558541
vocseg__app2,no_sharing,497.7526,34.3223,29.5505,28.4989,0.0016,0.5704,1.889,0.0,4.7718,1778784076184719799
vocseg__app2,no_sharing,498.4368,34.5373,29.7373,28.6371,0.0018,0.6021,1.8728,0.0,4.8,1778784076868839817
vocseg__app2,no_sharing,498.6227,34.4193,29.7879,28.6597,0.0015,0.5589,1.8744,0.0,4.6314,1778784077054776573
vocseg__app2,no_sharing,498.9072,91.2771,84.8999,82.941,0.0026,1.1537,2.4035,0.0,6.3773,1778784077339722740
vocseg__app2,no_sharing,499.0595,36.2103,30.7015,29.4915,0.002,0.6134,2.3093,0.0,5.5088,1778784077491954654
vocseg__app2,no_sharing,499.0603,81.0304,42.8603,41.4,0.002,0.4462,35.244,0.0,38.1701,1778784077525720718
vocseg__app2,no_sharing,499.0634,79.9613,42.8603,41.4,0.002,0.4462,32.1269,0.0,37.101,1778784077525720718
vocseg__app2,no_sharing,500.0548,34.7693,30.0311,28.8458,0.0024,0.6228,1.8466,0.0,4.7382,1778784078486820599
vocseg__app2,no_sharing,500.9151,35.2409,29.7975,28.6304,0.0018,0.5855,2.5802,0.0,5.4433,1778784079347883333
vocseg__app2,no_sharing,501.6943,34.636,29.4662,28.3713,0.0017,0.621,2.3403,0.0,5.1699,1778784080126826252
vocseg__app2,no_sharing,501.7741,34.1117,29.5168,28.3703,0.0019,0.5858,1.7641,0.0,4.5949,1778784080206076312
vocseg__app2,no_sharing,502.5156,68.2774,62.0716,56.6581,0.0021,4.7591,1.8966,0.0,6.2057,1778784080947628587
vocseg__app2,no_sharing,502.7272,34.5037,29.7454,28.6192,0.0016,0.5757,1.9147,0.0,4.7583,1778784081159265192
vocseg__app2,no_sharing,503.1878,34.3592,29.6625,28.6061,0.0025,0.5714,1.8868,0.0,4.6967,1778784081619886644
vocseg__app2,no_sharing,503.322,33.7248,29.4494,28.4226,0.0016,0.5828,1.6794,0.0,4.2754,1778784081753809774
vocseg__app2,no_sharing,503.3939,53.9525,49.5759,46.686,0.0024,2.4311,1.6174,0.0,4.3765,1778784081825628573
vocseg__app2,no_sharing,503.4136,67.4903,30.6515,29.5043,0.0017,0.6236,34.1091,0.0,36.8388,1778784081877816662
vocseg__app2,no_sharing,504.1378,35.4416,30.769,28.5695,0.0022,1.649,1.8797,0.0,4.6727,1778784082569896080
vocseg__app2,no_sharing,504.4001,34.3239,29.6102,28.5831,0.0022,0.5648,1.8957,0.0,4.7138,1778784082832114432
vocseg__app2,no_sharing,506.3187,56.2758,50.447,49.1964,0.002,0.6586,2.6829,0.0,5.8289,1778784084751515800
vocseg__app2,no_sharing,506.8055,35.2929,29.6988,28.6438,0.0019,0.5726,2.6832,0.0,5.594,1778784085238397315
vocseg__app2,no_sharing,506.851,33.5612,29.2854,28.1512,0.0024,0.6043,1.4198,0.0,4.2758,1778784085282570845
vocseg__app2,no_sharing,507.4152,34.4405,29.6333,28.5946,0.0015,0.5765,1.9672,0.0,4.8072,1778784085847364840
vocseg__app2,no_sharing,508.3586,88.6738,83.8839,82.6667,0.002,0.6666,1.8973,0.0,4.79,1778784086790706541
vocseg__app2,no_sharing,508.3865,110.5354,47.0052,44.0516,0.0017,2.4268,60.7991,0.0,63.5302,1778784086877455567
vocseg__app2,no_sharing,509.3213,41.2991,36.5053,33.5397,0.0024,2.3831,1.9305,0.0,4.7938,1778784087753386621
vocseg__app2,no_sharing,509.4012,33.5214,29.2903,28.2053,0.0019,0.5841,1.57,0.0,4.2311,1778784087832946418
vocseg__app2,no_sharing,509.8753,34.2557,29.566,28.5513,0.0019,0.5513,1.8864,0.0,4.6897,1778784088307380196
vocseg__app2,no_sharing,510.7036,53.8106,47.9985,42.7536,0.002,4.6334,1.9484,0.0,5.8121,1778784089135677241
vocseg__app2,no_sharing,510.7095,173.9624,123.2742,121.7798,0.0022,0.4822,47.9667,0.0,50.6881,1778784089187638477
vocseg__app2,no_sharing,510.7414,144.4852,123.2742,121.7798,0.0022,0.4822,16.0267,0.0,21.211,1778784089187638477
vocseg__app2,no_sharing,511.6203,34.8463,29.9334,28.8065,0.0022,0.6123,2.0351,0.0,4.9129,1778784090052505764
vocseg__app2,no_sharing,512.0628,35.4581,29.8234,28.5984,0.0019,0.6018,2.6975,0.0,5.6347,1778784090495675688
vocseg__app2,no_sharing,512.6286,33.8278,29.4118,28.3786,0.0015,0.5774,1.7121,0.0,4.416,1778784091060450247
vocseg__app2,no_sharing,512.7585,55.1176,49.8842,48.7932,0.0019,0.6243,2.6228,0.0,5.2334,1778784091191313019
vocseg__app2,no_sharing,512.8063,39.2082,29.3943,28.3489,0.0016,0.5756,7.3628,0.0,9.8138,1778784091243800953
vocseg__app2,no_sharing,512.9153,82.3159,77.7053,76.5141,0.002,0.6415,2.0282,0.0,4.6107,1778784091347509917
vocseg__app2,no_sharing,512.9673,62.6938,29.424,28.3729,0.0016,0.5867,30.4117,0.0,33.2698,1778784091427867938
vocseg__app2,no_sharing,514.1202,36.0541,31.136,29.2312,0.0021,0.6167,1.9414,0.0,4.9181,1778784092552288102
vocseg__app2,no_sharing,514.1964,34.3654,29.6295,28.5332,0.0024,0.615,1.7095,0.0,4.7359,1778784092628283491
vocseg__app2,no_sharing,514.629,34.9121,29.9366,28.7337,0.002,0.6033,1.9166,0.0,4.9755,1778784093061125291
vocseg__app2,no_sharing,514.7192,34.3797,29.6553,28.5644,0.0023,0.6072,1.8723,0.0,4.7244,1778784093151202621
vocseg__app2,no_sharing,515.2201,101.5334,95.8547,92.8651,0.0021,2.441,2.9266,0.0,5.6787,1778784093653196092
vocseg__app2,no_sharing,515.2972,77.3537,49.7914,48.3044,0.002,0.4827,24.6613,0.0,27.5623,1778784093752045642
vocseg__app2,no_sharing,515.3051,71.7947,49.7914,48.3044,0.002,0.4827,16.7897,0.0,22.0033,1778784093752045642
vocseg__app2,no_sharing,515.431,34.5511,29.6731,28.573,0.0019,0.5816,2.3465,0.0,4.878,1778784093863550561
vocseg__app2,no_sharing,515.8484,34.1332,29.6163,28.5002,0.0016,0.5773,1.8208,0.0,4.5169,1778784094280401257
vocseg__app2,no_sharing,517.0093,34.955,29.9126,28.7383,0.0018,0.6072,1.8723,0.0,5.0424,1778784095441379847
vocseg__app2,no_sharing,517.1983,34.7409,29.9732,28.7613,0.0024,0.622,1.8151,0.0,4.7678,1778784095630253229
vocseg__app2,no_sharing,517.4472,92.6247,86.241,80.8304,0.0022,4.6465,2.1999,0.0,6.3837,1778784095879568197
vocseg__app2,no_sharing,518.0973,37.8878,32.87,31.672,0.0017,0.6923,2.0511,0.0,5.0178,1778784096529571167
vocseg__app2,no_sharing,518.5767,39.1126,34.2024,32.9493,0.0024,0.7219,1.9231,0.0,4.9101,1778784097008811628
vocseg__app2,no_sharing,518.8368,36.9184,32.0038,30.8543,0.0017,0.6476,1.9417,0.0,4.9146,1778784097268882645
vocseg__app2,no_sharing,518.9168,40.324,35.9219,34.8001,0.0018,0.5963,1.7302,0.0,4.4021,1778784097348670812
vocseg__app2,no_sharing,519.9308,35.5325,30.544,29.3255,0.0016,0.6332,1.8868,0.0,4.9884,1778784098362827990
vocseg__app2,no_sharing,520.3546,81.6314,75.8511,74.5823,0.0019,0.6863,3.1323,0.0,5.7803,1778784098787970969
vocseg__app2,no_sharing,520.9966,34.2479,29.6675,28.4917,0.0018,0.5961,1.8125,0.0,4.5804,1778784099428629538
vocseg__app2,no_sharing,521.0276,35.2724,28.9885,28.0097,0.0016,0.5813,3.7291,0.0,6.2838,1778784099461458912
vocseg__app2,no_sharing,521.5395,34.2617,29.4886,28.3648,0.0018,0.5731,1.9124,0.0,4.7731,1778784099971551509
vocseg__app2,no_sharing,521.6109,34.164,29.8405,28.2076,0.0018,0.5774,1.5817,0.0,4.3234,1778784100042638805
vocseg__app2,no_sharing,521.8902,34.4067,29.5986,28.4083,0.002,0.6063,1.873,0.0,4.8081,1778784100322228592
vocseg__app2,no_sharing,521.9788,34.6832,29.8512,28.6993,0.002,0.5906,1.904,0.0,4.832,1778784100410865592
vocseg__app2,no_sharing,522.3682,88.3384,83.5987,82.2648,0.0018,0.7575,1.9689,0.0,4.7397,1778784100800344293
vocseg__app2,no_sharing,522.7949,34.4541,29.7027,28.5826,0.0015,0.561,1.8942,0.0,4.7514,1778784101226937760
vocseg__app2,no_sharing,522.8395,33.3748,29.2979,28.2362,0.0017,0.5857,1.3225,0.0,4.0769,1778784101270960181
vocseg__app2,no_sharing,523.5072,59.2966,53.0282,51.6776,0.0023,0.6767,3.0274,0.0,6.2684,1778784101940491750
vocseg__app2,no_sharing,524.1304,75.7091,70.2336,68.907,0.0021,0.6961,2.7714,0.0,5.4755,1778784102563306255
vocseg__app2,no_sharing,524.6253,54.0671,49.4292,44.087,0.0025,4.7396,1.8551,0.0,4.6379,1778784103057331100
vocseg__app2,no_sharing,524.7476,35.1849,30.6751,29.5927,0.0018,0.5956,1.7145,0.0,4.5098,1778784103179523559
vocseg__app2,no_sharing,525.4851,34.4782,29.719,28.5489,0.0024,0.6063,1.9207,0.0,4.7591,1778784103917197826
vocseg__app2,no_sharing,525.6689,35.2645,30.4452,29.2517,0.0018,0.6285,1.8709,0.0,4.8193,1778784104100918068
vocseg__app2,no_sharing,526.1664,33.7915,29.4537,28.427,0.0016,0.5661,1.658,0.0,4.3379,1778784104598191967
vocseg__app2,no_sharing,527.4173,72.6242,66.8501,65.3755,0.0022,0.7966,2.9263,0.0,5.7741,1778784105850374042
vocseg__app2,no_sharing,527.5141,34.7695,29.996,28.873,0.002,0.621,1.8666,0.0,4.7735,1778784105946119735
vocseg__app2,no_sharing,528.6931,34.4496,29.6501,28.493,0.0021,0.5989,1.9453,0.0,4.7995,1778784107125253232
vocseg__app2,no_sharing,528.7808,34.476,29.7469,28.5815,0.0024,0.5911,1.8582,0.0,4.7291,1778784107212812416
vocseg__app2,no_sharing,529.6302,34.673,29.9099,28.7343,0.0018,0.6028,1.8892,0.0,4.7631,1778784108062295802
vocseg__app2,no_sharing,530.2133,34.312,29.6321,28.5868,0.0018,0.5742,1.8883,0.0,4.6799,1778784108645309317
vocseg__app2,no_sharing,530.5921,34.5831,29.8193,28.6976,0.0017,0.5677,1.8952,0.0,4.7638,1778784109024134069
vocseg__app2,no_sharing,531.4313,35.1629,30.2362,28.5334,0.002,0.59,1.9217,0.0,4.9268,1778784109863350563
vocseg__app2,no_sharing,531.6953,54.8706,50.0573,47.1727,0.0018,2.3744,1.9052,0.0,4.8133,1778784110127338804
vocseg__app2,no_sharing,531.883,34.4229,29.6439,28.6075,0.0022,0.5644,1.9336,0.0,4.779,1778784110315100190
vocseg__app2,no_sharing,532.2336,34.5769,29.812,28.7053,0.0022,0.6033,1.899,0.0,4.7648,1778784110665723658
vocseg__app2,no_sharing,532.9449,34.4875,29.7349,28.6118,0.002,0.5652,1.8706,0.0,4.7525,1778784111376890113
vocseg__app2,no_sharing,533.1521,34.0571,29.4763,28.3777,0.0018,0.6206,1.6284,0.0,4.5809,1778784111583838437
vocseg__app2,no_sharing,533.6842,35.0208,30.2913,29.2013,0.002,0.5945,1.8401,0.0,4.7296,1778784112116217895
vocseg__app2,no_sharing,535.7166,35.6371,30.3773,29.3039,0.0015,0.5992,2.5585,0.0,5.2599,1778784114149310305
vocseg__app2,no_sharing,537.504,34.0195,29.4987,28.3742,0.0016,0.5788,1.7779,0.0,4.5207,1778784115935921417
vocseg__app2,no_sharing,537.6186,33.7055,29.3583,28.3384,0.0016,0.5777,1.6584,0.0,4.3472,1778784116050472680
vocseg__app2,no_sharing,537.6962,47.5125,43.0916,42.0406,0.0018,0.6123,1.7693,0.0,4.4209,1778784116128174963
vocseg__app2,no_sharing,537.867,34.616,29.7809,28.6186,0.0018,0.6074,1.888,0.0,4.835,1778784116299075091
vocseg__app2,no_sharing,538.3859,82.5295,77.8447,76.5848,0.0016,0.6376,2.0907,0.0,4.6848,1778784116818152669
vocseg__app2,no_sharing,538.9828,34.6265,29.8205,28.6752,0.0025,0.583,1.8759,0.0,4.806,1778784117414820267
vocseg__app2,no_sharing,540.3961,76.3507,71.6798,68.6673,0.0028,2.2915,1.8346,0.0,4.6709,1778784118828118318
vocseg__app2,no_sharing,540.6822,65.2754,60.625,57.5848,0.002,2.4783,1.8682,0.0,4.6504,1778784119114279645
vocseg__app2,no_sharing,541.3602,34.8034,29.9699,28.87,0.0014,0.5821,1.8075,0.0,4.8335,1778784119792135860
vocseg__app2,no_sharing,541.4321,33.8871,28.9642,27.9513,0.0013,0.5361,2.3036,0.0,4.9229,1778784119864585111
vocseg__app2,no_sharing,541.9596,34.4236,29.7214,28.5615,0.002,0.5909,1.8907,0.0,4.7022,1778784120391648804
vocseg__app2,no_sharing,542.3565,34.3785,29.6658,28.6274,0.002,0.575,1.9002,0.0,4.7127,1778784120788616382
vocseg__app2,no_sharing,542.5279,35.0146,30.3085,28.6431,0.0019,0.5994,1.8778,0.0,4.7061,1778784120959988029
vocseg__app2,no_sharing,543.6619,57.6935,52.6462,51.3716,0.002,0.6726,2.1715,0.0,5.0473,1778784122094273720
vocseg__app2,no_sharing,544.4013,34.5173,29.7495,28.6992,0.0017,0.5845,1.8981,0.0,4.7678,1778784122833407924
vocseg__app2,no_sharing,544.6032,34.6978,29.9267,28.8044,0.0016,0.5832,1.9248,0.0,4.7711,1778784123035281577
vocseg__app2,no_sharing,545.0397,58.8222,54.1267,46.528,0.0024,6.6595,1.837,0.0,4.6954,1778784123471750238
vocseg__app2,no_sharing,545.4295,57.7836,52.007,46.7692,0.0021,4.6264,2.7871,0.0,5.7767,1778784123862486272
vocseg__app2,no_sharing,545.5455,34.6508,29.8675,28.7442,0.0019,0.6345,1.8308,0.0,4.7833,1778784123977515301
vocseg__app2,no_sharing,545.8878,34.277,29.6076,28.4703,0.0016,0.5769,1.8146,0.0,4.6693,1778784124319744932
vocseg__app2,no_sharing,546.0023,34.3063,29.6621,28.5095,0.0018,0.5974,1.7657,0.0,4.6442,1778784124434183465
vocseg__app2,no_sharing,546.1097,33.7362,29.3231,28.196,0.0019,0.6063,1.6346,0.0,4.4132,1778784124541539890
vocseg__app2,no_sharing,546.4922,69.8442,65.0887,59.6962,0.0023,4.8303,1.8349,0.0,4.7555,1778784124924220914
vocseg__app2,no_sharing,546.6768,41.9757,37.6521,34.8034,0.0021,2.3693,1.5612,0.0,4.3236,1778784125108536239
vocseg__app2,no_sharing,547.1695,54.1289,49.3472,48.0079,0.0019,0.7072,1.9517,0.0,4.7817,1778784125601570411
vocseg__app2,no_sharing,547.7132,34.3511,29.647,28.6017,0.0016,0.5728,1.8802,0.0,4.7041,1778784126145279637
vocseg__app2,no_sharing,549.3117,34.6973,29.9806,28.8064,0.0021,0.5791,1.8265,0.0,4.7167,1778784127743725505
vocseg__app2,no_sharing,550.0353,56.7794,52.0271,50.6393,0.0025,0.7164,2.0254,0.0,4.7523,1778784128467478199
vocseg__app2,no_sharing,550.2023,34.7192,29.9429,28.7135,0.0019,0.6168,1.8432,0.0,4.7764,1778784128634331544
vocseg__app2,no_sharing,550.4484,34.8883,30.101,28.8768,0.0022,0.6256,1.8754,0.0,4.7873,1778784128880460597
vocseg__app2,no_sharing,551.8436,35.1245,30.2149,29.0674,0.0018,0.5868,1.9989,0.0,4.9096,1778784130275826571
vocseg__app2,no_sharing,551.8445,66.0312,29.4059,28.2378,0.002,0.5904,34.0495,0.0,36.6253,1778784130308738851
vocseg__app2,no_sharing,552.988,35.2542,30.4475,28.682,0.002,0.6284,1.9023,0.0,4.8068,1778784131420074689
vocseg__app2,no_sharing,554.3372,34.5383,29.7014,28.529,0.0021,0.5913,1.9183,0.0,4.8369,1778784132769318167
vocseg__app2,no_sharing,554.6853,34.7676,30.0501,28.9064,0.0016,0.5818,1.8966,0.0,4.7175,1778784133117407516
vocseg__app2,no_sharing,555.6686,34.5619,29.7422,28.6165,0.002,0.6108,1.9369,0.0,4.8197,1778784134100703737
vocseg__app2,no_sharing,556.1308,34.6642,29.8281,28.6793,0.0019,0.5858,1.9293,0.0,4.836,1778784134562867643
vocseg__app2,no_sharing,556.2386,33.4363,29.2779,28.1862,0.0016,0.5757,1.5121,0.0,4.1584,1778784134670324978
vocseg__app2,no_sharing,556.545,34.2796,29.5556,28.4971,0.0016,0.5767,1.8923,0.0,4.724,1778784134977046545
vocseg__app2,no_sharing,556.9205,34.158,29.6336,28.4812,0.0019,0.6131,1.6549,0.0,4.5244,1778784135352273016
vocseg__app2,no_sharing,557.4673,34.4329,29.7082,28.6832,0.0019,0.567,1.8792,0.0,4.7247,1778784135899348466
vocseg__app2,no_sharing,558.5018,83.0693,78.5592,77.1522,0.0025,0.6423,1.8699,0.0,4.5101,1778784136933893553
vocseg__app2,no_sharing,559.1056,34.2774,29.6712,28.6204,0.0023,0.582,1.822,0.0,4.6063,1778784137537644840
vocseg__app2,no_sharing,560.0199,42.7637,37.9017,36.5183,0.0021,0.7094,1.8942,0.0,4.862,1778784138451942084
vocseg__app2,no_sharing,561.0561,55.7368,51.1214,48.1329,0.0021,2.4948,1.7009,0.0,4.6154,1778784139487969709
vocseg__app2,no_sharing,561.4036,35.2523,30.5931,29.5119,0.0019,0.5938,1.8651,0.0,4.6592,1778784139835700515
vocseg__app2,no_sharing,561.4146,55.7728,29.1462,28.1996,0.0014,0.5588,24.1275,0.0,26.6266,1778784139868930267
vocseg__app2,no_sharing,561.643,34.2777,29.6906,28.5546,0.0016,0.579,1.8086,0.0,4.5871,1778784140074970601
vocseg__app2,no_sharing,561.6874,33.2162,29.2992,28.328,0.0014,0.5715,1.3793,0.0,3.917,1778784140118964407
vocseg__app2,no_sharing,561.8058,34.127,29.654,28.6106,0.0017,0.5623,1.7464,0.0,4.473,1778784140237759843
vocseg__app2,no_sharing,562.1865,34.8198,29.9766,28.8733,0.0018,0.5952,1.8799,0.0,4.8432,1778784140618544275
vocseg__app2,no_sharing,562.729,56.2844,50.2742,49.1603,0.0019,0.6375,2.938,0.0,6.0103,1778784141162064633
vocseg__app2,no_sharing,563.0876,34.9171,30.3556,28.8222,0.0017,0.5658,1.8179,0.0,4.5615,1778784141519576007
vocseg__app2,no_sharing,563.3356,71.2714,65.8711,64.7197,0.0019,0.655,2.7006,0.0,5.4003,1778784141768417061
vocseg__app2,no_sharing,564.5925,34.6601,30.0077,28.8466,0.0019,0.562,1.8864,0.0,4.6524,1778784143024581382
vocseg__app2,no_sharing,565.1259,34.5788,29.7724,28.643,0.0017,0.5735,1.9112,0.0,4.8064,1778784143557951369
vocseg__app2,no_sharing,565.2325,34.2917,29.7267,28.618,0.0022,0.6221,1.6296,0.0,4.565,1778784143664287394
vocseg__app2,no_sharing,565.6735,34.543,29.8478,28.6903,0.0018,0.5765,1.8764,0.0,4.6953,1778784144105576209
vocseg__app2,no_sharing,566.3093,34.9538,30.168,29.0022,0.0021,0.5853,1.9214,0.0,4.7858,1778784144741428012
vocseg__app2,no_sharing,566.3554,33.2031,29.2283,28.1949,0.0017,0.5634,1.4474,0.0,3.9748,1778784144787050384
vocseg__app2,no_sharing,568.0441,89.5703,82.6075,81.3103,0.0024,0.6838,4.0898,0.0,6.9628,1778784146478514244
vocseg__app2,no_sharing,568.8337,51.0595,46.5852,45.3813,0.0024,0.609,1.6849,0.0,4.4743,1778784147265525105
vocseg__app2,no_sharing,569.1885,34.744,29.9809,28.8211,0.0019,0.5896,1.8902,0.0,4.7631,1778784147620517797
vocseg__app2,no_sharing,569.8936,34.6696,29.9872,28.814,0.0019,0.5937,1.8187,0.0,4.6824,1778784148325550340
vocseg__app2,no_sharing,570.9826,35.7363,31.0371,29.9623,0.0017,0.599,1.7931,0.0,4.6992,1778784149414587689
vocseg__app2,no_sharing,571.0008,50.0202,29.6921,28.5188,0.0021,0.6268,17.4406,0.0,20.3281,1778784149448448485
vocseg__app2,no_sharing,571.1731,34.6003,29.8765,28.7911,0.0025,0.5922,1.8537,0.0,4.7238,1778784149605136395
vocseg__app2,no_sharing,571.5422,34.7204,29.8964,28.8255,0.0024,0.5886,1.9455,0.0,4.824,1778784149974324213
vocseg__app2,no_sharing,571.6191,33.3087,29.2016,28.1784,0.0017,0.5872,1.4269,0.0,4.1071,1778784150050681837
vocseg__app2,no_sharing,571.7837,34.8363,30.1252,28.9449,0.0018,0.5841,1.8272,0.0,4.7111,1778784150215674731
vocseg__app2,no_sharing,572.3927,34.2357,29.6377,28.5712,0.0023,0.5828,1.7633,0.0,4.598,1778784150824661275
vocseg__app2,no_sharing,573.1274,124.6848,119.0468,115.5474,0.0021,2.9616,2.7692,0.0,5.638,1778784151560285972
vocseg__app2,no_sharing,573.2003,115.8464,61.5076,58.4631,0.0017,2.5331,51.646,0.0,54.3388,1778784151682155876
vocseg__app2,no_sharing,574.3383,92.0026,84.8455,79.6395,0.0019,4.6329,2.7976,0.0,7.1572,1778784152771259732
vocseg__app2,no_sharing,575.8904,48.7504,43.9221,42.717,0.0018,0.6296,1.9698,0.0,4.8283,1778784154322519280
vocseg__app2,no_sharing,575.9881,77.4708,71.3532,70.0617,0.0028,0.6734,3.0341,0.0,6.1176,1778784154421321823
vocseg__app2,no_sharing,576.5953,77.6091,70.3462,65.0266,0.0021,4.7057,3.2296,0.0,7.2628,1778784155028679157
vocseg__app2,no_sharing,576.8528,34.5373,29.734,28.5487,0.0023,0.5985,1.8821,0.0,4.8033,1778784155284806021
vocseg__app2,no_sharing,578.7464,49.1221,44.6422,43.5149,0.0018,0.6481,1.79,0.0,4.4799,1778784157178375972
vocseg__app2,no_sharing,578.9392,34.548,29.8733,28.7128,0.0023,0.591,1.7924,0.0,4.6748,1778784157371181499
vocseg__app2,no_sharing,579.5104,34.1783,29.6964,28.5725,0.0019,0.5781,1.7986,0.0,4.4819,1778784157942350098
vocseg__app2,no_sharing,580.2585,34.3328,29.7371,28.5797,0.0018,0.6052,1.7323,0.0,4.5956,1778784158690401502
vocseg__app2,no_sharing,580.317,33.282,29.2073,28.1155,0.0018,0.5842,1.4672,0.0,4.0748,1778784158748614450
vocseg__app2,no_sharing,581.0927,34.6243,29.8839,28.7196,0.0024,0.5837,1.8651,0.0,4.7404,1778784159524750001
vocseg__app2,no_sharing,581.99,34.6575,29.8803,28.793,0.0018,0.6142,1.8458,0.0,4.7772,1778784160422019447
vocseg__app2,no_sharing,583.3074,35.2945,29.9032,28.7632,0.0025,0.5856,2.558,0.0,5.3914,1778784161740157451
vocseg__app2,no_sharing,583.7073,37.2205,31.2343,30.09,0.0023,0.6433,1.9248,0.0,5.9862,1778784162139344935
vocseg__app2,no_sharing,583.7282,105.0565,85.9151,84.6567,0.0022,0.671,16.0539,0.0,19.1414,1778784162174431071
vocseg__app2,no_sharing,584.5694,34.7474,29.8757,28.6967,0.0019,0.5947,1.9369,0.0,4.8717,1778784163001545298
vocseg__app2,no_sharing,584.7595,34.759,29.7136,28.5403,0.0016,0.5892,2.13,0.0,5.0454,1778784163191809000
vocseg__app2,no_sharing,585.0547,34.4021,29.6474,28.4981,0.0019,0.5726,1.8883,0.0,4.7548,1778784163486772905
vocseg__app2,no_sharing,586.7637,36.8192,31.7794,30.0268,0.0017,1.2569,1.9665,0.0,5.0398,1778784165195842654
vocseg__app2,no_sharing,587.7931,35.8727,31.0071,29.0687,0.0021,1.3516,1.9875,0.0,4.8656,1778784166225231779
vocseg__app2,no_sharing,587.8242,37.0977,29.4913,28.3514,0.0016,0.6281,4.5741,0.0,7.6064,1778784166258911970
vocseg__app2,no_sharing,588.0486,34.9326,29.9368,28.7342,0.0018,0.6035,1.9169,0.0,4.9958,1778784166480638182
vocseg__app2,no_sharing,588.0937,107.9774,103.1132,100.0087,0.0021,2.4282,2.0671,0.0,4.8641,1778784166525912286
vocseg__app2,no_sharing,588.5687,35.3343,30.4092,29.2411,0.002,0.6708,1.8525,0.0,4.9251,1778784167000700587
vocseg__app2,no_sharing,588.9149,35.356,30.8125,29.6311,0.0018,0.6291,1.7812,0.0,4.5435,1778784167346915608
vocseg__app2,no_sharing,589.6033,35.8646,31.1096,29.9066,0.0017,0.6284,1.8539,0.0,4.755,1778784168035294752
vocseg__app2,no_sharing,589.6102,61.1303,29.4962,28.4253,0.002,0.5983,28.7893,0.0,31.6341,1778784168069190870
vocseg__app2,no_sharing,590.0599,36.4106,30.07,28.9756,0.0019,0.5969,1.9202,0.0,6.3406,1778784168492004720
vocseg__app2,no_sharing,590.7621,34.6928,29.9799,28.7942,0.002,0.6223,1.7288,0.0,4.7128,1778784169193956298
vocseg__app2,no_sharing,591.6244,34.7397,29.909,28.8134,0.0018,0.5974,1.9014,0.0,4.8307,1778784170056495345
vocseg__app2,no_sharing,591.7367,34.6766,29.9512,28.8583,0.0024,0.5857,1.8966,0.0,4.7254,1778784170168743569
vocseg__app2,no_sharing,591.8336,34.445,29.7603,28.6724,0.0017,0.6061,1.8098,0.0,4.6847,1778784170265540275
vocseg__app2,no_sharing,592.3104,34.8091,29.9356,28.7827,0.0017,0.5766,1.8997,0.0,4.8735,1778784170742494145
vocseg__app2,no_sharing,592.3524,33.7157,29.5332,28.4482,0.0016,0.576,1.4296,0.0,4.1825,1778784170783981722
vocseg__app2,no_sharing,592.3913,33.5302,29.4077,28.4037,0.0015,0.5926,1.4412,0.0,4.1226,1778784170822853861
vocseg__app2,no_sharing,592.8593,93.0398,85.9651,80.6357,0.0026,4.6926,2.8245,0.0,7.0746,1778784171292305869
vocseg__app2,no_sharing,593.0293,34.7624,30.0922,28.9133,0.0022,0.6112,1.8537,0.0,4.6702,1778784171461299494
vocseg__app2,no_sharing,596.5663,34.8461,29.9323,28.7487,0.0023,0.6161,1.9605,0.0,4.9138,1778784174998451616
vocseg__app2,no_sharing,596.7791,35.2051,30.4262,28.7483,0.0022,0.584,1.8578,0.0,4.779,1778784175211170515
vocseg__app2,no_sharing,596.9944,35.0473,30.2424,29.1723,0.0019,0.5898,1.8852,0.0,4.8049,1778784175426494295
vocseg__app2,no_sharing,598.8031,35.0506,30.3481,29.1737,0.0019,0.5847,1.8716,0.0,4.7025,1778784177235089068
vocseg__app2,no_sharing,599.1562,34.6794,29.8762,28.6946,0.0019,0.6123,1.8883,0.0,4.8032,1778784177588298017
vocseg__app2,no_sharing,599.2101,45.7311,39.7975,36.7913,0.002,2.4548,1.8287,0.0,5.9335,1778784177642093548
vocseg__app2,no_sharing,599.3698,35.238,29.7246,28.565,0.0017,0.6011,2.6062,0.0,5.5135,1778784177805270584
