task,condition,elapsed_sec,latency_ms,server_exec_ms,server_proc_ms,server_swap_ms,server_decoder_ms,queue_wait_plus_rpc_ms,client_pre_rpc_ms,non_server_exec_overhead_ms,server_start_ns,phase
qwenA,stfq,0.0001,3807.1733,3805.3897,3805.3897,0.0,0.0,0.9534,0.0,1.7835,1779564588410833776,1
qwenA,stfq,2.4046,6885.061,6883.3134,6883.3134,0.0,0.0,0.8759,0.0,1.7476,1779564590815281592,1
qwenA,stfq,8.9449,2335.499,1990.1295,1990.1295,0.0,0.0,344.5814,0.0,345.3695,1779564597699287554,1
qwenA,stfq,4.7412,6890.9583,6889.1305,6889.1305,0.0,0.0,0.9091,0.0,1.8278,1779564593151869008,1
qwenA,stfq,7.1259,6954.7503,6779.4575,6779.4575,0.0,0.0,174.5379,0.0,175.2928,1779564595710212853,1
qwenA,stfq,7.4057,7156.224,6869.1759,6869.1759,0.0,0.0,286.1512,0.0,287.0481,1779564596101628280,1
qwenA,stfq,7.4922,7069.8264,6866.2156,6866.2156,0.0,0.0,202.6641,0.0,203.6108,1779564596104628346,1
qwenA,stfq,13.4793,3151.2339,3030.8662,3030.8662,0.0,0.0,119.5989,0.0,120.3677,1779564602008646909,1
qwenA,stfq,10.3551,7324.5273,7030.58,7030.58,0.0,0.0,293.1368,0.0,293.9473,1779564599057971660,1
qwenA,stfq,17.882,2490.9196,1988.006,1988.006,0.0,0.0,502.0761,0.0,502.9136,1779564606793881279,1
qwenA,stfq,13.5588,7052.9399,6842.6697,6842.6697,0.0,0.0,209.4233,0.0,210.2701,1779564602177945048,1
qwenA,stfq,14.6046,6881.5687,6747.6784,6747.6784,0.0,0.0,133.0948,0.0,133.8902,1779564603147461273,1
qwenA,stfq,14.6764,7362.3612,6843.0986,6843.0986,0.0,0.0,518.4097,0.0,519.2626,1779564603604586431,1
qwenA,stfq,19.2679,3356.0464,3041.2977,3041.2977,0.0,0.0,313.9281,0.0,314.7487,1779564607991631252,1
qwenA,stfq,15.7646,7319.7834,6932.9107,6932.9107,0.0,0.0,386.0698,0.0,386.8728,1779564604560471731,1
qwenA,stfq,17.4967,6960.6693,6943.0629,6943.0629,0.0,0.0,16.7944,0.0,17.6064,1779564605923206734,1
qwenA,stfq,22.46,2328.7666,2164.1111,2164.1111,0.0,0.0,163.8148,0.0,164.6555,1779564611033533145,1
qwenA,stfq,19.1154,7334.7023,7031.6245,7031.6245,0.0,0.0,302.3334,0.0,303.0778,1779564607827500885,1
qwenA,stfq,19.3591,7257.3047,7030.1952,7030.1952,0.0,0.0,226.3744,0.0,227.1095,1779564607995268997,1
qwenA,stfq,19.6747,7108.6247,7022.9631,7022.9631,0.0,0.0,84.7952,0.0,85.6616,1779564608169270613,1
qwenA,stfq,20.576,7151.9761,7115.5346,7115.5346,0.0,0.0,35.5673,0.0,36.4415,1779564609021371234,1
qwenA,stfq,20.9894,7449.6624,7121.9599,7121.9599,0.0,0.0,326.9088,0.0,327.7025,1779564609726100058,1
qwenA,stfq,25.5254,3092.1333,2940.6603,2940.6603,0.0,0.0,150.4831,0.0,151.473,1779564614085635505,1
qwenA,stfq,22.2358,7254.8342,7040.1459,7040.1459,0.0,0.0,213.7747,0.0,214.6883,1779564610859375308,1
qwenA,stfq,27.9933,2699.4383,2252.9398,2252.9398,0.0,0.0,445.6911,0.0,446.4985,1779564616848796432,1
qwenA,stfq,24.2981,7267.5896,7107.8216,7107.8216,0.0,0.0,159.0405,0.0,159.768,1779564612866858874,1
qwenA,stfq,29.6464,3368.2361,3205.0671,3205.0671,0.0,0.0,162.4076,0.0,163.169,1779564618218609370,1
qwenA,stfq,26.1812,7294.6484,7192.9263,7192.9263,0.0,0.0,100.893,0.0,101.7221,1779564614691854467,1
qwenA,stfq,26.5974,7210.4287,7190.7919,7190.7919,0.0,0.0,18.8377,0.0,19.6368,1779564615026021532,1
qwenA,stfq,27.0513,7391.5637,7190.9632,7190.9632,0.0,0.0,199.7285,0.0,200.6004,1779564615660774167,1
qwenA,stfq,32.3613,2325.6342,2154.8025,2154.8025,0.0,0.0,170.0287,0.0,170.8318,1779564620941121624,1
qwenA,stfq,27.1278,7723.9842,7288.8093,7288.8093,0.0,0.0,434.2523,0.0,435.1749,1779564615971827211,1
qwenA,stfq,27.3075,8029.5513,7289.4216,7289.4216,0.0,0.0,739.4216,0.0,740.1297,1779564616456647786,1
qwenA,stfq,28.3815,7343.271,7282.6241,7282.6241,0.0,0.0,59.7036,0.0,60.6469,1779564616850936509,1
qwenA,stfq,33.5371,3229.7642,3123.8361,3123.8361,0.0,0.0,105.114,0.0,105.9281,1779564622051939430,1
qwenA,stfq,30.355,7196.5349,7188.6764,7188.6764,0.0,0.0,7.0322,0.0,7.8584,1779564618771820741,1
qwenA,stfq,30.5926,7291.3575,7190.5074,7190.5074,0.0,0.0,99.9894,0.0,100.8501,1779564619102329301,1
qwenA,stfq,31.0547,7388.0789,7290.5775,7290.5775,0.0,0.0,96.6783,0.0,97.5014,1779564619561164372,1
qwenA,stfq,31.6949,7328.052,7287.578,7287.578,0.0,0.0,39.5868,0.0,40.4741,1779564620144295164,1
qwenA,stfq,32.0392,7619.0782,7291.8148,7291.8148,0.0,0.0,326.4375,0.0,327.2634,1779564620775412258,1
qwenA,stfq,33.2393,7436.0979,7198.9583,7198.9583,0.0,0.0,236.3288,0.0,237.1396,1779564621885366560,1
qwenA,stfq,34.871,7264.9493,7111.7214,7111.7214,0.0,0.0,152.4179,0.0,153.2279,1779564623433221267,1
qwenA,stfq,39.9081,2858.2234,2254.8207,2254.8207,0.0,0.0,602.5131,0.0,603.4028,1779564628920370574,1
qwenA,stfq,36.2609,7467.7908,7205.1952,7205.1952,0.0,0.0,261.6947,0.0,262.5956,1779564624932330404,1
qwenA,stfq,41.3089,3365.6991,3122.4784,3122.4784,0.0,0.0,242.3892,0.0,243.2207,1779564629961027652,1
qwenA,stfq,37.3455,7496.2249,7289.6818,7289.6818,0.0,0.0,205.8318,0.0,206.5431,1779564625961061762,1
qwenA,stfq,37.4189,7586.6857,7289.446,7289.446,0.0,0.0,296.438,0.0,297.2397,1779564626125132606,1
qwenA,stfq,38.5521,7334.2311,7272.4168,7272.4168,0.0,0.0,60.8585,0.0,61.8143,1779564627022695370,1
qwenA,stfq,43.6532,2395.7968,2319.8721,2319.8721,0.0,0.0,75.1035,0.0,75.9247,1779564632138101643,1
qwenA,stfq,41.0293,7300.029,7244.8254,7244.8254,0.0,0.0,54.162,0.0,55.2036,1779564629493237496,1
qwenA,stfq,41.6297,7402.0379,7232.9823,7232.9823,0.0,0.0,168.1404,0.0,169.0555,1779564630207604384,1
qwenA,stfq,41.7959,7401.335,7230.8075,7230.8075,0.0,0.0,169.5595,0.0,170.5275,1779564630375211338,1
qwenA,stfq,42.1503,7552.8123,7250.1643,7250.1643,0.0,0.0,301.7869,0.0,302.648,1779564630861876018,1
qwenA,stfq,42.1708,7847.929,7251.8424,7251.8424,0.0,0.0,595.2199,0.0,596.0866,1779564631175797717,1
qwenA,stfq,42.3384,7851.0125,7255.7637,7255.7637,0.0,0.0,594.2442,0.0,595.2488,1779564631342381354,1
qwenA,stfq,48.2124,3201.5972,3083.8694,3083.8694,0.0,0.0,116.9064,0.0,117.7278,1779564636739048270,1
qwenA,stfq,51.8444,2339.6697,2302.5778,2302.5778,0.0,0.0,36.3524,0.0,37.0919,1779564640290522543,1
qwenA,stfq,47.6495,7600.3597,7327.5059,7327.5059,0.0,0.0,272.0478,0.0,272.8538,1779564636331337788,1
qwenA,stfq,48.4968,7728.2665,7430.6045,7430.6045,0.0,0.0,296.8364,0.0,297.662,1779564637203425876,1
qwenA,stfq,48.8948,7573.4429,7436.0467,7436.0467,0.0,0.0,136.6174,0.0,137.3962,1779564637441167352,1
qwenA,stfq,49.2555,7560.6053,7440.8764,7440.8764,0.0,0.0,118.7699,0.0,119.7289,1779564637784041774,1
qwenA,stfq,49.3858,7755.3906,7437.4925,7437.4925,0.0,0.0,317.0741,0.0,317.8982,1779564638112614490,1
qwenA,stfq,50.4693,7576.0918,7531.7058,7531.7058,0.0,0.0,43.5913,0.0,44.3859,1779564638922602422,1
qwenA,stfq,53.3527,7717.5243,7592.0728,7592.0728,0.0,0.0,124.6397,0.0,125.4515,1779564641887123897,1
qwenA,stfq,58.6619,3299.7596,3278.718,3278.718,0.0,0.0,20.1731,0.0,21.0416,1779564647091870938,1
qwenA,stfq,61.3039,2852.21,2179.165,2179.165,0.0,0.0,671.979,0.0,673.0451,1779564650385625942,2
qwenA,stfq,61.5707,3900.336,3078.8732,3078.8732,0.0,0.0,820.6706,0.0,821.4629,1779564650801131335,2
qwenA,stfq,62.4093,3960.7334,2212.8819,2212.8819,0.0,0.0,1746.6898,0.0,1747.8516,1779564652565796530,2
qwenA,stfq,62.7695,4502.0442,3101.6748,3101.6748,0.0,0.0,1399.3163,0.0,1400.3694,1779564652578610364,2
qwenA,stfq,63.0262,4588.7387,2143.1856,2143.1856,0.0,0.0,2444.7618,0.0,2445.5531,1779564653880704416,2
qwenA,stfq,60.7691,7422.1802,7290.04,7290.04,0.0,0.0,131.2926,0.0,132.1402,1779564649310168826,2
qwenA,stfq,63.2969,5457.8633,3031.5832,3031.5832,0.0,0.0,2425.513,0.0,2426.2802,1779564654132140474,2
qwenA,stfq,60.9749,8017.3662,7383.5052,7383.5052,0.0,0.0,633.0388,0.0,633.861,1779564650017694409,2
qwenA,stfq,61.1054,8056.2732,7385.4263,7385.4263,0.0,0.0,670.0215,0.0,670.8469,1779564650185228155,2
qwenA,stfq,61.1796,8152.1122,7369.2958,7369.2958,0.0,0.0,782.0377,0.0,782.8164,1779564650371426694,2
qwenA,stfq,61.185,8146.7686,7362.94,7362.94,0.0,0.0,783.0377,0.0,783.8286,1779564650377831547,2
qwenA,stfq,61.3824,8127.6863,7363.2195,7363.2195,0.0,0.0,763.7305,0.0,764.4668,1779564650555894639,2
qwenA,stfq,63.9278,5751.1189,2393.832,2393.832,0.0,0.0,3356.4918,0.0,3357.2869,1779564655694073492,2
qwenA,stfq,61.8236,8395.261,7362.974,7362.974,0.0,0.0,1031.4043,0.0,1032.287,1779564651264753620,2
qwenA,stfq,61.8652,8529.2425,7368.6499,7368.6499,0.0,0.0,1159.7254,0.0,1160.5927,1779564651434643336,2
qwenA,stfq,61.8714,8523.1071,7363.1314,7363.1314,0.0,0.0,1159.085,0.0,1159.9757,1779564651440202964,2
qwenA,stfq,61.9871,8585.6092,7369.6495,7369.6495,0.0,0.0,1215.0924,0.0,1215.9597,1779564651611921133,2
qwenA,stfq,62.3069,8433.2669,7368.5246,7368.5246,0.0,0.0,1063.9658,0.0,1064.7423,1779564651780629405,2
qwenA,stfq,64.0191,6963.7702,3361.7934,3361.7934,0.0,0.0,3601.1732,0.0,3601.9768,1779564656029987511,2
qwenA,stfq,62.675,8846.0486,7358.9465,7358.9465,0.0,0.0,1486.2645,0.0,1487.102,1779564652571021642,2
qwenA,stfq,64.9231,6597.9984,2181.3937,2181.3937,0.0,0.0,4415.7455,0.0,4416.6047,1779564657748613075,2
qwenA,stfq,62.9334,8770.5028,7357.4635,7357.4635,0.0,0.0,1412.1125,0.0,1413.0393,1779564652755236110,2
qwenA,stfq,62.9703,8733.6824,7351.7444,7351.7444,0.0,0.0,1380.9679,0.0,1381.938,1779564652761029893,2
qwenA,stfq,62.9867,9046.196,7363.3424,7363.3424,0.0,0.0,1682.0529,0.0,1682.8536,1779564653078533144,2
qwenA,stfq,63.0041,9416.9929,7364.6177,7364.6177,0.0,0.0,2051.5926,0.0,2052.3752,1779564653465460520,2
qwenA,stfq,63.0195,9569.1338,7361.3062,7361.3062,0.0,0.0,2206.9967,0.0,2207.8275,1779564653636274477,2
qwenA,stfq,63.241,9591.6147,7355.3644,7355.3644,0.0,0.0,2235.5137,0.0,2236.2503,1779564653886289663,2
qwenA,stfq,63.3453,10190.048,7344.0953,7344.0953,0.0,0.0,2845.1121,0.0,2845.9527,1779564654600131244,2
qwenA,stfq,63.4617,10240.1667,7323.8046,7323.8046,0.0,0.0,2915.3867,0.0,2916.3621,1779564654786852362,2
qwenA,stfq,63.4851,10781.6455,7420.4617,7420.4617,0.0,0.0,3360.4801,0.0,3361.1838,1779564655255364392,2
qwenA,stfq,63.7246,10972.4438,7424.4969,7424.4969,0.0,0.0,3546.9813,0.0,3547.947,1779564655681328990,2
qwenA,stfq,63.8863,10810.7927,7418.782,7418.782,0.0,0.0,3391.0351,0.0,3392.0107,1779564655687131509,2
qwenA,stfq,65.3184,9378.7832,3169.2205,3169.2205,0.0,0.0,6208.6184,0.0,6209.5628,1779564659936734622,2
qwenA,stfq,63.9532,11167.1255,7504.7352,7504.7352,0.0,0.0,3661.5965,0.0,3662.3902,1779564656024587990,2
qwenA,stfq,64.0574,11378.9866,7495.7406,7495.7406,0.0,0.0,3882.4494,0.0,3883.246,1779564656349638612,2
qwenA,stfq,64.0678,11368.7031,7490.0414,7490.0414,0.0,0.0,3877.811,0.0,3878.6617,1779564656355371779,2
qwenA,stfq,64.1292,11726.0919,7493.148,7493.148,0.0,0.0,4232.0631,0.0,4232.9439,1779564656771001507,2
qwenA,stfq,64.4113,11833.554,7489.3452,7489.3452,0.0,0.0,4343.2987,0.0,4344.2089,1779564657164332604,2
qwenA,stfq,64.5372,11948.8344,7493.1537,7493.1537,0.0,0.0,4454.8578,0.0,4455.6807,1779564657401807792,2
qwenA,stfq,66.1175,10539.0751,2388.9752,2388.9752,0.0,0.0,8149.0586,0.0,8150.0999,1779564662676337313,2
qwenA,stfq,65.1783,12528.2111,7305.822,7305.822,0.0,0.0,5221.5126,0.0,5222.3891,1779564658809543079,2
qwenA,stfq,66.1573,11733.67,3179.8922,3179.8922,0.0,0.0,8552.9115,0.0,8553.7778,1779564663120017964,2
qwenA,stfq,66.9181,12037.5469,2122.407,2122.407,0.0,0.0,9914.1829,0.0,9915.1399,1779564665242025704,2
qwenA,stfq,65.5507,13906.1034,7423.2275,7423.2275,0.0,0.0,6482.033,0.0,6482.8759,1779564660442479180,2
qwenA,stfq,67.0852,13110.94,3108.2205,3108.2205,0.0,0.0,10001.9512,0.0,10002.7195,1779564665496924073,2
qwenA,stfq,65.6406,15200.7058,7549.1014,7549.1014,0.0,0.0,7650.7199,0.0,7651.6043,1779564661701064061,2
qwenA,stfq,67.4796,13794.9331,2318.0555,2318.0555,0.0,0.0,11475.8418,0.0,11476.8776,1779564667365201913,2
qwenA,stfq,65.7738,15500.778,7571.8348,7571.8348,0.0,0.0,7927.9528,0.0,7928.9431,1779564662111529297,2
qwenA,stfq,65.8208,15453.84,7566.0772,7566.0772,0.0,0.0,7886.7698,0.0,7887.7628,1779564662117334943,2
qwenA,stfq,65.8485,15612.6511,7581.3523,7581.3523,0.0,0.0,8030.5097,0.0,8031.2988,1779564662288780282,2
qwenA,stfq,66.134,15865.2978,7491.2088,7491.2088,0.0,0.0,8373.2839,0.0,8374.089,1779564662917005180,2
qwenA,stfq,66.1967,16150.3234,7465.3611,7465.3611,0.0,0.0,8683.9817,0.0,8684.9623,1779564663290491972,2
qwenA,stfq,67.6372,14709.9609,3208.6732,3208.6732,0.0,0.0,11500.3459,0.0,11501.2878,1779564667547284734,2
qwenA,stfq,66.3172,16857.3928,7487.2829,7487.2829,0.0,0.0,9369.1792,0.0,9370.1099,1779564664096149183,2
qwenA,stfq,66.3698,16974.9613,7488.9616,7488.9616,0.0,0.0,9485.1944,0.0,9485.9997,1779564664264781400,2
qwenA,stfq,68.5254,15066.7872,2316.8881,2316.8881,0.0,0.0,12749.0857,0.0,12749.8991,1779564669684211829,2
qwenA,stfq,66.4544,17797.7271,7594.7691,7594.7691,0.0,0.0,10202.0669,0.0,10202.958,1779564665066200740,2
qwenA,stfq,66.7249,17527.2009,7588.1529,7588.1529,0.0,0.0,9938.2157,0.0,9939.0481,1779564665072915858,2
qwenA,stfq,67.0638,17516.0959,7497.1774,7497.1774,0.0,0.0,10017.9651,0.0,10018.9184,1779564665491520899,2
qwenA,stfq,67.2336,17968.8191,7495.18,7495.18,0.0,0.0,10472.7492,0.0,10473.6391,1779564666116110494,2
qwenA,stfq,67.2909,17911.5672,7489.9702,7489.9702,0.0,0.0,10420.7036,0.0,10421.597,1779564666121359859,2
qwenA,stfq,68.7422,16655.5638,3228.3348,3228.3348,0.0,0.0,13426.1668,0.0,13427.2291,1779564670578106931,2
qwenA,stfq,67.3063,18091.5251,7500.1791,7500.1791,0.0,0.0,10590.3473,0.0,10591.346,1779564666306385035,2
qwenA,stfq,67.3567,18474.262,7514.3056,7514.3056,0.0,0.0,10959.1596,0.0,10959.9564,1779564666725579643,2
qwenA,stfq,69.8688,16208.081,2238.6374,2238.6374,0.0,0.0,13968.5776,0.0,13969.4436,1779564672247170212,2
qwenA,stfq,67.3654,18881.5427,7611.0207,7611.0207,0.0,0.0,11269.6147,0.0,11270.522,1779564667044767976,2
qwenA,stfq,67.6005,18966.7253,7604.4123,7604.4123,0.0,0.0,11361.547,0.0,11362.3131,1779564667371807707,2
qwenA,stfq,67.6435,19411.8447,7597.9416,7597.9416,0.0,0.0,11813.04,0.0,11813.9032,1779564667866328110,2
qwenA,stfq,70.129,17244.5869,3120.8412,3120.8412,0.0,0.0,14122.9105,0.0,14123.7457,1779564672661711099,2
qwenA,stfq,67.9847,19561.0769,7692.6511,7692.6511,0.0,0.0,11867.6648,0.0,11868.4258,1779564668262131553,2
qwenA,stfq,68.0852,19704.4649,7592.8357,7592.8357,0.0,0.0,12110.8,0.0,12111.6292,1779564668605759089,2
qwenA,stfq,68.2724,19686.0914,7587.886,7587.886,0.0,0.0,12097.4698,0.0,12098.2055,1779564668779601406,2
qwenA,stfq,70.5259,17824.1765,2272.5878,2272.5878,0.0,0.0,15550.7572,0.0,15551.5887,1779564674486444248,2
qwenA,stfq,68.3151,20454.618,7682.4577,7682.4577,0.0,0.0,12771.2624,0.0,12772.1603,1779564669496165699,2
qwenA,stfq,68.7306,20216.6708,7659.2888,7659.2888,0.0,0.0,12556.5057,0.0,12557.382,1779564669696903176,2
qwenA,stfq,69.6801,20248.3397,7566.9643,7566.9643,0.0,0.0,12680.2998,0.0,12681.3753,1779564670770159173,2
qwenA,stfq,69.4211,20507.4577,7580.5019,7580.5019,0.0,0.0,12925.9496,0.0,12926.9558,1779564670756774972,2
qwenA,stfq,69.5056,20422.9629,7573.4316,7573.4316,0.0,0.0,12848.5777,0.0,12849.5313,1779564670763908193,2
qwenA,stfq,69.7105,20476.5558,7576.6212,7576.6212,0.0,0.0,12899.0934,0.0,12899.9347,1779564671019359295,2
qwenA,stfq,69.8334,20675.0839,7577.3594,7577.3594,0.0,0.0,13096.9753,0.0,13097.7245,1779564671340104251,2
qwenA,stfq,71.038,20224.8235,3303.6346,3303.6346,0.0,0.0,16920.2304,0.0,16921.1889,1779564676368029396,2
qwenA,stfq,70.0706,21595.7778,7585.2807,7585.2807,0.0,0.0,14009.6283,0.0,14010.497,1779564672489978141,2
qwenA,stfq,70.226,21609.9558,7577.5786,7577.5786,0.0,0.0,14031.5642,0.0,14032.3772,1779564672667355215,2
qwenA,stfq,72.0341,20046.9174,2411.6739,2411.6739,0.0,0.0,17634.3148,0.0,17635.2435,1779564678078155868,2
qwenA,stfq,70.3874,22475.1394,7652.3824,7652.3824,0.0,0.0,14821.7688,0.0,14822.757,1779564673618951948,2
qwenA,stfq,70.2925,22570.1292,7659.49,7659.49,0.0,0.0,14909.7421,0.0,14910.6391,1779564673611977846,2
qwenA,stfq,72.3546,20871.8927,3291.6604,3291.6604,0.0,0.0,17579.2527,0.0,17580.2323,1779564678343629076,2
qwenA,stfq,70.4457,22781.0023,7640.2012,7640.2012,0.0,0.0,15139.7808,0.0,15140.801,1779564673995225937,2
qwenA,stfq,70.5225,22955.6661,7646.578,7646.578,0.0,0.0,15308.2263,0.0,15309.0881,1779564674240468856,2
qwenA,stfq,72.8538,20624.4004,2207.6532,2207.6532,0.0,0.0,18415.88,0.0,18416.7471,1779564679679430914,2
qwenA,stfq,70.7254,23739.3017,7651.8023,7651.8023,0.0,0.0,16086.5483,0.0,16087.4994,1779564675221729851,2
qwenA,stfq,73.1364,22213.8255,3099.0462,3099.0462,0.0,0.0,19113.8971,0.0,19114.7792,1779564680660096573,2
qwenA,stfq,71.1115,24876.7438,7468.522,7468.522,0.0,0.0,17407.3746,0.0,17408.2218,1779564676928680403,2
qwenA,stfq,71.5353,24703.6321,7468.346,7468.346,0.0,0.0,17234.374,0.0,17235.2861,1779564677179434206,2
qwenA,stfq,71.5567,24682.2495,7461.519,7461.519,0.0,0.0,17219.8176,0.0,17220.7305,1779564677186302650,2
qwenA,stfq,73.8182,22603.8485,2296.1948,2296.1948,0.0,0.0,20306.3879,0.0,20307.6536,1779564682534326374,2
qwenA,stfq,71.9048,24700.6691,7488.3806,7488.3806,0.0,0.0,17211.3645,0.0,17212.2884,1779564677525908617,2
qwenA,stfq,71.9503,25198.7491,7485.2866,7485.2866,0.0,0.0,17712.6088,0.0,17713.4625,1779564678072628663,2
qwenA,stfq,72.3392,25055.7837,7465.7706,7465.7706,0.0,0.0,17589.1566,0.0,17590.0131,1779564678338103995,2
qwenA,stfq,72.378,25017.0009,7453.8239,7453.8239,0.0,0.0,17562.3164,0.0,17563.177,1779564678350088735,2
qwenA,stfq,73.8793,23695.2987,3108.9951,3108.9951,0.0,0.0,20585.1994,0.0,20586.3036,1779564682874222316,2
qwenA,stfq,72.5468,25763.7274,7555.3662,7555.3662,0.0,0.0,18207.5632,0.0,18208.3612,1779564679164078383,2
qwenA,stfq,72.6689,25812.6922,7557.8824,7557.8824,0.0,0.0,18253.907,0.0,18254.8098,1779564679332552580,2
qwenA,stfq,72.7063,25946.0757,7559.9858,7559.9858,0.0,0.0,18385.2847,0.0,18386.0899,1779564679501334831,2
qwenA,stfq,72.7602,26061.1672,7557.5709,7557.5709,0.0,0.0,18502.5387,0.0,18503.5963,1779564679672455976,2
qwenA,stfq,74.7303,24091.0287,2393.5502,2393.5502,0.0,0.0,21696.5303,0.0,21697.4785,1779564684836627710,2
qwenA,stfq,73.0913,26300.8261,7555.492,7555.492,0.0,0.0,18744.4434,0.0,18745.3341,1779564680245523287,2
qwenA,stfq,75.3654,24521.5669,3280.9575,3280.9575,0.0,0.0,21239.8252,0.0,21240.6094,1779564685014979932,2
qwenA,stfq,73.2763,27150.2776,7556.606,7556.606,0.0,0.0,19592.8297,0.0,19593.6716,1779564681278897449,2
qwenA,stfq,73.2319,27194.7343,7563.3848,7563.3848,0.0,0.0,19630.5053,0.0,19631.3495,1779564681272156203,2
qwenA,stfq,73.5815,27023.602,7556.1842,7556.1842,0.0,0.0,19466.4571,0.0,19467.4178,1779564681457750266,2
qwenA,stfq,73.3147,27290.4851,7562.1054,7562.1054,0.0,0.0,19727.5033,0.0,19728.3797,1779564681451974844,2
qwenA,stfq,73.651,27384.1043,7549.5075,7549.5075,0.0,0.0,19833.6627,0.0,19834.5967,1779564681894426402,2
qwenA,stfq,76.1759,25353.1656,2306.735,2306.735,0.0,0.0,23045.6378,0.0,23046.4306,1779564687631331108,2
qwenA,stfq,73.8561,27995.2567,7555.5508,7555.5508,0.0,0.0,20438.8614,0.0,20439.7058,1779564682704684623,2
qwenA,stfq,74.0222,28242.4946,7554.0075,7554.0075,0.0,0.0,20687.6853,0.0,20688.487,1779564683119607439,2
qwenA,stfq,74.1997,28458.1666,7553.2119,7553.2119,0.0,0.0,20904.0196,0.0,20904.9547,1779564683513516171,2
qwenA,stfq,74.318,28584.1081,7551.1436,7551.1436,0.0,0.0,21032.1136,0.0,21032.9645,1779564683759866188,2
qwenA,stfq,74.4664,28902.3709,7549.8524,7549.8524,0.0,0.0,21351.6924,0.0,21352.5185,1779564684227819252,2
qwenA,stfq,76.3251,27384.4321,3276.714,3276.714,0.0,0.0,24106.8902,0.0,24107.7181,1779564688841723283,2
qwenA,stfq,74.5937,29475.9011,7646.5815,7646.5815,0.0,0.0,21828.2795,0.0,21829.3197,1779564684831736073,2
qwenA,stfq,75.0119,29057.7643,7635.7327,7635.7327,0.0,0.0,21421.088,0.0,21422.0316,1779564684842752752,2
qwenA,stfq,76.962,27507.3545,2204.1098,2204.1098,0.0,0.0,25302.4457,0.0,25303.2447,1779564690674173409,2
qwenA,stfq,75.4477,29984.1576,7856.8659,7856.8659,0.0,0.0,22126.4086,0.0,22127.2917,1779564685983823021,2
qwenA,stfq,75.459,30455.8077,7848.7601,7848.7601,0.0,0.0,22606.1063,0.0,22607.0476,1779564686474850702,2
qwenA,stfq,75.6345,30618.5875,7941.7862,7941.7862,0.0,0.0,22675.8232,0.0,22676.8013,1779564686720056128,2
qwenA,stfq,75.7402,30850.1494,7937.2426,7937.2426,0.0,0.0,22911.9847,0.0,22912.9068,1779564687061905000,2
qwenA,stfq,76.0451,30722.5745,7939.6822,7939.6822,0.0,0.0,22781.9171,0.0,22782.8923,1779564687236807316,2
qwenA,stfq,77.2761,30134.1863,3700.0623,3700.0623,0.0,0.0,26433.197,0.0,26434.1239,1779564692119085893,2
qwenA,stfq,77.7711,30127.8119,2466.3826,2466.3826,0.0,0.0,27660.5034,0.0,27661.4293,1779564693841372183,2
qwenA,stfq,76.1933,32269.7184,8035.686,8035.686,0.0,0.0,24233.1107,0.0,24234.0324,1779564688836181884,2
qwenA,stfq,76.3976,32412.2226,8024.8159,8024.8159,0.0,0.0,24386.4105,0.0,24387.4067,1779564689193745500,2
qwenA,stfq,76.412,32397.8703,8018.7234,8018.7234,0.0,0.0,24378.247,0.0,24379.1469,1779564689200014132,2
qwenA,stfq,76.8805,32178.8285,8017.9381,8017.9381,0.0,0.0,24159.9212,0.0,24160.8904,1779564689450229914,2
qwenA,stfq,76.4444,32615.0241,8023.5982,8023.5982,0.0,0.0,24590.5776,0.0,24591.4259,1779564689444753535,2
qwenA,stfq,77.869,31673.2419,3457.9696,3457.9696,0.0,0.0,28214.2997,0.0,28215.2722,1779564694493056476,2
qwenA,stfq,76.9301,32612.1752,8012.525,8012.525,0.0,0.0,24598.7852,0.0,24599.6502,1779564689938671478,2
qwenA,stfq,78.9198,31358.7189,2378.9094,2378.9094,0.0,0.0,28978.9064,0.0,28979.8095,1779564696308477590,2
qwenA,stfq,77.0174,34534.8477,8010.8199,8010.8199,0.0,0.0,26523.0935,0.0,26524.0278,1779564691950218413,2
qwenA,stfq,79.0056,32806.3428,3178.0302,3178.0302,0.0,0.0,29627.0583,0.0,29628.3127,1779564697042405674,2
qwenA,stfq,77.4121,34399.9801,7926.3933,7926.3933,0.0,0.0,26472.3713,0.0,26473.5867,1779564692294229213,2
qwenA,stfq,77.4367,34375.3555,7920.834,7920.834,0.0,0.0,26453.3799,0.0,26454.5215,1779564692299872798,2
qwenA,stfq,77.4381,34373.9758,7914.7602,7914.7602,0.0,0.0,26458.1413,0.0,26459.2155,1779564692306027788,2
qwenA,stfq,77.4925,34514.7438,7931.2969,7931.2969,0.0,0.0,26582.4368,0.0,26583.4469,1779564692484674590,2
qwenA,stfq,79.662,32523.9279,2319.1358,2319.1358,0.0,0.0,30204.0191,0.0,30204.7921,1779564698275769275,2
qwenA,stfq,77.5113,35364.4242,7611.1219,7611.1219,0.0,0.0,27752.5716,0.0,27753.3023,1779564693673592706,2
qwenA,stfq,77.7835,35336.6559,7520.2665,7520.2665,0.0,0.0,27815.6409,0.0,27816.3894,1779564694008947523,2
qwenA,stfq,79.9673,33827.6677,3124.4005,3124.4005,0.0,0.0,30702.2636,0.0,30703.2672,1779564699079308220,2
qwenA,stfq,77.9968,35975.333,7549.8249,7549.8249,0.0,0.0,28424.5312,0.0,28425.5081,1779564694831059080,2
qwenA,stfq,78.3543,35788.4936,7551.7433,7551.7433,0.0,0.0,28235.8239,0.0,28236.7504,1779564694999847265,2
qwenA,stfq,78.3917,36398.232,7547.9205,7547.9205,0.0,0.0,28849.2687,0.0,28850.3115,1779564695650757492,2
qwenA,stfq,78.6081,36351.5487,7548.5555,7548.5555,0.0,0.0,28801.9841,0.0,28802.9931,1779564695819886285,2
qwenA,stfq,78.7034,36426.5618,7548.9595,7548.9595,0.0,0.0,28876.7729,0.0,28877.6023,1779564695989932526,2
qwenA,stfq,80.4976,35123.333,2499.9126,2499.9126,0.0,0.0,32622.4356,0.0,32623.4204,1779564701529778604,2
qwenA,stfq,78.9638,36826.6087,7645.8996,7645.8996,0.0,0.0,29179.9352,0.0,29180.7091,1779564696553510566,2
qwenA,stfq,79.0374,37319.6473,7546.3165,7546.3165,0.0,0.0,29772.3355,0.0,29773.3308,1779564697219491813,2
qwenA,stfq,79.168,37189.1711,7541.15,7541.15,0.0,0.0,29647.1276,0.0,29648.0211,1779564697224842907,2
qwenA,stfq,79.2495,37676.1103,7551.5099,7551.5099,0.0,0.0,30123.4019,0.0,30124.6003,1779564697782617853,2
qwenA,stfq,79.518,37583.6785,7551.7805,7551.7805,0.0,0.0,30030.7527,0.0,30031.898,1779564697958515820,2
qwenA,stfq,79.358,37743.7162,7558.5955,7558.5955,0.0,0.0,30184.1402,0.0,30185.1208,1779564697951909434,2
qwenA,stfq,80.79,36489.6472,3484.0373,3484.0373,0.0,0.0,33004.7679,0.0,33005.6099,1779564702204551315,2
qwenA,stfq,81.9526,35823.7522,2398.8085,2398.8085,0.0,0.0,33423.9049,0.0,33424.9436,1779564703786224747,2
qwenA,stfq,79.7925,37983.85,7667.6043,7667.6043,0.0,0.0,30315.3579,0.0,30316.2457,1779564698517619365,2
qwenA,stfq,79.9717,38428.4031,7482.6692,7482.6692,0.0,0.0,30944.8552,0.0,30945.7339,1779564699326333661,2
qwenA,stfq,80.1614,38556.7636,7482.3979,7482.3979,0.0,0.0,31073.2706,0.0,31074.3657,1779564699644418033,2
qwenA,stfq,80.3227,38715.6997,7485.6084,7485.6084,0.0,0.0,31229.3134,0.0,31230.0913,1779564699961749538,2
qwenA,stfq,82.2532,36963.4056,3104.9054,3104.9054,0.0,0.0,33857.311,0.0,33858.5002,1779564704520299838,2
qwenA,stfq,80.3772,39037.8859,7589.2408,7589.2408,0.0,0.0,31447.1552,0.0,31448.6451,1779564700234131367,2
qwenA,stfq,80.4076,39007.5929,7581.0986,7581.0986,0.0,0.0,31424.9117,0.0,31426.4943,1779564700242312883,2
qwenA,stfq,80.7506,40293.6759,7501.3589,7501.3589,0.0,0.0,32791.3029,0.0,32792.317,1779564701951627262,2
qwenA,stfq,80.9694,40317.9932,7486.8001,7486.8001,0.0,0.0,32830.3502,0.0,32831.1931,1779564702209533615,2
qwenA,stfq,81.3409,40118.9551,7486.8596,7486.8596,0.0,0.0,32631.0086,0.0,32632.0955,1779564702381637855,2
qwenA,stfq,83.3761,38255.6696,2215.8566,2215.8566,0.0,0.0,36038.9326,0.0,36039.813,1779564707824764070,2
qwenA,stfq,81.9297,39874.1376,7484.0372,7484.0372,0.0,0.0,32389.137,0.0,32390.1004,1779564702728548686,2
qwenA,stfq,81.3907,40413.1503,7489.6793,7489.6793,0.0,0.0,32922.4877,0.0,32923.471,1779564702722947677,2
qwenA,stfq,81.9361,40344.4338,7490.0122,7490.0122,0.0,0.0,32853.5399,0.0,32854.4216,1779564703199404729,2
qwenA,stfq,83.4702,39153.5127,3195.5732,3195.5732,0.0,0.0,35956.8205,0.0,35957.9396,1779564707836830117,2
qwenA,stfq,84.4724,38728.6353,2400.1466,2400.1466,0.0,0.0,36327.2491,0.0,36328.4887,1779564709209395015,2
qwenA,stfq,82.1728,41028.322,7409.773,7409.773,0.0,0.0,33617.455,0.0,33618.5489,1779564704199976323,2
qwenA,stfq,82.3292,41694.9673,7415.5682,7415.5682,0.0,0.0,34278.3296,0.0,34279.3991,1779564705017298471,2
qwenA,stfq,82.5742,41768.647,7416.7814,7416.7814,0.0,0.0,34350.9917,0.0,34351.8656,1779564705334937558,2
qwenA,stfq,82.8829,41951.8383,7308.8847,7308.8847,0.0,0.0,34641.8593,0.0,34642.9535,1779564705934543134,2
qwenA,stfq,84.7143,40776.1061,3209.1698,3209.1698,0.0,0.0,37565.882,0.0,37566.9364,1779564710689991014,2
qwenA,stfq,82.9862,42824.0888,7409.5222,7409.5222,0.0,0.0,35413.6689,0.0,35414.5666,1779564706809593789,2
qwenA,stfq,84.9107,41070.442,2208.6565,2208.6565,0.0,0.0,38860.7266,0.0,38861.7855,1779564712181137397,2
qwenA,stfq,83.2493,43486.2187,7517.8676,7517.8676,0.0,0.0,35967.2196,0.0,35968.3511,1779564707626230985,2
qwenA,stfq,83.4387,43486.7272,7504.2198,7504.2198,0.0,0.0,35981.2617,0.0,35982.5074,1779564707829730488,2
qwenA,stfq,83.6414,43284.4582,7491.5332,7491.5332,0.0,0.0,35791.486,0.0,35792.9249,1779564707842631054,2
qwenA,stfq,84.2423,42861.5224,7492.0622,7492.0622,0.0,0.0,35368.4382,0.0,35369.4603,1779564708020505734,2
qwenA,stfq,83.9099,43193.9414,7497.1473,7497.1473,0.0,0.0,35695.7529,0.0,35696.794,1779564708015462527,2
qwenA,stfq,84.2804,43005.9602,7500.6448,7500.6448,0.0,0.0,35504.2553,0.0,35505.3155,1779564708194369892,2
qwenA,stfq,85.3336,42430.2082,3248.6656,3248.6656,0.0,0.0,39180.6314,0.0,39181.5426,1779564712923999121,2
qwenA,stfq,84.4089,43529.9661,7604.6937,7604.6937,0.0,0.0,35924.3896,0.0,35925.2724,1779564708743037132,2
qwenA,stfq,85.5993,42885.8116,2255.6195,2255.6195,0.0,0.0,40629.307,0.0,40630.192,1779564714638331762,2
qwenA,stfq,84.6868,44117.6283,7516.2496,7516.2496,0.0,0.0,36600.2858,0.0,36601.3788,1779564709696891381,2
qwenA,stfq,85.8451,43868.2373,3153.0137,3153.0137,0.0,0.0,40714.3185,0.0,40715.2236,1779564714969214777,2
qwenA,stfq,84.7218,45161.4556,7430.5953,7430.5953,0.0,0.0,37729.8748,0.0,37730.8603,1779564710861465985,2
qwenA,stfq,84.7678,45704.2532,7443.7113,7443.7113,0.0,0.0,38259.5751,0.0,38260.5419,1779564711437142732,2
qwenA,stfq,84.7753,45868.3901,7442.0443,7442.0443,0.0,0.0,38425.5438,0.0,38426.3458,1779564711610557969,2
qwenA,stfq,84.8357,45808.0041,7437.2071,7437.2071,0.0,0.0,38369.9737,0.0,38370.797,1779564711615432142,2
qwenA,stfq,84.8962,46000.8829,7443.3959,7443.3959,0.0,0.0,38556.4992,0.0,38557.487,1779564711862451196,2
qwenA,stfq,85.2958,45920.5112,7437.8376,7437.8376,0.0,0.0,38481.8411,0.0,38482.6736,1779564712187388805,2
qwenA,stfq,86.5071,44954.9994,2228.6066,2228.6066,0.0,0.0,42725.2641,0.0,42726.3929,1779564717642089191,2
qwenA,stfq,85.5076,46579.1175,7245.714,7245.714,0.0,0.0,39332.3398,0.0,39333.4036,1779564713249698247,2
qwenA,stfq,85.4831,46603.6885,7251.3234,7251.3234,0.0,0.0,39351.4304,0.0,39352.3651,1779564713244283855,2
qwenA,stfq,86.5824,45682.9453,3021.0989,3021.0989,0.0,0.0,42660.8777,0.0,42661.8464,1779564717653063824,2
qwenA,stfq,85.5831,46852.3152,7341.0564,7341.0564,0.0,0.0,39510.3564,0.0,39511.2588,1779564713503168856,2
qwenA,stfq,85.5716,46863.8511,7347.5793,7347.5793,0.0,0.0,39515.3852,0.0,39516.2717,1779564713496701586,2
qwenA,stfq,86.9785,45782.9278,2110.0447,2110.0447,0.0,0.0,43671.8841,0.0,43672.883,1779564719060160633,2
qwenA,stfq,85.5979,47748.6784,7535.6384,7535.6384,0.0,0.0,40212.0922,0.0,40213.04,1779564714219711333,2
qwenA,stfq,85.8013,48092.284,7338.5721,7338.5721,0.0,0.0,40752.702,0.0,40753.7119,1779564714963750015,2
qwenA,stfq,85.9322,48144.3892,7340.4938,7340.4938,0.0,0.0,40802.9974,0.0,40803.8953,1779564715144981079,2
qwenA,stfq,86.0408,48035.8727,7332.9333,7332.9333,0.0,0.0,40702.0435,0.0,40702.9394,1779564715152584263,2
qwenA,stfq,86.0633,48381.1123,7333.527,7333.527,0.0,0.0,41046.4928,0.0,41047.5853,1779564715519540495,2
qwenA,stfq,87.1096,47681.9322,3323.1435,3323.1435,0.0,0.0,44357.7874,0.0,44358.7887,1779564719877128943,2
qwenA,stfq,87.933,47654.7208,2240.4344,2240.4344,0.0,0.0,45413.3239,0.0,45414.2864,1779564721756065983,2
qwenA,stfq,86.4298,49474.1514,7418.2558,7418.2558,0.0,0.0,42055.0287,0.0,42055.8955,1779564716894550582,2
qwenA,stfq,86.4982,49895.3881,7416.5027,7416.5027,0.0,0.0,42477.9105,0.0,42478.8854,1779564717385903157,2
qwenA,stfq,86.5215,50114.2387,7397.4644,7397.4644,0.0,0.0,42715.9054,0.0,42716.7744,1779564717647119104,2
qwenA,stfq,86.5988,50501.3773,7386.1863,7386.1863,0.0,0.0,43114.362,0.0,43115.191,1779564718122938332,2
qwenA,stfq,89.1699,48100.5127,2075.0614,2075.0614,0.0,0.0,46024.2002,0.0,46025.4513,1779564723603885259,2
qwenA,stfq,88.5029,48958.849,3203.4441,3203.4441,0.0,0.0,45754.0982,0.0,45755.4048,1779564722666728037,2
qwenA,stfq,86.6393,50822.6187,7397.954,7397.954,0.0,0.0,43423.4319,0.0,43424.6647,1779564718472442536,2
qwenA,stfq,86.7328,50729.0792,7393.6267,7393.6267,0.0,0.0,43334.3024,0.0,43335.4525,1779564718476863252,2
qwenA,stfq,86.7373,50724.617,7386.2482,7386.2482,0.0,0.0,43337.29,0.0,43338.3688,1779564718484327937,2
qwenA,stfq,86.7821,51261.75,7399.5508,7399.5508,0.0,0.0,43861.4607,0.0,43862.1992,1779564719053299066,2
qwenA,stfq,86.9889,51863.8859,7389.9899,7389.9899,0.0,0.0,44473.0301,0.0,44473.896,1779564719871705764,2
qwenA,stfq,89.3103,50007.7708,3094.4356,3094.4356,0.0,0.0,46912.3151,0.0,46913.3352,1779564724632359224,2
qwenA,stfq,87.116,52450.0155,7478.1082,7478.1082,0.0,0.0,44970.6383,0.0,44971.9074,1779564720496369255,2
qwenA,stfq,87.4498,52116.2002,7471.8979,7471.8979,0.0,0.0,44643.0147,0.0,44644.3024,1779564720502621006,2
qwenA,stfq,87.4819,52454.0164,7494.0676,7494.0676,0.0,0.0,44958.9331,0.0,44959.9488,1779564720850599456,2
qwenA,stfq,87.5123,52822.8636,7404.1417,7404.1417,0.0,0.0,45417.9106,0.0,45418.7219,1779564721340018198,2
qwenA,stfq,87.65,52855.0129,7403.2716,7403.2716,0.0,0.0,45450.8181,0.0,45451.7413,1779564721510618897,2
qwenA,stfq,89.6601,51409.4608,2216.0359,2216.0359,0.0,0.0,49192.4074,0.0,49193.4249,1779564727262299678,2
qwenA,stfq,88.3312,53246.1917,7499.9936,7499.9936,0.0,0.0,45745.2054,0.0,45746.1982,1779564722486194692,2
qwenA,stfq,88.7183,53028.0707,7481.2552,7481.2552,0.0,0.0,45546.0093,0.0,45546.8155,1779564722674076563,2
qwenA,stfq,88.8794,53034.8303,7464.1233,7464.1233,0.0,0.0,45569.8173,0.0,45570.7071,1779564722859022620,2
qwenA,stfq,88.856,53058.2931,7469.1942,7469.1942,0.0,0.0,45588.182,0.0,45589.0989,1779564722853990964,2
qwenA,stfq,89.0249,53066.0384,7469.9576,7469.9576,0.0,0.0,45595.0949,0.0,45596.0808,1779564723029800540,2
qwenA,stfq,89.0463,53213.6805,7467.9421,7467.9421,0.0,0.0,45744.9384,0.0,45745.7384,1779564723201007101,2
qwenA,stfq,89.8244,53249.5208,3501.1767,3501.1767,0.0,0.0,49747.3803,0.0,49748.3441,1779564727981571338,2
qwenA,stfq,89.2659,54298.492,7659.7578,7659.7578,0.0,0.0,46637.8112,0.0,46638.7342,1779564724313423420,2
qwenA,stfq,90.3675,53828.063,2273.5138,2273.5138,0.0,0.0,51553.5104,0.0,51554.5492,1779564730330800471,2
qwenA,stfq,89.3998,55443.5871,7571.94,7571.94,0.0,0.0,47870.5194,0.0,47871.647,1779564725680060977,2
qwenA,stfq,89.5119,55331.6469,7567.0219,7567.0219,0.0,0.0,47763.5367,0.0,47764.625,1779564725685165718,2
qwenA,stfq,89.5406,55485.6133,7544.9637,7544.9637,0.0,0.0,47939.6544,0.0,47940.6497,1779564725890020580,2
qwenA,stfq,89.594,55998.1754,7547.5603,7547.5603,0.0,0.0,48449.6493,0.0,48450.6151,1779564726453395212,2
qwenA,stfq,89.6458,56192.4481,7549.5607,7549.5607,0.0,0.0,48642.014,0.0,48642.8874,1779564726697554618,2
qwenA,stfq,90.567,55438.6277,3175.6092,3175.6092,0.0,0.0,52262.2228,0.0,52263.0185,1779564731239020773,2
qwenA,stfq,91.5574,55297.8575,2187.5404,2187.5404,0.0,0.0,53109.3276,0.0,53110.3171,1779564733076530968,2
qwenA,stfq,89.6967,57510.0305,7639.693,7639.693,0.0,0.0,49869.2367,0.0,49870.3376,1779564727975702279,2
qwenA,stfq,89.9737,57233.0902,7620.4165,7620.4165,0.0,0.0,49611.7043,0.0,49612.6737,1779564727995172684,2
qwenA,stfq,90.0465,57338.2399,7625.1434,7625.1434,0.0,0.0,49712.2514,0.0,49713.0965,1779564728168535478,2
qwenA,stfq,91.7767,56254.7486,3174.3788,3174.3788,0.0,0.0,53079.0989,0.0,53080.3698,1779564733265514853,2
qwenA,stfq,90.1204,58091.3167,7534.3411,7534.3411,0.0,0.0,50555.9552,0.0,50556.9756,1779564729086140065,2
qwenA,stfq,90.1709,58437.5226,7538.1876,7538.1876,0.0,0.0,50898.4337,0.0,50899.335,1779564729479106186,2
qwenA,stfq,90.3171,58606.0812,7527.8267,7527.8267,0.0,0.0,51077.4996,0.0,51078.2545,1779564729804319206,2
qwenA,stfq,92.4789,56854.7564,2301.3927,2301.3927,0.0,0.0,54552.4249,0.0,54553.3636,1779564735441047263,2
qwenA,stfq,90.4868,59576.1154,7403.3684,7403.3684,0.0,0.0,52171.8903,0.0,52172.747,1779564731068420155,2
qwenA,stfq,90.642,59738.9576,7306.0966,7306.0966,0.0,0.0,52431.6874,0.0,52432.861,1779564731483481676,2
qwenA,stfq,92.7962,57769.753,3180.5383,3180.5383,0.0,0.0,54588.3241,0.0,54589.2147,1779564735794274821,2
qwenA,stfq,91.0012,59564.7538,7320.2537,7320.2537,0.0,0.0,52243.6066,0.0,52244.5,1779564731654600854,2
qwenA,stfq,91.2691,60104.7812,7419.7331,7419.7331,0.0,0.0,52684.0491,0.0,52685.048,1779564732362869499,2
qwenA,stfq,93.9221,57620.1954,2377.057,2377.057,0.0,0.0,55242.1939,0.0,55243.1384,1779564737574008853,2
qwenA,stfq,91.538,60172.4191,7508.6945,7508.6945,0.0,0.0,52662.6325,0.0,52663.7245,1779564732610361997,2
qwenA,stfq,91.3896,60320.8718,7514.0468,7514.0468,0.0,0.0,52805.8581,0.0,52806.825,1779564732605176605,2
qwenA,stfq,91.6143,60638.7944,7403.78,7403.78,0.0,0.0,53234.1626,0.0,53235.0144,1779564733258263518,2
qwenA,stfq,94.186,58403.5017,3249.7834,3249.7834,0.0,0.0,55152.756,0.0,55153.7183,1779564737748485532,2
qwenA,stfq,91.9048,61001.5104,7481.2237,7481.2237,0.0,0.0,53519.0222,0.0,53520.2867,1779564733833611652,2
qwenA,stfq,91.9343,61139.2355,7480.5955,7480.5955,0.0,0.0,53657.6624,0.0,53658.64,1779564734001694812,2
qwenA,stfq,95.4389,58285.857,2350.1763,2350.1763,0.0,0.0,55934.69,0.0,55935.6807,1779564739783361969,2
qwenA,stfq,92.3238,61401.0766,7476.7771,7476.7771,0.0,0.0,53923.3916,0.0,53924.2995,1779564734656924454,2
qwenA,stfq,92.4672,61973.6972,7579.3805,7579.3805,0.0,0.0,54393.4009,0.0,54394.3166,1779564735270326745,2
qwenA,stfq,92.3271,62113.7571,7584.8137,7584.8137,0.0,0.0,54528.0266,0.0,54528.9435,1779564735264934353,2
qwenA,stfq,92.7858,61905.3257,7483.6022,7483.6022,0.0,0.0,54420.8267,0.0,54421.7234,1779564735616382078,2
qwenA,stfq,92.9905,61948.9799,7378.1586,7378.1586,0.0,0.0,54569.4971,0.0,54570.8213,1779564735969806891,2
qwenA,stfq,93.5805,61826.7713,7370.3815,7370.3815,0.0,0.0,54455.3063,0.0,54456.3898,1779564736445527471,2
qwenA,stfq,93.0129,62394.3501,7375.0578,7375.0578,0.0,0.0,55018.3303,0.0,55019.2923,1779564736441014048,2
qwenA,stfq,93.7996,61803.1256,7383.7208,7383.7208,0.0,0.0,54418.2186,0.0,54419.4048,1779564736627551383,2
qwenA,stfq,93.654,61948.7646,7390.054,7390.054,0.0,0.0,54557.637,0.0,54558.7106,1779564736621387887,2
qwenA,stfq,95.668,59934.7901,3180.3453,3180.3453,0.0,0.0,56753.4378,0.0,56754.4449,1779564740831172652,2
qwenA,stfq,96.7366,59122.6153,2126.1358,2126.1358,0.0,0.0,56995.5482,0.0,56996.4796,1779564742141860724,2
qwenA,stfq,94.0059,62726.6226,7398.1424,7398.1424,0.0,0.0,55327.5828,0.0,55328.4802,1779564737743266013,2
qwenA,stfq,94.2789,62622.1163,7393.6994,7393.6994,0.0,0.0,55227.587,0.0,55228.417,1779564737916216783,2
qwenA,stfq,94.6214,62447.4809,7392.8437,7392.8437,0.0,0.0,55053.8096,0.0,55054.6373,1779564738084975789,2
qwenA,stfq,94.6292,62828.3412,7394.0623,7394.0623,0.0,0.0,55433.4688,0.0,55434.279,1779564738472442500,2
qwenA,stfq,96.8194,60807.3301,3178.2772,3178.2772,0.0,0.0,57628.1414,0.0,57629.0529,1779564742857283086,2
qwenA,stfq,97.5907,60700.8858,2263.2011,2263.2011,0.0,0.0,58436.821,0.0,58437.6846,1779564744437327736,2
qwenA,stfq,95.2999,63159.8027,7568.5352,7568.5352,0.0,0.0,55590.327,0.0,55591.2675,1779564739300023996,2
qwenA,stfq,95.4035,63373.215,7569.6513,7569.6513,0.0,0.0,55802.6483,0.0,55803.5636,1779564739615880307,2
qwenA,stfq,95.5124,63506.5179,7476.0313,7476.0313,0.0,0.0,56029.6552,0.0,56030.4866,1779564739951786857,2
qwenA,stfq,95.7923,64275.5008,7477.8204,7477.8204,0.0,0.0,56796.9153,0.0,56797.6804,1779564740999010560,2
qwenA,stfq,96.0535,64328.8777,7475.6977,7475.6977,0.0,0.0,56852.2291,0.0,56853.18,1779564741315526300,2
qwenA,stfq,98.0359,62766.4082,3344.0796,3344.0796,0.0,0.0,59421.3517,0.0,59422.3286,1779564745867055448,2
qwenA,stfq,96.3376,64464.819,7486.1422,7486.1422,0.0,0.0,56977.7937,0.0,56978.6767,1779564741725160688,2
qwenA,stfq,96.4563,64523.0885,7496.3651,7496.3651,0.0,0.0,57025.9738,0.0,57026.7234,1779564741892080323,2
qwenA,stfq,96.6531,64569.1946,7496.7056,7496.7056,0.0,0.0,57071.5382,0.0,57072.4889,1779564742134391172,2
qwenA,stfq,98.6816,62785.0292,2280.1848,2280.1848,0.0,0.0,60504.0467,0.0,60504.8443,1779564747595382372,2
qwenA,stfq,96.751,65179.7538,7488.7036,7488.7036,0.0,0.0,57689.7373,0.0,57691.0502,1779564742850471295,2
qwenA,stfq,96.8562,65566.8607,7482.7792,7482.7792,0.0,0.0,58083.1575,0.0,58084.0815,1779564743349101372,2
qwenA,stfq,97.1021,65320.9887,7476.991,7476.991,0.0,0.0,57843.1556,0.0,57843.9977,1779564743355045704,2
qwenA,stfq,99.0555,63543.9746,3165.2987,3165.2987,0.0,0.0,60377.8107,0.0,60378.6759,1779564747843115945,2
qwenA,stfq,97.2908,65708.7772,7585.7077,7585.7077,0.0,0.0,58122.2489,0.0,58123.0695,1779564743822770321,2
qwenA,stfq,97.1319,65867.6531,7591.6935,7591.6935,0.0,0.0,58275.1343,0.0,58275.9596,1779564743816821578,2
qwenA,stfq,97.5743,65609.2494,7568.1598,7568.1598,0.0,0.0,58040.1247,0.0,58041.0896,1779564744024217223,2
qwenA,stfq,97.7112,65971.3204,7485.7216,7485.7216,0.0,0.0,58484.6697,0.0,58485.5988,1779564744605654705,2
qwenA,stfq,100.2215,63922.0912,2212.0923,2212.0923,0.0,0.0,61709.0895,0.0,61709.999,1779564750340330132,2
qwenA,stfq,98.1623,67200.1703,7485.6718,7485.6718,0.0,0.0,59713.3543,0.0,59714.4984,1779564746285408246,2
qwenA,stfq,98.1005,67262.0878,7490.6249,7490.6249,0.0,0.0,59770.3471,0.0,59771.4629,1779564746280613829,2
qwenA,stfq,100.4522,64910.4395,3182.6317,3182.6317,0.0,0.0,61726.7764,0.0,61727.8078,1779564750588702573,2
qwenA,stfq,98.2462,67300.6887,7498.2284,7498.2284,0.0,0.0,59801.5649,0.0,59802.4604,1779564746457489404,2
qwenA,stfq,98.2706,67526.9015,7505.0642,7505.0642,0.0,0.0,60020.803,0.0,60021.8373,1779564746701173565,2
qwenA,stfq,98.293,67680.9335,7513.5897,7513.5897,0.0,0.0,60166.5173,0.0,60167.3438,1779564746869275051,2
qwenA,stfq,98.9821,67623.1227,7412.9378,7412.9378,0.0,0.0,60209.2326,0.0,60210.1849,1779564747601059702,2
qwenA,stfq,101.2777,65496.5301,2291.1913,2291.1913,0.0,0.0,63204.3924,0.0,63205.3388,1779564752891854858,2
qwenA,stfq,99.0951,68143.5747,7413.807,7413.807,0.0,0.0,60728.8301,0.0,60729.7678,1779564748233731894,2
qwenA,stfq,99.264,68216.8093,7412.354,7412.354,0.0,0.0,60803.6218,0.0,60804.4553,1779564748477394498,2
qwenA,stfq,99.8076,68159.651,7414.3367,7414.3367,0.0,0.0,60744.2851,0.0,60745.3144,1779564748961598287,2
qwenA,stfq,100.0785,68138.5984,7413.9317,7413.9317,0.0,0.0,60723.717,0.0,60724.6667,1779564749211998855,2
qwenA,stfq,100.139,68254.2319,7413.1416,7413.1416,0.0,0.0,60840.251,0.0,60841.0903,1779564749388997365,2
qwenA,stfq,101.6071,67030.1051,3273.7789,3273.7789,0.0,0.0,63755.3449,0.0,63756.3263,1779564753772183282,2
qwenA,stfq,102.5309,66524.41,2280.4018,2280.4018,0.0,0.0,64243.1443,0.0,64244.0082,1779564755183764935,2
qwenA,stfq,100.3585,69181.0565,7603.4627,7603.4627,0.0,0.0,61576.6814,0.0,61577.5938,1779564750344916636,2
qwenA,stfq,100.4926,69900.624,7386.3951,7386.3951,0.0,0.0,62513.0198,0.0,62514.229,1779564751415352189,2
qwenA,stfq,100.5329,70311.1708,7404.095,7404.095,0.0,0.0,62906.1568,0.0,62907.0758,1779564751848851768,2
qwenA,stfq,100.6688,70425.0057,7410.6144,7410.6144,0.0,0.0,63013.4578,0.0,63014.3912,1779564752092052715,2
qwenA,stfq,102.6751,68585.8903,3293.1255,3293.1255,0.0,0.0,65291.9235,0.0,65292.7648,1779564756376780398,2
qwenA,stfq,101.1054,70551.7364,7512.8719,7512.8719,0.0,0.0,63037.9801,0.0,63038.8645,1779564752553112109,2
qwenA,stfq,103.1657,68491.4689,2116.957,2116.957,0.0,0.0,66373.6272,0.0,66374.5119,1779564757949067328,2
qwenA,stfq,101.1288,70704.5102,7521.131,7521.131,0.0,0.0,63182.4419,0.0,63183.3792,1779564752720995772,2
qwenA,stfq,101.6057,70934.3219,7425.9213,7425.9213,0.0,0.0,63507.5302,0.0,63508.4006,1779564753523013776,2
qwenA,stfq,101.6757,71108.1426,7415.3376,7415.3376,0.0,0.0,63691.7136,0.0,63692.8051,1779564753777208056,2
qwenA,stfq,101.8455,70938.4532,7408.2039,7408.2039,0.0,0.0,63529.2635,0.0,63530.2493,1779564753784487856,2
qwenA,stfq,102.129,70832.0725,7413.58,7413.58,0.0,0.0,63417.6075,0.0,63418.4925,1779564753956395598,2
qwenA,stfq,103.2929,70471.3297,3182.0714,3182.0714,0.0,0.0,67288.2943,0.0,67289.2582,1779564758990981671,2
qwenA,stfq,102.4808,71454.9749,7497.9264,7497.9264,0.0,0.0,63956.1038,0.0,63957.0485,1779564754846693668,2
qwenA,stfq,102.5224,71583.6098,7500.2598,7500.2598,0.0,0.0,64082.5541,0.0,64083.35,1779564755014718024,2
qwenA,stfq,104.4629,69960.4578,2272.1024,2272.1024,0.0,0.0,67687.4461,0.0,67688.3554,1779564760560106936,2
qwenA,stfq,102.5737,72821.9216,7597.2714,7597.2714,0.0,0.0,65223.7179,0.0,65224.6502,1779564756207149424,2
qwenA,stfq,102.7085,72855.1104,7589.753,7589.753,0.0,0.0,65264.4105,0.0,65265.3574,1779564756382681336,2
qwenA,stfq,102.7619,73245.4615,7613.4719,7613.4719,0.0,0.0,65631.0284,0.0,65631.9896,1779564756802738190,2
qwenA,stfq,102.9393,73555.151,7607.818,7607.818,0.0,0.0,65946.5122,0.0,65947.333,1779564757295595126,2
qwenA,stfq,102.9417,73723.2115,7608.9407,7608.9407,0.0,0.0,66113.3678,0.0,66114.2708,1779564757464839321,2
qwenA,stfq,104.4737,72191.2651,3459.1845,3459.1845,0.0,0.0,68731.1764,0.0,68732.0806,1779564761614635917,2
qwenA,stfq,103.1633,73677.5196,7616.3748,7616.3748,0.0,0.0,66060.2934,0.0,66061.1447,1779564757633305287,2
qwenA,stfq,103.2855,74262.4159,7620.0574,7620.0574,0.0,0.0,66641.3374,0.0,66642.3585,1779564758336625131,2
qwenA,stfq,105.618,71930.0237,2395.3766,2395.3766,0.0,0.0,69533.7198,0.0,69534.6471,1779564763561442200,2
qwenA,stfq,103.3333,74855.2959,7602.607,7602.607,0.0,0.0,67251.6763,0.0,67252.6889,1779564758994706485,2
qwenA,stfq,103.4066,74781.9736,7595.4917,7595.4917,0.0,0.0,67185.5574,0.0,67186.4819,1779564759001958764,2
qwenA,stfq,103.7055,74734.7496,7590.1917,7590.1917,0.0,0.0,67143.5354,0.0,67144.5579,1779564759258746370,2
qwenA,stfq,103.678,74762.2371,7595.2626,7595.2626,0.0,0.0,67166.0466,0.0,67166.9744,1779564759253812389,2
qwenA,stfq,106.0615,73046.1719,3285.6729,3285.6729,0.0,0.0,69759.531,0.0,69760.4991,1779564764230769609,2
qwenA,stfq,104.191,75170.6412,7698.4267,7698.4267,0.0,0.0,67471.1466,0.0,67472.2145,1779564760071862720,2
qwenA,stfq,104.4735,75775.2995,7707.9673,7707.9673,0.0,0.0,68066.3846,0.0,68067.3323,1779564760949610191,2
qwenA,stfq,106.9945,73424.2191,2397.9624,2397.9624,0.0,0.0,71025.419,0.0,71026.2568,1779564766429653601,2
qwenA,stfq,104.4953,76802.3851,7702.011,7702.011,0.0,0.0,69099.4515,0.0,69100.3741,1779564762004517399,2
qwenA,stfq,107.3315,74134.4991,3271.0844,3271.0844,0.0,0.0,70862.3686,0.0,70863.4147,1779564766603595253,2
qwenA,stfq,104.617,76849.0267,7701.0247,7701.0247,0.0,0.0,69147.018,0.0,69148.0019,1779564762173787467,2
qwenA,stfq,105.3888,76337.7364,7619.2429,7619.2429,0.0,0.0,68717.0165,0.0,68718.4935,1779564762515567855,2
qwenA,stfq,108.1379,73588.7551,2186.272,2186.272,0.0,0.0,71400.9359,0.0,71402.4831,1779564767948581665,2
qwenA,stfq,105.433,76944.1333,7635.7994,7635.7994,0.0,0.0,69307.445,0.0,69308.3339,1779564763150169664,2
qwenA,stfq,105.6076,77012.9964,7637.1645,7637.1645,0.0,0.0,69374.9971,0.0,69375.8319,1779564763392345835,2
qwenA,stfq,105.8142,77126.4057,7544.3815,7544.3815,0.0,0.0,69581.1341,0.0,69582.0242,1779564763805125952,2
qwenA,stfq,106.3393,77014.7307,7517.9588,7517.9588,0.0,0.0,69495.8656,0.0,69496.7719,1779564764244931796,2
qwenA,stfq,106.6205,76902.4277,7514.871,7514.871,0.0,0.0,69386.6389,0.0,69387.5566,1779564764416930292,2
qwenA,stfq,108.3106,75455.987,3177.0877,3177.0877,0.0,0.0,72277.9946,0.0,72278.8993,1779564768998366638,2
qwenA,stfq,106.826,76940.6364,7515.1732,7515.1732,0.0,0.0,69424.5715,0.0,69425.4632,1779564764660323032,2
qwenA,stfq,106.8364,77529.8023,7524.7303,7524.7303,0.0,0.0,70004.1487,0.0,70005.072,1779564765250289238,2
qwenA,stfq,109.1865,75349.5824,2477.167,2477.167,0.0,0.0,72871.5107,0.0,72872.4154,1779564770467733081,2
qwenA,stfq,106.9391,78084.5394,7716.3744,7716.3744,0.0,0.0,70367.209,0.0,70368.1651,1779564765716079038,2
qwenA,stfq,107.0529,78757.5421,7621.1147,7621.1147,0.0,0.0,71135.5078,0.0,71136.4274,1779564766598180665,2
qwenA,stfq,107.6009,78455.4751,7609.7617,7609.7617,0.0,0.0,70844.7227,0.0,70845.7134,1779564766855387097,2
qwenA,stfq,107.7474,78731.703,7615.1212,7615.1212,0.0,0.0,71115.6552,0.0,71116.5818,1779564767272799942,2
qwenA,stfq,109.2553,77468.2815,3368.88,3368.88,0.0,0.0,74098.495,0.0,74099.4015,1779564771763571036,2
qwenA,stfq,107.7789,78944.7694,7615.3508,7615.3508,0.0,0.0,71328.5241,0.0,71329.4186,1779564767517141218,2
qwenA,stfq,107.9161,79073.0181,7626.8368,7626.8368,0.0,0.0,71445.2932,0.0,71446.1812,1779564767771162645,2
qwenA,stfq,107.9535,79035.6307,7621.8509,7621.8509,0.0,0.0,71412.8869,0.0,71413.7798,1779564767776188872,2
qwenA,stfq,110.4699,76697.5272,2312.7636,2312.7636,0.0,0.0,74383.8646,0.0,74384.7636,1779564773263516510,2
qwenA,stfq,108.1631,79321.9998,7625.9994,7625.9994,0.0,0.0,71695.137,0.0,71696.0004,1779564768267975387,2
qwenA,stfq,108.3695,79922.8885,7534.5495,7534.5495,0.0,0.0,72387.5163,0.0,72388.339,1779564769166819571,2
qwenA,stfq,108.3809,80545.2979,7627.767,7627.767,0.0,0.0,72916.4977,0.0,72917.5309,1779564769707207405,2
qwenA,stfq,110.8969,78206.4579,3291.4854,3291.4854,0.0,0.0,74913.3186,0.0,74914.9724,1779564774219986939,2
qwenA,stfq,108.5536,80819.8333,7645.8328,7645.8328,0.0,0.0,73172.8299,0.0,73174.0005,1779564770136235251,2
qwenA,stfq,109.1036,80269.9947,7633.9308,7633.9308,0.0,0.0,72634.8979,0.0,72636.064,1779564770148262861,2
qwenA,stfq,108.5701,80803.5316,7640.245,7640.245,0.0,0.0,73162.1783,0.0,73163.2867,1779564770142023614,2
qwenA,stfq,111.6297,78776.5338,2113.0627,2113.0627,0.0,0.0,76662.4973,0.0,76663.4712,1779564776701963980,2
qwenA,stfq,109.2309,81418.859,7537.2897,7537.2897,0.0,0.0,73880.6143,0.0,73881.5693,1779564771521273778,2
qwenA,stfq,109.3468,81871.9902,7446.079,7446.079,0.0,0.0,74424.8741,0.0,74425.9112,1779564772181431498,2
qwenA,stfq,109.5212,82131.0105,7463.1282,7463.1282,0.0,0.0,74666.9629,0.0,74667.8823,1779564772597891238,2
qwenA,stfq,109.743,81909.1983,7457.5271,7457.5271,0.0,0.0,74450.7265,0.0,74451.6711,1779564772603535217,2
qwenA,stfq,109.8531,81974.5214,7460.6857,7460.6857,0.0,0.0,74512.8748,0.0,74513.8357,1779564772775713087,2
qwenA,stfq,110.2759,81719.5132,7458.6422,7458.6422,0.0,0.0,74259.9728,0.0,74260.871,1779564772945589370,2
qwenA,stfq,112.0148,80294.7903,3205.3464,3205.3464,0.0,0.0,77088.5627,0.0,77089.4439,1779564777513087631,2
qwenA,stfq,110.4923,82226.4836,7446.7833,7446.7833,0.0,0.0,74778.7578,0.0,74779.7003,1779564773680840714,2
qwenA,stfq,112.1554,80732.2907,2480.7999,2480.7999,0.0,0.0,78250.5584,0.0,78251.4909,1779564778815718204,2
qwenA,stfq,110.9473,82791.8863,7436.1815,7436.1815,0.0,0.0,75354.7084,0.0,75355.7048,1779564774711791851,2
qwenA,stfq,111.3727,82366.5946,7431.5641,7431.5641,0.0,0.0,74934.1004,0.0,74935.0305,1779564774716523259,2
qwenA,stfq,111.4111,82893.9157,7309.0459,7309.0459,0.0,0.0,75583.9081,0.0,75584.8697,1779564775404744026,2
qwenA,stfq,112.5688,81914.4731,3263.7247,3263.7247,0.0,0.0,78649.8125,0.0,78650.7483,1779564779628337812,2
qwenA,stfq,111.4766,83424.4301,7415.2919,7415.2919,0.0,0.0,76008.276,0.0,76009.1382,1779564775894601594,2
qwenA,stfq,113.1488,81752.3053,2181.6481,2181.6481,0.0,0.0,79569.7708,0.0,79570.6571,1779564781128285569,2
qwenA,stfq,111.6199,83675.8826,7416.1315,7416.1315,0.0,0.0,76258.8556,0.0,76259.7511,1779564776288511224,2
qwenA,stfq,111.9581,84048.7437,7321.6014,7321.6014,0.0,0.0,76726.2845,0.0,76727.1424,1779564777094176771,2
qwenA,stfq,112.0545,84362.226,7301.0745,7301.0745,0.0,0.0,77060.2589,0.0,77061.1515,1779564777524521266,2
qwenA,stfq,112.0471,84369.6845,7308.1634,7308.1634,0.0,0.0,77060.6081,0.0,77061.5211,1779564777517476286,2
qwenA,stfq,113.2145,83467.8292,3183.8303,3183.8303,0.0,0.0,80282.923,0.0,80283.9989,1779564781907185081,2
qwenA,stfq,112.0578,84624.6288,7302.794,7302.794,0.0,0.0,77320.7257,0.0,77321.8348,1779564777788333864,2
qwenA,stfq,113.6838,83334.8498,2111.5474,2111.5474,0.0,0.0,81222.5013,0.0,81223.3024,1779564783316096067,2
qwenA,stfq,112.0611,85203.485,7414.2649,7414.2649,0.0,0.0,77788.3649,0.0,77789.2201,1779564778259271190,2
qwenA,stfq,112.1095,85470.6957,7415.0657,7415.0657,0.0,0.0,78054.7953,0.0,78055.6301,1779564778574067100,2
qwenA,stfq,112.2822,86000.2728,7309.2047,7309.2047,0.0,0.0,78690.1293,0.0,78691.0681,1779564779382074655,2
qwenA,stfq,112.7153,85816.1347,7306.9114,7306.9114,0.0,0.0,78508.3435,0.0,78509.2233,1779564779633413288,2
qwenA,stfq,112.8518,85922.0598,7305.5177,7305.5177,0.0,0.0,78615.684,0.0,78616.5421,1779564779877280980,2
qwenA,stfq,113.0418,85899.7133,7282.2951,7282.2951,0.0,0.0,78616.5349,0.0,78617.4182,1779564780068049441,2
qwenA,stfq,112.9213,86020.2863,7288.6338,7288.6338,0.0,0.0,78730.747,0.0,78731.6525,1779564780061760868,2
qwenA,stfq,114.0848,85199.7797,3276.5184,3276.5184,0.0,0.0,81921.8438,0.0,81923.2613,1779564784416442826,2
qwenA,stfq,113.1414,86728.2853,7390.6394,7390.6394,0.0,0.0,79336.7465,0.0,79337.6459,1779564780887891973,2
qwenA,stfq,113.1821,87002.538,7296.2919,7296.2919,0.0,0.0,79705.3514,0.0,79706.2461,1779564781297207863,2
qwenA,stfq,114.8636,85781.1749,2356.4292,2356.4292,0.0,0.0,83423.9101,0.0,83424.7457,1779564786697292947,2
qwenA,stfq,113.225,88145.072,7305.4849,7305.4849,0.0,0.0,80838.6824,0.0,80839.5871,1779564782473451855,2
qwenA,stfq,113.2888,88321.9197,7298.2088,7298.2088,0.0,0.0,81022.7208,0.0,81023.7109,1779564782721297639,2
qwenA,stfq,113.2814,88329.3622,7304.9893,7304.9893,0.0,0.0,81023.4356,0.0,81024.3729,1779564782714615580,2
qwenA,stfq,113.4769,88309.8681,7296.4877,7296.4877,0.0,0.0,81011.9984,0.0,81013.3804,1779564782898705646,2
qwenA,stfq,113.6694,88533.6173,7301.2106,7301.2106,0.0,0.0,81231.5202,0.0,81232.4067,1779564783310670503,2
qwenA,stfq,115.0164,87427.7978,3158.8057,3158.8057,0.0,0.0,84268.1351,0.0,84268.9921,1779564787694261159,2
qwenA,stfq,113.6942,89063.8156,7291.9442,7291.9442,0.0,0.0,81771.0743,0.0,81771.8714,1779564783875035193,2
qwenA,stfq,115.9722,87239.2838,2156.384,2156.384,0.0,0.0,85081.9674,0.0,85082.8998,1779564789463900328,2
qwenA,stfq,114.2123,89473.0008,7260.9942,7260.9942,0.0,0.0,82210.9778,0.0,82212.0066,1779564784833016762,2
qwenA,stfq,114.1242,89561.1055,7267.7367,7267.7367,0.0,0.0,82292.3794,0.0,82293.3688,1779564784826387342,2
qwenA,stfq,114.289,90086.3323,7355.9936,7355.9936,0.0,0.0,82729.5082,0.0,82730.3387,1779564785428225003,2
qwenA,stfq,115.999,88838.8474,3050.1612,3050.1612,0.0,0.0,85787.7157,0.0,85788.6861,1779564790196445959,2
qwenA,stfq,114.4477,90881.7275,7360.4177,7360.4177,0.0,0.0,83520.4346,0.0,83521.3097,1779564786377916394,2
qwenA,stfq,114.5772,91065.793,7359.81,7359.81,0.0,0.0,83705.1241,0.0,83705.983,1779564786692064392,2
qwenA,stfq,116.4683,89414.2418,2190.5464,2190.5464,0.0,0.0,87222.8434,0.0,87223.6954,1779564792100888986,2
qwenA,stfq,114.8871,91404.9299,7344.3259,7344.3259,0.0,0.0,84059.6468,0.0,84060.604,1779564787356493108,2
qwenA,stfq,115.0699,91567.7426,7346.1429,7346.1429,0.0,0.0,84220.7277,0.0,84221.5997,1779564787700344910,2
qwenA,stfq,115.1592,91721.5891,7347.0102,7347.0102,0.0,0.0,84373.7073,0.0,84374.5789,1779564787942650844,2
qwenA,stfq,115.6771,91372.818,7349.2015,7349.2015,0.0,0.0,84022.7537,0.0,84023.6165,1779564788109655388,2
qwenA,stfq,115.745,91473.6607,7348.4377,7348.4377,0.0,0.0,84124.3873,0.0,84125.223,1779564788279180453,2
qwenA,stfq,116.5492,90837.533,3346.1011,3346.1011,0.0,0.0,87490.5465,0.0,87491.4319,1779564792449486122,2
qwenA,stfq,115.8927,92590.4207,7433.9536,7433.9536,0.0,0.0,85155.5145,0.0,85156.4672,1779564789457956490,2
qwenA,stfq,117.8206,90662.5924,2357.5473,2357.5473,0.0,0.0,88304.1296,0.0,88305.0452,1779564794534447577,2
qwenA,stfq,115.9966,92809.9813,7435.9146,7435.9146,0.0,0.0,85373.2734,0.0,85374.0667,1779564789779632671,2
qwenA,stfq,116.1954,93022.0439,7424.6815,7424.6815,0.0,0.0,85596.4987,0.0,85597.3625,1779564790201638718,2
qwenA,stfq,116.2058,93253.5458,7424.1283,7424.1283,0.0,0.0,85828.516,0.0,85829.4175,1779564790444096491,2
qwenA,stfq,118.2006,91428.7567,3329.0553,3329.0553,0.0,0.0,88098.8157,0.0,88099.7014,1779564794709186248,2
qwenA,stfq,116.2312,93972.45,7444.9919,7444.9919,0.0,0.0,86526.6333,0.0,86527.4581,1779564791167562008,2
qwenA,stfq,118.9884,91679.1191,2183.6411,2183.6411,0.0,0.0,89494.5819,0.0,89495.478,1779564796892701847,2
qwenA,stfq,116.345,94645.8156,7466.588,7466.588,0.0,0.0,87178.3524,0.0,87179.2276,1779564791933135984,2
qwenA,stfq,116.3919,94767.6284,7473.5324,7473.5324,0.0,0.0,87293.2546,0.0,87294.096,1779564792094903624,2
qwenA,stfq,116.5468,94782.4593,7469.37,7469.37,0.0,0.0,87312.2494,0.0,87313.0893,1779564792268807529,2
qwenA,stfq,116.8265,94679.4038,7459.3278,7459.3278,0.0,0.0,87218.6534,0.0,87220.0759,1779564792454963729,2
qwenA,stfq,117.3329,94173.1565,7452.3946,7452.3946,0.0,0.0,86719.3232,0.0,86720.7619,1779564792461940384,2
qwenA,stfq,117.4177,94418.1943,7459.9407,7459.9407,0.0,0.0,86957.3936,0.0,86958.2536,1779564792784825555,2
qwenA,stfq,119.0649,93252.8808,3267.9539,3267.9539,0.0,0.0,89984.1132,0.0,89984.9269,1779564797458797897,2
qwenA,stfq,117.4691,95032.927,7657.0522,7657.0522,0.0,0.0,87374.4891,0.0,87375.8749,1779564793253356683,2
qwenA,stfq,117.7534,95241.2016,7664.5262,7664.5262,0.0,0.0,87575.798,0.0,87576.6754,1779564793738944303,2
qwenA,stfq,119.3782,94316.7229,2188.2028,2188.2028,0.0,0.0,92127.6429,0.0,92128.5201,1779564799915631595,2
qwenA,stfq,117.9417,95920.1796,7569.2166,7569.2166,0.0,0.0,88350.1074,0.0,88350.963,1779564794701600417,2
qwenA,stfq,118.2541,95775.763,7560.5844,7560.5844,0.0,0.0,88214.3114,0.0,88215.1787,1779564794878148558,2
qwenA,stfq,118.4954,96201.4666,7477.4823,7477.4823,0.0,0.0,88723.0778,0.0,88723.9843,1779564795628230754,2
qwenA,stfq,119.4939,95371.5069,3347.1656,3347.1656,0.0,0.0,92022.9466,0.0,92024.3413,1779564799926651802,2
qwenA,stfq,118.639,96476.4204,7487.339,7487.339,0.0,0.0,88988.2104,0.0,88989.0814,1779564796036957488,2
qwenA,stfq,121.4815,93878.7334,2365.0093,2365.0093,0.0,0.0,91512.835,0.0,91513.7241,1779564801404100964,3
qwenA,stfq,118.7658,96911.041,7589.7015,7589.7015,0.0,0.0,89320.4625,0.0,89321.3395,1779564796496065048,2
qwenA,stfq,118.9869,96690.0604,7583.224,7583.224,0.0,0.0,89105.9456,0.0,89106.8364,1779564796502607924,2
qwenA,stfq,119.0358,97037.1521,7582.2864,7582.2864,0.0,0.0,89454.0081,0.0,89454.8656,1779564796899574415,2
qwenA,stfq,119.1043,97600.1441,7486.3697,7486.3697,0.0,0.0,90112.9193,0.0,90113.7745,1779564797626959528,2
qwenA,stfq,122.0997,94949.0247,3353.013,3353.013,0.0,0.0,91595.0501,0.0,91596.0117,1779564802104488717,3
qwenA,stfq,119.1577,98069.2134,7596.952,7596.952,0.0,0.0,90471.3891,0.0,90472.2614,1779564798038899604,2
qwenA,stfq,119.1903,98281.0817,7591.6478,7591.6478,0.0,0.0,90688.5977,0.0,90689.4339,1779564798288666249,2
qwenA,stfq,127.2683,90373.3413,2280.7493,2280.7493,0.0,0.0,88091.7516,0.0,88092.592,1779564803769764108,3
qwenA,stfq,119.2643,98620.5399,7680.636,7680.636,0.0,0.0,90939.045,0.0,90939.9039,1779564798613139710,2
qwenA,stfq,119.3088,99041.4174,7674.8238,7674.8238,0.0,0.0,91365.2101,0.0,91366.5936,1779564799083740535,2
qwenA,stfq,119.4595,99633.0693,7581.0552,7581.0552,0.0,0.0,92051.1084,0.0,92052.0141,1779564799920372564,2
qwenA,stfq,119.6161,99794.7633,7574.3594,7574.3594,0.0,0.0,92219.5368,0.0,92220.404,1779564800245403924,2
qwenA,stfq,119.7624,99891.345,7576.4866,7576.4866,0.0,0.0,92313.9999,0.0,92314.8584,1779564800486204220,2
qwenA,stfq,131.4187,88659.9846,3373.5066,3373.5066,0.0,0.0,85285.5303,0.0,85286.478,1779564805113961251,3
qwenA,stfq,119.9572,100121.563,7575.8767,7575.8767,0.0,0.0,92544.6749,0.0,92545.6863,1779564800911657893,2
qwenA,stfq,119.9857,100093.1654,7571.1842,7571.1842,0.0,0.0,92520.9517,0.0,92521.9812,1779564800916384391,2
qwenA,stfq,120.1091,100314.1017,7596.957,7596.957,0.0,0.0,92716.2499,0.0,92717.1447,1779564801235066361,3
qwenA,stfq,136.9164,84052.5503,2221.4208,2221.4208,0.0,0.0,81830.2243,0.0,81831.1295,1779564807156345058,3
qwenA,stfq,121.5294,99439.5223,7513.3197,7513.3197,0.0,0.0,91925.2915,0.0,91926.2025,1779564801864486186,3
qwenA,stfq,123.3478,98430.0003,7419.9819,7419.9819,0.0,0.0,91009.0485,0.0,91010.0184,1779564802766644614,3
qwenA,stfq,123.0504,98727.5312,7425.0533,7425.0533,0.0,0.0,91301.5211,0.0,91302.4779,1779564802761634460,3
qwenA,stfq,125.1865,96767.7891,7425.1662,7425.1662,0.0,0.0,89341.754,0.0,89342.623,1779564802937984494,3
qwenA,stfq,138.3152,83809.1345,3200.5862,3200.5862,0.0,0.0,80607.7259,0.0,80608.5483,1779564807332699192,3
qwenA,stfq,126.6714,95630.713,7430.2931,7430.2931,0.0,0.0,88199.4815,0.0,88200.4198,1779564803280638031,3
qwenA,stfq,126.4812,95821.0609,7435.9145,7435.9145,0.0,0.0,88384.1448,0.0,88385.1463,1779564803275060083,3
qwenA,stfq,150.0003,72301.9087,2196.3843,2196.3843,0.0,0.0,70104.5349,0.0,70105.5244,1779564808514614644,3
qwenA,stfq,130.6214,93207.2208,7438.2064,7438.2064,0.0,0.0,85768.0962,0.0,85769.0144,1779564804799240338,3
qwenA,stfq,132.8407,91377.0874,7344.6145,7344.6145,0.0,0.0,84031.5928,0.0,84032.4728,1779564805282055263,3
qwenA,stfq,135.3142,89080.9305,7345.1309,7345.1309,0.0,0.0,81734.3416,0.0,81735.7996,1779564805458323037,3
qwenA,stfq,135.9071,88488.1437,7338.9168,7338.9168,0.0,0.0,81147.7475,0.0,81149.2268,1779564805464580877,3
qwenA,stfq,152.4618,72285.5484,3284.0568,3284.0568,0.0,0.0,69000.6428,0.0,69001.4916,1779564809872224961,3
qwenA,stfq,157.6339,67768.3382,2277.6096,2277.6096,0.0,0.0,65489.8872,0.0,65490.7286,1779564811533518463,3
qwenA,stfq,136.0039,89786.5064,7439.4504,7439.4504,0.0,0.0,82346.1118,0.0,82347.056,1779564806759807998,3
qwenA,stfq,136.252,89538.4879,7434.3089,7434.3089,0.0,0.0,82103.2236,0.0,82104.179,1779564806765005671,3
qwenA,stfq,137.5031,88682.4486,7432.8032,7432.8032,0.0,0.0,81248.7886,0.0,81249.6454,1779564807161654567,3
qwenA,stfq,139.6331,86797.7567,7337.7307,7337.7307,0.0,0.0,79459.2292,0.0,79460.026,1779564807502078224,3
qwenA,stfq,141.1529,86081.7993,7337.9063,7337.9063,0.0,0.0,78743.032,0.0,78743.893,1779564808305655520,3
qwenA,stfq,148.6947,78718.1363,7318.1531,7318.1531,0.0,0.0,71399.0386,0.0,71399.9832,1779564808503481903,3
qwenA,stfq,145.0799,82333.0309,7326.944,7326.944,0.0,0.0,75005.091,0.0,75006.0869,1779564808494736163,3
qwenA,stfq,142.2191,85193.8937,7333.2164,7333.2164,0.0,0.0,77859.6716,0.0,77860.6773,1779564808488489734,3
qwenA,stfq,158.2621,69408.3903,3274.5687,3274.5687,0.0,0.0,66132.9539,0.0,66133.8216,1779564812804856874,3
qwenA,stfq,164.8189,63821.8853,2209.293,2209.293,0.0,0.0,61611.742,0.0,61612.5924,1779564814840359014,3
qwenA,stfq,151.9478,76863.1604,7517.1791,7517.1791,0.0,0.0,69345.1347,0.0,69345.9813,1779564809702734674,3
qwenA,stfq,152.6057,76595.5811,7422.6582,7422.6582,0.0,0.0,69171.9966,0.0,69172.9229,1779564810187438781,3
qwenA,stfq,153.447,75754.3368,7417.1204,7417.1204,0.0,0.0,68336.3049,0.0,68337.2165,1779564810193020899,3
qwenA,stfq,156.038,73679.9111,7409.2908,7409.2908,0.0,0.0,66269.6912,0.0,66270.6203,1779564810717434648,3
qwenA,stfq,156.1978,73520.1292,7401.6424,7401.6424,0.0,0.0,66117.5525,0.0,66118.4868,1779564810725127017,3
qwenA,stfq,156.6356,73648.8359,7402.2967,7402.2967,0.0,0.0,66245.6908,0.0,66246.5391,1779564811291082634,3
qwenA,stfq,167.2719,63427.5563,3285.8199,3285.8199,0.0,0.0,60140.883,0.0,60141.7364,1779564815822569208,3
qwenA,stfq,158.2084,72810.8037,7505.2746,7505.2746,0.0,0.0,65304.6031,0.0,65305.5291,1779564811922728297,3
qwenA,stfq,174.5409,56478.2884,2377.7725,2377.7725,0.0,0.0,54099.5817,0.0,54100.5159,1779564817050273757,3
qwenA,stfq,163.1939,68627.8658,7412.5319,7412.5319,0.0,0.0,61213.855,0.0,61215.3339,1779564812817486793,3
qwenA,stfq,162.4174,69404.4268,7420.5016,7420.5016,0.0,0.0,61982.4159,0.0,61983.9252,1779564812809562239,3
qwenA,stfq,163.4866,68690.0113,7428.6166,7428.6166,0.0,0.0,61260.5655,0.0,61261.3947,1779564813156889128,3
qwenA,stfq,163.9839,68363.519,7430.1871,7430.1871,0.0,0.0,60932.4994,0.0,60933.3319,1779564813326112359,3
qwenA,stfq,179.4727,53289.9899,3383.4642,3383.4642,0.0,0.0,49905.6571,0.0,49906.5258,1779564817788069186,3
qwenA,stfq,164.0135,68921.2675,7531.9463,7531.9463,0.0,0.0,61388.4578,0.0,61389.3212,1779564813811746644,3
qwenA,stfq,166.4644,68063.7109,7534.5653,7534.5653,0.0,0.0,60528.2881,0.0,60529.1456,1779564815402409300,3
qwenA,stfq,168.7575,66095.1257,7427.0219,7427.0219,0.0,0.0,58666.4674,0.0,58668.1037,1779564815833744125,3
qwenA,stfq,169.4331,65853.0705,7445.2992,7445.2992,0.0,0.0,58406.918,0.0,58407.7713,1779564816249775813,3
qwenA,stfq,171.5966,64242.9085,7449.2902,7449.2902,0.0,0.0,56792.5856,0.0,56793.6183,1779564816798972795,3
qwenA,stfq,170.8887,64950.8591,7453.9742,7453.9742,0.0,0.0,57495.8324,0.0,57496.8848,1779564816794336797,3
qwenA,stfq,172.6177,63221.8993,7443.1017,7443.1017,0.0,0.0,55777.7598,0.0,55778.7975,1779564816805234857,3
qwenA,stfq,178.9329,57238.6265,7359.4021,7359.4021,0.0,0.0,49877.8393,0.0,49879.2244,1779564817220544357,3
qwenB,stfq,0.6163,2342.8016,2341.2032,2341.2032,0.0,0.0,0.8514,0.0,1.5984,1779564589026948271,1
qwenB,stfq,0.0002,3807.0855,3793.0518,3793.0518,0.0,0.0,13.2399,0.0,14.0337,1779564588423224292,1
qwenB,stfq,2.1935,2383.5757,2382.0192,2382.0192,0.0,0.0,0.7288,0.0,1.5564,1779564590604000506,1
qwenB,stfq,1.2409,3336.2288,3334.5395,3334.5395,0.0,0.0,0.886,0.0,1.6893,1779564589651520713,1
qwenB,stfq,2.6683,3330.4932,3328.8395,3328.8395,0.0,0.0,0.8426,0.0,1.6537,1779564591078934002,1
qwenB,stfq,3.8155,2421.6189,2420.1355,2420.1355,0.0,0.0,0.6735,0.0,1.4834,1779564592225890618,1
qwenB,stfq,5.0042,1983.9811,1982.4103,1982.4103,0.0,0.0,0.7689,0.0,1.5708,1779564593414744073,1
qwenB,stfq,4.3057,2994.9813,2993.4693,2993.4693,0.0,0.0,0.7167,0.0,1.512,1779564592716202663,1
qwenB,stfq,0.0146,7677.2602,7672.9869,7672.9869,0.0,0.0,3.3541,0.0,4.2732,1779564588427711328,1
qwenB,stfq,0.3242,7367.7921,7366.0406,7366.0406,0.0,0.0,0.7827,0.0,1.7516,1779564588734696778,1
qwenB,stfq,0.1281,7563.9412,7562.1012,7562.1012,0.0,0.0,0.8433,0.0,1.84,1779564588538658177,1
qwenB,stfq,0.2166,7475.3959,7473.4937,7473.4937,0.0,0.0,0.9174,0.0,1.9023,1779564588627286203,1
qwenB,stfq,0.5548,7316.7472,7315.091,7315.091,0.0,0.0,0.8638,0.0,1.6562,1779564588965441662,1
qwenB,stfq,5.2773,2759.553,2757.9035,2757.9035,0.0,0.0,0.8557,0.0,1.6494,1779564593687938884,1
qwenB,stfq,1.1423,7354.6731,7352.8346,7352.8346,0.0,0.0,1.034,0.0,1.8385,1779564589553122353,1
qwenB,stfq,1.4235,7322.0475,7320.0526,7320.0526,0.0,0.0,1.0891,0.0,1.9949,1779564589834377090,1
qwenB,stfq,1.5351,7210.722,7208.8633,7208.8633,0.0,0.0,0.8023,0.0,1.8587,1779564589945620509,1
qwenB,stfq,1.6277,7118.0763,7116.1141,7116.1141,0.0,0.0,0.9215,0.0,1.9622,1779564590038396874,1
qwenB,stfq,1.7002,7045.6021,7043.8245,7043.8245,0.0,0.0,0.7353,0.0,1.7776,1779564590110711425,1
qwenB,stfq,1.7017,7044.1742,7042.4691,7042.4691,0.0,0.0,0.6738,0.0,1.7051,1779564590112091220,1
qwenB,stfq,2.3231,6966.7029,6964.9986,6964.9986,0.0,0.0,0.7987,0.0,1.7043,1779564590733636075,1
qwenB,stfq,6.04,3642.6773,1979.3599,1979.3599,0.0,0.0,1662.5533,0.0,1663.3174,1779564596112347316,1
qwenB,stfq,3.1735,6969.8412,6968.367,6968.367,0.0,0.0,0.7007,0.0,1.4742,1779564591584001258,1
qwenB,stfq,3.4276,6889.0889,6887.4727,6887.4727,0.0,0.0,0.7024,0.0,1.6161,1779564591838091150,1
qwenB,stfq,3.5196,6797.2803,6795.5605,6795.5605,0.0,0.0,0.7358,0.0,1.7198,1779564591930062002,1
qwenB,stfq,3.3671,6949.7099,6948.0099,6948.0099,0.0,0.0,0.7331,0.0,1.7,1779564591777640576,1
qwenB,stfq,3.5071,6809.7606,6807.8948,6807.8948,0.0,0.0,0.9124,0.0,1.8658,1779564591917782430,1
qwenB,stfq,7.1363,3512.1195,1892.2981,1892.2981,0.0,0.0,1618.964,0.0,1619.8214,1779564597164981970,1
qwenB,stfq,3.962,6686.4517,6684.83,6684.83,0.0,0.0,0.7844,0.0,1.6217,1779564592372509997,1
qwenB,stfq,6.1729,4646.9998,2782.4331,2782.4331,0.0,0.0,1863.7903,0.0,1864.5668,1779564596446428528,1
qwenB,stfq,4.6083,6841.0051,6839.2799,6839.2799,0.0,0.0,0.8802,0.0,1.7252,1779564593018934836,1
qwenB,stfq,4.6137,6835.6283,6834.0711,6834.0711,0.0,0.0,0.7489,0.0,1.5572,1779564593024219954,1
qwenB,stfq,4.8523,6779.891,6778.1998,6778.1998,0.0,0.0,0.7513,0.0,1.6912,1779564593262839146,1
qwenB,stfq,4.8349,6797.3754,6795.6666,6795.6666,0.0,0.0,0.7999,0.0,1.7088,1779564593245413415,1
qwenB,stfq,4.8627,6769.5479,6768.0457,6768.0457,0.0,0.0,0.5744,0.0,1.5023,1779564593273061157,1
qwenB,stfq,5.0807,6728.5583,6726.7253,6726.7253,0.0,0.0,1.0107,0.0,1.833,1779564593491479066,1
qwenB,stfq,5.6862,6582.8338,6581.2772,6581.2772,0.0,0.0,0.726,0.0,1.5565,1779564594096656773,1
qwenB,stfq,5.7547,6826.6234,6581.8618,6581.8618,0.0,0.0,243.9251,0.0,244.7616,1779564594408341319,1
qwenB,stfq,7.3643,5382.9877,3063.952,3063.952,0.0,0.0,2318.2056,0.0,2319.0357,1779564598092269999,1
qwenB,stfq,5.8702,7042.9096,6675.3705,6675.3705,0.0,0.0,366.647,0.0,367.5392,1779564594646610274,1
qwenB,stfq,8.2447,4668.4914,2260.7819,2260.7819,0.0,0.0,2406.8382,0.0,2407.7094,1779564599061260686,1
qwenB,stfq,8.9914,4607.6825,1956.716,1956.716,0.0,0.0,2650.1694,0.0,2650.9665,1779564600051340269,1
qwenB,stfq,5.8703,7898.0715,6779.7288,6779.7288,0.0,0.0,1117.6362,0.0,1118.3427,1779564595397709795,1
qwenB,stfq,8.3775,5941.1888,3037.6854,3037.6854,0.0,0.0,2902.6644,0.0,2903.5034,1779564599689973610,1
qwenB,stfq,5.8998,8662.245,6862.4331,6862.4331,0.0,0.0,1798.8777,0.0,1799.812,1779564596108433003,1
qwenB,stfq,6.0414,8696.5089,6865.7783,6865.7783,0.0,0.0,1829.9112,0.0,1830.7305,1779564596281090406,1
qwenB,stfq,9.4646,5730.4947,2925.4712,2925.4712,0.0,0.0,2804.2235,0.0,2805.0235,1779564600678543410,1
qwenB,stfq,6.2973,9062.2683,6861.9399,6861.9399,0.0,0.0,2199.4903,0.0,2200.3283,1779564596906551528,1
qwenB,stfq,6.6334,8971.6933,6856.5047,6856.5047,0.0,0.0,2114.2476,0.0,2115.1886,1779564597157437277,1
qwenB,stfq,6.3087,9296.5066,6858.5718,6858.5718,0.0,0.0,2436.9471,0.0,2437.9348,1779564597155434193,1
qwenB,stfq,7.1145,8490.761,6849.2156,6849.2156,0.0,0.0,1640.5458,0.0,1641.5454,1779564597164822999,1
qwenB,stfq,6.8151,8790.2288,6853.2843,6853.2843,0.0,0.0,1935.967,0.0,1936.9445,1779564597160783747,1
qwenB,stfq,7.3109,8840.0595,6857.1527,6857.1527,0.0,0.0,1982.0571,0.0,1982.9069,1779564597702722948,1
qwenB,stfq,9.7858,6603.981,2070.4862,2070.4862,0.0,0.0,4532.7389,0.0,4533.4948,1779564602728260489,1
qwenB,stfq,7.7452,9343.9159,6945.1825,6945.1825,0.0,0.0,2397.9552,0.0,2398.7334,1779564598552930786,1
qwenB,stfq,7.9478,9313.4828,6941.6536,6941.6536,0.0,0.0,2370.7983,0.0,2371.8292,1779564598728366688,1
qwenB,stfq,7.9882,9273.1435,6937.7659,6937.7659,0.0,0.0,2334.3308,0.0,2335.3777,1779564598732327922,1
qwenB,stfq,8.0691,9192.3435,6934.0891,6934.0891,0.0,0.0,2257.1993,0.0,2258.2544,1779564598736042545,1
qwenB,stfq,7.8267,9434.7,6943.6968,6943.6968,0.0,0.0,2489.9726,0.0,2491.0032,1779564598726468600,1
qwenB,stfq,9.8355,7678.1859,2948.0339,2948.0339,0.0,0.0,4729.373,0.0,4730.152,1779564602974638530,1
qwenB,stfq,10.6275,7052.16,2062.4114,2062.4114,0.0,0.0,4988.9154,0.0,4989.7487,1779564604026179980,1
qwenB,stfq,8.3762,9473.6691,7029.3358,7029.3358,0.0,0.0,2443.4872,0.0,2444.3333,1779564599229434507,1
qwenB,stfq,8.3818,10002.4288,6934.2077,6934.2077,0.0,0.0,3067.3459,0.0,3068.2211,1779564599858921511,1
qwenB,stfq,8.4593,9925.0011,6931.9214,6931.9214,0.0,0.0,2992.1942,0.0,2993.0798,1779564599861279652,1
qwenB,stfq,8.7884,9777.7429,6927.5328,6927.5328,0.0,0.0,2849.2484,0.0,2850.2101,1779564600047410419,1
qwenB,stfq,8.765,9801.1801,6931.0282,6931.0282,0.0,0.0,2869.2153,0.0,2870.1519,1779564600043996676,1
qwenB,stfq,8.6473,9918.8888,6933.1693,6933.1693,0.0,0.0,2984.8104,0.0,2985.7195,1779564600041892170,1
qwenB,stfq,9.4131,9326.8006,6929.9763,6929.9763,0.0,0.0,2395.9832,0.0,2396.8243,1779564600218812012,1
qwenB,stfq,9.5461,9871.875,6836.1265,6836.1265,0.0,0.0,3034.9739,0.0,3035.7486,1779564600990788633,1
qwenB,stfq,9.6196,9962.4672,6834.1006,6834.1006,0.0,0.0,3127.497,0.0,3128.3666,1779564601156809831,1
qwenB,stfq,10.9181,8663.9225,2950.9144,2950.9144,0.0,0.0,5712.1317,0.0,5713.0082,1779564605040033277,1
qwenB,stfq,9.7159,10043.6821,6843.7853,6843.7853,0.0,0.0,3199.0001,0.0,3199.8968,1779564601324672495,1
qwenB,stfq,9.663,10096.683,6845.8013,6845.8013,0.0,0.0,3249.9228,0.0,3250.8817,1779564601322697462,1
qwenB,stfq,11.8315,7928.2346,2079.2959,2079.2959,0.0,0.0,5847.99,0.0,5848.9387,1779564606089223287,1
qwenB,stfq,12.0685,8543.2427,2761.2539,2761.2539,0.0,0.0,5781.1146,0.0,5781.9887,1779564606259396522,1
qwenB,stfq,9.7613,11167.8681,6847.9546,6847.9546,0.0,0.0,4319.0641,0.0,4319.9136,1779564602490154481,1
qwenB,stfq,10.1072,11209.3539,6746.594,6746.594,0.0,0.0,4461.8003,0.0,4462.7599,1779564602978733186,1
qwenB,stfq,9.7941,11522.4345,6753.7549,6753.7549,0.0,0.0,4767.7505,0.0,4768.6796,1779564602971646160,1
qwenB,stfq,12.318,9407.594,1962.2631,1962.2631,0.0,0.0,7444.4792,0.0,7445.3308,1779564608172207375,1
qwenB,stfq,10.1556,12049.0112,6844.4944,6844.4944,0.0,0.0,5203.6986,0.0,5204.5168,1779564603769087519,1
qwenB,stfq,10.3835,12066.21,6840.5518,6840.5518,0.0,0.0,5224.673,0.0,5225.6583,1779564604017937152,1
qwenB,stfq,10.1891,12260.6571,6843.6161,6843.6161,0.0,0.0,5416.0826,0.0,5417.041,1779564604014955640,1
qwenB,stfq,10.4489,12000.8609,6836.6395,6836.6395,0.0,0.0,5163.2934,0.0,5164.2214,1779564604021972091,1
qwenB,stfq,10.7727,12551.8212,6934.3012,6934.3012,0.0,0.0,5616.8029,0.0,5617.5201,1779564604799276795,1
qwenB,stfq,12.4057,11084.7349,3116.8995,3116.8995,0.0,0.0,7966.9926,0.0,7967.8354,1779564608782475158,1
qwenB,stfq,10.9636,13058.2025,6932.0366,6932.0366,0.0,0.0,6125.3133,0.0,6126.1659,1779564605498689493,1
qwenB,stfq,11.0701,13129.3478,6937.0687,6937.0687,0.0,0.0,6191.1831,0.0,6192.2791,1779564605671071276,1
qwenB,stfq,11.4328,12766.8242,6935.1358,6935.1358,0.0,0.0,5830.555,0.0,5831.6885,1779564605673090364,1
qwenB,stfq,13.8426,10357.0414,2159.9919,2159.9919,0.0,0.0,8195.895,0.0,8197.0495,1779564610448295423,1
qwenB,stfq,11.7556,12444.0987,6927.157,6927.157,0.0,0.0,5515.8186,0.0,5516.9418,1779564605681170703,1
qwenB,stfq,11.6027,12597.0483,6931.0168,6931.0168,0.0,0.0,5664.9342,0.0,5666.0315,1779564605677351488,1
qwenB,stfq,11.977,12646.699,6939.954,6939.954,0.0,0.0,5705.9236,0.0,5706.7449,1779564606092702218,1
qwenB,stfq,12.0909,13230.1397,6933.7948,6933.7948,0.0,0.0,6295.4795,0.0,6296.3449,1779564606796183243,1
qwenB,stfq,13.9376,11560.3924,3045.3598,3045.3598,0.0,0.0,8514.0412,0.0,8515.0326,1779564610861408632,1
qwenB,stfq,12.2932,13204.9527,6924.1761,6924.1761,0.0,0.0,6279.707,0.0,6280.7766,1779564606982681915,1
qwenB,stfq,12.1353,13362.8452,6931.0985,6931.0985,0.0,0.0,6430.7086,0.0,6431.7467,1779564606975803094,1
qwenB,stfq,12.1568,13341.4311,6928.1671,6928.1671,0.0,0.0,6412.2524,0.0,6413.2641,1779564606978775605,1
qwenB,stfq,12.3076,13368.4816,6935.6333,6935.6333,0.0,0.0,6432.0407,0.0,6432.8483,1779564607149410728,1
qwenB,stfq,15.7901,10492.254,2081.9749,2081.9749,0.0,0.0,8409.4925,0.0,8410.2791,1779564612609314352,1
qwenB,stfq,12.3453,14438.0798,7015.8083,7015.8083,0.0,0.0,7421.4239,0.0,7422.2715,1779564608176484449,1
qwenB,stfq,15.9918,11259.3946,3045.6917,3045.6917,0.0,0.0,8212.8494,0.0,8213.703,1779564612614445664,1
qwenB,stfq,16.289,11273.2828,2063.4437,2063.4437,0.0,0.0,9209.0254,0.0,9209.839,1779564613907813533,1
qwenB,stfq,12.4261,15301.9359,7112.2511,7112.2511,0.0,0.0,8188.8134,0.0,8189.6848,1779564609024699634,1
qwenB,stfq,12.5915,15455.6284,7117.3258,7117.3258,0.0,0.0,8337.4789,0.0,8338.3026,1779564609338717156,1
qwenB,stfq,12.687,15752.2161,7119.6401,7119.6401,0.0,0.0,8631.7263,0.0,8632.576,1779564609728459377,1
qwenB,stfq,16.3349,12104.3417,2933.4942,2933.4942,0.0,0.0,9170.0044,0.0,9170.8476,1779564613914622008,1
qwenB,stfq,13.3277,15289.8366,7130.6182,7130.6182,0.0,0.0,8158.2139,0.0,8159.2184,1779564609895719394,1
qwenB,stfq,13.7534,15106.9417,7134.1266,7134.1266,0.0,0.0,7971.9214,0.0,7972.8151,1779564610135092368,1
qwenB,stfq,13.9221,15325.3212,7042.186,7042.186,0.0,0.0,8282.2764,0.0,8283.1352,1779564610614167841,1
qwenB,stfq,14.1429,15347.8236,7035.3535,7035.3535,0.0,0.0,8311.5568,0.0,8312.4701,1779564610864209479,1
qwenB,stfq,16.7133,13095.7782,2076.3032,2076.3032,0.0,0.0,11018.6377,0.0,11019.475,1779564616141669519,1
qwenB,stfq,14.5842,15538.3937,7037.6294,7037.6294,0.0,0.0,8499.9638,0.0,8500.7643,1779564611493947803,1
qwenB,stfq,14.666,15696.2521,7037.0962,7037.0962,0.0,0.0,8658.3183,0.0,8659.1559,1779564611734091578,1
qwenB,stfq,14.8642,15663.115,7036.2985,7036.2985,0.0,0.0,8626.0056,0.0,8626.8165,1779564611899988007,1
qwenB,stfq,14.8666,16284.9934,7129.2867,7129.2867,0.0,0.0,9154.9885,0.0,9155.7067,1779564612431359321,1
qwenB,stfq,15.8044,15515.7804,7117.9416,7117.9416,0.0,0.0,8396.9843,0.0,8397.8388,1779564612611167982,1
qwenB,stfq,16.0416,15278.6853,7104.9677,7104.9677,0.0,0.0,8172.7982,0.0,8173.7176,1779564612624181384,1
qwenB,stfq,15.9992,15321.0835,7109.3541,7109.3541,0.0,0.0,8210.8221,0.0,8211.7294,1779564612619817491,1
qwenB,stfq,16.8774,14857.2488,3116.4385,3116.4385,0.0,0.0,11739.8822,0.0,11740.8102,1779564617027080656,1
qwenB,stfq,16.092,15642.6775,7110.3794,7110.3794,0.0,0.0,8531.4276,0.0,8532.2981,1779564613033237353,1
qwenB,stfq,16.2242,15680.9506,7115.8509,7115.8509,0.0,0.0,8564.2364,0.0,8565.0997,1779564613198211882,1
qwenB,stfq,17.3907,14975.0817,2242.6869,2242.6869,0.0,0.0,12731.6334,0.0,12732.3948,1779564618532118337,1
qwenB,stfq,16.2326,16298.9781,7209.943,7209.943,0.0,0.0,9088.2127,0.0,9089.0351,1779564613730610087,1
qwenB,stfq,16.3194,16378.7243,7196.5799,7196.5799,0.0,0.0,9181.3569,0.0,9182.1445,1779564613910564440,1
qwenB,stfq,16.5451,16153.1649,7189.6374,7189.6374,0.0,0.0,8962.7137,0.0,8963.5275,1779564613917544645,1
qwenB,stfq,16.6056,17036.8214,7191.7175,7191.7175,0.0,0.0,9844.3496,0.0,9845.1038,1779564614859672111,1
qwenB,stfq,16.6887,17285.3501,7186.3952,7186.3952,0.0,0.0,10098.0182,0.0,10098.9549,1779564615196520527,1
qwenB,stfq,16.617,17357.1401,7190.0698,7190.0698,0.0,0.0,10166.1963,0.0,10167.0703,1779564615192948952,1
qwenB,stfq,17.5419,16901.0253,3121.8599,3121.8599,0.0,0.0,13778.2695,0.0,13779.1654,1779564619729917126,1
qwenB,stfq,18.4536,16398.2615,2152.8447,2152.8447,0.0,0.0,14244.4911,0.0,14245.4168,1779564621107829587,1
qwenB,stfq,16.7132,18310.5299,7294.9673,7294.9673,0.0,0.0,11014.7097,0.0,11015.5626,1779564616137630982,1
qwenB,stfq,16.7279,18996.865,7278.8779,7278.8779,0.0,0.0,11717.0401,0.0,11717.9872,1779564616854721394,1
qwenB,stfq,16.8776,19016.6492,7273.8988,7273.8988,0.0,0.0,11741.8656,0.0,11742.7504,1779564617029193252,1
qwenB,stfq,16.9381,19194.109,7271.1316,7271.1316,0.0,0.0,11922.0226,0.0,11922.9774,1779564617269850730,1
qwenB,stfq,18.5094,17622.8099,3116.8822,3116.8822,0.0,0.0,14505.0375,0.0,14505.9277,1779564621424205316,1
qwenB,stfq,17.0246,19498.2054,7274.7188,7274.7188,0.0,0.0,12222.6274,0.0,12223.4867,1779564617656972233,1
qwenB,stfq,17.062,19704.8848,7275.4999,7275.4999,0.0,0.0,12428.5114,0.0,12429.3849,1779564617900321924,1
qwenB,stfq,17.1624,19604.5601,7272.5164,7272.5164,0.0,0.0,12331.1808,0.0,12332.0437,1779564617903326916,1
qwenB,stfq,19.1671,17774.3986,2253.6009,2253.6009,0.0,0.0,15519.6226,0.0,15520.7976,1779564623096500520,1
qwenB,stfq,17.4692,20246.3925,7187.6861,7187.6861,0.0,0.0,13057.8804,0.0,13058.7064,1779564618936864506,1
qwenB,stfq,19.1809,18703.0857,3028.361,3028.361,0.0,0.0,15673.8613,0.0,15674.7246,1779564623264517945,1
qwenB,stfq,19.9001,18302.7949,2067.8177,2067.8177,0.0,0.0,16234.1099,0.0,16234.9773,1779564624543942021,1
qwenB,stfq,17.5613,21051.7347,7289.8101,7289.8101,0.0,0.0,13760.962,0.0,13761.9246,1779564619732003381,1
qwenB,stfq,17.6407,20972.3806,7287.0693,7287.0693,0.0,0.0,13684.3956,0.0,13685.3113,1779564619734862201,1
qwenB,stfq,17.9305,20925.7677,7289.9651,7289.9651,0.0,0.0,13634.9761,0.0,13635.8025,1779564619975210040,1
qwenB,stfq,18.004,21019.1004,7284.5038,7284.5038,0.0,0.0,13733.6843,0.0,13734.5966,1779564620147406791,1
qwenB,stfq,18.0944,21098.0182,7286.5941,7286.5941,0.0,0.0,13810.5156,0.0,13811.4241,1779564620314708323,1
qwenB,stfq,18.504,21393.8665,7195.5251,7195.5251,0.0,0.0,14197.3667,0.0,14198.3414,1779564621111142667,1
qwenB,stfq,20.526,19371.9594,3127.183,3127.183,0.0,0.0,16243.8784,0.0,16244.7765,1779564625179602228,1
qwenB,stfq,21.6729,18837.8897,2067.3545,2067.3545,0.0,0.0,16769.6335,0.0,16770.5352,1779564626852340333,1
qwenB,stfq,18.7721,22141.2892,7104.7973,7104.7973,0.0,0.0,15035.5608,0.0,15036.4919,1779564622217391136,1
qwenB,stfq,18.8586,22225.0874,7108.7073,7108.7073,0.0,0.0,15115.3686,0.0,15116.3801,1779564622383703486,1
qwenB,stfq,18.876,22207.6921,7106.8373,7106.8373,0.0,0.0,15099.9289,0.0,15100.8548,1779564622385699903,1
qwenB,stfq,18.9708,22580.5962,7104.8542,7104.8542,0.0,0.0,15474.8192,0.0,15475.742,1779564622855407298,1
qwenB,stfq,18.8874,22664.0863,7107.8737,7107.8737,0.0,0.0,15555.3713,0.0,15556.2126,1779564622852508560,1
qwenB,stfq,22.1821,19615.9055,2941.1054,2941.1054,0.0,0.0,16673.9476,0.0,16674.8002,1779564627265812670,1
qwenB,stfq,23.0996,18866.0347,2063.8467,2063.8467,0.0,0.0,16801.3167,0.0,16802.188,1779564628310687715,1
qwenB,stfq,19.1705,22795.1455,7113.1607,7113.1607,0.0,0.0,15681.1111,0.0,15681.9848,1779564623261412732,1
qwenB,stfq,19.1932,23259.1672,7114.6438,7114.6438,0.0,0.0,16143.5974,0.0,16144.5234,1779564623746587816,1
qwenB,stfq,19.2146,23718.2448,7207.3688,7207.3688,0.0,0.0,16509.98,0.0,16510.876,1779564624134319038,1
qwenB,stfq,19.3404,23592.494,7203.5162,7203.5162,0.0,0.0,16388.0601,0.0,16388.9778,1779564624138208788,1
qwenB,stfq,19.3468,23754.9419,7206.7902,7206.7902,0.0,0.0,16547.1838,0.0,16548.1518,1779564624303749097,1
qwenB,stfq,19.5852,23755.7039,7207.9465,7207.9465,0.0,0.0,16546.8023,0.0,16547.7574,1779564624541779986,1
qwenB,stfq,20.5535,23416.0817,7195.4288,7195.4288,0.0,0.0,16219.6898,0.0,16220.6528,1779564625182903716,1
qwenB,stfq,20.5243,23445.2181,7201.8287,7201.8287,0.0,0.0,16242.4412,0.0,16243.3894,1779564625176551229,1
qwenB,stfq,23.2476,20894.8536,3228.3194,3228.3194,0.0,0.0,17665.5412,0.0,17666.5342,1779564629322879820,1
qwenB,stfq,20.645,23497.4911,7200.5903,7200.5903,0.0,0.0,16295.9707,0.0,16296.9008,1779564625350761853,1
qwenB,stfq,20.6536,24516.5637,7285.3807,7285.3807,0.0,0.0,17230.1626,0.0,17231.1829,1779564626293547226,1
qwenB,stfq,21.1681,24002.1629,7283.2988,7283.2988,0.0,0.0,16717.942,0.0,16718.8641,1779564626295767541,1
qwenB,stfq,23.3914,21946.641,2235.7537,2235.7537,0.0,0.0,19709.99,0.0,19710.8873,1779564631511194551,1
qwenB,stfq,21.5874,23987.9184,7371.8568,7371.8568,0.0,0.0,16615.2003,0.0,16616.0616,1779564626612404245,1
qwenB,stfq,21.9229,23963.4151,7269.6091,7269.6091,0.0,0.0,16692.848,0.0,16693.8061,1779564627025542777,1
qwenB,stfq,22.337,23949.3489,7260.0085,7260.0085,0.0,0.0,16688.349,0.0,16689.3405,1779564627435076208,1
qwenB,stfq,22.2763,24010.0832,7262.5746,7262.5746,0.0,0.0,16746.6075,0.0,16747.5086,1779564627432643126,1
qwenB,stfq,22.5885,23867.6236,7262.9584,7262.9584,0.0,0.0,16603.7416,0.0,16604.6652,1779564627601956410,1
qwenB,stfq,22.6622,24249.8715,7253.1263,7253.1263,0.0,0.0,16995.841,0.0,16996.7452,1779564628067814983,1
qwenB,stfq,24.1141,23036.3855,3180.1735,3180.1735,0.0,0.0,19855.2051,0.0,19856.2121,1779564632379043260,1
qwenB,stfq,22.9729,24177.6063,7251.8557,7251.8557,0.0,0.0,16924.814,0.0,16925.7507,1779564628307515448,1
qwenB,stfq,25.0192,22299.3174,2312.2407,2312.2407,0.0,0.0,19986.1743,0.0,19987.0767,1779564633415148829,1
qwenB,stfq,23.1851,24736.7468,7245.7723,7245.7723,0.0,0.0,17490.072,0.0,17490.9745,1779564629084902168,1
qwenB,stfq,25.1772,22981.9272,2986.1756,2986.1756,0.0,0.0,19994.9305,0.0,19995.7516,1779564633581863347,1
qwenB,stfq,23.29,25039.4268,7241.6565,7241.6565,0.0,0.0,17796.674,0.0,17797.7703,1779564629496449554,1
qwenB,stfq,25.6633,22666.146,2042.3105,2042.3105,0.0,0.0,20622.8509,0.0,20623.8355,1779564634695918111,1
qwenB,stfq,23.3174,25476.4469,7238.406,7238.406,0.0,0.0,18237.1809,0.0,18238.0409,1779564629964375327,1
qwenB,stfq,23.3188,25878.4401,7227.5818,7227.5818,0.0,0.0,18649.9124,0.0,18650.8583,1779564630378481356,1
qwenB,stfq,26.1916,23182.9007,2917.5627,2917.5627,0.0,0.0,20264.2355,0.0,20265.3379,1779564634865601528,1
qwenB,stfq,23.3577,26016.8436,7237.7958,7237.7958,0.0,0.0,18778.0335,0.0,18779.0477,1779564630545526942,1
qwenB,stfq,23.3601,26829.3459,7253.3357,7253.3357,0.0,0.0,19574.9822,0.0,19576.0103,1779564631344848875,1
qwenB,stfq,23.8049,26708.0235,7171.3403,7171.3403,0.0,0.0,19535.6994,0.0,19536.6833,1779564631750399640,1
qwenB,stfq,26.6131,23899.8883,2180.9165,2180.9165,0.0,0.0,21718.0612,0.0,21718.9718,1779564636740961101,1
qwenB,stfq,24.4146,26650.1729,7092.4527,7092.4527,0.0,0.0,19556.87,0.0,19557.7203,1779564632381228855,1
qwenB,stfq,24.4645,26770.0551,7091.1798,7091.1798,0.0,0.0,19677.7942,0.0,19678.8752,1779564632552082313,1
qwenB,stfq,24.8369,26397.6879,7089.3289,7089.3289,0.0,0.0,19307.39,0.0,19308.359,1779564632554087933,1
qwenB,stfq,24.9825,26898.5112,7205.7369,7205.7369,0.0,0.0,19691.8411,0.0,19692.7743,1779564633084082177,1
qwenB,stfq,24.9869,27064.9965,7209.7006,7209.7006,0.0,0.0,19854.5616,0.0,19855.2959,1779564633251213706,1
qwenB,stfq,25.1547,27151.0,7134.6838,7134.6838,0.0,0.0,20015.2993,0.0,20016.3162,1779564633579780588,1
qwenB,stfq,26.7341,25571.6834,3107.8556,3107.8556,0.0,0.0,22462.9164,0.0,22463.8278,1779564637606754148,1
qwenB,stfq,25.1916,27293.4179,7146.2254,7146.2254,0.0,0.0,20146.2524,0.0,20147.1925,1779564633747618918,1
qwenB,stfq,25.3703,27358.1414,7152.2222,7152.2222,0.0,0.0,20204.8638,0.0,20205.9192,1779564633984926152,1
qwenB,stfq,27.2103,25518.1918,2208.9271,2208.9271,0.0,0.0,23308.311,0.0,23309.2647,1779564638928386000,1
qwenB,stfq,25.3706,27687.1905,7170.672,7170.672,0.0,0.0,20515.5132,0.0,20516.5186,1779564634295913210,1
qwenB,stfq,25.3759,27681.9243,7170.5176,7170.5176,0.0,0.0,20510.5011,0.0,20511.4067,1779564634296210660,1
qwenB,stfq,25.6199,27615.5407,7185.7115,7185.7115,0.0,0.0,20428.937,0.0,20429.8292,1779564634458576578,1
qwenB,stfq,25.9996,27478.019,7188.2071,7188.2071,0.0,0.0,20288.8582,0.0,20289.8119,1779564634698226071,1
qwenB,stfq,26.3355,27678.2079,7101.0446,7101.0446,0.0,0.0,20576.344,0.0,20577.1633,1779564635321627322,1
qwenB,stfq,26.3889,27965.791,7203.3232,7203.3232,0.0,0.0,20761.4353,0.0,20762.4678,1779564635560119628,1
qwenB,stfq,26.4103,27944.4487,7200.2278,7200.2278,0.0,0.0,20743.2747,0.0,20744.2209,1779564635563362629,1
qwenB,stfq,26.4207,28113.5147,7214.8768,7214.8768,0.0,0.0,20897.6045,0.0,20898.6379,1779564635728052505,1
qwenB,stfq,27.8223,26711.9527,3298.9231,3298.9231,0.0,0.0,23412.08,0.0,23413.0296,1779564639644155805,1
qwenB,stfq,28.6738,26110.8739,2298.9375,2298.9375,0.0,0.0,23810.9918,0.0,23811.9364,1779564640894552879,1
qwenB,stfq,26.5988,28894.4674,7333.4725,7333.4725,0.0,0.0,21560.0524,0.0,21560.9949,1779564636568639887,1
qwenB,stfq,26.6376,29027.0665,7329.634,7329.634,0.0,0.0,21696.5606,0.0,21697.4325,1779564636743944764,1
qwenB,stfq,28.8839,27024.3785,3171.8931,3171.8931,0.0,0.0,23851.6006,0.0,23852.4854,1779564641145283088,1
qwenB,stfq,29.6468,26991.3929,2282.516,2282.516,0.0,0.0,24707.8292,0.0,24708.8768,1779564642764364622,1
qwenB,stfq,26.7385,29899.7226,7435.1232,7435.1232,0.0,0.0,22463.6393,0.0,22464.5993,1779564637611909703,1
qwenB,stfq,26.8736,29942.5268,7437.6816,7437.6816,0.0,0.0,22503.8841,0.0,22504.8452,1779564637787277040,1
qwenB,stfq,26.882,30576.2134,7438.9697,7438.9697,0.0,0.0,23136.3924,0.0,23137.2437,1779564638428194724,1
qwenB,stfq,26.9074,30719.8436,7437.0944,7437.0944,0.0,0.0,23281.795,0.0,23282.7492,1779564638598964794,1
qwenB,stfq,26.9178,30709.5096,7431.5047,7431.5047,0.0,0.0,23277.1363,0.0,23278.0049,1779564638604705927,1
qwenB,stfq,29.7496,28053.1449,3267.8139,3267.8139,0.0,0.0,24784.4245,0.0,24785.331,1779564642943823768,1
qwenB,stfq,31.1466,27143.8897,2381.5345,2381.5345,0.0,0.0,24761.5097,0.0,24762.3552,1779564644317856102,1
qwenB,stfq,27.6586,31023.7312,7616.8289,7616.8289,0.0,0.0,23406.0245,0.0,23406.9024,1779564639474375802,1
qwenB,stfq,27.9699,30883.2002,7610.5378,7610.5378,0.0,0.0,23271.8451,0.0,23272.6624,1779564639651502381,1
qwenB,stfq,28.006,31016.2413,7607.5493,7607.5493,0.0,0.0,23407.7797,0.0,23408.692,1779564639823503776,1
qwenB,stfq,28.1474,31411.8273,7506.5707,7506.5707,0.0,0.0,23904.3112,0.0,23905.2566,1779564640461457549,1
qwenB,stfq,32.6719,27057.0219,2269.8395,2269.8395,0.0,0.0,24786.1211,0.0,24787.1824,1779564645867805719,1
qwenB,stfq,31.7879,27941.0725,3260.0308,3260.0308,0.0,0.0,24680.0961,0.0,24681.0417,1779564644877772972,1
qwenB,stfq,28.4734,31431.9103,7592.5456,7592.5456,0.0,0.0,23838.3327,0.0,23839.3647,1779564640721496152,1
qwenB,stfq,28.295,31610.4348,7598.9026,7598.9026,0.0,0.0,24010.5858,0.0,24011.5322,1779564640715298496,1
qwenB,stfq,28.8816,31350.7943,7503.1222,7503.1222,0.0,0.0,23846.736,0.0,23847.6722,1779564641138065342,1
qwenB,stfq,29.1529,31399.0738,7487.6093,7487.6093,0.0,0.0,23910.4908,0.0,23911.4646,1779564641473166940,1
qwenB,stfq,29.0314,31520.658,7493.5017,7493.5017,0.0,0.0,24026.3002,0.0,24027.1563,1779564641467432454,1
qwenB,stfq,29.4108,31320.1225,7494.8322,7494.8322,0.0,0.0,23824.4076,0.0,23825.2903,1779564641644959096,1
qwenB,stfq,32.7318,28168.8716,3267.2137,3267.2137,0.0,0.0,24900.7227,0.0,24901.6579,1779564646042263456,1
qwenB,stfq,29.4262,32181.9818,7593.7621,7593.7621,0.0,0.0,24587.2853,0.0,24588.2197,1779564642423240748,1
qwenB,stfq,29.567,32208.751,7591.0288,7591.0288,0.0,0.0,24616.9245,0.0,24617.7222,1779564642593639363,1
qwenB,stfq,29.7292,32232.5788,7599.0513,7599.0513,0.0,0.0,24632.6182,0.0,24633.5274,1779564642771589088,1
qwenB,stfq,33.3352,28626.6403,2401.9304,2401.9304,0.0,0.0,26223.7966,0.0,26224.7099,1779564647968739785,1
qwenB,stfq,29.9293,32217.0227,7604.705,7604.705,0.0,0.0,24611.5286,0.0,24612.3177,1779564642950627039,1
qwenB,stfq,30.0189,32372.7403,7606.3903,7606.3903,0.0,0.0,24765.5473,0.0,24766.35,1779564643194171477,1
qwenB,stfq,30.0333,32821.9438,7604.7648,7604.7648,0.0,0.0,25216.3727,0.0,25217.1789,1779564643659427105,1
qwenB,stfq,34.4236,28601.368,2293.4654,2293.4654,0.0,0.0,26307.1482,0.0,26307.9026,1779564649140523319,1
qwenB,stfq,33.5915,29433.5258,3289.682,3289.682,0.0,0.0,26143.0585,0.0,26143.8438,1779564648144340597,1
qwenB,stfq,30.9662,32236.2034,7708.6181,7708.6181,0.0,0.0,24526.8326,0.0,24527.5853,1779564643902824175,1
qwenB,stfq,31.0831,32287.9243,7705.8292,7705.8292,0.0,0.0,24581.351,0.0,24582.0951,1779564644074235538,1
qwenB,stfq,31.5547,32277.035,7606.1097,7606.1097,0.0,0.0,24670.1329,0.0,24670.9253,1779564644634612507,1
qwenB,stfq,31.9908,32165.35,7509.8188,7509.8188,0.0,0.0,24654.4313,0.0,24655.5312,1779564645055011385,1
qwenB,stfq,31.9804,32175.8027,7517.1812,7517.1812,0.0,0.0,24657.6464,0.0,24658.6215,1779564645047806886,1
qwenB,stfq,32.1307,32214.9081,7528.7949,7528.7949,0.0,0.0,24685.2677,0.0,24686.1132,1779564645225718727,1
qwenB,stfq,32.403,31942.6858,7523.0004,7523.0004,0.0,0.0,24418.8163,0.0,24419.6854,1779564645231553688,1
qwenB,stfq,32.4895,32179.5218,7527.2391,7527.2391,0.0,0.0,24651.4487,0.0,24652.2827,1779564645550682683,1
qwenB,stfq,32.7124,32343.5371,7427.9798,7427.9798,0.0,0.0,24914.7472,0.0,24915.5572,1779564646036900064,1
qwenB,stfq,33.0024,32224.3309,7423.3873,7423.3873,0.0,0.0,24800.1764,0.0,24800.9436,1779564646212337459,1
qwenB,stfq,33.0699,32401.226,7425.1774,7425.1774,0.0,0.0,24975.2336,0.0,24976.0486,1779564646454879513,1
qwenB,stfq,33.1594,32563.2448,7431.5474,7431.5474,0.0,0.0,25130.887,0.0,25131.6974,1779564646700017500,1
qwenB,stfq,33.2048,32985.764,7336.9811,7336.9811,0.0,0.0,25648.0293,0.0,25648.7829,1779564647262621081,1
qwenB,stfq,33.2907,33079.3877,7347.0074,7347.0074,0.0,0.0,25731.2315,0.0,25732.3803,1779564647431734489,1
qwenB,stfq,34.5295,32316.3316,3013.4889,3013.4889,0.0,0.0,29302.0418,0.0,29302.8427,1779564652241308124,1
qwenB,stfq,33.3416,33749.2864,7361.4063,7361.4063,0.0,0.0,26387.188,0.0,26387.8801,1779564648138522483,1
qwenB,stfq,33.6142,33657.5055,7365.3984,7365.3984,0.0,0.0,26290.9987,0.0,26292.1071,1779564648314930191,1
qwenB,stfq,33.6626,33609.1361,7359.3494,7359.3494,0.0,0.0,26248.8182,0.0,26249.7867,1779564648321153003,1
qwenB,stfq,33.9061,33708.879,7382.0669,7382.0669,0.0,0.0,26326.0109,0.0,26326.8121,1779564648641884558,1
qwenB,stfq,34.0424,33897.6917,7387.2914,7387.2914,0.0,0.0,26509.5069,0.0,26510.4004,1779564648961621131,1
qwenB,stfq,34.1519,33788.2068,7380.6606,7380.6606,0.0,0.0,26406.6491,0.0,26407.5462,1779564648968290324,1
qwenB,stfq,34.4451,33916.4011,7290.5568,7290.5568,0.0,0.0,26624.948,0.0,26625.8443,1779564649479773611,1
qwenB,stfq,35.3662,36337.7864,2193.1432,2193.1432,0.0,0.0,34143.6982,0.0,34144.6432,1779564657919667057,1
qwenB,stfq,35.452,37839.4938,3072.0457,3072.0457,0.0,0.0,34766.5486,0.0,34767.448,1779564658628328407,1
qwenB,stfq,34.608,39093.9312,7331.2584,7331.2584,0.0,0.0,31761.6746,0.0,31762.6728,1779564654779437190,1
qwenB,stfq,36.3504,37529.0716,2174.636,2174.636,0.0,0.0,35353.4651,0.0,35354.4355,1779564660113598500,1
qwenB,stfq,35.0449,39462.569,7415.9615,7415.9615,0.0,0.0,32045.8186,0.0,32046.6075,1779564655500462604,1
qwenB,stfq,36.6264,38254.4878,3163.2609,3163.2609,0.0,0.0,35090.5104,0.0,35091.2269,1779564660126707818,1
qwenB,stfq,35.2605,40426.0957,7494.6242,7494.6242,0.0,0.0,32930.5494,0.0,32931.4716,1779564656600818895,1
qwenB,stfq,35.288,41368.7122,7494.082,7494.082,0.0,0.0,33873.5538,0.0,33874.6302,1779564657571273005,1
qwenB,stfq,35.3084,41524.1499,7500.0354,7500.0354,0.0,0.0,34023.2806,0.0,34024.1145,1779564657741402508,1
qwenB,stfq,37.1024,39979.502,2378.7519,2378.7519,0.0,0.0,37599.9274,0.0,37600.75,1779564663112065028,1
qwenB,stfq,35.3936,41688.3421,7402.3608,7402.3608,0.0,0.0,34285.1367,0.0,34285.9812,1779564658088497162,1
qwenB,stfq,35.4664,42240.1357,7311.4043,7311.4043,0.0,0.0,34927.8634,0.0,34928.7314,1779564658804050425,1
qwenB,stfq,35.5789,42312.1789,7317.8261,7317.8261,0.0,0.0,34993.5069,0.0,34994.3527,1779564658982180383,1
qwenB,stfq,35.6063,42463.4526,7328.9792,7328.9792,0.0,0.0,35133.6417,0.0,35134.4734,1779564659149718525,1
qwenB,stfq,35.6377,42678.3412,7332.4288,7332.4288,0.0,0.0,35344.9066,0.0,35345.9123,1779564659392384505,1
qwenB,stfq,38.0233,40611.9089,3198.1158,3198.1158,0.0,0.0,37413.0151,0.0,37413.7931,1779564663846066344,1
qwenB,stfq,36.1384,42817.2691,7433.8124,7433.8124,0.0,0.0,35382.5724,0.0,35383.4567,1779564659930715626,1
qwenB,stfq,36.618,42519.6927,7427.6089,7427.6089,0.0,0.0,35091.2881,0.0,35092.0837,1779564660119088561,1
qwenB,stfq,36.6638,43188.7348,7430.8767,7430.8767,0.0,0.0,35757.0579,0.0,35757.8581,1779564660830664064,1
qwenB,stfq,36.7223,43301.9474,7435.0463,7435.0463,0.0,0.0,35866.1144,0.0,35866.9011,1779564660998166105,1
qwenB,stfq,36.9413,43428.7655,7536.8194,7536.8194,0.0,0.0,35891.1247,0.0,35891.9461,1779564661242170336,1
qwenB,stfq,37.0608,44025.7692,7550.5373,7550.5373,0.0,0.0,36474.2706,0.0,36475.2319,1779564661944851178,1
qwenB,stfq,37.0609,45107.6648,7470.5495,7470.5495,0.0,0.0,37636.0741,0.0,37637.1153,1779564663106770738,1
qwenB,stfq,38.8335,43513.7022,2322.2037,2322.2037,0.0,0.0,41190.572,0.0,41191.4984,1779564668433803809,1
qwenB,stfq,37.314,45295.8076,7488.8755,7488.8755,0.0,0.0,37806.1175,0.0,37806.9321,1779564663529895733,1
qwenB,stfq,38.0768,44853.781,7485.9834,7485.9834,0.0,0.0,37367.0623,0.0,37367.7976,1779564663853579959,1
qwenB,stfq,38.1542,45683.4395,7592.1022,7592.1022,0.0,0.0,38090.3132,0.0,38091.3373,1779564664654323270,1
qwenB,stfq,38.2711,45809.4184,7593.8644,7593.8644,0.0,0.0,38214.7174,0.0,38215.554,1779564664895555761,1
qwenB,stfq,38.9589,45621.0542,3298.9584,3298.9584,0.0,0.0,42321.2283,0.0,42322.0958,1779564669689842764,1
qwenB,stfq,38.3496,47048.2368,7505.9672,7505.9672,0.0,0.0,39541.3148,0.0,39542.2697,1779564666300650996,1
qwenB,stfq,38.5565,47029.1743,7515.1205,7515.1205,0.0,0.0,39513.093,0.0,39514.0538,1779564666479313196,1
qwenB,stfq,39.2256,47586.5119,2231.4915,2231.4915,0.0,0.0,45354.0618,0.0,45355.0204,1779564672989464166,1
qwenB,stfq,38.8604,49658.7276,7677.0379,7677.0379,0.0,0.0,41980.6788,0.0,41981.6897,1779564669250829782,1
qwenB,stfq,39.5568,49213.0048,3371.3619,3371.3619,0.0,0.0,45840.8041,0.0,45841.6429,1779564673807386017,1
qwenB,stfq,38.9733,50143.0936,7654.3571,7654.3571,0.0,0.0,42487.7346,0.0,42488.7365,1779564669870751988,1
qwenB,stfq,40.1657,49497.1979,2288.7899,2288.7899,0.0,0.0,47207.6626,0.0,47208.4079,1779564675783137606,1
qwenB,stfq,38.9946,50668.3736,7663.1537,7663.1537,0.0,0.0,43004.4329,0.0,43005.2199,1779564670408811817,1
qwenB,stfq,39.0743,51680.2795,7579.1987,7579.1987,0.0,0.0,44100.0655,0.0,44101.0808,1779564671584091435,1
qwenB,stfq,39.1197,51803.3092,7577.6431,7577.6431,0.0,0.0,44224.8771,0.0,44225.6661,1779564671754327533,1
qwenB,stfq,40.3428,50748.9777,3301.5968,3301.5968,0.0,0.0,47446.6257,0.0,47447.3808,1779564676199168764,1
qwenB,stfq,39.1311,52131.7949,7670.1212,7670.1212,0.0,0.0,44460.8009,0.0,44461.6737,1779564672001670338,1
qwenB,stfq,39.3932,52857.3592,7663.1295,7663.1295,0.0,0.0,45193.1925,0.0,45194.2296,1779564672996156136,1
qwenB,stfq,39.6033,53439.0166,7636.6743,7636.6743,0.0,0.0,45801.6322,0.0,45802.3423,1779564673814645408,1
qwenB,stfq,39.7005,53341.8462,7629.7755,7629.7755,0.0,0.0,45711.2994,0.0,45712.0708,1779564673821577768,1
qwenB,stfq,39.7279,54076.1271,7556.3742,7556.3742,0.0,0.0,46518.7619,0.0,46519.7529,1779564674656465887,1
qwenB,stfq,39.7604,54364.4056,7556.6742,7556.6742,0.0,0.0,46806.7291,0.0,46807.7314,1779564674976843492,1
qwenB,stfq,41.2434,53051.7497,2213.6067,2213.6067,0.0,0.0,50837.3601,0.0,50838.143,1779564680490521431,1
qwenB,stfq,39.8098,54900.2934,7654.1187,7654.1187,0.0,0.0,47245.3933,0.0,47246.1747,1779564675464927831,1
qwenB,stfq,40.2322,54871.7816,7557.603,7557.603,0.0,0.0,47313.3566,0.0,47314.1786,1779564675955334853,1
qwenB,stfq,40.4383,55379.9529,7467.5554,7467.5554,0.0,0.0,47911.5922,0.0,47912.3975,1779564676759664907,1
qwenB,stfq,41.5209,54901.1395,3189.0755,3189.0755,0.0,0.0,51710.779,0.0,51712.064,1779564681641484533,1
qwenB,stfq,40.6111,55811.0275,7473.9815,7473.9815,0.0,0.0,48335.9814,0.0,48337.046,1779564677356853089,1
qwenB,stfq,40.9756,56770.0872,7558.0266,7558.0266,0.0,0.0,49211.2558,0.0,49212.0606,1779564678596630260,1
qwenB,stfq,41.0292,57036.0756,7556.1175,7556.1175,0.0,0.0,49479.0409,0.0,49479.9581,1779564678918014367,1
qwenB,stfq,41.193,58028.8124,7554.852,7554.852,0.0,0.0,50473.1538,0.0,50473.9604,1779564680075889674,1
qwenB,stfq,41.8192,57816.9949,2486.2948,2486.2948,0.0,0.0,55329.6111,0.0,55330.7001,1779564685558567051,1
qwenB,stfq,42.2473,58536.7451,3381.3606,3381.3606,0.0,0.0,55154.217,0.0,55155.3845,1779564685811299528,1
qwenB,stfq,41.5015,59282.6142,7556.7758,7556.7758,0.0,0.0,51724.905,0.0,51725.8384,1779564681636178505,1
qwenB,stfq,41.5384,59496.7945,7556.3226,7556.3226,0.0,0.0,51939.6417,0.0,51940.4718,1779564681887757067,1
qwenB,stfq,41.6321,59728.3919,7556.1441,7556.1441,0.0,0.0,52171.4919,0.0,52172.2478,1779564682213376566,1
qwenB,stfq,43.121,58973.8486,2207.0429,2207.0429,0.0,0.0,56765.7743,0.0,56766.8057,1779564688296510447,1
qwenB,stfq,41.6434,61897.2754,7551.5139,7551.5139,0.0,0.0,54344.6829,0.0,54345.7616,1779564684397864883,1
qwenB,stfq,43.4657,60418.8077,3271.7263,3271.7263,0.0,0.0,57146.2183,0.0,57147.0814,1779564689021648578,1
qwenB,stfq,41.7815,62103.1599,7639.5058,7639.5058,0.0,0.0,54462.7025,0.0,54463.6542,1779564684653913267,1
qwenB,stfq,41.6838,62200.8677,7644.9021,7644.9021,0.0,0.0,54555.0044,0.0,54555.9656,1779564684648539938,1
qwenB,stfq,42.1502,63113.8361,7868.1073,7868.1073,0.0,0.0,55244.6213,0.0,55245.7288,1779564685804606841,1
qwenB,stfq,42.3279,63271.5223,7853.1405,7853.1405,0.0,0.0,55417.5711,0.0,55418.3817,1779564686155224114,1
qwenB,stfq,43.9074,62176.1265,2713.9267,2713.9267,0.0,0.0,59461.1335,0.0,59462.1998,1779564691778271483,1
qwenB,stfq,42.4209,64000.6437,7939.0553,7939.0553,0.0,0.0,56060.452,0.0,56061.5884,1779564686891108665,1
qwenB,stfq,42.5797,64188.072,7945.6966,7945.6966,0.0,0.0,56241.4896,0.0,56242.3754,1779564687230961062,1
qwenB,stfq,42.6252,64616.0297,7847.9613,7847.9613,0.0,0.0,56766.7444,0.0,56768.0684,1779564687801699175,1
qwenB,stfq,42.8016,64778.8053,7943.6383,7943.6383,0.0,0.0,56834.3904,0.0,56835.1669,1779564688045724492,1
qwenB,stfq,44.1741,63969.795,3674.0632,3674.0632,0.0,0.0,60295.033,0.0,60295.7318,1779564692878895777,1
qwenB,stfq,43.3752,65257.6544,8026.7048,8026.7048,0.0,0.0,57229.8999,0.0,57230.9497,1779564689014812808,1
qwenB,stfq,43.4962,65876.8909,8011.7315,8011.7315,0.0,0.0,57864.1131,0.0,57865.1594,1779564689770026636,1
qwenB,stfq,43.5366,66329.5627,8014.3186,8014.3186,0.0,0.0,58314.4982,0.0,58315.2441,1779564690260896608,1
qwenB,stfq,43.7389,66369.2231,8012.6748,8012.6748,0.0,0.0,58355.737,0.0,58356.5483,1779564690504373469,1
qwenB,stfq,43.8534,66816.3784,8010.9697,8010.9697,0.0,0.0,58804.2946,0.0,58805.4086,1779564691067445066,1
qwenB,stfq,43.9029,67013.8628,8014.1929,8014.1929,0.0,0.0,58998.9552,0.0,58999.67,1779564691311611645,1
qwenB,stfq,44.7048,66530.0987,2174.7733,2174.7733,0.0,0.0,64354.4965,0.0,64355.3254,1779564697469055067,1
qwenB,stfq,44.1527,67854.5442,7936.9192,7936.9192,0.0,0.0,59916.7407,0.0,59917.625,1779564692479221952,1
qwenB,stfq,44.8539,68443.3079,3018.2113,3018.2113,0.0,0.0,65424.4545,0.0,65425.0966,1779564698688114075,1
qwenB,stfq,44.2486,69293.5393,7626.4084,7626.4084,0.0,0.0,61665.9927,0.0,61667.1309,1779564694324306831,1
qwenB,stfq,44.288,69506.9556,7541.317,7541.317,0.0,0.0,61964.8054,0.0,61965.6387,1779564694662578247,1
qwenB,stfq,44.35,69963.3338,7538.6303,7538.6303,0.0,0.0,62423.4762,0.0,62424.7036,1779564695183186834,1
qwenB,stfq,44.3415,69971.8294,7544.7898,7544.7898,0.0,0.0,62426.0781,0.0,62427.0396,1779564695177353258,1
qwenB,stfq,45.4183,69958.4341,2500.0765,2500.0765,0.0,0.0,67457.1745,0.0,67458.3576,1779564701285267109,1
qwenB,stfq,44.3924,71718.3595,7647.1731,7647.1731,0.0,0.0,64070.4141,0.0,64071.1863,1779564696872555528,1
qwenB,stfq,44.7813,71826.4692,7547.0689,7547.0689,0.0,0.0,64278.3012,0.0,64279.4003,1779564697469357340,1
qwenB,stfq,45.6046,71920.4032,3381.3461,3381.3461,0.0,0.0,68537.9658,0.0,68539.0572,1779564702552306226,1
qwenB,stfq,46.3346,72882.1228,2114.0069,2114.0069,0.0,0.0,70766.8667,0.0,70768.1158,1779564705511234681,1
qwenB,stfq,45.0198,74395.4203,7596.0623,7596.0623,0.0,0.0,66797.7819,0.0,66799.358,1779564700227371089,1
qwenB,stfq,44.9644,74450.8605,7602.0267,7602.0267,0.0,0.0,66847.5657,0.0,66848.8338,1779564700221736668,1
qwenB,stfq,45.0707,74535.1653,7592.335,7592.335,0.0,0.0,66941.9186,0.0,66942.8303,1779564700422366010,1
qwenB,stfq,45.0683,74537.6425,7597.9321,7597.9321,0.0,0.0,66938.7796,0.0,66939.7104,1779564700416808297,1
qwenB,stfq,45.2665,74518.3651,7598.3544,7598.3544,0.0,0.0,66919.1773,0.0,66920.0107,1779564700595443277,1
qwenB,stfq,46.6029,73730.7165,3053.3058,3053.3058,0.0,0.0,70676.5301,0.0,70677.4107,1779564705689155960,1
qwenB,stfq,45.4818,75318.0904,7502.0011,7502.0011,0.0,0.0,67815.2125,0.0,67816.0894,1779564701706796063,1
qwenB,stfq,45.668,76783.9589,7491.7272,7491.7272,0.0,0.0,69291.3506,0.0,69292.2317,1779564703369148643,1
qwenB,stfq,45.6835,76940.3255,7493.1658,7493.1658,0.0,0.0,69446.1677,0.0,69447.1597,1779564703539446897,1
qwenB,stfq,45.703,77324.7161,7405.7349,7405.7349,0.0,0.0,69917.6972,0.0,69918.9812,1779564704030441063,1
qwenB,stfq,47.654,75798.9585,2408.1443,2408.1443,0.0,0.0,73389.9622,0.0,73390.8143,1779564709453726595,1
qwenB,stfq,46.2789,77492.748,7408.297,7408.297,0.0,0.0,70083.5221,0.0,70084.4511,1779564704772150659,1
qwenB,stfq,46.1213,77650.3987,7413.7726,7413.7726,0.0,0.0,70235.6737,0.0,70236.6262,1779564704766715421,1
qwenB,stfq,46.5123,78002.2402,7405.7268,7405.7268,0.0,0.0,70595.2628,0.0,70596.5134,1779564705517330343,1
qwenB,stfq,47.7332,77101.5515,3202.4237,3202.4237,0.0,0.0,73898.2103,0.0,73899.1278,1779564710041201646,1
qwenB,stfq,46.9323,78154.875,7304.965,7304.965,0.0,0.0,70848.9718,0.0,70849.9101,1779564706191031893,1
qwenB,stfq,46.7955,78291.7378,7310.1108,7310.1108,0.0,0.0,70980.705,0.0,70981.627,1779564706185924735,1
qwenB,stfq,47.1089,79119.9558,7509.7804,7509.7804,0.0,0.0,71608.9492,0.0,71610.1753,1779564707127615198,1
qwenB,stfq,47.1093,79444.9892,7515.142,7515.142,0.0,0.0,71928.8759,0.0,71929.8472,1779564707447893108,1
qwenB,stfq,48.6786,77875.6943,2210.7923,2210.7923,0.0,0.0,75663.9464,0.0,75664.902,1779564712752281607,1
qwenB,stfq,47.648,79087.4896,7511.8007,7511.8007,0.0,0.0,71574.7116,0.0,71575.689,1779564707632514123,1
qwenB,stfq,47.7166,81259.7952,7515.7,7515.7,0.0,0.0,73742.9399,0.0,73744.0952,1779564709869269348,1
qwenB,stfq,47.8256,81406.8289,7422.7104,7422.7104,0.0,0.0,73983.2158,0.0,73984.1185,1779564710218592919,1
qwenB,stfq,48.8502,80382.3605,3250.7801,3250.7801,0.0,0.0,77130.6393,0.0,77131.5804,1779564714390566772,1
qwenB,stfq,47.7609,81471.6513,7428.0288,7428.0288,0.0,0.0,74042.695,0.0,74043.6225,1779564710213341478,1
qwenB,stfq,47.8803,82182.3552,7437.5726,7437.5726,0.0,0.0,74743.2122,0.0,74744.7825,1779564711033298920,1
qwenB,stfq,49.4436,80619.1199,2122.968,2122.968,0.0,0.0,78494.9167,0.0,78496.1519,1779564716348326159,1
qwenB,stfq,48.242,81820.8065,7432.5987,7432.5987,0.0,0.0,74387.1331,0.0,74388.2078,1779564711038888186,1
qwenB,stfq,48.3026,83159.5073,7437.0735,7437.0735,0.0,0.0,75721.2806,0.0,75722.4337,1779564712433660921,1
qwenB,stfq,48.7883,84142.2224,7439.1357,7439.1357,0.0,0.0,76701.9,0.0,76703.0867,1779564713899913465,1
qwenB,stfq,49.9146,83186.5492,3217.1995,3217.1995,0.0,0.0,79968.5023,0.0,79969.3497,1779564718292819113,1
qwenB,stfq,48.9643,85292.7876,7330.4264,7330.4264,0.0,0.0,77960.989,0.0,77962.3612,1779564715335041323,1
qwenB,stfq,49.073,85184.1717,7326.2517,7326.2517,0.0,0.0,77856.8773,0.0,77857.92,1779564715339607489,1
qwenB,stfq,49.1105,85333.9772,7339.8924,7339.8924,0.0,0.0,77993.1734,0.0,77994.0848,1779564715513397859,1
qwenB,stfq,49.146,85474.3178,7333.4021,7333.4021,0.0,0.0,78140.0678,0.0,78140.9157,1779564715695785389,1
qwenB,stfq,50.6953,84493.8729,2427.0554,2427.0554,0.0,0.0,82065.949,0.0,82066.8175,1779564721170978164,1
qwenB,stfq,49.4332,85755.9793,7424.7668,7424.7668,0.0,0.0,78330.3421,0.0,78331.2125,1779564716173307989,1
qwenB,stfq,49.5331,86689.7268,7417.8305,7417.8305,0.0,0.0,79271.0671,0.0,79271.8964,1779564717213937389,1
qwenB,stfq,50.9555,86315.0556,3186.4653,3186.4653,0.0,0.0,83127.2974,0.0,83128.5903,1779564722492522641,1
qwenB,stfq,49.963,87912.2577,7402.748,7402.748,0.0,0.0,80508.7745,0.0,80509.5097,1779564718881556197,1
qwenB,stfq,50.1731,88114.9404,7390.3168,7390.3168,0.0,0.0,80723.7763,0.0,80724.6236,1779564719306622212,1
qwenB,stfq,50.2197,88388.1598,7390.8768,7390.8768,0.0,0.0,80996.3989,0.0,80997.2829,1779564719625820198,1
qwenB,stfq,51.9602,87605.8545,2103.0566,2103.0566,0.0,0.0,85501.4777,0.0,85502.7979,1779564725871484580,1
qwenB,stfq,50.6103,89148.6785,7493.0546,7493.0546,0.0,0.0,81654.8283,0.0,81655.6239,1779564720674895356,1
qwenB,stfq,50.6298,89306.1807,7499.8608,7499.8608,0.0,0.0,81805.4383,0.0,81806.3199,1779564720844995266,1
qwenB,stfq,52.0372,88639.4665,3202.3943,3202.3943,0.0,0.0,85435.8175,0.0,85437.0722,1779564725882758709,1
qwenB,stfq,50.7848,90609.9291,7500.4514,7500.4514,0.0,0.0,83108.5148,0.0,83109.4777,1779564722303093208,1
qwenB,stfq,51.063,91595.8707,7468.7705,7468.7705,0.0,0.0,84125.9828,0.0,84127.1003,1779564723598744062,1
qwenB,stfq,52.5493,90280.2453,2493.6746,2493.6746,0.0,0.0,87785.7208,0.0,87786.5707,1779564728744738762,1
qwenB,stfq,51.2548,91990.221,7656.864,7656.864,0.0,0.0,84332.6204,0.0,84333.3571,1779564723997202872,1
qwenB,stfq,51.2742,92679.1098,7558.8502,7558.8502,0.0,0.0,85119.1299,0.0,85120.2596,1779564724803134675,1
qwenB,stfq,51.4742,92721.4277,7559.2874,7559.2874,0.0,0.0,85161.2387,0.0,85162.1403,1779564725045208669,1
qwenB,stfq,51.7809,92886.0295,7566.2015,7566.2015,0.0,0.0,85319.0212,0.0,85319.8279,1779564725509715710,1
qwenB,stfq,52.8442,91999.3434,3265.3311,3265.3311,0.0,0.0,88733.0167,0.0,88734.0123,1779564729986961401,1
qwenB,stfq,52.0077,93018.5418,7559.1375,7559.1375,0.0,0.0,85458.5466,0.0,85459.4043,1779564725876025916,1
qwenB,stfq,52.0761,93347.9099,7547.7958,7547.7958,0.0,0.0,85798.9743,0.0,85800.1141,1779564726284832436,1
qwenB,stfq,52.0925,94154.8493,7638.6893,7638.6893,0.0,0.0,86514.9679,0.0,86516.16,1779564727017276894,1
qwenB,stfq,52.2291,94626.2743,7536.7013,7536.7013,0.0,0.0,87088.701,0.0,87089.5731,1779564727727563059,1
qwenB,stfq,53.4808,93550.7896,2187.4003,2187.4003,0.0,0.0,91362.5185,0.0,91363.3893,1779564733253062188,1
qwenB,stfq,52.4285,95131.7654,7618.1622,7618.1622,0.0,0.0,87512.7065,0.0,87513.6032,1779564728350918212,1
qwenB,stfq,52.329,95231.3008,7623.5766,7623.5766,0.0,0.0,87606.828,0.0,87607.7242,1779564728345546675,1
qwenB,stfq,52.8358,95195.6728,7525.4272,7525.4272,0.0,0.0,87668.9734,0.0,87670.2456,1779564728914507315,1
qwenB,stfq,53.5666,94645.2003,3179.8275,3179.8275,0.0,0.0,91464.4704,0.0,91465.3728,1779564733440833257,1
qwenB,stfq,52.9086,96255.8334,7417.1372,7417.1372,0.0,0.0,88837.544,0.0,88838.6962,1779564730155921727,1
qwenB,stfq,52.9391,96394.5858,7418.6915,7418.6915,0.0,0.0,88975.0555,0.0,88975.8944,1779564730323920172,1
qwenB,stfq,53.0951,96411.5996,7415.1315,7415.1315,0.0,0.0,88995.6627,0.0,88996.4681,1779564730500509383,1
qwenB,stfq,53.3601,96315.2986,7414.8747,7414.8747,0.0,0.0,88899.6344,0.0,88900.4239,1779564730669538079,1
qwenB,stfq,53.4026,97487.9563,7325.1901,7325.1901,0.0,0.0,90161.5636,0.0,90162.7661,1779564731973883715,1
qwenB,stfq,54.1681,97038.2133,2282.5919,2282.5919,0.0,0.0,94754.8366,0.0,94755.6214,1779564737332695891,1
qwenB,stfq,53.4871,98934.4716,7394.3129,7394.3129,0.0,0.0,91538.9328,0.0,91540.1587,1779564733435840391,1
qwenB,stfq,53.6121,99703.5584,7476.322,7476.322,0.0,0.0,92225.9619,0.0,92227.2365,1779564734247811238,1
qwenB,stfq,53.7336,99748.9145,7476.295,7476.295,0.0,0.0,92271.7981,0.0,92272.6194,1779564734415200336,1
qwenB,stfq,54.4755,99430.1229,3338.9689,3338.9689,0.0,0.0,96090.3072,0.0,96091.1539,1779564738975536381,1
qwenB,stfq,53.8172,100874.0532,7477.4862,7477.4862,0.0,0.0,93395.7443,0.0,93396.5671,1779564735622672146,1
qwenB,stfq,54.0189,100920.6786,7372.4923,7372.4923,0.0,0.0,93546.8576,0.0,93548.1863,1779564735975512122,1
qwenB,stfq,55.2116,100816.2396,2121.2218,2121.2218,0.0,0.0,98693.7749,0.0,98695.0178,1779564742315095043,1
qwenB,stfq,54.0883,102107.7771,7587.1098,7587.1098,0.0,0.0,94519.8548,0.0,94520.6673,1779564737017960664,1
qwenB,stfq,55.3395,102531.451,3173.3214,3173.3214,0.0,0.0,99356.7224,0.0,99358.1296,1779564743106024199,1
qwenB,stfq,54.402,103469.0673,7489.4858,7489.4858,0.0,0.0,95978.559,0.0,95979.5815,1779564738790308356,1
qwenB,stfq,54.5975,103450.3949,7476.5092,7476.5092,0.0,0.0,95973.1438,0.0,95973.8857,1779564738980423561,1
qwenB,stfq,54.8069,104378.9265,7468.5332,7468.5332,0.0,0.0,96908.8118,0.0,96910.3933,1779564740125441105,1
qwenB,stfq,54.629,104556.8731,7474.506,7474.506,0.0,0.0,97081.2473,0.0,97082.3671,1779564740119970713,1
qwenB,stfq,56.5525,102881.1145,2364.1082,2364.1082,0.0,0.0,100516.1865,0.0,100517.0063,1779564745478418636,1
qwenB,stfq,54.9364,104887.7423,7570.4571,7570.4571,0.0,0.0,97316.509,0.0,97317.2852,1779564740662659203,1
qwenB,stfq,55.07,105482.0876,7477.5166,7477.5166,0.0,0.0,98003.2806,0.0,98004.571,1779564741482997776,1
qwenB,stfq,56.7379,105192.8627,3153.0168,3153.0168,0.0,0.0,102038.5287,0.0,102039.8459,1779564747186194388,1
qwenB,stfq,55.3291,106850.0285,7487.305,7487.305,0.0,0.0,99361.9175,0.0,99362.7235,1779564743100810687,1
qwenB,stfq,55.3849,107798.7382,7580.2048,7580.2048,0.0,0.0,100217.6237,0.0,100218.5334,1779564744012328646,1
qwenB,stfq,55.6476,107536.0525,7575.2653,7575.2653,0.0,0.0,99959.8894,0.0,99960.7872,1779564744017290475,1
qwenB,stfq,55.8661,107573.2703,7579.0561,7579.0561,0.0,0.0,99992.893,0.0,99994.2142,1779564744268727857,1
qwenB,stfq,56.0807,108230.8784,7578.2788,7578.2788,0.0,0.0,100651.7036,0.0,100652.5996,1779564745142120308,1
qwenB,stfq,56.4475,108034.8008,7580.7443,7580.7443,0.0,0.0,100453.2576,0.0,100454.0565,1779564745310527051,1
qwenB,stfq,57.4491,107275.8272,2301.0738,2301.0738,0.0,0.0,104973.8894,0.0,104974.7534,1779564750832736663,1
qwenB,stfq,56.6494,108464.0245,7485.7239,7485.7239,0.0,0.0,100977.0801,0.0,100978.3006,1779564746036263737,1
qwenB,stfq,57.7166,108080.9793,3197.4183,3197.4183,0.0,0.0,104882.6351,0.0,104883.561,1779564751008999678,1
qwenB,stfq,56.7453,109691.8638,7417.202,7417.202,0.0,0.0,102273.3614,0.0,102274.6617,1779564747428419630,1
qwenB,stfq,56.8363,110961.2873,7414.1204,7414.1204,0.0,0.0,103545.8422,0.0,103547.1668,1779564748791943458,1
qwenB,stfq,58.2633,109703.9533,2168.9453,2168.9453,0.0,0.0,107534.0865,0.0,107535.0079,1779564754207139731,1
qwenB,stfq,57.0029,111214.2897,7409.3527,7409.3527,0.0,0.0,103804.0724,0.0,103804.9369,1779564749216727094,1
qwenB,stfq,57.0443,111592.8795,7414.3095,7414.3095,0.0,0.0,104177.712,0.0,104178.57,1779564749631817119,1
qwenB,stfq,57.3235,111562.5148,7418.4199,7418.4199,0.0,0.0,104142.8223,0.0,104144.0948,1779564749876125738,1
qwenB,stfq,58.5954,110628.3236,3249.2115,3249.2115,0.0,0.0,107378.3154,0.0,107379.1121,1779564754383466162,1
qwenB,stfq,57.5986,112328.49,7498.3715,7498.3715,0.0,0.0,104829.3083,0.0,104830.1186,1779564750837651108,1
qwenB,stfq,57.9301,112463.1276,7392.7598,7392.7598,0.0,0.0,105069.2873,0.0,105070.3678,1779564751409133426,1
qwenB,stfq,58.139,112442.3299,7385.41,7385.41,0.0,0.0,105055.0079,0.0,105056.9198,1779564751603793797,1
qwenB,stfq,58.1056,112475.8375,7391.5999,7391.5999,0.0,0.0,105082.8235,0.0,105084.2376,1779564751598157380,1
qwenB,stfq,58.0066,112574.8315,7396.6607,7396.6607,0.0,0.0,105176.9893,0.0,105178.1707,1779564751593339104,1
qwenB,stfq,59.4642,111379.9543,2200.8809,2200.8809,0.0,0.0,109178.242,0.0,109179.0734,1779564757052215587,1
qwenB,stfq,58.2296,113921.052,7424.6114,7424.6114,0.0,0.0,106495.1351,0.0,106496.4406,1779564753134446884,1
qwenB,stfq,58.4889,114716.2347,7400.211,7400.211,0.0,0.0,107314.6591,0.0,107316.0237,1779564754213290169,1
qwenB,stfq,59.5727,114022.2166,3196.0735,3196.0735,0.0,0.0,110825.3248,0.0,110826.143,1779564758807824794,1
qwenB,stfq,58.7015,116039.1133,7500.8296,7500.8296,0.0,0.0,108536.9356,0.0,108538.2837,1779564755648238723,1
qwenB,stfq,58.9003,116082.4749,7501.3739,7501.3739,0.0,0.0,108580.2863,0.0,108581.1011,1779564755890342551,1
qwenB,stfq,60.3861,114765.7802,2361.1856,2361.1856,0.0,0.0,112403.7454,0.0,112404.5946,1779564761199618207,2
qwenB,stfq,58.9318,116889.4153,7602.4518,7602.4518,0.0,0.0,109285.2416,0.0,109286.9635,1779564756626761424,1
qwenB,stfq,58.9642,116857.0135,7597.6814,7597.6814,0.0,0.0,109258.1468,0.0,109259.332,1779564756632107996,1
qwenB,stfq,59.3497,116901.0682,7612.8657,7612.8657,0.0,0.0,109287.3516,0.0,109288.2025,1779564757046821747,1
qwenB,stfq,60.5161,116790.4656,3370.1651,3370.1651,0.0,0.0,113419.4632,0.0,113420.3005,1779564762345316701,2
qwenB,stfq,59.5704,118449.7287,7625.9523,7625.9523,0.0,0.0,110822.4361,0.0,110823.7764,1779564758802574940,1
qwenB,stfq,59.6351,119057.4865,7598.1429,7598.1429,0.0,0.0,111458.4975,0.0,111459.3437,1779564759503382379,1
qwenB,stfq,59.9246,118938.6632,7601.1402,7601.1402,0.0,0.0,111336.1692,0.0,111337.5231,1779564759670523730,1
qwenB,stfq,60.1332,119228.4462,7703.7373,7703.7373,0.0,0.0,111523.7539,0.0,111524.709,1779564760066707882,2
qwenB,stfq,60.1957,119343.3597,7705.1254,7705.1254,0.0,0.0,111637.4145,0.0,111638.2343,1779564760242853119,2
qwenB,stfq,61.2044,118653.9924,2309.8039,2309.8039,0.0,0.0,116343.389,0.0,116344.1885,1779564765957547532,2
qwenB,stfq,60.3276,120261.2038,7803.7049,7803.7049,0.0,0.0,112456.0804,0.0,112457.4989,1779564761193483535,2
qwenB,stfq,60.4616,120295.6486,7795.5456,7795.5456,0.0,0.0,112499.2502,0.0,112500.103,1779564761370627048,2
qwenB,stfq,61.4752,120251.4246,3285.0426,3285.0426,0.0,0.0,116964.8461,0.0,116966.3819,1779564766849834287,2
qwenB,stfq,60.5466,121511.667,7634.2409,7634.2409,0.0,0.0,113876.5762,0.0,113877.4261,1779564762832888751,2
qwenB,stfq,60.6453,122466.4683,7546.9853,7546.9853,0.0,0.0,114918.1247,0.0,114919.4831,1779564763973148331,2
qwenB,stfq,60.7298,123287.401,7522.0666,7522.0666,0.0,0.0,115764.4968,0.0,115765.3343,1779564764904070156,2
qwenB,stfq,61.1139,123074.3942,7521.8691,7521.8691,0.0,0.0,115550.9202,0.0,115552.5252,1779564765074543038,2
qwenB,stfq,61.1282,123060.0986,7516.9693,7516.9693,0.0,0.0,115541.9941,0.0,115543.1293,1779564765079986126,2
qwenB,stfq,62.2358,122618.2005,2476.2748,2476.2748,0.0,0.0,120141.0763,0.0,120141.9257,1779564770786628107,2
qwenB,stfq,61.3838,123887.5043,7716.1441,7716.1441,0.0,0.0,116170.0561,0.0,116171.3602,1779564765963635731,2
qwenB,stfq,61.806,124496.2075,7608.1801,7608.1801,0.0,0.0,116886.3871,0.0,116888.0274,1779564767102129955,2
qwenB,stfq,62.4029,123899.4036,3360.7315,3360.7315,0.0,0.0,120537.5159,0.0,120538.6721,1779564771350128989,2
qwenB,stfq,61.8668,126012.2051,7629.5944,7629.5944,0.0,0.0,118381.7434,0.0,118382.6108,1779564768658273833,2
qwenB,stfq,61.8877,126161.521,7629.971,7629.971,0.0,0.0,118530.7121,0.0,118531.5499,1779564768828202739,2
qwenB,stfq,63.0455,125639.1649,2205.0023,2205.0023,0.0,0.0,123433.3541,0.0,123434.1627,1779564774888615095,2
qwenB,stfq,62.1566,126946.8219,7635.9367,7635.9367,0.0,0.0,119309.1695,0.0,119310.8852,1779564769875579176,2
qwenB,stfq,62.1652,126938.324,7630.3115,7630.3115,0.0,0.0,119306.7913,0.0,119308.0124,1779564769881729328,2
qwenB,stfq,63.1233,126726.4662,3106.8844,3106.8844,0.0,0.0,123618.2144,0.0,123619.5818,1779564775151296952,2
qwenB,stfq,62.2874,127877.2178,7543.3865,7543.3865,0.0,0.0,120332.9191,0.0,120333.8313,1779564771030090558,2
qwenB,stfq,62.5649,128407.6679,7448.4558,7448.4558,0.0,0.0,120957.7944,0.0,120959.2121,1779564771932501510,2
qwenB,stfq,62.6455,128573.3504,7451.4591,7451.4591,0.0,0.0,121120.9331,0.0,121121.8913,1779564772176170279,2
qwenB,stfq,63.7202,127747.5176,2082.4743,2082.4743,0.0,0.0,125664.1111,0.0,125665.0433,1779564777794068198,2
qwenB,stfq,62.8805,128587.3132,7449.8293,7449.8293,0.0,0.0,121136.5259,0.0,121137.4838,1779564772426753355,2
qwenB,stfq,62.8869,129591.4812,7453.6342,7453.6342,0.0,0.0,122136.4679,0.0,122137.847,1779564773433155580,2
qwenB,stfq,62.9358,130561.8832,7440.7567,7440.7567,0.0,0.0,123120.3163,0.0,123121.1265,1779564774465867006,2
qwenB,stfq,63.1039,130960.0441,7339.173,7339.173,0.0,0.0,123619.519,0.0,123620.8712,1779564775133161680,2
qwenB,stfq,63.1527,131152.3056,7315.1708,7315.1708,0.0,0.0,123836.2355,0.0,123837.1348,1779564775398729191,2
qwenB,stfq,63.2166,131266.6664,7315.2152,7315.2152,0.0,0.0,123950.5763,0.0,123951.4512,1779564775576954932,2
qwenB,stfq,64.0157,130717.4087,3258.2955,3258.2955,0.0,0.0,127458.2896,0.0,127459.1132,1779564779883728600,2
qwenB,stfq,63.2684,132197.0615,7415.1357,7415.1357,0.0,0.0,124780.6029,0.0,124781.9258,1779564776458780769,2
qwenB,stfq,63.4313,132816.2801,7320.6803,7320.6803,0.0,0.0,125494.7755,0.0,125495.5998,1779564777335793501,2
qwenB,stfq,65.0945,131587.981,2198.3184,2198.3184,0.0,0.0,129388.5708,0.0,129389.6626,1779564782892862439,2
qwenB,stfq,63.5797,133102.8197,7308.0792,7308.0792,0.0,0.0,125793.6511,0.0,125794.7405,1779564777783127474,2
qwenB,stfq,63.8419,134126.4343,7317.5673,7317.5673,0.0,0.0,126807.5318,0.0,126808.867,1779564779059225629,2
qwenB,stfq,65.1797,133102.8421,2986.0542,2986.0542,0.0,0.0,130115.8783,0.0,130116.7878,1779564783705330885,2
qwenB,stfq,64.3859,134730.4175,7288.1473,7288.1473,0.0,0.0,127441.4337,0.0,127442.2702,1779564780237058541,2
qwenB,stfq,64.4307,134853.997,7288.1589,7288.1589,0.0,0.0,127564.3878,0.0,127565.8381,1779564780404844762,2
qwenB,stfq,65.4783,134054.8306,2267.8951,2267.8951,0.0,0.0,131786.1114,0.0,131786.9355,1779564785674144805,2
qwenB,stfq,64.6982,135001.9314,7390.0352,7390.0352,0.0,0.0,127611.0761,0.0,127611.8963,1779564780719020943,2
qwenB,stfq,65.0801,135968.2169,7302.1357,7302.1357,0.0,0.0,128664.4409,0.0,128666.0812,1779564782154337680,2
qwenB,stfq,64.7006,136347.8446,7308.2022,7308.2022,0.0,0.0,129038.4924,0.0,129039.6424,1779564782148809972,2
qwenB,stfq,65.8092,135977.6428,3254.2496,3254.2496,0.0,0.0,132721.9803,0.0,132723.3931,1779564786940985717,2
qwenB,stfq,65.1089,136925.7073,7300.8358,7300.8358,0.0,0.0,129624.0027,0.0,129624.8716,1779564783142641181,2
qwenB,stfq,65.2,138323.6017,7274.9492,7274.9492,0.0,0.0,131047.2596,0.0,131048.6525,1779564784657069917,2
qwenB,stfq,66.9866,136872.6909,2247.8501,2247.8501,0.0,0.0,134624.0022,0.0,134624.8408,1779564790020342007,2
qwenB,stfq,65.4629,138576.7632,7336.5732,7336.5732,0.0,0.0,131239.2588,0.0,131240.19,1779564785111953805,2
qwenB,stfq,65.2025,138837.3907,7350.2654,7350.2654,0.0,0.0,131486.0921,0.0,131487.1253,1779564785098305807,2
qwenB,stfq,65.2439,138795.9414,7342.6195,7342.6195,0.0,0.0,131452.3005,0.0,131453.3219,1779564785105975921,2
qwenB,stfq,65.2024,138837.4925,7356.4877,7356.4877,0.0,0.0,131479.9891,0.0,131481.0048,1779564785092131668,2
qwenB,stfq,65.5931,139244.765,7256.9625,7256.9625,0.0,0.0,131986.8524,0.0,131987.8025,1779564785989734537,2
qwenB,stfq,67.1921,137968.3716,2956.8632,2956.8632,0.0,0.0,135010.6401,0.0,135011.5084,1779564790612529496,2
qwenB,stfq,65.8362,140288.7306,7349.9449,7349.9449,0.0,0.0,132937.4876,0.0,132938.7858,1779564787183412151,2
qwenB,stfq,65.8789,140413.1677,7349.8378,7349.8378,0.0,0.0,133062.4142,0.0,133063.3299,1779564787351068680,2
qwenB,stfq,66.5119,139956.7826,7351.72,7351.72,0.0,0.0,132604.1937,0.0,132605.0626,1779564787525818554,2
qwenB,stfq,66.6624,140964.9758,7441.74,7441.74,0.0,0.0,133521.9407,0.0,133523.2358,1779564788594140845,2
qwenB,stfq,66.7524,141334.0974,7441.0222,7441.0222,0.0,0.0,133892.2057,0.0,133893.0752,1779564789054337819,2
qwenB,stfq,67.9503,140136.2946,2442.9026,2442.9026,0.0,0.0,137692.4679,0.0,137693.3921,1779564794052498393,2
qwenB,stfq,66.9994,142049.8993,7430.9014,7430.9014,0.0,0.0,134617.6944,0.0,134618.9979,1779564790026824974,2
qwenB,stfq,67.363,142516.0027,7434.2006,7434.2006,0.0,0.0,135080.8961,0.0,135081.8021,1779564790853697994,2
qwenB,stfq,68.258,141621.135,3240.8148,3240.8148,0.0,0.0,138379.3914,0.0,138380.3202,1779564795047125360,2
qwenB,stfq,67.4197,143247.8418,7455.4669,7455.4669,0.0,0.0,135791.4579,0.0,135792.375,1779564791620956209,2
qwenB,stfq,67.4652,144040.8535,7446.8558,7446.8558,0.0,0.0,136592.5801,0.0,136593.9977,1779564792467511578,2
qwenB,stfq,68.5637,143512.9631,2190.4209,2190.4209,0.0,0.0,141321.7063,0.0,141322.5422,1779564798295194576,2
qwenB,stfq,67.568,144934.0711,7663.0187,7663.0187,0.0,0.0,137269.6326,0.0,137271.0524,1779564793247436367,2
qwenB,stfq,67.75,145075.5758,7664.4665,7664.4665,0.0,0.0,137410.2781,0.0,137411.1093,1779564793570000496,2
qwenB,stfq,68.2335,145221.3926,7571.8214,7571.8214,0.0,0.0,137648.7381,0.0,137649.5712,1779564794292047488,2
qwenB,stfq,68.2928,146059.2332,7469.8725,7469.8725,0.0,0.0,138587.749,0.0,138589.3607,1779564795290287515,2
qwenB,stfq,68.7495,145602.5474,3360.3105,3360.3105,0.0,0.0,142241.0932,0.0,142242.2369,1779564799400380187,2
qwenB,stfq,68.4618,146066.6873,7477.8766,7477.8766,0.0,0.0,138587.9481,0.0,138588.8108,1779564795459472236,2
qwenB,stfq,68.4872,146378.3243,7477.6412,7477.6412,0.0,0.0,138899.2558,0.0,138900.683,1779564795796219244,2
qwenB,stfq,68.4886,147901.161,7582.022,7582.022,0.0,0.0,140317.7438,0.0,140319.139,1779564797216085588,2
qwenB,stfq,69.7209,147151.6607,2175.0708,2175.0708,0.0,0.0,144975.734,0.0,144976.5898,1779564803106381544,2
qwenB,stfq,68.518,148530.7813,7588.6975,7588.6975,0.0,0.0,140941.1452,0.0,140942.0838,1779564797868877926,2
qwenB,stfq,68.6091,149741.0927,7681.4895,7681.4895,0.0,0.0,142058.2137,0.0,142059.6032,1779564799077116148,2
qwenB,stfq,69.9367,148809.972,3069.0605,3069.0605,0.0,0.0,145740.051,0.0,145740.9116,1779564804086530890,2
qwenB,stfq,68.876,149870.7421,7586.5938,7586.5938,0.0,0.0,142283.2611,0.0,142284.1482,1779564799569037803,2
qwenB,stfq,68.9505,149972.6744,7593.2589,7593.2589,0.0,0.0,142378.54,0.0,142379.4154,1779564799738800403,2
qwenB,stfq,69.1126,150783.5402,7577.192,7577.192,0.0,0.0,143205.0056,0.0,143206.3483,1779564800727344024,2
qwenB,stfq,70.8899,149188.9274,2193.1989,2193.1989,0.0,0.0,146994.7188,0.0,146995.7286,1779564806294400145,2
qwenB,stfq,69.1969,152096.2932,7430.1496,7430.1496,0.0,0.0,144664.7749,0.0,144666.1436,1779564802271458099,2
qwenB,stfq,69.3275,152135.2439,7432.2218,7432.2218,0.0,0.0,144702.158,0.0,144703.0221,1779564802439373320,2
qwenB,stfq,69.8982,152666.4722,7448.6262,7448.6262,0.0,0.0,145216.9404,0.0,145217.846,1779564803524936049,2
qwenB,stfq,72.1005,150781.1234,3226.6864,3226.6864,0.0,0.0,147553.0887,0.0,147554.437,1779564808063313996,2
qwenB,stfq,69.9581,153165.8802,7441.0281,7441.0281,0.0,0.0,145724.0512,0.0,145724.8521,1779564804091940139,2
qwenB,stfq,70.3139,153199.2776,7439.6066,7439.6066,0.0,0.0,145758.8022,0.0,145759.671,1779564804482501546,2
qwenB,stfq,72.4054,151989.9023,2091.7104,2091.7104,0.0,0.0,149896.678,0.0,149898.1919,1779564810711809961,2
qwenB,stfq,70.4491,154130.2009,7351.6681,7351.6681,0.0,0.0,146777.6723,0.0,146778.5328,1779564805636512144,2
qwenB,stfq,70.6719,154244.6713,7444.6029,7444.6029,0.0,0.0,146799.217,0.0,146800.0685,1779564805880921452,2
qwenB,stfq,70.7814,154305.5623,7444.7217,7444.7217,0.0,0.0,146859.9708,0.0,146860.8405,1779564806051113932,2
qwenB,stfq,71.7923,154957.5438,7338.2984,7338.2984,0.0,0.0,147618.3755,0.0,147619.2455,1779564807820396710,2
qwenB,stfq,72.7458,154247.1101,3163.2455,3163.2455,0.0,0.0,151082.5694,0.0,151083.8647,1779564812238089671,2
qwenB,stfq,72.1089,155731.343,7416.0571,7416.0571,0.0,0.0,148314.0297,0.0,148315.286,1779564808832681484,2
qwenB,stfq,73.3521,155032.5732,2198.3906,2198.3906,0.0,0.0,152833.1764,0.0,152834.1826,1779564814595056267,2
qwenB,stfq,72.1889,156195.8816,7409.5136,7409.5136,0.0,0.0,148785.3467,0.0,148786.368,1779564809383978403,2
qwenB,stfq,72.1332,156251.5395,7414.9859,7414.9859,0.0,0.0,148835.5472,0.0,148836.5536,1779564809378532011,2
qwenB,stfq,72.2423,157136.2519,7423.1862,7423.1862,0.0,0.0,149711.7176,0.0,149713.0657,1779564810363788826,2
qwenB,stfq,72.2668,157281.112,7422.9213,7422.9213,0.0,0.0,149857.368,0.0,149858.1906,1779564810533886431,2
qwenB,stfq,72.4743,157493.3698,7401.9393,7401.9393,0.0,0.0,150090.1439,0.0,150091.4305,1779564810974189370,2
qwenB,stfq,73.7876,156740.442,3292.2855,3292.2855,0.0,0.0,153446.8162,0.0,153448.1565,1779564815644152172,2
qwenB,stfq,72.8005,158844.1072,7425.7972,7425.7972,0.0,0.0,151416.9936,0.0,151418.3099,1779564812627303792,2
qwenB,stfq,74.2582,157563.684,2102.572,2102.572,0.0,0.0,155459.5888,0.0,155461.112,1779564818127515130,2
qwenB,stfq,72.8932,159113.538,7426.4151,7426.4151,0.0,0.0,151685.8809,0.0,151687.1229,1779564812988813878,2
qwenB,stfq,72.9618,159556.8137,7430.4898,7430.4898,0.0,0.0,152124.9511,0.0,152126.3239,1779564813496464088,2
qwenB,stfq,74.4379,158817.1241,3286.2778,3286.2778,0.0,0.0,155529.5062,0.0,155530.8463,1779564818377198510,2
qwenB,stfq,73.0947,160331.2445,7634.0997,7634.0997,0.0,0.0,152695.5681,0.0,152697.1448,1779564814200054453,2
qwenB,stfq,73.1321,160293.968,7629.3674,7629.3674,0.0,0.0,152663.4657,0.0,152664.6006,1779564814205285339,2
qwenB,stfq,75.2356,158807.9834,2397.9411,2397.9411,0.0,0.0,156408.7393,0.0,156410.0423,1779564820054145516,2
qwenB,stfq,73.7792,160505.8618,7534.1463,7534.1463,0.0,0.0,152970.3901,0.0,152971.7155,1779564815159318997,2
qwenB,stfq,75.8584,158994.2808,2088.6648,2088.6648,0.0,0.0,156903.9593,0.0,156905.616,1779564821172143585,2
qwenB,stfq,73.7889,161063.8454,7433.8272,7433.8272,0.0,0.0,153628.8393,0.0,153630.0182,1779564815827471424,2
qwenB,stfq,73.856,161256.0186,7440.1389,7440.1389,0.0,0.0,153814.3358,0.0,153815.8798,1779564816080056547,2
qwenB,stfq,75.3176,159794.4705,3284.6876,3284.6876,0.0,0.0,156508.6544,0.0,156509.783,1779564820235989338,2
qwenB,stfq,75.9242,160248.1585,2915.4439,2915.4439,0.0,0.0,157330.5421,0.0,157332.7145,1779564821664543901,2
qwenB,stfq,74.1138,162455.791,7359.8171,7359.8171,0.0,0.0,155094.3108,0.0,155095.9739,1779564817617909676,2
qwenB,stfq,73.9527,162616.9925,7367.3634,7367.3634,0.0,0.0,155248.3954,0.0,155249.6291,1779564817610840865,2
qwenB,stfq,74.1803,162639.7209,7271.0831,7271.0831,0.0,0.0,155367.3718,0.0,155368.6379,1779564817957427593,2
qwenB,stfq,74.3744,162614.0969,7263.5984,7263.5984,0.0,0.0,155348.9575,0.0,155350.4985,1779564818133153968,2
qwenB,stfq,76.8597,160128.9194,2134.9243,2134.9243,0.0,0.0,157992.836,0.0,157993.9951,1779564823262290108,2
qwenB,stfq,74.8659,162593.7376,7174.0437,7174.0437,0.0,0.0,155418.3836,0.0,155419.6939,1779564818694015237,2
qwenB,stfq,74.8723,162830.2062,7173.3532,7173.3532,0.0,0.0,155655.5378,0.0,155656.8529,1779564818937549591,2
qwenB,stfq,74.8881,162992.7654,7180.0478,7180.0478,0.0,0.0,155811.1622,0.0,155812.7176,1779564819108990825,2
qwenB,stfq,76.8807,161000.2344,3013.4918,3013.4918,0.0,0.0,157985.6229,0.0,157986.7426,1779564823276039731,2
qwenB,stfq,77.7107,160348.8088,2205.3509,2205.3509,0.0,0.0,158142.1454,0.0,158143.4578,1779564824262613760,2
qwenB,stfq,74.9805,163321.7683,7281.699,7281.699,0.0,0.0,156038.5404,0.0,156040.0692,1779564819428772787,2
qwenB,stfq,75.0193,163282.9692,7276.7559,7276.7559,0.0,0.0,156005.1,0.0,156006.2134,1779564819434190703,2
qwenB,stfq,75.34,163656.8732,7163.1765,7163.1765,0.0,0.0,156492.0883,0.0,156493.6967,1779564820241825455,2
qwenB,stfq,75.2891,163707.7737,7174.0773,7174.0773,0.0,0.0,156532.5344,0.0,156533.6964,1779564820231418224,2
qwenB,stfq,78.1,161073.1013,2995.2019,2995.2019,0.0,0.0,158076.3848,0.0,158077.8994,1779564824586105172,2
qwenB,stfq,75.4603,163712.8439,7165.5252,7165.5252,0.0,0.0,156546.2186,0.0,156547.3187,1779564820416262731,2
qwenB,stfq,75.4826,163867.8765,7172.854,7172.854,0.0,0.0,156693.7277,0.0,156695.0225,1779564820586081059,2
qwenB,stfq,75.555,163965.0359,7171.6272,7171.6272,0.0,0.0,156792.1541,0.0,156793.4087,1779564820756903443,2
qwenB,stfq,75.6968,163994.2396,7171.4265,7171.4265,0.0,0.0,156821.5425,0.0,156822.8131,1779564820928070907,2
qwenB,stfq,78.9802,160880.5811,2400.1364,2400.1364,0.0,0.0,158479.152,0.0,158480.4448,1779564825869101971,2
qwenB,stfq,75.9188,164184.2544,7167.1535,7167.1535,0.0,0.0,157015.753,0.0,157017.1009,1779564821344337510,2
qwenB,stfq,75.9806,164511.6239,7065.0544,7065.0544,0.0,0.0,157445.1642,0.0,157446.5695,1779564821835571338,2
qwenB,stfq,76.0485,164443.7838,7059.8665,7059.8665,0.0,0.0,157382.8728,0.0,157383.9173,1779564821841177721,2
qwenB,stfq,79.5605,161406.1732,3084.5913,3084.5913,0.0,0.0,158320.2651,0.0,158321.582,1779564826290475704,2
qwenB,stfq,76.1259,165086.7317,7167.9998,7167.9998,0.0,0.0,157917.4366,0.0,157918.7319,1779564822453145031,2
qwenB,stfq,80.1948,161196.8529,2388.2934,2388.2934,0.0,0.0,158807.2846,0.0,158808.5595,1779564827411877533,2
qwenB,stfq,76.1594,165404.5851,7277.8703,7277.8703,0.0,0.0,158125.4082,0.0,158126.7149,1779564822694540022,2
qwenB,stfq,76.6858,165124.1641,7280.9207,7280.9207,0.0,0.0,157841.9898,0.0,157843.2434,1779564822937595833,2
qwenB,stfq,76.8701,165258.4937,7267.1756,7267.1756,0.0,0.0,157990.0031,0.0,157991.318,1779564823269870538,2
qwenB,stfq,77.1562,165217.6163,7255.7785,7255.7785,0.0,0.0,157960.2642,0.0,157961.8378,1779564823526204715,2
qwenB,stfq,76.9556,165418.2611,7260.9177,7260.9177,0.0,0.0,158156.2312,0.0,158157.3433,1779564823521571940,2
qwenB,stfq,77.1666,165385.6156,7264.7702,7264.7702,0.0,0.0,158119.3302,0.0,158120.8454,1779564823695699958,2
qwenB,stfq,80.2628,162289.4614,3372.8351,3372.8351,0.0,0.0,158915.5259,0.0,158916.6263,1779564827588092475,2
qwenB,stfq,80.8565,161950.7308,2313.5685,2313.5685,0.0,0.0,159635.6401,0.0,159637.1623,1779564828901874435,2
qwenB,stfq,77.3687,165833.0667,7360.7842,7360.7842,0.0,0.0,158470.7413,0.0,158472.2825,1779564824249163262,2
qwenB,stfq,77.5029,165698.9031,7355.0468,7355.0468,0.0,0.0,158342.7312,0.0,158343.8563,1779564824255389761,2
qwenB,stfq,77.9283,165600.3799,7356.0225,7356.0225,0.0,0.0,158243.093,0.0,158244.3575,1779564824581156579,2
qwenB,stfq,78.2195,165706.532,7354.8928,7354.8928,0.0,0.0,158349.9105,0.0,158351.6392,1779564824979188529,2
qwenB,stfq,78.4802,165445.9074,7349.3867,7349.3867,0.0,0.0,158095.1908,0.0,158096.5207,1779564824985176412,2
qwenB,stfq,78.6058,165574.6236,7359.1084,7359.1084,0.0,0.0,158214.051,0.0,158215.5151,1779564825229570201,2
qwenB,stfq,81.085,163095.5067,3213.005,3213.005,0.0,0.0,159881.4013,0.0,159882.5017,1779564829376125539,2
qwenB,stfq,78.8052,165555.7058,7365.1715,7365.1715,0.0,0.0,158188.9913,0.0,158190.5343,1779564825403975596,2
qwenB,stfq,78.7118,165649.1632,7371.5201,7371.5201,0.0,0.0,158276.5324,0.0,158277.6432,1779564825398103858,2
qwenB,stfq,81.8241,162791.9135,2241.1149,2241.1149,0.0,0.0,160549.5527,0.0,160550.7986,1779564830783421911,2
qwenB,stfq,79.025,166061.5547,7383.1067,7383.1067,0.0,0.0,158677.213,0.0,158678.448,1779564826111980106,2
qwenB,stfq,79.7625,165494.3426,7367.395,7367.395,0.0,0.0,158125.674,0.0,158126.9475,1779564826297949612,2
qwenB,stfq,79.7839,165643.1544,7366.5943,7366.5943,0.0,0.0,158275.3119,0.0,158276.5601,1779564826469017736,2
qwenB,stfq,79.9428,165737.8228,7376.8989,7376.8989,0.0,0.0,158359.2484,0.0,158360.9238,1779564826711855213,2
qwenB,stfq,80.1085,165572.3028,7371.1303,7371.1303,0.0,0.0,158199.7929,0.0,158201.1725,1779564826718064286,2
qwenB,stfq,82.3037,163377.11,3127.61,3127.61,0.0,0.0,160248.3194,0.0,160249.5,1779564830961806215,2
qwenB,stfq,82.9263,163237.7319,2236.9611,2236.9611,0.0,0.0,160999.5449,0.0,161000.7709,1779564832335628240,2
qwenB,stfq,80.1239,166361.2242,7487.1898,7487.1898,0.0,0.0,158872.7486,0.0,158874.0344,1779564827406457076,2
qwenB,stfq,80.2374,166419.9476,7483.1106,7483.1106,0.0,0.0,158935.58,0.0,158936.837,1779564827582704200,2
qwenB,stfq,80.3002,166529.7561,7478.4564,7478.4564,0.0,0.0,159050.0126,0.0,159051.2996,1779564827760009405,2
qwenB,stfq,80.4701,166531.893,7480.8661,7480.8661,0.0,0.0,159049.7091,0.0,159051.0269,1779564827929573963,2
qwenB,stfq,80.559,166615.2456,7482.2294,7482.2294,0.0,0.0,159131.7568,0.0,159133.0162,1779564828100542932,2
qwenB,stfq,80.6026,166743.5575,7484.3024,7484.3024,0.0,0.0,159258.0082,0.0,159259.2551,1779564828270319345,2
qwenB,stfq,83.2388,164352.5012,3409.6164,3409.6164,0.0,0.0,160941.4418,0.0,160942.8847,1779564832590044076,2
qwenB,stfq,80.631,166960.3963,7487.4836,7487.4836,0.0,0.0,159471.849,0.0,159472.9127,1779564828512603107,2
qwenB,stfq,83.9664,163805.6796,2514.1503,2514.1503,0.0,0.0,161290.2143,0.0,161291.5292,1779564833666399672,2
qwenB,stfq,80.934,167158.4754,7593.6184,7593.6184,0.0,0.0,159563.6165,0.0,159564.857,1779564828907342565,2
qwenB,stfq,81.1548,167555.8021,7496.9511,7496.9511,0.0,0.0,160057.606,0.0,160058.851,1779564829622191045,2
qwenB,stfq,84.2338,164647.7218,3199.368,3199.368,0.0,0.0,161446.8069,0.0,161448.3537,1779564834090410019,2
qwenB,stfq,81.1923,167689.3184,7489.0165,7489.0165,0.0,0.0,160199.1506,0.0,160200.3019,1779564829801206929,2
qwenB,stfq,81.3663,167695.2746,7496.5491,7496.5491,0.0,0.0,160197.4406,0.0,160198.7255,1779564829973490550,2
qwenB,stfq,84.5821,164651.257,2402.2459,2402.2459,0.0,0.0,162247.7012,0.0,162249.0111,1779564835239526383,2
qwenB,stfq,81.4571,167948.8597,7594.8942,7594.8942,0.0,0.0,160352.6452,0.0,160353.9655,1779564830219545875,2
qwenB,stfq,81.5864,168140.8064,7597.6621,7597.6621,0.0,0.0,160541.9066,0.0,160543.1443,1779564830538104323,2
qwenB,stfq,82.1446,167828.2812,7591.621,7591.621,0.0,0.0,160235.3809,0.0,160236.6601,1779564830789744827,2
qwenB,stfq,82.4255,167719.5473,7586.059,7586.059,0.0,0.0,160132.2229,0.0,160133.4882,1779564830967458508,2
qwenB,stfq,82.625,167766.7925,7583.6295,7583.6295,0.0,0.0,160181.9251,0.0,160183.163,1779564831216693738,2
qwenB,stfq,84.7533,165810.5581,3388.5731,3388.5731,0.0,0.0,162420.7377,0.0,162421.985,1779564835583796495,2
qwenB,stfq,82.6654,168219.7607,7682.0776,7682.0776,0.0,0.0,160536.1671,0.0,160537.6831,1779564831611347572,2
qwenB,stfq,82.7139,168171.3533,7676.2185,7676.2185,0.0,0.0,160493.9985,0.0,160495.1348,1779564831617644217,2
qwenB,stfq,82.8775,168334.9214,7682.4738,7682.4738,0.0,0.0,160650.9602,0.0,160652.4476,1779564831938188582,2
qwenB,stfq,85.3082,165904.248,2500.9648,2500.9648,0.0,0.0,163402.1645,0.0,163403.2832,1779564837120132383,2
qwenB,stfq,82.9737,168643.1613,7684.8027,7684.8027,0.0,0.0,160957.2001,0.0,160958.3586,1779564832340694053,2
qwenB,stfq,83.4506,168411.8171,7674.5087,7674.5087,0.0,0.0,160736.0811,0.0,160737.3083,1779564832596436764,2
qwenB,stfq,83.5766,168457.5009,7665.5784,7665.5784,0.0,0.0,160790.381,0.0,160791.9225,1779564832776720882,2
qwenB,stfq,83.5009,168533.2322,7672.231,7672.231,0.0,0.0,160859.8824,0.0,160861.0012,1779564832770537098,2
qwenB,stfq,83.794,168493.6132,7670.2741,7670.2741,0.0,0.0,160821.8138,0.0,160823.3392,1779564833025544964,2
qwenB,stfq,85.5321,166755.5804,3399.0368,3399.0368,0.0,0.0,163355.4051,0.0,163356.5436,1779564837297230643,2
qwenB,stfq,86.5659,165901.4511,2321.3433,2321.3433,0.0,0.0,163578.8424,0.0,163580.1078,1779564838554552035,2
qwenB,stfq,83.8064,169055.4621,7774.4294,7774.4294,0.0,0.0,161279.8734,0.0,161281.0327,1779564833496081792,2
qwenB,stfq,83.9899,169119.4954,7681.2559,7681.2559,0.0,0.0,161436.9643,0.0,161438.2395,1779564833836643224,2
qwenB,stfq,84.3353,169022.5899,7664.4092,7664.4092,0.0,0.0,161356.7007,0.0,161358.1807,1779564834101730534,2
qwenB,stfq,84.3138,169044.0874,7671.3752,7671.3752,0.0,0.0,161371.6419,0.0,161372.7122,1779564834095222061,2
qwenB,stfq,87.4643,166223.6729,3123.1336,3123.1336,0.0,0.0,163099.2861,0.0,163100.5393,1779564838973377167,2
qwenB,stfq,84.3354,169598.3646,7768.7233,7768.7233,0.0,0.0,161828.4388,0.0,161829.6413,1779564834573594277,2
qwenB,stfq,88.2041,165975.8539,2316.4759,2316.4759,0.0,0.0,163658.1159,0.0,163659.378,1779564840271941171,2
qwenB,stfq,84.3398,170012.8014,7866.4096,7866.4096,0.0,0.0,162145.0837,0.0,162146.3918,1779564834894680382,2
qwenB,stfq,84.3892,170136.523,7867.4704,7867.4704,0.0,0.0,162267.8261,0.0,162269.0526,1779564835066835838,2
qwenB,stfq,84.5864,170186.3215,7769.7485,7769.7485,0.0,0.0,162415.3593,0.0,162416.573,1779564835411517726,2
qwenB,stfq,85.0332,169984.8318,7670.8769,7670.8769,0.0,0.0,162312.6729,0.0,162313.9549,1779564835755627765,2
qwenB,stfq,85.0868,170175.8242,7669.9487,7669.9487,0.0,0.0,162504.4105,0.0,162505.8755,1779564836000962848,2
qwenB,stfq,85.2537,170009.0017,7663.8368,7663.8368,0.0,0.0,162344.0933,0.0,162345.1649,1779564836007507890,2
qwenB,stfq,85.2561,170187.6481,7670.3976,7670.3976,0.0,0.0,162515.8126,0.0,162517.2505,1779564836181640666,2
qwenB,stfq,88.4784,166965.4276,3403.982,3403.982,0.0,0.0,163560.3664,0.0,163561.4457,1779564840448497944,2
qwenB,stfq,89.2444,166525.017,2410.2373,2410.2373,0.0,0.0,164113.353,0.0,164114.7798,1779564841767483995,2
qwenB,stfq,85.2724,170497.0629,7676.1761,7676.1761,0.0,0.0,162819.8054,0.0,162820.8868,1779564836501962510,2
qwenB,stfq,85.377,171102.6392,7597.1504,7597.1504,0.0,0.0,163504.3375,0.0,163505.4888,1779564837291142948,2
qwenB,stfq,85.7498,170901.3038,7588.5333,7588.5333,0.0,0.0,163311.5244,0.0,163312.7704,1779564837471074327,2
qwenB,stfq,85.8087,171015.8427,7590.2789,7590.2789,0.0,0.0,163424.3112,0.0,163425.5637,1779564837642808749,2
qwenB,stfq,85.8987,171096.7712,7588.3333,7588.3333,0.0,0.0,163507.0186,0.0,163508.438,1779564837815526028,2
qwenB,stfq,89.5132,167482.372,3306.7502,3306.7502,0.0,0.0,164174.5286,0.0,164175.6218,1779564842097532025,2
qwenB,stfq,90.0361,167212.6102,2229.7333,2229.7333,0.0,0.0,164981.6122,0.0,164982.877,1779564843427506665,2
qwenB,stfq,86.4013,171018.688,7691.7084,7691.7084,0.0,0.0,163325.7296,0.0,163326.9796,1779564838136765846,2
qwenB,stfq,86.4997,171165.6828,7691.5001,7691.5001,0.0,0.0,163472.9426,0.0,163474.1827,1779564838382407990,2
qwenB,stfq,86.782,171206.5666,7595.6687,7595.6687,0.0,0.0,163609.585,0.0,163610.8979,1779564838801317419,2
qwenB,stfq,90.1932,168199.8818,3122.6238,3122.6238,0.0,0.0,165075.5801,0.0,165077.258,1779564843678549716,2
qwenB,stfq,87.5318,170861.3801,7506.8518,7506.8518,0.0,0.0,163353.1899,0.0,163354.5283,1779564839294765800,2
qwenB,stfq,87.6695,170723.7523,7501.7413,7501.7413,0.0,0.0,163220.844,0.0,163222.0109,1779564839300058711,2
qwenB,stfq,88.033,170697.6373,7511.1489,7511.1489,0.0,0.0,163185.0305,0.0,163186.4884,1779564839627825612,2
qwenB,stfq,87.9776,170753.0959,7517.3892,7517.3892,0.0,0.0,163234.6215,0.0,163235.7066,1779564839622005740,2
qwenB,stfq,90.4744,168509.218,2331.4686,2331.4686,0.0,0.0,166176.496,0.0,166177.7494,1779564845060612368,2
qwenB,stfq,88.1066,171123.1887,7611.8595,7611.8595,0.0,0.0,163510.1109,0.0,163511.3292,1779564840026424452,2
qwenB,stfq,88.3116,171238.3177,7514.7321,7514.7321,0.0,0.0,163722.3163,0.0,163723.5856,1779564840443684644,2
qwenB,stfq,88.6284,171167.501,7507.0269,7507.0269,0.0,0.0,163659.0312,0.0,163660.4741,1779564840697162711,2
qwenB,stfq,88.6969,171099.0665,7501.2257,7501.2257,0.0,0.0,163596.7402,0.0,163597.8408,1779564840703391386,2
qwenB,stfq,89.0175,170958.6124,7507.7681,7507.7681,0.0,0.0,163449.6319,0.0,163450.8444,1779564840876930174,2
qwenB,stfq,90.6136,169610.4405,3227.3868,3227.3868,0.0,0.0,166381.819,0.0,166383.0537,1779564845405162219,2
qwenB,stfq,89.0887,171381.6204,7607.4752,7607.4752,0.0,0.0,163772.9456,0.0,163774.1452,1779564841271445761,2
qwenB,stfq,89.1225,171592.3309,7604.2547,7604.2547,0.0,0.0,163986.6617,0.0,163988.0762,1779564841518941920,2
qwenB,stfq,91.463,169251.9064,2320.8268,2320.8268,0.0,0.0,166930.0053,0.0,166931.0796,1779564846802801732,2
qwenB,stfq,89.4744,171492.8141,7602.2997,7602.2997,0.0,0.0,163889.3061,0.0,163890.5144,1779564841773462460,2
qwenB,stfq,89.6254,171809.7837,7500.4397,7500.4397,0.0,0.0,164308.1424,0.0,164309.344,1779564842343276073,2
qwenB,stfq,91.5849,170021.786,3200.0342,3200.0342,0.0,0.0,166820.5338,0.0,166821.7518,1779564846815182667,2
qwenB,stfq,89.6751,172102.6547,7596.8819,7596.8819,0.0,0.0,164504.5574,0.0,164505.7728,1779564842589441213,2
qwenB,stfq,89.6794,172270.1991,7595.9642,7595.9642,0.0,0.0,164672.9701,0.0,164674.2348,1779564842762137503,2
qwenB,stfq,89.714,172406.064,7593.2569,7593.2569,0.0,0.0,164811.5668,0.0,164812.8071,1779564842935333679,2
qwenB,stfq,92.3324,169957.3174,2492.7844,2492.7844,0.0,0.0,167463.3043,0.0,167464.5329,1779564848205511933,2
qwenB,stfq,89.8599,172603.5771,7689.7672,7689.7672,0.0,0.0,164912.5869,0.0,164913.8099,1779564843182232388,2
qwenB,stfq,90.069,172789.4235,7594.8682,7594.8682,0.0,0.0,165193.4128,0.0,165194.5553,1779564843672182986,2
qwenB,stfq,90.3799,172644.7065,7574.628,7574.628,0.0,0.0,165068.6173,0.0,165070.0785,1779564843858312830,2
qwenB,stfq,90.2636,172761.0631,7580.0027,7580.0027,0.0,0.0,165179.9805,0.0,165181.0604,1779564843853367855,2
qwenB,stfq,90.3843,172974.5858,7587.9331,7587.9331,0.0,0.0,165384.9864,0.0,165386.6527,1779564844179021254,2
qwenB,stfq,90.4036,172955.3382,7582.0317,7582.0317,0.0,0.0,165372.0164,0.0,165373.3066,1779564844185379120,2
qwenB,stfq,92.4686,170890.4371,3381.9247,3381.9247,0.0,0.0,167507.3488,0.0,167508.5125,1779564848385676123,2
qwenB,stfq,93.8433,169999.4359,2406.5635,2406.5635,0.0,0.0,167591.651,0.0,167592.8724,1779564849844694057,2
qwenB,stfq,90.431,173732.2576,7682.6108,7682.6108,0.0,0.0,166048.4629,0.0,166049.6468,1779564844889185726,2
qwenB,stfq,90.5426,173865.278,7582.4129,7582.4129,0.0,0.0,166281.6923,0.0,166282.8651,1779564845234091027,2
qwenB,stfq,90.6835,173896.6792,7577.936,7577.936,0.0,0.0,166317.528,0.0,166318.7432,1779564845410761450,2
qwenB,stfq,90.7009,174123.9362,7575.1603,7575.1603,0.0,0.0,166547.5783,0.0,166548.7759,1779564845658239279,2
qwenB,stfq,91.0617,173934.233,7574.98,7574.98,0.0,0.0,166358.042,0.0,166359.253,1779564845829489596,2
qwenB,stfq,93.9905,171175.6294,3387.3917,3387.3917,0.0,0.0,167787.0593,0.0,167788.2377,1779564850187330534,2
qwenB,stfq,91.115,174221.658,7670.0601,7670.0601,0.0,0.0,166550.1678,0.0,166551.5979,1779564846074908584,2
qwenB,stfq,94.8334,170503.3247,2311.1526,2311.1526,0.0,0.0,168191.0937,0.0,168192.1721,1779564851434228985,2
qwenB,stfq,91.2155,174449.0793,7675.055,7675.055,0.0,0.0,166772.7931,0.0,166774.0242,1779564846398032548,2
qwenB,stfq,91.4805,174586.8161,7668.5252,7668.5252,0.0,0.0,166917.0651,0.0,166918.2909,1779564846807328274,2
qwenB,stfq,91.8572,174531.6334,7651.0817,7651.0817,0.0,0.0,166879.0724,0.0,166880.5517,1779564847146045655,2
qwenB,stfq,91.6468,174742.0776,7657.3036,7657.3036,0.0,0.0,167083.6649,0.0,167084.774,1779564847140239183,2
qwenB,stfq,95.1612,171413.8985,3215.1008,3215.1008,0.0,0.0,168197.5977,0.0,168198.7977,1779564851768568167,2
qwenB,stfq,91.9387,174806.9153,7761.0762,7761.0762,0.0,0.0,167044.6141,0.0,167045.839,1779564847393089299,2
qwenB,stfq,91.9931,174998.0791,7760.2823,7760.2823,0.0,0.0,167236.3997,0.0,167237.7967,1779564847639267657,2
qwenB,stfq,95.6704,171320.9088,2410.2647,2410.2647,0.0,0.0,168909.5576,0.0,168910.6441,1779564852989677137,2
qwenB,stfq,91.9945,175326.3164,7769.9028,7769.9028,0.0,0.0,167555.1496,0.0,167556.4136,1779564847959443614,2
qwenB,stfq,92.3468,175221.4146,7764.8157,7764.8157,0.0,0.0,167455.3716,0.0,167456.5989,1779564848211887650,2
qwenB,stfq,92.5162,175374.615,7665.8306,7665.8306,0.0,0.0,167707.6347,0.0,167708.7843,1779564848633562184,2
qwenB,stfq,92.9278,175208.2183,7664.6304,7664.6304,0.0,0.0,167542.3455,0.0,167543.5879,1779564848879918386,2
qwenB,stfq,95.9706,172335.0167,3308.6493,3308.6493,0.0,0.0,169025.0788,0.0,169026.3675,1779564853405447811,2
qwenB,stfq,92.9482,175528.6145,7760.6081,7760.6081,0.0,0.0,167766.5837,0.0,167768.0064,1779564849124531577,2
qwenB,stfq,93.2869,175189.9858,7755.8557,7755.8557,0.0,0.0,167433.0394,0.0,167434.1301,1779564849129680085,2
qwenB,stfq,93.8039,174926.2309,7761.9219,7761.9219,0.0,0.0,167163.094,0.0,167164.309,1779564849376733553,2
qwenB,stfq,97.1176,171784.0042,2511.5838,2511.5838,0.0,0.0,169271.1337,0.0,169272.4205,1779564854798469839,2
qwenB,stfq,93.8577,175511.3659,7761.3535,7761.3535,0.0,0.0,167748.7323,0.0,167750.0124,1779564850016177826,2
qwenB,stfq,94.0283,175585.3803,7663.0958,7663.0958,0.0,0.0,167921.0732,0.0,167922.2845,1779564850359116791,2
qwenB,stfq,94.0777,175706.1131,7662.6935,7662.6935,0.0,0.0,168042.1712,0.0,168043.4196,1779564850529614358,2
qwenB,stfq,94.2464,175708.5528,7663.9572,7663.9572,0.0,0.0,168043.1333,0.0,168044.5956,1779564850699317326,2
qwenB,stfq,97.3022,172652.8862,3379.0128,3379.0128,0.0,0.0,169272.727,0.0,169273.8734,1779564854984640068,2
qwenB,stfq,94.512,175623.1015,7670.602,7670.602,0.0,0.0,167951.2758,0.0,167952.4995,1779564850872991473,2
qwenB,stfq,98.362,172018.3992,2488.7137,2488.7137,0.0,0.0,169528.5082,0.0,169529.6856,1779564856300309475,2
qwenB,stfq,94.6279,175998.415,7766.8719,7766.8719,0.0,0.0,168230.3154,0.0,168231.5431,1779564851267961451,2
qwenB,stfq,94.8488,175950.731,7768.7937,7768.7937,0.0,0.0,168180.7044,0.0,168181.9373,1779564851439275520,2
qwenB,stfq,95.1787,175940.4333,7754.5609,7754.5609,0.0,0.0,168184.4249,0.0,168185.8723,1779564851772844646,2
qwenB,stfq,95.193,175926.1069,7748.4734,7748.4734,0.0,0.0,168176.506,0.0,168177.6335,1779564851779307242,2
qwenB,stfq,98.5869,173021.2932,3301.421,3301.421,0.0,0.0,169718.5006,0.0,169719.8722,1779564856715111507,2
qwenB,stfq,95.2315,176376.7521,7764.6479,7764.6479,0.0,0.0,168611.0485,0.0,168612.1042,1779564852252261447,2
qwenB,stfq,95.3253,176610.5077,7771.437,7771.437,0.0,0.0,168837.636,0.0,168839.0707,1779564852572742459,2
qwenB,stfq,99.4914,172444.4969,2321.4007,2321.4007,0.0,0.0,170122.0012,0.0,170123.0962,1779564858023176061,2
qwenB,stfq,95.3477,176839.7245,7778.5446,7778.5446,0.0,0.0,169059.9639,0.0,169061.18,1779564852817443139,2
qwenB,stfq,95.7017,176804.9574,7680.8254,7680.8254,0.0,0.0,169122.8898,0.0,169124.132,1779564853234385013,2
qwenB,stfq,96.2822,176470.1436,7585.1853,7585.1853,0.0,0.0,168883.7469,0.0,168884.9582,1779564853575679476,2
qwenB,stfq,96.353,176571.5115,7586.6639,7586.6639,0.0,0.0,168983.4552,0.0,168984.8476,1779564853746207808,2
qwenB,stfq,96.6337,176290.9029,7580.7092,7580.7092,0.0,0.0,168709.1,0.0,168710.1937,1779564853752526326,2
qwenB,stfq,99.9556,173222.0252,3221.6597,3221.6597,0.0,0.0,169999.1958,0.0,170000.3655,1779564858364569356,2
qwenB,stfq,96.8418,176505.6911,7681.7954,7681.7954,0.0,0.0,168822.4897,0.0,168823.8957,1779564854074063656,2
qwenB,stfq,100.5136,172833.9868,2227.5553,2227.5553,0.0,0.0,170605.3326,0.0,170606.4315,1779564859528673442,2
qwenB,stfq,96.9076,176840.1992,7679.5082,7679.5082,0.0,0.0,169159.5154,0.0,169160.6911,1779564854476845375,2
qwenB,stfq,97.2613,176804.8136,7670.7135,7670.7135,0.0,0.0,169132.9067,0.0,169134.1001,1779564854803964074,2
qwenB,stfq,97.7669,176544.754,7565.088,7565.088,0.0,0.0,168978.4791,0.0,168979.666,1779564855155125760,2
qwenB,stfq,98.1219,176433.2993,7556.9309,7556.9309,0.0,0.0,168874.98,0.0,168876.3684,1779564855406641381,2
qwenB,stfq,97.8884,176666.8944,7563.1417,7563.1417,0.0,0.0,169102.69,0.0,169103.7527,1779564855400805440,2
qwenB,stfq,100.5767,174232.003,3199.5478,3199.5478,0.0,0.0,171031.2645,0.0,171032.4552,1779564860017722031,2
qwenB,stfq,98.1927,176787.2434,7658.1825,7658.1825,0.0,0.0,169127.8813,0.0,169129.0608,1779564855730375753,2
qwenB,stfq,101.2022,173946.9929,2395.9991,2395.9991,0.0,0.0,171549.8159,0.0,171550.9938,1779564861161814829,2
qwenB,stfq,98.3267,176992.4588,7750.0032,7750.0032,0.0,0.0,169241.2555,0.0,169242.4556,1779564855977691153,2
qwenB,stfq,98.4074,177378.3512,7648.8716,7648.8716,0.0,0.0,169728.3337,0.0,169729.4796,1779564856545543722,2
qwenB,stfq,98.8416,177188.3018,7551.7591,7551.7591,0.0,0.0,169635.088,0.0,169636.5427,1779564856886411237,2
qwenB,stfq,99.3535,176676.4483,7545.2973,7545.2973,0.0,0.0,169130.0011,0.0,169131.1511,1779564856893271525,2
qwenB,stfq,101.3847,174823.1647,3276.0807,3276.0807,0.0,0.0,171545.8813,0.0,171547.084,1779564861340356335,2
qwenB,stfq,99.4414,176936.4522,7646.7898,7646.7898,0.0,0.0,169288.5048,0.0,169289.6624,1779564857139622758,2
qwenB,stfq,99.4447,177103.483,7645.7553,7645.7553,0.0,0.0,169456.5611,0.0,169457.7277,1779564857311069514,2
qwenB,stfq,101.7696,175023.4466,2480.4988,2480.4988,0.0,0.0,172541.7607,0.0,172542.9478,1779564862721134237,2
qwenB,stfq,99.4681,177644.3877,7742.6191,7742.6191,0.0,0.0,169900.7411,0.0,169901.7686,1779564857778568955,2
qwenB,stfq,99.9092,177521.5082,7645.8716,7645.8716,0.0,0.0,169874.3916,0.0,169875.6366,1779564858193307054,2
qwenB,stfq,100.004,177596.3335,7637.7081,7637.7081,0.0,0.0,169957.4225,0.0,169958.6254,1779564858371221991,2
qwenB,stfq,100.343,177428.6101,7635.6296,7635.6296,0.0,0.0,169791.7566,0.0,169792.9805,1779564858544565060,2
qwenB,stfq,102.2175,175799.7401,3455.0811,3455.0811,0.0,0.0,172343.2951,0.0,172344.659,1779564862970562312,2
qwenB,stfq,100.4418,177575.4573,7636.0348,7636.0348,0.0,0.0,169938.3976,0.0,169939.4225,1779564858789965745,2
qwenB,stfq,100.496,177760.1573,7628.9477,7628.9477,0.0,0.0,170130.0764,0.0,170131.2097,1779564859035808893,2
qwenB,stfq,100.4993,177928.4267,7627.2629,7627.2629,0.0,0.0,170299.9966,0.0,170301.1639,1779564859209027730,2
qwenB,stfq,103.3879,175209.775,2566.748,2566.748,0.0,0.0,172641.799,0.0,172643.027,1779564864439491125,2
qwenB,stfq,100.5433,178298.774,7716.4875,7716.4875,0.0,0.0,170581.1031,0.0,170582.2865,1779564859534167330,2
qwenB,stfq,100.6524,178655.4921,7693.393,7693.393,0.0,0.0,170960.8679,0.0,170962.0991,1779564860023031953,2
qwenB,stfq,103.484,176069.3676,3344.602,3344.602,0.0,0.0,172723.5909,0.0,172724.7657,1779564864617397986,2
qwenB,stfq,100.7653,178967.5262,7795.6664,7795.6664,0.0,0.0,171170.4097,0.0,171171.8598,1779564860345438582,2
qwenB,stfq,100.8003,178932.5447,7790.5776,7790.5776,0.0,0.0,171140.8653,0.0,171141.9671,1779564860350933069,2
qwenB,stfq,100.9088,179084.8436,7805.0324,7805.0324,0.0,0.0,171278.4181,0.0,171279.8112,1779564860596952632,2
qwenB,stfq,104.3129,175680.7859,2392.4775,2392.4775,0.0,0.0,173287.2331,0.0,173288.3084,1779564866009884385,2
qwenB,stfq,100.9792,179342.041,7813.6936,7813.6936,0.0,0.0,171527.1885,0.0,171528.3474,1779564860916188456,2
qwenB,stfq,101.2973,179345.4249,7717.2802,7717.2802,0.0,0.0,171627.0297,0.0,171628.1447,1779564861334065689,2
qwenB,stfq,101.4451,179443.2702,7709.9032,7709.9032,0.0,0.0,171732.2371,0.0,171733.3671,1779564861587144351,2
qwenB,stfq,101.5286,179529.6597,7709.6699,7709.6699,0.0,0.0,171818.6884,0.0,171819.9898,1779564861757098832,2
qwenB,stfq,101.5743,179484.0693,7704.6318,7704.6318,0.0,0.0,171778.4181,0.0,171779.4376,1779564861762475422,2
qwenB,stfq,104.475,176837.1255,3293.9143,3293.9143,0.0,0.0,173542.0716,0.0,173543.2112,1779564866426831805,2
qwenB,stfq,101.6104,179947.253,7808.9131,7808.9131,0.0,0.0,172137.1617,0.0,172138.3399,1779564862157282466,2
qwenB,stfq,105.4092,176319.3421,2419.7223,2419.7223,0.0,0.0,173898.4652,0.0,173899.6199,1779564867717421313,2
qwenB,stfq,101.7182,180255.6779,7906.7924,7906.7924,0.0,0.0,172347.6999,0.0,172348.8855,1779564862475631218,2
qwenB,stfq,101.8181,180548.7599,7810.6152,7810.6152,0.0,0.0,172736.9754,0.0,172738.1448,1779564862964787821,2
qwenB,stfq,102.3619,180249.8949,7802.1958,7802.1958,0.0,0.0,172446.5294,0.0,172447.699,1779564863218204099,2
qwenB,stfq,102.4254,180356.9834,7801.4338,7801.4338,0.0,0.0,172554.3749,0.0,172555.5496,1779564863389495124,2
qwenB,stfq,102.5633,180390.2097,7803.3291,7803.3291,0.0,0.0,172585.7301,0.0,172586.8805,1779564863558750692,2
qwenB,stfq,105.7609,177369.9,3396.8477,3396.8477,0.0,0.0,173971.7078,0.0,173973.0523,1779564868142374048,2
qwenB,stfq,102.7894,180341.4879,7810.9413,7810.9413,0.0,0.0,172529.5031,0.0,172530.5466,1779564863728650428,2
qwenB,stfq,106.8834,176500.627,2494.6522,2494.6522,0.0,0.0,174004.8294,0.0,174005.9749,1779564869297950487,2
qwenB,stfq,103.2831,180419.8027,7916.2414,7916.2414,0.0,0.0,172502.4462,0.0,172503.5613,1779564864195333349,2
qwenB,stfq,103.3953,180552.7813,7911.0413,7911.0413,0.0,0.0,172640.6038,0.0,172641.7401,1779564864445654828,2
qwenB,stfq,103.4955,180695.8861,7812.6304,7812.6304,0.0,0.0,172882.1192,0.0,172883.2557,1779564864787332893,2
qwenB,stfq,103.9229,180439.1627,7812.8964,7812.8964,0.0,0.0,172625.1364,0.0,172626.2664,1779564864957755232,2
qwenB,stfq,107.3709,177163.9402,3468.9328,3468.9328,0.0,0.0,173693.799,0.0,173695.0074,1779564869474496774,2
qwenB,stfq,103.9423,180763.3808,7911.611,7911.611,0.0,0.0,172850.5535,0.0,172851.7697,1779564865202580735,2
qwenB,stfq,103.9506,181073.9112,7911.1554,7911.1554,0.0,0.0,173161.5865,0.0,173162.7558,1779564865521975811,2
qwenB,stfq,108.3581,176835.9275,2581.3562,2581.3562,0.0,0.0,174253.4859,0.0,174254.5713,1779564871021324709,2
qwenB,stfq,104.2394,181198.4649,8006.3497,8006.3497,0.0,0.0,173190.9654,0.0,173192.1152,1779564865840132023,2
qwenB,stfq,104.4024,181281.8589,7911.697,7911.697,0.0,0.0,173369.0073,0.0,173370.1619,1779564866181140074,2
qwenB,stfq,104.8076,181121.5885,7910.738,7910.738,0.0,0.0,173209.7137,0.0,173210.8505,1779564866427119960,2
qwenB,stfq,104.9162,181260.1626,7919.3743,7919.3743,0.0,0.0,173339.7243,0.0,173340.7883,1779564866665653531,2
qwenB,stfq,104.9967,181351.402,7919.4999,7919.4999,0.0,0.0,173430.7435,0.0,173431.9021,1779564866837207869,2
qwenB,stfq,108.6305,177895.8161,3571.762,3571.762,0.0,0.0,174322.6817,0.0,174324.0541,1779564871362992209,2
qwenB,stfq,105.0112,181515.275,7927.9085,7927.9085,0.0,0.0,173586.2808,0.0,173587.3665,1779564867007201452,2
qwenB,stfq,105.3763,181416.1825,7949.3364,7949.3364,0.0,0.0,173465.4934,0.0,173466.8461,1779564867251591519,2
qwenB,stfq,109.4833,177309.3219,2600.4046,2600.4046,0.0,0.0,174707.8106,0.0,174708.9172,1779564872600882498,2
qwenB,stfq,105.7555,181660.6276,7861.7951,7861.7951,0.0,0.0,173797.6801,0.0,173798.8325,1779564867962943609,2
qwenB,stfq,106.0161,181570.3011,7847.1977,7847.1977,0.0,0.0,173721.9138,0.0,173723.1034,1779564868147734116,2
qwenB,stfq,106.6279,181216.8829,7844.4071,7844.4071,0.0,0.0,173370.9428,0.0,173372.4759,1779564868408636310,2
qwenB,stfq,109.7357,178109.2663,3309.0125,3309.0125,0.0,0.0,174798.9883,0.0,174800.2538,1779564872944405087,2
qwenB,stfq,106.0867,181758.3003,7850.3474,7850.3474,0.0,0.0,173906.8031,0.0,173907.9529,1779564868403221961,2
qwenB,stfq,110.708,177471.724,2249.3199,2249.3199,0.0,0.0,175221.0417,0.0,175222.4041,1779564874338759473,2
qwenB,stfq,106.8507,181329.015,7857.6374,7857.6374,0.0,0.0,173470.329,0.0,173471.3776,1779564868730802931,2
qwenB,stfq,106.8661,181640.1279,7862.5896,7862.5896,0.0,0.0,173776.3958,0.0,173777.5383,1779564869052212340,2
qwenB,stfq,106.9328,181893.388,7766.8465,7766.8465,0.0,0.0,174125.411,0.0,174126.5416,1779564869467924101,2
qwenB,stfq,107.4836,181587.7912,7758.2665,7758.2665,0.0,0.0,173828.3396,0.0,173829.5247,1779564869721659720,2
qwenB,stfq,107.5946,181721.6358,7757.7245,7757.7245,0.0,0.0,173962.7807,0.0,173963.9113,1779564869967111416,2
qwenB,stfq,107.8164,181671.3493,7758.1131,7758.1131,0.0,0.0,173911.895,0.0,173913.2362,1779564870138056477,2
qwenB,stfq,110.9074,178580.4658,3138.8964,3138.8964,0.0,0.0,175440.4964,0.0,175441.5694,1779564874757630790,2
qwenB,stfq,107.9699,181768.3597,7763.5197,7763.5197,0.0,0.0,174003.6919,0.0,174004.8399,1779564870383378548,2
qwenB,stfq,111.3682,178540.2122,2321.1673,2321.1673,0.0,0.0,176217.9201,0.0,176219.0448,1779564875995896051,2
qwenB,stfq,108.1184,182108.9132,7859.6488,7859.6488,0.0,0.0,174248.1546,0.0,174249.2644,1779564870776341913,2
qwenB,stfq,108.4642,182082.7637,7763.7233,7763.7233,0.0,0.0,174317.9109,0.0,174319.0404,1779564871191858182,2
qwenB,stfq,108.7855,182006.1798,7653.6435,7653.6435,0.0,0.0,174351.2356,0.0,174352.5364,1779564871546496890,2
qwenB,stfq,108.691,182100.7516,7660.058,7660.058,0.0,0.0,174439.6687,0.0,174440.6936,1779564871540431261,2
qwenB,stfq,108.9071,182136.9402,7658.982,7658.982,0.0,0.0,174476.6481,0.0,174477.9583,1779564871793524738,2
qwenB,stfq,111.5804,179463.6779,3193.085,3193.085,0.0,0.0,176269.5527,0.0,176270.5929,1779564876259750545,2
qwenB,stfq,108.9696,182401.1149,7666.7167,7666.7167,0.0,0.0,174733.0961,0.0,174734.3983,1779564872112445950,2
qwenB,stfq,111.8506,179520.1478,2298.6294,2298.6294,0.0,0.0,177220.4795,0.0,177221.5184,1779564877480879761,2
qwenB,stfq,109.1851,182438.9482,7674.9782,7674.9782,0.0,0.0,174762.7943,0.0,174763.97,1779564872357606606,2
qwenB,stfq,109.5058,182438.0498,7580.9164,7580.9164,0.0,0.0,174856.0278,0.0,174857.1334,1779564872771551119,2
qwenB,stfq,109.7443,182444.6743,7482.3886,7482.3886,0.0,0.0,174961.0465,0.0,174962.2857,1779564873115148400,2
qwenB,stfq,109.7737,182734.2029,7482.4095,7482.4095,0.0,0.0,175250.6402,0.0,175251.7934,1779564873434056090,2
qwenB,stfq,109.8804,182799.5365,7484.7387,7484.7387,0.0,0.0,175313.4112,0.0,175314.7978,1779564873603547968,2
qwenB,stfq,112.145,180535.0385,3191.2077,3191.2077,0.0,0.0,177342.6909,0.0,177343.8307,1779564877897404345,2
qwenB,stfq,110.1223,182808.9499,7492.4639,7492.4639,0.0,0.0,175315.3291,0.0,175316.486,1779564873847378628,2
qwenB,stfq,113.3825,179717.7777,2307.4974,2307.4974,0.0,0.0,177409.1306,0.0,177410.2803,1779564879201342980,2
qwenB,stfq,110.5779,182691.288,7584.0113,7584.0113,0.0,0.0,175106.1113,0.0,175107.2767,1779564874093755539,2
qwenB,stfq,110.7153,182947.1424,7485.2766,7485.2766,0.0,0.0,175460.7568,0.0,175461.8658,1779564874585853886,2
qwenB,stfq,110.9667,182939.0943,7366.2265,7366.2265,0.0,0.0,175571.5156,0.0,175572.8678,1779564874947997097,2
qwenB,stfq,110.936,182969.9225,7378.5617,7378.5617,0.0,0.0,175590.2815,0.0,175591.3609,1779564874936002555,2
qwenB,stfq,110.9791,183181.9971,7367.3282,7367.3282,0.0,0.0,175813.313,0.0,175814.6688,1779564875202158883,2
qwenB,stfq,111.0615,183099.637,7362.4737,7362.4737,0.0,0.0,175736.0425,0.0,175737.1633,1779564875207333685,2
qwenB,stfq,113.8442,180496.7291,3295.7984,3295.7984,0.0,0.0,177199.7747,0.0,177200.9307,1779564879453692972,2
qwenB,stfq,114.3004,180286.4878,2396.9422,2396.9422,0.0,0.0,177888.3224,0.0,177889.5456,1779564880598457936,2
qwenB,stfq,111.112,183868.8753,7563.7763,7563.7763,0.0,0.0,176303.9184,0.0,176305.099,1779564875825669119,2
qwenB,stfq,111.526,183774.6444,7454.4204,7454.4204,0.0,0.0,176318.7649,0.0,176320.224,1779564876254571430,2
qwenB,stfq,111.6263,183674.408,7442.169,7442.169,0.0,0.0,176231.0424,0.0,176232.239,1779564876267147834,2
qwenB,stfq,111.7516,183875.4549,7440.629,7440.629,0.0,0.0,176433.4538,0.0,176434.8259,1779564876594811238,2
qwenB,stfq,111.7161,183910.96,7446.4494,7446.4494,0.0,0.0,176463.438,0.0,176464.5106,1779564876589314989,2
qwenB,stfq,114.409,181471.2434,3199.3854,3199.3854,0.0,0.0,178270.7026,0.0,178271.858,1779564881089449888,2
qwenB,stfq,111.7581,184292.7947,7543.7531,7543.7531,0.0,0.0,176747.8471,0.0,176749.0416,1779564876915728329,2
qwenB,stfq,114.9969,181224.8585,2314.9619,2314.9619,0.0,0.0,178908.6864,0.0,178909.8967,1779564882315372684,2
qwenB,stfq,111.8132,184654.274,7640.4235,7640.4235,0.0,0.0,177012.6481,0.0,177013.8504,1779564877235658676,2
qwenB,stfq,112.0124,184849.7651,7545.1435,7545.1435,0.0,0.0,177303.5674,0.0,177304.6215,1779564877725749040,2
qwenB,stfq,112.177,184856.8349,7539.6314,7539.6314,0.0,0.0,177316.0439,0.0,177317.2035,1779564877902785312,2
qwenB,stfq,112.4278,184851.0752,7539.5766,7539.5766,0.0,0.0,177310.3042,0.0,177311.4985,1779564878147821674,2
qwenB,stfq,112.5303,184929.9078,7550.5651,7550.5651,0.0,0.0,177377.9271,0.0,177379.3426,1779564878317969947,2
qwenB,stfq,115.2026,182257.5672,3298.2299,3298.2299,0.0,0.0,178958.225,0.0,178959.3373,1779564882570635419,2
qwenB,stfq,116.3466,181364.4156,2404.3289,2404.3289,0.0,0.0,178958.9448,0.0,178960.0867,1779564883715276176,2
qwenB,stfq,112.9069,184975.4248,7653.994,7653.994,0.0,0.0,177320.2653,0.0,177321.4308,1779564878636889590,2
qwenB,stfq,113.0922,185109.8697,7654.1562,7654.1562,0.0,0.0,177454.5367,0.0,177455.7135,1779564878956472245,2
qwenB,stfq,113.7796,184666.9521,7647.7643,7647.7643,0.0,0.0,177017.9749,0.0,177019.1878,1779564879207364218,2
qwenB,stfq,113.9823,184709.5633,7641.2979,7641.2979,0.0,0.0,177067.0452,0.0,177068.2654,1779564879459082059,2
qwenB,stfq,114.0037,185023.5901,7655.0748,7655.0748,0.0,0.0,177366.9479,0.0,177368.5153,1779564879780362109,2
qwenB,stfq,116.3706,182656.7466,3392.3331,3392.3331,0.0,0.0,179263.0668,0.0,179264.4136,1779564884043430588,2
qwenB,stfq,114.038,184989.3532,7649.1742,7649.1742,0.0,0.0,177338.9492,0.0,177340.179,1779564879786724887,2
qwenB,stfq,114.0674,185220.1748,7662.587,7662.587,0.0,0.0,177556.3614,0.0,177557.5878,1779564880033522742,2
qwenB,stfq,117.8309,181629.6406,2425.7811,2425.7811,0.0,0.0,179202.6,0.0,179203.8594,1779564885443285144,2
qwenB,stfq,114.1439,185562.2702,7761.4265,7761.4265,0.0,0.0,177799.6771,0.0,177800.8436,1779564880353342627,2
qwenB,stfq,114.4056,185768.3499,7665.2653,7665.2653,0.0,0.0,178101.9354,0.0,178103.0846,1779564880917314297,2
qwenB,stfq,114.4393,185904.5916,7657.0913,7657.0913,0.0,0.0,178246.3663,0.0,178247.5002,1779564881095453256,2
qwenB,stfq,114.5967,185992.8069,7657.2892,7657.2892,0.0,0.0,178334.2984,0.0,178335.5177,1779564881340711710,2
qwenB,stfq,114.7231,186038.3246,7660.1346,7660.1346,0.0,0.0,178376.8613,0.0,178378.19,1779564881509707149,2
qwenB,stfq,117.9712,182790.2262,3300.4095,3300.4095,0.0,0.0,179488.7609,0.0,179489.8167,1779564885869730839,2
qwenB,stfq,114.7626,186177.0365,7669.5526,7669.5526,0.0,0.0,178506.2983,0.0,178507.484,1779564881678641321,2
qwenB,stfq,119.2389,181870.9085,2417.1815,2417.1815,0.0,0.0,179452.599,0.0,179453.727,1779564887101290021,2
qwenB,stfq,114.8092,186619.6973,7765.5434,7765.5434,0.0,0.0,178853.0056,0.0,178854.1539,1779564882071946444,2
qwenB,stfq,115.0893,186592.1307,7766.8476,7766.8476,0.0,0.0,178824.1327,0.0,178825.283,1779564882323229477,2
qwenB,stfq,115.2732,186654.5291,7757.6698,7757.6698,0.0,0.0,178895.6919,0.0,178896.8593,1779564882578603226,2
qwenB,stfq,115.445,186654.8412,7758.1002,7758.1002,0.0,0.0,178895.5743,0.0,178896.7409,1779564882750355418,2
qwenB,stfq,115.7226,186622.5879,7757.4846,7757.4846,0.0,0.0,178863.961,0.0,178865.1033,1779564882996334339,2
qwenB,stfq,119.6305,182885.2258,3481.9877,3481.9877,0.0,0.0,179402.092,0.0,179403.238,1779564887442358243,2
qwenB,stfq,120.1136,182724.0515,2492.611,2492.611,0.0,0.0,180230.0792,0.0,180231.4404,1779564888753400484,3
qwenB,stfq,116.1419,186695.7433,7855.9649,7855.9649,0.0,0.0,178838.6474,0.0,178839.7784,1779564883390349280,2
qwenB,stfq,116.2826,186882.0896,7863.1272,7863.1272,0.0,0.0,179017.7624,0.0,179018.9625,1779564883710113058,2
qwenB,stfq,116.3673,187114.517,7853.9014,7853.9014,0.0,0.0,179259.5315,0.0,179260.6156,1779564884036584548,2
qwenB,stfq,116.7581,186970.8965,7847.8782,7847.8782,0.0,0.0,179121.8665,0.0,179123.0183,1779564884289710969,2
qwenB,stfq,116.9267,186972.5173,7847.4852,7847.4852,0.0,0.0,179123.873,0.0,179125.0321,1779564884460366759,2
qwenB,stfq,116.9881,187081.5406,7846.9018,7846.9018,0.0,0.0,179233.3703,0.0,179234.6388,1779564884631258215,2
qwenB,stfq,120.6126,183627.2361,3477.5015,3477.5015,0.0,0.0,180148.5374,0.0,180149.7347,1779564889170944116,3
qwenB,stfq,117.1079,187304.0011,7943.3844,7943.3844,0.0,0.0,179359.3075,0.0,179360.6167,1779564884876950104,2
qwenB,stfq,120.973,183438.8735,2483.4923,2483.4923,0.0,0.0,180954.3352,0.0,180955.3812,1779564890337130824,3
qwenB,stfq,117.3442,187467.3915,7948.6661,7948.6661,0.0,0.0,179517.6573,0.0,179518.7254,1779564885271650948,2
qwenB,stfq,117.8582,187270.5109,7849.0528,7849.0528,0.0,0.0,179420.285,0.0,179421.4581,1779564885688295038,2
qwenB,stfq,118.1701,187128.4888,7831.9254,7831.9254,0.0,0.0,179295.3966,0.0,179296.5633,1779564885875232818,2
qwenB,stfq,118.7504,186792.3596,7830.9279,7830.9279,0.0,0.0,178960.2988,0.0,178961.4317,1779564886120456504,2
qwenB,stfq,118.9284,186783.8435,7828.9438,7828.9438,0.0,0.0,178953.594,0.0,178954.8997,1779564886291746965,2
qwenB,stfq,121.1069,184605.4292,3366.304,3366.304,0.0,0.0,181238.0114,0.0,181239.1252,1779564890754671666,3
qwenB,stfq,119.0506,186987.9661,7835.5854,7835.5854,0.0,0.0,179151.1645,0.0,179152.3806,1779564886611515840,2
qwenB,stfq,121.7455,184461.6084,2477.1842,2477.1842,0.0,0.0,181983.2416,0.0,181984.4242,1779564892138458578,3
qwenB,stfq,119.1947,187183.3401,7930.6894,7930.6894,0.0,0.0,179251.528,0.0,179252.6507,1779564886856017413,2
qwenB,stfq,119.6689,187181.0498,7807.5966,7807.5966,0.0,0.0,179372.0396,0.0,179373.4532,1779564887450721810,2
qwenB,stfq,119.3827,187467.3388,7821.7737,7821.7737,0.0,0.0,179644.403,0.0,179645.5651,1779564887436837609,2
qwenB,stfq,120.0051,187100.1792,7816.9098,7816.9098,0.0,0.0,179282.115,0.0,179283.2694,1779564887697022375,3
qwenB,stfq,120.0196,187255.619,7813.8987,7813.8987,0.0,0.0,179440.6254,0.0,179441.7204,1779564887870001854,3
qwenB,stfq,122.2232,185223.5427,3376.349,3376.349,0.0,0.0,181846.1187,0.0,181847.1937,1779564892479106325,3
qwenB,stfq,120.0801,187538.9471,7912.0591,7912.0591,0.0,0.0,179625.8008,0.0,179626.888,1779564888115645538,3
qwenB,stfq,122.7906,185000.7944,2492.0572,2492.0572,0.0,0.0,182507.6253,0.0,182508.7372,1779564893708012772,3
qwenB,stfq,120.1026,188082.4904,8010.3121,8010.3121,0.0,0.0,180071.1076,0.0,180072.1783,1779564888583435628,3
qwenB,stfq,120.574,187929.6255,7913.3657,7913.3657,0.0,0.0,180015.1298,0.0,180016.2598,1779564888998930036,3
qwenB,stfq,120.7032,187972.2829,7907.369,7907.369,0.0,0.0,180063.7939,0.0,180064.9139,1779564889176727298,3
qwenB,stfq,120.8251,188022.1689,7906.8923,7906.8923,0.0,0.0,180114.1531,0.0,180115.2765,1779564889349063419,3
qwenB,stfq,120.8426,188175.1521,7907.0918,7907.0918,0.0,0.0,180266.9528,0.0,180268.0602,1779564889519336112,3
qwenB,stfq,122.9293,186258.0457,3474.2381,3474.2381,0.0,0.0,182782.7282,0.0,182783.8076,1779564894121815028,3
qwenB,stfq,120.8861,188545.6975,8001.9188,8001.9188,0.0,0.0,180542.5344,0.0,180543.7787,1779564889838361234,3
qwenB,stfq,123.2894,186142.4918,2574.2585,2574.2585,0.0,0.0,183567.1992,0.0,183568.2333,1779564895266313395,3
qwenB,stfq,120.9266,188757.6392,8001.9319,8001.9319,0.0,0.0,180754.6227,0.0,180755.7073,1779564890090938893,3
qwenB,stfq,121.0555,188947.9616,7902.7062,7902.7062,0.0,0.0,181044.1163,0.0,181045.2554,1779564890509330658,3
qwenB,stfq,121.3177,189002.944,7804.1486,7804.1486,0.0,0.0,181197.7715,0.0,181198.7954,1779564890925182398,3
qwenB,stfq,123.5492,187098.953,3371.7661,3371.7661,0.0,0.0,183725.7676,0.0,183727.1869,1779564895684766296,3
qwenB,stfq,121.4072,189241.0812,7809.7289,7809.7289,0.0,0.0,181430.1736,0.0,181431.3524,1779564891247105736,3
qwenB,stfq,121.4741,189174.2105,7803.5475,7803.5475,0.0,0.0,181369.5931,0.0,181370.6631,1779564891253410069,3
qwenB,stfq,121.505,189476.9516,7816.337,7816.337,0.0,0.0,181659.4002,0.0,181660.6146,1779564891574111405,3
qwenB,stfq,124.1489,186833.0562,2305.7178,2305.7178,0.0,0.0,184526.3324,0.0,184527.3384,1779564897085000530,3
qwenB,stfq,121.685,189623.5175,7825.8754,7825.8754,0.0,0.0,181796.5469,0.0,181797.6422,1779564891891291198,3
qwenB,stfq,121.807,189819.6237,7726.7015,7726.7015,0.0,0.0,182091.913,0.0,182092.9223,1779564892308701913,3
qwenB,stfq,122.2307,189642.1568,7632.1188,7632.1188,0.0,0.0,182008.9045,0.0,182010.038,1779564892649372403,3
qwenB,stfq,122.4113,189634.2013,7627.0148,7627.0148,0.0,0.0,182005.9395,0.0,182007.1865,1779564892826974263,3
qwenB,stfq,122.2958,189749.7828,7632.863,7632.863,0.0,0.0,182115.8998,0.0,182116.9198,1779564892821421444,3
qwenB,stfq,124.4792,187744.8986,3205.448,3205.448,0.0,0.0,184538.3828,0.0,184539.4506,1779564897427295729,3
qwenB,stfq,125.2019,187342.5765,2222.8921,2222.8921,0.0,0.0,185118.3884,0.0,185119.6844,1779564898730095908,3
qwenB,stfq,122.5843,189960.2599,7732.1956,7732.1956,0.0,0.0,182227.0253,0.0,182228.0643,1779564893221098329,3
qwenB,stfq,122.7491,190122.0844,7741.6856,7741.6856,0.0,0.0,182379.2987,0.0,182380.3988,1779564893538204142,3
qwenB,stfq,122.7908,190402.7226,7649.9559,7649.9559,0.0,0.0,182751.6952,0.0,182752.7667,1779564893952207371,3
qwenB,stfq,123.0419,190322.4072,7645.6358,7645.6358,0.0,0.0,182675.6628,0.0,182676.7715,1779564894127350203,3
qwenB,stfq,123.0518,190633.3675,7645.8709,7645.8709,0.0,0.0,182986.4337,0.0,182987.4967,1779564894447986834,3
qwenB,stfq,125.2919,188563.3149,3200.8337,3200.8337,0.0,0.0,185361.2969,0.0,185362.4812,1779564899062939967,3
qwenB,stfq,123.1403,190715.0133,7647.499,7647.499,0.0,0.0,183066.5298,0.0,183067.5143,1779564894616540623,3
qwenB,stfq,123.1658,190870.9335,7657.8156,7657.8156,0.0,0.0,183212.0118,0.0,183213.118,1779564894787549413,3
qwenB,stfq,126.3876,187895.3807,2409.3175,2409.3175,0.0,0.0,185484.9863,0.0,185486.0632,1779564900282388423,3
qwenB,stfq,123.1813,191420.8179,7751.3708,7751.3708,0.0,0.0,183668.3993,0.0,183669.447,1779564895259426203,3
qwenB,stfq,123.4283,191419.2221,7741.3926,7741.3926,0.0,0.0,183676.7545,0.0,183677.8295,1779564895514839242,3
qwenB,stfq,123.5947,191498.0755,7645.1934,7645.1934,0.0,0.0,183851.8202,0.0,183852.8821,1779564895856279506,3
qwenB,stfq,123.7113,191552.3818,7643.7104,7643.7104,0.0,0.0,183907.5515,0.0,183908.6714,1779564896028563477,3
qwenB,stfq,126.5745,188861.7377,3383.0026,3383.0026,0.0,0.0,185477.488,0.0,185478.7351,1779564900461754166,3
qwenB,stfq,123.7869,191649.3957,7644.0799,7644.0799,0.0,0.0,184004.2901,0.0,184005.3158,1779564896200946805,3
qwenB,stfq,127.4501,188312.2461,2397.1722,2397.1722,0.0,0.0,185913.9948,0.0,185915.0739,1779564901773864436,3
qwenB,stfq,123.8774,192053.9916,7745.4995,7745.4995,0.0,0.0,184307.4329,0.0,184308.4921,1779564896594564556,3
qwenB,stfq,124.0364,192214.5085,7746.5247,7746.5247,0.0,0.0,184467.026,0.0,184467.9838,1779564896913175788,3
qwenB,stfq,124.2735,192221.3795,7646.7454,7646.7454,0.0,0.0,184573.6032,0.0,184574.6341,1779564897256835862,3
qwenB,stfq,124.5368,192204.0217,7552.5328,7552.5328,0.0,0.0,184650.3687,0.0,184651.4889,1779564897596906146,3
qwenB,stfq,124.6293,192372.0024,7568.3923,7568.3923,0.0,0.0,184802.3629,0.0,184803.6101,1779564897841405806,3
qwenB,stfq,124.7589,192242.4316,7562.1004,7562.1004,0.0,0.0,184679.302,0.0,184680.3312,1779564897847973779,3
qwenB,stfq,124.9811,192274.2312,7570.1675,7570.1675,0.0,0.0,184702.8482,0.0,184704.0637,1779564898093712147,3
qwenB,stfq,127.4731,189782.3391,3399.3191,3399.3191,0.0,0.0,186382.0028,0.0,186383.02,1779564902264816949,3
qwenB,stfq,127.844,189666.2767,2416.7015,2416.7015,0.0,0.0,187248.512,0.0,187249.5752,1779564903502308475,3
qwenB,stfq,125.0186,192661.3698,7675.7459,7675.7459,0.0,0.0,184984.576,0.0,184985.6239,1779564898412922957,3
qwenB,stfq,125.3604,192860.6014,7560.0004,7560.0004,0.0,0.0,185299.3922,0.0,185300.6011,1779564899069544543,3
qwenB,stfq,125.2424,192978.6673,7571.9519,7571.9519,0.0,0.0,185405.7169,0.0,185406.7153,1779564899057852141,3
qwenB,stfq,125.3749,193172.1182,7563.936,7563.936,0.0,0.0,185606.8637,0.0,185608.1822,1779564899391514179,3
qwenB,stfq,128.42,190127.141,3109.8636,3109.8636,0.0,0.0,187016.1145,0.0,187017.2774,1779564903845845277,3
qwenB,stfq,125.6448,192902.3542,7557.4434,7557.4434,0.0,0.0,185343.8263,0.0,185344.9108,1779564899398379268,3
qwenB,stfq,129.3148,189547.4551,2120.4706,2120.4706,0.0,0.0,187425.7636,0.0,187426.9845,1779564905150321467,3
qwenB,stfq,125.8915,192970.7627,7553.0237,7553.0237,0.0,0.0,185416.7223,0.0,185417.739,1779564899718019223,3
qwenB,stfq,126.2751,192915.426,7562.9928,7562.9928,0.0,0.0,185351.3203,0.0,185352.4332,1779564900036180411,3
qwenB,stfq,126.5297,192981.0674,7464.4262,7464.4262,0.0,0.0,185515.6078,0.0,185516.6413,1779564900455094921,3
qwenB,stfq,126.5779,193103.7934,7456.8346,7456.8346,0.0,0.0,185645.8929,0.0,185646.9588,1779564900633573801,3
qwenB,stfq,129.5278,190479.341,2999.384,2999.384,0.0,0.0,187478.595,0.0,187479.9571,1779564905416169783,3
qwenB,stfq,126.7712,193236.0828,7454.8652,7454.8652,0.0,0.0,185780.0293,0.0,185781.2176,1779564900960962035,3
qwenB,stfq,126.7437,193263.5562,7461.8477,7461.8477,0.0,0.0,185800.5924,0.0,185801.7085,1779564900954089549,3
qwenB,stfq,126.8087,193533.6213,7470.0814,7470.0814,0.0,0.0,186062.3322,0.0,186063.5399,1779564901280753448,3
qwenB,stfq,130.0679,190274.3981,2114.6102,2114.6102,0.0,0.0,188158.7713,0.0,188159.7879,1779564906636479809,3
qwenB,stfq,127.4306,193240.0916,7476.3821,7476.3821,0.0,0.0,185762.5749,0.0,185763.7094,1779564901602983366,3
qwenB,stfq,127.4626,193601.1491,7377.7622,7377.7622,0.0,0.0,186222.3451,0.0,186223.3869,1779564902094695087,3
qwenB,stfq,127.6057,193627.2714,7369.5673,7369.5673,0.0,0.0,186256.6769,0.0,186257.7041,1779564902272093308,3
qwenB,stfq,127.6612,193740.8624,7364.4785,7364.4785,0.0,0.0,186375.3169,0.0,186376.3838,1779564902446231455,3
qwenB,stfq,127.7116,193934.9897,7362.6441,7362.6441,0.0,0.0,186571.142,0.0,186572.3456,1779564902692550668,3
qwenB,stfq,130.1908,191455.9655,3098.4021,3098.4021,0.0,0.0,188356.5464,0.0,188357.5634,1779564906957063444,3
qwenB,stfq,131.7274,190172.8847,2217.7042,2217.7042,0.0,0.0,187954.1075,0.0,187955.1805,1779564908091230127,3
qwenB,stfq,127.812,194257.992,7467.0835,7467.0835,0.0,0.0,186789.7925,0.0,186790.9085,1779564903011601592,3
qwenB,stfq,127.8245,194488.8361,7464.912,7464.912,0.0,0.0,187022.7523,0.0,187023.924,1779564903257052121,3
qwenB,stfq,128.1543,194477.5965,7367.4259,7367.4259,0.0,0.0,187109.1137,0.0,187110.1706,1779564903673133360,3
qwenB,stfq,128.5233,194278.091,7358.7422,7358.7422,0.0,0.0,186918.2494,0.0,186919.3488,1779564903851320814,3
qwenB,stfq,128.8298,194289.8207,7356.395,7356.395,0.0,0.0,186932.3497,0.0,186933.4257,1779564904171864651,3
qwenB,stfq,128.8402,194442.8866,7350.7945,7350.7945,0.0,0.0,187090.9603,0.0,187092.092,1779564904340898858,3
qwenB,stfq,132.0665,191216.6288,3270.0083,3270.0083,0.0,0.0,187945.6449,0.0,187946.6205,1779564908421920062,3
qwenB,stfq,128.9407,194667.9695,7356.7555,7356.7555,0.0,0.0,187309.9754,0.0,187311.214,1779564904660419585,3
qwenB,stfq,133.4638,190144.8681,2374.9841,2374.9841,0.0,0.0,187768.8611,0.0,187769.8841,1779564909642463665,3
qwenB,stfq,129.0836,194776.6523,7364.5615,7364.5615,0.0,0.0,187411.0134,0.0,187412.0908,1779564904904396758,3
qwenB,stfq,129.4223,194831.4164,7251.548,7251.548,0.0,0.0,187578.8448,0.0,187579.8684,1779564905410900656,3
qwenB,stfq,129.7088,194788.5251,7235.5794,7235.5794,0.0,0.0,187551.7919,0.0,187552.9457,1779564905670373615,3
qwenB,stfq,129.5712,194926.1675,7241.2264,7241.2264,0.0,0.0,187683.9516,0.0,187684.9411,1779564905664957931,3
qwenB,stfq,129.7256,195027.216,7241.6336,7241.6336,0.0,0.0,187784.5197,0.0,187785.5824,1779564905919838678,3
qwenB,stfq,129.9696,194954.8354,7243.4636,7243.4636,0.0,0.0,187710.1669,0.0,187711.3718,1779564906089482619,3
qwenB,stfq,133.7019,191222.5018,3276.9033,3276.9033,0.0,0.0,187944.5765,0.0,187945.5984,1779564910056283881,3
qwenB,stfq,135.2538,189848.3787,2299.9734,2299.9734,0.0,0.0,187547.3537,0.0,187548.4053,1779564911210880521,3
qwenB,stfq,130.054,195513.3121,7345.4697,7345.4697,0.0,0.0,188166.8172,0.0,188167.8424,1779564906630612706,3
qwenB,stfq,130.6298,195254.8001,7335.9879,7335.9879,0.0,0.0,187917.6083,0.0,187918.8122,1779564906957217770,3
qwenB,stfq,130.1133,195771.4097,7336.6945,7336.6945,0.0,0.0,188433.7127,0.0,188434.7152,1779564906956763334,3
qwenB,stfq,130.9663,195243.1464,7338.8282,7338.8282,0.0,0.0,187903.1217,0.0,187904.3182,1779564907279196113,3
qwenB,stfq,130.771,195438.5481,7346.4363,7346.4363,0.0,0.0,188091.0995,0.0,188092.1118,1779564907271840892,3
qwenB,stfq,135.9455,190429.0216,3090.4685,3090.4685,0.0,0.0,187337.4722,0.0,187338.5531,1779564911692713528,3
qwenB,stfq,131.5454,195073.1993,7427.2536,7427.2536,0.0,0.0,187644.8886,0.0,187645.9456,1779564907600018866,3
qwenB,stfq,136.7878,190001.1106,2290.6367,2290.6367,0.0,0.0,187709.4045,0.0,187710.4738,1779564912907009880,3
qwenB,stfq,131.717,195322.0677,7527.4696,7527.4696,0.0,0.0,187793.5798,0.0,187794.5982,1779564907920303992,3
qwenB,stfq,132.114,195318.8493,7412.0011,7412.0011,0.0,0.0,187905.7503,0.0,187906.8483,1779564908429485035,3
qwenB,stfq,131.8809,195552.0167,7424.8127,7424.8127,0.0,0.0,188126.2543,0.0,188127.204,1779564908416891154,3
qwenB,stfq,132.1364,195622.5955,7415.6227,7415.6227,0.0,0.0,188205.7679,0.0,188206.9729,1779564908751891924,3
qwenB,stfq,132.2379,195521.1711,7409.6864,7409.6864,0.0,0.0,188110.4546,0.0,188111.4846,1779564908758066890,3
qwenB,stfq,137.1764,190759.2506,3182.1211,3182.1211,0.0,0.0,187576.0996,0.0,187577.1296,1779564913162296779,3
qwenB,stfq,137.6618,190517.674,2288.6479,2288.6479,0.0,0.0,188227.8547,0.0,188229.026,1779564914299401495,3
qwenB,stfq,133.0157,195163.7874,7508.0598,7508.0598,0.0,0.0,187654.7308,0.0,187655.7276,1779564909080239409,3
qwenB,stfq,133.2074,195373.0805,7516.0102,7516.0102,0.0,0.0,187856.1146,0.0,187857.0703,1779564909473258152,3
qwenB,stfq,133.6484,195178.1838,7423.7712,7423.7712,0.0,0.0,187753.3417,0.0,187754.4126,1779564909811544880,3
qwenB,stfq,133.8225,195249.433,7417.2275,7417.2275,0.0,0.0,187831.1648,0.0,187832.2055,1779564910063382529,3
qwenB,stfq,134.1879,195130.5971,7417.4727,7417.4727,0.0,0.0,187712.0471,0.0,187713.1244,1779564910309735039,3
qwenB,stfq,137.8457,191644.7763,3279.6342,3279.6342,0.0,0.0,188363.9073,0.0,188365.1421,1779564914619395657,3
qwenB,stfq,134.2324,195258.1692,7419.7612,7419.7612,0.0,0.0,187837.3711,0.0,187838.408,1779564910479519154,3
qwenB,stfq,138.5173,191226.6638,2304.2655,2304.2655,0.0,0.0,188921.2461,0.0,188922.3983,1779564915848281919,3
qwenB,stfq,134.2398,195504.1571,7429.9823,7429.9823,0.0,0.0,188073.2002,0.0,188074.1747,1779564910722791715,3
qwenB,stfq,135.1913,194879.7801,7438.5091,7438.5091,0.0,0.0,187440.2575,0.0,187441.271,1779564911041356005,3
qwenB,stfq,135.8331,194631.566,7344.3549,7344.3549,0.0,0.0,187286.1834,0.0,187287.2112,1779564911529065497,3
qwenB,stfq,136.0484,194585.9783,7343.7871,7343.7871,0.0,0.0,187241.1771,0.0,187242.1911,1779564911699315209,3
qwenB,stfq,136.2894,194669.2009,7343.13,7343.13,0.0,0.0,187324.7094,0.0,187326.0709,1779564912023919318,3
qwenB,stfq,136.1809,194777.8034,7349.0742,7349.0742,0.0,0.0,187427.5639,0.0,187428.7292,1779564912018238409,3
qwenB,stfq,138.7992,192159.5304,3193.5995,3193.5995,0.0,0.0,188964.8521,0.0,188965.9309,1779564916173811620,3
qwenB,stfq,136.6999,194516.6457,7355.4754,7355.4754,0.0,0.0,187160.161,0.0,187161.1703,1779564912269842187,3
qwenB,stfq,139.6136,191773.0942,2313.9807,2313.9807,0.0,0.0,189458.05,0.0,189459.1135,1779564917481422147,3
qwenB,stfq,136.7684,194936.4955,7450.3802,7450.3802,0.0,0.0,187485.1086,0.0,187486.1154,1779564912663239721,3
qwenB,stfq,137.0329,194916.8994,7443.7657,7443.7657,0.0,0.0,187472.132,0.0,187473.1338,1779564912914821850,3
qwenB,stfq,137.3237,194944.6297,7337.4765,7337.4765,0.0,0.0,187606.0505,0.0,187607.1531,1779564913339536579,3
qwenB,stfq,137.1809,195087.5354,7343.2202,7343.2202,0.0,0.0,187743.3722,0.0,187744.3152,1779564913334000331,3
qwenB,stfq,137.5315,194917.6912,7346.2828,7346.2828,0.0,0.0,187570.3812,0.0,187571.4085,1779564913511673594,3
qwenB,stfq,140.1704,192529.9606,3208.9967,3208.9967,0.0,0.0,189319.9456,0.0,189320.9639,1779564917900081818,3
qwenB,stfq,141.2023,191748.1287,2315.3117,2315.3117,0.0,0.0,189431.8123,0.0,189432.8169,1779564919043891006,3
qwenB,stfq,137.5789,195541.8336,7552.5612,7552.5612,0.0,0.0,187988.1999,0.0,187989.2724,1779564913976884235,3
qwenB,stfq,137.6454,195794.0135,7553.8845,7553.8845,0.0,0.0,188239.1357,0.0,188240.129,1779564914294255799,3
qwenB,stfq,137.7042,196055.3262,7549.0871,7549.0871,0.0,0.0,188505.1301,0.0,188506.2391,1779564914619070725,3
qwenB,stfq,137.8491,196080.3173,7554.1726,7554.1726,0.0,0.0,188525.0988,0.0,188526.1447,1779564914784006447,3
qwenB,stfq,138.0366,196137.3305,7554.6194,7554.6194,0.0,0.0,188581.6879,0.0,188582.7111,1779564915028085626,3
qwenB,stfq,141.3734,192972.1379,3380.6275,3380.6275,0.0,0.0,189590.3437,0.0,189591.5105,1779564919373545086,3
qwenB,stfq,138.4007,195944.9575,7555.9208,7555.9208,0.0,0.0,188388.0517,0.0,188389.0367,1779564915198484143,3
qwenB,stfq,138.4151,196182.0335,7557.2917,7557.2917,0.0,0.0,188623.7335,0.0,188624.7418,1779564915448575013,3
qwenB,stfq,142.6526,192115.4199,2498.7579,2498.7579,0.0,0.0,189615.6023,0.0,189616.662,1779564920677958555,3
qwenB,stfq,138.4886,196595.5925,7650.4088,7650.4088,0.0,0.0,188944.1178,0.0,188945.1837,1779564915842480462,3
qwenB,stfq,138.601,196800.8595,7642.0405,7642.0405,0.0,0.0,189157.8498,0.0,189158.819,1779564916168569238,3
qwenB,stfq,138.9321,196639.4238,7634.9468,7634.9468,0.0,0.0,189003.3987,0.0,189004.4771,1779564916345212198,3
qwenB,stfq,143.0473,192774.8811,3371.8744,3371.8744,0.0,0.0,189401.6747,0.0,189403.0067,1779564920858753525,3
qwenB,stfq,139.0259,196796.375,7635.2186,7635.2186,0.0,0.0,189159.9393,0.0,189161.1564,1779564916595630681,3
qwenB,stfq,138.9985,196823.8311,7641.8722,7641.8722,0.0,0.0,189180.7797,0.0,189181.9589,1779564916589071199,3
qwenB,stfq,143.2716,192956.2097,2297.3714,2297.3714,0.0,0.0,190657.6147,0.0,190658.8383,1779564922338990493,3
qwenB,stfq,139.5294,196698.4155,7646.5975,7646.5975,0.0,0.0,189050.796,0.0,189051.818,1779564916989990900,3
qwenB,stfq,139.5682,196911.3774,7652.2155,7652.2155,0.0,0.0,189258.1258,0.0,189259.1619,1779564917236130213,3
qwenB,stfq,139.6137,197256.8588,7551.1685,7551.1685,0.0,0.0,189704.5643,0.0,189705.6903,1779564917728028494,3
qwenB,stfq,140.3604,196679.8069,7543.1408,7543.1408,0.0,0.0,189135.5824,0.0,189136.6662,1779564917905731521,3
qwenB,stfq,140.853,196431.3371,7532.1929,7532.1929,0.0,0.0,188897.9371,0.0,188899.1442,1779564918160696574,3
qwenB,stfq,140.6104,196674.0098,7539.5563,7539.5563,0.0,0.0,189133.3914,0.0,189134.4535,1779564918153549297,3
qwenB,stfq,143.529,194004.8316,3187.4331,3187.4331,0.0,0.0,190816.3793,0.0,190817.3985,1779564922755158741,3
qwenB,stfq,140.9185,196783.1714,7629.6795,7629.6795,0.0,0.0,189152.42,0.0,189153.492,1779564918480652732,3
qwenB,stfq,144.3414,193527.8313,2296.9222,2296.9222,0.0,0.0,191229.847,0.0,191230.9091,1779564923980963381,3
qwenB,stfq,140.992,197192.5504,7718.994,7718.994,0.0,0.0,189472.4722,0.0,189473.5564,1779564918874191780,3
qwenB,stfq,141.3629,197216.1121,7619.2917,7619.2917,0.0,0.0,189595.6109,0.0,189596.8205,1779564919368319790,3
qwenB,stfq,141.46,197119.1497,7606.8314,7606.8314,0.0,0.0,189511.2314,0.0,189512.3183,1779564919380986811,3
qwenB,stfq,141.8687,196959.9965,7611.2626,7611.2626,0.0,0.0,189347.6472,0.0,189348.7338,1779564919626089113,3
qwenB,stfq,141.9836,197021.4741,7617.4048,7617.4048,0.0,0.0,189402.8618,0.0,189404.0693,1779564919796219768,3
qwenB,stfq,144.6015,194403.6798,3176.964,3176.964,0.0,0.0,191225.6083,0.0,191226.7159,1779564924236881123,3
qwenB,stfq,145.6094,193719.2662,2287.5103,2287.5103,0.0,0.0,191430.5196,0.0,191431.7559,1779564925449662053,3
qwenB,stfq,142.1102,197218.5335,7622.989,7622.989,0.0,0.0,189594.4595,0.0,189595.5445,1779564920114406092,3
qwenB,stfq,142.1486,197429.9195,7627.9369,7627.9369,0.0,0.0,189801.0058,0.0,189801.9826,1779564920359367777,3
qwenB,stfq,142.9578,196935.2,7616.371,7616.371,0.0,0.0,189317.7972,0.0,189318.829,1779564920685370194,3
qwenB,stfq,143.1032,197106.4808,7508.5415,7508.5415,0.0,0.0,189596.9539,0.0,189597.9393,1779564921109871033,3
qwenB,stfq,143.1436,197310.1809,7502.4532,7502.4532,0.0,0.0,189806.6196,0.0,189807.7277,1779564921359971487,3
qwenB,stfq,145.7353,194718.5433,3163.4424,3163.4424,0.0,0.0,191554.1346,0.0,191555.1009,1779564925699181634,3
qwenB,stfq,143.209,197423.5015,7510.9984,7510.9984,0.0,0.0,189911.4616,0.0,189912.5031,1779564921530269682,3
qwenB,stfq,146.3321,194545.7704,2292.1675,2292.1675,0.0,0.0,192252.6054,0.0,192253.6029,1779564926994445020,3
qwenB,stfq,143.2305,197818.373,7608.7081,7608.7081,0.0,0.0,190208.678,0.0,190209.6649,1779564921848902133,3
qwenB,stfq,143.2652,198101.1922,7606.1696,7606.1696,0.0,0.0,190494.0147,0.0,190495.0227,1779564922169004777,3
qwenB,stfq,143.5186,198165.4179,7509.2875,7509.2875,0.0,0.0,190655.1788,0.0,190656.1304,1779564922583495460,3
qwenB,stfq,143.5354,198317.2607,7500.7618,7500.7618,0.0,0.0,190815.4986,0.0,190816.4989,1779564922760669962,3
qwenB,stfq,143.7797,198314.8139,7496.6414,7496.6414,0.0,0.0,190817.147,0.0,190818.1724,1779564923006638067,3
qwenB,stfq,143.8772,198392.5624,7500.8962,7500.8962,0.0,0.0,190890.5294,0.0,190891.6662,1779564923177498749,3
qwenB,stfq,146.5363,195733.489,3263.9031,3263.9031,0.0,0.0,192468.5922,0.0,192469.5859,1779564927414692761,3
qwenB,stfq,147.5115,195089.6349,2390.6158,2390.6158,0.0,0.0,192697.9032,0.0,192699.0191,1779564928619146109,3
qwenB,stfq,144.0386,198562.5353,7516.2894,7516.2894,0.0,0.0,191045.2724,0.0,191046.2459,1779564923493663212,3
qwenB,stfq,144.2559,198668.9959,7522.2971,7522.2971,0.0,0.0,191145.6785,0.0,191146.6987,1779564923811306639,3
qwenB,stfq,145.0765,198163.512,7404.2256,7404.2256,0.0,0.0,190758.1828,0.0,190759.2864,1779564924244414941,3
qwenB,stfq,144.51,198730.0701,7416.9528,7416.9528,0.0,0.0,191312.1583,0.0,191313.1174,1779564924231881712,3
qwenB,stfq,145.2884,198355.5238,7415.0806,7415.0806,0.0,0.0,190939.2102,0.0,190940.4433,1779564924637367164,3
qwenB,stfq,147.677,195967.0222,3183.8558,3183.8558,0.0,0.0,192782.0551,0.0,192783.1664,1779564928868787476,3
qwenB,stfq,145.3329,198311.13,7408.6624,7408.6624,0.0,0.0,190901.4254,0.0,190902.4677,1779564924644061587,3
qwenB,stfq,145.4223,198485.3916,7427.4035,7427.4035,0.0,0.0,191056.9808,0.0,191057.9882,1779564924889083997,3
qwenB,stfq,148.8652,195213.6202,2225.4437,2225.4437,0.0,0.0,192987.1705,0.0,192988.1765,1779564930262175677,3
qwenB,stfq,145.4512,198947.0952,7527.0603,7527.0603,0.0,0.0,191419.029,0.0,191420.0348,1779564925279989532,3
qwenB,stfq,145.6438,199077.25,7435.9398,7435.9398,0.0,0.0,191640.3515,0.0,191641.3103,1779564925693917357,3
qwenB,stfq,145.8289,199137.728,7431.9644,7431.9644,0.0,0.0,191704.7434,0.0,191705.7635,1779564925943358134,3
qwenB,stfq,145.9315,199205.9553,7435.115,7435.115,0.0,0.0,191769.8326,0.0,191770.8402,1779564926111093552,3
qwenB,stfq,145.9669,199341.5999,7438.5414,7438.5414,0.0,0.0,191901.9983,0.0,191903.0585,1779564926278675092,3
qwenB,stfq,149.0474,196432.2584,3209.0584,3209.0584,0.0,0.0,193222.2104,0.0,193223.2,1779564930679402491,3
qwenB,stfq,149.7237,195927.3498,2404.5868,2404.5868,0.0,0.0,193521.7903,0.0,193522.763,1779564931655202134,3
qwenB,stfq,146.0599,199760.7565,7635.4813,7635.4813,0.0,0.0,192124.2924,0.0,192125.2752,1779564926593941119,3
qwenB,stfq,146.2946,199920.2054,7634.9419,7634.9419,0.0,0.0,192284.2581,0.0,192285.2635,1779564926988658464,3
qwenB,stfq,146.3855,200072.6242,7628.7719,7628.7719,0.0,0.0,192442.8265,0.0,192443.8523,1779564927238118742,3
qwenB,stfq,146.5648,200072.1397,7625.134,7625.134,0.0,0.0,192445.9736,0.0,192447.0057,1779564927420555203,3
qwenB,stfq,146.9436,200010.7713,7624.9374,7624.9374,0.0,0.0,192384.7582,0.0,192385.8339,1779564927738167552,3
qwenB,stfq,147.1258,199828.655,7618.5645,7618.5645,0.0,0.0,192209.1494,0.0,192210.0906,1779564927744732163,3
qwenB,stfq,150.3807,196750.6223,3479.7932,3479.7932,0.0,0.0,193269.7897,0.0,193270.829,1779564932060226422,3
qwenB,stfq,147.3081,199993.1056,7721.8759,7721.8759,0.0,0.0,192270.2048,0.0,192271.2297,1779564927988034659,3
qwenB,stfq,151.1638,196381.7697,2578.1321,2578.1321,0.0,0.0,193802.5308,0.0,193803.6375,1779564933376099749,3
qwenB,stfq,147.465,200251.5492,7822.7967,7822.7967,0.0,0.0,192427.7377,0.0,192428.7525,1779564928302524020,3
qwenB,stfq,147.5875,200594.4226,7727.2425,7727.2425,0.0,0.0,192866.1444,0.0,192867.1801,1779564928863373906,3
qwenB,stfq,147.7735,200577.7855,7717.9854,7717.9854,0.0,0.0,192858.7992,0.0,192859.8001,1779564929042037044,3
qwenB,stfq,147.9471,200647.2466,7715.7057,7715.7057,0.0,0.0,192930.5308,0.0,192931.5409,1779564929287381476,3
qwenB,stfq,147.9936,200771.0078,7714.7932,7714.7932,0.0,0.0,193055.0511,0.0,193056.2145,1779564929458367533,3
qwenB,stfq,151.388,197376.6518,3455.3359,3455.3359,0.0,0.0,193920.2518,0.0,193921.3159,1779564933718017981,3
qwenB,stfq,152.3989,196619.4351,2380.6467,2380.6467,0.0,0.0,194237.781,0.0,194238.7883,1779564935046431621,3
qwenB,stfq,148.0696,201116.8218,7819.2777,7819.2777,0.0,0.0,193296.535,0.0,193297.5441,1779564929775935929,3
qwenB,stfq,148.5063,200997.8306,7819.3254,7819.3254,0.0,0.0,193177.4693,0.0,193178.5053,1779564930093499786,3
qwenB,stfq,148.9097,200913.4843,7727.9342,7727.9342,0.0,0.0,193184.5849,0.0,193185.5502,1779564930504042970,3
qwenB,stfq,149.0789,200914.9618,7710.3024,7710.3024,0.0,0.0,193203.6595,0.0,193204.6594,1779564930692322605,3
qwenB,stfq,152.6441,197675.2808,3358.091,3358.091,0.0,0.0,194315.9506,0.0,194317.1898,1779564935369810288,3
qwenB,stfq,149.1786,201140.8267,7711.7128,7711.7128,0.0,0.0,193427.9609,0.0,193429.1139,1779564931016367307,3
qwenB,stfq,149.1303,201189.1823,7717.4362,7717.4362,0.0,0.0,193470.6242,0.0,193471.7461,1779564931010719518,3
qwenB,stfq,149.3142,201338.0973,7726.4942,7726.4942,0.0,0.0,193610.4727,0.0,193611.6032,1779564931334386783,3
qwenB,stfq,152.9966,197655.7133,2300.3125,2300.3125,0.0,0.0,195354.357,0.0,195355.4008,1779564936760735351,3
qwenB,stfq,149.644,201333.7455,7736.8858,7736.8858,0.0,0.0,193595.8376,0.0,193596.8597,1779564931649598705,3
qwenB,stfq,150.4753,200892.9486,7709.771,7709.771,0.0,0.0,193182.0388,0.0,193183.1776,1779564932067059932,3
qwenB,stfq,150.1021,201266.1839,7723.3959,7723.3959,0.0,0.0,193541.7466,0.0,193542.788,1779564932053602240,3
qwenB,stfq,150.6192,201001.2436,7711.95,7711.95,0.0,0.0,193288.2864,0.0,193289.2936,1779564932317257487,3
qwenB,stfq,150.7387,201051.8079,7710.8616,7710.8616,0.0,0.0,193339.865,0.0,193340.9462,1779564932488374687,3
qwenB,stfq,153.5752,198385.1116,3194.9429,3194.9429,0.0,0.0,195189.1859,0.0,195190.1686,1779564937174118457,3
qwenB,stfq,153.9939,198210.2802,2209.4342,2209.4342,0.0,0.0,195999.7301,0.0,196000.846,1779564938403346455,3
qwenB,stfq,150.9628,201241.4453,7805.1446,7805.1446,0.0,0.0,193435.2789,0.0,193436.3007,1779564932807801479,3
qwenB,stfq,151.0753,201457.1788,7810.6232,7810.6232,0.0,0.0,193645.53,0.0,193646.5556,1779564933130570529,3
qwenB,stfq,151.2796,201573.2865,7714.6711,7714.6711,0.0,0.0,193857.64,0.0,193858.6154,1779564933546966195,3
qwenB,stfq,151.4254,201673.1057,7618.0855,7618.0855,0.0,0.0,194054.0264,0.0,194055.0202,1779564933889214633,3
qwenB,stfq,151.4268,201842.7107,7617.75,7617.75,0.0,0.0,194223.9311,0.0,194224.9607,1779564934060534993,3
qwenB,stfq,151.4902,201949.0526,7617.875,7617.875,0.0,0.0,194330.163,0.0,194331.1776,1779564934230149649,3
qwenB,stfq,154.1909,199417.4407,3282.9589,3282.9589,0.0,0.0,196133.4579,0.0,196134.4817,1779564938734113179,3
qwenB,stfq,154.859,198994.2248,2477.4604,2477.4604,0.0,0.0,196515.753,0.0,196516.7644,1779564939784468510,3
qwenB,stfq,151.5464,202477.6044,7808.4404,7808.4404,0.0,0.0,194668.1473,0.0,194669.164,1779564934624316376,3
qwenB,stfq,152.2934,201974.8433,7809.3389,7809.3389,0.0,0.0,194164.5074,0.0,194165.5043,1779564934867631378,3
qwenB,stfq,152.5083,202155.6687,7708.7582,7708.7582,0.0,0.0,194445.9963,0.0,194446.9106,1779564935364039924,3
qwenB,stfq,152.7927,202042.5389,7703.207,7703.207,0.0,0.0,194338.3477,0.0,194339.3319,1779564935540784572,3
qwenB,stfq,152.8141,202192.486,7704.713,7704.713,0.0,0.0,194486.7764,0.0,194487.7731,1779564935710672942,3
qwenB,stfq,152.8956,202363.0819,7712.4024,7712.4024,0.0,0.0,194649.6179,0.0,194650.6796,1779564935955012640,3
qwenB,stfq,154.9878,200271.0245,3467.5967,3467.5967,0.0,0.0,196802.4516,0.0,196803.4277,1779564940199985949,3
qwenB,stfq,152.906,202529.5568,7718.3792,7718.3792,0.0,0.0,194810.2353,0.0,194811.1776,1779564936126025397,3
qwenB,stfq,156.0654,199614.2399,2580.3985,2580.3985,0.0,0.0,197032.8619,0.0,197033.8414,1779564941508006902,3
qwenB,stfq,152.9061,203092.9308,7816.5337,7816.5337,0.0,0.0,195275.506,0.0,195276.3971,1779564936591382843,3
qwenB,stfq,153.4947,202823.4611,7723.1715,7723.1715,0.0,0.0,195099.3302,0.0,195100.2896,1779564937003822277,3
qwenB,stfq,153.5856,202902.6937,7715.7268,7715.7268,0.0,0.0,195186.0065,0.0,195186.967,1779564937181360963,3
qwenB,stfq,153.6282,203105.3121,7714.4836,7714.4836,0.0,0.0,195389.8811,0.0,195390.8286,1779564937427806676,3
qwenB,stfq,156.2804,200624.8348,3465.1572,3465.1572,0.0,0.0,197158.613,0.0,197159.6776,1779564941848743584,3
qwenB,stfq,153.6536,203251.6696,7718.1144,7718.1144,0.0,0.0,195532.6033,0.0,195533.5552,1779564937595944945,3
qwenB,stfq,153.8151,203416.5864,7726.8014,7726.8014,0.0,0.0,195688.7364,0.0,195689.785,1779564937913583323,3
qwenB,stfq,157.4717,199759.9483,2395.8295,2395.8295,0.0,0.0,197363.198,0.0,197364.1188,1779564943244702902,3
qwenB,stfq,153.8625,203698.3111,7736.9704,7736.9704,0.0,0.0,195960.3972,0.0,195961.3407,1779564938232671717,3
qwenB,stfq,154.3115,203643.419,7623.0725,7623.0725,0.0,0.0,196019.3124,0.0,196020.3466,1779564938740540079,3
qwenB,stfq,154.0623,203892.6077,7634.7369,7634.7369,0.0,0.0,196256.9206,0.0,196257.8707,1779564938729031226,3
qwenB,stfq,154.5862,203693.9549,7627.0877,7627.0877,0.0,0.0,196065.8095,0.0,196066.8673,1779564939061792946,3
qwenB,stfq,154.6317,203648.5014,7621.5889,7621.5889,0.0,0.0,196025.9533,0.0,196026.9125,1779564939067448966,3
qwenB,stfq,157.5896,200870.198,3200.2883,3200.2883,0.0,0.0,197668.9525,0.0,197669.9097,1779564943668351714,3
qwenB,stfq,158.1726,200532.491,2215.964,2215.964,0.0,0.0,198315.5003,0.0,198316.527,1779564944897825531,3
qwenB,stfq,154.6852,204019.9516,7726.7019,7726.7019,0.0,0.0,196292.3236,0.0,196293.2497,1779564939387236292,3
qwenB,stfq,154.7655,204341.0625,7737.5638,7737.5638,0.0,0.0,196602.5772,0.0,196603.4987,1779564939777789870,3
qwenB,stfq,154.8874,204463.9404,7730.1918,7730.1918,0.0,0.0,196732.7859,0.0,196733.7486,1779564940029928397,3
qwenB,stfq,155.1543,204442.8501,7636.2316,7636.2316,0.0,0.0,196805.6717,0.0,196806.6186,1779564940369775698,3
qwenB,stfq,155.1918,204649.1778,7635.9734,7635.9734,0.0,0.0,197012.1481,0.0,197013.2044,1779564940613715776,3
qwenB,stfq,155.4605,204380.5828,7630.1549,7630.1549,0.0,0.0,196749.464,0.0,196750.4279,1779564940619685216,3
qwenB,stfq,158.2577,201762.5945,3114.3172,3114.3172,0.0,0.0,198647.2948,0.0,198648.2773,1779564945314800891,3
qwenB,stfq,155.684,204580.8196,7731.6433,7731.6433,0.0,0.0,196848.1643,0.0,196849.1763,1779564940941923025,3
qwenB,stfq,159.4958,200769.0749,2303.442,2303.442,0.0,0.0,198464.7017,0.0,198465.6329,1779564946370264399,3
qwenB,stfq,155.8904,204702.5051,7739.3581,7739.3581,0.0,0.0,196962.1959,0.0,196963.147,1779564941262324554,3
qwenB,stfq,156.1979,204716.5329,7644.2992,7644.2992,0.0,0.0,197071.3325,0.0,197072.2337,1779564941679009499,3
qwenB,stfq,156.4179,204742.0352,7550.9844,7550.9844,0.0,0.0,197190.0978,0.0,197191.0508,1779564942017803339,3
qwenB,stfq,156.6581,204745.3117,7549.5759,7549.5759,0.0,0.0,197194.813,0.0,197195.7358,1779564942262665424,3
qwenB,stfq,156.7305,204850.1716,7555.889,7555.889,0.0,0.0,197293.1995,0.0,197294.2826,1779564942433502670,3
qwenB,stfq,159.6147,201966.0289,3293.1327,3293.1327,0.0,0.0,198671.8955,0.0,198672.8962,1779564946696404117,3
qwenB,stfq,156.7527,205081.8658,7565.7437,7565.7437,0.0,0.0,197515.1882,0.0,197516.1221,1779564942677678601,3
qwenB,stfq,159.8831,202121.8441,2407.0223,2407.0223,0.0,0.0,199713.8898,0.0,199714.8218,1779564948006713683,3
qwenB,stfq,157.1461,205179.4217,7660.9354,7660.9354,0.0,0.0,197517.5149,0.0,197518.4863,1779564943073417126,3
qwenB,stfq,157.5272,205045.2962,7565.2375,7565.2375,0.0,0.0,197479.1451,0.0,197480.0587,1779564943416077759,3
qwenB,stfq,157.7864,205033.4485,7554.8554,7554.8554,0.0,0.0,197477.6592,0.0,197478.5931,1779564943673772729,3
qwenB,stfq,157.8602,205131.1643,7555.0821,7555.0821,0.0,0.0,197575.1178,0.0,197576.0822,1779564943845090608,3
qwenB,stfq,160.0492,203193.5987,3394.5873,3394.5873,0.0,0.0,199797.9937,0.0,199799.0114,1779564948256957450,3
qwenB,stfq,157.9353,205307.5652,7562.569,7562.569,0.0,0.0,197744.0729,0.0,197744.9963,1779564944089116573,3
qwenB,stfq,158.0338,205535.8291,7569.7688,7569.7688,0.0,0.0,197965.0416,0.0,197966.0602,1779564944408579737,3
qwenB,stfq,160.7503,202819.371,2408.9914,2408.9914,0.0,0.0,200409.441,0.0,200410.3796,1779564949569494675,3
qwenB,stfq,158.0681,205827.2998,7576.4986,7576.4986,0.0,0.0,198249.8641,0.0,198250.8012,1779564944727722562,3
qwenB,stfq,158.202,206012.3005,7480.179,7480.179,0.0,0.0,198531.2326,0.0,198532.1215,1779564945143001189,3
qwenB,stfq,158.3018,206084.5311,7474.9203,7474.9203,0.0,0.0,198608.6657,0.0,198609.6108,1779564945320234261,3
qwenB,stfq,158.3122,206393.6279,7473.335,7473.335,0.0,0.0,198919.3182,0.0,198920.2929,1779564945641237887,3
qwenB,stfq,158.574,206131.8393,7466.6352,7466.6352,0.0,0.0,198664.2816,0.0,198665.204,1779564945648068502,3
qwenB,stfq,160.9391,203946.4843,3304.0745,3304.0745,0.0,0.0,200641.464,0.0,200642.4099,1779564949990288201,3
qwenB,stfq,158.6235,206506.1243,7567.982,7567.982,0.0,0.0,198937.1245,0.0,198938.1423,1779564945970347756,3
qwenB,stfq,161.3774,203752.2182,2309.1445,2309.1445,0.0,0.0,201442.1372,0.0,201443.0738,1779564951229321918,3
qwenB,stfq,158.6699,206864.502,7578.8134,7578.8134,0.0,0.0,199284.8341,0.0,199285.6886,1779564946364522454,3
qwenB,stfq,159.6083,206243.8657,7571.2395,7571.2395,0.0,0.0,198671.6948,0.0,198672.6262,1779564946689766894,3
qwenB,stfq,159.6871,206334.1863,7560.688,7560.688,0.0,0.0,198772.5065,0.0,198773.4983,1779564946869365524,3
qwenB,stfq,159.8209,206444.541,7553.4486,7553.4486,0.0,0.0,198890.0783,0.0,198891.0924,1779564947120767683,3
qwenB,stfq,159.7385,206527.0705,7559.7203,7559.7203,0.0,0.0,198966.4149,0.0,198967.3503,1779564947114648077,3
qwenB,stfq,161.8626,204579.9849,3199.033,3199.033,0.0,0.0,201380.0366,0.0,201380.9519,1779564951652419344,3
qwenB,stfq,162.4977,204188.7689,2299.454,2299.454,0.0,0.0,201888.365,0.0,201889.3149,1779564952795874459,3
qwenB,stfq,159.8473,207010.3195,7750.4319,7750.4319,0.0,0.0,199258.9476,0.0,199259.8876,1779564947516024448,3
qwenB,stfq,159.8717,207232.0507,7751.7698,7751.7698,0.0,0.0,199479.3785,0.0,199480.2808,1779564947760849027,3
qwenB,stfq,160.0456,207459.3,7663.1696,7663.1696,0.0,0.0,199795.228,0.0,199796.1304,1779564948250594336,3
qwenB,stfq,160.2442,207430.3875,7653.5518,7653.5518,0.0,0.0,199775.9168,0.0,199776.8356,1779564948429858366,3
qwenB,stfq,160.4456,207472.4216,7645.8905,7645.8905,0.0,0.0,199825.5584,0.0,199826.5312,1779564948680960782,3
qwenB,stfq,160.2646,207653.487,7652.5585,7652.5585,0.0,0.0,200000.0322,0.0,200000.9285,1779564948674415340,3
qwenB,stfq,162.6662,205433.25,3386.0387,3386.0387,0.0,0.0,202046.2666,0.0,202047.2112,1779564953122190786,3
qwenB,stfq,160.6073,207736.8901,7750.6098,7750.6098,0.0,0.0,199985.3652,0.0,199986.2803,1779564949002409593,3
qwenB,stfq,162.9208,205594.6305,2493.525,2493.525,0.0,0.0,203100.1873,0.0,203101.1055,1779564954430783442,3
qwenB,stfq,160.7459,208014.4391,7845.1868,7845.1868,0.0,0.0,200168.3078,0.0,200169.2523,1779564949323960579,3
qwenB,stfq,160.8056,208347.4689,7748.995,7748.995,0.0,0.0,200597.5657,0.0,200598.4738,1779564949812918006,3
qwenB,stfq,160.9415,208382.1383,7735.5542,7735.5542,0.0,0.0,200645.6869,0.0,200646.584,1779564949996905319,3
qwenB,stfq,160.9896,208579.7343,7734.098,7734.098,0.0,0.0,200844.7042,0.0,200845.6363,1779564950244076140,3
qwenB,stfq,161.054,208685.307,7733.6141,7733.6141,0.0,0.0,200950.6555,0.0,200951.693,1779564950414431069,3
qwenB,stfq,163.7197,206019.6328,3468.0619,3468.0619,0.0,0.0,202550.5967,0.0,202551.5709,1779564954680103352,3
qwenB,stfq,161.3166,208756.4754,7746.7051,7746.7051,0.0,0.0,201008.724,0.0,201009.7703,1779564950735057049,3
qwenB,stfq,164.7344,205338.6736,2397.8077,2397.8077,0.0,0.0,202939.8837,0.0,202940.8658,1779564956084076407,3
qwenB,stfq,161.35,208974.8564,7751.6905,7751.6905,0.0,0.0,201222.229,0.0,201223.1659,1779564950981981988,3
qwenB,stfq,161.8051,208839.7362,7652.7996,7652.7996,0.0,0.0,201186.0063,0.0,201186.9366,1779564951400897736,3
qwenB,stfq,161.9201,208969.281,7640.4165,7640.4165,0.0,0.0,201327.9395,0.0,201328.8644,1779564951657769897,3
qwenB,stfq,164.9308,206285.0621,3288.1221,3288.1221,0.0,0.0,202995.9853,0.0,202996.94,1779564956336539776,3
qwenB,stfq,162.2534,208962.5564,7638.7493,7638.7493,0.0,0.0,201322.8531,0.0,201323.8071,1779564951986026930,3
qwenB,stfq,162.1001,209115.8783,7645.6197,7645.6197,0.0,0.0,201469.3408,0.0,201470.2586,1779564951979205935,3
qwenB,stfq,162.3269,209223.5172,7654.2922,7654.2922,0.0,0.0,201568.2425,0.0,201569.2249,1779564952304924486,3
qwenB,stfq,165.5167,206033.8576,2226.2186,2226.2186,0.0,0.0,203806.679,0.0,203807.639,1779564957733124025,3
qwenB,stfq,162.4463,209430.1434,7661.492,7661.492,0.0,0.0,201767.7562,0.0,201768.6514,1779564952623830987,3
qwenB,stfq,162.6467,209622.6485,7562.7813,7562.7813,0.0,0.0,202058.9409,0.0,202059.8672,1779564953115446181,3
qwenB,stfq,162.6858,209754.3886,7553.9986,7553.9986,0.0,0.0,202199.4584,0.0,202200.39,1779564953295055329,3
qwenB,stfq,162.7416,209942.9486,7543.4209,7543.4209,0.0,0.0,202398.5417,0.0,202399.5277,1779564953549920365,3
qwenB,stfq,162.7402,209944.3858,7554.271,7554.271,0.0,0.0,202389.183,0.0,202390.1147,1779564953539178189,3
qwenB,stfq,165.7352,207129.4389,3124.5309,3124.5309,0.0,0.0,204003.9716,0.0,204004.908,1779564958148940848,3
qwenB,stfq,167.53,205581.0995,2221.1164,2221.1164,0.0,0.0,203359.0682,0.0,203359.9831,1779564959298870737,3
qwenB,stfq,162.7749,210507.7639,7747.5965,7747.5965,0.0,0.0,202759.2752,0.0,202760.1674,1779564953943962986,3
qwenB,stfq,162.8674,210733.5641,7748.062,7748.062,0.0,0.0,202984.5898,0.0,202985.5021,1779564954261710694,3
qwenB,stfq,162.9403,210978.9283,7652.9794,7652.9794,0.0,0.0,203325.0802,0.0,203325.9489,1779564954675104468,3
qwenB,stfq,163.9644,210123.9383,7645.0378,7645.0378,0.0,0.0,202477.9716,0.0,202478.9006,1779564954852125098,3
qwenB,stfq,164.0032,210328.712,7644.731,7644.731,0.0,0.0,202683.0616,0.0,202683.981,1779564955096024599,3
qwenB,stfq,167.7501,206756.4042,3283.9515,3283.9515,0.0,0.0,203471.4265,0.0,203472.4526,1779564959631289060,3
qwenB,stfq,164.2318,210274.7347,7648.2181,7648.2181,0.0,0.0,202625.561,0.0,202626.5166,1779564955267144783,3
qwenB,stfq,164.5546,210203.984,7654.1076,7654.1076,0.0,0.0,202548.9621,0.0,202549.8765,1779564955513293935,3
qwenB,stfq,168.6209,206307.4198,2487.3853,2487.3853,0.0,0.0,203819.1288,0.0,203820.0345,1779564960849757933,3
qwenB,stfq,164.7271,210519.3751,7740.9048,7740.9048,0.0,0.0,202777.6015,0.0,202778.4703,1779564955914436309,3
qwenB,stfq,164.8393,210725.9495,7646.4678,7646.4678,0.0,0.0,203078.6369,0.0,203079.4818,1779564956327694493,3
qwenB,stfq,165.0273,210709.1093,7636.3606,7636.3606,0.0,0.0,203071.8565,0.0,203072.7487,1779564956508936798,3
qwenB,stfq,165.0419,210939.389,7636.4971,7636.4971,0.0,0.0,203301.9879,0.0,203302.8919,1779564956753695243,3
qwenB,stfq,169.0574,207093.1635,3458.5538,3458.5538,0.0,0.0,203633.631,0.0,203634.6097,1779564961100809655,3
qwenB,stfq,165.1987,210951.932,7634.4721,7634.4721,0.0,0.0,203316.5326,0.0,203317.4599,1779564956924992508,3
qwenB,stfq,165.4669,210934.7198,7640.6307,7640.6307,0.0,0.0,203293.1936,0.0,203294.0891,1779564957169834136,3
qwenB,stfq,169.8772,206695.8001,2484.024,2484.024,0.0,0.0,204210.8533,0.0,204211.7761,1779564962497847389,3
qwenB,stfq,165.4773,211415.1657,7738.7462,7738.7462,0.0,0.0,203675.5252,0.0,203676.4195,1779564957562569308,3
qwenB,stfq,165.5181,211693.7265,7641.7922,7641.7922,0.0,0.0,204051.0643,0.0,204051.9343,1779564957978882414,3
qwenB,stfq,166.3365,211044.4891,7634.1322,7634.1322,0.0,0.0,203409.4028,0.0,203410.3569,1779564958155632193,3
qwenB,stfq,166.6254,211072.2442,7617.5059,7617.5059,0.0,0.0,203453.7518,0.0,203454.7383,1779564958488915333,3
qwenB,stfq,166.3389,211358.8009,7623.8733,7623.8733,0.0,0.0,203733.9931,0.0,203734.9276,1779564958482647194,3
qwenB,stfq,169.9496,207928.2534,3370.6347,3370.6347,0.0,0.0,204556.7095,0.0,204557.6187,1779564962916085831,3
qwenB,stfq,166.6989,211349.7434,7723.1159,7723.1159,0.0,0.0,203625.7322,0.0,203626.6275,1779564958734386209,3
qwenB,stfq,170.3433,207875.3557,2481.6278,2481.6278,0.0,0.0,205392.8597,0.0,205393.7279,1779564964145951450,3
qwenB,stfq,167.0617,211401.9384,7818.0843,7818.0843,0.0,0.0,203582.9465,0.0,203583.8541,1779564959054404707,3
qwenB,stfq,167.7327,211196.955,7712.8138,7712.8138,0.0,0.0,203483.1595,0.0,203484.1412,1779564959625589346,3
qwenB,stfq,167.8508,211078.8486,7699.1444,7699.1444,0.0,0.0,203378.7568,0.0,203379.7042,1779564959639354810,3
qwenB,stfq,167.8733,211383.2407,7705.2429,7705.2429,0.0,0.0,203677.0463,0.0,203677.9978,1779564959960066526,3
qwenB,stfq,168.4655,210791.1017,7699.8585,7699.8585,0.0,0.0,203090.3208,0.0,203091.2432,1779564959965540981,3
qwenB,stfq,170.5886,208847.4314,3284.7237,3284.7237,0.0,0.0,205561.794,0.0,205562.7077,1779564964560161289,3
qwenB,stfq,171.4911,208188.4315,2297.9115,2297.9115,0.0,0.0,205889.5526,0.0,205890.52,1779564965790427534,3
qwenB,stfq,168.545,211134.6157,7802.4415,7802.4415,0.0,0.0,203331.2488,0.0,203332.1742,1779564960285990006,3
qwenB,stfq,168.5764,211504.5857,7810.9738,7810.9738,0.0,0.0,203692.7423,0.0,203693.6119,1779564960678922576,3
qwenB,stfq,169.0424,211356.1215,7713.2383,7713.2383,0.0,0.0,203642.0064,0.0,203642.8832,1779564961094162771,3
qwenB,stfq,169.2209,211347.9495,7703.5334,7703.5334,0.0,0.0,203643.45,0.0,203644.4161,1779564961274139845,3
qwenB,stfq,169.4976,211318.1148,7703.9359,7703.9359,0.0,0.0,203613.3244,0.0,203614.1788,1779564961520661195,3
qwenB,stfq,169.5627,211429.4417,7708.7717,7708.7717,0.0,0.0,203719.7182,0.0,203720.67,1779564961692215515,3
qwenB,stfq,171.6964,209295.8827,3287.1484,3287.1484,0.0,0.0,206007.8182,0.0,206008.7343,1779564966113930780,3
qwenB,stfq,172.2309,209013.7031,2307.09,2307.09,0.0,0.0,206705.6894,0.0,206706.6131,1779564967346307188,3
qwenB,stfq,169.6993,211715.8623,7813.5358,7813.5358,0.0,0.0,203901.4225,0.0,203902.3265,1779564962010442210,3
qwenB,stfq,169.8008,211932.4844,7813.3994,7813.3994,0.0,0.0,204118.1805,0.0,204119.085,1779564962328716709,3
qwenB,stfq,169.9413,212112.113,7720.8513,7720.8513,0.0,0.0,204390.4169,0.0,204391.2617,1779564962741436262,3
qwenB,stfq,169.993,212229.8348,7709.4867,7709.4867,0.0,0.0,204519.4893,0.0,204520.3481,1779564962922202020,3
qwenB,stfq,170.0164,212449.1117,7706.3228,7706.3228,0.0,0.0,204741.8904,0.0,204742.7889,1779564963168055651,3
qwenB,stfq,170.0929,212544.2343,7708.0037,7708.0037,0.0,0.0,204835.2015,0.0,204836.2306,1779564963337816538,3
qwenB,stfq,172.3059,210331.1784,3373.5954,3373.5954,0.0,0.0,206956.5961,0.0,206957.583,1779564967672306041,3
qwenB,stfq,170.2694,212694.6173,7716.8456,7716.8456,0.0,0.0,204976.7983,0.0,204977.7717,1779564963655984283,3
qwenB,stfq,173.4045,209559.5992,2394.4999,2394.4999,0.0,0.0,207164.1452,0.0,207165.0992,1779564968978408709,3
qwenB,stfq,170.3019,212987.823,7723.8306,7723.8306,0.0,0.0,205263.1247,0.0,205263.9924,1779564963974774439,3
qwenB,stfq,170.3928,213209.0647,7619.9323,7619.9323,0.0,0.0,205588.2974,0.0,205589.1325,1779564964390864903,3
qwenB,stfq,170.8382,212934.4254,7615.2589,7615.2589,0.0,0.0,205318.233,0.0,205319.1665,1779564964566194181,3
qwenB,stfq,170.8564,213159.606,7613.7386,7613.7386,0.0,0.0,205544.9905,0.0,205545.8674,1779564964811116960,3
qwenB,stfq,171.1491,213038.2075,7613.5935,7613.5935,0.0,0.0,205423.728,0.0,205424.614,1779564964982549011,3
qwenB,stfq,173.6432,210713.0239,3363.3203,3363.3203,0.0,0.0,207348.8383,0.0,207349.7036,1779564969401779371,3
qwenB,stfq,171.3402,213260.9625,7708.0665,7708.0665,0.0,0.0,205551.9645,0.0,205552.896,1779564965301962117,3
qwenB,stfq,173.8113,210790.0159,2377.7958,2377.7958,0.0,0.0,208411.2835,0.0,208412.2201,1779564970632309628,3
qwenB,stfq,171.3527,213575.2366,7715.4863,7715.4863,0.0,0.0,205858.886,0.0,205859.7502,1779564965621300171,3
qwenB,stfq,171.603,213718.1394,7622.7889,7622.7889,0.0,0.0,206094.4548,0.0,206095.3506,1779564966107240674,3
qwenB,stfq,171.7068,213783.6759,7611.9812,7611.9812,0.0,0.0,206170.8508,0.0,206171.6947,1779564966287381781,3
qwenB,stfq,171.8365,213823.5266,7610.7458,7610.7458,0.0,0.0,206211.9169,0.0,206212.7808,1779564966458133328,3
qwenB,stfq,171.9339,213896.4124,7611.019,7611.019,0.0,0.0,206284.5118,0.0,206285.3934,1779564966628207581,3
qwenB,stfq,173.95,212051.0435,3363.244,3363.244,0.0,0.0,208686.8989,0.0,208687.7995,1779564971046666290,3
qwenB,stfq,171.9734,214197.6471,7706.7884,7706.7884,0.0,0.0,206489.9805,0.0,206490.8587,1779564966873138347,3
qwenB,stfq,174.3048,212035.3768,2566.9268,2566.9268,0.0,0.0,209467.5345,0.0,209468.45,1779564972182096478,3
qwenB,stfq,172.0469,214710.0701,7826.6845,7826.6845,0.0,0.0,206882.5526,0.0,206883.3856,1779564967339189449,3
qwenB,stfq,172.2373,214837.1642,7817.2134,7817.2134,0.0,0.0,207019.074,0.0,207019.9508,1779564967666100507,3
qwenB,stfq,172.5356,214708.5505,7807.5214,7807.5214,0.0,0.0,206900.1524,0.0,206901.029,1779564967845541676,3
qwenB,stfq,172.6053,214882.9336,7807.8843,7807.8843,0.0,0.0,207074.0893,0.0,207075.0493,1779564968089130475,3
qwenB,stfq,172.8502,214638.1216,7800.8774,7800.8774,0.0,0.0,206836.2968,0.0,206837.2442,1779564968096209343,3
qwenB,stfq,174.509,213155.1719,3476.3377,3476.3377,0.0,0.0,209677.9749,0.0,209678.8341,1779564972596784742,3
qwenB,stfq,172.8726,215107.1305,7898.0489,7898.0489,0.0,0.0,207208.1373,0.0,207209.0816,1779564968490516004,3
qwenB,stfq,174.9352,213044.5735,2488.6651,2488.6651,0.0,0.0,210554.9803,0.0,210555.9084,1779564973899969731,3
qwenB,stfq,173.0564,215248.2734,7905.4927,7905.4927,0.0,0.0,207341.8872,0.0,207342.7807,1779564968808013472,3
qwenB,stfq,173.4239,215198.9648,7806.5848,7806.5848,0.0,0.0,207391.5291,0.0,207392.38,1779564969225227478,3
qwenB,stfq,173.6816,215111.9254,7793.9975,7793.9975,0.0,0.0,207317.0795,0.0,207317.9279,1779564969408449257,3
qwenB,stfq,173.697,215339.0064,7790.8565,7790.8565,0.0,0.0,207547.2972,0.0,207548.1499,1779564969654050545,3
qwenB,stfq,173.7093,215497.6792,7791.2333,7791.2333,0.0,0.0,207705.5297,0.0,207706.4459,1779564969824629544,3
qwenB,stfq,175.082,214125.0577,3376.0557,3376.0557,0.0,0.0,210748.0917,0.0,210749.002,1779564974239869904,3
qwenB,stfq,175.4916,214041.8153,2288.5876,2288.5876,0.0,0.0,211752.3234,0.0,211753.2277,1779564975653696945,3
qwenB,stfq,173.7745,215759.0158,7799.5886,7799.5886,0.0,0.0,207958.5457,0.0,207959.4272,1779564970142764850,3
qwenB,stfq,173.7759,216082.1362,7803.9866,7803.9866,0.0,0.0,208277.2593,0.0,208278.1495,1779564970462882709,3
qwenB,stfq,173.8768,216298.2578,7708.9589,7708.9589,0.0,0.0,208588.4662,0.0,208589.2989,1779564970875002104,3
qwenB,stfq,173.9784,216365.6936,7700.1454,7700.1454,0.0,0.0,208664.6914,0.0,208665.5482,1779564971052893223,3
qwenB,stfq,174.0515,216617.0719,7698.1369,7698.1369,0.0,0.0,208917.9769,0.0,208918.935,1779564971379284866,3
qwenB,stfq,174.0269,216641.7747,7703.8347,7703.8347,0.0,0.0,208936.9709,0.0,208937.9399,1779564971373649840,3
qwenB,stfq,175.7003,214968.4052,3174.1786,3174.1786,0.0,0.0,211793.242,0.0,211794.2266,1779564975903336502,3
qwenB,stfq,176.3845,214616.9002,2207.2108,2207.2108,0.0,0.0,212408.7875,0.0,212409.6894,1779564977203048361,3
qwenB,stfq,174.087,216914.48,7711.093,7711.093,0.0,0.0,209202.4977,0.0,209203.387,1779564971699226783,3
qwenB,stfq,174.2363,217091.8272,7725.6618,7725.6618,0.0,0.0,209365.3193,0.0,209366.1654,1779564972011393600,3
qwenB,stfq,174.4736,217171.237,7628.3158,7628.3158,0.0,0.0,209542.135,0.0,209542.9212,1779564972425487562,3
qwenB,stfq,174.5115,217376.4288,7531.124,7531.124,0.0,0.0,209844.4378,0.0,209845.3048,1779564972765729664,3
qwenB,stfq,174.7658,217366.3902,7524.0968,7524.0968,0.0,0.0,209841.3808,0.0,209842.2935,1779564973016973558,3
qwenB,stfq,174.6094,217522.8536,7530.3009,7530.3009,0.0,0.0,209991.6487,0.0,209992.5527,1779564973010822438,3
qwenB,stfq,176.4925,215818.7282,3103.5139,3103.5139,0.0,0.0,212714.3521,0.0,212715.2143,1779564977616592955,3
qwenB,stfq,174.7782,217777.2193,7626.887,7626.887,0.0,0.0,210149.4148,0.0,210150.3323,1779564973337402303,3
qwenB,stfq,177.1849,215370.6038,2210.6882,2210.6882,0.0,0.0,213158.9754,0.0,213159.9156,1779564978753656190,3
qwenB,stfq,174.9198,218039.2873,7637.2938,7637.2938,0.0,0.0,210401.1519,0.0,210401.9936,1779564973730683398,3
qwenB,stfq,174.9797,218222.8165,7541.9262,7541.9262,0.0,0.0,210680.0497,0.0,210680.8903,1779564974069515229,3
qwenB,stfq,175.0944,218351.8274,7444.5991,7444.5991,0.0,0.0,210906.3656,0.0,210907.2283,1779564974410566086,3
qwenB,stfq,175.2161,218399.7273,7444.1481,7444.1481,0.0,0.0,210954.71,0.0,210955.5792,1779564974580564357,3
qwenB,stfq,175.3116,218474.1058,7444.9587,7444.9587,0.0,0.0,211028.3084,0.0,211029.1471,1779564974749690079,3
qwenB,stfq,177.2691,216687.4483,3282.028,3282.028,0.0,0.0,213404.5551,0.0,213405.4203,1779564979083435429,3
qwenB,stfq,177.8732,216402.2934,2386.8163,2386.8163,0.0,0.0,214014.5421,0.0,214015.4771,1779564980297476974,3
qwenB,stfq,175.4458,218829.7405,7517.8707,7517.8707,0.0,0.0,211310.9183,0.0,211311.8698,1779564975166475253,3
qwenB,stfq,175.4562,219148.5524,7529.7145,7529.7145,0.0,0.0,211617.9852,0.0,211618.8379,1779564975483944034,3
qwenB,stfq,175.6989,219226.3138,7436.3283,7436.3283,0.0,0.0,211789.1006,0.0,211789.9856,1779564975897788755,3
qwenB,stfq,175.9185,219176.5389,7430.2062,7430.2062,0.0,0.0,211745.4779,0.0,211746.3328,1779564976073742873,3
qwenB,stfq,176.0817,219244.6587,7345.7405,7345.7405,0.0,0.0,211897.9099,0.0,211898.9182,1779564976389329459,3
qwenB,stfq,176.0931,219233.2749,7338.7364,7338.7364,0.0,0.0,211893.5616,0.0,211894.5385,1779564976396383439,3
qwenB,stfq,178.1214,217204.9913,3187.0916,3187.0916,0.0,0.0,214016.9177,0.0,214017.8997,1779564980548055576,3
qwenB,stfq,176.1144,219433.96,7243.1732,7243.1732,0.0,0.0,212189.9078,0.0,212190.7867,1779564976714116469,3
qwenB,stfq,178.9075,216640.9531,2101.5393,2101.5393,0.0,0.0,214538.5599,0.0,214539.4137,1779564981855795619,3
qwenB,stfq,176.302,219467.0274,7145.6051,7145.6051,0.0,0.0,212320.6458,0.0,212321.4223,1779564977032415196,3
qwenB,stfq,176.453,219536.5374,6952.9709,6952.9709,0.0,0.0,212582.7496,0.0,212583.5665,1779564977445513854,3
qwenB,stfq,176.5637,219500.0935,6849.4355,6849.4355,0.0,0.0,212649.8864,0.0,212650.6579,1779564977623392460,3
qwenB,stfq,176.6192,219675.7774,6760.7779,6760.7779,0.0,0.0,212914.042,0.0,212914.9995,1779564977943003417,3
qwenB,stfq,179.1188,217176.1489,2508.5767,2508.5767,0.0,0.0,214666.6522,0.0,214667.5722,1779564982195260806,3
qwenB,stfq,176.6852,219609.8595,6754.1484,6754.1484,0.0,0.0,212854.7919,0.0,212855.711,1779564977949719259,3
qwenB,stfq,176.907,219606.4532,6654.9796,6654.9796,0.0,0.0,212950.7246,0.0,212951.4736,1779564978267496687,3
qwenB,stfq,176.9114,219819.4814,6555.3562,6555.3562,0.0,0.0,213263.3736,0.0,213264.1252,1779564978584550478,3
qwenB,stfq,177.2274,219791.6512,6349.7507,6349.7507,0.0,0.0,213441.1056,0.0,213441.9006,1779564979078265788,3
qwenB,stfq,177.4118,219607.2354,6336.4664,6336.4664,0.0,0.0,213270.0043,0.0,213270.7691,1779564979091599548,3
qwenB,stfq,177.6553,219578.6247,6231.8641,6231.8641,0.0,0.0,213345.9854,0.0,213346.7607,1779564979411007823,3
qwenB,stfq,177.7578,219476.1138,6224.593,6224.593,0.0,0.0,213250.7761,0.0,213251.5208,1779564979418328574,3
qwenB,stfq,177.7923,219655.3009,6118.914,6118.914,0.0,0.0,213535.6512,0.0,213536.3869,1779564979737665289,3
qwenB,stfq,177.8067,219860.1465,6021.5726,6021.5726,0.0,0.0,213837.8983,0.0,213838.5739,1779564980054385537,3
qwenB,stfq,177.8836,220064.6338,5815.4744,5815.4744,0.0,0.0,214248.467,0.0,214249.1595,1779564980541826210,3
qwenB,stfq,178.1649,219855.2008,5708.4044,5708.4044,0.0,0.0,214146.1034,0.0,214146.7964,1779564980720733881,3
qwenB,stfq,178.5305,219630.6748,5597.9146,5597.9146,0.0,0.0,214032.0084,0.0,214032.7602,1779564980972290547,3
qwenB,stfq,178.3259,219835.2928,5605.2157,5605.2157,0.0,0.0,214229.3701,0.0,214230.0771,1779564980965054124,3
qwenB,stfq,178.6381,219801.084,5479.6826,5479.6826,0.0,0.0,214320.7552,0.0,214321.4014,1779564981368576565,3
qwenB,stfq,178.8039,219775.1791,5376.1492,5376.1492,0.0,0.0,214398.3831,0.0,214399.03,1779564981612036422,3
qwenB,stfq,178.9614,219826.0112,5171.202,5171.202,0.0,0.0,214654.1743,0.0,214654.8092,1779564982025338146,3
qwenB,stfq,179.2644,219662.6656,4970.0675,4970.0675,0.0,0.0,214691.931,0.0,214692.5981,1779564982366072883,3
qwenB,stfq,179.4609,219673.5296,4850.7991,4850.7991,0.0,0.0,214822.0139,0.0,214822.7305,1779564982692682985,3
qwenB,stfq,179.2839,219850.5828,4858.4703,4858.4703,0.0,0.0,214991.4184,0.0,214992.1125,1779564982685059408,3
qwenB,stfq,179.5176,219823.1907,4735.621,4735.621,0.0,0.0,215086.9436,0.0,215087.5697,1779564983014258133,3
qwenB,stfq,179.8546,219699.5132,4628.6018,4628.6018,0.0,0.0,215070.2853,0.0,215070.9114,1779564983334685779,3
