task,device_url,n_requests,throughput_rps,avg_latency_ms
gestureclass,10.100.31.64:8000,397,6.616666666666666,151.34703302263313
ecgclass,10.100.31.64:8000,397,6.616666666666666,151.35081949402164
