task,send_time_s,latency_ms,phase
nyudepth,0.0001,539.633,1
nyudepth,0.4817,168.102,1
nyudepth,0.9486,77.766,1
nyudepth,1.4261,66.536,1
nyudepth,1.4821,79.105,1
nyudepth,1.4992,63.091,1
nyudepth,1.7893,20.146,1
nyudepth,2.0716,31.104,1
nyudepth,2.6964,41.682,1
nyudepth,2.7119,51.147,1
nyudepth,2.9229,28.435,1
nyudepth,2.9359,35.683,1
nyudepth,3.1531,18.358,1
nyudepth,3.4998,33.134,1
nyudepth,3.5772,29.827,1
nyudepth,3.8236,36.997,1
nyudepth,3.8538,27.155,1
nyudepth,3.8727,28.100,1
nyudepth,3.9353,43.869,1
nyudepth,4.1160,45.220,1
nyudepth,4.1980,45.496,1
nyudepth,4.4475,25.867,1
nyudepth,4.4927,48.655,1
nyudepth,4.8605,38.103,1
nyudepth,5.1059,31.177,1
nyudepth,5.2367,43.510,1
nyudepth,5.3211,27.948,1
nyudepth,5.4110,32.238,1
nyudepth,5.4264,44.318,1
nyudepth,5.4618,33.502,1
nyudepth,5.5993,25.834,1
nyudepth,5.6783,22.711,1
nyudepth,5.9310,27.446,1
nyudepth,6.0709,26.269,1
nyudepth,6.1185,34.147,1
nyudepth,6.2116,18.647,1
nyudepth,6.3397,36.982,1
nyudepth,6.4081,18.192,1
nyudepth,6.4728,34.714,1
nyudepth,6.6482,47.010,1
nyudepth,6.7081,42.911,1
nyudepth,6.9744,34.922,1
nyudepth,7.2530,39.497,1
nyudepth,7.4700,30.281,1
nyudepth,7.4838,46.164,1
nyudepth,7.7110,27.064,1
nyudepth,7.9821,34.666,1
nyudepth,8.2065,35.932,1
nyudepth,8.2623,21.218,1
nyudepth,8.3269,38.456,1
nyudepth,8.3592,25.654,1
nyudepth,8.4300,29.850,1
nyudepth,8.4347,26.745,1
nyudepth,8.4684,33.637,1
nyudepth,8.7313,18.972,1
nyudepth,9.5301,25.555,1
nyudepth,9.6435,38.054,1
nyudepth,9.7000,32.152,1
nyudepth,9.7797,32.247,1
nyudepth,9.8520,18.976,1
nyudepth,9.8771,26.691,1
nyudepth,10.0946,31.470,1
nyudepth,10.3706,42.582,1
nyudepth,10.6711,19.838,1
nyudepth,11.7332,43.211,1
nyudepth,12.1554,29.688,1
nyudepth,12.4837,41.513,1
nyudepth,12.6916,34.470,1
nyudepth,12.8103,25.502,1
nyudepth,12.8193,41.066,1
nyudepth,13.0110,47.757,1
nyudepth,13.1353,30.812,1
nyudepth,13.4368,34.904,1
nyudepth,13.8422,19.171,1
nyudepth,13.9081,27.902,1
nyudepth,13.9181,36.917,1
nyudepth,14.1035,41.336,1
nyudepth,14.6146,36.275,1
nyudepth,14.7788,20.288,1
nyudepth,15.2042,30.370,1
nyudepth,15.3551,40.107,1
nyudepth,15.6179,21.302,1
nyudepth,15.6753,20.051,1
nyudepth,15.7025,26.569,1
nyudepth,15.7312,39.540,1
nyudepth,15.7543,36.458,1
nyudepth,15.7652,43.596,1
nyudepth,16.1090,33.896,1
nyudepth,16.1989,35.609,1
nyudepth,16.2755,37.528,1
nyudepth,16.4630,38.468,1
nyudepth,16.5009,26.322,1
nyudepth,16.8836,38.538,1
nyudepth,17.1426,19.190,1
nyudepth,17.2079,21.013,1
nyudepth,17.2484,40.523,1
nyudepth,17.3544,39.652,1
nyudepth,17.4157,44.666,1
nyudepth,17.4309,31.477,1
nyudepth,17.5318,31.870,1
nyudepth,17.9818,28.428,1
nyudepth,18.1833,18.588,1
nyudepth,18.7998,18.750,1
nyudepth,19.2105,39.508,1
nyudepth,19.4325,21.516,1
nyudepth,19.8027,39.189,1
nyudepth,19.9483,34.218,1
nyudepth,20.1624,24.608,1
nyudepth,20.2381,38.820,1
nyudepth,20.2821,33.963,1
nyudepth,20.7111,36.572,1
nyudepth,20.7385,26.205,1
nyudepth,20.7763,27.820,1
nyudepth,20.8384,23.371,1
nyudepth,21.0319,45.702,1
nyudepth,21.1143,27.644,1
nyudepth,21.2517,18.074,1
nyudepth,21.6834,26.277,1
nyudepth,21.9920,23.462,1
nyudepth,22.2257,35.217,1
nyudepth,22.2603,20.265,1
nyudepth,22.4987,29.793,1
nyudepth,22.5892,28.760,1
nyudepth,22.6143,40.272,1
nyudepth,22.6937,20.487,1
nyudepth,22.7083,26.128,1
nyudepth,22.8906,27.578,1
nyudepth,23.0852,30.498,1
nyudepth,23.1439,25.239,1
nyudepth,23.1529,32.475,1
nyudepth,23.6992,30.356,1
nyudepth,23.8612,39.230,1
nyudepth,24.1581,40.895,1
nyudepth,24.2289,34.115,1
nyudepth,24.5640,18.537,1
nyudepth,24.8928,20.717,1
nyudepth,24.9114,43.016,1
nyudepth,25.9970,21.335,1
nyudepth,26.1325,37.774,1
nyudepth,26.4117,43.562,1
nyudepth,26.4604,36.385,1
nyudepth,26.6582,78.282,1
nyudepth,26.7147,57.252,1
nyudepth,27.0382,26.143,1
nyudepth,27.1298,32.997,1
nyudepth,27.2856,38.381,1
nyudepth,27.3913,31.904,1
nyudepth,27.5417,43.869,1
nyudepth,27.6359,20.262,1
nyudepth,27.7590,20.491,1
nyudepth,27.7650,31.440,1
nyudepth,28.0822,18.993,1
nyudepth,28.5839,47.773,1
nyudepth,28.7008,40.255,1
nyudepth,29.3806,44.930,1
nyudepth,29.4149,29.650,1
nyudepth,29.9721,33.444,1
nyudepth,30.0441,37.414,1
nyudepth,30.1779,40.712,1
nyudepth,30.6657,29.312,1
nyudepth,30.6925,44.658,1
nyudepth,30.7297,43.059,1
nyudepth,30.9974,31.281,1
nyudepth,31.1945,44.445,1
nyudepth,31.2519,36.255,1
nyudepth,31.3406,35.462,1
nyudepth,31.4913,19.832,1
nyudepth,31.8714,30.731,1
nyudepth,31.9431,20.376,1
nyudepth,32.0952,28.477,1
nyudepth,32.1655,38.810,1
nyudepth,32.2267,36.515,1
nyudepth,32.6535,33.598,1
nyudepth,32.7643,19.628,1
nyudepth,33.0325,24.152,1
nyudepth,33.0937,38.157,1
nyudepth,33.1309,19.970,1
nyudepth,33.3589,36.802,1
nyudepth,33.6422,31.008,1
nyudepth,33.8331,21.228,1
nyudepth,34.0703,26.410,1
nyudepth,34.2734,26.344,1
nyudepth,34.4920,30.070,1
nyudepth,34.9437,20.143,1
nyudepth,35.5076,50.463,1
nyudepth,35.6411,23.027,1
nyudepth,35.6589,43.856,1
nyudepth,35.9396,27.932,1
nyudepth,36.1088,19.848,1
nyudepth,36.5976,40.595,1
nyudepth,36.8052,27.910,1
nyudepth,36.8331,23.786,1
nyudepth,37.0437,38.922,1
nyudepth,37.1578,28.907,1
nyudepth,37.1810,49.172,1
nyudepth,37.2355,37.590,1
nyudepth,37.9304,25.861,1
nyudepth,38.0113,36.583,1
nyudepth,38.0644,27.062,1
nyudepth,38.1516,38.685,1
nyudepth,38.5654,41.847,1
nyudepth,38.7829,119.467,1
nyudepth,38.8960,85.438,1
nyudepth,38.8960,87.372,1
nyudepth,38.9117,73.773,1
nyudepth,38.9422,60.663,1
nyudepth,39.3551,26.677,1
nyudepth,39.3763,32.346,1
nyudepth,39.5142,31.765,1
nyudepth,39.7177,21.012,1
nyudepth,40.2912,30.303,1
nyudepth,40.3492,44.799,1
nyudepth,40.6961,20.145,1
nyudepth,40.8491,27.137,1
nyudepth,41.1952,39.193,1
nyudepth,41.2669,31.540,1
nyudepth,41.3331,35.407,1
nyudepth,41.3836,37.167,1
nyudepth,41.5923,28.414,1
nyudepth,41.7225,40.689,1
nyudepth,41.8956,41.854,1
nyudepth,42.1521,43.211,1
nyudepth,42.3833,40.742,1
nyudepth,42.5927,19.033,1
nyudepth,42.8719,39.360,1
nyudepth,42.8791,34.113,1
nyudepth,43.1811,26.077,1
nyudepth,43.4399,28.919,1
nyudepth,43.5280,40.499,1
nyudepth,43.5752,34.391,1
nyudepth,43.7181,34.549,1
nyudepth,44.1229,33.069,1
nyudepth,44.1881,36.607,1
nyudepth,44.4744,23.877,1
nyudepth,45.0693,23.689,1
nyudepth,45.1482,55.317,1
nyudepth,46.0102,45.712,1
nyudepth,46.0209,37.003,1
nyudepth,46.0286,31.327,1
nyudepth,46.3994,39.340,1
nyudepth,46.5292,24.058,1
nyudepth,46.6503,19.498,1
nyudepth,47.0429,26.544,1
nyudepth,47.5368,21.731,1
nyudepth,47.7020,21.546,1
nyudepth,48.1236,31.833,1
nyudepth,48.3250,42.045,1
nyudepth,48.4266,33.669,1
nyudepth,48.4742,49.577,1
nyudepth,48.7503,27.206,1
nyudepth,49.1773,36.128,1
nyudepth,49.7116,36.924,1
nyudepth,49.7717,21.041,1
nyudepth,49.9775,26.549,1
nyudepth,50.0797,27.553,1
nyudepth,50.4224,20.636,1
nyudepth,50.4669,32.870,1
nyudepth,50.4784,41.553,1
nyudepth,50.5507,20.379,1
nyudepth,50.5655,24.074,1
nyudepth,50.6589,47.438,1
nyudepth,50.7560,33.088,1
nyudepth,50.7794,25.459,1
nyudepth,51.3966,23.979,1
nyudepth,51.4568,41.918,1
nyudepth,51.6966,28.471,1
nyudepth,51.7364,26.981,1
nyudepth,51.8381,21.332,1
nyudepth,51.8562,43.957,1
nyudepth,51.8797,42.290,1
nyudepth,51.8824,41.395,1
nyudepth,52.2046,38.222,1
nyudepth,52.2758,35.515,1
nyudepth,52.4149,42.998,1
nyudepth,52.5882,39.196,1
nyudepth,52.6241,47.917,1
nyudepth,53.2109,26.184,1
nyudepth,53.3207,35.120,1
nyudepth,53.3357,40.681,1
nyudepth,53.3569,37.799,1
nyudepth,53.4563,41.800,1
nyudepth,53.4821,42.224,1
nyudepth,53.5466,47.862,1
nyudepth,53.6953,21.172,1
nyudepth,53.7038,31.075,1
nyudepth,53.7755,41.447,1
nyudepth,54.0895,30.065,1
nyudepth,54.1042,33.376,1
nyudepth,54.2987,38.229,1
nyudepth,54.3091,29.800,1
nyudepth,54.8445,32.494,1
nyudepth,54.8964,39.198,1
nyudepth,54.9457,20.778,1
nyudepth,55.1627,35.276,1
nyudepth,55.6146,21.818,1
nyudepth,56.2516,30.085,1
nyudepth,56.5279,26.590,1
nyudepth,56.8733,46.841,1
nyudepth,57.0932,26.612,1
nyudepth,57.1319,17.744,1
nyudepth,57.3645,48.244,1
nyudepth,57.3982,33.551,1
nyudepth,57.5957,28.858,1
nyudepth,57.7489,25.048,1
nyudepth,57.8203,43.099,1
nyudepth,57.9638,19.194,1
nyudepth,58.1430,31.743,1
nyudepth,58.1908,26.246,1
nyudepth,58.2733,19.302,1
nyudepth,58.3574,37.982,1
nyudepth,58.3805,33.737,1
nyudepth,58.4383,37.043,1
nyudepth,58.6448,54.529,1
nyudepth,58.8822,33.381,1
nyudepth,58.9972,19.771,1
nyudepth,59.1176,43.663,1
nyudepth,59.1967,20.787,1
nyudepth,59.4296,34.069,1
nyudepth,59.5118,33.251,1
nyudepth,59.7027,20.924,1
nyudepth,59.8313,29.605,1
nyudepth,59.9509,22.361,1
nyudepth,60.5253,27.227,2
nyudepth,60.5611,38.010,2
nyudepth,60.5778,45.632,2
nyudepth,60.5968,47.207,2
nyudepth,60.5992,47.404,2
nyudepth,60.6078,40.766,2
nyudepth,60.6293,45.754,2
nyudepth,60.6459,56.337,2
nyudepth,60.6498,55.208,2
nyudepth,60.7016,74.097,2
nyudepth,60.7023,75.278,2
nyudepth,60.7210,59.437,2
nyudepth,60.7227,59.023,2
nyudepth,60.7633,57.372,2
nyudepth,60.7653,57.256,2
nyudepth,60.7906,63.861,2
nyudepth,60.7935,62.974,2
nyudepth,60.8693,37.260,2
nyudepth,60.8789,54.364,2
nyudepth,60.8999,58.591,2
nyudepth,60.9147,45.956,2
nyudepth,60.9261,63.176,2
nyudepth,60.9504,40.990,2
nyudepth,60.9625,52.516,2
nyudepth,61.0080,30.808,2
nyudepth,61.0097,31.170,2
nyudepth,61.0986,30.229,2
nyudepth,61.1126,44.298,2
nyudepth,61.1175,41.472,2
nyudepth,61.1270,62.090,2
nyudepth,61.1479,72.588,2
nyudepth,61.1641,57.973,2
nyudepth,61.1992,41.513,2
nyudepth,61.2382,49.291,2
nyudepth,61.2532,36.231,2
nyudepth,61.2796,35.728,2
nyudepth,61.2905,45.864,2
nyudepth,61.2918,46.647,2
nyudepth,61.3010,39.675,2
nyudepth,61.3067,35.754,2
nyudepth,61.3396,42.334,2
nyudepth,61.3425,41.369,2
nyudepth,61.3641,43.961,2
nyudepth,61.4022,43.892,2
nyudepth,61.4040,44.182,2
nyudepth,61.4205,29.717,2
nyudepth,61.4645,24.424,2
nyudepth,61.4724,38.258,2
nyudepth,61.4809,31.824,2
nyudepth,61.4910,50.302,2
nyudepth,61.4950,48.261,2
nyudepth,61.4984,46.876,2
nyudepth,61.5494,38.344,2
nyudepth,61.5898,23.421,2
nyudepth,61.5991,32.959,2
nyudepth,61.6048,29.335,2
nyudepth,61.6273,49.404,2
nyudepth,61.6993,47.935,2
nyudepth,61.7367,31.233,2
nyudepth,61.7441,54.286,2
nyudepth,61.7555,44.799,2
nyudepth,61.7735,53.563,2
nyudepth,61.7861,43.039,2
nyudepth,61.7910,40.335,2
nyudepth,61.7962,62.340,2
nyudepth,61.8145,45.492,2
nyudepth,61.8726,31.554,2
nyudepth,61.8762,47.926,2
nyudepth,61.8964,50.437,2
nyudepth,61.9398,59.492,2
nyudepth,61.9399,61.433,2
nyudepth,61.9490,54.539,2
nyudepth,61.9713,60.959,2
nyudepth,62.0092,40.642,2
nyudepth,62.0559,22.471,2
nyudepth,62.0620,35.570,2
nyudepth,62.0632,36.299,2
nyudepth,62.0689,33.324,2
nyudepth,62.0825,42.095,2
nyudepth,62.0863,40.293,2
nyudepth,62.0942,49.979,2
nyudepth,62.1178,28.407,2
nyudepth,62.1179,30.732,2
nyudepth,62.1473,24.486,2
nyudepth,62.1474,47.740,2
nyudepth,62.1648,32.309,2
nyudepth,62.1648,35.206,2
nyudepth,62.1696,53.016,2
nyudepth,62.1800,45.485,2
nyudepth,62.2157,59.442,2
nyudepth,62.2198,58.410,2
nyudepth,62.2842,54.620,2
nyudepth,62.3204,87.576,2
nyudepth,62.3223,87.593,2
nyudepth,62.3224,89.568,2
nyudepth,62.3246,89.690,2
nyudepth,62.3409,74.974,2
nyudepth,62.4435,43.954,2
nyudepth,62.4501,39.225,2
nyudepth,62.4735,38.361,2
nyudepth,62.4747,39.340,2
nyudepth,62.5005,37.658,2
nyudepth,62.5334,44.227,2
nyudepth,62.5710,24.625,2
nyudepth,62.6077,25.983,2
nyudepth,62.6360,44.111,2
nyudepth,62.6373,44.823,2
nyudepth,62.6512,58.453,2
nyudepth,62.6580,53.619,2
nyudepth,62.6660,48.509,2
nyudepth,62.7033,48.822,2
nyudepth,62.7389,37.918,2
nyudepth,62.7588,41.423,2
nyudepth,62.7628,37.713,2
nyudepth,62.7810,42.816,2
nyudepth,62.7855,40.285,2
nyudepth,62.8107,43.664,2
nyudepth,62.8137,42.675,2
nyudepth,62.8337,47.404,2
nyudepth,62.8414,41.634,2
nyudepth,62.8432,64.962,2
nyudepth,62.8665,43.593,2
nyudepth,62.8683,43.882,2
nyudepth,62.9394,20.766,2
nyudepth,62.9504,27.129,2
nyudepth,62.9562,39.997,2
nyudepth,62.9593,38.021,2
nyudepth,62.9713,27.941,2
nyudepth,62.9952,45.982,2
nyudepth,63.0241,35.909,2
nyudepth,63.0392,44.775,2
nyudepth,63.0961,25.743,2
nyudepth,63.1213,39.790,2
nyudepth,63.1250,38.072,2
nyudepth,63.1782,21.088,2
nyudepth,63.1849,31.478,2
nyudepth,63.2414,36.197,2
nyudepth,63.2472,31.736,2
nyudepth,63.2560,46.663,2
nyudepth,63.2753,45.652,2
nyudepth,63.2763,45.504,2
nyudepth,63.3199,90.795,2
nyudepth,63.3279,84.201,2
nyudepth,63.3317,82.675,2
nyudepth,63.3324,83.928,2
nyudepth,63.3333,85.036,2
nyudepth,63.3334,87.891,2
nyudepth,63.3403,85.177,2
nyudepth,63.3465,80.892,2
nyudepth,63.3629,66.543,2
nyudepth,63.4013,46.389,2
nyudepth,63.4205,46.713,2
nyudepth,63.4396,28.989,2
nyudepth,63.4477,44.617,2
nyudepth,63.4646,49.183,2
nyudepth,63.4780,38.084,2
nyudepth,63.4786,39.470,2
nyudepth,63.4832,36.874,2
nyudepth,63.4877,57.947,2
nyudepth,63.4894,59.108,2
nyudepth,63.4965,54.192,2
nyudepth,63.4973,55.860,2
nyudepth,63.5222,54.672,2
nyudepth,63.5478,46.542,2
nyudepth,63.5497,46.794,2
nyudepth,63.5518,46.874,2
nyudepth,63.6034,19.918,2
nyudepth,63.6083,36.685,2
nyudepth,63.6200,57.997,2
nyudepth,63.6304,49.566,2
nyudepth,63.6518,47.552,2
nyudepth,63.6694,53.790,2
nyudepth,63.7076,45.113,2
nyudepth,63.7104,44.233,2
nyudepth,63.7274,52.977,2
nyudepth,63.7352,47.080,2
nyudepth,63.7465,60.777,2
nyudepth,63.8161,43.364,2
nyudepth,63.8253,35.947,2
nyudepth,63.8448,34.671,2
nyudepth,63.8557,42.667,2
nyudepth,63.8580,42.461,2
nyudepth,63.8587,43.800,2
nyudepth,63.8846,38.939,2
nyudepth,63.8864,37.767,2
nyudepth,63.8900,36.382,2
nyudepth,63.9046,42.150,2
nyudepth,63.9110,37.894,2
nyudepth,63.9218,56.945,2
nyudepth,63.9315,49.327,2
nyudepth,63.9316,51.267,2
nyudepth,63.9686,54.676,2
nyudepth,64.0361,28.895,2
nyudepth,64.0481,35.781,2
nyudepth,64.0547,31.086,2
nyudepth,64.0929,20.252,2
nyudepth,64.1016,31.582,2
nyudepth,64.1173,32.872,2
nyudepth,64.1523,32.428,2
nyudepth,64.1589,27.825,2
nyudepth,64.1919,19.543,2
nyudepth,64.2109,20.251,2
nyudepth,64.2273,42.007,2
nyudepth,64.2566,36.746,2
nyudepth,64.2575,38.113,2
nyudepth,64.2640,59.931,2
nyudepth,64.2678,60.259,2
nyudepth,64.2724,56.153,2
nyudepth,64.2794,51.167,2
nyudepth,64.2839,48.703,2
nyudepth,64.2945,67.882,2
nyudepth,64.2999,64.565,2
nyudepth,64.3090,57.450,2
nyudepth,64.3206,77.233,2
nyudepth,64.3251,74.860,2
nyudepth,64.3413,60.877,2
nyudepth,64.3603,83.018,2
nyudepth,64.3863,59.043,2
nyudepth,64.3901,57.443,2
nyudepth,64.4064,63.247,2
nyudepth,64.4297,41.860,2
nyudepth,64.4305,43.204,2
nyudepth,64.4401,57.734,2
nyudepth,64.4556,44.394,2
nyudepth,64.4609,42.906,2
nyudepth,64.4910,37.981,2
nyudepth,64.5129,57.518,2
nyudepth,64.5163,56.008,2
nyudepth,64.5271,63.842,2
nyudepth,64.5825,40.126,2
nyudepth,64.5951,52.127,2
nyudepth,64.6184,50.975,2
nyudepth,64.6611,40.265,2
nyudepth,64.6701,62.931,2
nyudepth,64.6719,63.254,2
nyudepth,64.6754,61.846,2
nyudepth,64.6867,53.091,2
nyudepth,64.6963,70.555,2
nyudepth,64.7102,59.447,2
nyudepth,64.7318,66.442,2
nyudepth,64.7581,42.182,2
nyudepth,64.7748,42.583,2
nyudepth,64.8236,22.702,2
nyudepth,64.8831,22.632,2
nyudepth,64.9049,37.611,2
nyudepth,64.9378,44.605,2
nyudepth,64.9456,39.082,2
nyudepth,64.9482,38.787,2
nyudepth,64.9619,45.215,2
nyudepth,65.0060,46.731,2
nyudepth,65.0083,46.408,2
nyudepth,65.0161,40.708,2
nyudepth,65.0326,43.083,2
nyudepth,65.0415,36.100,2
nyudepth,65.0422,37.390,2
nyudepth,65.1121,30.168,2
nyudepth,65.1248,38.564,2
nyudepth,65.1294,36.034,2
nyudepth,65.1382,54.083,2
nyudepth,65.1383,56.793,2
nyudepth,65.1524,44.773,2
nyudepth,65.1790,41.552,2
nyudepth,65.1923,56.416,2
nyudepth,65.2180,64.945,2
nyudepth,65.2292,55.076,2
nyudepth,65.2534,58.146,2
nyudepth,65.2644,49.717,2
nyudepth,65.2821,52.429,2
nyudepth,65.3136,39.701,2
nyudepth,65.3867,25.542,2
nyudepth,65.3961,35.026,2
nyudepth,65.4535,20.027,2
nyudepth,65.4552,38.100,2
nyudepth,65.4715,44.559,2
nyudepth,65.4837,34.541,2
nyudepth,65.4968,39.368,2
nyudepth,65.5283,24.214,2
nyudepth,65.5355,34.748,2
nyudepth,65.6053,20.108,2
nyudepth,65.6192,23.372,2
nyudepth,65.6437,47.545,2
nyudepth,65.6580,35.428,2
nyudepth,65.6700,51.755,2
nyudepth,65.6803,43.544,2
nyudepth,65.6804,45.650,2
nyudepth,65.7462,48.467,2
nyudepth,65.7632,33.651,2
nyudepth,65.8090,23.312,2
nyudepth,65.8765,28.792,2
nyudepth,65.9029,45.053,2
nyudepth,65.9105,39.787,2
nyudepth,65.9214,51.991,2
nyudepth,65.9222,53.406,2
nyudepth,65.9629,34.131,2
nyudepth,65.9817,33.884,2
nyudepth,66.0278,37.692,2
nyudepth,66.0674,43.201,2
nyudepth,66.0690,43.527,2
nyudepth,66.0993,33.707,2
nyudepth,66.1003,34.377,2
nyudepth,66.1017,54.006,2
nyudepth,66.1204,37.847,2
nyudepth,66.1312,50.502,2
nyudepth,66.1569,43.923,2
nyudepth,66.2114,31.298,2
nyudepth,66.2222,40.043,2
nyudepth,66.2367,49.957,2
nyudepth,66.2367,50.942,2
nyudepth,66.2405,49.422,2
nyudepth,66.2589,57.508,2
nyudepth,66.2590,60.140,2
nyudepth,66.2766,44.797,2
nyudepth,66.2931,65.107,2
nyudepth,66.2949,65.430,2
nyudepth,66.3376,43.782,2
nyudepth,66.3624,52.891,2
nyudepth,66.4021,37.056,2
nyudepth,66.4052,54.680,2
nyudepth,66.4294,47.616,2
nyudepth,66.4352,43.847,2
nyudepth,66.4862,29.802,2
nyudepth,66.4969,38.079,2
nyudepth,66.5131,45.696,2
nyudepth,66.5181,42.969,2
nyudepth,66.5291,34.336,2
nyudepth,66.5521,33.579,2
nyudepth,66.5706,42.474,2
nyudepth,66.5707,44.496,2
nyudepth,66.5707,46.569,2
nyudepth,66.5810,60.261,2
nyudepth,66.6066,36.842,2
nyudepth,66.6221,43.546,2
nyudepth,66.6249,42.725,2
nyudepth,66.6519,34.052,2
nyudepth,66.7081,20.968,2
nyudepth,66.7150,36.332,2
nyudepth,66.7264,46.613,2
nyudepth,66.7362,38.720,2
nyudepth,66.7423,35.267,2
nyudepth,66.7490,55.623,2
nyudepth,66.7545,52.100,2
nyudepth,66.7582,50.632,2
nyudepth,66.7593,51.477,2
nyudepth,66.7649,47.922,2
nyudepth,66.8023,53.264,2
nyudepth,66.8077,49.506,2
nyudepth,66.8119,47.292,2
nyudepth,66.8377,40.271,2
nyudepth,66.8464,33.525,2
nyudepth,66.8703,27.809,2
nyudepth,66.8900,32.011,2
nyudepth,66.9092,31.296,2
nyudepth,66.9151,27.510,2
nyudepth,66.9299,33.134,2
nyudepth,66.9782,23.210,2
nyudepth,67.0003,42.232,2
nyudepth,67.0205,40.880,2
nyudepth,67.0308,33.175,2
nyudepth,67.0506,40.644,2
nyudepth,67.0625,61.816,2
nyudepth,67.0651,61.463,2
nyudepth,67.0714,57.410,2
nyudepth,67.0742,56.706,2
nyudepth,67.0924,83.319,2
nyudepth,67.0947,83.317,2
nyudepth,67.0953,84.921,2
nyudepth,67.0996,82.617,2
nyudepth,67.1073,76.877,2
nyudepth,67.1098,76.479,2
nyudepth,67.1322,85.876,2
nyudepth,67.1446,75.347,2
nyudepth,67.2299,45.261,2
nyudepth,67.2873,50.071,2
nyudepth,67.2987,40.697,2
nyudepth,67.3094,48.989,2
nyudepth,67.3115,48.959,2
nyudepth,67.3389,47.306,2
nyudepth,67.3980,24.327,2
nyudepth,67.4094,35.235,2
nyudepth,67.4368,24.769,2
nyudepth,67.4369,26.536,2
nyudepth,67.5586,43.997,2
nyudepth,67.5604,44.159,2
nyudepth,67.5853,41.294,2
nyudepth,67.5871,40.997,2
nyudepth,67.5927,66.069,2
nyudepth,67.5989,61.791,2
nyudepth,67.6167,46.041,2
nyudepth,67.6175,47.555,2
nyudepth,67.6252,67.341,2
nyudepth,67.6292,65.600,2
nyudepth,67.6316,65.486,2
nyudepth,67.6599,78.837,2
nyudepth,67.6672,73.745,2
nyudepth,67.6690,74.733,2
nyudepth,67.6798,66.479,2
nyudepth,67.6830,65.440,2
nyudepth,67.6831,158.364,2
nyudepth,67.6899,153.616,2
nyudepth,67.7034,142.338,2
nyudepth,67.7034,144.236,2
nyudepth,67.7119,137.757,2
nyudepth,67.7236,128.177,2
nyudepth,67.7283,126.137,2
nyudepth,67.7421,118.401,2
nyudepth,67.7719,90.553,2
nyudepth,67.7825,81.936,2
nyudepth,67.7932,95.786,2
nyudepth,67.7950,96.153,2
nyudepth,67.8054,87.750,2
nyudepth,67.8436,101.054,2
nyudepth,67.8537,92.996,2
nyudepth,67.8656,83.320,2
nyudepth,67.9142,72.379,2
nyudepth,67.9206,68.441,2
nyudepth,67.9212,70.204,2
nyudepth,67.9567,69.366,2
nyudepth,67.9682,60.825,2
nyudepth,67.9700,61.790,2
nyudepth,67.9718,61.947,2
nyudepth,67.9835,99.234,2
nyudepth,68.0088,75.963,2
nyudepth,68.0094,77.404,2
nyudepth,68.0104,78.499,2
nyudepth,68.0128,78.031,2
nyudepth,68.0158,77.087,2
nyudepth,68.0319,106.518,2
nyudepth,68.0325,108.065,2
nyudepth,68.0645,79.409,2
nyudepth,68.1064,64.974,2
nyudepth,68.1903,48.732,2
nyudepth,68.1904,49.806,2
nyudepth,68.1938,48.470,2
nyudepth,68.2057,66.099,2
nyudepth,68.2067,67.028,2
nyudepth,68.2759,44.433,2
nyudepth,68.3316,32.736,2
nyudepth,68.3433,47.117,2
nyudepth,68.3760,40.611,2
nyudepth,68.4109,26.656,2
nyudepth,68.4238,32.561,2
nyudepth,68.4315,26.079,2
nyudepth,68.4647,36.155,2
nyudepth,68.4752,47.029,2
nyudepth,68.5167,68.438,2
nyudepth,68.5333,54.150,2
nyudepth,68.5445,45.063,2
nyudepth,68.5525,74.007,2
nyudepth,68.5587,70.003,2
nyudepth,68.5624,68.289,2
nyudepth,68.5625,70.230,2
nyudepth,68.5675,67.191,2
nyudepth,68.5689,67.809,2
nyudepth,68.5724,66.782,2
nyudepth,68.6276,47.758,2
nyudepth,68.6699,70.400,2
nyudepth,68.7091,83.639,2
nyudepth,68.7158,77.151,2
nyudepth,68.7652,86.313,2
nyudepth,68.7841,206.359,2
nyudepth,68.7874,205.021,2
nyudepth,68.7907,203.990,2
nyudepth,68.8072,189.505,2
nyudepth,68.8104,188.378,2
nyudepth,68.8122,188.789,2
nyudepth,68.8358,167.312,2
nyudepth,68.8358,170.023,2
nyudepth,68.8372,170.107,2
nyudepth,68.8707,159.168,2
nyudepth,68.8756,156.399,2
nyudepth,68.9203,113.726,2
nyudepth,68.9458,133.275,2
nyudepth,68.9650,116.012,2
nyudepth,68.9714,249.445,2
nyudepth,68.9750,247.730,2
nyudepth,68.9767,248.277,2
nyudepth,68.9999,227.176,2
nyudepth,69.0021,227.084,2
nyudepth,69.0051,226.317,2
nyudepth,69.0180,215.531,2
nyudepth,69.0186,217.089,2
nyudepth,69.0362,201.477,2
nyudepth,69.0378,201.861,2
nyudepth,69.0408,200.960,2
nyudepth,69.0424,201.311,2
nyudepth,69.0811,169.252,2
nyudepth,69.1409,111.069,2
nyudepth,69.1644,113.064,2
nyudepth,69.1825,96.166,2
nyudepth,69.1883,92.704,2
nyudepth,69.2068,118.016,2
nyudepth,69.2261,100.317,2
nyudepth,69.2494,79.044,2
nyudepth,69.2767,84.278,2
nyudepth,69.3047,57.412,2
nyudepth,69.3048,59.590,2
nyudepth,69.3239,63.470,2
nyudepth,69.3409,48.338,2
nyudepth,69.3746,37.073,2
nyudepth,69.3774,36.311,2
nyudepth,69.3955,46.772,2
nyudepth,69.4068,55.617,2
nyudepth,69.4174,47.081,2
nyudepth,69.4199,46.767,2
nyudepth,69.4444,43.662,2
nyudepth,69.4562,34.235,2
nyudepth,69.4579,59.648,2
nyudepth,69.5822,34.842,2
nyudepth,69.5979,37.394,2
nyudepth,69.6067,30.756,2
nyudepth,69.6608,42.269,2
nyudepth,69.6916,29.001,2
nyudepth,69.7172,25.823,2
nyudepth,69.7191,42.571,2
nyudepth,69.7387,49.549,2
nyudepth,69.7741,32.143,2
nyudepth,69.7850,43.688,2
nyudepth,69.8094,40.741,2
nyudepth,69.8151,36.971,2
nyudepth,69.8175,37.046,2
nyudepth,69.8533,46.443,2
nyudepth,69.8624,38.474,2
nyudepth,69.8751,48.363,2
nyudepth,69.8805,44.964,2
nyudepth,69.8923,35.162,2
nyudepth,69.8982,49.087,2
nyudepth,69.8991,49.694,2
nyudepth,69.9326,34.681,2
nyudepth,69.9353,34.011,2
nyudepth,69.9420,56.934,2
nyudepth,69.9738,49.708,2
nyudepth,69.9923,52.445,2
nyudepth,70.0068,40.435,2
nyudepth,70.0433,50.575,2
nyudepth,70.0459,50.055,2
nyudepth,70.0571,40.956,2
nyudepth,70.0678,52.100,2
nyudepth,70.1260,32.091,2
nyudepth,70.1545,53.216,2
nyudepth,70.1581,51.657,2
nyudepth,70.1615,50.280,2
nyudepth,70.1692,44.584,2
nyudepth,70.1729,42.959,2
nyudepth,70.1805,63.523,2
nyudepth,70.1822,63.802,2
nyudepth,70.1970,51.044,2
nyudepth,70.2011,68.641,2
nyudepth,70.2048,67.674,2
nyudepth,70.2719,50.548,2
nyudepth,70.2997,50.395,2
nyudepth,70.3362,33.273,2
nyudepth,70.3371,34.438,2
nyudepth,70.3419,31.783,2
nyudepth,70.3495,43.084,2
nyudepth,70.3788,34.455,2
nyudepth,70.3947,38.612,2
nyudepth,70.3948,40.546,2
nyudepth,70.4001,37.437,2
nyudepth,70.4300,30.734,2
nyudepth,70.5235,21.112,2
nyudepth,70.5305,33.766,2
nyudepth,70.5413,44.643,2
nyudepth,70.5565,31.442,2
nyudepth,70.5664,40.161,2
nyudepth,70.5941,35.895,2
nyudepth,70.6311,20.565,2
nyudepth,70.6346,39.647,2
nyudepth,70.6481,52.079,2
nyudepth,70.6499,52.294,2
nyudepth,70.6528,51.422,2
nyudepth,70.6635,43.362,2
nyudepth,70.6692,60.671,2
nyudepth,70.6709,61.058,2
nyudepth,70.6844,50.056,2
nyudepth,70.7063,60.341,2
nyudepth,70.7278,75.377,2
nyudepth,70.7336,71.583,2
nyudepth,70.7473,60.022,2
nyudepth,70.7501,59.469,2
nyudepth,70.7546,75.499,2
nyudepth,70.7612,72.011,2
nyudepth,70.8084,52.372,2
nyudepth,70.8177,45.200,2
nyudepth,70.8325,56.495,2
nyudepth,70.8451,46.097,2
nyudepth,70.8685,45.646,2
nyudepth,70.9167,45.802,2
nyudepth,70.9239,40.548,2
nyudepth,70.9454,45.327,2
nyudepth,70.9531,39.623,2
nyudepth,70.9867,67.534,2
nyudepth,70.9893,67.096,2
nyudepth,70.9918,66.571,2
nyudepth,71.0045,55.879,2
nyudepth,71.0060,56.321,2
nyudepth,71.0120,77.067,2
nyudepth,71.0243,66.741,2
nyudepth,71.0288,64.413,2
nyudepth,71.0735,41.809,2
nyudepth,71.0869,46.357,2
nyudepth,71.0973,38.745,2
nyudepth,71.1099,51.652,2
nyudepth,71.1305,52.365,2
nyudepth,71.1372,47.781,2
nyudepth,71.1604,50.927,2
nyudepth,71.2027,36.988,2
nyudepth,71.2367,53.269,2
nyudepth,71.2499,42.093,2
nyudepth,71.2532,40.908,2
nyudepth,71.2587,57.314,2
nyudepth,71.2851,56.419,2
nyudepth,71.3002,43.619,2
nyudepth,71.3067,38.566,2
nyudepth,71.3074,39.733,2
nyudepth,71.3406,32.970,2
nyudepth,71.3432,64.713,2
nyudepth,71.3535,56.380,2
nyudepth,71.3585,54.109,2
nyudepth,71.3652,49.281,2
nyudepth,71.3669,49.163,2
nyudepth,71.3723,78.665,2
nyudepth,71.4137,67.302,2
nyudepth,71.4241,58.732,2
nyudepth,71.4341,50.998,2
nyudepth,71.4488,77.879,2
nyudepth,71.4561,72.531,2
nyudepth,71.4628,67.924,2
nyudepth,71.4629,69.896,2
nyudepth,71.4891,88.864,2
nyudepth,71.5088,71.172,2
nyudepth,71.5182,63.847,2
nyudepth,71.5339,70.478,2
nyudepth,71.5426,63.754,2
nyudepth,71.5443,64.784,2
nyudepth,71.5470,63.552,2
nyudepth,71.6025,72.492,2
nyudepth,71.6251,51.772,2
nyudepth,71.6318,65.538,2
nyudepth,71.6547,44.670,2
nyudepth,71.6675,54.983,2
nyudepth,71.6930,55.287,2
nyudepth,71.7112,38.459,2
nyudepth,71.7350,41.474,2
nyudepth,71.7351,43.462,2
nyudepth,71.8064,54.215,2
nyudepth,71.8071,55.932,2
nyudepth,71.8165,109.120,2
nyudepth,71.8181,108.830,2
nyudepth,71.8215,107.427,2
nyudepth,71.8303,100.526,2
nyudepth,71.8376,95.578,2
nyudepth,71.8861,82.727,2
nyudepth,71.8938,76.948,2
nyudepth,71.9436,66.047,2
nyudepth,71.9597,51.546,2
nyudepth,71.9664,75.150,2
nyudepth,71.9825,61.081,2
nyudepth,71.9969,78.153,2
nyudepth,72.0016,75.452,2
nyudepth,72.0059,73.077,2
nyudepth,72.0450,57.486,2
nyudepth,72.0464,58.031,2
nyudepth,72.0580,48.515,2
nyudepth,72.1087,59.686,2
nyudepth,72.1152,55.153,2
nyudepth,72.1429,49.220,2
nyudepth,72.1498,44.313,2
nyudepth,72.2016,52.537,2
nyudepth,72.2043,51.716,2
nyudepth,72.2127,45.386,2
nyudepth,72.2247,54.000,2
nyudepth,72.2476,58.358,2
nyudepth,72.2622,45.748,2
nyudepth,72.2871,55.238,2
nyudepth,72.2899,53.860,2
nyudepth,72.3161,48.421,2
nyudepth,72.3570,30.201,2
nyudepth,72.3817,36.634,2
nyudepth,72.3873,57.976,2
nyudepth,72.3914,54.859,2
nyudepth,72.3968,51.677,2
nyudepth,72.3995,51.171,2
nyudepth,72.4173,67.349,2
nyudepth,72.4306,56.048,2
nyudepth,72.4438,72.954,2
nyudepth,72.4606,58.316,2
nyudepth,72.4987,41.052,2
nyudepth,72.4995,42.635,2
nyudepth,72.5083,56.205,2
nyudepth,72.5115,56.690,2
nyudepth,72.5330,36.939,2
nyudepth,72.5682,25.296,2
nyudepth,72.5742,37.999,2
nyudepth,72.5849,29.523,2
nyudepth,72.5850,50.774,2
nyudepth,72.5957,42.256,2
nyudepth,72.6017,39.119,2
nyudepth,72.6178,51.183,2
nyudepth,72.6293,67.859,2
nyudepth,72.6560,43.156,2
nyudepth,72.6649,70.999,2
nyudepth,72.6760,61.861,2
nyudepth,72.7071,50.278,2
nyudepth,72.7163,43.030,2
nyudepth,72.7332,52.646,2
nyudepth,72.7370,50.837,2
nyudepth,72.7614,45.833,2
nyudepth,72.7781,55.463,2
nyudepth,72.7960,39.244,2
nyudepth,72.8150,49.270,2
nyudepth,72.8307,54.099,2
nyudepth,72.8325,54.822,2
nyudepth,72.8378,51.284,2
nyudepth,72.8744,32.804,2
nyudepth,72.9032,61.053,2
nyudepth,72.9308,49.916,2
nyudepth,72.9794,20.773,2
nyudepth,72.9948,22.781,2
nyudepth,73.0063,29.268,2
nyudepth,73.0187,34.304,2
nyudepth,73.0193,36.003,2
nyudepth,73.0318,43.190,2
nyudepth,73.0541,41.008,2
nyudepth,73.0594,38.110,2
nyudepth,73.0963,51.338,2
nyudepth,73.1137,36.423,2
nyudepth,73.1345,37.086,2
nyudepth,73.1488,41.446,2
nyudepth,73.1777,33.602,2
nyudepth,73.1885,41.317,2
nyudepth,73.2003,31.693,2
nyudepth,73.2051,28.920,2
nyudepth,73.2175,35.724,2
nyudepth,73.2222,32.052,2
nyudepth,73.2515,43.252,2
nyudepth,73.2659,30.748,2
nyudepth,73.2803,41.663,2
nyudepth,73.3069,38.704,2
nyudepth,73.3114,35.134,2
nyudepth,73.3150,33.880,2
nyudepth,73.3671,30.084,2
nyudepth,73.3824,40.648,2
nyudepth,73.3959,45.999,2
nyudepth,73.3960,48.537,2
nyudepth,73.4047,41.430,2
nyudepth,73.4430,41.382,2
nyudepth,73.4707,33.777,2
nyudepth,73.4795,45.491,2
nyudepth,73.4970,30.435,2
nyudepth,73.5045,42.011,2
nyudepth,73.5150,33.622,2
nyudepth,73.5227,44.261,2
nyudepth,73.5261,43.097,2
nyudepth,73.5395,31.723,2
nyudepth,73.5508,40.829,2
nyudepth,73.6035,27.989,2
nyudepth,73.6035,30.020,2
nyudepth,73.6139,52.909,2
nyudepth,73.6376,49.715,2
nyudepth,73.6503,39.239,2
nyudepth,73.6940,45.699,2
nyudepth,73.7022,40.352,2
nyudepth,73.7049,39.167,2
nyudepth,73.7409,27.141,2
nyudepth,73.7418,47.933,2
nyudepth,73.7514,40.426,2
nyudepth,73.7583,35.807,2
nyudepth,73.7741,39.265,2
nyudepth,73.7952,37.479,2
nyudepth,73.8060,28.865,2
nyudepth,73.8380,37.902,2
nyudepth,73.8381,40.564,2
nyudepth,73.8444,36.529,2
nyudepth,73.8591,42.419,2
nyudepth,73.8677,35.976,2
nyudepth,73.8696,36.389,2
nyudepth,73.8733,54.063,2
nyudepth,73.8821,47.378,2
nyudepth,73.8890,43.194,2
nyudepth,73.9111,39.496,2
nyudepth,73.9307,38.421,2
nyudepth,73.9499,37.639,2
nyudepth,73.9658,43.501,2
nyudepth,73.9887,42.555,2
nyudepth,74.0381,36.841,2
nyudepth,74.0443,32.812,2
nyudepth,74.0799,39.579,2
nyudepth,74.0799,41.701,2
nyudepth,74.1318,36.065,2
nyudepth,74.1326,37.227,2
nyudepth,74.1346,37.562,2
nyudepth,74.1440,61.425,2
nyudepth,74.1465,60.798,2
nyudepth,74.1466,63.447,2
nyudepth,74.1466,64.865,2
nyudepth,74.1538,59.973,2
nyudepth,74.1823,59.654,2
nyudepth,74.1844,59.672,2
nyudepth,74.1994,68.074,2
nyudepth,74.2283,39.927,2
nyudepth,74.2311,39.118,2
nyudepth,74.2368,52.932,2
nyudepth,74.3217,46.224,2
nyudepth,74.3414,52.780,2
nyudepth,74.3541,42.097,2
nyudepth,74.3852,41.566,2
nyudepth,74.3869,41.779,2
nyudepth,74.4121,42.172,2
nyudepth,74.4355,44.174,2
nyudepth,74.4424,39.222,2
nyudepth,74.4488,63.955,2
nyudepth,74.4630,52.063,2
nyudepth,74.4865,49.594,2
nyudepth,74.5139,42.217,2
nyudepth,74.5520,48.871,2
nyudepth,74.5553,47.503,2
nyudepth,74.5591,45.824,2
nyudepth,74.5814,45.362,2
nyudepth,74.5851,43.798,2
nyudepth,74.5852,45.896,2
nyudepth,74.5895,43.553,2
nyudepth,74.5951,56.557,2
nyudepth,74.6009,52.428,2
nyudepth,74.6215,51.431,2
nyudepth,74.6372,37.707,2
nyudepth,74.6480,49.683,2
nyudepth,74.6684,46.774,2
nyudepth,74.6800,37.077,2
nyudepth,74.6971,43.102,2
nyudepth,74.7492,32.783,2
nyudepth,74.7727,35.259,2
nyudepth,74.7783,56.333,2
nyudepth,74.7813,55.384,2
nyudepth,74.8288,63.850,2
nyudepth,74.8467,46.507,2
nyudepth,74.8769,43.299,2
nyudepth,74.8908,59.644,2
nyudepth,74.9053,47.988,2
nyudepth,75.0257,39.914,2
nyudepth,75.0667,56.530,2
nyudepth,75.0677,57.644,2
nyudepth,75.0713,56.234,2
nyudepth,75.0788,50.667,2
nyudepth,75.0859,81.216,2
nyudepth,75.0890,81.559,2
nyudepth,75.1074,66.491,2
nyudepth,75.1170,90.505,2
nyudepth,75.1527,56.796,2
nyudepth,75.1600,83.532,2
nyudepth,75.1727,72.800,2
nyudepth,75.1815,66.457,2
nyudepth,75.1989,50.992,2
nyudepth,75.2048,71.273,2
nyudepth,75.2340,44.011,2
nyudepth,75.2903,32.604,2
nyudepth,75.2915,32.636,2
nyudepth,75.2916,34.653,2
nyudepth,75.3009,49.648,2
nyudepth,75.3138,38.694,2
nyudepth,75.3353,38.931,2
nyudepth,75.3438,56.137,2
nyudepth,75.3546,47.287,2
nyudepth,75.3697,56.914,2
nyudepth,75.3783,49.924,2
nyudepth,75.4354,36.993,2
nyudepth,75.4362,38.003,2
nyudepth,75.4389,37.664,2
nyudepth,75.4511,45.057,2
nyudepth,75.4564,41.635,2
nyudepth,75.4847,36.280,2
nyudepth,75.4916,50.106,2
nyudepth,75.4956,48.118,2
nyudepth,75.4992,46.491,2
nyudepth,75.5151,49.065,2
nyudepth,75.5183,47.791,2
nyudepth,75.5271,41.585,2
nyudepth,75.5468,43.738,2
nyudepth,75.5682,41.514,2
nyudepth,75.5758,35.856,2
nyudepth,75.5764,37.443,2
nyudepth,75.5840,48.686,2
nyudepth,75.5936,41.072,2
nyudepth,75.6030,33.884,2
nyudepth,75.6076,52.131,2
nyudepth,75.6786,20.814,2
nyudepth,75.7016,57.183,2
nyudepth,75.7033,57.484,2
nyudepth,75.7048,57.974,2
nyudepth,75.7138,50.988,2
nyudepth,75.7411,47.991,2
nyudepth,75.7426,48.821,2
nyudepth,75.7690,54.188,2
nyudepth,75.7875,66.094,2
nyudepth,75.8156,40.992,2
nyudepth,75.8434,36.225,2
nyudepth,75.8665,35.403,2
nyudepth,75.8831,38.462,2
nyudepth,75.9176,50.395,2
nyudepth,75.9344,35.476,2
nyudepth,75.9483,39.578,2
nyudepth,75.9607,29.934,2
nyudepth,75.9841,29.504,2
nyudepth,75.9900,46.522,2
nyudepth,76.0620,21.510,2
nyudepth,76.0886,36.563,2
nyudepth,76.0915,35.061,2
nyudepth,76.1130,35.497,2
nyudepth,76.1347,36.706,2
nyudepth,76.1365,37.007,2
nyudepth,76.1464,60.024,2
nyudepth,76.1513,57.146,2
nyudepth,76.1546,55.980,2
nyudepth,76.1603,52.321,2
nyudepth,76.1827,51.021,2
nyudepth,76.1942,68.560,2
nyudepth,76.2014,64.673,2
nyudepth,76.2040,62.970,2
nyudepth,76.2338,55.829,2
nyudepth,76.2443,47.347,2
nyudepth,76.2649,47.146,2
nyudepth,76.2741,40.957,2
nyudepth,76.2789,37.388,2
nyudepth,76.3023,46.658,2
nyudepth,76.3143,59.556,2
nyudepth,76.3314,44.508,2
nyudepth,76.3627,51.608,2
nyudepth,76.4058,46.220,2
nyudepth,76.4285,42.218,2
nyudepth,76.4435,29.205,2
nyudepth,76.4696,48.949,2
nyudepth,76.4759,44.711,2
nyudepth,76.4816,41.195,2
nyudepth,76.5038,38.124,2
nyudepth,76.5105,33.467,2
nyudepth,76.5164,48.820,2
nyudepth,76.5515,30.651,2
nyudepth,76.5803,23.870,2
nyudepth,76.5867,35.902,2
nyudepth,76.5974,27.152,2
nyudepth,76.6257,36.379,2
nyudepth,76.6275,36.579,2
nyudepth,76.6492,35.955,2
nyudepth,76.6520,34.521,2
nyudepth,76.6845,25.155,2
nyudepth,76.6967,36.308,2
nyudepth,76.6985,36.380,2
nyudepth,76.6986,38.598,2
nyudepth,76.6987,40.564,2
nyudepth,76.7051,52.400,2
nyudepth,76.7307,49.138,2
nyudepth,76.7314,50.569,2
nyudepth,76.7544,46.894,2
nyudepth,76.7909,35.766,2
nyudepth,76.7984,60.699,2
nyudepth,76.8207,39.706,2
nyudepth,76.8207,82.312,2
nyudepth,76.8228,82.150,2
nyudepth,76.8280,79.225,2
nyudepth,76.8369,72.302,2
nyudepth,76.8582,80.471,2
nyudepth,76.8871,53.261,2
nyudepth,76.8950,47.499,2
nyudepth,76.9061,59.277,2
nyudepth,76.9735,32.387,2
nyudepth,76.9869,39.083,2
nyudepth,76.9956,32.400,2
nyudepth,77.0239,44.314,2
nyudepth,77.1156,33.924,2
nyudepth,77.1263,53.647,2
nyudepth,77.1431,55.554,2
nyudepth,77.1838,39.422,2
nyudepth,77.1915,34.954,2
nyudepth,77.2008,51.601,2
nyudepth,77.2136,65.525,2
nyudepth,77.2286,53.065,2
nyudepth,77.2509,62.185,2
nyudepth,77.2702,44.991,2
nyudepth,77.2792,59.143,2
nyudepth,77.3223,34.263,2
nyudepth,77.3332,42.536,2
nyudepth,77.3372,40.870,2
nyudepth,77.3523,52.319,2
nyudepth,77.3828,46.105,2
nyudepth,77.3884,42.773,2
nyudepth,77.4040,64.191,2
nyudepth,77.4104,59.873,2
nyudepth,77.4104,61.896,2
nyudepth,77.4155,58.873,2
nyudepth,77.4353,61.959,2
nyudepth,77.4580,63.854,2
nyudepth,77.4628,61.958,2
nyudepth,77.4795,47.269,2
nyudepth,77.4882,40.178,2
nyudepth,77.5044,49.989,2
nyudepth,77.5045,52.220,2
nyudepth,77.5078,51.115,2
nyudepth,77.5106,50.531,2
nyudepth,77.5164,82.632,2
nyudepth,77.5259,75.203,2
nyudepth,77.5355,67.884,2
nyudepth,77.5441,61.075,2
nyudepth,77.5467,60.566,2
nyudepth,77.5956,72.240,2
nyudepth,77.6022,67.600,2
nyudepth,77.6153,56.905,2
nyudepth,77.6481,51.515,2
nyudepth,77.6509,50.641,2
nyudepth,77.6652,61.443,2
nyudepth,77.6733,55.316,2
nyudepth,77.7007,50.890,2
nyudepth,77.7117,41.980,2
nyudepth,77.7194,54.958,2
nyudepth,77.7195,57.344,2
nyudepth,77.7648,36.718,2
nyudepth,77.7666,36.925,2
nyudepth,77.7830,39.096,2
nyudepth,77.7889,35.279,2
nyudepth,77.8445,50.692,2
nyudepth,77.8465,51.132,2
nyudepth,77.8915,42.698,2
nyudepth,77.9605,39.746,2
nyudepth,77.9658,36.301,2
nyudepth,77.9673,37.090,2
nyudepth,77.9858,40.247,2
nyudepth,77.9906,37.707,2
nyudepth,77.9981,53.106,2
nyudepth,78.0208,31.897,2
nyudepth,78.0549,37.185,2
nyudepth,78.0707,44.166,2
nyudepth,78.0982,40.564,2
nyudepth,78.0998,41.014,2
nyudepth,78.1420,59.481,2
nyudepth,78.1436,59.926,2
nyudepth,78.1457,59.791,2
nyudepth,78.1515,56.106,2
nyudepth,78.1633,69.196,2
nyudepth,78.1669,68.034,2
nyudepth,78.2096,47.584,2
nyudepth,78.2138,45.406,2
nyudepth,78.2498,47.699,2
nyudepth,78.2925,21.997,2
nyudepth,78.3006,32.757,2
nyudepth,78.3384,36.834,2
nyudepth,78.3660,30.756,2
nyudepth,78.3743,43.536,2
nyudepth,78.4019,36.389,2
nyudepth,78.4220,34.999,2
nyudepth,78.4267,32.507,2
nyudepth,78.4889,35.213,2
nyudepth,78.5057,47.561,2
nyudepth,78.5361,37.146,2
nyudepth,78.5456,53.696,2
nyudepth,78.5634,37.502,2
nyudepth,78.5682,56.930,2
nyudepth,78.5744,52.557,2
nyudepth,78.5987,50.975,2
nyudepth,78.6321,43.131,2
nyudepth,78.7003,43.675,2
nyudepth,78.7120,50.883,2
nyudepth,78.7126,52.227,2
nyudepth,78.7158,51.105,2
nyudepth,78.7192,50.529,2
nyudepth,78.7749,37.624,2
nyudepth,78.7806,34.124,2
nyudepth,78.7876,49.687,2
nyudepth,78.8330,28.907,2
nyudepth,78.8454,42.241,2
nyudepth,78.8531,87.539,2
nyudepth,78.8532,89.386,2
nyudepth,78.8573,87.236,2
nyudepth,78.8609,86.428,2
nyudepth,78.8648,83.824,2
nyudepth,78.8737,76.881,2
nyudepth,78.8888,97.320,2
nyudepth,78.8938,94.162,2
nyudepth,78.9077,82.471,2
nyudepth,78.9172,74.928,2
nyudepth,78.9466,98.072,2
nyudepth,78.9594,88.193,2
nyudepth,78.9712,78.071,2
nyudepth,78.9797,71.841,2
nyudepth,78.9902,88.770,2
nyudepth,78.9967,84.398,2
nyudepth,79.0012,82.565,2
nyudepth,79.0162,69.767,2
nyudepth,79.0228,65.306,2
nyudepth,79.0293,89.037,2
nyudepth,79.0823,56.415,2
nyudepth,79.1012,39.396,2
nyudepth,79.1098,61.373,2
nyudepth,79.1285,44.684,2
nyudepth,79.1589,39.991,2
nyudepth,79.2244,38.442,2
nyudepth,79.2385,50.711,2
nyudepth,79.2392,53.079,2
nyudepth,79.2515,42.843,2
nyudepth,79.2532,43.344,2
nyudepth,79.3097,42.088,2
nyudepth,79.3125,41.445,2
nyudepth,79.3140,42.057,2
nyudepth,79.3518,49.562,2
nyudepth,79.3620,41.443,2
nyudepth,79.3736,56.004,2
nyudepth,79.3835,47.193,2
nyudepth,79.4278,61.825,2
nyudepth,79.4424,49.243,2
nyudepth,79.4531,57.153,2
nyudepth,79.4549,57.559,2
nyudepth,79.5038,29.698,2
nyudepth,79.5086,44.050,2
nyudepth,79.5538,24.776,2
nyudepth,79.5545,45.176,2
nyudepth,79.5887,28.772,2
nyudepth,79.5986,36.039,2
nyudepth,79.6708,19.510,2
nyudepth,79.7003,33.816,2
nyudepth,79.7021,34.138,2
nyudepth,79.7043,34.030,2
nyudepth,79.7112,53.817,2
nyudepth,79.7692,41.300,2
nyudepth,79.7843,45.084,2
nyudepth,79.8005,30.200,2
nyudepth,79.8287,57.583,2
nyudepth,79.8490,39.403,2
nyudepth,79.8706,37.956,2
nyudepth,79.9013,27.747,2
nyudepth,79.9157,41.727,2
nyudepth,79.9373,40.709,2
nyudepth,79.9460,33.915,2
nyudepth,79.9585,51.018,2
nyudepth,79.9748,54.336,2
nyudepth,79.9825,48.813,2
nyudepth,80.0117,38.574,2
nyudepth,80.0514,37.547,2
nyudepth,80.0544,36.693,2
nyudepth,80.0846,26.077,2
nyudepth,80.0862,42.719,2
nyudepth,80.0901,40.951,2
nyudepth,80.1038,29.331,2
nyudepth,80.1366,35.870,2
nyudepth,80.1972,20.690,2
nyudepth,80.2145,44.898,2
nyudepth,80.2153,47.018,2
nyudepth,80.2413,42.540,2
nyudepth,80.2449,41.204,2
nyudepth,80.2486,39.767,2
nyudepth,80.2501,40.314,2
nyudepth,80.2616,48.080,2
nyudepth,80.2689,42.844,2
nyudepth,80.3026,35.986,2
nyudepth,80.3237,41.015,2
nyudepth,80.3314,55.719,2
nyudepth,80.3371,52.116,2
nyudepth,80.3493,41.861,2
nyudepth,80.3540,63.062,2
nyudepth,80.3541,64.986,2
nyudepth,80.3616,59.526,2
nyudepth,80.3668,56.285,2
nyudepth,80.3882,59.185,2
nyudepth,80.4060,43.471,2
nyudepth,80.4107,60.498,2
nyudepth,80.4440,52.358,2
nyudepth,80.4576,41.255,2
nyudepth,80.5075,46.134,2
nyudepth,80.5323,41.122,2
nyudepth,80.5708,39.234,2
nyudepth,80.6242,28.853,2
nyudepth,80.6329,47.994,2
nyudepth,80.6512,59.273,2
nyudepth,80.6540,56.672,2
nyudepth,80.6584,54.433,2
nyudepth,80.6627,51.592,2
nyudepth,80.6735,42.909,2
nyudepth,80.6938,51.311,2
nyudepth,80.7076,78.316,2
nyudepth,80.7077,79.707,2
nyudepth,80.7118,77.609,2
nyudepth,80.7333,58.018,2
nyudepth,80.7502,69.562,2
nyudepth,80.7549,67.021,2
nyudepth,80.7615,62.575,2
nyudepth,80.7860,63.305,2
nyudepth,80.7985,52.829,2
nyudepth,80.8136,61.940,2
nyudepth,80.8230,54.458,2
nyudepth,80.8461,52.666,2
nyudepth,80.8827,33.926,2
nyudepth,80.9386,36.996,2
nyudepth,80.9580,43.181,2
nyudepth,80.9664,36.951,2
nyudepth,80.9690,54.675,2
nyudepth,80.9704,55.218,2
nyudepth,81.0211,53.247,2
nyudepth,81.0443,32.650,2
nyudepth,81.0520,48.178,2
nyudepth,81.0677,56.103,2
nyudepth,81.0995,43.820,2
nyudepth,81.1643,28.839,2
nyudepth,81.1683,58.690,2
nyudepth,81.1829,46.686,2
nyudepth,81.2092,37.723,2
nyudepth,81.2865,38.187,2
nyudepth,81.3102,33.678,2
nyudepth,81.3268,39.488,2
nyudepth,81.3456,45.282,2
nyudepth,81.3524,40.578,2
nyudepth,81.3715,51.002,2
nyudepth,81.4041,40.044,2
nyudepth,81.4095,36.681,2
nyudepth,81.4539,40.425,2
nyudepth,81.4556,40.751,2
nyudepth,81.4643,34.170,2
nyudepth,81.4670,49.026,2
nyudepth,81.4687,49.161,2
nyudepth,81.5302,20.812,2
nyudepth,81.5349,39.188,2
nyudepth,81.5474,47.773,2
nyudepth,81.5638,32.869,2
nyudepth,81.5655,57.195,2
nyudepth,81.5718,53.158,2
nyudepth,81.5772,49.707,2
nyudepth,81.5835,46.011,2
nyudepth,81.5946,56.949,2
nyudepth,81.6013,52.909,2
nyudepth,81.6289,48.434,2
nyudepth,81.6406,38.988,2
nyudepth,81.6494,52.282,2
nyudepth,81.6542,49.564,2
nyudepth,81.6785,49.171,2
nyudepth,81.6858,43.835,2
nyudepth,81.6942,39.085,2
nyudepth,81.7498,56.345,2
nyudepth,81.7526,56.165,2
nyudepth,81.7594,50.916,2
nyudepth,81.7751,63.536,2
nyudepth,81.7976,43.170,2
nyudepth,81.8199,47.845,2
nyudepth,81.8253,44.337,2
nyudepth,81.8254,47.199,2
nyudepth,81.8440,58.487,2
nyudepth,81.8593,45.210,2
nyudepth,81.8615,72.320,2
nyudepth,81.8718,63.650,2
nyudepth,81.8757,61.806,2
nyudepth,81.8780,61.905,2
nyudepth,81.8931,49.170,2
nyudepth,81.9101,55.858,2
nyudepth,81.9264,41.835,2
nyudepth,81.9328,65.766,2
nyudepth,81.9485,51.414,2
nyudepth,81.9590,43.015,2
nyudepth,81.9704,58.152,2
nyudepth,81.9918,38.928,2
nyudepth,82.0065,45.969,2
nyudepth,82.0232,31.434,2
nyudepth,82.0509,55.864,2
nyudepth,82.0583,50.637,2
nyudepth,82.0712,39.863,2
nyudepth,82.0876,50.641,2
nyudepth,82.1178,58.228,2
nyudepth,82.1226,55.454,2
nyudepth,82.1465,58.992,2
nyudepth,82.1525,55.577,2
nyudepth,82.1590,51.318,2
nyudepth,82.1680,73.057,2
nyudepth,82.1698,73.414,2
nyudepth,82.2056,64.840,2
nyudepth,82.2387,49.245,2
nyudepth,82.2900,32.000,2
nyudepth,82.3048,40.304,2
nyudepth,82.3242,42.630,2
nyudepth,82.3300,39.645,2
nyudepth,82.3300,41.119,2
nyudepth,82.3522,37.778,2
nyudepth,82.3560,36.271,2
nyudepth,82.3607,49.750,2
nyudepth,82.4438,27.713,2
nyudepth,82.4464,45.290,2
nyudepth,82.4480,45.944,2
nyudepth,82.4494,46.693,2
nyudepth,82.4676,56.396,2
nyudepth,82.4746,51.339,2
nyudepth,82.4818,46.200,2
nyudepth,82.4950,64.991,2
nyudepth,82.4972,64.999,2
nyudepth,82.4992,65.145,2
nyudepth,82.5409,44.614,2
nyudepth,82.5764,27.281,2
nyudepth,82.5897,31.950,2
nyudepth,82.6308,42.116,2
nyudepth,82.6315,44.272,2
nyudepth,82.6469,56.214,2
nyudepth,82.6648,40.601,2
nyudepth,82.6958,40.397,2
nyudepth,82.7101,54.975,2
nyudepth,82.7244,42.685,2
nyudepth,82.7300,39.392,2
nyudepth,82.7478,51.374,2
nyudepth,82.7505,50.611,2
nyudepth,82.7829,49.488,2
nyudepth,82.7936,41.039,2
nyudepth,82.7963,68.195,2
nyudepth,82.8023,64.256,2
nyudepth,82.8118,56.783,2
nyudepth,82.8703,57.235,2
nyudepth,82.8894,40.419,2
nyudepth,82.9158,53.404,2
nyudepth,82.9927,41.752,2
nyudepth,83.0161,47.080,2
nyudepth,83.0172,47.199,2
nyudepth,83.0375,47.852,2
nyudepth,83.0624,49.103,2
nyudepth,83.0685,45.042,2
nyudepth,83.0713,44.434,2
nyudepth,83.0848,52.683,2
nyudepth,83.1892,18.534,2
nyudepth,83.2149,18.695,2
nyudepth,83.2483,43.496,2
nyudepth,83.2731,41.641,2
nyudepth,83.2804,36.586,2
nyudepth,83.2963,44.053,2
nyudepth,83.3452,36.062,2
nyudepth,83.3508,32.717,2
nyudepth,83.3516,34.164,2
nyudepth,83.4792,20.591,2
nyudepth,83.4878,32.415,2
nyudepth,83.5646,37.144,2
nyudepth,83.5794,51.535,2
nyudepth,83.5933,39.642,2
nyudepth,83.6118,41.212,2
nyudepth,83.6255,52.064,2
nyudepth,83.6796,51.684,2
nyudepth,83.6888,44.516,2
nyudepth,83.6915,43.880,2
nyudepth,83.7247,49.009,2
nyudepth,83.7435,32.167,2
nyudepth,83.7441,33.644,2
nyudepth,83.7636,33.060,2
nyudepth,83.7919,33.712,2
nyudepth,83.7978,53.192,2
nyudepth,83.8067,46.421,2
nyudepth,83.8078,47.619,2
nyudepth,83.8145,43.067,2
nyudepth,83.8328,47.538,2
nyudepth,83.8338,48.961,2
nyudepth,83.8587,40.703,2
nyudepth,83.9072,24.141,2
nyudepth,83.9090,43.850,2
nyudepth,83.9188,36.145,2
nyudepth,83.9219,35.132,2
nyudepth,83.9335,46.661,2
nyudepth,83.9595,44.285,2
nyudepth,83.9777,52.073,2
nyudepth,83.9862,45.619,2
nyudepth,83.9901,44.514,2
nyudepth,84.0569,34.086,2
nyudepth,84.0635,29.775,2
nyudepth,84.0685,54.570,2
nyudepth,84.0685,56.934,2
nyudepth,84.1431,50.751,2
nyudepth,84.1677,50.867,2
nyudepth,84.2013,34.399,2
nyudepth,84.2337,21.839,2
nyudepth,84.2429,31.690,2
nyudepth,84.2537,39.646,2
nyudepth,84.2807,36.444,2
nyudepth,84.3021,32.943,2
nyudepth,84.3029,34.109,2
nyudepth,84.3148,38.720,2
nyudepth,84.3706,29.403,2
nyudepth,84.3850,34.444,2
nyudepth,84.4012,37.069,2
nyudepth,84.4071,33.351,2
nyudepth,84.4748,44.605,2
nyudepth,84.5142,51.473,2
nyudepth,84.5264,41.564,2
nyudepth,84.5341,35.970,2
nyudepth,84.5389,59.104,2
nyudepth,84.5481,52.260,2
nyudepth,84.5508,51.883,2
nyudepth,84.5557,49.025,2
nyudepth,84.5585,48.358,2
nyudepth,84.5892,41.269,2
nyudepth,84.5911,41.549,2
nyudepth,84.5911,43.499,2
nyudepth,84.6238,31.055,2
nyudepth,84.6367,38.418,2
nyudepth,84.6591,41.668,2
nyudepth,84.6871,36.737,2
nyudepth,84.6985,51.113,2
nyudepth,84.7211,45.569,2
nyudepth,84.7339,34.694,2
nyudepth,84.7966,22.191,2
nyudepth,84.8250,35.834,2
nyudepth,84.8316,32.025,2
nyudepth,84.8432,47.558,2
nyudepth,84.8465,46.562,2
nyudepth,84.8684,49.344,2
nyudepth,84.8723,47.446,2
nyudepth,84.8858,63.296,2
nyudepth,84.8972,53.798,2
nyudepth,84.9105,42.555,2
nyudepth,84.9152,67.295,2
nyudepth,84.9279,56.795,2
nyudepth,84.9598,57.319,2
nyudepth,84.9641,54.924,2
nyudepth,84.9719,50.498,2
nyudepth,84.9920,50.762,2
nyudepth,84.9960,48.825,2
nyudepth,85.0459,46.368,2
nyudepth,85.0702,39.075,2
nyudepth,85.0944,34.660,2
nyudepth,85.1150,38.869,2
nyudepth,85.1212,34.716,2
nyudepth,85.1322,43.398,2
nyudepth,85.1435,54.867,2
nyudepth,85.1571,43.400,2
nyudepth,85.1792,47.734,2
nyudepth,85.1861,42.861,2
nyudepth,85.1957,66.950,2
nyudepth,85.2541,46.985,2
nyudepth,85.3022,22.717,2
nyudepth,85.3084,36.990,2
nyudepth,85.3260,41.482,2
nyudepth,85.3307,38.795,2
nyudepth,85.3374,34.145,2
nyudepth,85.3435,46.211,2
nyudepth,85.3620,29.781,2
nyudepth,85.4063,24.764,2
nyudepth,85.4170,30.399,2
nyudepth,85.4671,40.487,2
nyudepth,85.5038,48.407,2
nyudepth,85.5178,36.136,2
nyudepth,85.5365,45.166,2
nyudepth,85.5516,60.247,2
nyudepth,85.5817,55.462,2
nyudepth,85.5966,42.719,2
nyudepth,85.6084,54.741,2
nyudepth,85.6242,41.247,2
nyudepth,85.6383,58.606,2
nyudepth,85.6434,55.133,2
nyudepth,85.6434,57.318,2
nyudepth,85.6521,50.640,2
nyudepth,85.6597,76.453,2
nyudepth,85.7590,48.694,2
nyudepth,85.7736,58.341,2
nyudepth,85.7876,46.677,2
nyudepth,85.8056,57.688,2
nyudepth,85.8253,63.502,2
nyudepth,85.8288,61.907,2
nyudepth,85.8394,53.428,2
nyudepth,85.8412,53.854,2
nyudepth,85.8412,55.793,2
nyudepth,85.8534,62.562,2
nyudepth,85.9196,40.848,2
nyudepth,85.9306,32.735,2
nyudepth,85.9324,32.458,2
nyudepth,85.9380,49.012,2
nyudepth,85.9408,48.245,2
nyudepth,85.9627,50.995,2
nyudepth,85.9681,47.679,2
nyudepth,85.9857,55.615,2
nyudepth,85.9952,48.070,2
nyudepth,86.0123,49.835,2
nyudepth,86.0278,36.719,2
nyudepth,86.0646,51.511,2
nyudepth,86.0712,46.221,2
nyudepth,86.0781,41.583,2
nyudepth,86.0899,56.143,2
nyudepth,86.1015,46.168,2
nyudepth,86.1052,44.497,2
nyudepth,86.1185,52.968,2
nyudepth,86.1412,50.823,2
nyudepth,86.1455,49.812,2
nyudepth,86.1818,41.788,2
nyudepth,86.2111,60.609,2
nyudepth,86.2386,54.406,2
nyudepth,86.2619,32.842,2
nyudepth,86.2797,39.601,2
nyudepth,86.2913,55.048,2
nyudepth,86.3095,39.076,2
nyudepth,86.3410,60.264,2
nyudepth,86.3507,53.191,2
nyudepth,86.3542,51.801,2
nyudepth,86.4060,66.681,2
nyudepth,86.4495,48.169,2
nyudepth,86.4569,70.160,2
nyudepth,86.4655,64.222,2
nyudepth,86.4917,57.751,2
nyudepth,86.5017,49.827,2
nyudepth,86.5125,42.520,2
nyudepth,86.5250,58.085,2
nyudepth,86.5291,56.223,2
nyudepth,86.5439,43.437,2
nyudepth,86.5475,92.109,2
nyudepth,86.5545,87.181,2
nyudepth,86.5602,83.477,2
nyudepth,86.5628,83.695,2
nyudepth,86.5974,76.715,2
nyudepth,86.6032,72.922,2
nyudepth,86.6090,69.697,2
nyudepth,86.7196,22.948,2
nyudepth,86.7344,34.002,2
nyudepth,86.7354,35.085,2
nyudepth,86.7447,51.018,2
nyudepth,86.7516,44.417,2
nyudepth,86.7629,62.708,2
nyudepth,86.7668,60.755,2
nyudepth,86.7695,60.125,2
nyudepth,86.7716,59.962,2
nyudepth,86.7928,69.105,2
nyudepth,86.7929,70.996,2
nyudepth,86.8193,78.636,2
nyudepth,86.8223,77.651,2
nyudepth,86.8470,55.057,2
nyudepth,86.8680,79.310,2
nyudepth,86.8863,101.771,2
nyudepth,86.8863,104.033,2
nyudepth,86.8943,97.866,2
nyudepth,86.9122,81.941,2
nyudepth,86.9123,83.822,2
nyudepth,86.9185,79.746,2
nyudepth,86.9273,72.879,2
nyudepth,86.9625,56.103,2
nyudepth,86.9671,53.667,2
nyudepth,86.9708,51.836,2
nyudepth,87.0279,23.381,2
nyudepth,87.0347,37.258,2
nyudepth,87.0426,31.530,2
nyudepth,87.0682,51.079,2
nyudepth,87.0885,50.286,2
nyudepth,87.0965,44.538,2
nyudepth,87.1130,52.993,2
nyudepth,87.1193,48.668,2
nyudepth,87.1399,48.672,2
nyudepth,87.1422,49.062,2
nyudepth,87.1450,47.939,2
nyudepth,87.1517,43.201,2
nyudepth,87.1524,44.545,2
nyudepth,87.1569,65.402,2
nyudepth,87.1691,55.891,2
nyudepth,87.1758,50.637,2
nyudepth,87.1785,49.965,2
nyudepth,87.2828,31.537,2
nyudepth,87.3155,34.338,2
nyudepth,87.3203,32.509,2
nyudepth,87.3513,38.255,2
nyudepth,87.3936,19.732,2
nyudepth,87.4175,34.180,2
nyudepth,87.4175,37.382,2
nyudepth,87.4320,49.497,2
nyudepth,87.4440,39.537,2
nyudepth,87.4572,52.212,2
nyudepth,87.4595,51.293,2
nyudepth,87.4795,67.240,2
nyudepth,87.5159,78.989,2
nyudepth,87.5170,80.237,2
nyudepth,87.5224,77.127,2
nyudepth,87.5224,79.290,2
nyudepth,87.5517,78.228,2
nyudepth,87.6320,57.744,2
nyudepth,87.6321,60.084,2
nyudepth,87.6703,48.810,2
nyudepth,87.6810,68.586,2
nyudepth,87.7276,38.444,2
nyudepth,87.7905,21.311,2
nyudepth,87.8180,34.227,2
nyudepth,87.8196,34.491,2
nyudepth,87.8334,42.382,2
nyudepth,87.8361,41.829,2
nyudepth,87.9157,23.960,2
nyudepth,87.9258,35.149,2
nyudepth,87.9304,33.602,2
nyudepth,87.9362,50.894,2
nyudepth,87.9922,39.023,2
nyudepth,87.9949,38.432,2
nyudepth,88.0163,46.007,2
nyudepth,88.0532,49.580,2
nyudepth,88.0617,43.581,2
nyudepth,88.0809,54.846,2
nyudepth,88.0941,43.940,2
nyudepth,88.1039,66.191,2
nyudepth,88.1125,60.404,2
nyudepth,88.1132,61.302,2
nyudepth,88.1197,57.228,2
nyudepth,88.1223,56.741,2
nyudepth,88.1325,75.904,2
nyudepth,88.1559,54.372,2
nyudepth,88.1606,51.949,2
nyudepth,88.1663,70.338,2
nyudepth,88.1722,65.800,2
nyudepth,88.1985,41.694,2
nyudepth,88.2317,44.722,2
nyudepth,88.2344,44.409,2
nyudepth,88.2739,22.374,2
nyudepth,88.2993,41.615,2
nyudepth,88.2999,43.238,2
nyudepth,88.3192,45.060,2
nyudepth,88.3340,62.288,2
nyudepth,88.3463,51.963,2
nyudepth,88.3480,52.302,2
nyudepth,88.3653,53.676,2
nyudepth,88.3776,43.006,2
nyudepth,88.3833,61.543,2
nyudepth,88.3932,53.818,2
nyudepth,88.4174,59.255,2
nyudepth,88.4181,60.510,2
nyudepth,88.4276,52.973,2
nyudepth,88.4582,40.518,2
nyudepth,88.4673,57.888,2
nyudepth,88.5006,44.444,2
nyudepth,88.5030,44.132,2
nyudepth,88.5274,43.662,2
nyudepth,88.5742,21.232,2
nyudepth,88.5761,45.732,2
nyudepth,88.6071,41.678,2
nyudepth,88.6112,72.765,2
nyudepth,88.6126,73.373,2
nyudepth,88.6143,74.030,2
nyudepth,88.6230,67.200,2
nyudepth,88.6241,68.080,2
nyudepth,88.6288,65.981,2
nyudepth,88.6367,59.587,2
nyudepth,88.6469,75.825,2
nyudepth,88.6509,73.298,2
nyudepth,88.6566,69.666,2
nyudepth,88.6602,68.138,2
nyudepth,88.6648,65.536,2
nyudepth,88.6851,87.716,2
nyudepth,88.6942,80.666,2
nyudepth,88.7172,90.250,2
nyudepth,88.7211,88.249,2
nyudepth,88.7216,89.903,2
nyudepth,88.7343,79.211,2
nyudepth,88.7564,109.380,2
nyudepth,88.7581,109.547,2
nyudepth,88.7760,94.899,2
nyudepth,88.7784,94.501,2
nyudepth,88.7845,90.860,2
nyudepth,88.7979,79.630,2
nyudepth,88.7988,82.134,2
nyudepth,88.8158,114.334,2
nyudepth,88.8283,104.746,2
nyudepth,88.8459,88.601,2
nyudepth,88.8476,88.984,2
nyudepth,88.8520,86.340,2
nyudepth,88.8797,104.463,2
nyudepth,88.8798,106.517,2
nyudepth,88.9094,78.675,2
nyudepth,88.9313,83.771,2
nyudepth,88.9323,85.021,2
nyudepth,88.9356,83.894,2
nyudepth,88.9606,60.934,2
nyudepth,88.9715,86.465,2
nyudepth,88.9808,79.430,2
nyudepth,88.9853,77.285,2
nyudepth,88.9953,68.865,2
nyudepth,89.0032,62.884,2
nyudepth,89.0111,74.579,2
nyudepth,89.0407,47.542,2
nyudepth,89.0415,48.520,2
nyudepth,89.0779,33.214,2
nyudepth,89.0838,63.505,2
nyudepth,89.0893,59.995,2
nyudepth,89.1092,60.234,2
nyudepth,89.1408,56.246,2
nyudepth,89.1544,44.582,2
nyudepth,89.1592,42.075,2
nyudepth,89.1609,43.081,2
nyudepth,89.1695,55.646,2
nyudepth,89.1712,56.078,2
nyudepth,89.2033,47.741,2
nyudepth,89.2087,44.288,2
nyudepth,89.2308,47.976,2
nyudepth,89.2579,42.538,2
nyudepth,89.2726,29.749,2
nyudepth,89.2942,33.292,2
nyudepth,89.3076,43.834,2
nyudepth,89.3150,38.671,2
nyudepth,89.3360,46.570,2
nyudepth,89.3558,47.628,2
nyudepth,89.3578,48.360,2
nyudepth,89.3819,47.874,2
nyudepth,89.3895,42.307,2
nyudepth,89.4336,43.919,2
nyudepth,89.4641,36.996,2
nyudepth,89.4769,48.658,2
nyudepth,89.4925,34.505,2
nyudepth,89.4942,34.899,2
nyudepth,89.5058,58.903,2
nyudepth,89.5152,51.547,2
nyudepth,89.5235,76.534,2
nyudepth,89.5332,69.899,2
nyudepth,89.6022,57.241,2
nyudepth,89.6052,56.364,2
nyudepth,89.6069,56.867,2
nyudepth,89.6164,49.556,2
nyudepth,89.6237,72.181,2
nyudepth,89.6403,57.827,2
nyudepth,89.6448,55.296,2
nyudepth,89.6778,67.619,2
nyudepth,89.7052,82.119,2
nyudepth,89.7080,81.408,2
nyudepth,89.7105,81.750,2
nyudepth,89.7292,64.537,2
nyudepth,89.7298,66.584,2
nyudepth,89.7355,106.756,2
nyudepth,89.7686,75.606,2
nyudepth,89.7712,75.032,2
nyudepth,89.7847,81.205,2
nyudepth,89.7958,71.589,2
nyudepth,89.8514,40.630,2
nyudepth,89.8582,35.985,2
nyudepth,89.8865,29.878,2
nyudepth,89.9266,43.292,2
nyudepth,89.9289,42.967,2
nyudepth,89.9395,56.566,2
nyudepth,89.9519,46.369,2
nyudepth,89.9628,60.257,2
nyudepth,89.9915,64.916,2
nyudepth,89.9932,65.220,2
nyudepth,89.9972,63.449,2
nyudepth,90.0014,61.476,2
nyudepth,90.0019,63.410,2
nyudepth,90.0066,60.289,2
nyudepth,90.0133,55.618,2
nyudepth,90.0201,82.964,2
nyudepth,90.0201,85.098,2
nyudepth,90.0332,74.156,2
nyudepth,90.0346,74.784,2
nyudepth,90.0442,67.818,2
nyudepth,90.0552,111.214,2
nyudepth,90.0700,98.513,2
nyudepth,90.0777,92.861,2
nyudepth,90.0795,93.920,2
nyudepth,90.0795,95.224,2
nyudepth,90.0887,88.174,2
nyudepth,90.1142,107.980,2
nyudepth,90.1727,87.153,2
nyudepth,90.1946,67.278,2
nyudepth,90.2013,62.659,2
nyudepth,90.2462,56.233,2
nyudepth,90.2861,37.838,2
nyudepth,90.3102,31.729,2
nyudepth,90.3519,38.773,2
nyudepth,90.3741,36.512,2
nyudepth,90.3869,41.547,2
nyudepth,90.4128,35.591,2
nyudepth,90.4296,36.752,2
nyudepth,90.4675,41.915,2
nyudepth,90.4721,39.438,2
nyudepth,90.4739,39.787,2
nyudepth,90.4856,49.652,2
nyudepth,90.4870,50.248,2
nyudepth,90.4969,42.608,2
nyudepth,90.5155,51.004,2
nyudepth,90.5471,36.330,2
nyudepth,90.6059,46.873,2
nyudepth,90.6125,42.266,2
nyudepth,90.6201,56.539,2
nyudepth,90.6277,51.090,2
nyudepth,90.6277,53.206,2
nyudepth,90.6308,52.836,2
nyudepth,90.6323,52.681,2
nyudepth,90.6465,65.460,2
nyudepth,90.6559,57.097,2
nyudepth,90.7028,42.518,2
nyudepth,90.7029,45.228,2
nyudepth,90.7081,74.277,2
nyudepth,90.7166,67.251,2
nyudepth,90.7330,53.110,2
nyudepth,90.7367,51.640,2
nyudepth,90.7424,79.379,2
nyudepth,90.7473,76.403,2
nyudepth,90.7676,59.480,2
nyudepth,90.7703,57.800,2
nyudepth,90.7916,70.373,2
nyudepth,90.8126,50.718,2
nyudepth,90.8250,74.456,2
nyudepth,90.8305,70.930,2
nyudepth,90.8325,71.065,2
nyudepth,90.8420,63.674,2
nyudepth,90.8612,73.890,2
nyudepth,91.0197,47.472,2
nyudepth,91.0261,42.570,2
nyudepth,91.0288,41.923,2
nyudepth,91.0296,43.072,2
nyudepth,91.0665,54.296,2
nyudepth,91.0785,44.998,2
nyudepth,91.0839,40.955,2
nyudepth,91.0936,53.262,2
nyudepth,91.1003,48.025,2
nyudepth,91.1101,68.438,2
nyudepth,91.1260,55.097,2
nyudepth,91.1308,51.995,2
nyudepth,91.1527,59.392,2
nyudepth,91.1796,66.858,2
nyudepth,91.1811,67.492,2
nyudepth,91.1839,67.187,2
nyudepth,91.1932,59.811,2
nyudepth,91.2163,72.707,2
nyudepth,91.2238,67.187,2
nyudepth,91.3097,35.520,2
nyudepth,91.3368,29.586,2
nyudepth,91.3374,31.171,2
nyudepth,91.3523,41.510,2
nyudepth,91.3742,37.318,2
nyudepth,91.3761,37.504,2
nyudepth,91.4080,32.018,2
nyudepth,91.4127,51.209,2
nyudepth,91.4158,50.057,2
nyudepth,91.4314,36.560,2
nyudepth,91.4324,37.523,2
nyudepth,91.4501,41.683,2
nyudepth,91.4551,57.010,2
nyudepth,91.4588,54.798,2
nyudepth,91.4801,35.787,2
nyudepth,91.4903,48.374,2
nyudepth,91.5115,51.059,2
nyudepth,91.5248,39.623,2
nyudepth,91.5606,50.777,2
nyudepth,91.5875,47.474,2
nyudepth,91.5948,43.689,2
nyudepth,91.6125,51.058,2
nyudepth,91.6141,51.469,2
nyudepth,91.6343,70.261,2
nyudepth,91.6365,71.782,2
nyudepth,91.6365,73.345,2
nyudepth,91.6454,68.192,2
nyudepth,91.6527,62.772,2
nyudepth,91.6716,78.414,2
nyudepth,91.6734,78.789,2
nyudepth,91.7110,67.162,2
nyudepth,91.7421,70.100,2
nyudepth,91.7876,62.480,2
nyudepth,91.7894,62.630,2
nyudepth,91.7973,56.916,2
nyudepth,91.8000,56.461,2
nyudepth,91.8045,54.023,2
nyudepth,91.8133,88.949,2
nyudepth,91.8185,85.754,2
nyudepth,91.8227,83.711,2
nyudepth,91.8302,78.177,2
nyudepth,91.8430,68.187,2
nyudepth,91.8463,85.134,2
nyudepth,91.8531,80.287,2
nyudepth,91.8637,71.993,2
nyudepth,91.8979,59.482,2
nyudepth,91.9106,48.786,2
nyudepth,91.9565,49.043,2
nyudepth,92.0067,42.837,2
nyudepth,92.0105,40.038,2
nyudepth,92.0122,40.421,2
nyudepth,92.0607,34.575,2
nyudepth,92.1010,41.049,2
nyudepth,92.1720,43.131,2
nyudepth,92.1947,51.111,2
nyudepth,92.1963,51.661,2
nyudepth,92.2120,61.816,2
nyudepth,92.2241,51.907,2
nyudepth,92.2541,43.634,2
nyudepth,92.2568,43.236,2
nyudepth,92.2607,41.376,2
nyudepth,92.2749,50.457,2
nyudepth,92.2771,50.194,2
nyudepth,92.2789,50.648,2
nyudepth,92.3175,35.080,2
nyudepth,92.3638,26.948,2
nyudepth,92.3979,18.723,2
nyudepth,92.4198,22.253,2
nyudepth,92.4257,34.469,2
nyudepth,92.4332,28.999,2
nyudepth,92.4643,36.769,2
nyudepth,92.5221,32.405,2
nyudepth,92.5222,34.440,2
nyudepth,92.6032,39.149,2
nyudepth,92.6068,37.796,2
nyudepth,92.6360,39.079,2
nyudepth,92.6399,53.460,2
nyudepth,92.6477,48.181,2
nyudepth,92.6661,53.300,2
nyudepth,92.6696,51.797,2
nyudepth,92.7097,52.639,2
nyudepth,92.7125,51.779,2
nyudepth,92.7131,53.745,2
nyudepth,92.7669,48.846,2
nyudepth,92.7944,45.805,2
nyudepth,92.8027,39.485,2
nyudepth,92.8131,48.898,2
nyudepth,92.8313,33.958,2
nyudepth,92.8588,28.748,2
nyudepth,92.8665,42.342,2
nyudepth,92.8834,53.585,2
nyudepth,92.8886,50.246,2
nyudepth,92.8887,52.496,2
nyudepth,92.9186,49.773,2
nyudepth,92.9214,48.346,2
nyudepth,92.9215,50.442,2
nyudepth,92.9582,33.050,2
nyudepth,92.9957,38.761,2
nyudepth,93.0065,32.359,2
nyudepth,93.0193,48.945,2
nyudepth,93.0272,43.372,2
nyudepth,93.0357,71.278,2
nyudepth,93.0404,68.500,2
nyudepth,93.0446,66.407,2
nyudepth,93.0516,61.413,2
nyudepth,93.0815,50.489,2
nyudepth,93.1343,49.709,2
nyudepth,93.1616,49.352,2
nyudepth,93.1825,57.244,2
nyudepth,93.1931,48.910,2
nyudepth,93.1989,45.140,2
nyudepth,93.2154,48.079,2
nyudepth,93.2160,48.709,2
nyudepth,93.2809,41.597,2
nyudepth,93.3012,42.995,2
nyudepth,93.3361,28.345,2
nyudepth,93.3367,28.628,2
nyudepth,93.3383,29.186,2
nyudepth,93.3621,58.358,2
nyudepth,93.3622,60.380,2
nyudepth,93.3755,49.020,2
nyudepth,93.3794,48.060,2
nyudepth,93.3863,64.283,2
nyudepth,93.4073,45.216,2
nyudepth,93.4116,77.571,2
nyudepth,93.4181,71.287,2
nyudepth,93.4333,59.027,2
nyudepth,93.4367,57.051,2
nyudepth,93.4571,67.156,2
nyudepth,93.4882,73.552,2
nyudepth,93.5285,86.935,2
nyudepth,93.5403,77.061,2
nyudepth,93.5449,75.010,2
nyudepth,93.5483,73.844,2
nyudepth,93.5513,72.907,2
nyudepth,93.5514,74.760,2
nyudepth,93.5743,91.461,2
nyudepth,93.5853,83.305,2
nyudepth,93.6216,77.934,2
nyudepth,93.6233,78.185,2
nyudepth,93.6749,55.938,2
nyudepth,93.6841,49.024,2
nyudepth,93.6858,49.449,2
nyudepth,93.6859,51.688,2
nyudepth,93.6901,49.657,2
nyudepth,93.7219,41.686,2
nyudepth,93.7253,41.249,2
nyudepth,93.7458,46.885,2
nyudepth,93.7467,49.578,2
nyudepth,93.7574,59.325,2
nyudepth,93.7736,44.819,2
nyudepth,93.8024,41.505,2
nyudepth,93.8207,42.620,2
nyudepth,93.8208,44.582,2
nyudepth,93.8461,38.914,2
nyudepth,93.8461,40.969,2
nyudepth,93.8493,41.252,2
nyudepth,93.8896,21.432,2
nyudepth,93.9105,40.968,2
nyudepth,93.9302,41.206,2
nyudepth,93.9425,51.026,2
nyudepth,93.9615,33.637,2
nyudepth,93.9653,53.818,2
nyudepth,93.9783,43.300,2
nyudepth,93.9851,38.077,2
nyudepth,93.9918,51.994,2
nyudepth,94.0099,36.011,2
nyudepth,94.0146,56.505,2
nyudepth,94.0310,42.285,2
nyudepth,94.0394,61.853,2
nyudepth,94.1217,42.998,2
nyudepth,94.1265,39.682,2
nyudepth,94.1272,41.174,2
nyudepth,94.1641,22.598,2
nyudepth,94.2223,22.079,2
nyudepth,94.2397,52.198,2
nyudepth,94.2410,53.969,2
nyudepth,94.2411,55.494,2
nyudepth,94.2438,54.828,2
nyudepth,94.2791,43.909,2
nyudepth,94.3368,32.057,2
nyudepth,94.3398,51.200,2
nyudepth,94.3421,51.124,2
nyudepth,94.3458,49.864,2
nyudepth,94.3784,43.330,2
nyudepth,94.3944,54.428,2
nyudepth,94.4098,41.052,2
nyudepth,94.4099,43.108,2
nyudepth,94.4211,59.825,2
nyudepth,94.4314,51.882,2
nyudepth,94.4360,49.301,2
nyudepth,94.4367,50.740,2
nyudepth,94.4542,63.598,2
nyudepth,94.4715,48.366,2
nyudepth,94.4787,62.945,2
nyudepth,94.5071,66.592,2
nyudepth,94.5356,40.185,2
nyudepth,94.5568,43.223,2
nyudepth,94.5675,34.581,2
nyudepth,94.6479,38.652,2
nyudepth,94.6531,35.456,2
nyudepth,94.6637,46.034,2
nyudepth,94.6961,31.977,2
nyudepth,94.7198,28.240,2
nyudepth,94.7317,34.549,2
nyudepth,94.7471,45.216,2
nyudepth,94.7742,42.861,2
nyudepth,94.7851,72.830,2
nyudepth,94.7873,72.652,2
nyudepth,94.7908,71.476,2
nyudepth,94.8041,60.879,2
nyudepth,94.8056,60.928,2
nyudepth,94.8230,67.771,2
nyudepth,94.8252,67.813,2
nyudepth,94.8314,63.673,2
nyudepth,94.8492,47.885,2
nyudepth,94.8519,66.986,2
nyudepth,94.8644,56.957,2
nyudepth,94.9588,32.787,2
nyudepth,94.9588,34.926,2
nyudepth,94.9745,36.311,2
nyudepth,94.9927,39.579,2
nyudepth,95.0108,41.266,2
nyudepth,95.0613,41.832,2
nyudepth,95.0819,45.550,2
nyudepth,95.1376,31.185,2
nyudepth,95.1486,39.316,2
nyudepth,95.1609,29.049,2
nyudepth,95.2225,47.776,2
nyudepth,95.2385,32.844,2
nyudepth,95.2432,30.190,2
nyudepth,95.2685,45.569,2
nyudepth,95.2858,30.230,2
nyudepth,95.3068,31.226,2
nyudepth,95.3230,33.558,2
nyudepth,95.3546,48.653,2
nyudepth,95.3624,42.809,2
nyudepth,95.3660,41.472,2
nyudepth,95.3707,38.971,2
nyudepth,95.3924,37.286,2
nyudepth,95.4086,38.713,2
nyudepth,95.4601,42.305,2
nyudepth,95.4733,31.711,2
nyudepth,95.4789,27.509,2
nyudepth,95.5505,39.932,2
nyudepth,95.5946,30.474,2
nyudepth,95.6241,42.150,2
nyudepth,95.6627,44.400,2
nyudepth,95.6714,37.708,2
nyudepth,95.6770,34.094,2
nyudepth,95.6843,50.316,2
nyudepth,95.7221,32.586,2
nyudepth,95.7487,45.307,2
nyudepth,95.7488,47.494,2
nyudepth,95.7679,30.260,2
nyudepth,95.7745,42.432,2
nyudepth,95.8312,25.793,2
nyudepth,95.8581,37.670,2
nyudepth,95.8766,40.701,2
nyudepth,95.8904,51.904,2
nyudepth,95.8949,49.604,2
nyudepth,95.9149,57.221,2
nyudepth,95.9285,46.332,2
nyudepth,95.9598,34.270,2
nyudepth,95.9666,53.573,2
nyudepth,95.9859,36.413,2
nyudepth,95.9876,36.972,2
nyudepth,95.9912,52.778,2
nyudepth,95.9952,50.735,2
nyudepth,96.0030,45.404,2
nyudepth,96.0384,31.317,2
nyudepth,96.0484,46.955,2
nyudepth,96.0621,70.012,2
nyudepth,96.0636,70.570,2
nyudepth,96.0735,62.982,2
nyudepth,96.0851,53.570,2
nyudepth,96.0929,81.756,2
nyudepth,96.1106,66.129,2
nyudepth,96.1230,55.821,2
nyudepth,96.1260,84.707,2
nyudepth,96.1416,71.244,2
nyudepth,96.1532,61.894,2
nyudepth,96.1609,56.905,2
nyudepth,96.1610,58.236,2
nyudepth,96.1703,83.714,2
nyudepth,96.2119,64.494,2
nyudepth,96.2428,61.621,2
nyudepth,96.2580,47.814,2
nyudepth,96.2617,46.266,2
nyudepth,96.2870,48.322,2
nyudepth,96.3156,41.731,2
nyudepth,96.3163,43.024,2
nyudepth,96.3605,23.023,2
nyudepth,96.4070,23.095,2
nyudepth,96.4120,35.088,2
nyudepth,96.4189,30.422,2
nyudepth,96.4205,31.434,2
nyudepth,96.4483,24.313,2
nyudepth,96.4607,39.759,2
nyudepth,96.4815,37.674,2
nyudepth,96.4993,46.958,2
nyudepth,96.5221,52.309,2
nyudepth,96.5335,43.059,2
nyudepth,96.5383,40.299,2
nyudepth,96.5486,57.988,2
nyudepth,96.5512,57.408,2
nyudepth,96.6214,47.628,2
nyudepth,96.6309,40.432,2
nyudepth,96.6367,67.826,2
nyudepth,96.6438,62.961,2
nyudepth,96.6516,57.450,2
nyudepth,96.6632,89.759,2
nyudepth,96.6755,79.803,2
nyudepth,96.6809,76.569,2
nyudepth,96.6932,66.512,2
nyudepth,96.7619,50.484,2
nyudepth,96.7638,50.848,2
nyudepth,96.7673,49.608,2
nyudepth,96.8270,30.376,2
nyudepth,96.8561,49.432,2
nyudepth,96.9123,30.720,2
nyudepth,96.9328,28.743,2
nyudepth,96.9677,35.742,2
nyudepth,96.9694,35.536,2
nyudepth,97.0028,26.018,2
nyudepth,97.0171,28.478,2
nyudepth,97.0525,46.476,2
nyudepth,97.0683,68.703,2
nyudepth,97.0683,69.953,2
nyudepth,97.0755,65.089,2
nyudepth,97.0787,64.187,2
nyudepth,97.1022,79.397,2
nyudepth,97.1203,63.650,2
nyudepth,97.1263,59.870,2
nyudepth,97.1353,87.546,2
nyudepth,97.1394,85.191,2
nyudepth,97.1429,83.857,2
nyudepth,97.1454,84.100,2
nyudepth,97.1574,73.686,2
nyudepth,97.1631,70.148,2
nyudepth,97.1738,61.359,2
nyudepth,97.1873,86.756,2
nyudepth,97.2023,74.412,2
nyudepth,97.2060,72.240,2
nyudepth,97.2127,67.575,2
nyudepth,97.2127,69.551,2
nyudepth,97.2219,99.552,2
nyudepth,97.2452,77.617,2
nyudepth,97.2453,79.628,2
nyudepth,97.2759,70.106,2
nyudepth,97.3136,49.787,2
nyudepth,97.3280,37.370,2
nyudepth,97.3582,31.135,2
nyudepth,97.3686,50.497,2
nyudepth,97.3740,47.108,2
nyudepth,97.3759,47.211,2
nyudepth,97.3760,50.010,2
nyudepth,97.4065,37.149,2
nyudepth,97.4525,53.859,2
nyudepth,97.4655,62.293,2
nyudepth,97.5031,47.405,2
nyudepth,97.5205,50.609,2
nyudepth,97.5478,48.642,2
nyudepth,97.5636,34.791,2
nyudepth,97.5784,47.693,2
nyudepth,97.5855,42.842,2
nyudepth,97.6018,62.894,2
nyudepth,97.6062,61.346,2
nyudepth,97.6070,62.754,2
nyudepth,97.6200,93.031,2
nyudepth,97.6215,93.629,2
nyudepth,97.6315,86.231,2
nyudepth,97.6315,88.376,2
nyudepth,97.6486,73.436,2
nyudepth,97.6535,71.193,2
nyudepth,97.6562,71.418,2
nyudepth,97.6647,96.797,2
nyudepth,97.6730,91.658,2
nyudepth,97.6978,70.080,2
nyudepth,97.7400,65.814,2
nyudepth,97.7637,89.410,2
nyudepth,97.7659,88.668,2
nyudepth,97.7700,86.582,2
nyudepth,97.8762,51.402,2
nyudepth,97.8846,45.189,2
nyudepth,97.8934,59.173,2
nyudepth,97.9210,49.691,2
nyudepth,97.9476,43.955,2
nyudepth,97.9512,41.339,2
nyudepth,97.9653,52.165,2
nyudepth,97.9673,52.248,2
nyudepth,97.9981,57.327,2
nyudepth,97.9987,58.811,2
nyudepth,98.0114,66.419,2
nyudepth,98.0468,59.701,2
nyudepth,98.0566,51.348,2
nyudepth,98.0767,55.055,2
nyudepth,98.0922,41.527,2
nyudepth,98.1251,32.407,2
nyudepth,98.1766,40.914,2
nyudepth,98.1974,36.158,2
nyudepth,98.2407,20.219,2
nyudepth,98.2475,33.324,2
nyudepth,98.2604,38.869,2
nyudepth,98.2703,31.099,2
nyudepth,98.3163,24.781,2
nyudepth,98.3432,20.799,2
nyudepth,98.3500,32.939,2
nyudepth,98.3577,27.356,2
nyudepth,98.4097,41.233,2
nyudepth,98.4143,38.784,2
nyudepth,98.4236,73.607,2
nyudepth,98.4307,68.404,2
nyudepth,98.4322,69.855,2
nyudepth,98.4463,102.839,2
nyudepth,98.4554,95.696,2
nyudepth,98.4573,95.854,2
nyudepth,98.4574,97.726,2
nyudepth,98.4667,90.410,2
nyudepth,98.4956,92.644,2
nyudepth,98.5212,69.054,2
nyudepth,98.5260,66.311,2
nyudepth,98.5314,62.932,2
nyudepth,98.5428,74.010,2
nyudepth,98.5446,74.187,2
nyudepth,98.5613,60.028,2
nyudepth,98.5660,57.189,2
nyudepth,98.6022,49.341,2
nyudepth,98.6188,50.578,2
nyudepth,98.6253,46.072,2
nyudepth,98.6526,41.553,2
nyudepth,98.6918,41.482,2
nyudepth,98.7046,31.390,2
nyudepth,98.7092,28.309,2
nyudepth,98.7657,24.538,2
nyudepth,98.7984,30.336,2
nyudepth,98.8398,30.547,2
nyudepth,98.8583,30.439,2
nyudepth,98.8755,39.323,2
nyudepth,98.8951,43.026,2
nyudepth,98.8982,42.086,2
nyudepth,98.9136,55.235,2
nyudepth,98.9170,52.781,2
nyudepth,98.9219,50.133,2
nyudepth,98.9289,45.194,2
nyudepth,98.9532,43.400,2
nyudepth,98.9649,57.523,2
nyudepth,98.9763,48.353,2
nyudepth,98.9950,59.255,2
nyudepth,99.0066,49.938,2
nyudepth,99.0275,67.244,2
nyudepth,99.0290,67.652,2
nyudepth,99.0377,61.064,2
nyudepth,99.0496,69.164,2
nyudepth,99.0514,69.032,2
nyudepth,99.0617,60.429,2
nyudepth,99.0726,51.754,2
nyudepth,99.0925,51.365,2
nyudepth,99.1000,45.891,2
nyudepth,99.1179,48.663,2
nyudepth,99.1410,48.501,2
nyudepth,99.1601,31.382,2
nyudepth,99.1652,48.435,2
nyudepth,99.1871,51.191,2
nyudepth,99.2077,33.812,2
nyudepth,99.2135,58.933,2
nyudepth,99.2183,55.402,2
nyudepth,99.2242,51.806,2
nyudepth,99.2271,50.922,2
nyudepth,99.2407,62.352,2
nyudepth,99.2535,51.617,2
nyudepth,99.2648,43.015,2
nyudepth,99.2691,65.049,2
nyudepth,99.2707,65.992,2
nyudepth,99.3089,55.716,2
nyudepth,99.3236,43.050,2
nyudepth,99.3484,38.630,2
nyudepth,99.3788,35.684,2
nyudepth,99.4039,37.973,2
nyudepth,99.4137,47.952,2
nyudepth,99.4297,56.830,2
nyudepth,99.4315,57.116,2
nyudepth,99.4589,52.558,2
nyudepth,99.4982,34.567,2
nyudepth,99.5439,27.261,2
nyudepth,99.5486,44.154,2
nyudepth,99.5532,41.768,2
nyudepth,99.5646,53.783,2
nyudepth,99.5813,39.668,2
nyudepth,99.5971,41.097,2
nyudepth,99.6311,27.854,2
nyudepth,99.6431,48.193,2
nyudepth,99.6549,63.507,2
nyudepth,99.6678,52.933,2
nyudepth,99.6773,75.172,2
nyudepth,99.6865,68.079,2
nyudepth,99.6925,64.631,2
nyudepth,99.6955,63.727,2
nyudepth,99.7003,61.083,2
nyudepth,99.7027,60.800,2
nyudepth,99.7146,74.954,2
nyudepth,99.7750,31.631,2
nyudepth,99.7896,40.327,2
nyudepth,99.8030,49.415,2
nyudepth,99.8168,38.287,2
nyudepth,99.8210,55.828,2
nyudepth,99.8321,46.943,2
nyudepth,99.8357,45.585,2
nyudepth,99.8535,51.101,2
nyudepth,99.8849,38.586,2
nyudepth,99.8892,36.494,2
nyudepth,99.9359,24.641,2
nyudepth,99.9717,24.858,2
nyudepth,99.9719,46.570,2
nyudepth,99.9794,40.653,2
nyudepth,99.9829,39.360,2
nyudepth,99.9855,38.792,2
nyudepth,100.0151,60.625,2
nyudepth,100.0369,40.825,2
nyudepth,100.0465,61.518,2
nyudepth,100.0737,61.172,2
nyudepth,100.0977,38.693,2
nyudepth,100.0994,39.064,2
nyudepth,100.1012,39.330,2
nyudepth,100.1246,33.814,2
nyudepth,100.1264,34.100,2
nyudepth,100.1577,36.970,2
nyudepth,100.1747,39.914,2
nyudepth,100.1968,42.114,2
nyudepth,100.2055,34.419,2
nyudepth,100.2109,53.619,2
nyudepth,100.2167,49.870,2
nyudepth,100.2190,49.762,2
nyudepth,100.2267,44.198,2
nyudepth,100.2461,48.561,2
nyudepth,100.2810,35.563,2
nyudepth,100.2811,37.659,2
nyudepth,100.3147,58.135,2
nyudepth,100.3654,46.251,2
nyudepth,100.4095,26.874,2
nyudepth,100.4225,32.058,2
nyudepth,100.4546,44.935,2
nyudepth,100.4789,49.498,2
nyudepth,100.4917,39.023,2
nyudepth,100.5059,45.151,2
nyudepth,100.5088,44.350,2
nyudepth,100.5377,36.755,2
nyudepth,100.5383,38.173,2
nyudepth,100.5575,41.981,2
nyudepth,100.6224,36.410,2
nyudepth,100.6466,33.661,2
nyudepth,100.6599,46.371,2
nyudepth,100.6674,41.524,2
nyudepth,100.6990,34.436,2
nyudepth,100.7012,54.116,2
nyudepth,100.7120,45.324,2
nyudepth,100.7365,49.613,2
nyudepth,100.7439,44.860,2
nyudepth,100.7521,77.620,2
nyudepth,100.7538,77.910,2
nyudepth,100.7560,77.966,2
nyudepth,100.7561,80.196,2
nyudepth,100.7634,74.970,2
nyudepth,100.7769,63.513,2
nyudepth,100.7838,87.432,2
nyudepth,100.7881,85.023,2
nyudepth,100.8077,67.576,2
nyudepth,100.8537,51.697,2
nyudepth,100.8663,75.403,2
nyudepth,100.8789,64.774,2
nyudepth,100.8854,60.384,2
nyudepth,100.8923,55.503,2
nyudepth,100.8996,70.912,2
nyudepth,100.9509,39.422,2
nyudepth,100.9716,42.622,2
nyudepth,100.9968,51.648,2
nyudepth,101.0006,49.944,2
nyudepth,101.0292,45.740,2
nyudepth,101.0399,71.500,2
nyudepth,101.0413,72.311,2
nyudepth,101.0585,57.625,2
nyudepth,101.0611,57.077,2
nyudepth,101.0721,71.933,2
nyudepth,101.0740,72.186,2
nyudepth,101.0865,62.133,2
nyudepth,101.0903,60.313,2
nyudepth,101.0949,57.657,2
nyudepth,101.0975,57.126,2
nyudepth,101.0976,93.972,2
nyudepth,101.1014,92.783,2
nyudepth,101.1253,70.256,2
nyudepth,101.1330,64.822,2
nyudepth,101.1628,54.218,2
nyudepth,101.2080,29.418,2
nyudepth,101.2550,27.280,2
nyudepth,101.2569,44.678,2
nyudepth,101.2693,34.280,2
nyudepth,101.2718,33.887,2
nyudepth,101.3068,37.173,2
nyudepth,101.3318,35.591,2
nyudepth,101.3395,52.337,2
nyudepth,101.3482,45.563,2
nyudepth,101.3614,60.922,2
nyudepth,101.3815,42.420,2
nyudepth,101.4131,31.922,2
nyudepth,101.4139,33.406,2
nyudepth,101.4280,37.660,2
nyudepth,101.4358,31.835,2
nyudepth,101.4414,44.060,2
nyudepth,101.4614,44.625,2
nyudepth,101.4698,38.516,2
nyudepth,101.4933,41.916,2
nyudepth,101.5227,32.298,2
nyudepth,101.5309,45.346,2
nyudepth,101.5310,47.343,2
nyudepth,101.5896,33.961,2
nyudepth,101.6102,30.126,2
nyudepth,101.6476,48.770,2
nyudepth,101.6489,50.590,2
nyudepth,101.6517,49.840,2
nyudepth,101.6532,50.519,2
nyudepth,101.6567,49.550,2
nyudepth,101.6568,51.597,2
nyudepth,101.6920,69.594,2
nyudepth,101.6986,64.706,2
nyudepth,101.7249,40.604,2
nyudepth,101.7546,37.477,2
nyudepth,101.7839,26.439,2
nyudepth,101.7952,37.631,2
nyudepth,101.8540,42.051,2
nyudepth,101.8913,51.202,2
nyudepth,101.9446,50.677,2
nyudepth,101.9592,39.059,2
nyudepth,101.9934,32.502,2
nyudepth,102.0031,44.562,2
nyudepth,102.0251,46.625,2
nyudepth,102.0450,48.602,2
nyudepth,102.0462,49.447,2
nyudepth,102.0500,48.552,2
nyudepth,102.0758,42.437,2
nyudepth,102.0766,43.827,2
nyudepth,102.1007,39.302,2
nyudepth,102.1158,47.941,2
nyudepth,102.1941,33.122,2
nyudepth,102.1942,34.688,2
nyudepth,102.2066,42.871,2
nyudepth,102.2597,32.149,2
nyudepth,102.2597,34.345,2
nyudepth,102.2771,37.408,2
nyudepth,102.2849,31.633,2
nyudepth,102.2897,51.903,2
nyudepth,102.3126,47.670,2
nyudepth,102.3230,40.199,2
nyudepth,102.3380,46.604,2
nyudepth,102.3382,49.041,2
nyudepth,102.3498,39.474,2
nyudepth,102.3518,39.604,2
nyudepth,102.3625,51.934,2
nyudepth,102.3633,53.034,2
nyudepth,102.3819,62.782,2
nyudepth,102.3847,61.936,2
nyudepth,102.3854,64.045,2
nyudepth,102.4135,59.465,2
nyudepth,102.4185,56.500,2
nyudepth,102.4185,58.491,2
nyudepth,102.4380,41.429,2
nyudepth,102.4503,52.228,2
nyudepth,102.4668,55.232,2
nyudepth,102.5008,44.074,2
nyudepth,102.5036,43.325,2
nyudepth,102.5083,40.927,2
nyudepth,102.5314,40.144,2
nyudepth,102.5389,55.410,2
nyudepth,102.5436,52.968,2
nyudepth,102.5715,60.493,2
nyudepth,102.5796,54.395,2
nyudepth,102.5866,49.624,2
nyudepth,102.6351,52.256,2
nyudepth,102.6351,53.967,2
nyudepth,102.6857,47.240,2
nyudepth,102.6922,43.284,2
nyudepth,102.7461,33.873,2
nyudepth,102.7487,33.363,2
nyudepth,102.7632,36.802,2
nyudepth,102.7851,37.624,2
nyudepth,102.8087,40.905,2
nyudepth,102.8104,41.296,2
nyudepth,102.8118,42.104,2
nyudepth,102.8280,44.837,2
nyudepth,102.8292,45.628,2
nyudepth,102.8560,48.006,2
nyudepth,102.8872,44.903,2
nyudepth,102.8901,44.226,2
nyudepth,102.9149,48.585,2
nyudepth,102.9149,50.982,2
nyudepth,102.9680,40.917,2
nyudepth,102.9800,47.882,2
nyudepth,103.0017,48.131,2
nyudepth,103.0238,45.049,2
nyudepth,103.0429,27.999,2
nyudepth,103.0559,35.959,2
nyudepth,103.0565,37.315,2
nyudepth,103.0901,47.738,2
nyudepth,103.1058,34.013,2
nyudepth,103.1109,55.257,2
nyudepth,103.1178,50.581,2
nyudepth,103.1250,45.520,2
nyudepth,103.1261,46.528,2
nyudepth,103.1296,45.031,2
nyudepth,103.1297,68.446,2
nyudepth,103.1445,55.730,2
nyudepth,103.1535,48.862,2
nyudepth,103.2068,54.333,2
nyudepth,103.2112,52.235,2
nyudepth,103.2259,71.255,2
nyudepth,103.2267,73.545,2
nyudepth,103.2332,68.525,2
nyudepth,103.2501,53.742,2
nyudepth,103.2995,31.975,2
nyudepth,103.3539,43.901,2
nyudepth,103.3545,45.541,2
nyudepth,103.3707,57.778,2
nyudepth,103.3750,55.614,2
nyudepth,103.4096,52.416,2
nyudepth,103.4327,58.035,2
nyudepth,103.4361,56.888,2
nyudepth,103.4447,50.622,2
nyudepth,103.4448,52.673,2
nyudepth,103.4529,47.967,2
nyudepth,103.4666,55.561,2
nyudepth,103.4775,46.841,2
nyudepth,103.4986,44.898,2
nyudepth,103.5009,44.732,2
nyudepth,103.5305,36.739,2
nyudepth,103.5382,31.137,2
nyudepth,103.5468,45.423,2
nyudepth,103.5523,41.982,2
nyudepth,103.5775,39.787,2
nyudepth,103.5863,61.056,2
nyudepth,103.5923,57.009,2
nyudepth,103.6092,43.246,2
nyudepth,103.6258,55.745,2
nyudepth,103.6325,51.189,2
nyudepth,103.6651,49.127,2
nyudepth,103.6728,43.591,2
nyudepth,103.6940,49.421,2
nyudepth,103.7007,67.258,2
nyudepth,103.7261,43.405,2
nyudepth,103.7506,37.462,2
nyudepth,103.7717,36.606,2
nyudepth,103.7984,31.124,2
nyudepth,103.8127,38.038,2
nyudepth,103.8153,36.982,2
nyudepth,103.8277,51.781,2
nyudepth,103.8317,50.047,2
nyudepth,103.8475,52.448,2
nyudepth,103.8490,53.334,2
nyudepth,103.8647,39.168,2
nyudepth,103.8664,40.083,2
nyudepth,103.8806,44.301,2
nyudepth,103.9490,47.021,2
nyudepth,103.9683,56.793,2
nyudepth,103.9745,52.536,2
nyudepth,103.9791,49.973,2
nyudepth,103.9883,69.207,2
nyudepth,104.0002,59.812,2
nyudepth,104.0151,46.972,2
nyudepth,104.0198,69.922,2
nyudepth,104.0369,55.079,2
nyudepth,104.0400,54.368,2
nyudepth,104.0832,56.248,2
nyudepth,104.1049,36.718,2
nyudepth,104.1158,49.336,2
nyudepth,104.1347,52.490,2
nyudepth,104.1377,51.543,2
nyudepth,104.1701,38.279,2
nyudepth,104.2095,53.031,2
nyudepth,104.2123,52.246,2
nyudepth,104.2128,53.819,2
nyudepth,104.2207,47.968,2
nyudepth,104.2392,47.724,2
nyudepth,104.2983,32.296,2
nyudepth,104.3052,27.668,2
nyudepth,104.3120,43.854,2
nyudepth,104.3147,43.739,2
nyudepth,104.3481,30.771,2
nyudepth,104.3997,24.261,2
nyudepth,104.4015,45.010,2
nyudepth,104.4022,45.133,2
nyudepth,104.4085,40.987,2
nyudepth,104.4452,45.108,2
nyudepth,104.5248,39.032,2
nyudepth,104.5326,57.742,2
nyudepth,104.5552,37.546,2
nyudepth,104.5706,51.268,2
nyudepth,104.5744,50.385,2
nyudepth,104.5880,60.457,2
nyudepth,104.6359,34.070,2
nyudepth,104.6599,33.818,2
nyudepth,104.6860,48.164,2
nyudepth,104.7079,44.189,2
nyudepth,104.7108,45.275,2
nyudepth,104.7219,36.255,2
nyudepth,104.7420,35.890,2
nyudepth,104.7543,49.058,2
nyudepth,104.7544,51.033,2
nyudepth,104.7562,51.298,2
nyudepth,104.7954,33.364,2
nyudepth,104.8186,29.663,2
nyudepth,104.8416,45.765,2
nyudepth,104.8786,31.523,2
nyudepth,104.8973,32.912,2
nyudepth,104.9609,25.585,2
nyudepth,104.9995,31.384,2
nyudepth,105.0052,47.634,2
nyudepth,105.0121,42.897,2
nyudepth,105.0244,61.056,2
nyudepth,105.0295,58.331,2
nyudepth,105.0618,43.647,2
nyudepth,105.0657,41.818,2
nyudepth,105.0804,45.915,2
nyudepth,105.1028,47.783,2
nyudepth,105.1176,34.143,2
nyudepth,105.1233,54.640,2
nyudepth,105.1339,46.075,2
nyudepth,105.1366,45.273,2
nyudepth,105.1491,56.927,2
nyudepth,105.1629,45.032,2
nyudepth,105.1746,59.277,2
nyudepth,105.1871,48.947,2
nyudepth,105.1919,46.374,2
nyudepth,105.2480,42.835,2
nyudepth,105.2704,46.593,2
nyudepth,105.2855,52.959,2
nyudepth,105.3037,36.781,2
nyudepth,105.3125,49.027,2
nyudepth,105.3555,53.678,2
nyudepth,105.3572,53.504,2
nyudepth,105.3586,54.985,2
nyudepth,105.3772,37.917,2
nyudepth,105.3911,49.811,2
nyudepth,105.3979,45.283,2
nyudepth,105.4645,18.816,2
nyudepth,105.4845,21.325,2
nyudepth,105.4971,27.609,2
nyudepth,105.5227,54.032,2
nyudepth,105.5259,52.798,2
nyudepth,105.5333,47.502,2
nyudepth,105.5369,45.883,2
nyudepth,105.5406,44.440,2
nyudepth,105.5662,50.334,2
nyudepth,105.5761,69.437,2
nyudepth,105.5903,57.812,2
nyudepth,105.5962,54.088,2
nyudepth,105.5981,54.483,2
nyudepth,105.6029,51.872,2
nyudepth,105.6085,85.898,2
nyudepth,105.6243,73.013,2
nyudepth,105.6455,68.027,2
nyudepth,105.7157,34.356,2
nyudepth,105.7532,20.363,2
nyudepth,105.8292,39.972,2
nyudepth,105.8544,34.393,2
nyudepth,105.8545,35.654,2
nyudepth,105.8566,36.461,2
nyudepth,105.8723,38.629,2
nyudepth,105.8829,46.428,2
nyudepth,105.8877,43.672,2
nyudepth,105.8922,41.145,2
nyudepth,105.9140,38.108,2
nyudepth,105.9216,32.435,2
nyudepth,105.9451,33.158,2
nyudepth,105.9661,33.243,2
nyudepth,105.9738,50.559,2
nyudepth,105.9873,39.183,2
nyudepth,105.9931,35.372,2
nyudepth,106.0090,42.630,2
nyudepth,106.0527,34.164,2
nyudepth,106.0778,29.768,2
nyudepth,106.0950,30.374,2
nyudepth,106.1177,31.936,2
nyudepth,106.1265,54.985,2
nyudepth,106.1372,45.529,2
nyudepth,106.1384,46.730,2
nyudepth,106.1467,71.448,2
nyudepth,106.1596,60.694,2
nyudepth,106.1672,55.762,2
nyudepth,106.1687,55.623,2
nyudepth,106.1688,97.009,2
nyudepth,106.1747,93.678,2
nyudepth,106.1780,91.812,2
nyudepth,106.1893,82.731,2
nyudepth,106.2041,69.972,2
nyudepth,106.2192,88.251,2
nyudepth,106.2223,87.443,2
nyudepth,106.2474,64.774,2
nyudepth,106.2883,45.180,2
nyudepth,106.3031,56.382,2
nyudepth,106.3163,45.486,2
nyudepth,106.3202,43.680,2
nyudepth,106.3203,45.621,2
nyudepth,106.3427,44.825,2
nyudepth,106.3855,21.050,2
nyudepth,106.4356,34.945,2
nyudepth,106.4371,35.450,2
nyudepth,106.4555,40.081,2
nyudepth,106.4657,60.228,2
nyudepth,106.4658,62.237,2
nyudepth,106.4748,55.498,2
nyudepth,106.4793,52.977,2
nyudepth,106.4913,79.200,2
nyudepth,106.5113,61.214,2
nyudepth,106.5222,82.211,2
nyudepth,106.5388,67.815,2
nyudepth,106.5536,55.214,2
nyudepth,106.5536,57.806,2
nyudepth,106.6100,55.639,2
nyudepth,106.6361,66.873,2
nyudepth,106.6362,68.714,2
nyudepth,106.6405,66.667,2
nyudepth,106.6452,63.905,2
nyudepth,106.6470,64.095,2
nyudepth,106.6487,64.483,2
nyudepth,106.6605,75.100,2
nyudepth,106.6619,75.781,2
nyudepth,106.6847,55.558,2
nyudepth,106.6965,46.025,2
nyudepth,106.7013,65.029,2
nyudepth,106.7224,46.508,2
nyudepth,106.7414,44.646,2
nyudepth,106.7895,38.348,2
nyudepth,106.7923,37.456,2
nyudepth,106.7950,37.048,2
nyudepth,106.7976,36.453,2
nyudepth,106.8045,48.534,2
nyudepth,106.8352,41.407,2
nyudepth,106.8887,22.562,2
nyudepth,106.9042,23.267,2
nyudepth,106.9316,18.997,2
nyudepth,107.0002,40.544,2
nyudepth,107.0009,41.807,2
nyudepth,107.0408,39.338,2
nyudepth,107.0478,34.429,2
nyudepth,107.0479,37.185,2
nyudepth,107.0562,30.792,2
nyudepth,107.1041,21.573,2
nyudepth,107.1127,36.792,2
nyudepth,107.1240,43.221,2
nyudepth,107.1289,40.898,2
nyudepth,107.1289,43.376,2
nyudepth,107.1684,50.804,2
nyudepth,107.1834,37.857,2
nyudepth,107.1841,41.343,2
nyudepth,107.2013,47.961,2
nyudepth,107.2050,46.478,2
nyudepth,107.2067,47.000,2
nyudepth,107.2141,64.803,2
nyudepth,107.2448,60.762,2
nyudepth,107.2782,49.379,2
nyudepth,107.2998,49.667,2
nyudepth,107.3165,36.172,2
nyudepth,107.3202,33.609,2
nyudepth,107.3238,51.982,2
nyudepth,107.3518,46.579,2
nyudepth,107.3592,41.323,2
nyudepth,107.4027,40.031,2
nyudepth,107.4161,28.399,2
nyudepth,107.4369,31.318,2
nyudepth,107.4547,40.879,2
nyudepth,107.4653,61.590,2
nyudepth,107.4654,63.654,2
nyudepth,107.4676,63.369,2
nyudepth,107.4713,61.694,2
nyudepth,107.4734,61.553,2
nyudepth,107.4749,62.132,2
nyudepth,107.4901,71.690,2
nyudepth,107.5037,60.173,2
nyudepth,107.5244,66.122,2
nyudepth,107.5280,63.937,2
nyudepth,107.5536,67.550,2
nyudepth,107.5581,65.012,2
nyudepth,107.5581,67.185,2
nyudepth,107.5660,61.618,2
nyudepth,107.5697,59.796,2
nyudepth,107.5841,72.742,2
nyudepth,107.6264,52.686,2
nyudepth,107.6360,45.624,2
nyudepth,107.6777,46.985,2
nyudepth,107.6858,41.473,2
nyudepth,107.6858,44.635,2
nyudepth,107.7258,46.156,2
nyudepth,107.7363,38.877,2
nyudepth,107.7690,65.341,2
nyudepth,107.7732,63.522,2
nyudepth,107.7862,53.575,2
nyudepth,107.7869,54.687,2
nyudepth,107.8025,66.817,2
nyudepth,107.8112,60.487,2
nyudepth,107.8389,53.405,2
nyudepth,107.8542,40.133,2
nyudepth,107.8707,46.834,2
nyudepth,107.8778,41.813,2
nyudepth,107.8955,49.644,2
nyudepth,107.9187,45.199,2
nyudepth,107.9304,35.881,2
nyudepth,107.9606,65.960,2
nyudepth,107.9639,64.187,2
nyudepth,107.9761,54.142,2
nyudepth,107.9918,77.205,2
nyudepth,107.9995,70.931,2
nyudepth,108.0032,69.330,2
nyudepth,108.0048,70.611,2
nyudepth,108.0204,98.171,2
nyudepth,108.0232,96.280,2
nyudepth,108.0247,97.006,2
nyudepth,108.0382,86.291,2
nyudepth,108.0407,85.342,2
nyudepth,108.0747,94.011,2
nyudepth,108.0765,94.470,2
nyudepth,108.0993,73.908,2
nyudepth,108.1160,99.869,2
nyudepth,108.1161,101.967,2
nyudepth,108.1239,96.272,2
nyudepth,108.1522,70.160,2
nyudepth,108.1548,71.013,2
nyudepth,108.1655,97.353,2
nyudepth,108.1931,71.877,2
nyudepth,108.1969,70.123,2
nyudepth,108.2018,67.261,2
nyudepth,108.2035,67.522,2
nyudepth,108.2425,55.721,2
nyudepth,108.2442,56.031,2
nyudepth,108.2930,57.859,2
nyudepth,108.3014,51.792,2
nyudepth,108.3269,44.777,2
nyudepth,108.3486,44.598,2
nyudepth,108.3643,31.495,2
nyudepth,108.3738,42.820,2
nyudepth,108.3882,53.640,2
nyudepth,108.3944,49.691,2
nyudepth,108.4119,69.564,2
nyudepth,108.4120,71.667,2
nyudepth,108.4134,72.382,2
nyudepth,108.4145,73.289,2
nyudepth,108.4177,72.114,2
nyudepth,108.4213,70.697,2
nyudepth,108.4506,74.653,2
nyudepth,108.5098,48.652,2
nyudepth,108.5134,47.223,2
nyudepth,108.5153,47.382,2
nyudepth,108.5181,47.412,2
nyudepth,108.5373,60.978,2
nyudepth,108.5648,60.108,2
nyudepth,108.5736,53.602,2
nyudepth,108.5815,48.643,2
nyudepth,108.5959,56.733,2
nyudepth,108.6154,69.189,2
nyudepth,108.6283,58.246,2
nyudepth,108.6292,59.453,2
nyudepth,108.6917,53.638,2
nyudepth,108.6996,47.775,2
nyudepth,108.7092,88.274,2
nyudepth,108.7110,88.620,2
nyudepth,108.7117,89.938,2
nyudepth,108.7131,90.565,2
nyudepth,108.7243,81.440,2
nyudepth,108.7255,82.325,2
nyudepth,108.7758,57.135,2
nyudepth,108.7860,67.729,2
nyudepth,108.7962,59.460,2
nyudepth,108.8263,56.607,2
nyudepth,108.8361,48.855,2
nyudepth,108.8389,48.931,2
nyudepth,108.8568,53.657,2
nyudepth,108.8569,55.688,2
nyudepth,108.8591,55.599,2
nyudepth,108.8738,61.235,2
nyudepth,108.8739,63.565,2
nyudepth,108.8861,53.189,2
nyudepth,108.9178,42.569,2
nyudepth,108.9901,34.645,2
nyudepth,109.0137,35.320,2
nyudepth,109.0175,33.855,2
nyudepth,109.0236,52.088,2
nyudepth,109.0289,48.790,2
nyudepth,109.0337,46.018,2
nyudepth,109.0525,53.061,2
nyudepth,109.0819,48.795,2
nyudepth,109.0893,43.441,2
nyudepth,109.0894,45.599,2
nyudepth,109.0948,42.213,2
nyudepth,109.1068,52.641,2
nyudepth,109.1107,51.083,2
nyudepth,109.1179,46.210,2
nyudepth,109.1472,39.440,2
nyudepth,109.1506,38.186,2
nyudepth,109.1605,48.376,2
nyudepth,109.1724,38.780,2
nyudepth,109.2025,41.772,2
nyudepth,109.2100,70.072,2
nyudepth,109.2229,59.202,2
nyudepth,109.2304,93.753,2
nyudepth,109.2370,89.190,2
nyudepth,109.3119,81.427,2
nyudepth,109.3230,72.529,2
nyudepth,109.3839,39.340,2
nyudepth,109.3933,61.734,2
nyudepth,109.3948,62.207,2
nyudepth,109.3956,63.515,2
nyudepth,109.3971,64.085,2
nyudepth,109.4137,66.008,2
nyudepth,109.4264,54.830,2
nyudepth,109.4300,53.458,2
nyudepth,109.4506,55.896,2
nyudepth,109.4773,50.523,2
nyudepth,109.4903,39.488,2
nyudepth,109.4991,33.110,2
nyudepth,109.5059,49.387,2
nyudepth,109.5098,46.970,2
nyudepth,109.5209,59.650,2
nyudepth,109.5359,46.615,2
nyudepth,109.5467,39.261,2
nyudepth,109.5579,48.948,2
nyudepth,109.6153,34.678,2
nyudepth,109.6589,30.881,2
nyudepth,109.6676,38.641,2
nyudepth,109.6718,36.459,2
nyudepth,109.8016,20.713,2
nyudepth,109.8032,39.602,2
nyudepth,109.8215,39.885,2
nyudepth,109.8499,33.106,2
nyudepth,109.8500,35.226,2
nyudepth,109.8994,27.894,2
nyudepth,109.9077,40.369,2
nyudepth,109.9254,55.526,2
nyudepth,109.9284,53.974,2
nyudepth,109.9802,56.188,2
nyudepth,110.0080,52.207,2
nyudepth,110.0247,37.701,2
nyudepth,110.0305,62.217,2
nyudepth,110.0490,46.004,2
nyudepth,110.0688,56.209,2
nyudepth,110.1295,66.463,2
nyudepth,110.1311,68.010,2
nyudepth,110.1416,58.514,2
nyudepth,110.1452,57.017,2
nyudepth,110.1509,76.531,2
nyudepth,110.1972,69.393,2
nyudepth,110.1985,70.113,2
nyudepth,110.2257,89.434,2
nyudepth,110.2802,120.853,2
nyudepth,110.2802,122.785,2
nyudepth,110.2847,121.287,2
nyudepth,110.2920,115.490,2
nyudepth,110.2939,115.405,2
nyudepth,110.2947,117.008,2
nyudepth,110.2995,114.173,2
nyudepth,110.3023,113.549,2
nyudepth,110.3210,101.186,2
nyudepth,110.3400,84.253,2
nyudepth,110.3597,83.710,2
nyudepth,110.4052,75.861,2
nyudepth,110.4061,77.132,2
nyudepth,110.4170,68.372,2
nyudepth,110.4273,60.096,2
nyudepth,110.4754,72.023,2
nyudepth,110.4793,70.392,2
nyudepth,110.5015,50.503,2
nyudepth,110.5043,49.566,2
nyudepth,110.5062,49.824,2
nyudepth,110.5222,65.502,2
nyudepth,110.5379,51.544,2
nyudepth,110.5906,37.918,2
nyudepth,110.5925,37.986,2
nyudepth,110.5992,33.352,2
nyudepth,110.6397,32.867,2
nyudepth,110.6544,39.669,2
nyudepth,110.6777,43.316,2
nyudepth,110.6794,43.854,2
nyudepth,110.6795,46.118,2
nyudepth,110.6909,58.606,2
nyudepth,110.6962,55.306,2
nyudepth,110.7144,65.799,2
nyudepth,110.7415,40.624,2
nyudepth,110.7833,47.848,2
nyudepth,110.8260,46.684,2
nyudepth,110.8463,56.284,2
nyudepth,110.8476,56.946,2
nyudepth,110.8540,53.478,2
nyudepth,110.8672,79.297,2
nyudepth,110.9139,53.746,2
nyudepth,110.9140,55.969,2
nyudepth,110.9398,61.759,2
nyudepth,110.9455,58.290,2
nyudepth,110.9486,57.328,2
nyudepth,110.9504,57.559,2
nyudepth,110.9591,51.422,2
nyudepth,110.9996,62.594,2
nyudepth,111.0204,43.947,2
nyudepth,111.0515,81.117,2
nyudepth,111.0665,68.073,2
nyudepth,111.0785,58.140,2
nyudepth,111.1675,53.218,2
nyudepth,111.1973,57.588,2
nyudepth,111.2355,41.359,2
nyudepth,111.2355,43.234,2
nyudepth,111.2367,44.158,2
nyudepth,111.2530,47.682,2
nyudepth,111.2917,32.982,2
nyudepth,111.3128,30.829,2
nyudepth,111.3129,32.977,2
nyudepth,111.3356,34.939,2
nyudepth,111.3631,44.069,2
nyudepth,111.4355,27.478,2
nyudepth,111.4356,29.387,2
nyudepth,111.4381,29.144,2
nyudepth,111.4684,37.298,2
nyudepth,111.4877,39.315,2
nyudepth,111.4964,32.887,2
nyudepth,111.5078,39.513,2
nyudepth,111.5207,28.760,2
nyudepth,111.5625,33.612,2
nyudepth,111.5954,21.742,2
nyudepth,111.6080,30.436,2
nyudepth,111.6167,43.238,2
nyudepth,111.6250,37.581,2
nyudepth,111.6396,42.906,2
nyudepth,111.6658,39.609,2
nyudepth,111.6889,40.437,2
nyudepth,111.7257,56.380,2
nyudepth,111.7416,42.477,2
nyudepth,111.7593,67.225,2
nyudepth,111.7698,58.735,2
nyudepth,111.8061,55.482,2
nyudepth,111.8829,45.266,2
nyudepth,111.8912,39.039,2
nyudepth,111.9119,46.924,2
nyudepth,111.9156,46.542,2
nyudepth,111.9314,52.564,2
nyudepth,111.9561,49.745,2
nyudepth,111.9610,47.266,2
nyudepth,111.9723,38.038,2
nyudepth,112.0272,58.487,2
nyudepth,112.0273,61.732,2
nyudepth,112.0643,41.399,2
nyudepth,112.1245,46.559,2
nyudepth,112.1433,45.267,2
nyudepth,112.1610,30.178,2
nyudepth,112.1703,41.727,2
nyudepth,112.2072,48.173,2
nyudepth,112.2241,32.937,2
nyudepth,112.2387,47.967,2
nyudepth,112.2519,66.496,2
nyudepth,112.2692,51.470,2
nyudepth,112.2693,53.481,2
nyudepth,112.2758,68.302,2
nyudepth,112.2888,57.564,2
nyudepth,112.3038,44.763,2
nyudepth,112.3139,64.183,2
nyudepth,112.3517,50.557,2
nyudepth,112.3707,59.752,2
nyudepth,112.3865,45.957,2
nyudepth,112.4434,35.370,2
nyudepth,112.4773,46.612,2
nyudepth,112.5180,52.989,2
nyudepth,112.5494,39.497,2
nyudepth,112.5702,45.719,2
nyudepth,112.5963,40.871,2
nyudepth,112.6040,35.190,2
nyudepth,112.6072,34.442,2
nyudepth,112.6301,38.079,2
nyudepth,112.6312,38.913,2
nyudepth,112.6484,46.556,2
nyudepth,112.6492,48.161,2
nyudepth,112.6675,70.419,2
nyudepth,112.6702,69.557,2
nyudepth,112.6792,62.732,2
nyudepth,112.6858,59.180,2
nyudepth,112.6961,100.916,2
nyudepth,112.7046,94.703,2
nyudepth,112.7063,95.140,2
nyudepth,112.7089,94.622,2
nyudepth,112.7090,97.165,2
nyudepth,112.7223,85.916,2
nyudepth,112.7242,86.016,2
nyudepth,112.7302,150.002,2
nyudepth,112.7362,146.023,2
nyudepth,112.7441,139.994,2
nyudepth,112.7574,128.751,2
nyudepth,112.7615,126.704,2
nyudepth,112.7706,119.715,2
nyudepth,112.8491,60.197,2
nyudepth,112.8792,63.319,2
nyudepth,112.9219,45.270,2
nyudepth,112.9312,38.093,2
nyudepth,112.9365,63.364,2
nyudepth,112.9487,53.394,2
nyudepth,112.9565,48.204,2
nyudepth,112.9896,42.293,2
nyudepth,113.0262,46.502,2
nyudepth,113.0421,32.537,2
nyudepth,113.0536,47.715,2
nyudepth,113.0623,40.658,2
nyudepth,113.0757,47.831,2
nyudepth,113.0784,48.163,2
nyudepth,113.1190,52.856,2
nyudepth,113.1247,50.030,2
nyudepth,113.1305,46.046,2
nyudepth,113.1876,32.827,2
nyudepth,113.2312,31.434,2
nyudepth,113.2533,54.392,2
nyudepth,113.2571,52.197,2
nyudepth,113.2738,37.505,2
nyudepth,113.2915,44.399,2
nyudepth,113.2944,43.576,2
nyudepth,113.2971,43.910,2
nyudepth,113.3001,77.295,2
nyudepth,113.3134,65.999,2
nyudepth,113.3160,65.849,2
nyudepth,113.3202,64.263,2
nyudepth,113.3287,57.698,2
nyudepth,113.3391,95.324,2
nyudepth,113.3604,75.947,2
nyudepth,113.3629,77.218,2
nyudepth,113.4111,52.742,2
nyudepth,113.4160,50.161,2
nyudepth,113.4375,68.310,2
nyudepth,113.4395,68.535,2
nyudepth,113.4494,61.142,2
nyudepth,113.4549,57.753,2
nyudepth,113.4810,64.076,2
nyudepth,113.5195,55.940,2
nyudepth,113.5389,38.664,2
nyudepth,113.6299,21.688,2
nyudepth,113.6317,40.337,2
nyudepth,113.6476,45.529,2
nyudepth,113.6559,39.333,2
nyudepth,113.6707,45.401,2
nyudepth,113.6749,43.126,2
nyudepth,113.6997,39.822,2
nyudepth,113.7239,36.891,2
nyudepth,113.7317,31.752,2
nyudepth,113.7346,50.138,2
nyudepth,113.7480,39.945,2
nyudepth,113.7629,51.648,2
nyudepth,113.7784,70.069,2
nyudepth,113.7931,57.245,2
nyudepth,113.7963,56.112,2
nyudepth,113.8109,77.323,2
nyudepth,113.8213,69.134,2
nyudepth,113.8578,65.879,2
nyudepth,113.8578,68.048,2
nyudepth,113.8601,67.960,2
nyudepth,113.8698,60.241,2
nyudepth,113.8853,72.397,2
nyudepth,113.8968,63.710,2
nyudepth,113.9178,44.307,2
nyudepth,113.9225,69.495,2
nyudepth,113.9312,62.874,2
nyudepth,113.9405,55.741,2
nyudepth,113.9599,62.650,2
nyudepth,114.0024,50.131,2
nyudepth,114.0203,66.692,2
nyudepth,114.0209,68.204,2
nyudepth,114.0298,61.487,2
nyudepth,114.0461,95.770,2
nyudepth,114.0462,98.587,2
nyudepth,114.0500,96.583,2
nyudepth,114.0632,85.649,2
nyudepth,114.0740,78.290,2
nyudepth,114.1024,73.475,2
nyudepth,114.1283,67.110,2
nyudepth,114.1664,61.765,2
nyudepth,114.1672,63.796,2
nyudepth,114.1946,58.867,2
nyudepth,114.1966,59.169,2
nyudepth,114.1980,59.995,2
nyudepth,114.2040,55.920,2
nyudepth,114.2070,55.001,2
nyudepth,114.2293,57.289,2
nyudepth,114.2304,58.244,2
nyudepth,114.2568,51.811,2
nyudepth,114.2631,47.553,2
nyudepth,114.2897,41.109,2
nyudepth,114.3024,51.100,2
nyudepth,114.3196,36.019,2
nyudepth,114.3204,37.226,2
nyudepth,114.3446,60.833,2
nyudepth,114.3518,56.174,2
nyudepth,114.3546,55.687,2
nyudepth,114.3617,50.718,2
nyudepth,114.3704,44.263,2
nyudepth,114.3754,84.023,2
nyudepth,114.3881,73.278,2
nyudepth,114.4160,74.754,2
nyudepth,114.4257,67.291,2
nyudepth,114.4283,67.104,2
nyudepth,114.4391,58.420,2
nyudepth,114.4438,108.977,2
nyudepth,114.4455,109.481,2
nyudepth,114.4495,107.316,2
nyudepth,114.4569,101.897,2
nyudepth,114.4723,88.678,2
nyudepth,114.5050,88.845,2
nyudepth,114.5057,90.818,2
nyudepth,114.5094,88.939,2
nyudepth,114.5142,86.201,2
nyudepth,114.5413,111.201,2
nyudepth,114.5539,100.602,2
nyudepth,114.5599,96.810,2
nyudepth,114.5681,90.929,2
nyudepth,114.5803,81.520,2
nyudepth,114.5854,77.940,2
nyudepth,114.6133,90.004,2
nyudepth,114.6394,65.964,2
nyudepth,114.6511,96.326,2
nyudepth,114.6930,56.333,2
nyudepth,114.6930,58.456,2
nyudepth,114.7540,47.543,2
nyudepth,114.8259,57.063,2
nyudepth,114.8287,56.587,2
nyudepth,114.8348,52.665,2
nyudepth,114.8441,73.585,2
nyudepth,114.8456,74.393,2
nyudepth,114.8612,61.080,2
nyudepth,114.8659,58.393,2
nyudepth,114.8819,72.316,2
nyudepth,114.8950,60.918,2
nyudepth,114.9063,52.660,2
nyudepth,114.9080,52.243,2
nyudepth,114.9157,72.686,2
nyudepth,114.9416,47.352,2
nyudepth,114.9724,52.180,2
nyudepth,114.9751,51.512,2
nyudepth,114.9757,52.997,2
nyudepth,114.9850,65.789,2
nyudepth,114.9876,64.625,2
nyudepth,115.0178,58.455,2
nyudepth,115.0498,47.330,2
nyudepth,115.0736,42.603,2
nyudepth,115.0804,38.071,2
nyudepth,115.0822,38.484,2
nyudepth,115.0822,40.428,2
nyudepth,115.1023,47.383,2
nyudepth,115.1196,50.496,2
nyudepth,115.1258,45.794,2
nyudepth,115.1432,52.433,2
nyudepth,115.1578,39.343,2
nyudepth,115.1595,39.692,2
nyudepth,115.1643,59.000,2
nyudepth,115.1843,41.903,2
nyudepth,115.1951,55.608,2
nyudepth,115.2254,42.487,2
nyudepth,115.2331,37.194,2
nyudepth,115.2743,18.945,2
nyudepth,115.3034,18.923,2
nyudepth,115.3345,25.704,2
nyudepth,115.3501,28.534,2
nyudepth,115.3518,28.854,2
nyudepth,115.3576,43.782,2
nyudepth,115.4122,29.698,2
nyudepth,115.4169,27.550,2
nyudepth,115.4319,33.729,2
nyudepth,115.4692,44.068,2
nyudepth,115.5041,31.398,2
nyudepth,115.5293,28.657,2
nyudepth,115.5568,37.104,2
nyudepth,115.5792,41.648,2
nyudepth,115.6041,38.528,2
nyudepth,115.6139,57.902,2
nyudepth,115.6379,51.806,2
nyudepth,115.6488,43.668,2
nyudepth,115.6839,31.468,2
nyudepth,115.6942,47.611,2
nyudepth,115.7195,40.724,2
nyudepth,115.7311,54.610,2
nyudepth,115.7327,55.226,2
nyudepth,115.7846,52.755,2
nyudepth,115.7921,47.647,2
nyudepth,115.7977,44.131,2
nyudepth,115.8006,43.297,2
nyudepth,115.8095,57.096,2
nyudepth,115.8186,49.963,2
nyudepth,115.8581,43.293,2
nyudepth,115.8796,42.313,2
nyudepth,115.8822,42.001,2
nyudepth,115.8910,69.039,2
nyudepth,115.9054,56.815,2
nyudepth,115.9491,71.702,2
nyudepth,115.9499,72.304,2
nyudepth,115.9575,66.767,2
nyudepth,115.9611,65.244,2
nyudepth,115.9744,54.009,2
nyudepth,115.9866,68.470,2
nyudepth,116.0084,49.616,2
nyudepth,116.0199,67.967,2
nyudepth,116.0345,55.614,2
nyudepth,116.0472,140.926,2
nyudepth,116.0495,141.499,2
nyudepth,116.0542,138.969,2
nyudepth,116.0602,135.089,2
nyudepth,116.1504,67.462,2
nyudepth,116.1521,68.109,2
nyudepth,116.1544,68.120,2
nyudepth,116.1544,104.801,2
nyudepth,116.1673,94.339,2
nyudepth,116.1903,73.601,2
nyudepth,116.2115,54.433,2
nyudepth,116.2247,69.698,2
nyudepth,116.2385,57.662,2
nyudepth,116.2492,49.179,2
nyudepth,116.2604,56.659,2
nyudepth,116.2790,40.211,2
nyudepth,116.3568,43.977,2
nyudepth,116.3964,53.473,2
nyudepth,116.4246,43.785,2
nyudepth,116.4641,26.164,2
nyudepth,116.4659,50.748,2
nyudepth,116.4954,41.484,2
nyudepth,116.5369,47.650,2
nyudepth,116.5386,47.790,2
nyudepth,116.5451,43.409,2
nyudepth,116.5685,38.445,2
nyudepth,116.5733,35.690,2
nyudepth,116.5790,50.438,2
nyudepth,116.6046,44.031,2
nyudepth,116.6284,45.426,2
nyudepth,116.6305,45.283,2
nyudepth,116.6389,39.091,2
nyudepth,116.6467,57.566,2
nyudepth,116.6498,55.799,2
nyudepth,116.6545,53.212,2
nyudepth,116.6551,54.902,2
nyudepth,116.6607,51.352,2
nyudepth,116.6708,67.083,2
nyudepth,116.6769,62.505,2
nyudepth,116.7036,58.034,2
nyudepth,116.7285,35.568,2
nyudepth,116.7425,51.595,2
nyudepth,116.7480,48.469,2
nyudepth,116.7488,49.808,2
nyudepth,116.7520,48.825,2
nyudepth,116.7762,54.088,2
nyudepth,116.7780,54.996,2
nyudepth,116.7780,57.266,2
nyudepth,116.7868,50.968,2
nyudepth,116.8173,43.869,2
nyudepth,116.8364,53.514,2
nyudepth,116.8648,52.148,2
nyudepth,116.8722,46.926,2
nyudepth,116.8847,54.479,2
nyudepth,116.8918,50.018,2
nyudepth,116.9114,63.595,2
nyudepth,116.9203,57.506,2
nyudepth,116.9417,60.094,2
nyudepth,116.9503,54.153,2
nyudepth,116.9570,49.619,2
nyudepth,116.9699,62.686,2
nyudepth,116.9740,60.748,2
nyudepth,117.0956,33.242,2
nyudepth,117.1073,41.841,2
nyudepth,117.1205,30.355,2
nyudepth,117.1337,38.254,2
nyudepth,117.1338,40.230,2
nyudepth,117.1483,50.538,2
nyudepth,117.1713,56.200,2
nyudepth,117.1824,47.052,2
nyudepth,117.1972,63.421,2
nyudepth,117.2093,53.352,2
nyudepth,117.2351,46.652,2
nyudepth,117.2429,40.945,2
nyudepth,117.2479,60.977,2
nyudepth,117.2577,53.219,2
nyudepth,117.2708,42.416,2
nyudepth,117.2806,59.308,2
nyudepth,117.2915,50.384,2
nyudepth,117.3060,53.970,2
nyudepth,117.3061,56.643,2
nyudepth,117.3683,39.342,2
nyudepth,117.3791,46.477,2
nyudepth,117.3916,36.583,2
nyudepth,117.4178,28.571,2
nyudepth,117.4267,37.865,2
nyudepth,117.4444,41.276,2
nyudepth,117.5018,23.607,2
nyudepth,117.5171,26.612,2
nyudepth,117.5449,48.091,2
nyudepth,117.5639,56.875,2
nyudepth,117.5746,49.019,2
nyudepth,117.5853,40.966,2
nyudepth,117.5891,63.063,2
nyudepth,117.6031,51.648,2
nyudepth,117.6137,43.121,2
nyudepth,117.6219,62.545,2
nyudepth,117.6248,63.598,2
nyudepth,117.6357,54.282,2
nyudepth,117.6736,49.022,2
nyudepth,117.6771,47.588,2
nyudepth,117.6893,81.195,2
nyudepth,117.6938,79.126,2
nyudepth,117.7002,75.129,2
nyudepth,117.7010,78.083,2
nyudepth,117.7345,105.392,2
nyudepth,117.7364,105.538,2
nyudepth,117.7492,95.372,2
nyudepth,117.7625,83.464,2
nyudepth,117.7781,101.098,2
nyudepth,117.7814,99.688,2
nyudepth,117.8066,76.766,2
nyudepth,117.8145,70.808,2
nyudepth,117.8238,108.203,2
nyudepth,117.8266,107.359,2
nyudepth,117.8297,106.331,2
nyudepth,117.8308,107.356,2
nyudepth,117.8308,109.383,2
nyudepth,117.8651,77.142,2
nyudepth,117.8652,79.164,2
nyudepth,117.8745,89.751,2
nyudepth,117.9139,52.131,2
nyudepth,117.9254,59.403,2
nyudepth,117.9271,59.963,2
nyudepth,117.9689,45.448,2
nyudepth,117.9892,42.472,2
nyudepth,117.9900,43.893,2
nyudepth,118.0156,38.800,2
nyudepth,118.0350,46.788,2
nyudepth,118.0660,45.923,2
nyudepth,118.0839,47.878,2
nyudepth,118.0877,46.479,2
nyudepth,118.1053,47.157,2
nyudepth,118.1264,28.823,2
nyudepth,118.1536,26.052,2
nyudepth,118.1621,39.870,2
nyudepth,118.1715,32.534,2
nyudepth,118.1837,40.825,2
nyudepth,118.1957,52.022,2
nyudepth,118.2052,44.511,2
nyudepth,118.2100,41.953,2
nyudepth,118.2126,41.355,2
nyudepth,118.2310,44.968,2
nyudepth,118.2561,45.829,2
nyudepth,118.2688,35.161,2
nyudepth,118.2795,42.282,2
nyudepth,118.3249,33.803,2
nyudepth,118.3447,34.072,2
nyudepth,118.3558,45.588,2
nyudepth,118.3639,39.961,2
nyudepth,118.3716,33.937,2
nyudepth,118.3855,37.807,2
nyudepth,118.4002,45.391,2
nyudepth,118.4265,38.130,2
nyudepth,118.4307,35.981,2
nyudepth,118.4578,31.227,2
nyudepth,118.4762,33.221,2
nyudepth,118.4838,52.773,2
nyudepth,118.4884,51.567,2
nyudepth,118.5072,59.553,2
nyudepth,118.5192,49.716,2
nyudepth,118.5214,49.737,2
nyudepth,118.5323,61.791,2
nyudepth,118.5519,44.036,2
nyudepth,118.5723,52.014,2
nyudepth,118.5857,40.579,2
nyudepth,118.6054,48.380,2
nyudepth,118.6219,56.328,2
nyudepth,118.6346,45.317,2
nyudepth,118.6405,41.522,2
nyudepth,118.6610,42.345,2
nyudepth,118.6728,55.139,2
nyudepth,118.6974,32.371,2
nyudepth,118.7161,35.560,2
nyudepth,118.7162,38.232,2
nyudepth,118.7268,53.346,2
nyudepth,118.7336,48.575,2
nyudepth,118.7393,44.989,2
nyudepth,118.7538,66.387,2
nyudepth,118.7586,63.605,2
nyudepth,118.7615,62.869,2
nyudepth,118.7642,63.200,2
nyudepth,118.7667,62.070,2
nyudepth,118.7802,79.735,2
nyudepth,118.8265,54.234,2
nyudepth,118.8323,50.390,2
nyudepth,118.8611,46.446,2
nyudepth,118.8644,45.319,2
nyudepth,118.8711,41.374,2
nyudepth,118.8986,39.342,2
nyudepth,118.9185,45.973,2
nyudepth,118.9380,55.026,2
nyudepth,118.9631,49.402,2
nyudepth,119.0097,62.850,2
nyudepth,119.0269,47.773,2
nyudepth,119.0297,47.212,2
nyudepth,119.0547,49.822,2
nyudepth,119.0780,54.698,2
nyudepth,119.1045,58.723,2
nyudepth,119.1110,54.099,2
nyudepth,119.1238,43.512,2
nyudepth,119.1246,44.763,2
nyudepth,119.1303,61.287,2
nyudepth,119.1398,53.807,2
nyudepth,119.1476,48.475,2
nyudepth,119.1735,44.969,2
nyudepth,119.1815,39.093,2
nyudepth,119.2533,43.566,2
nyudepth,119.2599,37.848,2
nyudepth,119.2715,51.403,2
nyudepth,119.2745,50.375,2
nyudepth,119.2863,40.728,2
nyudepth,119.2947,54.818,2
nyudepth,119.3540,60.997,2
nyudepth,119.3653,51.595,2
nyudepth,119.3672,52.127,2
nyudepth,119.3691,52.329,2
nyudepth,119.3698,53.669,2
nyudepth,119.3766,49.000,2
nyudepth,119.3815,66.347,2
nyudepth,119.4380,34.173,2
nyudepth,119.4399,34.487,2
nyudepth,119.4566,42.617,2
nyudepth,119.4645,36.746,2
nyudepth,119.4825,45.362,2
nyudepth,119.4881,41.819,2
nyudepth,119.4893,42.667,2
nyudepth,119.4928,58.573,2
nyudepth,119.4993,54.141,2
nyudepth,119.5351,44.026,2
nyudepth,119.5545,48.534,2
nyudepth,119.5581,46.919,2
nyudepth,119.5690,39.077,2
nyudepth,119.5741,61.199,2
nyudepth,119.5742,63.368,2
nyudepth,119.5769,62.704,2
nyudepth,119.5972,75.405,2
nyudepth,119.6113,64.255,2
nyudepth,119.6195,57.633,2
nyudepth,119.6365,72.609,2
nyudepth,119.6645,46.750,2
nyudepth,119.6924,43.517,2
nyudepth,119.6942,43.566,2
nyudepth,119.7351,46.631,2
nyudepth,119.7370,46.987,2
nyudepth,119.7583,52.194,2
nyudepth,119.7602,52.503,2
nyudepth,119.7645,50.416,2
nyudepth,119.7861,63.479,2
nyudepth,119.7912,60.735,2
nyudepth,119.7960,57.985,2
nyudepth,119.8388,48.992,2
nyudepth,119.8415,48.276,2
nyudepth,119.8571,59.271,2
nyudepth,119.8858,55.037,2
nyudepth,119.9003,42.464,2
nyudepth,119.9087,54.395,2
nyudepth,119.9087,55.891,2
nyudepth,119.9275,39.254,2
nyudepth,119.9459,43.924,2
nyudepth,119.9593,60.604,2
nyudepth,119.9727,49.254,2
nyudepth,119.9920,57.931,2
nyudepth,119.9943,57.876,2
nyudepth,120.0019,52.446,3
nyudepth,120.4220,20.859,3
nyudepth,120.4368,28.791,3
nyudepth,121.0257,46.364,3
nyudepth,121.3067,27.919,3
nyudepth,121.3900,19.459,3
nyudepth,121.5175,20.319,3
nyudepth,121.7560,34.733,3
nyudepth,121.7717,35.557,3
nyudepth,121.9164,20.627,3
nyudepth,122.1035,39.234,3
nyudepth,122.4246,30.822,3
nyudepth,122.7764,21.544,3
nyudepth,123.3385,33.469,3
nyudepth,123.4864,30.745,3
nyudepth,123.8630,44.022,3
nyudepth,123.9212,21.822,3
nyudepth,124.0739,19.266,3
nyudepth,124.2740,20.662,3
nyudepth,124.3866,19.513,3
nyudepth,124.5612,35.426,3
nyudepth,125.0228,20.438,3
nyudepth,125.2311,46.909,3
nyudepth,125.3648,30.232,3
nyudepth,125.7991,38.385,3
nyudepth,126.2720,18.955,3
nyudepth,126.4361,36.905,3
nyudepth,126.5653,29.767,3
nyudepth,126.8957,37.342,3
nyudepth,127.4277,29.038,3
nyudepth,127.5372,20.523,3
nyudepth,127.6551,31.665,3
nyudepth,128.0039,24.815,3
nyudepth,128.1406,41.242,3
nyudepth,128.2815,41.729,3
nyudepth,128.4935,41.399,3
nyudepth,128.5217,31.413,3
nyudepth,128.6928,33.427,3
nyudepth,128.7120,33.305,3
nyudepth,128.7283,34.875,3
nyudepth,129.0202,32.017,3
nyudepth,129.1838,42.749,3
nyudepth,129.1871,41.958,3
nyudepth,129.3456,35.308,3
nyudepth,129.5344,34.200,3
nyudepth,129.5755,31.429,3
nyudepth,129.6171,28.594,3
nyudepth,129.6347,31.604,3
nyudepth,129.7454,26.493,3
nyudepth,129.9454,31.760,3
nyudepth,130.6210,67.971,3
nyudepth,130.6716,39.726,3
nyudepth,130.8707,31.063,3
nyudepth,130.9742,31.836,3
nyudepth,131.1599,43.275,3
nyudepth,131.4297,41.894,3
nyudepth,131.5264,20.190,3
nyudepth,131.5439,43.365,3
nyudepth,131.8467,28.415,3
nyudepth,131.9918,41.515,3
nyudepth,132.4536,21.708,3
nyudepth,132.4949,47.040,3
nyudepth,132.5230,37.698,3
nyudepth,132.5591,41.995,3
nyudepth,133.3728,24.579,3
nyudepth,133.7394,39.770,3
nyudepth,133.7999,33.485,3
nyudepth,133.8731,46.402,3
nyudepth,134.0708,33.170,3
nyudepth,134.1830,34.925,3
nyudepth,134.2509,29.363,3
nyudepth,134.3284,19.602,3
nyudepth,134.7427,36.928,3
nyudepth,134.9655,43.863,3
nyudepth,135.3825,33.833,3
nyudepth,135.9119,32.144,3
nyudepth,136.1263,35.124,3
nyudepth,136.3236,29.906,3
nyudepth,136.3556,18.463,3
nyudepth,136.5001,20.385,3
nyudepth,136.5722,21.704,3
nyudepth,137.0681,45.101,3
nyudepth,137.1334,46.876,3
nyudepth,137.2149,32.691,3
nyudepth,137.7249,34.136,3
nyudepth,138.5034,36.144,3
nyudepth,138.7030,34.746,3
nyudepth,138.8684,31.298,3
nyudepth,138.9360,33.922,3
nyudepth,139.2292,29.248,3
nyudepth,139.3678,23.468,3
nyudepth,139.5200,20.601,3
nyudepth,139.6542,28.469,3
nyudepth,139.7831,37.123,3
nyudepth,139.8493,36.636,3
nyudepth,140.6890,34.045,3
nyudepth,140.9551,35.364,3
nyudepth,141.7695,44.765,3
nyudepth,142.6720,46.681,3
nyudepth,142.7651,39.728,3
nyudepth,142.8977,25.965,3
nyudepth,143.2034,33.691,3
nyudepth,143.2858,60.114,3
nyudepth,143.7973,21.255,3
nyudepth,143.9252,41.080,3
nyudepth,144.0145,31.282,3
nyudepth,144.1239,24.391,3
nyudepth,144.1382,27.204,3
nyudepth,144.2106,18.399,3
nyudepth,145.0217,31.741,3
nyudepth,145.1280,40.139,3
nyudepth,145.2232,25.403,3
nyudepth,145.4036,33.809,3
nyudepth,145.5744,51.799,3
nyudepth,145.5991,45.010,3
nyudepth,145.8137,25.420,3
nyudepth,145.8381,38.948,3
nyudepth,145.8842,29.711,3
nyudepth,145.8954,37.846,3
nyudepth,146.2031,38.218,3
nyudepth,146.4544,34.808,3
nyudepth,146.5416,55.708,3
nyudepth,146.7585,45.022,3
nyudepth,147.2043,41.633,3
nyudepth,147.2411,43.360,3
nyudepth,147.3364,36.344,3
nyudepth,147.3587,36.391,3
nyudepth,147.3625,34.864,3
nyudepth,147.3963,25.936,3
nyudepth,147.5964,28.340,3
nyudepth,147.7553,42.590,3
nyudepth,147.8603,29.466,3
nyudepth,148.0381,26.820,3
nyudepth,148.4149,18.302,3
nyudepth,148.5821,42.343,3
nyudepth,148.8600,36.109,3
nyudepth,148.9870,22.477,3
nyudepth,148.9968,30.324,3
nyudepth,149.1027,38.176,3
nyudepth,149.4951,22.003,3
nyudepth,149.6783,54.578,3
nyudepth,150.5886,37.063,3
nyudepth,150.7873,40.442,3
nyudepth,151.1153,21.517,3
nyudepth,151.4766,29.791,3
nyudepth,151.6309,29.281,3
nyudepth,151.7600,29.336,3
nyudepth,151.9602,21.122,3
nyudepth,152.3112,43.455,3
nyudepth,152.5901,32.553,3
nyudepth,152.8530,30.501,3
nyudepth,152.8877,34.530,3
nyudepth,152.9923,27.998,3
nyudepth,153.2353,31.281,3
nyudepth,153.3668,21.154,3
nyudepth,153.8715,41.525,3
nyudepth,153.8841,30.475,3
nyudepth,153.9576,35.458,3
nyudepth,153.9685,26.628,3
nyudepth,154.0381,20.492,3
nyudepth,154.0407,39.323,3
nyudepth,154.8611,25.462,3
nyudepth,155.0608,39.000,3
nyudepth,155.2355,20.386,3
nyudepth,155.4173,26.617,3
nyudepth,155.4952,27.362,3
nyudepth,155.5343,22.544,3
nyudepth,155.7519,28.272,3
nyudepth,155.7813,33.791,3
nyudepth,155.7919,25.103,3
nyudepth,155.8793,31.766,3
nyudepth,156.0653,38.996,3
nyudepth,156.0849,37.107,3
nyudepth,156.4545,20.483,3
nyudepth,156.6189,39.778,3
nyudepth,157.1545,48.853,3
nyudepth,157.1643,41.403,3
nyudepth,157.1675,40.239,3
nyudepth,157.2281,32.195,3
nyudepth,157.2340,28.411,3
nyudepth,157.5570,36.408,3
nyudepth,157.8217,24.150,3
nyudepth,157.9266,38.329,3
nyudepth,157.9672,21.389,3
nyudepth,158.1277,35.254,3
nyudepth,158.2918,35.219,3
nyudepth,158.6113,43.294,3
nyudepth,158.6537,38.913,3
nyudepth,158.9294,46.844,3
nyudepth,159.1625,31.152,3
nyudepth,159.2762,23.585,3
nyudepth,159.2869,31.425,3
nyudepth,159.3116,28.992,3
nyudepth,159.3344,41.128,3
nyudepth,159.4915,34.125,3
nyudepth,159.8766,22.873,3
nyudepth,160.0937,31.577,3
nyudepth,160.1484,20.678,3
nyudepth,160.3386,50.576,3
nyudepth,160.5674,21.848,3
nyudepth,161.3763,25.253,3
nyudepth,161.3863,34.200,3
nyudepth,161.5526,46.353,3
nyudepth,161.9971,23.921,3
nyudepth,162.0076,36.757,3
nyudepth,162.0666,31.370,3
nyudepth,162.2595,26.950,3
nyudepth,162.3609,40.744,3
nyudepth,162.5015,38.296,3
nyudepth,162.6384,37.625,3
nyudepth,162.8664,35.584,3
nyudepth,162.9531,47.278,3
nyudepth,163.1970,31.943,3
nyudepth,163.4998,19.127,3
nyudepth,163.6812,26.874,3
nyudepth,163.7529,34.700,3
nyudepth,164.1848,32.437,3
nyudepth,164.1914,28.484,3
nyudepth,164.3284,53.227,3
nyudepth,164.6060,42.981,3
nyudepth,164.7009,35.770,3
nyudepth,164.7805,23.770,3
nyudepth,164.8064,37.551,3
nyudepth,164.9228,38.973,3
nyudepth,165.4599,27.274,3
nyudepth,165.4647,39.986,3
nyudepth,165.4779,28.744,3
nyudepth,165.9364,27.838,3
nyudepth,166.9547,22.102,3
nyudepth,167.1456,39.552,3
nyudepth,168.1395,30.819,3
nyudepth,168.2975,25.810,3
nyudepth,168.4590,30.140,3
nyudepth,168.7184,39.136,3
nyudepth,169.4703,22.654,3
nyudepth,169.5381,36.809,3
nyudepth,169.6916,40.041,3
nyudepth,170.2332,32.351,3
nyudepth,170.7398,21.381,3
nyudepth,171.1892,36.632,3
nyudepth,171.4292,26.955,3
nyudepth,171.6703,22.149,3
nyudepth,171.8286,31.240,3
nyudepth,171.8439,35.273,3
nyudepth,171.9317,27.644,3
nyudepth,172.2093,43.602,3
nyudepth,172.3047,22.240,3
nyudepth,172.3704,22.924,3
nyudepth,172.3753,38.324,3
nyudepth,172.7056,49.437,3
nyudepth,172.8603,34.977,3
nyudepth,172.9580,24.156,3
nyudepth,173.1782,38.552,3
nyudepth,173.2137,41.643,3
nyudepth,173.6327,25.819,3
nyudepth,173.8009,29.028,3
nyudepth,174.2027,36.192,3
nyudepth,174.2076,57.459,3
nyudepth,174.2453,43.872,3
nyudepth,174.2680,37.810,3
nyudepth,174.3197,29.831,3
nyudepth,174.5665,21.641,3
nyudepth,174.5919,37.158,3
nyudepth,175.2088,20.747,3
nyudepth,175.4029,28.097,3
nyudepth,175.7117,48.666,3
nyudepth,176.3396,50.029,3
nyudepth,176.4258,44.183,3
nyudepth,176.6698,22.056,3
nyudepth,176.6858,24.215,3
nyudepth,176.6970,31.531,3
nyudepth,176.8302,44.529,3
nyudepth,177.0401,33.016,3
nyudepth,177.2887,35.645,3
nyudepth,177.6851,32.708,3
nyudepth,178.0220,29.221,3
nyudepth,178.1965,20.723,3
nyudepth,178.3253,30.290,3
nyudepth,178.4229,35.262,3
nyudepth,178.4237,36.452,3
nyudepth,178.6531,37.516,3
nyudepth,179.0398,39.979,3
nyudepth,179.3358,40.795,3
nyudepth,179.4205,22.423,3
nyudepth,179.5477,38.943,3
nyudepth,179.6416,26.321,3
nyudepth,179.7603,22.005,3
nyudepth,179.9187,38.414,3
nyudepth,179.9386,40.885,3
nyudepth,180.1510,27.995,3
