task,condition,elapsed_sec,latency_ms,server_exec_ms,server_proc_ms,server_swap_ms,server_decoder_ms,queue_wait_plus_rpc_ms,non_server_exec_overhead_ms,server_start_ns
ecgclass,single_ecgclass,0.0001,284.7884,280.9669,267.5408,0.0026,12.8726,2.4545,3.8215,1775594305461162083
ecgclass,single_ecgclass,0.4813,55.7067,52.7269,51.5888,0.002,0.7395,2.0399,2.9798,1775594305941912823
ecgclass,single_ecgclass,0.9506,51.0981,48.3702,47.3665,0.0017,0.6446,1.7397,2.7279,1775594306410900966
ecgclass,single_ecgclass,1.4263,52.2897,49.5806,48.563,0.0017,0.6502,1.8055,2.7092,1775594306886658027
ecgclass,single_ecgclass,1.4818,45.464,42.9842,41.9133,0.0016,0.5843,1.4987,2.4799,1775594306941857009
ecgclass,single_ecgclass,1.4985,67.5483,38.2718,37.4432,0.0015,0.527,28.3949,29.2765,1775594306985455178
ecgclass,single_ecgclass,1.7894,51.1858,48.5116,47.5936,0.0019,0.6296,1.7431,2.6743,1775594307249710136
ecgclass,single_ecgclass,2.072,51.3062,48.642,47.7014,0.0018,0.61,1.7087,2.6642,1775594307532266971
ecgclass,single_ecgclass,2.698,53.0546,50.3292,49.328,0.0017,0.6373,1.7803,2.7254,1775594308158391781
ecgclass,single_ecgclass,2.7128,85.9807,47.0253,45.2525,0.003,1.1787,38.0127,38.9553,1775594308209406322
ecgclass,single_ecgclass,2.9221,53.0202,50.3529,49.1126,0.0018,0.8685,1.7204,2.6673,1775594308382388767
ecgclass,single_ecgclass,2.9369,80.272,41.3815,40.4468,0.0015,0.6112,37.9825,38.8905,1775594308433430456
ecgclass,single_ecgclass,3.1534,51.0042,48.3608,47.4552,0.0018,0.6258,1.6944,2.6434,1775594308613721697
ecgclass,single_ecgclass,3.4999,76.4024,73.666,72.0465,0.003,1.1142,1.7242,2.7364,1775594308960218946
ecgclass,single_ecgclass,3.5775,53.215,50.5815,49.5577,0.0018,0.6721,1.7138,2.6335,1775594309037826210
ecgclass,single_ecgclass,3.8231,55.861,53.1492,52.0831,0.0018,0.6886,1.7467,2.7118,1775594309283437937
ecgclass,single_ecgclass,3.8539,79.1192,53.4214,47.0573,0.0016,2.9919,24.8716,25.6978,1775594309337320389
ecgclass,single_ecgclass,3.8736,59.3803,53.4214,47.0573,0.0016,2.9919,5.121,5.9589,1775594309337320389
ecgclass,single_ecgclass,3.9351,44.5142,42.4804,41.5012,0.0016,0.6736,1.3037,2.0338,1775594309395010261
ecgclass,single_ecgclass,4.1159,55.0437,52.4256,51.023,0.0018,1.064,1.719,2.6181,1775594309576231593
ecgclass,single_ecgclass,4.1982,51.4016,48.9237,47.9298,0.0017,0.6598,1.689,2.4779,1775594309658453580
ecgclass,single_ecgclass,4.4479,55.3672,52.7793,51.7358,0.0019,0.6988,1.7016,2.5879,1775594309908224907
ecgclass,single_ecgclass,4.4927,59.7291,48.6391,47.6666,0.0017,0.6286,10.2224,11.09,1775594309961515047
ecgclass,single_ecgclass,4.8599,54.8978,52.3403,51.3087,0.0019,0.6889,1.6775,2.5575,1775594310320173708
ecgclass,single_ecgclass,5.1062,51.3525,48.8005,47.8187,0.0017,0.6302,1.6851,2.552,1775594310566436828
ecgclass,single_ecgclass,5.2367,50.9064,48.3017,47.3672,0.0017,0.6389,1.7221,2.6047,1775594310697063945
ecgclass,single_ecgclass,5.3199,75.9499,73.312,71.6909,0.003,1.1175,1.6623,2.6379,1775594310780127454
ecgclass,single_ecgclass,5.411,77.6768,74.9912,73.3335,0.0031,1.1246,1.687,2.6856,1775594310871315684
ecgclass,single_ecgclass,5.4258,140.3291,76.4986,74.8408,0.0028,0.5392,62.7031,63.8305,1775594310947077533
ecgclass,single_ecgclass,5.4636,102.5803,76.4986,74.8408,0.0028,0.5392,24.9298,26.0817,1775594310947077533
ecgclass,single_ecgclass,5.5993,55.6324,52.976,51.4412,0.0019,1.1541,1.7235,2.6563,1775594311059664770
ecgclass,single_ecgclass,5.6772,51.2557,48.7494,47.7409,0.0018,0.6541,1.6129,2.5063,1775594311137394357
ecgclass,single_ecgclass,5.9298,55.2142,52.2312,51.2018,0.002,0.6853,1.6022,2.983,1775594311390007064
ecgclass,single_ecgclass,6.0713,55.115,52.4034,51.3976,0.0019,0.686,1.7698,2.7116,1775594311531680824
ecgclass,single_ecgclass,6.1193,53.5705,45.8073,44.8281,0.0017,0.6242,6.9087,7.7632,1775594311584758014
ecgclass,single_ecgclass,6.211,46.8335,44.5414,43.6251,0.0017,0.6218,1.4522,2.2921,1775594311671082266
ecgclass,single_ecgclass,6.3391,51.383,48.9769,47.9868,0.0019,0.6586,1.5237,2.4061,1775594311799244372
ecgclass,single_ecgclass,6.4097,47.8885,45.4862,44.5638,0.0018,0.6186,1.5748,2.4023,1775594311869896665
ecgclass,single_ecgclass,6.4728,45.4073,43.0204,42.1023,0.0016,0.6127,1.5302,2.3868,1775594311932948349
ecgclass,single_ecgclass,6.6485,54.2884,51.6821,50.7826,0.0018,0.6096,1.6773,2.6063,1775594312108803864
ecgclass,single_ecgclass,6.708,45.2113,42.6948,41.404,0.0018,0.9816,1.622,2.5165,1775594312168239581
ecgclass,single_ecgclass,6.9746,60.3676,57.8008,56.6641,0.002,0.7658,1.6391,2.5668,1775594312434845164
ecgclass,single_ecgclass,7.2534,64.3358,61.6999,59.9163,0.0032,1.2387,1.7061,2.6359,1775594312713663223
ecgclass,single_ecgclass,7.47,51.4312,48.85,47.9582,0.0018,0.6047,1.7004,2.5812,1775594312930309224
ecgclass,single_ecgclass,7.4848,78.4593,41.1403,40.2498,0.0015,0.5643,36.4616,37.3189,1775594312979828676
ecgclass,single_ecgclass,7.7116,50.9624,48.4019,47.4495,0.0017,0.619,1.6809,2.5606,1775594313171827196
ecgclass,single_ecgclass,7.9819,50.8473,48.2838,47.3511,0.0018,0.6384,1.6978,2.5635,1775594313442192890
ecgclass,single_ecgclass,8.2061,50.7369,48.2038,47.3047,0.0016,0.6111,1.6255,2.5331,1775594313666308867
ecgclass,single_ecgclass,8.262,48.0132,45.5696,44.6729,0.0016,0.6331,1.5676,2.4436,1775594313722194997
ecgclass,single_ecgclass,8.3263,42.2499,39.8304,39.0349,0.0014,0.5428,1.5554,2.4195,1775594313786402119
ecgclass,single_ecgclass,8.36,45.661,36.6446,35.8065,0.0015,0.5318,8.1937,9.0164,1775594313826777516
ecgclass,single_ecgclass,8.4309,39.6562,37.3802,36.1461,0.0015,0.9076,1.42,2.276,1775594313890873214
ecgclass,single_ecgclass,8.4345,81.5654,44.8126,34.1779,0.0012,5.1689,35.7845,36.7528,1775594313928842652
ecgclass,single_ecgclass,8.4681,47.9105,44.8126,34.1779,0.0012,5.1689,2.1071,3.0978,1775594313928842652
ecgclass,single_ecgclass,8.7314,50.8029,48.2739,47.3812,0.0018,0.6123,1.6444,2.529,1775594314191675712
ecgclass,single_ecgclass,9.5305,50.8914,48.3044,47.3375,0.0017,0.6215,1.6787,2.587,1775594314990753527
ecgclass,single_ecgclass,9.6436,50.9017,48.3018,47.3756,0.0018,0.6086,1.6439,2.5998,1775594315103836084
ecgclass,single_ecgclass,9.6997,44.4305,42.0265,41.1985,0.0014,0.5659,1.5256,2.4039,1775594315159842980
ecgclass,single_ecgclass,9.7794,69.3152,66.8452,65.3252,0.0029,1.0558,1.5185,2.47,1775594315239476702
ecgclass,single_ecgclass,9.8519,76.89,74.2251,72.6105,0.0032,1.0921,1.6797,2.6649,1775594315312167142
ecgclass,single_ecgclass,9.8776,102.2916,50.453,49.3861,0.0019,0.6869,50.936,51.8386,1775594315387153552
ecgclass,single_ecgclass,10.0942,54.6217,52.0601,51.0046,0.0019,0.6852,1.6513,2.5616,1775594315554460884
ecgclass,single_ecgclass,10.3692,55.1989,52.5891,50.9899,0.0021,0.6961,1.6854,2.6098,1775594315829501038
ecgclass,single_ecgclass,10.6708,54.7037,52.2086,51.1907,0.0019,0.6877,1.6503,2.4952,1775594316131084623
ecgclass,single_ecgclass,11.7347,51.9867,49.3716,48.4308,0.0018,0.6313,1.6797,2.6151,1775594317194995451
ecgclass,single_ecgclass,12.1542,88.398,85.6527,83.8014,0.0033,1.2578,1.7273,2.7453,1775594317614562669
ecgclass,single_ecgclass,12.483,54.616,52.0388,51.0255,0.0018,0.69,1.668,2.5771,1775594317943310043
ecgclass,single_ecgclass,12.692,54.7993,52.1765,51.1684,0.0018,0.6837,1.672,2.6228,1775594318152261736
ecgclass,single_ecgclass,12.811,88.8803,86.2159,84.3407,0.0032,1.2747,1.6708,2.6644,1775594318271290920
ecgclass,single_ecgclass,12.8198,134.3422,53.5247,52.505,0.002,0.6853,79.9835,80.8175,1775594318358360320
ecgclass,single_ecgclass,13.0104,54.7881,52.238,51.1544,0.0018,0.6924,1.6606,2.5501,1775594318470626811
ecgclass,single_ecgclass,13.1354,54.5635,51.9868,50.9754,0.0017,0.6861,1.6668,2.5767,1775594318595656668
ecgclass,single_ecgclass,13.4364,55.146,52.5758,50.9689,0.002,1.2437,1.6391,2.5702,1775594318896602692
ecgclass,single_ecgclass,13.843,54.7307,52.0979,51.0801,0.0019,0.6853,1.7211,2.6327,1775594319303347631
ecgclass,single_ecgclass,13.909,52.762,50.1038,48.9545,0.0065,0.7146,1.6317,2.6582,1775594319369199327
ecgclass,single_ecgclass,13.9197,86.2076,43.3085,42.3405,0.0016,0.6466,42.0175,42.8991,1775594319420293085
ecgclass,single_ecgclass,14.1032,51.3737,48.7002,47.7246,0.0016,0.6162,1.7521,2.6735,1775594319563522979
ecgclass,single_ecgclass,14.6142,51.053,48.4324,47.4567,0.0017,0.6365,1.7068,2.6206,1775594320074479256
ecgclass,single_ecgclass,14.7785,84.1832,81.5291,79.6276,0.0034,1.2968,1.6437,2.6541,1775594320238752746
ecgclass,single_ecgclass,15.2052,54.7245,52.0679,51.027,0.002,0.7097,1.7345,2.6566,1775594320665534165
ecgclass,single_ecgclass,15.3552,54.8778,52.2225,51.1267,0.002,0.6972,1.745,2.6553,1775594320815530109
ecgclass,single_ecgclass,15.6194,54.8286,52.2714,51.1635,0.002,0.7028,1.689,2.5572,1775594321079729064
ecgclass,single_ecgclass,15.6755,46.6509,44.2071,42.8288,0.0015,1.0262,1.6084,2.4438,1775594321135691825
ecgclass,single_ecgclass,15.7032,58.3198,38.7652,37.9211,0.0014,0.5264,18.7321,19.5547,1775594321180533373
ecgclass,single_ecgclass,15.7323,74.7612,44.794,40.478,0.0017,1.9726,28.9543,29.9671,1775594321219898844
ecgclass,single_ecgclass,15.755,52.1038,44.794,40.478,0.0017,1.9726,6.2749,7.3097,1775594321219898844
ecgclass,single_ecgclass,15.7657,90.6227,48.5447,47.3707,0.002,0.7354,41.1928,42.078,1775594321265511968
ecgclass,single_ecgclass,16.1088,60.3845,57.7314,56.5851,0.0021,0.7708,1.7028,2.6531,1775594321569069260
ecgclass,single_ecgclass,16.1984,50.0469,47.6522,46.6731,0.0017,0.655,1.508,2.3947,1775594321658483510
ecgclass,single_ecgclass,16.2756,69.6371,67.1467,65.5342,0.0032,1.1432,1.5614,2.4904,1775594321735788919
ecgclass,single_ecgclass,16.4626,80.8883,78.2569,76.5768,0.003,1.151,1.6503,2.6313,1775594321922803541
ecgclass,single_ecgclass,16.5003,99.6144,55.7269,54.6698,0.0019,0.675,43.0264,43.8874,1775594322001909524
ecgclass,single_ecgclass,16.8854,56.3152,53.7071,52.6285,0.002,0.6924,1.6954,2.608,1775594322345646449
ecgclass,single_ecgclass,17.143,54.5819,52.0105,50.9592,0.0019,0.7091,1.7078,2.5714,1775594322603342217
ecgclass,single_ecgclass,17.2078,50.0658,47.5915,45.9139,0.0018,0.6483,1.5917,2.4742,1775594322668021480
ecgclass,single_ecgclass,17.2485,59.0835,49.0917,47.7087,0.0023,0.9077,9.1078,9.9917,1775594322716246033
ecgclass,single_ecgclass,17.3548,71.0859,68.554,67.0614,0.0026,1.0213,1.5564,2.5319,1775594322815000316
ecgclass,single_ecgclass,17.4156,62.2432,51.2078,50.1439,0.0018,0.6654,10.1469,11.0354,1775594322884313542
ecgclass,single_ecgclass,17.4311,91.6724,44.4356,43.467,0.0016,0.6232,46.3486,47.2368,1775594322936087077
ecgclass,single_ecgclass,17.531,47.6155,44.9831,43.8095,0.0036,0.761,1.4713,2.6324,1775594322991106660
ecgclass,single_ecgclass,17.9822,69.9649,66.8426,65.3933,0.0025,0.9743,2.1677,3.1222,1775594323442987816
ecgclass,single_ecgclass,18.1835,54.6954,52.1034,51.0632,0.0018,0.6949,1.6718,2.592,1775594323643753364
ecgclass,single_ecgclass,18.8009,54.9538,52.2529,51.1651,0.002,0.7091,1.7934,2.7009,1775594324261311066
ecgclass,single_ecgclass,19.2094,54.3668,51.8013,50.8506,0.0018,0.6442,1.6572,2.5655,1775594324669645944
ecgclass,single_ecgclass,19.4331,51.7368,49.0614,47.6035,0.0016,1.106,1.7414,2.6754,1775594324893432063
ecgclass,single_ecgclass,19.8033,88.4457,85.7199,83.8277,0.0032,1.2812,1.7326,2.7258,1775594325263642818
ecgclass,single_ecgclass,19.948,54.5278,51.9061,50.8855,0.0019,0.687,1.6925,2.6216,1775594325408268882
ecgclass,single_ecgclass,20.1618,54.7791,52.2147,51.1286,0.002,0.6947,1.7049,2.5643,1775594325622135043
ecgclass,single_ecgclass,20.2378,52.3381,49.0228,48.0474,0.0019,0.6583,1.5597,3.3153,1775594325697978452
ecgclass,single_ecgclass,20.2815,53.1971,43.9378,42.9449,0.0017,0.6206,8.3907,9.2594,1775594325748535520
ecgclass,single_ecgclass,20.7113,55.2533,52.612,51.5728,0.002,0.6866,1.698,2.6413,1775594326171582842
ecgclass,single_ecgclass,20.739,77.3544,49.2243,48.1973,0.0017,0.632,27.2603,28.1302,1775594326224863932
ecgclass,single_ecgclass,20.7767,83.1718,43.0038,42.0529,0.0016,0.6113,39.3088,40.168,1775594326274646190
ecgclass,single_ecgclass,20.8386,64.1932,42.2795,41.3359,0.0017,0.6188,21.0412,21.9137,1775594326318194971
ecgclass,single_ecgclass,21.032,55.3341,52.761,51.1448,0.0019,1.2296,1.6658,2.5731,1775594326492304350
ecgclass,single_ecgclass,21.1146,51.5885,49.0558,48.0142,0.0019,0.662,1.6437,2.5327,1775594326574826668
ecgclass,single_ecgclass,21.2514,57.4131,54.8159,53.6227,0.002,0.7538,1.6966,2.5972,1775594326711720548
ecgclass,single_ecgclass,21.6844,54.5876,52.0243,51.0007,0.002,0.6893,1.641,2.5633,1775594327144613587
ecgclass,single_ecgclass,21.9924,52.9461,50.3762,49.4112,0.0019,0.614,1.6656,2.5699,1775594327452637407
ecgclass,single_ecgclass,22.2267,51.4157,48.8277,47.8721,0.0015,0.6081,1.6634,2.5879,1775594327686928120
ecgclass,single_ecgclass,22.2604,61.3697,42.933,42.0516,0.0015,0.5544,17.5493,18.4367,1775594327736545403
ecgclass,single_ecgclass,22.4981,50.7121,48.2022,47.297,0.0017,0.6207,1.6379,2.5099,1775594327958350161
ecgclass,single_ecgclass,22.589,49.3674,46.8107,45.9404,0.0016,0.5969,1.6749,2.5567,1775594328049311972
ecgclass,single_ecgclass,22.6138,65.6569,40.3597,39.4495,0.0016,0.5646,24.4231,25.2972,1775594328096780726
ecgclass,single_ecgclass,22.6936,40.35,37.9519,37.1122,0.0015,0.5218,1.5337,2.398,1775594328153754308
ecgclass,single_ecgclass,22.7083,62.032,35.8165,34.6478,0.0014,0.4978,25.372,26.2155,1775594328192262332
ecgclass,single_ecgclass,22.8905,48.6739,46.2676,45.3173,0.0018,0.6367,1.523,2.4063,1775594328350595522
ecgclass,single_ecgclass,23.0855,55.341,52.802,51.7472,0.002,0.7038,1.668,2.539,1775594328545724910
ecgclass,single_ecgclass,23.144,45.9957,43.4395,42.512,0.0037,0.6294,1.5211,2.5562,1775594328604123015
ecgclass,single_ecgclass,23.1547,73.4105,37.4616,36.5972,0.0015,0.5202,35.1157,35.949,1775594328648416616
ecgclass,single_ecgclass,23.6998,69.0436,66.3347,64.9363,0.0023,0.9429,1.754,2.7089,1775594329160102928
ecgclass,single_ecgclass,23.8611,88.7585,86.0431,84.175,0.0035,1.2589,1.7381,2.7153,1775594329321388144
ecgclass,single_ecgclass,24.1592,54.8031,52.1823,51.1211,0.002,0.6864,1.7135,2.6209,1775594329619510929
ecgclass,single_ecgclass,24.2292,50.3399,47.8176,46.7602,0.0018,0.6797,1.6446,2.5223,1775594329689451326
ecgclass,single_ecgclass,24.565,54.9626,52.3135,51.2154,0.0116,0.7034,1.7433,2.6491,1775594330025339593
ecgclass,single_ecgclass,24.8924,55.7034,53.1016,51.4757,0.0019,0.6995,1.6868,2.6018,1775594330352683043
ecgclass,single_ecgclass,24.9121,82.3779,45.72,44.7369,0.0017,0.6281,35.7761,36.6579,1775594330406499299
ecgclass,single_ecgclass,25.9997,88.6719,85.9719,84.0568,0.0034,1.2981,1.718,2.7001,1775594331459991252
ecgclass,single_ecgclass,26.1326,54.6663,52.0691,50.981,0.0019,0.6898,1.684,2.5972,1775594331592854713
ecgclass,single_ecgclass,26.4116,55.1448,52.4971,51.4328,0.002,0.6852,1.7114,2.6477,1775594331871935490
ecgclass,single_ecgclass,26.4604,52.5084,45.4939,44.4694,0.0018,0.6174,6.1858,7.0145,1775594331925135667
ecgclass,single_ecgclass,26.6582,53.8964,51.3346,50.2481,0.002,0.6896,1.7068,2.5619,1775594332118476071
ecgclass,single_ecgclass,26.7143,48.3139,45.8851,44.9519,0.0016,0.6244,1.5402,2.4288,1775594332174410126
ecgclass,single_ecgclass,27.037,83.1852,80.4723,78.7122,0.0032,1.1968,1.7381,2.7129,1775594332497360071
ecgclass,single_ecgclass,27.1304,53.8235,51.2447,50.2304,0.0018,0.6854,1.6985,2.5788,1775594332590719207
ecgclass,single_ecgclass,27.2855,88.9063,86.2122,83.4141,0.0033,2.2408,1.6582,2.6941,1775594332745770978
ecgclass,single_ecgclass,27.3916,54.0752,51.4923,50.4271,0.0019,0.6775,1.6813,2.5829,1775594332851915214
ecgclass,single_ecgclass,27.542,53.8754,51.3434,50.3107,0.0019,0.6959,1.6294,2.532,1775594333002201494
ecgclass,single_ecgclass,27.6361,52.2761,49.7868,48.7981,0.0019,0.6664,1.6253,2.4894,1775594333096278885
ecgclass,single_ecgclass,27.7586,58.8124,56.249,55.0775,0.0019,0.7913,1.6644,2.5634,1775594333218832371
ecgclass,single_ecgclass,27.7643,98.5548,44.9153,43.9393,0.0016,0.6167,52.84,53.6396,1775594333275751808
ecgclass,single_ecgclass,28.0823,53.8125,51.2677,50.2486,0.0019,0.6812,1.6415,2.5448,1775594333542487659
ecgclass,single_ecgclass,28.5847,54.1294,51.4881,50.4175,0.0018,0.6782,1.7152,2.6413,1775594334044983676
ecgclass,single_ecgclass,28.7,51.8734,49.3044,48.3979,0.0017,0.6049,1.6606,2.569,1775594334160282944
ecgclass,single_ecgclass,29.3817,54.3666,51.7194,50.677,0.0018,0.668,1.734,2.6472,1775594334842020366
ecgclass,single_ecgclass,29.4144,62.5999,40.3444,39.4505,0.0016,0.5723,21.379,22.2555,1775594334894411092
ecgclass,single_ecgclass,29.9717,89.4632,86.8015,84.9459,0.003,1.2577,1.7085,2.6617,1775594335432009412
ecgclass,single_ecgclass,30.0455,74.3551,57.8787,56.8395,0.0017,0.6849,15.6202,16.4764,1775594335519675843
ecgclass,single_ecgclass,30.178,53.8905,51.323,50.2886,0.0019,0.693,1.7176,2.5674,1775594335638343637
ecgclass,single_ecgclass,30.6665,54.2595,51.6691,50.6387,0.0019,0.676,1.6983,2.5905,1775594336126814114
ecgclass,single_ecgclass,30.6912,75.9451,45.8461,44.8586,0.0017,0.6306,29.3067,30.099,1775594336179149971
ecgclass,single_ecgclass,30.729,98.5138,59.6043,57.8627,0.0031,1.1784,37.9868,38.9096,1775594336225559793
ecgclass,single_ecgclass,30.9978,87.5416,84.8597,83.0201,0.0033,1.2525,1.6947,2.6819,1775594336458117909
ecgclass,single_ecgclass,31.1946,54.0617,51.4292,50.3723,0.0019,0.6809,1.7276,2.6325,1775594336654958046
ecgclass,single_ecgclass,31.2519,51.3031,48.8669,47.931,0.0018,0.6384,1.5445,2.4362,1775594336712040275
ecgclass,single_ecgclass,31.3404,48.1253,45.7551,44.8213,0.0016,0.633,1.5552,2.3702,1775594336800558014
ecgclass,single_ecgclass,31.4908,54.3954,51.861,50.2974,0.002,0.6861,1.6301,2.5344,1775594336951020411
ecgclass,single_ecgclass,31.8707,54.0271,51.4471,50.3837,0.0018,0.6764,1.6785,2.58,1775594337330954662
ecgclass,single_ecgclass,31.9419,49.5694,47.1378,46.1724,0.0019,0.6525,1.5519,2.4316,1775594337402070200
ecgclass,single_ecgclass,32.0958,52.0873,49.4706,48.5592,0.0019,0.6124,1.7169,2.6168,1775594337556069143
ecgclass,single_ecgclass,32.1671,45.0292,42.5656,41.6538,0.0015,0.571,1.5802,2.4636,1775594337627231179
ecgclass,single_ecgclass,32.2273,42.5277,40.1095,39.2958,0.0015,0.5507,1.5452,2.4182,1775594337687448452
ecgclass,single_ecgclass,32.6544,56.7813,54.2926,53.1981,0.0018,0.7396,1.6651,2.4887,1775594338114660218
ecgclass,single_ecgclass,32.7654,72.8729,70.2306,68.4305,0.0031,1.2513,1.6549,2.6422,1775594338225649125
ecgclass,single_ecgclass,33.0326,53.9229,51.2619,50.2417,0.0018,0.6828,1.7264,2.661,1775594338492954139
ecgclass,single_ecgclass,33.0938,48.8105,46.3939,45.4279,0.0018,0.6518,1.5295,2.4166,1775594338553885317
ecgclass,single_ecgclass,33.1315,54.7814,43.0654,41.6006,0.0017,1.1145,10.859,11.716,1775594338600915556
ecgclass,single_ecgclass,33.3596,79.483,76.8426,75.1798,0.0028,1.1238,1.6394,2.6404,1775594338819831944
ecgclass,single_ecgclass,33.6425,53.8826,51.3019,50.3002,0.0018,0.6833,1.6763,2.5807,1775594339102725502
ecgclass,single_ecgclass,33.8326,53.8642,51.2635,50.2144,0.002,0.6831,1.694,2.6007,1775594339292915824
ecgclass,single_ecgclass,34.0698,54.3444,51.7809,50.2809,0.0017,1.18,1.6732,2.5636,1775594339530103675
ecgclass,single_ecgclass,34.2745,82.7296,80.101,78.3067,0.0034,1.2576,1.6418,2.6286,1775594339734720743
ecgclass,single_ecgclass,34.4925,53.9412,51.307,50.2101,0.0019,0.6862,1.704,2.6342,1775594339952808227
ecgclass,single_ecgclass,34.944,87.6257,84.9359,83.0621,0.0033,1.2784,1.7042,2.6898,1775594340404309037
ecgclass,single_ecgclass,35.5093,54.7631,52.1298,51.0576,0.0021,0.6982,1.7319,2.6333,1775594340969602935
ecgclass,single_ecgclass,35.6403,55.3334,52.7733,51.669,0.0018,0.7161,1.6344,2.5601,1775594341100507991
ecgclass,single_ecgclass,35.66,81.1522,44.927,43.9161,0.0015,0.639,35.3556,36.2252,1775594341153959714
ecgclass,single_ecgclass,35.9395,84.414,81.781,80.0112,0.003,1.1967,1.6437,2.633,1775594341399756871
ecgclass,single_ecgclass,36.1082,54.1141,51.5011,50.4426,0.0019,0.6887,1.7099,2.613,1775594341568487052
ecgclass,single_ecgclass,36.5969,54.1613,51.5882,50.5376,0.0019,0.6752,1.6947,2.5731,1775594342057184423
ecgclass,single_ecgclass,36.8054,54.3606,51.7306,50.6955,0.002,0.704,1.7321,2.63,1775594342265699733
ecgclass,single_ecgclass,36.8331,72.423,45.1318,44.1575,0.0016,0.6247,26.417,27.2912,1775594342318117197
ecgclass,single_ecgclass,37.0438,53.9424,51.4357,50.4282,0.0019,0.6818,1.6041,2.5067,1775594342504029204
ecgclass,single_ecgclass,37.158,54.1461,51.6612,50.6561,0.002,0.6809,1.6162,2.4848,1775594342618209725
ecgclass,single_ecgclass,37.1808,75.6876,43.6207,42.7416,0.0015,0.5571,31.1921,32.0669,1775594342670539979
ecgclass,single_ecgclass,37.2353,60.174,38.5386,37.5863,0.0017,0.6242,20.7875,21.6354,1775594342714724326
ecgclass,single_ecgclass,37.9313,49.989,47.481,46.5844,0.0017,0.6112,1.6434,2.508,1775594343391555738
ecgclass,single_ecgclass,38.0115,47.1592,44.7112,43.3648,0.0017,0.5951,1.544,2.4479,1775594343471654845
ecgclass,single_ecgclass,38.0628,41.6701,39.2544,38.4257,0.0014,0.5789,1.5368,2.4157,1775594343522968795
ecgclass,single_ecgclass,38.1517,42.5773,40.2702,39.457,0.0015,0.5507,1.4982,2.3071,1775594343611803992
ecgclass,single_ecgclass,38.5658,62.608,60.0631,58.7995,0.0026,0.8484,1.6298,2.5449,1775594344026046311
ecgclass,single_ecgclass,38.7837,87.8067,85.1642,83.3096,0.0046,1.2951,1.6341,2.6425,1775594344243976348
ecgclass,single_ecgclass,38.8225,111.0981,61.1181,59.9629,0.0018,0.3694,48.9824,49.98,1775594344330068268
ecgclass,single_ecgclass,38.8242,109.3829,61.1181,59.9629,0.0018,0.3694,47.2453,48.2648,1775594344330068268
ecgclass,single_ecgclass,38.9118,68.5916,46.0886,45.0635,0.0016,0.6263,21.6653,22.503,1775594344392018200
ecgclass,single_ecgclass,38.9418,81.4028,42.1313,41.1562,0.0018,0.6045,38.4126,39.2715,1775594344438811253
ecgclass,single_ecgclass,39.3557,76.2258,73.5445,71.9492,0.0029,1.0907,1.7014,2.6812,1775594344816004606
ecgclass,single_ecgclass,39.3764,107.856,51.639,50.5633,0.0019,0.6831,55.3062,56.2171,1775594344890344357
ecgclass,single_ecgclass,39.5135,51.6231,49.1485,47.3057,0.0064,1.4519,1.5056,2.4746,1775594344973608394
ecgclass,single_ecgclass,39.7174,54.2254,51.5744,50.5348,0.0018,0.7012,1.7869,2.651,1775594345177824891
ecgclass,single_ecgclass,40.2914,53.9095,51.2873,50.2403,0.0019,0.6923,1.7161,2.6222,1775594345751673579
ecgclass,single_ecgclass,40.3495,48.3294,45.9009,44.9722,0.0016,0.6277,1.555,2.4284,1775594345809635286
ecgclass,single_ecgclass,40.6963,54.059,51.4662,50.4123,0.002,0.676,1.6854,2.5928,1775594346156548818
ecgclass,single_ecgclass,40.8496,50.7669,48.0753,47.1343,0.0017,0.6025,1.7693,2.6916,1775594346309983131
ecgclass,single_ecgclass,41.1958,50.019,47.4092,46.4636,0.0018,0.6052,1.7068,2.6098,1775594346656145862
ecgclass,single_ecgclass,41.2671,64.6307,62.1837,61.1872,0.0019,0.7054,1.5492,2.447,1775594346727219484
ecgclass,single_ecgclass,41.3339,48.202,45.7015,44.8258,0.0017,0.5902,1.6103,2.5006,1775594346794122072
ecgclass,single_ecgclass,41.3843,42.6831,40.2045,39.3915,0.0016,0.5553,1.6334,2.4787,1775594346844547474
ecgclass,single_ecgclass,41.5933,50.5731,47.9761,46.4519,0.0018,1.2415,1.6739,2.597,1775594347053599660
ecgclass,single_ecgclass,41.7231,50.0922,47.5115,46.6156,0.0018,0.6049,1.6735,2.5807,1775594347183410875
ecgclass,single_ecgclass,41.8955,59.6659,57.0569,55.9001,0.0022,0.7655,1.6873,2.609,1775594347355804197
ecgclass,single_ecgclass,42.1525,50.1468,47.5945,46.6326,0.002,0.6363,1.6823,2.5523,1775594347612826123
ecgclass,single_ecgclass,42.383,50.4904,47.8603,46.8818,0.0017,0.6071,1.7178,2.6301,1775594347843354479
ecgclass,single_ecgclass,42.5929,50.1845,47.5472,46.6532,0.0016,0.6044,1.7157,2.6373,1775594348053162711
ecgclass,single_ecgclass,42.8724,50.6349,48.1126,47.1761,0.0016,0.6141,1.6499,2.5223,1775594348332673123
ecgclass,single_ecgclass,42.8792,85.5386,41.0303,40.1644,0.0015,0.5481,43.6747,44.5083,1775594348381431195
ecgclass,single_ecgclass,43.1801,49.8588,47.3498,46.4502,0.0016,0.6107,1.6003,2.509,1775594348640277763
ecgclass,single_ecgclass,43.4403,49.9687,47.4788,46.5532,0.0018,0.6044,1.6279,2.4899,1775594348900535448
ecgclass,single_ecgclass,43.5275,48.5387,45.6968,44.7834,0.0018,0.6134,1.6429,2.8419,1775594348987730639
ecgclass,single_ecgclass,43.5752,42.5804,40.1866,38.9509,0.0015,0.5398,1.5268,2.3937,1775594349035336107
ecgclass,single_ecgclass,43.7181,50.139,47.5733,46.6626,0.0017,0.6055,1.6446,2.5656,1775594349178304832
ecgclass,single_ecgclass,44.1237,62.5675,60.0185,58.7681,0.0023,0.8394,1.6341,2.549,1775594349583943808
ecgclass,single_ecgclass,44.1885,48.3294,45.9143,44.9583,0.0018,0.6301,1.5309,2.4151,1775594349648616466
ecgclass,single_ecgclass,44.4762,53.8857,51.3714,50.2979,0.0018,0.6849,1.7042,2.5143,1775594349936528877
ecgclass,single_ecgclass,45.0688,54.0254,51.3011,50.272,0.0019,0.6805,1.7521,2.7243,1775594350529163024
ecgclass,single_ecgclass,45.1481,46.9408,44.3965,43.5188,0.0017,0.5734,1.6394,2.5443,1775594350608289786
ecgclass,single_ecgclass,46.01,88.6087,85.956,84.0941,0.0035,1.2506,1.6508,2.6527,1775594351470223117
ecgclass,single_ecgclass,46.0207,139.1499,58.5674,56.9717,0.0018,0.3724,79.3431,80.5825,1775594351558685982
ecgclass,single_ecgclass,46.0285,131.4206,58.5674,56.9717,0.0018,0.3724,71.5907,72.8532,1775594351558685982
ecgclass,single_ecgclass,46.4003,88.1205,85.0348,83.0649,0.0032,1.354,2.0838,3.0856,1775594351861010133
ecgclass,single_ecgclass,46.5287,54.7574,52.1636,50.4438,0.0019,1.315,1.6994,2.5937,1775594351988966360
ecgclass,single_ecgclass,46.6517,54.0109,51.4231,50.3507,0.0017,0.6827,1.677,2.5878,1775594352111937260
ecgclass,single_ecgclass,47.0422,83.1759,80.4627,78.7101,0.0031,1.1785,1.7462,2.7132,1775594352502519629
ecgclass,single_ecgclass,47.5379,54.1391,51.4587,50.369,0.0021,0.6823,1.7478,2.6804,1775594352998280944
ecgclass,single_ecgclass,47.7024,54.1496,51.5718,50.5496,0.0019,0.688,1.6637,2.5779,1775594353162636354
ecgclass,single_ecgclass,48.1231,53.9424,51.3672,50.3526,0.0019,0.6838,1.6637,2.5752,1775594353583324549
ecgclass,single_ecgclass,48.3253,87.816,85.0235,83.1684,0.0035,1.2447,1.7834,2.7925,1775594353785722590
ecgclass,single_ecgclass,48.4254,55.3977,52.7643,51.6942,0.0018,0.6828,1.7486,2.6335,1775594353885720699
ecgclass,single_ecgclass,48.4741,52.8567,45.5979,44.6236,0.0017,0.6197,6.371,7.2587,1775594353939100098
ecgclass,single_ecgclass,48.7494,63.1199,60.4368,58.8631,0.0029,1.0227,1.6875,2.6831,1775594354209665457
ecgclass,single_ecgclass,49.178,54.59,51.9405,50.3193,0.002,1.2536,1.7335,2.6495,1775594354638374619
ecgclass,single_ecgclass,49.7133,54.0752,51.472,50.3914,0.0019,0.6931,1.7474,2.6032,1775594355173627753
ecgclass,single_ecgclass,49.7726,66.5836,64.0446,62.9315,0.0021,0.7149,1.5819,2.5391,1775594355232740282
ecgclass,single_ecgclass,49.9775,53.8433,51.3267,50.2915,0.002,0.705,1.6487,2.5166,1775594355437698811
ecgclass,single_ecgclass,50.0795,53.849,51.2976,50.2914,0.0018,0.6739,1.637,2.5513,1775594355539746930
ecgclass,single_ecgclass,50.4228,54.6625,52.0243,51.014,0.0019,0.6821,1.7169,2.6382,1775594355883148491
ecgclass,single_ecgclass,50.4666,57.2286,45.7288,44.7335,0.0017,0.616,10.6924,11.4998,1775594355935854391
ecgclass,single_ecgclass,50.4787,88.3129,42.5272,41.594,0.0017,0.6094,44.872,45.7857,1775594355982135799
ecgclass,single_ecgclass,50.551,58.3541,41.956,40.976,0.0017,0.6039,15.5604,16.3982,1775594356025148907
ecgclass,single_ecgclass,50.5656,84.9392,40.626,39.7949,0.0015,0.5246,43.4287,44.3133,1775594356067670462
ecgclass,single_ecgclass,50.6588,37.9071,35.664,34.86,0.0014,0.5317,1.4088,2.2431,1775594356118801598
ecgclass,single_ecgclass,50.7569,42.5642,40.2454,39.361,0.0017,0.6059,1.5059,2.3188,1775594356217020080
ecgclass,single_ecgclass,50.7786,56.1674,34.6872,33.8908,0.0014,0.4925,20.6175,21.4802,1775594356257829723
ecgclass,single_ecgclass,51.3975,88.321,85.5972,83.7231,0.0034,1.2625,1.7216,2.7238,1775594356857832193
ecgclass,single_ecgclass,51.4583,84.981,56.6446,55.5794,0.0018,0.6701,27.4267,28.3364,1775594356944302629
ecgclass,single_ecgclass,51.6966,54.2972,51.7367,50.7237,0.002,0.6817,1.6403,2.5605,1775594357156823883
ecgclass,single_ecgclass,51.7363,62.865,47.6943,46.7089,0.0017,0.635,14.3185,15.1708,1775594357209262065
ecgclass,single_ecgclass,51.8384,49.9184,47.4564,46.4275,0.0043,0.7035,1.5116,2.462,1775594357298534439
ecgclass,single_ecgclass,51.8561,98.757,65.6834,44.0661,0.0015,7.0783,32.0139,33.0737,1775594357346742808
ecgclass,single_ecgclass,51.8799,75.0647,65.6834,44.0661,0.0015,7.0783,8.2958,9.3813,1775594357346742808
ecgclass,single_ecgclass,51.8825,72.5949,65.6834,44.0661,0.0015,7.0783,5.6307,6.9115,1775594357346742808
ecgclass,single_ecgclass,52.2055,54.0464,51.4709,50.451,0.002,0.6924,1.6551,2.5755,1775594357665782675
ecgclass,single_ecgclass,52.2758,66.2556,63.6553,62.2068,0.0026,1.0127,1.6158,2.6003,1775594357736026961
ecgclass,single_ecgclass,52.4153,71.9924,69.2896,66.9722,0.0028,0.9895,1.7071,2.7028,1775594357875613226
ecgclass,single_ecgclass,52.5886,54.5049,51.8002,50.7161,0.0018,0.6809,1.718,2.7047,1775594358048888764
ecgclass,single_ecgclass,52.6243,64.9545,45.5837,44.596,0.0016,0.6232,18.4906,19.3708,1775594358101423026
ecgclass,single_ecgclass,53.212,54.0435,51.3816,50.3654,0.0017,0.6833,1.7428,2.6619,1775594358672336492
ecgclass,single_ecgclass,53.3203,55.0919,52.2989,51.2221,0.0018,0.6895,1.7321,2.7929,1775594358780589405
ecgclass,single_ecgclass,53.336,86.3752,46.482,45.328,0.0017,0.391,38.8634,39.8933,1775594358833477213
ecgclass,single_ecgclass,53.3568,65.6595,46.482,45.328,0.0017,0.391,18.1234,19.1776,1775594358833477213
ecgclass,single_ecgclass,53.4566,46.3369,43.9213,43.1109,0.0015,0.5425,1.5297,2.4156,1775594358916750775
ecgclass,single_ecgclass,53.4813,58.7201,36.5379,35.7443,0.0014,0.5083,21.3888,22.1822,1775594358961315595
ecgclass,single_ecgclass,53.5473,36.9821,34.6593,33.854,0.0012,0.5518,1.4713,2.3228,1775594359007323452
ecgclass,single_ecgclass,53.6955,42.1443,39.7704,38.9525,0.0014,0.5435,1.5543,2.3739,1775594359155662314
ecgclass,single_ecgclass,53.7042,70.8964,36.834,35.5906,0.0014,0.9458,33.1879,34.0624,1775594359196008406
ecgclass,single_ecgclass,53.7752,40.7763,38.5624,37.6785,0.0017,0.594,1.3697,2.2139,1775594359235144282
ecgclass,single_ecgclass,54.0904,50.4119,47.8404,46.9399,0.0016,0.5999,1.6358,2.5715,1775594359550643300
ecgclass,single_ecgclass,54.1052,77.0843,40.8356,39.9254,0.0017,0.5516,35.3982,36.2487,1775594359599155244
ecgclass,single_ecgclass,54.2985,50.6082,47.9738,47.0491,0.0017,0.6006,1.7173,2.6343,1775594359758848336
ecgclass,single_ecgclass,54.3093,81.2716,40.7708,39.8954,0.0015,0.5514,39.5994,40.5008,1775594359807480358
ecgclass,single_ecgclass,54.8452,88.5789,85.7971,83.9295,0.0034,1.2533,1.7343,2.7818,1775594360305504873
ecgclass,single_ecgclass,54.8949,93.5273,54.0219,53.0106,0.0019,0.6676,38.6095,39.5054,1775594360392132990
ecgclass,single_ecgclass,54.944,89.9787,44.9064,43.9379,0.0016,0.622,44.1878,45.0723,1775594360446749303
ecgclass,single_ecgclass,55.1622,54.1201,51.4873,50.457,0.002,0.6942,1.7164,2.6328,1775594360622546507
ecgclass,single_ecgclass,55.6149,54.6019,51.9525,50.3304,0.002,1.2477,1.6952,2.6494,1775594361075210498
ecgclass,single_ecgclass,56.2523,66.4575,63.7624,61.9393,0.0034,1.2728,1.7169,2.6951,1775594361712585806
ecgclass,single_ecgclass,56.5281,53.9937,51.376,50.3568,0.0019,0.6803,1.6999,2.6177,1775594361988406982
ecgclass,single_ecgclass,56.8736,54.0054,51.3441,50.3075,0.0018,0.6853,1.7414,2.6613,1775594362333902107
ecgclass,single_ecgclass,57.0929,55.7258,53.1458,52.187,0.0018,0.6038,1.693,2.58,1775594362553193642
ecgclass,single_ecgclass,57.1317,59.9692,42.3658,41.4803,0.0014,0.5629,16.6945,17.6034,1775594362606955267
ecgclass,single_ecgclass,57.365,80.2846,77.5081,75.8393,0.0033,1.1184,1.7233,2.7765,1775594362825297284
ecgclass,single_ecgclass,57.3977,102.9294,54.6928,53.5615,0.0018,0.7512,47.3282,48.2366,1775594362903653139
ecgclass,single_ecgclass,57.5959,53.9639,51.4077,50.3996,0.002,0.6794,1.6942,2.5562,1775594363056212030
ecgclass,single_ecgclass,57.7492,59.9144,57.282,55.8318,0.0026,0.9894,1.6761,2.6324,1775594363209425591
ecgclass,single_ecgclass,57.8213,52.3806,49.7662,48.7294,0.002,0.6753,1.708,2.6144,1775594363281587331
ecgclass,single_ecgclass,57.9629,54.6238,52.0232,50.4206,0.002,0.6835,1.6813,2.6006,1775594363423187021
ecgclass,single_ecgclass,58.1438,54.1728,51.5916,50.5696,0.002,0.6926,1.6975,2.5811,1775594363604120860
ecgclass,single_ecgclass,58.1896,54.0187,44.9982,44.0102,0.0016,0.6311,8.1801,9.0205,1775594363656380992
ecgclass,single_ecgclass,58.2728,53.7071,51.2854,50.1322,0.0021,0.7912,1.5295,2.4217,1775594363732959308
ecgclass,single_ecgclass,58.3578,51.4786,48.928,47.9491,0.0016,0.6475,1.6532,2.5507,1775594363818005599
ecgclass,single_ecgclass,58.3805,73.3664,44.0293,43.0745,0.0017,0.6069,28.5032,29.3371,1775594363867584373
ecgclass,single_ecgclass,58.4384,57.9371,41.8802,40.9283,0.0016,0.6081,15.2109,16.0569,1775594363912240835
ecgclass,single_ecgclass,58.6437,53.8571,51.3248,50.3179,0.0018,0.6838,1.6525,2.5323,1775594364103941642
ecgclass,single_ecgclass,58.8829,62.9158,60.3203,59.0658,0.0023,0.8371,1.713,2.5955,1775594364343168593
ecgclass,single_ecgclass,58.997,53.9649,51.3925,50.3695,0.002,0.6844,1.6963,2.5723,1775594364457290203
ecgclass,single_ecgclass,59.1172,54.6229,52.0268,50.3912,0.0019,1.3,1.6768,2.5961,1775594364577468186
ecgclass,single_ecgclass,59.197,50.9887,48.4774,47.4891,0.0018,0.654,1.6124,2.5112,1775594364657242830
ecgclass,single_ecgclass,59.4304,68.0604,65.41,64.0179,0.0025,0.9355,1.7035,2.6504,1775594364890689127
ecgclass,single_ecgclass,59.5127,52.4175,49.8487,48.8246,0.0018,0.6741,1.6968,2.5688,1775594364972963926
ecgclass,single_ecgclass,59.7034,53.9401,51.3774,50.3636,0.0019,0.6826,1.6749,2.5627,1775594365163667394
ecgclass,single_ecgclass,59.8306,87.816,85.0404,83.1839,0.0034,1.2427,1.7474,2.7756,1775594365290929718
ecgclass,single_ecgclass,59.9506,54.0578,51.4494,50.3803,0.0018,0.6811,1.7467,2.6085,1775594365410962333
ecgclass,single_ecgclass,60.5264,88.0234,85.2196,83.3538,0.0036,1.2546,1.7772,2.8038,1775594365986759475
ecgclass,single_ecgclass,60.9549,55.0241,52.3553,51.2537,0.0018,0.6955,1.7383,2.6688,1775594366415250348
ecgclass,single_ecgclass,61.1453,54.9333,52.3048,51.2576,0.002,0.7016,1.7085,2.6285,1775594366605553718
ecgclass,single_ecgclass,61.3845,89.4063,86.7098,83.7102,0.0036,2.348,1.6885,2.6964,1775594366844816081
ecgclass,single_ecgclass,61.4133,119.0379,57.7172,56.5918,0.0019,0.7073,60.4229,61.3206,1775594366932319457
ecgclass,single_ecgclass,61.5061,71.6763,44.9387,43.9829,0.0017,0.6108,25.8625,26.7375,1775594366990605586
ecgclass,single_ecgclass,61.7672,71.6195,68.9917,67.3665,0.0031,1.1235,1.6143,2.6278,1775594367227394343
ecgclass,single_ecgclass,61.9711,56.0482,53.4157,52.2732,0.0021,0.7554,1.6963,2.6325,1775594367431403139
ecgclass,single_ecgclass,62.0189,54.1608,45.3015,44.2993,0.0017,0.6332,8.0419,8.8594,1775594367485503567
ecgclass,single_ecgclass,62.6408,54.8301,52.1306,51.0179,0.0018,0.7055,1.781,2.6994,1775594368101143729
ecgclass,single_ecgclass,62.6475,94.1043,45.4189,44.4081,0.0017,0.6394,47.8065,48.6854,1775594368153936115
ecgclass,single_ecgclass,62.8709,88.46,85.6749,83.766,0.0033,1.2642,1.7543,2.7851,1775594368331281565
ecgclass,single_ecgclass,62.8907,123.9896,54.4792,53.4457,0.0019,0.6754,68.5706,69.5104,1775594368417860994
ecgclass,single_ecgclass,63.3812,56.0875,53.4108,52.3105,0.0017,0.7029,1.7571,2.6767,1775594368841580166
ecgclass,single_ecgclass,63.398,86.0133,46.1126,44.5798,0.0017,0.6239,39.0196,39.9008,1775594368895603882
ecgclass,single_ecgclass,63.7094,54.5676,51.9525,50.9196,0.0018,0.6985,1.6861,2.6151,1775594369169678058
ecgclass,single_ecgclass,63.7451,66.0441,46.5178,45.5219,0.0018,0.627,18.672,19.5263,1775594369222410980
ecgclass,single_ecgclass,64.6542,87.9111,85.1528,83.2778,0.0034,1.2592,1.7552,2.7583,1775594370114561608
ecgclass,single_ecgclass,64.7693,78.6743,75.87,73.974,0.0034,1.2861,1.833,2.8043,1775594370229771695
ecgclass,single_ecgclass,65.0034,54.0624,51.4122,50.3465,0.0018,0.6805,1.7312,2.6502,1775594370463685998
ecgclass,single_ecgclass,65.2007,53.8809,51.246,50.2383,0.0018,0.6768,1.6892,2.6349,1775594370661016115
ecgclass,single_ecgclass,65.3339,54.1613,51.5014,50.4778,0.0019,0.6798,1.7433,2.6599,1775594370794199467
ecgclass,single_ecgclass,65.6224,53.8857,51.3321,50.3,0.0021,0.6927,1.6325,2.5536,1775594371082665158
ecgclass,single_ecgclass,65.7696,78.4461,75.7756,73.9236,0.0036,1.2759,1.6701,2.6705,1775594371229850523
ecgclass,single_ecgclass,66.3187,55.5191,52.8714,51.0618,0.0018,0.688,1.7319,2.6477,1775594371778991711
ecgclass,single_ecgclass,66.3304,89.5879,45.2382,44.2391,0.0019,0.6169,43.5059,44.3497,1775594371832529849
ecgclass,single_ecgclass,67.4032,53.0238,50.3844,49.4513,0.0016,0.61,1.7219,2.6394,1775594372863491035
ecgclass,single_ecgclass,67.5675,50.3407,47.6982,46.7486,0.0017,0.6027,1.718,2.6424,1775594373027796458
ecgclass,single_ecgclass,67.626,43.7968,41.3669,40.5356,0.0017,0.5622,1.5955,2.4299,1775594373086226176
ecgclass,single_ecgclass,67.7441,51.8889,49.3019,48.0711,0.0023,0.8445,1.6587,2.587,1775594373204330054
ecgclass,single_ecgclass,67.9923,50.1285,47.5021,46.608,0.0016,0.6048,1.6842,2.6264,1775594373452624078
ecgclass,single_ecgclass,68.1918,50.0302,47.4995,46.6084,0.0017,0.6003,1.6961,2.5307,1775594373652085148
ecgclass,single_ecgclass,68.6094,49.9997,47.3671,46.4584,0.0017,0.6193,1.7078,2.6326,1775594374069660469
ecgclass,single_ecgclass,69.0649,50.3619,47.6931,46.7761,0.0017,0.6161,1.7512,2.6687,1775594374525268841
ecgclass,single_ecgclass,69.2536,64.0016,61.3312,58.4895,0.0034,2.2826,1.6859,2.6704,1775594374713880036
ecgclass,single_ecgclass,69.569,87.6598,84.9282,83.0369,0.0034,1.2534,1.7369,2.7316,1775594375029350698
ecgclass,single_ecgclass,69.7029,58.4316,55.6767,54.3733,0.006,0.8164,1.7304,2.7549,1775594375163225223
ecgclass,single_ecgclass,69.7257,82.7541,46.3558,45.3592,0.0017,0.6152,35.5175,36.3983,1775594375219778730
ecgclass,single_ecgclass,69.8356,45.4969,43.1952,42.2751,0.0018,0.6162,1.4923,2.3017,1775594375295717518
ecgclass,single_ecgclass,69.8933,44.7791,42.3278,41.3541,0.0017,0.6186,1.5845,2.4512,1775594375353511001
ecgclass,single_ecgclass,70.2886,55.2278,51.6872,50.6369,0.0019,0.7093,2.6259,3.5406,1775594375749849095
ecgclass,single_ecgclass,70.3333,55.975,44.9298,43.9392,0.0018,0.6309,10.2801,11.0451,1775594375802217189
ecgclass,single_ecgclass,70.5887,53.8719,51.2945,50.2833,0.0019,0.6908,1.6737,2.5774,1775594376048949505
ecgclass,single_ecgclass,71.0431,54.6334,52.0175,50.9771,0.002,0.7196,1.6854,2.6159,1775594376503411792
ecgclass,single_ecgclass,71.0709,73.1881,45.718,44.7073,0.0017,0.6338,26.5987,27.4701,1775594376556082323
ecgclass,single_ecgclass,71.2594,72.736,70.0724,68.2466,0.0033,1.2702,1.6603,2.6636,1775594376719618959
ecgclass,single_ecgclass,71.7817,85.7558,83.0947,81.2057,0.0035,1.2749,1.6532,2.6612,1775594377241964721
ecgclass,single_ecgclass,71.8847,54.1501,51.5,50.4229,0.0019,0.6833,1.7557,2.6501,1775594377345039028
ecgclass,single_ecgclass,71.9831,54.1027,51.4859,50.4713,0.0019,0.6839,1.6904,2.6167,1775594377443340580
ecgclass,single_ecgclass,72.1154,54.4872,51.932,50.922,0.0019,0.6778,1.6317,2.5552,1775594377575630976
ecgclass,single_ecgclass,72.1572,58.8212,45.4617,44.4704,0.0018,0.619,12.4807,13.3595,1775594377628238555
ecgclass,single_ecgclass,72.1931,65.4879,42.0624,41.1225,0.0017,0.6033,22.5666,23.4255,1775594377674254325
ecgclass,single_ecgclass,72.8153,87.8835,85.125,83.2807,0.0034,1.2528,1.7319,2.7585,1775594378275645457
ecgclass,single_ecgclass,73.2948,54.172,51.4993,50.4305,0.002,0.6909,1.7493,2.6727,1775594378755108869
ecgclass,single_ecgclass,73.4122,54.0552,51.5206,50.5038,0.0019,0.6914,1.6222,2.5346,1775594378872390034
ecgclass,single_ecgclass,73.4774,49.8784,47.3876,45.8531,0.0017,0.6692,1.6017,2.4907,1775594378937626300
ecgclass,single_ecgclass,73.7457,57.6932,55.1452,53.7741,0.0026,0.9421,1.6387,2.5481,1775594379205926683
ecgclass,single_ecgclass,74.6164,52.388,49.7419,48.7899,0.0018,0.614,1.7307,2.646,1775594380076683134
ecgclass,single_ecgclass,75.0493,50.1871,47.533,46.6286,0.0017,0.6132,1.7347,2.6541,1775594380509632661
ecgclass,single_ecgclass,75.1457,50.1962,47.654,46.7445,0.0019,0.603,1.7033,2.5421,1775594380606002971
ecgclass,single_ecgclass,75.2782,82.603,79.8984,78.0738,0.0036,1.255,1.6987,2.7046,1775594380738446977
ecgclass,single_ecgclass,75.4981,50.0834,47.4413,46.5433,0.0018,0.6112,1.7593,2.6421,1775594380958416093
ecgclass,single_ecgclass,75.6474,50.0534,47.5511,46.6732,0.0017,0.5996,1.6184,2.5023,1775594381107625861
ecgclass,single_ecgclass,75.7127,45.2406,42.7421,41.9056,0.0016,0.5719,1.5705,2.4985,1775594381172851048
ecgclass,single_ecgclass,75.7771,57.9894,55.4709,54.1712,0.0023,0.8922,1.5647,2.5185,1775594381237298050
ecgclass,single_ecgclass,75.9935,51.6748,49.0038,47.5259,0.0017,1.1625,1.6921,2.671,1775594381453756732
ecgclass,single_ecgclass,76.693,50.772,48.0751,47.0965,0.0018,0.6195,1.7402,2.6968,1775594382153294360
ecgclass,single_ecgclass,76.7307,54.342,40.7735,39.8923,0.0015,0.5514,12.7604,13.5686,1775594382202047088
ecgclass,single_ecgclass,76.9684,89.6869,86.813,84.7002,0.009,1.4172,1.658,2.8739,1775594382428635669
ecgclass,single_ecgclass,77.4937,54.9486,52.1159,50.98,0.002,0.6892,1.8916,2.8327,1775594382954155922
ecgclass,single_ecgclass,77.4954,99.2379,45.3803,44.4134,0.0017,0.6189,52.9733,53.8576,1775594383006971574
ecgclass,single_ecgclass,77.6059,44.8024,42.448,41.5467,0.0015,0.6149,1.4839,2.3545,1775594383065932208
ecgclass,single_ecgclass,77.875,87.9195,85.2155,83.3748,0.0032,1.2472,1.7164,2.704,1775594383335352090
ecgclass,single_ecgclass,78.3305,54.3137,51.7134,50.6443,0.0019,0.6873,1.678,2.6003,1775594383790763552
ecgclass,single_ecgclass,78.8935,53.9696,51.3815,50.3542,0.0018,0.7015,1.718,2.5881,1775594384353798419
ecgclass,single_ecgclass,78.9597,50.4737,48.0,46.4864,0.0019,1.2061,1.5807,2.4737,1775594384419832083
ecgclass,single_ecgclass,78.9744,79.6294,43.2776,42.3201,0.0017,0.6078,35.4955,36.3519,1775594384468466958
ecgclass,single_ecgclass,79.0423,54.0662,41.8785,40.9365,0.0018,0.6087,11.3723,12.1877,1775594384512292490
ecgclass,single_ecgclass,79.2047,54.177,51.281,50.251,0.0019,0.6816,1.6215,2.8961,1775594384664874837
ecgclass,single_ecgclass,79.2583,48.4464,45.8246,44.7429,0.0019,0.691,1.7676,2.6219,1775594384718674175
ecgclass,single_ecgclass,79.344,51.5997,49.1667,48.124,0.0018,0.7111,1.5402,2.4331,1775594384804114809
ecgclass,single_ecgclass,79.627,57.2228,54.7221,53.6494,0.002,0.7233,1.6294,2.5007,1775594385087194108
ecgclass,single_ecgclass,79.6307,99.7403,45.5626,44.5916,0.0018,0.6187,53.3338,54.1776,1775594385142601307
ecgclass,single_ecgclass,79.9858,83.6346,80.9968,79.2447,0.0031,1.1917,1.6208,2.6378,1775594385446052606
ecgclass,single_ecgclass,79.9896,135.3793,54.7443,53.699,0.0019,0.6676,79.7377,80.635,1775594385527937081
ecgclass,single_ecgclass,80.1812,54.3964,51.8601,50.8374,0.002,0.6956,1.6289,2.5363,1775594385641437398
ecgclass,single_ecgclass,80.1929,89.3574,46.1927,45.209,0.0016,0.6171,42.3372,43.1647,1775594385693877819
ecgclass,single_ecgclass,80.2568,82.7637,56.683,55.3459,0.0026,0.8989,25.2163,26.0806,1775594385740619973
ecgclass,single_ecgclass,80.3737,67.3151,64.7907,63.4093,0.0023,0.9426,1.5922,2.5244,1775594385833924667
ecgclass,single_ecgclass,80.8096,88.1696,85.4905,83.6314,0.0032,1.2585,1.6716,2.6791,1775594386269849479
ecgclass,single_ecgclass,80.8523,102.8879,56.8771,55.7808,0.0019,0.6662,45.1491,46.0108,1775594386356070441
ecgclass,single_ecgclass,81.6301,54.0674,51.5042,50.431,0.0019,0.6821,1.6859,2.5632,1775594387090339368
ecgclass,single_ecgclass,82.0657,55.4464,52.8103,51.7475,0.0018,0.683,1.7095,2.6361,1775594387525976136
ecgclass,single_ecgclass,82.0804,107.0423,65.3391,46.2673,0.0016,6.2258,40.5061,41.7032,1775594387579509879
ecgclass,single_ecgclass,82.0832,104.3148,65.3391,46.2673,0.0016,6.2258,37.755,38.9757,1775594387579509879
ecgclass,single_ecgclass,82.1169,70.6127,65.3391,46.2673,0.0016,6.2258,4.0197,5.2735,1775594387579509879
ecgclass,single_ecgclass,82.3118,54.1975,51.6079,50.5333,0.0018,0.6918,1.688,2.5897,1775594387772084175
ecgclass,single_ecgclass,83.5464,51.2173,48.643,47.7155,0.0016,0.6051,1.6642,2.5743,1775594389006627437
ecgclass,single_ecgclass,83.6168,45.7051,43.1626,41.7883,0.0018,0.5897,1.6334,2.5425,1775594389077020680
ecgclass,single_ecgclass,83.8959,88.2022,85.6012,83.6991,0.0033,1.2866,1.6479,2.6011,1775594389356134792
ecgclass,single_ecgclass,83.9126,127.81,55.5761,54.5338,0.0017,0.677,71.3787,72.2339,1775594389442601188
ecgclass,single_ecgclass,84.2248,54.0025,51.4705,50.4585,0.0019,0.6774,1.6146,2.532,1775594389684995931
ecgclass,single_ecgclass,84.6233,55.0232,52.4417,51.3673,0.0018,0.7497,1.677,2.5815,1775594390083568080
ecgclass,single_ecgclass,85.0659,87.7299,85.049,83.1994,0.0035,1.2554,1.6925,2.6809,1775594390526175364
ecgclass,single_ecgclass,85.5161,55.0222,52.397,51.3283,0.002,0.6991,1.6952,2.6252,1775594390976433594
ecgclass,single_ecgclass,85.8456,88.3954,85.7053,83.8418,0.0035,1.2591,1.7028,2.69,1775594391305901530
ecgclass,single_ecgclass,85.8624,132.9539,60.5594,59.5316,0.0018,0.6798,71.5044,72.3945,1775594391392466064
ecgclass,single_ecgclass,86.0275,50.8811,48.3999,47.4368,0.0019,0.6521,1.6077,2.4813,1775594391487734282
ecgclass,single_ecgclass,86.1156,50.0534,47.6151,46.0901,0.0018,1.2181,1.5392,2.4383,1775594391575744080
ecgclass,single_ecgclass,86.2078,49.1207,46.7413,45.7888,0.0017,0.6383,1.5454,2.3794,1775594391667959942
ecgclass,single_ecgclass,86.6555,61.0664,58.4964,57.2998,0.0024,0.7998,1.6637,2.57,1775594392115759710
ecgclass,single_ecgclass,87.0861,53.9806,51.3575,50.3303,0.002,0.6916,1.7149,2.6231,1775594392546406289
ecgclass,single_ecgclass,87.3194,88.1088,85.4795,83.6045,0.0034,1.2749,1.6465,2.6293,1775594392779661138
ecgclass,single_ecgclass,87.3702,96.1995,58.0251,57.009,0.002,0.6682,37.2591,38.1745,1775594392866008010
ecgclass,single_ecgclass,87.5906,53.7956,51.3398,50.3219,0.0019,0.6804,1.5891,2.4558,1775594393050829953
ecgclass,single_ecgclass,87.6476,48.3038,45.9246,44.9751,0.0018,0.6308,1.5559,2.3792,1775594393107795787
ecgclass,single_ecgclass,87.9454,71.9707,69.3385,67.861,0.0027,0.9986,1.6923,2.6322,1775594393405672667
ecgclass,single_ecgclass,87.9831,85.9003,51.0205,49.965,0.0018,0.6572,33.9885,34.8798,1775594393475700712
ecgclass,single_ecgclass,88.2204,54.1506,51.5599,50.5374,0.0021,0.691,1.6973,2.5907,1775594393680645438
ecgclass,single_ecgclass,88.3157,54.9586,52.3114,51.2649,0.0018,0.6658,1.7242,2.6472,1775594393776028836
ecgclass,single_ecgclass,88.3354,80.5857,44.7652,43.7871,0.0016,0.6189,34.9882,35.8205,1775594393829023476
ecgclass,single_ecgclass,88.6104,54.5082,51.9196,50.915,0.0019,0.6836,1.6587,2.5886,1775594394070659869
ecgclass,single_ecgclass,88.6361,74.7406,45.3729,44.3594,0.0016,0.6242,28.518,29.3678,1775594394123241761
ecgclass,single_ecgclass,89.4908,87.7454,85.0243,83.1829,0.0034,1.2478,1.6747,2.7211,1775594394951086502
ecgclass,single_ecgclass,89.6218,54.0507,51.431,50.362,0.0019,0.6926,1.7099,2.6197,1775594395082092229
ecgclass,single_ecgclass,89.6931,49.9144,47.5027,46.5609,0.0016,0.6403,1.5488,2.4117,1775594395153198105
ecgclass,single_ecgclass,89.7328,53.9906,43.1096,42.1475,0.0016,0.617,9.9988,10.881,1775594395201359798
ecgclass,single_ecgclass,89.879,70.641,68.0116,66.5371,0.0026,1.0029,1.6713,2.6294,1775594395339279559
ecgclass,single_ecgclass,90.158,54.0626,51.5983,50.5593,0.002,0.6827,1.6515,2.4643,1775594395618272608
ecgclass,single_ecgclass,90.5126,54.5356,51.999,50.3909,0.002,0.6871,1.6475,2.5366,1775594395972793002
ecgclass,single_ecgclass,90.6884,54.0309,51.4465,50.4338,0.002,0.6815,1.6561,2.5844,1775594396148643234
ecgclass,single_ecgclass,91.3662,51.9719,49.3446,48.3856,0.0017,0.6093,1.7104,2.6274,1775594396826517336
ecgclass,single_ecgclass,91.6766,51.5077,49.0261,47.9637,0.0017,0.6972,1.5812,2.4816,1775594397136779588
ecgclass,single_ecgclass,91.7113,58.8107,41.3829,40.4805,0.0015,0.5609,16.6061,17.4278,1775594397186536238
ecgclass,single_ecgclass,92.3599,50.3433,47.6872,46.7108,0.0017,0.6248,1.7493,2.6561,1775594397820248032
ecgclass,single_ecgclass,92.4395,46.67,44.1583,43.2663,0.0016,0.5874,1.6615,2.5117,1775594397899712939
ecgclass,single_ecgclass,93.1199,50.1945,47.5955,46.6408,0.0016,0.6233,1.7352,2.599,1775594398580255580
ecgclass,single_ecgclass,93.1813,44.9557,42.397,41.4907,0.0017,0.5781,1.6689,2.5587,1775594398641590376
ecgclass,single_ecgclass,93.2865,87.2328,84.6179,82.7786,0.0033,1.2944,1.6098,2.6149,1775594398746700874
ecgclass,single_ecgclass,93.517,55.4118,52.7777,51.0333,0.0069,1.3474,1.7116,2.6342,1775594398977341115
ecgclass,single_ecgclass,93.5318,86.4015,45.1243,44.1464,0.0017,0.6165,40.4453,41.2771,1775594399030807743
ecgclass,single_ecgclass,94.0578,54.065,51.4217,50.3242,0.0021,0.7007,1.7231,2.6433,1775594399518092817
ecgclass,single_ecgclass,94.1471,52.5572,49.8349,48.8415,0.0019,0.6777,1.6596,2.7223,1775594399607308659
ecgclass,single_ecgclass,94.1988,48.115,45.6499,44.8456,0.0015,0.5425,1.5836,2.4651,1775594399658962590
ecgclass,single_ecgclass,94.2118,100.3001,64.5662,37.5542,0.0015,8.8992,34.8675,35.7338,1775594399705269177
ecgclass,single_ecgclass,94.2165,95.9179,64.5662,37.5542,0.0015,8.8992,30.174,31.3517,1775594399705269177
ecgclass,single_ecgclass,94.2222,90.234,64.5662,37.5542,0.0015,8.8992,24.4708,25.6678,1775594399705269177
ecgclass,single_ecgclass,94.2981,72.5539,57.4618,56.0635,0.0025,0.8707,14.1308,15.0921,1775594399770825806
ecgclass,single_ecgclass,94.3719,65.3074,62.7739,61.3869,0.0026,0.9463,1.5571,2.5335,1775594399832005293
ecgclass,single_ecgclass,94.5755,54.0569,51.409,50.3566,0.002,0.6916,1.6942,2.6479,1775594400035752362
ecgclass,single_ecgclass,95.0341,54.2297,51.499,50.4091,0.002,0.6876,1.7667,2.7307,1775594400494447775
ecgclass,single_ecgclass,95.2687,79.1979,76.4902,73.3573,0.0035,2.5676,1.6711,2.7076,1775594400728922635
ecgclass,single_ecgclass,95.4862,54.173,51.5818,50.5046,0.0019,0.6857,1.6956,2.5912,1775594400946452797
ecgclass,single_ecgclass,95.5976,54.0621,51.4405,50.402,0.0019,0.704,1.6706,2.6217,1775594401057817461
ecgclass,single_ecgclass,95.7909,87.8532,85.0797,83.2071,0.0047,1.2551,1.7185,2.7735,1775594401251231579
ecgclass,single_ecgclass,95.952,54.636,51.9916,50.9188,0.0018,0.6908,1.6546,2.6444,1775594401412260872
ecgclass,single_ecgclass,95.9627,90.1315,45.674,44.6606,0.0017,0.637,43.5784,44.4575,1775594401464917390
ecgclass,single_ecgclass,96.0148,81.4939,42.8951,41.95,0.0016,0.6098,37.6947,38.5988,1775594401511137307
ecgclass,single_ecgclass,96.0671,75.2044,45.1514,42.218,0.0016,1.289,28.9967,30.053,1775594401554669878
ecgclass,single_ecgclass,96.0828,59.5396,45.1514,42.218,0.0016,1.289,13.3088,14.3882,1775594401554669878
ecgclass,single_ecgclass,96.1735,46.0243,43.5763,42.6604,0.0016,0.6186,1.5435,2.4481,1775594401633657367
ecgclass,single_ecgclass,96.1862,75.84,41.9066,40.9582,0.0015,0.6092,33.025,33.9334,1775594401677850090
ecgclass,single_ecgclass,96.4865,54.0926,51.4945,50.4662,0.0019,0.6847,1.6696,2.5981,1775594401946748625
ecgclass,single_ecgclass,96.795,56.5352,53.9158,52.8259,0.0018,0.7008,1.689,2.6194,1775594402255293145
ecgclass,single_ecgclass,96.8158,83.4,47.0229,46.055,0.0016,0.2991,35.5248,36.3771,1775594402309891908
ecgclass,single_ecgclass,96.8335,65.6371,47.0229,46.055,0.0016,0.2991,17.7495,18.6142,1775594402309891908
ecgclass,single_ecgclass,97.4599,53.8616,51.4291,50.3576,0.0025,0.6807,1.7121,2.4326,1775594402920206883
ecgclass,single_ecgclass,97.5219,44.5049,42.3304,41.4911,0.0016,0.5617,1.3726,2.1745,1775594402981880061
ecgclass,single_ecgclass,97.6626,49.8033,47.4708,46.575,0.0024,0.6045,1.5206,2.3325,1775594403122729132
ecgclass,single_ecgclass,97.7856,83.7142,80.7507,78.5335,0.0158,1.4133,1.478,2.9636,1775594403245699052
ecgclass,single_ecgclass,98.0407,51.3728,48.2557,47.3188,0.0017,0.6176,2.3069,3.1171,1775594403501581907
ecgclass,single_ecgclass,98.2484,57.1828,54.7347,53.0215,0.003,1.1739,1.4591,2.4481,1775594403708406449
ecgclass,single_ecgclass,98.7061,50.735,48.1646,47.1766,0.0017,0.6299,1.6654,2.5704,1775594404166349235
ecgclass,single_ecgclass,98.7439,63.3113,49.6386,47.8191,0.0033,1.1796,12.7113,13.6727,1775594404215187739
ecgclass,single_ecgclass,98.9505,89.3645,86.703,83.1484,0.0037,1.8115,1.6499,2.6615,1775594404410754512
ecgclass,single_ecgclass,99.0363,60.0672,55.7381,54.7297,0.002,0.6677,3.386,4.3291,1775594404498284746
ecgclass,single_ecgclass,99.1786,54.0192,51.4302,50.413,0.0019,0.6832,1.6356,2.589,1775594404638856172
ecgclass,single_ecgclass,100.0086,87.7733,85.0554,83.1256,0.0034,1.2829,1.7078,2.7179,1775594405468891308
ecgclass,single_ecgclass,100.1156,54.0278,51.3971,50.3846,0.002,0.6808,1.6739,2.6307,1775594405575846817
ecgclass,single_ecgclass,100.352,54.1539,51.5348,50.5215,0.0019,0.6797,1.6823,2.6192,1775594405812231397
ecgclass,single_ecgclass,100.4794,54.8885,52.2926,51.2778,0.0019,0.6846,1.6332,2.5959,1775594405939582623
ecgclass,single_ecgclass,100.5191,62.6509,46.6347,45.6775,0.0017,0.2964,14.9581,16.0162,1775594405992684692
ecgclass,single_ecgclass,100.5228,58.9674,46.6347,45.6775,0.0017,0.2964,11.2512,12.3327,1775594405992684692
ecgclass,single_ecgclass,100.8352,84.4569,81.661,79.8772,0.003,1.2056,1.7176,2.7959,1775594406295539682
ecgclass,single_ecgclass,100.8549,125.2644,59.9035,58.8341,0.0018,0.3209,64.4517,65.3609,1775594406377986191
ecgclass,single_ecgclass,100.8937,86.5242,59.9035,58.8341,0.0018,0.3209,25.6948,26.6208,1775594406377986191
ecgclass,single_ecgclass,101.0755,54.6417,52.2659,50.6185,0.0018,1.2966,1.5678,2.3758,1775594406535627823
ecgclass,single_ecgclass,101.1503,49.4204,47.1328,46.1395,0.0018,0.6543,1.508,2.2876,1775594406610370070
ecgclass,single_ecgclass,101.2729,63.0863,60.4809,59.1643,0.0023,0.8985,1.714,2.6054,1775594406733227251
ecgclass,single_ecgclass,101.3982,54.8375,52.1333,51.0601,0.0018,0.6836,1.7779,2.7042,1775594406858600186
ecgclass,single_ecgclass,101.4031,95.8092,45.1294,44.144,0.0016,0.6271,49.751,50.6799,1775594406911408235
ecgclass,single_ecgclass,101.8444,87.7945,85.0194,83.1348,0.0034,1.2694,1.7161,2.7752,1775594407304705091
ecgclass,single_ecgclass,102.6561,54.0993,51.5438,50.4968,0.002,0.6796,1.668,2.5555,1775594408116343409
ecgclass,single_ecgclass,102.7925,53.9665,51.3652,50.2973,0.0018,0.6811,1.6532,2.6013,1775594408252709035
ecgclass,single_ecgclass,102.8746,50.9355,48.3323,47.304,0.0018,0.6524,1.6649,2.6032,1775594408334890058
ecgclass,single_ecgclass,103.3291,87.8367,85.0791,83.1566,0.0035,1.2719,1.7505,2.7576,1775594408789471152
ecgclass,single_ecgclass,103.4362,54.384,51.6893,50.6235,0.0017,0.6948,1.7328,2.6947,1775594408896497523
ecgclass,single_ecgclass,103.6308,54.6021,52.0599,51.0412,0.0019,0.6881,1.6646,2.5422,1775594409091069299
ecgclass,single_ecgclass,104.0449,54.2431,51.5964,50.5282,0.0019,0.6881,1.7123,2.6467,1775594409505245806
ecgclass,single_ecgclass,104.1314,53.0126,50.41,49.3559,0.002,0.6704,1.6344,2.6026,1775594409591628396
ecgclass,single_ecgclass,104.5159,51.9888,49.3558,48.3849,0.0016,0.6151,1.6775,2.6331,1775594409976180345
ecgclass,single_ecgclass,104.7452,55.7182,53.0606,51.2422,0.0141,1.2038,1.7188,2.6575,1775594410205553085
ecgclass,single_ecgclass,104.9503,87.7297,84.9433,83.0621,0.0046,1.2652,1.7779,2.7864,1775594410410646174
ecgclass,single_ecgclass,105.3034,54.508,51.8902,50.8079,0.0024,0.681,1.698,2.6178,1775594410763728500
ecgclass,single_ecgclass,105.3062,99.3617,46.7913,45.6931,0.0076,0.6992,51.4977,52.5704,1775594410816290843
ecgclass,single_ecgclass,105.3811,68.0261,42.9796,42.0138,0.0022,0.614,24.1163,25.0464,1775594410863854782
ecgclass,single_ecgclass,105.4258,66.3688,41.9873,41.0244,0.0022,0.628,23.0482,24.3815,1775594410907400312
ecgclass,single_ecgclass,105.4914,45.1918,42.666,41.1397,0.0022,0.6156,1.677,2.5257,1775594410951654177
ecgclass,single_ecgclass,105.5758,46.2787,43.8371,42.9345,0.0018,0.6027,1.5705,2.4416,1775594411035948823
ecgclass,single_ecgclass,105.6273,44.0948,41.7639,40.8475,0.0016,0.6211,1.466,2.3309,1775594411087321808
ecgclass,single_ecgclass,105.7466,50.5199,47.9956,47.0446,0.0018,0.6394,1.5914,2.5243,1775594411206767082
ecgclass,single_ecgclass,105.8173,46.4559,44.0849,43.1481,0.0017,0.6335,1.498,2.3709,1775594411277405368
ecgclass,single_ecgclass,105.93,49.6449,47.0615,46.0999,0.0018,0.6513,1.6537,2.5835,1775594411390246476
ecgclass,single_ecgclass,106.0599,54.2734,51.3325,50.3051,0.0019,0.6832,1.6291,2.9409,1775594411520113569
ecgclass,single_ecgclass,106.1136,48.5971,45.9438,45.0061,0.0018,0.6311,1.7331,2.6533,1775594411573970515
ecgclass,single_ecgclass,106.3086,68.1612,65.4626,64.065,0.0026,0.9386,1.7087,2.6986,1775594411768860629
ecgclass,single_ecgclass,106.5431,54.3332,51.7707,50.7299,0.0019,0.6846,1.6418,2.5625,1775594412003292390
ecgclass,single_ecgclass,106.8548,55.4483,52.8387,51.131,0.002,1.3236,1.6806,2.6096,1775594412315044039
ecgclass,single_ecgclass,106.9005,55.7866,45.4377,44.4642,0.0017,0.6148,9.4388,10.349,1775594412368553897
ecgclass,single_ecgclass,107.1006,54.1518,51.5002,50.4699,0.0019,0.6837,1.6954,2.6516,1775594412560907550
ecgclass,single_ecgclass,107.3732,54.7719,52.1013,51.0265,0.0019,0.6933,1.7502,2.6706,1775594412833495920
ecgclass,single_ecgclass,107.3839,89.9448,45.2633,44.2854,0.0016,0.6165,43.7708,44.6815,1775594412886273668
ecgclass,single_ecgclass,107.4971,45.6004,43.2484,42.3415,0.0017,0.605,1.4756,2.352,1775594412957136395
ecgclass,single_ecgclass,107.688,53.5786,50.9967,50.0955,0.0017,0.6009,1.6565,2.5819,1775594413148231737
ecgclass,single_ecgclass,107.7467,45.0168,42.4826,40.5535,0.0021,0.7713,1.6444,2.5342,1775594413206963601
ecgclass,single_ecgclass,108.1142,59.5737,57.0262,55.8873,0.0021,0.7735,1.662,2.5474,1775594413574485058
ecgclass,single_ecgclass,108.3732,50.8342,48.0732,47.1024,0.0019,0.611,1.8065,2.761,1775594413833565283
ecgclass,single_ecgclass,108.4109,55.5594,41.8703,40.4725,0.0015,1.0345,12.774,13.6891,1775594413882293524
ecgclass,single_ecgclass,108.5307,46.4249,43.9406,43.0919,0.0015,0.5797,1.5767,2.4842,1775594413990859894
ecgclass,single_ecgclass,109.2019,79.7799,77.0274,75.3632,0.0031,1.1225,1.7111,2.7524,1775594414662206154
ecgclass,single_ecgclass,109.3609,54.2753,51.5784,50.5111,0.002,0.6773,1.729,2.6969,1775594414821250308
ecgclass,single_ecgclass,109.6456,53.8993,51.2844,50.2663,0.002,0.6993,1.6565,2.6149,1775594415105850702
ecgclass,single_ecgclass,110.1401,54.1553,51.4958,50.481,0.002,0.68,1.7226,2.6595,1775594415600424207
ecgclass,single_ecgclass,110.2585,72.073,69.4354,67.055,0.0032,1.7855,1.6568,2.6376,1775594415718758615
ecgclass,single_ecgclass,110.2783,108.0406,55.0056,53.9777,0.0017,0.3185,52.1154,53.035,1775594415788999300
ecgclass,single_ecgclass,110.3281,58.2783,55.0056,53.9777,0.0017,0.3185,2.316,3.2727,1775594415788999300
ecgclass,single_ecgclass,110.4606,54.0814,51.5736,50.5057,0.002,0.6767,1.7562,2.5079,1775594415920952012
ecgclass,single_ecgclass,110.5779,53.9205,51.4303,50.3981,0.0019,0.7121,1.6716,2.4902,1775594416038161689
ecgclass,single_ecgclass,110.7401,55.9306,53.3689,52.0666,0.0021,0.8471,1.7023,2.5617,1775594416200380538
ecgclass,single_ecgclass,111.0044,54.5239,52.0394,50.3746,0.0021,0.6862,1.6453,2.4845,1775594416464623416
ecgclass,single_ecgclass,111.3083,53.9124,51.3918,50.3162,0.0019,0.69,1.7183,2.5206,1775594416768627153
ecgclass,single_ecgclass,111.5215,51.4343,48.896,47.9906,0.0017,0.6053,1.7264,2.5383,1775594416981866679
ecgclass,single_ecgclass,112.0936,50.0333,47.5633,46.6571,0.0017,0.6139,1.6847,2.47,1775594417553928365
ecgclass,single_ecgclass,112.8165,49.875,47.4144,46.5255,0.0017,0.6008,1.616,2.4606,1775594418276721370
ecgclass,single_ecgclass,113.0768,53.2362,49.9842,48.8754,0.0016,0.6666,2.4385,3.252,1775594418537783433
ecgclass,single_ecgclass,113.4665,50.1113,47.655,46.6847,0.0018,0.6062,1.6904,2.4563,1775594418926764807
ecgclass,single_ecgclass,113.5698,50.9863,48.2529,47.2856,0.0016,0.6042,1.7369,2.7334,1775594419030133760
ecgclass,single_ecgclass,113.5986,63.5276,40.8389,39.9714,0.0014,0.5533,21.8618,22.6887,1775594419079046889
ecgclass,single_ecgclass,113.7674,62.4411,59.8199,58.4639,0.0025,0.9422,1.6291,2.6212,1775594419227622775
ecgclass,single_ecgclass,114.2855,89.0024,86.2089,83.2724,0.0037,1.2628,1.7104,2.7934,1775594419745767907
ecgclass,single_ecgclass,114.3162,114.8851,55.9778,54.8659,0.002,0.7102,57.9393,58.9073,1775594419832756737
ecgclass,single_ecgclass,114.4047,72.324,45.1923,44.2123,0.0017,0.6163,26.2556,27.1318,1775594419889527187
ecgclass,single_ecgclass,114.6043,53.8883,51.3114,50.3002,0.0018,0.6796,1.6174,2.577,1775594420064530769
ecgclass,single_ecgclass,114.7184,54.5063,51.9711,50.9562,0.0019,0.6829,1.6756,2.5352,1775594420178710086
ecgclass,single_ecgclass,114.7292,90.6136,46.1326,45.1389,0.0016,0.6349,43.5627,44.481,1775594420231358446
ecgclass,single_ecgclass,115.5617,87.8077,85.0866,83.2251,0.0034,1.2489,1.6849,2.7211,1775594421022019907
ecgclass,single_ecgclass,115.7158,54.1885,51.5243,50.4546,0.0019,0.6809,1.724,2.6642,1775594421176097416
ecgclass,single_ecgclass,115.7742,73.2813,70.6753,69.5663,0.0022,0.7847,1.5924,2.606,1775594421234361986
ecgclass,single_ecgclass,115.8747,54.5051,51.8813,50.8679,0.0018,0.6881,1.6732,2.6238,1775594421334943258
ecgclass,single_ecgclass,115.8794,96.1282,45.7514,44.1717,0.0017,1.2146,49.4616,50.3768,1775594421387489176
ecgclass,single_ecgclass,116.0408,49.4177,46.9272,45.9856,0.0019,0.6392,1.5669,2.4906,1775594421500950312
ecgclass,single_ecgclass,116.3706,54.0102,51.4012,50.3741,0.0018,0.6785,1.6565,2.609,1775594421830897779
ecgclass,single_ecgclass,116.5319,54.0102,51.3556,50.3363,0.002,0.6853,1.6823,2.6546,1775594421992206319
ecgclass,single_ecgclass,116.8283,53.8399,51.1916,50.1922,0.0018,0.6157,1.7216,2.6483,1775594422288661061
ecgclass,single_ecgclass,116.9634,50.0836,47.4989,46.5884,0.0016,0.6204,1.6334,2.5847,1775594422423669476
ecgclass,single_ecgclass,117.2549,61.8153,59.1382,57.4431,0.0033,1.1607,1.6596,2.677,1775594422715185021
ecgclass,single_ecgclass,117.396,83.4899,80.7163,78.9325,0.0044,1.2051,1.7409,2.7736,1775594422856324139
ecgclass,single_ecgclass,117.6008,54.1449,51.4483,50.4243,0.0027,0.676,1.7319,2.6965,1775594423061092869
ecgclass,single_ecgclass,117.9854,54.2021,51.5131,50.4868,0.0025,0.7023,1.7283,2.689,1775594423445733892
ecgclass,single_ecgclass,118.8656,54.3909,51.6228,50.5393,0.0025,0.7163,1.7695,2.7681,1775594424325969367
ecgclass,single_ecgclass,118.9712,54.8136,52.1996,51.1791,0.0024,0.6872,1.6623,2.614,1775594424431482442
ecgclass,single_ecgclass,119.6608,88.3913,85.5921,83.7268,0.0035,1.2505,1.76,2.7992,1775594425121192515
ecgclass,single_ecgclass,119.6826,123.9901,56.5767,55.5012,0.0018,0.6857,66.469,67.4133,1775594425207665064
ecgclass,single_ecgclass,119.8648,54.0361,51.3543,50.341,0.0019,0.6791,1.7142,2.6818,1775594425325120064
ecgclass,single_ecgclass,120.0051,53.9351,51.2688,50.2546,0.002,0.6797,1.6615,2.6662,1775594425465359898
ecgclass,single_ecgclass,120.1783,54.0648,51.4124,50.395,0.002,0.6827,1.6985,2.6524,1775594425638617542
ecgclass,single_ecgclass,120.5469,54.1179,51.5341,50.4848,0.0019,0.6813,1.6599,2.5839,1775594426007125950
ecgclass,single_ecgclass,120.6452,54.1892,51.5767,50.541,0.0018,0.6905,1.7257,2.6125,1775594426105531198
ecgclass,single_ecgclass,121.4864,91.0888,88.2922,86.1444,0.0034,1.4283,1.7159,2.7965,1775594426946683569
ecgclass,single_ecgclass,121.6457,54.6179,51.8361,50.7498,0.002,0.6937,1.8384,2.7817,1775594427106132292
ecgclass,single_ecgclass,121.9387,89.3357,86.5521,83.2271,0.0034,1.2807,1.7345,2.7836,1775594427399050137
ecgclass,single_ecgclass,122.1163,55.1579,52.4812,51.352,0.0019,0.7182,1.72,2.6767,1775594427576627079
ecgclass,single_ecgclass,122.2627,74.6074,71.7913,69.9212,0.0032,1.2525,1.7757,2.816,1775594427723101240
ecgclass,single_ecgclass,122.3776,88.4378,85.6719,83.7946,0.0034,1.262,1.7185,2.7659,1775594427837870768
ecgclass,single_ecgclass,122.3823,138.314,53.8713,52.8717,0.0019,0.6639,83.5004,84.4427,1775594427924406690
ecgclass,single_ecgclass,123.1684,87.7271,84.9981,83.1125,0.0031,1.2708,1.6925,2.729,1775594428628735135
ecgclass,single_ecgclass,123.3765,54.147,51.4834,50.4466,0.0021,0.6823,1.7152,2.6637,1775594428836779385
ecgclass,single_ecgclass,123.9293,55.6495,52.9226,51.8536,0.0018,0.6825,1.7722,2.7269,1775594429389646167
ecgclass,single_ecgclass,124.7379,56.5648,53.7532,51.9924,0.0032,1.193,1.8022,2.8116,1775594430198258631
ecgclass,single_ecgclass,125.0478,87.7378,85.0095,83.1151,0.0035,1.277,1.6897,2.7283,1775594430508133118
ecgclass,single_ecgclass,125.1428,55.8038,53.1071,51.4432,0.0018,1.2703,1.709,2.6966,1775594430603109998
ecgclass,single_ecgclass,125.2709,79.5681,76.82,75.0157,0.0032,1.2483,1.6749,2.7481,1775594430731121448
ecgclass,single_ecgclass,125.2906,112.699,52.2012,51.1539,0.0019,0.6795,59.5818,60.4978,1775594430808757964
ecgclass,single_ecgclass,125.7638,74.2626,71.6264,69.8466,0.0036,1.2416,1.6289,2.6362,1775594431224038829
ecgclass,single_ecgclass,125.9994,54.1947,51.5041,50.4192,0.0019,0.6825,1.7328,2.6906,1775594431459756484
ecgclass,single_ecgclass,126.5493,87.7542,84.9611,83.068,0.0037,1.2585,1.7536,2.7931,1775594432009633657
ecgclass,single_ecgclass,127.0336,54.5568,51.901,50.8872,0.002,0.6778,1.6956,2.6559,1775594432493889571
ecgclass,single_ecgclass,127.0414,92.6743,45.2973,44.3171,0.0018,0.6169,46.5162,47.377,1775594432546471397
ecgclass,single_ecgclass,127.3945,89.092,86.3768,84.4842,0.0032,1.2778,1.6756,2.7152,1775594432854737084
ecgclass,single_ecgclass,127.4232,149.8158,88.5274,86.5766,0.0037,0.6366,60.1082,61.2884,1775594432941918391
ecgclass,single_ecgclass,127.439,134.0818,88.5274,86.5766,0.0037,0.6366,44.3499,45.5545,1775594432941918391
ecgclass,single_ecgclass,127.6663,54.7276,52.1691,50.5277,0.002,1.2575,1.7526,2.5585,1775594433126663813
ecgclass,single_ecgclass,127.7892,55.0399,51.5519,50.4815,0.0019,0.6812,2.6867,3.488,1775594433250513496
ecgclass,single_ecgclass,128.1027,54.1136,51.4882,50.4156,0.0019,0.6821,1.6704,2.6254,1775594433562944631
ecgclass,single_ecgclass,128.7576,70.3704,67.6304,65.7533,0.0036,1.2636,1.7004,2.74,1775594434217851519
ecgclass,single_ecgclass,128.8672,53.8197,51.3444,50.3052,0.002,0.6944,1.7107,2.4753,1775594434327460968
ecgclass,single_ecgclass,129.0523,54.8921,51.6855,50.6184,0.0018,0.6872,2.2111,3.2065,1775594434513078821
ecgclass,single_ecgclass,129.0523,102.6134,46.9449,45.9125,0.0016,0.3306,54.6031,55.6686,1775594434565506214
ecgclass,single_ecgclass,129.0984,56.5038,46.9449,45.9125,0.0016,0.3306,8.4717,9.5589,1775594434565506214
ecgclass,single_ecgclass,129.3233,75.9037,73.1612,71.5788,0.0031,1.0683,1.6944,2.7424,1775594434783568157
ecgclass,single_ecgclass,129.325,130.1587,54.8659,53.5478,0.0088,0.8181,73.9808,75.2927,1775594434857600196
ecgclass,single_ecgclass,129.5354,55.2323,52.0803,51.0001,0.0019,0.719,2.2113,3.152,1775594434996247016
ecgclass,single_ecgclass,129.735,55.4161,51.9404,50.9223,0.0017,0.6818,1.58,3.4757,1775594435195151118
ecgclass,single_ecgclass,129.7527,91.5973,54.2538,52.5934,0.0019,0.67,36.4559,37.3435,1775594435247784723
ecgclass,single_ecgclass,130.2729,80.3535,77.5786,75.7793,0.0035,1.2457,1.7166,2.7749,1775594435733242615
ecgclass,single_ecgclass,130.5637,54.1735,51.513,50.4408,0.0019,0.6817,1.7054,2.6605,1775594436023964429
ecgclass,single_ecgclass,131.0434,54.6033,52.008,50.9313,0.0018,0.69,1.6441,2.5954,1775594436503670931
ecgclass,single_ecgclass,131.0762,68.1639,45.6821,44.6952,0.0016,0.616,21.5707,22.4817,1775594436556354853
ecgclass,single_ecgclass,131.3567,88.3834,85.6129,83.7235,0.0036,1.2563,1.72,2.7705,1775594436817047797
ecgclass,single_ecgclass,131.4405,61.1427,55.9708,54.884,0.002,0.666,4.2653,5.1719,1775594436903379365
ecgclass,single_ecgclass,132.0504,87.6558,84.9899,83.1372,0.0035,1.2392,1.6267,2.6658,1775594437510621469
ecgclass,single_ecgclass,132.1823,54.2419,51.5171,50.4957,0.002,0.6896,1.77,2.7248,1775594437642635120
ecgclass,single_ecgclass,132.3758,88.3133,85.5939,83.6818,0.0034,1.2945,1.7025,2.7195,1775594437836114984
ecgclass,single_ecgclass,132.4406,84.3501,59.9999,58.3685,0.0019,1.2705,23.402,24.3502,1775594437922587576
ecgclass,single_ecgclass,132.5692,52.161,49.6814,48.6835,0.0018,0.6714,1.5311,2.4796,1775594438029305752
ecgclass,single_ecgclass,132.8487,87.8994,85.1416,83.2472,0.0036,1.2789,1.7202,2.7579,1775594438309051011
ecgclass,single_ecgclass,133.0609,55.0566,52.4197,51.3377,0.0019,0.6816,1.7028,2.6369,1775594438521225821
ecgclass,single_ecgclass,133.0637,99.7832,46.7866,45.8121,0.0017,0.305,52.063,52.9966,1775594438574343818
ecgclass,single_ecgclass,133.0704,93.1756,46.7866,45.8121,0.0017,0.305,45.305,46.3891,1775594438574343818
ecgclass,single_ecgclass,133.1928,45.6171,43.2362,42.3172,0.0016,0.6113,1.457,2.3809,1775594438652876481
ecgclass,single_ecgclass,133.4949,54.4116,51.8452,50.8007,0.0019,0.6811,1.6103,2.5664,1775594438955068282
ecgclass,single_ecgclass,133.6816,54.5058,51.8937,50.8668,0.0019,0.6821,1.663,2.6121,1775594439141832402
ecgclass,single_ecgclass,133.7213,60.6408,45.2221,44.2108,0.0018,0.6233,14.4982,15.4187,1775594439194420098
ecgclass,single_ecgclass,134.0464,83.5891,80.8901,79.1215,0.0033,1.188,1.6987,2.699,1775594439506712340
ecgclass,single_ecgclass,134.7208,54.7836,52.1982,50.5221,0.0018,1.2824,1.6878,2.5854,1775594440181043345
ecgclass,single_ecgclass,134.8028,50.8158,48.3198,47.3509,0.0019,0.6506,1.5962,2.496,1775594440262941868
ecgclass,single_ecgclass,134.9328,54.0841,51.5015,50.4923,0.002,0.6793,1.6663,2.5825,1775594440393075726
ecgclass,single_ecgclass,135.0501,52.0833,49.4692,48.5627,0.0017,0.608,1.6582,2.614,1775594440510382248
ecgclass,single_ecgclass,135.1214,45.2504,42.753,41.8939,0.0016,0.5736,1.5385,2.4974,1775594440581554331
ecgclass,single_ecgclass,135.2049,43.8504,41.3781,40.5521,0.0016,0.5573,1.5531,2.4723,1775594440665029198
ecgclass,single_ecgclass,135.2769,49.0744,46.6149,45.6278,0.0019,0.6751,1.5261,2.4595,1775594440737057895
ecgclass,single_ecgclass,135.3166,48.1653,38.1887,37.3143,0.0015,0.5519,9.069,9.9766,1775594440784311453
ecgclass,single_ecgclass,135.3292,71.8801,35.7308,34.941,0.0014,0.5028,35.2757,36.1493,1775594440823075450
ecgclass,single_ecgclass,135.397,38.3372,33.6498,32.8677,0.0014,0.4963,3.8025,4.6874,1775594440859402112
ecgclass,single_ecgclass,135.8309,50.2973,47.6861,46.7417,0.0018,0.612,1.668,2.6112,1775594441291169427
ecgclass,single_ecgclass,135.9084,47.338,44.8698,43.4988,0.0016,0.5878,1.5702,2.4683,1775594441368581645
ecgclass,single_ecgclass,135.9619,42.5894,39.5396,38.7424,0.0015,0.538,2.1675,3.0499,1775594441422711332
ecgclass,single_ecgclass,136.274,67.2987,64.5941,63.0953,0.0028,1.0043,1.7302,2.7046,1775594441734297680
ecgclass,single_ecgclass,136.3765,50.2315,47.6942,46.7944,0.0081,0.6057,1.6196,2.5373,1775594441836705096
ecgclass,single_ecgclass,136.6641,50.142,47.5141,46.5586,0.0017,0.6011,1.6963,2.6279,1775594442124411391
ecgclass,single_ecgclass,136.8956,51.2171,48.3265,47.2779,0.0041,0.6702,1.6882,2.8906,1775594442355893056
ecgclass,single_ecgclass,137.1282,50.6215,47.8264,46.8889,0.0017,0.6218,1.8601,2.7951,1775594442588629645
ecgclass,single_ecgclass,137.201,46.3498,43.7455,42.8847,0.0016,0.5873,1.6711,2.6043,1775594442661272793
ecgclass,single_ecgclass,137.3717,75.7313,72.8979,71.2928,0.0028,1.0726,1.7917,2.8333,1775594442832049544
ecgclass,single_ecgclass,137.9531,50.3962,47.7544,46.7754,0.0023,0.6226,1.6897,2.6418,1775594443413350591
ecgclass,single_ecgclass,138.2238,51.2464,48.7938,47.2734,0.0017,1.1733,1.6439,2.4526,1775594443684059934
ecgclass,single_ecgclass,138.4684,50.04,47.511,46.5756,0.0018,0.6075,1.6522,2.529,1775594443928659463
ecgclass,single_ecgclass,138.5907,49.9413,47.6115,46.6691,0.0018,0.6152,1.4997,2.3298,1775594444050764967
ecgclass,single_ecgclass,138.8229,50.2694,47.8345,46.8743,0.0019,0.6058,1.606,2.4348,1775594444283148594
ecgclass,single_ecgclass,138.9695,54.24,51.5832,50.5005,0.0018,0.6948,1.6603,2.6568,1775594444429722402
ecgclass,single_ecgclass,139.0052,59.9368,40.8351,39.9572,0.0015,0.5512,18.1887,19.1017,1775594444482021122
ecgclass,single_ecgclass,139.0764,40.5047,38.2024,37.417,0.0018,0.5233,1.4405,2.3023,1775594444536418353
ecgclass,single_ecgclass,139.1101,42.9068,35.4992,34.7219,0.0014,0.4923,6.5107,7.4076,1775594444575179130
ecgclass,single_ecgclass,139.3293,59.5081,56.8755,55.7358,0.002,0.7664,1.6611,2.6325,1775594444789575233
ecgclass,single_ecgclass,139.3491,88.2995,47.7336,44.3528,0.0015,1.5193,39.5024,40.5659,1775594444847160342
ecgclass,single_ecgclass,139.3688,68.5871,47.7336,44.3528,0.0015,1.5193,19.767,20.8534,1775594444847160342
ecgclass,single_ecgclass,139.411,63.9985,37.096,35.8416,0.0014,0.9397,25.9902,26.9025,1775594444895612306
ecgclass,single_ecgclass,139.5062,38.6496,36.324,35.5488,0.0014,0.5209,1.4396,2.3256,1775594444966267086
ecgclass,single_ecgclass,139.5409,38.6183,34.1068,33.3336,0.0014,0.4928,3.67,4.5115,1775594445003196765
ecgclass,single_ecgclass,139.8039,61.0559,58.4379,57.2594,0.0021,0.7851,1.6661,2.618,1775594445264201646
ecgclass,single_ecgclass,139.9583,54.0609,51.4008,50.3669,0.0019,0.6808,1.6799,2.6601,1775594445418533348
ecgclass,single_ecgclass,140.9825,54.1766,51.5555,50.4908,0.002,0.6792,1.6658,2.621,1775594446442717674
ecgclass,single_ecgclass,141.6644,50.7674,48.1295,47.2248,0.0017,0.6066,1.667,2.638,1775594447124689132
ecgclass,single_ecgclass,141.8075,50.3271,47.6798,46.7124,0.0017,0.6075,1.6897,2.6472,1775594447267747374
ecgclass,single_ecgclass,141.935,50.7476,48.1415,47.2467,0.0018,0.6039,1.6468,2.6061,1775594447395283119
ecgclass,single_ecgclass,141.9588,68.3897,40.7262,39.8485,0.0015,0.5507,26.7076,27.6635,1775594447444106064
ecgclass,single_ecgclass,142.2886,80.868,77.2619,75.5208,0.0034,1.1642,2.5904,3.6061,1775594447749809890
ecgclass,single_ecgclass,142.9943,55.0945,52.4305,51.3641,0.0021,0.6834,1.7433,2.6639,1775594448454628488
ecgclass,single_ecgclass,143.1256,54.2617,51.6092,50.579,0.002,0.6952,1.6932,2.6525,1775594448585925259
ecgclass,single_ecgclass,143.4413,52.3081,49.6308,48.6635,0.0018,0.6071,1.7161,2.6773,1775594448901650211
ecgclass,single_ecgclass,143.4461,89.7968,41.6827,40.78,0.0016,0.5665,47.1828,48.1141,1775594448951887357
ecgclass,single_ecgclass,144.9245,50.9241,48.2791,47.2727,0.0019,0.6353,1.6832,2.6449,1775594450384738087
ecgclass,single_ecgclass,144.9442,72.8638,41.0961,40.2107,0.0016,0.5515,30.8948,31.7678,1775594450433699160
ecgclass,single_ecgclass,145.2475,57.3883,54.7615,53.089,0.0032,1.1426,1.6134,2.6268,1775594450707679712
ecgclass,single_ecgclass,145.2582,93.7481,46.3415,45.4021,0.0017,0.5762,46.463,47.4066,1775594450763276143
ecgclass,single_ecgclass,145.3261,65.4957,38.9868,38.1287,0.0014,0.5484,25.6047,26.5089,1775594450810262219
ecgclass,single_ecgclass,145.4068,39.3925,37.097,36.3243,0.0014,0.5201,1.4148,2.2955,1775594450866769000
ecgclass,single_ecgclass,145.6185,51.3446,48.71,47.1939,0.0018,0.632,1.6897,2.6347,1775594451078775178
ecgclass,single_ecgclass,145.6313,80.2307,40.9667,40.0774,0.0017,0.5642,38.4066,39.264,1775594451128253911
ecgclass,single_ecgclass,145.7217,39.885,37.567,36.7942,0.0014,0.5221,1.4708,2.3181,1775594451181746082
ecgclass,single_ecgclass,145.7698,41.6262,39.3131,38.4421,0.0017,0.5932,1.4253,2.3131,1775594451229779694
ecgclass,single_ecgclass,145.7944,56.3452,38.8944,38.013,0.0015,0.56,16.5975,17.4508,1775594451269634974
ecgclass,single_ecgclass,146.1312,50.3216,47.6932,46.7816,0.0019,0.6209,1.6727,2.6283,1775594451591495230
ecgclass,single_ecgclass,146.2278,50.703,48.108,47.2168,0.0017,0.602,1.6515,2.5951,1775594451688015229
ecgclass,single_ecgclass,146.2475,73.226,41.6542,40.7559,0.0016,0.5531,30.6909,31.5718,1775594451736814892
ecgclass,single_ecgclass,146.362,43.6151,41.1984,40.388,0.0015,0.5488,1.4787,2.4167,1775594451822036876
ecgclass,single_ecgclass,146.4007,50.6859,44.9989,38.447,0.0014,3.111,4.6246,5.687,1775594451863910878
ecgclass,single_ecgclass,146.4007,50.6749,44.9989,38.447,0.0014,3.111,4.5917,5.676,1775594451863910878
ecgclass,single_ecgclass,146.4228,64.2729,35.0291,33.716,0.0013,0.9847,28.3368,29.2438,1775594451909707082
ecgclass,single_ecgclass,146.6634,50.4012,47.3029,46.3991,0.0017,0.6086,2.228,3.0983,1775594452124215695
ecgclass,single_ecgclass,146.6634,91.7611,40.7124,39.8401,0.0015,0.556,50.1056,51.0487,1775594452172128578
ecgclass,single_ecgclass,146.7584,42.3062,39.8206,38.8916,0.0016,0.6038,1.5836,2.4856,1775594452218590015
ecgclass,single_ecgclass,146.898,50.8971,48.4019,47.432,0.0018,0.6492,1.58,2.4953,1775594452358149401
ecgclass,single_ecgclass,146.9591,46.3033,43.9342,43.0204,0.0018,0.6137,1.4682,2.3691,1775594452419142891
ecgclass,single_ecgclass,147.1187,53.9958,51.3635,50.3414,0.002,0.6887,1.6747,2.6323,1775594452578935004
ecgclass,single_ecgclass,147.4841,54.1885,51.538,50.4818,0.0021,0.6805,1.6861,2.6505,1775594452944410904
ecgclass,single_ecgclass,147.6106,54.0438,51.4918,50.4689,0.0019,0.6895,1.6546,2.552,1775594453070828491
ecgclass,single_ecgclass,147.7269,54.5387,51.9901,50.9742,0.002,0.6822,1.6508,2.5486,1775594453187097721
ecgclass,single_ecgclass,147.7576,73.339,48.8307,47.1685,0.0017,1.2961,23.5636,24.5083,1775594453239766652
ecgclass,single_ecgclass,147.8842,49.6471,47.1996,46.2481,0.0017,0.6392,1.5144,2.4475,1775594453344276542
ecgclass,single_ecgclass,148.3484,52.8734,50.261,49.3062,0.0017,0.6041,1.6522,2.6123,1775594453808640857
ecgclass,single_ecgclass,148.4635,50.0808,47.4635,46.5655,0.0017,0.6082,1.6813,2.6173,1775594453923795544
ecgclass,single_ecgclass,148.6099,50.0779,47.4491,46.5416,0.0018,0.6071,1.6682,2.6288,1775594454070124139
ecgclass,single_ecgclass,149.1856,75.6624,72.8839,71.3057,0.0027,1.0693,1.7416,2.7784,1775594454645974929
ecgclass,single_ecgclass,149.2645,62.0003,59.3268,58.2873,0.0018,0.689,1.6866,2.6735,1775594454724796940
ecgclass,single_ecgclass,149.2753,97.5056,45.6696,44.6704,0.0018,0.6379,50.9212,51.836,1775594454784788142
ecgclass,single_ecgclass,149.6943,54.0898,51.4807,50.466,0.0019,0.6813,1.6425,2.6091,1775594455154521199
ecgclass,single_ecgclass,149.8326,54.9202,52.2288,51.2045,0.0019,0.6932,1.7338,2.6914,1775594455292955406
ecgclass,single_ecgclass,149.8614,73.7002,46.7465,45.7902,0.0016,0.2968,25.8713,26.9537,1775594455345869502
ecgclass,single_ecgclass,149.8781,56.982,46.7465,45.7902,0.0016,0.2968,9.1307,10.2355,1775594455345869502
ecgclass,single_ecgclass,150.0124,51.5075,48.9976,47.4207,0.0018,0.6714,1.6019,2.5098,1775594455472559184
ecgclass,single_ecgclass,150.3263,55.6378,52.9325,51.8956,0.002,0.6797,1.7409,2.7054,1775594455786636862
ecgclass,single_ecgclass,150.3321,115.7417,65.0083,46.6052,0.0016,6.0116,49.5272,50.7334,1775594455840209697
ecgclass,single_ecgclass,150.3468,101.0506,65.0083,46.6052,0.0016,6.0116,34.8132,36.0423,1775594455840209697
ecgclass,single_ecgclass,150.3696,78.3339,65.0083,46.6052,0.0016,6.0116,12.0642,13.3255,1775594455840209697
ecgclass,single_ecgclass,150.4031,87.1348,41.9069,40.9437,0.0016,0.6103,44.3242,45.2279,1775594455906061996
ecgclass,single_ecgclass,150.6026,53.1034,50.473,49.5542,0.0018,0.6193,1.6878,2.6304,1775594456062868223
ecgclass,single_ecgclass,150.6144,82.7098,40.6786,39.7975,0.0015,0.5606,41.0771,42.0312,1775594456114026035
ecgclass,single_ecgclass,150.9955,57.0054,54.4347,53.331,0.002,0.7436,1.6241,2.5707,1775594456455750744
ecgclass,single_ecgclass,151.4992,50.1697,47.6063,46.6967,0.0017,0.62,1.6603,2.5634,1775594456959406965
ecgclass,single_ecgclass,152.5004,51.4286,48.2585,47.285,0.0017,0.6164,2.1913,3.1701,1775594457961225531
ecgclass,single_ecgclass,152.5005,97.9247,45.5173,41.6191,0.0014,1.7755,51.2819,52.4074,1775594458010352381
ecgclass,single_ecgclass,152.5436,54.8584,45.5173,41.6191,0.0014,1.7755,8.1916,9.3411,1775594458010352381
ecgclass,single_ecgclass,152.6907,50.7619,48.1658,46.6836,0.0018,0.6309,1.6434,2.5961,1775594458150922157
ecgclass,single_ecgclass,152.7054,77.1818,40.4813,39.5839,0.0016,0.549,35.7857,36.7005,1775594458199828434
ecgclass,single_ecgclass,153.5285,87.7702,85.0588,83.1545,0.0035,1.2665,1.7004,2.7115,1775594458988841118
ecgclass,single_ecgclass,154.1991,53.9525,51.3284,50.2533,0.0018,0.6786,1.7276,2.624,1775594459659391305
ecgclass,single_ecgclass,154.3353,54.028,51.3938,50.3821,0.002,0.6792,1.6637,2.6342,1775594459795531940
ecgclass,single_ecgclass,154.7358,51.9111,49.3586,48.444,0.0017,0.6159,1.6539,2.5525,1775594460196059611
ecgclass,single_ecgclass,155.1502,50.4558,47.8056,46.8377,0.0017,0.6143,1.718,2.6502,1775594460610562989
ecgclass,single_ecgclass,155.301,50.2498,47.5938,46.6748,0.0018,0.599,1.6828,2.656,1775594460761244800
ecgclass,single_ecgclass,155.3984,50.2446,47.6946,46.7719,0.0018,0.6163,1.627,2.55,1775594460858655756
ecgclass,single_ecgclass,155.8012,89.9532,87.1115,84.993,0.0035,1.4165,1.725,2.8417,1775594461261516734
ecgclass,single_ecgclass,155.9194,55.9497,53.1933,51.421,0.002,1.3654,1.7638,2.7564,1775594461379728803
ecgclass,single_ecgclass,156.4159,87.8575,85.0965,83.1933,0.0035,1.2923,1.7204,2.7609,1775594461876240358
ecgclass,single_ecgclass,156.6181,54.0993,51.3974,50.3203,0.0019,0.6792,1.7364,2.702,1775594462078396167
ecgclass,single_ecgclass,156.7554,67.8372,65.1674,63.3689,0.0035,1.2472,1.5953,2.6698,1775594462215606670
ecgclass,single_ecgclass,156.8545,88.3133,85.6149,83.7521,0.0035,1.2491,1.6623,2.6985,1775594462314734389
ecgclass,single_ecgclass,156.9233,78.3296,58.0067,56.9386,0.0019,0.6851,19.3822,20.3229,1775594462401229555
ecgclass,single_ecgclass,156.968,81.8527,47.6821,46.7199,0.0016,0.2999,33.3161,34.1706,1775594462459906955
ecgclass,single_ecgclass,156.9697,80.1237,47.6821,46.7199,0.0016,0.2999,31.5747,32.4416,1775594462459906955
ecgclass,single_ecgclass,157.0318,64.8599,45.8751,43.5054,0.0016,0.9982,17.9849,18.9848,1775594462508362773
ecgclass,single_ecgclass,157.0355,61.1703,45.8751,43.5054,0.0016,0.9982,14.2722,15.2952,1775594462508362773
ecgclass,single_ecgclass,157.085,51.8689,39.6542,38.8178,0.0014,0.519,11.3485,12.2148,1775594462554940114
ecgclass,single_ecgclass,157.7477,59.3011,56.6829,54.8496,0.0032,1.2233,1.653,2.6183,1775594463207899930
ecgclass,single_ecgclass,158.2416,54.0767,51.3674,49.5391,0.0035,1.2159,1.7216,2.7093,1775594463701869468
ecgclass,single_ecgclass,158.7222,52.6834,48.8721,47.8645,0.0018,0.632,2.8975,3.8112,1775594464183715607
ecgclass,single_ecgclass,158.8021,47.5202,44.9453,44.0679,0.0016,0.5801,1.6687,2.5748,1775594464262386940
ecgclass,single_ecgclass,159.3994,51.3058,48.6083,47.5905,0.0018,0.6231,1.7538,2.6975,1775594464859715909
ecgclass,single_ecgclass,159.629,51.4097,48.7786,47.8464,0.0017,0.6384,1.672,2.6312,1775594465089283822
ecgclass,single_ecgclass,159.6378,84.9302,41.6828,40.7864,0.0016,0.5585,42.3694,43.2474,1775594465138732902
ecgclass,single_ecgclass,159.6906,70.1511,37.5212,36.704,0.0014,0.5217,31.7714,32.6299,1775594465180997430
ecgclass,single_ecgclass,159.9071,64.4588,61.941,60.6553,0.0024,0.8684,1.6284,2.5178,1775594465367318152
ecgclass,single_ecgclass,159.9418,81.3267,50.7546,49.7618,0.0018,0.3049,29.5353,30.5721,1775594465429970015
ecgclass,single_ecgclass,159.9656,57.5914,50.7546,49.7618,0.0018,0.3049,5.7766,6.8368,1775594465429970015
ecgclass,single_ecgclass,160.2526,71.2645,67.9409,66.0929,0.0034,1.2664,2.2621,3.3236,1775594465713439961
ecgclass,single_ecgclass,160.2526,125.0565,52.9526,51.9601,0.0018,0.3202,71.0287,72.1039,1775594465782242295
ecgclass,single_ecgclass,160.2597,118.0098,52.9526,51.9601,0.0018,0.3202,63.9582,65.0572,1775594465782242295
ecgclass,single_ecgclass,160.6501,54.9858,52.353,50.6806,0.0021,0.6797,1.6913,2.6327,1775594466110423788
ecgclass,single_ecgclass,160.7203,45.4757,42.9673,42.0989,0.0017,0.5844,1.5829,2.5084,1775594466180520794
ecgclass,single_ecgclass,161.2585,85.7644,82.9861,81.1101,0.0032,1.2713,1.7076,2.7783,1775594466718801310
ecgclass,single_ecgclass,161.5657,54.2824,51.5612,50.4803,0.0021,0.694,1.7803,2.7212,1775594467026030779
ecgclass,single_ecgclass,161.7963,54.0214,51.4257,50.3635,0.0018,0.6751,1.6544,2.5956,1775594467256529824
ecgclass,single_ecgclass,161.8805,51.517,48.7874,47.8101,0.0018,0.6601,1.6661,2.7296,1775594467340777663
ecgclass,single_ecgclass,161.9153,61.4486,44.181,43.1329,0.0017,0.6192,16.3748,17.2676,1775594467390240913
ecgclass,single_ecgclass,161.931,88.232,41.9651,41.0259,0.0017,0.6043,45.3391,46.2669,1775594467434964069
ecgclass,single_ecgclass,162.2176,50.9515,48.2854,47.3662,0.0017,0.6105,1.6539,2.6661,1775594467677886620
ecgclass,single_ecgclass,162.2384,73.0898,42.3424,41.4551,0.0016,0.571,29.7878,30.7475,1775594467726814634
ecgclass,single_ecgclass,162.2798,69.9146,37.5709,36.301,0.0014,0.9676,31.4221,32.3437,1775594467769810981
ecgclass,single_ecgclass,162.433,39.15,36.7179,35.9503,0.0015,0.509,1.5287,2.4321,1775594467893074290
ecgclass,single_ecgclass,162.4407,67.0426,35.0528,34.2634,0.0013,0.495,31.1399,31.9898,1775594467930399995
ecgclass,single_ecgclass,162.657,46.8972,44.344,43.4769,0.0018,0.5795,1.6294,2.5532,1775594468117247304
ecgclass,single_ecgclass,162.6718,73.0143,40.274,39.424,0.0015,0.532,31.8708,32.7403,1775594468162231835
ecgclass,single_ecgclass,162.7111,79.9556,44.814,36.3326,0.0013,4.0919,33.4058,35.1416,1775594468203122747
ecgclass,single_ecgclass,162.7278,63.3936,44.814,36.3326,0.0013,4.0919,16.6893,18.5796,1775594468203122747
ecgclass,single_ecgclass,163.1958,54.028,51.3928,50.3783,0.002,0.6814,1.6887,2.6352,1775594468656092525
ecgclass,single_ecgclass,163.9127,50.4053,47.7315,46.7626,0.0018,0.6111,1.7123,2.6737,1775594469372973612
ecgclass,single_ecgclass,164.1755,50.1435,47.4828,46.5891,0.0017,0.6053,1.6856,2.6607,1775594469635734037
ecgclass,single_ecgclass,164.41,52.1531,49.0462,46.4722,0.0092,1.0942,1.7529,3.1069,1775594469870312295
ecgclass,single_ecgclass,164.4683,46.1683,43.1248,41.7209,0.0017,1.1057,2.1114,3.0435,1775594469929036052
ecgclass,single_ecgclass,164.6949,50.5261,47.8225,46.8577,0.0018,0.607,1.7278,2.7037,1775594470155174580
ecgclass,single_ecgclass,164.9307,50.2925,47.6276,46.6773,0.0018,0.606,1.6913,2.6649,1775594470391019902
ecgclass,single_ecgclass,165.2184,50.3669,47.7591,46.8669,0.002,0.6026,1.6356,2.6078,1775594470678669952
ecgclass,single_ecgclass,165.5382,50.3764,47.7287,46.8096,0.0017,0.6161,1.6968,2.6477,1775594470998533427
ecgclass,single_ecgclass,165.8701,50.7271,48.0312,47.0836,0.0018,0.6094,1.7188,2.6959,1775594471330382035
ecgclass,single_ecgclass,165.8739,88.3348,40.859,39.9941,0.0016,0.5474,46.5453,47.4758,1775594471379016760
ecgclass,single_ecgclass,166.1085,50.174,47.6466,46.7533,0.0016,0.6036,1.585,2.5274,1775594471568709150
ecgclass,single_ecgclass,166.304,79.8891,77.0639,75.3613,0.0032,1.1503,1.7715,2.8252,1775594471764385737
ecgclass,single_ecgclass,166.7164,54.8263,52.0915,51.0202,0.002,0.6971,1.7331,2.7347,1775594472176745311
ecgclass,single_ecgclass,166.7422,76.546,46.8471,45.8575,0.0017,0.634,28.7411,29.6989,1775594472229534199
ecgclass,single_ecgclass,166.9671,54.6885,52.0316,50.3854,0.002,0.6876,1.6942,2.6569,1775594472427355497
ecgclass,single_ecgclass,167.095,54.0123,51.3959,50.3857,0.0019,0.6791,1.687,2.6164,1775594472555279968
ecgclass,single_ecgclass,167.2253,56.2553,53.5748,52.4972,0.002,0.69,1.7095,2.6805,1775594472685561978
ecgclass,single_ecgclass,167.258,70.5268,46.3759,45.3756,0.0017,0.6179,23.283,24.1509,1775594472739912106
ecgclass,single_ecgclass,167.547,54.0543,51.4816,50.48,0.0019,0.6714,1.6294,2.5727,1775594473007178090
ecgclass,single_ecgclass,167.6893,51.5623,48.9958,48.0936,0.0016,0.6047,1.5659,2.5665,1775594473149421172
ecgclass,single_ecgclass,167.7109,71.1486,40.6175,39.715,0.0016,0.5526,29.6531,30.5311,1775594473199167938
ecgclass,single_ecgclass,169.2057,88.9597,86.171,84.3082,0.0034,1.2465,1.7462,2.7887,1775594474666010596
ecgclass,single_ecgclass,169.3919,54.1892,51.4488,50.3776,0.002,0.6818,1.7731,2.7404,1775594474852265183
ecgclass,single_ecgclass,169.4943,54.3714,51.6424,50.5373,0.002,0.7003,1.78,2.729,1775594474954678114
ecgclass,single_ecgclass,170.1464,88.9633,86.1508,83.1507,0.0037,2.3803,1.7331,2.8124,1775594475606772107
ecgclass,single_ecgclass,170.5209,54.3721,51.6209,50.6069,0.0019,0.6808,1.7512,2.7512,1775594475981209448
ecgclass,single_ecgclass,170.8287,54.714,51.9777,50.8868,0.0019,0.6928,1.766,2.7362,1775594476289021802
ecgclass,single_ecgclass,170.8434,85.896,45.2471,44.2995,0.0017,0.6197,39.7451,40.649,1775594476341782867
ecgclass,single_ecgclass,171.0676,54.0204,51.3666,50.3457,0.002,0.6892,1.682,2.6538,1775594476527926506
ecgclass,single_ecgclass,171.5052,53.8678,51.178,50.2274,0.0018,0.6033,1.7202,2.6898,1775594476965538606
ecgclass,single_ecgclass,171.6424,50.2226,47.7046,46.735,0.0018,0.6237,1.7421,2.5181,1775594477102701025
ecgclass,single_ecgclass,171.935,50.3919,47.7264,46.7705,0.0018,0.6027,1.7333,2.6655,1775594477395315968
ecgclass,single_ecgclass,171.9996,45.5306,43.0467,42.2132,0.0015,0.5626,1.5481,2.4838,1775594477459736042
ecgclass,single_ecgclass,172.0293,54.775,38.3528,37.4881,0.0017,0.5495,15.4855,16.4222,1775594477503420507
ecgclass,single_ecgclass,172.4627,80.6525,77.9269,75.2507,0.0034,2.1296,1.6994,2.7256,1775594477922959868
ecgclass,single_ecgclass,172.5715,79.7462,76.9788,75.3121,0.003,1.1234,1.718,2.7675,1775594478031859685
ecgclass,single_ecgclass,172.7145,54.1005,51.4817,50.4279,0.0019,0.6805,1.6441,2.6188,1775594478174771498
ecgclass,single_ecgclass,172.7878,87.3222,84.7758,82.9692,0.0035,1.2604,1.5259,2.5465,1775594478247966377
ecgclass,single_ecgclass,172.9254,88.8131,86.0052,84.1387,0.0033,1.2521,1.7364,2.8079,1775594478385722319
ecgclass,single_ecgclass,172.9952,108.0067,88.044,86.2127,0.0034,0.5978,18.7662,19.9627,1775594478472570647
ecgclass,single_ecgclass,173.006,97.2347,88.044,86.2127,0.0034,0.5978,7.9694,9.1907,1775594478472570647
ecgclass,single_ecgclass,173.4057,54.8511,52.1928,51.1451,0.0019,0.6892,1.6885,2.6583,1775594478865995413
ecgclass,single_ecgclass,173.4435,63.3924,45.6782,44.6859,0.0016,0.6199,16.8073,17.7142,1775594478918882558
ecgclass,single_ecgclass,173.5191,44.8868,42.4157,41.5005,0.0018,0.6079,1.5559,2.4711,1775594478979231524
ecgclass,single_ecgclass,173.9085,54.0767,51.4228,50.4035,0.002,0.6832,1.6634,2.6539,1775594479368747624
ecgclass,single_ecgclass,174.1279,54.1146,51.4844,50.4346,0.0019,0.7065,1.6785,2.6301,1775594479588187687
ecgclass,single_ecgclass,174.3023,55.8469,52.9819,51.1145,0.0049,0.7646,1.7359,2.8651,1775594479762648494
ecgclass,single_ecgclass,174.7367,52.6724,50.1095,49.1657,0.0017,0.6045,1.6236,2.5629,1775594480196910515
ecgclass,single_ecgclass,174.7722,60.3521,42.5833,41.715,0.0015,0.553,16.8214,17.7688,1775594480247648371
ecgclass,single_ecgclass,174.9058,46.2575,43.7585,42.9002,0.0015,0.5752,1.5819,2.499,1775594480366003259
ecgclass,single_ecgclass,175.0313,50.1521,47.5324,46.6443,0.0017,0.6002,1.6849,2.6197,1775594480491610910
ecgclass,single_ecgclass,175.7313,50.3662,47.6534,46.7089,0.0016,0.6041,1.7416,2.7128,1775594481191644437
ecgclass,single_ecgclass,176.0761,50.7627,48.1275,47.1645,0.0017,0.6078,1.6773,2.6352,1775594481536409757
ecgclass,single_ecgclass,176.1199,48.8937,41.2148,40.3274,0.0017,0.5517,6.7184,7.6789,1775594481585229701
ecgclass,single_ecgclass,176.1541,52.4001,37.1302,36.3246,0.0014,0.5114,14.3158,15.2699,1775594481627013660
ecgclass,single_ecgclass,176.2457,39.3887,37.0337,36.2633,0.0014,0.5205,1.4365,2.355,1775594481705746633
ecgclass,single_ecgclass,176.2893,58.5201,55.365,53.1711,0.0024,1.7705,2.229,3.1551,1775594481750130475
ecgclass,single_ecgclass,176.383,63.8912,61.2623,59.9542,0.0022,0.8818,1.6348,2.6289,1775594481843272941
ecgclass,single_ecgclass,176.4058,88.9628,47.1747,46.1471,0.0018,0.6383,40.8556,41.7881,1775594481905248008
ecgclass,single_ecgclass,176.585,54.569,51.9151,50.8895,0.0018,0.695,1.7073,2.6539,1775594482045319373
ecgclass,single_ecgclass,176.6298,56.2251,45.7635,44.7696,0.0017,0.6368,9.5232,10.4616,1775594482097900369
ecgclass,single_ecgclass,176.6788,50.2119,42.4858,41.5476,0.0018,0.6076,6.8634,7.7261,1775594482144246321
ecgclass,single_ecgclass,177.4819,88.1038,85.2741,83.4163,0.0038,1.2476,1.7622,2.8297,1775594482942284148
ecgclass,single_ecgclass,177.8195,54.2619,51.5881,50.5313,0.002,0.6783,1.7095,2.6739,1775594483279757370
ecgclass,single_ecgclass,178.2483,63.7267,61.0292,59.2392,0.0031,1.2411,1.6782,2.6974,1775594483708534087
ecgclass,single_ecgclass,178.261,101.2175,49.4975,48.4556,0.0018,0.6515,50.7746,51.72,1775594483770407089
ecgclass,single_ecgclass,178.3222,84.6791,43.9797,42.4905,0.0017,1.1327,39.7651,40.6994,1775594483820555188
ecgclass,single_ecgclass,178.4151,44.4131,42.0695,41.1578,0.0017,0.6185,1.4272,2.3436,1775594483875108055
ecgclass,single_ecgclass,178.766,68.2483,65.5487,63.9838,0.003,1.0875,1.6549,2.6996,1775594484226229052
ecgclass,single_ecgclass,178.9545,54.662,52.03,50.9806,0.0021,0.6836,1.7161,2.6319,1775594484414831756
ecgclass,single_ecgclass,178.9563,99.3192,45.7967,44.8194,0.0018,0.6285,52.5756,53.5226,1775594484467469948
ecgclass,single_ecgclass,179.0234,75.0072,42.2052,41.2673,0.0018,0.6033,31.8384,32.802,1775594484513818099
ecgclass,single_ecgclass,179.3608,79.6239,76.8413,75.1626,0.0031,1.1379,1.7333,2.7826,1775594484821162465
ecgclass,single_ecgclass,180.4967,54.1244,51.4675,50.4598,0.0018,0.6787,1.7364,2.6568,1775594485957015363
ecgclass,single_ecgclass,180.58,49.4816,46.9533,46.0279,0.0015,0.5742,1.6148,2.5284,1775594486040228733
ecgclass,single_ecgclass,180.7058,50.1814,47.538,46.625,0.0019,0.6061,1.704,2.6434,1775594486166062021
ecgclass,single_ecgclass,180.8923,79.9072,77.185,75.487,0.0031,1.1486,1.6687,2.7222,1775594486352514771
ecgclass,single_ecgclass,181.0174,55.7933,53.1398,51.4534,0.0019,0.6842,1.6892,2.6534,1775594486477663295
ecgclass,single_ecgclass,181.3506,87.8322,85.0565,83.1806,0.0033,1.2588,1.7135,2.7757,1775594486810922136
ecgclass,single_ecgclass,181.793,54.7545,52.0798,50.9899,0.0017,0.7007,1.7676,2.6747,1775594487253333917
ecgclass,single_ecgclass,181.8358,58.5172,45.9022,44.8886,0.002,0.6165,11.7204,12.615,1775594487306065692
ecgclass,single_ecgclass,181.9935,54.7266,52.1527,51.1149,0.0019,0.6848,1.6775,2.5739,1775594487453815787
ecgclass,single_ecgclass,182.0163,78.3064,45.6629,44.6693,0.0016,0.6166,31.7333,32.6435,1775594487506639240
ecgclass,single_ecgclass,182.0515,85.7668,42.0964,41.144,0.0016,0.6036,42.7861,43.6704,1775594487552854016
ecgclass,single_ecgclass,182.1775,46.4194,44.0335,43.0962,0.0019,0.6281,1.4925,2.3859,1775594487637542690
ecgclass,single_ecgclass,182.2511,46.8094,44.412,43.503,0.0017,0.6105,1.4975,2.3974,1775594487711178349
ecgclass,single_ecgclass,182.2708,69.6404,41.9385,40.9709,0.0017,0.6205,26.8152,27.7019,1775594487756216136
ecgclass,single_ecgclass,182.4197,51.3225,48.8365,47.2751,0.0018,1.2423,1.5836,2.4859,1775594487879874143
ecgclass,single_ecgclass,182.6875,53.9217,51.3631,50.3443,0.0019,0.6837,1.5874,2.5586,1775594488147648819
ecgclass,single_ecgclass,182.9508,53.1342,50.522,49.5844,0.002,0.6087,1.6778,2.6122,1775594488411039179
ecgclass,single_ecgclass,183.0251,45.5098,42.9981,42.1276,0.0015,0.5818,1.5812,2.5117,1775594488485292502
ecgclass,single_ecgclass,183.1799,51.625,49.0094,47.9862,0.0019,0.7195,1.6782,2.6156,1775594488640178650
ecgclass,single_ecgclass,183.2237,49.3186,40.8976,40.0218,0.0015,0.5525,7.519,8.4209,1775594488689787306
ecgclass,single_ecgclass,183.2762,51.2385,48.8384,47.6316,0.0021,0.7946,1.4966,2.4002,1775594488736301010
ecgclass,single_ecgclass,183.3547,57.7908,55.2559,54.0814,0.0021,0.7886,1.6098,2.5349,1775594488814869758
ecgclass,single_ecgclass,183.9241,87.7635,85.0459,83.1564,0.0035,1.2701,1.683,2.7177,1775594489384413000
ecgclass,single_ecgclass,184.0311,54.1978,51.6129,50.5348,0.002,0.6849,1.6975,2.5849,1775594489491413835
ecgclass,single_ecgclass,184.2076,54.7175,52.1549,50.511,0.0019,1.3079,1.6615,2.5626,1775594489667867997
ecgclass,single_ecgclass,184.3606,54.3091,51.5816,50.52,0.0021,0.6817,1.7619,2.7276,1775594489820976549
ecgclass,single_ecgclass,184.6363,53.8223,51.3185,50.306,0.002,0.68,1.6649,2.5037,1775594490096578430
ecgclass,single_ecgclass,185.2208,53.1003,50.3982,49.4407,0.0017,0.6045,1.7614,2.7021,1775594490681203938
ecgclass,single_ecgclass,185.3052,47.05,44.4635,43.5338,0.0015,0.5869,1.6692,2.5865,1775594490765426650
ecgclass,single_ecgclass,185.5676,50.3469,47.7234,46.7587,0.0018,0.6113,1.7171,2.6234,1775594491027911727
ecgclass,single_ecgclass,185.6492,46.7489,44.3734,43.5029,0.0016,0.5853,1.5879,2.3755,1775594491109344484
ecgclass,single_ecgclass,186.0624,50.7426,48.1027,47.1402,0.0018,0.6078,1.6985,2.6399,1775594491522727636
ecgclass,single_ecgclass,186.0922,63.3507,41.809,40.931,0.0016,0.5646,20.6401,21.5417,1775594491571436062
ecgclass,single_ecgclass,186.1214,71.8093,37.0363,36.2276,0.0015,0.5126,33.9115,34.773,1775594491613886094
ecgclass,single_ecgclass,186.2714,60.3905,57.9158,56.431,0.0027,1.0389,1.5106,2.4747,1775594491731536370
ecgclass,single_ecgclass,186.2882,91.6681,47.2515,46.3555,0.0016,0.5781,43.4933,44.4167,1775594491790243640
ecgclass,single_ecgclass,186.353,65.4998,38.1444,37.3252,0.0015,0.5227,26.4533,27.3554,1775594491838074316
ecgclass,single_ecgclass,186.5088,45.1906,42.7106,41.8423,0.0016,0.5897,1.5743,2.4799,1775594491968971189
ecgclass,single_ecgclass,186.5692,41.8482,39.3926,38.5743,0.0016,0.541,1.5273,2.4556,1775594492029324430
ecgclass,single_ecgclass,187.0987,61.1713,58.5783,57.3765,0.0021,0.8041,1.7033,2.593,1775594492559010166
ecgclass,single_ecgclass,187.2551,67.9414,65.2106,63.4248,0.0034,1.2307,1.7073,2.7309,1775594492715449970
ecgclass,single_ecgclass,187.3843,54.1942,51.5074,50.4908,0.0019,0.6814,1.6804,2.6869,1775594492844595169
ecgclass,single_ecgclass,187.5338,53.9813,51.4424,50.4105,0.002,0.699,1.6391,2.5389,1775594492994014712
ecgclass,single_ecgclass,187.7871,88.8159,86.043,84.1985,0.0035,1.2815,1.6763,2.773,1775594493247401189
ecgclass,single_ecgclass,187.8599,75.762,59.1007,57.9806,0.0019,0.6932,15.7268,16.6613,1775594493334256123
ecgclass,single_ecgclass,188.1421,54.6703,52.0213,50.3501,0.0021,0.6819,1.6785,2.6491,1775594493602347081
ecgclass,single_ecgclass,188.6514,54.0547,51.4653,50.3979,0.0021,0.681,1.7028,2.5894,1775594494111666080
ecgclass,single_ecgclass,189.0599,87.7578,85.0177,83.1346,0.0034,1.2714,1.7073,2.7402,1775594494520207189
ecgclass,single_ecgclass,189.2039,55.5727,52.9618,51.8529,0.002,0.713,1.6706,2.6109,1775594494664162236
ecgclass,single_ecgclass,189.2527,54.2419,46.7361,45.7653,0.0017,0.6126,6.5341,7.5058,1775594494717802137
ecgclass,single_ecgclass,189.3181,44.9076,42.486,41.583,0.0017,0.6075,1.574,2.4216,1775594494778294512
ecgclass,single_ecgclass,189.6405,53.7615,51.4004,50.3806,0.002,0.6872,1.6224,2.361,1775594495100701223
ecgclass,single_ecgclass,189.8246,54.2035,51.4979,50.4051,0.002,0.6802,1.7459,2.7056,1775594495284891471
ecgclass,single_ecgclass,189.904,51.2621,48.7543,47.7841,0.0019,0.6528,1.5762,2.5078,1775594495364153050
ecgclass,single_ecgclass,189.9107,89.0217,43.9269,42.9151,0.0017,0.6213,44.2019,45.0947,1775594495413534208
ecgclass,single_ecgclass,190.3042,85.0053,82.3102,79.4185,0.0033,2.3119,1.6966,2.6951,1775594495764528849
ecgclass,single_ecgclass,190.337,107.5013,54.557,53.4993,0.0018,0.6651,52.006,52.9443,1775594495847626565
ecgclass,single_ecgclass,190.4567,48.3341,45.865,44.9077,0.0018,0.6309,1.5414,2.4691,1775594495916880031
ecgclass,single_ecgclass,190.5193,45.4884,43.0546,42.1421,0.0016,0.6112,1.5416,2.4338,1775594495979438650
ecgclass,single_ecgclass,190.604,46.7184,44.2593,43.3499,0.0016,0.6077,1.5595,2.459,1775594496064153408
ecgclass,single_ecgclass,190.6197,73.7514,42.3686,41.4115,0.0017,0.6105,30.726,31.3829,1775594496109045931
ecgclass,single_ecgclass,190.6879,48.2531,41.9481,41.0122,0.0017,0.6071,5.4519,6.305,1775594496151965998
ecgclass,single_ecgclass,191.1878,54.1534,51.5394,50.5245,0.0019,0.6817,1.6899,2.614,1775594496648083182
ecgclass,single_ecgclass,191.3082,91.542,88.7571,86.5728,0.0037,1.4263,1.6866,2.7849,1775594496768469956
ecgclass,single_ecgclass,191.4249,54.6529,51.8025,50.6774,0.0021,0.7141,1.8532,2.8505,1775594496885397009
ecgclass,single_ecgclass,191.6028,54.867,52.2322,50.5113,0.002,1.3702,1.6925,2.6348,1775594497063137371
ecgclass,single_ecgclass,191.6899,51.8961,49.67,48.673,0.0019,0.6711,1.4894,2.2261,1775594497149965324
ecgclass,single_ecgclass,191.769,57.8589,55.2897,54.0688,0.0024,0.8314,1.6036,2.5693,1775594497229195085
ecgclass,single_ecgclass,191.7727,101.5463,46.7967,45.7928,0.0018,0.6303,53.8449,54.7496,1775594497285180754
ecgclass,single_ecgclass,192.0867,54.2836,51.633,50.6212,0.0018,0.6812,1.6932,2.6506,1775594497546959713
ecgclass,single_ecgclass,192.3283,54.1205,51.3614,50.3254,0.0019,0.6766,1.7715,2.7592,1775594497788679403
ecgclass,single_ecgclass,192.4297,54.2974,51.5656,50.4763,0.002,0.6972,1.7724,2.7319,1775594497890021360
ecgclass,single_ecgclass,192.6273,51.5735,48.948,48.0423,0.0017,0.6061,1.667,2.6255,1775594498087525847
ecgclass,single_ecgclass,192.7281,50.6358,48.0192,47.1234,0.0018,0.6043,1.6582,2.6166,1775594498188313612
ecgclass,single_ecgclass,192.7528,68.7437,42.2357,41.3494,0.0016,0.5533,25.593,26.508,1775594498237021069
ecgclass,single_ecgclass,192.7839,75.2583,37.0287,36.2058,0.0014,0.5216,37.3232,38.2296,1775594498279828503
ecgclass,single_ecgclass,193.4529,88.8739,86.1839,83.1016,0.0038,1.2664,1.6444,2.69,1775594498913182392
ecgclass,single_ecgclass,193.7052,54.1461,51.4645,50.4198,0.002,0.6914,1.7383,2.6816,1775594499165484292
ecgclass,single_ecgclass,193.7945,52.5846,49.957,48.9021,0.0018,0.6691,1.6754,2.6276,1775594499254784274
ecgclass,single_ecgclass,194.0785,53.9782,51.3899,50.3791,0.0019,0.6789,1.6477,2.5884,1775594499538749025
ecgclass,single_ecgclass,194.2237,54.1337,51.4803,50.466,0.0018,0.6829,1.6534,2.6533,1775594499683994483
ecgclass,single_ecgclass,194.5323,51.8408,49.177,48.222,0.0017,0.6132,1.7269,2.6637,1775594499992626780
ecgclass,single_ecgclass,194.7515,60.6935,57.9686,56.138,0.0034,1.2412,1.7278,2.7249,1775594500211806477
ecgclass,single_ecgclass,195.0336,88.3024,85.3634,83.3237,0.0035,1.2582,1.9455,2.939,1775594500494109256
ecgclass,single_ecgclass,195.0342,144.1927,55.8352,54.8227,0.002,0.6678,87.5201,88.3575,1775594500580335175
ecgclass,single_ecgclass,195.8963,88.5174,85.7642,83.8507,0.0039,1.2663,1.7209,2.7532,1775594501356620821
ecgclass,single_ecgclass,195.9051,138.4525,57.9491,56.2165,0.0019,0.7286,79.5629,80.5035,1775594501443249213
ecgclass,single_ecgclass,196.005,86.2231,47.1499,46.1273,0.0016,0.3272,38.2676,39.0732,1775594501501898690
ecgclass,single_ecgclass,196.0328,58.6822,47.1499,46.1273,0.0016,0.3272,10.5035,11.5323,1775594501501898690
ecgclass,single_ecgclass,196.0747,59.4082,42.0565,41.097,0.0018,0.6083,16.4289,17.3517,1775594501549769603
ecgclass,single_ecgclass,196.1804,46.468,44.0206,43.1011,0.0017,0.6195,1.5218,2.4474,1775594501640477785
ecgclass,single_ecgclass,196.268,51.7573,49.2424,48.104,0.002,0.7623,1.5466,2.515,1775594501728189587
ecgclass,single_ecgclass,196.8465,54.4593,51.7928,50.7248,0.0018,0.6798,1.709,2.6666,1775594502306810846
ecgclass,single_ecgclass,196.9432,53.8967,51.2359,50.221,0.0019,0.6827,1.6861,2.6608,1775594502403479558
ecgclass,single_ecgclass,197.5458,88.0666,85.2557,83.3773,0.0037,1.2649,1.7495,2.8108,1775594503006157102
ecgclass,single_ecgclass,197.7192,54.2364,51.5394,50.4908,0.0019,0.6863,1.7312,2.697,1775594503179479369
ecgclass,single_ecgclass,197.8196,54.214,51.538,50.4637,0.002,0.6879,1.6837,2.676,1775594503279888000
ecgclass,single_ecgclass,198.0021,54.8542,52.1097,50.4107,0.002,1.3189,1.7734,2.7444,1775594503462491984
ecgclass,single_ecgclass,198.1763,54.0807,51.4588,50.4407,0.002,0.6852,1.636,2.6219,1775594503636514807
ecgclass,single_ecgclass,198.2345,48.4695,45.9288,44.9882,0.0018,0.6306,1.5929,2.5408,1775594503694724465
ecgclass,single_ecgclass,198.2932,60.8671,58.3581,57.0647,0.0024,0.8793,1.5073,2.509,1775594503753316417
ecgclass,single_ecgclass,198.7517,66.149,63.3926,61.5894,0.0034,1.2271,1.6921,2.7564,1775594504211939630
ecgclass,single_ecgclass,198.7674,101.9695,51.0024,49.9513,0.0018,0.6653,50.0371,50.967,1775594504276073692
ecgclass,single_ecgclass,198.9126,52.2199,49.6953,48.69,0.0018,0.6661,1.6065,2.5246,1775594504372836112
ecgclass,single_ecgclass,199.5236,54.1577,51.5028,50.4596,0.0025,0.6774,1.718,2.6549,1775594504983918349
ecgclass,single_ecgclass,199.5989,49.5677,47.0349,46.022,0.0019,0.6393,1.6255,2.5328,1775594505059153601
ecgclass,single_ecgclass,199.937,94.137,91.1735,88.6948,0.0178,1.5735,1.7076,2.9634,1775594505397262141
ecgclass,single_ecgclass,200.0108,83.1122,61.7981,60.6501,0.0019,0.6947,20.3598,21.3141,1775594505489720389
ecgclass,single_ecgclass,200.6356,90.1086,87.4598,85.5927,0.0037,1.2496,1.6739,2.6488,1775594506095871901
ecgclass,single_ecgclass,200.6654,117.9326,56.7479,55.6991,0.002,0.6958,60.2469,61.1847,1775594506184219649
ecgclass,single_ecgclass,200.7709,64.7595,51.8352,50.8708,0.0018,0.6527,12.0263,12.9242,1775594506241544721
ecgclass,single_ecgclass,200.9149,54.1017,51.4939,50.4778,0.002,0.6803,1.6646,2.6078,1775594506375208833
ecgclass,single_ecgclass,201.1884,54.3113,51.6866,50.6177,0.0021,0.6798,1.6851,2.6247,1775594506648721156
ecgclass,single_ecgclass,201.36,54.2581,51.6031,50.5432,0.0019,0.6805,1.7142,2.655,1775594506820356134
ecgclass,single_ecgclass,201.6667,54.7216,52.1352,51.0744,0.0019,0.6798,1.6713,2.5864,1775594507127000467
ecgclass,single_ecgclass,201.6975,70.2541,45.6391,44.6238,0.0018,0.6373,23.7193,24.615,1775594507179829200
ecgclass,single_ecgclass,202.0172,83.3662,80.6535,78.8606,0.0031,1.2138,1.7025,2.7127,1775594507477488668
ecgclass,single_ecgclass,202.5091,54.287,51.6088,50.5343,0.002,0.6925,1.7157,2.6782,1775594507969450033
ecgclass,single_ecgclass,202.7958,56.2057,52.2081,50.507,0.002,0.6799,1.6987,3.9977,1775594508256123660
ecgclass,single_ecgclass,202.8723,50.9365,48.3621,47.3957,0.0018,0.6513,1.6379,2.5743,1775594508332483612
ecgclass,single_ecgclass,202.918,48.507,42.719,41.869,0.0015,0.5316,4.8761,5.7879,1775594508381511228
ecgclass,single_ecgclass,202.9818,39.8149,37.4624,36.6202,0.0014,0.518,1.4987,2.3526,1775594508441852211
ecgclass,single_ecgclass,203.0065,50.7026,35.0083,34.2147,0.0013,0.498,14.8096,15.6943,1775594508479865212
ecgclass,single_ecgclass,203.2255,49.9704,47.3899,46.4776,0.0017,0.6221,1.6437,2.5804,1775594508685736731
ecgclass,single_ecgclass,203.3858,53.9331,51.3272,50.2944,0.0019,0.6952,1.6525,2.606,1775594508846000116
ecgclass,single_ecgclass,203.545,50.2937,47.73,46.8247,0.0017,0.6048,1.6165,2.5637,1775594509005172644
ecgclass,single_ecgclass,203.7396,50.2563,47.7057,46.7987,0.0017,0.6033,1.6165,2.5505,1775594509199780259
ecgclass,single_ecgclass,204.1974,50.9241,48.3,47.3609,0.0017,0.6021,1.6837,2.6241,1775594509657681842
ecgclass,single_ecgclass,204.2102,80.9066,41.2796,39.9091,0.0017,1.0535,37.8163,39.627,1775594509706585780
ecgclass,single_ecgclass,204.3123,84.5785,82.0054,80.1161,0.0034,1.2623,1.5321,2.5731,1775594509772419676
ecgclass,single_ecgclass,204.362,88.3408,52.7392,51.6649,0.0019,0.6834,34.6537,35.6016,1775594509855276794
ecgclass,single_ecgclass,204.6107,54.0321,51.3727,50.3526,0.002,0.6858,1.6537,2.6594,1775594510070952594
ecgclass,single_ecgclass,205.0353,54.3773,51.7052,50.642,0.0018,0.6787,1.7302,2.6722,1775594510495603176
ecgclass,single_ecgclass,205.1039,49.5567,47.1038,46.1526,0.0017,0.6383,1.5471,2.453,1775594510564016763
ecgclass,single_ecgclass,205.2287,54.5247,51.9332,50.9068,0.002,0.6802,1.6553,2.5915,1775594510688929208
ecgclass,single_ecgclass,205.2395,93.8978,49.4957,48.4845,0.0018,0.6474,43.4916,44.4021,1775594510741547964
ecgclass,single_ecgclass,205.3646,47.2078,44.8456,43.9155,0.0017,0.6276,1.4977,2.3622,1775594510824665531
ecgclass,single_ecgclass,205.4389,41.6875,39.2408,38.3934,0.0014,0.5359,1.5571,2.4467,1775594510899099648
ecgclass,single_ecgclass,205.633,50.2517,47.6021,46.7043,0.0018,0.6031,1.6987,2.6496,1775594511093250569
ecgclass,single_ecgclass,205.7675,61.0888,58.5208,57.2347,0.0026,0.8815,1.6105,2.568,1775594511227672307
ecgclass,single_ecgclass,206.09,50.2021,47.5511,46.6599,0.0017,0.6025,1.7171,2.651,1775594511550301564
ecgclass,single_ecgclass,206.2004,50.2434,47.6084,46.7057,0.0017,0.6131,1.6766,2.635,1775594511660692054
ecgclass,single_ecgclass,206.3279,83.5879,80.7863,78.9946,0.0033,1.2164,1.7118,2.8016,1775594511788220801
ecgclass,single_ecgclass,206.702,54.1103,51.4768,50.4256,0.0018,0.6785,1.6937,2.6335,1775594512162260780
ecgclass,single_ecgclass,206.8173,54.0469,51.4011,50.3788,0.0019,0.6913,1.7056,2.6458,1775594512277614138
ecgclass,single_ecgclass,207.0167,54.569,51.9392,50.871,0.0019,0.6758,1.6875,2.6298,1775594512476960707
ecgclass,single_ecgclass,207.0665,51.0921,45.675,44.6678,0.0017,0.6452,4.5257,5.4171,1775594512529590006
ecgclass,single_ecgclass,207.351,83.5006,80.787,79.02,0.0034,1.1903,1.6577,2.7136,1775594512811215119
ecgclass,single_ecgclass,207.5568,54.2812,51.6313,50.6105,0.002,0.6889,1.7295,2.6499,1775594513017080712
ecgclass,single_ecgclass,207.7714,79.8166,77.2285,74.3176,0.0037,1.2537,1.5392,2.588,1775594513231519920
ecgclass,single_ecgclass,207.9975,54.2705,51.6169,50.5853,0.002,0.6973,1.7192,2.6536,1775594513457830791
ecgclass,single_ecgclass,208.1871,54.5228,51.9755,50.9655,0.0019,0.6771,1.615,2.5473,1775594513647295897
ecgclass,single_ecgclass,208.2019,86.1661,45.6583,44.6463,0.002,0.6292,39.5975,40.5078,1775594513700049834
ecgclass,single_ecgclass,208.2758,64.9848,52.0582,51.0016,0.0043,0.6893,11.8804,12.9266,1775594513746284613
ecgclass,single_ecgclass,208.6943,54.5342,51.9053,50.8669,0.0018,0.6815,1.6699,2.6289,1775594514154579872
ecgclass,single_ecgclass,209.0453,87.9152,85.2299,83.3717,0.0034,1.2474,1.6913,2.6852,1775594514505599363
ecgclass,single_ecgclass,209.3887,53.9474,51.2915,50.265,0.0021,0.678,1.6642,2.6559,1775594514848910938
ecgclass,single_ecgclass,209.9763,54.1101,51.4269,50.3555,0.0019,0.682,1.7114,2.6832,1775594515436609661
ecgclass,single_ecgclass,210.1437,53.354,50.7493,49.8362,0.0017,0.6088,1.6639,2.6047,1775594515603955246
ecgclass,single_ecgclass,210.2993,88.8679,86.1199,83.0504,0.0032,2.4491,1.7135,2.748,1775594515759630215
ecgclass,single_ecgclass,210.4374,54.6181,51.9182,50.8332,0.0021,0.6843,1.7474,2.6999,1775594515897748665
ecgclass,single_ecgclass,210.4522,85.4771,45.0853,44.1134,0.0016,0.6166,39.5794,40.3919,1775594515950375756
ecgclass,single_ecgclass,210.5979,48.4097,45.9928,45.0573,0.0023,0.6269,1.5187,2.4169,1775594516058015586
ecgclass,single_ecgclass,210.8637,54.1904,51.5702,50.5307,0.0019,0.6759,1.6487,2.6202,1775594516323960463
ecgclass,single_ecgclass,210.9301,49.2985,46.8129,45.8451,0.0023,0.6568,1.6012,2.4856,1775594516390316660
ecgclass,single_ecgclass,211.377,87.6472,84.882,82.9886,0.0049,1.2772,1.7316,2.7652,1775594516837317080
ecgclass,single_ecgclass,211.5779,54.1835,51.5056,50.4296,0.0021,0.6803,1.7428,2.6779,1775594517038258507
ecgclass,single_ecgclass,211.8175,88.0868,85.346,83.47,0.0034,1.2576,1.7054,2.7408,1775594517277760938
ecgclass,single_ecgclass,212.0058,54.0826,51.4589,50.3966,0.0019,0.6959,1.6885,2.6237,1775594517466101953
ecgclass,single_ecgclass,212.3474,87.9874,85.2438,83.2959,0.0036,1.3211,1.6975,2.7436,1775594517807648341
ecgclass,single_ecgclass,212.4706,56.0775,52.2942,51.2524,0.002,0.6991,2.8191,3.7833,1775594517931971429
ecgclass,single_ecgclass,212.6269,54.286,51.6539,50.6387,0.002,0.6828,1.6177,2.6321,1775594518087072636
ecgclass,single_ecgclass,212.6811,48.4662,45.9567,45.018,0.0017,0.6276,1.5817,2.5095,1775594518141240876
ecgclass,single_ecgclass,212.8258,68.7444,66.1081,64.7071,0.0028,0.9407,1.6708,2.6363,1775594518286063000
ecgclass,single_ecgclass,212.8806,63.9014,49.39,48.318,0.0017,0.6576,13.6745,14.5114,1775594518352892797
ecgclass,single_ecgclass,213.242,58.4638,55.8223,54.0651,0.0033,1.2151,1.6744,2.6416,1775594518702268295
ecgclass,single_ecgclass,213.4117,54.1534,51.5105,50.4643,0.0022,0.684,1.7025,2.6429,1775594518872043325
ecgclass,single_ecgclass,213.5802,54.1308,51.5032,50.484,0.0016,0.6863,1.6274,2.6276,1775594519040405902
ecgclass,single_ecgclass,213.9008,88.3849,85.6456,83.8004,0.003,1.2491,1.7111,2.7393,1775594519361081629
ecgclass,single_ecgclass,213.9496,100.9767,60.5904,59.5499,0.0017,0.6916,39.4466,40.3863,1775594519447596453
ecgclass,single_ecgclass,214.0034,93.1182,45.5102,43.9716,0.0015,0.6187,46.7901,47.608,1775594519508756287
ecgclass,single_ecgclass,214.6192,54.0874,51.4491,50.4172,0.0016,0.6833,1.6875,2.6383,1775594520079468119
ecgclass,single_ecgclass,214.8026,53.968,51.4056,50.4005,0.0017,0.6748,1.6217,2.5623,1775594520262782054
ecgclass,single_ecgclass,214.9718,54.3361,51.7754,50.7573,0.0017,0.687,1.6327,2.5607,1775594520432061299
ecgclass,single_ecgclass,214.9756,96.2644,45.1456,44.157,0.0016,0.6168,50.3085,51.1188,1775594520484507111
ecgclass,single_ecgclass,215.0751,44.2624,41.9474,41.0364,0.0015,0.6171,1.4327,2.315,1775594520535113479
ecgclass,single_ecgclass,215.5369,67.9569,65.3135,63.9253,0.0022,0.9327,1.6506,2.6435,1775594520997179674
ecgclass,single_ecgclass,215.8713,54.2681,51.6345,50.5729,0.0016,0.6771,1.704,2.6336,1775594521331644488
ecgclass,single_ecgclass,215.9728,53.8399,51.2343,50.2271,0.0016,0.6772,1.647,2.6056,1775594521433076185
ecgclass,single_ecgclass,216.184,54.2343,51.6515,50.6448,0.0017,0.689,1.6444,2.5827,1775594521644244322
ecgclass,single_ecgclass,216.2775,72.9456,70.2876,67.7795,0.0027,2.0349,1.6074,2.658,1775594521737655815
ecgclass,single_ecgclass,216.3976,54.373,51.7069,50.65,0.0018,0.6781,1.7316,2.6662,1775594521857947576
ecgclass,single_ecgclass,216.4852,52.7771,50.212,49.1931,0.0016,0.6611,1.658,2.5651,1775594521945460920
ecgclass,single_ecgclass,216.534,49.0263,44.3936,43.428,0.0013,0.6173,3.6752,4.6326,1775594521996256248
ecgclass,single_ecgclass,216.6923,53.7658,51.4558,50.4461,0.0017,0.6784,1.4007,2.31,1775594522152286266
ecgclass,single_ecgclass,216.8273,54.0936,51.5392,50.5215,0.0017,0.6756,1.6427,2.5544,1775594522287548642
ecgclass,single_ecgclass,217.4421,51.7035,49.0552,48.1524,0.0014,0.6033,1.7157,2.6482,1775594522902441337
ecgclass,single_ecgclass,217.4649,70.7409,41.2635,40.3913,0.0012,0.5635,28.5861,29.4775,1775594522952114926
ecgclass,single_ecgclass,217.5849,44.8115,42.3341,41.4187,0.0014,0.6525,1.5402,2.4774,1775594523045023822
ecgclass,single_ecgclass,217.8731,52.0217,49.4036,48.4334,0.0015,0.6273,1.6782,2.6182,1775594523333384812
ecgclass,single_ecgclass,218.0194,50.272,47.723,46.7661,0.0015,0.6146,1.6637,2.549,1775594523479671591
ecgclass,single_ecgclass,218.5504,51.4309,47.6442,46.7576,0.0015,0.6077,2.8532,3.7868,1775594524011804474
ecgclass,single_ecgclass,218.647,50.3991,47.8726,46.9733,0.0016,0.6088,1.5798,2.5264,1775594524107178415
ecgclass,single_ecgclass,218.6798,59.0429,40.7902,39.8709,0.0013,0.6128,17.3447,18.2527,1775594524155712438
ecgclass,single_ecgclass,219.1104,80.06,77.344,75.6881,0.0027,1.1149,1.6627,2.716,1775594524570636843
ecgclass,single_ecgclass,219.1252,119.9477,54.0457,52.9926,0.0017,0.6663,64.9805,65.9019,1775594524648731734
ecgclass,single_ecgclass,219.2356,55.6993,44.8239,43.8537,0.0014,0.615,9.1038,10.8755,1775594524703343013
ecgclass,single_ecgclass,219.3196,83.6921,81.173,79.3584,0.0029,1.2426,1.4596,2.5191,1775594524779615094
ecgclass,single_ecgclass,219.5035,53.9031,51.3737,50.3225,0.0017,0.6824,1.6496,2.5295,1775594524963766786
ecgclass,single_ecgclass,219.7648,74.3208,71.6328,69.842,0.003,1.2504,1.6358,2.688,1775594525225033587
ecgclass,single_ecgclass,219.8924,54.2188,51.482,50.4191,0.0016,0.6817,1.7574,2.7368,1775594525352709028
ecgclass,single_ecgclass,220.2691,79.4053,76.7452,73.8055,0.0027,1.2696,1.6317,2.6601,1775594525729307250
ecgclass,single_ecgclass,220.2778,124.752,53.3216,52.2832,0.0017,0.7012,70.4892,71.4304,1775594525806926552
ecgclass,single_ecgclass,220.3557,92.1123,44.7,43.7209,0.0014,0.6344,46.5207,47.4123,1775594525860813330
ecgclass,single_ecgclass,220.5311,52.2611,49.708,48.7225,0.0016,0.6735,1.6241,2.5531,1775594525991285545
ecgclass,single_ecgclass,220.6255,52.5413,50.0532,49.0134,0.0016,0.6644,1.564,2.4881,1775594526085701499
ecgclass,single_ecgclass,220.6573,66.0844,44.6656,43.6714,0.0014,0.6403,20.5069,21.4188,1775594526136414750
ecgclass,single_ecgclass,220.7032,62.6659,41.9246,40.9915,0.0013,0.6032,19.8591,20.7413,1775594526181689634
ecgclass,single_ecgclass,220.8041,46.206,43.857,42.9546,0.0014,0.6057,1.4639,2.349,1775594526264185678
ecgclass,single_ecgclass,220.8886,46.2682,43.8331,42.9078,0.0013,0.6206,1.518,2.4351,1775594526348678016
ecgclass,single_ecgclass,221.1502,54.0593,51.5095,50.4832,0.0016,0.6842,1.6119,2.5497,1775594526610441426
ecgclass,single_ecgclass,221.3866,54.6966,52.0653,50.3917,0.0017,1.3386,1.6835,2.6312,1775594526846925584
ecgclass,single_ecgclass,221.6107,53.8936,51.3226,50.3168,0.0016,0.679,1.6448,2.571,1775594527070924608
ecgclass,single_ecgclass,221.8049,54.1196,51.4556,50.4449,0.0016,0.6792,1.7123,2.6639,1775594527265198020
ecgclass,single_ecgclass,222.0844,53.8924,51.3036,50.2928,0.0016,0.6814,1.6344,2.5888,1775594527544633806
ecgclass,single_ecgclass,222.677,51.2841,48.6477,47.7041,0.0014,0.604,1.7066,2.6364,1775594528137305643
ecgclass,single_ecgclass,222.7475,46.231,43.7766,42.9464,0.0013,0.5478,1.5464,2.4544,1775594528207640801
ecgclass,single_ecgclass,223.1773,50.5416,47.9772,47.0728,0.0014,0.6167,1.6308,2.5645,1775594528637501432
ecgclass,single_ecgclass,223.18,89.1807,40.7661,39.8944,0.0012,0.5513,47.5051,48.4147,1775594528686147108
ecgclass,single_ecgclass,223.7879,89.2906,86.6071,84.7358,0.0029,1.2575,1.6253,2.6836,1775594529248144348
ecgclass,single_ecgclass,223.8087,158.0811,88.6266,86.6991,0.0028,0.6254,68.2316,69.4545,1775594529335525212
ecgclass,single_ecgclass,223.8325,134.3231,88.6266,86.6991,0.0028,0.6254,44.4481,45.6965,1775594529335525212
ecgclass,single_ecgclass,223.9464,79.4675,58.4342,56.6424,0.0016,1.3771,20.1039,21.0334,1775594529425147125
ecgclass,single_ecgclass,223.981,110.6408,64.8928,46.1972,0.0012,6.1079,44.6813,45.748,1775594529484288625
ecgclass,single_ecgclass,223.9827,108.9644,64.8928,46.1972,0.0012,6.1079,42.9683,44.0717,1775594529484288625
ecgclass,single_ecgclass,223.9828,109.1373,64.8928,46.1972,0.0012,6.1079,42.933,44.2445,1775594529484288625
ecgclass,single_ecgclass,224.0491,85.5148,42.2018,41.2266,0.0014,0.6112,42.3644,43.313,1775594529550079355
ecgclass,single_ecgclass,224.3991,61.7003,59.0591,57.8839,0.002,0.7829,1.6809,2.6413,1775594529859353148
ecgclass,single_ecgclass,224.4248,82.129,45.5698,44.5904,0.0014,0.6168,35.6553,36.5592,1775594529919099334
ecgclass,single_ecgclass,224.6082,54.0042,51.4133,50.4053,0.0017,0.6781,1.6479,2.5909,1775594530068490468
ecgclass,single_ecgclass,224.9537,54.5206,51.8538,50.7704,0.0018,0.679,1.6782,2.6668,1775594530413987735
ecgclass,single_ecgclass,224.9965,57.9524,45.55,44.5276,0.0015,0.6173,11.5206,12.4024,1775594530466601428
ecgclass,single_ecgclass,225.0647,44.7435,42.4137,41.5147,0.0014,0.6035,1.4369,2.3299,1775594530524682486
ecgclass,single_ecgclass,226.0785,89.0222,86.2659,84.3571,0.0032,1.2891,1.683,2.7563,1775594531538807301
ecgclass,single_ecgclass,226.3189,54.765,52.1296,50.4655,0.0017,1.2762,1.6682,2.6354,1775594531779154062
ecgclass,single_ecgclass,226.4639,54.1327,51.5228,50.5174,0.0016,0.6759,1.6413,2.6099,1775594531924141336
ecgclass,single_ecgclass,226.8365,54.4589,51.8143,50.8033,0.0016,0.6799,1.6642,2.6445,1775594532296782505
ecgclass,single_ecgclass,226.8573,79.7391,45.2984,44.3197,0.0015,0.6186,33.5088,34.4407,1775594532349402453
ecgclass,single_ecgclass,227.1674,53.9119,51.3165,50.3052,0.0016,0.6807,1.6141,2.5955,1775594532627651507
ecgclass,single_ecgclass,227.4407,54.6756,51.9143,50.8345,0.0015,0.6916,1.7397,2.7612,1775594532901081120
ecgclass,single_ecgclass,227.5306,48.6567,45.9609,45.0538,0.0014,0.6031,1.7276,2.6958,1775594532990955925
ecgclass,single_ecgclass,227.6035,45.1188,42.6195,41.7358,0.0013,0.5874,1.5886,2.4993,1775594533063689957
ecgclass,single_ecgclass,227.7689,64.3384,61.9486,60.4668,0.0023,1.0169,1.3692,2.3899,1775594533228827561
ecgclass,single_ecgclass,228.0596,50.4005,47.691,46.7133,0.0014,0.6268,1.749,2.7095,1775594533519943271
ecgclass,single_ecgclass,228.3804,50.2045,47.5072,46.5367,0.0014,0.6149,1.6935,2.6973,1775594533840727732
ecgclass,single_ecgclass,228.8322,51.2748,48.6517,47.1316,0.0015,0.6535,1.6506,2.6231,1775594534292478727
ecgclass,single_ecgclass,228.872,52.6235,40.5368,39.6654,0.0014,0.5498,11.1806,12.0867,1775594534341796801
ecgclass,single_ecgclass,228.9279,39.3443,36.957,36.1836,0.0012,0.5161,1.4389,2.3873,1775594534387884765
ecgclass,single_ecgclass,229.1986,51.1618,48.5256,47.6321,0.0015,0.6052,1.6553,2.6362,1775594534658846233
ecgclass,single_ecgclass,229.2384,57.3766,45.3072,42.758,0.0015,1.0863,11.0068,12.0694,1775594534707992157
ecgclass,single_ecgclass,229.2401,55.6519,45.3072,42.758,0.0015,1.0863,9.2585,10.3447,1775594534707992157
ecgclass,single_ecgclass,229.288,55.9077,47.4993,46.4085,0.0016,0.704,7.4704,8.4084,1775594534754023516
ecgclass,single_ecgclass,229.3601,50.2717,47.8937,46.869,0.0017,0.6898,1.4727,2.378,1775594534820152979
ecgclass,single_ecgclass,229.4336,50.796,48.2905,47.2672,0.0016,0.6901,1.5895,2.5055,1775594534893752989
ecgclass,single_ecgclass,229.6597,56.8404,54.4467,53.3769,0.0018,0.7143,1.6205,2.3938,1775594535119924115
ecgclass,single_ecgclass,229.8618,54.0543,51.3768,50.3193,0.0016,0.6959,1.7164,2.6775,1775594535322160138
ecgclass,single_ecgclass,229.9801,54.6842,52.076,50.3905,0.0017,1.3153,1.6232,2.6082,1775594535440363963
ecgclass,single_ecgclass,230.2412,57.6684,55.0074,53.3982,0.0022,1.1021,1.6572,2.661,1775594535701474411
ecgclass,single_ecgclass,230.3741,54.1532,51.4449,50.3941,0.0016,0.6872,1.7385,2.7083,1775594535834470049
ecgclass,single_ecgclass,230.5836,54.0388,51.4267,50.3687,0.0016,0.6814,1.6825,2.612,1775594536043890657
ecgclass,single_ecgclass,231.2144,88.6996,85.896,84.0502,0.003,1.2393,1.7271,2.8036,1775594536674741208
ecgclass,single_ecgclass,231.4955,54.1995,51.5524,50.4972,0.0016,0.6853,1.6832,2.647,1775594536955759473
ecgclass,single_ecgclass,231.5599,48.8045,46.3585,45.3912,0.0016,0.6499,1.5452,2.446,1775594537020027402
ecgclass,single_ecgclass,231.5926,59.2926,42.5711,41.602,0.0014,0.6074,15.7971,16.7214,1775594537067014441
ecgclass,single_ecgclass,232.1616,83.3838,80.5933,78.8164,0.0029,1.1795,1.7428,2.7905,1775594537621934237
ecgclass,single_ecgclass,232.3773,53.9525,51.2865,50.2709,0.0017,0.6802,1.6909,2.6659,1775594537837566668
ecgclass,single_ecgclass,232.7347,54.7998,52.1415,50.4501,0.0017,1.3149,1.6932,2.6583,1775594538194997097
ecgclass,single_ecgclass,232.9098,55.2096,52.601,51.5355,0.0015,0.6807,1.6379,2.6086,1775594538370032536
ecgclass,single_ecgclass,233.0843,54.0295,51.4406,50.4312,0.0015,0.6802,1.6255,2.5889,1775594538544517596
ecgclass,single_ecgclass,234.5269,51.0433,48.4177,47.4516,0.0015,0.602,1.6689,2.6256,1775594539987172020
ecgclass,single_ecgclass,235.0216,51.1668,48.1407,47.2492,0.0015,0.602,1.7021,3.0261,1775594540481862384
ecgclass,single_ecgclass,235.0344,80.4789,41.7317,40.8601,0.0013,0.5507,37.8184,38.7472,1775594540530779567
ecgclass,single_ecgclass,235.0722,80.2343,37.0473,36.2466,0.0012,0.5108,42.3031,43.187,1775594540573099244
ecgclass,single_ecgclass,235.1626,37.3328,35.0888,34.3527,0.0013,0.4953,1.3733,2.244,1775594540622569848
ecgclass,single_ecgclass,235.2461,37.8671,35.5084,34.7644,0.0012,0.5024,1.4319,2.3586,1775594540706171496
ecgclass,single_ecgclass,235.2852,47.0505,44.7828,43.7949,0.0016,0.6757,1.3564,2.2677,1775594540745164906
ecgclass,single_ecgclass,235.5086,58.1691,55.5609,54.4316,0.0018,0.7447,1.6367,2.6083,1775594540968838152
ecgclass,single_ecgclass,235.618,54.8036,52.1551,51.1399,0.0016,0.68,1.6882,2.6485,1775594541078270680
ecgclass,single_ecgclass,236.0523,53.9641,51.3859,50.3799,0.0016,0.6736,1.6115,2.5783,1775594541512547809
ecgclass,single_ecgclass,236.1395,52.191,49.6504,48.6419,0.0015,0.686,1.5843,2.5406,1775594541599698095
ecgclass,single_ecgclass,236.289,88.5866,84.8549,83.0059,0.0029,1.2416,2.7132,3.7316,1775594541750284836
ecgclass,single_ecgclass,236.3978,54.101,51.4854,50.4619,0.0016,0.6945,1.6532,2.6156,1775594541858045314
ecgclass,single_ecgclass,236.6112,54.7361,52.0813,51.0101,0.0017,0.6818,1.7188,2.6549,1775594542071539375
ecgclass,single_ecgclass,236.6682,48.5082,46.0573,45.0674,0.0015,0.6258,1.5516,2.4509,1775594542128317005
ecgclass,single_ecgclass,237.0222,68.145,65.4356,64.0519,0.0023,0.9284,1.7223,2.7095,1775594542482471255
ecgclass,single_ecgclass,237.7071,54.8472,52.2468,51.1882,0.0015,0.6845,1.6694,2.6005,1775594543167351634
ecgclass,single_ecgclass,237.7199,90.5879,47.6705,46.6853,0.0013,0.2986,41.8196,42.9174,1775594543220267216
ecgclass,single_ecgclass,237.7205,89.9811,47.6705,46.6853,0.0013,0.2986,41.1701,42.3106,1775594543220267216
ecgclass,single_ecgclass,237.8277,45.4562,43.0445,41.5931,0.0015,0.613,1.5254,2.4117,1775594543287813763
ecgclass,single_ecgclass,237.9824,53.9629,51.3546,50.3449,0.0016,0.6775,1.672,2.6083,1775594543442694853
ecgclass,single_ecgclass,238.2428,57.2371,54.6278,53.0675,0.0024,1.0737,1.6546,2.6094,1775594543703008496
ecgclass,single_ecgclass,238.3482,53.6561,50.6956,49.5287,0.0058,0.7041,1.7107,2.9605,1775594543808523891
ecgclass,single_ecgclass,238.4741,50.5874,47.4811,46.5519,0.0015,0.6047,2.1718,3.1064,1775594543934886942
ecgclass,single_ecgclass,238.66,49.9315,47.5536,46.6585,0.0014,0.6033,1.694,2.3779,1775594544120296753
ecgclass,single_ecgclass,238.7591,56.3455,53.7681,52.5205,0.002,0.8458,1.621,2.5774,1775594544219357969
ecgclass,single_ecgclass,239.4423,88.9804,86.1529,84.3025,0.0029,1.2409,1.7426,2.8275,1775594544902619586
ecgclass,single_ecgclass,239.4551,138.1264,61.0674,60.0365,0.0015,0.3181,75.9842,77.059,1775594544989669152
ecgclass,single_ecgclass,239.4799,113.3413,61.0674,60.0365,0.0015,0.3181,51.1742,52.2739,1775594544989669152
ecgclass,single_ecgclass,239.6285,50.9932,48.4996,47.5094,0.0016,0.665,1.5776,2.4936,1775594545088626520
ecgclass,single_ecgclass,239.6907,47.5676,45.2638,43.724,0.0014,1.2036,1.5781,2.3038,1775594545150831414
ecgclass,single_ecgclass,240.0367,71.2872,68.6204,67.1406,0.0023,1.0032,1.6925,2.6668,1775594545496977023
ecgclass,single_ecgclass,240.1222,53.0021,50.3517,49.3372,0.0016,0.6619,1.7142,2.6504,1775594545582512224
ecgclass,single_ecgclass,240.167,53.5917,44.7881,43.7885,0.0014,0.6232,7.93,8.8037,1775594545633565696
ecgclass,single_ecgclass,240.2024,60.8046,41.9677,41.0275,0.0015,0.6053,17.8831,18.8369,1775594545678901882
ecgclass,single_ecgclass,240.3966,71.8544,69.2578,67.7662,0.0023,0.9937,1.6472,2.5965,1775594545856800372
ecgclass,single_ecgclass,240.4323,85.6493,48.8673,47.8184,0.0015,0.6505,35.871,36.7819,1775594545926787632
ecgclass,single_ecgclass,240.5452,48.3437,45.9094,44.9758,0.0015,0.6253,1.5464,2.4343,1775594546005330522
ecgclass,single_ecgclass,240.7739,76.9317,74.2564,72.5581,0.0029,1.1732,1.6019,2.6753,1775594546234078002
ecgclass,single_ecgclass,241.0322,54.1203,51.5086,50.4504,0.0016,0.6795,1.6804,2.6117,1775594546492433010
ecgclass,single_ecgclass,241.1285,54.7786,52.1897,50.5552,0.0018,1.3014,1.6494,2.5889,1775594546588736557
ecgclass,single_ecgclass,241.1373,91.3086,44.6676,43.6866,0.0014,0.6169,45.8705,46.641,1775594546641720723
ecgclass,single_ecgclass,241.2275,44.2655,41.9736,41.0535,0.0014,0.626,1.4064,2.2919,1775594546687473516
ecgclass,single_ecgclass,241.336,59.5274,57.0484,55.7964,0.0019,0.8509,1.5094,2.479,1775594546796069185
ecgclass,single_ecgclass,241.4597,63.1485,60.601,59.3518,0.002,0.8354,1.6062,2.5475,1775594546919925851
ecgclass,single_ecgclass,241.5145,55.8369,46.7046,45.706,0.0014,0.6263,8.153,9.1323,1775594546981240325
ecgclass,single_ecgclass,242.3563,87.7807,85.0807,83.2095,0.003,1.264,1.6689,2.7,1775594547816575138
ecgclass,single_ecgclass,242.6335,55.0368,52.3415,51.2702,0.0015,0.6845,1.7395,2.6953,1775594548093785384
ecgclass,single_ecgclass,242.6512,84.2595,46.328,45.3666,0.0013,0.3042,36.927,37.9315,1775594548146745450
ecgclass,single_ecgclass,242.669,66.5374,46.328,45.3666,0.0013,0.3042,19.1805,20.2093,1775594548146745450
ecgclass,single_ecgclass,242.7887,86.8657,84.2913,81.5104,0.0029,1.267,1.538,2.5743,1775594548248873456
ecgclass,single_ecgclass,243.109,54.6899,52.0526,51.0086,0.0017,0.7031,1.7014,2.6372,1775594548569305332
ecgclass,single_ecgclass,243.1258,84.4145,45.8722,44.8929,0.0014,0.6223,37.6568,38.5423,1775594548622027152
ecgclass,single_ecgclass,243.4496,53.946,51.3041,50.2883,0.0017,0.6864,1.6849,2.6419,1775594548909882118
ecgclass,single_ecgclass,243.6628,53.9162,51.3465,50.3361,0.0016,0.6839,1.6317,2.5697,1775594549123059741
ecgclass,single_ecgclass,243.9972,54.0836,51.4034,50.3948,0.0016,0.6786,1.7111,2.6802,1775594549457508671
ecgclass,single_ecgclass,244.3428,50.8661,48.2296,47.3323,0.0015,0.5987,1.7085,2.6365,1775594549803076746
ecgclass,single_ecgclass,244.62,50.0841,47.5913,46.7012,0.0013,0.599,1.5864,2.4928,1775594550080217122
ecgclass,single_ecgclass,244.8094,87.7516,84.9968,83.143,0.003,1.2445,1.7192,2.7548,1775594550269743775
ecgclass,single_ecgclass,245.2277,54.1265,51.5295,50.4597,0.0016,0.6859,1.6429,2.597,1775594550687916827
ecgclass,single_ecgclass,245.4281,87.9989,85.2711,83.3743,0.0032,1.2784,1.6973,2.7278,1775594550888416115
ecgclass,single_ecgclass,245.5984,54.9037,52.3143,51.2767,0.0016,0.6953,1.6544,2.5895,1775594551058644947
ecgclass,single_ecgclass,245.7486,64.9168,62.2966,59.3825,0.0032,1.2206,1.6086,2.6202,1775594551208770744
ecgclass,single_ecgclass,246.0279,54.0104,51.4256,50.4176,0.0017,0.6784,1.6541,2.5848,1775594551488124316
ecgclass,single_ecgclass,246.0981,49.8605,47.1796,46.2162,0.0016,0.6389,1.7753,2.6809,1775594551558467639
ecgclass,single_ecgclass,246.9569,87.7724,85.0367,83.1556,0.0029,1.2505,1.7052,2.7357,1775594552417239916
ecgclass,single_ecgclass,247.2791,84.0249,81.3207,79.4977,0.0029,1.2454,1.6513,2.7042,1775594552739363893
ecgclass,single_ecgclass,247.3139,107.0893,57.0839,56.0444,0.0016,0.6597,49.087,50.0054,1775594552821580051
ecgclass,single_ecgclass,247.5683,53.9961,51.4098,50.3976,0.0017,0.6787,1.6477,2.5863,1775594553028570250
ecgclass,single_ecgclass,247.8317,88.4218,85.7133,83.8333,0.003,1.2702,1.6763,2.7085,1775594553291994055
ecgclass,single_ecgclass,247.8595,118.0074,56.6831,55.5928,0.0015,0.6684,60.4112,61.3243,1775594553378504873
ecgclass,single_ecgclass,247.9704,52.9649,45.1708,44.1684,0.0016,0.6335,6.9873,7.7941,1775594553435953029
ecgclass,single_ecgclass,248.0385,46.437,43.9668,41.9569,0.0014,1.6976,1.4274,2.4702,1775594553498569440
ecgclass,single_ecgclass,248.0793,48.8646,42.5127,41.5174,0.0013,0.6183,5.4727,6.3519,1775594553543321055
ecgclass,single_ecgclass,248.1383,44.533,42.0262,41.1284,0.0014,0.6072,1.6124,2.5068,1775594553598535600
ecgclass,single_ecgclass,248.4123,58.212,55.6196,54.5187,0.0018,0.7329,1.6363,2.5925,1775594553872493404
ecgclass,single_ecgclass,248.5527,54.0771,51.4594,50.4496,0.0015,0.6791,1.6615,2.6177,1775594554012981402
ecgclass,single_ecgclass,248.623,49.9504,47.4685,46.5218,0.0014,0.6372,1.5459,2.4818,1775594554083158512
ecgclass,single_ecgclass,248.6688,47.7133,43.0022,42.0419,0.0014,0.6043,3.9799,4.7111,1775594554131328428
ecgclass,single_ecgclass,249.03,68.1968,65.5517,64.1673,0.0024,0.9311,1.7056,2.6451,1775594554490255005
ecgclass,single_ecgclass,249.1524,54.2164,51.5499,50.5078,0.0016,0.684,1.7107,2.6665,1775594554612679809
ecgclass,single_ecgclass,249.395,54.0168,51.3961,50.369,0.0016,0.6763,1.6887,2.6207,1775594554855235643
ecgclass,single_ecgclass,249.5052,54.8499,52.189,50.3848,0.0017,1.4551,1.7204,2.6608,1775594554965516103
ecgclass,single_ecgclass,249.5653,48.5024,46.0371,45.1027,0.0014,0.6279,1.5695,2.4654,1775594555025425602
ecgclass,single_ecgclass,249.8462,83.6952,80.9019,79.1523,0.0029,1.1755,1.7188,2.7933,1775594555306489321
ecgclass,single_ecgclass,249.9901,54.0693,51.4164,50.3316,0.0018,0.6848,1.718,2.6529,1775594555450430480
ecgclass,single_ecgclass,250.1975,54.0586,51.4578,50.4334,0.0015,0.6947,1.6446,2.6007,1775594555657752111
ecgclass,single_ecgclass,250.5761,54.0452,51.4011,50.3951,0.0018,0.6765,1.7147,2.6441,1775594556036378101
ecgclass,single_ecgclass,251.0907,52.7821,50.1428,49.1762,0.0015,0.6138,1.708,2.6392,1775594556551043257
ecgclass,single_ecgclass,251.3449,87.739,84.9598,83.0824,0.0029,1.27,1.7502,2.7792,1775594556805239313
ecgclass,single_ecgclass,251.5409,55.0776,52.431,51.3371,0.0016,0.7016,1.6894,2.6466,1775594557001188342
ecgclass,single_ecgclass,251.8594,88.1448,85.3644,83.4538,0.0027,1.2969,1.7502,2.7804,1775594557319756955
ecgclass,single_ecgclass,251.9232,85.1209,60.0378,58.9561,0.0017,0.6957,24.1585,25.0831,1775594557405973203
ecgclass,single_ecgclass,252.0008,55.5055,47.1981,45.6447,0.0014,0.6183,7.4174,8.3074,1775594557466778683
ecgclass,single_ecgclass,252.2647,71.5966,68.9369,67.2011,0.0027,1.1946,1.6415,2.6597,1775594557724889357
ecgclass,single_ecgclass,252.3405,54.1787,51.5029,50.4478,0.0016,0.6789,1.719,2.6758,1775594557800779788
ecgclass,single_ecgclass,252.4169,50.7486,48.2432,47.2577,0.0015,0.6663,1.6069,2.5054,1775594557877060917
ecgclass,single_ecgclass,252.8422,87.9731,85.1034,83.2474,0.0029,1.2493,1.781,2.8697,1775594558302528897
ecgclass,single_ecgclass,253.1805,54.0628,51.4314,50.3437,0.0016,0.679,1.7319,2.6314,1775594558640872694
ecgclass,single_ecgclass,253.2598,65.9828,63.422,61.6324,0.003,1.2294,1.6024,2.5608,1775594558720022715
ecgclass,single_ecgclass,253.381,54.0614,51.4269,50.4109,0.0017,0.6883,1.6801,2.6345,1775594558841308065
ecgclass,single_ecgclass,253.7306,54.4224,51.8181,50.8053,0.0015,0.6834,1.651,2.6043,1775594559190806421
ecgclass,single_ecgclass,253.7503,83.4618,48.0942,47.1008,0.0016,0.6253,34.4706,35.3675,1775594559243396375
ecgclass,single_ecgclass,254.0052,55.0885,52.4827,50.8368,0.0017,0.6872,1.6532,2.6059,1775594559465399373
ecgclass,single_ecgclass,254.0429,63.1108,45.1404,44.1721,0.0014,0.6192,17.066,17.9704,1775594559518572120
ecgclass,single_ecgclass,254.4335,87.652,84.9098,83.063,0.0033,1.2389,1.7056,2.7421,1775594559893814914
ecgclass,single_ecgclass,254.5614,55.2495,52.6112,51.5998,0.0017,0.681,1.718,2.6382,1775594560021703842
ecgclass,single_ecgclass,254.5962,86.7901,65.1835,46.3501,0.0013,6.1547,20.2663,21.6066,1775594560075031676
ecgclass,single_ecgclass,254.5962,86.7786,65.1835,46.3501,0.0013,6.1547,20.2317,21.5951,1775594560075031676
ecgclass,single_ecgclass,254.6033,79.6754,65.1835,46.3501,0.0013,6.1547,13.0944,14.4919,1775594560075031676
ecgclass,single_ecgclass,254.6819,43.9,41.7816,40.885,0.0014,0.6041,1.3616,2.1184,1775594560141813626
ecgclass,single_ecgclass,254.9902,68.7504,66.0686,64.6657,0.0022,0.9482,1.6985,2.6818,1775594560450474969
ecgclass,single_ecgclass,254.997,113.0407,50.3725,49.3181,0.0015,0.6587,61.708,62.6681,1775594560517274588
ecgclass,single_ecgclass,255.2644,73.9524,71.2946,69.496,0.0028,1.246,1.6451,2.6579,1775594560724595902
ecgclass,single_ecgclass,255.7128,54.0333,51.4183,50.3727,0.0015,0.6832,1.6577,2.615,1775594561173059412
ecgclass,single_ecgclass,255.7981,52.7973,50.124,48.4727,0.0016,1.273,1.6925,2.6733,1775594561258339717
ecgclass,single_ecgclass,256.0652,54.9262,52.3809,51.3533,0.0016,0.6817,1.6365,2.5453,1775594561525469846
ecgclass,single_ecgclass,256.069,99.0279,47.0917,46.1306,0.0014,0.2969,50.8628,51.9361,1775594561578468371
ecgclass,single_ecgclass,256.0948,73.2813,47.0917,46.1306,0.0014,0.2969,25.0926,26.1895,1775594561578468371
ecgclass,single_ecgclass,256.1514,59.3297,42.1343,41.1584,0.0016,0.6112,16.2935,17.1954,1775594561626259186
ecgclass,single_ecgclass,256.2639,53.2179,50.7076,49.5097,0.0018,0.8224,1.5426,2.5103,1775594561724057067
ecgclass,single_ecgclass,256.5105,62.891,60.2232,58.9866,0.002,0.8257,1.6677,2.6678,1775594561970763274
ecgclass,single_ecgclass,256.8588,54.2724,51.5831,50.5195,0.0016,0.6769,1.7219,2.6893,1775594562319165936
ecgclass,single_ecgclass,256.9533,52.3858,49.8012,48.8121,0.0016,0.6663,1.6248,2.5846,1775594562413557964
ecgclass,single_ecgclass,257.097,54.2369,51.5695,50.5328,0.0017,0.6788,1.7231,2.6674,1775594562557302049
ecgclass,single_ecgclass,257.9011,52.0997,49.4972,48.5953,0.0015,0.6034,1.7002,2.6025,1775594563361439768
ecgclass,single_ecgclass,258.0585,50.9319,48.3652,47.3619,0.0015,0.701,1.6565,2.5667,1775594563518763776
ecgclass,single_ecgclass,258.1657,51.2536,48.6118,47.7182,0.0015,0.6045,1.6701,2.6417,1775594563625934850
ecgclass,single_ecgclass,258.5127,76.0794,72.8532,71.2393,0.0026,1.0799,2.125,3.2262,1775594563973458748
ecgclass,single_ecgclass,259.604,54.2417,51.6013,50.5337,0.0016,0.6794,1.6725,2.6404,1775594565064274462
ecgclass,single_ecgclass,259.7094,51.4424,48.9232,47.9814,0.0015,0.6037,1.5507,2.5192,1775594565169591499
ecgclass,single_ecgclass,259.9312,87.6601,84.8917,83.0348,0.0027,1.2498,1.6937,2.7683,1775594565391510413
ecgclass,single_ecgclass,260.4235,53.8964,51.2412,50.2317,0.0015,0.6787,1.6866,2.6553,1775594565883742632
ecgclass,single_ecgclass,260.5126,52.2881,49.741,48.7573,0.0016,0.6612,1.591,2.5471,1775594565972757302
ecgclass,single_ecgclass,260.6301,54.0683,51.4129,50.3955,0.0016,0.6753,1.6937,2.6554,1775594566090382386
ecgclass,single_ecgclass,260.7854,79.3808,76.624,74.9228,0.0029,1.124,1.7147,2.7568,1775594566245745290
ecgclass,single_ecgclass,260.9571,54.0712,51.4067,50.3565,0.0017,0.6775,1.6794,2.6645,1775594566417354256
ecgclass,single_ecgclass,261.2245,54.6801,52.0434,50.3905,0.0018,0.6825,1.672,2.6367,1775594566684798038
ecgclass,single_ecgclass,261.4656,83.2896,80.5076,78.7402,0.0029,1.1758,1.7166,2.7821,1775594566925878408
ecgclass,single_ecgclass,261.5741,55.1736,52.4551,51.3884,0.0017,0.6883,1.7455,2.7186,1775594567034418769
ecgclass,single_ecgclass,262.0879,87.8191,85.0643,83.1943,0.003,1.2626,1.6956,2.7548,1775594567548170498
ecgclass,single_ecgclass,262.2029,55.0671,52.4033,51.338,0.0017,0.6796,1.714,2.6638,1775594567663228496
ecgclass,single_ecgclass,262.2567,49.6058,47.1923,46.2609,0.0015,0.6253,1.4799,2.4135,1775594567716762085
ecgclass,single_ecgclass,262.4516,53.9985,51.359,50.3482,0.0016,0.6814,1.6692,2.6395,1775594567911874880
ecgclass,single_ecgclass,262.8181,54.0586,51.3801,50.3584,0.0018,0.6781,1.7357,2.6785,1775594568278423746
ecgclass,single_ecgclass,262.8804,48.3332,45.8707,44.9342,0.0014,0.6297,1.5607,2.4625,1775594568340543726
ecgclass,single_ecgclass,263.059,53.9439,51.3517,50.3366,0.0016,0.6817,1.6534,2.5922,1775594568519274504
ecgclass,single_ecgclass,263.1402,52.063,49.4798,47.8806,0.0016,1.2777,1.6372,2.5832,1775594568600414887
ecgclass,single_ecgclass,263.1459,90.6925,43.8031,42.9577,0.0012,0.5334,45.9521,46.8894,1775594568650478661
ecgclass,single_ecgclass,263.2024,70.9333,36.2223,35.4228,0.0012,0.5092,33.7956,34.7111,1775594568694838942
ecgclass,single_ecgclass,263.4357,50.2734,47.6536,46.7486,0.0015,0.6033,1.6539,2.6198,1775594568895967959
ecgclass,single_ecgclass,263.7164,50.0441,47.4043,46.5166,0.0014,0.5997,1.6732,2.6397,1775594569176678402
ecgclass,single_ecgclass,263.7697,62.8135,60.2875,59.3547,0.0017,0.6384,1.5678,2.5261,1775594569229827630
ecgclass,single_ecgclass,263.9688,50.1351,47.4713,46.5818,0.0014,0.6016,1.682,2.6638,1775594569429062558
ecgclass,single_ecgclass,264.0811,50.142,47.5327,46.6424,0.0015,0.6015,1.6317,2.6093,1775594569541369583
ecgclass,single_ecgclass,264.2666,68.9397,66.2381,64.6091,0.0026,1.1397,1.6587,2.7015,1775594569726842465
ecgclass,single_ecgclass,264.2744,142.3705,80.3115,78.567,0.0025,0.5665,60.8888,62.0589,1775594569793865820
ecgclass,single_ecgclass,264.3062,110.6043,80.3115,78.567,0.0025,0.5665,29.0968,30.2927,1775594569793865820
ecgclass,single_ecgclass,264.3518,118.3114,52.5704,50.8123,0.0016,1.3317,64.8069,65.741,1775594569875161335
ecgclass,single_ecgclass,264.418,97.5275,44.7916,43.8157,0.0014,0.628,51.8095,52.7359,1775594569928386808
ecgclass,single_ecgclass,264.5267,44.7438,42.3884,41.4787,0.0013,0.6189,1.4677,2.3554,1775594569986779360
ecgclass,single_ecgclass,264.6407,49.2547,46.7699,45.8115,0.0015,0.637,1.5805,2.4848,1775594570100864753
ecgclass,single_ecgclass,264.7531,53.8476,51.2754,50.2759,0.0016,0.6727,1.6296,2.5722,1775594570213319139
ecgclass,single_ecgclass,264.7808,71.0506,44.2332,43.252,0.0015,0.621,25.8973,26.8175,1775594570265275321
ecgclass,single_ecgclass,265.3595,88.2719,85.545,83.6437,0.0031,1.2796,1.6785,2.7268,1775594570819788272
ecgclass,single_ecgclass,265.4423,61.8286,55.597,54.5499,0.0017,0.6726,5.337,6.2316,1775594570906203424
ecgclass,single_ecgclass,265.6034,54.2662,51.6736,50.6642,0.0017,0.6775,1.6236,2.5926,1775594571063595183
ecgclass,single_ecgclass,266.0002,88.3543,85.6041,83.6998,0.003,1.2852,1.6928,2.7503,1775594571460442087
ecgclass,single_ecgclass,266.0279,117.4936,56.2872,55.2494,0.0016,0.6615,60.2937,61.2064,1775594571546819160
ecgclass,single_ecgclass,266.1946,53.0159,50.4431,48.8222,0.0015,0.6779,1.6165,2.5728,1775594571654853960
ecgclass,single_ecgclass,266.2939,87.615,84.9347,83.0712,0.0029,1.2506,1.6527,2.6804,1775594571754122730
ecgclass,single_ecgclass,266.6299,54.2548,51.595,50.5166,0.0016,0.6785,1.6949,2.6598,1775594572090221997
ecgclass,single_ecgclass,266.7614,72.1054,69.3715,67.5432,0.003,1.2516,1.7107,2.7339,1775594572221733441
ecgclass,single_ecgclass,266.8488,54.5695,51.9526,50.8736,0.0016,0.6932,1.6601,2.6169,1775594572309009085
ecgclass,single_ecgclass,266.8505,98.588,45.1159,44.1345,0.0015,0.6225,52.5491,53.4721,1775594572361617760
ecgclass,single_ecgclass,267.3917,88.5546,85.8279,83.9424,0.0026,1.2757,1.6453,2.7267,1775594572851914223
ecgclass,single_ecgclass,267.4144,125.1268,58.6835,57.5227,0.0017,0.7591,65.5341,66.4433,1775594572938571225
ecgclass,single_ecgclass,267.6098,54.666,51.9525,50.9134,0.0016,0.6916,1.7481,2.7135,1775594573070151761
ecgclass,single_ecgclass,267.6837,49.7131,47.2271,46.2445,0.0015,0.6539,1.5981,2.486,1775594573143881644
ecgclass,single_ecgclass,268.3432,55.2921,52.5678,50.8533,0.0017,0.6828,1.7307,2.7243,1775594573803507320
ecgclass,single_ecgclass,268.376,68.3169,45.181,44.2106,0.0015,0.6129,22.2106,23.1359,1775594573856759264
ecgclass,single_ecgclass,268.9199,87.8704,85.0967,83.2161,0.003,1.2694,1.7116,2.7736,1775594574380229930
ecgclass,single_ecgclass,269.7467,61.064,58.5286,56.7618,0.0028,1.2157,1.5199,2.5354,1775594575206791442
ecgclass,single_ecgclass,269.809,51.2552,48.6971,47.672,0.0016,0.6546,1.6408,2.5582,1775594575269186975
ecgclass,single_ecgclass,269.8307,73.6752,43.4883,42.5278,0.0015,0.6185,29.3562,30.1869,1775594575318641477
ecgclass,single_ecgclass,270.0437,54.1835,51.5834,50.563,0.0015,0.6882,1.6363,2.6001,1775594575503907491
ecgclass,single_ecgclass,270.1051,47.57,45.0809,44.2503,0.0014,0.5548,1.5965,2.489,1775594575565261329
ecgclass,single_ecgclass,270.1829,42.6664,40.185,39.371,0.0012,0.5496,1.5535,2.4814,1775594575643017997
ecgclass,single_ecgclass,270.4539,50.247,47.6272,46.7226,0.0015,0.6121,1.651,2.6198,1775594575914176602
ecgclass,single_ecgclass,270.8777,50.9515,48.2466,46.7224,0.0017,1.2081,1.7288,2.7049,1775594576338047401
ecgclass,single_ecgclass,271.064,50.2427,47.5998,46.7035,0.0015,0.6056,1.6711,2.6428,1775594576524245158
ecgclass,single_ecgclass,271.3927,51.1,48.394,47.4102,0.0014,0.619,1.7421,2.706,1775594576853011774
ecgclass,single_ecgclass,271.4165,68.7742,40.8631,39.977,0.0013,0.5508,27.0267,27.9111,1775594576902076342
ecgclass,single_ecgclass,271.9178,88.8119,86.1104,84.2569,0.0029,1.2463,1.6861,2.7015,1775594577378115903
ecgclass,single_ecgclass,271.9456,150.6383,88.6262,86.7364,0.0027,0.6195,60.8282,62.0122,1775594577465043101
ecgclass,single_ecgclass,271.9684,127.8956,88.6262,86.7364,0.0027,0.6195,38.0604,39.2694,1775594577465043101
ecgclass,single_ecgclass,272.0299,123.1842,56.0409,54.9144,0.0016,0.6884,66.1893,67.1433,1775594577554643599
ecgclass,single_ecgclass,272.1803,51.265,48.6681,47.6329,0.0015,0.6617,1.6332,2.5969,1775594577640489148
ecgclass,single_ecgclass,272.216,59.4516,43.3749,42.4003,0.0014,0.6241,15.2023,16.0767,1775594577689801328
ecgclass,single_ecgclass,272.7321,63.9446,61.3075,59.5308,0.0028,1.2158,1.6494,2.637,1775594578192332048
ecgclass,single_ecgclass,272.7818,60.4703,45.5943,44.6605,0.0015,0.6336,13.9511,14.876,1775594578254391044
ecgclass,single_ecgclass,273.2119,54.7101,52.1724,51.1646,0.0015,0.676,1.6129,2.5378,1775594578672107589
ecgclass,single_ecgclass,273.7112,54.1363,51.5391,50.4735,0.0016,0.6789,1.6878,2.5972,1775594579171505462
ecgclass,single_ecgclass,273.8256,54.2457,51.5738,50.4941,0.0017,0.693,1.7328,2.6719,1775594579285919284
ecgclass,single_ecgclass,274.2744,80.1532,77.4218,75.6234,0.0028,1.2434,1.6785,2.7314,1775594579734698619
ecgclass,single_ecgclass,274.607,54.0924,51.426,50.3677,0.0017,0.6759,1.7326,2.6664,1775594580067282903
ecgclass,single_ecgclass,274.7113,53.9427,51.387,50.3771,0.0016,0.679,1.6193,2.5557,1775594580171485095
ecgclass,single_ecgclass,275.0467,87.8556,85.0613,83.2118,0.0031,1.2408,1.7388,2.7942,1775594580506997541
ecgclass,single_ecgclass,275.2778,83.3452,80.5447,78.6691,0.0032,1.2604,1.7715,2.8004,1775594580738207812
ecgclass,single_ecgclass,275.3437,74.8847,56.5918,55.5728,0.0015,0.6681,17.3562,18.2929,1775594580819629292
ecgclass,single_ecgclass,276.0874,54.2161,51.5888,50.511,0.0016,0.6884,1.684,2.6274,1775594581547681814
ecgclass,single_ecgclass,276.2809,85.5553,82.8189,79.6407,0.0031,1.2574,1.7073,2.7364,1775594581741229097
ecgclass,single_ecgclass,276.6559,54.0676,51.4319,50.3563,0.0016,0.6793,1.7285,2.6357,1775594582116264252
ecgclass,single_ecgclass,276.7672,76.1495,73.4243,71.5725,0.003,1.2583,1.7173,2.7252,1775594582227547429
ecgclass,single_ecgclass,276.9817,88.4252,85.6375,83.7813,0.0028,1.25,1.7161,2.7876,1775594582442001565
ecgclass,single_ecgclass,277.0385,89.8576,57.5962,56.4954,0.0018,0.698,31.3535,32.2614,1775594582528416928
ecgclass,single_ecgclass,277.1113,62.7935,45.1643,44.2053,0.0015,0.6125,16.7406,17.6291,1775594582586659351
ecgclass,single_ecgclass,277.3985,79.5386,76.8432,75.184,0.0029,1.1169,1.6651,2.6954,1775594582858788312
ecgclass,single_ecgclass,277.8056,54.018,51.3503,50.3306,0.0016,0.6914,1.7073,2.6678,1775594583265868701
ecgclass,single_ecgclass,278.6255,53.9358,51.3481,50.3219,0.0017,0.6975,1.6792,2.5876,1775594584085794347
ecgclass,single_ecgclass,278.7647,75.3729,72.6034,70.7748,0.003,1.274,1.6844,2.7696,1775594584224990219
ecgclass,single_ecgclass,278.7705,127.5926,57.2073,55.5571,0.0015,0.3219,69.3111,70.3853,1775594584298391489
ecgclass,single_ecgclass,278.8083,89.8438,57.2073,55.5571,0.0015,0.3219,31.5385,32.6364,1775594584298391489
ecgclass,single_ecgclass,278.8453,98.0954,44.7666,43.7749,0.0014,0.6316,52.4428,53.3288,1775594584356330111
ecgclass,single_ecgclass,279.5151,88.218,85.5309,83.6778,0.0031,1.2444,1.6375,2.6871,1775594584975365747
ecgclass,single_ecgclass,279.5889,73.2081,58.0269,56.9621,0.0015,0.6804,14.2617,15.1811,1775594585061778449
ecgclass,single_ecgclass,279.6653,50.1633,47.3434,46.1237,0.0067,0.7689,1.5574,2.8199,1775594585125493961
ecgclass,single_ecgclass,280.2082,90.7862,87.5203,85.5897,0.0029,1.265,2.2342,3.2659,1775594585668997403
ecgclass,single_ecgclass,280.3672,54.2908,51.632,50.5594,0.0017,0.6861,1.7204,2.6588,1775594585827507777
ecgclass,single_ecgclass,280.4527,52.8224,50.2985,49.2959,0.0015,0.6696,1.6253,2.5239,1775594585912916160
ecgclass,single_ecgclass,280.4585,93.7154,45.9036,44.6753,0.0014,0.4418,46.7706,47.8119,1775594585963823080
ecgclass,single_ecgclass,280.4782,73.9639,45.9036,44.6753,0.0014,0.4418,26.9969,28.0603,1775594585963823080
ecgclass,single_ecgclass,280.5277,67.3466,42.3444,41.3718,0.0014,0.6056,24.1086,25.0022,1775594586010423280
ecgclass,single_ecgclass,280.5814,56.987,42.6542,41.129,0.0015,1.1744,13.4242,14.3329,1775594586053409573
ecgclass,single_ecgclass,280.7026,48.4047,46.0204,45.0648,0.0013,0.6485,1.4939,2.3843,1775594586162652788
ecgclass,single_ecgclass,280.8843,55.0113,52.4277,51.3816,0.0016,0.7053,1.682,2.5836,1775594586344547378
ecgclass,single_ecgclass,280.9393,49.4616,47.0359,46.0697,0.0015,0.65,1.5268,2.4257,1775594586399446242
ecgclass,single_ecgclass,281.1131,55.0356,52.3982,51.3474,0.0017,0.6949,1.6856,2.6374,1775594586573383770
ecgclass,single_ecgclass,281.2254,54.2638,51.5698,50.5462,0.0016,0.6933,1.6892,2.694,1775594586685662188
ecgclass,single_ecgclass,281.5821,54.1592,51.5473,50.5135,0.0017,0.682,1.7159,2.6119,1775594587042436982
ecgclass,single_ecgclass,281.7346,53.8335,51.3257,50.3152,0.0016,0.6789,1.6108,2.5077,1775594587194770654
ecgclass,single_ecgclass,281.8746,54.1317,51.5246,50.4612,0.0017,0.6804,1.6735,2.6071,1775594587334916161
ecgclass,single_ecgclass,281.971,53.4439,50.9785,49.9723,0.0016,0.6658,1.5776,2.4654,1775594587431168840
ecgclass,single_ecgclass,282.1047,52.4111,49.7884,48.8864,0.0014,0.6032,1.6894,2.6227,1775594587564973844
ecgclass,single_ecgclass,282.1783,46.1197,43.6098,42.7512,0.0014,0.5619,1.6026,2.5099,1775594587638502710
ecgclass,single_ecgclass,282.2356,41.4741,39.0908,38.2885,0.0012,0.5454,1.5543,2.3833,1775594587695789317
ecgclass,single_ecgclass,282.4084,58.3861,55.7319,54.6281,0.0017,0.7371,1.7068,2.6542,1775594587868718638
ecgclass,single_ecgclass,282.49,45.3839,42.8886,42.0193,0.0014,0.5799,1.5929,2.4953,1775594587950208914
ecgclass,single_ecgclass,282.5676,43.9081,41.4134,40.5496,0.0013,0.5829,1.5738,2.4947,1775594588027795216
ecgclass,single_ecgclass,283.2063,83.3287,80.5917,78.8505,0.0029,1.1698,1.7376,2.737,1775594588666645766
ecgclass,single_ecgclass,283.438,54.0783,51.4384,50.4177,0.0017,0.6782,1.7052,2.6399,1775594588898257019
ecgclass,single_ecgclass,283.5393,54.0411,51.5059,50.5015,0.0016,0.6761,1.6282,2.5353,1775594588999477778
ecgclass,single_ecgclass,283.7606,71.665,68.8603,66.965,0.0028,1.2793,1.7345,2.8047,1775594589220963177
ecgclass,single_ecgclass,284.1218,54.106,51.408,50.3252,0.0015,0.698,1.744,2.698,1775594589582092575
ecgclass,single_ecgclass,284.9128,54.503,51.9327,50.3631,0.0015,0.6538,1.6785,2.5702,1775594590373037352
ecgclass,single_ecgclass,285.0795,54.3108,51.7592,50.7448,0.0015,0.6759,1.6186,2.5516,1775594590539762905
ecgclass,single_ecgclass,285.0913,88.4728,45.2373,44.2462,0.0014,0.6284,42.3872,43.2355,1775594590592304306
ecgclass,single_ecgclass,285.234,48.7885,46.3416,45.4098,0.0016,0.6259,1.5624,2.4469,1775594590694168076
ecgclass,single_ecgclass,285.2518,76.442,44.7581,43.7911,0.0015,0.6134,30.8037,31.6839,1775594590741165782
ecgclass,single_ecgclass,285.936,55.2151,52.5209,51.4611,0.0015,0.6753,1.7135,2.6942,1775594591396298931
ecgclass,single_ecgclass,285.9668,72.5405,47.2441,46.2778,0.0013,0.2971,24.2376,25.2964,1775594591449583067
ecgclass,single_ecgclass,285.9815,57.8153,47.2441,46.2778,0.0013,0.2971,9.4879,10.5712,1775594591449583067
ecgclass,single_ecgclass,286.4429,54.3795,51.7371,50.6594,0.0016,0.69,1.7002,2.6424,1775594591903179683
ecgclass,single_ecgclass,286.5585,50.971,48.3867,47.4749,0.0015,0.6061,1.6496,2.5843,1775594592018736495
ecgclass,single_ecgclass,286.7027,50.2353,47.6402,46.7417,0.0013,0.6086,1.6592,2.5951,1775594592162979885
ecgclass,single_ecgclass,286.8212,50.8645,48.2573,46.7001,0.0015,1.2248,1.6687,2.6071,1775594592281466698
ecgclass,single_ecgclass,287.3517,50.1308,47.5273,46.6308,0.0014,0.6102,1.6754,2.6036,1775594592811984760
ecgclass,single_ecgclass,287.5252,50.1516,47.6284,46.7075,0.0015,0.6328,1.6501,2.5232,1775594592985396866
ecgclass,single_ecgclass,287.6536,50.5638,48.0116,47.1201,0.0014,0.6034,1.6122,2.5522,1775594593113787191
ecgclass,single_ecgclass,287.6763,69.3121,40.9397,40.0817,0.0013,0.5492,27.4651,28.3724,1775594593162407118
ecgclass,single_ecgclass,288.2624,69.6099,66.959,65.1097,0.003,1.2741,1.6687,2.6509,1775594593722629335
ecgclass,single_ecgclass,288.3141,71.0323,52.4185,51.3499,0.0016,0.6811,17.7197,18.6138,1775594593790449604
ecgclass,single_ecgclass,288.8678,54.7612,52.0538,50.9889,0.0016,0.6785,1.7297,2.7074,1775594594328141297
ecgclass,single_ecgclass,288.8766,92.1378,45.3488,44.4221,0.0014,0.6203,45.8877,46.789,1775594594381067705
ecgclass,single_ecgclass,289.2862,87.3883,84.6473,82.7531,0.0029,1.2716,1.7092,2.741,1775594594746522448
ecgclass,single_ecgclass,289.3978,54.8582,52.2541,50.5287,0.0017,1.3231,1.6904,2.6041,1775594594858108951
ecgclass,single_ecgclass,290.2657,74.7914,72.0344,70.1696,0.0031,1.2763,1.7273,2.757,1775594595725986164
ecgclass,single_ecgclass,290.6199,54.6343,52.0112,50.9429,0.0016,0.6793,1.6763,2.6231,1775594596080190539
ecgclass,single_ecgclass,290.6457,75.4077,45.9287,44.8477,0.0013,0.6177,28.5788,29.4791,1775594596132861911
ecgclass,single_ecgclass,290.6734,90.6937,42.466,41.5193,0.0014,0.6071,47.312,48.2277,1775594596179347063
ecgclass,single_ecgclass,290.7513,61.7814,48.3083,47.0112,0.0019,0.8573,12.5296,13.4731,1775594596222422861
ecgclass,single_ecgclass,291.4529,54.333,51.6416,50.639,0.0016,0.6753,1.7376,2.6913,1775594596913221437
ecgclass,single_ecgclass,291.6315,52.4824,49.9044,48.9782,0.0016,0.6122,1.6601,2.578,1775594597091767884
ecgclass,single_ecgclass,291.8083,50.2791,47.5555,46.5979,0.0013,0.6022,1.7328,2.7237,1775594597268620930
ecgclass,single_ecgclass,292.165,50.1935,47.5769,46.6852,0.0014,0.6031,1.6313,2.6166,1775594597625230964
ecgclass,single_ecgclass,292.4106,51.3389,48.6902,47.7313,0.0015,0.6019,1.6878,2.6488,1775594597870856501
ecgclass,single_ecgclass,292.6483,50.6485,48.2322,46.7065,0.0016,0.6419,1.5912,2.4163,1775594598108451158
ecgclass,single_ecgclass,293.0324,50.0033,47.4502,46.538,0.0016,0.612,1.6079,2.5531,1775594598492606945
ecgclass,single_ecgclass,293.2027,50.9007,48.1677,47.1523,0.0037,0.6942,1.6015,2.733,1775594598662890474
ecgclass,single_ecgclass,293.466,88.7573,85.8647,83.966,0.0028,1.2459,1.842,2.8926,1775594598926411698
ecgclass,single_ecgclass,293.5649,54.1048,51.4053,50.3412,0.0018,0.6781,1.7266,2.6995,1775594599025270610
ecgclass,single_ecgclass,293.7163,54.2274,51.5661,50.5023,0.0016,0.6793,1.6778,2.6612,1775594599176592772
ecgclass,single_ecgclass,293.9109,83.4503,80.7208,78.9677,0.0029,1.1802,1.6842,2.7295,1775594599371141715
ecgclass,single_ecgclass,294.0106,54.1286,51.5352,50.4843,0.0016,0.6732,1.651,2.5935,1775594599470797788
ecgclass,single_ecgclass,294.3561,87.8267,84.9759,83.098,0.0027,1.2663,1.6713,2.8509,1775594599816407698
ecgclass,single_ecgclass,294.8325,54.745,52.0944,51.0056,0.0015,0.6806,1.6701,2.6505,1775594600292798742
ecgclass,single_ecgclass,294.8703,63.6926,46.0746,44.4928,0.0015,1.2193,16.6912,17.6179,1775594600345588790
ecgclass,single_ecgclass,295.2365,55.4214,51.8741,50.8615,0.0016,0.6821,1.6274,3.5473,1775594600696693568
ecgclass,single_ecgclass,295.2512,98.9013,58.5175,56.5576,0.0016,0.6613,39.4371,40.3838,1775594600749265230
ecgclass,single_ecgclass,295.2971,98.1472,44.533,43.5764,0.0015,0.6123,52.6814,53.6142,1775594600808368310
ecgclass,single_ecgclass,295.4675,50.8444,48.3331,47.3616,0.0016,0.654,1.5624,2.5113,1775594600927634642
ecgclass,single_ecgclass,295.8538,54.318,51.6905,50.6149,0.0016,0.6787,1.6851,2.6275,1775594601314128526
ecgclass,single_ecgclass,296.585,52.0046,49.3085,48.3318,0.0014,0.6096,1.7338,2.6961,1775594602045298515
ecgclass,single_ecgclass,296.7923,50.6861,48.0087,47.0491,0.0014,0.6042,1.694,2.6774,1775594602252587663
ecgclass,single_ecgclass,296.8041,80.38,40.7782,39.863,0.0014,0.5502,38.6734,39.6018,1775594602301340258
ecgclass,single_ecgclass,297.1098,50.5221,47.9507,47.0255,0.0015,0.6348,1.6043,2.5714,1775594602570047295
ecgclass,single_ecgclass,297.1556,46.8335,41.4448,40.0601,0.0013,1.052,4.4293,5.3887,1775594602618653695
ecgclass,single_ecgclass,297.2066,40.4017,38.0302,37.2534,0.0012,0.5256,1.4334,2.3715,1775594602666659921
ecgclass,single_ecgclass,297.2263,56.7625,35.5131,34.7245,0.0011,0.5028,20.3328,21.2494,1775594602705260151
ecgclass,single_ecgclass,297.3573,45.4299,43.019,42.1233,0.0014,0.5997,1.497,2.411,1775594602817431824
ecgclass,single_ecgclass,297.438,44.6734,42.2941,41.3965,0.0014,0.6013,1.4558,2.3794,1775594602898017679
ecgclass,single_ecgclass,297.8482,50.4227,47.7107,46.7541,0.0014,0.6029,1.7231,2.712,1775594603308491800
ecgclass,single_ecgclass,298.101,50.4968,47.9131,46.958,0.0017,0.6231,1.6446,2.5837,1775594603561204937
ecgclass,single_ecgclass,298.1887,48.3434,45.7779,44.8969,0.0014,0.5847,1.61,2.5655,1775594603648884042
ecgclass,single_ecgclass,298.2602,51.6922,49.208,48.088,0.002,0.735,1.5609,2.4843,1775594603720387744
ecgclass,single_ecgclass,298.4042,50.3695,47.7371,46.8114,0.0015,0.6055,1.6901,2.6324,1775594603864463323
ecgclass,single_ecgclass,298.4618,44.6327,42.1099,41.2727,0.0014,0.5692,1.55,2.5228,1775594603921906366
ecgclass,single_ecgclass,298.4725,72.7322,38.3407,36.9714,0.0013,0.5395,33.4964,34.3915,1775594603964603415
ecgclass,single_ecgclass,298.5604,37.8616,35.5632,34.8188,0.0011,0.5015,1.4172,2.2984,1775594604020457129
ecgclass,single_ecgclass,298.6185,36.9432,34.6653,33.9274,0.0011,0.4999,1.4005,2.2779,1775594604078500568
ecgclass,single_ecgclass,298.8798,58.1765,55.5813,54.4753,0.0016,0.7381,1.6401,2.5953,1775594604340075168
ecgclass,single_ecgclass,299.0913,58.8479,56.2679,55.1376,0.0018,0.7583,1.626,2.58,1775594604551560263
ecgclass,single_ecgclass,299.1431,53.997,46.2761,45.2994,0.0014,0.6151,6.7976,7.721,1775594604608500019
ecgclass,single_ecgclass,299.5416,54.1704,51.5266,50.4451,0.0016,0.6912,1.7149,2.6438,1775594605001930835
ecgclass,single_ecgclass,299.7071,61.6143,51.4979,50.4298,0.0016,0.683,9.1529,10.1163,1775594605174817162
