task,device_url,n_requests,throughput_rps,avg_latency_ms
sst2,10.100.20.52:8000,2901,48.35,82.77902271122161
ag_news,10.100.20.52:8000,2504,41.733333333333334,95.90917797134327
