task,condition,elapsed_sec,latency_ms,server_exec_ms,server_proc_ms,server_swap_ms,server_decoder_ms,queue_wait_plus_rpc_ms,non_server_exec_overhead_ms,server_start_ns
ecgclass,no_sharing_tpc,0.0001,585.6421,581.4378,364.3126,0.0029,216.2517,3.0766,4.2043,1775751832487250546
ecgclass,no_sharing_tpc,0.4823,157.5675,53.7095,49.2876,0.0014,3.9987,103.1113,103.858,1775751833069489233
ecgclass,no_sharing_tpc,0.9485,49.7601,47.3222,46.1803,0.0016,0.6363,1.6093,2.4379,1775751833434173568
ecgclass,no_sharing_tpc,1.4265,45.604,43.3737,42.3819,0.0012,0.5544,1.6365,2.2303,1775751833912145407
ecgclass,no_sharing_tpc,1.4822,247.9525,246.0461,238.686,0.0025,6.843,1.0927,1.9064,1775751833967335316
ecgclass,no_sharing_tpc,1.4986,464.0939,231.7915,224.5382,0.0023,6.6732,231.5311,232.3025,1775751834214115361
ecgclass,no_sharing_tpc,1.7904,387.5656,214.5421,208.6594,0.0017,5.3805,172.1649,173.0235,1775751834446575091
ecgclass,no_sharing_tpc,2.0725,318.989,213.1029,211.3275,0.0021,1.2998,105.149,105.8861,1775751834661697571
ecgclass,no_sharing_tpc,2.6962,56.7911,54.9026,49.8413,0.0014,4.6905,1.1985,1.8884,1775751835181385913
ecgclass,no_sharing_tpc,2.7125,272.9094,232.0892,226.3229,0.0014,5.3608,40.2477,40.8202,1775751835236830382
ecgclass,no_sharing_tpc,2.9217,650.9457,586.2255,242.4738,0.0014,171.6817,63.7012,64.7202,1775751835469473385
ecgclass,no_sharing_tpc,2.9355,637.2199,586.2255,242.4738,0.0014,171.6817,49.931,50.9944,1775751835469473385
ecgclass,no_sharing_tpc,3.1536,484.8027,65.361,60.4107,0.0019,2.1303,418.7891,419.4418,1775751836056426572
ecgclass,no_sharing_tpc,3.4998,138.6921,65.361,60.4107,0.0019,2.1303,72.5515,73.3312,1775751836056426572
ecgclass,no_sharing_tpc,3.5769,425.4577,363.1295,357.5701,0.0014,5.1779,61.5029,62.3282,1775751836122474621
ecgclass,no_sharing_tpc,3.8234,1095.8071,915.8341,293.6852,0.0013,155.4403,178.7279,179.973,1775751836486202518
ecgclass,no_sharing_tpc,3.8542,1065.1028,915.8341,293.6852,0.0013,155.4403,148.0,149.2687,1775751836486202518
ecgclass,no_sharing_tpc,3.8739,1045.4891,915.8341,293.6852,0.0013,155.4403,128.2561,129.655,1775751836486202518
ecgclass,no_sharing_tpc,3.9353,984.148,915.8341,293.6852,0.0013,155.4403,66.8771,68.3139,1775751836486202518
ecgclass,no_sharing_tpc,4.1157,1733.8169,928.9039,141.3339,0.0013,157.446,803.2737,804.913,1775751837403052143
ecgclass,no_sharing_tpc,4.1985,1651.0572,928.9039,141.3339,0.0013,157.446,720.4902,722.1534,1775751837403052143
ecgclass,no_sharing_tpc,4.4476,1402.0236,928.9039,141.3339,0.0013,157.446,471.4422,473.1197,1775751837403052143
ecgclass,no_sharing_tpc,4.494,1355.7332,928.9039,141.3339,0.0013,157.446,425.0064,426.8293,1775751837403052143
ecgclass,no_sharing_tpc,4.8604,989.3999,928.9039,141.3339,0.0013,157.446,58.6355,60.4961,1775751837403052143
ecgclass,no_sharing_tpc,5.1057,2198.4079,1452.549,149.2225,0.0038,162.6856,744.0147,745.8589,1775751838333776772
ecgclass,no_sharing_tpc,5.2362,2067.9607,1452.549,149.2225,0.0038,162.6856,613.5421,615.4118,1775751838333776772
ecgclass,no_sharing_tpc,5.3197,1984.5228,1452.549,149.2225,0.0038,162.6856,530.0889,531.9738,1775751838333776772
ecgclass,no_sharing_tpc,5.4117,1892.8025,1452.549,149.2225,0.0038,162.6856,438.0019,440.2535,1775751838333776772
ecgclass,no_sharing_tpc,5.4262,1878.4523,1452.549,149.2225,0.0038,162.6856,423.5818,425.9033,1775751838333776772
ecgclass,no_sharing_tpc,5.4625,1842.0928,1452.549,149.2225,0.0038,162.6856,387.2046,389.5438,1775751838333776772
ecgclass,no_sharing_tpc,5.5993,1705.3473,1452.549,149.2225,0.0038,162.6856,250.4454,252.7983,1775751838333776772
ecgclass,no_sharing_tpc,5.6765,1628.1745,1452.549,149.2225,0.0038,162.6856,173.2593,175.6256,1775751838333776772
ecgclass,no_sharing_tpc,5.9297,1658.1452,281.4206,279.1384,0.0017,0.0712,1374.8164,1376.7246,1775751839788560066
ecgclass,no_sharing_tpc,6.0721,1515.7323,281.4206,279.1384,0.0017,0.0712,1232.3792,1234.3117,1775751839788560066
ecgclass,no_sharing_tpc,6.1193,1468.5566,281.4206,279.1384,0.0017,0.0712,1185.1881,1187.136,1775751839788560066
ecgclass,no_sharing_tpc,6.2117,1376.9214,281.4206,279.1384,0.0017,0.0712,1092.8533,1095.5008,1775751839788560066
ecgclass,no_sharing_tpc,6.3393,1249.331,281.4206,279.1384,0.0017,0.0712,965.2412,967.9104,1775751839788560066
ecgclass,no_sharing_tpc,6.5799,1008.7824,281.4206,279.1384,0.0017,0.0712,724.6144,727.3618,1775751839788560066
ecgclass,no_sharing_tpc,6.5799,1008.7876,281.4206,279.1384,0.0017,0.0712,724.6056,727.367,1775751839788560066
ecgclass,no_sharing_tpc,6.6491,939.6031,281.4206,279.1384,0.0017,0.0712,655.4084,658.1825,1775751839788560066
ecgclass,no_sharing_tpc,6.7078,880.8999,281.4206,279.1384,0.0017,0.0712,596.6918,599.4793,1775751839788560066
ecgclass,no_sharing_tpc,6.9748,613.9946,281.4206,279.1384,0.0017,0.0712,329.7741,332.574,1775751839788560066
ecgclass,no_sharing_tpc,7.2527,336.0431,281.4206,279.1384,0.0017,0.0712,51.8115,54.6225,1775751839788560066
ecgclass,no_sharing_tpc,7.4697,1860.0881,1741.357,1734.3324,0.0019,3.3463,117.8515,118.7311,1775751840071563812
ecgclass,no_sharing_tpc,7.4844,1845.4175,1741.357,1734.3324,0.0019,3.3463,103.1559,104.0605,1775751840071563812
ecgclass,no_sharing_tpc,7.7108,3718.1728,2097.7683,492.5338,0.0058,160.4613,1618.7484,1620.4045,1775751841813548808
ecgclass,no_sharing_tpc,7.982,3447.2783,2097.7683,492.5338,0.0058,160.4613,1347.5447,1349.51,1775751841813548808
ecgclass,no_sharing_tpc,8.206,3223.732,2097.7683,492.5338,0.0058,160.4613,1123.467,1125.9637,1775751841813548808
ecgclass,no_sharing_tpc,8.2627,3167.0599,2097.7683,492.5338,0.0058,160.4613,1066.7734,1069.2916,1775751841813548808
ecgclass,no_sharing_tpc,8.3271,3102.669,2097.7683,492.5338,0.0058,160.4613,1002.3673,1004.9007,1775751841813548808
ecgclass,no_sharing_tpc,8.3596,3070.3607,2097.7683,492.5338,0.0058,160.4613,969.9154,972.5924,1775751841813548808
ecgclass,no_sharing_tpc,8.4302,2999.8424,2097.7683,492.5338,0.0058,160.4613,899.3602,902.0741,1775751841813548808
ecgclass,no_sharing_tpc,8.4349,2996.2368,2097.7683,492.5338,0.0058,160.4613,894.628,898.4685,1775751841813548808
ecgclass,no_sharing_tpc,8.4686,2962.5015,2097.7683,492.5338,0.0058,160.4613,860.8682,864.7332,1775751841813548808
ecgclass,no_sharing_tpc,8.7311,2700.067,2097.7683,492.5338,0.0058,160.4613,598.3958,602.2988,1775751841813548808
ecgclass,no_sharing_tpc,9.5308,2136.3549,234.8277,226.5272,0.0019,0.7931,1900.5098,1901.5272,1775751843915298852
ecgclass,no_sharing_tpc,9.6428,2024.6353,234.8277,226.5272,0.0019,0.7931,1788.4293,1789.8076,1775751843915298852
ecgclass,no_sharing_tpc,9.7002,1967.9101,234.8277,226.5272,0.0019,0.7931,1731.0405,1733.0823,1775751843915298852
ecgclass,no_sharing_tpc,9.7793,1888.8755,234.8277,226.5272,0.0019,0.7931,1651.9845,1654.0478,1775751843915298852
ecgclass,no_sharing_tpc,9.8517,1816.7801,234.8277,226.5272,0.0019,0.7931,1579.5956,1581.9524,1775751843915298852
ecgclass,no_sharing_tpc,9.8773,1791.1298,234.8277,226.5272,0.0019,0.7931,1553.9267,1556.3021,1775751843915298852
ecgclass,no_sharing_tpc,10.0948,1573.7224,234.8277,226.5272,0.0019,0.7931,1336.4599,1338.8946,1775751843915298852
ecgclass,no_sharing_tpc,10.37,1298.5091,234.8277,226.5272,0.0019,0.7931,1061.2319,1063.6814,1775751843915298852
ecgclass,no_sharing_tpc,10.6713,997.2575,234.8277,226.5272,0.0019,0.7931,759.9678,762.4298,1775751843915298852
ecgclass,no_sharing_tpc,11.7328,1346.431,1343.8164,1342.9212,0.0015,0.6036,1.7993,2.6146,1775751844218601644
ecgclass,no_sharing_tpc,12.1554,1279.1712,354.6206,347.1522,0.0013,1.1747,923.5914,924.5506,1775751845563062674
ecgclass,no_sharing_tpc,12.4837,951.5951,354.6206,347.1522,0.0013,1.1747,595.3135,596.9744,1775751845563062674
ecgclass,no_sharing_tpc,12.6919,743.4034,354.6206,347.1522,0.0013,1.1747,387.1014,388.7828,1775751845563062674
ecgclass,no_sharing_tpc,12.8107,624.6564,354.6206,347.1522,0.0013,1.1747,268.3413,270.0358,1775751845563062674
ecgclass,no_sharing_tpc,12.8195,616.0181,354.6206,347.1522,0.0013,1.1747,259.5651,261.3974,1775751845563062674
ecgclass,no_sharing_tpc,13.0111,424.4671,354.6206,347.1522,0.0013,1.1747,67.9784,69.8465,1775751845563062674
ecgclass,no_sharing_tpc,13.1354,1266.6287,966.0254,964.8887,0.0036,0.6951,299.6573,300.6033,1775751845919098512
ecgclass,no_sharing_tpc,13.4367,1294.4701,328.1137,327.0104,0.0065,0.1259,965.1542,966.3564,1775751846885895876
ecgclass,no_sharing_tpc,13.8419,889.6868,328.1137,327.0104,0.0065,0.1259,559.9637,561.5731,1775751846885895876
ecgclass,no_sharing_tpc,13.9084,823.2238,328.1137,327.0104,0.0065,0.1259,493.4795,495.1101,1775751846885895876
ecgclass,no_sharing_tpc,13.9191,812.4735,328.1137,327.0104,0.0065,0.1259,482.7156,484.3598,1775751846885895876
ecgclass,no_sharing_tpc,14.1035,628.237,328.1137,327.0104,0.0065,0.1259,298.3415,300.1233,1775751846885895876
ecgclass,no_sharing_tpc,14.6139,942.153,823.5819,815.8418,0.0035,7.1983,117.4312,118.571,1775751847215383707
ecgclass,no_sharing_tpc,14.778,1527.9109,748.9065,267.5385,0.0013,160.3198,778.0092,779.0044,1775751848040013128
ecgclass,no_sharing_tpc,15.2049,1101.1889,748.9065,267.5385,0.0013,160.3198,351.0447,352.2824,1775751848040013128
ecgclass,no_sharing_tpc,15.3549,951.2627,748.9065,267.5385,0.0013,160.3198,201.0982,202.3562,1775751848040013128
ecgclass,no_sharing_tpc,15.6183,923.656,234.4773,226.7017,0.0013,0.8062,687.5672,689.1787,1775751848789895084
ecgclass,no_sharing_tpc,15.676,865.9406,234.4773,226.7017,0.0013,0.8062,629.8268,631.4633,1775751848789895084
ecgclass,no_sharing_tpc,15.7038,838.5546,234.4773,226.7017,0.0013,0.8062,602.0911,604.0774,1775751848789895084
ecgclass,no_sharing_tpc,15.7316,810.7893,234.4773,226.7017,0.0013,0.8062,574.3067,576.3121,1775751848789895084
ecgclass,no_sharing_tpc,15.7543,788.3644,234.4773,226.7017,0.0013,0.8062,551.5587,553.8872,1775751848789895084
ecgclass,no_sharing_tpc,15.7661,776.6109,234.4773,226.7017,0.0013,0.8062,539.7861,542.1336,1775751848789895084
ecgclass,no_sharing_tpc,16.1085,434.2604,234.4773,226.7017,0.0013,0.8062,197.3765,199.7831,1775751848789895084
ecgclass,no_sharing_tpc,16.1995,343.2577,234.4773,226.7017,0.0013,0.8062,106.359,108.7804,1775751848789895084
ecgclass,no_sharing_tpc,16.276,266.7699,234.4773,226.7017,0.0013,0.8062,29.8567,32.2926,1775751848789895084
ecgclass,no_sharing_tpc,16.4626,1517.2377,1436.8053,1429.6572,0.0013,3.3525,79.4432,80.4324,1775751849026044613
ecgclass,no_sharing_tpc,16.5003,1479.5053,1436.8053,1429.6572,0.0013,3.3525,41.6834,42.7,1775751849026044613
ecgclass,no_sharing_tpc,16.8843,1565.9306,469.2245,458.6999,0.0013,1.0026,1095.2663,1096.7061,1775751850463598490
ecgclass,no_sharing_tpc,17.1426,1307.6761,469.2245,458.6999,0.0013,1.0026,836.982,838.4516,1775751850463598490
ecgclass,no_sharing_tpc,17.2086,1241.9896,469.2245,458.6999,0.0013,1.0026,770.9446,772.7651,1775751850463598490
ecgclass,no_sharing_tpc,17.2483,1202.4608,469.2245,458.6999,0.0013,1.0026,731.2198,733.2362,1775751850463598490
ecgclass,no_sharing_tpc,17.3552,1095.624,469.2245,458.6999,0.0013,1.0026,624.3639,626.3995,1775751850463598490
ecgclass,no_sharing_tpc,17.4159,1034.9267,469.2245,458.6999,0.0013,1.0026,563.6542,565.7021,1775751850463598490
ecgclass,no_sharing_tpc,17.4306,1020.3669,469.2245,458.6999,0.0013,1.0026,548.9495,551.1424,1775751850463598490
ecgclass,no_sharing_tpc,17.5318,919.2467,469.2245,458.6999,0.0013,1.0026,447.7835,450.0222,1775751850463598490
ecgclass,no_sharing_tpc,17.982,1817.6744,1348.2254,1341.1871,0.005,3.2205,468.277,469.449,1775751850934338473
ecgclass,no_sharing_tpc,18.1831,1616.724,1348.2254,1341.1871,0.005,3.2205,267.1742,268.4986,1775751850934338473
ecgclass,no_sharing_tpc,18.8002,1402.4286,401.7464,394.0866,0.0035,2.4079,999.5375,1000.6822,1775751852283764890
ecgclass,no_sharing_tpc,19.2089,993.7136,401.7464,394.0866,0.0035,2.4079,590.7972,591.9672,1775751852283764890
ecgclass,no_sharing_tpc,19.4329,769.9809,401.7464,394.0866,0.0035,2.4079,366.8609,368.2345,1775751852283764890
ecgclass,no_sharing_tpc,19.803,956.0025,555.3375,547.6621,0.0012,2.3898,399.5118,400.665,1775751852686595205
ecgclass,no_sharing_tpc,19.9489,810.2252,555.3375,547.6621,0.0012,2.3898,253.7103,254.8878,1775751852686595205
ecgclass,no_sharing_tpc,20.1624,596.7011,555.3375,547.6621,0.0012,2.3898,40.1483,41.3637,1775751852686595205
ecgclass,no_sharing_tpc,20.238,1096.283,574.4237,573.3768,0.0014,0.1595,520.7679,521.8593,1775751853242851712
ecgclass,no_sharing_tpc,20.2818,1052.9795,574.4237,573.3768,0.0014,0.1595,477.0472,478.5558,1775751853242851712
ecgclass,no_sharing_tpc,20.7108,623.96,574.4237,573.3768,0.0014,0.1595,48.0058,49.5363,1775751853242851712
ecgclass,no_sharing_tpc,20.7385,596.2937,574.4237,573.3768,0.0014,0.1595,20.3018,21.87,1775751853242851712
ecgclass,no_sharing_tpc,20.7763,1313.2203,754.1525,752.4164,0.0053,0.2432,558.068,559.0678,1775751853818408367
ecgclass,no_sharing_tpc,20.838,1252.6429,754.1525,752.4164,0.0053,0.2432,496.3512,498.4904,1775751853818408367
ecgclass,no_sharing_tpc,21.0318,1058.857,754.1525,752.4164,0.0053,0.2432,302.5398,304.7045,1775751853818408367
ecgclass,no_sharing_tpc,21.1152,976.1736,754.1525,752.4164,0.0053,0.2432,219.1541,222.0211,1775751853818408367
ecgclass,no_sharing_tpc,21.2517,839.7717,754.1525,752.4164,0.0053,0.2432,82.7243,85.6192,1775751853818408367
ecgclass,no_sharing_tpc,21.684,1247.4802,840.3636,833.2428,0.0036,3.3176,406.0318,407.1165,1775751854574028060
ecgclass,no_sharing_tpc,21.9924,939.1148,840.3636,833.2428,0.0036,3.3176,97.6422,98.7512,1775751854574028060
ecgclass,no_sharing_tpc,22.2261,1175.5965,469.0543,460.4355,0.0013,1.0038,705.0977,706.5421,1775751855415264298
ecgclass,no_sharing_tpc,22.2605,1141.2139,469.0543,460.4355,0.0013,1.0038,670.6898,672.1595,1775751855415264298
ecgclass,no_sharing_tpc,22.4985,903.6033,469.0543,460.4355,0.0013,1.0038,432.775,434.549,1775751855415264298
ecgclass,no_sharing_tpc,22.5889,813.4687,469.0543,460.4355,0.0013,1.0038,342.3588,344.4144,1775751855415264298
ecgclass,no_sharing_tpc,22.6136,788.748,469.0543,460.4355,0.0013,1.0038,317.6188,319.6937,1775751855415264298
ecgclass,no_sharing_tpc,22.6937,708.8122,469.0543,460.4355,0.0013,1.0038,237.5324,239.7579,1775751855415264298
ecgclass,no_sharing_tpc,22.7088,693.723,469.0543,460.4355,0.0013,1.0038,222.4259,224.6686,1775751855415264298
ecgclass,no_sharing_tpc,22.8906,511.9998,469.0543,460.4355,0.0013,1.0038,40.6609,42.9455,1775751855415264298
ecgclass,no_sharing_tpc,23.0857,1684.7765,1367.4371,1366.4768,0.0014,0.1754,316.2949,317.3395,1775751855885992026
ecgclass,no_sharing_tpc,23.1441,1626.3881,1367.4371,1366.4768,0.0014,0.1754,257.8826,258.951,1775751855885992026
ecgclass,no_sharing_tpc,23.1528,1617.8381,1367.4371,1366.4768,0.0014,0.1754,249.1238,250.4011,1775751855885992026
ecgclass,no_sharing_tpc,23.6993,1679.3787,607.0705,606.0908,0.0014,0.116,1070.9686,1072.3082,1775751857254332187
ecgclass,no_sharing_tpc,23.8602,1518.4958,607.0705,606.0908,0.0014,0.116,910.0611,911.4253,1775751857254332187
ecgclass,no_sharing_tpc,24.1579,1220.8614,607.0705,606.0908,0.0014,0.116,612.411,613.7909,1775751857254332187
ecgclass,no_sharing_tpc,24.2286,1150.3658,607.0705,606.0908,0.0014,0.116,541.6799,543.2953,1775751857254332187
ecgclass,no_sharing_tpc,24.5646,814.3854,607.0705,606.0908,0.0014,0.116,205.6813,207.3149,1775751857254332187
ecgclass,no_sharing_tpc,24.8927,1328.4428,841.4649,834.3674,0.0014,3.3379,485.9419,486.9779,1775751857862627570
ecgclass,no_sharing_tpc,24.9124,1308.7323,841.4649,834.3674,0.0014,3.3379,466.2073,467.2674,1775751857862627570
ecgclass,no_sharing_tpc,25.9973,605.2001,380.8276,373.7866,0.0035,3.3089,223.4199,224.3725,1775751858704789860
ecgclass,no_sharing_tpc,26.1324,470.2437,380.8276,373.7866,0.0035,3.3089,88.3069,89.4161,1775751858704789860
ecgclass,no_sharing_tpc,26.4127,571.1563,380.5677,373.505,0.0012,3.3395,189.6093,190.5885,1775751859086374998
ecgclass,no_sharing_tpc,26.4605,523.4468,380.5677,373.505,0.0012,3.3395,141.876,142.8791,1775751859086374998
ecgclass,no_sharing_tpc,26.657,708.5741,380.8673,373.8909,0.0027,3.2653,326.6015,327.7068,1775751859467620576
ecgclass,no_sharing_tpc,26.7139,651.6526,380.8673,373.8909,0.0027,3.2653,269.6555,270.7853,1775751859467620576
ecgclass,no_sharing_tpc,27.0375,735.6505,406.6879,399.0205,0.0012,2.4232,327.879,328.9627,1775751859849419688
ecgclass,no_sharing_tpc,27.1309,642.2772,406.6879,399.0205,0.0012,2.4232,234.4818,235.5894,1775751859849419688
ecgclass,no_sharing_tpc,27.2854,487.9596,406.6879,399.0205,0.0012,2.4232,79.9634,81.2717,1775751859849419688
ecgclass,no_sharing_tpc,27.3908,983.6423,600.3245,599.3188,0.0035,0.1194,382.1576,383.3179,1775751860256971627
ecgclass,no_sharing_tpc,27.5416,833.2798,600.3245,599.3188,0.0035,0.1194,231.3423,232.9554,1775751860256971627
ecgclass,no_sharing_tpc,27.636,738.8842,600.3245,599.3188,0.0035,0.1194,136.9243,138.5597,1775751860256971627
ecgclass,no_sharing_tpc,27.7589,616.1704,600.3245,599.3188,0.0035,0.1194,14.0746,15.8459,1775751860256971627
ecgclass,no_sharing_tpc,27.7646,610.481,600.3245,599.3188,0.0035,0.1194,8.3497,10.1565,1775751860256971627
ecgclass,no_sharing_tpc,28.0823,1108.7477,815.6647,814.6602,0.0011,0.5863,292.2931,293.083,1775751860858584996
ecgclass,no_sharing_tpc,28.5838,865.8578,257.7901,250.7823,0.0011,3.3323,607.0302,608.0677,1775751861674828088
ecgclass,no_sharing_tpc,28.7008,748.812,257.7901,250.7823,0.0011,3.3323,489.9607,491.0219,1775751861674828088
ecgclass,no_sharing_tpc,29.3827,448.4773,380.7451,373.7006,0.0012,3.3405,66.6895,67.7322,1775751861933393973
ecgclass,no_sharing_tpc,29.4144,416.764,380.7451,373.7006,0.0012,3.3405,34.9524,36.019,1775751861933393973
ecgclass,no_sharing_tpc,29.9718,223.084,220.7384,215.4973,0.0014,4.9132,1.4901,2.3456,1775751862457312236
ecgclass,no_sharing_tpc,30.0442,401.1855,249.5489,242.6036,0.0068,3.1981,150.3472,151.6366,1775751862678611490
ecgclass,no_sharing_tpc,30.178,267.5231,249.5489,242.6036,0.0068,3.1981,16.5336,17.9741,1775751862678611490
ecgclass,no_sharing_tpc,30.6655,138.5059,135.8515,130.1137,0.0014,5.3764,1.8759,2.6544,1775751863151372477
ecgclass,no_sharing_tpc,30.6908,363.467,249.4456,242.4187,0.0014,3.3165,112.9978,114.0214,1775751863287866735
ecgclass,no_sharing_tpc,30.7295,324.7845,249.4456,242.4187,0.0014,3.3165,74.2934,75.339,1775751863287866735
ecgclass,no_sharing_tpc,30.9976,420.3863,363.1712,357.5191,0.0015,5.2605,56.3376,57.2151,1775751863537993784
ecgclass,no_sharing_tpc,31.1951,499.7756,275.812,268.2138,0.0039,2.3897,222.6574,223.9637,1775751863901745553
ecgclass,no_sharing_tpc,31.2518,443.0854,275.812,268.2138,0.0039,2.3897,165.9431,167.2735,1775751863901745553
ecgclass,no_sharing_tpc,31.3408,354.1858,275.812,268.2138,0.0039,2.3897,76.8979,78.3739,1775751863901745553
ecgclass,no_sharing_tpc,31.4912,715.8875,511.5803,506.3031,0.0014,4.8552,203.4066,204.3073,1775751864178675170
ecgclass,no_sharing_tpc,31.8703,632.1342,294.5802,293.5889,0.0013,0.1494,336.5846,337.554,1775751864690905578
ecgclass,no_sharing_tpc,31.943,559.4158,294.5802,293.5889,0.0013,0.1494,263.8428,264.8356,1775751864690905578
ecgclass,no_sharing_tpc,32.0948,407.9649,294.5802,293.5889,0.0013,0.1494,112.0787,113.3847,1775751864690905578
ecgclass,no_sharing_tpc,32.1662,336.56,294.5802,293.5889,0.0013,0.1494,40.6554,41.9798,1775751864690905578
ecgclass,no_sharing_tpc,32.2273,935.3523,659.4544,658.543,0.0011,0.5447,275.0795,275.8979,1775751864986439593
ecgclass,no_sharing_tpc,32.6537,838.3005,328.16,327.265,0.0011,0.1071,508.7752,510.1405,1775751865646546769
ecgclass,no_sharing_tpc,32.7645,727.5593,328.16,327.265,0.0011,0.1071,398.0064,399.3993,1775751865646546769
ecgclass,no_sharing_tpc,33.0331,459.142,328.16,327.265,0.0011,0.1071,129.3707,130.982,1775751865646546769
ecgclass,no_sharing_tpc,33.0929,399.4727,328.16,327.265,0.0011,0.1071,69.6595,71.3127,1775751865646546769
ecgclass,no_sharing_tpc,33.132,360.3239,328.16,327.265,0.0011,0.1071,30.4976,32.1639,1775751865646546769
ecgclass,no_sharing_tpc,33.3595,949.4843,816.1527,815.3212,0.0012,0.528,132.4241,133.3316,1775751865975932731
ecgclass,no_sharing_tpc,33.6426,969.7931,302.6891,301.5248,0.0048,0.1673,666.1589,667.104,1775751866792760030
ecgclass,no_sharing_tpc,33.8324,780.3473,302.6891,301.5248,0.0048,0.1673,476.3591,477.6583,1775751866792760030
ecgclass,no_sharing_tpc,34.0704,542.361,302.6891,301.5248,0.0048,0.1673,238.3542,239.672,1775751866792760030
ecgclass,no_sharing_tpc,34.2739,339.1027,302.6891,301.5248,0.0048,0.1673,34.8668,36.4137,1775751866792760030
ecgclass,no_sharing_tpc,34.4919,771.5402,649.9615,648.8931,0.0019,0.6064,120.8129,121.5787,1775751867096777006
ecgclass,no_sharing_tpc,34.943,552.9528,231.9715,230.7435,0.0012,0.8918,320.2386,320.9812,1775751867747301021
ecgclass,no_sharing_tpc,35.5082,220.6731,218.1485,217.1482,0.0034,0.6534,1.616,2.5245,1775751867993837606
ecgclass,no_sharing_tpc,35.6407,346.664,257.8644,250.7908,0.0012,3.3381,87.9653,88.7996,1775751868212649357
ecgclass,no_sharing_tpc,35.6581,329.4532,257.8644,250.7908,0.0012,3.3381,70.55,71.5889,1775751868212649357
ecgclass,no_sharing_tpc,35.9392,403.3511,354.5086,353.3905,0.0011,0.7705,48.0199,48.8425,1775751868471273880
ecgclass,no_sharing_tpc,36.1084,466.6953,232.0192,230.9199,0.0012,0.7763,233.8781,234.6761,1775751868826314622
ecgclass,no_sharing_tpc,36.5963,211.7848,209.3775,208.3079,0.0013,0.77,1.4353,2.4073,1775751869081768138
ecgclass,no_sharing_tpc,36.8058,234.4184,231.6134,230.5597,0.0012,0.7201,2.0425,2.8049,1775751869291879631
ecgclass,no_sharing_tpc,36.834,439.007,232.1381,230.862,0.0012,0.9429,206.027,206.869,1775751869524015627
ecgclass,no_sharing_tpc,37.0434,533.4604,303.3704,302.5169,0.0012,0.1293,229.2681,230.09,1775751869756720557
ecgclass,no_sharing_tpc,37.1578,419.5821,303.3704,302.5169,0.0012,0.1293,114.8758,116.2117,1775751869756720557
ecgclass,no_sharing_tpc,37.1805,396.893,303.3704,302.5169,0.0012,0.1293,92.1657,93.5226,1775751869756720557
ecgclass,no_sharing_tpc,37.2359,341.5463,303.3704,302.5169,0.0012,0.1293,36.7875,38.1759,1775751869756720557
ecgclass,no_sharing_tpc,37.9309,314.3232,312.0221,306.8647,0.0014,4.8367,1.4241,2.3011,1775751870416316103
ecgclass,no_sharing_tpc,38.013,501.9767,268.957,267.9812,0.0015,0.1961,231.9598,233.0197,1775751870728980384
ecgclass,no_sharing_tpc,38.0627,452.5187,268.957,267.9812,0.0015,0.1961,182.2565,183.5617,1775751870728980384
ecgclass,no_sharing_tpc,38.1521,363.0922,268.957,267.9812,0.0015,0.1961,92.8109,94.1352,1775751870728980384
ecgclass,no_sharing_tpc,38.5654,468.3936,466.189,460.5496,0.0014,5.3029,1.4486,2.2045,1775751871050924417
ecgclass,no_sharing_tpc,38.7832,572.9628,321.0821,319.4362,0.0015,0.2479,250.5078,251.8806,1775751871517779224
ecgclass,no_sharing_tpc,38.8229,534.0314,321.0821,319.4362,0.0015,0.2479,210.8157,212.9493,1775751871517779224
ecgclass,no_sharing_tpc,38.8246,532.3522,321.0821,319.4362,0.0015,0.2479,209.1129,211.2701,1775751871517779224
ecgclass,no_sharing_tpc,38.912,444.9699,321.0821,319.4362,0.0015,0.2479,121.717,123.8878,1775751871517779224
ecgclass,no_sharing_tpc,38.9416,415.3936,321.0821,319.4362,0.0015,0.2479,92.1078,94.3115,1775751871517779224
ecgclass,no_sharing_tpc,39.3555,817.7085,815.0001,813.8668,0.005,0.7054,1.827,2.7084,1775751871841331794
ecgclass,no_sharing_tpc,39.3772,1072.552,275.6148,274.6973,0.0012,0.1753,795.9018,796.9372,1775751872657159780
ecgclass,no_sharing_tpc,39.514,936.0092,275.6148,274.6973,0.0012,0.1753,659.1146,660.3944,1775751872657159780
ecgclass,no_sharing_tpc,39.7175,732.5809,275.6148,274.6973,0.0012,0.1753,455.6661,456.9661,1775751872657159780
ecgclass,no_sharing_tpc,40.2911,695.5492,535.871,528.808,0.0034,3.3279,158.5786,159.6782,1775751872933730815
ecgclass,no_sharing_tpc,40.3498,636.8458,535.871,528.808,0.0034,3.3279,99.8523,100.9748,1775751872933730815
ecgclass,no_sharing_tpc,40.6964,671.4652,380.3584,373.2799,0.0012,3.3419,290.1514,291.1068,1775751873470541080
ecgclass,no_sharing_tpc,40.8492,518.6939,380.3584,373.2799,0.0012,3.3419,137.3389,138.3355,1775751873470541080
ecgclass,no_sharing_tpc,41.1957,572.8436,400.1018,399.2101,0.0012,0.1719,171.9255,172.7417,1775751873851624340
ecgclass,no_sharing_tpc,41.2667,502.1162,400.1018,399.2101,0.0012,0.1719,100.8675,102.0144,1775751873851624340
ecgclass,no_sharing_tpc,41.3335,435.3807,400.1018,399.2101,0.0012,0.1719,34.1127,35.2789,1775751873851624340
ecgclass,no_sharing_tpc,41.3841,940.8591,555.2535,554.3569,0.0011,0.1769,384.5634,385.6056,1775751874252654676
ecgclass,no_sharing_tpc,41.5926,732.3134,555.2535,554.3569,0.0011,0.1769,175.9927,177.0599,1775751874252654676
ecgclass,no_sharing_tpc,41.7223,602.7908,555.2535,554.3569,0.0011,0.1769,46.273,47.5373,1775751874252654676
ecgclass,no_sharing_tpc,41.8968,964.8092,535.819,528.7323,0.0012,3.3506,427.9759,428.9902,1775751874808829848
ecgclass,no_sharing_tpc,42.1531,708.5211,535.819,528.7323,0.0012,3.3506,171.6661,172.7022,1775751874808829848
ecgclass,no_sharing_tpc,42.3833,859.4797,380.6596,373.6028,0.0011,3.3482,477.9871,478.8201,1775751875345362581
ecgclass,no_sharing_tpc,42.5921,650.8853,380.6596,373.6028,0.0011,3.3482,269.1879,270.2258,1775751875345362581
ecgclass,no_sharing_tpc,42.8718,772.0006,400.0422,399.1456,0.0012,0.1761,370.9033,371.9583,1775751875726783983
ecgclass,no_sharing_tpc,42.8786,765.3151,400.0422,399.1456,0.0012,0.1761,364.1946,365.2728,1775751875726783983
ecgclass,no_sharing_tpc,43.1796,464.4907,400.0422,399.1456,0.0012,0.1761,63.1759,64.4484,1775751875726783983
ecgclass,no_sharing_tpc,43.441,756.5579,553.0101,552.1164,0.0012,0.1688,202.6827,203.5479,1775751876127747430
ecgclass,no_sharing_tpc,43.5282,669.7536,553.0101,552.1164,0.0012,0.1688,115.5496,116.7435,1775751876127747430
ecgclass,no_sharing_tpc,43.5762,621.7687,553.0101,552.1164,0.0012,0.1688,67.5452,68.7586,1775751876127747430
ecgclass,no_sharing_tpc,43.7176,1036.2232,555.0303,554.1329,0.0015,0.1708,480.14,481.1929,1775751876681754948
ecgclass,no_sharing_tpc,44.1231,630.7046,555.0303,554.1329,0.0015,0.1708,74.5976,75.6744,1775751876681754948
ecgclass,no_sharing_tpc,44.1881,565.9757,555.0303,554.1329,0.0015,0.1708,9.6681,10.9454,1775751876681754948
ecgclass,no_sharing_tpc,44.4746,791.3535,511.2921,510.0503,0.0049,0.7361,279.1202,280.0613,1775751877237766400
ecgclass,no_sharing_tpc,45.0687,454.3717,256.318,249.2959,0.0011,3.3482,197.1524,198.0537,1775751877749898083
ecgclass,no_sharing_tpc,45.1485,374.7618,256.318,249.2959,0.0011,3.3482,117.3918,118.4438,1775751877749898083
ecgclass,no_sharing_tpc,46.0091,47.0634,44.8496,44.0053,0.0011,0.539,1.4024,2.2138,1775751878494487183
ecgclass,no_sharing_tpc,46.0207,293.1983,257.1406,250.0944,0.0012,3.347,35.1737,36.0578,1775751878539952963
ecgclass,no_sharing_tpc,46.0285,285.6183,257.1406,250.0944,0.0012,3.347,27.4413,28.4777,1775751878539952963
ecgclass,no_sharing_tpc,46.401,276.6581,274.434,269.2078,0.0014,4.8945,1.4658,2.2241,1775751878886479939
ecgclass,no_sharing_tpc,46.5287,399.1981,249.5878,242.5361,0.0015,3.324,148.705,149.6102,1775751879161465276
ecgclass,no_sharing_tpc,46.6505,277.5471,249.5878,242.5361,0.0015,3.324,26.902,27.9593,1775751879161465276
ecgclass,no_sharing_tpc,47.0417,250.2692,247.9106,243.0007,0.004,4.5154,1.363,2.3585,1775751879527051982
ecgclass,no_sharing_tpc,47.5366,53.3206,50.8655,46.6633,0.0016,3.795,1.6217,2.4552,1775751880022286804
ecgclass,no_sharing_tpc,47.7017,121.7241,119.4518,117.8116,0.0016,0.6949,1.4412,2.2723,1775751880187151845
ecgclass,no_sharing_tpc,48.124,90.5011,88.1068,80.8367,0.0028,6.6047,1.5557,2.3943,1775751880609638099
ecgclass,no_sharing_tpc,48.3251,122.1225,119.7452,112.3039,0.0027,6.7774,1.4668,2.3773,1775751880810581989
ecgclass,no_sharing_tpc,48.4255,228.0791,205.5879,199.7004,0.0018,5.484,21.6389,22.4911,1775751880931141201
ecgclass,no_sharing_tpc,48.4744,411.6411,231.8672,225.6073,0.0018,5.7953,178.9408,179.7739,1775751881137377304
ecgclass,no_sharing_tpc,48.7493,360.683,223.3342,221.0502,0.0013,1.8904,136.4982,137.3488,1775751881369822058
ecgclass,no_sharing_tpc,49.1775,165.0732,162.832,157.1218,0.0013,5.3654,1.4069,2.2411,1775751881662958695
ecgclass,no_sharing_tpc,49.7114,64.3444,61.9764,60.2804,0.0019,1.1898,1.4701,2.368,1775751882196911087
ecgclass,no_sharing_tpc,49.7729,224.9167,221.3708,215.7882,0.0014,5.1916,2.701,3.5459,1775751882259592225
ecgclass,no_sharing_tpc,49.9774,253.0596,232.0527,226.4587,0.0014,5.2068,20.1793,21.007,1775751882481573854
ecgclass,no_sharing_tpc,50.0806,382.3729,232.0451,226.6169,0.0013,5.044,149.4715,150.3278,1775751882714148398
ecgclass,no_sharing_tpc,50.4224,273.3307,232.1612,226.6421,0.0013,5.1455,40.3209,41.1695,1775751882946726225
ecgclass,no_sharing_tpc,50.4662,550.9317,320.4995,319.5236,0.0014,0.1207,229.2392,230.4322,1775751883179488687
ecgclass,no_sharing_tpc,50.4786,538.5795,320.4995,319.5236,0.0014,0.1207,216.8484,218.08,1775751883179488687
ecgclass,no_sharing_tpc,50.55,467.5145,320.4995,319.5236,0.0014,0.1207,145.4098,147.015,1775751883179488687
ecgclass,no_sharing_tpc,50.5648,452.8148,320.4995,319.5236,0.0014,0.1207,130.6913,132.3153,1775751883179488687
ecgclass,no_sharing_tpc,50.6592,358.3803,320.4995,319.5236,0.0014,0.1207,36.2244,37.8808,1775751883179488687
ecgclass,no_sharing_tpc,50.7563,1103.0922,841.2919,834.1921,0.0017,3.3491,260.8767,261.8003,1775751883501239957
ecgclass,no_sharing_tpc,50.7786,1080.9872,841.2919,834.1921,0.0017,3.3491,238.6072,239.6953,1775751883501239957
ecgclass,no_sharing_tpc,51.396,942.2228,477.046,469.4606,0.0012,1.1789,463.3656,465.1769,1775751884343357473
ecgclass,no_sharing_tpc,51.4566,881.5603,477.046,469.4606,0.0012,1.1789,402.6794,404.5144,1775751884343357473
ecgclass,no_sharing_tpc,51.6964,642.0865,477.046,469.4606,0.0012,1.1789,162.9095,165.0405,1775751884343357473
ecgclass,no_sharing_tpc,51.7369,601.6233,477.046,469.4606,0.0012,1.1789,122.3898,124.5773,1775751884343357473
ecgclass,no_sharing_tpc,51.8388,499.8114,477.046,469.4606,0.0012,1.1789,20.5648,22.7654,1775751884343357473
ecgclass,no_sharing_tpc,51.8562,482.3344,477.046,469.4606,0.0012,1.1789,3.0761,5.2884,1775751884343357473
ecgclass,no_sharing_tpc,51.8798,1495.1043,1035.87,1034.9156,0.0012,0.1301,458.0023,459.2343,1775751884821822779
ecgclass,no_sharing_tpc,51.8825,1492.4386,1035.87,1034.9156,0.0012,0.1301,455.3139,456.5685,1775751884821822779
ecgclass,no_sharing_tpc,52.2052,1169.8725,1035.87,1034.9156,0.0012,0.1301,132.6199,134.0025,1775751884821822779
ecgclass,no_sharing_tpc,52.2766,1098.4292,1035.87,1034.9156,0.0012,0.1301,61.1427,62.5592,1775751884821822779
ecgclass,no_sharing_tpc,52.4148,1758.5289,797.5166,790.0764,0.0055,0.9645,959.9006,961.0124,1775751885858741456
ecgclass,no_sharing_tpc,52.5888,1585.006,797.5166,790.0764,0.0055,0.9645,785.8827,787.4894,1775751885858741456
ecgclass,no_sharing_tpc,52.6246,1549.2349,797.5166,790.0764,0.0055,0.9645,750.0908,751.7183,1775751885858741456
ecgclass,no_sharing_tpc,53.211,963.1395,797.5166,790.0764,0.0055,0.9645,163.7342,165.623,1775751885858741456
ecgclass,no_sharing_tpc,53.3202,854.0688,797.5166,790.0764,0.0055,0.9645,54.5166,56.5522,1775751885858741456
ecgclass,no_sharing_tpc,53.3357,838.5725,797.5166,790.0764,0.0055,0.9645,39.0019,41.0559,1775751885858741456
ecgclass,no_sharing_tpc,53.3575,816.838,797.5166,790.0764,0.0055,0.9645,17.2334,19.3214,1775751885858741456
ecgclass,no_sharing_tpc,53.4561,1953.0268,1233.153,1224.5446,0.0049,0.9935,718.8268,719.8738,1775751886658994427
ecgclass,no_sharing_tpc,53.4816,1927.6175,1233.153,1224.5446,0.0049,0.9935,693.3825,694.4646,1775751886658994427
ecgclass,no_sharing_tpc,53.547,1862.725,1233.153,1224.5446,0.0049,0.9935,627.9907,629.572,1775751886658994427
ecgclass,no_sharing_tpc,53.6958,1713.8991,1233.153,1224.5446,0.0049,0.9935,479.1543,480.7461,1775751886658994427
ecgclass,no_sharing_tpc,53.7045,1705.3773,1233.153,1224.5446,0.0049,0.9935,470.4523,472.2244,1775751886658994427
ecgclass,no_sharing_tpc,53.7773,1632.643,1233.153,1224.5446,0.0049,0.9935,397.7079,399.49,1775751886658994427
ecgclass,no_sharing_tpc,54.0905,1319.5624,1233.153,1224.5446,0.0049,0.9935,84.4905,86.4094,1775751886658994427
ecgclass,no_sharing_tpc,54.1052,1304.9326,1233.153,1224.5446,0.0049,0.9935,69.7868,71.7796,1775751886658994427
ecgclass,no_sharing_tpc,54.2983,2557.1284,1443.7925,1436.1361,0.0021,1.1769,1111.9528,1113.336,1775751887894269087
ecgclass,no_sharing_tpc,54.309,2546.4559,1443.7925,1436.1361,0.0021,1.1769,1101.2547,1102.6634,1775751887894269087
ecgclass,no_sharing_tpc,54.8447,2011.0495,1443.7925,1436.1361,0.0021,1.1769,565.5565,567.2571,1775751887894269087
ecgclass,no_sharing_tpc,54.8957,1960.1691,1443.7925,1436.1361,0.0021,1.1769,514.5135,516.3766,1775751887894269087
ecgclass,no_sharing_tpc,54.9443,1911.5891,1443.7925,1436.1361,0.0021,1.1769,465.9145,467.7967,1775751887894269087
ecgclass,no_sharing_tpc,55.1632,1692.765,1443.7925,1436.1361,0.0021,1.1769,247.056,248.9725,1775751887894269087
ecgclass,no_sharing_tpc,55.6144,2259.1712,1016.7822,1009.0943,0.0014,2.4008,1241.1556,1242.389,1775751889339605153
ecgclass,no_sharing_tpc,56.2521,1621.5167,1016.7822,1009.0943,0.0014,2.4008,603.452,604.7345,1775751889339605153
ecgclass,no_sharing_tpc,56.5286,1345.099,1016.7822,1009.0943,0.0014,2.4008,327.0171,328.3167,1775751889339605153
ecgclass,no_sharing_tpc,56.8731,1618.8867,617.6145,609.122,0.0016,1.0009,1000.2263,1001.2722,1775751890357396511
ecgclass,no_sharing_tpc,57.0927,1399.9059,617.6145,609.122,0.0016,1.0009,780.679,782.2914,1775751890357396511
ecgclass,no_sharing_tpc,57.1318,1360.8301,617.6145,609.122,0.0016,1.0009,741.5805,743.2156,1775751890357396511
ecgclass,no_sharing_tpc,57.3647,1128.2811,617.6145,609.122,0.0016,1.0009,508.6446,510.6666,1775751890357396511
ecgclass,no_sharing_tpc,57.3985,1094.7104,617.6145,609.122,0.0016,1.0009,474.9,477.0958,1775751890357396511
ecgclass,no_sharing_tpc,57.5963,896.8656,617.6145,609.122,0.0016,1.0009,277.0364,279.2511,1775751890357396511
ecgclass,no_sharing_tpc,57.7492,744.0286,617.6145,609.122,0.0016,1.0009,124.1851,126.4141,1775751890357396511
ecgclass,no_sharing_tpc,57.8219,671.329,617.6145,609.122,0.0016,1.0009,51.4426,53.7145,1775751890357396511
ecgclass,no_sharing_tpc,57.9633,2000.7088,1469.7512,1462.2007,0.0014,1.009,529.5112,530.9576,1775751890976807471
ecgclass,no_sharing_tpc,58.1433,1820.7028,1469.7512,1462.2007,0.0014,1.009,349.4809,350.9516,1775751890976807471
ecgclass,no_sharing_tpc,58.1897,1774.5802,1469.7512,1462.2007,0.0014,1.009,303.0252,304.829,1775751890976807471
ecgclass,no_sharing_tpc,58.2733,1691.2532,1469.7512,1462.2007,0.0014,1.009,219.4319,221.502,1775751890976807471
ecgclass,no_sharing_tpc,58.3582,1606.4637,1469.7512,1462.2007,0.0014,1.009,134.6102,136.7125,1775751890976807471
ecgclass,no_sharing_tpc,58.3804,1584.2505,1469.7512,1462.2007,0.0014,1.009,112.3433,114.4993,1775751890976807471
ecgclass,no_sharing_tpc,58.4396,1525.1381,1469.7512,1462.2007,0.0014,1.009,53.2167,55.3869,1775751890976807471
ecgclass,no_sharing_tpc,58.6431,2592.3111,1270.3025,1261.3931,0.0014,0.8342,1320.9553,1322.0086,1775751892448128800
ecgclass,no_sharing_tpc,58.8823,2353.1675,1270.3025,1261.3931,0.0014,0.8342,1081.7866,1082.865,1775751892448128800
ecgclass,no_sharing_tpc,58.9977,2238.5459,1270.3025,1261.3931,0.0014,0.8342,966.3575,968.2434,1775751892448128800
ecgclass,no_sharing_tpc,59.1168,2119.4866,1270.3025,1261.3931,0.0014,0.8342,847.2774,849.1841,1775751892448128800
ecgclass,no_sharing_tpc,59.1972,2039.079,1270.3025,1261.3931,0.0014,0.8342,766.855,768.7764,1775751892448128800
ecgclass,no_sharing_tpc,59.4303,1806.3269,1270.3025,1261.3931,0.0014,0.8342,533.747,536.0244,1775751892448128800
ecgclass,no_sharing_tpc,59.5118,1725.0524,1270.3025,1261.3931,0.0014,0.8342,452.3017,454.7498,1775751892448128800
ecgclass,no_sharing_tpc,59.7034,1533.5114,1270.3025,1261.3931,0.0014,0.8342,260.7429,263.2089,1775751892448128800
ecgclass,no_sharing_tpc,59.8312,1405.7193,1270.3025,1261.3931,0.0014,0.8342,132.9379,135.4168,1775751892448128800
ecgclass,no_sharing_tpc,59.951,1285.913,1270.3025,1261.3931,0.0014,0.8342,13.0622,15.6105,1775751892448128800
ecgclass,no_sharing_tpc,60.5257,2383.9269,1672.2921,1671.2339,0.0037,0.1839,710.5491,711.6347,1775751893720255821
ecgclass,no_sharing_tpc,60.9546,1954.998,1672.2921,1671.2339,0.0037,0.1839,281.5957,282.7059,1775751893720255821
ecgclass,no_sharing_tpc,61.1455,1764.3154,1672.2921,1671.2339,0.0037,0.1839,90.7037,92.0232,1775751893720255821
ecgclass,no_sharing_tpc,61.3842,2185.4303,658.6432,649.7235,0.0033,0.8171,1525.3458,1526.7871,1775751895393617966
ecgclass,no_sharing_tpc,61.414,2155.7312,658.6432,649.7235,0.0033,0.8171,1495.6174,1497.088,1775751895393617966
ecgclass,no_sharing_tpc,61.5061,2063.9405,658.6432,649.7235,0.0033,0.8171,1403.4743,1405.2973,1775751895393617966
ecgclass,no_sharing_tpc,61.7684,1801.9874,658.6432,649.7235,0.0033,0.8171,1141.1958,1143.3442,1775751895393617966
ecgclass,no_sharing_tpc,61.9716,1598.8209,658.6432,649.7235,0.0033,0.8171,938.0088,940.1777,1775751895393617966
ecgclass,no_sharing_tpc,62.0186,1552.1281,658.6432,649.7235,0.0033,0.8171,891.031,893.4849,1775751895393617966
ecgclass,no_sharing_tpc,62.6399,930.8469,658.6432,649.7235,0.0033,0.8171,269.7315,272.2038,1775751895393617966
ecgclass,no_sharing_tpc,62.6476,923.2869,658.6432,649.7235,0.0033,0.8171,262.0118,264.6437,1775751895393617966
ecgclass,no_sharing_tpc,62.8702,700.6683,658.6432,649.7235,0.0033,0.8171,39.3636,42.0252,1775751895393617966
ecgclass,no_sharing_tpc,62.8901,680.855,658.6432,649.7235,0.0033,0.8171,19.5005,22.2119,1775751895393617966
ecgclass,no_sharing_tpc,63.3815,1842.1044,1652.0366,1644.8582,0.0014,3.3393,189.0228,190.0679,1775751896054543055
ecgclass,no_sharing_tpc,63.3989,1824.7149,1652.0366,1644.8582,0.0014,3.3393,171.6084,172.6783,1775751896054543055
ecgclass,no_sharing_tpc,63.7085,1993.3214,477.265,469.6709,0.0036,1.1828,1514.7555,1516.0565,1775751897707324555
ecgclass,no_sharing_tpc,63.7447,1957.2258,477.265,469.6709,0.0036,1.1828,1478.6355,1479.9608,1775751897707324555
ecgclass,no_sharing_tpc,64.6529,1049.5424,477.265,469.6709,0.0036,1.1828,570.3719,572.2775,1775751897707324555
ecgclass,no_sharing_tpc,64.7694,933.1,477.265,469.6709,0.0036,1.1828,453.9084,455.835,1775751897707324555
ecgclass,no_sharing_tpc,65.0036,699.0108,477.265,469.6709,0.0036,1.1828,219.6844,221.7459,1775751897707324555
ecgclass,no_sharing_tpc,65.1998,502.82,477.265,469.6709,0.0036,1.1828,23.4566,25.555,1775751897707324555
ecgclass,no_sharing_tpc,65.3335,1360.2414,990.5482,983.3843,0.0011,3.3449,368.6428,369.6932,1775751898186215749
ecgclass,no_sharing_tpc,65.6216,1072.2394,990.5482,983.3843,0.0011,3.3449,80.6172,81.6912,1775751898186215749
ecgclass,no_sharing_tpc,65.7709,1323.5993,399.8927,399.0063,0.0012,0.1732,922.6384,923.7067,1775751899177540884
ecgclass,no_sharing_tpc,66.3182,776.3371,399.8927,399.0063,0.0012,0.1732,375.3543,376.4445,1775751899177540884
ecgclass,no_sharing_tpc,66.3299,764.8077,399.8927,399.0063,0.0012,0.1732,363.6165,364.915,1775751899177540884
ecgclass,no_sharing_tpc,67.4019,211.8697,209.5595,203.483,0.0013,5.7537,1.4386,2.3102,1775751899887345664
ecgclass,no_sharing_tpc,67.5673,279.1138,232.0668,226.3339,0.0013,5.3519,46.16,47.0469,1775751900097509273
ecgclass,no_sharing_tpc,67.628,468.6584,249.4074,242.3821,0.0013,3.3182,218.2055,219.251,1775751900330193554
ecgclass,no_sharing_tpc,67.7434,353.1976,249.4074,242.3821,0.0013,3.3182,102.7203,103.7901,1775751900330193554
ecgclass,no_sharing_tpc,67.9921,468.1041,363.1201,357.4147,0.0014,5.3208,104.1636,104.984,1775751900580290811
ecgclass,no_sharing_tpc,68.1929,499.9526,232.1327,226.137,0.0013,5.6182,266.9661,267.8198,1775751900943943191
ecgclass,no_sharing_tpc,68.6095,316.004,232.1217,226.2987,0.0013,5.4495,83.0717,83.8824,1775751901176606785
ecgclass,no_sharing_tpc,69.0658,92.3662,90.0623,84.2459,0.0014,5.4758,1.4293,2.3039,1775751901551307789
ecgclass,no_sharing_tpc,69.2536,137.1791,134.857,128.6859,0.0014,5.3556,1.4384,2.3221,1775751901739118118
ecgclass,no_sharing_tpc,69.5679,64.1785,61.8455,56.3949,0.0016,5.0635,1.4677,2.333,1775751902053417573
ecgclass,no_sharing_tpc,69.703,161.6375,159.3052,153.7788,0.0018,5.1105,1.4403,2.3324,1775751902188459498
ecgclass,no_sharing_tpc,69.7264,379.6599,240.6917,233.6337,0.0014,3.3271,137.944,138.9682,1775751902348397864
ecgclass,no_sharing_tpc,69.835,271.0531,240.6917,233.6337,0.0014,3.3271,29.314,30.3614,1775751902348397864
ecgclass,no_sharing_tpc,69.8935,576.2439,363.201,357.332,0.0013,5.4865,212.1983,213.0429,1775751902589770624
ecgclass,no_sharing_tpc,70.2881,431.9291,249.4747,242.4581,0.0015,3.3235,181.4299,182.4544,1775751902953525065
ecgclass,no_sharing_tpc,70.3335,386.5399,249.4747,242.4581,0.0015,3.3235,136.0056,137.0652,1775751902953525065
ecgclass,no_sharing_tpc,70.5887,495.0957,363.2999,358.316,0.0014,4.6011,130.9409,131.7958,1775751903203710388
ecgclass,no_sharing_tpc,71.0429,291.2819,249.5767,242.5421,0.0014,3.3306,40.6454,41.7053,1775751903567553518
ecgclass,no_sharing_tpc,71.0706,263.5553,249.5767,242.5421,0.0014,3.3306,12.8956,13.9786,1775751903567553518
ecgclass,no_sharing_tpc,71.2595,429.6803,354.5172,353.3877,0.0011,0.7803,74.2712,75.1632,1775751903817815177
ecgclass,no_sharing_tpc,71.7811,140.6507,138.3079,136.9035,0.0011,1.0939,1.4713,2.3428,1775751904266598035
ecgclass,no_sharing_tpc,71.8844,278.7144,240.8284,234.9752,0.0013,5.0328,37.0243,37.886,1775751904405445638
ecgclass,no_sharing_tpc,71.9827,449.934,268.9907,268.0293,0.0013,0.1945,180.109,180.9433,1775751904646830596
ecgclass,no_sharing_tpc,72.1162,316.8006,268.9907,268.0293,0.0013,0.1945,46.6137,47.8099,1775751904646830596
ecgclass,no_sharing_tpc,72.157,276.0429,268.9907,268.0293,0.0013,0.1945,5.8362,7.0522,1775751904646830596
ecgclass,no_sharing_tpc,72.1933,758.6396,518.2726,512.486,0.0013,5.3836,239.44,240.367,1775751904916741680
ecgclass,no_sharing_tpc,72.814,370.4336,231.9707,226.2874,0.0014,5.3202,137.547,138.4628,1775751905435545627
ecgclass,no_sharing_tpc,73.2949,122.1793,119.7754,113.9519,0.0013,5.4939,1.4796,2.4038,1775751905780404389
ecgclass,no_sharing_tpc,73.4131,236.5656,231.9973,226.1455,0.0013,5.4653,3.6962,4.5682,1775751905900799493
ecgclass,no_sharing_tpc,73.477,405.364,231.938,226.7998,0.0055,4.7029,172.4191,173.426,1775751906133425871
ecgclass,no_sharing_tpc,73.7459,368.9017,231.814,226.8039,0.0014,4.6282,136.162,137.0877,1775751906366081291
ecgclass,no_sharing_tpc,74.6155,87.9526,85.1637,77.8349,0.0027,6.6588,1.8659,2.7889,1775751907101389387
ecgclass,no_sharing_tpc,75.049,90.1115,87.8151,81.1239,0.0027,5.9967,1.3747,2.2964,1775751907534419958
ecgclass,no_sharing_tpc,75.1463,225.3864,222.9583,215.0783,0.0028,7.1866,1.545,2.428,1775751907631903132
ecgclass,no_sharing_tpc,75.2781,317.4684,223.1427,220.1901,0.0017,2.4585,93.4372,94.3257,1775751907855601848
ecgclass,no_sharing_tpc,75.4977,313.0667,214.5,208.9105,0.0017,5.1252,97.647,98.5667,1775751908079380928
ecgclass,no_sharing_tpc,75.6474,424.6066,260.3525,259.3262,0.0014,0.1919,163.0118,164.2541,1775751908294470161
ecgclass,no_sharing_tpc,75.7122,359.8161,260.3525,259.3262,0.0014,0.1919,98.1984,99.4636,1775751908294470161
ecgclass,no_sharing_tpc,75.7773,294.7981,260.3525,259.3262,0.0014,0.1919,33.1452,34.4456,1775751908294470161
ecgclass,no_sharing_tpc,75.9933,597.6884,518.4094,513.5644,0.0014,4.4435,78.4442,79.2791,1775751908555754757
ecgclass,no_sharing_tpc,76.6916,132.072,129.652,123.7583,0.0014,5.5644,1.5099,2.42,1775751909177099008
ecgclass,no_sharing_tpc,76.7303,325.9628,232.0962,226.3071,0.0013,5.4136,92.9761,93.8666,1775751909307349931
ecgclass,no_sharing_tpc,76.9683,320.7774,232.0675,227.042,0.003,4.5519,87.6632,88.7099,1775751909540036005
ecgclass,no_sharing_tpc,77.4928,55.0339,52.2446,46.5988,0.0014,5.2969,1.9388,2.7894,1775751909978736270
ecgclass,no_sharing_tpc,77.4956,281.1446,228.3408,222.3055,0.0014,5.6615,52.0005,52.8038,1775751910031594533
ecgclass,no_sharing_tpc,77.605,404.366,232.0143,225.9929,0.0013,5.6417,171.4947,172.3517,1775751910260535814
ecgclass,no_sharing_tpc,77.8753,366.6418,232.066,226.2793,0.0142,5.4083,133.7221,134.5757,1775751910493105099
ecgclass,no_sharing_tpc,78.3302,144.4097,142.1337,136.3791,0.0014,5.4283,1.399,2.276,1775751910815662445
ecgclass,no_sharing_tpc,78.8932,56.4301,54.0691,48.2639,0.0013,5.481,1.4482,2.361,1775751911378698117
ecgclass,no_sharing_tpc,78.9598,239.9461,237.6012,234.8741,0.0022,2.252,1.4369,2.3449,1775751911445317595
ecgclass,no_sharing_tpc,78.9746,458.8969,232.9517,231.3994,0.0022,0.4685,225.0278,225.9451,1775751911683618486
ecgclass,no_sharing_tpc,79.0432,390.4426,232.9517,231.3994,0.0022,0.4685,156.3437,157.4909,1775751911683618486
ecgclass,no_sharing_tpc,79.204,636.0018,405.5064,397.8374,0.0016,2.38,229.4681,230.4954,1775751911917492917
ecgclass,no_sharing_tpc,79.2577,582.531,405.5064,397.8374,0.0016,2.38,175.7352,177.0246,1775751911917492917
ecgclass,no_sharing_tpc,79.3435,496.7957,405.5064,397.8374,0.0016,2.38,89.9789,91.2892,1775751911917492917
ecgclass,no_sharing_tpc,79.627,743.0382,529.1513,522.0672,0.0021,3.3214,212.9405,213.8869,1775751912323996050
ecgclass,no_sharing_tpc,79.6307,739.466,529.1513,522.0672,0.0021,3.3214,209.2166,210.3146,1775751912323996050
ecgclass,no_sharing_tpc,79.9852,837.4779,451.7229,450.5719,0.0072,0.1407,384.686,385.7551,1775751912853948345
ecgclass,no_sharing_tpc,79.9899,833.2043,451.7229,450.5719,0.0072,0.1407,379.9703,381.4814,1775751912853948345
ecgclass,no_sharing_tpc,80.1809,642.3132,451.7229,450.5719,0.0072,0.1407,189.0593,190.5904,1775751912853948345
ecgclass,no_sharing_tpc,80.1937,629.6377,451.7229,450.5719,0.0072,0.1407,176.2629,177.9149,1775751912853948345
ecgclass,no_sharing_tpc,80.2571,566.1917,451.7229,450.5719,0.0072,0.1407,112.7837,114.4688,1775751912853948345
ecgclass,no_sharing_tpc,80.3744,1290.6556,840.9594,833.8428,0.0014,3.3122,448.6103,449.6962,1775751913307047261
ecgclass,no_sharing_tpc,80.8097,855.3936,840.9594,833.8428,0.0014,3.3122,13.3255,14.4343,1775751913307047261
ecgclass,no_sharing_tpc,80.8525,1193.9056,380.5864,373.5386,0.0013,3.3293,812.3076,813.3192,1775751914148856895
ecgclass,no_sharing_tpc,81.6291,417.3896,380.5864,373.5386,0.0013,3.3293,35.769,36.8032,1775751914148856895
ecgclass,no_sharing_tpc,82.0651,336.5097,334.1964,333.1041,0.0011,0.8083,1.41,2.3133,1775751914550525694
ecgclass,no_sharing_tpc,82.0808,624.7613,303.2637,302.4137,0.0012,0.129,320.4849,321.4976,1775751914885334646
ecgclass,no_sharing_tpc,82.0826,623.3864,303.2637,302.4137,0.0012,0.129,318.7199,320.1226,1775751914885334646
ecgclass,no_sharing_tpc,82.117,588.9485,303.2637,302.4137,0.0012,0.129,284.2586,285.6847,1775751914885334646
ecgclass,no_sharing_tpc,82.3114,394.6083,303.2637,302.4137,0.0012,0.129,89.8845,91.3445,1775751914885334646
ecgclass,no_sharing_tpc,83.545,51.399,48.985,43.796,0.0026,4.5734,1.5359,2.414,1775751916030578979
ecgclass,no_sharing_tpc,83.6166,247.3466,245.028,237.791,0.0026,6.5686,1.4627,2.3187,1775751916102102703
ecgclass,no_sharing_tpc,83.8958,193.404,191.0339,189.7022,0.0018,0.8148,1.4873,2.37,1775751916381332542
ecgclass,no_sharing_tpc,83.9126,390.4059,213.094,211.1396,0.0019,1.4873,176.4777,177.3119,1775751916573087267
ecgclass,no_sharing_tpc,84.225,310.5547,231.9316,230.0714,0.0018,1.3513,77.7662,78.6231,1775751916786828144
ecgclass,no_sharing_tpc,84.6238,135.6771,133.4897,127.7389,0.0013,5.4252,1.3309,2.1874,1775751917109188191
ecgclass,no_sharing_tpc,85.0673,82.0689,79.7577,76.3348,0.0023,2.8901,1.452,2.3112,1775751917552753527
ecgclass,no_sharing_tpc,85.5163,81.9871,79.5788,77.6628,0.0026,1.2382,1.5206,2.4083,1775751918001899717
ecgclass,no_sharing_tpc,85.8456,57.2915,54.9216,49.992,0.0014,4.5966,1.5297,2.3699,1775751918331117313
ecgclass,no_sharing_tpc,85.8623,281.8832,240.7907,233.2704,0.0016,7.1003,40.2055,41.0926,1775751918386562981
ecgclass,no_sharing_tpc,86.0271,358.5894,240.7093,233.6868,0.0016,3.2828,116.8368,117.8801,1775751918627988902
ecgclass,no_sharing_tpc,86.1143,271.4581,240.7093,233.6868,0.0016,3.2828,29.6836,30.7489,1775751918627988902
ecgclass,no_sharing_tpc,86.2084,538.9149,361.1114,356.147,0.0015,4.5559,176.9912,177.8035,1775751918869445146
ecgclass,no_sharing_tpc,86.6551,324.7845,232.0678,228.0147,0.002,3.6537,91.9397,92.7167,1775751919231117172
ecgclass,no_sharing_tpc,87.0856,127.207,124.7664,119.1077,0.0013,5.3114,1.4739,2.4406,1775751919571089914
ecgclass,no_sharing_tpc,87.3197,126.0309,123.342,117.5369,0.0014,5.4722,1.4272,2.6889,1775751919805175906
ecgclass,no_sharing_tpc,87.3704,307.6296,232.0837,226.6289,0.0014,5.0705,74.62,75.5459,1775751919929095272
ecgclass,no_sharing_tpc,87.591,337.3046,249.5013,242.4792,0.0014,3.3199,86.7431,87.8033,1775751920161818245
ecgclass,no_sharing_tpc,87.6478,280.607,249.5013,242.4792,0.0014,3.3199,30.0221,31.1057,1775751920161818245
ecgclass,no_sharing_tpc,87.9446,347.1792,344.8784,339.2567,0.0013,5.2799,1.4253,2.3007,1775751920430018721
ecgclass,no_sharing_tpc,87.9833,558.6839,249.5443,242.5157,0.0015,3.3214,308.1815,309.1396,1775751920775505874
ecgclass,no_sharing_tpc,88.2199,322.2554,249.5443,242.5157,0.0015,3.3214,71.5995,72.7111,1775751920775505874
ecgclass,no_sharing_tpc,88.3149,608.5477,380.6167,373.5738,0.0014,3.3257,226.8565,227.931,1775751921025829748
ecgclass,no_sharing_tpc,88.3347,588.8445,380.6167,373.5738,0.0014,3.3257,207.1295,208.2278,1775751921025829748
ecgclass,no_sharing_tpc,88.6103,694.5221,380.6552,373.6208,0.0014,3.3249,312.7975,313.8669,1775751921407175035
ecgclass,no_sharing_tpc,88.6361,668.8273,380.6552,373.6208,0.0014,3.3249,287.0796,288.172,1775751921407175035
ecgclass,no_sharing_tpc,89.4905,178.2079,175.9257,170.0904,0.0013,5.5073,1.3731,2.2821,1775751921975912661
ecgclass,no_sharing_tpc,89.622,279.3367,232.0055,226.4081,0.0014,5.223,46.4077,47.3312,1775751922152431531
ecgclass,no_sharing_tpc,89.6929,478.2307,269.1914,268.2334,0.0014,0.1957,208.0197,209.0393,1775751922384992242
ecgclass,no_sharing_tpc,89.7338,437.429,269.1914,268.2334,0.0014,0.1957,167.1948,168.2375,1775751922384992242
ecgclass,no_sharing_tpc,89.8792,292.1457,269.1914,268.2334,0.0014,0.1957,21.714,22.9543,1775751922384992242
ecgclass,no_sharing_tpc,90.1567,535.6312,517.9981,512.1871,0.0017,5.4136,14.2858,17.6331,1775751922655001680
ecgclass,no_sharing_tpc,90.5124,401.4442,223.4296,221.2048,0.0012,1.8731,177.1064,178.0146,1775751923173534597
ecgclass,no_sharing_tpc,90.6886,457.8376,232.0858,230.0096,0.0012,1.7477,224.8383,225.7517,1775751923397502537
ecgclass,no_sharing_tpc,91.3651,46.8307,44.4771,42.3402,0.0012,1.8528,1.4377,2.3535,1775751923850588885
ecgclass,no_sharing_tpc,91.6763,55.7513,53.3652,47.9851,0.0014,4.5129,1.4548,2.3862,1775751924161807840
ecgclass,no_sharing_tpc,91.712,243.9506,223.3969,220.9963,0.0012,2.0129,19.6471,20.5537,1775751924215717142
ecgclass,no_sharing_tpc,92.3592,45.4972,43.3163,42.0402,0.0012,0.9801,1.3988,2.1809,1775751924844667647
ecgclass,no_sharing_tpc,92.4396,215.6384,212.8439,210.7096,0.0074,1.5088,1.4756,2.7945,1775751924925144726
ecgclass,no_sharing_tpc,93.1195,89.0195,86.2116,78.926,0.0028,6.5507,1.9424,2.8079,1775751925605504180
ecgclass,no_sharing_tpc,93.1819,224.3059,196.9269,191.0215,0.0014,5.5304,26.541,27.379,1775751925692469918
ecgclass,no_sharing_tpc,93.2868,352.1264,232.0461,226.3005,0.0013,5.3622,119.2002,120.0803,1775751925890010000
ecgclass,no_sharing_tpc,93.5166,372.5455,249.4718,242.4538,0.0014,3.3202,122.0305,123.0737,1775751926122622701
ecgclass,no_sharing_tpc,93.5315,357.5883,249.4718,242.4538,0.0014,3.3202,107.0504,108.1165,1775751926122622701
ecgclass,no_sharing_tpc,94.0575,195.477,193.1484,188.6543,0.0013,4.1631,1.4029,2.3286,1775751926542910159
ecgclass,no_sharing_tpc,94.1469,428.1349,321.1268,319.577,0.0013,0.23,105.705,107.0081,1775751926736638216
ecgclass,no_sharing_tpc,94.2006,374.4197,321.1268,319.577,0.0013,0.23,51.9662,53.2929,1775751926736638216
ecgclass,no_sharing_tpc,94.2114,363.9178,321.1268,319.577,0.0013,0.23,41.2381,42.791,1775751926736638216
ecgclass,no_sharing_tpc,94.2161,359.3209,321.1268,319.577,0.0013,0.23,36.5326,38.1941,1775751926736638216
ecgclass,no_sharing_tpc,94.222,353.4374,321.1268,319.577,0.0013,0.23,30.6313,32.3106,1775751926736638216
ecgclass,no_sharing_tpc,94.2989,1117.8885,840.8195,833.739,0.0014,3.3181,276.0208,277.069,1775751927058926871
ecgclass,no_sharing_tpc,94.3726,1044.1985,840.8195,833.739,0.0014,3.3181,202.2862,203.3791,1775751927058926871
ecgclass,no_sharing_tpc,94.5753,1242.3289,400.1688,399.2905,0.0013,0.1719,841.1019,842.1601,1775751927900449949
ecgclass,no_sharing_tpc,95.034,783.7129,400.1688,399.2905,0.0013,0.1719,382.4625,383.5441,1775751927900449949
ecgclass,no_sharing_tpc,95.2682,549.7093,400.1688,399.2905,0.0013,0.1719,148.2592,149.5405,1775751927900449949
ecgclass,no_sharing_tpc,95.4867,887.5568,555.5157,554.6124,0.0013,0.1746,330.7886,332.0411,1775751928301487664
ecgclass,no_sharing_tpc,95.5978,776.418,555.5157,554.6124,0.0013,0.1746,219.6259,220.9023,1775751928301487664
ecgclass,no_sharing_tpc,95.7903,583.9183,555.5157,554.6124,0.0013,0.1746,27.1113,28.4026,1775751928301487664
ecgclass,no_sharing_tpc,95.9504,1083.1029,658.2197,650.6295,0.0011,1.0096,423.5089,424.8832,1775751928857988641
ecgclass,no_sharing_tpc,95.9611,1072.4273,658.2197,650.6295,0.0011,1.0096,412.8101,414.2076,1775751928857988641
ecgclass,no_sharing_tpc,96.0149,1018.729,658.2197,650.6295,0.0011,1.0096,359.0965,360.5093,1775751928857988641
ecgclass,no_sharing_tpc,96.0675,966.5954,658.2197,650.6295,0.0011,1.0096,306.5038,308.3757,1775751928857988641
ecgclass,no_sharing_tpc,96.0827,951.3276,658.2197,650.6295,0.0011,1.0096,291.2173,293.1079,1775751928857988641
ecgclass,no_sharing_tpc,96.1739,860.2111,658.2197,650.6295,0.0011,1.0096,200.0883,201.9914,1775751928857988641
ecgclass,no_sharing_tpc,96.1856,848.5382,658.2197,650.6295,0.0011,1.0096,188.3745,190.3184,1775751928857988641
ecgclass,no_sharing_tpc,96.4862,1741.3297,1192.6507,1191.7059,0.0013,0.1303,547.3921,548.679,1775751929517634310
ecgclass,no_sharing_tpc,96.7946,1432.9767,1192.6507,1191.7059,0.0013,0.1303,239.0151,240.326,1775751929517634310
ecgclass,no_sharing_tpc,96.8163,1411.3986,1192.6507,1191.7059,0.0013,0.1303,217.3066,218.748,1775751929517634310
ecgclass,no_sharing_tpc,96.833,1394.727,1192.6507,1191.7059,0.0013,0.1303,200.5985,202.0763,1775751929517634310
ecgclass,no_sharing_tpc,97.4598,1524.5759,755.739,754.8008,0.0012,0.1061,767.5331,768.8369,1775751930711322089
ecgclass,no_sharing_tpc,97.5221,1462.2154,755.739,754.8008,0.0012,0.1061,705.1489,706.4764,1775751930711322089
ecgclass,no_sharing_tpc,97.6632,1321.3303,755.739,754.8008,0.0012,0.1061,564.0438,565.5913,1775751930711322089
ecgclass,no_sharing_tpc,97.7862,1198.3826,755.739,754.8008,0.0012,0.1061,441.0522,442.6436,1775751930711322089
ecgclass,no_sharing_tpc,98.0405,944.1776,755.739,754.8008,0.0012,0.1061,186.8331,188.4386,1775751930711322089
ecgclass,no_sharing_tpc,98.2481,1623.8925,886.5389,885.6296,0.0013,0.1274,736.1042,737.3537,1775751931468196155
ecgclass,no_sharing_tpc,98.7064,1165.5929,886.5389,885.6296,0.0013,0.1274,277.781,279.0541,1775751931468196155
ecgclass,no_sharing_tpc,98.7443,1127.826,886.5389,885.6296,0.0013,0.1274,239.8837,241.2871,1775751931468196155
ecgclass,no_sharing_tpc,98.9502,921.8984,886.5389,885.6296,0.0013,0.1274,33.9193,35.3595,1775751931468196155
ecgclass,no_sharing_tpc,99.0362,1521.7793,684.8255,677.764,0.0035,3.3224,835.495,836.9538,1775751932355724939
ecgclass,no_sharing_tpc,99.179,1379.0288,684.8255,677.764,0.0035,3.3224,692.7211,694.2033,1775751932355724939
ecgclass,no_sharing_tpc,100.008,1028.2786,477.5249,469.4644,0.0013,1.265,549.3603,550.7537,1775751933041404185
ecgclass,no_sharing_tpc,100.1162,920.1024,477.5249,469.4644,0.0013,1.265,441.16,442.5775,1775751933041404185
ecgclass,no_sharing_tpc,100.3513,684.9813,477.5249,469.4644,0.0013,1.265,206.0242,207.4565,1775751933041404185
ecgclass,no_sharing_tpc,100.4798,556.5858,477.5249,469.4644,0.0013,1.265,77.5681,79.0609,1775751933041404185
ecgclass,no_sharing_tpc,100.5189,517.4789,477.5249,469.4644,0.0013,1.265,38.4471,39.9541,1775751933041404185
ecgclass,no_sharing_tpc,100.5226,513.7708,477.5249,469.4644,0.0013,1.265,34.7254,36.246,1775751933041404185
ecgclass,no_sharing_tpc,100.8345,1212.8325,1010.5525,1009.6773,0.0012,0.1676,201.1428,202.2799,1775751933519694390
ecgclass,no_sharing_tpc,100.8536,1193.742,1010.5525,1009.6773,0.0012,0.1676,182.0304,183.1895,1775751933519694390
ecgclass,no_sharing_tpc,100.8934,1154.0167,1010.5525,1009.6773,0.0012,0.1676,142.2913,143.4642,1775751933519694390
ecgclass,no_sharing_tpc,101.0756,1605.0484,632.4893,625.0051,0.0012,1.1747,971.133,972.5591,1775751934530782518
ecgclass,no_sharing_tpc,101.1507,1530.0148,632.4893,625.0051,0.0012,1.1747,896.0752,897.5255,1775751934530782518
ecgclass,no_sharing_tpc,101.2731,1407.5663,632.4893,625.0051,0.0012,1.1747,773.6108,775.077,1775751934530782518
ecgclass,no_sharing_tpc,101.399,1281.796,632.4893,625.0051,0.0012,1.1747,647.7783,649.3067,1775751934530782518
ecgclass,no_sharing_tpc,101.4027,1278.0762,632.4893,625.0051,0.0012,1.1747,644.0439,645.5869,1775751934530782518
ecgclass,no_sharing_tpc,101.8457,835.0825,632.4893,625.0051,0.0012,1.1747,201.0386,202.5932,1775751934530782518
ecgclass,no_sharing_tpc,102.6557,990.6604,965.6296,964.6692,0.0014,0.5846,24.3089,25.0308,1775751935164016244
ecgclass,no_sharing_tpc,102.7927,1183.7871,329.2227,328.3451,0.0012,0.1033,853.2646,854.5644,1775751936129997188
ecgclass,no_sharing_tpc,102.8747,1101.8238,329.2227,328.3451,0.0012,0.1033,771.2779,772.6011,1775751936129997188
ecgclass,no_sharing_tpc,103.3293,647.2154,329.2227,328.3451,0.0012,0.1033,316.6537,317.9926,1775751936129997188
ecgclass,no_sharing_tpc,103.4364,540.1757,329.2227,328.3451,0.0012,0.1033,209.5652,210.9529,1775751936129997188
ecgclass,no_sharing_tpc,103.6316,345.0198,329.2227,328.3451,0.0012,0.1033,14.3945,15.7971,1775751936129997188
ecgclass,no_sharing_tpc,104.0448,747.4871,745.6473,744.4967,0.0012,0.8476,1.0948,1.8398,1775751936529946087
ecgclass,no_sharing_tpc,104.1312,939.7054,277.8614,277.0145,0.0012,0.1803,660.7668,661.844,1775751937276010921
ecgclass,no_sharing_tpc,104.517,553.9193,277.8614,277.0145,0.0012,0.1803,274.9577,276.0579,1775751937276010921
ecgclass,no_sharing_tpc,104.7452,325.7451,277.8614,277.0145,0.0012,0.1803,46.768,47.8837,1775751937276010921
ecgclass,no_sharing_tpc,104.95,631.3548,510.2146,509.1342,0.0013,0.7259,120.3783,121.1402,1775751937554386779
ecgclass,no_sharing_tpc,105.3035,633.888,354.9421,347.4576,0.0012,1.1782,277.441,278.9459,1775751938065018656
ecgclass,no_sharing_tpc,105.3063,631.1944,354.9421,347.4576,0.0012,1.1782,274.7245,276.2523,1775751938065018656
ecgclass,no_sharing_tpc,105.381,556.4864,354.9421,347.4576,0.0012,1.1782,199.9454,201.5443,1775751938065018656
ecgclass,no_sharing_tpc,105.4255,512.0492,354.9421,347.4576,0.0012,1.1782,155.4935,157.1071,1775751938065018656
ecgclass,no_sharing_tpc,105.4912,446.3198,354.9421,347.4576,0.0012,1.1782,89.7508,91.3777,1775751938065018656
ecgclass,no_sharing_tpc,105.576,361.5615,354.9421,347.4576,0.0012,1.1782,4.9806,6.6195,1775751938065018656
ecgclass,no_sharing_tpc,105.628,1347.075,1037.0546,1035.6985,0.0013,0.2543,308.8033,310.0204,1775751938420796278
ecgclass,no_sharing_tpc,105.7483,1226.7904,1037.0546,1035.6985,0.0013,0.2543,188.4952,189.7359,1775751938420796278
ecgclass,no_sharing_tpc,105.8177,1157.4094,1037.0546,1035.6985,0.0013,0.2543,119.0999,120.3549,1775751938420796278
ecgclass,no_sharing_tpc,105.9291,1045.9886,1037.0546,1035.6985,0.0013,0.2543,7.6444,8.934,1775751938420796278
ecgclass,no_sharing_tpc,106.0595,1697.5739,781.2705,773.7346,0.0013,1.1749,914.9115,916.3034,1775751939458414606
ecgclass,no_sharing_tpc,106.1142,1642.8812,781.2705,773.7346,0.0013,1.1749,860.1944,861.6107,1775751939458414606
ecgclass,no_sharing_tpc,106.308,1449.0657,781.2705,773.7346,0.0013,1.1749,666.3644,667.7952,1775751939458414606
ecgclass,no_sharing_tpc,106.5429,1214.292,781.2705,773.7346,0.0013,1.1749,431.4334,433.0216,1775751939458414606
ecgclass,no_sharing_tpc,106.8542,903.0101,781.2705,773.7346,0.0013,1.1749,120.1355,121.7397,1775751939458414606
ecgclass,no_sharing_tpc,106.9013,855.9649,781.2705,773.7346,0.0013,1.1749,73.0457,74.6944,1775751939458414606
ecgclass,no_sharing_tpc,107.0994,1746.712,1087.8479,1080.3785,0.0014,1.1755,657.2025,658.8641,1775751940240610134
ecgclass,no_sharing_tpc,107.3733,1472.8396,1087.8479,1080.3785,0.0014,1.1755,383.3055,384.9917,1775751940240610134
ecgclass,no_sharing_tpc,107.384,1462.11,1087.8479,1080.3785,0.0014,1.1755,372.5607,374.2621,1775751940240610134
ecgclass,no_sharing_tpc,107.4975,1348.6857,1087.8479,1080.3785,0.0014,1.1755,259.1245,260.8378,1775751940240610134
ecgclass,no_sharing_tpc,107.687,1159.1113,1087.8479,1080.3785,0.0014,1.1755,69.5369,71.2634,1775751940240610134
ecgclass,no_sharing_tpc,107.7477,1098.4802,1087.8479,1080.3785,0.0014,1.1755,8.8933,10.6323,1775751940240610134
ecgclass,no_sharing_tpc,108.1145,1768.5745,1036.7057,1035.8206,0.0013,0.126,730.629,731.8688,1775751941329183847
ecgclass,no_sharing_tpc,108.3735,1509.5916,1036.7057,1035.8206,0.0013,0.126,471.6232,472.8859,1775751941329183847
ecgclass,no_sharing_tpc,108.4113,1471.8215,1036.7057,1035.8206,0.0013,0.126,433.8391,435.1159,1775751941329183847
ecgclass,no_sharing_tpc,108.5305,1352.6683,1036.7057,1035.8206,0.0013,0.126,314.6524,315.9626,1775751941329183847
ecgclass,no_sharing_tpc,109.2023,1385.8035,704.5176,703.6069,0.0035,0.1811,680.2163,681.2859,1775751942366543077
ecgclass,no_sharing_tpc,109.3604,1227.7074,704.5176,703.6069,0.0035,0.1811,522.0973,523.1898,1775751942366543077
ecgclass,no_sharing_tpc,109.6455,942.6003,704.5176,703.6069,0.0035,0.1811,236.9757,238.0826,1775751942366543077
ecgclass,no_sharing_tpc,110.1396,1082.3252,632.7511,625.256,0.0014,1.1691,448.0653,449.5741,1775751943071658002
ecgclass,no_sharing_tpc,110.2598,962.0657,632.7511,625.256,0.0014,1.1691,327.7826,329.3146,1775751943071658002
ecgclass,no_sharing_tpc,110.2776,944.3047,632.7511,625.256,0.0014,1.1691,310.0085,311.5536,1775751943071658002
ecgclass,no_sharing_tpc,110.3274,894.5949,632.7511,625.256,0.0014,1.1691,260.2408,261.8438,1775751943071658002
ecgclass,no_sharing_tpc,110.46,761.9812,632.7511,625.256,0.0014,1.1691,127.6133,129.2301,1775751943071658002
ecgclass,no_sharing_tpc,110.5773,644.7194,632.7511,625.256,0.0014,1.1691,10.34,11.9682,1775751943071658002
ecgclass,no_sharing_tpc,110.7401,1473.5811,991.5851,984.5726,0.0014,3.3425,481.1213,481.996,1775751943705240085
ecgclass,no_sharing_tpc,111.004,1209.6817,991.5851,984.5726,0.0014,3.3425,217.1988,218.0966,1775751943705240085
ecgclass,no_sharing_tpc,111.3075,1307.2259,400.4379,399.5761,0.0012,0.17,905.7229,906.7881,1775751944697297424
ecgclass,no_sharing_tpc,111.521,1093.7622,400.4379,399.5761,0.0012,0.17,692.2364,693.3243,1775751944697297424
ecgclass,no_sharing_tpc,112.0932,521.5964,400.4379,399.5761,0.0012,0.17,120.0559,121.1586,1775751944697297424
ecgclass,no_sharing_tpc,112.8164,317.6258,315.8847,310.3336,0.0014,5.2091,0.9899,1.7411,1775751945301401190
ecgclass,no_sharing_tpc,113.0767,289.8753,232.1969,226.432,0.0014,5.383,56.9527,57.6784,1775751945617683927
ecgclass,no_sharing_tpc,113.4668,132.3941,130.5634,125.9683,0.0014,4.2412,1.0943,1.8307,1775751945951950544
ecgclass,no_sharing_tpc,113.5696,262.1865,232.1754,226.3342,0.0014,4.9286,29.2792,30.0111,1775751946082903819
ecgclass,no_sharing_tpc,113.5984,484.6687,249.7184,242.7658,0.0031,3.24,233.0835,234.9503,1775751946315469942
ecgclass,no_sharing_tpc,113.7669,316.1845,249.7184,242.7658,0.0031,3.24,64.5771,66.4661,1775751946315469942
ecgclass,no_sharing_tpc,114.2851,160.7244,158.6545,153.2529,0.0014,5.0611,1.3211,2.0699,1775751946770461762
ecgclass,no_sharing_tpc,114.3166,379.3802,249.6685,242.651,0.0013,3.3219,128.845,129.7118,1775751946929518736
ecgclass,no_sharing_tpc,114.4042,291.8084,249.6685,242.651,0.0013,3.3219,41.2509,42.1399,1775751946929518736
ecgclass,no_sharing_tpc,114.6038,456.0878,363.4801,357.7431,0.0014,5.3642,91.8033,92.6077,1775751947179614396
ecgclass,no_sharing_tpc,114.7192,590.7786,249.6895,242.6868,0.0013,3.3225,340.1775,341.0891,1775751947543447358
ecgclass,no_sharing_tpc,114.7296,580.4389,249.6895,242.6868,0.0013,3.3225,329.8044,330.7494,1775751947543447358
ecgclass,no_sharing_tpc,115.5605,113.378,111.4473,105.6551,0.0014,5.4589,1.1973,1.9308,1775751948045685019
ecgclass,no_sharing_tpc,115.7157,190.8786,188.9466,183.6945,0.0014,4.9017,1.1363,1.9321,1775751948200856135
ecgclass,no_sharing_tpc,115.7742,402.1318,269.1449,268.2273,0.0014,0.1933,131.9602,132.9869,1775751948390225651
ecgclass,no_sharing_tpc,115.8735,302.8932,269.1449,268.2273,0.0014,0.1933,32.6989,33.7483,1775751948390225651
ecgclass,no_sharing_tpc,115.8803,296.133,269.1449,268.2273,0.0014,0.1933,25.9135,26.9882,1775751948390225651
ecgclass,no_sharing_tpc,116.041,654.3577,518.6534,513.0571,0.0014,5.2011,134.8853,135.7042,1775751948659940149
ecgclass,no_sharing_tpc,116.3697,575.8793,249.6752,242.6575,0.0014,3.0773,325.2501,326.2041,1775751949178988886
ecgclass,no_sharing_tpc,116.5317,413.9459,249.6752,242.6575,0.0014,3.0773,163.2943,164.2707,1775751949178988886
ecgclass,no_sharing_tpc,116.8287,480.6209,363.4086,357.3959,0.0014,5.6396,116.4565,117.2122,1775751949429159635
ecgclass,no_sharing_tpc,116.9635,596.0605,249.7139,242.7371,0.0013,3.3255,345.432,346.3466,1775751949793001869
ecgclass,no_sharing_tpc,117.2549,304.7609,249.7139,242.7371,0.0013,3.3255,54.1098,55.047,1775751949793001869
ecgclass,no_sharing_tpc,117.3962,518.4779,354.7435,353.4668,0.0013,0.9372,162.919,163.7344,1775751950043143031
ecgclass,no_sharing_tpc,117.6005,546.7429,232.2988,231.0388,0.0014,0.9325,313.6938,314.4441,1775751950398246742
ecgclass,no_sharing_tpc,117.9853,394.6805,232.3039,230.9627,0.0013,1.0189,161.572,162.3766,1775751950630914703
ecgclass,no_sharing_tpc,118.8633,52.7673,50.7976,45.1264,0.0013,5.3355,1.1544,1.9696,1775751951348506140
ecgclass,no_sharing_tpc,118.9717,203.4028,201.0971,194.6402,0.0069,5.8833,1.3075,2.3057,1775751951457004621
ecgclass,no_sharing_tpc,119.6601,55.2785,52.8446,47.3275,0.0014,5.0852,1.6518,2.4339,1775751952145753079
ecgclass,no_sharing_tpc,119.6828,265.0898,232.2236,226.52,0.0014,5.3651,32.1589,32.8662,1775751952199039407
ecgclass,no_sharing_tpc,119.8656,314.1928,231.4622,225.6546,0.0014,5.434,81.9821,82.7306,1775751952431608493
ecgclass,no_sharing_tpc,120.0045,425.5102,249.7231,242.7031,0.0015,3.3163,174.8714,175.7871,1775751952663429590
ecgclass,no_sharing_tpc,120.1773,252.8002,249.7231,242.7031,0.0015,3.3163,2.1369,3.0772,1775751952663429590
ecgclass,no_sharing_tpc,120.5467,247.2057,245.2413,239.3488,0.0014,5.564,1.1153,1.9644,1775751953031843244
ecgclass,no_sharing_tpc,120.6461,380.2958,232.1773,226.3765,0.0014,5.4263,147.3458,148.1184,1775751953277473830
ecgclass,no_sharing_tpc,121.4859,54.7531,52.6977,47.0213,0.0014,5.342,1.3561,2.0553,1775751953971250738
ecgclass,no_sharing_tpc,121.6445,163.8398,161.2026,153.6396,0.0029,6.8912,1.713,2.6372,1775751954130281619
ecgclass,no_sharing_tpc,121.9377,103.3928,101.0715,93.869,0.0027,6.5406,1.389,2.3214,1775751954423077040
ecgclass,no_sharing_tpc,122.1155,158.1779,155.6716,149.2331,0.0026,5.7806,1.4284,2.5062,1775751954601007196
ecgclass,no_sharing_tpc,122.2619,209.2235,196.7441,190.9807,0.0014,5.4023,11.6,12.4795,1775751954757533219
ecgclass,no_sharing_tpc,122.3777,343.6966,249.4845,242.4508,0.0014,3.3217,93.2171,94.2121,1775751954954932709
ecgclass,no_sharing_tpc,122.3824,339.0367,249.4845,242.4508,0.0014,3.3217,88.5286,89.5522,1775751954954932709
ecgclass,no_sharing_tpc,123.1683,89.3822,87.0542,79.7422,0.0028,6.6393,1.4746,2.3279,1775751955653796169
ecgclass,no_sharing_tpc,123.3763,113.9147,111.5801,105.2352,0.0029,5.6854,1.4448,2.3346,1775751955861787392
ecgclass,no_sharing_tpc,123.9285,53.7705,51.3139,45.6308,0.0015,5.3165,1.543,2.4567,1775751956414085717
ecgclass,no_sharing_tpc,124.7375,53.8745,51.527,45.6664,0.0015,5.4096,1.4739,2.3474,1775751957222983176
ecgclass,no_sharing_tpc,125.0475,65.1238,62.8239,61.097,0.0029,1.1785,1.4021,2.2999,1775751957532974545
ecgclass,no_sharing_tpc,125.1429,192.5151,190.1729,184.2994,0.0014,5.4158,1.4265,2.3422,1775751957628322507
ecgclass,no_sharing_tpc,125.2696,316.0164,249.4944,242.4454,0.0012,3.3487,65.4542,66.522,1775751957819072884
ecgclass,no_sharing_tpc,125.2893,296.3359,249.4944,242.4454,0.0012,3.3487,45.7511,46.8415,1775751957819072884
ecgclass,no_sharing_tpc,125.7642,176.543,174.0527,172.7779,0.0012,0.9885,1.5273,2.4903,1775751958249755592
ecgclass,no_sharing_tpc,125.9989,183.0401,180.7606,174.8782,0.0014,5.5636,1.3745,2.2796,1775751958484355735
ecgclass,no_sharing_tpc,126.5491,73.0503,70.7025,62.8555,0.0028,7.2812,1.3788,2.3478,1775751959034503179
ecgclass,no_sharing_tpc,127.0332,87.9817,85.5802,78.1948,0.0027,6.724,1.4553,2.4015,1775751959518691090
ecgclass,no_sharing_tpc,127.0409,312.7811,231.9566,224.7844,0.0026,5.5249,79.9479,80.8245,1775751959604906184
ecgclass,no_sharing_tpc,127.3956,190.7141,188.4288,180.3522,0.0027,7.4214,1.4119,2.2853,1775751959881054921
ecgclass,no_sharing_tpc,127.4233,378.3324,214.4621,207.4528,0.0017,3.2518,162.7715,163.8703,1775751960070134670
ecgclass,no_sharing_tpc,127.4391,362.6337,214.4621,207.4528,0.0017,3.2518,147.0501,148.1716,1775751960070134670
ecgclass,no_sharing_tpc,127.6656,517.4365,380.6961,373.527,0.0014,3.335,135.7348,136.7404,1775751960285397160
ecgclass,no_sharing_tpc,127.7873,395.7469,380.6961,373.527,0.0014,3.335,14.0224,15.0509,1775751960285397160
ecgclass,no_sharing_tpc,128.1031,443.6762,363.0626,357.3234,0.0014,5.3536,79.7529,80.6136,1775751960666891296
ecgclass,no_sharing_tpc,128.7584,53.8442,51.4931,45.7379,0.0013,5.4294,1.4241,2.3511,1775751961243894992
ecgclass,no_sharing_tpc,128.8675,177.4433,175.1603,169.2887,0.0013,5.5327,1.3843,2.2829,1775751961352904504
ecgclass,no_sharing_tpc,129.0518,226.1682,223.5776,222.3637,0.0016,0.7132,1.7245,2.5905,1775751961537548673
ecgclass,no_sharing_tpc,129.0518,476.0106,249.0897,242.0659,0.0017,3.2966,225.9145,226.9209,1775751961761771955
ecgclass,no_sharing_tpc,129.0986,429.2796,249.0897,242.0659,0.0017,3.2966,179.1613,180.1899,1775751961761771955
ecgclass,no_sharing_tpc,129.3232,586.3271,380.423,373.3684,0.0013,3.318,204.4938,205.9041,1775751962011687563
ecgclass,no_sharing_tpc,129.3259,583.657,380.423,373.3684,0.0013,3.318,201.7972,203.2341,1775751962011687563
ecgclass,no_sharing_tpc,129.5351,782.1431,406.8728,399.2239,0.0014,2.2484,373.718,375.2703,1775751962392820383
ecgclass,no_sharing_tpc,129.7335,583.7204,406.8728,399.2239,0.0014,2.2484,175.2455,176.8476,1775751962392820383
ecgclass,no_sharing_tpc,129.7555,561.7745,406.8728,399.2239,0.0014,2.2484,153.2834,154.9016,1775751962392820383
ecgclass,no_sharing_tpc,130.2743,554.8732,511.72,505.8187,0.0014,5.5134,42.2571,43.1533,1775751962800615364
ecgclass,no_sharing_tpc,130.5638,497.9637,231.9991,226.5209,0.0014,5.1015,265.0895,265.9646,1775751963312882265
ecgclass,no_sharing_tpc,131.0432,242.3334,223.3161,222.2919,0.0013,0.689,18.1861,19.0173,1775751963545441078
ecgclass,no_sharing_tpc,131.0759,442.4329,232.1157,230.7646,0.0012,1.0281,209.3482,210.3172,1775751963769319511
ecgclass,no_sharing_tpc,131.3577,419.611,258.1793,251.1389,0.0013,3.3472,160.2736,161.4316,1775751964002054326
ecgclass,no_sharing_tpc,131.4405,336.8955,258.1793,251.1389,0.0013,3.3472,77.5356,78.7161,1775751964002054326
ecgclass,no_sharing_tpc,132.0497,91.3658,89.0567,83.4601,0.0014,5.2797,1.4217,2.3091,1775751964535133726
ecgclass,no_sharing_tpc,132.1822,191.5414,189.1763,183.6237,0.0014,5.2286,1.4331,2.3651,1775751964667624508
ecgclass,no_sharing_tpc,132.3759,268.4088,228.1584,224.2442,0.0032,3.4784,1.379,40.2504,1775751964861327685
ecgclass,no_sharing_tpc,132.4407,398.2317,194.3858,189.3431,0.0019,4.5713,203.0411,203.846,1775751965127731168
ecgclass,no_sharing_tpc,132.6429,428.6594,232.0416,227.0689,0.0015,3.9757,195.8067,196.6178,1775751965322752580
ecgclass,no_sharing_tpc,132.8491,492.2233,268.9146,267.9057,0.0013,0.1935,222.3003,223.3087,1775751965555421121
ecgclass,no_sharing_tpc,133.061,280.3316,268.9146,267.9057,0.0013,0.1935,10.3855,11.417,1775751965555421121
ecgclass,no_sharing_tpc,133.0638,277.7443,268.9146,267.9057,0.0013,0.1935,7.6065,8.8297,1775751965555421121
ecgclass,no_sharing_tpc,133.0705,807.5817,535.8689,528.8086,0.0016,3.3233,270.7272,271.7127,1775751965825285660
ecgclass,no_sharing_tpc,133.1927,685.4014,535.8689,528.8086,0.0016,3.3233,148.5236,149.5325,1775751965825285660
ecgclass,no_sharing_tpc,133.4948,784.1425,400.171,399.203,0.0014,0.1943,383.0948,383.9715,1775751966361889057
ecgclass,no_sharing_tpc,133.6808,598.3946,400.171,399.203,0.0014,0.1943,197.0153,198.2237,1775751966361889057
ecgclass,no_sharing_tpc,133.7216,557.6169,400.171,399.203,0.0014,0.1943,156.2166,157.446,1775751966361889057
ecgclass,no_sharing_tpc,134.0464,743.1643,509.8024,508.2062,0.0012,1.2197,232.4882,233.3619,1775751966762963675
ecgclass,no_sharing_tpc,134.7207,301.6031,232.1214,230.5931,0.0012,1.2074,68.6069,69.4817,1775751967273349186
ecgclass,no_sharing_tpc,134.8038,477.4466,258.2302,251.212,0.0012,3.3457,218.1997,219.2164,1775751967506040761
ecgclass,no_sharing_tpc,134.9341,347.2109,258.2302,251.212,0.0012,3.3457,87.9402,88.9807,1775751967506040761
ecgclass,no_sharing_tpc,135.0503,656.2779,424.5933,423.7012,0.0012,0.1315,230.7165,231.6846,1775751967765006018
ecgclass,no_sharing_tpc,135.1197,587.0869,424.5933,423.7012,0.0012,0.1315,161.2649,162.4936,1775751967765006018
ecgclass,no_sharing_tpc,135.2052,501.7979,424.5933,423.7012,0.0012,0.1315,75.7501,77.2046,1775751967765006018
ecgclass,no_sharing_tpc,135.278,428.9913,424.5933,423.7012,0.0012,0.1315,2.9259,4.398,1775751967765006018
ecgclass,no_sharing_tpc,135.3172,1094.908,704.1509,703.3386,0.0011,0.1709,389.5123,390.7571,1775751968190713025
ecgclass,no_sharing_tpc,135.3289,1083.2179,704.1509,703.3386,0.0011,0.1709,377.7986,379.067,1775751968190713025
ecgclass,no_sharing_tpc,135.3962,1015.9233,704.1509,703.3386,0.0011,0.1709,310.4692,311.7724,1775751968190713025
ecgclass,no_sharing_tpc,135.831,1189.7962,607.8169,606.0919,0.0038,0.2554,580.7576,581.9793,1775751968895799527
ecgclass,no_sharing_tpc,135.9087,1112.088,607.8169,606.0919,0.0038,0.2554,503.0255,504.2711,1775751968895799527
ecgclass,no_sharing_tpc,135.9626,1058.5303,607.8169,606.0919,0.0038,0.2554,449.1863,450.7134,1775751968895799527
ecgclass,no_sharing_tpc,136.2746,746.5265,607.8169,606.0919,0.0038,0.2554,137.1634,138.7096,1775751968895799527
ecgclass,no_sharing_tpc,136.377,644.2769,607.8169,606.0919,0.0038,0.2554,34.7214,36.46,1775751968895799527
ecgclass,no_sharing_tpc,136.6628,1199.7235,840.5087,833.4266,0.0012,3.3482,358.232,359.2148,1775751969505040664
ecgclass,no_sharing_tpc,136.896,966.5563,840.5087,833.4266,0.0012,3.3482,125.042,126.0476,1775751969505040664
ecgclass,no_sharing_tpc,137.1279,1135.8414,400.3246,399.3599,0.0012,0.1945,734.3171,735.5167,1775751970346287235
ecgclass,no_sharing_tpc,137.2017,1062.1357,400.3246,399.3599,0.0012,0.1945,660.5868,661.8111,1775751970346287235
ecgclass,no_sharing_tpc,137.3721,891.6874,400.3246,399.3599,0.0012,0.1945,490.1233,491.3628,1775751970346287235
ecgclass,no_sharing_tpc,137.9525,848.0713,536.0635,528.9424,0.0012,3.3826,310.9386,312.0078,1775751970747470003
ecgclass,no_sharing_tpc,138.224,576.5429,536.0635,528.9424,0.0012,3.3826,39.3863,40.4794,1775751970747470003
ecgclass,no_sharing_tpc,138.4683,713.6462,380.6894,373.6219,0.0013,3.357,331.9261,332.9568,1775751971284234461
ecgclass,no_sharing_tpc,138.5905,591.4922,380.6894,373.6219,0.0013,3.357,209.749,210.8028,1775751971284234461
ecgclass,no_sharing_tpc,138.8228,811.7304,451.6567,450.7769,0.0118,0.1006,358.8216,360.0737,1775751971665644514
ecgclass,no_sharing_tpc,138.9693,665.2694,451.6567,450.7769,0.0118,0.1006,212.3365,213.6127,1775751971665644514
ecgclass,no_sharing_tpc,139.005,629.7376,451.6567,450.7769,0.0118,0.1006,176.6231,178.0809,1775751971665644514
ecgclass,no_sharing_tpc,139.0764,558.4531,451.6567,450.7769,0.0118,0.1006,105.2091,106.7964,1775751971665644514
ecgclass,no_sharing_tpc,139.1104,524.4656,451.6567,450.7769,0.0118,0.1006,71.1861,72.8089,1775751971665644514
ecgclass,no_sharing_tpc,139.3293,1244.1263,937.9673,930.3622,0.0012,1.1745,305.2621,306.159,1775751972118570912
ecgclass,no_sharing_tpc,139.349,1225.0805,937.9673,930.3622,0.0012,1.1745,285.5451,287.1132,1775751972118570912
ecgclass,no_sharing_tpc,139.3687,1205.3866,937.9673,930.3622,0.0012,1.1745,265.8296,267.4193,1775751972118570912
ecgclass,no_sharing_tpc,139.4114,1162.8022,937.9673,930.3622,0.0012,1.1745,223.098,224.8349,1775751972118570912
ecgclass,no_sharing_tpc,139.5062,1068.0609,937.9673,930.3622,0.0012,1.1745,128.3393,130.0935,1775751972118570912
ecgclass,no_sharing_tpc,139.5409,1033.3524,937.9673,930.3622,0.0012,1.1745,93.5998,95.385,1775751972118570912
ecgclass,no_sharing_tpc,139.8036,1762.5554,991.1316,984.1157,0.0028,3.2496,770.2646,771.4237,1775751973057883963
ecgclass,no_sharing_tpc,139.9581,1608.1038,991.1316,984.1157,0.0028,3.2496,615.7889,616.9721,1775751973057883963
ecgclass,no_sharing_tpc,140.9812,939.9648,354.3064,352.6462,0.0012,1.2883,584.8105,585.6584,1775751974050016624
ecgclass,no_sharing_tpc,141.6641,516.0582,258.243,251.1936,0.0011,3.349,256.7832,257.8152,1775751974404896667
ecgclass,no_sharing_tpc,141.8082,371.9704,258.243,251.1936,0.0011,3.349,112.6528,113.7274,1775751974404896667
ecgclass,no_sharing_tpc,141.9353,626.255,380.5935,373.5515,0.0011,3.3475,244.5519,245.6615,1775751974663925665
ecgclass,no_sharing_tpc,141.959,602.5853,380.5935,373.5515,0.0011,3.3475,220.8586,221.9918,1775751974663925665
ecgclass,no_sharing_tpc,142.2881,628.6159,354.5851,353.1323,0.0011,1.1189,273.1304,274.0308,1775751975045248506
ecgclass,no_sharing_tpc,142.9937,164.3414,162.172,156.683,0.0014,5.1808,1.338,2.1694,1775751975479030389
ecgclass,no_sharing_tpc,143.1255,265.1713,232.0235,226.1832,0.0015,5.4756,32.2971,33.1478,1775751975641824083
ecgclass,no_sharing_tpc,143.4419,181.442,179.2585,174.2137,0.0013,4.7186,1.3463,2.1835,1775751975927253550
ecgclass,no_sharing_tpc,143.4456,410.3272,231.8912,226.0504,0.0014,5.4675,177.5303,178.436,1775751976107146433
ecgclass,no_sharing_tpc,144.9238,90.6436,88.2575,80.9927,0.0027,6.6094,1.5004,2.3861,1775751977409311153
ecgclass,no_sharing_tpc,144.9445,302.9866,231.867,224.5192,0.0026,6.7685,69.7665,71.1197,1775751977498345312
ecgclass,no_sharing_tpc,145.2467,232.9819,230.5633,223.1185,0.0027,6.7865,1.5452,2.4186,1775751977732289257
ecgclass,no_sharing_tpc,145.2577,463.6292,240.6822,233.052,0.002,2.3607,221.7996,222.9471,1775751977963575879
ecgclass,no_sharing_tpc,145.3261,395.3273,240.6822,233.052,0.002,2.3607,153.4748,154.6451,1775751977963575879
ecgclass,no_sharing_tpc,145.4069,315.1283,240.6822,233.052,0.002,2.3607,72.6428,74.4461,1775751977963575879
ecgclass,no_sharing_tpc,145.618,633.5359,529.3604,522.2808,0.0014,3.0778,103.1659,104.1755,1775751978205179881
ecgclass,no_sharing_tpc,145.6327,618.8502,529.3604,522.2808,0.0014,3.0778,88.4573,89.4899,1775751978205179881
ecgclass,no_sharing_tpc,145.7213,1008.5039,477.2638,469.6779,0.0038,1.1778,529.9633,531.2401,1775751978735262779
ecgclass,no_sharing_tpc,145.7702,959.6064,477.2638,469.6779,0.0038,1.1778,481.0419,482.3426,1775751978735262779
ecgclass,no_sharing_tpc,145.7939,936.3458,477.2638,469.6779,0.0038,1.1778,457.35,459.082,1775751978735262779
ecgclass,no_sharing_tpc,146.1315,598.7897,477.2638,469.6779,0.0038,1.1778,119.7731,121.5259,1775751978735262779
ecgclass,no_sharing_tpc,146.2277,502.7599,477.2638,469.6779,0.0038,1.1778,23.5302,25.4961,1775751978735262779
ecgclass,no_sharing_tpc,146.2475,483.0079,477.2638,469.6779,0.0038,1.1778,3.7613,5.7441,1775751978735262779
ecgclass,no_sharing_tpc,146.3615,1456.825,1086.8333,1079.2709,0.0012,1.182,368.8383,369.9917,1775751979214366344
ecgclass,no_sharing_tpc,146.4012,1417.1336,1086.8333,1079.2709,0.0012,1.182,329.1237,330.3003,1775751979214366344
ecgclass,no_sharing_tpc,146.4012,1417.5277,1086.8333,1079.2709,0.0012,1.182,329.0913,330.6944,1775751979214366344
ecgclass,no_sharing_tpc,146.424,1394.7902,1086.8333,1079.2709,0.0012,1.182,306.334,307.9569,1775751979214366344
ecgclass,no_sharing_tpc,146.6622,1156.6887,1086.8333,1079.2709,0.0012,1.182,68.1088,69.8554,1775751979214366344
ecgclass,no_sharing_tpc,146.6623,1156.6806,1086.8333,1079.2709,0.0012,1.182,68.0649,69.8473,1775751979214366344
ecgclass,no_sharing_tpc,146.7584,2140.8124,1079.2578,1070.7824,0.0013,1.0043,1060.1969,1061.5546,1775751980302600088
ecgclass,no_sharing_tpc,146.8979,2001.2808,1079.2578,1070.7824,0.0013,1.0043,920.6424,922.023,1775751980302600088
ecgclass,no_sharing_tpc,146.958,1941.2529,1079.2578,1070.7824,0.0013,1.0043,860.5995,861.9951,1775751980302600088
ecgclass,no_sharing_tpc,147.1184,1781.3203,1079.2578,1070.7824,0.0013,1.0043,700.1493,702.0625,1775751980302600088
ecgclass,no_sharing_tpc,147.4838,1415.9636,1079.2578,1070.7824,0.0013,1.0043,334.7721,336.7058,1775751980302600088
ecgclass,no_sharing_tpc,147.6092,1290.5619,1079.2578,1070.7824,0.0013,1.0043,209.3563,211.3041,1775751980302600088
ecgclass,no_sharing_tpc,147.7265,1173.3737,1079.2578,1070.7824,0.0013,1.0043,92.0196,94.1159,1775751980302600088
ecgclass,no_sharing_tpc,147.7574,1142.5211,1079.2578,1070.7824,0.0013,1.0043,61.1215,63.2633,1775751980302600088
ecgclass,no_sharing_tpc,147.8832,2410.0881,1392.9679,1392.0385,0.0018,0.1265,1016.1328,1017.1201,1775751981383409711
ecgclass,no_sharing_tpc,148.3478,1945.8177,1392.9679,1392.0385,0.0018,0.1265,551.5943,552.8498,1775751981383409711
ecgclass,no_sharing_tpc,148.4641,1829.504,1392.9679,1392.0385,0.0018,0.1265,435.2596,436.5361,1775751981383409711
ecgclass,no_sharing_tpc,148.6096,1684.1874,1392.9679,1392.0385,0.0018,0.1265,289.7522,291.2195,1775751981383409711
ecgclass,no_sharing_tpc,149.1846,1881.6621,771.4715,762.9408,0.0074,1.0031,1108.8157,1110.1906,1775751982777499413
ecgclass,no_sharing_tpc,149.2661,1800.1864,771.4715,762.9408,0.0074,1.0031,1027.3156,1028.7149,1775751982777499413
ecgclass,no_sharing_tpc,149.2735,1792.8882,771.4715,762.9408,0.0074,1.0031,1020.0019,1021.4166,1775751982777499413
ecgclass,no_sharing_tpc,149.6941,1372.735,771.4715,762.9408,0.0074,1.0031,599.3409,601.2635,1775751982777499413
ecgclass,no_sharing_tpc,149.8329,1233.963,771.4715,762.9408,0.0074,1.0031,460.5489,462.4915,1775751982777499413
ecgclass,no_sharing_tpc,149.8614,1205.5149,771.4715,762.9408,0.0074,1.0031,432.0757,434.0434,1775751982777499413
ecgclass,no_sharing_tpc,149.8782,1188.8678,771.4715,762.9408,0.0074,1.0031,415.2796,417.3963,1775751982777499413
ecgclass,no_sharing_tpc,150.0118,1055.3207,771.4715,762.9408,0.0074,1.0031,281.6858,283.8492,1775751982777499413
ecgclass,no_sharing_tpc,150.326,2178.9463,1436.5454,1428.0946,0.0018,0.9985,740.5078,742.4008,1775751983550550841
ecgclass,no_sharing_tpc,150.3317,2173.2671,1436.5454,1428.0946,0.0018,0.9985,734.8034,736.7217,1775751983550550841
ecgclass,no_sharing_tpc,150.3471,2158.5133,1436.5454,1428.0946,0.0018,0.9985,719.4204,721.9679,1775751983550550841
ecgclass,no_sharing_tpc,150.3688,2137.028,1436.5454,1428.0946,0.0018,0.9985,697.6936,700.4825,1775751983550550841
ecgclass,no_sharing_tpc,150.4036,2102.2818,1436.5454,1428.0946,0.0018,0.9985,662.9276,665.7364,1775751983550550841
ecgclass,no_sharing_tpc,150.6021,1903.7588,1436.5454,1428.0946,0.0018,0.9985,464.3898,467.2133,1775751983550550841
ecgclass,no_sharing_tpc,150.6139,1892.0767,1436.5454,1428.0946,0.0018,0.9985,452.6544,455.5313,1775751983550550841
ecgclass,no_sharing_tpc,150.9952,1510.797,1436.5454,1428.0946,0.0018,0.9985,71.3594,74.2516,1775751983550550841
ecgclass,no_sharing_tpc,151.4988,2373.9467,1366.7758,1365.7441,0.002,0.1861,1006.0694,1007.1709,1775751984988878311
ecgclass,no_sharing_tpc,152.498,1374.9743,1366.7758,1365.7441,0.002,0.1861,6.8123,8.1985,1775751984988878311
ecgclass,no_sharing_tpc,152.5007,1372.2973,1366.7758,1365.7441,0.002,0.1861,4.1125,5.5215,1775751984988878311
ecgclass,no_sharing_tpc,152.5442,1910.3527,580.8312,579.9036,0.0012,0.1358,1328.4364,1329.5215,1775751986356627048
ecgclass,no_sharing_tpc,152.6906,1764.2987,580.8312,579.9036,0.0012,0.1358,1181.9501,1183.4675,1775751986356627048
ecgclass,no_sharing_tpc,152.7054,1749.6109,580.8312,579.9036,0.0012,0.1358,1167.2401,1168.7797,1775751986356627048
ecgclass,no_sharing_tpc,153.5274,927.5622,580.8312,579.9036,0.0012,0.1358,345.1548,346.731,1775751986356627048
ecgclass,no_sharing_tpc,154.1983,941.6745,684.5265,677.4418,0.0016,3.3504,256.1977,257.148,1775751986938493742
ecgclass,no_sharing_tpc,154.3355,804.6834,684.5265,677.4418,0.0016,3.3504,118.9947,120.1569,1775751986938493742
ecgclass,no_sharing_tpc,154.7354,759.6462,354.387,352.9106,0.0013,0.5722,404.3126,405.2591,1775751987623794593
ecgclass,no_sharing_tpc,155.1504,622.9587,277.5789,276.7374,0.0013,0.168,344.4083,345.3797,1775751987978798306
ecgclass,no_sharing_tpc,155.3009,472.7018,277.5789,276.7374,0.0013,0.168,193.913,195.1228,1775751987978798306
ecgclass,no_sharing_tpc,155.3987,374.8868,277.5789,276.7374,0.0013,0.168,96.0782,97.3078,1775751987978798306
ecgclass,no_sharing_tpc,155.8008,483.0744,480.8205,479.5418,0.0011,0.9916,1.3926,2.254,1775751988286209278
ecgclass,no_sharing_tpc,155.9202,596.2803,232.0578,230.6684,0.0011,1.0405,363.306,364.2226,1775751988767581312
ecgclass,no_sharing_tpc,156.4171,331.8412,232.0323,231.0851,0.0012,0.6263,99.0188,99.8089,1775751989000173534
ecgclass,no_sharing_tpc,156.6177,364.1806,232.3121,231.4594,0.0012,0.5299,131.0043,131.8684,1775751989232755132
ecgclass,no_sharing_tpc,156.7552,556.267,328.8599,328.0133,0.0012,0.1009,226.4245,227.4071,1775751989465631790
ecgclass,no_sharing_tpc,156.8546,457.0434,328.8599,328.0133,0.0012,0.1009,127.0041,128.1835,1775751989465631790
ecgclass,no_sharing_tpc,156.9233,388.7558,328.8599,328.0133,0.0012,0.1009,58.2774,59.8959,1775751989465631790
ecgclass,no_sharing_tpc,156.968,344.063,328.8599,328.0133,0.0012,0.1009,13.5648,15.2031,1775751989465631790
ecgclass,no_sharing_tpc,156.9697,342.3693,328.8599,328.0133,0.0012,0.1009,11.8568,13.5094,1775751989465631790
ecgclass,no_sharing_tpc,157.0321,1141.7794,860.9049,860.106,0.0011,0.1671,279.599,280.8746,1775751989795733430
ecgclass,no_sharing_tpc,157.0358,1138.0939,860.9049,860.106,0.0011,0.1671,275.8899,277.1891,1775751989795733430
ecgclass,no_sharing_tpc,157.0858,1088.1424,860.9049,860.106,0.0011,0.1671,225.9035,227.2375,1775751989795733430
ecgclass,no_sharing_tpc,157.7466,937.5923,509.8078,508.2472,0.0013,1.2081,426.8725,427.7844,1775751990657507655
ecgclass,no_sharing_tpc,158.2416,675.1413,232.0796,230.5272,0.0013,1.2213,442.214,443.0617,1775751991167868953
ecgclass,no_sharing_tpc,158.7224,453.2001,258.1852,251.1611,0.0012,3.1194,194.0253,195.0149,1775751991400492910
ecgclass,no_sharing_tpc,158.8022,373.4951,258.1852,251.1611,0.0012,3.1194,114.2967,115.3099,1775751991400492910
ecgclass,no_sharing_tpc,159.3991,131.4983,125.9645,124.6035,0.0013,1.0827,4.7443,5.5339,1775751991887833665
ecgclass,no_sharing_tpc,159.6288,143.2762,140.9948,135.1915,0.0014,5.4822,1.3685,2.2815,1775751992114201363
ecgclass,no_sharing_tpc,159.6375,384.6734,249.4011,242.3687,0.0014,3.3282,134.2716,135.2723,1775751992255820601
ecgclass,no_sharing_tpc,159.6908,331.3873,249.4011,242.3687,0.0014,3.3282,80.9412,81.9862,1775751992255820601
ecgclass,no_sharing_tpc,159.9062,517.0841,400.1952,399.2265,0.0015,0.1929,115.6702,116.8889,1775751992505941247
ecgclass,no_sharing_tpc,159.9422,481.1623,400.1952,399.2265,0.0015,0.1929,79.7248,80.9671,1775751992505941247
ecgclass,no_sharing_tpc,159.9656,457.8114,400.1952,399.2265,0.0015,0.1929,56.3383,57.6162,1775751992505941247
ecgclass,no_sharing_tpc,160.2522,727.2477,555.2678,554.2986,0.0014,0.1901,170.7392,171.9799,1775751992906982897
ecgclass,no_sharing_tpc,160.2528,726.6989,555.2678,554.2986,0.0014,0.1901,170.167,171.4311,1775751992906982897
ecgclass,no_sharing_tpc,160.2605,719.0304,555.2678,554.2986,0.0014,0.1901,162.4625,163.7626,1775751992906982897
ecgclass,no_sharing_tpc,160.6505,865.5128,535.8617,528.8297,0.0014,3.3152,328.5761,329.6511,1775751993463114531
ecgclass,no_sharing_tpc,160.7199,796.1714,535.8617,528.8297,0.0014,3.3152,259.2103,260.3097,1775751993463114531
ecgclass,no_sharing_tpc,161.2581,613.2908,354.5804,353.5979,0.0037,0.5795,257.6728,258.7103,1775751993999796949
ecgclass,no_sharing_tpc,161.5663,563.4372,257.883,250.8403,0.0013,3.3411,304.692,305.5543,1775751994355054901
ecgclass,no_sharing_tpc,161.7958,334.2237,257.883,250.8403,0.0013,3.3411,75.2647,76.3408,1775751994355054901
ecgclass,no_sharing_tpc,161.882,655.5283,406.7136,399.0821,0.0013,2.4136,247.6091,248.8147,1775751994613659431
ecgclass,no_sharing_tpc,161.9157,621.8348,406.7136,399.0821,0.0013,2.4136,213.8917,215.1211,1775751994613659431
ecgclass,no_sharing_tpc,161.9305,607.1355,406.7136,399.0821,0.0013,2.4136,199.157,200.4219,1775751994613659431
ecgclass,no_sharing_tpc,162.2175,921.4537,599.9113,598.9698,0.0012,0.1106,319.705,321.5424,1775751995021263597
ecgclass,no_sharing_tpc,162.2383,900.6748,599.9113,598.9698,0.0012,0.1106,298.9023,300.7635,1775751995021263597
ecgclass,no_sharing_tpc,162.28,859.1816,599.9113,598.9698,0.0012,0.1106,257.1838,259.2703,1775751995021263597
ecgclass,no_sharing_tpc,162.4331,706.1219,599.9113,598.9698,0.0012,0.1106,104.0809,106.2106,1775751995021263597
ecgclass,no_sharing_tpc,162.4409,698.4262,599.9113,598.9698,0.0012,0.1106,96.3705,98.5149,1775751995021263597
ecgclass,no_sharing_tpc,162.6574,1368.4354,886.45,885.5543,0.0013,0.1273,480.9206,481.9854,1775751995622389845
ecgclass,no_sharing_tpc,162.6702,1355.7363,886.45,885.5543,0.0013,0.1273,468.1988,469.2863,1775751995622389845
ecgclass,no_sharing_tpc,162.7114,1314.846,886.45,885.5543,0.0013,0.1273,426.9888,428.3961,1775751995622389845
ecgclass,no_sharing_tpc,162.7281,1298.1589,886.45,885.5543,0.0013,0.1273,410.2826,411.7089,1775751995622389845
ecgclass,no_sharing_tpc,163.196,1515.5256,684.5751,677.5164,0.0014,3.343,829.9427,830.9505,1775751996509948398
ecgclass,no_sharing_tpc,163.9125,798.98,684.5751,677.5164,0.0014,3.343,113.3726,114.4049,1775751996509948398
ecgclass,no_sharing_tpc,164.1755,962.1747,425.4869,424.6291,0.0013,0.1251,535.8377,536.6878,1775751997195339510
ecgclass,no_sharing_tpc,164.4098,728.3385,425.4869,424.6291,0.0013,0.1251,301.5132,302.8516,1775751997195339510
ecgclass,no_sharing_tpc,164.4685,669.6036,425.4869,424.6291,0.0013,0.1251,242.7566,244.1167,1775751997195339510
ecgclass,no_sharing_tpc,164.6943,443.8956,425.4869,424.6291,0.0013,0.1251,17.0126,18.4087,1775751997195339510
ecgclass,no_sharing_tpc,164.9308,866.4515,658.5503,657.4527,0.0012,0.8113,207.0193,207.9012,1775751997621827260
ecgclass,no_sharing_tpc,165.2174,838.7806,258.2043,251.1406,0.0012,3.3507,579.5338,580.5764,1775751998280995367
ecgclass,no_sharing_tpc,165.5373,518.9552,258.2043,251.1406,0.0012,3.3507,259.6846,260.751,1775751998280995367
ecgclass,no_sharing_tpc,165.8692,568.1915,380.6656,373.6084,0.0013,3.3484,186.6903,187.5259,1775751998539903415
ecgclass,no_sharing_tpc,165.8745,563.066,380.6656,373.6084,0.0013,3.3484,181.3536,182.4004,1775751998539903415
ecgclass,no_sharing_tpc,166.1082,710.8216,380.6226,373.647,0.0026,3.2703,329.1085,330.199,1775751998921293367
ecgclass,no_sharing_tpc,166.3047,514.3213,380.6226,373.647,0.0026,3.2703,132.5841,133.6987,1775751998921293367
ecgclass,no_sharing_tpc,166.7181,482.0633,380.4579,373.3761,0.0012,3.3519,100.6677,101.6054,1775751999302812595
ecgclass,no_sharing_tpc,166.742,458.3082,380.4579,373.3761,0.0012,3.3519,76.7589,77.8503,1775751999302812595
ecgclass,no_sharing_tpc,166.9665,614.9166,380.5587,373.5172,0.0011,3.3437,233.5145,234.3579,1775751999684050869
ecgclass,no_sharing_tpc,167.0943,487.3471,380.5587,373.5172,0.0011,3.3437,105.7358,106.7884,1775751999684050869
ecgclass,no_sharing_tpc,167.2252,757.4031,400.0932,399.2429,0.0011,0.1684,356.0729,357.31,1775752000065339162
ecgclass,no_sharing_tpc,167.2583,724.3536,400.0932,399.2429,0.0011,0.1684,323.0,324.2604,1775752000065339162
ecgclass,no_sharing_tpc,167.5482,434.4532,400.0932,399.2429,0.0011,0.1684,33.0851,34.3601,1775752000065339162
ecgclass,no_sharing_tpc,167.6882,831.1529,536.0191,528.981,0.0012,3.3439,294.1029,295.1338,1775752000466293802
ecgclass,no_sharing_tpc,167.7109,808.4803,536.0191,528.981,0.0012,3.3439,271.4064,272.4611,1775752000466293802
ecgclass,no_sharing_tpc,169.2044,51.446,49.1559,43.4529,0.0014,5.3737,1.3697,2.2901,1775752001689773140
ecgclass,no_sharing_tpc,169.3926,95.6628,93.4084,88.0835,0.0014,5.0003,1.3335,2.2544,1775752001877971970
ecgclass,no_sharing_tpc,169.4935,236.33,233.8557,227.7217,0.0018,5.7481,1.344,2.4743,1775752001978845577
ecgclass,no_sharing_tpc,170.1462,56.1419,53.8842,47.8935,0.0014,5.557,1.4176,2.2577,1775752002631601873
ecgclass,no_sharing_tpc,170.5195,53.1163,50.804,45.0428,0.0014,5.4013,1.349,2.3124,1775752003004897448
ecgclass,no_sharing_tpc,170.829,89.8747,87.5398,80.1601,0.0028,6.7124,1.4069,2.3349,1775752003314458543
ecgclass,no_sharing_tpc,170.8437,281.5962,205.7102,203.5193,0.002,1.6522,75.0031,75.8859,1775752003402750285
ecgclass,no_sharing_tpc,171.068,291.8122,233.7583,232.3519,0.0021,0.8762,57.1275,58.0539,1775752003609112409
ecgclass,no_sharing_tpc,171.5051,87.5795,85.1954,84.0178,0.0016,0.7449,1.3909,2.3841,1775752003990499929
ecgclass,no_sharing_tpc,171.6419,181.1712,178.9708,172.7939,0.0017,5.7593,1.3738,2.2003,1775752004127262835
ecgclass,no_sharing_tpc,171.9346,121.1202,118.8887,113.2915,0.0018,5.185,1.333,2.2315,1775752004419932034
ecgclass,no_sharing_tpc,171.9997,297.3852,240.6767,233.6193,0.0013,3.3238,55.8183,56.7085,1775752004539516471
ecgclass,no_sharing_tpc,172.0291,268.0533,240.6767,233.6193,0.0013,3.3238,26.3357,27.3765,1775752004539516471
ecgclass,no_sharing_tpc,172.4618,199.1622,196.8531,191.119,0.0014,5.4087,1.4038,2.3091,1775752004947229823
ecgclass,no_sharing_tpc,172.571,322.4335,231.9412,226.092,0.0013,5.4834,89.6845,90.4923,1775752005144689104
ecgclass,no_sharing_tpc,172.7142,429.5042,249.339,242.3255,0.0014,3.3233,179.0922,180.1652,1775752005377292501
ecgclass,no_sharing_tpc,172.7863,357.3627,249.339,242.3255,0.0014,3.3233,106.9274,108.0237,1775752005377292501
ecgclass,no_sharing_tpc,172.9246,620.0635,400.1655,399.2034,0.0014,0.1901,218.709,219.8981,1775752005627347722
ecgclass,no_sharing_tpc,172.9954,549.3417,400.1655,399.2034,0.0014,0.1901,147.9354,149.1762,1775752005627347722
ecgclass,no_sharing_tpc,173.0062,538.5695,400.1655,399.2034,0.0014,0.1901,137.1469,138.404,1775752005627347722
ecgclass,no_sharing_tpc,173.4064,694.3064,555.1566,554.2835,0.0012,0.1671,137.9566,139.1498,1775752006028364640
ecgclass,no_sharing_tpc,173.4422,658.5445,555.1566,554.2835,0.0012,0.1671,102.1724,103.388,1775752006028364640
ecgclass,no_sharing_tpc,173.5189,581.7907,555.1566,554.2835,0.0012,0.1671,25.3839,26.6341,1775752006028364640
ecgclass,no_sharing_tpc,173.9084,703.7024,510.8621,509.554,0.0012,0.9569,191.9827,192.8403,1775752006584375794
ecgclass,no_sharing_tpc,174.1279,742.769,257.4843,250.045,0.0012,3.5554,483.8777,485.2847,1775752007095853402
ecgclass,no_sharing_tpc,174.302,568.7187,257.4843,250.045,0.0012,3.5554,309.8047,311.2343,1775752007095853402
ecgclass,no_sharing_tpc,174.736,515.2888,379.8362,372.7179,0.0013,3.3429,134.4202,135.4527,1775752007354451316
ecgclass,no_sharing_tpc,174.7724,478.9095,379.8362,372.7179,0.0013,3.3429,98.0175,99.0733,1775752007354451316
ecgclass,no_sharing_tpc,174.9059,726.5496,380.6911,373.6394,0.0012,3.3431,345.0313,345.8585,1775752007734995233
ecgclass,no_sharing_tpc,175.0319,600.7533,380.6911,373.6394,0.0012,3.3431,219.0232,220.0622,1775752007734995233
ecgclass,no_sharing_tpc,175.7303,257.2987,255.0261,253.6987,0.0012,1.033,1.3685,2.2726,1775752008215716681
ecgclass,no_sharing_tpc,176.0756,153.3275,151.0791,145.311,0.0013,5.452,1.3821,2.2483,1775752008560983616
ecgclass,no_sharing_tpc,176.1199,359.1926,249.4384,242.4095,0.0014,3.3296,108.7379,109.7542,1775752008712698238
ecgclass,no_sharing_tpc,176.153,326.1652,249.4384,242.4095,0.0014,3.3296,75.6865,76.7268,1775752008712698238
ecgclass,no_sharing_tpc,176.2457,659.914,425.6348,424.6499,0.0013,0.1465,233.2048,234.2792,1775752008962938698
ecgclass,no_sharing_tpc,176.2894,616.5819,425.6348,424.6499,0.0013,0.1465,189.4891,190.9471,1775752008962938698
ecgclass,no_sharing_tpc,176.3831,522.8853,425.6348,424.6499,0.0013,0.1465,95.7718,97.2505,1775752008962938698
ecgclass,no_sharing_tpc,176.4058,500.21,425.6348,424.6499,0.0013,0.1465,73.0622,74.5752,1775752008962938698
ecgclass,no_sharing_tpc,176.5851,1025.7339,703.8922,702.9799,0.0013,0.1714,320.6141,321.8417,1775752009389718802
ecgclass,no_sharing_tpc,176.6296,981.2143,703.8922,702.9799,0.0013,0.1714,276.072,277.3221,1775752009389718802
ecgclass,no_sharing_tpc,176.6786,932.1983,703.8922,702.9799,0.0013,0.1714,227.042,228.3061,1775752009389718802
ecgclass,no_sharing_tpc,177.4811,639.8604,509.751,508.6099,0.0011,0.7849,129.3488,130.1094,1775752010094454631
ecgclass,no_sharing_tpc,177.8194,534.7917,232.6983,231.3456,0.0012,1.0268,301.2271,302.0935,1775752010604706543
ecgclass,no_sharing_tpc,178.2482,383.8418,277.048,276.2226,0.0013,0.1662,105.7603,106.7938,1775752010837960541
ecgclass,no_sharing_tpc,178.2609,371.146,277.048,276.2226,0.0013,0.1662,93.0414,94.098,1775752010837960541
ecgclass,no_sharing_tpc,178.3216,310.5855,277.048,276.2226,0.0013,0.1662,32.2804,33.5375,1775752010837960541
ecgclass,no_sharing_tpc,178.4158,726.7568,509.7602,508.2579,0.0012,1.15,216.1264,216.9966,1775752011115947816
ecgclass,no_sharing_tpc,178.7656,681.3133,303.2924,302.444,0.0012,0.125,376.626,378.0208,1775752011626270498
ecgclass,no_sharing_tpc,178.9546,492.3167,303.2924,302.444,0.0012,0.125,187.6059,189.0243,1775752011626270498
ecgclass,no_sharing_tpc,178.9563,490.6511,303.2924,302.444,0.0012,0.125,185.8969,187.3587,1775752011626270498
ecgclass,no_sharing_tpc,179.0234,423.5885,303.2924,302.444,0.0012,0.125,118.82,120.2961,1775752011626270498
ecgclass,no_sharing_tpc,179.3622,743.927,658.76,657.845,0.0012,0.5443,84.2934,85.167,1775752011930532402
ecgclass,no_sharing_tpc,180.4964,45.0392,42.902,41.6272,0.0011,0.9928,1.3075,2.1372,1775752012981712974
ecgclass,no_sharing_tpc,180.5806,202.1883,199.9298,194.1342,0.0013,5.481,1.3852,2.2584,1775752013066033342
ecgclass,no_sharing_tpc,180.7066,308.7089,232.0756,226.253,0.0014,5.4305,75.8672,76.6333,1775752013266518350
ecgclass,no_sharing_tpc,180.892,356.0736,232.1328,226.1774,0.0013,5.5835,123.1132,123.9408,1775752013499132668
ecgclass,no_sharing_tpc,181.0175,463.1169,231.9658,226.276,0.0013,5.3171,230.2487,231.1511,1775752013731804133
ecgclass,no_sharing_tpc,181.3502,363.0116,232.0478,226.2918,0.0014,5.3902,130.0848,130.9638,1775752013964314616
ecgclass,no_sharing_tpc,181.7928,152.9438,150.4543,144.7805,0.0013,4.8295,1.6479,2.4896,1775752014278497167
ecgclass,no_sharing_tpc,181.8348,343.7071,232.0423,226.1282,0.0014,5.5471,110.6505,111.6648,1775752014429501237
ecgclass,no_sharing_tpc,181.9937,454.2928,268.9892,268.0102,0.0014,0.2,184.4795,185.3035,1775752014662175923
ecgclass,no_sharing_tpc,182.016,432.2698,268.9892,268.0102,0.0014,0.2,162.1177,163.2806,1775752014662175923
ecgclass,no_sharing_tpc,182.051,397.332,268.9892,268.0102,0.0014,0.2,127.1596,128.3427,1775752014662175923
ecgclass,no_sharing_tpc,182.1777,852.8986,581.031,580.0381,0.0013,0.1486,270.334,271.8676,1775752014932021970
ecgclass,no_sharing_tpc,182.2517,778.9178,581.031,580.0381,0.0013,0.1486,196.3296,197.8868,1775752014932021970
ecgclass,no_sharing_tpc,182.27,760.6072,581.031,580.0381,0.0013,0.1486,178.0031,179.5763,1775752014932021970
ecgclass,no_sharing_tpc,182.4194,611.1989,581.031,580.0381,0.0013,0.1486,28.5819,30.1679,1775752014932021970
ecgclass,no_sharing_tpc,182.6881,1046.8261,703.8007,702.8542,0.0012,0.1803,341.9826,343.0254,1775752015514143506
ecgclass,no_sharing_tpc,182.9496,785.3856,703.8007,702.8542,0.0012,0.1803,80.5187,81.5849,1775752015514143506
ecgclass,no_sharing_tpc,183.0256,709.5306,703.8007,702.8542,0.0012,0.1803,4.4644,5.7299,1775752015514143506
ecgclass,no_sharing_tpc,183.1809,1134.4984,579.7778,578.8994,0.0013,0.128,553.8771,554.7205,1775752016218845552
ecgclass,no_sharing_tpc,183.224,1091.9306,579.7778,578.8994,0.0013,0.128,510.7932,512.1528,1775752016218845552
ecgclass,no_sharing_tpc,183.2764,1039.5918,579.7778,578.8994,0.0013,0.128,458.4322,459.814,1775752016218845552
ecgclass,no_sharing_tpc,183.3548,961.1902,579.7778,578.8994,0.0013,0.128,379.9961,381.4124,1775752016218845552
ecgclass,no_sharing_tpc,183.924,1096.4487,704.0658,703.1784,0.0012,0.1693,391.5563,392.3829,1775752016799634715
ecgclass,no_sharing_tpc,184.0308,990.0343,704.0658,703.1784,0.0012,0.1693,284.7872,285.9685,1775752016799634715
ecgclass,no_sharing_tpc,184.207,813.8676,704.0658,703.1784,0.0012,0.1693,108.5999,109.8018,1775752016799634715
ecgclass,no_sharing_tpc,184.3607,1196.8353,535.9568,528.8975,0.0013,3.3497,659.8713,660.8785,1775752017504572088
ecgclass,no_sharing_tpc,184.6361,921.4432,535.9568,528.8975,0.0013,3.3497,384.4547,385.4865,1775752017504572088
ecgclass,no_sharing_tpc,185.2198,718.9007,380.4089,373.3613,0.0012,3.348,337.4479,338.4918,1775752018041267230
ecgclass,no_sharing_tpc,185.3052,633.5473,380.4089,373.3613,0.0012,3.348,252.0704,253.1384,1775752018041267230
ecgclass,no_sharing_tpc,185.5674,752.1076,380.3005,373.2533,0.0011,3.351,370.95,371.8071,1775752018422377930
ecgclass,no_sharing_tpc,185.6488,670.8708,380.3005,373.2533,0.0011,3.351,289.5591,290.5703,1775752018422377930
ecgclass,no_sharing_tpc,186.0616,710.593,451.4953,450.5992,0.0013,0.1052,257.7629,259.0977,1775752018803418761
ecgclass,no_sharing_tpc,186.092,680.2332,451.4953,450.5992,0.0013,0.1052,227.38,228.738,1775752018803418761
ecgclass,no_sharing_tpc,186.1224,650.11,451.4953,450.5992,0.0013,0.1052,197.0289,198.6148,1775752018803418761
ecgclass,no_sharing_tpc,186.2714,501.0672,451.4953,450.5992,0.0013,0.1052,47.941,49.5719,1775752018803418761
ecgclass,no_sharing_tpc,186.2882,484.3574,451.4953,450.5992,0.0013,0.1052,31.2166,32.8621,1775752018803418761
ecgclass,no_sharing_tpc,186.3531,1281.2426,861.0987,860.1882,0.0012,0.1736,418.906,420.144,1775752019256011535
ecgclass,no_sharing_tpc,186.5085,1125.8724,861.0987,860.1882,0.0012,0.1736,263.5124,264.7737,1775752019256011535
ecgclass,no_sharing_tpc,186.5695,1064.883,861.0987,860.1882,0.0012,0.1736,202.4865,203.7843,1775752019256011535
ecgclass,no_sharing_tpc,187.099,1117.3584,581.0255,580.1409,0.0011,0.1293,535.0299,536.3329,1775752020118049162
ecgclass,no_sharing_tpc,187.2548,961.5459,581.0255,580.1409,0.0011,0.1293,379.1945,380.5204,1775752020118049162
ecgclass,no_sharing_tpc,187.3845,831.9542,581.0255,580.1409,0.0011,0.1293,249.4729,250.9287,1775752020118049162
ecgclass,no_sharing_tpc,187.5335,683.0628,581.0255,580.1409,0.0011,0.1293,100.5454,102.0373,1775752020118049162
ecgclass,no_sharing_tpc,187.7868,1134.4047,704.0522,703.178,0.0012,0.167,429.265,430.3524,1775752020700106938
ecgclass,no_sharing_tpc,187.8592,1062.0737,704.0522,703.178,0.0012,0.167,356.9112,358.0215,1775752020700106938
ecgclass,no_sharing_tpc,188.1412,780.2329,704.0522,703.178,0.0012,0.167,74.8706,76.1807,1775752020700106938
ecgclass,no_sharing_tpc,188.6516,779.9268,509.7498,508.5686,0.0013,0.8355,269.4182,270.177,1775752021405082091
ecgclass,no_sharing_tpc,189.0594,676.3587,303.4643,302.6082,0.0012,0.1286,371.6941,372.8944,1775752021915177492
ecgclass,no_sharing_tpc,189.2044,531.4014,303.4643,302.6082,0.0012,0.1286,226.7139,227.9371,1775752021915177492
ecgclass,no_sharing_tpc,189.2532,482.6794,303.4643,302.6082,0.0012,0.1286,177.9785,179.2151,1775752021915177492
ecgclass,no_sharing_tpc,189.3182,417.6474,303.4643,302.6082,0.0012,0.1286,112.9336,114.1831,1775752021915177492
ecgclass,no_sharing_tpc,189.6397,755.1417,658.8667,657.7267,0.0012,0.7828,95.4332,96.275,1775752022219192705
ecgclass,no_sharing_tpc,189.8263,898.6869,329.3263,328.476,0.0011,0.1026,568.0256,569.3606,1775752022878409520
ecgclass,no_sharing_tpc,189.9047,820.3354,329.3263,328.476,0.0011,0.1026,489.6512,491.0091,1775752022878409520
ecgclass,no_sharing_tpc,189.9105,814.6079,329.3263,328.476,0.0011,0.1026,483.9098,485.2816,1775752022878409520
ecgclass,no_sharing_tpc,190.3046,420.5298,329.3263,328.476,0.0011,0.1026,89.819,91.2036,1775752022878409520
ecgclass,no_sharing_tpc,190.337,388.1135,329.3263,328.476,0.0011,0.1026,57.3909,58.7872,1775752022878409520
ecgclass,no_sharing_tpc,190.4567,1182.5023,913.4875,911.9635,0.0013,0.2268,267.7503,269.0148,1775752023208446633
ecgclass,no_sharing_tpc,190.52,1119.1413,913.4875,911.9635,0.0013,0.2268,204.3655,205.6538,1775752023208446633
ecgclass,no_sharing_tpc,190.604,1035.2187,913.4875,911.9635,0.0013,0.2268,120.3871,121.7312,1775752023208446633
ecgclass,no_sharing_tpc,190.6194,1019.8712,913.4875,911.9635,0.0013,0.2268,105.0255,106.3837,1775752023208446633
ecgclass,no_sharing_tpc,190.6861,953.1515,913.4875,911.9635,0.0013,0.2268,38.2922,39.664,1775752023208446633
ecgclass,no_sharing_tpc,191.1871,1339.1726,886.3286,885.4521,0.0012,0.1263,451.525,452.844,1775752024122644257
ecgclass,no_sharing_tpc,191.3082,1218.106,886.3286,885.4521,0.0012,0.1263,330.4365,331.7774,1775752024122644257
ecgclass,no_sharing_tpc,191.4257,1100.6076,886.3286,885.4521,0.0012,0.1263,212.924,214.279,1775752024122644257
ecgclass,no_sharing_tpc,191.6029,923.4495,886.3286,885.4521,0.0012,0.1263,35.7542,37.1209,1775752024122644257
ecgclass,no_sharing_tpc,191.6901,1618.5336,781.7324,774.1558,0.0014,1.1803,835.3629,836.8012,1775752025009523184
ecgclass,no_sharing_tpc,191.7689,1539.8002,781.7324,774.1558,0.0014,1.1803,756.6066,758.0678,1775752025009523184
ecgclass,no_sharing_tpc,191.7726,1536.0901,781.7324,774.1558,0.0014,1.1803,752.8822,754.3577,1775752025009523184
ecgclass,no_sharing_tpc,192.0865,1222.1937,781.7324,774.1558,0.0014,1.1803,438.9737,440.4613,1775752025009523184
ecgclass,no_sharing_tpc,192.3282,980.4842,781.7324,774.1558,0.0014,1.1803,197.2513,198.7519,1775752025009523184
ecgclass,no_sharing_tpc,192.4303,878.4685,781.7324,774.1558,0.0014,1.1803,95.2239,96.7361,1775752025009523184
ecgclass,no_sharing_tpc,192.6269,1718.8313,1036.6639,1035.7356,0.0012,0.1395,680.9878,682.1674,1775752025791900687
ecgclass,no_sharing_tpc,192.728,1617.7809,1036.6639,1035.7356,0.0012,0.1395,579.9146,581.117,1775752025791900687
ecgclass,no_sharing_tpc,192.7523,1593.3993,1036.6639,1035.7356,0.0012,0.1395,555.5193,556.7354,1775752025791900687
ecgclass,no_sharing_tpc,192.784,1561.7542,1036.6639,1035.7356,0.0012,0.1395,523.8626,525.0903,1775752025791900687
ecgclass,no_sharing_tpc,193.4525,1649.8399,755.9267,755.0581,0.0011,0.1021,892.6454,893.9132,1775752026829191094
ecgclass,no_sharing_tpc,193.7058,1396.5318,755.9267,755.0581,0.0011,0.1021,639.3135,640.6052,1775752026829191094
ecgclass,no_sharing_tpc,193.7944,1307.9515,755.9267,755.0581,0.0011,0.1021,550.7183,552.0248,1775752026829191094
ecgclass,no_sharing_tpc,194.0784,1024.0448,755.9267,755.0581,0.0011,0.1021,266.7992,268.1181,1775752026829191094
ecgclass,no_sharing_tpc,194.2242,878.2396,755.9267,755.0581,0.0011,0.1021,120.9807,122.313,1775752026829191094
ecgclass,no_sharing_tpc,194.5323,1457.7396,887.1662,886.3119,0.0012,0.1253,569.4106,570.5734,1775752027585716168
ecgclass,no_sharing_tpc,194.7514,1238.6329,887.1662,886.3119,0.0012,0.1253,350.282,351.4668,1775752027585716168
ecgclass,no_sharing_tpc,195.0333,956.7125,887.1662,886.3119,0.0012,0.1253,68.3484,69.5463,1775752027585716168
ecgclass,no_sharing_tpc,195.035,955.0109,887.1662,886.3119,0.0012,0.1253,66.6351,67.8447,1775752027585716168
ecgclass,no_sharing_tpc,195.8954,780.4229,685.2332,678.2043,0.0013,3.3381,94.0406,95.1897,1775752028473444840
ecgclass,no_sharing_tpc,195.9061,769.7337,685.2332,678.2043,0.0013,3.3381,83.3273,84.5004,1775752028473444840
ecgclass,no_sharing_tpc,196.0053,1122.9088,451.6751,450.8461,0.0013,0.1023,669.9018,671.2337,1775752029159189688
ecgclass,no_sharing_tpc,196.033,1095.1984,451.6751,450.8461,0.0013,0.1023,642.1688,643.5233,1775752029159189688
ecgclass,no_sharing_tpc,196.0747,1053.4995,451.6751,450.8461,0.0013,0.1023,600.4541,601.8244,1775752029159189688
ecgclass,no_sharing_tpc,196.18,948.1914,451.6751,450.8461,0.0013,0.1023,495.1324,496.5163,1775752029159189688
ecgclass,no_sharing_tpc,196.268,860.1999,451.6751,450.8461,0.0013,0.1023,407.1274,408.5248,1775752029159189688
ecgclass,no_sharing_tpc,196.8459,1124.6493,842.0849,835.0439,0.0015,3.3409,281.5089,282.5644,1775752029611479025
ecgclass,no_sharing_tpc,196.9433,1027.3352,842.0849,835.0439,0.0015,3.3409,184.1717,185.2503,1775752029611479025
ecgclass,no_sharing_tpc,197.5454,826.1173,400.5082,399.6566,0.0012,0.1718,424.5155,425.609,1775752030453972827
ecgclass,no_sharing_tpc,197.7191,652.4477,400.5082,399.6566,0.0012,0.1718,250.8218,251.9395,1775752030453972827
ecgclass,no_sharing_tpc,197.8202,551.3313,400.5082,399.6566,0.0012,0.1718,149.6897,150.823,1775752030453972827
ecgclass,no_sharing_tpc,198.0025,951.6547,581.9682,580.6582,0.0013,0.1262,368.4444,369.6864,1775752030855012859
ecgclass,no_sharing_tpc,198.1748,779.3741,581.9682,580.6582,0.0013,0.1262,196.1396,197.4059,1775752030855012859
ecgclass,no_sharing_tpc,198.2343,719.9054,581.9682,580.6582,0.0013,0.1262,136.6546,137.9371,1775752030855012859
ecgclass,no_sharing_tpc,198.293,661.2151,581.9682,580.6582,0.0013,0.1262,77.929,79.2468,1775752030855012859
ecgclass,no_sharing_tpc,198.7523,913.2946,710.7287,703.2192,0.005,2.3559,201.3323,202.5659,1775752031437631785
ecgclass,no_sharing_tpc,198.768,897.5956,710.7287,703.2192,0.005,2.3559,185.6108,186.867,1775752031437631785
ecgclass,no_sharing_tpc,198.9121,753.505,710.7287,703.2192,0.005,2.3559,41.5049,42.7763,1775752031437631785
ecgclass,no_sharing_tpc,199.5229,672.3897,529.2118,522.2024,0.0012,3.3393,142.2777,143.178,1775752032149177042
ecgclass,no_sharing_tpc,199.5987,596.5469,529.2118,522.2024,0.0012,3.3393,66.4108,67.3351,1775752032149177042
ecgclass,no_sharing_tpc,199.9351,641.5751,381.0069,373.9726,0.0012,3.3475,259.6147,260.5682,1775752032678789707
ecgclass,no_sharing_tpc,200.0108,565.9411,381.0069,373.9726,0.0012,3.3475,183.9569,184.9342,1775752032678789707
ecgclass,no_sharing_tpc,200.6352,296.5026,294.6996,293.7745,0.0012,0.6314,1.0352,1.803,1775752033120256512
ecgclass,no_sharing_tpc,200.6649,545.2311,277.8593,277.0149,0.0013,0.1715,266.3693,267.3718,1775752033415346384
ecgclass,no_sharing_tpc,200.7719,438.2567,277.8593,277.0149,0.0013,0.1715,159.3716,160.3974,1775752033415346384
ecgclass,no_sharing_tpc,200.9145,295.7528,277.8593,277.0149,0.0013,0.1715,16.8524,17.8935,1775752033415346384
ecgclass,no_sharing_tpc,201.1881,532.6214,510.189,509.2803,0.0012,0.574,21.6355,22.4324,1775752033693815810
ecgclass,no_sharing_tpc,201.3598,639.4362,277.8109,277.0021,0.0013,0.1687,360.5633,361.6254,1775752034204417918
ecgclass,no_sharing_tpc,201.6665,332.7305,277.8109,277.0021,0.0013,0.1687,53.8342,54.9197,1775752034204417918
ecgclass,no_sharing_tpc,201.6979,301.3709,277.8109,277.0021,0.0013,0.1687,22.4593,23.56,1775752034204417918
ecgclass,no_sharing_tpc,202.0165,493.2976,491.3856,490.2595,0.0012,0.8138,0.9615,1.912,1775752034501485405
ecgclass,no_sharing_tpc,202.508,233.4251,230.8875,229.615,0.0013,0.9436,1.3781,2.5376,1775752034993383094
ecgclass,no_sharing_tpc,202.7953,178.6139,176.801,175.4571,0.0012,1.0367,1.0517,1.8129,1775752035280388632
ecgclass,no_sharing_tpc,202.872,360.7039,258.2407,251.2062,0.0012,3.3521,101.4979,102.4632,1775752035457514000
ecgclass,no_sharing_tpc,202.9179,314.7917,258.2407,251.2062,0.0012,3.3521,55.5627,56.551,1775752035457514000
ecgclass,no_sharing_tpc,202.9811,652.4734,400.2311,399.4245,0.0012,0.167,251.0862,252.2423,1775752035716248170
ecgclass,no_sharing_tpc,203.0068,626.7924,400.2311,399.4245,0.0012,0.167,225.3804,226.5613,1775752035716248170
ecgclass,no_sharing_tpc,203.226,407.624,400.2311,399.4245,0.0012,0.167,6.1967,7.3929,1775752035716248170
ecgclass,no_sharing_tpc,203.385,785.3446,536.3459,529.3066,0.0011,3.3494,248.0168,248.9987,1775752036117017991
ecgclass,no_sharing_tpc,203.5447,625.6526,536.3459,529.3066,0.0011,3.3494,88.3024,89.3067,1775752036117017991
ecgclass,no_sharing_tpc,203.7389,786.4139,354.7315,353.495,0.0011,0.9148,430.8634,431.6824,1775752036653766616
ecgclass,no_sharing_tpc,204.1975,631.8793,303.4653,302.6233,0.0013,0.125,327.2665,328.4141,1775752037008831985
ecgclass,no_sharing_tpc,204.2102,619.1981,303.4653,302.6233,0.0013,0.125,314.5614,315.7328,1775752037008831985
ecgclass,no_sharing_tpc,204.3126,516.8569,303.4653,302.6233,0.0013,0.125,212.2056,213.3917,1775752037008831985
ecgclass,no_sharing_tpc,204.3623,467.1669,303.4653,302.6233,0.0013,0.125,162.4815,163.7016,1775752037008831985
ecgclass,no_sharing_tpc,204.6108,877.8517,659.0225,657.8003,0.0014,0.87,218.0531,218.8293,1775752037312838805
ecgclass,no_sharing_tpc,205.0352,809.2635,354.863,347.3741,0.0012,1.1771,452.9412,454.4005,1775752037972200975
ecgclass,no_sharing_tpc,205.104,740.5343,354.863,347.3741,0.0012,1.1771,384.187,385.6713,1775752037972200975
ecgclass,no_sharing_tpc,205.2288,615.7041,354.863,347.3741,0.0012,1.1771,259.3415,260.841,1775752037972200975
ecgclass,no_sharing_tpc,205.2382,606.3874,354.863,347.3741,0.0012,1.1771,250.0119,251.5244,1775752037972200975
ecgclass,no_sharing_tpc,205.3665,478.0743,354.863,347.3741,0.0012,1.1771,121.6867,123.2113,1775752037972200975
ecgclass,no_sharing_tpc,205.4394,405.184,354.863,347.3741,0.0012,1.1771,48.7835,50.321,1775752037972200975
ecgclass,no_sharing_tpc,205.6333,1203.1519,991.6306,984.5823,0.0034,3.3214,210.5331,211.5214,1775752038327824813
ecgclass,no_sharing_tpc,205.7676,1068.8009,991.6306,984.5823,0.0034,3.3214,76.1592,77.1704,1775752038327824813
ecgclass,no_sharing_tpc,206.0894,1199.5642,451.5733,450.7286,0.0012,0.1032,746.6614,747.991,1775752039320077712
ecgclass,no_sharing_tpc,206.1998,1089.1967,451.5733,450.7286,0.0012,0.1032,636.2693,637.6234,1775752039320077712
ecgclass,no_sharing_tpc,206.3277,961.308,451.5733,450.7286,0.0012,0.1032,508.3649,509.7347,1775752039320077712
ecgclass,no_sharing_tpc,206.7024,586.6485,451.5733,450.7286,0.0012,0.1032,133.6923,135.0752,1775752039320077712
ecgclass,no_sharing_tpc,206.8192,469.8944,451.5733,450.7286,0.0012,0.1032,16.891,18.3211,1775752039320077712
ecgclass,no_sharing_tpc,207.0155,1115.6704,842.0581,835.0053,0.0013,3.114,272.718,273.6124,1775752039772292038
ecgclass,no_sharing_tpc,207.0663,1064.929,842.0581,835.0053,0.0013,3.114,221.9536,222.871,1775752039772292038
ecgclass,no_sharing_tpc,207.3499,1208.1275,425.9748,425.106,0.0011,0.1323,780.9112,782.1527,1775752040614815363
ecgclass,no_sharing_tpc,207.5579,1000.0734,425.9748,425.106,0.0011,0.1323,572.8345,574.0987,1775752040614815363
ecgclass,no_sharing_tpc,207.7715,786.5589,425.9748,425.106,0.0011,0.1323,359.3051,360.5841,1775752040614815363
ecgclass,no_sharing_tpc,207.9975,560.5674,425.9748,425.106,0.0011,0.1323,133.2996,134.5926,1775752040614815363
ecgclass,no_sharing_tpc,208.1861,1076.9346,704.4657,703.6014,0.0013,0.1679,371.3257,372.4689,1775752041041430830
ecgclass,no_sharing_tpc,208.2018,1061.2307,704.4657,703.6014,0.0013,0.1679,355.5989,356.7649,1775752041041430830
ecgclass,no_sharing_tpc,208.2756,987.4299,704.4657,703.6014,0.0013,0.1679,281.7833,282.9641,1775752041041430830
ecgclass,no_sharing_tpc,208.6945,1105.1047,536.3286,529.2844,0.0012,3.3515,567.8425,568.7761,1775752041746424002
ecgclass,no_sharing_tpc,209.0453,754.3869,536.3286,529.2844,0.0012,3.3515,217.1004,218.0583,1775752041746424002
ecgclass,no_sharing_tpc,209.3885,766.3162,354.8213,353.9314,0.0012,0.5477,410.64,411.4949,1775752042283151631
ecgclass,no_sharing_tpc,209.9756,438.0314,258.4267,251.409,0.0012,3.3467,178.7162,179.6047,1775752042638349184
ecgclass,no_sharing_tpc,210.143,270.6738,258.4267,251.409,0.0012,3.3467,11.3356,12.2471,1775752042638349184
ecgclass,no_sharing_tpc,210.2997,468.9882,354.8082,353.3838,0.0013,1.0975,113.4346,114.18,1775752042897186997
ecgclass,no_sharing_tpc,210.4375,609.823,277.894,277.0757,0.0012,0.1716,330.8392,331.929,1775752043252407960
ecgclass,no_sharing_tpc,210.4523,595.1185,277.894,277.0757,0.0012,0.1716,316.1118,317.2245,1775752043252407960
ecgclass,no_sharing_tpc,210.5981,449.2612,277.894,277.0757,0.0012,0.1716,170.2404,171.3672,1775752043252407960
ecgclass,no_sharing_tpc,210.8632,721.195,536.8733,529.2717,0.0013,3.6327,183.5034,184.3217,1775752043530784392
ecgclass,no_sharing_tpc,210.9293,655.2143,536.8733,529.2717,0.0013,3.6327,117.4989,118.341,1775752043530784392
ecgclass,no_sharing_tpc,211.3771,588.3069,380.4409,373.4132,0.0012,3.3448,206.9223,207.8661,1775752044068052440
ecgclass,no_sharing_tpc,211.5776,387.7931,380.4409,373.4132,0.0012,3.3448,6.3846,7.3522,1775752044068052440
ecgclass,no_sharing_tpc,211.8176,502.8908,354.8301,353.5526,0.0012,0.9726,147.3987,148.0607,1775752044448988524
ecgclass,no_sharing_tpc,212.0053,552.7248,232.0671,230.6706,0.0012,1.0817,314.8286,320.6577,1775752044804188633
ecgclass,no_sharing_tpc,212.3476,464.947,258.5016,251.4924,0.0012,3.3473,204.9043,206.4454,1775752045036585668
ecgclass,no_sharing_tpc,212.4701,342.521,258.5016,251.4924,0.0012,3.3473,82.4466,84.0193,1775752045036585668
ecgclass,no_sharing_tpc,212.627,566.4113,380.9751,373.9552,0.0012,3.3433,184.4993,185.4361,1775752045295549334
ecgclass,no_sharing_tpc,212.6813,512.1732,380.9751,373.9552,0.0012,3.3433,130.2376,131.1981,1775752045295549334
ecgclass,no_sharing_tpc,212.8269,747.859,380.8642,373.8271,0.0012,3.3529,366.0166,366.9948,1775752045676990376
ecgclass,no_sharing_tpc,212.8807,694.1657,380.8642,373.8271,0.0012,3.3529,312.3004,313.3015,1775752045676990376
ecgclass,no_sharing_tpc,213.2417,714.3068,380.923,373.925,0.0012,3.3462,332.5851,333.3839,1775752046058336875
ecgclass,no_sharing_tpc,213.4124,543.685,380.923,373.925,0.0012,3.3462,161.9396,162.762,1775752046058336875
ecgclass,no_sharing_tpc,213.58,777.3132,400.4612,399.6256,0.0012,0.1677,375.6042,376.852,1775752046439665288
ecgclass,no_sharing_tpc,213.9006,456.7597,400.4612,399.6256,0.0012,0.1677,55.0268,56.2985,1775752046439665288
ecgclass,no_sharing_tpc,213.9513,406.0462,400.4612,399.6256,0.0012,0.1677,4.2992,5.5849,1775752046439665288
ecgclass,no_sharing_tpc,214.0019,865.5772,510.0914,508.6621,0.0013,1.1154,354.7494,355.4858,1775752046840699346
ecgclass,no_sharing_tpc,214.6189,507.5626,258.4729,251.4395,0.0012,3.352,248.2107,249.0897,1775752047351160014
ecgclass,no_sharing_tpc,214.802,324.5065,258.4729,251.4395,0.0012,3.352,65.1307,66.0336,1775752047351160014
ecgclass,no_sharing_tpc,214.9728,554.6718,400.1503,399.3435,0.0011,0.1691,153.3673,154.5215,1775752047610151895
ecgclass,no_sharing_tpc,214.9755,551.9347,400.1503,399.3435,0.0011,0.1691,150.6073,151.7844,1775752047610151895
ecgclass,no_sharing_tpc,215.0753,452.1441,400.1503,399.3435,0.0011,0.1691,50.801,51.9939,1775752047610151895
ecgclass,no_sharing_tpc,215.5377,500.0999,498.2958,496.9421,0.0012,1.0599,1.0247,1.804,1775752048022720500
ecgclass,no_sharing_tpc,215.8712,442.8823,275.8024,270.8474,0.0029,2.1463,166.2261,167.0799,1775752048521460589
ecgclass,no_sharing_tpc,215.9739,340.184,275.8024,270.8474,0.0029,2.1463,63.5049,64.3815,1775752048521460589
ecgclass,no_sharing_tpc,216.1837,494.1902,363.2402,356.1452,0.0019,3.2657,130.0547,130.95,1775752048797780768
ecgclass,no_sharing_tpc,216.2774,400.5036,363.2402,356.1452,0.0019,3.2657,36.3452,37.2634,1775752048797780768
ecgclass,no_sharing_tpc,216.3976,688.1392,406.9986,399.4417,0.0019,2.3598,279.9118,281.1406,1775752049161520710
ecgclass,no_sharing_tpc,216.4853,600.5397,406.9986,399.4417,0.0019,2.3598,192.1732,193.5411,1775752049161520710
ecgclass,no_sharing_tpc,216.5344,551.4615,406.9986,399.4417,0.0019,2.3598,143.0547,144.4628,1775752049161520710
ecgclass,no_sharing_tpc,216.6921,923.4316,529.1353,522.0755,0.0013,3.3304,393.2304,394.2964,1775752049569380306
ecgclass,no_sharing_tpc,216.8272,788.3723,529.1353,522.0755,0.0013,3.3304,258.1472,259.237,1775752049569380306
ecgclass,no_sharing_tpc,217.4412,575.6195,400.1729,399.2082,0.0013,0.1906,173.9743,175.4465,1775752050099216396
ecgclass,no_sharing_tpc,217.465,551.8286,400.1729,399.2082,0.0013,0.1906,150.1598,151.6557,1775752050099216396
ecgclass,no_sharing_tpc,217.5848,432.0476,400.1729,399.2082,0.0013,0.1906,30.3638,31.8747,1775752050099216396
ecgclass,no_sharing_tpc,217.8731,662.0827,518.3653,513.0768,0.0016,4.8977,143.0671,143.7173,1775752050500225899
ecgclass,no_sharing_tpc,218.0191,748.7853,232.1246,226.2766,0.0015,5.4829,516.0353,516.6607,1775752051019127863
ecgclass,no_sharing_tpc,218.5493,488.1575,268.7771,267.9296,0.0012,0.1674,218.4515,219.3804,1775752051251802859
ecgclass,no_sharing_tpc,218.6469,390.5923,268.7771,267.9296,0.0012,0.1674,120.8715,121.8152,1775752051251802859
ecgclass,no_sharing_tpc,218.6795,358.1519,268.7771,267.9296,0.0012,0.1674,88.2802,89.3748,1775752051251802859
ecgclass,no_sharing_tpc,219.1105,445.9724,444.0582,438.2239,0.0013,5.5056,1.204,1.9142,1775752051595767702
ecgclass,no_sharing_tpc,219.1243,728.07,295.171,293.7001,0.0014,0.1468,432.0316,432.899,1775752052040389368
ecgclass,no_sharing_tpc,219.236,616.6048,295.171,293.7001,0.0014,0.1468,320.3773,321.4338,1775752052040389368
ecgclass,no_sharing_tpc,219.3194,533.16,295.171,293.7001,0.0014,0.1468,236.9187,237.9889,1775752052040389368
ecgclass,no_sharing_tpc,219.5042,348.5188,295.171,293.7001,0.0014,0.1468,52.1374,53.3478,1775752052040389368
ecgclass,no_sharing_tpc,219.763,756.6037,666.4075,660.5595,0.0014,5.4358,89.4928,90.1962,1775752052336562633
ecgclass,no_sharing_tpc,219.8909,924.1695,294.6835,293.7014,0.0016,0.1491,628.6237,629.4861,1775752053003549705
ecgclass,no_sharing_tpc,220.268,547.4691,294.6835,293.7014,0.0016,0.1491,251.4684,252.7857,1775752053003549705
ecgclass,no_sharing_tpc,220.2785,537.0526,294.6835,293.7014,0.0016,0.1491,241.0376,242.3692,1775752053003549705
ecgclass,no_sharing_tpc,220.3557,459.8558,294.6835,293.7014,0.0016,0.1491,163.816,165.1723,1775752053003549705
ecgclass,no_sharing_tpc,220.5307,1040.6394,755.507,754.6039,0.0013,0.1025,284.4687,285.1324,1775752053299250511
ecgclass,no_sharing_tpc,220.6263,945.2033,755.507,754.6039,0.0013,0.1025,188.8738,189.6963,1775752053299250511
ecgclass,no_sharing_tpc,220.6571,914.6366,755.507,754.6039,0.0013,0.1025,158.0672,159.1296,1775752053299250511
ecgclass,no_sharing_tpc,220.7033,868.763,755.507,754.6039,0.0013,0.1025,111.9633,113.256,1775752053299250511
ecgclass,no_sharing_tpc,220.8041,767.9534,755.507,754.6039,0.0013,0.1025,11.1275,12.4464,1775752053299250511
ecgclass,no_sharing_tpc,220.8884,1545.5744,860.9047,860.105,0.0011,0.168,683.4674,684.6698,1775752054055926202
ecgclass,no_sharing_tpc,221.1494,1284.5993,860.9047,860.105,0.0011,0.168,422.4553,423.6946,1775752054055926202
ecgclass,no_sharing_tpc,221.3866,1047.5049,860.9047,860.105,0.0011,0.168,185.3228,186.6002,1775752054055926202
ecgclass,no_sharing_tpc,221.6109,1379.2357,555.4896,554.5674,0.0012,0.1815,822.7201,823.7462,1775752054917683732
ecgclass,no_sharing_tpc,221.8048,1185.406,555.4896,554.5674,0.0012,0.1815,628.8664,629.9164,1775752054917683732
ecgclass,no_sharing_tpc,222.0848,905.5543,555.4896,554.5674,0.0012,0.1815,348.8131,350.0647,1775752054917683732
ecgclass,no_sharing_tpc,222.6773,849.4978,535.9355,528.861,0.0012,3.3492,312.6791,313.5623,1775752055474019993
ecgclass,no_sharing_tpc,222.7457,781.3048,535.9355,528.861,0.0012,3.3492,244.3283,245.3694,1775752055474019993
ecgclass,no_sharing_tpc,223.1766,731.766,380.7902,373.7374,0.0012,3.3534,349.9944,350.9758,1775752056010669061
ecgclass,no_sharing_tpc,223.1804,728.0333,380.7902,373.7374,0.0012,3.3534,346.2386,347.2431,1775752056010669061
ecgclass,no_sharing_tpc,223.7884,520.9911,400.1171,399.2625,0.0012,0.1685,119.7035,120.874,1775752056392165292
ecgclass,no_sharing_tpc,223.8092,500.2716,400.1171,399.2625,0.0012,0.1685,98.9602,100.1545,1775752056392165292
ecgclass,no_sharing_tpc,223.8322,477.3252,400.1171,399.2625,0.0012,0.1685,75.9768,77.2081,1775752056392165292
ecgclass,no_sharing_tpc,223.9462,971.4658,607.5194,606.187,0.0012,0.1925,362.8972,363.9464,1775752056793162673
ecgclass,no_sharing_tpc,223.98,938.2455,607.5194,606.187,0.0012,0.1925,329.1712,330.7261,1775752056793162673
ecgclass,no_sharing_tpc,223.9827,935.5521,607.5194,606.187,0.0012,0.1925,326.4561,328.0327,1775752056793162673
ecgclass,no_sharing_tpc,223.9827,935.5628,607.5194,606.187,0.0012,0.1925,326.4234,328.0435,1775752056793162673
ecgclass,no_sharing_tpc,224.0494,868.856,607.5194,606.187,0.0012,0.1925,259.7027,261.3366,1775752056793162673
ecgclass,no_sharing_tpc,224.3987,1380.6939,860.425,859.538,0.0012,0.1672,519.1181,520.2689,1775752057401874205
ecgclass,no_sharing_tpc,224.4247,1354.7332,860.425,859.538,0.0012,0.1672,493.1343,494.3082,1775752057401874205
ecgclass,no_sharing_tpc,224.609,1170.5024,860.425,859.538,0.0012,0.1672,308.867,310.0774,1775752057401874205
ecgclass,no_sharing_tpc,224.953,1382.5557,555.5327,554.6538,0.0011,0.1755,826.0474,827.023,1775752058263129890
ecgclass,no_sharing_tpc,224.9964,1339.2904,555.5327,554.6538,0.0011,0.1755,782.6936,783.7577,1775752058263129890
ecgclass,no_sharing_tpc,225.0652,1270.6831,555.5327,554.6538,0.0011,0.1755,713.9423,715.1504,1775752058263129890
ecgclass,no_sharing_tpc,226.0775,794.9114,536.0526,529.0743,0.0012,3.3414,257.9033,258.8588,1775752058819471746
ecgclass,no_sharing_tpc,226.3185,553.9823,536.0526,529.0743,0.0012,3.3414,16.9499,17.9297,1775752058819471746
ecgclass,no_sharing_tpc,226.4632,810.0963,400.1354,399.289,0.0011,0.1672,408.9656,409.9608,1775752059356233805
ecgclass,no_sharing_tpc,226.836,437.3779,400.1354,399.289,0.0011,0.1672,36.2236,37.2425,1775752059356233805
ecgclass,no_sharing_tpc,226.8577,415.8757,400.1354,399.289,0.0011,0.1672,14.5202,15.7402,1775752059356233805
ecgclass,no_sharing_tpc,227.1675,617.2817,510.7273,509.7007,0.0033,0.5873,105.6993,106.5544,1775752059757225426
ecgclass,no_sharing_tpc,227.4405,647.7144,302.4315,301.5613,0.0011,0.1278,344.12,345.2828,1775752060268605441
ecgclass,no_sharing_tpc,227.5311,557.0459,302.4315,301.5613,0.0011,0.1278,253.4268,254.6144,1775752060268605441
ecgclass,no_sharing_tpc,227.6043,484.2675,302.4315,301.5613,0.0011,0.1278,180.3191,181.8359,1775752060268605441
ecgclass,no_sharing_tpc,227.7681,320.4572,302.4315,301.5613,0.0011,0.1278,16.4886,18.0257,1775752060268605441
ecgclass,no_sharing_tpc,228.0599,687.3624,658.432,657.3731,0.0013,0.6814,28.1255,28.9304,1775752060572087383
ecgclass,no_sharing_tpc,228.3805,599.4797,232.1206,230.8671,0.0012,0.9072,366.5013,367.3591,1775752061231060126
ecgclass,no_sharing_tpc,228.8318,426.5783,277.7153,276.7795,0.0012,0.1907,147.9223,148.863,1775752061463738222
ecgclass,no_sharing_tpc,228.8722,386.4496,277.7153,276.7795,0.0012,0.1907,107.554,108.7343,1775752061463738222
ecgclass,no_sharing_tpc,228.9279,330.7662,277.7153,276.7795,0.0012,0.1907,51.8498,53.0509,1775752061463738222
ecgclass,no_sharing_tpc,229.1982,623.045,562.1266,554.506,0.0013,2.2693,60.0548,60.9184,1775752061742314629
ecgclass,no_sharing_tpc,229.2389,582.6755,562.1266,554.506,0.0013,2.2693,19.352,20.5489,1775752061742314629
ecgclass,no_sharing_tpc,229.2406,580.9834,562.1266,554.506,0.0013,2.2693,17.6392,18.8568,1775752061742314629
ecgclass,no_sharing_tpc,229.2882,1109.1309,574.2502,573.3734,0.0012,0.1245,533.1936,534.8807,1775752062305409024
ecgclass,no_sharing_tpc,229.3602,1037.1597,574.2502,573.3734,0.0012,0.1245,461.1976,462.9095,1775752062305409024
ecgclass,no_sharing_tpc,229.4339,963.4707,574.2502,573.3734,0.0012,0.1245,387.465,389.2205,1775752062305409024
ecgclass,no_sharing_tpc,229.6583,739.0547,574.2502,573.3734,0.0012,0.1245,163.0349,164.8045,1775752062305409024
ecgclass,no_sharing_tpc,229.8618,1265.5063,729.756,728.7686,0.0013,0.1427,534.8186,535.7503,1775752062880680288
ecgclass,no_sharing_tpc,229.9808,1146.8253,729.756,728.7686,0.0013,0.1427,415.8678,417.0693,1775752062880680288
ecgclass,no_sharing_tpc,230.2395,888.1145,729.756,728.7686,0.0013,0.1427,157.1362,158.3585,1775752062880680288
ecgclass,no_sharing_tpc,230.3744,753.3717,729.756,728.7686,0.0013,0.1427,22.2001,23.6157,1775752062880680288
ecgclass,no_sharing_tpc,230.5839,1202.795,658.4549,656.9374,0.0012,1.1401,543.5224,544.3401,1775752063611412547
ecgclass,no_sharing_tpc,231.2124,878.3526,303.2943,302.4688,0.0011,0.1235,574.0433,575.0583,1775752064270440589
ecgclass,no_sharing_tpc,231.4958,594.9709,303.2943,302.4688,0.0011,0.1235,290.6392,291.6766,1775752064270440589
ecgclass,no_sharing_tpc,231.5584,532.6536,303.2943,302.4688,0.0011,0.1235,227.9987,229.3593,1775752064270440589
ecgclass,no_sharing_tpc,231.5929,498.2216,303.2943,302.4688,0.0011,0.1235,193.5477,194.9273,1775752064270440589
ecgclass,no_sharing_tpc,232.1616,588.5727,586.3798,585.3838,0.0012,0.7008,1.3635,2.1929,1775752064647023380
ecgclass,no_sharing_tpc,232.3776,631.5992,258.2741,251.262,0.0012,3.3389,372.2806,373.3251,1775752065233954553
ecgclass,no_sharing_tpc,232.735,274.2789,258.2741,251.262,0.0012,3.3389,14.9362,16.0048,1775752065233954553
ecgclass,no_sharing_tpc,232.9091,455.2271,354.584,353.3647,0.0013,0.8619,99.7915,100.6431,1775752065492918134
ecgclass,no_sharing_tpc,233.0828,514.5988,232.514,231.6729,0.0014,0.5222,281.2488,282.0849,1775752065848037840
ecgclass,no_sharing_tpc,234.5242,45.6097,43.3176,41.8914,0.0013,1.122,1.4484,2.2921,1775752067009718764
ecgclass,no_sharing_tpc,235.0218,42.98,40.7934,39.3894,0.0013,0.9867,1.4548,2.1866,1775752067507240918
ecgclass,no_sharing_tpc,235.0335,263.7436,232.0062,230.8782,0.0013,0.8321,30.8876,31.7374,1775752067548383960
ecgclass,no_sharing_tpc,235.0719,529.5548,303.3099,302.4891,0.0013,0.1228,224.9744,226.2449,1775752067780940722
ecgclass,no_sharing_tpc,235.1618,439.7163,303.3099,302.4891,0.0013,0.1228,135.1125,136.4064,1775752067780940722
ecgclass,no_sharing_tpc,235.2464,355.2439,303.3099,302.4891,0.0013,0.1228,50.5121,51.934,1775752067780940722
ecgclass,no_sharing_tpc,235.2861,315.5522,303.3099,302.4891,0.0013,0.1228,10.7837,12.2423,1775752067780940722
ecgclass,no_sharing_tpc,235.5076,752.634,658.0853,657.0049,0.0025,0.6446,93.6027,94.5488,1775752068085253303
ecgclass,no_sharing_tpc,235.6179,920.4762,277.0511,276.1653,0.0012,0.174,642.1945,643.4251,1775752068744098963
ecgclass,no_sharing_tpc,236.0537,484.6313,277.0511,276.1653,0.0012,0.174,206.326,207.5802,1775752068744098963
ecgclass,no_sharing_tpc,236.1396,398.7606,277.0511,276.1653,0.0012,0.174,120.4205,121.7094,1775752068744098963
ecgclass,no_sharing_tpc,236.2885,786.4928,535.8648,528.8002,0.0013,3.3377,249.5732,250.6281,1775752069022078583
ecgclass,no_sharing_tpc,236.3982,676.7755,535.8648,528.8002,0.0013,3.3377,139.8315,140.9107,1775752069022078583
ecgclass,no_sharing_tpc,236.6106,865.2248,400.0456,399.2002,0.0012,0.1654,463.9874,465.1792,1775752069558662243
ecgclass,no_sharing_tpc,236.669,806.8829,400.0456,399.2002,0.0012,0.1654,405.6208,406.8372,1775752069558662243
ecgclass,no_sharing_tpc,237.022,453.8848,400.0456,399.2002,0.0012,0.1654,52.5875,53.8392,1775752069558662243
ecgclass,no_sharing_tpc,237.7062,288.7232,286.5092,281.1205,0.0015,5.0515,1.3547,2.2141,1775752070191545664
ecgclass,no_sharing_tpc,237.7205,569.7353,294.6156,293.639,0.0016,0.1482,274.1673,275.1197,1775752070478682823
ecgclass,no_sharing_tpc,237.7205,569.726,294.6156,293.639,0.0016,0.1482,274.1349,275.1104,1775752070478682823
ecgclass,no_sharing_tpc,237.8278,462.7399,294.6156,293.639,0.0016,0.1482,166.8315,168.1243,1775752070478682823
ecgclass,no_sharing_tpc,237.9815,309.0975,294.6156,293.639,0.0016,0.1482,13.1693,14.4819,1775752070478682823
ecgclass,no_sharing_tpc,238.2415,716.6708,667.1187,660.998,0.0016,5.7121,48.6932,49.5521,1775752070774275340
ecgclass,no_sharing_tpc,238.3491,905.5185,295.2034,293.7166,0.0015,0.1471,608.9308,610.3151,1775752071442020591
ecgclass,no_sharing_tpc,238.4732,781.3845,295.2034,293.7166,0.0015,0.1471,484.7739,486.181,1775752071442020591
ecgclass,no_sharing_tpc,238.6583,596.3049,295.2034,293.7166,0.0015,0.1471,299.6511,301.1015,1775752071442020591
ecgclass,no_sharing_tpc,238.7591,495.5394,295.2034,293.7166,0.0015,0.1471,198.8721,200.336,1775752071442020591
ecgclass,no_sharing_tpc,239.4417,479.8551,477.5294,471.6169,0.0014,5.5873,1.3692,2.3257,1775752071927104982
ecgclass,no_sharing_tpc,239.4564,760.2131,294.5842,293.6297,0.0014,0.144,464.8023,465.629,1775752072405246365
ecgclass,no_sharing_tpc,239.4798,737.1855,294.5842,293.6297,0.0014,0.144,441.4315,442.6013,1775752072405246365
ecgclass,no_sharing_tpc,239.6293,587.8594,294.5842,293.6297,0.0014,0.144,291.8715,293.2752,1775752072405246365
ecgclass,no_sharing_tpc,239.6905,526.756,294.5842,293.6297,0.0014,0.144,230.7489,232.1719,1775752072405246365
ecgclass,no_sharing_tpc,240.0366,911.0637,729.4677,728.4757,0.0015,0.1453,180.3074,181.5959,1775752072700979767
ecgclass,no_sharing_tpc,240.1216,826.0937,729.4677,728.4757,0.0015,0.1453,95.3143,96.6259,1775752072700979767
ecgclass,no_sharing_tpc,240.1673,780.5207,729.4677,728.4757,0.0015,0.1453,49.6094,51.053,1775752072700979767
ecgclass,no_sharing_tpc,240.2031,744.8325,729.4677,728.4757,0.0015,0.1453,13.885,15.3648,1775752072700979767
ecgclass,no_sharing_tpc,240.3967,1281.6343,729.5766,728.6278,0.0018,0.1366,550.8373,552.0577,1775752073431568646
ecgclass,no_sharing_tpc,240.432,1246.3384,729.5766,728.6278,0.0018,0.1366,515.5056,516.7617,1775752073431568646
ecgclass,no_sharing_tpc,240.5453,1133.2564,729.5766,728.6278,0.0018,0.1366,402.185,403.6798,1775752073431568646
ecgclass,no_sharing_tpc,240.7743,904.3384,729.5766,728.6278,0.0018,0.1366,173.2476,174.7617,1775752073431568646
ecgclass,no_sharing_tpc,241.0321,1453.9797,806.8214,799.2174,0.0014,1.0087,646.0497,647.1583,1775752074162207358
ecgclass,no_sharing_tpc,241.1282,1357.9283,806.8214,799.2174,0.0014,1.0087,549.9747,551.1068,1775752074162207358
ecgclass,no_sharing_tpc,241.137,1349.7417,806.8214,799.2174,0.0014,1.0087,541.1701,542.9203,1775752074162207358
ecgclass,no_sharing_tpc,241.2274,1259.4051,806.8214,799.2174,0.0014,1.0087,450.8126,452.5837,1775752074162207358
ecgclass,no_sharing_tpc,241.3368,1149.9412,806.8214,799.2174,0.0014,1.0087,341.3343,343.1198,1775752074162207358
ecgclass,no_sharing_tpc,241.4603,1026.4962,806.8214,799.2174,0.0014,1.0087,217.8752,219.6747,1775752074162207358
ecgclass,no_sharing_tpc,241.5143,972.6193,806.8214,799.2174,0.0014,1.0087,163.846,165.7979,1775752074162207358
ecgclass,no_sharing_tpc,242.3556,1253.2511,1121.5989,1120.6649,0.0014,0.5348,130.7721,131.6522,1775752074970391218
ecgclass,no_sharing_tpc,242.6326,1357.5084,379.9213,372.4513,0.0013,1.0066,975.9583,977.5872,1775752076092590380
ecgclass,no_sharing_tpc,242.6516,1338.5308,379.9213,372.4513,0.0013,1.0066,956.9569,958.6095,1775752076092590380
ecgclass,no_sharing_tpc,242.6683,1322.1312,379.9213,372.4513,0.0013,1.0066,940.2103,942.2099,1775752076092590380
ecgclass,no_sharing_tpc,242.7888,1201.6783,379.9213,372.4513,0.0013,1.0066,819.7372,821.757,1775752076092590380
ecgclass,no_sharing_tpc,243.1085,882.1893,379.9213,372.4513,0.0013,1.0066,500.0339,502.268,1775752076092590380
ecgclass,no_sharing_tpc,243.126,864.7654,379.9213,372.4513,0.0013,1.0066,482.5914,484.8441,1775752076092590380
ecgclass,no_sharing_tpc,243.4485,542.5324,379.9213,372.4513,0.0013,1.0066,160.1014,162.6112,1775752076092590380
ecgclass,no_sharing_tpc,243.663,1450.5289,1122.5424,1121.4642,0.0036,0.6349,326.8714,327.9864,1775752076473949402
ecgclass,no_sharing_tpc,243.9964,1420.049,302.0965,300.6909,0.0013,0.2561,1116.9019,1117.9525,1775752077597306651
ecgclass,no_sharing_tpc,244.3422,1074.6524,302.0965,300.6909,0.0013,0.2561,771.1005,772.5559,1775752077597306651
ecgclass,no_sharing_tpc,244.6193,797.5211,302.0965,300.6909,0.0013,0.2561,493.9482,495.4246,1775752077597306651
ecgclass,no_sharing_tpc,244.8086,608.2838,302.0965,300.6909,0.0013,0.2561,304.6739,306.1873,1775752077597306651
ecgclass,no_sharing_tpc,245.2275,847.7523,657.8883,656.5132,0.0012,0.9881,188.9591,189.864,1775752077900456324
ecgclass,no_sharing_tpc,245.4281,951.3807,303.152,302.3181,0.0011,0.1233,646.8363,648.2288,1775752078558960383
ecgclass,no_sharing_tpc,245.5975,782.0368,303.152,302.3181,0.0011,0.1233,477.4687,478.8848,1775752078558960383
ecgclass,no_sharing_tpc,245.7479,631.614,303.152,302.3181,0.0011,0.1233,327.0309,328.462,1775752078558960383
ecgclass,no_sharing_tpc,246.0287,350.8861,303.152,302.3181,0.0011,0.1233,46.2668,47.7341,1775752078558960383
ecgclass,no_sharing_tpc,246.098,940.284,658.4814,656.9964,0.0013,1.1031,281.0814,281.8026,1775752078863153009
ecgclass,no_sharing_tpc,246.9566,314.466,232.1355,231.185,0.0012,0.669,81.4893,82.3305,1775752079522120373
ecgclass,no_sharing_tpc,247.2783,225.4932,223.2658,222.0855,0.0013,0.9025,1.3447,2.2273,1775752079763643251
ecgclass,no_sharing_tpc,247.3143,422.097,232.0416,230.6152,0.0013,1.099,189.198,190.0554,1775752079987507415
ecgclass,no_sharing_tpc,247.5686,400.3348,232.0483,230.5016,0.0013,1.2173,167.4366,168.2865,1775752080220082048
ecgclass,no_sharing_tpc,247.8323,395.5996,258.2321,251.1985,0.0012,3.3536,136.3804,137.3675,1775752080452737491
ecgclass,no_sharing_tpc,247.858,369.9312,258.2321,251.1985,0.0012,3.3536,110.6892,111.6991,1775752080452737491
ecgclass,no_sharing_tpc,247.9701,684.5074,425.7463,424.8327,0.0014,0.1367,257.4947,258.761,1775752080711674386
ecgclass,no_sharing_tpc,248.0388,615.8264,425.7463,424.8327,0.0014,0.1367,188.7906,190.08,1775752080711674386
ecgclass,no_sharing_tpc,248.0789,575.815,425.7463,424.8327,0.0014,0.1367,148.7634,150.0686,1775752080711674386
ecgclass,no_sharing_tpc,248.1378,516.9992,425.7463,424.8327,0.0014,0.1367,89.8027,91.2529,1775752080711674386
ecgclass,no_sharing_tpc,248.4122,954.0739,710.766,703.1272,0.0014,2.417,242.1713,243.3079,1775752081138386039
ecgclass,no_sharing_tpc,248.5532,813.1001,710.766,703.1272,0.0014,2.417,101.1744,102.3341,1775752081138386039
ecgclass,no_sharing_tpc,248.6229,743.4397,710.766,703.1272,0.0014,2.417,31.4984,32.6737,1775752081138386039
ecgclass,no_sharing_tpc,248.669,1246.6993,548.6121,547.7554,0.0013,0.166,696.898,698.0872,1775752081849966303
ecgclass,no_sharing_tpc,249.0295,886.2822,548.6121,547.7554,0.0013,0.166,336.458,337.6701,1775752081849966303
ecgclass,no_sharing_tpc,249.1528,763.0355,548.6121,547.7554,0.0013,0.166,213.1753,214.4234,1775752081849966303
ecgclass,no_sharing_tpc,249.3948,1102.7837,581.1095,580.2554,0.0013,0.1247,520.5817,521.6742,1775752082399411271
ecgclass,no_sharing_tpc,249.5059,991.7164,581.1095,580.2554,0.0013,0.1247,409.4911,410.6069,1775752082399411271
ecgclass,no_sharing_tpc,249.5666,931.3307,581.1095,580.2554,0.0013,0.1247,348.7768,350.2212,1775752082399411271
ecgclass,no_sharing_tpc,249.8451,652.9016,581.1095,580.2554,0.0013,0.1247,70.327,71.7922,1775752082399411271
ecgclass,no_sharing_tpc,249.9903,1192.9007,684.5072,677.3511,0.0012,3.3841,507.3416,508.3935,1775752082981642895
ecgclass,no_sharing_tpc,250.1985,984.7298,684.5072,677.3511,0.0012,3.3841,299.1471,300.2226,1775752082981642895
ecgclass,no_sharing_tpc,250.5748,989.67,380.6219,373.5618,0.0013,3.3569,608.0515,609.0481,1775752083666910283
ecgclass,no_sharing_tpc,251.09,474.4759,380.6219,373.5618,0.0013,3.3569,92.8342,93.854,1775752083666910283
ecgclass,no_sharing_tpc,251.3448,600.9383,380.612,373.5699,0.0014,3.3298,219.3844,220.3263,1775752084048229277
ecgclass,no_sharing_tpc,251.54,405.8979,380.612,373.5699,0.0014,3.3298,24.1861,25.2858,1775752084048229277
ecgclass,no_sharing_tpc,251.8587,468.5636,380.6238,373.5686,0.0013,3.3507,86.8449,87.9397,1775752084429573801
ecgclass,no_sharing_tpc,251.923,404.2988,380.6238,373.5686,0.0013,3.3507,22.5565,23.675,1775752084429573801
ecgclass,no_sharing_tpc,252.0011,707.495,380.7211,373.6685,0.0013,3.3557,325.7325,326.7739,1775752084810881121
ecgclass,no_sharing_tpc,252.2633,445.3504,380.7211,373.6685,0.0013,3.3557,63.5643,64.6293,1775752084810881121
ecgclass,no_sharing_tpc,252.3415,748.4083,380.635,373.5798,0.0013,3.3578,366.7784,367.7733,1775752085192288665
ecgclass,no_sharing_tpc,252.4166,673.3429,380.635,373.5798,0.0013,3.3578,291.6896,292.7079,1775752085192288665
ecgclass,no_sharing_tpc,252.8415,603.4336,354.4835,353.3402,0.0013,0.7908,248.0433,248.9501,1775752085573600004
ecgclass,no_sharing_tpc,253.1808,549.4053,284.0687,276.4468,0.0013,2.4243,263.8013,265.3367,1775752085928624360
ecgclass,no_sharing_tpc,253.2598,470.4187,284.0687,276.4468,0.0013,2.4243,184.7913,186.35,1775752085928624360
ecgclass,no_sharing_tpc,253.3811,349.3354,284.0687,276.4468,0.0013,2.4243,63.482,65.2668,1775752085928624360
ecgclass,no_sharing_tpc,253.7294,503.7529,501.1779,499.9167,0.0013,0.9688,1.7991,2.575,1775752086215258320
ecgclass,no_sharing_tpc,253.7493,762.1574,277.6635,276.8371,0.0013,0.1655,483.6688,484.494,1775752086717030666
ecgclass,no_sharing_tpc,254.0045,507.0338,277.6635,276.8371,0.0013,0.1655,228.5314,229.3704,1775752086717030666
ecgclass,no_sharing_tpc,254.0418,469.8651,277.6635,276.8371,0.0013,0.1655,191.236,192.2016,1775752086717030666
ecgclass,no_sharing_tpc,254.4334,589.2529,510.3273,509.4511,0.0012,0.5157,78.1357,78.9257,1775752086995531411
ecgclass,no_sharing_tpc,254.5607,842.6676,379.8822,372.4179,0.0012,1.0073,461.7288,462.7854,1775752087506492934
ecgclass,no_sharing_tpc,254.5962,807.2643,379.8822,372.4179,0.0012,1.0073,426.301,427.3821,1775752087506492934
ecgclass,no_sharing_tpc,254.5962,807.8063,379.8822,372.4179,0.0012,1.0073,426.2846,427.924,1775752087506492934
ecgclass,no_sharing_tpc,254.6028,801.209,379.8822,372.4179,0.0012,1.0073,419.6668,421.3268,1775752087506492934
ecgclass,no_sharing_tpc,254.6817,722.4917,379.8822,372.4179,0.0012,1.0073,340.735,342.6095,1775752087506492934
ecgclass,no_sharing_tpc,254.9897,414.5534,379.8822,372.4179,0.0012,1.0073,32.7544,34.6712,1775752087506492934
ecgclass,no_sharing_tpc,254.9971,407.1727,379.8822,372.4179,0.0012,1.0073,25.3594,27.2905,1775752087506492934
ecgclass,no_sharing_tpc,255.2644,1261.4188,1121.2042,1120.0621,0.0014,0.7478,139.3967,140.2146,1775752087887790544
ecgclass,no_sharing_tpc,255.7121,1161.3264,346.6576,338.224,0.0012,1.003,813.4122,814.6688,1775752089009580236
ecgclass,no_sharing_tpc,255.7982,1075.3093,346.6576,338.224,0.0012,1.003,727.3719,728.6517,1775752089009580236
ecgclass,no_sharing_tpc,256.0654,808.2609,346.6576,338.224,0.0012,1.003,460.1026,461.6033,1775752089009580236
ecgclass,no_sharing_tpc,256.0682,805.8009,346.6576,338.224,0.0012,1.003,457.3743,459.1433,1775752089009580236
ecgclass,no_sharing_tpc,256.0946,779.5396,346.6576,338.224,0.0012,1.003,430.9211,432.882,1775752089009580236
ecgclass,no_sharing_tpc,256.152,722.2311,346.6576,338.224,0.0012,1.003,373.5945,375.5735,1775752089009580236
ecgclass,no_sharing_tpc,256.2625,611.8689,346.6576,338.224,0.0012,1.003,263.092,265.2112,1775752089009580236
ecgclass,no_sharing_tpc,256.5102,364.1484,346.6576,338.224,0.0012,1.003,15.3341,17.4908,1775752089009580236
ecgclass,no_sharing_tpc,256.8584,1338.0163,1321.5351,1320.6006,0.0013,0.5194,15.6355,16.4811,1775752089358034748
ecgclass,no_sharing_tpc,256.954,1572.1877,328.9499,328.0866,0.0013,0.1034,1242.1947,1243.2378,1775752090680193815
ecgclass,no_sharing_tpc,257.0976,1428.5662,328.9499,328.0866,0.0013,0.1034,1098.5501,1099.6163,1775752090680193815
ecgclass,no_sharing_tpc,257.9005,626.1089,328.9499,328.0866,0.0013,0.1034,295.6386,297.159,1775752090680193815
ecgclass,no_sharing_tpc,258.059,467.6352,328.9499,328.0866,0.0013,0.1034,137.1436,138.6853,1775752090680193815
ecgclass,no_sharing_tpc,258.1648,361.8791,328.9499,328.0866,0.0013,0.1034,31.3737,32.9292,1775752090680193815
ecgclass,no_sharing_tpc,258.5101,832.3469,815.2681,813.9604,0.0013,0.9241,16.1932,17.0788,1775752091010289258
ecgclass,no_sharing_tpc,259.6019,53.8878,51.6432,45.8059,0.0015,5.5031,1.3855,2.2447,1775752092087315984
ecgclass,no_sharing_tpc,259.7109,177.793,175.2239,169.336,0.0015,5.5635,1.4088,2.5691,1775752092196390490
ecgclass,no_sharing_tpc,259.931,190.0506,187.8376,182.8686,0.0015,4.6416,1.3254,2.213,1775752092416312812
ecgclass,no_sharing_tpc,260.423,55.1589,52.9214,47.0925,0.0014,5.5038,1.3306,2.2374,1775752092908375840
ecgclass,no_sharing_tpc,260.5124,224.4952,222.2454,214.6372,0.0025,7.1175,1.3726,2.2498,1775752092997777503
ecgclass,no_sharing_tpc,260.6301,339.4561,231.9661,224.6925,0.0027,6.6398,106.6146,107.49,1775752093220704351
ecgclass,no_sharing_tpc,260.7868,406.7419,223.1069,216.0677,0.0016,3.3021,182.6296,183.6349,1775752093453435801
ecgclass,no_sharing_tpc,260.9575,236.0435,223.1069,216.0677,0.0016,3.3021,11.8871,12.9365,1775752093453435801
ecgclass,no_sharing_tpc,261.2248,332.4416,330.2062,328.0471,0.0016,1.7977,1.3468,2.2353,1775752093710132663
ecgclass,no_sharing_tpc,261.4663,323.3643,232.0754,226.0869,0.0015,5.5377,90.5218,91.2888,1775752094040886371
ecgclass,no_sharing_tpc,261.5744,448.0534,232.0193,226.1719,0.0015,5.4811,215.1625,216.0341,1775752094273590164
ecgclass,no_sharing_tpc,262.0873,168.1585,165.5632,159.6733,0.0014,5.561,1.3218,2.5953,1775752094572627726
ecgclass,no_sharing_tpc,262.2019,285.7735,231.9846,226.4138,0.0015,5.2077,52.8896,53.789,1775752094738801757
ecgclass,no_sharing_tpc,262.2549,482.9123,249.4894,242.4718,0.0014,3.3287,232.358,233.4229,1775752094971324097
ecgclass,no_sharing_tpc,262.4508,287.0367,249.4894,242.4718,0.0014,3.3287,36.459,37.5472,1775752094971324097
ecgclass,no_sharing_tpc,262.8173,284.2238,281.9769,277.4094,0.0014,4.2425,1.3185,2.2469,1775752095302702308
ecgclass,no_sharing_tpc,262.881,470.7725,249.4528,242.4042,0.0015,3.3333,220.2835,221.3197,1775752095585306098
ecgclass,no_sharing_tpc,263.0596,292.1679,249.4528,242.4042,0.0015,3.3333,41.6551,42.7151,1775752095585306098
ecgclass,no_sharing_tpc,263.1394,613.4758,400.2059,399.2211,0.0014,0.1946,212.0345,213.2699,1775752095835462976
ecgclass,no_sharing_tpc,263.1461,606.7863,400.2059,399.2211,0.0014,0.1946,205.3208,206.5803,1775752095835462976
ecgclass,no_sharing_tpc,263.2018,551.1384,400.2059,399.2211,0.0014,0.1946,149.616,150.9325,1775752095835462976
ecgclass,no_sharing_tpc,263.4353,854.2027,535.7903,528.7446,0.0014,3.3229,317.2984,318.4124,1775752096236594346
ecgclass,no_sharing_tpc,263.718,571.5077,535.7903,528.7446,0.0014,3.3229,34.5798,35.7174,1775752096236594346
ecgclass,no_sharing_tpc,263.7698,972.0824,451.5471,450.6568,0.0013,0.1028,519.3186,520.5352,1775752096773135603
ecgclass,no_sharing_tpc,263.9688,773.0908,451.5471,450.6568,0.0013,0.1028,320.3034,321.5437,1775752096773135603
ecgclass,no_sharing_tpc,264.0811,660.8155,451.5471,450.6568,0.0013,0.1028,207.9618,209.2684,1775752096773135603
ecgclass,no_sharing_tpc,264.2662,476.038,451.5471,450.6568,0.0013,0.1028,22.8698,24.4909,1775752096773135603
ecgclass,no_sharing_tpc,264.2739,468.349,451.5471,450.6568,0.0013,0.1028,15.1618,16.8019,1775752096773135603
ecgclass,no_sharing_tpc,264.3055,1350.0748,912.3072,911.5111,0.0013,0.0988,436.3098,437.7675,1775752097225877080
ecgclass,no_sharing_tpc,264.3492,1306.4318,912.3072,911.5111,0.0013,0.0988,392.6432,394.1246,1775752097225877080
ecgclass,no_sharing_tpc,264.4175,1238.1365,912.3072,911.5111,0.0013,0.0988,324.332,325.8293,1775752097225877080
ecgclass,no_sharing_tpc,264.5272,1128.6418,912.3072,911.5111,0.0013,0.0988,214.6273,216.3346,1775752097225877080
ecgclass,no_sharing_tpc,264.6413,1014.6265,912.3072,911.5111,0.0013,0.0988,100.5208,102.3193,1775752097225877080
ecgclass,no_sharing_tpc,264.7525,1816.7043,912.8322,911.486,0.0013,0.1903,902.8089,903.8721,1775752098139326307
ecgclass,no_sharing_tpc,264.7802,1788.99,912.8322,911.486,0.0013,0.1903,875.0699,876.1578,1775752098139326307
ecgclass,no_sharing_tpc,265.359,1210.6619,912.8322,911.486,0.0013,0.1903,296.2508,297.8297,1775752098139326307
ecgclass,no_sharing_tpc,265.4426,1127.0998,912.8322,911.486,0.0013,0.1903,212.6675,214.2675,1775752098139326307
ecgclass,no_sharing_tpc,265.6028,966.8911,912.8322,911.486,0.0013,0.1903,52.4445,54.0588,1775752098139326307
ecgclass,no_sharing_tpc,266.0001,1456.6371,886.1141,885.3041,0.0012,0.1281,569.2329,570.523,1775752099053379903
ecgclass,no_sharing_tpc,266.0275,1429.2877,886.1141,885.3041,0.0012,0.1281,541.8599,543.1735,1775752099053379903
ecgclass,no_sharing_tpc,266.1943,1262.6152,886.1141,885.3041,0.0012,0.1281,375.0374,376.5011,1775752099053379903
ecgclass,no_sharing_tpc,266.2948,1162.1971,886.1141,885.3041,0.0012,0.1281,274.5783,276.083,1775752099053379903
ecgclass,no_sharing_tpc,266.6301,1608.4929,780.9877,773.4704,0.0013,1.1722,826.4544,827.5051,1775752099940602693
ecgclass,no_sharing_tpc,266.7622,1476.9447,780.9877,773.4704,0.0013,1.1722,694.4141,695.957,1775752099940602693
ecgclass,no_sharing_tpc,266.8481,1391.0191,780.9877,773.4704,0.0013,1.1722,608.4664,610.0314,1775752099940602693
ecgclass,no_sharing_tpc,266.8508,1388.5214,780.9877,773.4704,0.0013,1.1722,605.7372,607.5337,1775752099940602693
ecgclass,no_sharing_tpc,267.392,847.3909,780.9877,773.4704,0.0013,1.1722,64.5607,66.4032,1775752099940602693
ecgclass,no_sharing_tpc,267.4147,824.703,780.9877,773.4704,0.0013,1.1722,41.8568,43.7153,1775752099940602693
ecgclass,no_sharing_tpc,267.6098,1621.1762,990.7503,983.5867,0.0013,3.3818,629.3194,630.4259,1775752100723113550
ecgclass,no_sharing_tpc,267.6845,1546.4904,990.7503,983.5867,0.0013,3.3818,554.6095,555.7401,1775752100723113550
ecgclass,no_sharing_tpc,268.343,1288.4903,399.8972,399.0517,0.0012,0.1667,887.5556,888.5931,1775752101714613890
ecgclass,no_sharing_tpc,268.3773,1254.2081,399.8972,399.0517,0.0012,0.1667,853.25,854.3109,1775752101714613890
ecgclass,no_sharing_tpc,268.9183,713.402,399.8972,399.0517,0.0012,0.1667,312.248,313.5048,1775752101714613890
ecgclass,no_sharing_tpc,269.7456,404.1266,401.9189,396.057,0.0015,5.549,1.3402,2.2078,1775752102230931455
ecgclass,no_sharing_tpc,269.809,636.2505,294.4595,293.512,0.0015,0.1427,340.4555,341.791,1775752102633522147
ecgclass,no_sharing_tpc,269.8308,614.5492,294.4595,293.512,0.0015,0.1427,318.7306,320.0897,1775752102633522147
ecgclass,no_sharing_tpc,270.0435,401.907,294.4595,293.512,0.0015,0.1427,105.9523,107.4475,1775752102633522147
ecgclass,no_sharing_tpc,270.1052,340.2691,294.4595,293.512,0.0015,0.1427,44.2755,45.8096,1775752102633522147
ecgclass,no_sharing_tpc,270.1836,929.3687,667.1109,662.0908,0.0015,4.6216,261.3368,262.2579,1775752102928943487
ecgclass,no_sharing_tpc,270.4537,929.0245,269.0627,268.1074,0.0015,0.1918,658.9119,659.9618,1775752103596624423
ecgclass,no_sharing_tpc,270.8778,504.9236,269.0627,268.1074,0.0015,0.1918,234.7863,235.8609,1775752103596624423
ecgclass,no_sharing_tpc,271.0634,319.4857,269.0627,268.1074,0.0015,0.1918,49.1476,50.423,1775752103596624423
ecgclass,no_sharing_tpc,271.3931,500.5405,498.2148,497.2733,0.0041,0.5863,1.3132,2.3257,1775752103878472373
ecgclass,no_sharing_tpc,271.4165,709.213,231.3952,229.771,0.0013,1.2784,476.9027,477.8178,1775752104377421325
ecgclass,no_sharing_tpc,271.9179,511.7369,303.3333,302.4242,0.0015,0.1351,207.5186,208.4035,1775752104609419698
ecgclass,no_sharing_tpc,271.9452,484.8645,303.3333,302.4242,0.0015,0.1351,180.1503,181.5311,1775752104609419698
ecgclass,no_sharing_tpc,271.969,461.1464,303.3333,302.4242,0.0015,0.1351,156.4105,157.813,1775752104609419698
ecgclass,no_sharing_tpc,272.0297,400.4323,303.3333,302.4242,0.0015,0.1351,95.6621,97.099,1775752104609419698
ecgclass,no_sharing_tpc,272.1799,935.5328,684.477,677.3795,0.0014,3.3506,249.9387,251.0558,1775752104913877136
ecgclass,no_sharing_tpc,272.2162,899.2875,684.477,677.3795,0.0014,3.3506,213.6693,214.8104,1775752104913877136
ecgclass,no_sharing_tpc,272.7317,764.9601,380.5796,373.5391,0.0013,3.3427,383.3222,384.3804,1775752105599087409
ecgclass,no_sharing_tpc,272.7818,714.9477,380.5796,373.5391,0.0013,3.3427,333.287,334.3681,1775752105599087409
ecgclass,no_sharing_tpc,273.2112,640.4583,354.3995,353.3676,0.0012,0.6795,285.1362,286.0589,1775752105980383867
ecgclass,no_sharing_tpc,273.7101,400.4548,258.2661,251.2337,0.0012,3.3519,141.1815,142.1887,1775752106335346686
ecgclass,no_sharing_tpc,273.8238,286.8011,258.2661,251.2337,0.0012,3.3519,27.5044,28.535,1775752106335346686
ecgclass,no_sharing_tpc,274.2735,192.2576,189.9838,188.8621,0.0012,0.831,1.3304,2.2739,1775752106758845067
ecgclass,no_sharing_tpc,274.6071,99.8073,97.6495,91.5969,0.0015,5.725,1.3304,2.1577,1775752107092435205
ecgclass,no_sharing_tpc,274.7111,228.5225,226.3288,220.493,0.0013,5.5072,1.3034,2.1938,1775752107196415473
ecgclass,no_sharing_tpc,275.0463,125.8998,123.8981,117.9264,0.0015,5.6421,1.0734,2.0017,1775752107531446209
ecgclass,no_sharing_tpc,275.2767,128.1958,125.9905,120.2024,0.0015,5.4518,1.338,2.2052,1775752107762045226
ecgclass,no_sharing_tpc,275.3434,293.9909,231.9132,225.9913,0.0014,5.0425,61.1987,62.0777,1775752107888663631
ecgclass,no_sharing_tpc,276.0869,86.8373,84.3874,76.9058,0.0027,6.8241,1.4224,2.4499,1775752108572320993
ecgclass,no_sharing_tpc,276.2807,125.4344,123.0707,115.6819,0.0028,6.7391,1.4343,2.3637,1775752108766159191
ecgclass,no_sharing_tpc,276.6549,88.7511,86.4317,78.4646,0.003,7.3089,1.3678,2.3194,1775752109140285662
ecgclass,no_sharing_tpc,276.7668,174.3584,172.0148,166.1749,0.0015,5.4413,1.4019,2.3436,1775752109252271846
ecgclass,no_sharing_tpc,276.9817,192.1222,189.8718,184.017,0.0014,5.5305,1.3187,2.2504,1775752109467008089
ecgclass,no_sharing_tpc,277.038,385.89,249.3551,242.3196,0.0015,3.334,135.493,136.5349,1775752109657530483
ecgclass,no_sharing_tpc,277.1116,312.3548,249.3551,242.3196,0.0015,3.334,61.9342,62.9997,1775752109657530483
ecgclass,no_sharing_tpc,277.3979,389.6806,363.1533,357.4308,0.0015,5.3486,25.655,26.5274,1775752109907577012
ecgclass,no_sharing_tpc,277.8048,215.3454,213.1855,207.3133,0.0014,5.5477,1.3332,2.1599,1775752110290138715
ecgclass,no_sharing_tpc,278.6248,88.706,85.6324,77.9617,0.0027,7.0169,2.1238,3.0736,1775752111110975240
ecgclass,no_sharing_tpc,278.7647,181.3657,179.0107,171.3788,0.0027,6.0067,1.4126,2.3551,1775752111250171843
ecgclass,no_sharing_tpc,278.7704,417.2306,240.556,232.9509,0.0021,2.3462,175.4737,176.6746,1775752111429954250
ecgclass,no_sharing_tpc,278.8081,379.5602,240.556,232.9509,0.0021,2.3462,137.7795,139.0042,1775752111429954250
ecgclass,no_sharing_tpc,278.8452,342.5207,240.556,232.9509,0.0021,2.3462,100.704,101.9647,1775752111429954250
ecgclass,no_sharing_tpc,279.5147,220.3786,218.0916,210.9773,0.0029,6.5078,1.3542,2.287,1775752112000052176
ecgclass,no_sharing_tpc,279.588,362.2191,214.3319,207.2873,0.0015,3.3341,146.8506,147.8872,1775752112218908977
ecgclass,no_sharing_tpc,279.6653,284.9269,214.3319,207.2873,0.0015,3.3341,69.5345,70.595,1775752112218908977
ecgclass,no_sharing_tpc,280.2085,105.5334,103.2155,99.5061,0.0016,3.3566,1.3623,2.3179,1775752112693912430
ecgclass,no_sharing_tpc,280.3665,180.0451,177.8847,174.5385,0.0016,3.0011,1.3216,2.1604,1775752112851845074
ecgclass,no_sharing_tpc,280.4523,389.9999,294.675,293.6952,0.0014,0.1477,94.0664,95.3249,1775752113030369142
ecgclass,no_sharing_tpc,280.4587,383.6381,294.675,293.6952,0.0014,0.1477,87.6815,88.9631,1775752113030369142
ecgclass,no_sharing_tpc,280.4784,364.0611,294.675,293.6952,0.0014,0.1477,67.9717,69.3861,1775752113030369142
ecgclass,no_sharing_tpc,280.5278,314.6484,294.675,293.6952,0.0014,0.1477,18.5218,19.9734,1775752113030369142
ecgclass,no_sharing_tpc,280.5814,946.0666,684.4996,677.4364,0.0013,3.3469,260.5255,261.567,1775752113326001197
ecgclass,no_sharing_tpc,280.7035,824.0035,684.4996,677.4364,0.0013,3.3469,138.4382,139.5038,1775752113326001197
ecgclass,no_sharing_tpc,280.8837,1070.5273,425.778,424.9239,0.0013,0.126,643.5046,644.7493,1775752114011203328
ecgclass,no_sharing_tpc,280.94,1014.2207,425.778,424.9239,0.0013,0.126,587.1749,588.4427,1775752114011203328
ecgclass,no_sharing_tpc,281.1135,840.8251,425.778,424.9239,0.0013,0.126,413.6465,415.0471,1775752114011203328
ecgclass,no_sharing_tpc,281.2265,727.8566,425.778,424.9239,0.0013,0.126,300.6406,302.0787,1775752114011203328
ecgclass,no_sharing_tpc,281.5809,1085.0229,710.7645,703.1111,0.0013,2.2677,372.9842,374.2584,1775752114437938597
ecgclass,no_sharing_tpc,281.7348,931.143,710.7645,703.1111,0.0013,2.2677,219.0797,220.3785,1775752114437938597
ecgclass,no_sharing_tpc,281.8745,791.5108,710.7645,703.1111,0.0013,2.2677,79.4325,80.7463,1775752114437938597
ecgclass,no_sharing_tpc,281.9709,1347.8801,651.4374,643.9963,0.0026,0.9827,694.6967,696.4428,1775752115149618646
ecgclass,no_sharing_tpc,282.1052,1213.5894,651.4374,643.9963,0.0026,0.9827,560.3814,562.1521,1775752115149618646
ecgclass,no_sharing_tpc,282.1783,1140.4669,651.4374,643.9963,0.0026,0.9827,487.2434,489.0296,1775752115149618646
ecgclass,no_sharing_tpc,282.2357,1083.384,651.4374,643.9963,0.0026,0.9827,429.8844,431.9467,1775752115149618646
ecgclass,no_sharing_tpc,282.4087,910.3808,651.4374,643.9963,0.0026,0.9827,256.8619,258.9435,1775752115149618646
ecgclass,no_sharing_tpc,282.4901,829.0541,651.4374,643.9963,0.0026,0.9827,175.4804,177.6168,1775752115149618646
ecgclass,no_sharing_tpc,282.5674,751.7598,651.4374,643.9963,0.0026,0.9827,98.17,100.3224,1775752115149618646
ecgclass,no_sharing_tpc,283.2068,1233.7928,1121.0668,1119.8335,0.0013,0.7696,111.7725,112.7259,1775752115802568751
ecgclass,no_sharing_tpc,283.4374,1307.03,303.1589,302.3203,0.0013,0.1256,1002.8009,1003.8711,1775752116924237275
ecgclass,no_sharing_tpc,283.5391,1205.3235,303.1589,302.3203,0.0013,0.1256,901.0718,902.1646,1775752116924237275
ecgclass,no_sharing_tpc,283.7612,983.5453,303.1589,302.3203,0.0013,0.1256,678.9718,680.3864,1775752116924237275
ecgclass,no_sharing_tpc,284.1205,624.3353,303.1589,302.3203,0.0013,0.1256,319.7432,321.1764,1775752116924237275
ecgclass,no_sharing_tpc,284.913,497.4215,495.1974,489.4238,0.0015,5.4534,1.3795,2.2241,1775752117398406943
ecgclass,no_sharing_tpc,285.0793,626.9782,294.6982,293.7343,0.0014,0.1458,330.8024,332.2799,1775752117894182963
ecgclass,no_sharing_tpc,285.091,615.2995,294.6982,293.7343,0.0014,0.1458,319.0994,320.6012,1775752117894182963
ecgclass,no_sharing_tpc,285.2348,471.566,294.6982,293.7343,0.0014,0.1458,175.3504,176.8677,1775752117894182963
ecgclass,no_sharing_tpc,285.2521,454.2785,294.6982,293.7343,0.0014,0.1458,158.0274,159.5802,1775752117894182963
ecgclass,no_sharing_tpc,285.935,438.7686,436.5125,430.7396,0.0014,5.44,1.3151,2.2561,1775752118420393269
ecgclass,no_sharing_tpc,285.9667,657.2261,249.4265,242.3834,0.0015,3.3303,406.7612,407.7996,1775752118857545234
ecgclass,no_sharing_tpc,285.9815,642.5343,249.4265,242.3834,0.0015,3.3303,392.0465,393.1077,1775752118857545234
ecgclass,no_sharing_tpc,286.4432,562.2168,380.7426,373.6907,0.0014,3.3312,180.4252,181.4741,1775752119107684145
ecgclass,no_sharing_tpc,286.5585,446.9986,380.7426,373.6907,0.0014,3.3312,65.1832,66.256,1775752119107684145
ecgclass,no_sharing_tpc,286.7025,682.2462,378.5526,371.5147,0.0016,3.3133,302.5875,303.6936,1775752119489160659
ecgclass,no_sharing_tpc,286.8197,565.1512,378.5526,371.5147,0.0016,3.3133,185.4692,186.5986,1775752119489160659
ecgclass,no_sharing_tpc,287.3504,389.4329,354.5103,353.0377,0.0013,0.621,34.0064,34.9226,1775752119868402157
ecgclass,no_sharing_tpc,287.5253,492.8823,277.5847,276.705,0.0013,0.1769,214.0961,215.2975,1775752120223478910
ecgclass,no_sharing_tpc,287.6548,363.4784,277.5847,276.705,0.0013,0.1769,84.6679,85.8937,1775752120223478910
ecgclass,no_sharing_tpc,287.6761,342.1283,277.5847,276.705,0.0013,0.1769,63.3013,64.5436,1775752120223478910
ecgclass,no_sharing_tpc,288.2615,267.0772,264.758,263.409,0.0012,1.0683,1.4172,2.3192,1775752120746944639
ecgclass,no_sharing_tpc,288.3145,455.7068,240.6898,234.8343,0.0015,5.4979,213.7885,215.0171,1775752121012304966
ecgclass,no_sharing_tpc,288.867,135.4671,133.1792,127.3203,0.0016,5.5383,1.4052,2.2879,1775752121352390575
ecgclass,no_sharing_tpc,288.8777,357.415,232.0574,226.1798,0.0016,5.5101,124.4159,125.3576,1775752121486117351
ecgclass,no_sharing_tpc,289.2859,181.6819,179.46,173.5743,0.0015,5.5603,1.3199,2.2219,1775752121771275719
ecgclass,no_sharing_tpc,289.3977,302.3846,231.9262,226.0996,0.0015,5.461,69.6249,70.4584,1775752121951356124
ecgclass,no_sharing_tpc,290.2651,54.2071,51.9162,46.0089,0.0015,5.4705,1.41,2.2909,1775752122750516190
ecgclass,no_sharing_tpc,290.6197,91.8043,88.0277,81.1444,0.003,6.2189,2.7924,3.7766,1775752123106532543
ecgclass,no_sharing_tpc,290.6452,299.0203,231.9704,226.8425,0.0029,1.7361,65.9935,67.0499,1775752123195193071
ecgclass,no_sharing_tpc,290.6731,271.0593,231.9704,226.8425,0.0029,1.7361,38.0099,39.0889,1775752123195193071
ecgclass,no_sharing_tpc,290.752,547.2271,354.3183,350.0495,0.002,3.7349,191.9587,192.9088,1775752123427948118
ecgclass,no_sharing_tpc,291.4516,80.0993,77.8067,73.5289,0.0019,3.8542,1.4038,2.2927,1775752123937000725
ecgclass,no_sharing_tpc,291.6318,132.3462,130.1108,125.6627,0.002,4.0263,1.4081,2.2354,1775752124117271078
ecgclass,no_sharing_tpc,291.8086,188.2048,185.8507,181.5663,0.0019,3.8555,1.4277,2.3541,1775752124294096806
ecgclass,no_sharing_tpc,292.1648,55.85,53.569,47.8223,0.0015,5.3946,1.4112,2.281,1775752124650200661
ecgclass,no_sharing_tpc,292.4118,54.7295,52.2878,46.2786,0.0015,5.5779,1.4904,2.4416,1775752124897297880
ecgclass,no_sharing_tpc,292.6489,56.8454,54.4583,48.4607,0.0015,5.5716,1.4718,2.3871,1775752125134356079
ecgclass,no_sharing_tpc,293.032,57.1251,54.7073,48.8251,0.0015,5.4897,1.4551,2.4178,1775752125517466118
ecgclass,no_sharing_tpc,293.2023,119.3993,117.0463,111.1315,0.0015,5.4768,1.4274,2.353,1775752125687712785
ecgclass,no_sharing_tpc,293.4663,79.2701,76.8901,75.5838,0.0013,1.0047,1.4012,2.38,1775752125951688434
ecgclass,no_sharing_tpc,293.5657,229.7621,227.5252,221.4317,0.0019,5.7209,1.3387,2.2368,1775752126051097082
ecgclass,no_sharing_tpc,293.7167,311.5265,232.0867,226.2519,0.0019,5.3732,78.5143,79.4398,1775752126279236991
ecgclass,no_sharing_tpc,293.9107,358.9718,240.724,233.6325,0.0014,3.3196,117.2073,118.2478,1775752126511892893
ecgclass,no_sharing_tpc,294.011,258.6267,240.724,233.6325,0.0014,3.3196,16.8388,17.9027,1775752126511892893
ecgclass,no_sharing_tpc,294.3562,277.0734,274.8866,269.138,0.0015,5.4245,1.3754,2.1867,1775752126841574300
ecgclass,no_sharing_tpc,294.8334,52.2301,50.0848,44.5967,0.0014,5.1626,1.3123,2.1453,1775752127318751459
ecgclass,no_sharing_tpc,294.8691,249.4879,232.0028,227.1435,0.0015,4.4898,16.2508,17.485,1775752127369393314
ecgclass,no_sharing_tpc,295.2365,114.5127,112.2157,106.4381,0.0015,5.4529,1.3425,2.297,1775752127721844256
ecgclass,no_sharing_tpc,295.2508,350.3051,249.3289,242.3073,0.0014,3.3235,99.8216,100.9762,1775752127834699839
ecgclass,no_sharing_tpc,295.2973,303.89,249.3289,242.3073,0.0014,3.3235,53.3843,54.5611,1775752127834699839
ecgclass,no_sharing_tpc,295.4671,497.6628,363.1665,357.2861,0.0015,5.4759,133.6422,134.4963,1775752128084822696
ecgclass,no_sharing_tpc,295.8536,343.8141,232.1236,226.4309,0.0015,5.3337,110.8942,111.6905,1775752128448522547
ecgclass,no_sharing_tpc,296.5845,55.2797,52.7469,46.934,0.0014,5.4904,1.6272,2.5328,1775752129070130719
ecgclass,no_sharing_tpc,296.794,78.3532,76.0472,70.8022,0.004,4.8886,1.3683,2.3059,1775752129279381948
ecgclass,no_sharing_tpc,296.8047,300.143,231.8618,226.7383,0.0014,4.7366,67.3892,68.2812,1775752129356125454
ecgclass,no_sharing_tpc,297.11,227.5205,225.1843,219.2625,0.0015,5.583,1.3921,2.3362,1775752129595475018
ecgclass,no_sharing_tpc,297.1564,450.9969,268.9267,267.9585,0.0014,0.1957,180.8577,182.0702,1775752129821338029
ecgclass,no_sharing_tpc,297.2062,401.2995,268.9267,267.9585,0.0014,0.1957,131.1364,132.3728,1775752129821338029
ecgclass,no_sharing_tpc,297.2255,382.0088,268.9267,267.9585,0.0014,0.1957,111.8107,113.0821,1775752129821338029
ecgclass,no_sharing_tpc,297.3578,786.247,535.8097,528.7588,0.0014,3.3323,249.3336,250.4373,1775752130091136068
ecgclass,no_sharing_tpc,297.4384,705.6594,535.8097,528.7588,0.0014,3.3323,168.7224,169.8497,1775752130091136068
ecgclass,no_sharing_tpc,297.8477,677.3229,380.5022,373.4525,0.0015,3.3331,295.9976,296.8207,1775752130627748112
ecgclass,no_sharing_tpc,298.1,425.2198,380.5022,373.4525,0.0015,3.3331,43.6878,44.7176,1775752130627748112
ecgclass,no_sharing_tpc,298.1879,789.9728,451.5762,450.5834,0.0014,0.118,337.0454,338.3965,1775752131009022059
ecgclass,no_sharing_tpc,298.2604,717.5722,451.5762,450.5834,0.0014,0.118,264.6213,265.996,1775752131009022059
ecgclass,no_sharing_tpc,298.4047,573.5004,451.5762,450.5834,0.0014,0.118,120.3282,121.9242,1775752131009022059
ecgclass,no_sharing_tpc,298.4614,516.8135,451.5762,450.5834,0.0014,0.118,63.596,65.2373,1775752131009022059
ecgclass,no_sharing_tpc,298.4721,506.0959,451.5762,450.5834,0.0014,0.118,52.8631,54.5196,1775752131009022059
ecgclass,no_sharing_tpc,298.5604,1279.1972,860.6646,859.7629,0.0015,0.1686,417.3131,418.5326,1775752131461790546
ecgclass,no_sharing_tpc,298.6182,1221.4832,860.6646,859.7629,0.0015,0.1686,359.5715,360.8186,1775752131461790546
ecgclass,no_sharing_tpc,298.8795,960.1922,860.6646,859.7629,0.0015,0.1686,98.2358,99.5276,1775752131461790546
ecgclass,no_sharing_tpc,299.0915,1330.5197,581.556,580.2052,0.0013,0.2457,747.8518,748.9637,1775752132323351825
ecgclass,no_sharing_tpc,299.1573,1264.7228,581.556,580.2052,0.0013,0.2457,682.0281,683.1668,1775752132323351825
ecgclass,no_sharing_tpc,299.5414,880.9454,581.556,580.2052,0.0013,0.2457,297.9288,299.3894,1775752132323351825
ecgclass,no_sharing_tpc,299.7068,715.5666,581.556,580.2052,0.0013,0.2457,132.5281,134.0106,1775752132323351825
gestureclass,no_sharing_tpc,0.0002,662.204,658.4254,321.5576,0.0031,335.925,2.7955,3.7787,1775751832487015165
gestureclass,no_sharing_tpc,0.2854,1299.5725,921.7862,131.6856,0.003,263.2019,376.7853,377.7863,1775751833146186516
gestureclass,no_sharing_tpc,0.3164,1268.7888,921.7862,131.6856,0.003,263.2019,345.7322,347.0026,1775751833146186516
gestureclass,no_sharing_tpc,0.5561,1029.0928,921.7862,131.6856,0.003,263.2019,106.0169,107.3066,1775751833146186516
gestureclass,no_sharing_tpc,0.6786,2942.6148,2035.2391,294.1647,0.0014,289.6886,906.2631,907.3757,1775751834068887493
gestureclass,no_sharing_tpc,0.981,2640.4135,2035.2391,294.1647,0.0014,289.6886,603.8585,605.1745,1775751834068887493
gestureclass,no_sharing_tpc,0.9956,2626.3514,2035.2391,294.1647,0.0014,289.6886,589.2467,591.1123,1775751834068887493
gestureclass,no_sharing_tpc,1.0735,2548.4614,2035.2391,294.1647,0.0014,289.6886,511.3366,513.2224,1775751834068887493
gestureclass,no_sharing_tpc,1.4712,2150.7955,2035.2391,294.1647,0.0014,289.6886,113.6494,115.5564,1775751834068887493
gestureclass,no_sharing_tpc,1.5737,2048.2903,2035.2391,294.1647,0.0014,289.6886,11.1215,13.0512,1775751834068887493
gestureclass,no_sharing_tpc,1.8441,7941.3168,6162.4504,596.9668,0.0026,309.0395,1777.6206,1778.8665,1775751836105767839
gestureclass,no_sharing_tpc,2.1347,7651.2313,6162.4504,596.9668,0.0026,309.0395,1487.066,1488.7809,1775751836105767839
gestureclass,no_sharing_tpc,2.1376,7648.3052,6162.4504,596.9668,0.0026,309.0395,1484.1187,1485.8548,1775751836105767839
gestureclass,no_sharing_tpc,2.2769,7509.4295,6162.4504,596.9668,0.0026,309.0395,1344.872,1346.9791,1775751836105767839
gestureclass,no_sharing_tpc,2.4087,7377.6085,6162.4504,596.9668,0.0026,309.0395,1213.0311,1215.1582,1775751836105767839
gestureclass,no_sharing_tpc,2.4194,7366.951,6162.4504,596.9668,0.0026,309.0395,1202.322,1204.5006,1775751836105767839
gestureclass,no_sharing_tpc,2.5051,7281.5287,6162.4504,596.9668,0.0026,309.0395,1116.5886,1119.0784,1775751836105767839
gestureclass,no_sharing_tpc,2.5428,7244.2579,6162.4504,596.9668,0.0026,309.0395,1078.8879,1081.8076,1775751836105767839
gestureclass,no_sharing_tpc,2.5805,7206.5859,6162.4504,596.9668,0.0026,309.0395,1041.1968,1044.1355,1775751836105767839
gestureclass,no_sharing_tpc,2.6468,7140.5759,6162.4504,596.9668,0.0026,309.0395,974.972,978.1255,1775751836105767839
gestureclass,no_sharing_tpc,3.0486,6739.0041,6162.4504,596.9668,0.0026,309.0395,573.132,576.5538,1775751836105767839
gestureclass,no_sharing_tpc,3.051,6736.8448,6162.4504,596.9668,0.0026,309.0395,570.7405,574.3944,1775751836105767839
gestureclass,no_sharing_tpc,3.0935,6694.4044,6162.4504,596.9668,0.0026,309.0395,528.2822,531.954,1775751836105767839
gestureclass,no_sharing_tpc,3.1499,6638.273,6162.4504,596.9668,0.0026,309.0395,471.8652,475.8226,1775751836105767839
gestureclass,no_sharing_tpc,3.3758,6412.4365,6162.4504,596.9668,0.0026,309.0395,245.9207,249.9861,1775751836105767839
gestureclass,no_sharing_tpc,3.4821,6306.1774,6162.4504,596.9668,0.0026,309.0395,139.6444,143.727,1775751836105767839
gestureclass,no_sharing_tpc,3.5216,6266.6953,6162.4504,596.9668,0.0026,309.0395,100.1494,104.2449,1775751836105767839
gestureclass,no_sharing_tpc,3.5573,6231.1163,6162.4504,596.9668,0.0026,309.0395,64.4038,68.6659,1775751836105767839
gestureclass,no_sharing_tpc,3.6897,18119.6563,12019.0037,1638.0946,0.0022,296.5324,6099.0062,6100.6527,1775751842272764373
gestureclass,no_sharing_tpc,4.0126,17796.808,12019.0037,1638.0946,0.0022,296.5324,5776.1319,5777.8043,1775751842272764373
gestureclass,no_sharing_tpc,4.112,17698.0617,12019.0037,1638.0946,0.0022,296.5324,5676.7242,5679.058,1775751842272764373
gestureclass,no_sharing_tpc,4.2613,17548.7831,12019.0037,1638.0946,0.0022,296.5324,5527.4241,5529.7794,1775751842272764373
gestureclass,no_sharing_tpc,4.4706,17339.5376,12019.0037,1638.0946,0.0022,296.5324,5318.1636,5320.534,1775751842272764373
gestureclass,no_sharing_tpc,4.6242,17186.1,12019.0037,1638.0946,0.0022,296.5324,5164.5286,5167.0963,1775751842272764373
gestureclass,no_sharing_tpc,4.631,17179.5511,12019.0037,1638.0946,0.0022,296.5324,5157.7609,5160.5475,1775751842272764373
gestureclass,no_sharing_tpc,4.8723,16938.5185,12019.0037,1638.0946,0.0022,296.5324,4916.4519,4919.5149,1775751842272764373
gestureclass,no_sharing_tpc,5.003,16808.0387,12019.0037,1638.0946,0.0022,296.5324,4785.7468,4789.035,1775751842272764373
gestureclass,no_sharing_tpc,5.0207,16790.343,12019.0037,1638.0946,0.0022,296.5324,4768.0321,4771.3394,1775751842272764373
gestureclass,no_sharing_tpc,5.2075,16603.8401,12019.0037,1638.0946,0.0022,296.5324,4581.2366,4584.8364,1775751842272764373
gestureclass,no_sharing_tpc,5.2389,16572.732,12019.0037,1638.0946,0.0022,296.5324,4549.8295,4553.7283,1775751842272764373
gestureclass,no_sharing_tpc,5.3364,16475.2929,12019.0037,1638.0946,0.0022,296.5324,4452.3704,4456.2893,1775751842272764373
gestureclass,no_sharing_tpc,5.4154,16396.503,12019.0037,1638.0946,0.0022,296.5324,4373.2846,4377.4993,1775751842272764373
gestureclass,no_sharing_tpc,5.5132,16298.7542,12019.0037,1638.0946,0.0022,296.5324,4275.5163,4279.7505,1775751842272764373
gestureclass,no_sharing_tpc,5.86,15952.2858,12019.0037,1638.0946,0.0022,296.5324,3928.755,3933.2821,1775751842272764373
gestureclass,no_sharing_tpc,6.0034,15808.8505,12019.0037,1638.0946,0.0022,296.5324,3785.3012,3789.8469,1775751842272764373
gestureclass,no_sharing_tpc,6.0969,15715.7152,12019.0037,1638.0946,0.0022,296.5324,3691.8604,3696.7115,1775751842272764373
gestureclass,no_sharing_tpc,6.1301,15682.4882,12019.0037,1638.0946,0.0022,296.5324,3658.6144,3663.4845,1775751842272764373
gestureclass,no_sharing_tpc,6.1639,15648.989,12019.0037,1638.0946,0.0022,296.5324,3624.8231,3629.9853,1775751842272764373
gestureclass,no_sharing_tpc,6.3045,15508.4233,12019.0037,1638.0946,0.0022,296.5324,3484.225,3489.4197,1775751842272764373
gestureclass,no_sharing_tpc,6.3618,15451.7651,12019.0037,1638.0946,0.0022,296.5324,3426.9538,3432.7614,1775751842272764373
gestureclass,no_sharing_tpc,6.3725,15441.0288,12019.0037,1638.0946,0.0022,296.5324,3416.1968,3422.0252,1775751842272764373
gestureclass,no_sharing_tpc,6.9281,14885.8106,12019.0037,1638.0946,0.0022,296.5324,2860.6579,2866.8069,1775751842272764373
gestureclass,no_sharing_tpc,6.9855,14828.433,12019.0037,1638.0946,0.0022,296.5324,2803.261,2809.4294,1775751842272764373
gestureclass,no_sharing_tpc,7.0782,14736.0978,12019.0037,1638.0946,0.0022,296.5324,2710.5777,2717.0941,1775751842272764373
gestureclass,no_sharing_tpc,7.3419,14472.3835,12019.0037,1638.0946,0.0022,296.5324,2446.8451,2453.3798,1775751842272764373
gestureclass,no_sharing_tpc,7.5867,14228.0288,12019.0037,1638.0946,0.0022,296.5324,2202.0509,2209.0251,1775751842272764373
gestureclass,no_sharing_tpc,7.7321,14082.5922,12019.0037,1638.0946,0.0022,296.5324,2056.5944,2063.5886,1775751842272764373
gestureclass,no_sharing_tpc,7.9152,13899.7586,12019.0037,1638.0946,0.0022,296.5324,1873.4884,1880.7549,1775751842272764373
gestureclass,no_sharing_tpc,8.3924,13422.6494,12019.0037,1638.0946,0.0022,296.5324,1396.3592,1403.6457,1775751842272764373
gestureclass,no_sharing_tpc,9.0708,12744.2217,12019.0037,1638.0946,0.0022,296.5324,717.9182,725.218,1775751842272764373
gestureclass,no_sharing_tpc,9.378,12437.0618,12019.0037,1638.0946,0.0022,296.5324,410.7442,418.0581,1775751842272764373
gestureclass,no_sharing_tpc,9.4911,12324.0564,12019.0037,1638.0946,0.0022,296.5324,297.6787,305.0527,1775751842272764373
gestureclass,no_sharing_tpc,9.5545,12260.6721,12019.0037,1638.0946,0.0022,296.5324,234.2777,241.6684,1775751842272764373
gestureclass,no_sharing_tpc,9.7896,12301.7387,273.532,263.6958,0.007,0.107,12025.9101,12028.2067,1775751854299558537
gestureclass,no_sharing_tpc,9.8433,12248.0288,273.532,263.6958,0.007,0.107,11972.1775,11974.4967,1775751854299558537
gestureclass,no_sharing_tpc,9.892,12199.3635,273.532,263.6958,0.007,0.107,11923.4793,11925.8314,1775751854299558537
gestureclass,no_sharing_tpc,10.0228,12069.4537,273.532,263.6958,0.007,0.107,11792.6903,11795.9217,1775751854299558537
gestureclass,no_sharing_tpc,10.1055,11986.7988,273.532,263.6958,0.007,0.107,11710.0139,11713.2667,1775751854299558537
gestureclass,no_sharing_tpc,10.1672,11925.0979,273.532,263.6958,0.007,0.107,11648.2968,11651.5659,1775751854299558537
gestureclass,no_sharing_tpc,10.2317,11860.6396,273.532,263.6958,0.007,0.107,11583.8232,11587.1075,1775751854299558537
gestureclass,no_sharing_tpc,10.4468,11645.577,273.532,263.6958,0.007,0.107,11368.7465,11372.0449,1775751854299558537
gestureclass,no_sharing_tpc,11.1739,10919.6353,273.532,263.6958,0.007,0.107,10641.6016,10646.1033,1775751854299558537
gestureclass,no_sharing_tpc,11.2831,10810.4668,273.532,263.6958,0.007,0.107,10532.4104,10536.9347,1775751854299558537
gestureclass,no_sharing_tpc,11.3589,10734.7009,273.532,263.6958,0.007,0.107,10456.6283,10461.1689,1775751854299558537
gestureclass,no_sharing_tpc,11.4911,10602.5517,273.532,263.6958,0.007,0.107,10324.4638,10329.0197,1775751854299558537
gestureclass,no_sharing_tpc,11.5994,10494.1783,273.532,263.6958,0.007,0.107,10216.0766,10220.6463,1775751854299558537
gestureclass,no_sharing_tpc,11.8012,10292.4848,273.532,263.6958,0.007,0.107,10014.3697,10018.9527,1775751854299558537
gestureclass,no_sharing_tpc,11.8069,10286.7856,273.532,263.6958,0.007,0.107,10008.6555,10013.2536,1775751854299558537
gestureclass,no_sharing_tpc,12.1277,9967.4883,273.532,263.6958,0.007,0.107,9687.7959,9693.9563,1775751854299558537
gestureclass,no_sharing_tpc,12.5401,9555.1231,273.532,263.6958,0.007,0.107,9275.4076,9281.5911,1775751854299558537
gestureclass,no_sharing_tpc,13.1518,8943.4686,273.532,263.6958,0.007,0.107,8663.7356,8669.9365,1775751854299558537
gestureclass,no_sharing_tpc,13.4051,8690.1429,273.532,263.6958,0.007,0.107,8410.3944,8416.6108,1775751854299558537
gestureclass,no_sharing_tpc,13.5165,8578.824,273.532,263.6958,0.007,0.107,8299.0525,8305.292,1775751854299558537
gestureclass,no_sharing_tpc,13.829,8266.3238,273.532,263.6958,0.007,0.107,7986.5382,7992.7918,1775751854299558537
gestureclass,no_sharing_tpc,14.2243,7870.9836,273.532,263.6958,0.007,0.107,7591.1837,7597.4516,1775751854299558537
gestureclass,no_sharing_tpc,14.5389,7556.391,273.532,263.6958,0.007,0.107,7276.5777,7282.859,1775751854299558537
gestureclass,no_sharing_tpc,14.6777,7417.6564,273.532,263.6958,0.007,0.107,7137.8298,7144.1244,1775751854299558537
gestureclass,no_sharing_tpc,14.778,7317.3237,273.532,263.6958,0.007,0.107,7037.4837,7043.7917,1775751854299558537
gestureclass,no_sharing_tpc,14.7789,7317.9605,273.532,263.6958,0.007,0.107,7036.6273,7044.4285,1775751854299558537
gestureclass,no_sharing_tpc,14.8676,7229.2361,273.532,263.6958,0.007,0.107,6947.8803,6955.7041,1775751854299558537
gestureclass,no_sharing_tpc,15.1886,6908.3028,273.532,263.6958,0.007,0.107,6626.9152,6634.7708,1775751854299558537
gestureclass,no_sharing_tpc,15.2543,6842.6521,273.532,263.6958,0.007,0.107,6561.2462,6569.1201,1775751854299558537
gestureclass,no_sharing_tpc,15.2591,6837.8901,273.532,263.6958,0.007,0.107,6556.4702,6564.3581,1775751854299558537
gestureclass,no_sharing_tpc,15.7748,6322.1223,273.532,263.6958,0.007,0.107,6040.6873,6048.5903,1775751854299558537
gestureclass,no_sharing_tpc,15.9224,6174.5698,273.532,263.6958,0.007,0.107,5893.1205,5901.0378,1775751854299558537
gestureclass,no_sharing_tpc,16.1313,5965.6925,273.532,263.6958,0.007,0.107,5684.2301,5692.1605,1775751854299558537
gestureclass,no_sharing_tpc,16.363,5733.9969,273.532,263.6958,0.007,0.107,5452.5208,5460.4648,1775751854299558537
gestureclass,no_sharing_tpc,16.5787,5518.2939,273.532,263.6958,0.007,0.107,5236.8045,5244.7618,1775751854299558537
gestureclass,no_sharing_tpc,16.6014,5495.5986,273.532,263.6958,0.007,0.107,5214.0965,5222.0665,1775751854299558537
gestureclass,no_sharing_tpc,16.6758,5421.2339,273.532,263.6958,0.007,0.107,5139.7195,5147.7019,1775751854299558537
gestureclass,no_sharing_tpc,16.7682,5328.8519,273.532,263.6958,0.007,0.107,5047.3244,5055.3199,1775751854299558537
gestureclass,no_sharing_tpc,16.7829,5314.1501,273.532,263.6958,0.007,0.107,5032.609,5040.6181,1775751854299558537
gestureclass,no_sharing_tpc,16.965,5132.0422,273.532,263.6958,0.007,0.107,4850.4875,4858.5101,1775751854299558537
gestureclass,no_sharing_tpc,17.0274,5070.2903,273.532,263.6958,0.007,0.107,4788.0859,4796.7583,1775751854299558537
gestureclass,no_sharing_tpc,17.1369,4960.8924,273.532,263.6958,0.007,0.107,4678.6668,4687.3604,1775751854299558537
gestureclass,no_sharing_tpc,17.3355,4762.2836,273.532,263.6958,0.007,0.107,4480.0432,4488.7515,1775751854299558537
gestureclass,no_sharing_tpc,17.5281,4569.7169,273.532,263.6958,0.007,0.107,4287.4615,4296.1849,1775751854299558537
gestureclass,no_sharing_tpc,17.6843,4413.5242,273.532,263.6958,0.007,0.107,4131.2554,4139.9921,1775751854299558537
gestureclass,no_sharing_tpc,17.689,4408.808,273.532,263.6958,0.007,0.107,4126.5266,4135.276,1775751854299558537
gestureclass,no_sharing_tpc,18.0194,4078.4564,273.532,263.6958,0.007,0.107,3796.1261,3804.9244,1775751854299558537
gestureclass,no_sharing_tpc,18.076,4021.8816,273.532,263.6958,0.007,0.107,3739.5382,3748.3496,1775751854299558537
gestureclass,no_sharing_tpc,18.2312,3866.6396,273.532,263.6958,0.007,0.107,3584.2819,3593.1076,1775751854299558537
gestureclass,no_sharing_tpc,18.292,3805.917,273.532,263.6958,0.007,0.107,3523.5453,3532.385,1775751854299558537
gestureclass,no_sharing_tpc,18.3915,3706.4168,273.532,263.6958,0.007,0.107,3424.0315,3432.8848,1775751854299558537
gestureclass,no_sharing_tpc,18.5983,3499.6016,273.532,263.6958,0.007,0.107,3217.2027,3226.0696,1775751854299558537
gestureclass,no_sharing_tpc,18.631,3466.8996,273.532,263.6958,0.007,0.107,3184.4871,3193.3676,1775751854299558537
gestureclass,no_sharing_tpc,18.7048,3393.1935,273.532,263.6958,0.007,0.107,3110.7676,3119.6615,1775751854299558537
gestureclass,no_sharing_tpc,18.7355,3362.4933,273.532,263.6958,0.007,0.107,3080.054,3088.9612,1775751854299558537
gestureclass,no_sharing_tpc,19.2072,2890.7819,273.532,263.6958,0.007,0.107,2608.3305,2617.2498,1775751854299558537
gestureclass,no_sharing_tpc,19.2614,2836.6318,273.532,263.6958,0.007,0.107,2554.1677,2563.0997,1775751854299558537
gestureclass,no_sharing_tpc,19.9786,2119.4069,273.532,263.6958,0.007,0.107,1836.9303,1845.8749,1775751854299558537
gestureclass,no_sharing_tpc,20.0724,2025.7242,273.532,263.6958,0.007,0.107,1743.1548,1752.1921,1775751854299558537
gestureclass,no_sharing_tpc,20.1108,1987.2913,273.532,263.6958,0.007,0.107,1704.706,1713.7593,1775751854299558537
gestureclass,no_sharing_tpc,20.6054,1492.7509,273.532,263.6958,0.007,0.107,1210.1512,1219.2189,1775751854299558537
gestureclass,no_sharing_tpc,20.6671,1431.0493,273.532,263.6958,0.007,0.107,1148.4354,1157.5173,1775751854299558537
gestureclass,no_sharing_tpc,20.9414,1156.7292,273.532,263.6958,0.007,0.107,874.1016,883.1972,1775751854299558537
gestureclass,no_sharing_tpc,21.3314,766.7763,273.532,263.6958,0.007,0.107,484.1361,493.2443,1775751854299558537
gestureclass,no_sharing_tpc,21.4861,612.0894,273.532,263.6958,0.007,0.107,329.4363,338.5574,1775751854299558537
gestureclass,no_sharing_tpc,22.4897,21344.727,21342.653,21338.5464,0.013,3.5918,1.2403,2.0741,1775751854975021696
gestureclass,no_sharing_tpc,22.5131,22122.3445,798.342,789.7196,0.0013,0.0733,21322.2067,21324.0025,1775751876319368125
gestureclass,no_sharing_tpc,22.5515,22084.0018,798.342,789.7196,0.0013,0.0733,21283.8397,21285.6598,1775751876319368125
gestureclass,no_sharing_tpc,22.5822,22053.3493,798.342,789.7196,0.0013,0.0733,21253.1717,21255.0073,1775751876319368125
gestureclass,no_sharing_tpc,22.659,21977.3238,798.342,789.7196,0.0013,0.0733,21176.3432,21178.9818,1775751876319368125
gestureclass,no_sharing_tpc,22.6938,21942.5657,798.342,789.7196,0.0013,0.0733,21141.5641,21144.2237,1775751876319368125
gestureclass,no_sharing_tpc,22.8993,21737.9806,798.342,789.7196,0.0013,0.0733,20936.0545,20939.6387,1775751876319368125
gestureclass,no_sharing_tpc,22.9896,21647.6531,798.342,789.7196,0.0013,0.0733,20845.7046,20849.3111,1775751876319368125
gestureclass,no_sharing_tpc,23.1294,21507.921,798.342,789.7196,0.0013,0.0733,20705.9586,20709.579,1775751876319368125
gestureclass,no_sharing_tpc,23.2779,21359.3795,798.342,789.7196,0.0013,0.0733,20557.4036,20561.0376,1775751876319368125
gestureclass,no_sharing_tpc,23.3136,21323.6914,798.342,789.7196,0.0013,0.0733,20521.7016,20525.3494,1775751876319368125
gestureclass,no_sharing_tpc,23.6816,20955.7152,798.342,789.7196,0.0013,0.0733,20153.7125,20157.3732,1775751876319368125
gestureclass,no_sharing_tpc,23.8494,20787.9579,798.342,789.7196,0.0013,0.0733,19985.9421,19989.616,1775751876319368125
gestureclass,no_sharing_tpc,24.0508,20587.8837,798.342,789.7196,0.0013,0.0733,19784.5652,19789.5418,1775751876319368125
gestureclass,no_sharing_tpc,24.0555,20583.1962,798.342,789.7196,0.0013,0.0733,19779.8553,19784.8542,1775751876319368125
gestureclass,no_sharing_tpc,24.3651,20273.607,798.342,789.7196,0.0013,0.0733,19470.252,19475.2651,1775751876319368125
gestureclass,no_sharing_tpc,24.3758,20262.8987,798.342,789.7196,0.0013,0.0733,19459.532,19464.5567,1775751876319368125
gestureclass,no_sharing_tpc,24.651,19987.6754,798.342,789.7196,0.0013,0.0733,19184.2959,19189.3335,1775751876319368125
gestureclass,no_sharing_tpc,24.8909,19747.7834,798.342,789.7196,0.0013,0.0733,18944.391,18949.4415,1775751876319368125
gestureclass,no_sharing_tpc,24.9681,19672.1146,798.342,789.7196,0.0013,0.0733,18867.2183,18873.7727,1775751876319368125
gestureclass,no_sharing_tpc,24.9858,19654.4144,798.342,789.7196,0.0013,0.0733,18849.4964,18856.0725,1775751876319368125
gestureclass,no_sharing_tpc,25.0215,19618.7909,798.342,789.7196,0.0013,0.0733,18813.8242,18820.4489,1775751876319368125
gestureclass,no_sharing_tpc,25.3497,19290.6456,798.342,789.7196,0.0013,0.0733,18485.6644,18492.3036,1775751876319368125
gestureclass,no_sharing_tpc,25.7097,18930.5844,798.342,789.7196,0.0013,0.0733,18125.5898,18132.2425,1775751876319368125
gestureclass,no_sharing_tpc,26.6443,17996.0878,798.342,789.7196,0.0013,0.0733,17191.0806,17197.7458,1775751876319368125
gestureclass,no_sharing_tpc,26.7957,17844.6734,798.342,789.7196,0.0013,0.0733,17039.6538,17046.3314,1775751876319368125
gestureclass,no_sharing_tpc,26.8105,17829.8898,798.342,789.7196,0.0013,0.0733,17024.8578,17031.5478,1775751876319368125
gestureclass,no_sharing_tpc,26.9593,17681.1271,798.342,789.7196,0.0013,0.0733,16876.0822,16882.7851,1775751876319368125
gestureclass,no_sharing_tpc,27.0018,17638.5868,798.342,789.7196,0.0013,0.0733,16833.5299,16840.2448,1775751876319368125
gestureclass,no_sharing_tpc,27.1326,17507.8239,798.342,789.7196,0.0013,0.0733,16702.7521,16709.482,1775751876319368125
gestureclass,no_sharing_tpc,27.2827,17357.6829,798.342,789.7196,0.0013,0.0733,16552.5892,16559.341,1775751876319368125
gestureclass,no_sharing_tpc,27.6677,16974.6957,798.342,789.7196,0.0013,0.0733,16167.6054,16176.3537,1775751876319368125
gestureclass,no_sharing_tpc,27.7071,16935.298,798.342,789.7196,0.0013,0.0733,16128.1853,16136.956,1775751876319368125
gestureclass,no_sharing_tpc,27.9474,16695.1091,798.342,789.7196,0.0013,0.0733,15887.9795,15896.7672,1775751876319368125
gestureclass,no_sharing_tpc,27.9621,16680.4149,798.342,789.7196,0.0013,0.0733,15873.2722,15882.073,1775751876319368125
gestureclass,no_sharing_tpc,27.9738,16668.7067,798.342,789.7196,0.0013,0.0733,15861.5506,15870.3647,1775751876319368125
gestureclass,no_sharing_tpc,28.0565,16585.9578,798.342,789.7196,0.0013,0.0733,15778.7886,15787.6158,1775751876319368125
gestureclass,no_sharing_tpc,28.2943,16348.2099,798.342,789.7196,0.0013,0.0733,15541.0278,15549.8679,1775751876319368125
gestureclass,no_sharing_tpc,28.322,16320.4985,798.342,789.7196,0.0013,0.0733,15513.304,15522.1565,1775751876319368125
gestureclass,no_sharing_tpc,28.4733,16169.2312,798.342,789.7196,0.0013,0.0733,15362.0238,15370.8892,1775751876319368125
gestureclass,no_sharing_tpc,28.497,16145.5286,798.342,789.7196,0.0013,0.0733,15338.3088,15347.1866,1775751876319368125
gestureclass,no_sharing_tpc,28.6468,15995.7771,798.342,789.7196,0.0013,0.0733,15188.545,15197.4352,1775751876319368125
gestureclass,no_sharing_tpc,28.7492,15893.3558,798.342,789.7196,0.0013,0.0733,15086.1118,15095.0139,1775751876319368125
gestureclass,no_sharing_tpc,28.8725,15770.0527,798.342,789.7196,0.0013,0.0733,14962.7962,14971.7107,1775751876319368125
gestureclass,no_sharing_tpc,28.9437,15701.2947,798.342,789.7196,0.0013,0.0733,14891.6774,14902.9527,1775751876319368125
gestureclass,no_sharing_tpc,29.3219,15323.1096,798.342,789.7196,0.0013,0.0733,14513.4289,14524.7677,1775751876319368125
gestureclass,no_sharing_tpc,29.4291,15215.9154,798.342,789.7196,0.0013,0.0733,14406.213,14417.5735,1775751876319368125
gestureclass,no_sharing_tpc,29.7479,14897.197,798.342,789.7196,0.0013,0.0733,14087.4741,14098.8551,1775751876319368125
gestureclass,no_sharing_tpc,29.7693,14875.7823,798.342,789.7196,0.0013,0.0733,14066.0396,14077.4403,1775751876319368125
gestureclass,no_sharing_tpc,29.8614,14783.7164,798.342,789.7196,0.0013,0.0733,13973.9547,13985.3745,1775751876319368125
gestureclass,no_sharing_tpc,29.9131,14732.0373,798.342,789.7196,0.0013,0.0733,13922.256,13933.6954,1775751876319368125
gestureclass,no_sharing_tpc,30.1981,14447.0661,798.342,789.7196,0.0013,0.0733,13637.265,13648.7241,1775751876319368125
gestureclass,no_sharing_tpc,30.4046,14240.5868,798.342,789.7196,0.0013,0.0733,13430.7671,13442.2448,1775751876319368125
gestureclass,no_sharing_tpc,30.5894,14055.7768,798.342,789.7196,0.0013,0.0733,13245.9359,13257.4349,1775751876319368125
gestureclass,no_sharing_tpc,30.8348,13810.3621,798.342,789.7196,0.0013,0.0733,13000.5004,13012.0201,1775751876319368125
gestureclass,no_sharing_tpc,30.9162,13728.9829,798.342,789.7196,0.0013,0.0733,12919.101,12930.641,1775751876319368125
gestureclass,no_sharing_tpc,31.0173,13627.8911,798.342,789.7196,0.0013,0.0733,12817.9886,12829.5491,1775751876319368125
gestureclass,no_sharing_tpc,31.1117,13533.591,798.342,789.7196,0.0013,0.0733,12723.6688,12735.2491,1775751876319368125
gestureclass,no_sharing_tpc,31.4918,13153.4882,798.342,789.7196,0.0013,0.0733,12343.5352,12355.1462,1775751876319368125
gestureclass,no_sharing_tpc,31.8146,12830.7133,798.342,789.7196,0.0013,0.0733,12020.7391,12032.3713,1775751876319368125
gestureclass,no_sharing_tpc,32.3107,12334.5997,798.342,789.7196,0.0013,0.0733,11524.6065,11536.2578,1775751876319368125
gestureclass,no_sharing_tpc,32.4355,12209.836,798.342,789.7196,0.0013,0.0733,11399.823,11411.4941,1775751876319368125
gestureclass,no_sharing_tpc,32.8072,11838.1393,798.342,789.7196,0.0013,0.0733,11028.1067,11039.7973,1775751876319368125
gestureclass,no_sharing_tpc,32.8883,11757.0622,798.342,789.7196,0.0013,0.0733,10947.0108,10958.7202,1775751876319368125
gestureclass,no_sharing_tpc,32.897,11749.9058,798.342,789.7196,0.0013,0.0733,10938.303,10951.5639,1775751876319368125
gestureclass,no_sharing_tpc,32.9048,11742.1989,798.342,789.7196,0.0013,0.0733,10930.5689,10943.857,1775751876319368125
gestureclass,no_sharing_tpc,32.9662,11680.7756,798.342,789.7196,0.0013,0.0733,10869.1251,10882.4337,1775751876319368125
gestureclass,no_sharing_tpc,32.9806,11666.3876,798.342,789.7196,0.0013,0.0733,10854.717,10868.0456,1775751876319368125
gestureclass,no_sharing_tpc,33.0164,11630.645,798.342,789.7196,0.0013,0.0733,10818.9549,10832.3031,1775751876319368125
gestureclass,no_sharing_tpc,33.1126,11534.4305,798.342,789.7196,0.0013,0.0733,10722.7218,10736.0886,1775751876319368125
gestureclass,no_sharing_tpc,33.1769,11470.1872,798.342,789.7196,0.0013,0.0733,10658.4587,10671.8452,1775751876319368125
gestureclass,no_sharing_tpc,33.1816,11465.4868,798.342,789.7196,0.0013,0.0733,10653.7395,10667.1448,1775751876319368125
gestureclass,no_sharing_tpc,33.2253,11421.8392,798.342,789.7196,0.0013,0.0733,10610.0729,10623.4973,1775751876319368125
gestureclass,no_sharing_tpc,33.3972,11249.9707,798.342,789.7196,0.0013,0.0733,10438.1404,10451.6287,1775751876319368125
gestureclass,no_sharing_tpc,33.4935,11153.656,798.342,789.7196,0.0013,0.0733,10341.8059,10355.3141,1775751876319368125
gestureclass,no_sharing_tpc,33.6018,11045.3575,798.342,789.7196,0.0013,0.0733,10233.4893,10247.0155,1775751876319368125
gestureclass,no_sharing_tpc,33.7125,10934.7279,798.342,789.7196,0.0013,0.0733,10122.8418,10136.386,1775751876319368125
gestureclass,no_sharing_tpc,33.7162,10931.015,798.342,789.7196,0.0013,0.0733,10119.1103,10132.6731,1775751876319368125
gestureclass,no_sharing_tpc,33.7489,10898.3176,798.342,789.7196,0.0013,0.0733,10086.3953,10099.9756,1775751876319368125
gestureclass,no_sharing_tpc,33.8361,10811.1711,798.342,789.7196,0.0013,0.0733,9999.2311,10012.8291,1775751876319368125
gestureclass,no_sharing_tpc,33.8478,10799.4919,798.342,789.7196,0.0013,0.0733,9987.534,10001.1499,1775751876319368125
gestureclass,no_sharing_tpc,34.0741,10573.1981,798.342,789.7196,0.0013,0.0733,9761.2224,9774.8561,1775751876319368125
gestureclass,no_sharing_tpc,34.2124,10434.9003,798.342,789.7196,0.0013,0.0733,9622.9062,9636.5583,1775751876319368125
gestureclass,no_sharing_tpc,34.2756,10371.7844,798.342,789.7196,0.0013,0.0733,9559.7725,9573.4425,1775751876319368125
gestureclass,no_sharing_tpc,34.9383,9709.0371,798.342,789.7196,0.0013,0.0733,8897.0065,8910.6951,1775751876319368125
gestureclass,no_sharing_tpc,35.5162,9131.1536,798.342,789.7196,0.0013,0.0733,8319.1044,8332.8116,1775751876319368125
gestureclass,no_sharing_tpc,35.5619,9085.6543,798.342,789.7196,0.0013,0.0733,8273.4091,8287.3123,1775751876319368125
gestureclass,no_sharing_tpc,36.2668,8380.7638,798.342,789.7196,0.0013,0.0733,7568.4965,7582.4218,1775751876319368125
gestureclass,no_sharing_tpc,36.3302,8317.4279,798.342,789.7196,0.0013,0.0733,7505.141,7519.0859,1775751876319368125
gestureclass,no_sharing_tpc,36.3698,8277.869,798.342,789.7196,0.0013,0.0733,7465.5635,7479.527,1775751876319368125
gestureclass,no_sharing_tpc,36.993,7654.624,798.342,789.7196,0.0013,0.0733,6842.2995,6856.282,1775751876319368125
gestureclass,no_sharing_tpc,36.9936,7654.0482,798.342,789.7196,0.0013,0.0733,6841.7053,6855.7063,1775751876319368125
gestureclass,no_sharing_tpc,37.3709,7276.8316,798.342,789.7196,0.0013,0.0733,6464.4701,6478.4897,1775751876319368125
gestureclass,no_sharing_tpc,37.4242,7223.4704,798.342,789.7196,0.0013,0.0733,6411.0901,6425.1285,1775751876319368125
gestureclass,no_sharing_tpc,37.641,7006.7606,798.342,789.7196,0.0013,0.0733,6194.3614,6208.4186,1775751876319368125
gestureclass,no_sharing_tpc,37.721,6926.7559,798.342,789.7196,0.0013,0.0733,6114.3386,6128.414,1775751876319368125
gestureclass,no_sharing_tpc,37.9356,6712.2092,798.342,789.7196,0.0013,0.0733,5899.7741,5913.8673,1775751876319368125
gestureclass,no_sharing_tpc,37.9593,6688.5204,798.342,789.7196,0.0013,0.0733,5876.0674,5890.1785,1775751876319368125
gestureclass,no_sharing_tpc,38.1454,6502.3766,798.342,789.7196,0.0013,0.0733,5689.9056,5704.0346,1775751876319368125
gestureclass,no_sharing_tpc,38.2684,6379.4401,798.342,789.7196,0.0013,0.0733,5566.9515,5581.0981,1775751876319368125
gestureclass,no_sharing_tpc,38.4439,6203.9585,798.342,789.7196,0.0013,0.0733,5391.4518,5405.6166,1775751876319368125
gestureclass,no_sharing_tpc,38.4886,39576.7806,33420.6502,33341.57,0.0129,2.8752,6154.408,6156.1303,1775751877127035223
gestureclass,no_sharing_tpc,38.5497,39515.6691,33420.6502,33341.57,0.0129,2.8752,6093.2581,6095.0189,1775751877127035223
gestureclass,no_sharing_tpc,38.9227,39143.5192,33420.6502,33341.57,0.0129,2.8752,5720.2525,5722.8689,1775751877127035223
gestureclass,no_sharing_tpc,39.1001,38966.2354,33420.6502,33341.57,0.0129,2.8752,5542.9451,5545.5852,1775751877127035223
gestureclass,no_sharing_tpc,39.1128,38954.432,33420.6502,33341.57,0.0129,2.8752,5530.2243,5533.7818,1775751877127035223
gestureclass,no_sharing_tpc,39.1469,38920.3565,33420.6502,33341.57,0.0129,2.8752,5496.1264,5499.7063,1775751877127035223
gestureclass,no_sharing_tpc,39.3031,38764.1885,33420.6502,33341.57,0.0129,2.8752,5339.9417,5343.5383,1775751877127035223
gestureclass,no_sharing_tpc,39.9011,38166.1162,33420.6502,33341.57,0.0129,2.8752,4741.8535,4745.466,1775751877127035223
gestureclass,no_sharing_tpc,40.0973,37971.1542,33420.6502,33341.57,0.0129,2.8752,4545.6712,4550.504,1775751877127035223
gestureclass,no_sharing_tpc,40.155,37913.4679,33420.6502,33341.57,0.0129,2.8752,4487.9558,4492.8176,1775751877127035223
gestureclass,no_sharing_tpc,40.1924,37876.1594,33420.6502,33341.57,0.0129,2.8752,4450.623,4455.5092,1775751877127035223
gestureclass,no_sharing_tpc,41.3512,36717.3529,33420.6502,33341.57,0.0129,2.8752,3291.7936,3296.7026,1775751877127035223
gestureclass,no_sharing_tpc,41.5769,36491.6935,33420.6502,33341.57,0.0129,2.8752,3066.1111,3071.0432,1775751877127035223
gestureclass,no_sharing_tpc,41.6481,36420.712,33420.6502,33341.57,0.0129,2.8752,2994.9427,3000.0617,1775751877127035223
gestureclass,no_sharing_tpc,41.8557,36213.0783,33420.6502,33341.57,0.0129,2.8752,2787.2822,2792.428,1775751877127035223
gestureclass,no_sharing_tpc,42.0457,36023.1466,33420.6502,33341.57,0.0129,2.8752,2597.3277,2602.4964,1775751877127035223
gestureclass,no_sharing_tpc,42.2559,35812.932,33420.6502,33341.57,0.0129,2.8752,2387.0902,2392.2818,1775751877127035223
gestureclass,no_sharing_tpc,42.7797,35289.1533,33420.6502,33341.57,0.0129,2.8752,1863.2894,1868.5031,1775751877127035223
gestureclass,no_sharing_tpc,42.8474,35221.5319,33420.6502,33341.57,0.0129,2.8752,1795.646,1800.8816,1775751877127035223
gestureclass,no_sharing_tpc,42.9353,35133.6627,33420.6502,33341.57,0.0129,2.8752,1707.7291,1713.0125,1775751877127035223
gestureclass,no_sharing_tpc,43.1078,34961.2029,33420.6502,33341.57,0.0129,2.8752,1535.2466,1540.5526,1775751877127035223
gestureclass,no_sharing_tpc,43.3213,34747.7286,33420.6502,33341.57,0.0129,2.8752,1321.7506,1327.0783,1775751877127035223
gestureclass,no_sharing_tpc,43.4897,34579.2828,33420.6502,33341.57,0.0129,2.8752,1153.2824,1158.6325,1775751877127035223
gestureclass,no_sharing_tpc,43.5299,34539.1407,33420.6502,33341.57,0.0129,2.8752,1113.1191,1118.4905,1775751877127035223
gestureclass,no_sharing_tpc,43.5407,34528.384,33420.6502,33341.57,0.0129,2.8752,1102.3409,1107.7337,1775751877127035223
gestureclass,no_sharing_tpc,43.8243,34244.7166,33420.6502,33341.57,0.0129,2.8752,818.6512,824.0664,1775751877127035223
gestureclass,no_sharing_tpc,43.9534,34115.7143,33420.6502,33341.57,0.0129,2.8752,689.6274,695.0641,1775751877127035223
gestureclass,no_sharing_tpc,44.6819,42286.3753,8887.5002,8878.059,0.003,0.0709,33386.1909,33398.8751,1775751910552104107
gestureclass,no_sharing_tpc,45.2319,41736.4028,8887.5002,8878.059,0.003,0.0709,32836.1764,32848.9025,1775751910552104107
gestureclass,no_sharing_tpc,45.5914,41376.8871,8887.5002,8878.059,0.003,0.0709,32476.6212,32489.3869,1775751910552104107
gestureclass,no_sharing_tpc,45.9202,41048.1403,8887.5002,8878.059,0.003,0.0709,32147.8546,32160.6401,1775751910552104107
gestureclass,no_sharing_tpc,46.0,40968.4229,8887.5002,8878.059,0.003,0.0709,32068.1176,32080.9227,1775751910552104107
gestureclass,no_sharing_tpc,46.1323,40836.0538,8887.5002,8878.059,0.003,0.0709,31935.7295,31948.5536,1775751910552104107
gestureclass,no_sharing_tpc,46.4617,40512.0811,8887.5002,8878.059,0.003,0.0709,31606.3902,31624.5809,1775751910552104107
gestureclass,no_sharing_tpc,46.6978,40275.9621,8887.5002,8878.059,0.003,0.0709,31370.2307,31388.4619,1775751910552104107
gestureclass,no_sharing_tpc,46.8539,40119.9214,8887.5002,8878.059,0.003,0.0709,31214.1609,31232.4212,1775751910552104107
gestureclass,no_sharing_tpc,46.9216,40052.1965,8887.5002,8878.059,0.003,0.0709,31146.4214,31164.6963,1775751910552104107
gestureclass,no_sharing_tpc,46.9883,39985.5874,8887.5002,8878.059,0.003,0.0709,31079.7846,31098.0871,1775751910552104107
gestureclass,no_sharing_tpc,47.1274,39846.5145,8887.5002,8878.059,0.003,0.0709,30940.6841,30959.0142,1775751910552104107
gestureclass,no_sharing_tpc,47.3548,39619.1237,8887.5002,8878.059,0.003,0.0709,30713.2664,30731.6235,1775751910552104107
gestureclass,no_sharing_tpc,47.4368,39537.1716,8887.5002,8878.059,0.003,0.0709,30631.2282,30649.6714,1775751910552104107
gestureclass,no_sharing_tpc,48.1638,38810.2658,8887.5002,8878.059,0.003,0.0709,29904.3086,29922.7656,1775751910552104107
gestureclass,no_sharing_tpc,48.3008,38673.2666,8887.5002,8878.059,0.003,0.0709,29767.283,29785.7664,1775751910552104107
gestureclass,no_sharing_tpc,48.3245,38649.5473,8887.5002,8878.059,0.003,0.0709,29743.5501,29762.0471,1775751910552104107
gestureclass,no_sharing_tpc,48.5121,38461.9977,8887.5002,8878.059,0.003,0.0709,29555.9747,29574.4975,1775751910552104107
gestureclass,no_sharing_tpc,48.5357,38438.4403,8887.5002,8878.059,0.003,0.0709,29532.4039,29550.9401,1775751910552104107
gestureclass,no_sharing_tpc,48.5661,38408.0458,8887.5002,8878.059,0.003,0.0709,29501.9965,29520.5455,1775751910552104107
gestureclass,no_sharing_tpc,48.6657,38308.4147,8887.5002,8878.059,0.003,0.0709,29402.324,29420.9145,1775751910552104107
gestureclass,no_sharing_tpc,48.756,38218.1518,8887.5002,8878.059,0.003,0.0709,29312.0482,29330.6516,1775751910552104107
gestureclass,no_sharing_tpc,48.8051,38169.1051,8887.5002,8878.059,0.003,0.0709,29262.9757,29281.6048,1775751910552104107
gestureclass,no_sharing_tpc,48.8168,38157.3961,8887.5002,8878.059,0.003,0.0709,29251.2536,29269.8959,1775751910552104107
gestureclass,no_sharing_tpc,49.5636,37410.6498,8887.5002,8878.059,0.003,0.0709,28504.4942,28523.1496,1775751910552104107
gestureclass,no_sharing_tpc,49.7621,37212.1058,8887.5002,8878.059,0.003,0.0709,28305.9256,28324.6055,1775751910552104107
gestureclass,no_sharing_tpc,50.4843,36489.9681,8887.5002,8878.059,0.003,0.0709,27583.7619,27602.4678,1775751910552104107
gestureclass,no_sharing_tpc,50.6315,36342.7677,8887.5002,8878.059,0.003,0.0709,27436.5487,27455.2675,1775751910552104107
gestureclass,no_sharing_tpc,50.7546,36219.7165,8887.5002,8878.059,0.003,0.0709,27313.4723,27332.2163,1775751910552104107
gestureclass,no_sharing_tpc,50.7804,36193.9068,8887.5002,8878.059,0.003,0.0709,27287.6499,27306.4066,1775751910552104107
gestureclass,no_sharing_tpc,50.8433,36130.991,8887.5002,8878.059,0.003,0.0709,27224.7217,27243.4908,1775751910552104107
gestureclass,no_sharing_tpc,50.9485,36025.877,8887.5002,8878.059,0.003,0.0709,27119.5831,27138.3768,1775751910552104107
gestureclass,no_sharing_tpc,51.1068,35869.1211,8887.5002,8878.059,0.003,0.0709,26961.2305,26981.6208,1775751910552104107
gestureclass,no_sharing_tpc,51.3953,35580.6324,8887.5002,8878.059,0.003,0.0709,26672.7254,26693.1322,1775751910552104107
gestureclass,no_sharing_tpc,51.4661,35509.9225,8887.5002,8878.059,0.003,0.0709,26601.9998,26622.4223,1775751910552104107
gestureclass,no_sharing_tpc,51.5969,35379.1623,8887.5002,8878.059,0.003,0.0709,26471.2102,26491.6621,1775751910552104107
gestureclass,no_sharing_tpc,52.3092,34666.8732,8887.5002,8878.059,0.003,0.0709,25758.8942,25779.373,1775751910552104107
gestureclass,no_sharing_tpc,52.3651,34610.9517,8887.5002,8878.059,0.003,0.0709,25702.9591,25723.4514,1775751910552104107
gestureclass,no_sharing_tpc,52.4545,34521.5604,8887.5002,8878.059,0.003,0.0709,25613.5557,25634.0602,1775751910552104107
gestureclass,no_sharing_tpc,52.4592,34516.8755,8887.5002,8878.059,0.003,0.0709,25608.8448,25629.3753,1775751910552104107
gestureclass,no_sharing_tpc,52.9681,34007.9944,8887.5002,8878.059,0.003,0.0709,25099.9508,25120.4942,1775751910552104107
gestureclass,no_sharing_tpc,53.331,33645.1883,8887.5002,8878.059,0.003,0.0709,24737.1175,24757.6881,1775751910552104107
gestureclass,no_sharing_tpc,53.4608,33515.3358,8887.5002,8878.059,0.003,0.0709,24607.2476,24627.8356,1775751910552104107
gestureclass,no_sharing_tpc,53.5143,33461.899,8887.5002,8878.059,0.003,0.0709,24553.7977,24574.3988,1775751910552104107
gestureclass,no_sharing_tpc,53.5527,33423.5027,8887.5002,8878.059,0.003,0.0709,24515.3883,24536.0025,1775751910552104107
gestureclass,no_sharing_tpc,53.5994,33376.7958,8887.5002,8878.059,0.003,0.0709,24468.668,24489.2955,1775751910552104107
gestureclass,no_sharing_tpc,53.9567,33019.4888,8887.5002,8878.059,0.003,0.0709,24111.3472,24131.9886,1775751910552104107
gestureclass,no_sharing_tpc,54.0708,32905.4518,8887.5002,8878.059,0.003,0.0709,23997.2961,24017.9515,1775751910552104107
gestureclass,no_sharing_tpc,54.1719,32804.3435,8887.5002,8878.059,0.003,0.0709,23896.174,23916.8432,1775751910552104107
gestureclass,no_sharing_tpc,54.1825,32793.746,8887.5002,8878.059,0.003,0.0709,23885.5641,23906.2458,1775751910552104107
gestureclass,no_sharing_tpc,54.2365,32739.7218,8887.5002,8878.059,0.003,0.0709,23831.5265,23852.2216,1775751910552104107
gestureclass,no_sharing_tpc,54.3823,32593.9448,8887.5002,8878.059,0.003,0.0709,23685.7362,23706.4446,1775751910552104107
gestureclass,no_sharing_tpc,54.6045,32371.8166,8887.5002,8878.059,0.003,0.0709,23463.5942,23484.3164,1775751910552104107
gestureclass,no_sharing_tpc,55.1525,31823.8788,8887.5002,8878.059,0.003,0.0709,22915.6077,22936.3785,1775751910552104107
gestureclass,no_sharing_tpc,55.269,31707.3853,8887.5002,8878.059,0.003,0.0709,22799.1004,22819.8851,1775751910552104107
gestureclass,no_sharing_tpc,55.2998,31676.5313,8887.5002,8878.059,0.003,0.0709,22768.2331,22789.0311,1775751910552104107
gestureclass,no_sharing_tpc,55.5008,31475.5874,8887.5002,8878.059,0.003,0.0709,22567.2758,22588.0871,1775751910552104107
gestureclass,no_sharing_tpc,55.8838,31092.5858,8887.5002,8878.059,0.003,0.0709,22184.2604,22205.0856,1775751910552104107
gestureclass,no_sharing_tpc,55.9214,31055.0189,8887.5002,8878.059,0.003,0.0709,22146.6804,22167.5187,1775751910552104107
gestureclass,no_sharing_tpc,56.3058,30670.5863,8887.5002,8878.059,0.003,0.0709,21762.2344,21783.0861,1775751910552104107
gestureclass,no_sharing_tpc,56.3064,30670.0284,8887.5002,8878.059,0.003,0.0709,21761.6637,21782.5282,1775751910552104107
gestureclass,no_sharing_tpc,56.5303,30446.1703,8887.5002,8878.059,0.003,0.0709,21537.7917,21558.6701,1775751910552104107
gestureclass,no_sharing_tpc,56.7798,30196.6157,8887.5002,8878.059,0.003,0.0709,21288.2237,21309.1155,1775751910552104107
gestureclass,no_sharing_tpc,56.823,30153.5091,8887.5002,8878.059,0.003,0.0709,21245.1036,21266.0089,1775751910552104107
gestureclass,no_sharing_tpc,57.2776,29698.8766,8887.5002,8878.059,0.003,0.0709,20790.4582,20811.3764,1775751910552104107
gestureclass,no_sharing_tpc,57.9505,29025.954,8887.5002,8878.059,0.003,0.0709,20117.5222,20138.4538,1775751910552104107
gestureclass,no_sharing_tpc,58.188,28788.4874,8887.5002,8878.059,0.003,0.0709,19880.0423,19900.9872,1775751910552104107
gestureclass,no_sharing_tpc,58.6425,28333.9825,8887.5002,8878.059,0.003,0.0709,19425.5245,19446.4822,1775751910552104107
gestureclass,no_sharing_tpc,59.8896,27086.9701,8887.5002,8878.059,0.003,0.0709,18178.4995,18199.4699,1775751910552104107
gestureclass,no_sharing_tpc,59.8953,27081.2511,8887.5002,8878.059,0.003,0.0709,18172.7679,18193.7509,1775751910552104107
gestureclass,no_sharing_tpc,60.172,26804.518,8887.5002,8878.059,0.003,0.0709,17896.0223,17917.0178,1775751910552104107
gestureclass,no_sharing_tpc,60.2378,26738.8008,8887.5002,8878.059,0.003,0.0709,17830.2925,17851.3005,1775751910552104107
gestureclass,no_sharing_tpc,60.6191,26357.5046,8887.5002,8878.059,0.003,0.0709,17448.9834,17470.0044,1775751910552104107
gestureclass,no_sharing_tpc,60.6498,26326.7968,8887.5002,8878.059,0.003,0.0709,17418.2637,17439.2965,1775751910552104107
gestureclass,no_sharing_tpc,60.7314,26245.1689,8887.5002,8878.059,0.003,0.0709,17336.6232,17357.6687,1775751910552104107
gestureclass,no_sharing_tpc,61.0744,25902.2069,8887.5002,8878.059,0.003,0.0709,16993.6485,17014.7067,1775751910552104107
gestureclass,no_sharing_tpc,61.0921,25884.4931,8887.5002,8878.059,0.003,0.0709,16975.9214,16996.9929,1775751910552104107
gestureclass,no_sharing_tpc,61.4854,25491.2457,8887.5002,8878.059,0.003,0.0709,16582.6614,16603.7455,1775751910552104107
gestureclass,no_sharing_tpc,62.159,24817.6434,8887.5002,8878.059,0.003,0.0709,15909.0457,15930.1432,1775751910552104107
gestureclass,no_sharing_tpc,62.3379,24638.8018,8887.5002,8878.059,0.003,0.0709,15730.1912,15751.3016,1775751910552104107
gestureclass,no_sharing_tpc,62.8148,24161.9518,8887.5002,8878.059,0.003,0.0709,15253.3171,15274.4516,1775751910552104107
gestureclass,no_sharing_tpc,62.8305,24146.2343,8887.5002,8878.059,0.003,0.0709,15237.5872,15258.734,1775751910552104107
gestureclass,no_sharing_tpc,62.971,24005.6834,8887.5002,8878.059,0.003,0.0709,15097.0235,15118.1832,1775751910552104107
gestureclass,no_sharing_tpc,63.1069,23870.0445,8887.5002,8878.059,0.003,0.0709,14961.1566,14982.5442,1775751910552104107
gestureclass,no_sharing_tpc,63.4263,23550.6616,8887.5002,8878.059,0.003,0.0709,14641.7534,14663.1613,1775751910552104107
gestureclass,no_sharing_tpc,63.9402,23036.8087,8887.5002,8878.059,0.003,0.0709,14127.8853,14149.3085,1775751910552104107
gestureclass,no_sharing_tpc,64.0737,22903.3382,8887.5002,8878.059,0.003,0.0709,13994.4005,14015.838,1775751910552104107
gestureclass,no_sharing_tpc,64.2902,22686.7883,8887.5002,8878.059,0.003,0.0709,13777.837,13799.2881,1775751910552104107
gestureclass,no_sharing_tpc,64.3497,22627.3799,8887.5002,8878.059,0.003,0.0709,13718.4165,13739.8797,1775751910552104107
gestureclass,no_sharing_tpc,64.5202,22456.8832,8887.5002,8878.059,0.003,0.0709,13547.9064,13569.383,1775751910552104107
gestureclass,no_sharing_tpc,64.649,22328.0776,8887.5002,8878.059,0.003,0.0709,13419.0876,13440.5773,1775751910552104107
gestureclass,no_sharing_tpc,65.3483,21628.8118,8887.5002,8878.059,0.003,0.0709,12719.8093,12741.3116,1775751910552104107
gestureclass,no_sharing_tpc,66.062,20915.1337,8887.5002,8878.059,0.003,0.0709,12006.1183,12027.6335,1775751910552104107
gestureclass,no_sharing_tpc,66.1287,20848.3949,8887.5002,8878.059,0.003,0.0709,11939.3671,11960.8946,1775751910552104107
gestureclass,no_sharing_tpc,66.2172,20759.8822,8887.5002,8878.059,0.003,0.0709,11850.8413,11872.382,1775751910552104107
gestureclass,no_sharing_tpc,66.241,20736.1448,8887.5002,8878.059,0.003,0.0709,11827.0917,11848.6446,1775751910552104107
gestureclass,no_sharing_tpc,66.2957,20681.4141,8887.5002,8878.059,0.003,0.0709,11772.3491,11793.9139,1775751910552104107
gestureclass,no_sharing_tpc,66.6284,20348.7537,8887.5002,8878.059,0.003,0.0709,11439.6641,11461.2535,1775751910552104107
gestureclass,no_sharing_tpc,66.6539,20323.3027,8887.5002,8878.059,0.003,0.0709,11414.201,11435.8025,1775751910552104107
gestureclass,no_sharing_tpc,66.7911,20186.0545,8887.5002,8878.059,0.003,0.0709,11276.9394,11298.5542,1775751910552104107
gestureclass,no_sharing_tpc,66.7942,53571.6658,33396.8489,33389.6998,0.013,0.0574,20172.9295,20174.8169,1775751919451166493
gestureclass,no_sharing_tpc,67.0285,53338.2235,33396.8489,33389.6998,0.013,0.0574,19938.6349,19941.3746,1775751919451166493
gestureclass,no_sharing_tpc,67.2994,53067.385,33396.8489,33389.6998,0.013,0.0574,19667.7601,19670.5361,1775751919451166493
gestureclass,no_sharing_tpc,67.3101,53057.1523,33396.8489,33389.6998,0.013,0.0574,19657.0415,19660.3034,1775751919451166493
gestureclass,no_sharing_tpc,67.4176,52950.0864,33396.8489,33389.6998,0.013,0.0574,19549.5276,19553.2375,1775751919451166493
gestureclass,no_sharing_tpc,67.5656,52802.1417,33396.8489,33389.6998,0.013,0.0574,19401.5458,19405.2928,1775751919451166493
gestureclass,no_sharing_tpc,67.7582,52610.1828,33396.8489,33389.6998,0.013,0.0574,19208.9612,19213.3339,1775751919451166493
gestureclass,no_sharing_tpc,67.8376,52531.1668,33396.8489,33389.6998,0.013,0.0574,19129.4892,19134.3179,1775751919451166493
gestureclass,no_sharing_tpc,67.8377,52531.1699,33396.8489,33389.6998,0.013,0.0574,19129.4544,19134.321,1775751919451166493
gestureclass,no_sharing_tpc,67.9126,52456.224,33396.8489,33389.6998,0.013,0.0574,19054.4827,19059.3751,1775751919451166493
gestureclass,no_sharing_tpc,68.1078,52261.7366,33396.8489,33389.6998,0.013,0.0574,18859.3001,18864.8878,1775751919451166493
gestureclass,no_sharing_tpc,68.1732,52196.9652,33396.8489,33389.6998,0.013,0.0574,18793.9157,18800.1164,1775751919451166493
gestureclass,no_sharing_tpc,68.2257,52144.5165,33396.8489,33389.6998,0.013,0.0574,18741.4286,18747.6676,1775751919451166493
gestureclass,no_sharing_tpc,69.1366,51233.6428,33396.8489,33389.6998,0.013,0.0574,17830.5268,17836.794,1775751919451166493
gestureclass,no_sharing_tpc,69.2071,51163.8908,33396.8489,33389.6998,0.013,0.0574,17760.0367,17767.042,1775751919451166493
gestureclass,no_sharing_tpc,69.4807,50890.2755,33396.8489,33389.6998,0.013,0.0574,17486.3846,17493.4266,1775751919451166493
gestureclass,no_sharing_tpc,69.5135,50858.2532,33396.8489,33389.6998,0.013,0.0574,17453.6281,17461.4044,1775751919451166493
gestureclass,no_sharing_tpc,69.8868,50484.9682,33396.8489,33389.6998,0.013,0.0574,17080.3068,17088.1193,1775751919451166493
gestureclass,no_sharing_tpc,70.0554,50316.4597,33396.8489,33389.6998,0.013,0.0574,16911.7701,16919.6108,1775751919451166493
gestureclass,no_sharing_tpc,70.511,49861.5789,33396.8489,33389.6998,0.013,0.0574,16456.151,16464.7301,1775751919451166493
gestureclass,no_sharing_tpc,70.6355,49737.0882,33396.8489,33389.6998,0.013,0.0574,16331.6247,16340.2393,1775751919451166493
gestureclass,no_sharing_tpc,70.6782,49694.3777,33396.8489,33389.6998,0.013,0.0574,16288.8873,16297.5288,1775751919451166493
gestureclass,no_sharing_tpc,70.9303,49443.0566,33396.8489,33389.6998,0.013,0.0574,16036.7897,16046.2077,1775751919451166493
gestureclass,no_sharing_tpc,71.1851,49188.3528,33396.8489,33389.6998,0.013,0.0574,15782.0497,15791.504,1775751919451166493
gestureclass,no_sharing_tpc,71.7919,48581.605,33396.8489,33389.6998,0.013,0.0574,15175.2751,15184.7561,1775751919451166493
gestureclass,no_sharing_tpc,71.8962,48478.1828,33396.8489,33389.6998,0.013,0.0574,15070.9641,15081.3339,1775751919451166493
gestureclass,no_sharing_tpc,71.9669,48407.4399,33396.8489,33389.6998,0.013,0.0574,15000.1855,15010.5911,1775751919451166493
gestureclass,no_sharing_tpc,71.9856,48388.8202,33396.8489,33389.6998,0.013,0.0574,14981.5388,14991.9713,1775751919451166493
gestureclass,no_sharing_tpc,72.4872,47887.9979,33396.8489,33389.6998,0.013,0.0574,14479.9306,14491.149,1775751919451166493
gestureclass,no_sharing_tpc,72.5089,47866.3101,33396.8489,33389.6998,0.013,0.0574,14458.2076,14469.4613,1775751919451166493
gestureclass,no_sharing_tpc,72.5603,47814.918,33396.8489,33389.6998,0.013,0.0574,14406.7883,14418.0692,1775751919451166493
gestureclass,no_sharing_tpc,72.6583,47716.9938,33396.8489,33389.6998,0.013,0.0574,14308.8391,14320.145,1775751919451166493
gestureclass,no_sharing_tpc,72.7881,47588.0773,33396.8489,33389.6998,0.013,0.0574,14179.0152,14191.2285,1775751919451166493
gestureclass,no_sharing_tpc,72.8139,47562.3374,33396.8489,33389.6998,0.013,0.0574,14153.2388,14165.4885,1775751919451166493
gestureclass,no_sharing_tpc,73.0301,47346.118,33396.8489,33389.6998,0.013,0.0574,13936.9946,13949.2691,1775751919451166493
gestureclass,no_sharing_tpc,73.0579,47319.33,33396.8489,33389.6998,0.013,0.0574,13909.2655,13922.4811,1775751919451166493
gestureclass,no_sharing_tpc,73.1591,47218.1356,33396.8489,33389.6998,0.013,0.0574,13808.0354,13821.2867,1775751919451166493
gestureclass,no_sharing_tpc,73.2216,47155.6571,33396.8489,33389.6998,0.013,0.0574,13745.5301,13758.8082,1775751919451166493
gestureclass,no_sharing_tpc,73.2443,47132.9582,33396.8489,33389.6998,0.013,0.0574,13722.8072,13736.1093,1775751919451166493
gestureclass,no_sharing_tpc,73.2821,47096.1177,33396.8489,33389.6998,0.013,0.0574,13685.03,13699.2689,1775751919451166493
gestureclass,no_sharing_tpc,73.5512,46827.0462,33396.8489,33389.6998,0.013,0.0574,13415.92,13430.1973,1775751919451166493
gestureclass,no_sharing_tpc,74.0963,46281.9581,33396.8489,33389.6998,0.013,0.0574,12870.8038,12885.1092,1775751919451166493
gestureclass,no_sharing_tpc,74.3999,45978.4467,33396.8489,33389.6998,0.013,0.0574,12567.2674,12581.5979,1775751919451166493
gestureclass,no_sharing_tpc,75.0263,45352.9801,33396.8489,33389.6998,0.013,0.0574,11940.8505,11956.1313,1775751919451166493
gestureclass,no_sharing_tpc,75.5902,44789.093,33396.8489,33389.6998,0.013,0.0574,11376.9262,11392.2442,1775751919451166493
gestureclass,no_sharing_tpc,75.6255,44753.8793,33396.8489,33389.6998,0.013,0.0574,11341.6305,11357.0305,1775751919451166493
gestureclass,no_sharing_tpc,75.7537,44625.6871,33396.8489,33389.6998,0.013,0.0574,11213.4111,11228.8383,1775751919451166493
gestureclass,no_sharing_tpc,75.819,44561.5149,33396.8489,33389.6998,0.013,0.0574,11148.1638,11164.666,1775751919451166493
gestureclass,no_sharing_tpc,75.9325,44448.0588,33396.8489,33389.6998,0.013,0.0574,11034.6673,11051.21,1775751919451166493
gestureclass,no_sharing_tpc,76.1596,44220.9189,33396.8489,33389.6998,0.013,0.0574,10807.5001,10824.07,1775751919451166493
gestureclass,no_sharing_tpc,76.1674,44213.2215,33396.8489,33389.6998,0.013,0.0574,10799.7792,10816.3727,1775751919451166493
gestureclass,no_sharing_tpc,76.3164,44065.2225,33396.8489,33389.6998,0.013,0.0574,10650.7671,10668.3736,1775751919451166493
gestureclass,no_sharing_tpc,76.5488,43832.8381,33396.8489,33389.6998,0.013,0.0574,10418.3428,10435.9892,1775751919451166493
gestureclass,no_sharing_tpc,76.8685,43513.1545,33396.8489,33389.6998,0.013,0.0574,10098.6314,10116.3057,1775751919451166493
gestureclass,no_sharing_tpc,77.3193,43062.3634,33396.8489,33389.6998,0.013,0.0574,9647.8138,9665.5145,1775751919451166493
gestureclass,no_sharing_tpc,77.4161,42965.6246,33396.8489,33389.6998,0.013,0.0574,9551.0497,9568.7757,1775751919451166493
gestureclass,no_sharing_tpc,77.7755,42607.2409,33396.8489,33389.6998,0.013,0.0574,9191.5829,9210.3921,1775751919451166493
gestureclass,no_sharing_tpc,78.1706,42212.2238,33396.8489,33389.6998,0.013,0.0574,8796.5276,8815.3749,1775751919451166493
gestureclass,no_sharing_tpc,78.7604,41622.4642,33396.8489,33389.6998,0.013,0.0574,8206.7389,8225.6153,1775751919451166493
gestureclass,no_sharing_tpc,78.9149,41467.9475,33396.8489,33389.6998,0.013,0.0574,8052.1967,8071.0986,1775751919451166493
gestureclass,no_sharing_tpc,79.5733,40810.6945,33396.8489,33389.6998,0.013,0.0574,7393.8451,7413.8456,1775751919451166493
gestureclass,no_sharing_tpc,79.6582,40725.8151,33396.8489,33389.6998,0.013,0.0574,7308.9261,7328.9662,1775751919451166493
gestureclass,no_sharing_tpc,79.7777,40606.401,33396.8489,33389.6998,0.013,0.0574,7189.4808,7209.5521,1775751919451166493
gestureclass,no_sharing_tpc,79.8124,40571.6963,33396.8489,33389.6998,0.013,0.0574,7154.7456,7174.8474,1775751919451166493
gestureclass,no_sharing_tpc,79.9225,40461.6048,33396.8489,33389.6998,0.013,0.0574,7044.6279,7064.756,1775751919451166493
gestureclass,no_sharing_tpc,79.9937,40391.3991,33396.8489,33389.6998,0.013,0.0574,6973.4623,6994.5503,1775751919451166493
gestureclass,no_sharing_tpc,79.9964,40388.7072,33396.8489,33389.6998,0.013,0.0574,6970.7329,6991.8583,1775751919451166493
gestureclass,no_sharing_tpc,80.0229,40362.2725,33396.8489,33389.6998,0.013,0.0574,6944.2677,6965.4236,1775751919451166493
gestureclass,no_sharing_tpc,80.0904,40294.8036,33396.8489,33389.6998,0.013,0.0574,6876.7729,6897.9548,1775751919451166493
gestureclass,no_sharing_tpc,80.2896,40095.5665,33396.8489,33389.6998,0.013,0.0574,6677.51,6698.7177,1775751919451166493
gestureclass,no_sharing_tpc,80.5529,39833.2269,33396.8489,33389.6998,0.013,0.0574,6414.2392,6436.3781,1775751919451166493
gestureclass,no_sharing_tpc,81.0587,39327.4961,33396.8489,33389.6998,0.013,0.0574,5908.469,5930.6472,1775751919451166493
gestureclass,no_sharing_tpc,81.0784,39307.7896,33396.8489,33389.6998,0.013,0.0574,5888.7346,5910.9407,1775751919451166493
gestureclass,no_sharing_tpc,81.1088,39277.441,33396.8489,33389.6998,0.013,0.0574,5858.3617,5880.5922,1775751919451166493
gestureclass,no_sharing_tpc,81.4949,38892.3247,33396.8489,33389.6998,0.013,0.0574,5472.2762,5495.4758,1775751919451166493
gestureclass,no_sharing_tpc,81.657,38730.2382,33396.8489,33389.6998,0.013,0.0574,5310.1501,5333.3893,1775751919451166493
gestureclass,no_sharing_tpc,81.7914,38595.8984,33396.8489,33389.6998,0.013,0.0574,5175.7812,5199.0495,1775751919451166493
gestureclass,no_sharing_tpc,82.0526,38334.6415,33396.8489,33389.6998,0.013,0.0574,4914.4969,4937.7926,1775751919451166493
gestureclass,no_sharing_tpc,82.0594,38329.0417,33396.8489,33389.6998,0.013,0.0574,4907.7706,4932.1929,1775751919451166493
gestureclass,no_sharing_tpc,82.5769,37811.5127,33396.8489,33389.6998,0.013,0.0574,4390.2032,4414.6639,1775751919451166493
gestureclass,no_sharing_tpc,82.7532,37635.2549,33396.8489,33389.6998,0.013,0.0574,4213.9156,4238.406,1775751919451166493
gestureclass,no_sharing_tpc,83.1077,37280.76,33396.8489,33389.6998,0.013,0.0574,3859.3934,3883.9112,1775751919451166493
gestureclass,no_sharing_tpc,83.2817,37107.8665,33396.8489,33389.6998,0.013,0.0574,3685.43,3711.0177,1775751919451166493
gestureclass,no_sharing_tpc,83.4886,36900.9902,33396.8489,33389.6998,0.013,0.0574,3478.5156,3504.1414,1775751919451166493
gestureclass,no_sharing_tpc,83.5845,36805.1493,33396.8489,33389.6998,0.013,0.0574,3382.647,3408.3005,1775751919451166493
gestureclass,no_sharing_tpc,83.7668,36622.8771,33396.8489,33389.6998,0.013,0.0574,3200.3498,3226.0283,1775751919451166493
gestureclass,no_sharing_tpc,83.8536,36536.0844,33396.8489,33389.6998,0.013,0.0574,3113.5316,3139.2356,1775751919451166493
gestureclass,no_sharing_tpc,83.8584,36532.2404,33396.8489,33389.6998,0.013,0.0574,3108.7632,3135.3915,1775751919451166493
gestureclass,no_sharing_tpc,84.026,36364.6619,33396.8489,33389.6998,0.013,0.0574,2941.1473,2967.8131,1775751919451166493
gestureclass,no_sharing_tpc,84.0904,36300.2779,33396.8489,33389.6998,0.013,0.0574,2876.7195,2903.4291,1775751919451166493
gestureclass,no_sharing_tpc,84.2213,36169.42,33396.8489,33389.6998,0.013,0.0574,2745.8262,2772.5711,1775751919451166493
gestureclass,no_sharing_tpc,84.3638,36026.9094,33396.8489,33389.6998,0.013,0.0574,2603.2894,2630.0605,1775751919451166493
gestureclass,no_sharing_tpc,84.4436,35947.6671,33396.8489,33389.6998,0.013,0.0574,2523.5138,2550.8183,1775751919451166493
gestureclass,no_sharing_tpc,84.7333,35658.0262,33396.8489,33389.6998,0.013,0.0574,2233.8393,2261.1774,1775751919451166493
gestureclass,no_sharing_tpc,85.1468,35244.5784,33396.8489,33389.6998,0.013,0.0574,1820.365,1847.7295,1775751919451166493
gestureclass,no_sharing_tpc,85.1595,35231.8316,33396.8489,33389.6998,0.013,0.0574,1807.596,1834.9827,1775751919451166493
gestureclass,no_sharing_tpc,85.291,35100.4035,33396.8489,33389.6998,0.013,0.0574,1676.1453,1703.5547,1775751919451166493
gestureclass,no_sharing_tpc,85.2948,35096.756,33396.8489,33389.6998,0.013,0.0574,1672.3776,1699.9071,1775751919451166493
gestureclass,no_sharing_tpc,85.6205,34771.009,33396.8489,33389.6998,0.013,0.0574,1346.6008,1374.1601,1775751919451166493
gestureclass,no_sharing_tpc,85.6693,34722.2815,33396.8489,33389.6998,0.013,0.0574,1297.8485,1325.4326,1775751919451166493
gestureclass,no_sharing_tpc,93.3215,59952.7283,32879.9687,32869.9857,0.0101,0.0696,27071.2202,27072.7596,1775751952876727617
gestureclass,no_sharing_tpc,93.4204,59854.4798,32879.9687,32869.9857,0.0101,0.0696,26972.2936,26974.5111,1775751952876727617
gestureclass,no_sharing_tpc,93.4418,59833.087,32879.9687,32869.9857,0.0101,0.0696,26950.8765,26953.1183,1775751952876727617
gestureclass,no_sharing_tpc,93.6591,59616.0848,32879.9687,32869.9857,0.0101,0.0696,26733.5904,26736.1161,1775751952876727617
gestureclass,no_sharing_tpc,93.6724,59602.8352,32879.9687,32869.9857,0.0101,0.0696,26720.3207,26722.8665,1775751952876727617
gestureclass,no_sharing_tpc,93.958,59317.5139,32879.9687,32869.9857,0.0101,0.0696,26434.7031,26437.5453,1775751952876727617
gestureclass,no_sharing_tpc,94.0317,59243.7966,32879.9687,32869.9857,0.0101,0.0696,26360.9598,26363.8279,1775751952876727617
gestureclass,no_sharing_tpc,94.0962,59179.739,32879.9687,32869.9857,0.0101,0.0696,26296.5097,26299.7703,1775751952876727617
gestureclass,no_sharing_tpc,94.2347,59041.5876,32879.9687,32869.9857,0.0101,0.0696,26157.9969,26161.6189,1775751952876727617
gestureclass,no_sharing_tpc,94.2364,59039.8881,32879.9687,32869.9857,0.0101,0.0696,26156.2784,26159.9195,1775751952876727617
gestureclass,no_sharing_tpc,94.6814,58594.9278,32879.9687,32869.9857,0.0101,0.0696,25711.3044,25714.9591,1775751952876727617
gestureclass,no_sharing_tpc,94.9928,58284.1215,32879.9687,32869.9857,0.0101,0.0696,25399.9317,25404.1528,1775751952876727617
gestureclass,no_sharing_tpc,95.0225,58254.4198,32879.9687,32869.9857,0.0101,0.0696,25370.1811,25374.4511,1775751952876727617
gestureclass,no_sharing_tpc,95.0292,58248.1334,32879.9687,32869.9857,0.0101,0.0696,25363.4593,25368.1647,1775751952876727617
gestureclass,no_sharing_tpc,95.1534,58124.028,32879.9687,32869.9857,0.0101,0.0696,25239.332,25244.0593,1775751952876727617
gestureclass,no_sharing_tpc,95.2709,58006.5401,32879.9687,32869.9857,0.0101,0.0696,25121.8281,25126.5714,1775751952876727617
gestureclass,no_sharing_tpc,95.3026,57975.4004,32879.9687,32869.9857,0.0101,0.0696,25090.1053,25095.4318,1775751952876727617
gestureclass,no_sharing_tpc,95.5264,57751.6394,32879.9687,32869.9857,0.0101,0.0696,24866.3218,24871.6707,1775751952876727617
gestureclass,no_sharing_tpc,95.5871,57691.3505,32879.9687,32869.9857,0.0101,0.0696,24805.5868,24811.3818,1775751952876727617
gestureclass,no_sharing_tpc,95.7099,57568.5513,32879.9687,32869.9857,0.0101,0.0696,24682.7669,24688.5826,1775751952876727617
gestureclass,no_sharing_tpc,96.1035,57175.0386,32879.9687,32869.9857,0.0101,0.0696,24289.238,24295.0699,1775751952876727617
gestureclass,no_sharing_tpc,96.2173,57061.2216,32879.9687,32869.9857,0.0101,0.0696,24175.4067,24181.2529,1775751952876727617
gestureclass,no_sharing_tpc,96.245,57033.5071,32879.9687,32869.9857,0.0101,0.0696,24147.6777,24153.5384,1775751952876727617
gestureclass,no_sharing_tpc,96.2727,57006.4995,32879.9687,32869.9857,0.0101,0.0696,24119.9584,24126.5309,1775751952876727617
gestureclass,no_sharing_tpc,96.4425,56836.7794,32879.9687,32869.9857,0.0101,0.0696,23950.2149,23956.8107,1775751952876727617
gestureclass,no_sharing_tpc,96.6217,56657.6355,32879.9687,32869.9857,0.0101,0.0696,23771.028,23777.6668,1775751952876727617
gestureclass,no_sharing_tpc,96.6436,56636.1666,32879.9687,32869.9857,0.0101,0.0696,23749.0804,23756.1979,1775751952876727617
gestureclass,no_sharing_tpc,97.2482,56031.5731,32879.9687,32869.9857,0.0101,0.0696,23144.4647,23151.6044,1775751952876727617
gestureclass,no_sharing_tpc,97.2972,55982.5833,32879.9687,32869.9857,0.0101,0.0696,23095.4583,23102.6146,1775751952876727617
gestureclass,no_sharing_tpc,97.428,55851.8012,32879.9687,32869.9857,0.0101,0.0696,22964.6614,22971.8325,1775751952876727617
gestureclass,no_sharing_tpc,97.9213,55359.2021,32879.9687,32869.9857,0.0101,0.0696,22471.3502,22479.2335,1775751952876727617
gestureclass,no_sharing_tpc,98.2406,55039.9697,32879.9687,32869.9857,0.0101,0.0696,22152.0946,22160.001,1775751952876727617
gestureclass,no_sharing_tpc,98.2443,55036.2477,32879.9687,32869.9857,0.0101,0.0696,22148.3574,22156.2791,1775751952876727617
gestureclass,no_sharing_tpc,98.749,54532.0995,32879.9687,32869.9857,0.0101,0.0696,21643.6894,21652.1308,1775751952876727617
gestureclass,no_sharing_tpc,98.7737,54507.4117,32879.9687,32869.9857,0.0101,0.0696,21618.9806,21627.443,1775751952876727617
gestureclass,no_sharing_tpc,98.7931,54488.0383,32879.9687,32869.9857,0.0101,0.0696,21599.5908,21608.0696,1775751952876727617
gestureclass,no_sharing_tpc,98.9025,54378.6178,32879.9687,32869.9857,0.0101,0.0696,21490.1567,21498.6491,1775751952876727617
gestureclass,no_sharing_tpc,98.9878,54293.3464,32879.9687,32869.9857,0.0101,0.0696,21404.87,21413.3777,1775751952876727617
gestureclass,no_sharing_tpc,99.3647,53917.3417,32879.9687,32869.9857,0.0101,0.0696,21028.0011,21037.373,1775751952876727617
gestureclass,no_sharing_tpc,100.0167,53265.3363,32879.9687,32869.9857,0.0101,0.0696,20375.9735,20385.3676,1775751952876727617
gestureclass,no_sharing_tpc,100.0805,53201.6044,32879.9687,32869.9857,0.0101,0.0696,20312.2251,20321.6357,1775751952876727617
gestureclass,no_sharing_tpc,100.1269,53155.6835,32879.9687,32869.9857,0.0101,0.0696,20265.7497,20275.7148,1775751952876727617
gestureclass,no_sharing_tpc,100.8184,52464.2832,32879.9687,32869.9857,0.0101,0.0696,19574.3284,19584.3146,1775751952876727617
gestureclass,no_sharing_tpc,100.8449,52437.7894,32879.9687,32869.9857,0.0101,0.0696,19547.8189,19557.8208,1775751952876727617
gestureclass,no_sharing_tpc,101.1223,52160.3477,32879.9687,32869.9857,0.0101,0.0696,19270.3629,19280.379,1775751952876727617
gestureclass,no_sharing_tpc,101.3055,51977.1578,32879.9687,32869.9857,0.0101,0.0696,19087.1596,19097.1892,1775751952876727617
gestureclass,no_sharing_tpc,101.5173,51765.3801,32879.9687,32869.9857,0.0101,0.0696,18875.3688,18885.4115,1775751952876727617
gestureclass,no_sharing_tpc,101.9342,51348.9826,32879.9687,32869.9857,0.0101,0.0696,18458.4453,18469.0139,1775751952876727617
gestureclass,no_sharing_tpc,102.0288,51254.4656,32879.9687,32869.9857,0.0101,0.0696,18363.9076,18374.4969,1775751952876727617
gestureclass,no_sharing_tpc,102.1873,51095.9857,32879.9687,32869.9857,0.0101,0.0696,18205.4117,18216.017,1775751952876727617
gestureclass,no_sharing_tpc,102.5428,50740.4962,32879.9687,32869.9857,0.0101,0.0696,17849.9074,17860.5275,1775751952876727617
gestureclass,no_sharing_tpc,102.5896,50693.938,32879.9687,32869.9857,0.0101,0.0696,17803.1332,17813.9693,1775751952876727617
gestureclass,no_sharing_tpc,102.6244,50659.1439,32879.9687,32869.9857,0.0101,0.0696,17768.3213,17779.1753,1775751952876727617
gestureclass,no_sharing_tpc,102.6469,50636.626,32879.9687,32869.9857,0.0101,0.0696,17745.7891,17756.6573,1775751952876727617
gestureclass,no_sharing_tpc,102.8184,50465.1244,32879.9687,32869.9857,0.0101,0.0696,17574.2731,17585.1557,1775751952876727617
gestureclass,no_sharing_tpc,102.8578,50425.7627,32879.9687,32869.9857,0.0101,0.0696,17534.8969,17545.794,1775751952876727617
gestureclass,no_sharing_tpc,102.8746,50409.0726,32879.9687,32869.9857,0.0101,0.0696,17518.0802,17529.104,1775751952876727617
heartrate,no_sharing_tpc,0.0002,684.7436,680.3069,327.2533,0.0037,352.2225,3.433,4.4367,1775751832487684692
heartrate,no_sharing_tpc,0.0339,2259.1705,1607.2106,202.9068,0.0014,280.7981,650.8,651.96,1775751833168714489
heartrate,no_sharing_tpc,0.051,2242.1198,1607.2106,202.9068,0.0014,280.7981,633.7256,634.9092,1775751833168714489
heartrate,no_sharing_tpc,0.0619,2231.6756,1607.2106,202.9068,0.0014,280.7981,622.7787,624.4651,1775751833168714489
heartrate,no_sharing_tpc,0.3005,1993.1428,1607.2106,202.9068,0.0014,280.7981,384.2261,385.9323,1775751833168714489
heartrate,no_sharing_tpc,0.611,1682.6401,1607.2106,202.9068,0.0014,280.7981,73.6909,75.4295,1775751833168714489
heartrate,no_sharing_tpc,0.6912,3994.411,2390.8724,321.8018,0.0018,295.5322,1602.1793,1603.5386,1775751834777382737
heartrate,no_sharing_tpc,0.9603,3726.1755,2390.8724,321.8018,0.0018,295.5322,1333.0519,1335.3032,1775751834777382737
heartrate,no_sharing_tpc,0.9837,3702.8177,2390.8724,321.8018,0.0018,295.5322,1309.6547,1311.9453,1775751834777382737
heartrate,no_sharing_tpc,1.1983,3488.2658,2390.8724,321.8018,0.0018,295.5322,1095.0723,1097.3934,1775751834777382737
heartrate,no_sharing_tpc,1.3067,3380.2264,2390.8724,321.8018,0.0018,295.5322,986.6395,989.354,1775751834777382737
heartrate,no_sharing_tpc,1.516,3171.0792,2390.8724,321.8018,0.0018,295.5322,777.3874,780.2068,1775751834777382737
heartrate,no_sharing_tpc,2.1981,2488.9226,2390.8724,321.8018,0.0018,295.5322,95.202,98.0502,1775751834777382737
heartrate,no_sharing_tpc,2.3438,2757.7584,414.1146,396.4934,0.0035,1.4303,2342.4139,2343.6438,1775751837170267791
heartrate,no_sharing_tpc,2.593,2509.4514,414.1146,396.4934,0.0035,1.4303,2093.2152,2095.3368,1775751837170267791
heartrate,no_sharing_tpc,2.8088,2293.71,414.1146,396.4934,0.0035,1.4303,1877.4362,1879.5954,1775751837170267791
heartrate,no_sharing_tpc,2.8088,2294.3501,414.1146,396.4934,0.0035,1.4303,1877.4185,1880.2356,1775751837170267791
heartrate,no_sharing_tpc,2.8533,2250.3624,414.1146,396.4934,0.0035,1.4303,1832.8898,1836.2478,1775751837170267791
heartrate,no_sharing_tpc,2.9291,2174.6156,414.1146,396.4934,0.0035,1.4303,1757.1034,1760.5011,1775751837170267791
heartrate,no_sharing_tpc,3.1162,1987.5903,414.1146,396.4934,0.0035,1.4303,1570.0483,1573.4757,1775751837170267791
heartrate,no_sharing_tpc,3.253,1851.3191,414.1146,396.4934,0.0035,1.4303,1433.1875,1437.2045,1775751837170267791
heartrate,no_sharing_tpc,3.9026,1201.7708,414.1146,396.4934,0.0035,1.4303,783.618,787.6562,1775751837170267791
heartrate,no_sharing_tpc,4.0863,1018.1193,414.1146,396.4934,0.0035,1.4303,599.9,604.0048,1775751837170267791
heartrate,no_sharing_tpc,4.4021,702.3225,414.1146,396.4934,0.0035,1.4303,284.0889,288.2079,1775751837170267791
heartrate,no_sharing_tpc,4.4439,660.6157,414.1146,396.4934,0.0035,1.4303,242.3689,246.5011,1775751837170267791
heartrate,no_sharing_tpc,4.8629,5341.4638,5099.6913,3891.5543,0.0094,301.9134,240.2172,241.7725,1775751837587177685
heartrate,no_sharing_tpc,4.8686,5336.0279,5099.6913,3891.5543,0.0094,301.9134,234.5521,236.3366,1775751837587177685
heartrate,no_sharing_tpc,4.9813,5223.6967,5099.6913,3891.5543,0.0094,301.9134,121.8169,124.0054,1775751837587177685
heartrate,no_sharing_tpc,5.0461,5158.9406,5099.6913,3891.5543,0.0094,301.9134,57.0376,59.2493,1775751837587177685
heartrate,no_sharing_tpc,5.3581,14768.914,9920.1963,963.5286,0.0016,308.8354,4846.9424,4848.7177,1775751842689040035
heartrate,no_sharing_tpc,5.4279,14699.1541,9920.1963,963.5286,0.0016,308.8354,4777.1406,4778.9578,1775751842689040035
heartrate,no_sharing_tpc,5.5436,14584.4324,9920.1963,963.5286,0.0016,308.8354,4661.3879,4664.2361,1775751842689040035
heartrate,no_sharing_tpc,5.6468,14481.3361,9920.1963,963.5286,0.0016,308.8354,4558.2516,4561.1398,1775751842689040035
heartrate,no_sharing_tpc,5.6832,14445.363,9920.1963,963.5286,0.0016,308.8354,4521.7566,4525.1667,1775751842689040035
heartrate,no_sharing_tpc,6.1026,14026.5546,9920.1963,963.5286,0.0016,308.8354,4102.3767,4106.3583,1775751842689040035
heartrate,no_sharing_tpc,6.5798,13549.3798,9920.1963,963.5286,0.0016,308.8354,3625.164,3629.1835,1775751842689040035
heartrate,no_sharing_tpc,6.5799,13549.8784,9920.1963,963.5286,0.0016,308.8354,3625.1342,3629.6821,1775751842689040035
heartrate,no_sharing_tpc,6.5799,13549.906,9920.1963,963.5286,0.0016,308.8354,3625.1259,3629.7097,1775751842689040035
heartrate,no_sharing_tpc,6.6518,13478.596,9920.1963,963.5286,0.0016,308.8354,3553.2529,3558.3997,1775751842689040035
heartrate,no_sharing_tpc,6.7254,13405.0014,9920.1963,963.5286,0.0016,308.8354,3479.6221,3484.8051,1775751842689040035
heartrate,no_sharing_tpc,6.848,13283.0489,9920.1963,963.5286,0.0016,308.8354,3356.9589,3362.8526,1775751842689040035
heartrate,no_sharing_tpc,6.8593,13271.8811,9920.1963,963.5286,0.0016,308.8354,3345.7558,3351.6848,1775751842689040035
heartrate,no_sharing_tpc,7.0378,13094.0795,9920.1963,963.5286,0.0016,308.8354,3167.2411,3173.8832,1775751842689040035
heartrate,no_sharing_tpc,7.0465,13085.4237,9920.1963,963.5286,0.0016,308.8354,3158.5472,3165.2274,1775751842689040035
heartrate,no_sharing_tpc,7.228,12903.9042,9920.1963,963.5286,0.0016,308.8354,2977.0017,2983.7079,1775751842689040035
heartrate,no_sharing_tpc,7.6891,12443.5179,9920.1963,963.5286,0.0016,308.8354,2515.9109,2523.3216,1775751842689040035
heartrate,no_sharing_tpc,7.7175,12415.1793,9920.1963,963.5286,0.0016,308.8354,2487.5364,2494.9829,1775751842689040035
heartrate,no_sharing_tpc,7.7398,12392.8366,9920.1963,963.5286,0.0016,308.8354,2465.1668,2472.6403,1775751842689040035
heartrate,no_sharing_tpc,7.8265,12306.8516,9920.1963,963.5286,0.0016,308.8354,2378.4688,2386.6553,1775751842689040035
heartrate,no_sharing_tpc,8.0897,12043.7415,9920.1963,963.5286,0.0016,308.8354,2115.3195,2123.5452,1775751842689040035
heartrate,no_sharing_tpc,8.3519,11781.5521,9920.1963,963.5286,0.0016,308.8354,1853.101,1861.3558,1775751842689040035
heartrate,no_sharing_tpc,8.3874,11746.6519,9920.1963,963.5286,0.0016,308.8354,1817.6527,1826.4556,1775751842689040035
heartrate,no_sharing_tpc,8.3874,11746.6412,9920.1963,963.5286,0.0016,308.8354,1817.6191,1826.4449,1775751842689040035
heartrate,no_sharing_tpc,9.1566,10977.4482,9920.1963,963.5286,0.0016,308.8354,1048.4111,1057.2519,1775751842689040035
heartrate,no_sharing_tpc,9.4337,10700.4962,9920.1963,963.5286,0.0016,308.8354,771.2879,780.2999,1775751842689040035
heartrate,no_sharing_tpc,9.6172,10517.0636,9920.1963,963.5286,0.0016,308.8354,587.8375,596.8673,1775751842689040035
heartrate,no_sharing_tpc,9.7716,10362.6392,9920.1963,963.5286,0.0016,308.8354,433.3982,442.4429,1775751842689040035
heartrate,no_sharing_tpc,10.0295,10104.8026,9920.1963,963.5286,0.0016,308.8354,175.5114,184.6063,1775751842689040035
heartrate,no_sharing_tpc,10.2172,24513.3362,14594.1672,185.7154,0.0041,335.0449,9916.8763,9919.169,1775751852618091074
heartrate,no_sharing_tpc,10.5425,24188.0212,14594.1672,185.7154,0.0041,335.0449,9591.521,9593.854,1775751852618091074
heartrate,no_sharing_tpc,10.693,24037.9364,14594.1672,185.7154,0.0041,335.0449,9441.041,9443.7693,1775751852618091074
heartrate,no_sharing_tpc,10.7033,24028.1618,14594.1672,185.7154,0.0041,335.0449,9430.7334,9433.9946,1775751852618091074
heartrate,no_sharing_tpc,10.721,24011.0273,14594.1672,185.7154,0.0041,335.0449,9413.0538,9416.8602,1775751852618091074
heartrate,no_sharing_tpc,11.0642,23667.9177,14594.1672,185.7154,0.0041,335.0449,9069.9069,9073.7505,1775751852618091074
heartrate,no_sharing_tpc,11.2544,23478.1899,14594.1672,185.7154,0.0041,335.0449,8879.6456,8884.0228,1775751852618091074
heartrate,no_sharing_tpc,11.5548,23177.865,14594.1672,185.7154,0.0041,335.0449,8579.2828,8583.6978,1775751852618091074
heartrate,no_sharing_tpc,11.6242,23109.0968,14594.1672,185.7154,0.0041,335.0449,8509.9037,8514.9296,1775751852618091074
heartrate,no_sharing_tpc,11.9563,22776.9818,14594.1672,185.7154,0.0041,335.0449,8177.7539,8182.8146,1775751852618091074
heartrate,no_sharing_tpc,11.992,22742.0242,14594.1672,185.7154,0.0041,335.0449,8142.0734,8147.857,1775751852618091074
heartrate,no_sharing_tpc,12.401,22333.0626,14594.1672,185.7154,0.0041,335.0449,7733.0723,7738.8955,1775751852618091074
heartrate,no_sharing_tpc,12.4944,22240.3364,14594.1672,185.7154,0.0041,335.0449,7639.6198,7646.1692,1775751852618091074
heartrate,no_sharing_tpc,13.0625,21672.3135,14594.1672,185.7154,0.0041,335.0449,7071.5597,7078.1463,1775751852618091074
heartrate,no_sharing_tpc,13.1411,21593.7538,14594.1672,185.7154,0.0041,335.0449,6992.9698,6999.5866,1775751852618091074
heartrate,no_sharing_tpc,13.3264,21409.2462,14594.1672,185.7154,0.0041,335.0449,6807.7037,6815.079,1775751852618091074
heartrate,no_sharing_tpc,14.0828,20652.8373,14594.1672,185.7154,0.0041,335.0449,6051.2571,6058.6701,1775751852618091074
heartrate,no_sharing_tpc,14.2411,20494.5335,14594.1672,185.7154,0.0041,335.0449,5892.925,5900.3664,1775751852618091074
heartrate,no_sharing_tpc,15.1079,19628.5958,14594.1672,185.7154,0.0041,335.0449,5026.1812,5034.4286,1775751852618091074
heartrate,no_sharing_tpc,15.2485,19488.0159,14594.1672,185.7154,0.0041,335.0449,4885.5388,4893.8487,1775751852618091074
heartrate,no_sharing_tpc,15.4559,19280.6983,14594.1672,185.7154,0.0041,335.0449,4678.1929,4686.5311,1775751852618091074
heartrate,no_sharing_tpc,15.7956,18941.8893,14594.1672,185.7154,0.0041,335.0449,4338.4511,4347.7221,1775751852618091074
heartrate,no_sharing_tpc,16.1888,18548.7611,14594.1672,185.7154,0.0041,335.0449,3945.2868,3954.5939,1775751852618091074
heartrate,no_sharing_tpc,16.4117,18325.8595,14594.1672,185.7154,0.0041,335.0449,3722.3556,3731.6924,1775751852618091074
heartrate,no_sharing_tpc,16.6401,18098.2857,14594.1672,185.7154,0.0041,335.0449,3493.9258,3504.1185,1775751852618091074
heartrate,no_sharing_tpc,16.7215,18016.943,14594.1672,185.7154,0.0041,335.0449,3412.5476,3422.7758,1775751852618091074
heartrate,no_sharing_tpc,17.0622,17676.3215,14594.1672,185.7154,0.0041,335.0449,3071.8987,3082.1543,1775751852618091074
heartrate,no_sharing_tpc,17.179,17559.5548,14594.1672,185.7154,0.0041,335.0449,2955.1051,2965.3876,1775751852618091074
heartrate,no_sharing_tpc,17.5034,17235.8203,14594.1672,185.7154,0.0041,335.0449,2630.6779,2641.6531,1775751852618091074
heartrate,no_sharing_tpc,17.5465,17192.7416,14594.1672,185.7154,0.0041,335.0449,2587.5647,2598.5744,1775751852618091074
heartrate,no_sharing_tpc,17.7618,16977.4985,14594.1672,185.7154,0.0041,335.0449,2372.2954,2383.3313,1775751852618091074
heartrate,no_sharing_tpc,17.9897,16749.5618,14594.1672,185.7154,0.0041,335.0449,2144.3317,2155.3946,1775751852618091074
heartrate,no_sharing_tpc,18.1384,16601.7458,14594.1672,185.7154,0.0041,335.0449,1995.6167,2007.5787,1775751852618091074
heartrate,no_sharing_tpc,18.2025,16537.6763,14594.1672,185.7154,0.0041,335.0449,1931.5095,1943.5092,1775751852618091074
heartrate,no_sharing_tpc,18.2925,16448.2391,14594.1672,185.7154,0.0041,335.0449,1841.5082,1854.0719,1775751852618091074
heartrate,no_sharing_tpc,18.3668,16374.0389,14594.1672,185.7154,0.0041,335.0449,1767.2622,1779.8718,1775751852618091074
heartrate,no_sharing_tpc,18.4318,16309.0937,14594.1672,185.7154,0.0041,335.0449,1702.3013,1714.9265,1775751852618091074
heartrate,no_sharing_tpc,18.8499,15890.9602,14594.1672,185.7154,0.0041,335.0449,1284.1549,1296.793,1775751852618091074
heartrate,no_sharing_tpc,19.4022,15338.6908,14594.1672,185.7154,0.0041,335.0449,731.873,744.5236,1775751852618091074
heartrate,no_sharing_tpc,19.693,15048.0564,14594.1672,185.7154,0.0041,335.0449,441.0362,453.8892,1775751852618091074
heartrate,no_sharing_tpc,19.9005,14840.6353,14594.1672,185.7154,0.0041,335.0449,233.597,246.4681,1775751852618091074
heartrate,no_sharing_tpc,19.9452,14795.9375,14594.1672,185.7154,0.0041,335.0449,188.8859,201.7704,1775751852618091074
heartrate,no_sharing_tpc,20.0751,14666.1294,14594.1672,185.7154,0.0041,335.0449,58.9573,71.9622,1775751852618091074
heartrate,no_sharing_tpc,21.0765,13915.571,249.6524,242.6069,0.003,0.1055,13664.3302,13665.9186,1775751867224900662
heartrate,no_sharing_tpc,21.347,13645.1273,249.6524,242.6069,0.003,0.1055,13393.8625,13395.4749,1775751867224900662
heartrate,no_sharing_tpc,21.4537,13538.8386,249.6524,242.6069,0.003,0.1055,13287.1366,13289.1863,1775751867224900662
heartrate,no_sharing_tpc,21.7007,13292.3205,249.6524,242.6069,0.003,0.1055,13040.2021,13042.6681,1775751867224900662
heartrate,no_sharing_tpc,21.9086,13084.4069,249.6524,242.6069,0.003,0.1055,12832.2659,12834.7545,1775751867224900662
heartrate,no_sharing_tpc,22.2288,12764.184,249.6524,242.6069,0.003,0.1055,12512.0258,12514.5316,1775751867224900662
heartrate,no_sharing_tpc,22.6203,12373.137,249.6524,242.6069,0.003,0.1055,12120.5571,12123.4846,1775751867224900662
heartrate,no_sharing_tpc,23.047,11946.4803,249.6524,242.6069,0.003,0.1055,11693.8708,11696.8279,1775751867224900662
heartrate,no_sharing_tpc,23.8217,11172.5786,249.6524,242.6069,0.003,0.1055,10919.1458,10922.9262,1775751867224900662
heartrate,no_sharing_tpc,23.8601,11134.2378,249.6524,242.6069,0.003,0.1055,10880.7702,10884.5854,1775751867224900662
heartrate,no_sharing_tpc,23.9664,11027.9508,249.6524,242.6069,0.003,0.1055,10774.456,10778.2984,1775751867224900662
heartrate,no_sharing_tpc,24.0311,10963.8979,249.6524,242.6069,0.003,0.1055,10709.7752,10714.2456,1775751867224900662
heartrate,no_sharing_tpc,24.2407,10754.3232,249.6524,242.6069,0.003,0.1055,10500.1791,10504.6709,1775751867224900662
heartrate,no_sharing_tpc,24.3334,10661.6125,249.6524,242.6069,0.003,0.1055,10407.4538,10411.9601,1775751867224900662
heartrate,no_sharing_tpc,24.4816,10514.1671,249.6524,242.6069,0.003,0.1055,10259.3012,10264.5147,1775751867224900662
heartrate,no_sharing_tpc,24.5943,10401.4068,249.6524,242.6069,0.003,0.1055,10146.5199,10151.7544,1775751867224900662
heartrate,no_sharing_tpc,25.3754,9620.3859,249.6524,242.6069,0.003,0.1055,9365.483,9370.7335,1775751867224900662
heartrate,no_sharing_tpc,25.4803,9515.5327,249.6524,242.6069,0.003,0.1055,9260.6165,9265.8804,1775751867224900662
heartrate,no_sharing_tpc,25.553,9443.7621,249.6524,242.6069,0.003,0.1055,9187.9082,9194.1097,1775751867224900662
heartrate,no_sharing_tpc,26.036,8960.6969,249.6524,242.6069,0.003,0.1055,8704.8213,8711.0446,1775751867224900662
heartrate,no_sharing_tpc,26.1127,8884.0108,249.6524,242.6069,0.003,0.1055,8628.1195,8634.3584,1775751867224900662
heartrate,no_sharing_tpc,26.8104,8186.368,249.6524,242.6069,0.003,0.1055,7930.4616,7936.7156,1775751867224900662
heartrate,no_sharing_tpc,27.176,7821.573,249.6524,242.6069,0.003,0.1055,7564.8646,7571.9206,1775751867224900662
heartrate,no_sharing_tpc,27.6875,7310.1444,249.6524,242.6069,0.003,0.1055,7053.4146,7060.4921,1775751867224900662
heartrate,no_sharing_tpc,28.085,6912.6263,249.6524,242.6069,0.003,0.1055,6655.8816,6662.9739,1775751867224900662
heartrate,no_sharing_tpc,28.2906,6706.9964,249.6524,242.6069,0.003,0.1055,6450.2296,6457.3441,1775751867224900662
heartrate,no_sharing_tpc,28.3268,6670.9042,249.6524,242.6069,0.003,0.1055,6414.1133,6421.2518,1775751867224900662
heartrate,no_sharing_tpc,28.3943,6603.4083,249.6524,242.6069,0.003,0.1055,6346.5934,6353.756,1775751867224900662
heartrate,no_sharing_tpc,28.6145,6383.2777,249.6524,242.6069,0.003,0.1055,6126.3943,6133.6253,1775751867224900662
heartrate,no_sharing_tpc,28.6171,6380.6741,249.6524,242.6069,0.003,0.1055,6123.7657,6131.0218,1775751867224900662
heartrate,no_sharing_tpc,28.6495,6348.3415,249.6524,242.6069,0.003,0.1055,6091.409,6098.6891,1775751867224900662
heartrate,no_sharing_tpc,28.8659,6132.8039,249.6524,242.6069,0.003,0.1055,5874.9828,5883.1515,1775751867224900662
heartrate,no_sharing_tpc,28.8833,6115.4201,249.6524,242.6069,0.003,0.1055,5857.5776,5865.7677,1775751867224900662
heartrate,no_sharing_tpc,28.9781,6020.6678,249.6524,242.6069,0.003,0.1055,5762.8098,5771.0154,1775751867224900662
heartrate,no_sharing_tpc,29.641,5357.7559,249.6524,242.6069,0.003,0.1055,5099.885,5108.1035,1775751867224900662
heartrate,no_sharing_tpc,29.6666,5332.1054,249.6524,242.6069,0.003,0.1055,5074.2214,5082.453,1775751867224900662
heartrate,no_sharing_tpc,29.7496,5249.1646,249.6524,242.6069,0.003,0.1055,4991.2672,4999.5122,1775751867224900662
heartrate,no_sharing_tpc,30.0195,4979.9719,249.6524,242.6069,0.003,0.1055,4721.334,4730.3195,1775751867224900662
heartrate,no_sharing_tpc,30.3118,4687.691,249.6524,242.6069,0.003,0.1055,4429.033,4438.0386,1775751867224900662
heartrate,no_sharing_tpc,30.6782,4321.3756,249.6524,242.6069,0.003,0.1055,4062.7017,4071.7232,1775751867224900662
heartrate,no_sharing_tpc,30.8242,4175.3843,249.6524,242.6069,0.003,0.1055,3916.6961,3925.7319,1775751867224900662
heartrate,no_sharing_tpc,30.964,4035.6097,249.6524,242.6069,0.003,0.1055,3776.9079,3785.9574,1775751867224900662
heartrate,no_sharing_tpc,31.0544,3945.2255,249.6524,242.6069,0.003,0.1055,3686.5101,3695.5731,1775751867224900662
heartrate,no_sharing_tpc,31.5766,3422.9951,249.6524,242.6069,0.003,0.1055,3164.2668,3173.3427,1775751867224900662
heartrate,no_sharing_tpc,31.6933,3306.3259,249.6524,242.6069,0.003,0.1055,3047.5848,3056.6735,1775751867224900662
heartrate,no_sharing_tpc,31.7742,3225.9011,249.6524,242.6069,0.003,0.1055,2966.64,2976.2488,1775751867224900662
heartrate,no_sharing_tpc,31.7889,3211.2186,249.6524,242.6069,0.003,0.1055,2951.9382,2961.5662,1775751867224900662
heartrate,no_sharing_tpc,31.9637,3036.4268,249.6524,242.6069,0.003,0.1055,2777.1308,2786.7744,1775751867224900662
heartrate,no_sharing_tpc,32.0611,2939.086,249.6524,242.6069,0.003,0.1055,2679.7545,2689.4336,1775751867224900662
heartrate,no_sharing_tpc,32.1035,2896.6761,249.6524,242.6069,0.003,0.1055,2637.3305,2647.0237,1775751867224900662
heartrate,no_sharing_tpc,32.294,2706.1889,249.6524,242.6069,0.003,0.1055,2446.8303,2456.5365,1775751867224900662
heartrate,no_sharing_tpc,32.8296,2170.5933,249.6524,242.6069,0.003,0.1055,1911.2222,1920.9409,1775751867224900662
heartrate,no_sharing_tpc,32.9699,2030.3752,249.6524,242.6069,0.003,0.1055,1770.921,1780.7229,1775751867224900662
heartrate,no_sharing_tpc,33.3138,1686.559,249.6524,242.6069,0.003,0.1055,1427.0892,1436.9066,1775751867224900662
heartrate,no_sharing_tpc,33.7867,1213.6712,249.6524,242.6069,0.003,0.1055,954.1886,964.0188,1775751867224900662
heartrate,no_sharing_tpc,34.2016,798.7704,249.6524,242.6069,0.003,0.1055,539.2754,549.1181,1775751867224900662
heartrate,no_sharing_tpc,34.5807,419.6908,249.6524,242.6069,0.003,0.1055,160.1834,170.0385,1775751867224900662
heartrate,no_sharing_tpc,34.6162,384.2289,249.6524,242.6069,0.003,0.1055,124.7101,134.5766,1775751867224900662
heartrate,no_sharing_tpc,34.7411,20144.3856,19886.0975,19257.3891,0.0113,314.1129,257.2951,258.2881,1775751867482458382
heartrate,no_sharing_tpc,34.8126,20073.0259,19886.0975,19257.3891,0.0113,314.1129,185.8537,186.9285,1775751867482458382
heartrate,no_sharing_tpc,35.3317,19967.4051,410.9949,403.2016,0.0019,0.0694,19555.2766,19556.4102,1775751887370998322
heartrate,no_sharing_tpc,35.4054,19893.7294,410.9949,403.2016,0.0019,0.0694,19481.5831,19482.7345,1775751887370998322
heartrate,no_sharing_tpc,35.5083,19791.0404,410.9949,403.2016,0.0019,0.0694,19378.7091,19380.0455,1775751887370998322
heartrate,no_sharing_tpc,36.0707,19228.6789,410.9949,403.2016,0.0019,0.0694,18816.2146,18817.684,1775751887370998322
heartrate,no_sharing_tpc,36.2582,19041.2612,410.9949,403.2016,0.0019,0.0694,18628.7873,18630.2663,1775751887370998322
heartrate,no_sharing_tpc,36.3015,18998.0104,410.9949,403.2016,0.0019,0.0694,18585.4254,18587.0155,1775751887370998322
heartrate,no_sharing_tpc,36.4438,18855.8459,410.9949,403.2016,0.0019,0.0694,18443.1269,18444.851,1775751887370998322
heartrate,no_sharing_tpc,36.627,18672.8163,410.9949,403.2016,0.0019,0.0694,18259.9742,18261.8213,1775751887370998322
heartrate,no_sharing_tpc,36.6476,18652.4961,410.9949,403.2016,0.0019,0.0694,18239.3157,18241.5012,1775751887370998322
heartrate,no_sharing_tpc,36.7083,18592.2644,410.9949,403.2016,0.0019,0.0694,18178.643,18181.2695,1775751887370998322
heartrate,no_sharing_tpc,36.7374,18563.1545,410.9949,403.2016,0.0019,0.0694,18149.5223,18152.1595,1775751887370998322
heartrate,no_sharing_tpc,36.9197,18380.9578,410.9949,403.2016,0.0019,0.0694,17967.2699,17969.9629,1775751887370998322
heartrate,no_sharing_tpc,37.2312,18069.4323,410.9949,403.2016,0.0019,0.0694,17655.7286,17658.4373,1775751887370998322
heartrate,no_sharing_tpc,37.3776,17923.2917,410.9949,403.2016,0.0019,0.0694,17509.3906,17512.2968,1775751887370998322
heartrate,no_sharing_tpc,37.6867,17614.3162,410.9949,403.2016,0.0019,0.0694,17200.2897,17203.3213,1775751887370998322
heartrate,no_sharing_tpc,38.1978,17103.25,410.9949,403.2016,0.0019,0.0694,16689.1227,16692.2551,1775751887370998322
heartrate,no_sharing_tpc,38.5184,16782.7494,410.9949,403.2016,0.0019,0.0694,16368.5462,16371.7545,1775751887370998322
heartrate,no_sharing_tpc,38.5201,16781.1141,410.9949,403.2016,0.0019,0.0694,16366.8833,16370.1192,1775751887370998322
heartrate,no_sharing_tpc,38.6808,16620.4643,410.9949,403.2016,0.0019,0.0694,16206.1191,16209.4694,1775751887370998322
heartrate,no_sharing_tpc,38.8814,16420.054,410.9949,403.2016,0.0019,0.0694,16005.6019,16009.059,1775751887370998322
heartrate,no_sharing_tpc,38.937,16364.5606,410.9949,403.2016,0.0019,0.0694,15949.9929,15953.5657,1775751887370998322
heartrate,no_sharing_tpc,38.9953,16306.4208,410.9949,403.2016,0.0019,0.0694,15891.6175,15895.4259,1775751887370998322
heartrate,no_sharing_tpc,39.1165,16185.3437,410.9949,403.2016,0.0019,0.0694,15770.4508,15774.3488,1775751887370998322
heartrate,no_sharing_tpc,39.1362,16165.7875,410.9949,403.2016,0.0019,0.0694,15750.757,15754.7925,1775751887370998322
heartrate,no_sharing_tpc,39.7088,15593.3011,410.9949,403.2016,0.0019,0.0694,15178.1976,15182.3061,1775751887370998322
heartrate,no_sharing_tpc,40.5603,14741.9434,410.9949,403.2016,0.0019,0.0694,14326.6695,14330.9484,1775751887370998322
heartrate,no_sharing_tpc,40.9518,14350.5733,410.9949,403.2016,0.0019,0.0694,13935.1909,13939.5784,1775751887370998322
heartrate,no_sharing_tpc,41.154,14148.4716,410.9949,403.2016,0.0019,0.0694,13732.9597,13737.4767,1775751887370998322
heartrate,no_sharing_tpc,41.2124,14090.2185,410.9949,403.2016,0.0019,0.0694,13674.6054,13679.2236,1775751887370998322
heartrate,no_sharing_tpc,41.223,14079.8109,410.9949,403.2016,0.0019,0.0694,13663.9156,13668.8159,1775751887370998322
heartrate,no_sharing_tpc,41.6486,13654.2304,410.9949,403.2016,0.0019,0.0694,13238.3249,13243.2354,1775751887370998322
heartrate,no_sharing_tpc,41.8704,13432.5886,410.9949,403.2016,0.0019,0.0694,13016.5429,13021.5936,1775751887370998322
heartrate,no_sharing_tpc,42.2987,13004.4618,410.9949,403.2016,0.0019,0.0694,12588.3081,12593.4668,1775751887370998322
heartrate,no_sharing_tpc,42.8313,12471.9102,410.9949,403.2016,0.0019,0.0694,12055.6424,12060.9153,1775751887370998322
heartrate,no_sharing_tpc,42.8314,12472.0132,410.9949,403.2016,0.0019,0.0694,12055.6087,12061.0183,1775751887370998322
heartrate,no_sharing_tpc,43.1722,12131.3126,410.9949,403.2016,0.0019,0.0694,11714.8097,11720.3177,1775751887370998322
heartrate,no_sharing_tpc,43.5534,11750.155,410.9949,403.2016,0.0019,0.0694,11333.5164,11339.16,1775751887370998322
heartrate,no_sharing_tpc,43.6279,11675.9763,410.9949,403.2016,0.0019,0.0694,11259.0461,11264.9813,1775751887370998322
heartrate,no_sharing_tpc,43.6799,11623.987,410.9949,403.2016,0.0019,0.0694,11207.0465,11212.992,1775751887370998322
heartrate,no_sharing_tpc,43.8827,11421.4439,410.9949,403.2016,0.0019,0.0694,11004.2825,11010.449,1775751887370998322
heartrate,no_sharing_tpc,44.1556,11148.6404,410.9949,403.2016,0.0019,0.0694,10731.3738,10737.6455,1775751887370998322
heartrate,no_sharing_tpc,44.3753,10929.1058,410.9949,403.2016,0.0019,0.0694,10511.7054,10518.1108,1775751887370998322
heartrate,no_sharing_tpc,44.3769,10927.5949,410.9949,403.2016,0.0019,0.0694,10510.0877,10516.6,1775751887370998322
heartrate,no_sharing_tpc,45.0394,10265.2647,410.9949,403.2016,0.0019,0.0694,9847.5931,9854.2698,1775751887370998322
heartrate,no_sharing_tpc,45.6392,9665.5805,410.9949,403.2016,0.0019,0.0694,9247.8025,9254.5856,1775751887370998322
heartrate,no_sharing_tpc,45.6928,9611.9914,410.9949,403.2016,0.0019,0.0694,9194.128,9200.9965,1775751887370998322
heartrate,no_sharing_tpc,45.7375,9567.4179,410.9949,403.2016,0.0019,0.0694,9149.4391,9156.4229,1775751887370998322
heartrate,no_sharing_tpc,45.8896,9415.6303,410.9949,403.2016,0.0019,0.0694,8997.4141,9004.6354,1775751887370998322
heartrate,no_sharing_tpc,46.0332,9272.1074,410.9949,403.2016,0.0019,0.0694,8853.8039,8861.1124,1775751887370998322
heartrate,no_sharing_tpc,46.0478,9257.5457,410.9949,403.2016,0.0019,0.0694,8839.1292,8846.5508,1775751887370998322
heartrate,no_sharing_tpc,46.183,9122.4864,410.9949,403.2016,0.0019,0.0694,8703.9514,8711.4914,1775751887370998322
heartrate,no_sharing_tpc,46.2667,9038.8939,410.9949,403.2016,0.0019,0.0694,8620.2464,8627.899,1775751887370998322
heartrate,no_sharing_tpc,46.4991,8807.1277,410.9949,403.2016,0.0019,0.0694,8387.9077,8396.1328,1775751887370998322
heartrate,no_sharing_tpc,46.7892,8517.0994,410.9949,403.2016,0.0019,0.0694,8097.7499,8106.1045,1775751887370998322
heartrate,no_sharing_tpc,46.854,8452.4331,410.9949,403.2016,0.0019,0.0694,8032.9833,8041.4382,1775751887370998322
heartrate,no_sharing_tpc,46.901,8405.6315,410.9949,403.2016,0.0019,0.0694,7985.9962,7994.6366,1775751887370998322
heartrate,no_sharing_tpc,47.031,8275.7394,410.9949,403.2016,0.0019,0.0694,7855.9756,7864.7445,1775751887370998322
heartrate,no_sharing_tpc,47.3575,7949.399,410.9949,403.2016,0.0019,0.0694,7529.4893,7538.4041,1775751887370998322
heartrate,no_sharing_tpc,47.635,7671.9716,410.9949,403.2016,0.0019,0.0694,7251.9751,7260.9766,1775751887370998322
heartrate,no_sharing_tpc,47.8057,7501.3146,410.9949,403.2016,0.0019,0.0694,7081.2216,7090.3197,1775751887370998322
heartrate,no_sharing_tpc,47.8166,7490.6056,410.9949,403.2016,0.0019,0.0694,7070.3511,7079.6107,1775751887370998322
heartrate,no_sharing_tpc,47.9307,7376.6866,410.9949,403.2016,0.0019,0.0694,6956.3048,6965.6916,1775751887370998322
heartrate,no_sharing_tpc,48.1094,7198.0605,410.9949,403.2016,0.0019,0.0694,6777.5829,6787.0656,1775751887370998322
heartrate,no_sharing_tpc,48.1785,7129.1919,410.9949,403.2016,0.0019,0.0694,6708.499,6718.1969,1775751887370998322
heartrate,no_sharing_tpc,48.532,6775.7516,410.9949,403.2016,0.0019,0.0694,6354.9895,6364.7567,1775751887370998322
heartrate,no_sharing_tpc,48.6663,6641.5777,410.9949,403.2016,0.0019,0.0694,6220.6378,6230.5828,1775751887370998322
heartrate,no_sharing_tpc,48.7807,6527.2608,410.9949,403.2016,0.0019,0.0694,6106.2243,6116.2659,1775751887370998322
heartrate,no_sharing_tpc,48.7874,6520.7324,410.9949,403.2016,0.0019,0.0694,6099.5402,6109.7375,1775751887370998322
heartrate,no_sharing_tpc,49.0814,6226.8872,410.9949,403.2016,0.0019,0.0694,5805.5737,5815.8923,1775751887370998322
heartrate,no_sharing_tpc,49.1039,6204.4928,410.9949,403.2016,0.0019,0.0694,5783.0577,5793.4979,1775751887370998322
heartrate,no_sharing_tpc,49.1302,6178.3361,410.9949,403.2016,0.0019,0.0694,5756.788,5767.3412,1775751887370998322
heartrate,no_sharing_tpc,49.4378,5870.7738,410.9949,403.2016,0.0019,0.0694,5449.1289,5459.7789,1775751887370998322
heartrate,no_sharing_tpc,49.8456,5463.129,410.9949,403.2016,0.0019,0.0694,5041.3527,5052.1341,1775751887370998322
heartrate,no_sharing_tpc,50.02,5288.9907,410.9949,403.2016,0.0019,0.0694,4866.9896,4877.9958,1775751887370998322
heartrate,no_sharing_tpc,50.4719,4837.1487,410.9949,403.2016,0.0019,0.0694,4415.0331,4426.1537,1775751887370998322
heartrate,no_sharing_tpc,50.778,4531.1513,410.9949,403.2016,0.0019,0.0694,4108.9318,4120.1564,1775751887370998322
heartrate,no_sharing_tpc,50.8782,4431.2093,410.9949,403.2016,0.0019,0.0694,4008.8084,4020.2144,1775751887370998322
heartrate,no_sharing_tpc,50.8871,4422.3883,410.9949,403.2016,0.0019,0.0694,3999.8522,4011.3934,1775751887370998322
heartrate,no_sharing_tpc,50.9268,4382.7651,410.9949,403.2016,0.0019,0.0694,3960.1583,3971.7701,1775751887370998322
heartrate,no_sharing_tpc,50.9512,4358.5496,410.9949,403.2016,0.0019,0.0694,3935.7278,3947.5547,1775751887370998322
heartrate,no_sharing_tpc,51.1115,4198.3242,410.9949,403.2016,0.0019,0.0694,3775.419,3787.3293,1775751887370998322
heartrate,no_sharing_tpc,51.2776,4032.3498,410.9949,403.2016,0.0019,0.0694,3609.3516,3621.3549,1775751887370998322
heartrate,no_sharing_tpc,51.5374,3772.6922,410.9949,403.2016,0.0019,0.0694,3349.5159,3361.6973,1775751887370998322
heartrate,no_sharing_tpc,51.7162,3594.0871,410.9949,403.2016,0.0019,0.0694,3170.7582,3183.0922,1775751887370998322
heartrate,no_sharing_tpc,51.9472,3363.1825,410.9949,403.2016,0.0019,0.0694,2939.7702,2952.1876,1775751887370998322
heartrate,no_sharing_tpc,52.0647,3246.0177,410.9949,403.2016,0.0019,0.0694,2822.2969,2835.0228,1775751887370998322
heartrate,no_sharing_tpc,52.1494,3161.4318,410.9949,403.2016,0.0019,0.0694,2737.5209,2750.4369,1775751887370998322
heartrate,no_sharing_tpc,52.2479,3062.9582,410.9949,403.2016,0.0019,0.0694,2639.0386,2651.9633,1775751887370998322
heartrate,no_sharing_tpc,52.3585,2952.4443,410.9949,403.2016,0.0019,0.0694,2528.5091,2541.4494,1775751887370998322
heartrate,no_sharing_tpc,52.4977,2813.3616,410.9949,403.2016,0.0019,0.0694,2389.2386,2402.3667,1775751887370998322
heartrate,no_sharing_tpc,52.5641,2747.1647,410.9949,403.2016,0.0019,0.0694,2322.8664,2336.1698,1775751887370998322
heartrate,no_sharing_tpc,52.9444,2366.8742,410.9949,403.2016,0.0019,0.0694,1942.5664,1955.8793,1775751887370998322
heartrate,no_sharing_tpc,53.1518,2159.5185,410.9949,403.2016,0.0019,0.0694,1735.1184,1748.5236,1775751887370998322
heartrate,no_sharing_tpc,53.1833,2128.2663,410.9949,403.2016,0.0019,0.0694,1703.7079,1717.2714,1775751887370998322
heartrate,no_sharing_tpc,53.2975,2014.1721,410.9949,403.2016,0.0019,0.0694,1589.4809,1603.1771,1775751887370998322
heartrate,no_sharing_tpc,53.6721,1639.6437,410.9949,403.2016,0.0019,0.0694,1214.839,1228.6487,1775751887370998322
heartrate,no_sharing_tpc,53.8436,1468.3404,410.9949,403.2016,0.0019,0.0694,1043.3545,1057.3455,1775751887370998322
heartrate,no_sharing_tpc,53.873,1439.0969,410.9949,403.2016,0.0019,0.0694,1013.9914,1028.102,1775751887370998322
heartrate,no_sharing_tpc,53.9671,1344.996,410.9949,403.2016,0.0019,0.0694,919.8806,934.001,1775751887370998322
heartrate,no_sharing_tpc,54.0284,1283.7698,410.9949,403.2016,0.0019,0.0694,858.5298,872.7749,1775751887370998322
heartrate,no_sharing_tpc,54.2032,34277.0202,33165.0251,33157.9422,0.0114,1.0828,1110.5783,1111.9951,1775751887797834948
heartrate,no_sharing_tpc,54.418,34062.3927,33165.0251,33157.9422,0.0114,1.0828,895.767,897.3676,1775751887797834948
heartrate,no_sharing_tpc,54.5938,33887.0265,33165.0251,33157.9422,0.0114,1.0828,719.9826,722.0015,1775751887797834948
heartrate,no_sharing_tpc,54.6989,33781.9459,33165.0251,33157.9422,0.0114,1.0828,614.8796,616.9209,1775751887797834948
heartrate,no_sharing_tpc,54.8794,33601.4774,33165.0251,33157.9422,0.0114,1.0828,434.3951,436.4523,1775751887797834948
heartrate,no_sharing_tpc,54.9041,33576.8244,33165.0251,33157.9422,0.0114,1.0828,409.7035,411.7993,1775751887797834948
heartrate,no_sharing_tpc,55.4582,35228.673,2203.0553,2195.2117,0.0042,0.0696,33023.7379,33025.6177,1775751920966007044
heartrate,no_sharing_tpc,55.5538,35133.1027,2203.0553,2195.2117,0.0042,0.0696,32928.1316,32930.0474,1775751920966007044
heartrate,no_sharing_tpc,55.7599,34927.4554,2203.0553,2195.2117,0.0042,0.0696,32722.0359,32724.4001,1775751920966007044
heartrate,no_sharing_tpc,55.8233,34864.4414,2203.0553,2195.2117,0.0042,0.0696,32658.6237,32661.3861,1775751920966007044
heartrate,no_sharing_tpc,55.8838,34804.0402,2203.0553,2195.2117,0.0042,0.0696,32598.2001,32600.9849,1775751920966007044
heartrate,no_sharing_tpc,56.0419,34646.373,2203.0553,2195.2117,0.0042,0.0696,32440.1009,32443.3177,1775751920966007044
heartrate,no_sharing_tpc,56.7522,33936.0995,2203.0553,2195.2117,0.0042,0.0696,31729.8062,31733.0442,1775751920966007044
heartrate,no_sharing_tpc,57.01,33678.7922,2203.0553,2195.2117,0.0042,0.0696,31472.0049,31475.7369,1775751920966007044
heartrate,no_sharing_tpc,57.2803,33408.4477,2203.0553,2195.2117,0.0042,0.0696,31201.6394,31205.3924,1775751920966007044
heartrate,no_sharing_tpc,57.624,33064.754,2203.0553,2195.2117,0.0042,0.0696,30857.9299,30861.6987,1775751920966007044
heartrate,no_sharing_tpc,57.8453,32844.1405,2203.0553,2195.2117,0.0042,0.0696,30636.6501,30641.0852,1775751920966007044
heartrate,no_sharing_tpc,57.9852,32704.2575,2203.0553,2195.2117,0.0042,0.0696,30496.7451,30501.2022,1775751920966007044
heartrate,no_sharing_tpc,58.0106,32678.9126,2203.0553,2195.2117,0.0042,0.0696,30471.3857,30475.8573,1775751920966007044
heartrate,no_sharing_tpc,58.0438,32646.5619,2203.0553,2195.2117,0.0042,0.0696,30438.168,30443.5066,1775751920966007044
heartrate,no_sharing_tpc,58.2891,32401.3169,2203.0553,2195.2117,0.0042,0.0696,30192.8992,30198.2616,1775751920966007044
heartrate,no_sharing_tpc,58.3405,32349.9477,2203.0553,2195.2117,0.0042,0.0696,30141.5143,30146.8924,1775751920966007044
heartrate,no_sharing_tpc,58.3641,32327.3866,2203.0553,2195.2117,0.0042,0.0696,30117.9106,30124.3313,1775751920966007044
heartrate,no_sharing_tpc,58.3758,32315.7198,2203.0553,2195.2117,0.0042,0.0696,30106.2214,30112.6645,1775751920966007044
heartrate,no_sharing_tpc,58.4002,32291.3127,2203.0553,2195.2117,0.0042,0.0696,30081.8,30088.2574,1775751920966007044
heartrate,no_sharing_tpc,58.4199,32271.6203,2203.0553,2195.2117,0.0042,0.0696,30062.0944,30068.565,1775751920966007044
heartrate,no_sharing_tpc,58.846,31846.2539,2203.0553,2195.2117,0.0042,0.0696,29635.9911,29643.1986,1775751920966007044
heartrate,no_sharing_tpc,58.8716,31820.6303,2203.0553,2195.2117,0.0042,0.0696,29610.3461,29617.575,1775751920966007044
heartrate,no_sharing_tpc,58.9481,31744.2141,2203.0553,2195.2117,0.0042,0.0696,29533.9141,29541.1588,1775751920966007044
heartrate,no_sharing_tpc,59.0831,31609.1499,2203.0553,2195.2117,0.0042,0.0696,29398.8357,29406.0946,1775751920966007044
heartrate,no_sharing_tpc,59.1666,31525.7437,2203.0553,2195.2117,0.0042,0.0696,29315.4161,29322.6884,1775751920966007044
heartrate,no_sharing_tpc,59.235,31457.3584,2203.0553,2195.2117,0.0042,0.0696,29247.005,29254.3031,1775751920966007044
heartrate,no_sharing_tpc,59.2597,31433.727,2203.0553,2195.2117,0.0042,0.0696,29222.3227,29230.6717,1775751920966007044
heartrate,no_sharing_tpc,59.8829,30810.5133,2203.0553,2195.2117,0.0042,0.0696,28599.0858,28607.458,1775751920966007044
heartrate,no_sharing_tpc,60.3112,30382.2255,2203.0553,2195.2117,0.0042,0.0696,28170.783,28179.1702,1775751920966007044
heartrate,no_sharing_tpc,60.5864,30107.0251,2203.0553,2195.2117,0.0042,0.0696,27895.5691,27903.9699,1775751920966007044
heartrate,no_sharing_tpc,60.6755,30017.9162,2203.0553,2195.2117,0.0042,0.0696,27806.4461,27814.8609,1775751920966007044
heartrate,no_sharing_tpc,61.3189,29374.6035,2203.0553,2195.2117,0.0042,0.0696,27163.1196,27171.5482,1775751920966007044
heartrate,no_sharing_tpc,61.7981,28896.0099,2203.0553,2195.2117,0.0042,0.0696,26683.8362,26692.9546,1775751920966007044
heartrate,no_sharing_tpc,61.8588,28835.3384,2203.0553,2195.2117,0.0042,0.0696,26623.1427,26632.2831,1775751920966007044
heartrate,no_sharing_tpc,62.056,28638.2272,2203.0553,2195.2117,0.0042,0.0696,26426.0168,26435.1719,1775751920966007044
heartrate,no_sharing_tpc,62.0636,28630.5625,2203.0553,2195.2117,0.0042,0.0696,26418.3385,26427.5073,1775751920966007044
heartrate,no_sharing_tpc,62.707,27987.2155,2203.0553,2195.2117,0.0042,0.0696,25774.9784,25784.1602,1775751920966007044
heartrate,no_sharing_tpc,63.0478,27646.4355,2203.0553,2195.2117,0.0042,0.0696,25434.1841,25443.3802,1775751920966007044
heartrate,no_sharing_tpc,63.0725,27621.7546,2203.0553,2195.2117,0.0042,0.0696,25409.4889,25418.6994,1775751920966007044
heartrate,no_sharing_tpc,63.2844,27410.7647,2203.0553,2195.2117,0.0042,0.0696,25197.5513,25207.7094,1775751920966007044
heartrate,no_sharing_tpc,63.3932,27302.0055,2203.0553,2195.2117,0.0042,0.0696,25088.7651,25098.9502,1775751920966007044
heartrate,no_sharing_tpc,63.4066,27288.6021,2203.0553,2195.2117,0.0042,0.0696,25075.3455,25085.5468,1775751920966007044
heartrate,no_sharing_tpc,63.5781,27117.105,2203.0553,2195.2117,0.0042,0.0696,24903.8281,24914.0497,1775751920966007044
heartrate,no_sharing_tpc,63.6418,27054.219,2203.0553,2195.2117,0.0042,0.0696,24840.1294,24851.1637,1775751920966007044
heartrate,no_sharing_tpc,63.7393,26956.8181,2203.0553,2195.2117,0.0042,0.0696,24742.7056,24753.7628,1775751920966007044
heartrate,no_sharing_tpc,63.8495,26846.6444,2203.0553,2195.2117,0.0042,0.0696,24632.5152,24643.5891,1775751920966007044
heartrate,no_sharing_tpc,64.065,26631.1297,2203.0553,2195.2117,0.0042,0.0696,24416.9865,24428.0744,1775751920966007044
heartrate,no_sharing_tpc,64.316,26380.1732,2203.0553,2195.2117,0.0042,0.0696,24166.0159,24177.1179,1775751920966007044
heartrate,no_sharing_tpc,65.1801,25516.006,2203.0553,2195.2117,0.0042,0.0696,23301.8343,23312.9507,1775751920966007044
heartrate,no_sharing_tpc,65.2378,25458.3447,2203.0553,2195.2117,0.0042,0.0696,23244.1597,23255.2894,1775751920966007044
heartrate,no_sharing_tpc,65.5101,25186.0709,2203.0553,2195.2117,0.0042,0.0696,22971.8726,22983.0156,1775751920966007044
heartrate,no_sharing_tpc,65.6008,25096.2148,2203.0553,2195.2117,0.0042,0.0696,22881.1264,22893.1595,1775751920966007044
heartrate,no_sharing_tpc,65.7936,24903.5013,2203.0553,2195.2117,0.0042,0.0696,22688.3891,22700.446,1775751920966007044
heartrate,no_sharing_tpc,65.9687,24728.3978,2203.0553,2195.2117,0.0042,0.0696,22513.2687,22525.3426,1775751920966007044
heartrate,no_sharing_tpc,66.3456,24351.4988,2203.0553,2195.2117,0.0042,0.0696,22136.3537,22148.4435,1775751920966007044
heartrate,no_sharing_tpc,66.8069,23890.2044,2203.0553,2195.2117,0.0042,0.0696,21675.0436,21687.1491,1775751920966007044
heartrate,no_sharing_tpc,67.1069,23590.251,2203.0553,2195.2117,0.0042,0.0696,21375.0746,21387.1957,1775751920966007044
heartrate,no_sharing_tpc,67.2006,23497.3185,2203.0553,2195.2117,0.0042,0.0696,21281.3513,21294.2632,1775751920966007044
heartrate,no_sharing_tpc,67.4474,23250.6025,2203.0553,2195.2117,0.0042,0.0696,21034.6124,21047.5472,1775751920966007044
heartrate,no_sharing_tpc,67.59,23107.9314,2203.0553,2195.2117,0.0042,0.0696,20891.9246,20904.8761,1775751920966007044
heartrate,no_sharing_tpc,67.673,23024.9543,2203.0553,2195.2117,0.0042,0.0696,20808.9337,20821.899,1775751920966007044
heartrate,no_sharing_tpc,67.6847,23013.2792,2203.0553,2195.2117,0.0042,0.0696,20797.2445,20810.2239,1775751920966007044
heartrate,no_sharing_tpc,68.008,22690.0308,2203.0553,2195.2117,0.0042,0.0696,20473.9807,20486.9755,1775751920966007044
heartrate,no_sharing_tpc,68.3655,22332.5126,2203.0553,2195.2117,0.0042,0.0696,20116.4486,20129.4573,1775751920966007044
heartrate,no_sharing_tpc,68.6172,22080.8399,2203.0553,2195.2117,0.0042,0.0696,19864.7625,19877.7846,1775751920966007044
heartrate,no_sharing_tpc,68.9407,21759.0103,2203.0553,2195.2117,0.0042,0.0696,19541.2641,19555.955,1775751920966007044
heartrate,no_sharing_tpc,68.9654,21734.3285,2203.0553,2195.2117,0.0042,0.0696,19516.556,19531.2732,1775751920966007044
heartrate,no_sharing_tpc,68.9654,21734.3111,2203.0553,2195.2117,0.0042,0.0696,19516.5231,19531.2558,1775751920966007044
heartrate,no_sharing_tpc,68.9814,21718.3344,2203.0553,2195.2117,0.0042,0.0696,19500.5331,19515.2791,1775751920966007044
heartrate,no_sharing_tpc,69.0462,21653.6331,2203.0553,2195.2117,0.0042,0.0696,19435.8182,19450.5778,1775751920966007044
heartrate,no_sharing_tpc,69.5362,21163.5723,2203.0553,2195.2117,0.0042,0.0696,18945.7436,18960.517,1775751920966007044
heartrate,no_sharing_tpc,69.5996,21100.9827,2203.0553,2195.2117,0.0042,0.0696,18882.3245,18897.9274,1775751920966007044
heartrate,no_sharing_tpc,69.6963,21004.3409,2203.0553,2195.2117,0.0042,0.0696,18785.6607,18801.2856,1775751920966007044
heartrate,no_sharing_tpc,69.7157,20984.9455,2203.0553,2195.2117,0.0042,0.0696,18766.2506,18781.8902,1775751920966007044
heartrate,no_sharing_tpc,69.7521,20948.5352,2203.0553,2195.2117,0.0042,0.0696,18729.8267,18745.4799,1775751920966007044
heartrate,no_sharing_tpc,69.8137,20887.0344,2203.0553,2195.2117,0.0042,0.0696,18668.3114,18683.9791,1775751920966007044
heartrate,no_sharing_tpc,70.1793,20521.3864,2203.0553,2195.2117,0.0042,0.0696,18302.65,18318.3311,1775751920966007044
heartrate,no_sharing_tpc,70.3008,20399.9403,2203.0553,2195.2117,0.0042,0.0696,18181.1907,18196.885,1775751920966007044
heartrate,no_sharing_tpc,71.2028,19497.9215,2203.0553,2195.2117,0.0042,0.0696,17279.1588,17294.8662,1775751920966007044
heartrate,no_sharing_tpc,71.5786,19122.9529,2203.0553,2195.2117,0.0042,0.0696,16903.4042,16919.8976,1775751920966007044
heartrate,no_sharing_tpc,71.5952,19106.2984,2203.0553,2195.2117,0.0042,0.0696,16886.7288,16903.2432,1775751920966007044
heartrate,no_sharing_tpc,71.6857,19015.8958,2203.0553,2195.2117,0.0042,0.0696,16796.3111,16812.8406,1775751920966007044
heartrate,no_sharing_tpc,72.5496,18151.9313,2203.0553,2195.2117,0.0042,0.0696,15932.3316,15948.876,1775751920966007044
heartrate,no_sharing_tpc,72.5685,18133.0631,2203.0553,2195.2117,0.0042,0.0696,15913.4486,15930.0078,1775751920966007044
heartrate,no_sharing_tpc,72.7858,17915.7555,2203.0553,2195.2117,0.0042,0.0696,15696.1265,15712.7002,1775751920966007044
heartrate,no_sharing_tpc,73.3753,17326.3011,2203.0553,2195.2117,0.0042,0.0696,15106.6582,15123.2458,1775751920966007044
heartrate,no_sharing_tpc,73.4523,17249.9309,2203.0553,2195.2117,0.0042,0.0696,15029.6996,15046.8756,1775751920966007044
heartrate,no_sharing_tpc,73.4877,17214.4918,2203.0553,2195.2117,0.0042,0.0696,14994.2393,15011.4366,1775751920966007044
heartrate,no_sharing_tpc,73.8727,16829.5577,2203.0553,2195.2117,0.0042,0.0696,14609.2901,14626.5024,1775751920966007044
heartrate,no_sharing_tpc,74.0096,16692.6434,2203.0553,2195.2117,0.0042,0.0696,14472.3628,14489.5881,1775751920966007044
heartrate,no_sharing_tpc,74.2911,16411.1512,2203.0553,2195.2117,0.0042,0.0696,14190.8569,14208.0959,1775751920966007044
heartrate,no_sharing_tpc,74.4887,16213.6083,2203.0553,2195.2117,0.0042,0.0696,13993.3,14010.553,1775751920966007044
heartrate,no_sharing_tpc,74.6474,16054.8804,2203.0553,2195.2117,0.0042,0.0696,13834.5585,13851.8251,1775751920966007044
heartrate,no_sharing_tpc,74.7566,15945.7295,2203.0553,2195.2117,0.0042,0.0696,13725.3237,13742.6742,1775751920966007044
heartrate,no_sharing_tpc,74.9565,15745.8875,2203.0553,2195.2117,0.0042,0.0696,13525.4667,13542.8322,1775751920966007044
heartrate,no_sharing_tpc,75.3319,15370.4937,2203.0553,2195.2117,0.0042,0.0696,13150.059,13167.4384,1775751920966007044
heartrate,no_sharing_tpc,75.6198,15082.6197,2203.0553,2195.2117,0.0042,0.0696,12862.1721,12879.5644,1775751920966007044
heartrate,no_sharing_tpc,75.7645,14937.9134,2203.0553,2195.2117,0.0042,0.0696,12717.453,12734.8581,1775751920966007044
heartrate,no_sharing_tpc,75.7774,14925.0832,2203.0553,2195.2117,0.0042,0.0696,12704.6103,12722.0279,1775751920966007044
heartrate,no_sharing_tpc,75.7974,14905.0195,2203.0553,2195.2117,0.0042,0.0696,12684.5336,12701.9642,1775751920966007044
heartrate,no_sharing_tpc,75.8737,47947.8052,33116.2674,33114.1977,0.0113,0.0137,14830.0149,14831.5377,1775751923187759208
heartrate,no_sharing_tpc,76.0763,47745.9929,33116.2674,33114.1977,0.0113,0.0137,14627.4426,14629.7255,1775751923187759208
heartrate,no_sharing_tpc,76.132,47690.3453,33116.2674,33114.1977,0.0113,0.0137,14571.7669,14574.0779,1775751923187759208
heartrate,no_sharing_tpc,76.425,47397.712,33116.2674,33114.1977,0.0113,0.0137,14278.7395,14281.4446,1775751923187759208
heartrate,no_sharing_tpc,76.6291,47194.0303,33116.2674,33114.1977,0.0113,0.0137,14074.5928,14077.7629,1775751923187759208
heartrate,no_sharing_tpc,76.6488,47174.3741,33116.2674,33114.1977,0.0113,0.0137,14054.9152,14058.1067,1775751923187759208
heartrate,no_sharing_tpc,76.7961,47027.5447,33116.2674,33114.1977,0.0113,0.0137,13907.6104,13911.2773,1775751923187759208
heartrate,no_sharing_tpc,76.8638,46959.8556,33116.2674,33114.1977,0.0113,0.0137,13839.8933,13843.5881,1775751923187759208
heartrate,no_sharing_tpc,78.0845,45739.1906,33116.2674,33114.1977,0.0113,0.0137,12619.2129,12622.9232,1775751923187759208
heartrate,no_sharing_tpc,78.1669,45657.2165,33116.2674,33114.1977,0.0113,0.0137,12536.7954,12540.9491,1775751923187759208
heartrate,no_sharing_tpc,78.4273,45396.847,33116.2674,33114.1977,0.0113,0.0137,12276.406,12280.5796,1775751923187759208
heartrate,no_sharing_tpc,78.6096,45214.5674,33116.2674,33114.1977,0.0113,0.0137,12094.1029,12098.3,1775751923187759208
heartrate,no_sharing_tpc,79.3642,44460.6004,33116.2674,33114.1977,0.0113,0.0137,11339.5047,11344.3329,1775751923187759208
heartrate,no_sharing_tpc,79.3668,44458.0529,33116.2674,33114.1977,0.0113,0.0137,11336.936,11341.7854,1775751923187759208
heartrate,no_sharing_tpc,79.4419,44383.6639,33116.2674,33114.1977,0.0113,0.0137,11261.8418,11267.3965,1775751923187759208
heartrate,no_sharing_tpc,79.6325,44193.095,33116.2674,33114.1977,0.0113,0.0137,11071.2497,11076.8275,1775751923187759208
heartrate,no_sharing_tpc,80.0082,43817.4033,33116.2674,33114.1977,0.0113,0.0137,10695.5354,10701.1359,1775751923187759208
heartrate,no_sharing_tpc,80.0169,43808.6877,33116.2674,33114.1977,0.0113,0.0137,10686.7967,10692.4203,1775751923187759208
heartrate,no_sharing_tpc,80.2444,43581.9588,33116.2674,33114.1977,0.0113,0.0137,10459.3222,10465.6913,1775751923187759208
heartrate,no_sharing_tpc,80.6637,43162.6494,33116.2674,33114.1977,0.0113,0.0137,10039.9926,10046.382,1775751923187759208
heartrate,no_sharing_tpc,80.8125,43013.9315,33116.2674,33114.1977,0.0113,0.0137,9891.2597,9897.6641,1775751923187759208
heartrate,no_sharing_tpc,80.8992,42927.1781,33116.2674,33114.1977,0.0113,0.0137,9804.4825,9810.9107,1775751923187759208
heartrate,no_sharing_tpc,80.9039,42923.2852,33116.2674,33114.1977,0.0113,0.0137,9799.8192,9807.0178,1775751923187759208
heartrate,no_sharing_tpc,81.0811,42746.1324,33116.2674,33114.1977,0.0113,0.0137,9622.6454,9629.8649,1775751923187759208
heartrate,no_sharing_tpc,81.2743,42552.8967,33116.2674,33114.1977,0.0113,0.0137,9429.3904,9436.6293,1775751923187759208
heartrate,no_sharing_tpc,81.5533,42273.9174,33116.2674,33114.1977,0.0113,0.0137,9150.3878,9157.65,1775751923187759208
heartrate,no_sharing_tpc,82.1638,41663.4562,33116.2674,33114.1977,0.0113,0.0137,8539.9063,8547.1888,1775751923187759208
heartrate,no_sharing_tpc,82.9023,40925.8652,33116.2674,33114.1977,0.0113,0.0137,7801.4634,7809.5977,1775751923187759208
heartrate,no_sharing_tpc,83.1765,40651.6182,33116.2674,33114.1977,0.0113,0.0137,7527.1962,7535.3508,1775751923187759208
heartrate,no_sharing_tpc,83.1783,40649.905,33116.2674,33114.1977,0.0113,0.0137,7525.4657,7533.6375,1775751923187759208
heartrate,no_sharing_tpc,83.254,40574.1858,33116.2674,33114.1977,0.0113,0.0137,7449.7247,7457.9184,1775751923187759208
heartrate,no_sharing_tpc,83.3592,40469.0316,33116.2674,33114.1977,0.0113,0.0137,7344.5492,7352.7641,1775751923187759208
heartrate,no_sharing_tpc,83.4019,40427.1698,33116.2674,33114.1977,0.0113,0.0137,7301.8484,7310.9024,1775751923187759208
heartrate,no_sharing_tpc,83.5687,40260.3207,33116.2674,33114.1977,0.0113,0.0137,7134.9754,7144.0532,1775751923187759208
heartrate,no_sharing_tpc,83.6603,40168.8194,33116.2674,33114.1977,0.0113,0.0137,7043.4062,7052.552,1775751923187759208
heartrate,no_sharing_tpc,83.9155,39913.6605,33116.2674,33114.1977,0.0113,0.0137,6788.2209,6797.3931,1775751923187759208
heartrate,no_sharing_tpc,84.0798,39749.4316,33116.2674,33114.1977,0.0113,0.0137,6623.9712,6633.1642,1775751923187759208
heartrate,no_sharing_tpc,84.0803,39748.8821,33116.2674,33114.1977,0.0113,0.0137,6623.4078,6632.6146,1775751923187759208
heartrate,no_sharing_tpc,84.1281,39701.9665,33116.2674,33114.1977,0.0113,0.0137,6575.6061,6585.6991,1775751923187759208
heartrate,no_sharing_tpc,84.1282,39701.9567,33116.2674,33114.1977,0.0113,0.0137,6575.5725,6585.6893,1775751923187759208
heartrate,no_sharing_tpc,84.1709,39659.2169,33116.2674,33114.1977,0.0113,0.0137,6532.8085,6542.9495,1775751923187759208
heartrate,no_sharing_tpc,84.2106,39619.5521,33116.2674,33114.1977,0.0113,0.0137,6493.1221,6503.2847,1775751923187759208
heartrate,no_sharing_tpc,84.6476,39182.6179,33116.2674,33114.1977,0.0113,0.0137,6056.1724,6066.3505,1775751923187759208
heartrate,no_sharing_tpc,84.7807,39049.4854,33116.2674,33114.1977,0.0113,0.0137,5923.0251,5933.218,1775751923187759208
heartrate,no_sharing_tpc,84.8294,39001.5924,33116.2674,33114.1977,0.0113,0.0137,5874.3479,5885.325,1775751923187759208
heartrate,no_sharing_tpc,85.078,38752.9542,33116.2674,33114.1977,0.0113,0.0137,5625.6871,5636.6868,1775751923187759208
heartrate,no_sharing_tpc,85.2533,38577.7171,33116.2674,33114.1977,0.0113,0.0137,5450.4354,5461.4496,1775751923187759208
heartrate,no_sharing_tpc,85.3257,38505.3356,33116.2674,33114.1977,0.0113,0.0137,5378.0379,5389.0681,1775751923187759208
heartrate,no_sharing_tpc,85.4324,38398.5999,33116.2674,33114.1977,0.0113,0.0137,5271.2793,5282.3324,1775751923187759208
heartrate,no_sharing_tpc,85.4489,38382.1936,33116.2674,33114.1977,0.0113,0.0137,5254.8466,5265.9261,1775751923187759208
heartrate,no_sharing_tpc,85.7231,38108.0191,33116.2674,33114.1977,0.0113,0.0137,4980.6578,4991.7517,1775751923187759208
heartrate,no_sharing_tpc,85.7838,38048.3954,33116.2674,33114.1977,0.0113,0.0137,4919.8976,4932.128,1775751923187759208
heartrate,no_sharing_tpc,86.0736,37758.6918,33116.2674,33114.1977,0.0113,0.0137,4630.1713,4642.4244,1775751923187759208
heartrate,no_sharing_tpc,86.2131,37619.139,33116.2674,33114.1977,0.0113,0.0137,4490.5939,4502.8715,1775751923187759208
heartrate,no_sharing_tpc,86.8856,36946.6591,33116.2674,33114.1977,0.0113,0.0137,3818.0888,3830.3917,1775751923187759208
heartrate,no_sharing_tpc,87.7246,36108.4988,33116.2674,33114.1977,0.0113,0.0137,2979.13,2992.2314,1775751923187759208
heartrate,no_sharing_tpc,87.7676,36065.5138,33116.2674,33114.1977,0.0113,0.0137,2936.1227,2949.2464,1775751923187759208
heartrate,no_sharing_tpc,87.7692,36063.9055,33116.2674,33114.1977,0.0113,0.0137,2934.4976,2947.6381,1775751923187759208
heartrate,no_sharing_tpc,87.8774,35955.7898,33116.2674,33114.1977,0.0113,0.0137,2826.3662,2839.5224,1775751923187759208
heartrate,no_sharing_tpc,88.029,35804.1527,33116.2674,33114.1977,0.0113,0.0137,2674.7141,2687.8853,1775751923187759208
heartrate,no_sharing_tpc,88.2022,35630.9719,33116.2674,33114.1977,0.0113,0.0137,2501.5192,2514.7045,1775751923187759208
heartrate,no_sharing_tpc,88.2656,35567.615,33116.2674,33114.1977,0.0113,0.0137,2438.1485,2451.3476,1775751923187759208
heartrate,no_sharing_tpc,88.4274,35405.8139,33116.2674,33114.1977,0.0113,0.0137,2276.334,2289.5465,1775751923187759208
heartrate,no_sharing_tpc,88.5049,35328.3467,33116.2674,33114.1977,0.0113,0.0137,2198.8518,2212.0793,1775751923187759208
heartrate,no_sharing_tpc,88.7185,35115.5698,33116.2674,33114.1977,0.0113,0.0137,1985.2104,1999.3024,1775751923187759208
heartrate,no_sharing_tpc,89.0149,34819.1681,33116.2674,33114.1977,0.0113,0.0137,1688.7865,1702.9007,1775751923187759208
heartrate,no_sharing_tpc,89.4528,34381.3024,33116.2674,33114.1977,0.0113,0.0137,1250.9048,1265.0349,1775751923187759208
heartrate,no_sharing_tpc,89.6447,34189.425,33116.2674,33114.1977,0.0113,0.0137,1059.0127,1073.1576,1775751923187759208
heartrate,no_sharing_tpc,89.7017,34132.4925,33116.2674,33114.1977,0.0113,0.0137,1002.0657,1016.2251,1775751923187759208
heartrate,no_sharing_tpc,89.8566,33977.8693,33116.2674,33114.1977,0.0113,0.0137,847.1699,861.6018,1775751923187759208
heartrate,no_sharing_tpc,89.9035,33930.9211,33116.2674,33114.1977,0.0113,0.0137,800.2009,814.6537,1775751923187759208
heartrate,no_sharing_tpc,89.9439,33890.6105,33116.2674,33114.1977,0.0113,0.0137,759.8715,774.343,1775751923187759208
heartrate,no_sharing_tpc,90.0492,33785.3317,33116.2674,33114.1977,0.0113,0.0137,654.567,669.0643,1775751923187759208
heartrate,no_sharing_tpc,90.1694,33665.0982,33116.2674,33114.1977,0.0113,0.0137,534.3091,548.8308,1775751923187759208
heartrate,no_sharing_tpc,90.2346,33599.9401,33116.2674,33114.1977,0.0113,0.0137,469.1286,483.6726,1775751923187759208
heartrate,no_sharing_tpc,90.2923,33542.294,33116.2674,33114.1977,0.0113,0.0137,411.4628,426.0266,1775751923187759208
heartrate,no_sharing_tpc,90.4127,33421.9162,33116.2674,33114.1977,0.0113,0.0137,291.065,305.6488,1775751923187759208
heartrate,no_sharing_tpc,90.5831,33251.4572,33116.2674,33114.1977,0.0113,0.0137,120.5864,135.1898,1775751923187759208
heartrate,no_sharing_tpc,90.5945,33240.0918,33116.2674,33114.1977,0.0113,0.0137,109.2019,123.8244,1775751923187759208
heartrate,no_sharing_tpc,90.6322,33202.4891,33116.2674,33114.1977,0.0113,0.0137,71.5165,86.2217,1775751923187759208
heartrate,no_sharing_tpc,90.6709,33163.842,33116.2674,33114.1977,0.0113,0.0137,32.8472,47.5745,1775751923187759208
heartrate,no_sharing_tpc,91.5846,59634.2695,27382.8325,27375.1035,0.0112,0.0656,32249.5837,32251.437,1775751956318220527
heartrate,no_sharing_tpc,91.8747,59345.8412,27382.8325,27375.1035,0.0112,0.0656,31959.4615,31963.0087,1775751956318220527
heartrate,no_sharing_tpc,91.9992,59221.4081,27382.8325,27375.1035,0.0112,0.0656,31835.0036,31838.5757,1775751956318220527
heartrate,no_sharing_tpc,92.2616,58959.007,27382.8325,27375.1035,0.0112,0.0656,31572.5861,31576.1746,1775751956318220527
heartrate,no_sharing_tpc,92.2923,58928.3681,27382.8325,27375.1035,0.0112,0.0656,31541.9314,31545.5356,1775751956318220527
heartrate,no_sharing_tpc,92.3029,58917.7294,27382.8325,27375.1035,0.0112,0.0656,31531.2684,31534.8969,1775751956318220527
heartrate,no_sharing_tpc,92.9054,58315.9199,27382.8325,27375.1035,0.0112,0.0656,30928.7472,30933.0874,1775751956318220527
heartrate,no_sharing_tpc,93.1572,58064.1494,27382.8325,27375.1035,0.0112,0.0656,30676.9547,30681.3169,1775751956318220527
heartrate,no_sharing_tpc,93.4361,57785.2657,27382.8325,27375.1035,0.0112,0.0656,30398.0565,30402.4332,1775751956318220527
heartrate,no_sharing_tpc,93.9303,57291.7123,27382.8325,27375.1035,0.0112,0.0656,29903.8663,29908.8798,1775751956318220527
heartrate,no_sharing_tpc,94.2641,56957.9191,27382.8325,27375.1035,0.0112,0.0656,29570.0369,29575.0867,1775751956318220527
heartrate,no_sharing_tpc,94.2805,56941.5894,27382.8325,27375.1035,0.0112,0.0656,29553.6778,29558.7569,1775751956318220527
heartrate,no_sharing_tpc,94.2872,56934.9229,27382.8325,27375.1035,0.0112,0.0656,29546.9878,29552.0905,1775751956318220527
heartrate,no_sharing_tpc,94.6497,56573.1475,27382.8325,27375.1035,0.0112,0.0656,29184.4652,29190.3151,1775751956318220527
heartrate,no_sharing_tpc,94.7682,56454.7575,27382.8325,27375.1035,0.0112,0.0656,29066.0362,29071.925,1775751956318220527
heartrate,no_sharing_tpc,95.1137,56109.2412,27382.8325,27375.1035,0.0112,0.0656,28720.4909,28726.4088,1775751956318220527
heartrate,no_sharing_tpc,95.3313,55891.6268,27382.8325,27375.1035,0.0112,0.0656,28502.8505,28508.7944,1775751956318220527
heartrate,no_sharing_tpc,95.3642,55859.7355,27382.8325,27375.1035,0.0112,0.0656,28469.9867,28476.903,1775751956318220527
heartrate,no_sharing_tpc,95.6816,55542.3851,27382.8325,27375.1035,0.0112,0.0656,28152.6127,28159.5526,1775751956318220527
heartrate,no_sharing_tpc,95.7052,55518.7256,27382.8325,27375.1035,0.0112,0.0656,28128.9372,28135.8932,1775751956318220527
heartrate,no_sharing_tpc,95.7136,55510.3412,27382.8325,27375.1035,0.0112,0.0656,28120.5382,28127.5087,1775751956318220527
heartrate,no_sharing_tpc,95.9288,55295.2509,27382.8325,27375.1035,0.0112,0.0656,27905.4339,27912.4184,1775751956318220527
heartrate,no_sharing_tpc,96.1162,55108.7532,27382.8325,27375.1035,0.0112,0.0656,27717.9956,27725.9208,1775751956318220527
heartrate,no_sharing_tpc,96.6326,54592.3944,27382.8325,27375.1035,0.0112,0.0656,27201.6125,27209.5619,1775751956318220527
heartrate,no_sharing_tpc,96.8937,54331.2535,27382.8325,27375.1035,0.0112,0.0656,26940.4466,26948.4211,1775751956318220527
heartrate,no_sharing_tpc,96.9404,54284.6084,27382.8325,27375.1035,0.0112,0.0656,26893.7767,26901.7759,1775751956318220527
heartrate,no_sharing_tpc,97.2285,53996.5775,27382.8325,27375.1035,0.0112,0.0656,26605.7272,26613.745,1775751956318220527
heartrate,no_sharing_tpc,97.2482,53977.9665,27382.8325,27375.1035,0.0112,0.0656,26586.0255,26595.1341,1775751956318220527
heartrate,no_sharing_tpc,97.5115,53714.6735,27382.8325,27375.1035,0.0112,0.0656,26322.7081,26331.8411,1775751956318220527
heartrate,no_sharing_tpc,97.5549,53671.3128,27382.8325,27375.1035,0.0112,0.0656,26279.3317,26288.4804,1775751956318220527
heartrate,no_sharing_tpc,97.896,53330.1795,27382.8325,27375.1035,0.0112,0.0656,25938.1845,25947.347,1775751956318220527
heartrate,no_sharing_tpc,97.8997,53326.5293,27382.8325,27375.1035,0.0112,0.0656,25934.5109,25943.6968,1775751956318220527
heartrate,no_sharing_tpc,97.9271,53299.1462,27382.8325,27375.1035,0.0112,0.0656,25907.1038,25916.3137,1775751956318220527
heartrate,no_sharing_tpc,98.1028,53124.4876,27382.8325,27375.1035,0.0112,0.0656,25731.3366,25741.6552,1775751956318220527
heartrate,no_sharing_tpc,98.1345,53092.8347,27382.8325,27375.1035,0.0112,0.0656,25699.6598,25710.0023,1775751956318220527
heartrate,no_sharing_tpc,98.4189,52808.4857,27382.8325,27375.1035,0.0112,0.0656,25415.2942,25425.6533,1775751956318220527
heartrate,no_sharing_tpc,98.4656,52761.8325,27382.8325,27375.1035,0.0112,0.0656,25368.6271,25379.0,1775751956318220527
heartrate,no_sharing_tpc,98.7814,52445.9765,27382.8325,27375.1035,0.0112,0.0656,25052.7492,25063.144,1775751956318220527
heartrate,no_sharing_tpc,98.8138,52413.6102,27382.8325,27375.1035,0.0112,0.0656,25020.3574,25030.7778,1775751956318220527
heartrate,no_sharing_tpc,99.0275,52199.9199,27382.8325,27375.1035,0.0112,0.0656,24806.6499,24817.0875,1775751956318220527
heartrate,no_sharing_tpc,99.0526,52176.1928,27382.8325,27375.1035,0.0112,0.0656,24781.6162,24793.3603,1775751956318220527
heartrate,no_sharing_tpc,99.1503,52078.4943,27382.8325,27375.1035,0.0112,0.0656,24683.8832,24695.6619,1775751956318220527
heartrate,no_sharing_tpc,99.2287,52000.1433,27382.8325,27375.1035,0.0112,0.0656,24605.5074,24617.3108,1775751956318220527
heartrate,no_sharing_tpc,99.4831,51745.692,27382.8325,27375.1035,0.0112,0.0656,24351.0413,24362.8596,1775751956318220527
heartrate,no_sharing_tpc,99.5569,51671.9935,27382.8325,27375.1035,0.0112,0.0656,24277.329,24289.161,1775751956318220527
heartrate,no_sharing_tpc,99.813,51415.8387,27382.8325,27375.1035,0.0112,0.0656,24021.1604,24033.0063,1775751956318220527
heartrate,no_sharing_tpc,99.9917,51237.2093,27382.8325,27375.1035,0.0112,0.0656,23842.5174,23854.3769,1775751956318220527
heartrate,no_sharing_tpc,100.3811,50849.3712,27382.8325,27375.1035,0.0112,0.0656,23453.1167,23466.5387,1775751956318220527
heartrate,no_sharing_tpc,100.6683,50562.2115,27382.8325,27375.1035,0.0112,0.0656,23165.9312,23179.3791,1775751956318220527
heartrate,no_sharing_tpc,100.681,50549.5315,27382.8325,27375.1035,0.0112,0.0656,23153.234,23166.699,1775751956318220527
heartrate,no_sharing_tpc,100.7647,50465.8339,27382.8325,27375.1035,0.0112,0.0656,23069.5148,23083.0014,1775751956318220527
heartrate,no_sharing_tpc,100.8372,50393.3365,27382.8325,27375.1035,0.0112,0.0656,22996.9912,23010.5041,1775751956318220527
heartrate,no_sharing_tpc,101.129,50101.5539,27382.8325,27375.1035,0.0112,0.0656,22705.1897,22718.7215,1775751956318220527
heartrate,no_sharing_tpc,101.1634,50067.163,27382.8325,27375.1035,0.0112,0.0656,22670.7845,22684.3305,1775751956318220527
heartrate,no_sharing_tpc,101.2949,49935.7169,27382.8325,27375.1035,0.0112,0.0656,22539.3252,22552.8844,1775751956318220527
heartrate,no_sharing_tpc,101.4787,49751.9388,27382.8325,27375.1035,0.0112,0.0656,22355.5338,22369.1064,1775751956318220527
heartrate,no_sharing_tpc,101.5321,49700.1209,27382.8325,27375.1035,0.0112,0.0656,22302.1266,22317.2885,1775751956318220527
heartrate,no_sharing_tpc,101.5447,49687.4707,27382.8325,27375.1035,0.0112,0.0656,22289.4526,22304.6382,1775751956318220527
heartrate,no_sharing_tpc,101.8605,49371.7144,27382.8325,27375.1035,0.0112,0.0656,21973.6805,21988.8819,1775751956318220527
heartrate,no_sharing_tpc,102.225,49007.2503,27382.8325,27375.1035,0.0112,0.0656,21609.2021,21624.4179,1775751956318220527
heartrate,no_sharing_tpc,102.2697,48962.5854,27382.8325,27375.1035,0.0112,0.0656,21564.5232,21579.753,1775751956318220527
heartrate,no_sharing_tpc,102.3673,48865.0103,27382.8325,27375.1035,0.0112,0.0656,21466.9342,21482.1778,1775751956318220527
heartrate,no_sharing_tpc,102.698,48534.2827,27382.8325,27375.1035,0.0112,0.0656,21136.1928,21151.4502,1775751956318220527
heartrate,no_sharing_tpc,102.8331,48399.1685,27382.8325,27375.1035,0.0112,0.0656,21001.065,21016.336,1775751956318220527
heartrate,no_sharing_tpc,102.8666,48365.7079,27382.8325,27375.1035,0.0112,0.0656,20967.5906,20982.8754,1775751956318220527
heartrate,no_sharing_tpc,103.3834,47850.3046,27382.8325,27375.1035,0.0112,0.0656,20450.7558,20467.4721,1775751956318220527
heartrate,no_sharing_tpc,103.3991,47834.6703,27382.8325,27375.1035,0.0112,0.0656,20435.0975,20451.8379,1775751956318220527
heartrate,no_sharing_tpc,103.4067,47827.0314,27382.8325,27375.1035,0.0112,0.0656,20427.4423,20444.1989,1775751956318220527
heartrate,no_sharing_tpc,103.5078,47725.9548,27382.8325,27375.1035,0.0112,0.0656,20326.3502,20343.1223,1775751956318220527
heartrate,no_sharing_tpc,104.3257,46908.1006,27382.8325,27375.1035,0.0112,0.0656,19508.4798,19525.2682,1775751956318220527
heartrate,no_sharing_tpc,104.3734,46860.4593,27382.8325,27375.1035,0.0112,0.0656,19460.8176,19477.6269,1775751956318220527
heartrate,no_sharing_tpc,104.401,46832.8171,27382.8325,27375.1035,0.0112,0.0656,19433.1577,19449.9846,1775751956318220527
heartrate,no_sharing_tpc,104.4257,46808.1715,27382.8325,27375.1035,0.0112,0.0656,19408.4988,19425.3391,1775751956318220527
heartrate,no_sharing_tpc,104.4794,46754.606,27382.8325,27375.1035,0.0112,0.0656,19354.8305,19371.7736,1775751956318220527
heartrate,no_sharing_tpc,104.9649,46269.0413,27382.8325,27375.1035,0.0112,0.0656,18869.2505,18886.2088,1775751956318220527
heartrate,no_sharing_tpc,105.0537,46181.7169,27382.8325,27375.1035,0.0112,0.0656,18780.5331,18798.8845,1775751956318220527
heartrate,no_sharing_tpc,105.1171,46118.2988,27382.8325,27375.1035,0.0112,0.0656,18717.0749,18735.4663,1775751956318220527
heartrate,no_sharing_tpc,105.2108,46024.6027,27382.8325,27375.1035,0.0112,0.0656,18623.3552,18641.7702,1775751956318220527
heartrate,no_sharing_tpc,105.6487,45586.7887,27382.8325,27375.1035,0.0112,0.0656,18185.5202,18203.9562,1775751956318220527
heartrate,no_sharing_tpc,105.6794,45556.1228,27382.8325,27375.1035,0.0112,0.0656,18154.8333,18173.2903,1775751956318220527
heartrate,no_sharing_tpc,105.9245,45311.0452,27382.8325,27375.1035,0.0112,0.0656,17909.7345,17928.2127,1775751956318220527
heartrate,no_sharing_tpc,106.1299,45105.6058,27382.8325,27375.1035,0.0112,0.0656,17704.2744,17722.7734,1775751956318220527
heartrate,no_sharing_tpc,106.2083,45027.2551,27382.8325,27375.1035,0.0112,0.0656,17625.9036,17644.4226,1775751956318220527
heartrate,no_sharing_tpc,106.3564,44879.1363,27382.8325,27375.1035,0.0112,0.0656,17477.7634,17496.3039,1775751956318220527
heartrate,no_sharing_tpc,106.7105,44525.054,27382.8325,27375.1035,0.0112,0.0656,17123.661,17142.2215,1775751956318220527
heartrate,no_sharing_tpc,106.837,44398.5589,27382.8325,27375.1035,0.0112,0.0656,16997.1461,17015.7264,1775751956318220527
heartrate,no_sharing_tpc,106.865,44370.923,27382.8325,27375.1035,0.0112,0.0656,16969.2018,16988.0906,1775751956318220527
heartrate,no_sharing_tpc,107.4638,43772.1636,27382.8325,27375.1035,0.0112,0.0656,16370.4171,16389.3312,1775751956318220527
heartrate,no_sharing_tpc,107.6186,43617.3718,27382.8325,27375.1035,0.0112,0.0656,16215.6034,16234.5393,1775751956318220527
heartrate,no_sharing_tpc,107.6623,43573.6701,27382.8325,27375.1035,0.0112,0.0656,16171.8814,16190.8377,1775751956318220527
heartrate,no_sharing_tpc,107.9183,43317.7397,27382.8325,27375.1035,0.0112,0.0656,15915.9303,15934.9073,1775751956318220527
heartrate,no_sharing_tpc,108.2273,43008.6832,27382.8325,27375.1035,0.0112,0.0656,15606.8535,15625.8508,1775751956318220527
heartrate,no_sharing_tpc,108.243,42992.9883,27382.8325,27375.1035,0.0112,0.0656,15591.1393,15610.1559,1775751956318220527
heartrate,no_sharing_tpc,108.4271,42808.9685,27382.8325,27375.1035,0.0112,0.0656,15407.1004,15426.1361,1775751956318220527
heartrate,no_sharing_tpc,108.4495,42786.5255,27382.8325,27375.1035,0.0112,0.0656,15384.6378,15403.693,1775751956318220527
heartrate,no_sharing_tpc,108.8446,42391.4857,27382.8325,27375.1035,0.0112,0.0656,14989.5794,15008.6532,1775751956318220527
heartrate,no_sharing_tpc,108.9081,42328.0177,27382.8325,27375.1035,0.0112,0.0656,14926.0912,14945.1853,1775751956318220527
heartrate,no_sharing_tpc,109.256,41980.1197,27382.8325,27375.1035,0.0112,0.0656,14578.1741,14597.2873,1775751956318220527
heartrate,no_sharing_tpc,109.3712,41864.9652,27382.8325,27375.1035,0.0112,0.0656,14463.0005,14482.1327,1775751956318220527
heartrate,no_sharing_tpc,109.6278,41608.4385,27382.8325,27375.1035,0.0112,0.0656,14206.4028,14225.606,1775751956318220527
heartrate,no_sharing_tpc,124.7422,59926.5387,33433.2984,33425.5503,0.0113,0.0659,26491.8029,26493.2403,1775751983718018822
heartrate,no_sharing_tpc,124.9173,59751.6844,33433.2984,33425.5503,0.0113,0.0659,26316.7284,26318.386,1775751983718018822
heartrate,no_sharing_tpc,124.9639,59705.8969,33433.2984,33425.5503,0.0113,0.0659,26270.0701,26272.5984,1775751983718018822
heartrate,no_sharing_tpc,125.0148,59655.0612,33433.2984,33425.5503,0.0113,0.0659,26219.2104,26221.7628,1775751983718018822
heartrate,no_sharing_tpc,125.1706,59499.2037,33433.2984,33425.5503,0.0113,0.0659,26063.3373,26065.9052,1775751983718018822
heartrate,no_sharing_tpc,125.2106,59459.3041,33433.2984,33425.5503,0.0113,0.0659,26023.4237,26026.0057,1775751983718018822
heartrate,no_sharing_tpc,125.2639,59406.2929,33433.2984,33425.5503,0.0113,0.0659,25970.0627,25972.9945,1775751983718018822
heartrate,no_sharing_tpc,125.327,59343.6029,33433.2984,33425.5503,0.0113,0.0659,25906.9879,25910.3045,1775751983718018822
heartrate,no_sharing_tpc,125.389,59281.6656,33433.2984,33425.5503,0.0113,0.0659,25845.0296,25848.3671,1775751983718018822
heartrate,no_sharing_tpc,125.6158,59055.1624,33433.2984,33425.5503,0.0113,0.0659,25618.1569,25621.864,1775751983718018822
heartrate,no_sharing_tpc,125.6735,58997.5131,33433.2984,33425.5503,0.0113,0.0659,25560.4868,25564.2146,1775751983718018822
heartrate,no_sharing_tpc,125.9179,58753.4845,33433.2984,33425.5503,0.0113,0.0659,25316.0763,25320.186,1775751983718018822
heartrate,no_sharing_tpc,126.0457,58625.7608,33433.2984,33425.5503,0.0113,0.0659,25188.3321,25192.4624,1775751983718018822
heartrate,no_sharing_tpc,126.0883,58583.4725,33433.2984,33425.5503,0.0113,0.0659,25145.6389,25150.174,1775751983718018822
heartrate,no_sharing_tpc,126.1737,58498.1177,33433.2984,33425.5503,0.0113,0.0659,25060.2641,25064.8192,1775751983718018822
heartrate,no_sharing_tpc,126.4737,58198.2939,33433.2984,33425.5503,0.0113,0.0659,24760.2668,24764.9955,1775751983718018822
heartrate,no_sharing_tpc,126.7388,57933.197,33433.2984,33425.5503,0.0113,0.0659,24495.1513,24499.8986,1775751983718018822
heartrate,no_sharing_tpc,126.7895,57882.5433,33433.2984,33425.5503,0.0113,0.0659,24444.484,24449.2449,1775751983718018822
heartrate,no_sharing_tpc,126.9565,57715.5647,33433.2984,33425.5503,0.0113,0.0659,24277.4916,24282.2663,1775751983718018822
heartrate,no_sharing_tpc,127.1016,57570.4651,33433.2984,33425.5503,0.0113,0.0659,24132.3431,24137.1666,1775751983718018822
diasbp,no_sharing_tpc,0.0002,744.6773,740.4362,363.6171,0.0044,376.1996,2.9814,4.2411,1775751832487258570
diasbp,no_sharing_tpc,0.0748,2277.2024,1606.4131,197.2661,0.0024,281.7612,670.0473,670.7893,1775751833228915210
diasbp,no_sharing_tpc,0.1722,2179.8947,1606.4131,197.2661,0.0024,281.7612,572.6416,573.4816,1775751833228915210
diasbp,no_sharing_tpc,0.4134,1938.9365,1606.4131,197.2661,0.0024,281.7612,331.4357,332.5234,1775751833228915210
diasbp,no_sharing_tpc,0.6287,1723.7258,1606.4131,197.2661,0.0024,281.7612,116.2152,117.3127,1775751833228915210
diasbp,no_sharing_tpc,0.7428,1609.6544,1606.4131,197.2661,0.0024,281.7612,2.0416,3.2413,1775751833228915210
diasbp,no_sharing_tpc,0.7611,3992.202,2399.828,317.0889,0.0029,297.4708,1591.4667,1592.3741,1775751834836585238
diasbp,no_sharing_tpc,0.9188,3834.4746,2399.828,317.0889,0.0029,297.4708,1433.7246,1434.6466,1775751834836585238
diasbp,no_sharing_tpc,1.296,3457.3159,2399.828,317.0889,0.0029,297.4708,1056.5383,1057.488,1775751834836585238
diasbp,no_sharing_tpc,1.5574,3196.1749,2399.828,317.0889,0.0029,297.4708,795.2011,796.3469,1775751834836585238
diasbp,no_sharing_tpc,1.9048,2848.9268,2399.828,317.0889,0.0029,297.4708,447.7053,449.0988,1775751834836585238
diasbp,no_sharing_tpc,1.9838,2770.1786,2399.828,317.0889,0.0029,297.4708,368.705,370.3506,1775751834836585238
diasbp,no_sharing_tpc,2.126,2628.1829,2399.828,317.0889,0.0029,297.4708,226.5728,228.3549,1775751834836585238
diasbp,no_sharing_tpc,2.6324,6620.6679,4496.5474,611.6176,0.0019,298.8076,2121.6648,2124.1205,1775751837238093066
diasbp,no_sharing_tpc,2.7771,6476.5518,4496.5474,611.6176,0.0019,298.8076,1976.9843,1980.0044,1775751837238093066
diasbp,no_sharing_tpc,2.7814,6472.2326,4496.5474,611.6176,0.0019,298.8076,1972.6439,1975.6852,1775751837238093066
diasbp,no_sharing_tpc,3.1843,6069.3281,4496.5474,611.6176,0.0019,298.8076,1569.7238,1572.7807,1775751837238093066
diasbp,no_sharing_tpc,3.376,5877.723,4496.5474,611.6176,0.0019,298.8076,1378.1037,1381.1756,1775751837238093066
diasbp,no_sharing_tpc,3.7144,5539.85,4496.5474,611.6176,0.0019,298.8076,1039.6233,1043.3026,1775751837238093066
diasbp,no_sharing_tpc,3.7571,5497.1995,4496.5474,611.6176,0.0019,298.8076,996.953,1000.6521,1775751837238093066
diasbp,no_sharing_tpc,3.7988,5455.5473,4496.5474,611.6176,0.0019,298.8076,955.2863,958.9999,1775751837238093066
diasbp,no_sharing_tpc,4.4793,4775.0351,4496.5474,611.6176,0.0019,298.8076,274.7607,278.4877,1775751837238093066
diasbp,no_sharing_tpc,4.5028,4751.8284,4496.5474,611.6176,0.0019,298.8076,251.2999,255.281,1775751837238093066
diasbp,no_sharing_tpc,4.5465,4708.276,4496.5474,611.6176,0.0019,298.8076,207.5903,211.7286,1775751837238093066
diasbp,no_sharing_tpc,4.6537,4601.0511,4496.5474,611.6176,0.0019,298.8076,100.3473,104.5037,1775751837238093066
diasbp,no_sharing_tpc,4.6824,4572.4061,4496.5474,611.6176,0.0019,298.8076,71.6548,75.8586,1775751837238093066
diasbp,no_sharing_tpc,4.9486,11499.2757,7189.907,693.5395,0.0131,309.278,4307.4734,4309.3687,1775751841740143937
diasbp,no_sharing_tpc,5.0354,11412.7562,7189.907,693.5395,0.0131,309.278,4220.6752,4222.8492,1775751841740143937
diasbp,no_sharing_tpc,5.5239,10924.2895,7189.907,693.5395,0.0131,309.278,3732.1863,3734.3825,1775751841740143937
diasbp,no_sharing_tpc,5.6141,10834.5363,7189.907,693.5395,0.0131,309.278,3642.0472,3644.6293,1775751841740143937
diasbp,no_sharing_tpc,5.694,10754.7641,7189.907,693.5395,0.0131,309.278,3562.1548,3564.8571,1775751841740143937
diasbp,no_sharing_tpc,5.7839,10665.128,7189.907,693.5395,0.0131,309.278,3472.2457,3475.221,1775751841740143937
diasbp,no_sharing_tpc,6.347,10101.9635,7189.907,693.5395,0.0131,309.278,2909.0619,2912.0566,1775751841740143937
diasbp,no_sharing_tpc,6.6993,9750.237,7189.907,693.5395,0.0131,309.278,2556.8056,2560.33,1775751841740143937
diasbp,no_sharing_tpc,6.8587,9590.8213,7189.907,693.5395,0.0131,309.278,2397.3699,2400.9143,1775751841740143937
diasbp,no_sharing_tpc,7.0102,9439.5235,7189.907,693.5395,0.0131,309.278,2245.939,2249.6165,1775751841740143937
diasbp,no_sharing_tpc,7.5701,8879.6329,7189.907,693.5395,0.0131,309.278,1685.9851,1689.726,1775751841740143937
diasbp,no_sharing_tpc,8.0217,8428.421,7189.907,693.5395,0.0131,309.278,1234.4356,1238.5141,1775751841740143937
diasbp,no_sharing_tpc,8.0573,8392.7703,7189.907,693.5395,0.0131,309.278,1198.7667,1202.8633,1775751841740143937
diasbp,no_sharing_tpc,8.061,8389.6143,7189.907,693.5395,0.0131,309.278,1195.091,1199.7074,1775751841740143937
diasbp,no_sharing_tpc,8.1514,8299.2828,7189.907,693.5395,0.0131,309.278,1104.7401,1109.3758,1775751841740143937
diasbp,no_sharing_tpc,8.246,8204.7923,7189.907,693.5395,0.0131,309.278,1010.0625,1014.8853,1775751841740143937
diasbp,no_sharing_tpc,8.3075,8143.5671,7189.907,693.5395,0.0131,309.278,948.6508,953.6601,1775751841740143937
diasbp,no_sharing_tpc,8.4794,7971.7975,7189.907,693.5395,0.0131,309.278,776.6962,781.8905,1775751841740143937
diasbp,no_sharing_tpc,8.6344,7817.0202,7189.907,693.5395,0.0131,309.278,621.7458,627.1132,1775751841740143937
diasbp,no_sharing_tpc,9.0221,7429.3942,7189.907,693.5395,0.0131,309.278,233.9947,239.4873,1775751841740143937
diasbp,no_sharing_tpc,9.2323,7219.1966,7189.907,693.5395,0.0131,309.278,23.7601,29.2896,1775751841740143937
diasbp,no_sharing_tpc,9.2521,21333.3728,14130.5008,198.6527,0.0059,339.7819,7200.9861,7202.8721,1775751848937078073
diasbp,no_sharing_tpc,9.4484,21137.3835,14130.5008,198.6527,0.0059,339.7819,7004.658,7006.8827,1775751848937078073
diasbp,no_sharing_tpc,9.6645,20921.4966,14130.5008,198.6527,0.0059,339.7819,6788.5056,6790.9959,1775751848937078073
diasbp,no_sharing_tpc,9.7339,20852.1302,14130.5008,198.6527,0.0059,339.7819,6719.1162,6721.6294,1775751848937078073
diasbp,no_sharing_tpc,9.846,20740.3936,14130.5008,198.6527,0.0059,339.7819,6607.0273,6609.8929,1775751848937078073
diasbp,no_sharing_tpc,10.0411,20545.2976,14130.5008,198.6527,0.0059,339.7819,6411.9122,6414.7969,1775751848937078073
diasbp,no_sharing_tpc,10.2363,20350.498,14130.5008,198.6527,0.0059,339.7819,6216.7618,6219.9972,1775751848937078073
diasbp,no_sharing_tpc,10.6987,19888.1121,14130.5008,198.6527,0.0059,339.7819,5754.3559,5757.6113,1775751848937078073
diasbp,no_sharing_tpc,10.8683,19719.0118,14130.5008,198.6527,0.0059,339.7819,5584.7442,5588.511,1775751848937078073
diasbp,no_sharing_tpc,11.1857,19401.6426,14130.5008,198.6527,0.0059,339.7819,5267.3562,5271.1418,1775751848937078073
diasbp,no_sharing_tpc,11.3737,19213.8097,14130.5008,198.6527,0.0059,339.7819,5079.3931,5083.309,1775751848937078073
diasbp,no_sharing_tpc,11.4394,19148.1397,14130.5008,198.6527,0.0059,339.7819,5013.6609,5017.639,1775751848937078073
diasbp,no_sharing_tpc,11.7375,18850.4994,14130.5008,198.6527,0.0059,339.7819,4715.5676,4719.9986,1775751848937078073
diasbp,no_sharing_tpc,11.8396,18749.4216,14130.5008,198.6527,0.0059,339.7819,4613.4806,4618.9208,1775751848937078073
diasbp,no_sharing_tpc,12.2782,18310.7924,14130.5008,198.6527,0.0059,339.7819,4174.8178,4180.2917,1775751848937078073
diasbp,no_sharing_tpc,12.7977,17791.8148,14130.5008,198.6527,0.0059,339.7819,3655.3469,3661.314,1775751848937078073
diasbp,no_sharing_tpc,12.8302,17759.8855,14130.5008,198.6527,0.0059,339.7819,3622.8304,3629.3848,1775751848937078073
diasbp,no_sharing_tpc,13.0578,17532.3157,14130.5008,198.6527,0.0059,339.7819,3395.2398,3401.815,1775751848937078073
diasbp,no_sharing_tpc,13.2917,17298.481,14130.5008,198.6527,0.0059,339.7819,3161.3903,3167.9802,1775751848937078073
diasbp,no_sharing_tpc,13.5202,17070.7748,14130.5008,198.6527,0.0059,339.7819,2932.8458,2940.274,1775751848937078073
diasbp,no_sharing_tpc,13.5758,17015.1622,14130.5008,198.6527,0.0059,339.7819,2877.2123,2884.6615,1775751848937078073
diasbp,no_sharing_tpc,13.6525,16939.1174,14130.5008,198.6527,0.0059,339.7819,2800.5121,2808.6167,1775751848937078073
diasbp,no_sharing_tpc,13.6952,16896.4436,14130.5008,198.6527,0.0059,339.7819,2757.8163,2765.9428,1775751848937078073
diasbp,no_sharing_tpc,13.8547,16737.0195,14130.5008,198.6527,0.0059,339.7819,2598.3784,2606.5188,1775751848937078073
diasbp,no_sharing_tpc,13.9499,16641.788,14130.5008,198.6527,0.0059,339.7819,2503.1343,2511.2872,1775751848937078073
diasbp,no_sharing_tpc,13.9656,16626.6475,14130.5008,198.6527,0.0059,339.7819,2487.4189,2496.1467,1775751848937078073
diasbp,no_sharing_tpc,13.9804,16611.9168,14130.5008,198.6527,0.0059,339.7819,2472.6694,2481.416,1775751848937078073
diasbp,no_sharing_tpc,14.0291,16563.2207,14130.5008,198.6527,0.0059,339.7819,2423.9597,2432.72,1775751848937078073
diasbp,no_sharing_tpc,14.4923,16100.5466,14130.5008,198.6527,0.0059,339.7819,1960.7666,1970.0458,1775751848937078073
diasbp,no_sharing_tpc,14.6884,15904.4006,14130.5008,198.6527,0.0059,339.7819,1764.6015,1773.8998,1775751848937078073
diasbp,no_sharing_tpc,14.9784,15614.4409,14130.5008,198.6527,0.0059,339.7819,1474.6168,1483.9402,1775751848937078073
diasbp,no_sharing_tpc,14.9931,15599.7682,14130.5008,198.6527,0.0059,339.7819,1459.9316,1469.2674,1775751848937078073
diasbp,no_sharing_tpc,15.2068,15386.0757,14130.5008,198.6527,0.0059,339.7819,1246.2261,1255.575,1775751848937078073
diasbp,no_sharing_tpc,15.5536,15039.6047,14130.5008,198.6527,0.0059,339.7819,899.426,909.1039,1775751848937078073
diasbp,no_sharing_tpc,16.0072,14586.0059,14130.5008,198.6527,0.0059,339.7819,445.8096,455.5052,1775751848937078073
diasbp,no_sharing_tpc,16.068,14525.2993,14130.5008,198.6527,0.0059,339.7819,385.0839,394.7986,1775751848937078073
diasbp,no_sharing_tpc,16.0708,14522.4535,14130.5008,198.6527,0.0059,339.7819,382.2265,391.9528,1775751848937078073
diasbp,no_sharing_tpc,16.1851,14408.2294,14130.5008,198.6527,0.0059,339.7819,267.9901,277.7286,1775751848937078073
diasbp,no_sharing_tpc,16.2743,14319.0403,14130.5008,198.6527,0.0059,339.7819,178.7395,188.5395,1775751848937078073
diasbp,no_sharing_tpc,16.3523,14241.019,14130.5008,198.6527,0.0059,339.7819,100.7042,110.5183,1775751848937078073
diasbp,no_sharing_tpc,16.4454,14147.9979,14130.5008,198.6527,0.0059,339.7819,7.6699,17.4971,1775751848937078073
diasbp,no_sharing_tpc,16.4557,36961.2575,22821.0938,278.0275,0.0064,331.5027,14138.4518,14140.1636,1775751863078219662
diasbp,no_sharing_tpc,16.57,36847.3551,22821.0938,278.0275,0.0064,331.5027,14024.1594,14026.2613,1775751863078219662
diasbp,no_sharing_tpc,16.8306,36586.7887,22821.0938,278.0275,0.0064,331.5027,13763.5603,13765.6948,1775751863078219662
diasbp,no_sharing_tpc,16.9738,36444.2084,22821.0938,278.0275,0.0064,331.5027,13620.4252,13623.1145,1775751863078219662
diasbp,no_sharing_tpc,17.1633,36254.6999,22821.0938,278.0275,0.0064,331.5027,13430.8968,13433.6061,1775751863078219662
diasbp,no_sharing_tpc,17.7618,35656.379,22821.0938,278.0275,0.0064,331.5027,12832.3507,12835.2851,1775751863078219662
diasbp,no_sharing_tpc,17.8028,35615.6881,22821.0938,278.0275,0.0064,331.5027,12791.3938,12794.5942,1775751863078219662
diasbp,no_sharing_tpc,18.0301,35388.5462,22821.0938,278.0275,0.0064,331.5027,12564.0528,12567.4524,1775751863078219662
diasbp,no_sharing_tpc,18.1037,35314.9724,22821.0938,278.0275,0.0064,331.5027,12490.4602,12493.8786,1775751863078219662
diasbp,no_sharing_tpc,18.1989,35220.0379,22821.0938,278.0275,0.0064,331.5027,12395.3314,12398.9441,1775751863078219662
diasbp,no_sharing_tpc,18.2929,35126.2462,22821.0938,278.0275,0.0064,331.5027,12301.3248,12305.1524,1775751863078219662
diasbp,no_sharing_tpc,19.0067,34412.6747,22821.0938,278.0275,0.0064,331.5027,11587.4949,11591.5808,1775751863078219662
diasbp,no_sharing_tpc,19.2005,34219.0824,22821.0938,278.0275,0.0064,331.5027,11393.6849,11397.9885,1775751863078219662
diasbp,no_sharing_tpc,19.2337,34185.9229,22821.0938,278.0275,0.0064,331.5027,11360.5068,11364.829,1775751863078219662
diasbp,no_sharing_tpc,19.4526,33967.1934,22821.0938,278.0275,0.0064,331.5027,11141.5577,11146.0995,1775751863078219662
diasbp,no_sharing_tpc,19.6164,33803.5049,22821.0938,278.0275,0.0064,331.5027,10977.7374,10982.4111,1775751863078219662
diasbp,no_sharing_tpc,19.6484,33771.6203,22821.0938,278.0275,0.0064,331.5027,10945.8358,10950.5264,1775751863078219662
diasbp,no_sharing_tpc,19.7758,33644.6662,22821.0938,278.0275,0.0064,331.5027,10818.4268,10823.5723,1775751863078219662
diasbp,no_sharing_tpc,19.8278,33592.6883,22821.0938,278.0275,0.0064,331.5027,10766.4287,10771.5945,1775751863078219662
diasbp,no_sharing_tpc,20.1548,33265.9616,22821.0938,278.0275,0.0064,331.5027,10439.4355,10444.8678,1775751863078219662
diasbp,no_sharing_tpc,20.1691,33251.8251,22821.0938,278.0275,0.0064,331.5027,10425.0772,10430.7312,1775751863078219662
diasbp,no_sharing_tpc,20.5397,32881.2697,22821.0938,278.0275,0.0064,331.5027,10054.5006,10060.1758,1775751863078219662
diasbp,no_sharing_tpc,20.9118,32509.4423,22821.0938,278.0275,0.0064,331.5027,9682.4296,9688.3485,1775751863078219662
diasbp,no_sharing_tpc,20.9691,32452.3125,22821.0938,278.0275,0.0064,331.5027,9625.0613,9631.2186,1775751863078219662
diasbp,no_sharing_tpc,21.1549,32266.6106,22821.0938,278.0275,0.0064,331.5027,9439.2548,9445.5168,1775751863078219662
diasbp,no_sharing_tpc,21.4784,31943.1586,22821.0938,278.0275,0.0064,331.5027,9115.7854,9122.0648,1775751863078219662
diasbp,no_sharing_tpc,22.0871,31334.7027,22821.0938,278.0275,0.0064,331.5027,8507.0751,8513.6089,1775751863078219662
diasbp,no_sharing_tpc,22.2194,31202.7066,22821.0938,278.0275,0.0064,331.5027,8374.7401,8381.6127,1775751863078219662
diasbp,no_sharing_tpc,22.3003,31121.8932,22821.0938,278.0275,0.0064,331.5027,8293.9081,8300.7993,1775751863078219662
diasbp,no_sharing_tpc,22.4791,30943.4235,22821.0938,278.0275,0.0064,331.5027,8115.1121,8122.3297,1775751863078219662
diasbp,no_sharing_tpc,22.5238,30898.6855,22821.0938,278.0275,0.0064,331.5027,8070.3547,8077.5916,1775751863078219662
diasbp,no_sharing_tpc,22.7696,30653.2898,22821.0938,278.0275,0.0064,331.5027,7824.635,7832.1959,1775751863078219662
diasbp,no_sharing_tpc,22.8152,30607.6417,22821.0938,278.0275,0.0064,331.5027,7778.9681,7786.5479,1775751863078219662
diasbp,no_sharing_tpc,23.0003,30422.8518,22821.0938,278.0275,0.0064,331.5027,7593.8492,7601.758,1775751863078219662
diasbp,no_sharing_tpc,23.1528,30270.4451,22821.0938,278.0275,0.0064,331.5027,7441.4239,7449.3513,1775751863078219662
diasbp,no_sharing_tpc,23.4578,29965.7714,22821.0938,278.0275,0.0064,331.5027,7136.4164,7144.6776,1775751863078219662
diasbp,no_sharing_tpc,23.758,29665.518,22821.0938,278.0275,0.0064,331.5027,6836.144,6844.4242,1775751863078219662
diasbp,no_sharing_tpc,24.0832,29340.8089,22821.0938,278.0275,0.0064,331.5027,6511.0018,6519.715,1775751863078219662
diasbp,no_sharing_tpc,24.4862,28937.7775,22821.0938,278.0275,0.0064,331.5027,6107.9512,6116.6837,1775751863078219662
diasbp,no_sharing_tpc,24.5599,28864.2597,22821.0938,278.0275,0.0064,331.5027,6034.2431,6043.1659,1775751863078219662
diasbp,no_sharing_tpc,24.7598,28664.5739,22821.0938,278.0275,0.0064,331.5027,5834.3639,5843.4801,1775751863078219662
diasbp,no_sharing_tpc,25.0362,28388.355,22821.0938,278.0275,0.0064,331.5027,5557.9569,5567.2612,1775751863078219662
diasbp,no_sharing_tpc,25.2173,28207.5348,22821.0938,278.0275,0.0064,331.5027,5376.9197,5386.4409,1775751863078219662
diasbp,no_sharing_tpc,25.2429,28182.1666,22821.0938,278.0275,0.0064,331.5027,5351.2485,5361.0727,1775751863078219662
diasbp,no_sharing_tpc,25.8636,27561.7261,22821.0938,278.0275,0.0064,331.5027,4730.6111,4740.6322,1775751863078219662
diasbp,no_sharing_tpc,26.2873,27137.9895,22821.0938,278.0275,0.0064,331.5027,4306.855,4316.8957,1775751863078219662
diasbp,no_sharing_tpc,26.3931,27032.4817,22821.0938,278.0275,0.0064,331.5027,4201.1302,4211.3878,1775751863078219662
diasbp,no_sharing_tpc,26.5212,26904.6371,22821.0938,278.0275,0.0064,331.5027,4072.9823,4083.5433,1775751863078219662
diasbp,no_sharing_tpc,26.6129,26813.2129,22821.0938,278.0275,0.0064,331.5027,3981.2977,3992.119,1775751863078219662
diasbp,no_sharing_tpc,26.6426,26783.5414,22821.0938,278.0275,0.0064,331.5027,3951.606,3962.4476,1775751863078219662
diasbp,no_sharing_tpc,26.9565,26469.8493,22821.0938,278.0275,0.0064,331.5027,3637.639,3648.7555,1775751863078219662
diasbp,no_sharing_tpc,26.9891,26437.5625,22821.0938,278.0275,0.0064,331.5027,3605.0792,3616.4686,1775751863078219662
diasbp,no_sharing_tpc,27.0702,26356.4692,22821.0938,278.0275,0.0064,331.5027,3523.9673,3535.3753,1775751863078219662
diasbp,no_sharing_tpc,27.1563,26270.6745,22821.0938,278.0275,0.0064,331.5027,3437.8641,3449.5806,1775751863078219662
diasbp,no_sharing_tpc,27.5473,25879.7164,22821.0938,278.0275,0.0064,331.5027,3046.8845,3058.6226,1775751863078219662
diasbp,no_sharing_tpc,27.9257,25501.6208,22821.0938,278.0275,0.0064,331.5027,2668.5038,2680.5269,1775751863078219662
diasbp,no_sharing_tpc,28.1797,25247.8144,22821.0938,278.0275,0.0064,331.5027,2414.4719,2426.7206,1775751863078219662
diasbp,no_sharing_tpc,28.3943,25033.2034,22821.0938,278.0275,0.0064,331.5027,2199.8408,2212.1095,1775751863078219662
diasbp,no_sharing_tpc,28.6901,24737.6957,22821.0938,278.0275,0.0064,331.5027,1904.0401,1916.6018,1775751863078219662
diasbp,no_sharing_tpc,28.7456,24682.5716,22821.0938,278.0275,0.0064,331.5027,1848.5994,1861.4778,1775751863078219662
diasbp,no_sharing_tpc,28.849,24579.1764,22821.0938,278.0275,0.0064,331.5027,1745.1842,1758.0826,1775751863078219662
diasbp,no_sharing_tpc,28.923,24505.5573,22821.0938,278.0275,0.0064,331.5027,1671.2246,1684.4635,1775751863078219662
diasbp,no_sharing_tpc,28.9714,24457.1571,22821.0938,278.0275,0.0064,331.5027,1622.8042,1636.0633,1775751863078219662
diasbp,no_sharing_tpc,29.2482,24180.5828,22821.0938,278.0275,0.0064,331.5027,1345.9711,1359.4889,1775751863078219662
diasbp,no_sharing_tpc,29.7253,23703.5303,22821.0938,278.0275,0.0064,331.5027,868.8986,882.4365,1775751863078219662
diasbp,no_sharing_tpc,29.7302,23698.8206,22821.0938,278.0275,0.0064,331.5027,864.0237,877.7267,1775751863078219662
diasbp,no_sharing_tpc,30.4283,23000.6542,22821.0938,278.0275,0.0064,331.5027,165.8394,179.5604,1775751863078219662
diasbp,no_sharing_tpc,30.4728,22956.2848,22821.0938,278.0275,0.0064,331.5027,121.4237,135.1909,1775751863078219662
diasbp,no_sharing_tpc,30.5877,23265.7485,421.8241,413.7604,0.006,0.0712,22842.5612,22843.9244,1775751885914287374
diasbp,no_sharing_tpc,30.5888,23264.6267,421.8241,413.7604,0.006,0.0712,22841.4164,22842.8026,1775751885914287374
diasbp,no_sharing_tpc,30.6238,23230.1321,421.8241,413.7604,0.006,0.0712,22806.4156,22808.308,1775751885914287374
diasbp,no_sharing_tpc,30.8725,22981.4501,421.8241,413.7604,0.006,0.0712,22557.7118,22559.626,1775751885914287374
diasbp,no_sharing_tpc,31.108,22746.2845,421.8241,413.7604,0.006,0.0712,22322.2468,22324.4604,1775751885914287374
diasbp,no_sharing_tpc,31.1414,22713.2936,421.8241,413.7604,0.006,0.0712,22288.877,22291.4694,1775751885914287374
diasbp,no_sharing_tpc,31.2975,22557.2143,421.8241,413.7604,0.006,0.0712,22132.7755,22135.3901,1775751885914287374
diasbp,no_sharing_tpc,31.3061,22548.8734,421.8241,413.7604,0.006,0.0712,22124.1097,22127.0493,1775751885914287374
diasbp,no_sharing_tpc,31.5415,22313.5178,421.8241,413.7604,0.006,0.0712,21888.7355,21891.6937,1775751885914287374
diasbp,no_sharing_tpc,31.5993,22256.0689,421.8241,413.7604,0.006,0.0712,21830.9669,21834.2448,1775751885914287374
diasbp,no_sharing_tpc,31.664,22191.4027,421.8241,413.7604,0.006,0.0712,21766.2811,21769.5786,1775751885914287374
diasbp,no_sharing_tpc,31.6876,22168.1492,421.8241,413.7604,0.006,0.0712,21742.6069,21746.3251,1775751885914287374
diasbp,no_sharing_tpc,31.9754,21880.4131,421.8241,413.7604,0.006,0.0712,21454.8512,21458.5889,1775751885914287374
diasbp,no_sharing_tpc,32.522,21334.285,421.8241,413.7604,0.006,0.0712,20908.2844,20912.4609,1775751885914287374
diasbp,no_sharing_tpc,32.815,21041.3296,421.8241,413.7604,0.006,0.0712,20615.2949,20619.5055,1775751885914287374
diasbp,no_sharing_tpc,32.9405,20915.7939,421.8241,413.7604,0.006,0.0712,20489.7325,20493.9698,1775751885914287374
diasbp,no_sharing_tpc,33.1173,20740.026,421.8241,413.7604,0.006,0.0712,20312.9165,20318.2019,1775751885914287374
diasbp,no_sharing_tpc,33.309,20548.3754,421.8241,413.7604,0.006,0.0712,20121.2258,20126.5512,1775751885914287374
diasbp,no_sharing_tpc,33.4941,20363.3716,421.8241,413.7604,0.006,0.0712,19936.1944,19941.5475,1775751885914287374
diasbp,no_sharing_tpc,33.5048,20353.1318,421.8241,413.7604,0.006,0.0712,19925.4324,19931.3076,1775751885914287374
diasbp,no_sharing_tpc,33.5215,20336.4701,421.8241,413.7604,0.006,0.0712,19908.7491,19914.646,1775751885914287374
diasbp,no_sharing_tpc,33.5412,20316.8235,421.8241,413.7604,0.006,0.0712,19889.0877,19894.9994,1775751885914287374
diasbp,no_sharing_tpc,34.0287,19829.3457,421.8241,413.7604,0.006,0.0712,19401.5963,19407.5216,1775751885914287374
diasbp,no_sharing_tpc,34.1148,19743.8424,421.8241,413.7604,0.006,0.0712,19315.4137,19322.0182,1775751885914287374
diasbp,no_sharing_tpc,34.2332,19625.5407,421.8241,413.7604,0.006,0.0712,19197.089,19203.7166,1775751885914287374
diasbp,no_sharing_tpc,34.3282,19530.5617,421.8241,413.7604,0.006,0.0712,19102.0939,19108.7376,1775751885914287374
diasbp,no_sharing_tpc,34.7189,19140.7845,421.8241,413.7604,0.006,0.0712,18711.386,18718.9604,1775751885914287374
diasbp,no_sharing_tpc,35.1464,18713.2428,421.8241,413.7604,0.006,0.0712,18283.8187,18291.4186,1775751885914287374
diasbp,no_sharing_tpc,35.6554,18204.2973,421.8241,413.7604,0.006,0.0712,17774.8563,17782.4732,1775751885914287374
diasbp,no_sharing_tpc,36.3755,17484.2236,421.8241,413.7604,0.006,0.0712,17054.7676,17062.3995,1775751885914287374
diasbp,no_sharing_tpc,36.4312,17429.2731,421.8241,413.7604,0.006,0.0712,16999.0988,17007.449,1775751885914287374
diasbp,no_sharing_tpc,36.4795,17380.9481,421.8241,413.7604,0.006,0.0712,16950.7527,16959.1239,1775751885914287374
diasbp,no_sharing_tpc,36.5192,17341.2952,421.8241,413.7604,0.006,0.0712,16911.0839,16919.4711,1775751885914287374
diasbp,no_sharing_tpc,36.7681,17092.376,421.8241,413.7604,0.006,0.0712,16662.1494,16670.5519,1775751885914287374
diasbp,no_sharing_tpc,36.8273,17033.2091,421.8241,413.7604,0.006,0.0712,16602.9687,16611.385,1775751885914287374
diasbp,no_sharing_tpc,36.9684,16892.1409,421.8241,413.7604,0.006,0.0712,16461.8862,16470.3167,1775751885914287374
diasbp,no_sharing_tpc,37.0881,16772.3985,421.8241,413.7604,0.006,0.0712,16342.1302,16350.5743,1775751885914287374
diasbp,no_sharing_tpc,37.3562,16505.0702,421.8241,413.7604,0.006,0.0712,16074.0557,16083.2461,1775751885914287374
diasbp,no_sharing_tpc,37.476,16385.3309,421.8241,413.7604,0.006,0.0712,15954.2949,15963.5068,1775751885914287374
diasbp,no_sharing_tpc,37.5036,16357.6791,421.8241,413.7604,0.006,0.0712,15926.6281,15935.855,1775751885914287374
diasbp,no_sharing_tpc,37.5876,16273.6821,421.8241,413.7604,0.006,0.0712,15842.6166,15851.858,1775751885914287374
diasbp,no_sharing_tpc,37.6153,16246.031,421.8241,413.7604,0.006,0.0712,15814.9514,15824.2069,1775751885914287374
diasbp,no_sharing_tpc,37.7093,16152.0112,421.8241,413.7604,0.006,0.0712,15720.9177,15730.187,1775751885914287374
diasbp,no_sharing_tpc,38.4292,15432.9307,421.8241,413.7604,0.006,0.0712,15001.0476,15011.1066,1775751885914287374
diasbp,no_sharing_tpc,38.6202,15241.9977,421.8241,413.7604,0.006,0.0712,14810.0922,14820.1736,1775751885914287374
diasbp,no_sharing_tpc,38.7256,15136.6565,421.8241,413.7604,0.006,0.0712,14704.6914,14714.8324,1775751885914287374
diasbp,no_sharing_tpc,38.9295,14932.7815,421.8241,413.7604,0.006,0.0712,14500.8011,14510.9573,1775751885914287374
diasbp,no_sharing_tpc,38.9341,14928.1266,421.8241,413.7604,0.006,0.0712,14496.1324,14506.3025,1775751885914287374
diasbp,no_sharing_tpc,39.2887,14573.57,421.8241,413.7604,0.006,0.0712,14141.5617,14151.7459,1775751885914287374
diasbp,no_sharing_tpc,39.2924,14570.5125,421.8241,413.7604,0.006,0.0712,14137.8636,14148.6884,1775751885914287374
diasbp,no_sharing_tpc,39.5297,14333.2193,421.8241,413.7604,0.006,0.0712,13900.5485,13911.3952,1775751885914287374
diasbp,no_sharing_tpc,39.6234,14239.5287,421.8241,413.7604,0.006,0.0712,13806.8435,13817.7045,1775751885914287374
diasbp,no_sharing_tpc,39.6261,14236.8829,421.8241,413.7604,0.006,0.0712,13804.184,13815.0588,1775751885914287374
diasbp,no_sharing_tpc,39.8044,14058.5635,421.8241,413.7604,0.006,0.0712,13625.8507,13636.7393,1775751885914287374
diasbp,no_sharing_tpc,40.069,13793.9856,421.8241,413.7604,0.006,0.0712,13361.2595,13372.1615,1775751885914287374
diasbp,no_sharing_tpc,40.0757,13787.931,421.8241,413.7604,0.006,0.0712,13354.5928,13366.1068,1775751885914287374
diasbp,no_sharing_tpc,40.35,13513.6168,421.8241,413.7604,0.006,0.0712,13080.2574,13091.7927,1775751885914287374
diasbp,no_sharing_tpc,40.39,13473.5823,421.8241,413.7604,0.006,0.0712,13040.2079,13051.7581,1775751885914287374
diasbp,no_sharing_tpc,40.4347,13428.9196,421.8241,413.7604,0.006,0.0712,12995.5311,13007.0954,1775751885914287374
diasbp,no_sharing_tpc,40.564,13299.7005,421.8241,413.7604,0.006,0.0712,12866.2965,12877.8764,1775751885914287374
diasbp,no_sharing_tpc,40.5896,13274.837,421.8241,413.7604,0.006,0.0712,12840.6336,12853.0129,1775751885914287374
diasbp,no_sharing_tpc,40.8829,12981.6051,421.8241,413.7604,0.006,0.0712,12547.3797,12559.7809,1775751885914287374
diasbp,no_sharing_tpc,40.9564,12908.0448,421.8241,413.7604,0.006,0.0712,12473.8038,12486.2207,1775751885914287374
diasbp,no_sharing_tpc,41.6464,12218.1301,421.8241,413.7604,0.006,0.0712,11783.8757,11796.306,1775751885914287374
diasbp,no_sharing_tpc,41.7252,12139.3075,421.8241,413.7604,0.006,0.0712,11705.0395,11717.4834,1775751885914287374
diasbp,no_sharing_tpc,41.8231,12042.1283,421.8241,413.7604,0.006,0.0712,11607.1954,11620.3042,1775751885914287374
diasbp,no_sharing_tpc,41.8861,11979.1021,421.8241,413.7604,0.006,0.0712,11544.1475,11557.278,1775751885914287374
diasbp,no_sharing_tpc,42.0844,11780.8299,421.8241,413.7604,0.006,0.0712,11345.86,11359.0058,1775751885914287374
diasbp,no_sharing_tpc,42.5081,11357.121,421.8241,413.7604,0.006,0.0712,10922.1373,10935.2969,1775751885914287374
diasbp,no_sharing_tpc,42.5228,11342.473,421.8241,413.7604,0.006,0.0712,10907.4762,10920.6489,1775751885914287374
diasbp,no_sharing_tpc,42.5344,11330.8156,421.8241,413.7604,0.006,0.0712,10895.8058,10908.9914,1775751885914287374
diasbp,no_sharing_tpc,42.769,11096.9028,421.8241,413.7604,0.006,0.0712,10661.248,10675.0787,1775751885914287374
diasbp,no_sharing_tpc,42.8096,11056.3223,421.8241,413.7604,0.006,0.0712,10620.6317,10634.4982,1775751885914287374
diasbp,no_sharing_tpc,43.0601,10805.8834,421.8241,413.7604,0.006,0.0712,10370.1751,10384.0593,1775751885914287374
diasbp,no_sharing_tpc,43.1094,10756.5506,421.8241,413.7604,0.006,0.0712,10320.8294,10334.7264,1775751885914287374
diasbp,no_sharing_tpc,43.1759,10690.6412,421.8241,413.7604,0.006,0.0712,10254.3869,10268.817,1775751885914287374
diasbp,no_sharing_tpc,43.2243,10642.2186,421.8241,413.7604,0.006,0.0712,10205.9443,10220.3945,1775751885914287374
diasbp,no_sharing_tpc,43.5044,10362.1233,421.8241,413.7604,0.006,0.0712,9925.8075,9940.2991,1775751885914287374
diasbp,no_sharing_tpc,43.6653,10201.323,421.8241,413.7604,0.006,0.0712,9764.993,9779.4989,1775751885914287374
diasbp,no_sharing_tpc,43.9941,9872.4797,421.8241,413.7604,0.006,0.0712,9436.1355,9450.6556,1775751885914287374
diasbp,no_sharing_tpc,44.1054,9761.2147,421.8241,413.7604,0.006,0.0712,9324.8572,9339.3906,1775751885914287374
diasbp,no_sharing_tpc,44.1319,9735.3823,421.8241,413.7604,0.006,0.0712,9298.3677,9313.5582,1775751885914287374
diasbp,no_sharing_tpc,44.1663,9700.9974,421.8241,413.7604,0.006,0.0712,9263.948,9279.1732,1775751885914287374
diasbp,no_sharing_tpc,44.5583,9308.9755,421.8241,413.7604,0.006,0.0712,8871.9094,8887.1513,1775751885914287374
diasbp,no_sharing_tpc,44.8283,9039.073,421.8241,413.7604,0.006,0.0712,8601.9943,8617.2489,1775751885914287374
diasbp,no_sharing_tpc,44.918,8949.8351,421.8241,413.7604,0.006,0.0712,8512.2833,8528.0109,1775751885914287374
diasbp,no_sharing_tpc,44.9887,8879.1537,421.8241,413.7604,0.006,0.0712,8441.582,8457.3296,1775751885914287374
diasbp,no_sharing_tpc,45.047,8820.797,421.8241,413.7604,0.006,0.0712,8383.2107,8398.9728,1775751885914287374
diasbp,no_sharing_tpc,45.2212,8646.6391,421.8241,413.7604,0.006,0.0712,8209.039,8224.815,1775751885914287374
diasbp,no_sharing_tpc,45.2932,8574.6999,421.8241,413.7604,0.006,0.0712,8137.0859,8152.8758,1775751885914287374
diasbp,no_sharing_tpc,45.3108,8557.5728,421.8241,413.7604,0.006,0.0712,8119.4193,8135.7487,1775751885914287374
diasbp,no_sharing_tpc,45.3345,8533.9277,421.8241,413.7604,0.006,0.0712,8095.7463,8112.1036,1775751885914287374
diasbp,no_sharing_tpc,45.4492,8419.2147,421.8241,413.7604,0.006,0.0712,7981.0123,7997.3906,1775751885914287374
diasbp,no_sharing_tpc,45.4769,8391.8433,421.8241,413.7604,0.006,0.0712,7953.3253,7970.0192,1775751885914287374
diasbp,no_sharing_tpc,45.4886,8380.1963,421.8241,413.7604,0.006,0.0712,7941.6528,7958.3722,1775751885914287374
diasbp,no_sharing_tpc,45.7982,8070.6091,421.8241,413.7604,0.006,0.0712,7632.0448,7648.785,1775751885914287374
diasbp,no_sharing_tpc,45.8419,8026.962,421.8241,413.7604,0.006,0.0712,7588.3777,7605.1379,1775751885914287374
diasbp,no_sharing_tpc,46.3283,7540.5657,421.8241,413.7604,0.006,0.0712,7101.9616,7118.7416,1775751885914287374
diasbp,no_sharing_tpc,46.4864,7382.5665,421.8241,413.7604,0.006,0.0712,6943.8665,6960.7423,1775751885914287374
diasbp,no_sharing_tpc,46.7515,7117.4314,421.8241,413.7604,0.006,0.0712,6678.7076,6695.6073,1775751885914287374
diasbp,no_sharing_tpc,47.3151,39640.0557,33082.842,33075.6314,0.0154,0.1399,6553.0117,6557.2137,1775751886352170798
diasbp,no_sharing_tpc,47.4032,39555.5327,33082.842,33075.6314,0.0154,0.1399,6464.9663,6472.6907,1775751886352170798
diasbp,no_sharing_tpc,47.6102,39348.5899,33082.842,33075.6314,0.0154,0.1399,6257.9863,6265.7479,1775751886352170798
diasbp,no_sharing_tpc,47.6323,39326.4227,33082.842,33075.6314,0.0154,0.1399,6235.7919,6243.5807,1775751886352170798
diasbp,no_sharing_tpc,47.6318,39326.983,33082.842,33075.6314,0.0154,0.1399,6236.3279,6244.141,1775751886352170798
diasbp,no_sharing_tpc,47.7194,39239.418,33082.842,33075.6314,0.0154,0.1399,6148.7401,6156.5761,1775751886352170798
diasbp,no_sharing_tpc,49.8259,37132.8902,33082.842,33075.6314,0.0154,0.1399,4042.1872,4050.0483,1775751886352170798
diasbp,no_sharing_tpc,47.7671,39191.807,33082.842,33075.6314,0.0154,0.1399,6101.0661,6108.9651,1775751886352170798
diasbp,no_sharing_tpc,48.0107,38948.2415,33082.842,33075.6314,0.0154,0.1399,5857.4753,5865.3995,1775751886352170798
diasbp,no_sharing_tpc,47.9693,38989.5997,33082.842,33075.6314,0.0154,0.1399,5898.8111,5906.7577,1775751886352170798
diasbp,no_sharing_tpc,47.973,38990.031,33082.842,33075.6314,0.0154,0.1399,5895.1404,5907.189,1775751886352170798
diasbp,no_sharing_tpc,48.3938,38569.2804,33082.842,33075.6314,0.0154,0.1399,5474.3505,5486.4384,1775751886352170798
diasbp,no_sharing_tpc,48.5534,38409.6987,33082.842,33075.6314,0.0154,0.1399,5314.7402,5326.8568,1775751886352170798
diasbp,no_sharing_tpc,48.6318,38331.3551,33082.842,33075.6314,0.0154,0.1399,5236.3355,5248.5131,1775751886352170798
diasbp,no_sharing_tpc,48.692,38271.2157,33082.842,33075.6314,0.0154,0.1399,5176.1692,5188.3737,1775751886352170798
diasbp,no_sharing_tpc,50.1814,36781.7862,33082.842,33075.6314,0.0154,0.1399,3686.7158,3698.9442,1775751886352170798
diasbp,no_sharing_tpc,49.1338,37829.3817,33082.842,33075.6314,0.0154,0.1399,4734.2894,4746.5397,1775751886352170798
diasbp,no_sharing_tpc,49.1822,37781.0023,33082.842,33075.6314,0.0154,0.1399,4685.8885,4698.1603,1775751886352170798
diasbp,no_sharing_tpc,48.7457,38217.6175,33082.842,33075.6314,0.0154,0.1399,5122.4806,5134.7755,1775751886352170798
diasbp,no_sharing_tpc,50.3217,36641.6323,33082.842,33075.6314,0.0154,0.1399,3546.474,3558.7903,1775751886352170798
diasbp,no_sharing_tpc,50.7369,36231.1974,33082.842,33075.6314,0.0154,0.1399,3131.2175,3148.3554,1775751886352170798
diasbp,no_sharing_tpc,50.8781,36090.0631,33082.842,33075.6314,0.0154,0.1399,2990.0515,3007.2211,1775751886352170798
diasbp,no_sharing_tpc,50.9799,35988.2488,33082.842,33075.6314,0.0154,0.1399,2888.2155,2905.4069,1775751886352170798
diasbp,no_sharing_tpc,51.2473,35720.9015,33082.842,33075.6314,0.0154,0.1399,2620.847,2638.0595,1775751886352170798
diasbp,no_sharing_tpc,51.2749,35693.2631,33082.842,33075.6314,0.0154,0.1399,2593.1873,2610.4211,1775751886352170798
diasbp,no_sharing_tpc,51.4644,35503.8488,33082.842,33075.6314,0.0154,0.1399,2403.7523,2421.0068,1775751886352170798
diasbp,no_sharing_tpc,51.514,35454.2913,33082.842,33075.6314,0.0154,0.1399,2354.1529,2371.4494,1775751886352170798
diasbp,no_sharing_tpc,51.5247,35443.6045,33082.842,33075.6314,0.0154,0.1399,2343.4253,2360.7625,1775751886352170798
diasbp,no_sharing_tpc,51.5911,35382.6418,33082.842,33075.6314,0.0154,0.1399,2276.9923,2299.7998,1775751886352170798
diasbp,no_sharing_tpc,51.6907,35283.1182,33082.842,33075.6314,0.0154,0.1399,2177.4395,2200.2763,1775751886352170798
diasbp,no_sharing_tpc,51.8445,35129.3323,33082.842,33075.6314,0.0154,0.1399,2023.6104,2046.4903,1775751886352170798
diasbp,no_sharing_tpc,52.041,34932.9233,33082.842,33075.6314,0.0154,0.1399,1827.1735,1850.0813,1775751886352170798
diasbp,no_sharing_tpc,52.2815,34692.4641,33082.842,33075.6314,0.0154,0.1399,1586.6866,1609.6221,1775751886352170798
diasbp,no_sharing_tpc,52.337,34637.0196,33082.842,33075.6314,0.0154,0.1399,1531.1561,1554.1777,1775751886352170798
diasbp,no_sharing_tpc,52.3528,34621.2623,33082.842,33075.6314,0.0154,0.1399,1515.358,1538.4203,1775751886352170798
diasbp,no_sharing_tpc,52.497,34477.1276,33082.842,33075.6314,0.0154,0.1399,1371.1839,1394.2856,1775751886352170798
diasbp,no_sharing_tpc,52.5224,34451.7453,33082.842,33075.6314,0.0154,0.1399,1345.7348,1368.9033,1775751886352170798
diasbp,no_sharing_tpc,52.7515,34222.6858,33082.842,33075.6314,0.0154,0.1399,1116.6365,1139.8438,1775751886352170798
diasbp,no_sharing_tpc,52.7822,34192.0378,33082.842,33075.6314,0.0154,0.1399,1085.9368,1109.1958,1775751886352170798
diasbp,no_sharing_tpc,52.8529,34121.326,33082.842,33075.6314,0.0154,0.1399,1015.1999,1038.484,1775751886352170798
diasbp,no_sharing_tpc,52.8817,34092.6371,33082.842,33075.6314,0.0154,0.1399,986.4721,1009.7951,1775751886352170798
diasbp,no_sharing_tpc,53.146,33828.3513,33082.842,33075.6314,0.0154,0.1399,722.1358,745.5093,1775751886352170798
diasbp,no_sharing_tpc,53.1636,33812.3813,33082.842,33075.6314,0.0154,0.1399,704.5794,729.5393,1775751886352170798
diasbp,no_sharing_tpc,53.2758,33700.2311,33082.842,33075.6314,0.0154,0.1399,592.3586,617.3891,1775751886352170798
diasbp,no_sharing_tpc,53.3783,33597.7752,33082.842,33075.6314,0.0154,0.1399,489.8756,514.9332,1775751886352170798
diasbp,no_sharing_tpc,53.4504,33525.6448,33082.842,33075.6314,0.0154,0.1399,417.6929,442.8028,1775751886352170798
diasbp,no_sharing_tpc,53.7899,33186.1808,33082.842,33075.6314,0.0154,0.1399,78.1898,103.3389,1775751886352170798
diasbp,no_sharing_tpc,53.9655,49114.7461,16118.0156,16110.1414,0.0081,0.0714,32995.3668,32996.7305,1775751919444850870
diasbp,no_sharing_tpc,54.0007,49079.7424,16118.0156,16110.1414,0.0081,0.0714,32960.0697,32961.7268,1775751919444850870
diasbp,no_sharing_tpc,54.0691,49011.3978,16118.0156,16110.1414,0.0081,0.0714,32891.7034,32893.3823,1775751919444850870
diasbp,no_sharing_tpc,54.2259,48855.0107,16118.0156,16110.1414,0.0081,0.0714,32734.9322,32736.9952,1775751919444850870
diasbp,no_sharing_tpc,54.3317,48749.2731,16118.0156,16110.1414,0.0081,0.0714,32629.1409,32631.2575,1775751919444850870
diasbp,no_sharing_tpc,54.6102,48471.6198,16118.0156,16110.1414,0.0081,0.0714,32350.6069,32353.6043,1775751919444850870
diasbp,no_sharing_tpc,54.9981,48084.6233,16118.0156,16110.1414,0.0081,0.0714,31962.7581,31966.6078,1775751919444850870
diasbp,no_sharing_tpc,55.0738,48008.9447,16118.0156,16110.1414,0.0081,0.0714,31887.0528,31890.9292,1775751919444850870
diasbp,no_sharing_tpc,55.5362,47546.8385,16118.0156,16110.1414,0.0081,0.0714,31424.5875,31428.8229,1775751919444850870
diasbp,no_sharing_tpc,56.1664,46917.0642,16118.0156,16110.1414,0.0081,0.0714,30794.4124,30799.0486,1775751919444850870
diasbp,no_sharing_tpc,56.4081,46675.3616,16118.0156,16110.1414,0.0081,0.0714,30552.6886,30557.3461,1775751919444850870
diasbp,no_sharing_tpc,56.5049,46579.0899,16118.0156,16110.1414,0.0081,0.0714,30455.9608,30461.0743,1775751919444850870
diasbp,no_sharing_tpc,57.1054,45978.5531,16118.0156,16110.1414,0.0081,0.0714,29855.3958,29860.5375,1775751919444850870
diasbp,no_sharing_tpc,57.1201,45964.258,16118.0156,16110.1414,0.0081,0.0714,29840.718,29846.2424,1775751919444850870
diasbp,no_sharing_tpc,57.301,45783.3641,16118.0156,16110.1414,0.0081,0.0714,29659.8032,29665.3485,1775751919444850870
diasbp,no_sharing_tpc,57.7248,45359.617,16118.0156,16110.1414,0.0081,0.0714,29236.042,29241.6014,1775751919444850870
diasbp,no_sharing_tpc,57.7325,45352.3548,16118.0156,16110.1414,0.0081,0.0714,29228.3413,29234.3392,1775751919444850870
diasbp,no_sharing_tpc,57.8276,45257.2196,16118.0156,16110.1414,0.0081,0.0714,29133.1763,29139.204,1775751919444850870
diasbp,no_sharing_tpc,57.9269,45158.442,16118.0156,16110.1414,0.0081,0.0714,29033.9646,29040.4264,1775751919444850870
diasbp,no_sharing_tpc,57.9999,45085.4003,16118.0156,16110.1414,0.0081,0.0714,28960.9027,28967.3848,1775751919444850870
diasbp,no_sharing_tpc,58.0332,45052.1183,16118.0156,16110.1414,0.0081,0.0714,28927.6004,28934.1027,1775751919444850870
diasbp,no_sharing_tpc,58.2275,44858.4116,16118.0156,16110.1414,0.0081,0.0714,28733.3407,28740.396,1775751919444850870
diasbp,no_sharing_tpc,58.2552,44830.7533,16118.0156,16110.1414,0.0081,0.0714,28705.6627,28712.7377,1775751919444850870
diasbp,no_sharing_tpc,58.2557,44830.7073,16118.0156,16110.1414,0.0081,0.0714,28705.1175,28712.6917,1775751919444850870
diasbp,no_sharing_tpc,58.3128,44773.6819,16118.0156,16110.1414,0.0081,0.0714,28648.0598,28655.6663,1775751919444850870
diasbp,no_sharing_tpc,59.0435,44043.0014,16118.0156,16110.1414,0.0081,0.0714,27917.3615,27924.9858,1775751919444850870
diasbp,no_sharing_tpc,59.3043,43782.1383,16118.0156,16110.1414,0.0081,0.0714,27656.4846,27664.1228,1775751919444850870
diasbp,no_sharing_tpc,59.4911,43595.9353,16118.0156,16110.1414,0.0081,0.0714,27469.7301,27477.9198,1775751919444850870
diasbp,no_sharing_tpc,59.6967,43390.3987,16118.0156,16110.1414,0.0081,0.0714,27264.1666,27272.3832,1775751919444850870
diasbp,no_sharing_tpc,60.2755,42811.569,16118.0156,16110.1414,0.0081,0.0714,26685.3235,26693.5534,1775751919444850870
diasbp,no_sharing_tpc,60.447,42640.579,16118.0156,16110.1414,0.0081,0.0714,26513.8574,26522.5634,1775751919444850870
diasbp,no_sharing_tpc,60.7331,42354.4385,16118.0156,16110.1414,0.0081,0.0714,26227.6874,26236.423,1775751919444850870
diasbp,no_sharing_tpc,60.8028,42284.7524,16118.0156,16110.1414,0.0081,0.0714,26157.9804,26166.7368,1775751919444850870
diasbp,no_sharing_tpc,61.1439,41943.7325,16118.0156,16110.1414,0.0081,0.0714,25816.947,25825.7169,1775751919444850870
diasbp,no_sharing_tpc,61.2842,41803.968,16118.0156,16110.1414,0.0081,0.0714,25676.6615,25685.9524,1775751919444850870
diasbp,no_sharing_tpc,61.3405,41747.6068,16118.0156,16110.1414,0.0081,0.0714,25620.2803,25629.5912,1775751919444850870
diasbp,no_sharing_tpc,61.4287,41659.4646,16118.0156,16110.1414,0.0081,0.0714,25532.1229,25541.449,1775751919444850870
diasbp,no_sharing_tpc,61.75,41338.6116,16118.0156,16110.1414,0.0081,0.0714,25210.7875,25220.596,1775751919444850870
diasbp,no_sharing_tpc,61.7577,41330.9629,16118.0156,16110.1414,0.0081,0.0714,25203.1054,25212.9473,1775751919444850870
diasbp,no_sharing_tpc,62.0533,41035.4168,16118.0156,16110.1414,0.0081,0.0714,24907.5444,24917.4013,1775751919444850870
diasbp,no_sharing_tpc,62.0963,40992.377,16118.0156,16110.1414,0.0081,0.0714,24864.4903,24874.3615,1775751919444850870
diasbp,no_sharing_tpc,62.6623,40426.9392,16118.0156,16110.1414,0.0081,0.0714,24298.5098,24308.9237,1775751919444850870
diasbp,no_sharing_tpc,63.0952,39994.0484,16118.0156,16110.1414,0.0081,0.0714,23865.5934,23876.0328,1775751919444850870
diasbp,no_sharing_tpc,63.2467,39842.5517,16118.0156,16110.1414,0.0081,0.0714,23714.0815,23724.5361,1775751919444850870
diasbp,no_sharing_tpc,63.3251,39764.5209,16118.0156,16110.1414,0.0081,0.0714,23635.6947,23646.5053,1775751919444850870
diasbp,no_sharing_tpc,63.3308,39758.8592,16118.0156,16110.1414,0.0081,0.0714,23630.0125,23640.8436,1775751919444850870
diasbp,no_sharing_tpc,63.741,39348.7179,16118.0156,16110.1414,0.0081,0.0714,23219.8539,23230.7023,1775751919444850870
diasbp,no_sharing_tpc,64.0934,38996.3124,16118.0156,16110.1414,0.0081,0.0714,22867.4235,22878.2968,1775751919444850870
diasbp,no_sharing_tpc,64.3694,38720.9215,16118.0156,16110.1414,0.0081,0.0714,22591.439,22602.9059,1775751919444850870
diasbp,no_sharing_tpc,64.7497,38341.0113,16118.0156,16110.1414,0.0081,0.0714,22211.1259,22222.9957,1775751919444850870
diasbp,no_sharing_tpc,64.8592,38231.58,16118.0156,16110.1414,0.0081,0.0714,22101.6598,22113.5644,1775751919444850870
diasbp,no_sharing_tpc,64.9479,38142.8535,16118.0156,16110.1414,0.0081,0.0714,22012.9158,22024.8379,1775751919444850870
diasbp,no_sharing_tpc,65.1344,37956.3408,16118.0156,16110.1414,0.0081,0.0714,21826.3891,21838.3252,1775751919444850870
diasbp,no_sharing_tpc,65.6395,37451.3128,16118.0156,16110.1414,0.0081,0.0714,21321.3465,21333.2972,1775751919444850870
diasbp,no_sharing_tpc,65.8723,37219.0287,16118.0156,16110.1414,0.0081,0.0714,21088.5191,21101.0131,1775751919444850870
diasbp,no_sharing_tpc,65.967,37124.3236,16118.0156,16110.1414,0.0081,0.0714,20993.7925,21006.308,1775751919444850870
diasbp,no_sharing_tpc,66.0474,37044.3401,16118.0156,16110.1414,0.0081,0.0714,20913.4359,20926.3246,1775751919444850870
diasbp,no_sharing_tpc,66.1415,36950.2261,16118.0156,16110.1414,0.0081,0.0714,20819.3026,20832.2105,1775751919444850870
diasbp,no_sharing_tpc,66.3115,36780.2896,16118.0156,16110.1414,0.0081,0.0714,20649.3514,20662.2741,1775751919444850870
diasbp,no_sharing_tpc,66.4696,36622.1695,16118.0156,16110.1414,0.0081,0.0714,20491.2167,20504.1539,1775751919444850870
diasbp,no_sharing_tpc,66.6322,36460.0849,16118.0156,16110.1414,0.0081,0.0714,20328.6431,20342.0693,1775751919444850870
diasbp,no_sharing_tpc,66.7911,36301.2187,16118.0156,16110.1414,0.0081,0.0714,20169.7557,20183.2032,1775751919444850870
diasbp,no_sharing_tpc,66.8407,36252.0323,16118.0156,16110.1414,0.0081,0.0714,20120.1665,20134.0167,1775751919444850870
diasbp,no_sharing_tpc,67.628,35464.6807,16118.0156,16110.1414,0.0081,0.0714,19332.7932,19346.6651,1775751919444850870
diasbp,no_sharing_tpc,67.7689,35323.8256,16118.0156,16110.1414,0.0081,0.0714,19191.9231,19205.81,1775751919444850870
diasbp,no_sharing_tpc,67.9794,35113.3323,16118.0156,16110.1414,0.0081,0.0714,18981.416,18995.3167,1775751919444850870
diasbp,no_sharing_tpc,68.1615,34931.6597,16118.0156,16110.1414,0.0081,0.0714,18799.2766,18813.6441,1775751919444850870
diasbp,no_sharing_tpc,69.1874,33905.8022,16118.0156,16110.1414,0.0081,0.0714,17773.3977,17787.7867,1775751919444850870
diasbp,no_sharing_tpc,69.23,33863.2829,16118.0156,16110.1414,0.0081,0.0714,17730.8638,17745.2673,1775751919444850870
diasbp,no_sharing_tpc,69.412,33681.6373,16118.0156,16110.1414,0.0081,0.0714,17548.7916,17563.6217,1775751919444850870
diasbp,no_sharing_tpc,69.6304,33463.3276,16118.0156,16110.1414,0.0081,0.0714,17330.462,17345.3121,1775751919444850870
diasbp,no_sharing_tpc,69.7718,33321.8672,16118.0156,16110.1414,0.0081,0.0714,17188.9863,17203.8516,1775751919444850870
diasbp,no_sharing_tpc,69.8313,33262.9066,16118.0156,16110.1414,0.0081,0.0714,17129.472,17144.891,1775751919444850870
diasbp,no_sharing_tpc,70.8303,32263.9916,16118.0156,16110.1414,0.0081,0.0714,16130.5358,16145.976,1775751919444850870
diasbp,no_sharing_tpc,70.841,32253.3154,16118.0156,16110.1414,0.0081,0.0714,16119.8456,16135.2999,1775751919444850870
diasbp,no_sharing_tpc,70.8827,32212.0345,16118.0156,16110.1414,0.0081,0.0714,16078.1555,16094.0189,1775751919444850870
diasbp,no_sharing_tpc,71.0411,32053.6089,16118.0156,16110.1414,0.0081,0.0714,15919.7099,15935.5933,1775751919444850870
diasbp,no_sharing_tpc,71.6159,31478.8051,16118.0156,16110.1414,0.0081,0.0714,15344.8918,15360.7895,1775751919444850870
diasbp,no_sharing_tpc,71.7504,31344.341,16118.0156,16110.1414,0.0081,0.0714,15210.4144,15226.3255,1775751919444850870
diasbp,no_sharing_tpc,71.8026,31292.5224,16118.0156,16110.1414,0.0081,0.0714,15158.1864,15174.5068,1775751919444850870
diasbp,no_sharing_tpc,72.0014,31093.8096,16118.0156,16110.1414,0.0081,0.0714,14959.425,14975.794,1775751919444850870
diasbp,no_sharing_tpc,72.218,30877.2244,16118.0156,16110.1414,0.0081,0.0714,14742.8133,14759.2089,1775751919444850870
diasbp,no_sharing_tpc,72.2868,30808.9194,16118.0156,16110.1414,0.0081,0.0714,14674.0668,14690.9038,1775751919444850870
diasbp,no_sharing_tpc,72.4175,30678.1435,16118.0156,16110.1414,0.0081,0.0714,14543.2703,14560.1279,1775751919444850870
diasbp,no_sharing_tpc,72.5604,30535.3,16118.0156,16110.1414,0.0081,0.0714,14400.3997,14417.2844,1775751919444850870
diasbp,no_sharing_tpc,72.7321,30364.0146,16118.0156,16110.1414,0.0081,0.0714,14228.7145,14245.999,1775751919444850870
diasbp,no_sharing_tpc,72.7861,30310.066,16118.0156,16110.1414,0.0081,0.0714,14174.746,14192.0504,1775751919444850870
diasbp,no_sharing_tpc,73.1196,29976.5067,16118.0156,16110.1414,0.0081,0.0714,13841.1727,13858.4911,1775751919444850870
diasbp,no_sharing_tpc,73.1514,29945.2827,16118.0156,16110.1414,0.0081,0.0714,13809.4511,13827.2671,1775751919444850870
diasbp,no_sharing_tpc,73.3527,29743.9983,16118.0156,16110.1414,0.0081,0.0714,13608.1455,13625.9827,1775751919444850870
diasbp,no_sharing_tpc,73.3606,29736.1243,16118.0156,16110.1414,0.0081,0.0714,13600.2569,13618.1087,1775751919444850870
diasbp,no_sharing_tpc,73.5135,29583.6375,16118.0156,16110.1414,0.0081,0.0714,13447.3534,13465.6219,1775751919444850870
diasbp,no_sharing_tpc,75.0546,28042.5444,16118.0156,16110.1414,0.0081,0.0714,11906.24,11924.5288,1775751919444850870
diasbp,no_sharing_tpc,75.3909,27706.2104,16118.0156,16110.1414,0.0081,0.0714,11569.8912,11588.1948,1775751919444850870
diasbp,no_sharing_tpc,75.5255,27571.9659,16118.0156,16110.1414,0.0081,0.0714,11435.3437,11453.9504,1775751919444850870
diasbp,no_sharing_tpc,75.5906,27506.8464,16118.0156,16110.1414,0.0081,0.0714,11370.2054,11388.8308,1775751919444850870
diasbp,no_sharing_tpc,75.73,27367.4717,16118.0156,16110.1414,0.0081,0.0714,11230.8166,11249.4561,1775751919444850870
diasbp,no_sharing_tpc,76.4233,26674.2826,16118.0156,16110.1414,0.0081,0.0714,10537.5662,10556.267,1775751919444850870
diasbp,no_sharing_tpc,77.1135,25984.1063,16118.0156,16110.1414,0.0081,0.0714,9847.3039,9866.0907,1775751919444850870
diasbp,no_sharing_tpc,77.4488,25648.7834,16118.0156,16110.1414,0.0081,0.0714,9511.9669,9530.7679,1775751919444850870
diasbp,no_sharing_tpc,77.5403,58495.4197,32936.4819,32928.7078,0.0139,0.0696,25557.4911,25558.9378,1775751935581863982
diasbp,no_sharing_tpc,77.7508,58285.4624,32936.4819,32928.7078,0.0139,0.0696,25347.0042,25348.9805,1775751935581863982
diasbp,no_sharing_tpc,77.7889,58247.3898,32936.4819,32928.7078,0.0139,0.0696,25308.9101,25310.9079,1775751935581863982
diasbp,no_sharing_tpc,77.8166,58220.0208,32936.4819,32928.7078,0.0139,0.0696,25281.2319,25283.5389,1775751935581863982
diasbp,no_sharing_tpc,78.0778,57959.0454,32936.4819,32928.7078,0.0139,0.0696,25020.0174,25022.5635,1775751935581863982
diasbp,no_sharing_tpc,78.0882,57948.6625,32936.4819,32928.7078,0.0139,0.0696,25009.6145,25012.1806,1775751935581863982
diasbp,no_sharing_tpc,78.2343,57802.9239,32936.4819,32928.7078,0.0139,0.0696,24863.5013,24866.442,1775751935581863982
diasbp,no_sharing_tpc,78.3589,57678.679,32936.4819,32928.7078,0.0139,0.0696,24738.8916,24742.1971,1775751935581863982
diasbp,no_sharing_tpc,78.4166,57621.0177,32936.4819,32928.7078,0.0139,0.0696,24681.211,24684.5358,1775751935581863982
diasbp,no_sharing_tpc,78.44,57598.0773,32936.4819,32928.7078,0.0139,0.0696,24657.83,24661.5954,1775751935581863982
diasbp,no_sharing_tpc,78.6049,57433.1551,32936.4819,32928.7078,0.0139,0.0696,24492.8865,24496.6732,1775751935581863982
diasbp,no_sharing_tpc,79.0676,56970.8059,32936.4819,32928.7078,0.0139,0.0696,24030.1883,24034.324,1775751935581863982
diasbp,no_sharing_tpc,79.3706,56667.8324,32936.4819,32928.7078,0.0139,0.0696,23727.195,23731.3505,1775751935581863982
diasbp,no_sharing_tpc,79.5356,56502.8799,32936.4819,32928.7078,0.0139,0.0696,23562.2284,23566.398,1775751935581863982
diasbp,no_sharing_tpc,79.6819,56356.8788,32936.4819,32928.7078,0.0139,0.0696,23415.9214,23420.3969,1775751935581863982
diasbp,no_sharing_tpc,80.0316,56007.1764,32936.4819,32928.7078,0.0139,0.0696,23066.2007,23070.6945,1775751935581863982
diasbp,no_sharing_tpc,80.1492,55889.9829,32936.4819,32928.7078,0.0139,0.0696,22948.6735,22953.501,1775751935581863982
diasbp,no_sharing_tpc,80.2699,55769.2482,32936.4819,32928.7078,0.0139,0.0696,22827.9192,22832.7664,1775751935581863982
diasbp,no_sharing_tpc,80.3094,55730.1373,32936.4819,32928.7078,0.0139,0.0696,22788.4426,22793.6555,1775751935581863982
diasbp,no_sharing_tpc,80.3871,55652.4358,32936.4819,32928.7078,0.0139,0.0696,22710.7222,22715.9539,1775751935581863982
diasbp,no_sharing_tpc,81.2056,54834.322,32936.4819,32928.7078,0.0139,0.0696,21892.2262,21897.8401,1775751935581863982
diasbp,no_sharing_tpc,81.4201,54619.8225,32936.4819,32928.7078,0.0139,0.0696,21677.7077,21683.3406,1775751935581863982
diasbp,no_sharing_tpc,81.5076,54532.3153,32936.4819,32928.7078,0.0139,0.0696,21590.1878,21595.8334,1775751935581863982
diasbp,no_sharing_tpc,82.1053,53934.9644,32936.4819,32928.7078,0.0139,0.0696,20992.5122,20998.4825,1775751935581863982
diasbp,no_sharing_tpc,82.1896,53850.7452,32936.4819,32928.7078,0.0139,0.0696,20908.2744,20914.2633,1775751935581863982
diasbp,no_sharing_tpc,82.2093,53831.4149,32936.4819,32928.7078,0.0139,0.0696,20888.5663,20894.933,1775751935581863982
diasbp,no_sharing_tpc,82.218,53822.7248,32936.4819,32928.7078,0.0139,0.0696,20879.8571,20886.2429,1775751935581863982
diasbp,no_sharing_tpc,82.2687,53772.3658,32936.4819,32928.7078,0.0139,0.0696,20829.1473,20835.8839,1775751935581863982
diasbp,no_sharing_tpc,82.3202,53720.8812,32936.4819,32928.7078,0.0139,0.0696,20777.6434,20784.3993,1775751935581863982
diasbp,no_sharing_tpc,82.6637,53377.377,32936.4819,32928.7078,0.0139,0.0696,20434.1261,20440.8951,1775751935581863982
diasbp,no_sharing_tpc,82.6954,53346.0848,32936.4819,32928.7078,0.0139,0.0696,20402.442,20409.6029,1775751935581863982
diasbp,no_sharing_tpc,82.7999,53241.5655,32936.4819,32928.7078,0.0139,0.0696,20297.9035,20305.0836,1775751935581863982
diasbp,no_sharing_tpc,82.8556,53186.2478,32936.4819,32928.7078,0.0139,0.0696,20242.245,20249.7659,1775751935581863982
diasbp,no_sharing_tpc,83.019,53022.8436,32936.4819,32928.7078,0.0139,0.0696,20078.8224,20086.3617,1775751935581863982
diasbp,no_sharing_tpc,83.3505,52691.3993,32936.4819,32928.7078,0.0139,0.0696,19747.3648,19754.9174,1775751935581863982
diasbp,no_sharing_tpc,83.5136,52528.6672,32936.4819,32928.7078,0.0139,0.0696,19584.2464,19592.1853,1775751935581863982
diasbp,no_sharing_tpc,83.5213,52520.973,32936.4819,32928.7078,0.0139,0.0696,19576.5338,19584.4911,1775751935581863982
diasbp,no_sharing_tpc,83.7511,52291.537,32936.4819,32928.7078,0.0139,0.0696,19346.7762,19355.0552,1775751935581863982
diasbp,no_sharing_tpc,83.8932,52149.4577,32936.4819,32928.7078,0.0139,0.0696,19204.6781,19212.9758,1775751935581863982
diasbp,no_sharing_tpc,83.9482,52094.4047,32936.4819,32928.7078,0.0139,0.0696,19149.6105,19157.9228,1775751935581863982
diasbp,no_sharing_tpc,84.1482,51894.7515,32936.4819,32928.7078,0.0139,0.0696,18949.6303,18958.2697,1775751935581863982
diasbp,no_sharing_tpc,84.2429,51800.0202,32936.4819,32928.7078,0.0139,0.0696,18854.881,18863.5383,1775751935581863982
diasbp,no_sharing_tpc,84.3172,51726.1748,32936.4819,32928.7078,0.0139,0.0696,18780.6475,18789.6929,1775751935581863982
diasbp,no_sharing_tpc,85.4472,50596.2062,32936.4819,32928.7078,0.0139,0.0696,17650.6598,17659.7243,1775751935581863982
diasbp,no_sharing_tpc,85.5006,50543.0818,32936.4819,32928.7078,0.0139,0.0696,17597.2149,17606.5999,1775751935581863982
diasbp,no_sharing_tpc,85.5952,50448.5412,32936.4819,32928.7078,0.0139,0.0696,17502.6546,17512.0593,1775751935581863982
diasbp,no_sharing_tpc,85.8822,50161.8805,32936.4819,32928.7078,0.0139,0.0696,17215.6203,17225.3986,1775751935581863982
diasbp,no_sharing_tpc,86.0518,49992.2736,32936.4819,32928.7078,0.0139,0.0696,17045.9931,17055.7917,1775751935581863982
diasbp,no_sharing_tpc,86.6869,49357.5997,32936.4819,32928.7078,0.0139,0.0696,16410.9769,16421.1178,1775751935581863982
diasbp,no_sharing_tpc,87.445,48599.5049,32936.4819,32928.7078,0.0139,0.0696,15652.8616,15663.0231,1775751935581863982
diasbp,no_sharing_tpc,87.6833,48361.6498,32936.4819,32928.7078,0.0139,0.0696,15414.5572,15425.1679,1775751935581863982
diasbp,no_sharing_tpc,87.7139,48331.0108,32936.4819,32928.7078,0.0139,0.0696,15383.8918,15394.5289,1775751935581863982
diasbp,no_sharing_tpc,87.7553,48290.1886,32936.4819,32928.7078,0.0139,0.0696,15342.5572,15353.7067,1775751935581863982
diasbp,no_sharing_tpc,87.7619,48283.5526,32936.4819,32928.7078,0.0139,0.0696,15335.8951,15347.0708,1775751935581863982
diasbp,no_sharing_tpc,87.863,48182.9364,32936.4819,32928.7078,0.0139,0.0696,15234.8518,15246.4545,1775751935581863982
diasbp,no_sharing_tpc,87.842,48203.9425,32936.4819,32928.7078,0.0139,0.0696,15255.8374,15267.4606,1775751935581863982
diasbp,no_sharing_tpc,87.903,48142.9183,32936.4819,32928.7078,0.0139,0.0696,15194.7978,15206.4365,1775751935581863982
diasbp,no_sharing_tpc,88.4821,47563.8499,32936.4819,32928.7078,0.0139,0.0696,14615.7141,14627.368,1775751935581863982
diasbp,no_sharing_tpc,88.5375,47508.9715,32936.4819,32928.7078,0.0139,0.0696,14560.281,14572.4896,1775751935581863982
diasbp,no_sharing_tpc,88.7722,47274.3583,32936.4819,32928.7078,0.0139,0.0696,14325.6416,14337.8764,1775751935581863982
diasbp,no_sharing_tpc,88.9787,47068.4247,32936.4819,32928.7078,0.0139,0.0696,14119.153,14131.9428,1775751935581863982
diasbp,no_sharing_tpc,89.3017,46745.4362,32936.4819,32928.7078,0.0139,0.0696,13796.1435,13808.9543,1775751935581863982
diasbp,no_sharing_tpc,89.3631,46684.0243,32936.4819,32928.7078,0.0139,0.0696,13734.7159,13747.5424,1775751935581863982
diasbp,no_sharing_tpc,89.9242,46122.9684,32936.4819,32928.7078,0.0139,0.0696,13173.6453,13186.4865,1775751935581863982
diasbp,no_sharing_tpc,89.9855,46062.2225,32936.4819,32928.7078,0.0139,0.0696,13112.349,13125.7406,1775751935581863982
diasbp,no_sharing_tpc,90.108,45939.7054,32936.4819,32928.7078,0.0139,0.0696,12989.8114,13003.2235,1775751935581863982
diasbp,no_sharing_tpc,90.8588,45188.9219,32936.4819,32928.7078,0.0139,0.0696,12239.0127,12252.44,1775751935581863982
diasbp,no_sharing_tpc,91.0578,44989.9528,32936.4819,32928.7078,0.0139,0.0696,12040.0281,12053.4709,1775751935581863982
diasbp,no_sharing_tpc,91.0685,44979.8238,32936.4819,32928.7078,0.0139,0.0696,12029.3591,12043.3419,1775751935581863982
diasbp,no_sharing_tpc,91.3625,44685.8346,32936.4819,32928.7078,0.0139,0.0696,11735.3373,11749.3528,1775751935581863982
diasbp,no_sharing_tpc,91.3738,44674.5086,32936.4819,32928.7078,0.0139,0.0696,11723.9959,11738.0267,1775751935581863982
diasbp,no_sharing_tpc,91.4095,44639.3688,32936.4819,32928.7078,0.0139,0.0696,11688.3364,11702.8869,1775751935581863982
diasbp,no_sharing_tpc,91.5569,44491.9415,32936.4819,32928.7078,0.0139,0.0696,11540.8869,11555.4596,1775751935581863982
diasbp,no_sharing_tpc,92.2364,43812.5031,32936.4819,32928.7078,0.0139,0.0696,10861.4171,10876.0212,1775751935581863982
diasbp,no_sharing_tpc,92.3546,43694.355,32936.4819,32928.7078,0.0139,0.0696,10743.253,10757.8731,1775751935581863982
diasbp,no_sharing_tpc,92.5724,43477.1147,32936.4819,32928.7078,0.0139,0.0696,10525.4056,10540.6328,1775751935581863982
diasbp,no_sharing_tpc,92.9054,43144.1901,32936.4819,32928.7078,0.0139,0.0696,10192.4598,10207.7082,1775751935581863982
diasbp,no_sharing_tpc,93.6597,42389.8792,32936.4819,32928.7078,0.0139,0.0696,9438.1335,9453.3973,1775751935581863982
diasbp,no_sharing_tpc,93.7421,42307.9462,32936.4819,32928.7078,0.0139,0.0696,9355.6995,9371.4643,1775751935581863982
diasbp,no_sharing_tpc,93.7468,42303.3059,32936.4819,32928.7078,0.0139,0.0696,9351.0377,9366.824,1775751935581863982
diasbp,no_sharing_tpc,93.7665,42283.6652,32936.4819,32928.7078,0.0139,0.0696,9331.3677,9347.1833,1775751935581863982
diasbp,no_sharing_tpc,93.8161,42234.0178,32936.4819,32928.7078,0.0139,0.0696,9281.7054,9297.536,1775751935581863982
diasbp,no_sharing_tpc,93.8558,42194.3643,32936.4819,32928.7078,0.0139,0.0696,9242.0375,9257.8824,1775751935581863982
diasbp,no_sharing_tpc,94.2768,41773.8016,32936.4819,32928.7078,0.0139,0.0696,8821.0127,8837.3197,1775751935581863982
diasbp,no_sharing_tpc,94.3016,41749.0699,32936.4819,32928.7078,0.0139,0.0696,8796.2596,8812.588,1775751935581863982
diasbp,no_sharing_tpc,94.3162,41734.4127,32936.4819,32928.7078,0.0139,0.0696,8781.5864,8797.9308,1775751935581863982
diasbp,no_sharing_tpc,94.3449,41705.7412,32936.4819,32928.7078,0.0139,0.0696,8752.9001,8769.2593,1775751935581863982
diasbp,no_sharing_tpc,94.3813,41669.8723,32936.4819,32928.7078,0.0139,0.0696,8716.4991,8733.3904,1775751935581863982
diasbp,no_sharing_tpc,94.5581,41493.0961,32936.4819,32928.7078,0.0139,0.0696,8539.7024,8556.6142,1775751935581863982
diasbp,no_sharing_tpc,94.6301,41421.1836,32936.4819,32928.7078,0.0139,0.0696,8467.7749,8484.7017,1775751935581863982
diasbp,no_sharing_tpc,94.826,41225.7061,32936.4819,32928.7078,0.0139,0.0696,8271.8024,8289.2242,1775751935581863982
diasbp,no_sharing_tpc,94.9418,41109.9925,32936.4819,32928.7078,0.0139,0.0696,8156.0686,8173.5106,1775751935581863982
diasbp,no_sharing_tpc,94.9594,41092.3491,32936.4819,32928.7078,0.0139,0.0696,8138.4056,8155.8672,1775751935581863982
diasbp,no_sharing_tpc,94.9651,41086.6921,32936.4819,32928.7078,0.0139,0.0696,8132.7338,8150.2102,1775751935581863982
diasbp,no_sharing_tpc,95.455,40597.0464,32936.4819,32928.7078,0.0139,0.0696,7642.8292,7660.5645,1775751935581863982
diasbp,no_sharing_tpc,95.8031,40249.0134,32936.4819,32928.7078,0.0139,0.0696,7294.776,7312.5315,1775751935581863982
diasbp,no_sharing_tpc,95.8511,40201.0179,32936.4819,32928.7078,0.0139,0.0696,7246.7663,7264.536,1775751935581863982
diasbp,no_sharing_tpc,96.0196,40032.5274,32936.4819,32928.7078,0.0139,0.0696,7078.2602,7096.0456,1775751935581863982
diasbp,no_sharing_tpc,96.2795,39772.6815,32936.4819,32928.7078,0.0139,0.0696,6818.3582,6836.1996,1775751935581863982
diasbp,no_sharing_tpc,96.3082,39744.0171,32936.4819,32928.7078,0.0139,0.0696,6789.6783,6807.5352,1775751935581863982
diasbp,no_sharing_tpc,110.0064,59454.3238,33407.0846,33399.399,0.0158,0.0679,26045.9335,26047.2391,1775751968536363386
diasbp,no_sharing_tpc,110.2451,59216.2421,33407.0846,33399.399,0.0158,0.0679,25807.2042,25809.1574,1775751968536363386
diasbp,no_sharing_tpc,110.3455,59115.9217,33407.0846,33399.399,0.0158,0.0679,25706.8613,25708.8371,1775751968536363386
diasbp,no_sharing_tpc,110.8535,58608.186,33407.0846,33399.399,0.0158,0.0679,25198.8497,25201.1014,1775751968536363386
diasbp,no_sharing_tpc,111.0298,58432.1556,33407.0846,33399.399,0.0158,0.0679,25022.5375,25025.071,1775751968536363386
diasbp,no_sharing_tpc,111.0946,58367.5902,33407.0846,33399.399,0.0158,0.0679,24957.7317,24960.5055,1775751968536363386
diasbp,no_sharing_tpc,111.1977,58264.5471,33407.0846,33399.399,0.0158,0.0679,24854.6703,24857.4625,1775751968536363386
diasbp,no_sharing_tpc,111.2852,58177.2826,33407.0846,33399.399,0.0158,0.0679,24767.113,24770.1979,1775751968536363386
diasbp,no_sharing_tpc,111.3522,58110.4963,33407.0846,33399.399,0.0158,0.0679,24700.0868,24703.4116,1775751968536363386
diasbp,no_sharing_tpc,111.6313,57831.4753,33407.0846,33399.399,0.0158,0.0679,24421.0472,24424.3906,1775751968536363386
diasbp,no_sharing_tpc,111.8903,57572.7279,33407.0846,33399.399,0.0158,0.0679,24162.008,24165.6433,1775751968536363386
diasbp,no_sharing_tpc,112.11,57353.3413,33407.0846,33399.399,0.0158,0.0679,23942.3313,23946.2567,1775751968536363386
diasbp,no_sharing_tpc,112.3049,57158.411,33407.0846,33399.399,0.0158,0.0679,23747.3824,23751.3264,1775751968536363386
diasbp,no_sharing_tpc,112.4467,57016.9623,33407.0846,33399.399,0.0158,0.0679,23605.6316,23609.8776,1775751968536363386
diasbp,no_sharing_tpc,112.4884,56975.3022,33407.0846,33399.399,0.0158,0.0679,23563.9539,23568.2176,1775751968536363386
diasbp,no_sharing_tpc,112.5003,56963.7568,33407.0846,33399.399,0.0158,0.0679,23552.0387,23556.6722,1775751968536363386
diasbp,no_sharing_tpc,112.7301,56734.004,33407.0846,33399.399,0.0158,0.0679,23322.2666,23326.9194,1775751968536363386
diasbp,no_sharing_tpc,113.6064,55857.9502,33407.0846,33399.399,0.0158,0.0679,22445.9155,22450.8656,1775751968536363386
diasbp,no_sharing_tpc,113.7816,55682.759,33407.0846,33399.399,0.0158,0.0679,22270.6807,22275.6744,1775751968536363386
diasbp,no_sharing_tpc,113.88,55584.6627,33407.0846,33399.399,0.0158,0.0679,22172.3492,22177.578,1775751968536363386
diasbp,no_sharing_tpc,114.0563,55408.4053,33407.0846,33399.399,0.0158,0.0679,21996.0747,22001.3207,1775751968536363386
diasbp,no_sharing_tpc,114.067,55397.7292,33407.0846,33399.399,0.0158,0.0679,21985.3475,21990.6445,1775751968536363386
diasbp,no_sharing_tpc,114.1202,55344.4874,33407.0846,33399.399,0.0158,0.0679,21932.0917,21937.4028,1775751968536363386
diasbp,no_sharing_tpc,114.1659,55299.3977,33407.0846,33399.399,0.0158,0.0679,21886.4157,21892.3131,1775751968536363386
