task,device_url,n_requests,throughput_rps,avg_latency_ms
sst2,10.100.20.48:8000,2904,48.4,82.70037453365063
ag_news,10.100.20.48:8000,2504,41.733333333333334,95.94066360126288
