task,condition,elapsed_sec,latency_ms,server_exec_ms,server_proc_ms,server_swap_ms,server_decoder_ms,queue_wait_plus_rpc_ms,non_server_exec_overhead_ms,server_start_ns
gestureclass,single_gestureclass,0.0002,341.0552,337.6012,321.1294,0.0033,15.7064,2.2843,3.4539,1775592754974794080
gestureclass,single_gestureclass,0.0122,385.443,55.7306,24.93,0.0019,3.676,328.8341,329.7124,1775592755313352564
gestureclass,single_gestureclass,0.017,380.62,55.7306,24.93,0.0019,3.676,323.9968,324.8894,1775592755313352564
gestureclass,single_gestureclass,0.0208,377.1563,55.7306,24.93,0.0019,3.676,320.1699,321.4257,1775592755313352564
gestureclass,single_gestureclass,0.1008,297.7295,55.7306,24.93,0.0019,3.676,240.2143,241.9989,1775592755313352564
gestureclass,single_gestureclass,0.204,194.5188,55.7306,24.93,0.0019,3.676,136.9834,138.7882,1775592755313352564
gestureclass,single_gestureclass,0.2325,166.2598,55.7306,24.93,0.0019,3.676,108.5119,110.5292,1775592755313352564
gestureclass,single_gestureclass,0.3216,77.2305,55.7306,24.93,0.0019,3.676,19.4421,21.4999,1775592755313352564
gestureclass,single_gestureclass,0.3286,70.1885,55.7306,24.93,0.0019,3.676,12.3873,14.4579,1775592755313352564
gestureclass,single_gestureclass,0.4,25.9883,23.6396,22.6353,0.0018,0.6584,1.478,2.3488,1775592755373818845
gestureclass,single_gestureclass,0.4362,27.2443,24.8601,23.7301,0.002,0.8212,1.4887,2.3842,1775592755410026328
gestureclass,single_gestureclass,0.5056,27.6747,25.2188,24.2671,0.0018,0.6561,1.5442,2.4559,1775592755479535002
gestureclass,single_gestureclass,0.7337,32.8822,30.257,29.1769,0.0022,0.7451,1.6522,2.6252,1775592755707674713
gestureclass,single_gestureclass,0.7818,31.8406,29.2624,28.2086,0.0022,0.7174,1.606,2.5782,1775592755755729657
gestureclass,single_gestureclass,0.8648,32.9144,30.2217,29.091,0.0026,0.7584,1.6828,2.6927,1775592755838865476
gestureclass,single_gestureclass,0.936,41.0476,37.3827,36.021,0.0027,0.9365,2.2457,3.6649,1775592755910562506
gestureclass,single_gestureclass,0.936,75.4457,33.9792,32.5803,0.002,0.4925,40.3628,41.4664,1775592755948714859
gestureclass,single_gestureclass,0.9511,60.3507,33.9792,32.5803,0.002,0.4925,25.244,26.3714,1775592755948714859
gestureclass,single_gestureclass,0.9765,61.7943,26.2813,25.1763,0.0026,0.705,34.7803,35.5129,1775592755983585969
gestureclass,single_gestureclass,1.0394,27.2038,24.7737,23.85,0.0017,0.6294,1.5125,2.4301,1775592756013279269
gestureclass,single_gestureclass,1.0859,26.6228,24.2899,23.3523,0.0017,0.6334,1.4422,2.3328,1775592756059649958
gestureclass,single_gestureclass,1.3019,33.0603,30.3744,29.2914,0.0021,0.747,1.6971,2.6859,1775592756275930850
gestureclass,single_gestureclass,1.3622,32.9101,30.2125,29.1379,0.0023,0.743,1.7121,2.6976,1775592756336228364
gestureclass,single_gestureclass,1.4683,33.6766,30.9856,29.8033,0.0023,0.7751,1.7266,2.691,1775592756442396722
gestureclass,single_gestureclass,1.4831,49.0024,29.3975,28.2645,0.002,0.7158,18.6293,19.6049,1775592756474080969
gestureclass,single_gestureclass,1.6214,33.7448,31.0187,29.5598,0.0023,0.7534,1.7221,2.7261,1775592756595432785
gestureclass,single_gestureclass,1.6231,63.7393,31.1359,30.0205,0.002,0.7034,31.6699,32.6034,1775592756627145109
gestureclass,single_gestureclass,1.6613,53.5181,27.1672,26.1596,0.0018,0.3206,25.2419,26.3509,1775592756658905559
gestureclass,single_gestureclass,1.6831,31.8179,27.1672,26.1596,0.0018,0.3206,3.4978,4.6507,1775592756658905559
gestureclass,single_gestureclass,1.7871,32.1455,29.5519,28.4903,0.0021,0.7281,1.5874,2.5936,1775592756761071075
gestureclass,single_gestureclass,1.8099,37.7684,27.8285,26.7799,0.0019,0.66,8.9872,9.9398,1775592756791232945
gestureclass,single_gestureclass,1.8489,27.8523,25.3805,24.4053,0.0018,0.6388,1.5602,2.4718,1775592756822798618
gestureclass,single_gestureclass,1.883,31.251,28.833,27.8096,0.0017,0.7079,1.4913,2.418,1775592756856793206
gestureclass,single_gestureclass,1.8947,44.131,23.9329,22.9267,0.0017,0.6477,19.3043,20.1981,1775592756886309099
gestureclass,single_gestureclass,2.035,32.8918,30.3779,29.1904,0.0022,0.7956,1.7021,2.5138,1775592757009099232
gestureclass,single_gestureclass,2.1282,33.922,31.293,29.6524,0.0022,1.2397,1.6544,2.629,1775592757102162511
gestureclass,single_gestureclass,2.1299,61.6391,28.7755,27.6769,0.0021,0.6903,31.8878,32.8635,1775592757134159971
gestureclass,single_gestureclass,2.1813,36.8838,25.7816,24.761,0.0018,0.6674,9.9213,11.1022,1775592757163560033
gestureclass,single_gestureclass,2.2177,27.5912,25.0855,23.7511,0.0019,0.9735,1.5802,2.5057,1775592757191582618
gestureclass,single_gestureclass,2.2426,27.0691,23.8297,22.8769,0.0018,0.6138,2.3222,3.2394,1775592757217234521
gestureclass,single_gestureclass,2.2839,26.4995,24.1792,23.2585,0.002,0.6173,1.456,2.3203,1775592757257662548
gestureclass,single_gestureclass,2.2876,47.0366,23.6455,22.6969,0.0018,0.6134,22.5205,23.3911,1775592757282425927
gestureclass,single_gestureclass,2.3468,26.5622,24.2095,23.2854,0.0018,0.618,1.5254,2.3527,1775592757320670969
gestureclass,single_gestureclass,2.3495,48.1389,23.6096,22.6511,0.0018,0.6144,23.6015,24.5293,1775592757345464016
gestureclass,single_gestureclass,2.4099,26.0937,23.6978,22.7613,0.0018,0.6416,1.487,2.3959,1775592757383719727
gestureclass,single_gestureclass,2.5633,33.8731,31.1809,30.0389,0.0023,0.7697,1.6973,2.6922,1775592757537319366
gestureclass,single_gestureclass,2.574,57.44,33.5144,32.4313,0.0019,0.3433,22.8417,23.9256,1775592757569240358
gestureclass,single_gestureclass,2.5798,51.7001,33.5144,32.4313,0.0019,0.3433,17.0777,18.1857,1775592757569240358
gestureclass,single_gestureclass,2.6094,48.5501,25.7138,24.6714,0.0019,0.6528,21.9328,22.8364,1775592757603638415
gestureclass,single_gestureclass,2.6971,28.9223,26.4596,25.4757,0.0019,0.6752,1.5173,2.4627,1775592757670992575
gestureclass,single_gestureclass,2.7843,32.6653,30.0666,29.0082,0.0022,0.7258,1.6212,2.5987,1775592757758234555
gestureclass,single_gestureclass,2.796,50.3166,28.5622,27.5269,0.0019,0.3251,20.6447,21.7543,1775592757789001053
gestureclass,single_gestureclass,2.796,50.3037,28.5622,27.5269,0.0019,0.3251,20.6099,21.7415,1775592757789001053
gestureclass,single_gestureclass,3.0537,44.0242,41.2461,39.6601,0.003,1.0764,1.7664,2.7782,1775592758027844981
gestureclass,single_gestureclass,3.145,33.4463,30.7294,29.5528,0.0022,0.762,1.7252,2.717,1775592758119050825
gestureclass,single_gestureclass,3.2066,34.673,32.07,30.9042,0.0022,0.8005,1.6594,2.603,1775592758180652508
gestureclass,single_gestureclass,3.2575,33.4821,30.8236,29.6977,0.0023,0.7624,1.673,2.6585,1775592758231558265
gestureclass,single_gestureclass,3.3442,33.9127,31.2798,30.1029,0.0024,0.8026,1.6322,2.6329,1775592758318221397
gestureclass,single_gestureclass,3.4064,35.0921,32.4891,30.7803,0.0023,0.8027,1.6384,2.6031,1775592758380361181
gestureclass,single_gestureclass,3.5147,44.013,41.305,39.7152,0.003,1.0792,1.6952,2.708,1775592758488746294
gestureclass,single_gestureclass,3.5649,36.2897,33.6026,32.3984,0.0023,0.8259,1.7118,2.6871,1775592758538997996
gestureclass,single_gestureclass,3.5677,64.1048,29.774,28.6953,0.0019,0.3238,33.2205,34.3308,1775592758573265399
gestureclass,single_gestureclass,3.5745,57.3475,29.774,28.6953,0.0019,0.3238,26.4394,27.5736,1775592758573265399
gestureclass,single_gestureclass,3.6881,32.8536,30.2081,29.1157,0.0022,0.7512,1.6403,2.6455,1775592758662056315
gestureclass,single_gestureclass,3.7521,32.7559,30.1952,29.1061,0.0022,0.7465,1.5745,2.5606,1775592758726065581
gestureclass,single_gestureclass,3.8531,34.8046,32.1177,30.8553,0.0025,0.8476,1.6794,2.6869,1775592758827168348
gestureclass,single_gestureclass,3.8749,43.4647,29.8568,28.7869,0.002,0.6925,12.6619,13.6079,1775592758859915312
gestureclass,single_gestureclass,3.9866,40.9102,38.1354,36.7129,0.0027,0.9719,1.7662,2.7748,1775592758960727582
gestureclass,single_gestureclass,3.9974,65.9306,35.0927,33.8626,0.0024,0.8063,29.8443,30.8379,1775592758999606179
gestureclass,single_gestureclass,4.1356,35.2037,32.4771,30.7636,0.0023,1.3601,1.7138,2.7266,1775592759109653254
gestureclass,single_gestureclass,4.1654,36.0668,29.9802,28.8956,0.002,0.691,5.1353,6.0866,1775592759142858911
gestureclass,single_gestureclass,4.3548,39.326,36.6092,35.4026,0.0081,0.7779,1.6918,2.7167,1775592759328809867
gestureclass,single_gestureclass,4.3805,44.0571,29.7429,28.6721,0.0019,0.6654,13.3829,14.3142,1775592759366276833
gestureclass,single_gestureclass,4.4438,34.9638,32.3524,30.9458,0.0029,0.9526,1.6513,2.6114,1775592759417820365
gestureclass,single_gestureclass,4.6952,33.1829,30.3928,29.2409,0.0023,0.7512,1.7645,2.7901,1775592759669282620
gestureclass,single_gestureclass,4.7476,32.2523,29.5776,28.4779,0.0023,0.7431,1.6861,2.6748,1775592759721608008
gestureclass,single_gestureclass,5.0363,34.0064,31.3583,30.2179,0.0024,0.7853,1.6947,2.6481,1775592760010314173
gestureclass,single_gestureclass,5.0845,34.1954,31.6478,30.4729,0.0024,0.7889,1.6432,2.5476,1775592760058479306
gestureclass,single_gestureclass,5.1529,34.6856,32.0714,30.881,0.0022,0.7987,1.6246,2.6142,1775592760126883252
gestureclass,single_gestureclass,5.2659,35.3556,32.6784,30.8314,0.0024,1.4195,1.7421,2.6772,1775592760239957114
gestureclass,single_gestureclass,5.3965,35.2287,32.6082,31.4025,0.0025,0.8127,1.6167,2.6205,1775592760370442647
gestureclass,single_gestureclass,5.4709,36.1342,33.4229,32.1824,0.0026,0.8479,1.7128,2.7114,1775592760444999274
gestureclass,single_gestureclass,5.5473,36.4964,33.8211,32.5613,0.0026,0.8525,1.6701,2.6753,1775592760521308688
gestureclass,single_gestureclass,5.5751,40.1752,30.8161,29.7026,0.0019,0.7121,8.4035,9.3591,1775592760555839811
gestureclass,single_gestureclass,5.6885,32.8884,30.252,29.1551,0.0023,0.749,1.611,2.6364,1775592760662431692
gestureclass,single_gestureclass,5.7266,31.3363,28.7448,27.7189,0.0019,0.7028,1.6246,2.5915,1775592760700553324
gestureclass,single_gestureclass,5.8352,33.206,30.5514,29.4505,0.0022,0.7464,1.6189,2.6546,1775592760809131359
gestureclass,single_gestureclass,5.8499,48.3327,29.3329,28.2631,0.002,0.6916,18.044,18.9997,1775592760840328272
gestureclass,single_gestureclass,5.9205,29.9139,27.4089,26.3399,0.0019,0.6995,1.5779,2.505,1775592760894414361
gestureclass,single_gestureclass,5.9966,35.8381,33.2681,32.0086,0.0026,0.8588,1.6072,2.57,1775592760970575568
gestureclass,single_gestureclass,6.0467,31.9624,29.4919,28.4522,0.0021,0.692,1.5662,2.4705,1775592761020590339
gestureclass,single_gestureclass,6.0684,37.9884,27.0495,26.0178,0.0018,0.6598,10.0236,10.9389,1775592761050798019
gestureclass,single_gestureclass,6.0979,34.0276,24.865,23.8825,0.0016,0.6389,8.2347,9.1625,1775592761078441297
gestureclass,single_gestureclass,6.1226,34.0054,24.1,23.1345,0.0017,0.6166,8.9843,9.9054,1775592761103950225
gestureclass,single_gestureclass,6.1441,36.6929,23.5941,22.6378,0.0017,0.6247,12.1856,13.0988,1775592761128621291
gestureclass,single_gestureclass,6.2851,32.7752,30.2169,29.1271,0.0021,0.7491,1.6432,2.5582,1775592761259051987
gestureclass,single_gestureclass,6.4682,32.9268,30.2657,29.1635,0.0022,0.7464,1.6479,2.6611,1775592761442186118
gestureclass,single_gestureclass,6.5653,32.8586,30.2459,29.16,0.0022,0.7486,1.6048,2.6127,1775592761539303204
gestureclass,single_gestureclass,6.6334,33.3204,30.6948,29.6038,0.0024,0.7342,1.6348,2.6256,1775592761607413424
gestureclass,single_gestureclass,6.6492,47.0078,28.9029,27.8417,0.002,0.6954,17.1897,18.1049,1775592761638753109
gestureclass,single_gestureclass,6.692,31.45,26.4258,24.8927,0.0019,0.6657,4.0638,5.0242,1775592761668369277
gestureclass,single_gestureclass,7.0259,48.1355,45.5641,43.7554,0.0035,1.2215,1.6925,2.5714,1775592761999947182
gestureclass,single_gestureclass,7.1162,32.7835,30.1279,29.0362,0.0022,0.7501,1.647,2.6556,1775592762090238211
gestureclass,single_gestureclass,7.1522,31.112,28.5554,27.522,0.002,0.7083,1.6124,2.5565,1775592762126207417
gestureclass,single_gestureclass,7.2336,32.8953,30.2589,29.1696,0.0022,0.7479,1.6375,2.6365,1775592762207564528
gestureclass,single_gestureclass,7.3037,33.4995,30.8595,29.7323,0.0022,0.7645,1.6544,2.6399,1775592762277703294
gestureclass,single_gestureclass,7.4104,34.05,31.4113,30.2641,0.0024,0.7872,1.6181,2.6387,1775592762384413761
gestureclass,single_gestureclass,7.5408,34.903,32.1934,30.9803,0.0022,0.7995,1.6654,2.7097,1775592762514779963
gestureclass,single_gestureclass,7.6829,35.3236,32.632,31.4157,0.0024,0.8323,1.709,2.6916,1775592762657005112
gestureclass,single_gestureclass,7.9417,48.9044,46.2238,44.132,0.0042,1.4141,1.6704,2.6806,1775592762915681630
gestureclass,single_gestureclass,7.9535,77.9901,40.1263,37.8687,0.0029,1.6405,36.8812,37.8637,1775592762962683361
gestureclass,single_gestureclass,7.9892,74.8155,31.9399,30.8406,0.0018,0.3311,42.0306,42.8756,1775592763003622066
gestureclass,single_gestureclass,8.0108,53.3695,31.9399,30.8406,0.0018,0.3311,20.4961,21.4296,1775592763003622066
gestureclass,single_gestureclass,8.0804,28.8913,26.4515,25.4644,0.0019,0.6735,1.5531,2.4398,1775592763054252922
gestureclass,single_gestureclass,8.1115,27.6821,25.3033,24.3416,0.0019,0.6563,1.5097,2.3787,1775592763085323834
gestureclass,single_gestureclass,8.1614,27.5099,25.1517,24.186,0.0018,0.6472,1.4303,2.3582,1775592763135135331
gestureclass,single_gestureclass,8.1991,26.9229,24.5401,23.5973,0.0018,0.6423,1.4584,2.3829,1775592763172894893
gestureclass,single_gestureclass,8.4594,44.451,41.7598,40.1741,0.0029,1.0768,1.6775,2.6912,1775592763433402130
gestureclass,single_gestureclass,8.4942,48.8129,38.416,37.0324,0.0025,0.8751,9.4316,10.3969,1775592763475942448
gestureclass,single_gestureclass,8.5181,56.304,30.6478,29.5338,0.002,0.7026,24.6749,25.6562,1775592763515077481
gestureclass,single_gestureclass,8.6796,33.1571,30.5776,29.4849,0.0023,0.7345,1.6425,2.5795,1775592763653627044
gestureclass,single_gestureclass,8.7044,39.5384,30.5128,28.925,0.002,1.2177,8.0721,9.0256,1775592763684832679
gestureclass,single_gestureclass,8.9373,39.7456,37.1161,35.3463,0.0036,1.249,1.5912,2.6294,1775592763911254334
gestureclass,single_gestureclass,9.0583,34.1041,31.4223,30.2409,0.0023,0.7847,1.6987,2.6818,1775592764032355872
gestureclass,single_gestureclass,9.2297,34.5867,31.913,30.7352,0.0023,0.8102,1.6901,2.6737,1775592764203755929
gestureclass,single_gestureclass,9.3626,36.1364,33.4345,32.1766,0.0026,0.853,1.6799,2.7019,1775592764336598804
gestureclass,single_gestureclass,9.4309,42.5146,39.8455,37.9858,0.0036,1.2749,1.6439,2.6691,1775592764404930286
gestureclass,single_gestureclass,9.4427,66.3478,34.8583,33.7068,0.0021,0.3571,30.477,31.4895,1775592764445516518
gestureclass,single_gestureclass,9.4655,43.74,34.8583,33.7068,0.0021,0.3571,7.709,8.8817,1775592764445516518
gestureclass,single_gestureclass,9.5384,33.0155,30.2206,28.9578,0.0022,0.7479,1.8291,2.7949,1775592764512595030
gestureclass,single_gestureclass,9.5391,61.9035,28.7491,27.7261,0.0019,0.3234,32.0551,33.1543,1775592764543459655
gestureclass,single_gestureclass,9.5507,50.2384,28.7491,27.7261,0.0019,0.3234,20.3676,21.4892,1775592764543459655
gestureclass,single_gestureclass,9.6222,29.5238,27.0376,26.026,0.002,0.6661,1.5533,2.4862,1775592764596093065
gestureclass,single_gestureclass,9.6279,50.0274,25.6499,24.5923,0.0018,0.6779,23.468,24.3775,1775592764623730878
gestureclass,single_gestureclass,9.6599,43.0799,24.4818,23.0202,0.002,0.6469,17.6728,18.598,1775592764649952678
gestureclass,single_gestureclass,9.8813,33.3121,30.7154,29.621,0.0022,0.7356,1.6158,2.5966,1775592764855276132
gestureclass,single_gestureclass,9.8891,57.0548,30.8986,29.7871,0.0017,0.7127,25.2771,26.1562,1775592764886704923
gestureclass,single_gestureclass,9.9168,57.2391,27.1856,26.1662,0.0019,0.6638,29.1107,30.0535,1775592764918291521
gestureclass,single_gestureclass,10.0073,28.8968,26.4836,25.4574,0.0019,0.7001,1.4794,2.4132,1775592764981105656
gestureclass,single_gestureclass,10.1044,32.7933,30.1632,29.056,0.0021,0.7618,1.636,2.6301,1775592765078394441
gestureclass,single_gestureclass,10.2264,32.8426,30.2205,29.1094,0.0021,0.7623,1.6806,2.6221,1775592765200478889
gestureclass,single_gestureclass,10.2755,32.7644,30.1911,29.0526,0.0023,0.7739,1.6081,2.5733,1775592765249462977
gestureclass,single_gestureclass,10.3225,32.2013,29.4766,28.1499,0.0022,0.9934,1.6067,2.7247,1775592765296439745
gestureclass,single_gestureclass,10.3522,29.7077,26.7322,25.7054,0.0019,0.6663,2.1336,2.9754,1775592765326714682
gestureclass,single_gestureclass,10.5273,42.8696,40.218,37.8803,0.0032,1.0581,1.6372,2.6516,1775592765501244855
gestureclass,single_gestureclass,10.565,46.8154,40.8761,39.248,0.003,1.0109,4.8604,5.9393,1775592765542219720
gestureclass,single_gestureclass,10.5913,52.7997,31.3208,30.2165,0.0018,0.3267,20.3981,21.4789,1775592765584083476
gestureclass,single_gestureclass,10.5971,47.0688,31.3208,30.2165,0.0018,0.3267,14.6444,15.748,1775592765584083476
gestureclass,single_gestureclass,10.6554,28.1234,25.6734,24.698,0.0021,0.6526,1.524,2.45,1775592765629232480
gestureclass,single_gestureclass,10.6877,27.7047,25.2756,24.2758,0.0019,0.6562,1.5121,2.4292,1775592765661552407
gestureclass,single_gestureclass,10.7024,37.586,23.9616,22.9765,0.0018,0.6336,12.7256,13.6244,1775592765687483809
gestureclass,single_gestureclass,10.7652,26.4916,24.117,23.1838,0.0019,0.6328,1.466,2.3746,1775592765739019255
gestureclass,single_gestureclass,10.944,38.1677,35.5935,34.176,0.0029,0.971,1.5931,2.5743,1775592765917957561
gestureclass,single_gestureclass,10.9904,31.7078,29.0949,27.9998,0.0021,0.7269,1.6325,2.6128,1775592765964377684
gestureclass,single_gestureclass,11.1054,32.8124,30.2451,29.1243,0.0021,0.7769,1.6203,2.5673,1775592766079324825
gestureclass,single_gestureclass,11.2625,37.5459,34.9383,32.9656,0.0026,1.5533,1.6692,2.6076,1775592766236475781
gestureclass,single_gestureclass,11.4013,37.9286,35.3189,34.0066,0.0026,0.8957,1.6291,2.6097,1775592766375247931
gestureclass,single_gestureclass,11.5275,51.6112,48.8015,46.8704,0.0038,1.3194,1.7292,2.8097,1775592766501545807
gestureclass,single_gestureclass,11.5393,84.0998,43.5266,41.9592,0.0029,1.0022,39.5465,40.5731,1775592766551149870
gestureclass,single_gestureclass,11.5813,77.1968,34.3779,33.2599,0.002,0.356,41.7376,42.819,1775592766595375469
gestureclass,single_gestureclass,11.6051,53.4499,34.3779,33.2599,0.002,0.356,17.9672,19.072,1775592766595375469
gestureclass,single_gestureclass,11.7788,33.8616,31.1779,30.0586,0.0024,0.7522,1.6856,2.6837,1775592766752834028
gestureclass,single_gestureclass,11.8016,42.7675,31.0132,29.8726,0.0019,0.7288,10.8132,11.7543,1775592766784735287
gestureclass,single_gestureclass,11.8369,34.5812,26.4234,25.3922,0.002,0.6512,7.2193,8.1578,1775592766816447385
gestureclass,single_gestureclass,12.0238,46.2291,43.5744,41.8413,0.0034,1.1703,1.7142,2.6547,1775592766997848141
gestureclass,single_gestureclass,12.0862,33.3707,30.6867,29.5436,0.0023,0.7344,1.7045,2.6841,1775592767060282738
gestureclass,single_gestureclass,12.101,48.5995,28.8998,27.7935,0.0021,0.7092,18.3229,19.6997,1775592767091684945
gestureclass,single_gestureclass,12.1488,28.8894,26.3784,25.4221,0.0019,0.6503,1.6191,2.511,1775592767122772009
gestureclass,single_gestureclass,12.2099,29.7258,27.242,26.2415,0.0021,0.6657,1.5333,2.4838,1775592767183805580
gestureclass,single_gestureclass,12.2166,50.8537,27.1114,26.1151,0.0018,0.314,22.7013,23.7423,1775592767211681818
gestureclass,single_gestureclass,12.2364,31.1267,27.1114,26.1151,0.0018,0.314,2.9516,4.0153,1775592767211681818
gestureclass,single_gestureclass,12.2469,45.4164,23.9445,22.9564,0.0018,0.6356,20.5593,21.4719,1775592767239777849
gestureclass,single_gestureclass,12.3075,26.0882,23.7581,22.8209,0.0019,0.6279,1.4236,2.3301,1775592767281269467
gestureclass,single_gestureclass,12.4108,29.824,27.2541,26.2384,0.002,0.6813,1.5996,2.57,1775592767384774327
gestureclass,single_gestureclass,12.4599,29.0155,26.4876,25.4789,0.0019,0.6799,1.586,2.528,1775592767433809558
gestureclass,single_gestureclass,12.5631,32.8178,30.2592,29.167,0.0021,0.7489,1.5955,2.5587,1775592767537076498
gestureclass,single_gestureclass,12.7333,33.3295,30.6919,29.5769,0.0023,0.7619,1.6599,2.6375,1775592767707261310
gestureclass,single_gestureclass,12.8398,35.2073,31.9219,30.7279,0.0024,0.8238,2.2798,3.2853,1775592767814453080
gestureclass,single_gestureclass,12.8399,68.799,33.0203,31.0926,0.0024,0.7594,34.8504,35.7788,1775592767847078737
gestureclass,single_gestureclass,12.8942,41.4851,26.4316,25.422,0.0018,0.6498,14.127,15.0535,1775592767880712381
gestureclass,single_gestureclass,12.9609,42.0516,39.387,37.79,0.0033,1.1007,1.6263,2.6645,1775592767934910701
gestureclass,single_gestureclass,12.9806,66.299,43.2486,41.649,0.003,0.5257,21.9779,23.0504,1775592767974975790
gestureclass,single_gestureclass,12.9984,48.713,43.2486,41.649,0.003,0.5257,4.2295,5.4644,1775592767974975790
gestureclass,single_gestureclass,13.0402,49.2673,41.6409,39.9328,0.003,1.0756,6.5875,7.6264,1775592768019098430
gestureclass,single_gestureclass,13.0459,74.7857,30.5647,29.398,0.0021,0.7472,43.2525,44.221,1775592768061519434
gestureclass,single_gestureclass,13.237,35.1427,32.2916,30.9857,0.0063,0.8606,1.7169,2.851,1775592768211068876
gestureclass,single_gestureclass,13.5206,34.1272,31.1776,29.9461,0.0025,0.756,1.9641,2.9496,1775592768494886005
gestureclass,single_gestureclass,13.651,34.6651,31.9577,30.7362,0.0025,0.7905,1.7443,2.7074,1775592768625057645
gestureclass,single_gestureclass,13.7189,36.3767,33.7027,32.4399,0.0025,0.8737,1.6673,2.674,1775592768692881107
gestureclass,single_gestureclass,13.7386,47.8358,30.474,28.8755,0.0019,0.3415,16.2604,17.3619,1775592768727254609
gestureclass,single_gestureclass,13.7414,45.0912,30.474,28.8755,0.0019,0.3415,13.4921,14.6172,1775592768727254609
gestureclass,single_gestureclass,13.8838,32.9292,30.2523,29.1457,0.0022,0.7476,1.6942,2.6768,1775592768857812785
gestureclass,single_gestureclass,13.9569,34.5304,30.8095,29.617,0.0022,0.7678,2.7471,3.7209,1775592768932026102
gestureclass,single_gestureclass,14.0997,33.9479,31.3466,30.2045,0.0023,0.7684,1.6172,2.6013,1775592769073705841
gestureclass,single_gestureclass,14.279,35.291,32.0155,30.8031,0.0022,0.8028,2.2755,3.2754,1775592769253619351
gestureclass,single_gestureclass,14.279,69.0799,33.1999,32.053,0.0023,0.7395,34.9545,35.8799,1775592769286333993
gestureclass,single_gestureclass,14.3913,33.3648,30.7264,29.6021,0.0024,0.7539,1.6842,2.6384,1775592769365366455
gestureclass,single_gestureclass,14.519,34.5919,31.9008,30.6418,0.0022,0.7859,1.7269,2.6912,1775592769493033545
gestureclass,single_gestureclass,14.5427,43.0028,31.444,30.3249,0.002,0.7014,10.6041,11.5589,1775592769525657955
gestureclass,single_gestureclass,14.5598,52.6657,25.9646,24.9486,0.002,0.66,25.8155,26.7011,1775592769557919871
gestureclass,single_gestureclass,14.6286,27.6906,25.2007,23.7067,0.0019,1.1889,1.5254,2.4899,1775592769602505701
gestureclass,single_gestureclass,14.7185,29.9358,27.4471,26.4331,0.0022,0.6814,1.5941,2.4887,1775592769692491605
gestureclass,single_gestureclass,14.7927,32.3603,29.1336,28.0655,0.0021,0.7316,2.2388,3.2267,1775592769767287160
gestureclass,single_gestureclass,14.7927,61.0926,28.2058,27.1563,0.002,0.6798,31.9428,32.8868,1775592769797026565
gestureclass,single_gestureclass,15.0142,41.7147,39.0411,37.4888,0.0029,1.0484,1.7583,2.6736,1775592769988284586
gestureclass,single_gestureclass,15.2142,34.2441,31.5939,30.1163,0.0021,1.1229,1.677,2.6501,1775592770188244750
gestureclass,single_gestureclass,15.231,51.3878,33.141,32.07,0.002,0.3396,17.1275,18.2468,1775592770220453123
gestureclass,single_gestureclass,15.2457,36.6499,33.141,32.07,0.002,0.3396,2.3663,3.5089,1775592770220453123
gestureclass,single_gestureclass,15.2966,29.9728,27.3327,26.3276,0.002,0.675,1.6565,2.6401,1775592770270608803
gestureclass,single_gestureclass,15.3458,29.5098,26.9839,25.9831,0.002,0.6777,1.5759,2.5259,1775592770319715907
gestureclass,single_gestureclass,15.3495,52.1235,25.7721,24.7718,0.0018,0.6422,25.4209,26.3514,1775592770347297956
gestureclass,single_gestureclass,15.3945,32.6629,25.0534,23.5664,0.0018,1.1491,6.8028,7.6095,1775592770373652864
gestureclass,single_gestureclass,15.4229,28.5163,23.5052,22.5416,0.0018,0.6283,4.0905,5.0111,1775592770399305605
gestureclass,single_gestureclass,15.5006,36.1602,33.5989,32.2249,0.0028,0.9399,1.6153,2.5613,1775592770474558112
gestureclass,single_gestureclass,15.597,33.452,30.7883,29.6668,0.0022,0.7551,1.6904,2.6638,1775592770571021432
gestureclass,single_gestureclass,15.6187,41.5201,29.1245,28.0363,0.002,0.6935,11.44,12.3956,1775592770602519503
gestureclass,single_gestureclass,15.6346,52.125,25.9836,24.9777,0.0018,0.6589,25.2557,26.1414,1775592770632244758
gestureclass,single_gestureclass,15.6775,34.2412,24.3348,23.3505,0.0019,0.6246,9.0091,9.9064,1775592770658809599
gestureclass,single_gestureclass,15.7859,29.753,27.2017,26.1835,0.0022,0.6808,1.5981,2.5513,1775592770759887032
gestureclass,single_gestureclass,15.8789,32.8248,30.2066,29.1146,0.0024,0.7357,1.6608,2.6182,1775592770852940717
gestureclass,single_gestureclass,15.936,36.5148,33.9028,32.4877,0.0027,0.9908,1.6375,2.612,1775592770909959051
gestureclass,single_gestureclass,15.9397,61.8575,28.4351,27.3545,0.002,0.6809,32.5255,33.4223,1775592770944605312
gestureclass,single_gestureclass,15.9777,50.8082,26.1614,24.5431,0.0019,0.6716,23.7241,24.6468,1775592770973764361
gestureclass,single_gestureclass,16.0367,27.473,25.0032,24.0573,0.0018,0.6439,1.5538,2.4698,1775592771010604609
gestureclass,single_gestureclass,16.0594,29.0861,23.7838,22.7965,0.0018,0.6187,4.4024,5.3023,1775592771036165583
gestureclass,single_gestureclass,16.1777,34.7703,32.253,31.1633,0.0022,0.7473,1.5891,2.5172,1775592771151655536
gestureclass,single_gestureclass,16.2227,29.3312,26.8431,25.8449,0.002,0.6821,1.5521,2.4881,1775592771196602674
gestureclass,single_gestureclass,16.2602,28.0991,25.6727,24.7072,0.0018,0.6587,1.5035,2.4264,1775592771234093719
gestureclass,single_gestureclass,16.2629,57.4307,24.3409,23.3554,0.0019,0.6846,32.1965,33.0899,1775592771267494174
gestureclass,single_gestureclass,16.3606,28.5573,26.1032,25.1276,0.0018,0.6675,1.544,2.4541,1775592771334482171
gestureclass,single_gestureclass,16.3683,46.7854,25.2766,24.2804,0.0017,0.3118,20.5078,21.5087,1775592771361171307
gestureclass,single_gestureclass,16.377,38.0862,25.2766,24.2804,0.0017,0.3118,11.7857,12.8095,1775592771361171307
gestureclass,single_gestureclass,16.4793,30.9167,28.3147,27.2278,0.002,0.7402,1.6007,2.602,1775592771453296856
gestureclass,single_gestureclass,16.6155,33.6328,30.9835,29.2197,0.0025,1.4145,1.6675,2.6492,1775592771589553579
gestureclass,single_gestureclass,16.6734,34.0166,31.3325,30.1074,0.0024,0.8672,1.6811,2.6842,1775592771647423014
gestureclass,single_gestureclass,16.8247,34.1215,31.4497,30.2955,0.0022,0.7764,1.693,2.6718,1775592771798739100
gestureclass,single_gestureclass,16.9271,37.9326,35.3063,33.0698,0.0039,1.6485,1.6506,2.6263,1775592771901081666
gestureclass,single_gestureclass,16.9598,41.2483,35.0636,33.9436,0.0022,0.3696,5.0676,6.1847,1775592771937251132
gestureclass,single_gestureclass,16.9626,38.5058,35.0636,33.9436,0.0022,0.3696,2.3019,3.4422,1775592771937251132
gestureclass,single_gestureclass,16.9762,53.8087,28.0313,26.9936,0.0018,0.3205,24.6625,25.7774,1775592771973235731
gestureclass,single_gestureclass,16.984,46.1206,28.0313,26.9936,0.0018,0.3205,16.9315,18.0894,1775592771973235731
gestureclass,single_gestureclass,17.0373,27.0646,24.6268,23.6743,0.0018,0.6386,1.5218,2.4378,1775592772011175388
gestureclass,single_gestureclass,17.0926,27.5378,25.0891,24.1295,0.0018,0.655,1.5426,2.4487,1775592772066467952
gestureclass,single_gestureclass,17.1803,29.7368,27.2332,26.216,0.0022,0.6941,1.5509,2.5036,1775592772154234679
gestureclass,single_gestureclass,17.2393,29.7441,27.2207,26.1994,0.002,0.6997,1.601,2.5234,1775592772213235114
gestureclass,single_gestureclass,17.3162,32.8672,30.2529,28.5108,0.0023,1.3979,1.6491,2.6143,1775592772290241647
gestureclass,single_gestureclass,17.3553,31.2161,28.5207,27.2781,0.0021,0.9114,1.5881,2.6954,1775592772329260829
gestureclass,single_gestureclass,17.3841,28.9466,25.8811,24.8543,0.0022,0.6709,2.1229,3.0655,1775592772358539420
gestureclass,single_gestureclass,17.4162,27.1041,24.6623,23.6982,0.002,0.6479,1.5724,2.4418,1775592772390148700
gestureclass,single_gestureclass,17.4535,29.7425,27.22,26.1336,0.0022,0.7228,1.5817,2.5225,1775592772427470058
gestureclass,single_gestureclass,17.4995,28.7092,26.1813,25.1957,0.0019,0.6672,1.6193,2.5279,1775592772473456418
gestureclass,single_gestureclass,17.5222,31.4443,24.7785,23.7918,0.0019,0.6257,5.7256,6.6658,1775592772500301916
gestureclass,single_gestureclass,17.6489,32.9435,30.2987,29.1967,0.0022,0.7552,1.6572,2.6448,1775592772622945002
gestureclass,single_gestureclass,17.7191,33.3269,30.7078,29.5891,0.0023,0.7534,1.6329,2.619,1775592772693080856
gestureclass,single_gestureclass,17.7279,54.2011,29.0075,27.9161,0.002,0.6964,24.2798,25.1936,1775592772724502781
gestureclass,single_gestureclass,17.7666,41.7707,25.6529,24.5855,0.002,0.6893,15.2082,16.1178,1775592772754187953
gestureclass,single_gestureclass,17.8907,33.7417,31.075,29.3091,0.0022,0.7529,1.6952,2.6667,1775592772864701865
gestureclass,single_gestureclass,17.9486,38.1095,35.4059,34.1239,0.0026,0.8673,1.7228,2.7036,1775592772922690188
gestureclass,single_gestureclass,17.9594,57.225,29.1426,28.0474,0.002,0.6906,27.0967,28.0824,1775592772958819091
gestureclass,single_gestureclass,17.9899,54.0602,26.6118,25.6065,0.0018,0.3156,26.4575,27.4484,1775592772988723549
gestureclass,single_gestureclass,18.0097,34.4729,26.6118,25.6065,0.0018,0.3156,6.7146,7.8612,1775592772988723549
gestureclass,single_gestureclass,18.0683,27.6413,25.2571,24.2962,0.0018,0.6532,1.5087,2.3842,1775592773042201986
gestureclass,single_gestureclass,18.1402,28.9135,26.4403,25.4476,0.002,0.6776,1.5733,2.4732,1775592773114076379
gestureclass,single_gestureclass,18.1983,28.913,26.4748,25.4655,0.0021,0.6814,1.5099,2.4382,1775592773172135439
gestureclass,single_gestureclass,18.2334,27.6365,25.1552,24.2022,0.0018,0.6531,1.5726,2.4813,1775592773207310891
gestureclass,single_gestureclass,18.2933,28.713,26.2615,25.2692,0.0019,0.6758,1.502,2.4515,1775592773267104545
gestureclass,single_gestureclass,18.302,46.3212,25.6872,24.6702,0.0019,0.657,19.7029,20.634,1775592773294015753
gestureclass,single_gestureclass,18.4866,38.1229,35.4524,33.4836,0.0025,0.8498,1.6809,2.6705,1775592773460625156
gestureclass,single_gestureclass,18.5184,39.645,32.6057,31.416,0.0021,0.7657,6.0751,7.0392,1775592773496801434
gestureclass,single_gestureclass,18.5872,32.3939,29.8157,28.673,0.0024,0.7343,1.6406,2.5783,1775592773561231351
gestureclass,single_gestureclass,18.608,40.7889,28.4403,27.3825,0.0019,0.6669,11.4307,12.3485,1775592773591759201
gestureclass,single_gestureclass,18.6278,46.1662,24.6466,23.6534,0.0019,0.6455,20.6149,21.5195,1775592773620802853
gestureclass,single_gestureclass,18.6812,31.3704,28.9438,28.0112,0.0018,0.6224,1.5128,2.4266,1775592773655074889
gestureclass,single_gestureclass,18.9189,32.8469,30.2121,29.1139,0.0023,0.7392,1.653,2.6349,1775592773892948872
gestureclass,single_gestureclass,19.005,33.0443,30.3682,29.2396,0.0023,0.7553,1.6925,2.6761,1775592773979053376
gestureclass,single_gestureclass,19.0943,32.8295,30.142,29.05,0.0022,0.7545,1.6947,2.6876,1775592774068319433
gestureclass,single_gestureclass,19.2084,33.4806,30.8237,29.6567,0.0023,0.7856,1.6901,2.6569,1775592774182392825
gestureclass,single_gestureclass,19.2821,35.27,32.7109,30.7708,0.0027,1.5218,1.6048,2.5591,1775592774256026835
gestureclass,single_gestureclass,19.3286,33.4754,30.9039,29.7797,0.0023,0.7672,1.6031,2.5715,1775592774302509736
gestureclass,single_gestureclass,19.3373,53.4556,27.9288,26.8698,0.0019,0.3145,24.4458,25.5267,1775592774334105461
gestureclass,single_gestureclass,19.3481,42.7303,27.9288,26.8698,0.0019,0.3145,13.6969,14.8015,1775592774334105461
gestureclass,single_gestureclass,19.43,31.0583,28.4578,26.3647,0.0019,1.7751,1.5712,2.6005,1775592774403915387
gestureclass,single_gestureclass,19.4477,42.8271,28.6255,27.4504,0.0019,0.3063,13.2132,14.2016,1775592774433271255
gestureclass,single_gestureclass,19.4554,35.2471,28.6255,27.4504,0.0019,0.3063,5.4793,6.6216,1775592774433271255
gestureclass,single_gestureclass,19.4593,57.9407,25.5926,24.3444,0.0016,0.2905,31.1484,32.3482,1775592774462765169
gestureclass,single_gestureclass,19.4673,49.9718,25.5926,24.3444,0.0016,0.2905,23.1564,24.3792,1775592774462765169
gestureclass,single_gestureclass,19.474,43.2925,25.5926,24.3444,0.0016,0.2905,16.4447,17.7,1775592774462765169
gestureclass,single_gestureclass,19.6155,32.2857,29.5955,28.5434,0.0023,0.7152,1.6963,2.6902,1775592774589576799
gestureclass,single_gestureclass,19.6243,53.8487,29.697,28.6396,0.002,0.6809,23.1833,24.1517,1775592774619854933
gestureclass,single_gestureclass,19.65,54.1952,25.5005,24.4866,0.0018,0.6518,27.7357,28.6947,1775592774650126750
gestureclass,single_gestureclass,19.6944,34.8706,24.4876,23.4922,0.0018,0.6469,9.5363,10.3831,1775592774676257856
gestureclass,single_gestureclass,19.7234,31.28,24.4717,22.9334,0.0019,1.1895,5.5361,6.8083,1775592774701319806
gestureclass,single_gestureclass,19.7454,33.3073,23.8559,22.8918,0.0018,0.6301,8.5676,9.4514,1775592774726358993
gestureclass,single_gestureclass,19.7542,48.5342,23.4509,22.4816,0.0019,0.6276,24.1816,25.0833,1775592774750756073
gestureclass,single_gestureclass,19.9611,37.0421,34.3458,33.0388,0.0024,0.8623,1.6744,2.6963,1775592774935113562
gestureclass,single_gestureclass,20.1044,32.9864,30.283,29.1577,0.0023,0.7669,1.6658,2.7034,1775592775078420505
gestureclass,single_gestureclass,20.1956,33.3304,30.6423,29.5361,0.0024,0.7572,1.6732,2.6881,1775592775169629241
gestureclass,single_gestureclass,20.2254,33.334,29.0921,28.0037,0.002,0.6817,3.2454,4.2419,1775592775200976703
gestureclass,single_gestureclass,20.4401,42.3789,39.7182,37.8367,0.0037,1.2975,1.6205,2.6607,1775592775414038219
gestureclass,single_gestureclass,20.5997,33.9727,31.2443,30.1213,0.0023,0.7534,1.6947,2.7284,1775592775573773935
gestureclass,single_gestureclass,20.6195,45.4545,30.5672,29.4382,0.002,0.7145,13.8869,14.8873,1775592775605745119
gestureclass,single_gestureclass,20.6862,30.1638,27.5432,26.4057,0.002,0.7257,1.6425,2.6206,1775592775660171494
gestureclass,single_gestureclass,20.6879,55.5477,26.5107,24.9453,0.0021,0.6562,28.0883,29.037,1775592775688339467
gestureclass,single_gestureclass,20.9028,33.0169,30.3674,29.2692,0.0024,0.7398,1.7064,2.6496,1775592775876840143
gestureclass,single_gestureclass,21.0161,33.3858,30.7011,29.5841,0.0022,0.7581,1.6921,2.6846,1775592775990093861
gestureclass,single_gestureclass,21.0248,55.3856,29.9743,28.9301,0.002,0.6942,24.4162,25.4113,1775592776021571321
gestureclass,single_gestureclass,21.0954,29.0377,26.5484,25.5547,0.0119,0.6685,1.5697,2.4893,1775592776069326605
gestureclass,single_gestureclass,21.1317,28.1641,25.7256,24.7726,0.002,0.6494,1.5051,2.4386,1775592776105513803
gestureclass,single_gestureclass,21.1354,49.1128,24.1694,23.1782,0.0017,0.6272,24.1275,24.9434,1775592776131870134
gestureclass,single_gestureclass,21.1927,26.6187,24.1766,23.2242,0.0018,0.655,1.5032,2.4421,1775592776166573358
gestureclass,single_gestureclass,21.2144,29.1345,23.5749,22.5604,0.0018,0.6482,4.6127,5.5596,1775592776191393085
gestureclass,single_gestureclass,21.2468,25.794,23.4023,22.4598,0.0019,0.6247,1.483,2.3917,1775592776220611190
gestureclass,single_gestureclass,21.2828,26.8469,24.3926,22.7945,0.0018,1.2922,1.5125,2.4543,1775592776256642782
gestureclass,single_gestureclass,21.3558,27.7438,25.2234,24.2657,0.0018,0.6405,1.5793,2.5204,1775592776329764533
gestureclass,single_gestureclass,21.4388,31.1739,28.5972,27.533,0.002,0.7289,1.5962,2.5768,1775592776412745670
gestureclass,single_gestureclass,21.7274,33.2878,30.6696,29.5595,0.0022,0.7392,1.6751,2.6182,1775592776701419415
gestureclass,single_gestureclass,21.7472,42.8176,28.5587,27.48,0.002,0.6965,13.2804,14.2589,1775592776732796862
gestureclass,single_gestureclass,21.8372,31.7855,29.2572,28.1698,0.002,0.7377,1.5886,2.5283,1775592776811141931
gestureclass,single_gestureclass,21.8679,29.6524,27.2972,26.2671,0.0021,0.6815,1.3814,2.3552,1775592776841671056
gestureclass,single_gestureclass,21.9318,32.1996,29.6806,28.0369,0.0031,1.1303,1.5512,2.519,1775592776905711750
gestureclass,single_gestureclass,21.9912,31.2355,28.6656,27.558,0.0022,0.7271,1.698,2.5699,1775592776965226922
gestureclass,single_gestureclass,22.1157,32.9912,30.3161,29.2099,0.0021,0.7465,1.6947,2.6751,1775592777089719385
gestureclass,single_gestureclass,22.27,34.0958,31.414,29.6298,0.0022,1.4327,1.6918,2.6818,1775592777243996853
gestureclass,single_gestureclass,22.3693,35.2306,32.5432,31.0028,0.0024,1.1732,1.7014,2.6874,1775592777343333084
gestureclass,single_gestureclass,22.401,35.2054,31.0924,29.9732,0.002,0.7122,3.2325,4.1129,1775592777376631345
gestureclass,single_gestureclass,22.4825,31.8527,29.1667,28.0322,0.0021,0.7426,1.678,2.686,1775592777456498223
gestureclass,single_gestureclass,22.5305,32.2886,29.3038,28.2332,0.0021,0.7354,1.6549,2.9848,1775592777504540372
gestureclass,single_gestureclass,22.5583,31.8623,27.0044,25.9425,0.002,0.6893,3.8939,4.8579,1775592777534527392
gestureclass,single_gestureclass,22.562,53.5085,24.835,23.8198,0.0019,0.6311,27.7433,28.6735,1775592777562098074
gestureclass,single_gestureclass,22.6697,28.9514,26.5441,25.56,0.0019,0.6665,1.524,2.4073,1775592777643609028
gestureclass,single_gestureclass,22.7889,32.9683,30.2453,29.147,0.0023,0.7553,1.6994,2.7229,1775592777762994160
gestureclass,single_gestureclass,22.8731,32.9373,30.3351,29.2234,0.0021,0.7529,1.6172,2.6022,1775592777847096824
gestureclass,single_gestureclass,22.9803,34.883,32.1899,30.3864,0.0022,1.4329,1.6673,2.6932,1775592777954326342
gestureclass,single_gestureclass,22.9891,55.6762,28.8225,27.7644,0.002,0.2168,25.7137,26.8538,1775592777987147554
gestureclass,single_gestureclass,22.9891,55.7489,28.8225,27.7644,0.002,0.2168,25.6782,26.9265,1775592777987147554
gestureclass,single_gestureclass,22.9942,50.7984,28.8225,27.7644,0.002,0.2168,20.5619,21.976,1775592777987147554
gestureclass,single_gestureclass,23.0164,54.81,25.501,24.4297,0.0019,0.6616,28.3837,29.3091,1775592778017100452
gestureclass,single_gestureclass,23.1794,33.3676,30.6799,29.5968,0.0022,0.7386,1.7052,2.6878,1775592778153504304
gestureclass,single_gestureclass,23.2002,43.8476,30.6345,29.5242,0.0021,0.711,12.2495,13.2131,1775592778184824275
gestureclass,single_gestureclass,23.233,39.6113,27.4,26.3494,0.002,0.3181,10.7725,12.2113,1775592778216165128
gestureclass,single_gestureclass,23.2388,33.9179,27.4,26.3494,0.002,0.3181,5.0538,6.5179,1775592778216165128
gestureclass,single_gestureclass,23.2513,46.9496,25.2049,24.1791,0.0018,0.6536,20.792,21.7447,1775592778244420498
gestureclass,single_gestureclass,23.272,50.544,23.7822,22.7908,0.0019,0.6185,25.8036,26.7619,1775592778270199301
gestureclass,single_gestureclass,23.3948,29.84,27.2381,26.2239,0.0021,0.6799,1.6556,2.6019,1775592778368842559
gestureclass,single_gestureclass,23.4349,29.4485,26.9928,25.9336,0.0021,0.7237,1.5521,2.4557,1775592778408806395
gestureclass,single_gestureclass,23.7348,32.9645,30.259,29.1469,0.0023,0.7431,1.6921,2.7055,1775592778708831507
gestureclass,single_gestureclass,23.86,36.3441,33.2266,31.2305,0.0024,0.8291,1.6868,3.1175,1775592778834057715
gestureclass,single_gestureclass,23.8658,60.9629,30.054,28.9961,0.0022,0.6954,29.9542,30.9089,1775592778868073288
gestureclass,single_gestureclass,23.8955,57.8299,25.9391,24.9082,0.0018,0.6687,30.916,31.8907,1775592778898806351
gestureclass,single_gestureclass,24.1838,51.3904,48.6124,46.6923,0.0036,1.3087,1.7438,2.778,1775592779157873332
gestureclass,single_gestureclass,24.1896,84.5084,38.0069,36.5533,0.0027,0.974,45.5136,46.5015,1775592779207416609
gestureclass,single_gestureclass,24.2624,45.3799,33.0758,31.8664,0.0022,0.7233,11.3506,12.3041,1775592779246078979
gestureclass,single_gestureclass,24.4594,51.8348,49.0929,47.1624,0.0216,1.2979,1.6949,2.7419,1775592779433429288
gestureclass,single_gestureclass,24.4842,70.0939,42.0445,40.7421,0.0025,0.4088,26.926,28.0494,1775592779483430227
gestureclass,single_gestureclass,24.4959,58.347,42.0445,40.7421,0.0025,0.4088,15.1558,16.3025,1775592779483430227
gestureclass,single_gestureclass,24.6245,35.5008,32.8106,31.5197,0.0025,0.8345,1.7037,2.6901,1775592779598563872
gestureclass,single_gestureclass,24.6702,33.8187,31.2152,30.038,0.0021,0.7699,1.6084,2.6036,1775592779644184739
gestureclass,single_gestureclass,24.7643,35.4574,32.7569,30.8285,0.0025,1.5501,1.658,2.7005,1775592779738283032
gestureclass,single_gestureclass,24.83,35.4152,32.7781,31.556,0.0022,0.8392,1.6329,2.637,1775592779803957372
gestureclass,single_gestureclass,24.8826,34.5597,31.8587,30.4444,0.0098,0.9099,1.6179,2.701,1775592779856566210
gestureclass,single_gestureclass,24.9194,30.9825,28.2884,27.2591,0.0021,0.6943,1.714,2.6941,1775592779893430854
gestureclass,single_gestureclass,24.9856,29.9067,27.2422,26.1931,0.0021,0.7126,1.7064,2.6645,1775592779959616678
gestureclass,single_gestureclass,25.1107,33.0038,30.3232,29.1924,0.0022,0.7598,1.6456,2.6806,1775592780084726411
gestureclass,single_gestureclass,25.207,34.0414,31.359,30.1756,0.0022,0.8192,1.7123,2.6824,1775592780181028911
gestureclass,single_gestureclass,25.2552,34.4167,31.7198,30.552,0.0023,0.8035,1.6925,2.6969,1775592780229263049
gestureclass,single_gestureclass,25.259,60.5726,29.1333,28.0573,0.002,0.3387,30.3445,31.4393,1775592780261656807
gestureclass,single_gestureclass,25.2657,53.8399,29.1333,28.0573,0.002,0.3387,23.5884,24.7066,1775592780261656807
gestureclass,single_gestureclass,25.2919,53.4651,25.0852,24.0133,0.0018,0.6845,27.4627,28.3799,1775592780291670234
gestureclass,single_gestureclass,25.3595,28.3594,25.9153,24.3628,0.0019,1.2324,1.4801,2.4441,1775592780333357834
gestureclass,single_gestureclass,25.3792,33.0982,23.8536,22.8814,0.0017,0.6292,8.3156,9.2446,1775592780359911941
gestureclass,single_gestureclass,25.4756,34.7786,32.2335,30.9617,0.0026,0.8668,1.5881,2.5451,1775592780449510997
gestureclass,single_gestureclass,25.5436,32.2988,29.5925,28.5228,0.002,0.7316,1.7331,2.7063,1775592780517660629
gestureclass,single_gestureclass,25.5493,55.8815,28.8029,27.7269,0.0022,0.6867,26.2353,27.0786,1775592780547931317
gestureclass,single_gestureclass,25.599,33.1655,25.6791,24.6679,0.002,0.6483,5.9447,7.4863,1775592780577343588
gestureclass,single_gestureclass,25.6214,34.9877,24.1422,23.1551,0.0018,0.6319,9.9044,10.8455,1775592780603683234
gestureclass,single_gestureclass,26.029,33.9761,30.8492,29.6914,0.0024,0.7527,2.1825,3.1269,1775592781003532031
gestureclass,single_gestureclass,26.0572,35.5957,29.1596,28.0335,0.002,0.7087,5.5099,6.4361,1775592781035070101
gestureclass,single_gestureclass,26.143,31.6675,29.1347,28.0612,0.0022,0.7181,1.5945,2.5327,1775592781116972014
gestureclass,single_gestureclass,26.2039,32.2812,29.6512,28.5459,0.002,0.7606,1.6351,2.6299,1775592781177910701
gestureclass,single_gestureclass,26.4556,53.8857,50.5374,48.6554,0.004,1.2984,2.285,3.3483,1775592781430228806
gestureclass,single_gestureclass,26.4556,97.5962,42.7192,41.3707,0.0027,0.4371,53.71,54.8769,1775592781481689002
gestureclass,single_gestureclass,26.4807,72.5136,42.7192,41.3707,0.0027,0.4371,28.604,29.7944,1775592781481689002
gestureclass,single_gestureclass,26.5447,40.9145,31.7578,30.6091,0.0021,0.7225,8.1966,9.1568,1775592781525237084
gestureclass,single_gestureclass,26.6699,34.4772,31.8001,30.6482,0.0025,0.7898,1.6489,2.6771,1775592781643889597
gestureclass,single_gestureclass,26.6726,62.7956,30.3719,29.2523,0.0022,0.7311,31.4169,32.4238,1775592781676407311
gestureclass,single_gestureclass,26.7497,28.9688,26.5237,25.5277,0.002,0.6674,1.5092,2.4452,1775592781723510532
gestureclass,single_gestureclass,26.8879,32.9056,30.2508,29.154,0.0022,0.7367,1.6513,2.6548,1775592781861915558
gestureclass,single_gestureclass,26.9381,36.6373,34.0303,32.6976,0.0026,0.919,1.6389,2.607,1775592781912042550
gestureclass,single_gestureclass,26.9668,38.6639,29.8606,28.7783,0.002,0.3362,7.679,8.8032,1775592781946820245
gestureclass,single_gestureclass,26.9685,36.9463,29.8606,28.7783,0.002,0.3362,5.9373,7.0857,1775592781946820245
gestureclass,single_gestureclass,27.0277,29.5887,27.246,26.2176,0.002,0.7044,1.5883,2.3427,1775592782001624056
gestureclass,single_gestureclass,27.0915,31.1849,28.6546,26.9844,0.0022,0.6985,1.5833,2.5303,1775592782065400058
gestureclass,single_gestureclass,27.1849,32.9659,30.2299,29.1327,0.0023,0.7373,1.6859,2.736,1775592782158932016
gestureclass,single_gestureclass,27.3882,33.5369,30.8317,29.6969,0.0024,0.7524,1.6665,2.7052,1775592782362210655
gestureclass,single_gestureclass,27.6351,34.6498,32.0156,30.805,0.0026,0.7883,1.6661,2.6342,1775592782609116750
gestureclass,single_gestureclass,27.726,36.2852,33.0726,31.8555,0.0025,0.8315,2.1975,3.2126,1775592782700526095
gestureclass,single_gestureclass,27.726,70.1802,33.1131,31.9832,0.002,0.3517,35.974,37.0671,1775592782734338299
gestureclass,single_gestureclass,27.7522,44.0476,33.1131,31.9832,0.002,0.3517,9.8178,10.9345,1775592782734338299
gestureclass,single_gestureclass,27.7865,37.5376,27.0775,26.0242,0.0019,0.6693,9.4924,10.46,1775592782768312619
gestureclass,single_gestureclass,27.8014,47.6129,24.3949,23.3958,0.0018,0.6444,22.2564,23.218,1775592782796024925
gestureclass,single_gestureclass,27.8562,29.0976,26.3608,25.1004,0.0018,0.7825,1.5352,2.7367,1775592782830125979
gestureclass,single_gestureclass,27.8875,26.6418,23.8653,22.9095,0.0018,0.6364,1.9112,2.7766,1775592782861805896
gestureclass,single_gestureclass,27.9724,40.8089,38.1882,35.7097,0.003,1.989,1.5895,2.6208,1775592782946339015
gestureclass,single_gestureclass,28.0274,37.94,34.6361,33.3471,0.0027,0.8841,2.27,3.3039,1775592783002046889
gestureclass,single_gestureclass,28.0275,71.661,32.6678,31.4942,0.0022,0.186,37.6437,38.9932,1775592783037456327
gestureclass,single_gestureclass,28.0425,56.6175,32.6678,31.4942,0.0022,0.186,22.5761,23.9497,1775592783037456327
gestureclass,single_gestureclass,28.0426,56.7255,32.6678,31.4942,0.0022,0.186,22.5549,24.0577,1775592783037456327
gestureclass,single_gestureclass,28.0577,41.6398,32.6678,31.4942,0.0022,0.186,7.4329,8.972,1775592783037456327
gestureclass,single_gestureclass,28.0706,55.136,25.8226,24.7767,0.0019,0.6545,28.3883,29.3134,1775592783071317467
gestureclass,single_gestureclass,28.216,33.0403,30.3394,29.2418,0.0024,0.7525,1.6906,2.7009,1775592783190024605
gestureclass,single_gestureclass,28.2602,31.8995,29.2653,28.2044,0.002,0.7263,1.6367,2.6341,1775592783234227263
gestureclass,single_gestureclass,28.277,42.6552,26.8089,25.7309,0.0019,0.6685,14.8933,15.8463,1775592783264213068
gestureclass,single_gestureclass,28.3599,29.793,27.2133,26.1961,0.0019,0.6782,1.5943,2.5798,1775592783333817120
gestureclass,single_gestureclass,28.4189,30.1726,27.6357,26.6173,0.0021,0.6975,1.5898,2.5369,1775592783392836818
gestureclass,single_gestureclass,28.4426,34.3616,27.1852,26.116,0.002,0.673,6.1915,7.1764,1775592783421162803
gestureclass,single_gestureclass,28.4782,28.116,25.737,24.177,0.0019,1.2335,1.513,2.379,1775592783452015895
gestureclass,single_gestureclass,28.4839,46.967,23.9074,22.9362,0.0018,0.6337,22.1069,23.0596,1775592783478350771
gestureclass,single_gestureclass,28.5751,28.1451,25.6591,24.6719,0.0018,0.6794,1.5421,2.486,1775592783548972061
gestureclass,single_gestureclass,28.5948,33.7245,24.6799,23.6834,0.002,0.6461,8.0972,9.0446,1775592783575232554
gestureclass,single_gestureclass,28.6917,29.0859,26.5244,25.5313,0.002,0.6775,1.6198,2.5615,1775592783665709246
gestureclass,single_gestureclass,28.7381,28.357,25.8589,24.8796,0.002,0.6621,1.5609,2.4981,1775592783711966706
gestureclass,single_gestureclass,28.9628,43.9951,41.235,39.6305,0.0033,1.0922,1.7323,2.7601,1775592783936857112
gestureclass,single_gestureclass,29.2422,35.567,32.8168,31.6331,0.0024,0.7964,1.7297,2.7502,1775592784216250620
gestureclass,single_gestureclass,29.2569,56.9363,35.2681,34.0737,0.0022,0.361,20.5481,21.6682,1775592784249831801
gestureclass,single_gestureclass,29.257,56.9267,35.2681,34.0737,0.0022,0.361,20.5128,21.6587,1775592784249831801
gestureclass,single_gestureclass,29.293,49.3319,27.701,26.5973,0.0021,0.6978,20.6897,21.6309,1775592784285990936
gestureclass,single_gestureclass,29.3435,27.1668,24.695,23.7171,0.0021,0.6614,1.5547,2.4719,1775592784317400486
gestureclass,single_gestureclass,29.4009,29.356,26.8729,25.8978,0.0019,0.6686,1.5461,2.4831,1775592784374797681
gestureclass,single_gestureclass,29.4226,33.3626,25.083,24.092,0.0018,0.6427,7.4065,8.2796,1775592784402360700
gestureclass,single_gestureclass,29.4762,38.0487,35.5088,34.067,0.0027,0.9715,1.5774,2.5399,1775592784450104849
gestureclass,single_gestureclass,29.5019,41.2741,28.1735,27.1096,0.0018,0.6796,12.0907,13.1006,1775592784486339436
gestureclass,single_gestureclass,29.5734,29.7549,27.1683,26.156,0.0021,0.6929,1.6167,2.5866,1775592784547353336
gestureclass,single_gestureclass,29.6723,33.0055,30.2661,29.151,0.0023,0.7711,1.7123,2.7394,1775592784646394574
gestureclass,single_gestureclass,29.8176,33.7462,30.9421,29.7623,0.0024,0.7702,1.7955,2.8041,1775592784791763509
gestureclass,single_gestureclass,29.8826,35.2399,32.5296,31.3242,0.0032,0.8024,1.7481,2.7103,1775592784856681842
gestureclass,single_gestureclass,29.9024,45.3875,29.1356,28.0861,0.0021,0.69,15.29,16.2519,1775592784890003709
gestureclass,single_gestureclass,29.953,37.5459,34.986,33.6136,0.0027,0.9586,1.539,2.5599,1775592784926854028
gestureclass,single_gestureclass,29.9687,52.5141,29.9306,27.8158,0.0019,0.5384,21.4946,22.5835,1775592784962519239
gestureclass,single_gestureclass,29.9814,39.7713,29.9306,27.8158,0.0019,0.5384,8.728,9.8407,1775592784962519239
gestureclass,single_gestureclass,30.0177,29.6454,25.5504,24.5202,0.0019,0.6637,3.1395,4.095,1775592784993206634
gestureclass,single_gestureclass,30.0576,27.9658,25.6323,24.6686,0.002,0.6432,1.4694,2.3335,1775592785031397133
gestureclass,single_gestureclass,30.0783,32.4652,24.6241,23.6415,0.0019,0.6374,6.9878,7.8411,1775592785057634231
gestureclass,single_gestureclass,30.0977,37.2272,23.4962,22.5171,0.0017,0.6327,12.7754,13.7309,1775592785082869387
gestureclass,single_gestureclass,30.1382,25.754,23.4371,22.5071,0.0019,0.6387,1.3812,2.3169,1775592785111901069
gestureclass,single_gestureclass,30.1951,28.2545,25.7297,24.7441,0.0018,0.6533,1.5571,2.5248,1775592785169040214
gestureclass,single_gestureclass,30.1988,51.0659,25.8835,24.9161,0.0018,0.3097,24.1907,25.1824,1775592785195371850
gestureclass,single_gestureclass,30.2106,39.4964,25.8835,24.9161,0.0018,0.3097,12.4681,13.6129,1775592785195371850
gestureclass,single_gestureclass,30.2234,50.94,23.6882,22.7009,0.0019,0.6322,26.3062,27.2518,1775592785222065487
gestureclass,single_gestureclass,30.5288,35.4388,32.7639,31.5234,0.0025,0.8435,1.6851,2.6748,1775592785502819651
gestureclass,single_gestureclass,30.6255,35.1768,32.2684,30.0521,0.0061,1.8153,1.7524,2.9083,1775592785599555779
gestureclass,single_gestureclass,30.6669,31.2924,28.5085,27.4469,0.0022,0.7097,1.8246,2.784,1775592785641039226
gestureclass,single_gestureclass,30.7544,33.9189,31.184,30.0848,0.0022,0.7494,1.7278,2.7348,1775592785728460112
gestureclass,single_gestureclass,30.7652,53.5676,29.5778,28.5027,0.0021,0.3331,22.9139,23.9898,1775592785760413856
gestureclass,single_gestureclass,30.7679,50.8127,29.5778,28.5027,0.0021,0.3331,20.1356,21.2349,1775592785760413856
gestureclass,single_gestureclass,30.9691,48.5864,45.8149,43.991,0.004,1.225,1.7023,2.7715,1775592785943112288
gestureclass,single_gestureclass,31.0529,33.5448,30.8133,29.6378,0.0022,0.7681,1.7178,2.7315,1775592786026953068
gestureclass,single_gestureclass,31.1467,34.1797,31.3979,30.2302,0.0024,0.7895,1.7531,2.7818,1775592786120753054
gestureclass,single_gestureclass,31.3101,34.6582,31.9094,30.7234,0.0024,0.7954,1.7226,2.7488,1775592786284210681
gestureclass,single_gestureclass,31.422,44.745,42.0246,40.5046,0.0028,1.0382,1.7209,2.7204,1775592786396104671
gestureclass,single_gestureclass,31.4278,76.1087,36.1645,34.9338,0.0025,0.3794,38.7526,39.9441,1775592786438882854
gestureclass,single_gestureclass,31.4296,74.3446,36.1645,34.9338,0.0025,0.3794,36.9647,38.1801,1775592786438882854
gestureclass,single_gestureclass,31.5501,35.3205,32.7204,30.77,0.0025,1.5266,1.6458,2.6001,1775592786524127862
gestureclass,single_gestureclass,31.5897,31.9452,29.3941,28.3261,0.0024,0.7073,1.5736,2.5511,1775592786563578725
gestureclass,single_gestureclass,31.7049,33.5717,30.8867,29.7571,0.0023,0.773,1.6291,2.6851,1775592786678852045
gestureclass,single_gestureclass,31.7777,34.7285,32.0861,30.9405,0.0024,0.7882,1.652,2.6424,1775592786751664463
gestureclass,single_gestureclass,31.7884,53.4263,28.8811,27.8226,0.0021,0.6918,23.6094,24.5451,1775592786784393532
gestureclass,single_gestureclass,31.8951,33.5426,30.8798,29.7888,0.0024,0.7374,1.632,2.6629,1775592786869069560
gestureclass,single_gestureclass,31.9018,57.9224,29.4681,28.4217,0.002,0.3249,26.4943,28.4543,1775592786900680926
gestureclass,single_gestureclass,31.9046,55.1798,29.4681,28.4217,0.002,0.3249,23.7272,25.7117,1775592786900680926
gestureclass,single_gestureclass,31.977,33.3521,30.778,29.5744,0.0024,0.8199,1.5733,2.5741,1775592786950923490
gestureclass,single_gestureclass,32.0395,30.6301,28.0717,27.0163,0.0021,0.7134,1.709,2.5584,1775592787013581053
gestureclass,single_gestureclass,32.2115,32.8848,30.1626,29.064,0.0022,0.7554,1.6818,2.7222,1775592787185505060
gestureclass,single_gestureclass,32.2986,33.8449,31.162,30.0387,0.0023,0.7729,1.6589,2.6829,1775592787272604451
gestureclass,single_gestureclass,32.3144,48.811,30.0422,28.3067,0.0021,0.6932,17.777,18.7688,1775592787304498003
gestureclass,single_gestureclass,32.4094,32.0656,29.4723,28.4058,0.0021,0.7332,1.6341,2.5933,1775592787383395713
gestureclass,single_gestureclass,32.4162,55.7725,29.817,28.7491,0.0021,0.6948,25.0499,25.9556,1775592787413570238
gestureclass,single_gestureclass,32.5042,31.1007,28.4546,27.4004,0.002,0.7141,1.6656,2.6462,1775592787478186053
gestureclass,single_gestureclass,32.5189,42.9115,25.9996,24.9764,0.0019,0.6685,15.9791,16.912,1775592787507244576
gestureclass,single_gestureclass,32.6321,32.6788,30.038,28.977,0.0022,0.7128,1.632,2.6409,1775592787606063676
gestureclass,single_gestureclass,32.6338,60.9906,29.2894,28.2665,0.0019,0.3201,30.6401,31.7012,1775592787636813041
gestureclass,single_gestureclass,32.6426,52.2532,29.2894,28.2665,0.0019,0.3201,21.879,22.9639,1775592787636813041
gestureclass,single_gestureclass,32.7011,28.1391,25.7651,24.7931,0.0019,0.6666,1.4629,2.3741,1775592787674881395
gestureclass,single_gestureclass,32.7118,42.3851,24.2727,23.2814,0.0022,0.6364,17.1647,18.1124,1775592787701293995
gestureclass,single_gestureclass,32.8074,28.7249,26.2582,25.269,0.0019,0.6769,1.5001,2.4667,1775592787781223081
gestureclass,single_gestureclass,32.8221,41.6243,26.978,25.3582,0.0019,1.2344,13.6757,14.6463,1775592787808124056
gestureclass,single_gestureclass,32.928,31.852,28.4613,27.424,0.0022,0.7103,1.5981,3.3907,1775592787901924279
gestureclass,single_gestureclass,32.9387,49.6073,27.7021,26.658,0.0018,0.6726,20.9286,21.9052,1775592787931990544
gestureclass,single_gestureclass,33.0095,28.8332,26.3525,25.3705,0.002,0.6728,1.5168,2.4807,1775592787983398257
gestureclass,single_gestureclass,33.0173,47.2589,25.5688,24.5708,0.0019,0.6313,20.7489,21.69,1775592788010351222
gestureclass,single_gestureclass,33.0505,38.7461,24.2242,23.2538,0.0016,0.6351,13.6364,14.5219,1775592788036500545
gestureclass,single_gestureclass,33.0767,36.7177,23.5293,22.5671,0.0018,0.6294,12.2333,13.1884,1775592788061293339
gestureclass,single_gestureclass,33.1616,28.6307,26.2263,25.2316,0.0019,0.6638,1.492,2.4044,1775592788135480281
gestureclass,single_gestureclass,33.1864,29.3024,24.742,23.7635,0.0019,0.63,3.593,4.5604,1775592788162307725
gestureclass,single_gestureclass,33.2719,29.1731,26.7033,25.6962,0.0019,0.6782,1.5092,2.4698,1775592788245764135
gestureclass,single_gestureclass,33.3312,30.0627,27.5865,25.8946,0.0021,1.3303,1.5028,2.4762,1775592788305101585
gestureclass,single_gestureclass,33.4606,33.2289,30.5178,29.4103,0.0024,0.7365,1.6794,2.7111,1775592788434619239
gestureclass,single_gestureclass,33.5561,34.8911,32.0235,30.6628,0.0023,1.0035,1.6561,2.8677,1775592788530077444
gestureclass,single_gestureclass,33.5608,60.6828,29.7982,28.7168,0.0019,0.3496,29.7585,30.8845,1775592788562932485
gestureclass,single_gestureclass,33.5886,32.912,29.7982,28.7168,0.0019,0.3496,1.9634,3.1138,1775592788562932485
gestureclass,single_gestureclass,33.6132,34.8589,25.8932,24.8528,0.0018,0.6667,8.0442,8.9657,1775592788593563550
gestureclass,single_gestureclass,33.7103,31.9099,29.344,28.2646,0.0022,0.7315,1.5507,2.5659,1775592788684174253
gestureclass,single_gestureclass,33.722,47.7865,27.0651,26.0254,0.0019,0.6636,19.7887,20.7213,1775592788714113982
gestureclass,single_gestureclass,33.7654,30.0112,25.013,24.0103,0.0019,0.6546,4.0336,4.9982,1775592788741768076
gestureclass,single_gestureclass,33.8266,29.1731,26.6881,25.6997,0.002,0.6711,1.5352,2.485,1775592788800494074
gestureclass,single_gestureclass,33.8443,38.0914,25.8397,24.8513,0.0017,0.3126,11.1849,12.2517,1775592788827871845
gestureclass,single_gestureclass,33.8491,33.3929,25.8397,24.8513,0.0017,0.3126,6.4638,7.5532,1775592788827871845
gestureclass,single_gestureclass,33.9547,34.6878,32.0986,30.9025,0.0023,0.8214,1.6165,2.5892,1775592788928652604
gestureclass,single_gestureclass,34.0756,34.1663,31.4767,30.3698,0.0021,0.74,1.7025,2.6897,1775592789049680854
gestureclass,single_gestureclass,34.0904,50.5476,30.4669,29.3447,0.0022,0.713,19.1121,20.0807,1775592789081870462
gestureclass,single_gestureclass,34.124,43.3733,25.7727,24.7545,0.0018,0.6617,16.6054,17.6006,1775592789112934968
gestureclass,single_gestureclass,34.2326,31.8012,29.1912,28.1193,0.0024,0.7348,1.5998,2.61,1775592789206537035
gestureclass,single_gestureclass,34.2786,31.1191,28.5214,27.4838,0.0022,0.6983,1.6108,2.5977,1775592789252562557
gestureclass,single_gestureclass,34.2894,47.5402,26.5073,25.4408,0.0019,0.691,20.0477,21.0329,1775592789281768809
gestureclass,single_gestureclass,34.4612,41.4214,38.6481,37.2124,0.0031,0.9738,1.7273,2.7734,1775592789435270019
gestureclass,single_gestureclass,34.4669,73.6189,37.0901,35.8972,0.0023,0.3771,35.3851,36.5288,1775592789474678635
gestureclass,single_gestureclass,34.4697,70.8854,37.0901,35.8972,0.0023,0.3771,32.6276,33.7954,1775592789474678635
gestureclass,single_gestureclass,34.5026,67.2457,28.7067,27.5637,0.0026,0.69,37.5812,38.539,1775592789512568104
gestureclass,single_gestureclass,34.7773,34.3451,31.665,30.2022,0.0022,1.1148,1.6377,2.6802,1775592789751252803
gestureclass,single_gestureclass,34.792,54.4188,34.0447,32.9297,0.0021,0.2378,19.2938,20.3741,1775592789783683242
gestureclass,single_gestureclass,34.8008,45.6831,34.0447,32.9297,0.0021,0.2378,10.5355,11.6385,1775592789783683242
gestureclass,single_gestureclass,34.8086,38.1217,34.0447,32.9297,0.0021,0.2378,2.7757,4.077,1775592789783683242
gestureclass,single_gestureclass,34.8268,46.8118,26.1965,25.1339,0.002,0.6554,19.6435,20.6153,1775592789818811109
gestureclass,single_gestureclass,34.9879,46.8969,44.1835,42.468,0.0035,1.1716,1.6868,2.7135,1775592789961971999
gestureclass,single_gestureclass,35.0177,54.8294,36.8865,35.6591,0.0025,0.8107,16.964,17.9428,1775592790007003334
gestureclass,single_gestureclass,35.0391,63.6542,29.4073,28.2351,0.0021,0.6961,33.2825,34.2469,1775592790044703783
gestureclass,single_gestureclass,35.0708,58.0144,25.5175,24.5009,0.002,0.6592,31.6184,32.4969,1775592790074785303
gestureclass,single_gestureclass,35.2171,33.4687,30.9267,29.7568,0.0025,0.7408,1.689,2.542,1775592790191127935
gestureclass,single_gestureclass,35.2278,52.9532,29.5559,28.4639,0.002,0.6963,22.64,23.3973,1775592790222798159
gestureclass,single_gestureclass,35.309,29.7194,27.2905,26.2838,0.0021,0.6839,1.5631,2.4289,1775592790282882760
gestureclass,single_gestureclass,35.3769,30.8833,28.4764,27.4319,0.0022,0.7122,1.5848,2.4069,1775592790350849993
gestureclass,single_gestureclass,35.4026,33.8528,27.9154,26.2161,0.0022,0.6537,5.1398,5.9374,1775592790380090847
gestureclass,single_gestureclass,35.4527,31.8172,29.3557,28.2276,0.0022,0.7781,1.5025,2.4615,1775592790426506297
gestureclass,single_gestureclass,35.5707,33.1807,30.441,29.3409,0.0023,0.748,1.709,2.7397,1775592790544784063
gestureclass,single_gestureclass,35.6121,31.1403,28.5512,27.5001,0.0021,0.7058,1.6174,2.5891,1775592790586042163
gestureclass,single_gestureclass,35.6228,47.4446,26.3756,25.3179,0.0021,0.687,20.1375,21.069,1775592790615291069
gestureclass,single_gestureclass,35.8216,33.0403,30.3105,29.2131,0.0022,0.7549,1.6632,2.7298,1775592790795592701
gestureclass,single_gestureclass,35.8739,33.0915,30.5176,29.3733,0.0022,0.7868,1.6165,2.5739,1775592790847830207
gestureclass,single_gestureclass,35.8886,46.6084,27.5983,26.5201,0.0021,0.6921,18.0817,19.0101,1775592790879038916
gestureclass,single_gestureclass,35.9734,39.0558,36.4493,35.0133,0.0027,0.9825,1.595,2.6065,1775592790947390234
gestureclass,single_gestureclass,36.0767,33.803,31.1116,29.9867,0.0024,0.7567,1.6646,2.6914,1775592791050746227
gestureclass,single_gestureclass,36.0815,61.0001,31.2282,29.3405,0.0023,1.4616,28.8036,29.7719,1775592791082654251
gestureclass,single_gestureclass,36.1424,28.5249,26.1827,25.192,0.002,0.6825,1.4246,2.3422,1775592791116197132
gestureclass,single_gestureclass,36.1502,45.7559,24.307,23.3158,0.0018,0.6405,20.4992,21.4489,1775592791143016656
gestureclass,single_gestureclass,36.2822,31.1005,28.5615,27.5053,0.0022,0.715,1.5769,2.539,1775592791256118013
gestureclass,single_gestureclass,36.3029,38.5785,27.5732,26.5421,0.002,0.651,10.0834,11.0053,1775592791285363924
gestureclass,single_gestureclass,36.4188,32.9263,30.2922,29.1911,0.0023,0.7424,1.6921,2.6341,1775592791392805752
gestureclass,single_gestureclass,36.4569,32.2254,28.6486,27.5912,0.002,0.7131,2.6078,3.5768,1775592791431876946
gestureclass,single_gestureclass,36.5434,33.4444,30.7571,29.6464,0.0025,0.7457,1.6351,2.6873,1775592791517349347
gestureclass,single_gestureclass,36.5541,51.9676,28.6304,27.5437,0.0019,0.6987,22.3787,23.3372,1775592791548861780
gestureclass,single_gestureclass,36.6273,30.0565,27.6054,26.5647,0.0021,0.7034,1.5206,2.4511,1775592791601184047
gestureclass,single_gestureclass,36.65,34.9388,26.9251,25.2871,0.0019,1.2712,7.1013,8.0137,1775592791629492497
gestureclass,single_gestureclass,36.6586,52.6779,25.4268,24.4196,0.0018,0.308,26.1807,27.2511,1775592791657100101
gestureclass,single_gestureclass,36.6753,35.9733,25.4268,24.4196,0.0018,0.308,9.4535,10.5465,1775592791657100101
gestureclass,single_gestureclass,36.9267,34.1303,31.4488,29.2618,0.0023,1.8249,1.6577,2.6815,1775592791900659887
gestureclass,single_gestureclass,36.99,33.0026,30.2982,29.1853,0.0022,0.7542,1.689,2.7044,1775592791964038335
gestureclass,single_gestureclass,37.0332,30.6695,28.0897,27.0519,0.0021,0.7076,1.6525,2.5798,1775592792007216586
gestureclass,single_gestureclass,37.1021,31.5962,29.0675,28.0065,0.0021,0.7152,1.6143,2.5287,1775592792076061437
gestureclass,single_gestureclass,37.1939,32.9378,30.3165,29.2117,0.0023,0.7601,1.6611,2.6212,1775592792167944833
gestureclass,single_gestureclass,37.2257,30.4282,28.0111,26.9841,0.0019,0.6956,1.44,2.417,1775592792199477481
gestureclass,single_gestureclass,37.2953,30.74,28.1602,27.1272,0.0021,0.7069,1.6677,2.5798,1775592792269349481
gestureclass,single_gestureclass,37.5154,33.0279,30.3961,29.2598,0.0022,0.7562,1.6646,2.6318,1775592792489440804
gestureclass,single_gestureclass,37.5907,34.5988,31.9246,30.7777,0.0022,0.7868,1.703,2.6742,1775592792564726145
gestureclass,single_gestureclass,37.6065,50.0839,30.576,29.4692,0.0023,0.6949,18.5776,19.5079,1775592792597378056
gestureclass,single_gestureclass,37.6465,36.4478,25.6674,24.647,0.0019,0.6615,9.8183,10.7803,1775592792628643473
gestureclass,single_gestureclass,37.7021,27.5416,25.1289,24.1625,0.002,0.645,1.4648,2.4127,1775592792675948020
gestureclass,single_gestureclass,37.909,32.9416,30.2914,29.1903,0.0022,0.7574,1.6711,2.6502,1775592792883043643
gestureclass,single_gestureclass,38.0572,32.9306,30.2085,29.1136,0.0023,0.7531,1.6978,2.7221,1775592793031293878
gestureclass,single_gestureclass,38.1944,33.5214,30.7547,29.6275,0.0024,0.763,1.7245,2.7667,1775592793168523276
gestureclass,single_gestureclass,38.2422,34.0154,31.4689,30.2744,0.0025,0.8105,1.6093,2.5465,1775592793216143373
gestureclass,single_gestureclass,38.2699,35.4929,28.4561,27.3514,0.0022,0.698,6.0756,7.0368,1775592793248355889
gestureclass,single_gestureclass,38.3156,28.3918,25.9075,24.9197,0.0018,0.6673,1.5874,2.4844,1775592793289576028
gestureclass,single_gestureclass,38.4493,46.7358,43.9509,42.1578,0.0037,1.2567,1.6866,2.7848,1775592793423340932
gestureclass,single_gestureclass,38.4881,45.4776,36.7738,34.7874,0.0025,0.7889,7.7341,8.7038,1775592793468153608
gestureclass,single_gestureclass,38.5336,31.4062,28.8239,27.7732,0.0022,0.7149,1.5926,2.5823,1775592793507511761
gestureclass,single_gestureclass,38.565,28.4393,25.8544,24.8603,0.0021,0.6824,1.6115,2.5849,1775592793538958521
gestureclass,single_gestureclass,38.6387,29.7701,27.3127,26.293,0.0021,0.6952,1.5123,2.4575,1775592793612513778
gestureclass,single_gestureclass,38.6916,30.3578,27.7724,26.7434,0.0022,0.7068,1.617,2.5854,1775592793665598975
gestureclass,single_gestureclass,38.7114,37.3368,26.0635,25.0464,0.0019,0.6505,10.2966,11.2733,1775592793694039273
gestureclass,single_gestureclass,38.7859,28.3093,25.8827,24.9052,0.002,0.6667,1.5447,2.4266,1775592793759840086
gestureclass,single_gestureclass,38.8285,28.1658,25.72,24.7331,0.002,0.6669,1.4904,2.4459,1775592793802304012
gestureclass,single_gestureclass,38.8362,46.073,25.164,24.1564,0.002,0.6455,20.0818,20.909,1775592793828620068
gestureclass,single_gestureclass,38.8668,39.798,23.6902,22.7281,0.0019,0.6203,15.1916,16.1078,1775592793854368877
gestureclass,single_gestureclass,38.9438,29.4325,27.0293,24.9322,0.0019,1.7726,1.4815,2.4033,1775592793917654428
gestureclass,single_gestureclass,38.9695,29.8471,25.3678,24.2091,0.0073,0.7202,3.4461,4.4794,1775592793945333086
gestureclass,single_gestureclass,39.1647,33.6559,30.7688,29.622,0.0024,0.7774,1.8692,2.8871,1775592794138937092
gestureclass,single_gestureclass,39.2196,32.84,30.0885,28.969,0.0024,0.7681,1.714,2.7515,1775592794193655894
gestureclass,single_gestureclass,39.3267,32.9347,30.2407,29.1229,0.0025,0.7464,1.7033,2.694,1775592794300724665
gestureclass,single_gestureclass,39.4499,49.4134,46.5938,44.6637,0.0199,1.3248,1.7171,2.8197,1775592794423950701
gestureclass,single_gestureclass,39.4646,74.4438,39.0317,37.6526,0.0026,0.895,34.4508,35.4121,1775592794471438472
gestureclass,single_gestureclass,39.5055,65.7778,31.2926,30.2098,0.0019,0.3377,33.3841,34.4852,1775592794511240341
gestureclass,single_gestureclass,39.5123,58.9907,31.2926,30.2098,0.0019,0.3377,26.5746,27.6981,1775592794511240341
gestureclass,single_gestureclass,39.5713,28.4994,25.9333,24.9187,0.002,0.6853,1.6031,2.5661,1775592794545273301
gestureclass,single_gestureclass,39.6151,28.2171,25.7124,24.7094,0.0022,0.6857,1.5821,2.5047,1775592794589000391
gestureclass,single_gestureclass,39.6368,32.5539,25.4259,23.8465,0.002,1.215,6.1865,7.1281,1775592794615313326
gestureclass,single_gestureclass,39.6485,45.2342,23.5136,22.5358,0.002,0.6184,20.5381,21.7206,1775592794641373635
gestureclass,single_gestureclass,39.6932,25.8758,23.4125,22.4831,0.002,0.632,1.586,2.4633,1775592794667168236
gestureclass,single_gestureclass,39.7563,28.0433,25.5352,24.5592,0.002,0.6705,1.5707,2.5081,1775592794730238128
gestureclass,single_gestureclass,39.762,48.804,25.7396,24.7976,0.0018,0.2986,21.9984,23.0644,1775592794756381681
gestureclass,single_gestureclass,39.7637,47.1547,25.7396,24.7976,0.0018,0.2986,20.3085,21.4151,1775592794756381681
gestureclass,single_gestureclass,39.8046,30.5855,23.6071,22.6149,0.002,0.6311,6.0353,6.9784,1775592794782946437
gestureclass,single_gestureclass,39.9014,29.5787,26.9899,25.9914,0.002,0.6814,1.6284,2.5888,1775592794875355297
gestureclass,single_gestureclass,39.9211,35.9087,25.5675,24.5701,0.002,0.6466,9.465,10.3412,1775592794902918408
gestureclass,single_gestureclass,39.9522,30.7696,25.3235,24.3476,0.0018,0.6347,4.5455,5.446,1775592794929051114
gestureclass,single_gestureclass,39.9672,40.2713,24.0145,23.0313,0.002,0.6244,15.3589,16.2568,1775592794954918815
gestureclass,single_gestureclass,40.0001,31.5461,23.5748,22.5973,0.002,0.6356,7.0503,7.9713,1775592794979524989
gestureclass,single_gestureclass,40.205,34.0915,31.4997,30.3884,0.0023,0.7641,1.6568,2.5918,1775592795179021868
gestureclass,single_gestureclass,40.2308,36.1722,27.23,26.1549,0.0019,0.691,8.0209,8.9422,1775592795211138325
gestureclass,single_gestureclass,40.3252,32.9802,30.301,29.1762,0.0022,0.7648,1.6589,2.6792,1775592795299168633
gestureclass,single_gestureclass,40.3744,33.0722,30.296,28.9713,0.0022,0.9733,1.6336,2.7763,1775592795348351473
gestureclass,single_gestureclass,40.3972,39.6445,28.5401,27.5187,0.0021,0.319,10.0017,11.1043,1775592795379513109
gestureclass,single_gestureclass,40.4049,31.8892,28.5401,27.5187,0.0021,0.319,2.2235,3.3491,1775592795379513109
gestureclass,single_gestureclass,40.4126,51.2166,26.3914,25.3242,0.0019,0.6519,23.9031,24.8252,1775592795408898277
gestureclass,single_gestureclass,40.465,27.1723,24.7123,23.7692,0.0019,0.6427,1.5149,2.46,1775592795438896539
gestureclass,single_gestureclass,40.4767,39.886,23.7238,22.7422,0.0019,0.6209,15.2025,16.1622,1775592795464282328
gestureclass,single_gestureclass,40.693,33.5002,30.8879,29.766,0.0021,0.7747,1.6189,2.6123,1775592795666932625
gestureclass,single_gestureclass,40.6987,58.2938,29.9225,28.8619,0.0022,0.6917,27.4007,28.3713,1775592795698461275
gestureclass,single_gestureclass,40.8773,35.1593,32.422,31.3245,0.0024,0.7552,1.7099,2.7373,1775592795851352303
gestureclass,single_gestureclass,40.8971,47.8268,31.552,30.5071,0.0021,0.3285,15.1515,16.2747,1775592795884565270
gestureclass,single_gestureclass,40.9008,44.0969,31.552,30.5071,0.0021,0.3285,11.3988,12.5449,1775592795884565270
gestureclass,single_gestureclass,41.0131,43.8066,41.2593,39.624,0.0036,1.0813,1.6701,2.5473,1775592795987165623
gestureclass,single_gestureclass,41.0902,34.0598,31.4076,30.208,0.0026,0.7937,1.7631,2.6522,1775592796064283338
gestureclass,single_gestureclass,41.1284,32.3541,29.7611,28.696,0.0023,0.7109,1.6532,2.593,1775592796102442981
gestureclass,single_gestureclass,41.3171,32.9435,30.2944,29.1733,0.0025,0.7571,1.6475,2.6491,1775592796291113019
gestureclass,single_gestureclass,41.3743,34.6196,31.9256,30.744,0.0026,0.7906,1.7095,2.694,1775592796348334556
gestureclass,single_gestureclass,41.379,59.0348,28.5367,27.4579,0.0022,0.6897,29.5711,30.4981,1775592796380960324
gestureclass,single_gestureclass,41.4733,46.603,43.8837,42.1656,0.0034,1.1789,1.6725,2.7192,1775592796447302925
gestureclass,single_gestureclass,41.498,68.1469,45.3504,43.606,0.0034,0.5699,21.5907,22.7966,1775592796491979308
gestureclass,single_gestureclass,41.5108,55.4061,45.3504,43.606,0.0034,0.5699,8.8258,10.0557,1775592796491979308
gestureclass,single_gestureclass,41.5814,35.0218,32.3383,30.4036,0.0026,0.7943,1.7207,2.6835,1775592796555508960
gestureclass,single_gestureclass,41.6397,37.5526,34.7516,33.3284,0.0024,0.9087,1.7269,2.801,1775592796613752299
gestureclass,single_gestureclass,41.6555,52.3477,29.587,28.5094,0.0019,0.3242,21.7118,22.7607,1775592796649519013
gestureclass,single_gestureclass,41.6722,35.6183,29.587,28.5094,0.0019,0.3242,4.9593,6.0313,1775592796649519013
gestureclass,single_gestureclass,41.7241,29.3913,26.8983,25.9046,0.0023,0.6673,1.5705,2.493,1775592796697982683
gestureclass,single_gestureclass,41.7368,43.2835,25.9505,24.9377,0.0021,0.6545,16.4981,17.333,1775592796725624200
gestureclass,single_gestureclass,41.7547,51.8792,25.6792,24.7004,0.002,0.3071,25.1539,26.2,1775592796752156417
gestureclass,single_gestureclass,41.7764,30.1788,25.6792,24.7004,0.002,0.3071,3.4304,4.4996,1775592796752156417
gestureclass,single_gestureclass,41.7962,34.6625,23.6791,22.6867,0.0019,0.6331,10.0777,10.9834,1775592796778656159
gestureclass,single_gestureclass,41.8721,28.2073,25.7584,24.7623,0.002,0.6794,1.5073,2.4489,1775592796845961910
gestureclass,single_gestureclass,41.8918,33.5238,24.3288,23.3059,0.0019,0.6469,8.2655,9.195,1775592796872420597
gestureclass,single_gestureclass,41.9725,28.8038,26.2949,25.2903,0.0019,0.686,1.5943,2.5089,1775592796946486732
gestureclass,single_gestureclass,42.0156,28.7061,26.4113,24.8053,0.002,1.2925,1.5066,2.2947,1775592796989415029
gestureclass,single_gestureclass,42.0303,39.7246,25.0244,24.0063,0.0019,0.6523,13.7808,14.7002,1775592797016429683
gestureclass,single_gestureclass,42.0585,35.9049,23.7212,22.7285,0.0019,0.6303,11.255,12.1837,1775592797042069343
gestureclass,single_gestureclass,42.1586,28.9478,26.4687,25.4721,0.0022,0.6662,1.5142,2.4791,1775592797132461451
gestureclass,single_gestureclass,42.2478,32.2897,29.6128,28.5358,0.0022,0.7358,1.6868,2.677,1775592797221818624
gestureclass,single_gestureclass,42.2635,44.487,27.2894,26.2104,0.0021,0.6836,16.2191,17.1976,1775592797252109750
gestureclass,single_gestureclass,42.3192,28.1975,25.7021,24.7087,0.002,0.6645,1.5676,2.4954,1775592797293157583
gestureclass,single_gestureclass,42.3676,28.1315,25.6728,24.7048,0.0018,0.6618,1.5662,2.4587,1775592797341561306
gestureclass,single_gestureclass,42.5521,33.3099,30.695,29.1803,0.0024,1.155,1.7002,2.6149,1775592797526151725
gestureclass,single_gestureclass,42.5829,33.0629,29.9061,28.7682,0.0019,0.6949,2.2149,3.1569,1775592797557451442
gestureclass,single_gestureclass,42.6772,33.5355,30.9185,29.1461,0.0024,1.4254,1.6868,2.617,1775592797651209351
gestureclass,single_gestureclass,42.867,33.5226,30.8308,29.7032,0.0024,0.7771,1.6978,2.6918,1775592797841082934
gestureclass,single_gestureclass,42.9018,32.4702,29.8833,28.8088,0.0022,0.7347,1.6274,2.5869,1775592797875745437
gestureclass,single_gestureclass,43.0025,34.5571,31.8028,30.6257,0.0024,0.7786,1.754,2.7543,1775592797976574719
gestureclass,single_gestureclass,43.0042,62.8042,29.3057,28.2592,0.0021,0.3339,32.4676,33.4985,1775592798009018405
gestureclass,single_gestureclass,43.0171,49.8989,29.3057,28.2592,0.0021,0.3339,19.5382,20.5932,1775592798009018405
gestureclass,single_gestureclass,43.0442,49.1359,25.6913,24.6225,0.002,0.6817,22.5623,23.4446,1775592798039095734
gestureclass,single_gestureclass,43.2096,34.9004,32.1947,30.9864,0.0027,0.8325,1.7171,2.7057,1775592798183672889
gestureclass,single_gestureclass,43.2324,42.9924,30.1744,29.0858,0.002,0.703,11.8594,12.8179,1775592798216592185
gestureclass,single_gestureclass,43.3196,32.1913,29.6447,28.5804,0.0022,0.7286,1.6351,2.5466,1775592798293578357
gestureclass,single_gestureclass,43.3244,54.9321,26.9013,25.8961,0.0025,0.6833,27.1091,28.0308,1775592798323813630
gestureclass,single_gestureclass,43.4295,33.3619,30.7253,29.2576,0.0027,1.0343,1.7061,2.6366,1775592798403558119
gestureclass,single_gestureclass,43.4594,32.275,28.1122,26.4204,0.0021,0.6711,3.2144,4.1628,1775592798434977787
gestureclass,single_gestureclass,43.5249,29.741,27.212,26.2015,0.0023,0.6782,1.585,2.5291,1775592798498851879
gestureclass,single_gestureclass,43.5989,31.903,29.2526,28.1958,0.0024,0.7182,1.6723,2.6504,1775592798572909155
gestureclass,single_gestureclass,43.8372,33.3998,30.8179,29.705,0.0024,0.74,1.6265,2.5819,1775592798811138602
gestureclass,single_gestureclass,43.8649,36.6416,30.3291,29.2403,0.0021,0.6966,5.4004,6.3125,1775592798842674552
gestureclass,single_gestureclass,43.9358,35.1715,32.5568,30.9671,0.0034,1.0918,1.6587,2.6147,1775592798909782030
gestureclass,single_gestureclass,44.0012,34.0741,31.4058,30.249,0.0025,0.7733,1.725,2.6682,1775592798975236574
gestureclass,single_gestureclass,44.0269,37.9415,28.904,27.8247,0.002,0.6953,8.0953,9.0374,1775592799007363370
gestureclass,single_gestureclass,44.0594,32.1825,25.8742,24.8472,0.002,0.6739,5.0581,6.3083,1775592799036847991
gestureclass,single_gestureclass,44.0721,44.7085,24.5857,23.5893,0.002,0.6404,18.8925,20.1228,1775592799063305442
gestureclass,single_gestureclass,44.0911,50.7874,24.8737,23.3248,0.002,0.6379,25.008,25.9138,1775592799088487561
gestureclass,single_gestureclass,44.116,50.0391,23.5835,22.6186,0.002,0.6302,25.564,26.4556,1775592799113920375
gestureclass,single_gestureclass,44.2433,30.6435,28.0753,27.0575,0.0022,0.694,1.6267,2.5682,1775592799217267206
gestureclass,single_gestureclass,44.251,52.6888,28.9937,27.9557,0.0021,0.3138,22.6603,23.6951,1775592799246045644
gestureclass,single_gestureclass,44.2618,41.9929,28.9937,27.9557,0.0021,0.3138,11.9417,12.9992,1775592799246045644
gestureclass,single_gestureclass,44.327,28.6999,26.2389,25.2741,0.002,0.6539,1.5721,2.461,1775592799300883626
gestureclass,single_gestureclass,44.3427,38.9702,25.3034,24.3166,0.002,0.6287,12.7573,13.6668,1775592799327792565
gestureclass,single_gestureclass,44.4609,32.2232,29.6771,28.5866,0.0024,0.745,1.6,2.5461,1775592799434866292
gestureclass,single_gestureclass,44.4646,59.1445,30.0201,28.8851,0.0021,0.7299,28.2423,29.1244,1775592799465236859
gestureclass,single_gestureclass,44.5074,43.4501,26.4598,25.4962,0.0019,0.6551,16.1192,16.9903,1775592799495828970
gestureclass,single_gestureclass,44.528,48.5909,24.9976,24.0332,0.0019,0.3004,22.5422,23.5933,1775592799522886191
gestureclass,single_gestureclass,44.5387,37.9283,24.9976,24.0332,0.0019,0.3004,11.8577,12.9308,1775592799522886191
gestureclass,single_gestureclass,44.5878,26.8381,24.3914,22.8428,0.0022,1.2348,1.5302,2.4467,1775592799561683818
gestureclass,single_gestureclass,44.77,32.9835,30.297,29.2047,0.0023,0.7506,1.6816,2.6866,1775592799743995818
gestureclass,single_gestureclass,44.8102,31.7609,29.0289,27.8293,0.0061,0.8086,1.6003,2.732,1775592799784129843
gestureclass,single_gestureclass,44.9102,33.3877,30.4999,29.3477,0.0024,0.7752,1.8971,2.8878,1775592799884421681
gestureclass,single_gestureclass,44.9508,34.9326,32.3217,31.1042,0.0027,0.8261,1.6453,2.6109,1775592799924768857
gestureclass,single_gestureclass,45.0319,37.5497,34.9297,33.6336,0.0028,0.8837,1.6427,2.6201,1775592800005916191
gestureclass,single_gestureclass,45.0497,50.8466,30.3166,29.239,0.0022,0.6794,19.593,20.5299,1775592800041611105
gestureclass,single_gestureclass,45.0967,30.8075,26.2958,25.2662,0.002,0.6451,3.5832,4.5117,1775592800072609769
gestureclass,single_gestureclass,45.1117,40.6039,24.2478,23.2704,0.0017,0.635,15.4274,16.3561,1775592800099494311
gestureclass,single_gestureclass,45.1725,26.643,24.2254,23.262,0.0018,0.6593,1.5519,2.4176,1775592800146432854
gestureclass,single_gestureclass,45.2404,27.808,25.345,24.3497,0.0018,0.6803,1.5495,2.463,1775592800214282575
gestureclass,single_gestureclass,45.3885,33.958,31.2889,30.1777,0.0022,0.756,1.7064,2.6691,1775592800362534290
gestureclass,single_gestureclass,45.5367,33.0007,30.2278,29.1113,0.0025,0.7548,1.7467,2.7729,1775592800510811050
gestureclass,single_gestureclass,45.6159,34.1105,31.4341,30.2763,0.0024,0.7962,1.6665,2.6765,1775592800589948199
gestureclass,single_gestureclass,45.6643,33.628,30.9245,29.7849,0.0024,0.7639,1.7045,2.7035,1775592800638310758
gestureclass,single_gestureclass,45.7011,30.6218,28.0532,27.0134,0.0022,0.6821,1.6363,2.5685,1775592800675075834
gestureclass,single_gestureclass,45.7459,28.9397,26.4652,25.4753,0.0021,0.6768,1.5392,2.4746,1775592800719823775
gestureclass,single_gestureclass,45.8031,29.4204,26.967,25.9727,0.0022,0.6653,1.5545,2.4534,1775592800776993953
gestureclass,single_gestureclass,45.8258,33.0033,25.6047,24.5918,0.0019,0.6544,6.4759,7.3986,1775592800804632034
gestureclass,single_gestureclass,45.876,27.1525,24.6773,23.7181,0.0019,0.6534,1.5404,2.4752,1775592800849912312
gestureclass,single_gestureclass,45.9404,30.623,28.1927,27.032,0.0026,0.7952,1.5006,2.4303,1775592800914232177
gestureclass,single_gestureclass,45.9481,50.6861,27.1907,25.5156,0.002,0.6598,22.6269,23.4955,1775592800943080677
gestureclass,single_gestureclass,46.001,27.0038,24.5783,23.634,0.0019,0.6443,1.5218,2.4255,1775592800974880507
gestureclass,single_gestureclass,46.0127,39.6023,23.7321,22.7568,0.002,0.6332,14.977,15.8702,1775592801000030140
gestureclass,single_gestureclass,46.0585,26.32,23.8758,22.9515,0.0019,0.6324,1.5328,2.4442,1775592801032364419
gestureclass,single_gestureclass,46.0782,30.8301,23.6272,22.6411,0.0019,0.6365,6.335,7.2029,1775592801056872168
gestureclass,single_gestureclass,46.2784,32.8932,30.196,29.0918,0.0023,0.7567,1.7123,2.6972,1775592801252419064
gestureclass,single_gestureclass,46.3805,32.8758,30.1867,29.0774,0.0023,0.7636,1.6801,2.6891,1775592801354516622
gestureclass,single_gestureclass,46.5377,33.0818,30.355,29.2248,0.0023,0.7361,1.7338,2.7268,1775592801511738055
gestureclass,single_gestureclass,46.598,33.5135,30.8584,29.6987,0.0024,0.7736,1.6818,2.6552,1775592801571989238
gestureclass,single_gestureclass,46.6477,32.81,30.1952,29.0994,0.0023,0.7488,1.6551,2.6148,1775592801621701174
gestureclass,single_gestureclass,46.7688,34.7433,32.1308,30.1187,0.0025,1.6219,1.6255,2.6125,1775592801742736930
gestureclass,single_gestureclass,46.7755,58.5918,29.9457,28.859,0.002,0.695,27.72,28.6461,1775592801775604087
gestureclass,single_gestureclass,46.9304,35.8515,33.1679,31.5733,0.0031,1.0637,1.7569,2.6836,1775592801904511698
gestureclass,single_gestureclass,46.9652,31.2901,28.809,27.7351,0.0021,0.7087,1.519,2.4811,1775592801939038756
gestureclass,single_gestureclass,46.9955,28.764,26.5633,25.5252,0.002,0.7071,1.3521,2.2007,1775592801969162710
gestureclass,single_gestureclass,47.0107,39.1071,24.9195,23.9323,0.0019,0.6444,13.3157,14.1876,1775592801996328180
gestureclass,single_gestureclass,47.3422,33.3412,30.7187,29.6273,0.0136,0.7343,1.6418,2.6225,1775592802316224758
gestureclass,single_gestureclass,47.348,58.6576,30.402,29.3062,0.0024,0.6964,27.3144,28.2556,1775592802347654585
gestureclass,single_gestureclass,47.4399,37.235,34.6093,32.9543,0.0033,1.1153,1.6356,2.6257,1775592802413862557
gestureclass,single_gestureclass,47.4923,32.9094,30.5384,29.4109,0.0023,0.7744,1.3943,2.3709,1775592802466074869
gestureclass,single_gestureclass,47.5274,30.8764,28.2584,26.5569,0.0022,1.3254,1.6658,2.618,1775592802501456148
gestureclass,single_gestureclass,47.6856,32.8069,30.1597,29.061,0.0023,0.7554,1.6818,2.6472,1775592802659641664
gestureclass,single_gestureclass,47.7837,32.8174,30.2014,29.1116,0.0022,0.7484,1.6563,2.616,1775592802757657200
gestureclass,single_gestureclass,47.8357,33.8292,31.223,30.0331,0.0024,0.7804,1.6932,2.6062,1775592802809724751
gestureclass,single_gestureclass,47.8605,37.8911,28.1499,27.0952,0.0021,0.6757,8.7857,9.7413,1775592802841591954
gestureclass,single_gestureclass,47.9356,32.4433,29.9343,28.5951,0.003,0.8989,1.5764,2.509,1775592802909476998
gestureclass,single_gestureclass,48.0122,33.0069,30.2923,29.1663,0.0023,0.7513,1.7319,2.7146,1775592802986290851
gestureclass,single_gestureclass,48.0754,33.2839,30.6645,29.5698,0.0025,0.7376,1.6985,2.6194,1775592803049480266
gestureclass,single_gestureclass,48.1012,36.8793,28.6819,27.6022,0.0021,0.6895,7.2844,8.1974,1775592803080829782
gestureclass,single_gestureclass,48.1319,32.434,25.6766,24.6391,0.0019,0.6625,5.8091,6.7574,1775592803110091776
gestureclass,single_gestureclass,48.2667,33.062,30.3818,29.2842,0.0024,0.7372,1.6966,2.6801,1775592803240707649
gestureclass,single_gestureclass,48.3019,32.0766,29.4348,27.6293,0.0025,0.7578,1.6613,2.6418,1775592803275938344
gestureclass,single_gestureclass,48.3442,29.1483,26.646,25.6395,0.0022,0.6796,1.6067,2.5024,1775592803318171153
gestureclass,single_gestureclass,48.3776,27.7352,25.3357,24.367,0.0021,0.6576,1.5509,2.3995,1775592803351482923
gestureclass,single_gestureclass,48.4355,29.5444,27.0288,25.9504,0.0023,0.7181,1.5759,2.5156,1775592803409451445
gestureclass,single_gestureclass,48.7165,33.4764,30.8715,29.7649,0.0024,0.7585,1.658,2.6049,1775592803690494617
gestureclass,single_gestureclass,48.7333,46.5569,29.2066,28.0997,0.0019,0.6953,16.4568,17.3503,1775592803722063066
gestureclass,single_gestureclass,48.805,29.7506,27.2441,26.2342,0.0023,0.6771,1.5757,2.5065,1775592803778958219
gestureclass,single_gestureclass,48.8338,28.3437,26.0166,25.0423,0.002,0.666,1.4033,2.3271,1775592803807506320
gestureclass,single_gestureclass,48.849,38.2426,24.4816,23.4637,0.002,0.6429,12.8324,13.7609,1775592803834170869
gestureclass,single_gestureclass,49.1167,33.1533,30.4257,29.2678,0.0023,0.739,1.7486,2.7276,1775592804090750113
gestureclass,single_gestureclass,49.179,33.5639,30.8849,29.0578,0.0025,1.479,1.6689,2.6789,1775592804153043668
gestureclass,single_gestureclass,49.2428,32.913,30.2614,29.1659,0.0024,0.7365,1.646,2.6516,1775592804216800546
gestureclass,single_gestureclass,49.313,34.1651,31.4734,30.2701,0.0025,0.8288,1.7028,2.6917,1775592804287004807
gestureclass,single_gestureclass,49.3257,52.0699,29.8198,28.731,0.0022,0.3389,21.1728,22.2501,1775592804319224238
gestureclass,single_gestureclass,49.3415,36.3057,29.8198,28.731,0.0022,0.3389,5.3859,6.4859,1775592804319224238
gestureclass,single_gestureclass,49.3743,29.6423,25.6297,24.6009,0.002,0.6628,3.1517,4.0126,1775592804349823297
gestureclass,single_gestureclass,49.4512,39.1252,36.5787,35.0951,0.0031,1.0383,1.5607,2.5465,1775592804425091438
gestureclass,single_gestureclass,49.5065,33.4108,30.7275,29.6093,0.0024,0.7491,1.7123,2.6833,1775592804480583789
gestureclass,single_gestureclass,49.5273,41.3167,27.9381,26.8588,0.0021,0.6816,12.3785,13.3787,1775592804512018267
gestureclass,single_gestureclass,49.6569,32.9003,30.2892,29.1908,0.0022,0.7447,1.684,2.6112,1775592804630923339
gestureclass,single_gestureclass,49.8681,33.8838,31.1421,30.0136,0.0024,0.7814,1.719,2.7417,1775592804842206892
gestureclass,single_gestureclass,49.8709,60.9846,29.125,27.4873,0.0021,0.6482,30.7062,31.8596,1775592804873966655
gestureclass,single_gestureclass,49.8877,44.2286,29.125,27.4873,0.0021,0.6482,13.927,15.1035,1775592804873966655
gestureclass,single_gestureclass,50.1243,44.5552,41.8734,40.2698,0.0036,1.0919,1.6639,2.6818,1775592805098289670
gestureclass,single_gestureclass,50.1551,53.9742,39.546,38.1591,0.0028,0.896,13.4525,14.4281,1775592805140852784
gestureclass,single_gestureclass,50.1841,55.9998,30.3605,29.2297,0.0022,0.7102,24.6944,25.6393,1775592805181105069
gestureclass,single_gestureclass,50.3684,32.948,30.2393,29.1298,0.0023,0.7654,1.7059,2.7088,1775592805342413875
gestureclass,single_gestureclass,50.4065,31.8651,29.2794,28.216,0.0021,0.7267,1.6396,2.5857,1775592805380508022
gestureclass,single_gestureclass,50.5477,51.0488,48.1805,46.2608,0.0038,1.3005,1.8134,2.8683,1775592805521826689
gestureclass,single_gestureclass,50.6179,34.7564,32.0701,30.8283,0.0026,0.8018,1.7147,2.6864,1775592805591996150
gestureclass,single_gestureclass,50.758,36.2015,33.4996,32.274,0.0024,0.8366,1.6928,2.7019,1775592805732002496
gestureclass,single_gestureclass,50.7597,65.7809,30.5457,29.4283,0.0021,0.3541,34.0707,35.2352,1775592805766129953
gestureclass,single_gestureclass,50.7635,62.0158,30.5457,29.4283,0.0021,0.3541,30.2823,31.47,1775592805766129953
gestureclass,single_gestureclass,50.8357,29.4209,26.9078,25.8687,0.0022,0.7126,1.5707,2.513,1775592805809645169
gestureclass,single_gestureclass,50.9644,34.0052,31.2385,30.0712,0.0022,0.7675,1.7688,2.7666,1775592805938530284
gestureclass,single_gestureclass,51.0677,34.1368,31.444,30.2976,0.0024,0.7682,1.677,2.6927,1775592806041696135
gestureclass,single_gestureclass,51.1161,33.6239,30.9827,29.824,0.0024,0.7742,1.6732,2.6412,1775592806090078631
gestureclass,single_gestureclass,51.1739,33.7424,31.0888,29.9735,0.0024,0.7475,1.6582,2.6536,1775592806147918958
gestureclass,single_gestureclass,51.1777,59.5329,28.6845,27.6523,0.0019,0.3253,29.7258,30.8484,1775592806179727504
gestureclass,single_gestureclass,51.1777,59.5202,28.6845,27.6523,0.0019,0.3253,29.69,30.8357,1775592806179727504
gestureclass,single_gestureclass,51.2814,31.3041,28.6833,27.6442,0.0023,0.6967,1.6603,2.6208,1775592806255428016
gestureclass,single_gestureclass,51.3092,30.8392,26.6221,25.5635,0.0021,0.6912,3.2706,4.2171,1775592806284788415
gestureclass,single_gestureclass,51.4673,39.0832,36.3941,35.0343,0.0028,0.9197,1.6937,2.6892,1775592806441348027
gestureclass,single_gestureclass,51.5846,36.7544,34.0305,32.7583,0.0027,0.8652,1.77,2.7239,1775592806558754726
gestureclass,single_gestureclass,51.6074,47.5557,32.887,31.7367,0.0024,0.7493,13.7002,14.6687,1775592806593494431
gestureclass,single_gestureclass,51.6662,32.6812,29.8057,28.034,0.0024,0.723,1.5817,2.8755,1775592806640144087
gestureclass,single_gestureclass,51.6789,46.7417,26.5034,25.4887,0.002,0.6535,19.3565,20.2383,1775592806670636544
gestureclass,single_gestureclass,51.6984,52.2578,24.2944,23.3316,0.002,0.6191,27.024,27.9634,1775592806697745725
gestureclass,single_gestureclass,51.967,47.0858,44.3502,42.5954,0.0035,1.1698,1.694,2.7355,1775592806941065207
gestureclass,single_gestureclass,52.0048,44.3099,34.2408,33.012,0.0027,0.8333,9.1105,10.069,1775592806986243572
gestureclass,single_gestureclass,52.1454,35.7699,33.1072,31.5063,0.0026,1.2023,1.6944,2.6627,1775592807119405175
gestureclass,single_gestureclass,52.1781,36.6852,33.0388,31.7661,0.0024,0.8453,2.7382,3.6465,1775592807153227395
gestureclass,single_gestureclass,52.3832,33.9026,31.2326,30.104,0.0025,0.7741,1.6835,2.67,1775592807357213870
gestureclass,single_gestureclass,52.5133,34.7536,32.0069,30.8056,0.0025,0.8285,1.7524,2.7467,1775592807487448801
gestureclass,single_gestureclass,52.5513,33.0241,30.4633,29.3625,0.0021,0.7499,1.6348,2.5608,1775592807525319926
gestureclass,single_gestureclass,52.6086,32.6664,30.0205,28.2039,0.0022,1.4668,1.6646,2.646,1775592807582588528
gestureclass,single_gestureclass,52.6655,32.7961,30.2243,29.1226,0.0023,0.7569,1.6284,2.5719,1775592807639432729
gestureclass,single_gestureclass,52.6682,59.7191,28.8342,27.797,0.0019,0.3258,29.8095,30.8849,1775592807670364970
gestureclass,single_gestureclass,52.6849,43.0298,28.8342,27.797,0.0019,0.3258,13.0785,14.1956,1775592807670364970
gestureclass,single_gestureclass,52.7235,30.3445,25.3079,24.279,0.0019,0.6441,4.123,5.0366,1775592807699927667
gestureclass,single_gestureclass,52.7452,33.1824,24.0308,23.0522,0.0019,0.615,8.3385,9.1516,1775592807725851822
gestureclass,single_gestureclass,52.756,46.5274,23.5119,22.5411,0.002,0.6261,22.1097,23.0155,1775592807750460080
gestureclass,single_gestureclass,52.8015,25.8162,23.531,22.6018,0.0021,0.6337,1.3485,2.2852,1775592807775242630
gestureclass,single_gestureclass,52.8346,26.099,23.7123,22.7977,0.0019,0.6194,1.4896,2.3867,1775592807808411530
gestureclass,single_gestureclass,52.8649,25.8558,23.4327,22.5169,0.002,0.6213,1.4994,2.4231,1775592807838742177
gestureclass,single_gestureclass,52.984,31.738,29.0424,27.9551,0.0023,0.7207,1.677,2.6956,1775592807958027181
gestureclass,single_gestureclass,53.033,31.2605,28.7807,27.0938,0.0022,1.3488,1.5855,2.4798,1775592808006887952
gestureclass,single_gestureclass,53.0744,29.4666,26.9521,25.9613,0.0022,0.6751,1.6139,2.5146,1775592808048376384
gestureclass,single_gestureclass,53.0781,51.5163,25.0862,24.0735,0.0021,0.6403,25.475,26.4301,1775592808075973736
gestureclass,single_gestureclass,53.2199,33.452,30.7356,29.6295,0.0023,0.7618,1.6661,2.7164,1775592808193954544
gestureclass,single_gestureclass,53.2487,33.5531,28.2377,27.1595,0.0021,0.696,4.3705,5.3154,1775592808225404458
gestureclass,single_gestureclass,53.3175,30.7605,28.2181,27.1807,0.0024,0.7073,1.617,2.5424,1775592808291428727
gestureclass,single_gestureclass,53.3684,29.9048,27.3174,26.3007,0.0022,0.6972,1.636,2.5874,1775592808342418672
gestureclass,single_gestureclass,53.5156,37.4875,34.8039,33.4971,0.0027,0.8958,1.688,2.6836,1775592808489661711
gestureclass,single_gestureclass,53.5444,40.9522,31.5719,30.3829,0.0023,0.761,8.4112,9.3803,1775592808525160566
gestureclass,single_gestureclass,53.5976,30.6396,28.1281,27.0758,0.002,0.7174,1.5876,2.5116,1775592808571504928
gestureclass,single_gestureclass,53.6043,50.4916,25.9296,24.8793,0.0021,0.6753,23.6471,24.562,1775592808600308825
gestureclass,single_gestureclass,53.734,34.0257,31.4113,30.3378,0.0021,0.736,1.6203,2.6144,1775592808708010310
gestureclass,single_gestureclass,53.7408,57.9371,29.8767,28.8265,0.0021,0.3207,26.998,28.0604,1775592808740125385
gestureclass,single_gestureclass,53.7465,52.1994,29.8767,28.8265,0.0021,0.3207,21.2359,22.3226,1775592808740125385
gestureclass,single_gestureclass,53.847,30.793,28.204,27.1619,0.0023,0.7006,1.5829,2.5889,1775592808820888711
gestureclass,single_gestureclass,53.958,34.3721,30.7404,29.6013,0.0022,0.7567,2.6298,3.6317,1775592808932978683
gestureclass,single_gestureclass,53.9867,35.7416,29.4016,28.3326,0.0021,0.6921,5.3618,6.3399,1775592808964425555
gestureclass,single_gestureclass,54.0247,28.4045,25.985,24.9784,0.0019,0.6655,1.6201,2.4194,1775592808998635084
gestureclass,single_gestureclass,54.0902,28.7321,26.4718,25.4778,0.0019,0.677,1.3096,2.2602,1775592809063876658
gestureclass,single_gestureclass,54.1662,30.6191,28.1263,27.1061,0.0021,0.698,1.5507,2.4929,1775592809140051110
gestureclass,single_gestureclass,54.281,33.0586,30.2613,29.1455,0.0024,0.7535,1.7467,2.7974,1775592809255117072
gestureclass,single_gestureclass,54.5205,34.6844,31.98,30.7929,0.0024,0.7854,1.7354,2.7044,1775592809494535812
gestureclass,single_gestureclass,54.5492,38.5828,31.9614,30.1766,0.0022,0.7006,5.6608,6.6214,1775592809527226918
gestureclass,single_gestureclass,54.642,33.4737,30.8233,29.7014,0.0025,0.7721,1.6708,2.6505,1775592809616044649
gestureclass,single_gestureclass,54.6927,32.8586,30.2926,29.178,0.0025,0.7493,1.6179,2.566,1775592809666678259
gestureclass,single_gestureclass,54.7498,32.9142,30.2327,29.1163,0.0025,0.7501,1.6835,2.6815,1775592809723819632
gestureclass,single_gestureclass,54.8159,34.9529,32.2589,31.0925,0.0025,0.7909,1.7068,2.694,1775592809789987272
gestureclass,single_gestureclass,54.8207,60.235,29.2885,28.2246,0.002,0.3367,29.9084,30.9465,1775592809822958363
gestureclass,single_gestureclass,54.8375,43.4878,29.2885,28.2246,0.002,0.3367,13.1381,14.1993,1775592809822958363
gestureclass,single_gestureclass,54.9732,38.2526,35.4975,34.1683,0.0028,0.9204,1.73,2.7551,1775592809947267554
gestureclass,single_gestureclass,54.9789,66.3562,33.066,31.94,0.0021,0.3454,32.212,33.2902,1775592809983505191
gestureclass,single_gestureclass,54.9937,51.6324,33.066,31.94,0.0021,0.3454,17.4654,18.5664,1775592809983505191
gestureclass,single_gestureclass,55.1937,33.787,30.8732,29.5596,0.0025,0.7748,1.9104,2.9138,1775592810167916778
gestureclass,single_gestureclass,55.1943,65.9904,32.1602,30.9413,0.0023,0.7885,32.8746,33.8302,1775592810199520366
gestureclass,single_gestureclass,55.2506,39.4702,29.1625,27.0793,0.0021,1.0369,9.3892,10.3077,1775592810232386040
gestureclass,single_gestureclass,55.2675,49.5009,25.7641,24.5769,0.002,0.2726,22.3267,23.7369,1775592810262168141
gestureclass,single_gestureclass,55.2822,34.7939,25.7641,24.5769,0.002,0.2726,7.5972,9.0298,1775592810262168141
gestureclass,single_gestureclass,55.287,30.0941,25.7641,24.5769,0.002,0.2726,2.8586,4.3301,1775592810262168141
gestureclass,single_gestureclass,55.3143,27.8437,24.5433,23.5243,0.0017,0.6333,2.4054,3.3004,1775592810289075275
gestureclass,single_gestureclass,55.3171,50.2038,24.4174,23.4472,0.0018,0.3036,24.7307,25.7864,1775592810314171642
gestureclass,single_gestureclass,55.3198,47.5214,24.4174,23.4472,0.0018,0.3036,22.0263,23.1039,1775592810314171642
gestureclass,single_gestureclass,55.3785,26.1478,23.7155,22.8001,0.0019,0.6187,1.55,2.4323,1775592810352425038
gestureclass,single_gestureclass,55.4159,26.4075,24.0617,22.7705,0.002,0.9676,1.4994,2.3458,1775592810389742137
gestureclass,single_gestureclass,55.4396,30.0372,26.252,25.0277,0.0073,0.7701,2.4769,3.7852,1775592810414411472
gestureclass,single_gestureclass,55.4675,26.9103,23.7097,22.7228,0.0021,0.6534,2.2511,3.2006,1775592810442099846
gestureclass,single_gestureclass,55.5086,26.7065,24.17,23.2195,0.002,0.6401,1.5993,2.5364,1775592810482587861
gestureclass,single_gestureclass,55.5103,49.7062,24.1216,23.1058,0.0021,0.6458,24.6477,25.5846,1775592810507344876
gestureclass,single_gestureclass,55.5415,43.7922,24.7275,22.9812,0.002,1.3715,18.1248,19.0648,1775592810532020273
gestureclass,single_gestureclass,55.5633,46.3133,23.5582,22.5811,0.0019,0.6192,21.8174,22.755,1775592810557418766
gestureclass,single_gestureclass,55.7489,33.1433,30.3602,29.2038,0.0023,0.7568,1.7557,2.7831,1775592810723020126
gestureclass,single_gestureclass,55.8843,33.0212,30.3353,29.2291,0.0022,0.7649,1.7188,2.6859,1775592810858396220
gestureclass,single_gestureclass,55.9226,30.7815,28.1274,27.0928,0.0022,0.7073,1.6656,2.6541,1775592810896579111
gestureclass,single_gestureclass,55.9816,30.8018,28.2463,27.1953,0.0022,0.7085,1.6012,2.5554,1775592810955523367
gestureclass,single_gestureclass,56.1217,33.8221,31.1004,30.0013,0.0025,0.7554,1.7197,2.7217,1775592811095720520
gestureclass,single_gestureclass,56.1274,59.8865,31.0011,29.9522,0.0019,0.3325,27.7894,28.8854,1775592811127569546
gestureclass,single_gestureclass,56.1322,55.1367,31.0011,29.9522,0.0019,0.3325,23.0172,24.1356,1775592811127569546
gestureclass,single_gestureclass,56.2566,33.0274,30.2952,29.1999,0.0025,0.7408,1.7383,2.7322,1775592811230663241
gestureclass,single_gestureclass,56.504,33.9694,31.2451,30.0803,0.0024,0.7727,1.7476,2.7243,1775592811478082265
gestureclass,single_gestureclass,56.5107,59.6092,31.7491,30.574,0.0021,0.7407,26.9423,27.8601,1775592811510028394
gestureclass,single_gestureclass,56.5766,30.2312,27.6205,26.5915,0.0021,0.6603,1.6763,2.6108,1775592811550589019
gestureclass,single_gestureclass,56.5813,50.6632,24.4886,23.4945,0.0019,0.6435,25.213,26.1747,1775592811578857285
gestureclass,single_gestureclass,56.6372,26.5162,24.1096,23.1923,0.0019,0.6225,1.4787,2.4066,1775592811610985790
gestureclass,single_gestureclass,56.6569,31.4312,23.9918,23.0118,0.0018,0.6337,6.5291,7.4394,1775592811635736704
gestureclass,single_gestureclass,56.6739,38.43,23.5024,22.5402,0.002,0.6298,14.0646,14.9276,1775592811660301444
gestureclass,single_gestureclass,56.7765,29.5978,27.0802,26.087,0.0021,0.6782,1.5676,2.5176,1775592811750463510
gestureclass,single_gestureclass,56.8013,30.7472,25.2908,24.2666,0.0021,0.6577,4.4887,5.4563,1775592811778128151
gestureclass,single_gestureclass,56.8321,26.623,24.2182,23.306,0.002,0.6155,1.5008,2.4048,1775592811805909567
gestureclass,single_gestureclass,56.968,33.4005,30.7386,29.6295,0.0022,0.7568,1.7002,2.662,1775592811942016350
gestureclass,single_gestureclass,56.9787,53.6296,30.3519,29.2134,0.0023,0.7312,22.4071,23.2778,1775592811973472939
gestureclass,single_gestureclass,57.0206,38.9264,26.4136,24.8132,0.002,0.6414,11.5879,12.5128,1775592812004509773
gestureclass,single_gestureclass,57.3359,33.3788,30.7003,29.5873,0.0022,0.7708,1.7002,2.6785,1775592812309995580
gestureclass,single_gestureclass,57.3647,34.6744,29.3831,28.273,0.0022,0.7185,4.3654,5.2913,1775592812341407362
gestureclass,single_gestureclass,57.4266,29.8259,27.2845,26.2639,0.0021,0.6977,1.6179,2.5414,1775592812400547480
gestureclass,single_gestureclass,57.4786,30.777,28.1909,27.1174,0.0022,0.7097,1.6654,2.5861,1775592812452631437
gestureclass,single_gestureclass,57.4934,42.9432,26.2067,25.1767,0.0019,0.6552,15.8019,16.7365,1775592812481506982
gestureclass,single_gestureclass,57.6566,32.9301,30.2487,29.1408,0.0023,0.7612,1.703,2.6814,1775592812630639869
gestureclass,single_gestureclass,57.7067,31.8234,29.1832,28.1227,0.0023,0.725,1.647,2.6402,1775592812680733466
gestureclass,single_gestureclass,57.7738,33.5298,30.8495,29.7455,0.0023,0.7618,1.7023,2.6802,1775592812747833441
gestureclass,single_gestureclass,57.7976,38.6755,28.128,27.0707,0.0021,0.6971,9.598,10.5475,1775592812779512967
gestureclass,single_gestureclass,57.8595,30.4539,27.922,26.2329,0.0021,1.3644,1.6091,2.5319,1775592812833425528
gestureclass,single_gestureclass,57.9672,33.4091,30.7629,29.6164,0.0024,0.7558,1.6637,2.6462,1775592812941175577
gestureclass,single_gestureclass,57.9699,60.8115,29.4487,28.3971,0.0021,0.6746,30.4346,31.3629,1775592812972714169
gestureclass,single_gestureclass,58.108,33.5011,30.8906,29.7816,0.0024,0.763,1.6403,2.6106,1775592813081982223
gestureclass,single_gestureclass,58.1227,49.4432,30.0812,29.0128,0.0022,0.6989,18.4252,19.362,1775592813113514541
gestureclass,single_gestureclass,58.1657,34.1263,27.0612,26.0509,0.0019,0.3156,6.1364,7.0651,1775592813144180649
gestureclass,single_gestureclass,58.1684,31.5726,27.0612,26.0509,0.0019,0.3156,3.4082,4.5114,1775592813144180649
gestureclass,single_gestureclass,58.1874,37.607,24.4862,23.488,0.0019,0.6323,12.2538,13.1207,1775592813171988412
gestureclass,single_gestureclass,58.3133,31.8861,29.3585,28.3078,0.0021,0.708,1.5686,2.5276,1775592813287169342
gestureclass,single_gestureclass,58.326,50.5564,30.5719,29.5343,0.0019,0.2179,18.8873,19.9846,1775592813317223289
gestureclass,single_gestureclass,58.3277,48.8551,30.5719,29.5343,0.0019,0.2179,17.1633,18.2832,1775592813317223289
gestureclass,single_gestureclass,58.3315,45.2609,30.5719,29.5343,0.0019,0.2179,13.3739,14.689,1775592813317223289
gestureclass,single_gestureclass,58.3723,30.2453,25.2921,24.2681,0.0021,0.6393,4.0143,4.9532,1775592813348705103
gestureclass,single_gestureclass,58.4798,35.5318,32.8273,30.9093,0.0025,1.5426,1.7173,2.7045,1775592813453901284
gestureclass,single_gestureclass,58.4826,62.9885,29.5382,28.4364,0.0021,0.6969,32.5203,33.4503,1775592813487466185
gestureclass,single_gestureclass,58.5236,48.1782,25.4763,24.4717,0.002,0.6482,21.7664,22.7019,1775592813517683888
gestureclass,single_gestureclass,58.686,33.3447,30.6908,29.5918,0.0023,0.7564,1.6487,2.654,1775592813660020383
gestureclass,single_gestureclass,58.6988,50.56,29.3894,28.2904,0.0022,0.6978,20.2789,21.1706,1775592813691418295
gestureclass,single_gestureclass,58.7646,29.0375,26.5108,25.5151,0.0019,0.6653,1.6096,2.5267,1775592813738527915
gestureclass,single_gestureclass,58.8138,28.7673,26.26,25.2846,0.002,0.6531,1.5788,2.5073,1775592813787746742
gestureclass,single_gestureclass,58.8225,48.0998,27.4061,26.2089,0.0021,0.7384,19.7651,20.6936,1775592813814661780
gestureclass,single_gestureclass,58.8528,42.623,24.0276,23.0358,0.0019,0.6212,17.7283,18.5954,1775592813842863303
gestureclass,single_gestureclass,58.9356,29.0318,26.518,25.4619,0.0023,0.7089,1.5874,2.5137,1775592813909573718
gestureclass,single_gestureclass,59.0759,32.8672,30.2673,29.1551,0.0024,0.7374,1.6179,2.5999,1775592814049911779
gestureclass,single_gestureclass,59.136,37.149,34.5166,33.3425,0.0024,0.8103,1.6582,2.6324,1775592814109994444
gestureclass,single_gestureclass,59.1428,60.1916,29.1195,28.0407,0.0021,0.6984,30.144,31.0721,1775592814145245151
gestureclass,single_gestureclass,59.3012,32.8565,30.2432,29.1464,0.0024,0.7546,1.6541,2.6133,1775592814275224800
gestureclass,single_gestureclass,59.5374,33.2229,30.4366,29.34,0.0023,0.7392,1.7734,2.7863,1775592814511569678
gestureclass,single_gestureclass,59.6019,34.7118,32.0038,30.8195,0.0025,0.8046,1.7147,2.708,1775592814575960295
gestureclass,single_gestureclass,59.7019,34.6856,32.0207,30.8429,0.0025,0.8044,1.6532,2.6649,1775592814675857926
gestureclass,single_gestureclass,59.7578,35.1596,32.4699,31.2621,0.0025,0.8079,1.6785,2.6897,1775592814731788026
gestureclass,single_gestureclass,59.8081,34.8012,31.7237,30.6047,0.0022,0.7636,2.0907,3.0775,1775592814782572785
gestureclass,single_gestureclass,59.8087,62.2227,27.3985,26.3561,0.002,0.6728,33.8945,34.8243,1775592814814974583
gestureclass,single_gestureclass,59.8461,50.036,24.6195,23.6343,0.0019,0.6414,24.4637,25.4164,1775592814842948711
gestureclass,single_gestureclass,59.8984,26.7861,24.308,22.7637,0.002,0.6413,1.5304,2.4781,1775592814872261084
gestureclass,single_gestureclass,59.9574,34.7979,31.3418,30.0506,0.0025,0.8782,2.4531,3.4561,1775592814932173248
gestureclass,single_gestureclass,60.0394,32.9361,30.2543,29.1544,0.0024,0.7545,1.7343,2.6818,1775592815013482033
gestureclass,single_gestureclass,60.1356,33.0439,30.3104,29.2192,0.0025,0.7492,1.6956,2.7334,1775592815109627771
gestureclass,single_gestureclass,60.2249,32.9025,30.2703,29.1736,0.0022,0.7383,1.6582,2.6321,1775592815198873800
gestureclass,single_gestureclass,60.4021,33.9754,31.2562,30.1137,0.0025,0.7726,1.6963,2.7192,1775592815376117835
gestureclass,single_gestureclass,60.4269,42.4943,32.6461,31.4997,0.0022,0.7251,8.8534,9.8482,1775592815408067375
gestureclass,single_gestureclass,60.4886,29.6128,27.094,26.0888,0.002,0.6884,1.5519,2.5188,1775592815462474856
gestureclass,single_gestureclass,60.7125,33.9816,31.2932,30.159,0.0023,0.7722,1.7159,2.6884,1775592815686615140
gestureclass,single_gestureclass,60.7273,51.0342,31.1387,30.0324,0.0022,0.7147,18.955,19.8955,1775592815718627144
gestureclass,single_gestureclass,60.9647,34.1892,31.5085,29.6669,0.0024,1.4956,1.7231,2.6807,1775592815938786941
gestureclass,single_gestureclass,60.9795,50.7894,30.6783,29.5774,0.0023,0.6927,19.1793,20.111,1775592815971017822
gestureclass,single_gestureclass,61.0555,30.3845,27.8214,26.8076,0.0019,0.6919,1.6296,2.5631,1775592816029469717
gestureclass,single_gestureclass,61.0752,36.9179,25.6695,24.6463,0.0019,0.6715,10.3126,11.2484,1775592816057894655
gestureclass,single_gestureclass,61.2024,32.9285,30.2631,29.1559,0.0023,0.7628,1.7204,2.6654,1775592816176479183
gestureclass,single_gestureclass,61.2966,33.3471,30.6938,29.5978,0.0024,0.7538,1.6785,2.6533,1775592816270593158
gestureclass,single_gestureclass,61.3223,37.693,29.4509,28.3759,0.0021,0.6966,7.2985,8.2422,1775592816301979870
gestureclass,single_gestureclass,61.4303,36.0358,33.3725,32.0908,0.0025,0.8876,1.6885,2.6633,1775592816404305217
gestureclass,single_gestureclass,61.435,62.489,30.3133,29.2451,0.002,0.2228,31.0373,32.1757,1775592816438432896
gestureclass,single_gestureclass,61.4408,56.7572,30.3133,29.2451,0.002,0.2228,25.2686,26.4439,1775592816438432896
gestureclass,single_gestureclass,61.4496,48.1763,30.3133,29.2451,0.002,0.2228,16.4874,17.863,1775592816438432896
gestureclass,single_gestureclass,61.6831,32.9709,30.3222,29.1959,0.0022,0.7601,1.6718,2.6487,1775592816657151815
gestureclass,single_gestureclass,61.9265,42.2678,39.5214,36.5513,0.0037,2.3994,1.704,2.7464,1775592816900532887
gestureclass,single_gestureclass,61.9313,75.8739,37.3646,36.1727,0.0023,0.2537,37.3371,38.5093,1775592816940951833
gestureclass,single_gestureclass,61.9319,75.2594,37.3646,36.1727,0.0023,0.2537,36.7,37.8949,1775592816940951833
gestureclass,single_gestureclass,61.9596,47.7614,37.3646,36.1727,0.0023,0.2537,9.0005,10.3969,1775592816940951833
gestureclass,single_gestureclass,62.0276,33.0482,30.05,28.9349,0.0024,0.7632,1.6558,2.9982,1775592817001597036
gestureclass,single_gestureclass,62.0601,30.4768,27.7331,26.7316,0.0023,0.6659,1.7791,2.7437,1775592817034244673
gestureclass,single_gestureclass,62.0651,51.7297,25.5523,24.5457,0.002,0.6394,25.2485,26.1773,1775592817062651013
gestureclass,single_gestureclass,62.1008,40.9093,24.371,23.4158,0.0019,0.6187,15.6219,16.5383,1775592817088764801
gestureclass,single_gestureclass,62.124,41.8911,23.5693,22.5993,0.0018,0.6333,17.3626,18.3218,1775592817113694164
gestureclass,single_gestureclass,62.2141,28.5907,26.1653,25.2086,0.0019,0.6536,1.4961,2.4254,1775592817187934475
gestureclass,single_gestureclass,62.2218,46.4234,24.8661,23.8634,0.002,0.647,20.6065,21.5573,1775592817214760041
gestureclass,single_gestureclass,62.2794,26.6521,24.2256,23.2906,0.002,0.6374,1.4853,2.4265,1775592817253270390
gestureclass,single_gestureclass,62.5075,33.8097,31.1867,29.3451,0.0025,1.4544,1.687,2.6229,1775592817481489194
gestureclass,single_gestureclass,62.5625,31.702,29.0835,28.0225,0.0022,0.7265,1.6241,2.6186,1775592817536450931
gestureclass,single_gestureclass,62.6824,36.6988,34.0233,32.7277,0.0027,0.9007,1.6568,2.6755,1775592817656439669
gestureclass,single_gestureclass,62.6952,57.2891,32.5593,31.4346,0.002,0.3502,23.6044,24.7299,1775592817691184614
gestureclass,single_gestureclass,62.706,46.5214,32.5593,31.4346,0.002,0.3502,12.814,13.9622,1775592817691184614
gestureclass,single_gestureclass,62.7313,48.3494,26.4274,25.3836,0.002,0.6495,20.9467,21.922,1775592817724632816
gestureclass,single_gestureclass,62.8129,28.6863,26.197,25.2154,0.002,0.6557,1.5349,2.4893,1775592817786792837
gestureclass,single_gestureclass,62.8326,35.1584,25.5639,24.5658,0.0019,0.6414,8.6722,9.5945,1775592817813654973
gestureclass,single_gestureclass,62.8538,38.3618,23.7544,22.7799,0.0018,0.6355,13.6602,14.6073,1775592817839803369
gestureclass,single_gestureclass,62.9364,29.2587,26.8144,25.7005,0.0024,0.7522,1.5161,2.4443,1775592817910235041
gestureclass,single_gestureclass,63.1119,32.9599,30.3,29.1926,0.0022,0.7535,1.6556,2.66,1775592818085949460
gestureclass,single_gestureclass,63.2262,33.4339,30.741,29.6167,0.0025,0.755,1.6832,2.6929,1775592818200184216
gestureclass,single_gestureclass,63.2549,35.5756,30.1808,28.4539,0.0021,0.699,4.4119,5.3948,1775592818231693384
gestureclass,single_gestureclass,63.3507,33.8743,31.1297,30.0335,0.0023,0.75,1.7092,2.7446,1775592818324797304
gestureclass,single_gestureclass,63.3575,58.5694,30.801,29.7327,0.0019,0.3357,26.7899,27.7684,1775592818356665361
gestureclass,single_gestureclass,63.3793,36.9294,30.801,29.7327,0.0019,0.3357,4.9973,6.1283,1775592818356665361
gestureclass,single_gestureclass,63.3908,52.0585,25.9656,24.9252,0.002,0.6619,25.1417,26.0928,1775592818388310448
gestureclass,single_gestureclass,63.4314,37.6379,25.6928,24.6945,0.0019,0.6447,11.0397,11.9452,1775592818414837748
gestureclass,single_gestureclass,63.4461,47.2925,23.6783,22.7013,0.0021,0.6265,22.6665,23.6142,1775592818441093310
gestureclass,single_gestureclass,63.5986,33.643,30.8971,29.8013,0.0023,0.7513,1.7371,2.7459,1775592818572718721
gestureclass,single_gestureclass,63.6034,60.1444,30.3129,29.208,0.0022,0.7139,28.5401,29.8315,1775592818604317285
gestureclass,single_gestureclass,63.6385,52.8407,27.2575,26.2404,0.0019,0.3214,24.4911,25.5832,1775592818635320110
gestureclass,single_gestureclass,63.6512,40.1075,27.2575,26.2404,0.0019,0.3214,11.735,12.85,1775592818635320110
gestureclass,single_gestureclass,63.6631,53.3233,24.4122,23.4633,0.002,0.6458,28.0077,28.9111,1775592818663420519
gestureclass,single_gestureclass,63.7155,27.8161,25.2543,23.5417,0.0044,1.3536,1.4744,2.5618,1775592818689365792
gestureclass,single_gestureclass,63.8967,34.0178,31.0593,29.8661,0.0024,0.7301,1.9464,2.9585,1775592818870974768
gestureclass,single_gestureclass,63.9005,59.9332,27.9866,26.918,0.0021,0.6973,29.9675,31.9465,1775592818902785532
gestureclass,single_gestureclass,63.9595,31.8766,29.3125,28.2835,0.0022,0.6982,1.5802,2.564,1775592818933453117
gestureclass,single_gestureclass,64.0226,30.4503,27.9136,26.8768,0.0022,0.7121,1.5457,2.5367,1775592818996512267
gestureclass,single_gestureclass,64.1794,32.984,30.2739,29.1734,0.0025,0.7546,1.6725,2.7102,1775592819153372297
gestureclass,single_gestureclass,64.3036,33.0355,30.3955,29.3032,0.0022,0.7369,1.6382,2.64,1775592819277579983
gestureclass,single_gestureclass,64.4109,34.1232,31.4181,30.2698,0.0024,0.7887,1.694,2.7051,1775592819384936179
gestureclass,single_gestureclass,64.5863,35.0137,32.3033,31.0705,0.0025,0.8146,1.6787,2.7103,1775592819560342224
gestureclass,single_gestureclass,64.6295,33.3397,30.6863,29.5463,0.0025,0.7651,1.6625,2.6535,1775592819603541690
gestureclass,single_gestureclass,64.6901,33.3138,30.7543,28.7702,0.0024,1.6304,1.6024,2.5595,1775592819664036053
gestureclass,single_gestureclass,64.7956,36.1996,33.055,31.8741,0.0025,0.8081,1.6553,3.1446,1775592819769641393
gestureclass,single_gestureclass,64.8204,43.7815,32.2825,31.2219,0.002,0.3402,10.6025,11.499,1775592819803382950
gestureclass,single_gestureclass,64.8252,39.2079,32.2825,31.2219,0.002,0.3402,5.8172,6.9254,1775592819803382950
gestureclass,single_gestureclass,64.831,60.163,26.0947,25.0601,0.0019,0.6667,33.1464,34.0683,1775592819836459563
gestureclass,single_gestureclass,65.0605,33.0012,30.2871,29.1896,0.0023,0.7539,1.7221,2.7141,1775592820034544284
gestureclass,single_gestureclass,65.446,46.3452,43.5817,41.646,0.0039,1.2962,1.714,2.7636,1775592820420056074
gestureclass,single_gestureclass,65.4996,34.1876,31.4864,30.2934,0.0024,0.7663,1.7011,2.7012,1775592820473603847
gestureclass,single_gestureclass,65.6781,34.8284,32.1066,30.8462,0.0023,0.7878,1.699,2.7218,1775592820652098366
gestureclass,single_gestureclass,65.7731,35.97,33.3654,32.1165,0.0027,0.8391,1.6334,2.6045,1775592820747088770
gestureclass,single_gestureclass,65.7969,45.3939,32.4168,31.2499,0.002,0.7359,12.0201,12.9772,1775592820781251968
gestureclass,single_gestureclass,65.8203,48.9907,26.496,25.4675,0.0021,0.6684,21.6482,22.4947,1775592820814277284
gestureclass,single_gestureclass,65.9065,30.1278,27.4639,26.2501,0.0018,0.9008,1.5712,2.6639,1775592820880405762
gestureclass,single_gestureclass,65.9342,30.1261,27.0358,26.0284,0.0019,0.6503,2.1024,3.0903,1775592820908683868
gestureclass,single_gestureclass,66.0426,31.8799,29.3105,28.0741,0.0022,0.7294,1.6479,2.5694,1775592821016561055
gestureclass,single_gestureclass,66.043,62.1459,30.0075,28.5741,0.002,1.0279,31.2004,32.1385,1775592821046590153
gestureclass,single_gestureclass,66.0776,59.5663,26.4677,25.4484,0.0019,0.3179,27.2779,33.0986,1775592821077276465
gestureclass,single_gestureclass,66.1024,34.8275,26.4677,25.4484,0.0019,0.3179,2.5167,8.3598,1775592821077276465
gestureclass,single_gestureclass,66.2005,31.3015,28.7355,27.7063,0.0023,0.6994,1.6348,2.566,1775592821174445602
gestureclass,single_gestureclass,66.2153,45.7392,28.5031,27.4361,0.0021,0.6851,16.2663,17.2361,1775592821203866882
gestureclass,single_gestureclass,66.242,44.1642,24.6707,23.6748,0.0019,0.6427,18.6255,19.4935,1775592821232950034
gestureclass,single_gestureclass,66.3784,32.6824,30.0008,28.8992,0.0022,0.757,1.6522,2.6817,1775592821352400000
gestureclass,single_gestureclass,66.4483,38.3463,35.6579,34.3192,0.0029,0.9195,1.6792,2.6884,1775592821422324590
gestureclass,single_gestureclass,66.4989,33.2901,30.6395,28.739,0.0023,0.7797,1.6403,2.6507,1775592821472865782
gestureclass,single_gestureclass,66.5954,34.0617,31.4375,30.2992,0.0024,0.7778,1.6117,2.6241,1775592821569355932
gestureclass,single_gestureclass,66.6667,34.8554,32.1624,30.9494,0.0025,0.8254,1.6935,2.693,1775592821640721046
gestureclass,single_gestureclass,66.7388,35.8515,33.199,31.997,0.0025,0.8178,1.641,2.6525,1775592821712745577
gestureclass,single_gestureclass,66.7585,46.1025,29.3291,28.251,0.0022,0.6829,15.8272,16.7735,1775592821746716403
gestureclass,single_gestureclass,66.8419,30.8192,28.244,27.1885,0.0023,0.7082,1.6267,2.5752,1775592821815851382
gestureclass,single_gestureclass,67.038,32.8963,30.2255,29.127,0.0024,0.7549,1.6465,2.6708,1775592822012036720
gestureclass,single_gestureclass,67.0771,31.6832,29.2218,28.1555,0.0022,0.7259,1.5099,2.4614,1775592822050954543
gestureclass,single_gestureclass,67.144,32.7816,30.2342,29.1219,0.0023,0.7489,1.5979,2.5474,1775592822117943558
gestureclass,single_gestureclass,67.226,34.8027,32.1292,30.953,0.0023,0.7943,1.6789,2.6735,1775592822200025011
gestureclass,single_gestureclass,67.2468,45.9287,31.079,29.2846,0.0021,0.6648,13.7055,14.8497,1775592822232816861
gestureclass,single_gestureclass,67.2474,45.2888,31.079,29.2846,0.0021,0.6648,13.0424,14.2098,1775592822232816861
gestureclass,single_gestureclass,67.3529,33.4268,30.7227,29.624,0.0022,0.7552,1.6625,2.704,1775592822326954975
gestureclass,single_gestureclass,67.3637,51.4829,27.7203,26.6382,0.0021,0.6904,22.3193,23.7627,1775592822358371014
gestureclass,single_gestureclass,67.3966,44.6296,25.876,24.8408,0.0021,0.6786,17.8547,18.7536,1775592822386777436
gestureclass,single_gestureclass,67.4143,53.1044,25.6358,24.6467,0.0021,0.6292,26.5529,27.4686,1775592822413221038
gestureclass,single_gestureclass,67.4413,50.56,23.7794,22.8083,0.0019,0.627,25.8706,26.7806,1775592822439481922
gestureclass,single_gestureclass,67.5481,28.2826,25.9211,24.9421,0.002,0.6674,1.5123,2.3615,1775592822521920747
gestureclass,single_gestureclass,67.6076,29.6316,27.0349,25.9782,0.002,0.6798,1.6766,2.5967,1775592822581588154
gestureclass,single_gestureclass,67.6233,40.648,26.0601,25.0347,0.002,0.6588,13.6395,14.5879,1775592822609286217
gestureclass,single_gestureclass,67.6812,27.6017,25.1508,24.2038,0.002,0.6403,1.533,2.4509,1775592822655033703
gestureclass,single_gestureclass,67.7019,32.3186,24.7907,23.2514,0.0019,1.1851,6.6247,7.5279,1775592822680846205
gestureclass,single_gestureclass,67.8114,29.7656,27.298,26.2877,0.0022,0.692,1.5461,2.4676,1775592822785330542
gestureclass,single_gestureclass,67.8644,29.9199,27.3783,26.3511,0.0022,0.6948,1.5762,2.5416,1775592822838326385
gestureclass,single_gestureclass,67.9996,34.9255,32.19,30.9994,0.0023,0.8054,1.7049,2.7354,1775592822973636669
gestureclass,single_gestureclass,68.1007,35.3792,32.7093,31.4845,0.0025,0.8303,1.6587,2.6699,1775592823074703510
gestureclass,single_gestureclass,68.1743,36.0847,33.4285,32.1704,0.0027,0.8606,1.6851,2.6562,1775592823148327626
gestureclass,single_gestureclass,68.2396,35.9867,33.3759,32.1547,0.0026,0.8259,1.6959,2.6108,1775592823213638116
gestureclass,single_gestureclass,68.3538,37.2448,34.4979,33.256,0.0025,0.8451,1.7292,2.7469,1775592823327905209
gestureclass,single_gestureclass,68.3596,64.976,32.6855,31.5583,0.0021,0.3473,31.225,32.2905,1775592823363184621
gestureclass,single_gestureclass,68.3704,54.2057,32.6855,31.5583,0.0021,0.3473,20.432,21.5202,1775592823363184621
gestureclass,single_gestureclass,68.4183,33.951,27.0101,25.9697,0.002,0.6649,6.0227,6.9409,1775592823396649597
gestureclass,single_gestureclass,68.4268,54.0946,28.0606,26.4426,0.002,1.2605,25.1441,26.034,1775592823424300636
gestureclass,single_gestureclass,68.4634,43.5927,25.3502,24.3843,0.0016,0.3047,17.2071,18.2425,1775592823452984245
gestureclass,single_gestureclass,68.4741,32.8975,25.3502,24.3843,0.0016,0.3047,6.489,7.5473,1775592823452984245
gestureclass,single_gestureclass,68.4921,40.1561,24.4826,23.502,0.0017,0.3026,14.6422,15.6736,1775592823479092111
gestureclass,single_gestureclass,68.4938,38.4817,24.4826,23.502,0.0017,0.3026,12.9459,13.9991,1775592823479092111
gestureclass,single_gestureclass,68.8518,33.756,31.1152,29.9603,0.0023,0.7908,1.6668,2.6408,1775592823825787831
gestureclass,single_gestureclass,68.8877,30.7305,28.1748,27.1327,0.0021,0.7169,1.6096,2.5557,1775592823861700325
gestureclass,single_gestureclass,68.9837,33.4468,30.729,29.5775,0.0023,0.7534,1.7264,2.7178,1775592823957776943
gestureclass,single_gestureclass,68.9865,60.2844,29.1676,28.0243,0.002,0.7021,30.3586,31.1167,1775592823989187244
gestureclass,single_gestureclass,69.072,29.8095,27.3455,26.3292,0.0021,0.6938,1.5385,2.464,1775592824045874106
gestureclass,single_gestureclass,69.148,32.0578,29.3454,28.0704,0.0023,0.9247,1.6036,2.7123,1775592824121963654
gestureclass,single_gestureclass,69.1777,30.5729,27.5889,26.5196,0.002,0.6861,2.054,2.984,1775592824152150203
gestureclass,single_gestureclass,69.2565,30.9243,28.3132,27.2066,0.0022,0.7124,1.6661,2.6111,1775592824230553124
gestureclass,single_gestureclass,69.3187,32.6257,30.0364,28.2247,0.0024,0.7345,1.6122,2.5893,1775592824292635505
gestureclass,single_gestureclass,69.3414,38.9695,28.5298,27.4136,0.002,0.6804,9.5317,10.4397,1775592824323303233
gestureclass,single_gestureclass,69.3535,54.1985,26.4781,25.4654,0.0019,0.3167,26.6674,27.7204,1775592824352519341
gestureclass,single_gestureclass,69.3623,45.4683,26.4781,25.4654,0.0019,0.3167,17.9145,18.9902,1775592824352519341
gestureclass,single_gestureclass,69.3946,37.7555,24.029,23.0354,0.0021,0.6161,12.8987,13.7265,1775592824379838262
gestureclass,single_gestureclass,69.4546,28.784,26.3841,25.3808,0.0021,0.685,1.4858,2.3999,1775592824428407309
gestureclass,single_gestureclass,69.5716,32.8696,30.2595,29.1551,0.0024,0.7551,1.6446,2.6101,1775592824545603164
gestureclass,single_gestureclass,69.6687,33.3118,30.6882,29.5852,0.0022,0.7568,1.6336,2.6236,1775592824642693069
gestureclass,single_gestureclass,69.6925,38.9833,28.7591,27.6617,0.0024,0.6956,9.2583,10.2243,1775592824674084385
gestureclass,single_gestureclass,69.7567,29.8312,27.2744,26.2525,0.0023,0.6818,1.61,2.5568,1775592824730634026
gestureclass,single_gestureclass,69.9258,33.9856,30.2994,29.2026,0.0023,0.7448,1.689,3.6862,1775592824899860740
gestureclass,single_gestureclass,69.979,32.9456,30.3159,28.4868,0.0023,1.4883,1.6537,2.6297,1775592824953023114
gestureclass,single_gestureclass,70.1343,34.5244,31.8387,30.6786,0.0023,0.7801,1.6618,2.6857,1775592825108264169
gestureclass,single_gestureclass,70.142,58.8243,31.3584,30.2776,0.0021,0.6957,26.4654,27.4659,1775592825140819863
gestureclass,single_gestureclass,70.2009,28.3179,25.8921,24.9196,0.002,0.6617,1.5206,2.4258,1775592825174740298
gestureclass,single_gestureclass,70.2804,30.9265,28.3844,27.3498,0.0022,0.7133,1.5757,2.5421,1775592825254327458
gestureclass,single_gestureclass,70.2821,56.9081,27.0254,25.9845,0.0021,0.6753,28.9431,29.8827,1775592825283397370
gestureclass,single_gestureclass,70.4873,46.3247,43.6017,41.8911,0.0033,1.1685,1.6723,2.723,1775592825461350716
gestureclass,single_gestureclass,70.5849,33.6368,30.9422,29.7769,0.0025,0.771,1.7006,2.6946,1775592825558956318
gestureclass,single_gestureclass,70.8579,34.56,31.9395,30.7593,0.0024,0.814,1.646,2.6205,1775592825831945401
gestureclass,single_gestureclass,71.0528,35.9309,33.2055,31.9211,0.0025,0.8364,1.7602,2.7254,1775592826026943187
gestureclass,single_gestureclass,71.0676,51.3213,29.5651,28.4404,0.0021,0.7343,20.7942,21.7561,1775592826060757575
gestureclass,single_gestureclass,71.1331,30.5803,27.0603,26.0272,0.0023,0.6934,2.6505,3.52,1775592826108146896
gestureclass,single_gestureclass,71.1629,27.6239,25.3156,24.3438,0.0021,0.653,1.3933,2.3083,1775592826136615050
gestureclass,single_gestureclass,71.2457,29.8669,27.3161,26.2934,0.0023,0.6851,1.586,2.5508,1775592826219653659
gestureclass,single_gestureclass,71.3399,33.4058,30.7572,29.6563,0.0023,0.7552,1.662,2.6485,1775592826313867272
gestureclass,single_gestureclass,71.3656,37.7319,29.4805,28.4151,0.0022,0.6934,7.3085,8.2514,1775592826345267109
gestureclass,single_gestureclass,71.3965,32.9418,25.4741,24.4615,0.002,0.6516,6.5513,7.4677,1775592826375364048
gestureclass,single_gestureclass,71.4326,28.2207,25.4994,23.6761,0.0019,1.522,1.4694,2.7212,1775592826406459789
gestureclass,single_gestureclass,71.4564,28.9876,24.2233,23.2389,0.0019,0.6329,3.8731,4.7644,1775592826432577133
gestureclass,single_gestureclass,71.4601,50.6084,24.5173,23.539,0.0018,0.3063,25.0492,26.0911,1775592826457462672
gestureclass,single_gestureclass,71.4811,29.6319,24.5173,23.539,0.0018,0.3063,4.051,5.1145,1775592826457462672
gestureclass,single_gestureclass,71.5649,28.2354,25.8362,24.8511,0.0022,0.6714,1.5345,2.3992,1775592826538804229
gestureclass,single_gestureclass,71.6034,28.208,25.7347,24.1742,0.0019,0.6425,1.5326,2.4733,1775592826577243660
gestureclass,single_gestureclass,71.6738,28.9593,26.3927,25.4206,0.0021,0.659,1.5836,2.5666,1775592826647713151
gestureclass,single_gestureclass,71.9892,33.4153,30.6945,29.5638,0.0028,0.7358,1.7135,2.7209,1775592826963252763
gestureclass,single_gestureclass,71.9979,57.9619,32.6484,31.5078,0.0022,0.7262,24.3819,25.3135,1775592826994680259
gestureclass,single_gestureclass,72.0308,51.621,26.0787,25.059,0.002,0.6515,24.7705,25.5422,1775592827027926125
gestureclass,single_gestureclass,72.1977,32.9158,30.2678,29.1767,0.0025,0.735,1.6692,2.6481,1775592827171718434
gestureclass,single_gestureclass,72.434,38.2776,35.6497,33.8086,0.0038,1.2764,1.6096,2.6279,1775592827407946933
gestureclass,single_gestureclass,72.4785,32.8889,30.255,29.1344,0.0025,0.7643,1.6758,2.6339,1775592827452505818
gestureclass,single_gestureclass,72.5496,34.6045,31.8988,30.7417,0.0023,0.7923,1.7521,2.7057,1775592827523686412
gestureclass,single_gestureclass,72.5604,53.0617,28.5401,27.4537,0.0022,0.7,23.5691,24.5216,1775592827556303822
gestureclass,single_gestureclass,72.8889,33.6149,31.0226,29.1546,0.0024,1.5075,1.6048,2.5923,1775592827862890782
gestureclass,single_gestureclass,72.9438,45.3503,42.7011,40.8245,0.0043,1.3212,1.6222,2.6492,1775592827917738641
gestureclass,single_gestureclass,72.9495,72.8786,32.5291,31.3159,0.0024,0.7682,39.3691,40.3495,1775592827961254347
gestureclass,single_gestureclass,73.1657,32.8524,30.2541,29.1589,0.0025,0.7392,1.6215,2.5983,1775592828139697748
gestureclass,single_gestureclass,73.2258,34.0111,31.3289,30.1856,0.0025,0.7722,1.7078,2.6822,1775592828199854329
gestureclass,single_gestureclass,73.3891,34.5592,31.945,30.7687,0.0026,0.7894,1.6322,2.6142,1775592828363076473
gestureclass,single_gestureclass,73.4429,42.4254,39.7724,38.5023,0.0026,0.8796,1.636,2.653,1775592828416882384
gestureclass,single_gestureclass,73.4476,70.1673,31.847,30.7145,0.0022,0.7321,37.4095,38.3204,1775592828457400461
gestureclass,single_gestureclass,73.5145,30.0777,26.1465,25.1358,0.002,0.6535,2.9972,3.9312,1775592828489877048
gestureclass,single_gestureclass,73.5608,27.5674,25.2288,24.2697,0.002,0.6565,1.4393,2.3386,1775592828534606728
gestureclass,single_gestureclass,73.7237,33.5276,30.9544,29.1337,0.0024,1.4751,1.6763,2.5732,1775592828697716068
gestureclass,single_gestureclass,73.8615,32.9187,30.293,29.2002,0.0024,0.7507,1.6723,2.6257,1775592828835508467
gestureclass,single_gestureclass,73.9186,34.0216,31.4536,30.3106,0.0026,0.774,1.596,2.568,1775592828892567254
gestureclass,single_gestureclass,73.9859,42.2285,39.161,37.6365,0.0032,1.0407,1.6797,3.0675,1775592828959905866
gestureclass,single_gestureclass,74.0276,34.6282,31.8452,30.6244,0.0024,0.8458,1.8308,2.783,1775592829001748096
gestureclass,single_gestureclass,74.0684,30.7384,28.2284,27.1893,0.002,0.7171,1.5976,2.51,1775592829042358831
gestureclass,single_gestureclass,74.1234,29.7627,27.2488,26.2393,0.0027,0.6882,1.5702,2.514,1775592829097278534
gestureclass,single_gestureclass,74.1753,29.6068,27.1346,26.1185,0.0021,0.6938,1.5352,2.4722,1775592829149214704
gestureclass,single_gestureclass,74.2702,33.4065,30.676,29.5555,0.0023,0.7538,1.7347,2.7305,1775592829244252122
gestureclass,single_gestureclass,74.2739,59.4299,29.203,28.1286,0.0023,0.6974,29.3543,30.2269,1775592829275639505
gestureclass,single_gestureclass,74.4156,33.067,30.4087,29.2588,0.0025,0.7732,1.6439,2.6583,1775592829389612092
gestureclass,single_gestureclass,74.607,34.7519,32.1983,31.0715,0.0023,0.7537,1.6143,2.5536,1775592829580963966
gestureclass,single_gestureclass,74.6097,63.9701,31.0564,29.9764,0.0021,0.3344,31.817,32.9137,1775592829613912238
gestureclass,single_gestureclass,74.6275,46.1886,31.0564,29.9764,0.0021,0.3344,14.014,15.1322,1775592829613912238
gestureclass,single_gestureclass,74.755,32.9547,30.3327,29.2429,0.0019,0.7482,1.6453,2.622,1775592829728981822
gestureclass,single_gestureclass,74.8382,33.8097,31.1827,30.0422,0.0018,0.7766,1.6348,2.627,1775592829812141985
gestureclass,single_gestureclass,74.8669,35.0909,29.5277,28.4306,0.0018,0.7104,4.7343,5.5632,1775592829844004752
gestureclass,single_gestureclass,74.8912,37.5481,26.0573,24.6416,0.0016,1.0494,10.6008,11.4908,1775592829874119458
gestureclass,single_gestureclass,74.9262,27.5259,24.3896,23.4248,0.0016,0.622,2.2113,3.1363,1775592829900771074
gestureclass,single_gestureclass,74.9829,35.9886,33.4919,32.109,0.0023,0.9322,1.5442,2.4966,1775592829956837675
gestureclass,single_gestureclass,75.0661,32.8305,30.2306,29.0946,0.0019,0.7498,1.6124,2.5999,1775592830040107392
gestureclass,single_gestureclass,75.1062,31.0202,28.501,27.4484,0.0018,0.7121,1.6041,2.5191,1775592830080142589
gestureclass,single_gestureclass,75.1299,35.0504,27.115,25.4314,0.0018,0.6763,6.9664,7.9354,1775592830109247764
gestureclass,single_gestureclass,75.2122,29.7172,27.2811,26.2757,0.0017,0.6889,1.4963,2.4361,1775592830186040734
gestureclass,single_gestureclass,75.3282,33.4959,30.8929,29.7863,0.0019,0.7337,1.6096,2.603,1775592830302126491
gestureclass,single_gestureclass,75.3429,49.5124,30.1331,29.0548,0.0017,0.6953,18.4457,19.3793,1775592830333727289
gestureclass,single_gestureclass,75.3669,51.8072,25.5244,24.5683,0.0016,0.6479,25.3565,26.2827,1775592830364590227
gestureclass,single_gestureclass,75.4699,36.1373,33.6882,32.4225,0.0022,0.8619,1.5242,2.4492,1775592830443791388
gestureclass,single_gestureclass,75.4726,65.273,31.0334,29.9419,0.0016,0.3237,33.1101,34.2396,1775592830478105838
gestureclass,single_gestureclass,75.4814,56.5257,31.0334,29.9419,0.0016,0.3237,24.3394,25.4923,1775592830478105838
gestureclass,single_gestureclass,75.6112,33.3352,30.7989,29.6707,0.0023,0.7543,1.636,2.5363,1775592830585166805
gestureclass,single_gestureclass,75.6369,37.3077,29.0569,27.9833,0.0017,0.6995,7.3917,8.2509,1775592830616672484
gestureclass,single_gestureclass,75.7045,29.6462,27.2293,26.2153,0.0016,0.6961,1.493,2.4168,1775592830678297894
gestureclass,single_gestureclass,75.8304,34.8144,32.1471,30.2518,0.002,1.5358,1.6713,2.6672,1775592830804383536
gestureclass,single_gestureclass,75.8904,34.5891,31.9535,30.7785,0.002,0.8061,1.6885,2.6356,1775592830864440564
gestureclass,single_gestureclass,75.9972,40.4949,37.885,36.0454,0.0025,1.3835,1.6458,2.61,1775592830971222949
gestureclass,single_gestureclass,76.035,36.8509,33.4262,32.2128,0.0021,0.7803,2.4841,3.4247,1775592831009810404
gestureclass,single_gestureclass,76.0991,32.9304,30.4732,29.3552,0.0019,0.7638,1.5299,2.4572,1775592831072946132
gestureclass,single_gestureclass,76.1138,47.2567,28.4409,27.335,0.0016,0.7071,17.9074,18.8158,1775592831104081256
gestureclass,single_gestureclass,76.1512,35.3396,24.8893,23.8896,0.0017,0.6227,9.5458,10.4503,1775592831133093231
gestureclass,single_gestureclass,76.3259,32.0952,29.5798,28.5441,0.0017,0.7105,1.6317,2.5154,1775592831299847569
gestureclass,single_gestureclass,76.5463,34.1001,31.3814,30.145,0.0021,0.8573,1.7252,2.7187,1775592831520388367
gestureclass,single_gestureclass,76.5681,43.5128,30.5812,29.473,0.0018,0.7014,12.0468,12.9316,1775592831552482573
gestureclass,single_gestureclass,76.6428,31.0726,28.46,27.3977,0.0018,0.7267,1.6785,2.6127,1775592831616854978
gestureclass,single_gestureclass,76.7762,37.0822,34.4358,33.1365,0.0023,0.8812,1.6546,2.6464,1775592831750170389
gestureclass,single_gestureclass,76.7919,53.6687,31.652,30.4834,0.002,0.7159,21.0679,22.0168,1775592831785346936
gestureclass,single_gestureclass,76.9078,36.0513,33.3569,32.0174,0.0022,0.8583,1.6706,2.6944,1775592831881849285
gestureclass,single_gestureclass,76.9226,54.3573,32.4195,31.2339,0.0017,0.724,21.0164,21.9377,1775592831915970344
gestureclass,single_gestureclass,76.9424,61.8041,26.6428,25.5384,0.0017,0.6662,34.2801,35.1613,1775592831949039352
gestureclass,single_gestureclass,76.9761,54.5371,25.6635,24.6971,0.0015,0.3004,27.828,28.8735,1775592831976264017
gestureclass,single_gestureclass,76.9912,39.4814,25.6635,24.6971,0.0015,0.3004,12.7513,13.8179,1775592831976264017
gestureclass,single_gestureclass,77.0579,27.2288,24.7262,23.7761,0.0016,0.6515,1.5843,2.5027,1775592832031797854
gestureclass,single_gestureclass,77.1093,27.3221,24.9128,23.8493,0.0017,0.6468,1.5025,2.4093,1775592832083150747
gestureclass,single_gestureclass,77.1099,51.2741,23.8135,22.8433,0.0016,0.6367,26.5677,27.4606,1775592832108799261
gestureclass,single_gestureclass,77.3575,33.8254,31.1191,29.9829,0.002,0.7558,1.7111,2.7063,1775592832331579438
gestureclass,single_gestureclass,77.3593,66.1669,33.3082,32.2119,0.0018,0.341,31.7769,32.8587,1775592832363420045
gestureclass,single_gestureclass,77.3711,54.426,33.3082,32.2119,0.0018,0.341,20.0121,21.1178,1775592832363420045
gestureclass,single_gestureclass,77.4195,33.6175,27.0158,25.9665,0.0016,0.6703,5.681,6.6017,1775592832397578349
gestureclass,single_gestureclass,77.4407,39.4654,26.4285,25.4247,0.0015,0.6582,12.1915,13.037,1775592832425222247
gestureclass,single_gestureclass,77.5484,30.586,28.0359,27.0009,0.0019,0.7065,1.6026,2.5501,1775592832522344564
gestureclass,single_gestureclass,77.6182,31.7652,29.1764,28.0536,0.0019,0.7322,1.6103,2.5888,1775592832592151654
gestureclass,single_gestureclass,77.6552,30.061,27.5947,26.585,0.0017,0.6918,1.5652,2.4663,1775592832629081490
gestureclass,single_gestureclass,77.6579,54.1387,25.7157,24.6912,0.0017,0.6499,27.1287,28.423,1775592832657382670
gestureclass,single_gestureclass,77.7115,28.3551,24.7848,23.7802,0.0015,0.645,2.6608,3.5703,1775592832686550346
gestureclass,single_gestureclass,77.8261,31.7757,29.1508,28.0703,0.0018,0.7329,1.6053,2.6249,1775592832800103461
gestureclass,single_gestureclass,78.0032,33.3316,30.6388,29.5113,0.002,0.755,1.6634,2.6929,1775592832977249798
gestureclass,single_gestureclass,78.006,63.7114,32.1601,30.3213,0.0018,0.7325,30.2477,31.5513,1775592833008594339
gestureclass,single_gestureclass,78.0588,38.1501,27.0371,26.02,0.0016,0.6673,10.2339,11.113,1775592833041357066
gestureclass,single_gestureclass,78.0692,52.8896,24.5929,23.6103,0.0017,0.6418,27.3895,28.2967,1775592833068954806
gestureclass,single_gestureclass,78.2524,32.9626,30.315,29.1792,0.0019,0.7503,1.6785,2.6476,1775592833226438919
gestureclass,single_gestureclass,78.3936,33.0052,30.3211,29.1976,0.002,0.7365,1.6923,2.6841,1775592833367690558
gestureclass,single_gestureclass,78.4419,37.5826,34.9278,33.413,0.0026,1.034,1.6518,2.6548,1775592833415878928
gestureclass,single_gestureclass,78.5327,35.2194,32.3602,30.9664,0.0094,0.8666,1.7116,2.8592,1775592833506743162
gestureclass,single_gestureclass,78.5831,34.0338,31.1832,29.9805,0.002,0.7974,1.8761,2.8506,1775592833557361817
gestureclass,single_gestureclass,78.6364,31.2793,28.6513,27.5576,0.002,0.7306,1.6785,2.628,1775592833610420974
gestureclass,single_gestureclass,78.788,33.5233,30.8396,29.6453,0.0021,0.7955,1.7059,2.6837,1775592833762013308
gestureclass,single_gestureclass,78.8697,35.9035,33.0338,30.7843,0.0022,1.6633,1.8919,2.8696,1775592833843928361
gestureclass,single_gestureclass,78.8703,66.1263,30.1875,29.0698,0.0018,0.7198,35.0168,35.9389,1775592833877684000
gestureclass,single_gestureclass,78.9278,37.0336,27.7586,26.4106,0.0023,0.8536,8.3263,9.275,1775592833908466872
gestureclass,single_gestureclass,78.9791,27.5588,25.1419,24.1845,0.0017,0.6392,1.4994,2.4169,1775592833952902951
gestureclass,single_gestureclass,79.0118,27.003,24.5846,23.6429,0.0017,0.6432,1.523,2.4185,1775592833985689471
gestureclass,single_gestureclass,79.0225,40.5908,23.7493,22.7627,0.0016,0.6337,16.0723,16.8415,1775592834010954260
gestureclass,single_gestureclass,79.1323,29.5556,27.0918,26.0636,0.0016,0.6905,1.55,2.4637,1775592834106239058
gestureclass,single_gestureclass,79.1761,29.074,26.5838,25.5735,0.0017,0.6747,1.5714,2.4902,1775592834150025854
gestureclass,single_gestureclass,79.2384,29.7282,27.1465,26.1265,0.0018,0.7007,1.6303,2.5817,1775592834212367132
gestureclass,single_gestureclass,79.4374,37.353,34.6298,33.0976,0.0026,1.0558,1.7161,2.7232,1775592834411503593
gestureclass,single_gestureclass,79.6331,35.2204,32.5358,30.5736,0.0021,1.5796,1.6985,2.6846,1775592834607161616
gestureclass,single_gestureclass,79.6539,46.4358,31.3411,30.2363,0.0018,0.7142,14.1132,15.0947,1775592834640346844
gestureclass,single_gestureclass,79.7015,30.8514,27.1605,26.1249,0.0017,0.6923,2.5988,3.6908,1775592834676479172
gestureclass,single_gestureclass,79.7253,33.3056,25.6503,24.6717,0.0016,0.3031,6.5548,7.6553,1775592834704226057
gestureclass,single_gestureclass,79.7273,31.3499,25.6503,24.6717,0.0016,0.3031,4.5769,5.6996,1775592834704226057
gestureclass,single_gestureclass,79.8399,31.61,28.9609,27.8852,0.0018,0.7275,1.6346,2.6491,1775592834813894282
gestureclass,single_gestureclass,79.9167,32.9716,30.2763,29.1542,0.0018,0.7353,1.6737,2.6954,1775592834890771361
gestureclass,single_gestureclass,79.9939,33.9005,31.1815,30.0427,0.0019,0.7461,1.6942,2.719,1775592834967976249
gestureclass,single_gestureclass,79.9967,60.1118,28.4899,27.4397,0.0016,0.334,30.7491,31.6218,1775592834999779904
gestureclass,single_gestureclass,80.0194,37.3576,28.4899,27.4397,0.0016,0.334,7.9832,8.8676,1775592834999779904
gestureclass,single_gestureclass,80.072,29.4323,26.9902,25.989,0.0018,0.6869,1.5125,2.4421,1775592835045865233
gestureclass,single_gestureclass,80.0807,46.9785,25.6077,24.5937,0.0017,0.6485,20.4525,21.3708,1775592835073516528
gestureclass,single_gestureclass,80.1226,29.6044,23.9785,22.9914,0.0015,0.6397,4.7028,5.6259,1775592835099688016
gestureclass,single_gestureclass,80.1744,27.2024,24.8021,23.1986,0.0017,0.6236,1.519,2.4003,1775592835148308411
gestureclass,single_gestureclass,80.2029,25.805,23.4562,22.5007,0.0015,0.617,1.4224,2.3488,1775592835176631417
gestureclass,single_gestureclass,80.2339,26.5927,24.1967,23.2678,0.0017,0.6221,1.4853,2.396,1775592835207718010
gestureclass,single_gestureclass,80.2496,36.1362,24.4928,23.5482,0.0015,0.2966,10.5712,11.6433,1775592835232492653
gestureclass,single_gestureclass,80.2543,31.4369,24.4928,23.5482,0.0015,0.2966,5.8506,6.9441,1775592835232492653
gestureclass,single_gestureclass,80.2959,26.2117,23.7783,22.8481,0.0015,0.6349,1.5254,2.4334,1775592835269809956
gestureclass,single_gestureclass,80.4915,33.1511,30.4767,29.392,0.0019,0.7299,1.6894,2.6745,1775592835465518470
gestureclass,single_gestureclass,80.5113,44.3344,30.288,29.1553,0.0019,0.7224,13.1257,14.0464,1775592835496730470
gestureclass,single_gestureclass,80.5388,43.4451,26.0149,24.9771,0.0015,0.6708,16.5138,17.4302,1775592835527696031
gestureclass,single_gestureclass,80.6075,28.6334,26.2754,25.2834,0.0018,0.668,1.5194,2.3579,1775592835581360042
gestureclass,single_gestureclass,80.6092,52.721,24.9182,23.8761,0.0015,0.6486,26.8471,27.8028,1775592835608417860
gestureclass,single_gestureclass,80.6349,51.991,24.3753,22.7666,0.0016,1.2511,26.6831,27.6157,1775592835633962457
gestureclass,single_gestureclass,80.6891,26.2249,23.8639,22.9373,0.0016,0.6344,1.4594,2.3609,1775592835662936392
gestureclass,single_gestureclass,80.7088,30.6294,23.5443,22.5778,0.0017,0.6173,6.2039,7.0851,1775592835687368194
gestureclass,single_gestureclass,80.7717,27.1349,24.7153,23.7513,0.0016,0.6413,1.5161,2.4196,1775592835745542630
gestureclass,single_gestureclass,80.873,30.983,28.425,27.3829,0.0018,0.7168,1.5888,2.558,1775592835846985562
gestureclass,single_gestureclass,80.8798,52.9759,28.0901,27.0532,0.0017,0.6482,23.9556,24.8858,1775592835876080532
gestureclass,single_gestureclass,80.974,30.1878,27.7138,26.6759,0.0018,0.7092,1.5361,2.4741,1775592835947852329
gestureclass,single_gestureclass,81.0904,33.7031,31.0029,29.9029,0.0019,0.7552,1.6842,2.7001,1775592836064439652
gestureclass,single_gestureclass,81.0952,58.4011,28.8641,27.7885,0.0017,0.327,28.5182,29.537,1775592836096052032
gestureclass,single_gestureclass,81.1162,37.5762,28.8641,27.7885,0.0017,0.327,7.5259,8.7121,1775592836096052032
gestureclass,single_gestureclass,81.1393,40.6876,25.5865,24.5406,0.0015,0.668,14.1506,15.101,1775592836125813535
gestureclass,single_gestureclass,81.2452,32.4173,29.8446,28.0695,0.0018,1.4385,1.6282,2.5727,1775592836219211637
gestureclass,single_gestureclass,81.6262,33.5855,30.8973,29.7981,0.0018,0.7399,1.7197,2.6882,1775592836600231973
gestureclass,single_gestureclass,81.6299,62.9086,32.2986,31.233,0.0017,0.3367,29.561,30.61,1775592836631839780
gestureclass,single_gestureclass,81.6537,39.206,32.2986,31.233,0.0017,0.3367,5.8141,6.9074,1775592836631839780
gestureclass,single_gestureclass,81.7611,33.2603,30.6713,29.5567,0.0019,0.7548,1.6212,2.5891,1775592836735091513
gestureclass,single_gestureclass,81.7819,42.484,29.294,28.2121,0.0018,0.6978,12.2607,13.19,1775592836766494064
gestureclass,single_gestureclass,81.8356,30.0922,27.3636,26.3745,0.0017,0.6762,1.5776,2.7286,1775592836809507953
gestureclass,single_gestureclass,81.8373,55.3541,26.3664,25.3789,0.0015,0.3098,27.8966,28.9877,1775592836837555442
gestureclass,single_gestureclass,81.845,47.6439,26.3664,25.3789,0.0015,0.3098,20.1638,21.2775,1775592836837555442
gestureclass,single_gestureclass,81.8648,52.4206,23.9308,22.9484,0.0017,0.6299,27.564,28.4898,1775592836864678172
gestureclass,single_gestureclass,82.0375,41.2879,38.6105,37.1854,0.0024,0.9686,1.6899,2.6774,1775592837011518936
gestureclass,single_gestureclass,82.0542,60.7781,35.3477,34.1328,0.002,0.3766,24.3068,25.4304,1775592837050863901
gestureclass,single_gestureclass,82.0607,54.3337,35.3477,34.1328,0.002,0.3766,17.8392,18.986,1775592837050863901
gestureclass,single_gestureclass,82.1572,34.1418,31.451,30.245,0.0018,0.8224,1.6844,2.6908,1775592837131257794
gestureclass,single_gestureclass,82.2376,35.5632,32.898,31.7236,0.002,0.808,1.6608,2.6652,1775592837211592339
gestureclass,single_gestureclass,82.2793,32.3274,29.741,28.676,0.0019,0.7125,1.6298,2.5864,1775592837253293282
gestureclass,single_gestureclass,82.3159,29.4678,26.9409,25.9407,0.0016,0.6829,1.5626,2.5269,1775592837289781879
gestureclass,single_gestureclass,82.3535,28.1956,25.7006,24.7141,0.0017,0.6453,1.574,2.495,1775592837327469071
gestureclass,single_gestureclass,82.3643,42.3315,24.2322,23.2415,0.0016,0.6203,17.2036,18.0992,1775592837353829919
gestureclass,single_gestureclass,82.5159,33.0212,30.3261,29.1819,0.0018,0.7427,1.7159,2.6951,1775592837490008510
gestureclass,single_gestureclass,82.6703,33.4013,30.71,29.6119,0.002,0.7407,1.6789,2.6913,1775592837644289078
gestureclass,single_gestureclass,82.693,41.2917,30.0041,28.9144,0.0017,0.6957,10.3357,11.2876,1775592837675730549
gestureclass,single_gestureclass,82.7535,31.0769,27.5243,26.1823,0.0019,0.7322,2.5511,3.5526,1775592837728450288
gestureclass,single_gestureclass,83.1021,51.3415,48.6263,46.6612,0.0032,1.3015,1.6942,2.7152,1775592838076150572
gestureclass,single_gestureclass,83.1129,84.2204,42.8539,41.3343,0.0025,1.0059,40.3647,41.3665,1775592838125592325
gestureclass,single_gestureclass,83.1567,76.5612,35.173,34.0754,0.0018,0.3573,40.287,41.3882,1775592838169292182
gestureclass,single_gestureclass,83.1894,43.8092,35.173,34.0754,0.0018,0.3573,7.5123,8.6362,1775592838169292182
gestureclass,single_gestureclass,83.2795,33.3805,30.7035,29.5453,0.002,0.7717,1.7083,2.677,1775592838253509364
gestureclass,single_gestureclass,83.4582,38.5849,35.0572,33.7352,0.0025,0.8676,2.5742,3.5278,1775592838433088169
gestureclass,single_gestureclass,83.4679,64.7249,34.8441,33.6925,0.0018,0.3674,28.754,29.8808,1775592838468987246
gestureclass,single_gestureclass,83.4679,64.7118,34.8441,33.6925,0.0018,0.3674,28.718,29.8677,1775592838468987246
gestureclass,single_gestureclass,83.5729,32.8765,30.2253,29.1042,0.0021,0.7523,1.6482,2.6512,1775592838546860474
gestureclass,single_gestureclass,83.668,34.7435,32.047,30.8173,0.0022,0.7949,1.6642,2.6966,1775592838641978997
gestureclass,single_gestureclass,83.818,35.7492,33.0889,31.8783,0.0021,0.813,1.6654,2.6603,1775592838792027480
gestureclass,single_gestureclass,83.8208,63.1304,29.5028,28.3885,0.0018,0.7334,32.6533,33.6276,1775592838825765620
gestureclass,single_gestureclass,83.9531,43.6256,40.966,39.3815,0.0028,1.0868,1.6704,2.6596,1775592838927148798
gestureclass,single_gestureclass,84.2692,35.9986,33.2884,31.27,0.002,0.8303,1.7221,2.7102,1775592839243264138
gestureclass,single_gestureclass,84.2819,56.767,32.7957,31.6398,0.0019,0.7267,22.9964,23.9713,1775592839277284597
gestureclass,single_gestureclass,84.3869,35.1665,32.577,31.4495,0.002,0.7754,1.6179,2.5895,1775592839360903052
gestureclass,single_gestureclass,84.4047,49.4108,30.8519,29.7719,0.0017,0.1659,17.2284,18.5589,1775592839394247691
gestureclass,single_gestureclass,84.4074,46.6826,30.8519,29.7719,0.0017,0.1659,14.4775,15.8307,1775592839394247691
gestureclass,single_gestureclass,84.4152,39.0723,30.8519,29.7719,0.0017,0.1659,6.7325,8.2204,1775592839394247691
gestureclass,single_gestureclass,84.4179,36.3405,30.8519,29.7719,0.0017,0.1659,3.967,5.4886,1775592839394247691
gestureclass,single_gestureclass,84.4243,73.1144,42.4456,41.198,0.002,0.7561,29.7282,30.6687,1775592839426386729
gestureclass,single_gestureclass,84.4521,75.0499,28.9043,27.8543,0.0017,0.338,45.0602,46.1456,1775592839469474509
gestureclass,single_gestureclass,84.4605,66.6645,28.9043,27.8543,0.0017,0.338,36.6518,37.7602,1775592839469474509
gestureclass,single_gestureclass,84.5513,30.057,27.5393,26.5235,0.0018,0.6958,1.59,2.5177,1775592839525278921
gestureclass,single_gestureclass,84.5721,35.7854,25.7868,24.7487,0.0016,0.6661,9.0499,9.9987,1775592839553488825
gestureclass,single_gestureclass,84.6521,29.9125,27.3283,26.3131,0.0018,0.6968,1.6465,2.5841,1775592839626084192
gestureclass,single_gestureclass,84.7212,30.6826,28.0923,27.0415,0.0017,0.7103,1.6186,2.5903,1775592839695179611
gestureclass,single_gestureclass,84.7801,31.9734,28.8786,27.0882,0.0017,0.7148,2.1293,3.0948,1775592839754584581
gestureclass,single_gestureclass,84.7801,60.1037,27.544,26.4857,0.0017,0.6811,31.6401,32.5597,1775592839784129323
gestureclass,single_gestureclass,84.8193,46.3722,24.8177,23.8227,0.0017,0.6444,20.6249,21.5544,1775592839812253114
gestureclass,single_gestureclass,84.8679,26.1037,23.6895,22.7705,0.0015,0.6315,1.5092,2.4142,1775592839841723640
gestureclass,single_gestureclass,85.0023,34.6494,31.9671,30.7766,0.0021,0.808,1.6561,2.6823,1775592839976265518
gestureclass,single_gestureclass,85.1182,32.7601,30.1493,29.0393,0.002,0.7514,1.647,2.6108,1775592840092155633
gestureclass,single_gestureclass,85.2482,32.9571,30.2849,29.1733,0.0019,0.7525,1.642,2.6722,1775592840222161589
gestureclass,single_gestureclass,85.2873,31.6105,29.0521,27.995,0.0018,0.7269,1.5953,2.5584,1775592840261285144
gestureclass,single_gestureclass,85.2901,56.299,26.7757,25.7223,0.0018,0.6683,28.5826,29.5233,1775592840291005642
gestureclass,single_gestureclass,85.3201,51.5716,24.6617,23.6839,0.0016,0.6294,25.955,26.9099,1775592840318422128
gestureclass,single_gestureclass,85.507,34.2135,31.5204,29.6176,0.0019,1.5015,1.7056,2.6931,1775592840481052631
gestureclass,single_gestureclass,85.5177,54.0814,29.9609,28.8761,0.0017,0.6937,23.2291,24.1206,1775592840513314033
gestureclass,single_gestureclass,85.8022,33.4635,30.826,29.6964,0.002,0.7345,1.7192,2.6374,1775592840776303881
gestureclass,single_gestureclass,85.826,37.9562,27.5776,26.5214,0.0017,0.6905,9.4285,10.3786,1775592840807752365
gestureclass,single_gestureclass,85.9041,30.6544,28.0452,27.0128,0.0018,0.6943,1.6403,2.6092,1775592840878135973
gestureclass,single_gestureclass,86.0831,33.6006,30.9154,29.7271,0.002,0.7517,1.6568,2.6852,1775592841057122853
gestureclass,single_gestureclass,86.1269,32.4798,29.942,28.8238,0.002,0.7727,1.5819,2.5378,1775592841100863577
gestureclass,single_gestureclass,86.2226,34.0817,31.3553,30.2115,0.0021,0.773,1.7149,2.7264,1775592841196705571
gestureclass,single_gestureclass,86.2859,34.8353,32.1269,30.9026,0.0021,0.7954,1.7309,2.7084,1775592841260020338
gestureclass,single_gestureclass,86.374,35.1119,32.4694,31.281,0.0021,0.8142,1.6544,2.6425,1775592841347999155
gestureclass,single_gestureclass,86.3997,40.3106,30.136,29.0685,0.0017,0.6997,9.1994,10.1746,1775592841381279259
gestureclass,single_gestureclass,86.4843,46.212,43.352,41.7426,0.0026,1.0855,1.6751,2.86,1775592841458286047
gestureclass,single_gestureclass,86.51,56.2673,35.0273,33.86,0.0019,0.3504,20.1135,21.24,1775592841502460084
gestureclass,single_gestureclass,86.5177,48.5606,35.0273,33.86,0.0019,0.3504,12.3851,13.5334,1775592841502460084
gestureclass,single_gestureclass,86.5289,64.9061,26.8963,25.8361,0.0018,0.6772,37.0748,38.0098,1775592841538327135
gestureclass,single_gestureclass,86.6741,32.9494,30.2393,29.1288,0.0019,0.7533,1.6952,2.7101,1775592841648110081
gestureclass,single_gestureclass,86.7712,33.2232,30.5771,29.4754,0.0019,0.7573,1.668,2.646,1775592841745260182
gestureclass,single_gestureclass,86.783,51.4743,29.2922,28.2042,0.0017,0.6926,21.2281,22.1822,1775592841776560157
gestureclass,single_gestureclass,86.8487,29.1417,26.6496,25.6584,0.0018,0.6789,1.58,2.492,1775592841822601008
gestureclass,single_gestureclass,86.898,28.3043,25.8072,24.7967,0.0015,0.6658,1.5762,2.4971,1775592841871945344
gestureclass,single_gestureclass,86.9425,30.4425,28.0426,26.8499,0.002,0.8116,1.4873,2.3999,1775592841916368918
gestureclass,single_gestureclass,87.0312,32.7768,30.0612,28.9558,0.0019,0.7505,1.7185,2.7157,1775592842005220840
gestureclass,single_gestureclass,87.0991,35.0149,32.3675,30.4447,0.0019,0.7725,1.6685,2.6473,1775592842073167981
gestureclass,single_gestureclass,87.1029,60.642,28.5467,27.4953,0.0016,0.3321,31.0023,32.0953,1775592842106261631
gestureclass,single_gestureclass,87.1067,56.9129,28.5467,27.4953,0.0016,0.3321,27.251,28.3662,1775592842106261631
gestureclass,single_gestureclass,87.2489,32.8407,30.1701,29.0783,0.002,0.7337,1.6835,2.6706,1775592842222895825
gestureclass,single_gestureclass,87.3059,35.2745,32.6841,31.4558,0.0022,0.8402,1.657,2.5904,1775592842279934741
gestureclass,single_gestureclass,87.3217,49.8974,29.5603,28.5032,0.0017,0.2245,19.2444,20.3372,1775592842313265922
gestureclass,single_gestureclass,87.3305,41.3492,29.5603,28.5032,0.0017,0.2245,10.4666,11.7889,1775592842313265922
gestureclass,single_gestureclass,87.3342,37.6062,29.5603,28.5032,0.0017,0.2245,6.705,8.046,1775592842313265922
gestureclass,single_gestureclass,87.4421,37.1065,34.421,33.0462,0.0024,0.9195,1.6868,2.6855,1775592842416095141
gestureclass,single_gestureclass,87.5564,32.9607,30.2644,29.1781,0.0019,0.7445,1.6994,2.6963,1775592842530455265
gestureclass,single_gestureclass,87.7747,33.5271,30.8597,29.7163,0.002,0.773,1.6866,2.6674,1775592842748751864
gestureclass,single_gestureclass,87.8465,34.7397,32.048,30.8332,0.0021,0.8183,1.7018,2.6918,1775592842820509996
gestureclass,single_gestureclass,87.9544,50.7054,47.9855,46.0836,0.0033,1.3215,1.6625,2.72,1775592842928443982
gestureclass,single_gestureclass,88.0594,39.2799,36.5669,34.1704,0.0025,0.9797,1.6625,2.7131,1775592843033368284
gestureclass,single_gestureclass,88.0821,50.6375,33.422,32.276,0.002,0.7311,16.2196,17.2155,1775592843070685227
gestureclass,single_gestureclass,88.203,34.5805,31.9077,30.7578,0.002,0.7882,1.6606,2.6728,1775592843177006918
gestureclass,single_gestureclass,88.2087,59.643,30.1538,29.0686,0.0017,0.6936,28.542,29.4893,1775592843209637151
gestureclass,single_gestureclass,88.3106,32.1078,29.5489,28.4308,0.0019,0.7125,1.6046,2.5589,1775592843284560270
gestureclass,single_gestureclass,88.3304,40.8258,27.7564,26.6901,0.0016,0.6804,12.1489,13.0695,1775592843314852934
gestureclass,single_gestureclass,88.3954,30.091,27.4244,26.2981,0.0055,0.7749,1.595,2.6666,1775592843369337861
gestureclass,single_gestureclass,88.5388,33.9675,31.0814,29.9419,0.0021,0.7344,1.889,2.8861,1775592843513000064
gestureclass,single_gestureclass,88.5535,49.8428,30.0062,28.9259,0.0018,0.6949,18.9128,19.8367,1775592843544792594
gestureclass,single_gestureclass,88.6736,33.0286,30.3733,29.2518,0.002,0.7424,1.6894,2.6553,1775592843647651479
gestureclass,single_gestureclass,88.7054,31.1399,28.6767,26.9468,0.0018,1.3862,1.5438,2.4631,1775592843679267786
gestureclass,single_gestureclass,88.9859,33.0472,30.361,29.2083,0.0018,0.7559,1.7209,2.6862,1775592843960015552
gestureclass,single_gestureclass,89.0332,32.3434,29.643,28.5089,0.0018,0.7415,1.7278,2.7004,1775592844007282432
gestureclass,single_gestureclass,89.0656,30.592,28.0579,27.0362,0.0017,0.6986,1.5733,2.534,1775592844039524863
gestureclass,single_gestureclass,89.0763,46.1795,25.6217,24.6013,0.0018,0.6513,19.5875,20.5578,1775592844068247899
gestureclass,single_gestureclass,89.3219,33.4237,30.6223,29.5302,0.0019,0.7502,1.7149,2.8014,1775592844295963441
gestureclass,single_gestureclass,89.3497,36.9503,30.3629,29.2301,0.002,0.7152,5.6381,6.5875,1775592844327664083
gestureclass,single_gestureclass,89.3534,61.801,27.717,26.6482,0.0015,0.3201,33.0303,34.0839,1775592844358791831
gestureclass,single_gestureclass,89.3795,35.7089,27.717,26.6482,0.0015,0.3201,6.9165,7.9919,1775592844358791831
gestureclass,single_gestureclass,89.3928,47.8623,24.6638,23.6663,0.0017,0.6325,22.2888,23.1985,1775592844387466024
gestureclass,single_gestureclass,89.4153,51.1656,25.1978,24.0866,0.0018,0.7323,25.0642,25.9678,1775592844412699612
gestureclass,single_gestureclass,89.5147,33.2246,30.7271,28.8431,0.0019,1.5155,1.5862,2.4975,1775592844488600396
gestureclass,single_gestureclass,89.5194,58.6479,29.2912,28.2621,0.0015,0.3256,28.2578,29.3567,1775592844519996124
gestureclass,single_gestureclass,89.5421,35.9602,29.2912,28.2621,0.0015,0.3256,5.549,6.669,1775592844519996124
gestureclass,single_gestureclass,89.6213,30.5398,27.9952,26.9516,0.0019,0.7166,1.6172,2.5445,1775592844595235131
gestureclass,single_gestureclass,89.8402,32.8951,30.223,29.12,0.002,0.7504,1.6975,2.6721,1775592844814206843
gestureclass,single_gestureclass,89.8833,31.7812,29.279,28.1513,0.0018,0.76,1.5559,2.5022,1775592844857170459
gestureclass,single_gestureclass,89.9223,29.9067,27.3982,26.3856,0.0017,0.6801,1.5771,2.5085,1775592844896182928
gestureclass,single_gestureclass,90.0604,43.8783,41.2411,39.6448,0.0027,1.0835,1.6811,2.6372,1775592845034464902
gestureclass,single_gestureclass,90.2056,34.9655,32.2824,31.1342,0.002,0.7865,1.7109,2.6831,1775592845179640955
gestureclass,single_gestureclass,90.2184,56.3889,33.3508,32.2434,0.0019,0.3448,21.9471,23.0381,1775592845212658417
gestureclass,single_gestureclass,90.2251,49.6294,33.3508,32.2434,0.0019,0.3448,15.1656,16.2787,1775592845212658417
gestureclass,single_gestureclass,90.2518,49.8805,26.2953,25.2556,0.0017,0.6557,22.6736,23.5852,1775592845246773935
gestureclass,single_gestureclass,90.3289,28.4231,25.9178,24.8895,0.0017,0.6801,1.6184,2.5052,1775592845302828810
gestureclass,single_gestureclass,90.3845,29.9902,27.5098,26.5214,0.0017,0.6684,1.5759,2.4804,1775592845358418405
gestureclass,single_gestureclass,90.4002,41.1227,26.1827,25.1792,0.0016,0.6541,14.0378,14.9399,1775592845386597235
gestureclass,single_gestureclass,90.4257,41.6198,24.9347,23.964,0.0015,0.6317,15.3208,16.685,1775592845413353720
gestureclass,single_gestureclass,90.4665,26.2525,23.7433,22.8244,0.0016,0.6301,1.6294,2.5092,1775592845440521487
gestureclass,single_gestureclass,90.4785,38.8503,23.929,22.9554,0.0015,0.6308,14.0238,14.9213,1775592845464877272
gestureclass,single_gestureclass,90.507,34.7555,23.8366,22.8752,0.0016,0.6283,10.0267,10.9188,1775592845489368747
gestureclass,single_gestureclass,90.5185,47.3201,23.5525,22.5867,0.0016,0.6299,22.8529,23.7676,1775592845513751289
gestureclass,single_gestureclass,90.6001,27.4823,25.0312,24.0682,0.0016,0.6473,1.5302,2.4511,1775592845573956034
gestureclass,single_gestureclass,90.6228,29.6597,24.2544,23.2675,0.0016,0.6276,4.5223,5.4053,1775592845599636270
gestureclass,single_gestureclass,90.6468,29.8369,23.5529,22.583,0.0016,0.6225,5.4016,6.284,1775592845624508287
gestureclass,single_gestureclass,90.7449,29.6748,27.1544,25.475,0.0019,0.665,1.595,2.5204,1775592845718799622
gestureclass,single_gestureclass,90.8017,28.8711,26.4115,25.421,0.0017,0.666,1.5359,2.4595,1775592845775631146
gestureclass,single_gestureclass,90.9549,37.5478,34.9559,33.6972,0.0021,0.8519,1.6193,2.5919,1775592845928891471
gestureclass,single_gestureclass,91.0757,33.4191,30.7796,29.6485,0.0018,0.7678,1.6413,2.6395,1775592846049711011
gestureclass,single_gestureclass,91.2304,34.6537,31.9065,30.7333,0.0021,0.8064,1.6892,2.7471,1775592846204455615
gestureclass,single_gestureclass,91.2632,35.326,32.3724,31.2437,0.0019,0.7662,1.9972,2.9536,1775592846237548700
gestureclass,single_gestureclass,91.2793,46.437,26.5573,25.5516,0.0017,0.6415,18.9738,19.8798,1775592846270599672
gestureclass,single_gestureclass,91.3269,26.8559,24.538,23.5921,0.0015,0.6468,1.4567,2.318,1775592846300737783
gestureclass,single_gestureclass,91.3436,34.4856,23.6583,22.6745,0.0016,0.6386,9.9146,10.8272,1775592846325896344
gestureclass,single_gestureclass,91.4323,29.4394,27.0351,25.7515,0.0021,0.8491,1.4687,2.4044,1775592846406153627
gestureclass,single_gestureclass,91.561,34.1194,31.5193,29.6617,0.0019,1.5144,1.6463,2.6001,1775592846535038485
gestureclass,single_gestureclass,91.5778,47.6894,29.613,28.5321,0.0018,0.6813,17.1421,18.0764,1775592846567279614
gestureclass,single_gestureclass,92.005,50.9412,48.2089,46.2485,0.0031,1.3229,1.7006,2.7323,1775592846979077525
gestureclass,single_gestureclass,92.0612,41.1675,38.4794,37.0338,0.0024,0.9794,1.7171,2.6881,1775592847035249335
gestureclass,single_gestureclass,92.0669,70.1549,33.7673,32.6536,0.0017,0.1735,35.1229,36.3876,1775592847074419778
gestureclass,single_gestureclass,92.0697,67.518,33.7673,32.6536,0.0017,0.1735,32.3582,33.7507,1775592847074419778
gestureclass,single_gestureclass,92.0775,59.9458,33.7673,32.6536,0.0017,0.1735,24.5602,26.1786,1775592847074419778
gestureclass,single_gestureclass,92.0923,45.1739,33.7673,32.6536,0.0017,0.1735,9.7697,11.4066,1775592847074419778
gestureclass,single_gestureclass,92.1697,32.685,30.1469,28.6771,0.0019,1.1222,1.5821,2.5381,1775592847143617100
gestureclass,single_gestureclass,92.1995,31.8792,28.2998,27.2296,0.0018,0.6836,2.6562,3.5793,1775592847174468019
gestureclass,single_gestureclass,92.2136,43.4151,25.0711,24.0714,0.0016,0.6525,17.4375,18.3439,1775592847203357252
gestureclass,single_gestureclass,92.2822,27.9469,25.1748,24.2203,0.0016,0.652,1.5283,2.7722,1775592847256074662
gestureclass,single_gestureclass,92.3096,26.6933,24.1416,23.1933,0.0015,0.635,1.6809,2.5517,1775592847283667096
gestureclass,single_gestureclass,92.3475,27.2179,24.8046,23.1689,0.0016,1.3396,1.5247,2.4132,1775592847321414149
gestureclass,single_gestureclass,92.3582,40.7476,23.5553,22.5751,0.0015,0.6341,16.2714,17.1924,1775592847346861305
gestureclass,single_gestureclass,92.4152,25.9967,23.6604,22.7352,0.0016,0.6321,1.4424,2.3363,1775592847388980312
gestureclass,single_gestureclass,92.5434,32.9714,30.2774,29.1691,0.0019,0.75,1.708,2.6939,1775592847517506653
gestureclass,single_gestureclass,92.6657,33.6788,31.0785,29.9902,0.002,0.7454,1.6429,2.6002,1775592847639656469
gestureclass,single_gestureclass,92.6704,61.0864,31.3909,30.301,0.0016,0.334,28.6069,29.6955,1775592847671384588
gestureclass,single_gestureclass,92.6772,54.3449,31.3909,30.301,0.0016,0.334,21.8437,22.954,1775592847671384588
gestureclass,single_gestureclass,92.6979,59.7193,25.4733,24.4486,0.0017,0.6515,33.34,34.246,1775592847703619900
gestureclass,single_gestureclass,92.8259,31.2927,28.2988,27.0459,0.0019,0.914,1.6096,2.9939,1775592847799864714
gestureclass,single_gestureclass,92.8546,31.1062,28.2076,27.1294,0.0018,0.7066,2.0287,2.8987,1775592847829002086
gestureclass,single_gestureclass,92.8563,55.9618,25.7298,24.7497,0.0015,0.3098,29.1884,30.2321,1775592847857883396
gestureclass,single_gestureclass,92.8764,35.9302,25.7298,24.7497,0.0015,0.3098,9.135,10.2004,1775592847857883396
gestureclass,single_gestureclass,92.9856,38.939,36.3798,34.9489,0.0024,0.9775,1.5919,2.5592,1775592847959502243
gestureclass,single_gestureclass,93.2249,34.1709,31.5363,30.4193,0.002,0.7541,1.6639,2.6345,1775592848198895026
gestureclass,single_gestureclass,93.2406,50.9014,31.8664,30.3775,0.0019,1.0596,18.1644,19.035,1775592848231138502
gestureclass,single_gestureclass,93.2833,37.0834,27.9701,26.9526,0.0016,0.3229,8.0376,9.1133,1775592848263640730
gestureclass,single_gestureclass,93.289,31.3649,27.9701,26.9526,0.0016,0.3229,2.2976,3.3948,1775592848263640730
gestureclass,single_gestureclass,93.3067,38.7151,24.4953,23.5069,0.0016,0.626,13.2861,14.2199,1775592848292362626
gestureclass,single_gestureclass,93.3557,26.5026,24.1081,23.1864,0.0016,0.6283,1.5206,2.3945,1775592848329528077
gestureclass,single_gestureclass,93.5085,33.3359,30.3482,29.212,0.0019,0.7535,1.6766,2.9877,1775592848482476535
gestureclass,single_gestureclass,93.5413,30.9114,28.2163,27.1417,0.0018,0.7092,1.7715,2.6951,1775592848515403741
gestureclass,single_gestureclass,93.7165,35.6805,33.0697,31.7828,0.0023,0.8887,1.6642,2.6109,1775592848690521102
gestureclass,single_gestureclass,93.7333,50.8132,31.1408,29.6687,0.0018,1.0892,18.7731,19.6724,1775592848724401361
gestureclass,single_gestureclass,93.7814,29.6977,26.4315,25.3862,0.0017,0.6646,2.3782,3.2661,1775592848756115945
gestureclass,single_gestureclass,93.7923,44.3199,24.9391,23.3379,0.0015,0.6246,18.4641,19.3808,1775592848783105985
gestureclass,single_gestureclass,93.8668,26.9761,24.6014,23.6609,0.0015,0.6391,1.4887,2.3747,1775592848840656919
gestureclass,single_gestureclass,94.0101,33.5724,30.9258,29.7815,0.0021,0.7716,1.6532,2.6466,1775592848984079949
gestureclass,single_gestureclass,94.0378,36.1357,29.6746,28.5999,0.0019,0.6936,5.5375,6.4611,1775592849015702382
gestureclass,single_gestureclass,94.0992,29.7716,27.2367,26.2119,0.0017,0.6924,1.6093,2.5349,1775592849073138986
gestureclass,single_gestureclass,94.1952,32.8264,30.2109,29.0998,0.002,0.7507,1.6143,2.6155,1775592849169139471
gestureclass,single_gestureclass,94.2782,34.554,31.6956,30.5234,0.002,0.7905,1.6611,2.8584,1775592849252230780
gestureclass,single_gestureclass,94.296,48.2945,30.3465,29.2901,0.0017,0.3423,16.8493,17.9481,1775592849285149288
gestureclass,single_gestureclass,94.3107,33.5917,30.3465,29.2901,0.0017,0.3423,2.1231,3.2453,1775592849285149288
gestureclass,single_gestureclass,94.3875,32.3336,29.7247,28.6324,0.0019,0.7297,1.6718,2.6089,1775592849361501256
gestureclass,single_gestureclass,94.3992,49.0134,27.7526,26.6926,0.0017,0.6829,20.3173,21.2607,1775592849391894785
gestureclass,single_gestureclass,94.5015,37.0669,34.476,32.3499,0.0022,1.7107,1.6358,2.5909,1775592849475444950
gestureclass,single_gestureclass,94.5292,38.9543,28.949,27.8684,0.0019,0.6974,9.069,10.0053,1775592849510621629
gestureclass,single_gestureclass,94.5693,27.5402,25.228,24.2715,0.0018,0.6535,1.4277,2.3122,1775592849543099794
gestureclass,single_gestureclass,94.7031,37.189,34.5989,33.2956,0.0022,0.8875,1.6317,2.5901,1775592849677115000
gestureclass,single_gestureclass,94.7099,64.7979,33.5947,32.4712,0.0021,0.7503,30.2598,31.2032,1775592849712496784
gestureclass,single_gestureclass,94.7695,33.8607,28.0229,26.9748,0.0017,0.6786,4.899,5.8378,1775592849746774860
gestureclass,single_gestureclass,94.8066,28.5678,26.1404,25.141,0.0018,0.6796,1.5502,2.4274,1775592849780500517
gestureclass,single_gestureclass,94.8093,52.0041,25.4241,24.4631,0.0016,0.3035,25.5635,26.58,1775592849807221553
gestureclass,single_gestureclass,94.8211,40.1895,25.4241,24.4631,0.0016,0.3035,13.7262,14.7654,1775592849807221553
gestureclass,single_gestureclass,94.8394,46.0131,23.5009,22.5167,0.0017,0.6176,21.6432,22.5122,1775592849833361688
gestureclass,single_gestureclass,95.0357,36.8791,34.2459,32.983,0.0021,0.8581,1.6723,2.6332,1775592850009729578
gestureclass,single_gestureclass,95.1418,33.628,30.9503,29.103,0.0018,1.4907,1.7138,2.6777,1775592850115885711
gestureclass,single_gestureclass,95.1967,32.9731,30.4323,29.3248,0.0019,0.7394,1.6029,2.5407,1775592850170619665
gestureclass,single_gestureclass,95.2024,55.67,27.7157,26.6367,0.0017,0.694,26.9938,27.9543,1775592850201759450
gestureclass,single_gestureclass,95.2653,28.2376,25.8013,24.8024,0.0017,0.6496,1.5337,2.4363,1775592850239178920
gestureclass,single_gestureclass,95.3487,31.3411,28.7198,27.6613,0.0018,0.7099,1.6415,2.6213,1775592850322738287
gestureclass,single_gestureclass,95.3655,42.4461,27.2492,26.1958,0.0017,0.6699,14.2961,15.197,1775592850352129618
gestureclass,single_gestureclass,95.4311,30.7448,28.327,27.152,0.002,0.7937,1.5249,2.4178,1775592850405018387
gestureclass,single_gestureclass,95.4339,59.1795,30.3339,29.2834,0.0017,0.2235,27.7452,28.8457,1775592850433953215
gestureclass,single_gestureclass,95.4456,47.5037,30.3339,29.2834,0.0017,0.2235,16.047,17.1698,1775592850433953215
gestureclass,single_gestureclass,95.4493,43.9813,30.3339,29.2834,0.0017,0.2235,12.3284,13.6474,1775592850433953215
gestureclass,single_gestureclass,95.6916,32.9454,30.3406,29.2268,0.0019,0.7428,1.6704,2.6048,1775592850665649209
gestureclass,single_gestureclass,95.7498,32.9032,30.2353,29.1393,0.0019,0.7372,1.6959,2.6679,1775592850723856808
gestureclass,single_gestureclass,95.941,43.4666,40.8178,38.911,0.0031,1.3111,1.6341,2.6488,1775592850915017655
gestureclass,single_gestureclass,95.9558,65.5892,36.0718,34.0966,0.002,0.7956,28.5957,29.5174,1775592850956715280
gestureclass,single_gestureclass,96.0466,34.0147,31.35,30.2073,0.002,0.7696,1.7166,2.6647,1775592851020642830
gestureclass,single_gestureclass,96.0573,53.1235,29.0388,27.7973,0.0017,0.8663,23.0453,24.0847,1775592851052685995
gestureclass,single_gestureclass,96.0887,48.4707,26.0512,25.0772,0.0015,0.3123,21.3656,22.4196,1775592851082456358
gestureclass,single_gestureclass,96.1083,28.8882,26.0512,25.0772,0.0015,0.3123,1.7617,2.837,1775592851082456358
gestureclass,single_gestureclass,96.1654,27.8237,25.3752,24.3586,0.0017,0.6518,1.5354,2.4485,1775592851139325523
gestureclass,single_gestureclass,96.2815,32.9013,30.2543,29.1451,0.0018,0.7651,1.6925,2.647,1775592851255557016
gestureclass,single_gestureclass,96.3396,32.8765,30.2572,29.1616,0.0019,0.7528,1.6484,2.6193,1775592851313627725
gestureclass,single_gestureclass,96.4948,32.948,30.3128,29.2003,0.0019,0.7359,1.6916,2.6353,1775592851468835136
gestureclass,single_gestureclass,96.634,34.5113,31.8446,30.6979,0.002,0.7876,1.6582,2.6667,1775592851608024568
gestureclass,single_gestureclass,96.6538,46.6399,31.2733,30.1689,0.0018,0.7283,14.4103,15.3666,1775592851640511548
gestureclass,single_gestureclass,96.7106,28.9555,26.4866,24.8439,0.0016,1.3318,1.5092,2.4689,1775592851684463589
gestureclass,single_gestureclass,96.7588,27.6403,25.2033,24.2239,0.0016,0.6525,1.4954,2.437,1775592851732610545
gestureclass,single_gestureclass,96.7966,27.4904,25.0197,24.0631,0.0016,0.6551,1.5097,2.4707,1775592851770471223
gestureclass,single_gestureclass,96.8023,46.4907,24.2629,23.2821,0.0015,0.6345,21.3869,22.2278,1775592851796069458
gestureclass,single_gestureclass,96.8363,37.4963,24.265,23.2874,0.0014,0.6164,12.3158,13.2313,1775592851820936027
gestureclass,single_gestureclass,96.848,51.4696,24.8899,23.9296,0.0015,0.3032,25.5113,26.5797,1775592851845818474
gestureclass,single_gestureclass,96.855,44.4114,24.8899,23.9296,0.0015,0.3032,18.4317,19.5215,1775592851845818474
gestureclass,single_gestureclass,96.891,32.5627,23.513,22.535,0.0016,0.6151,8.1217,9.0497,1775592851871435851
gestureclass,single_gestureclass,97.0118,33.6514,31.1403,29.9987,0.002,0.7848,1.5299,2.5111,1775592851985652350
gestureclass,single_gestureclass,97.0265,48.1336,28.5338,27.4318,0.0019,0.7023,18.63,19.5998,1775592852017488257
gestureclass,single_gestureclass,97.0466,54.9543,26.1115,25.1114,0.0015,0.3174,27.7598,28.8428,1775592852046686240
gestureclass,single_gestureclass,97.0612,40.3841,26.1115,25.1114,0.0015,0.3174,13.1681,14.2726,1775592852046686240
gestureclass,single_gestureclass,97.2119,33.7415,31.1152,29.2628,0.002,1.4879,1.5943,2.6263,1775592852185800133
gestureclass,single_gestureclass,97.2828,32.9571,30.3045,29.209,0.002,0.7378,1.6696,2.6526,1775592852256829153
gestureclass,single_gestureclass,97.326,30.5569,28.0818,27.0494,0.0019,0.6953,1.5483,2.4751,1775592852299877776
gestureclass,single_gestureclass,97.3557,28.9872,26.6692,25.6843,0.0017,0.6662,1.3936,2.3179,1775592852329444186
gestureclass,single_gestureclass,97.3757,34.5864,24.9947,23.9761,0.0016,0.6679,8.6246,9.5917,1775592852356710541
gestureclass,single_gestureclass,97.4876,35.8527,33.2701,31.9966,0.0021,0.8669,1.5817,2.5826,1775592852461504392
gestureclass,single_gestureclass,97.5336,30.2598,27.7215,26.6939,0.0017,0.6916,1.5914,2.5383,1775592852507575515
gestureclass,single_gestureclass,97.5564,34.0364,25.9256,24.9064,0.0016,0.6654,7.1373,8.1108,1775592852535856864
gestureclass,single_gestureclass,97.6066,27.5242,25.1137,24.1423,0.0015,0.6691,1.5063,2.4106,1775592852580469683
gestureclass,single_gestureclass,97.6183,40.3783,23.8467,22.8611,0.0016,0.6172,15.5704,16.5317,1775592852606236804
gestureclass,single_gestureclass,97.6729,26.4583,24.1375,23.2042,0.0109,0.6247,1.4286,2.3207,1775592852646693508
gestureclass,single_gestureclass,97.6936,30.5834,24.1958,23.2288,0.0016,0.6333,5.4626,6.3876,1775592852671406700
gestureclass,single_gestureclass,97.8365,32.8109,30.1888,29.0968,0.0019,0.7521,1.6429,2.6222,1775592852810449599
gestureclass,single_gestureclass,97.9085,32.7675,30.2027,29.0785,0.0019,0.7571,1.5881,2.5648,1775592852882419057
gestureclass,single_gestureclass,98.0465,33.0112,30.3391,29.2222,0.002,0.7611,1.663,2.6721,1775592853020530733
gestureclass,single_gestureclass,98.1217,33.3951,30.7577,29.6241,0.002,0.7739,1.6356,2.6373,1775592853095731554
gestureclass,single_gestureclass,98.1933,35.4164,32.8008,31.5686,0.0023,0.8288,1.6239,2.6156,1775592853167322556
gestureclass,single_gestureclass,98.2111,47.277,28.9394,27.8586,0.0016,0.7001,17.3492,18.3376,1775592853200826328
gestureclass,single_gestureclass,98.3046,33.4628,30.8732,29.6995,0.0019,0.8344,1.5986,2.5896,1775592853278579973
gestureclass,single_gestureclass,98.3114,57.3144,29.8196,28.7405,0.0018,0.3281,26.4175,27.4948,1775592853310148060
gestureclass,single_gestureclass,98.3151,53.5896,29.8196,28.7405,0.0018,0.3281,22.6703,23.77,1775592853310148060
gestureclass,single_gestureclass,98.3423,52.0818,25.0172,23.9908,0.0015,0.6527,26.1424,27.0646,1775592853340789633
gestureclass,single_gestureclass,98.4516,37.2901,34.6573,32.4505,0.0023,0.9115,1.5924,2.6328,1775592853425547971
gestureclass,single_gestureclass,98.4991,30.6153,28.026,26.9629,0.0019,0.6937,1.5993,2.5893,1775592853473053924
gestureclass,single_gestureclass,98.5789,32.9797,30.3198,29.2273,0.002,0.7476,1.652,2.6599,1775592853552944129
gestureclass,single_gestureclass,98.6161,30.6005,28.0717,27.0315,0.0018,0.7023,1.5526,2.5288,1775592853590034533
gestureclass,single_gestureclass,98.743,32.7585,30.2058,29.102,0.0019,0.7434,1.579,2.5527,1775592853716926516
gestureclass,single_gestureclass,98.78,31.2922,28.7338,27.6483,0.0018,0.7334,1.5898,2.5584,1775592853753912090
gestureclass,single_gestureclass,98.8285,29.7625,27.2073,26.1984,0.0016,0.6897,1.5743,2.5552,1775592853802400248
gestureclass,single_gestureclass,98.8984,31.1596,28.5567,27.5129,0.0018,0.7041,1.5991,2.603,1775592853872398430
gestureclass,single_gestureclass,98.9092,48.9707,27.5511,26.4861,0.0017,0.6805,20.1063,21.4196,1775592853901659217
gestureclass,single_gestureclass,98.9438,41.651,27.0862,26.08,0.0018,0.6494,13.6349,14.5648,1775592853929793568
gestureclass,single_gestureclass,98.9577,53.2255,24.8658,23.2568,0.0017,1.2451,27.4336,28.3597,1775592853957452693
gestureclass,single_gestureclass,99.0381,27.8959,25.0886,24.1424,0.0016,0.6462,1.8635,2.8074,1775592854012322531
gestureclass,single_gestureclass,99.0381,53.3817,24.7688,23.8164,0.0015,0.3039,27.5187,28.6129,1775592854038010011
gestureclass,single_gestureclass,99.0421,49.3999,24.7688,23.8164,0.0015,0.3039,23.5152,24.6311,1775592854038010011
gestureclass,single_gestureclass,99.0977,26.464,23.7044,22.7773,0.0015,0.6328,1.472,2.7596,1775592854071560512
gestureclass,single_gestureclass,99.1234,25.9662,23.4731,22.537,0.0016,0.6348,1.5554,2.4931,1775592854097339464
gestureclass,single_gestureclass,99.1786,27.7238,25.2808,24.3039,0.0017,0.6725,1.4887,2.443,1775592854152467706
gestureclass,single_gestureclass,99.1834,47.4763,23.8547,22.8817,0.0016,0.633,22.6815,23.6216,1775592854178385992
gestureclass,single_gestureclass,99.241,26.185,23.7679,22.8388,0.0016,0.6361,1.4849,2.4172,1775592854214820903
gestureclass,single_gestureclass,99.2844,26.5148,24.1178,23.1671,0.0015,0.6343,1.4555,2.397,1775592854258179300
gestureclass,single_gestureclass,99.4051,32.2452,29.66,28.5912,0.0018,0.7341,1.5793,2.5852,1775592854379075577
gestureclass,single_gestureclass,99.4339,34.8263,30.7371,29.0351,0.0017,1.3158,3.1269,4.0891,1775592854409361992
gestureclass,single_gestureclass,99.4426,51.9049,25.2208,24.2159,0.0016,0.642,25.7566,26.6841,1775592854440700567
gestureclass,single_gestureclass,99.5397,29.4251,26.9623,25.9699,0.0017,0.6802,1.5357,2.4628,1775592854513590114
gestureclass,single_gestureclass,99.5454,49.5064,25.1877,24.1717,0.0016,0.6498,23.3562,24.3187,1775592854541130636
gestureclass,single_gestureclass,99.6262,27.9572,25.5662,24.597,0.0017,0.6628,1.4336,2.391,1775592854599936792
gestureclass,single_gestureclass,99.7834,32.8543,30.1813,29.087,0.0018,0.75,1.6427,2.673,1775592854757387171
gestureclass,single_gestureclass,99.8625,33.9148,31.2833,30.1886,0.0019,0.75,1.6036,2.6315,1775592854836415575
gestureclass,single_gestureclass,99.8692,56.0963,28.1969,27.1615,0.0017,0.3321,26.7715,27.8994,1775592854868343711
gestureclass,single_gestureclass,99.882,43.3955,28.1969,27.1615,0.0017,0.3321,14.0295,15.1986,1775592854868343711
gestureclass,single_gestureclass,99.9326,29.7022,27.2421,26.2675,0.0017,0.6659,1.5185,2.4601,1775592854906436751
gestureclass,single_gestureclass,99.9363,51.5981,24.9677,23.9631,0.0016,0.6497,25.6882,26.6304,1775592854934325610
gestureclass,single_gestureclass,99.9845,27.7271,23.779,22.7612,0.0017,0.6616,3.0298,3.9481,1775592854959849376
gestureclass,single_gestureclass,100.0244,26.7823,24.4377,22.7838,0.0018,0.6413,1.4207,2.3446,1775592854998174773
gestureclass,single_gestureclass,100.0794,27.7603,25.392,24.0929,0.0015,0.9871,1.4858,2.3683,1775592855053226082
gestureclass,single_gestureclass,100.0941,38.7976,25.03,24.0884,0.0014,0.2953,12.6972,13.7676,1775592855079138039
gestureclass,single_gestureclass,100.1048,28.1196,25.03,24.0884,0.0014,0.2953,1.9963,3.0895,1775592855079138039
gestureclass,single_gestureclass,100.1072,50.2253,23.955,22.9843,0.0017,0.613,25.3525,26.2703,1775592855104873909
gestureclass,single_gestureclass,100.1431,38.9013,23.9659,22.9986,0.0016,0.6312,14.0035,14.9355,1775592855129460640
gestureclass,single_gestureclass,100.1716,34.4763,23.5069,22.5494,0.0015,0.6254,10.0365,10.9693,1775592855153979359
gestureclass,single_gestureclass,100.2303,27.4692,25.0851,24.129,0.0015,0.6301,1.4758,2.384,1775592855204103242
gestureclass,single_gestureclass,100.243,40.0357,24.5149,23.5727,0.0014,0.2991,14.457,15.5208,1775592855229792543
gestureclass,single_gestureclass,100.2467,36.3476,24.5149,23.5727,0.0014,0.2991,10.7472,11.8327,1775592855229792543
gestureclass,single_gestureclass,100.3272,28.1036,25.6403,24.6817,0.0016,0.6542,1.4958,2.4633,1775592855301094057
gestureclass,single_gestureclass,100.336,45.1145,25.1429,24.1606,0.0016,0.6415,19.0032,19.9716,1775592855327312645
gestureclass,single_gestureclass,100.4663,33.3929,30.8176,29.0615,0.0018,0.7219,1.5917,2.5753,1775592855440264381
gestureclass,single_gestureclass,100.4821,46.1421,27.7334,26.7201,0.0016,0.3243,17.314,18.4087,1775592855471736982
gestureclass,single_gestureclass,100.4928,35.4478,27.7334,26.7201,0.0016,0.3243,6.5978,7.7144,1775592855471736982
gestureclass,single_gestureclass,100.6926,32.892,30.2155,29.1154,0.0019,0.7552,1.6644,2.6765,1775592855666579578
gestureclass,single_gestureclass,100.8708,33.4928,30.7999,29.6793,0.0019,0.7698,1.6744,2.6929,1775592855844812431
gestureclass,single_gestureclass,100.9805,34.8454,32.0657,30.8297,0.002,0.8064,1.7526,2.7796,1775592855954622452
gestureclass,single_gestureclass,101.0685,35.0873,32.5893,31.358,0.002,0.8251,1.4515,2.4981,1775592856042340680
gestureclass,single_gestureclass,101.1309,34.7488,32.079,30.8599,0.002,0.8021,1.6806,2.6698,1775592856104896471
gestureclass,single_gestureclass,101.1516,43.4268,28.797,27.6973,0.0016,0.6765,13.6714,14.6298,1775592856137611957
gestureclass,single_gestureclass,101.2112,28.8651,25.8586,24.8766,0.0017,0.6754,2.0311,3.0065,1775592856185610719
gestureclass,single_gestureclass,101.2113,54.2421,24.7745,23.7109,0.0018,0.6394,28.5408,29.4677,1775592856212153502
gestureclass,single_gestureclass,101.3317,30.6108,27.9949,26.246,0.0018,1.3568,1.6727,2.6159,1775592856305755622
gestureclass,single_gestureclass,101.5887,32.8853,30.2463,29.1488,0.0019,0.7413,1.6646,2.639,1775592856562753810
gestureclass,single_gestureclass,101.7029,34.3187,31.1573,30.0467,0.002,0.7655,2.1563,3.1614,1775592856677396474
gestureclass,single_gestureclass,101.7029,67.502,32.3226,31.2642,0.0017,0.333,33.9267,35.1794,1775592856709202249
gestureclass,single_gestureclass,101.723,47.452,32.3226,31.2642,0.0017,0.333,13.8407,15.1294,1775592856709202249
gestureclass,single_gestureclass,101.7394,57.2467,25.6248,24.589,0.0017,0.6477,30.6654,31.6219,1775592856742427515
gestureclass,single_gestureclass,101.7999,26.9485,24.6117,23.6514,0.0015,0.6637,1.4,2.3367,1775592856773625558
gestureclass,single_gestureclass,102.0672,51.4014,48.6097,46.6798,0.0032,1.2967,1.7221,2.7917,1775592857041319592
gestureclass,single_gestureclass,102.076,81.0983,37.6497,36.2616,0.0022,0.9081,42.4402,43.4487,1775592857090774648
gestureclass,single_gestureclass,102.1489,41.4667,32.6115,31.4036,0.0018,0.7606,7.9114,8.8553,1775592857129129776
gestureclass,single_gestureclass,102.3256,33.8507,31.2708,30.1384,0.002,0.7805,1.6198,2.5799,1775592857299606577
gestureclass,single_gestureclass,102.3324,59.9499,32.1742,30.3262,0.0019,1.412,26.8281,27.7756,1775592857331580861
gestureclass,single_gestureclass,102.3827,36.8152,26.5532,25.5382,0.0018,0.6491,9.3203,10.2619,1775592857364359015
gestureclass,single_gestureclass,102.4066,38.1687,24.6626,23.6985,0.0015,0.6257,12.588,13.506,1775592857391491879
gestureclass,single_gestureclass,102.4227,47.2486,24.6485,23.6755,0.0015,0.6356,21.6782,22.6001,1775592857416729506
gestureclass,single_gestureclass,102.4841,26.0568,23.7236,22.7999,0.0016,0.6294,1.4229,2.3332,1775592857457920526
gestureclass,single_gestureclass,102.5164,25.9576,23.5233,22.5677,0.0016,0.6344,1.4904,2.4343,1775592857490248285
gestureclass,single_gestureclass,102.5696,26.9604,24.5235,23.5828,0.0016,0.6292,1.5144,2.4369,1775592857543433798
gestureclass,single_gestureclass,102.6457,28.2507,25.8075,24.8352,0.0017,0.6644,1.5047,2.4431,1775592857619593632
gestureclass,single_gestureclass,102.6882,27.621,25.1967,24.2434,0.0016,0.651,1.4968,2.4243,1775592857662045185
gestureclass,single_gestureclass,102.8361,32.9072,30.2284,29.1073,0.0019,0.7597,1.6496,2.6789,1775592857810119189
gestureclass,single_gestureclass,102.9763,33.5941,30.866,29.7052,0.0019,0.7558,1.6735,2.7281,1775592857950320640
gestureclass,single_gestureclass,103.3124,37.7302,34.8527,32.4236,0.0068,0.8746,1.7371,2.8775,1775592858286462785
gestureclass,single_gestureclass,103.5355,36.4761,33.5198,32.2165,0.0022,0.827,1.9288,2.9563,1775592858509735934
gestureclass,single_gestureclass,103.6732,36.473,33.7756,32.1861,0.0022,1.2011,1.694,2.6975,1775592858647256469
gestureclass,single_gestureclass,103.707,37.8208,34.3759,33.1345,0.0022,0.7769,2.4633,3.4449,1775592858681769278
gestureclass,single_gestureclass,103.8671,34.73,32.0786,30.8066,0.002,0.8145,1.653,2.6514,1775592858841077177
gestureclass,single_gestureclass,103.8958,37.5922,30.9006,29.7892,0.0018,0.7158,5.7263,6.6916,1775592858873879694
gestureclass,single_gestureclass,103.9576,50.8296,47.2019,45.2746,0.0034,1.301,2.6157,3.6277,1775592858932574044
gestureclass,single_gestureclass,104.1848,34.6618,31.864,30.2573,0.0019,1.1951,1.7848,2.7978,1775592859158915165
gestureclass,single_gestureclass,104.2165,36.2511,32.7006,31.5846,0.0018,0.7276,2.5899,3.5505,1775592859191485583
gestureclass,single_gestureclass,104.264,31.1718,28.662,27.5952,0.0019,0.7293,1.5485,2.5098,1775592859237912421
gestureclass,single_gestureclass,104.2877,35.099,27.0018,25.3004,0.0018,1.324,7.1163,8.0973,1775592859267177588
gestureclass,single_gestureclass,104.4691,50.9689,48.1911,46.236,0.003,1.3214,1.7121,2.7778,1775592859443184863
gestureclass,single_gestureclass,104.5503,32.9525,30.2052,29.1107,0.0019,0.7545,1.7416,2.7473,1775592859524402851
gestureclass,single_gestureclass,104.6005,33.565,30.8468,29.7079,0.0017,0.76,1.7104,2.7182,1775592859574539359
gestureclass,single_gestureclass,104.6152,47.3771,27.8046,26.689,0.0016,0.6629,18.5971,19.5725,1775592859606178474
gestureclass,single_gestureclass,104.6638,27.7946,25.2943,24.2761,0.0016,0.6404,1.5557,2.5003,1775592859637720516
gestureclass,single_gestureclass,104.8379,32.8567,30.189,29.0986,0.002,0.7337,1.6589,2.6677,1775592859811948687
gestureclass,single_gestureclass,104.945,40.8857,38.1549,36.6023,0.0026,1.0812,1.6236,2.7308,1775592859919007318
gestureclass,single_gestureclass,105.0261,33.9568,31.2454,30.109,0.0019,0.7728,1.667,2.7114,1775592860000142377
gestureclass,single_gestureclass,105.0379,52.192,29.4301,28.3279,0.0017,0.6942,21.827,22.7618,1775592860032052225
gestureclass,single_gestureclass,105.0943,29.4361,26.9785,25.3032,0.0017,1.2986,1.5287,2.4576,1775592860068171344
gestureclass,single_gestureclass,105.117,32.0158,24.662,23.6752,0.0016,0.6463,6.391,7.3538,1775592860095729865
gestureclass,single_gestureclass,105.2172,29.8426,27.327,26.261,0.0016,0.6921,1.569,2.5156,1775592860191153562
gestureclass,single_gestureclass,105.3073,32.9864,30.2928,29.1659,0.002,0.7514,1.6813,2.6936,1775592860281332957
gestureclass,single_gestureclass,105.4856,33.0353,30.2741,29.184,0.0018,0.7505,1.7154,2.7612,1775592860459662141
gestureclass,single_gestureclass,105.6049,33.3772,30.7096,29.5919,0.0018,0.7677,1.6131,2.6676,1775592860578865146
gestureclass,single_gestureclass,105.6955,35.1808,32.4507,31.2755,0.0024,0.7948,1.709,2.7301,1775592860669557922
gestureclass,single_gestureclass,105.7193,42.2361,30.1189,29.0371,0.0019,0.6763,11.1496,12.1171,1775592860702794634
gestureclass,single_gestureclass,105.8258,32.8629,30.2313,29.1404,0.0022,0.738,1.6041,2.6316,1775592860799717610
gestureclass,single_gestureclass,105.8598,31.1527,28.5674,27.5205,0.0018,0.7139,1.601,2.5853,1775592860833786285
gestureclass,single_gestureclass,105.9652,43.9308,41.2387,39.5898,0.0026,1.117,1.6537,2.6921,1775592860939230084
gestureclass,single_gestureclass,106.1114,35.4707,32.6683,31.5094,0.0019,0.7562,1.7397,2.8024,1775592861085515949
gestureclass,single_gestureclass,106.1192,57.3471,28.9167,27.8816,0.0017,0.3319,27.2846,28.4303,1775592861118853490
gestureclass,single_gestureclass,106.127,49.5892,28.9167,27.8816,0.0017,0.3319,19.5045,20.6724,1775592861118853490
gestureclass,single_gestureclass,106.2398,33.3622,30.713,29.6233,0.0019,0.749,1.6546,2.6491,1775592861213833640
gestureclass,single_gestureclass,106.2486,54.7287,29.4208,28.3413,0.0017,0.6967,24.323,25.308,1775592861245261352
gestureclass,single_gestureclass,106.2904,39.187,25.6292,24.6153,0.0017,0.6469,12.5825,13.5578,1775592861275336533
gestureclass,single_gestureclass,106.3958,32.2826,29.6585,28.6021,0.0018,0.726,1.6441,2.6241,1775592861369815671
gestureclass,single_gestureclass,106.4116,45.3272,28.1927,27.136,0.0017,0.6751,16.1569,17.1345,1775592861400078603
gestureclass,single_gestureclass,106.4761,34.7452,32.2208,30.9431,0.0023,0.8652,1.5383,2.5244,1775592861450001728
gestureclass,single_gestureclass,106.5641,32.8722,30.2318,29.1416,0.002,0.7518,1.6029,2.6404,1775592861538030423
gestureclass,single_gestureclass,106.6192,32.8071,30.1245,28.9944,0.0019,0.754,1.7025,2.6826,1775592861593215279
gestureclass,single_gestureclass,106.7072,38.0023,35.3704,34.0154,0.0024,0.9201,1.5912,2.6319,1775592861681133442
gestureclass,single_gestureclass,106.7109,66.2973,31.1052,30.0518,0.0016,0.2218,33.9892,35.1921,1775592861717271474
gestureclass,single_gestureclass,106.7287,48.5842,31.1052,30.0518,0.0016,0.2218,16.253,17.4791,1775592861717271474
gestureclass,single_gestureclass,106.7304,46.9701,31.1052,30.0518,0.0016,0.2218,14.4978,15.865,1775592861717271474
gestureclass,single_gestureclass,106.7775,28.1911,25.828,24.865,0.0016,0.6555,1.5063,2.3631,1775592861751308848
gestureclass,single_gestureclass,106.8679,32.2235,29.6074,28.5244,0.0018,0.7359,1.6155,2.6161,1775592861841863277
gestureclass,single_gestureclass,106.8906,37.9498,27.7538,26.7002,0.0016,0.665,9.2418,10.196,1775592861872215676
gestureclass,single_gestureclass,106.9398,30.9052,28.4227,27.2962,0.0018,0.7643,1.5137,2.4826,1775592861913647276
gestureclass,single_gestureclass,106.9555,41.5788,25.717,24.7076,0.0016,0.6543,14.9059,15.8618,1775592861942750211
gestureclass,single_gestureclass,106.9849,36.9966,24.2558,23.2645,0.0016,0.6332,11.8172,12.7408,1775592861969069450
gestureclass,single_gestureclass,107.0361,26.1543,23.7358,22.7934,0.0016,0.6343,1.4639,2.4185,1775592862009911120
gestureclass,single_gestureclass,107.1695,33.3033,30.6993,29.6162,0.0019,0.7364,1.6193,2.6039,1775592862143489086
gestureclass,single_gestureclass,107.1993,35.3665,31.2489,29.2519,0.0019,0.9288,3.1922,4.1176,1775592862174817665
gestureclass,single_gestureclass,107.228,34.2522,26.9267,25.9193,0.0016,0.3242,6.2652,7.3254,1775592862206657159
gestureclass,single_gestureclass,107.2308,31.5602,26.9267,25.9193,0.0016,0.3242,3.5508,4.6335,1775592862206657159
gestureclass,single_gestureclass,107.3105,29.6702,27.1265,26.1093,0.0017,0.6892,1.5562,2.5438,1775592862284429643
gestureclass,single_gestureclass,107.3434,28.7273,25.7835,24.81,0.0015,0.6668,1.9932,2.9438,1775592862317742276
gestureclass,single_gestureclass,107.3434,53.9937,24.7247,23.7233,0.0016,0.6393,28.3172,29.269,1775592862344099401
gestureclass,single_gestureclass,107.6739,32.8901,30.2392,29.1281,0.002,0.7343,1.6551,2.6509,1775592862647895449
gestureclass,single_gestureclass,107.9031,33.0105,30.3437,29.1717,0.0019,0.7518,1.6813,2.6668,1775592862877174343
gestureclass,single_gestureclass,108.0745,33.5684,30.8089,29.6642,0.0019,0.7699,1.7681,2.7595,1775592863048578121
gestureclass,single_gestureclass,108.1452,34.56,31.9614,30.779,0.0021,0.7933,1.6158,2.5985,1775592863119210749
gestureclass,single_gestureclass,108.2881,34.6391,32.0323,30.7949,0.002,0.7886,1.6425,2.6069,1775592863262075547
gestureclass,single_gestureclass,108.396,36.1633,33.5154,31.4543,0.0022,1.6658,1.6487,2.6479,1775592863369961611
gestureclass,single_gestureclass,108.5894,36.3081,33.4108,32.1695,0.0022,0.8353,1.848,2.8973,1775592863563641643
gestureclass,single_gestureclass,108.632,33.9458,31.3444,30.1686,0.0019,0.7672,1.6308,2.6014,1775592863605947407
gestureclass,single_gestureclass,108.6647,31.6145,29.0543,27.987,0.0018,0.7151,1.5609,2.5603,1775592863638585101
gestureclass,single_gestureclass,108.6801,43.5812,26.6842,25.6978,0.0015,0.306,15.842,16.8971,1775592863668305284
gestureclass,single_gestureclass,108.6858,37.8985,26.6842,25.6978,0.0015,0.306,10.1371,11.2144,1775592863668305284
gestureclass,single_gestureclass,108.7085,39.7406,23.9185,22.9425,0.0016,0.6286,14.8873,15.822,1775592863695727851
gestureclass,single_gestureclass,108.8115,29.0375,26.5087,25.5219,0.0016,0.6749,1.5404,2.5287,1775592863785350763
gestureclass,single_gestureclass,108.9508,47.6935,44.5607,42.4621,0.0034,1.3908,1.6861,3.1328,1775592863924808963
gestureclass,single_gestureclass,109.0317,34.2147,31.1112,29.9527,0.0018,0.7509,2.0952,3.1035,1775592864006127601
gestureclass,single_gestureclass,109.0594,36.0274,29.0219,27.9414,0.0018,0.6818,6.1889,7.0055,1775592864037930836
gestureclass,single_gestureclass,109.1206,30.3757,27.9895,26.2905,0.0018,1.3769,1.5931,2.3862,1775592864094568971
gestureclass,single_gestureclass,109.1812,29.7756,27.2486,26.2389,0.0017,0.6926,1.5459,2.5271,1775592864155096336
gestureclass,single_gestureclass,109.2532,32.5553,29.5618,28.3122,0.0019,0.7084,1.9855,2.9936,1775592864227521879
gestureclass,single_gestureclass,109.2532,62.3422,29.0416,28.0118,0.0015,0.3259,32.1674,33.3005,1775592864257737299
gestureclass,single_gestureclass,109.2813,34.312,29.0416,28.0118,0.0015,0.3259,4.1156,5.2704,1775592864257737299
gestureclass,single_gestureclass,109.3308,28.353,25.8681,24.8971,0.0017,0.6631,1.5144,2.4849,1775592864304669531
gestureclass,single_gestureclass,109.4494,36.8147,34.1067,32.8609,0.0021,0.8589,1.6885,2.708,1775592864423463857
gestureclass,single_gestureclass,109.5155,33.2608,30.6165,29.5003,0.002,0.7486,1.6394,2.6443,1775592864489441333
gestureclass,single_gestureclass,109.5302,47.7769,28.4987,27.4145,0.0017,0.6968,18.2517,19.2782,1775592864520798449
gestureclass,single_gestureclass,109.6482,33.9055,31.2384,30.1163,0.002,0.7597,1.6675,2.6672,1775592864622228657
gestureclass,single_gestureclass,109.6589,54.0531,30.1136,28.9527,0.0018,0.3331,22.8229,23.9395,1775592864654118797
gestureclass,single_gestureclass,109.6787,34.3404,30.1136,28.9527,0.0018,0.3331,3.0873,4.2268,1775592864654118797
gestureclass,single_gestureclass,109.7162,28.8067,26.3283,25.3249,0.0019,0.6816,1.5247,2.4784,1775592864690063229
gestureclass,single_gestureclass,109.7269,44.0869,25.4054,24.4144,0.0016,0.6467,17.7171,18.6815,1775592864716964004
gestureclass,single_gestureclass,109.8292,29.4378,26.9594,25.9642,0.0018,0.6689,1.5178,2.4784,1775592864803062681
gestureclass,single_gestureclass,109.8379,47.5502,26.268,25.2527,0.0017,0.6443,20.3598,21.2822,1775592864830618540
gestureclass,single_gestureclass,109.8967,27.0295,24.5779,23.6267,0.0015,0.6301,1.513,2.4516,1775592864870533411
gestureclass,single_gestureclass,109.9619,30.0305,27.5797,26.5233,0.0016,0.7215,1.5004,2.4508,1775592864935784855
gestureclass,single_gestureclass,109.9726,46.6907,26.8161,25.7382,0.0015,0.6539,18.9593,19.8746,1775592864963938049
gestureclass,single_gestureclass,109.9982,46.4003,24.5877,23.608,0.0015,0.625,20.8507,21.8127,1775592864991363732
gestureclass,single_gestureclass,110.0205,48.5909,23.8856,22.909,0.0016,0.6294,23.783,24.7053,1775592865016651092
gestureclass,single_gestureclass,110.0598,33.4868,23.4615,22.4818,0.0017,0.6308,9.1009,10.0254,1775592865041210764
gestureclass,single_gestureclass,110.1425,28.774,26.3239,25.3528,0.0017,0.6634,1.5509,2.4501,1775592865116356276
gestureclass,single_gestureclass,110.1442,52.9916,25.3144,23.7345,0.0017,0.6487,26.7291,27.6772,1775592865143264317
gestureclass,single_gestureclass,110.2384,28.6136,26.1696,25.209,0.0017,0.6593,1.4753,2.4439,1775592865212215167
gestureclass,single_gestureclass,110.2431,49.7155,25.2322,24.2326,0.0015,0.6445,23.5791,24.4833,1775592865239028192
gestureclass,single_gestureclass,110.333,27.6179,25.1586,24.2025,0.0016,0.6392,1.5087,2.4594,1775592865306872696
gestureclass,single_gestureclass,110.4209,30.2813,27.7138,26.6965,0.0016,0.6908,1.5771,2.5675,1775592865394785912
gestureclass,single_gestureclass,110.4296,50.0381,27.9236,26.8673,0.0017,0.6638,21.1596,22.1145,1775592865423084613
gestureclass,single_gestureclass,110.4543,50.2231,24.3742,23.4081,0.0017,0.6146,24.9293,25.8489,1775592865451620073
gestureclass,single_gestureclass,110.5118,26.0439,23.6774,22.7534,0.0016,0.6308,1.476,2.3665,1775592865485600232
gestureclass,single_gestureclass,110.55,26.5267,24.1308,23.208,0.0016,0.6173,1.4749,2.3959,1775592865523871960
gestureclass,single_gestureclass,110.5677,33.4358,23.9828,23.01,0.0016,0.6352,8.5163,9.453,1775592865548590597
gestureclass,single_gestureclass,110.5837,42.1653,24.1254,22.5701,0.0016,1.2048,17.0927,18.0399,1775592865573182216
gestureclass,single_gestureclass,110.6281,26.2358,23.8575,22.9324,0.0014,0.633,1.4493,2.3784,1775592865601904743
gestureclass,single_gestureclass,110.6388,40.2274,24.054,23.0775,0.0016,0.6372,15.2364,16.1734,1775592865626364379
gestureclass,single_gestureclass,110.6655,37.524,23.4247,22.449,0.0016,0.629,13.1385,14.0993,1775592865651027005
gestureclass,single_gestureclass,110.7563,28.3909,25.8952,24.8784,0.0016,0.6535,1.5461,2.4957,1775592865730175858
gestureclass,single_gestureclass,110.8859,32.8186,30.2888,29.1871,0.0019,0.7427,1.5752,2.5297,1775592865859861049
gestureclass,single_gestureclass,110.929,32.3679,29.7875,27.7641,0.0017,1.6938,1.5724,2.5805,1775592865902890390
gestureclass,single_gestureclass,110.9655,28.9247,26.4742,25.4833,0.0017,0.679,1.5006,2.4505,1775592865939397685
gestureclass,single_gestureclass,111.1218,32.9301,30.2485,29.1514,0.0019,0.741,1.6336,2.6816,1775592866095744762
gestureclass,single_gestureclass,111.4762,33.0391,30.3112,29.161,0.0019,0.7499,1.7507,2.7279,1775592866450277394
gestureclass,single_gestureclass,111.5154,33.1516,30.5538,28.7754,0.0018,1.4358,1.6184,2.5978,1775592866489396512
gestureclass,single_gestureclass,111.5432,33.8366,27.8372,26.8025,0.0017,0.6764,5.034,5.9994,1775592866520574600
gestureclass,single_gestureclass,111.5538,49.9175,25.8931,24.8629,0.0016,0.3003,22.9316,24.0244,1775592866549060968
gestureclass,single_gestureclass,111.5685,35.2178,25.8931,24.8629,0.0016,0.3003,8.2099,9.3247,1775592866549060968
gestureclass,single_gestureclass,111.679,30.8743,28.2453,27.1494,0.0017,0.71,1.6572,2.629,1775592866652964234
gestureclass,single_gestureclass,111.7371,30.7093,28.121,27.043,0.0016,0.696,1.6098,2.5882,1775592866711026126
gestureclass,single_gestureclass,111.792,33.0358,30.4012,29.217,0.0019,0.7672,1.6463,2.6346,1775592866765985170
gestureclass,single_gestureclass,111.8007,52.7403,27.8762,26.4386,0.0016,1.0356,23.9961,24.8641,1775592866797055521
gestureclass,single_gestureclass,111.8392,40.6735,25.5772,24.6162,0.0015,0.3012,13.9558,15.0963,1775592866825547225
gestureclass,single_gestureclass,111.8509,28.9948,25.5772,24.6162,0.0015,0.3012,2.255,3.4176,1775592866825547225
gestureclass,single_gestureclass,112.0002,35.7771,33.0973,31.8868,0.002,0.8265,1.658,2.6798,1775592866974225568
gestureclass,single_gestureclass,112.007,59.1669,29.5341,28.4438,0.0018,0.7117,28.6582,29.6329,1775592867007985182
gestureclass,single_gestureclass,112.0814,29.5129,27.038,26.0176,0.0018,0.6941,1.4977,2.4749,1775592867055221478
gestureclass,single_gestureclass,112.1121,28.5563,26.0922,24.5082,0.0017,0.6441,1.5013,2.4641,1775592867085937194
gestureclass,single_gestureclass,112.305,32.8214,30.2052,29.1092,0.0019,0.7387,1.61,2.6162,1775592867278930650
gestureclass,single_gestureclass,112.4881,33.0403,30.2288,29.1077,0.0018,0.7541,1.7645,2.8115,1775592867462244444
gestureclass,single_gestureclass,112.6355,34.1847,31.4394,30.2598,0.0019,0.7821,1.7378,2.7453,1775592867609537556
gestureclass,single_gestureclass,112.7119,35.3479,32.6964,31.4837,0.002,0.8276,1.642,2.6515,1775592867685861188
gestureclass,single_gestureclass,112.7594,34.169,31.5206,30.3579,0.002,0.766,1.6854,2.6484,1775592867733474282
gestureclass,single_gestureclass,112.8008,30.8306,28.248,27.2085,0.0018,0.6937,1.6053,2.5826,1775592867774772857
gestureclass,single_gestureclass,112.8859,35.7709,32.9798,31.7056,0.002,0.8244,1.754,2.7911,1775592867859984773
gestureclass,single_gestureclass,112.9006,53.3764,31.7735,30.7164,0.0016,0.3338,20.6378,21.6029,1775592867893623891
gestureclass,single_gestureclass,112.9094,44.7741,31.7735,30.7164,0.0016,0.3338,11.8833,13.0005,1775592867893623891
gestureclass,single_gestureclass,112.9259,58.6271,29.5923,28.5676,0.0016,0.3185,27.9388,29.0348,1775592867926162392
gestureclass,single_gestureclass,112.9276,56.9386,29.5923,28.5676,0.0016,0.3185,26.2275,27.3463,1775592867926162392
gestureclass,single_gestureclass,113.0417,31.5213,28.9032,27.1381,0.0017,1.4014,1.6263,2.6181,1775592868015712396
gestureclass,single_gestureclass,113.1315,32.958,30.2712,29.1411,0.0018,0.7553,1.6413,2.6868,1775592868105464380
gestureclass,single_gestureclass,113.1996,33.5205,30.4324,29.1437,0.0018,0.7524,2.0847,3.088,1775592868174083843
gestureclass,single_gestureclass,113.1997,62.3202,28.1809,27.0991,0.0016,0.6945,33.1788,34.1393,1775592868205213230
gestureclass,single_gestureclass,113.2992,30.6845,28.1172,27.0262,0.0017,0.7155,1.6122,2.5673,1775592868273182951
gestureclass,single_gestureclass,113.4242,32.8066,30.1846,29.0776,0.0019,0.7493,1.6117,2.6221,1775592868398127539
gestureclass,single_gestureclass,113.4792,33.2468,30.553,29.4352,0.0019,0.7668,1.6642,2.6937,1775592868453200770
gestureclass,single_gestureclass,113.5857,33.4859,30.8204,29.675,0.0017,0.7665,1.6913,2.6654,1775592868559718154
gestureclass,single_gestureclass,113.6604,34.0059,31.2736,30.1293,0.002,0.786,1.7006,2.7323,1775592868634428126
gestureclass,single_gestureclass,113.6956,32.0587,29.4804,28.4045,0.0019,0.7024,1.6031,2.5783,1775592868669535867
gestureclass,single_gestureclass,113.7479,30.405,27.8633,26.1885,0.0018,1.3421,1.559,2.5417,1775592868721779294
gestureclass,single_gestureclass,113.9256,32.9874,30.2455,29.128,0.0018,0.7522,1.7052,2.7419,1775592868899642369
gestureclass,single_gestureclass,114.0989,34.6041,31.8908,30.743,0.0019,0.7905,1.7071,2.7133,1775592869072957485
gestureclass,single_gestureclass,114.1066,59.0641,31.4881,30.3714,0.0017,0.694,26.582,27.5761,1775592869105575516
gestureclass,single_gestureclass,114.285,33.514,30.8119,29.6433,0.0018,0.7733,1.6589,2.7021,1775592869259007971
gestureclass,single_gestureclass,114.3377,33.7541,31.1494,30.0359,0.002,0.7664,1.6177,2.6047,1775592869311702442
gestureclass,single_gestureclass,114.3525,50.1316,30.2455,29.0887,0.0054,0.3723,18.6415,19.8861,1775592869343485988
gestureclass,single_gestureclass,114.3593,43.3776,30.2455,29.0887,0.0054,0.3723,11.8656,13.1322,1775592869343485988
gestureclass,single_gestureclass,114.3797,49.2198,25.4352,24.2907,0.0016,0.6973,22.8634,23.7847,1775592869374907567
gestureclass,single_gestureclass,114.4461,34.4095,31.8079,30.3824,0.0024,0.95,1.6174,2.6016,1775592869420094577
gestureclass,single_gestureclass,114.4488,58.542,26.1226,25.0688,0.0017,0.6697,31.4398,32.4194,1775592869452606936
gestureclass,single_gestureclass,114.4947,38.9276,25.4485,24.4318,0.0015,0.309,12.4125,13.4791,1775592869479501520
gestureclass,single_gestureclass,114.4995,34.2355,25.4485,24.4318,0.0015,0.309,7.6988,8.787,1775592869479501520
gestureclass,single_gestureclass,114.5719,28.3387,25.8417,24.8891,0.0016,0.6534,1.5638,2.497,1775592869545823308
gestureclass,single_gestureclass,114.6445,29.0914,26.5375,25.5078,0.0018,0.6756,1.5664,2.5538,1775592869618372296
gestureclass,single_gestureclass,114.7488,33.4148,30.75,29.6543,0.0018,0.7501,1.7035,2.6649,1775592869722859878
gestureclass,single_gestureclass,114.7686,43.5481,29.19,28.0927,0.0017,0.6965,13.3624,14.3581,1775592869754309486
gestureclass,single_gestureclass,114.8494,31.4481,28.8784,27.8577,0.0019,0.6962,1.5943,2.5697,1775592869823304530
gestureclass,single_gestureclass,114.8541,54.6348,27.1694,26.1727,0.0015,0.3112,26.3622,27.4654,1775592869852807765
gestureclass,single_gestureclass,114.8648,43.9365,27.1694,26.1727,0.0015,0.3112,15.6424,16.7671,1775592869852807765
gestureclass,single_gestureclass,114.934,29.5146,27.0432,25.9685,0.0017,0.7371,1.5252,2.4713,1775592869907835099
gestureclass,single_gestureclass,115.0838,33.0591,30.3064,29.1626,0.0021,0.7321,1.7278,2.7528,1775592870057839708
gestureclass,single_gestureclass,115.2291,33.3076,30.3846,29.1132,0.0019,0.7484,1.8859,2.923,1775592870203356806
gestureclass,single_gestureclass,115.2297,62.9015,29.5271,28.4721,0.0018,0.679,32.3734,33.3744,1775592870234412187
gestureclass,single_gestureclass,115.3769,34.1012,31.4425,29.6009,0.0021,0.751,1.6277,2.6588,1775592870350839538
gestureclass,single_gestureclass,115.3836,57.8752,29.9105,28.838,0.0017,0.6888,27.0109,27.9646,1775592870382967505
gestureclass,single_gestureclass,115.4211,48.9187,27.9503,26.9354,0.0016,0.6641,20.0095,20.9684,1775592870413494104
gestureclass,single_gestureclass,115.4487,46.4413,24.5135,23.5269,0.0015,0.6443,21.0035,21.9278,1775592870442035610
gestureclass,single_gestureclass,115.5023,26.0131,23.6539,22.7305,0.0016,0.6294,1.415,2.3592,1775592870476096425
gestureclass,single_gestureclass,115.5966,30.2544,27.6836,26.6554,0.0017,0.6787,1.5666,2.5708,1775592870570491215
gestureclass,single_gestureclass,115.6163,37.6904,26.5002,25.4578,0.0016,0.6762,10.2158,11.1902,1775592870598866150
gestureclass,single_gestureclass,115.6652,28.7011,26.0213,24.7892,0.0016,0.8641,1.5464,2.6798,1775592870639087321
gestureclass,single_gestureclass,115.6719,47.673,24.9881,24.078,0.0016,0.2979,21.6081,22.6849,1775592870665850611
gestureclass,single_gestureclass,115.6916,28.0049,24.9881,24.078,0.0016,0.2979,1.9183,3.0168,1775592870665850611
gestureclass,single_gestureclass,115.994,33.1037,30.3922,29.2675,0.0019,0.758,1.6768,2.7115,1775592870968058318
gestureclass,single_gestureclass,116.0734,34.0631,31.4488,29.5579,0.0018,1.4889,1.631,2.6143,1775592871047330462
gestureclass,single_gestureclass,116.1031,33.4506,28.4213,27.3459,0.0018,0.6785,4.0622,5.0293,1775592871079511309
gestureclass,single_gestureclass,116.2528,33.0262,30.2986,29.1595,0.0019,0.7409,1.6952,2.7276,1775592871226881190
gestureclass,single_gestureclass,116.3851,33.3457,30.6873,29.5608,0.0019,0.7676,1.6608,2.6584,1775592871359131568
gestureclass,single_gestureclass,116.3909,58.3539,30.1265,29.0402,0.0017,0.6956,27.3118,28.2274,1775592871390541753
gestureclass,single_gestureclass,116.4599,41.9691,39.3689,37.7887,0.0026,1.0853,1.5678,2.6001,1775592871433777680
gestureclass,single_gestureclass,116.4726,61.3205,31.3332,30.1673,0.0017,0.7326,28.9948,29.9873,1775592871473907950
gestureclass,single_gestureclass,116.5941,33.3104,30.7004,29.5503,0.0019,0.753,1.6537,2.61,1775592871568116616
gestureclass,single_gestureclass,116.5959,61.1756,28.9741,27.9044,0.0018,0.6996,31.2202,32.2015,1775592871599457786
gestureclass,single_gestureclass,116.6556,28.111,25.5092,24.537,0.0016,0.6579,1.6232,2.6018,1775592871629598092
gestureclass,single_gestureclass,116.724,29.6707,27.1773,25.4994,0.0018,1.3314,1.5619,2.4934,1775592871697878824
gestureclass,single_gestureclass,116.7859,29.5846,27.0642,26.0588,0.0017,0.6899,1.5366,2.5205,1775592871759747698
gestureclass,single_gestureclass,116.9728,33.0358,30.3342,29.208,0.002,0.742,1.7076,2.7016,1775592871946829265
gestureclass,single_gestureclass,117.055,33.4373,30.7465,29.6252,0.0019,0.7733,1.647,2.6907,1775592872029021331
gestureclass,single_gestureclass,117.1127,33.9448,31.3053,30.162,0.0021,0.7875,1.6308,2.6395,1775592872086656144
gestureclass,single_gestureclass,117.2048,33.9706,31.2931,30.1438,0.0021,0.7758,1.6623,2.6775,1775592872178847760
gestureclass,single_gestureclass,117.3921,35.1491,32.2438,30.9,0.002,0.8048,1.884,2.9053,1775592872366367884
gestureclass,single_gestureclass,117.3927,69.8118,34.5153,32.9561,0.0025,1.0217,34.2758,35.2965,1775592872399359469
gestureclass,single_gestureclass,117.6379,33.5746,30.7838,29.6459,0.002,0.7698,1.725,2.7908,1775592872611982541
gestureclass,single_gestureclass,117.7037,34.7354,32.0373,30.8351,0.0021,0.8068,1.6778,2.6981,1775592872677728941
gestureclass,single_gestureclass,117.8307,34.7693,32.0241,30.8086,0.002,0.8139,1.7014,2.7452,1775592872804750928
gestureclass,single_gestureclass,117.9467,49.068,46.2389,43.119,0.003,1.312,1.7455,2.829,1775592872920825890
gestureclass,single_gestureclass,118.015,37.1132,34.4296,33.0978,0.002,0.8562,1.6949,2.6836,1775592872989063264
gestureclass,single_gestureclass,118.1614,37.071,34.4124,33.1229,0.0022,0.8798,1.6789,2.6586,1775592873135446011
gestureclass,single_gestureclass,118.3238,38.3198,35.6356,34.1576,0.0021,0.8927,1.6558,2.6842,1775592873297785239
gestureclass,single_gestureclass,118.3244,73.7965,35.4755,34.2373,0.0019,0.8022,37.3137,38.321,1775592873334059151
gestureclass,single_gestureclass,118.4354,41.4183,38.6513,36.7744,0.0033,1.2958,1.7004,2.7671,1775592873409459401
gestureclass,single_gestureclass,118.5311,35.3389,32.6794,31.4707,0.0021,0.8253,1.6539,2.6595,1775592873505077352
gestureclass,single_gestureclass,118.5976,35.4092,32.696,31.4888,0.0021,0.826,1.6758,2.7132,1775592873571660536
gestureclass,single_gestureclass,118.7313,47.3874,44.609,42.9764,0.0027,1.1172,1.7061,2.7783,1775592873705365439
gestureclass,single_gestureclass,118.7341,85.7086,39.9289,38.6551,0.002,0.2626,44.3716,45.7797,1775592873750802881
gestureclass,single_gestureclass,118.7429,76.9544,39.9289,38.6551,0.002,0.2626,35.594,37.0255,1775592873750802881
gestureclass,single_gestureclass,118.7546,65.264,39.9289,38.6551,0.002,0.2626,23.8476,25.3351,1775592873750802881
gestureclass,single_gestureclass,118.8741,35.6886,32.9561,30.8333,0.0021,0.7968,1.7183,2.7326,1775592873848156736
gestureclass,single_gestureclass,119.0501,45.1932,42.3944,40.7027,0.0028,1.1228,1.6963,2.7988,1775592874024131696
gestureclass,single_gestureclass,119.0558,77.4651,37.3371,36.0561,0.0019,0.8256,39.1173,40.1279,1775592874067287728
gestureclass,single_gestureclass,119.2356,35.4848,32.775,31.5269,0.0019,0.8282,1.7292,2.7098,1775592874209634997
gestureclass,single_gestureclass,119.4204,36.237,33.4894,32.2502,0.002,0.8505,1.7042,2.7476,1775592874394410859
gestureclass,single_gestureclass,119.4708,34.9402,32.2571,31.0189,0.0021,0.8025,1.6763,2.6832,1775592874444830856
gestureclass,single_gestureclass,119.559,36.1624,33.4359,32.1796,0.0021,0.8623,1.6849,2.7265,1775592874533000957
gestureclass,single_gestureclass,119.6493,36.0839,33.3814,32.1293,0.0022,0.8607,1.6797,2.7025,1775592874623368038
gestureclass,single_gestureclass,119.7416,37.5941,34.8268,33.5103,0.002,0.8723,1.7405,2.7673,1775592874715726988
gestureclass,single_gestureclass,119.7754,37.3559,32.841,31.6814,0.0019,0.7312,3.52,4.5149,1775592874751269618
gestureclass,single_gestureclass,119.7793,62.0642,27.9024,26.1923,0.0018,1.2882,33.1669,34.1618,1775592874784769533
gestureclass,single_gestureclass,120.0417,46.308,43.5158,41.7983,0.0029,1.183,1.7166,2.7923,1775592875015747390
gestureclass,single_gestureclass,120.1572,33.8669,30.8437,29.6694,0.0018,0.7715,1.7123,3.0232,1775592875131285787
gestureclass,single_gestureclass,120.189,33.1616,30.1971,29.0973,0.0018,0.7117,1.9844,2.9646,1775592875163301675
gestureclass,single_gestureclass,120.2603,31.2741,28.6648,27.5892,0.0018,0.6968,1.6124,2.6093,1775592875234308313
gestureclass,single_gestureclass,120.2641,55.5763,27.3928,26.3346,0.0017,0.6754,27.221,28.1835,1775592875263653226
gestureclass,single_gestureclass,120.4279,35.2144,32.4929,30.8154,0.0029,1.1242,1.6878,2.7215,1775592875401979988
gestureclass,single_gestureclass,120.4317,63.7944,31.6213,30.4359,0.0019,0.7527,31.1983,32.1731,1775592875435224868
gestureclass,single_gestureclass,120.5147,29.9895,27.5088,26.4699,0.0019,0.6853,1.5678,2.4807,1775592875488602149
gestureclass,single_gestureclass,120.5434,28.6953,26.1693,25.1421,0.0017,0.6779,1.6,2.526,1775592875517366411
gestureclass,single_gestureclass,120.5559,41.8057,25.0153,24.0512,0.0017,0.6388,15.8579,16.7905,1775592875544097296
gestureclass,single_gestureclass,120.5843,38.3165,24.3386,23.3781,0.0015,0.6234,13.0498,13.9779,1775592875569709144
gestureclass,single_gestureclass,120.7429,32.8197,30.1997,29.0655,0.002,0.7359,1.6465,2.62,1775592875716928424
gestureclass,single_gestureclass,120.9241,32.8674,30.2342,29.1081,0.0018,0.7499,1.627,2.6332,1775592875898046846
gestureclass,single_gestureclass,120.9992,32.9499,30.2497,29.1128,0.0018,0.751,1.6594,2.7002,1775592875973163537
gestureclass,single_gestureclass,121.1644,33.3903,30.7109,29.6216,0.002,0.7351,1.6325,2.6794,1775592876138382337
gestureclass,single_gestureclass,121.1792,49.6781,30.3272,29.2428,0.0017,0.6906,18.3775,19.3509,1775592876169887646
gestureclass,single_gestureclass,121.3401,32.9704,30.2546,29.1156,0.0017,0.7504,1.6825,2.7158,1775592876314166026
gestureclass,single_gestureclass,121.4854,34.6513,31.8879,30.697,0.002,0.7877,1.766,2.7634,1775592876459498260
gestureclass,single_gestureclass,121.5011,52.8109,33.2843,32.1213,0.002,0.7628,18.5211,19.5266,1775592876492013061
gestureclass,single_gestureclass,121.5232,58.8753,27.4343,26.408,0.0016,0.3289,30.3295,31.4411,1775592876525917806
gestureclass,single_gestureclass,121.5349,47.2109,27.4343,26.408,0.0016,0.3289,18.6427,19.7767,1775592876525917806
gestureclass,single_gestureclass,121.6974,34.2884,31.5998,29.7218,0.0018,0.7454,1.6899,2.6886,1775592876671456671
gestureclass,single_gestureclass,121.7252,36.3467,29.1545,28.0793,0.0018,0.6791,6.2282,7.1921,1775592876703758701
gestureclass,single_gestureclass,122.0039,50.796,48.075,46.1738,0.0031,1.2931,1.7207,2.7211,1775592876978008802
gestureclass,single_gestureclass,122.106,34.7376,32.0072,30.833,0.0021,0.7927,1.7028,2.7304,1775592877080019930
gestureclass,single_gestureclass,122.1659,35.4567,32.7367,31.4866,0.0021,0.8281,1.7252,2.7199,1775592877140012517
gestureclass,single_gestureclass,122.2406,35.7394,32.9873,31.6846,0.002,0.824,1.7195,2.7521,1775592877214677964
gestureclass,single_gestureclass,122.2412,65.279,29.4997,28.4044,0.0017,0.6787,34.8208,35.7793,1775592877248396161
gestureclass,single_gestureclass,122.3597,32.7253,30.1266,29.0327,0.0018,0.7525,1.6236,2.5987,1775592877333704207
gestureclass,single_gestureclass,122.4007,31.2941,28.6332,27.5996,0.0018,0.7061,1.6675,2.6609,1775592877374683329
gestureclass,single_gestureclass,122.5012,40.2398,37.5302,36.0878,0.0024,0.9825,1.6704,2.7096,1775592877475213583
gestureclass,single_gestureclass,122.5687,34.8871,32.186,30.2036,0.0021,1.574,1.688,2.7011,1775592877542702348
gestureclass,single_gestureclass,122.7799,34.1506,31.4462,30.2754,0.0019,0.7912,1.6716,2.7044,1775592877753935447
gestureclass,single_gestureclass,122.8823,35.4044,32.7436,31.5434,0.014,0.8136,1.6346,2.6609,1775592877856281494
gestureclass,single_gestureclass,123.053,36.1176,33.3977,32.0726,0.0022,0.8649,1.7192,2.7198,1775592878027081906
gestureclass,single_gestureclass,123.1424,37.2021,34.4744,33.171,0.0022,0.8958,1.7378,2.7277,1775592878116458912
gestureclass,single_gestureclass,123.1908,34.6315,32.033,30.8766,0.002,0.7875,1.5919,2.5985,1775592878164725215
gestureclass,single_gestureclass,123.2376,32.4037,29.6357,28.4006,0.0018,0.73,1.7934,2.768,1775592878211758212
gestureclass,single_gestureclass,123.2382,60.4365,27.9065,26.9088,0.0016,0.3071,31.4522,32.53,1775592878242006171
gestureclass,single_gestureclass,123.2429,55.7573,27.9065,26.9088,0.0016,0.3071,26.7508,27.8507,1775592878242006171
gestureclass,single_gestureclass,123.3089,27.0045,24.5502,23.6111,0.0017,0.6426,1.4918,2.4543,1775592878282719093
gestureclass,single_gestureclass,123.4601,47.0548,44.2091,42.4828,0.0029,1.1674,1.7419,2.8457,1775592878434226868
gestureclass,single_gestureclass,123.4829,61.228,36.2261,34.2274,0.0019,1.5455,23.9854,25.0019,1775592878479230554
gestureclass,single_gestureclass,123.6564,35.0745,32.228,30.8146,0.002,1.0487,1.6599,2.8464,1775592878630412055
gestureclass,single_gestureclass,123.6892,34.9932,32.0476,30.9425,0.0018,0.7228,1.9977,2.9456,1775592878663505364
gestureclass,single_gestureclass,123.6977,53.6423,26.5417,25.4908,0.0016,0.6656,26.1004,27.1006,1775592878696130616
gestureclass,single_gestureclass,123.7526,28.3749,25.8886,24.8861,0.0015,0.6541,1.519,2.4863,1775592878726441688
gestureclass,single_gestureclass,123.7583,48.3351,24.9785,24.0107,0.0016,0.3024,22.2933,23.3566,1775592878752923709
gestureclass,single_gestureclass,123.771,35.677,24.9785,24.0107,0.0016,0.3024,9.5949,10.6985,1775592878752923709
gestureclass,single_gestureclass,123.9149,33.4611,30.6837,29.5951,0.0018,0.7463,1.7185,2.7773,1775592878889014109
gestureclass,single_gestureclass,123.9227,57.0188,30.6064,29.5179,0.0018,0.6819,25.4521,26.4124,1775592878920490559
gestureclass,single_gestureclass,123.9909,29.8762,27.3761,26.3888,0.0018,0.6615,1.4894,2.5001,1775592878964775571
gestureclass,single_gestureclass,123.9996,47.951,26.1261,25.1128,0.0017,0.3106,20.8261,21.8249,1775592878992816337
gestureclass,single_gestureclass,124.0084,39.2327,26.1261,25.1128,0.0017,0.3106,12.0864,13.1066,1775592878992816337
gestureclass,single_gestureclass,124.0618,27.143,24.7417,23.7767,0.0016,0.6468,1.4939,2.4013,1775592879035661624
gestureclass,single_gestureclass,124.0795,34.7157,24.6877,23.7084,0.0016,0.6315,9.1133,10.028,1775592879060992720
gestureclass,single_gestureclass,124.0972,41.2185,23.5498,22.5862,0.0016,0.628,16.7432,17.6687,1775592879086251890
gestureclass,single_gestureclass,124.2737,32.8977,30.2305,29.1356,0.0019,0.7547,1.6561,2.6672,1775592879247680225
gestureclass,single_gestureclass,124.3208,31.7118,29.0758,28.0038,0.0018,0.7248,1.6375,2.636,1775592879294771950
gestureclass,single_gestureclass,124.4478,37.3483,34.6862,33.3783,0.0021,0.8885,1.6296,2.662,1775592879421740621
gestureclass,single_gestureclass,124.6745,33.1204,30.3789,29.2689,0.0019,0.7513,1.6959,2.7414,1775592879648508267
gestureclass,single_gestureclass,124.7178,31.909,29.3218,28.2191,0.002,0.729,1.6372,2.5872,1775592879691783123
gestureclass,single_gestureclass,124.85,34.2193,31.5285,30.3832,0.0021,0.7863,1.6475,2.6907,1775592879823973242
gestureclass,single_gestureclass,124.8864,32.3191,29.7378,28.6495,0.0019,0.721,1.5981,2.5813,1775592879860355807
gestureclass,single_gestureclass,124.992,51.8436,48.9969,47.0689,0.0031,1.2937,1.744,2.8468,1775592879966062846
gestureclass,single_gestureclass,124.9947,91.8999,41.8879,39.7624,0.002,0.4002,48.8281,50.0119,1775592880015892018
gestureclass,single_gestureclass,125.0385,48.1524,41.8879,39.7624,0.002,0.4002,5.0585,6.2645,1775592880015892018
gestureclass,single_gestureclass,125.2199,35.6553,33.0321,31.4527,0.003,1.1942,1.6291,2.6232,1775592880193923644
gestureclass,single_gestureclass,125.2527,33.112,29.4859,28.4105,0.0019,0.7273,2.6667,3.6262,1775592880227698035
gestureclass,single_gestureclass,125.3721,34.0931,31.3644,30.2019,0.0019,0.7883,1.699,2.7288,1775592880346098894
gestureclass,single_gestureclass,125.4133,32.2902,29.7072,28.6146,0.0019,0.7363,1.5886,2.583,1775592880387250550
gestureclass,single_gestureclass,125.5819,45.347,42.6052,41.1464,0.0024,0.987,1.7123,2.7417,1775592880555986170
gestureclass,single_gestureclass,125.6157,52.4375,40.1222,38.7311,0.0023,0.9061,11.3306,12.3153,1775592880599347906
gestureclass,single_gestureclass,125.6485,51.0883,30.8189,29.6981,0.0017,0.6933,19.3381,20.2695,1775592880640169594
gestureclass,single_gestureclass,125.7038,28.6911,26.3074,25.3284,0.0016,0.6701,1.4291,2.3836,1775592880677551512
gestureclass,single_gestureclass,125.7477,27.6425,25.1903,24.2288,0.0015,0.6576,1.5304,2.4522,1775592880721558708
gestureclass,single_gestureclass,125.8616,33.9837,31.3102,29.4869,0.0018,0.7581,1.6518,2.6735,1775592880835574625
gestureclass,single_gestureclass,125.8683,57.2407,29.4417,28.383,0.0017,0.6777,26.834,27.7991,1775592880867522369
gestureclass,single_gestureclass,125.9558,41.7836,39.131,37.6475,0.0026,1.041,1.5984,2.6526,1775592880929740542
gestureclass,single_gestureclass,125.9845,45.0013,31.2219,30.123,0.0019,0.6945,12.8062,13.7793,1775592880969689564
gestureclass,single_gestureclass,126.0458,29.6955,27.1806,26.1708,0.0019,0.6907,1.55,2.515,1775592881019651548
gestureclass,single_gestureclass,126.2638,33.3517,30.6689,29.5464,0.002,0.758,1.6754,2.6827,1775592881237824783
gestureclass,single_gestureclass,126.2666,62.4912,31.2018,30.07,0.0018,0.7227,30.3133,31.2894,1775592881269224026
gestureclass,single_gestureclass,126.3753,31.6732,29.1003,28.0364,0.0018,0.7303,1.5979,2.5729,1775592881349216817
gestureclass,single_gestureclass,126.5072,34.8363,32.1273,30.8561,0.0021,0.8816,1.7092,2.709,1775592881481268794
gestureclass,single_gestureclass,126.5329,40.4861,30.7078,29.5961,0.0018,0.6974,8.8277,9.7783,1775592881514122739
gestureclass,single_gestureclass,126.6076,31.672,29.0189,27.2347,0.0018,1.4061,1.6696,2.6531,1775592881581666983
gestureclass,single_gestureclass,126.7056,33.7956,31.1502,30.0382,0.0018,0.7685,1.6398,2.6454,1775592881679540505
gestureclass,single_gestureclass,126.7163,54.1201,30.4511,29.3531,0.0019,0.7097,22.7299,23.6689,1775592881711392047
gestureclass,single_gestureclass,126.7596,38.9395,27.2488,26.2476,0.0016,0.321,10.5696,11.6907,1775592881742469062
gestureclass,single_gestureclass,126.7633,35.2278,27.2488,26.2476,0.0016,0.321,6.835,7.979,1775592881742469062
gestureclass,single_gestureclass,126.7896,33.9057,24.4872,23.4858,0.0016,0.6332,8.4803,9.4186,1775592881770464475
gestureclass,single_gestureclass,126.8268,27.1492,24.7282,23.754,0.0016,0.6408,1.5099,2.421,1775592881800614676
gestureclass,single_gestureclass,126.8465,32.6519,24.4758,23.5286,0.0014,0.3022,7.091,8.1761,1775592881825903778
gestureclass,single_gestureclass,126.8492,29.9799,24.4758,23.5286,0.0014,0.3022,4.3969,5.5041,1775592881825903778
gestureclass,single_gestureclass,126.9484,32.1956,29.7013,28.5824,0.002,0.7712,1.4937,2.4943,1775592881922212053
gestureclass,single_gestureclass,126.9818,28.2092,25.7934,24.8223,0.0017,0.6642,1.4548,2.4158,1775592881955566929
gestureclass,single_gestureclass,127.0272,27.4749,25.2006,24.2425,0.0017,0.6538,1.4977,2.2743,1775592882001042816
gestureclass,single_gestureclass,127.0869,28.2443,25.7534,24.7543,0.0018,0.6801,1.5373,2.4909,1775592882060769757
gestureclass,single_gestureclass,127.1764,32.3279,29.7079,28.6385,0.0019,0.7184,1.6229,2.62,1775592882150322838
gestureclass,single_gestureclass,127.2339,33.8964,31.3226,30.147,0.0022,0.7735,1.5845,2.5739,1775592882207840838
gestureclass,single_gestureclass,127.331,35.363,32.659,31.448,0.0021,0.8318,1.6339,2.704,1775592882305015368
gestureclass,single_gestureclass,127.4196,35.913,33.1619,31.9186,0.0021,0.8269,1.7085,2.7511,1775592882393684046
gestureclass,single_gestureclass,127.4434,44.6241,31.8103,30.6831,0.0018,0.7328,11.8387,12.8138,1775592882427581520
gestureclass,single_gestureclass,127.4697,44.8253,26.0273,24.9963,0.0017,0.6634,17.9076,18.798,1775592882460000805
gestureclass,single_gestureclass,127.5132,26.4535,23.9905,23.0849,0.0016,0.6151,1.5121,2.463,1775592882487079728
gestureclass,single_gestureclass,127.6179,29.8152,27.2915,26.2915,0.0017,0.6809,1.5762,2.5237,1775592882591864739
gestureclass,single_gestureclass,127.652,29.1202,26.6427,25.6576,0.0017,0.6759,1.4999,2.4775,1775592882625813683
gestureclass,single_gestureclass,127.6747,33.0486,25.8494,24.8185,0.0016,0.3022,6.14,7.1993,1775592882653152925
gestureclass,single_gestureclass,127.6747,33.0379,25.8494,24.8185,0.0016,0.3022,6.1073,7.1885,1775592882653152925
gestureclass,single_gestureclass,127.7239,27.23,24.7996,23.2544,0.0015,0.6394,1.4949,2.4304,1775592882697779940
gestureclass,single_gestureclass,127.7554,26.8292,24.4114,23.4828,0.0016,0.6348,1.4901,2.4178,1775592882729211037
gestureclass,single_gestureclass,127.7601,47.3449,24.4953,23.5484,0.0016,0.3032,21.796,22.8496,1775592882754210003
gestureclass,single_gestureclass,127.7707,36.6912,24.4953,23.5484,0.0016,0.3032,11.1203,12.1959,1775592882754210003
gestureclass,single_gestureclass,127.8887,31.0633,28.2096,27.0046,0.0018,0.6937,1.8501,2.8537,1775592882862874767
gestureclass,single_gestureclass,127.8893,59.2422,28.2308,26.7993,0.0018,1.0439,30.0543,31.0114,1775592882891691707
gestureclass,single_gestureclass,127.9309,44.9512,26.655,25.6944,0.0014,0.3004,17.2148,18.2962,1775592882920505777
gestureclass,single_gestureclass,127.9456,30.2711,26.655,25.6944,0.0014,0.3004,2.5122,3.616,1775592882920505777
gestureclass,single_gestureclass,128.0642,32.5933,29.9548,28.8717,0.0018,0.7151,1.616,2.6385,1775592883038130389
gestureclass,single_gestureclass,128.0839,41.945,28.3118,27.2877,0.0016,0.3188,12.5384,13.6331,1775592883068799522
gestureclass,single_gestureclass,128.0839,41.9354,28.3118,27.2877,0.0016,0.3188,12.5041,13.6236,1775592883068799522
gestureclass,single_gestureclass,128.1531,29.0575,26.5857,25.588,0.0016,0.6808,1.4994,2.4718,1775592883126933083
gestureclass,single_gestureclass,128.2264,31.1158,28.582,27.538,0.0019,0.7126,1.5759,2.5338,1775592883200293562
gestureclass,single_gestureclass,128.2541,31.8668,27.7262,25.6231,0.0019,1.7283,3.0503,4.1406,1775592883229500875
gestureclass,single_gestureclass,128.2827,28.9571,25.0935,24.1234,0.0017,0.6303,2.9199,3.8637,1775592883257959413
gestureclass,single_gestureclass,128.2892,47.1687,24.1102,23.1352,0.0015,0.6389,22.1174,23.0585,1775592883283635416
gestureclass,single_gestureclass,128.3309,29.5618,23.5224,22.557,0.0017,0.6219,5.1022,6.0393,1775592883308307734
gestureclass,single_gestureclass,128.4357,31.239,28.7174,27.6056,0.0018,0.765,1.5771,2.5216,1775592883409585234
gestureclass,single_gestureclass,128.5982,33.0553,30.3183,29.2096,0.0019,0.758,1.6992,2.737,1775592883572242963
gestureclass,single_gestureclass,128.6465,32.2719,29.59,28.5145,0.0018,0.7137,1.6654,2.6819,1775592883620479499
gestureclass,single_gestureclass,128.6702,36.6213,27.444,26.3954,0.0017,0.6752,8.2109,9.1774,1775592883650772104
gestureclass,single_gestureclass,128.9152,32.9647,30.2895,29.1914,0.0019,0.7565,1.6651,2.6752,1775592883889236268
gestureclass,single_gestureclass,129.1045,33.4532,30.6805,29.5886,0.0021,0.7505,1.7524,2.7728,1775592884078608013
gestureclass,single_gestureclass,129.1203,50.2608,32.0164,30.2453,0.0018,1.3816,17.2999,18.2444,1775592884109909501
gestureclass,single_gestureclass,129.1412,56.2329,26.1709,25.1438,0.0016,0.6659,29.0933,30.062,1775592884142606859
gestureclass,single_gestureclass,129.1847,37.7033,24.4161,23.4353,0.0117,0.6283,12.3472,13.2871,1775592884169419597
gestureclass,single_gestureclass,129.2576,27.6561,25.1929,24.2355,0.0016,0.6545,1.509,2.4632,1775592884231500789
gestureclass,single_gestureclass,129.3495,31.3308,28.6839,27.6263,0.0016,0.7097,1.6687,2.6469,1775592884323542124
gestureclass,single_gestureclass,129.3773,31.7402,27.5583,26.5109,0.0016,0.6726,3.2163,4.1819,1775592884352829147
gestureclass,single_gestureclass,129.4642,41.1251,38.5353,37.0082,0.0025,1.0168,1.5829,2.5897,1775592884438157284
gestureclass,single_gestureclass,129.5216,34.2808,31.6202,30.5052,0.0018,0.7313,1.6823,2.6605,1775592884495585793
gestureclass,single_gestureclass,129.5333,52.6748,29.4129,28.2976,0.0015,0.3336,22.1677,23.2619,1775592884527836473
gestureclass,single_gestureclass,129.5481,37.9398,29.4129,28.2976,0.0015,0.3336,7.4098,8.5269,1775592884527836473
gestureclass,single_gestureclass,129.7403,32.8143,30.1783,29.081,0.0021,0.7551,1.605,2.6359,1775592884714291192
gestureclass,single_gestureclass,129.8284,32.9025,30.236,29.1327,0.0019,0.7611,1.647,2.6665,1775592884802375741
gestureclass,single_gestureclass,129.8785,33.3669,30.3769,28.4988,0.0021,0.7481,1.662,2.99,1775592884852508257
gestureclass,single_gestureclass,129.9113,31.1294,28.4081,27.397,0.0017,0.6943,1.7445,2.7213,1775592884885432250
gestureclass,single_gestureclass,129.9163,54.9552,27.9154,26.9192,0.0015,0.3185,25.9228,27.0399,1775592884914525750
gestureclass,single_gestureclass,129.938,33.2677,27.9154,26.9192,0.0015,0.3185,4.2126,5.3524,1775592884914525750
gestureclass,single_gestureclass,129.9984,28.2919,25.8323,24.8706,0.0016,0.6532,1.5433,2.4596,1775592884972332891
gestureclass,single_gestureclass,130.3392,33.428,30.755,29.6463,0.002,0.7384,1.653,2.6729,1775592885313212241
gestureclass,single_gestureclass,130.359,45.0339,30.6911,29.5867,0.0018,0.7122,13.3724,14.3428,1775592885344697391
gestureclass,single_gestureclass,130.4232,29.3519,26.8734,25.8775,0.0016,0.6599,1.5504,2.4785,1775592885397122491
gestureclass,single_gestureclass,130.4339,45.974,26.6939,25.6873,0.0016,0.6566,18.3222,19.2801,1775592885424596958
gestureclass,single_gestureclass,130.4851,26.459,24.1577,23.211,0.0017,0.6363,1.3554,2.3013,1775592885458802557
gestureclass,single_gestureclass,130.5628,28.3422,25.9002,24.926,0.0017,0.6663,1.5092,2.4421,1775592885536623808
gestureclass,single_gestureclass,130.6193,28.8785,26.483,24.8224,0.0018,1.3273,1.5197,2.3954,1775592885593186746
gestureclass,single_gestureclass,130.647,27.0255,24.4681,23.4774,0.0017,0.6418,1.5786,2.5574,1775592885620960633
gestureclass,single_gestureclass,130.7073,27.5431,25.1033,24.1304,0.0018,0.6549,1.5409,2.4398,1775592885681160075
gestureclass,single_gestureclass,130.772,28.2514,25.7941,24.8231,0.0017,0.6642,1.5168,2.4573,1775592885745886172
gestureclass,single_gestureclass,131.0267,32.8932,30.2014,29.1165,0.002,0.745,1.6892,2.6917,1775592886000704482
gestureclass,single_gestureclass,131.1498,34.039,31.3937,30.2045,0.0021,0.7847,1.642,2.6453,1775592886123828221
gestureclass,single_gestureclass,131.185,32.8946,30.3135,29.2467,0.0018,0.7271,1.6022,2.5811,1775592886158996050
gestureclass,single_gestureclass,131.2381,30.2756,27.7741,26.7401,0.0019,0.707,1.5347,2.5015,1775592886212032418
gestureclass,single_gestureclass,131.3947,33.5004,30.7931,29.6405,0.0019,0.7693,1.7028,2.7073,1775592886368768631
gestureclass,single_gestureclass,131.4554,51.2073,48.1085,46.2173,0.0031,1.3097,1.6768,3.0988,1775592886429459724
gestureclass,single_gestureclass,131.5061,37.6365,34.7066,32.6466,0.0021,1.6159,1.9021,2.9299,1775592886480366732
gestureclass,single_gestureclass,131.5231,51.3151,29.8831,28.7799,0.0017,0.3377,20.371,21.4319,1775592886515777756
gestureclass,single_gestureclass,131.5338,40.6079,29.8831,28.7799,0.0017,0.3377,9.6266,10.7248,1775592886515777756
gestureclass,single_gestureclass,131.573,28.2404,25.5286,24.5485,0.0017,0.6706,1.7374,2.7118,1775592886547051234
gestureclass,single_gestureclass,131.6294,28.2662,25.7806,24.818,0.0017,0.6567,1.5624,2.4856,1775592886603330143
gestureclass,single_gestureclass,131.6959,29.0701,26.5197,25.4809,0.0016,0.6813,1.6065,2.5504,1775592886669864633
gestureclass,single_gestureclass,131.7312,28.8692,26.3386,25.3406,0.0017,0.6838,1.5748,2.5305,1775592886705099568
gestureclass,single_gestureclass,131.7459,40.2658,25.415,24.4602,0.0014,0.3046,13.7861,14.8507,1775592886732024807
gestureclass,single_gestureclass,131.7566,29.5742,25.415,24.4602,0.0014,0.3046,3.072,4.1591,1775592886732024807
gestureclass,single_gestureclass,131.8194,28.9726,26.3239,25.1012,0.0085,0.734,1.5609,2.6487,1775592886793292652
gestureclass,single_gestureclass,131.8716,27.9691,25.3282,24.3347,0.0018,0.6537,1.6954,2.641,1775592886845607553
gestureclass,single_gestureclass,132.169,32.9313,30.2337,29.084,0.0021,0.7751,1.6596,2.6976,1775592887142975540
gestureclass,single_gestureclass,132.3282,34.7161,32.0913,30.1113,0.002,1.6013,1.6191,2.6249,1775592887302158416
gestureclass,single_gestureclass,132.3339,58.4733,28.8384,27.7252,0.0017,0.7171,28.652,29.635,1775592887334933504
gestureclass,single_gestureclass,132.3946,28.091,25.7129,24.7587,0.0017,0.6499,1.426,2.3781,1775592887368382802
gestureclass,single_gestureclass,132.4239,27.5459,25.1134,24.1569,0.0017,0.641,1.5092,2.4325,1775592887397776746
gestureclass,single_gestureclass,132.4416,36.0661,25.5728,24.5847,0.0016,0.6251,9.5551,10.4932,1775592887423516040
gestureclass,single_gestureclass,132.4637,38.2531,23.5307,22.5295,0.0016,0.6294,13.7627,14.7224,1775592887449773254
gestureclass,single_gestureclass,132.5251,27.1833,24.7464,23.7586,0.0016,0.641,1.4894,2.4369,1775592887498953508
gestureclass,single_gestureclass,132.5468,29.9218,23.8506,22.8949,0.0016,0.6168,5.116,6.0712,1775592887524266192
gestureclass,single_gestureclass,132.5989,26.7537,24.3083,23.3226,0.0015,0.6239,1.5564,2.4453,1775592887572839669
gestureclass,single_gestureclass,132.7079,30.7558,28.1455,27.1033,0.0019,0.7004,1.5957,2.6103,1775592887681878216
gestureclass,single_gestureclass,132.7729,34.3697,31.7179,30.4483,0.0021,0.8488,1.6761,2.6519,1775592887746956081
gestureclass,single_gestureclass,132.7847,52.7387,29.2992,27.6158,0.0017,0.6836,22.4819,23.4394,1775592887779491658
gestureclass,single_gestureclass,132.8606,28.9474,26.406,25.4137,0.0017,0.666,1.5755,2.5414,1775592887834537594
gestureclass,single_gestureclass,133.0008,38.0275,35.2832,33.9686,0.0024,0.878,1.6942,2.7443,1775592887974882849
gestureclass,single_gestureclass,133.0871,34.0574,31.3815,30.2026,0.0021,0.7861,1.6429,2.6759,1775592888061074819
gestureclass,single_gestureclass,133.1504,35.1391,32.4912,31.3017,0.0019,0.8017,1.678,2.6478,1775592888124382063
gestureclass,single_gestureclass,133.1551,60.6189,29.4984,28.4201,0.0017,0.6759,30.1445,31.1205,1775592888157604306
gestureclass,single_gestureclass,133.1917,50.3721,25.704,24.6809,0.0016,0.6643,23.6804,24.6681,1775592888187729010
gestureclass,single_gestureclass,133.2543,27.874,25.4838,24.5302,0.0016,0.6551,1.442,2.3902,1775592888228073025
gestureclass,single_gestureclass,133.274,34.3502,25.2374,24.2715,0.0014,0.3048,7.8368,9.1127,1775592888254152730
gestureclass,single_gestureclass,133.2777,30.6799,25.2374,24.2715,0.0014,0.3048,4.1449,5.4425,1775592888254152730
gestureclass,single_gestureclass,133.3405,36.634,25.3746,24.3409,0.0018,0.6739,9.9845,11.2593,1775592888322875055
gestureclass,single_gestureclass,133.3763,27.6065,25.1415,23.5508,0.0016,0.6343,1.5297,2.465,1775592888350171995
gestureclass,single_gestureclass,133.3984,29.6371,23.5563,22.5947,0.0015,0.6286,5.1572,6.0808,1775592888375879154
gestureclass,single_gestureclass,133.4422,27.5104,25.0689,24.0872,0.0017,0.6547,1.4875,2.4415,1775592888416055138
gestureclass,single_gestureclass,133.51,28.3158,25.8125,24.8303,0.0016,0.6688,1.538,2.5033,1775592888483842395
gestureclass,single_gestureclass,133.5945,30.786,28.193,27.1506,0.0018,0.7139,1.6022,2.5931,1775592888568440762
gestureclass,single_gestureclass,133.7235,32.8574,30.1698,29.0792,0.0019,0.7472,1.6832,2.6877,1775592888697569617
gestureclass,single_gestureclass,133.8036,34.1768,31.2664,30.1367,0.002,0.7768,1.6909,2.9104,1775592888777650175
gestureclass,single_gestureclass,133.8264,40.6783,28.8208,27.7541,0.0016,0.6973,10.8869,11.8575,1775592888809591803
gestureclass,single_gestureclass,133.8376,55.6278,25.6124,24.5949,0.0017,0.6654,29.0413,30.0154,1775592888838999851
gestureclass,single_gestureclass,133.9274,28.9667,26.4579,25.453,0.0016,0.6879,1.5306,2.5088,1775592888901327256
gestureclass,single_gestureclass,134.0196,33.3996,30.8735,28.9564,0.0021,1.5341,1.657,2.5261,1775592888993648495
gestureclass,single_gestureclass,134.2154,32.8989,30.2091,29.1142,0.0018,0.7527,1.652,2.6898,1775592889189361465
gestureclass,single_gestureclass,134.2655,32.7172,30.0992,28.9774,0.0018,0.7505,1.6577,2.618,1775592889239474876
gestureclass,single_gestureclass,134.2812,46.9475,29.3751,28.3,0.0016,0.6773,16.6109,17.5723,1775592889270181499
gestureclass,single_gestureclass,134.3004,54.8933,26.1669,25.1641,0.0015,0.2118,27.4503,28.7264,1775592889300187768
gestureclass,single_gestureclass,134.3005,54.8868,26.1669,25.1641,0.0015,0.2118,27.3845,28.72,1775592889300187768
gestureclass,single_gestureclass,134.3136,41.9104,26.1669,25.1641,0.0015,0.2118,14.2646,15.7436,1775592889300187768
gestureclass,single_gestureclass,134.3777,28.1336,25.666,24.715,0.0016,0.6476,1.5354,2.4676,1775592889351569500
gestureclass,single_gestureclass,134.4024,28.2834,24.2845,23.3245,0.0015,0.6187,3.0451,3.9989,1775592889377805585
gestureclass,single_gestureclass,134.4539,34.0874,31.6322,30.3845,0.002,0.8663,1.4863,2.4552,1775592889427757581
gestureclass,single_gestureclass,134.4786,36.9396,26.9007,25.8553,0.0016,0.6407,9.0978,10.039,1775592889460057260
gestureclass,single_gestureclass,134.5072,34.2624,25.1827,24.2203,0.0015,0.306,7.9935,9.0797,1775592889487556988
gestureclass,single_gestureclass,134.5119,29.5789,25.1827,24.2203,0.0015,0.306,3.2887,4.3962,1775592889487556988
gestureclass,single_gestureclass,134.6808,38.5349,35.9766,33.7159,0.0023,1.8236,1.5833,2.5583,1775592889654732593
gestureclass,single_gestureclass,134.6886,64.8994,33.2705,32.1471,0.0019,0.3562,30.5018,31.629,1775592889691437232
gestureclass,single_gestureclass,134.6933,60.1668,33.2705,32.1471,0.0019,0.3562,25.7466,26.8964,1775592889691437232
gestureclass,single_gestureclass,134.7567,31.9204,26.3424,25.3084,0.0017,0.6931,4.353,5.578,1775592889733407711
gestureclass,single_gestureclass,134.8299,30.2138,27.5229,26.5156,0.0017,0.6912,1.6932,2.6909,1775592889803956075
gestureclass,single_gestureclass,134.8498,37.7481,26.7919,25.7513,0.0017,0.6496,9.995,10.9562,1775592889832103952
gestureclass,single_gestureclass,134.9307,30.7651,28.2189,26.2093,0.0017,1.6891,1.5643,2.5461,1775592889904629860
gestureclass,single_gestureclass,134.9967,30.7364,28.1823,27.1354,0.0017,0.7089,1.6179,2.5541,1775592889970648989
gestureclass,single_gestureclass,135.0646,31.7533,29.1301,28.0577,0.0019,0.7411,1.6232,2.6232,1775592890038607954
gestureclass,single_gestureclass,135.1896,33.5281,30.796,29.6708,0.0018,0.7727,1.6847,2.7321,1775592890163681952
gestureclass,single_gestureclass,135.3014,34.8434,32.1348,30.9418,0.002,0.811,1.652,2.7087,1775592890275420441
gestureclass,single_gestureclass,135.4195,35.8603,32.6726,31.4002,0.0024,0.8613,2.1758,3.1877,1775592890394035663
gestureclass,single_gestureclass,135.4195,71.1148,34.5933,32.7338,0.0021,0.7386,35.4953,36.5215,1775592890427390253
gestureclass,single_gestureclass,135.4979,29.5079,26.987,25.9521,0.0018,0.7122,1.5473,2.5209,1775592890471788966
gestureclass,single_gestureclass,135.7158,33.5755,30.8552,29.7208,0.0019,0.7562,1.7102,2.7204,1775592890689827913
gestureclass,single_gestureclass,135.7285,53.4656,32.0191,30.8589,0.0017,0.7319,20.4732,21.4465,1775592890721360756
gestureclass,single_gestureclass,135.7636,45.4383,26.3758,25.3413,0.0017,0.6655,18.0812,19.0625,1775592890753981785
gestureclass,single_gestureclass,135.8192,28.4543,25.9696,24.9417,0.0018,0.6418,1.5354,2.4847,1775592890793077370
gestureclass,single_gestureclass,135.8269,46.4361,24.9773,24.0198,0.0016,0.3046,20.3938,21.4588,1775592890819638619
gestureclass,single_gestureclass,135.8275,45.8839,24.9773,24.0198,0.0016,0.3046,19.8197,20.9066,1775592890819638619
gestureclass,single_gestureclass,135.9006,27.0667,24.6118,23.6684,0.0015,0.6312,1.5011,2.4549,1775592890874412410
gestureclass,single_gestureclass,136.146,33.433,30.7614,29.6635,0.0019,0.7578,1.6665,2.6716,1775592891120031354
gestureclass,single_gestureclass,136.1708,38.8937,29.5303,28.4305,0.0017,0.6899,8.4112,9.3634,1775592891151516118
gestureclass,single_gestureclass,136.2199,29.0842,26.6207,24.953,0.0018,1.3453,1.5008,2.4635,1775592891193727796
gestureclass,single_gestureclass,136.3152,32.0833,29.5334,28.4656,0.0018,0.7211,1.605,2.5499,1775592891289146388
gestureclass,single_gestureclass,136.3169,60.3039,29.333,28.2753,0.0016,0.6884,30.0443,30.9709,1775592891319323017
gestureclass,single_gestureclass,136.3575,45.9995,25.6464,24.4396,0.0016,0.8485,19.3815,20.3531,1775592891349209676
gestureclass,single_gestureclass,136.4004,27.9901,24.2364,23.2386,0.0016,0.6487,2.7623,3.7537,1775592891375543699
gestureclass,single_gestureclass,136.6929,42.3694,39.6019,38.0605,0.0026,1.041,1.729,2.7675,1775592891666971351
gestureclass,single_gestureclass,136.7206,49.5505,34.316,33.096,0.0019,0.7881,14.2727,15.2345,1775592891707265556
gestureclass,single_gestureclass,136.8084,34.3714,31.7359,30.5219,0.002,0.793,1.6456,2.6355,1775592891782426933
gestureclass,single_gestureclass,136.854,33.2444,30.7725,29.1954,0.0019,1.21,1.529,2.4718,1775592891827891024
gestureclass,single_gestureclass,136.8847,30.5994,27.4956,26.4576,0.0015,0.6662,2.1765,3.1038,1775592891859248059
gestureclass,single_gestureclass,136.9015,40.2339,25.8092,24.073,0.0016,1.3791,13.53,14.4247,1775592891887337545
gestureclass,single_gestureclass,136.9275,41.1701,26.3931,25.3881,0.0015,0.6213,13.8669,14.777,1775592891913736971
gestureclass,single_gestureclass,136.9402,52.68,23.6127,22.6427,0.0015,0.6325,28.1203,29.0673,1775592891940695952
gestureclass,single_gestureclass,137.0461,28.3773,25.8826,24.8697,0.0017,0.6531,1.559,2.4947,1775592892020027676
gestureclass,single_gestureclass,137.0757,27.0984,24.7234,23.7707,0.0015,0.6374,1.446,2.375,1775592892049496060
gestureclass,single_gestureclass,137.13,27.3876,24.9537,23.6396,0.0017,0.9984,1.514,2.4339,1775592892103882566
gestureclass,single_gestureclass,137.1547,27.8203,24.5126,23.5433,0.0016,0.6185,2.3651,3.3077,1775592892129419756
gestureclass,single_gestureclass,137.3589,35.1872,32.1741,30.8079,0.0019,0.8475,1.7216,3.0131,1775592892332961909
gestureclass,single_gestureclass,137.4043,32.0609,29.0579,27.9831,0.0019,0.7329,1.9846,3.003,1775592892378623822
gestureclass,single_gestureclass,137.6097,40.3438,37.6371,36.1865,0.0024,0.9737,1.6618,2.7067,1775592892583705286
gestureclass,single_gestureclass,137.6943,34.6489,31.9636,30.7509,0.0022,0.8036,1.6468,2.6853,1775592892668248239
gestureclass,single_gestureclass,137.8011,36.3338,33.6381,32.4012,0.0021,0.8387,1.6565,2.6957,1775592892775150892
gestureclass,single_gestureclass,137.8617,34.9958,32.3598,31.1411,0.0021,0.81,1.6601,2.636,1775592892835704768
gestureclass,single_gestureclass,137.9079,32.8901,30.341,29.2178,0.0021,0.7537,1.5574,2.549,1775592892881829373
gestureclass,single_gestureclass,137.96,49.6435,46.9511,45.056,0.0034,1.2982,1.6594,2.6924,1775592892934007785
gestureclass,single_gestureclass,138.0299,50.9598,48.1559,46.26,0.0033,1.2925,1.74,2.804,1775592893003965383
gestureclass,single_gestureclass,138.1431,35.3365,32.6232,31.3993,0.0022,0.8288,1.7054,2.7133,1775592893117141250
gestureclass,single_gestureclass,138.1996,35.1384,32.3578,31.1511,0.002,0.8089,1.7622,2.7806,1775592893173749635
gestureclass,single_gestureclass,138.27,35.3284,32.6364,31.4271,0.002,0.8295,1.6596,2.692,1775592893243999125
gestureclass,single_gestureclass,138.4857,51.9106,49.0807,47.1482,0.0035,1.2978,1.7667,2.8299,1775592893459781168
gestureclass,single_gestureclass,138.5204,61.5523,43.4168,42.0683,0.0021,0.4209,16.9506,18.1355,1775592893509727223
gestureclass,single_gestureclass,138.5262,55.7628,43.4168,42.0683,0.0021,0.4209,11.1389,12.346,1775592893509727223
gestureclass,single_gestureclass,138.5842,34.7128,32.1028,30.2324,0.0019,0.77,1.6143,2.61,1775592893558169233
gestureclass,single_gestureclass,138.6701,34.6694,31.9907,30.7895,0.0021,0.7932,1.6747,2.6787,1775592893644171106
gestureclass,single_gestureclass,138.72,34.1611,30.9996,29.8018,0.0019,0.7808,2.178,3.1615,1775592893694567710
gestureclass,single_gestureclass,138.7201,62.4678,27.7242,26.6606,0.0017,0.6652,33.7634,34.7436,1775592893726187234
gestureclass,single_gestureclass,138.8678,33.0389,30.3379,29.2513,0.0019,0.735,1.6782,2.701,1775592893841820587
gestureclass,single_gestureclass,138.9351,36.3226,33.5842,32.157,0.0022,0.9561,1.7409,2.7384,1775592893909160590
gestureclass,single_gestureclass,138.9468,53.9756,28.6883,27.6223,0.0017,0.6747,24.2987,25.2873,1775592893943462202
gestureclass,single_gestureclass,139.1821,33.3669,30.7333,29.6278,0.0019,0.7506,1.6372,2.6336,1775592894156119735
gestureclass,single_gestureclass,139.2099,36.7188,30.5044,29.402,0.002,0.6914,5.2471,6.2145,1775592894187478313
gestureclass,single_gestureclass,139.3669,32.974,30.3028,29.2098,0.002,0.7499,1.6544,2.6712,1775592894340911525
gestureclass,single_gestureclass,139.4391,45.2833,42.6638,39.1512,0.0034,1.7411,1.61,2.6195,1775592894413057380
gestureclass,single_gestureclass,139.4509,70.0433,35.4085,34.1897,0.0017,0.2387,33.288,34.6348,1775592894456493227
gestureclass,single_gestureclass,139.4526,68.3067,35.4085,34.1897,0.0017,0.2387,31.5278,32.8982,1775592894456493227
gestureclass,single_gestureclass,139.4804,40.5777,35.4085,34.1897,0.0017,0.2387,3.7656,5.1692,1775592894456493227
gestureclass,single_gestureclass,139.4832,67.0972,28.7444,27.6063,0.0017,0.6973,37.4007,38.3528,1775592894492910144
gestureclass,single_gestureclass,139.5232,53.1018,25.4096,24.4045,0.0016,0.6566,26.7336,27.6922,1775592894522241112
gestureclass,single_gestureclass,139.6015,27.801,25.2858,24.3067,0.0016,0.6525,1.5354,2.5153,1775592894575350370
gestureclass,single_gestureclass,139.6755,29.1016,26.5472,25.5027,0.0018,0.6623,1.5619,2.5545,1775592894649387658
gestureclass,single_gestureclass,139.8069,33.6862,30.6417,29.5509,0.0018,0.7529,1.6551,3.0444,1775592894780882575
gestureclass,single_gestureclass,139.8266,45.5103,31.3303,30.2115,0.0018,0.7228,13.2008,14.18,1775592894812164285
gestureclass,single_gestureclass,139.8401,60.0221,27.0004,25.9881,0.0016,0.3165,31.9028,33.0217,1775592894844306007
gestureclass,single_gestureclass,139.8619,38.1474,27.0004,25.9881,0.0016,0.3165,10.0069,11.147,1775592894844306007
gestureclass,single_gestureclass,139.9123,28.2345,25.7208,24.6857,0.0016,0.6396,1.5657,2.5136,1775592894886222292
gestureclass,single_gestureclass,139.923,44.2228,26.0853,24.4345,0.0017,1.2782,17.1864,18.1376,1775592894912532288
gestureclass,single_gestureclass,139.9774,26.5708,24.1876,23.2334,0.0016,0.6434,1.4579,2.3832,1775592894951233277
gestureclass,single_gestureclass,140.3675,33.4799,30.8484,29.7591,0.0018,0.7491,1.6258,2.6315,1775592895341498452
gestureclass,single_gestureclass,140.3753,55.2723,28.9144,27.7878,0.0018,0.6987,25.3968,26.3579,1775592895373037741
gestureclass,single_gestureclass,140.4232,33.8292,25.8773,24.8549,0.0016,0.6615,7.0062,7.9519,1775592895402558114
gestureclass,single_gestureclass,140.5293,51.4071,48.57,46.6284,0.0033,1.311,1.7254,2.8371,1775592895503339829
gestureclass,single_gestureclass,140.542,74.4228,34.967,33.6291,0.002,0.88,38.4405,39.4559,1775592895552781891
gestureclass,single_gestureclass,140.6039,42.788,29.6522,28.5882,0.0018,0.6759,12.1534,13.1358,1775592895588417044
gestureclass,single_gestureclass,140.8781,32.8102,30.2397,29.1499,0.0019,0.7501,1.5612,2.5705,1775592895852011561
gestureclass,single_gestureclass,140.9261,33.7908,30.2052,29.0347,0.0018,0.7481,1.6897,3.5856,1775592895900163992
gestureclass,single_gestureclass,140.9509,41.0385,32.1286,30.1012,0.0018,0.7265,7.9358,8.9099,1775592895931170547
gestureclass,single_gestureclass,141.0291,31.415,28.8985,27.8644,0.0019,0.6999,1.533,2.5165,1775592896003022328
gestureclass,single_gestureclass,141.1388,33.5686,30.8066,29.6897,0.0017,0.7443,1.7419,2.762,1775592896112892692
gestureclass,single_gestureclass,141.1416,63.4358,31.9629,30.8284,0.0018,0.7298,30.5028,31.4729,1775592896144416558
gestureclass,single_gestureclass,141.1846,48.2633,27.0269,26.0095,0.0016,0.208,20.1337,21.2364,1775592896177057927
gestureclass,single_gestureclass,141.1893,43.575,27.0269,26.0095,0.0016,0.208,15.4035,16.5482,1775592896177057927
gestureclass,single_gestureclass,141.195,38.0292,27.0269,26.0095,0.0016,0.208,9.6648,11.0023,1775592896177057927
gestureclass,single_gestureclass,141.2623,28.2097,25.8038,24.8208,0.0017,0.6516,1.4801,2.4059,1775592896236116190
gestureclass,single_gestureclass,141.3117,28.1029,25.6805,24.7143,0.0016,0.662,1.5132,2.4224,1775592896285571864
gestureclass,single_gestureclass,141.356,27.6423,25.1973,24.2543,0.0016,0.6395,1.5006,2.445,1775592896329879671
gestureclass,single_gestureclass,141.3919,26.7308,24.2665,23.2855,0.0016,0.624,1.519,2.4643,1775592896365773186
gestureclass,single_gestureclass,141.4809,32.692,30.2872,29.1443,0.0019,0.7762,1.4648,2.4047,1775592896454685105
gestureclass,single_gestureclass,141.4896,53.6735,28.9886,27.8615,0.0019,0.7326,23.7205,24.6849,1775592896485646993
gestureclass,single_gestureclass,141.5288,41.3597,26.254,24.6368,0.0017,0.6539,14.1428,15.1056,1775592896515255923
gestureclass,single_gestureclass,141.6023,28.2152,25.7583,24.7648,0.0018,0.651,1.497,2.4569,1775592896576179006
gestureclass,single_gestureclass,141.7358,33.3226,30.7216,29.6286,0.0019,0.7524,1.6208,2.601,1775592896709788006
gestureclass,single_gestureclass,141.7376,61.8644,29.5789,28.4884,0.0017,0.6987,31.2848,32.2855,1775592896741220878
gestureclass,single_gestureclass,141.9408,39.2668,36.5751,34.9818,0.0029,1.1201,1.6024,2.6917,1775592896914718660
gestureclass,single_gestureclass,141.9842,34.1301,31.419,30.243,0.002,0.785,1.6932,2.7111,1775592896958284692
gestureclass,single_gestureclass,142.1297,33.9506,31.3263,30.1782,0.002,0.789,1.6,2.6243,1775592897103600616
gestureclass,single_gestureclass,142.2288,34.6968,31.978,30.7775,0.0022,0.8106,1.7066,2.7188,1775592897202884421
gestureclass,single_gestureclass,142.2626,33.7145,30.7934,29.7024,0.0017,0.7328,1.6387,2.9212,1775592897236571676
gestureclass,single_gestureclass,142.2747,49.6478,27.6638,26.6575,0.0016,0.3205,20.9024,21.984,1775592897267978650
gestureclass,single_gestureclass,142.2795,44.9586,27.6638,26.6575,0.0016,0.3205,16.1731,17.2948,1775592897267978650
gestureclass,single_gestureclass,142.2958,54.5914,25.433,23.8462,0.0016,0.6465,28.2474,29.1584,1775592897296382338
gestureclass,single_gestureclass,142.3466,28.1143,23.714,22.765,0.0016,0.6137,3.4745,4.4003,1775592897322434637
gestureclass,single_gestureclass,142.445,35.5246,32.9504,31.6011,0.0022,0.9106,1.5807,2.5742,1775592897418894140
gestureclass,single_gestureclass,142.4607,52.9675,32.3729,31.2696,0.0017,0.3408,19.5284,20.5946,1775592897452553563
gestureclass,single_gestureclass,142.4714,42.2385,32.3729,31.2696,0.0017,0.3408,8.7776,9.8656,1775592897452553563
gestureclass,single_gestureclass,142.5027,38.8491,27.1374,26.1238,0.0016,0.304,10.6623,11.7117,1775592897485703569
gestureclass,single_gestureclass,142.5054,36.1528,27.1374,26.1238,0.0016,0.304,7.9448,9.0154,1775592897485703569
gestureclass,single_gestureclass,142.6458,32.891,30.2433,29.1203,0.0021,0.7435,1.698,2.6477,1775592897619881898
gestureclass,single_gestureclass,142.6889,33.74,31.2322,30.1256,0.0019,0.7496,1.5273,2.5079,1775592897662820633
gestureclass,single_gestureclass,142.6937,56.6535,27.0227,25.9737,0.0016,0.6833,28.7149,29.6308,1775592897694728878
gestureclass,single_gestureclass,142.8065,31.7428,29.1379,28.072,0.0018,0.7341,1.6277,2.6049,1775592897780517006
gestureclass,single_gestureclass,142.8635,31.8217,29.2368,28.1512,0.002,0.7311,1.6277,2.585,1775592897837471762
gestureclass,single_gestureclass,142.9565,40.9882,38.3896,35.7795,0.0022,2.1708,1.6692,2.5986,1775592897930558423
gestureclass,single_gestureclass,142.9953,37.0798,34.0512,32.7233,0.0023,0.9126,2.0547,3.0286,1775592897969701010
gestureclass,single_gestureclass,143.1286,34.3699,31.6626,30.4998,0.002,0.7874,1.6725,2.7074,1775592898102665266
gestureclass,single_gestureclass,143.1902,34.6103,31.9888,30.8073,0.0021,0.7979,1.6561,2.6215,1775592898164232914
gestureclass,single_gestureclass,143.246,35.0635,32.4359,31.2637,0.002,0.786,1.6198,2.6276,1775592898220001177
gestureclass,single_gestureclass,143.3343,37.7533,34.9533,33.5599,0.0051,0.9217,1.6897,2.8001,1775592898308367907
gestureclass,single_gestureclass,143.3501,54.3275,30.9688,29.8563,0.0015,0.2206,21.7259,23.3587,1775592898344181836
gestureclass,single_gestureclass,143.3519,52.5925,30.9688,29.8563,0.0015,0.2206,19.9695,21.6237,1775592898344181836
gestureclass,single_gestureclass,143.3636,40.8936,30.9688,29.8563,0.0015,0.2206,8.2378,9.9248,1775592898344181836
gestureclass,single_gestureclass,143.4033,27.7619,25.2224,24.2558,0.0016,0.6534,1.4787,2.5395,1775592898377114492
gestureclass,single_gestureclass,143.4309,26.5927,24.1587,23.2087,0.0018,0.6381,1.4927,2.434,1775592898404745855
gestureclass,single_gestureclass,143.4997,31.4128,28.8478,27.7041,0.0019,0.7818,1.5454,2.5651,1775592898473600697
gestureclass,single_gestureclass,143.6224,33.3869,30.5849,29.4327,0.0021,0.7387,1.8001,2.8021,1775592898596521728
gestureclass,single_gestureclass,143.623,63.38,30.0106,28.9331,0.0017,0.6972,32.4032,33.3694,1775592898627744903
gestureclass,single_gestureclass,143.7376,31.76,29.1303,28.0602,0.002,0.7284,1.6744,2.6297,1775592898711610855
gestureclass,single_gestureclass,143.8596,33.5612,30.8887,29.7648,0.0019,0.7647,1.6737,2.6725,1775592898833641261
gestureclass,single_gestureclass,143.9124,32.8283,30.2258,29.1202,0.0019,0.7593,1.6127,2.6025,1775592898886355778
gestureclass,single_gestureclass,144.0945,44.3518,41.5976,39.9912,0.0027,1.1016,1.6887,2.7542,1775592899068575483
gestureclass,single_gestureclass,144.0993,78.4674,38.2098,36.9008,0.0022,0.8302,39.2766,40.2576,1775592899110930215
gestureclass,single_gestureclass,144.188,33.8881,31.2867,30.128,0.0019,0.7758,1.606,2.6014,1775592899161941662
gestureclass,single_gestureclass,144.3201,34.7514,32.0314,30.8356,0.002,0.7916,1.6623,2.72,1775592899294151647
gestureclass,single_gestureclass,144.3631,34.1969,31.6319,30.4748,0.002,0.7925,1.5845,2.565,1775592899337039883
gestureclass,single_gestureclass,144.3738,53.1955,29.0157,27.9949,0.0015,0.3275,23.1397,24.1798,1775592899369310389
gestureclass,single_gestureclass,144.3796,47.461,29.0157,27.9949,0.0015,0.3275,17.3831,18.4453,1775592899369310389
gestureclass,single_gestureclass,144.4025,50.3948,25.231,23.5945,0.0018,0.6464,24.2195,25.1638,1775592899399075025
gestureclass,single_gestureclass,144.4981,39.767,37.184,35.661,0.0027,1.0368,1.5376,2.583,1775592899472001799
gestureclass,single_gestureclass,144.5208,48.4371,30.6395,29.5014,0.0018,0.7324,16.8011,17.7976,1775592899509964425
gestureclass,single_gestureclass,144.5965,31.1387,28.5599,27.533,0.0019,0.6919,1.5793,2.5788,1775592899570391626
gestureclass,single_gestureclass,144.6072,47.7779,26.6745,25.6348,0.0015,0.6686,20.1509,21.1034,1775592899599700554
gestureclass,single_gestureclass,144.8093,34.2724,31.6556,30.5421,0.0019,0.7431,1.6277,2.6168,1775592899783272117
gestureclass,single_gestureclass,144.8111,65.0504,31.718,30.6656,0.0016,0.2205,32.1879,33.3323,1775592899815590136
gestureclass,single_gestureclass,144.8138,62.3341,31.718,30.6656,0.0016,0.2205,29.4492,30.616,1775592899815590136
gestureclass,single_gestureclass,144.8196,56.7491,31.718,30.6656,0.0016,0.2205,23.6692,25.0311,1775592899815590136
gestureclass,single_gestureclass,144.8905,29.0596,26.5086,25.5169,0.0017,0.6649,1.605,2.5511,1775592899864488414
gestureclass,single_gestureclass,144.9398,31.2526,28.8273,27.5694,0.0022,0.8692,1.5085,2.4253,1775592899913647195
gestureclass,single_gestureclass,145.0443,39.4409,36.7803,35.4339,0.0023,0.9099,1.6696,2.6606,1775592900018303096
gestureclass,single_gestureclass,145.057,60.5056,33.0882,31.1894,0.0018,1.4732,26.4089,27.4174,1775592900055802266
gestureclass,single_gestureclass,145.1738,34.4946,31.81,30.6639,0.002,0.7866,1.6556,2.6846,1775592900147778181
gestureclass,single_gestureclass,145.1815,56.7734,29.4399,28.3693,0.0018,0.6976,26.3407,27.3336,1775592900180231315
gestureclass,single_gestureclass,145.4177,33.4587,30.3852,29.2298,0.0019,0.7403,1.7204,3.0735,1775592900391728555
gestureclass,single_gestureclass,145.4506,46.4411,43.6206,41.8424,0.0033,1.2415,1.7886,2.8204,1775592900424722383
gestureclass,single_gestureclass,145.4655,80.2007,47.5101,45.6667,0.003,0.3892,31.2805,32.6906,1775592900469136454
gestureclass,single_gestureclass,145.4723,73.4787,47.5101,45.6667,0.003,0.3892,24.5347,25.9686,1775592900469136454
gestureclass,single_gestureclass,145.49,55.7466,47.5101,45.6667,0.003,0.3892,6.7692,8.2365,1775592900469136454
gestureclass,single_gestureclass,145.62,33.0899,30.3659,29.2371,0.002,0.7533,1.6932,2.724,1775592900594047048
gestureclass,single_gestureclass,145.6803,34.035,31.3291,30.1782,0.0021,0.7899,1.6797,2.7059,1775592900654336947
gestureclass,single_gestureclass,145.7176,31.6601,29.0586,27.963,0.0018,0.7208,1.6327,2.6014,1775592900691533131
gestureclass,single_gestureclass,145.7634,31.0004,28.4251,27.333,0.0017,0.7144,1.6189,2.5753,1775592900737390556
gestureclass,single_gestureclass,145.7742,47.5078,26.5646,24.8163,0.0017,0.6685,19.9754,20.9432,1775592900766487434
gestureclass,single_gestureclass,145.8569,28.8198,26.3598,25.4025,0.0016,0.6519,1.5237,2.46,1775592900830770170
gestureclass,single_gestureclass,145.8816,29.9823,25.2719,24.2893,0.0015,0.6276,3.7773,4.7105,1775592900857721981
gestureclass,single_gestureclass,145.9868,36.6995,34.1091,32.9141,0.0021,0.8102,1.6246,2.5904,1775592900960790411
gestureclass,single_gestureclass,145.9886,70.9565,34.608,31.2027,0.0018,0.5926,34.8258,36.3484,1775592900995750886
gestureclass,single_gestureclass,145.9923,67.245,34.608,31.2027,0.0018,0.5926,31.0917,32.637,1775592900995750886
gestureclass,single_gestureclass,145.9951,64.7049,34.608,31.2027,0.0018,0.5926,28.3346,30.0969,1775592900995750886
gestureclass,single_gestureclass,146.0008,58.9862,34.608,31.2027,0.0018,0.5926,22.5728,24.3782,1775592900995750886
gestureclass,single_gestureclass,146.0056,54.2576,34.608,31.2027,0.0018,0.5926,17.8308,19.6496,1775592900995750886
gestureclass,single_gestureclass,146.0537,32.634,25.983,24.9229,0.0016,0.6502,5.7068,6.651,1775592901031778192
gestureclass,single_gestureclass,146.1006,27.1196,24.6728,23.7118,0.0017,0.631,1.5018,2.4469,1775592901074424658
gestureclass,single_gestureclass,146.1779,28.98,26.4455,25.4447,0.0017,0.6759,1.5585,2.5345,1775592901151829186
gestureclass,single_gestureclass,146.2751,33.7474,31.1181,29.9975,0.002,0.7512,1.6401,2.6294,1775592901249125002
gestureclass,single_gestureclass,146.2869,53.3278,30.5714,29.1359,0.0017,0.5233,21.6541,22.7564,1775592901280895738
gestureclass,single_gestureclass,146.2869,53.3144,30.5714,29.1359,0.0017,0.5233,21.6186,22.743,1775592901280895738
gestureclass,single_gestureclass,146.3371,29.2785,25.5664,24.5254,0.0015,0.6767,2.7997,3.7121,1775592901312239176
gestureclass,single_gestureclass,146.3676,26.9837,24.6667,23.142,0.0016,0.645,1.3878,2.317,1775592901341309028
gestureclass,single_gestureclass,146.5609,36.1485,33.4829,32.2382,0.002,0.8512,1.6437,2.6657,1775592901534904877
gestureclass,single_gestureclass,146.6363,33.519,30.8766,29.7652,0.0021,0.7379,1.6112,2.6424,1775592901610229383
gestureclass,single_gestureclass,146.641,58.8596,29.4626,27.9773,0.0018,1.062,28.4607,29.397,1775592901641818488
gestureclass,single_gestureclass,146.697,29.4266,25.9196,24.9082,0.0016,0.6638,2.5408,3.507,1775592901671879924
gestureclass,single_gestureclass,146.7221,29.4788,24.4962,23.5233,0.0017,0.6239,4.0214,4.9826,1775592901698440253
gestureclass,single_gestureclass,146.8598,33.046,30.3447,29.243,0.0018,0.7379,1.682,2.7013,1775592901833857012
gestureclass,single_gestureclass,146.9391,38.1851,35.5182,34.0338,0.0026,1.0312,1.6351,2.667,1775592901913079620
gestureclass,single_gestureclass,146.9408,68.8639,31.7279,30.5763,0.0018,0.7183,36.1753,37.136,1775592901949350938
gestureclass,single_gestureclass,146.9835,53.6783,26.7418,25.6608,0.0017,0.6804,25.9643,26.9364,1775592901981797923
gestureclass,single_gestureclass,147.1825,33.6084,30.9815,29.1448,0.002,1.4929,1.6429,2.627,1775592902156465564
gestureclass,single_gestureclass,147.3534,33.5629,30.8597,29.3448,0.0019,1.1453,1.7097,2.7032,1775592902327443481
gestureclass,single_gestureclass,147.3841,33.3035,29.9659,28.8858,0.0018,0.7113,2.4285,3.3376,1775592902358912476
gestureclass,single_gestureclass,147.5888,46.8702,44.0343,42.3281,0.0028,1.1644,1.7784,2.8359,1775592902562904260
gestureclass,single_gestureclass,147.6096,66.1173,39.3666,38.0534,0.0021,0.8469,25.7363,26.7507,1775592902607655270
gestureclass,single_gestureclass,147.7009,35.3765,32.7582,31.5432,0.002,0.8368,1.6079,2.6183,1775592902674877011
gestureclass,single_gestureclass,147.7705,35.9221,33.2448,32.0333,0.0022,0.8294,1.6556,2.6773,1775592902744513405
gestureclass,single_gestureclass,147.7743,62.0337,29.2521,28.1753,0.0018,0.703,31.801,32.7815,1775592902778423994
gestureclass,single_gestureclass,147.9105,33.0966,30.3754,29.2812,0.0019,0.7413,1.7135,2.7211,1775592902884610911
gestureclass,single_gestureclass,147.9969,33.5741,30.8657,29.699,0.0019,0.7734,1.6949,2.7084,1775592902970928507
gestureclass,single_gestureclass,148.0497,33.7012,31.0517,29.1515,0.002,1.4937,1.6487,2.6495,1775592903023679691
gestureclass,single_gestureclass,148.1686,34.1251,31.4422,30.2973,0.0021,0.7695,1.6787,2.6829,1775592903142663015
gestureclass,single_gestureclass,148.225,34.5583,31.8765,30.6581,0.0019,0.8138,1.7071,2.6818,1775592903199032823
gestureclass,single_gestureclass,148.3138,35.1651,32.4721,31.2808,0.002,0.8051,1.6828,2.693,1775592903287786966
gestureclass,single_gestureclass,148.3385,40.6768,29.6266,28.5474,0.0016,0.693,10.0901,11.0502,1775592903320955634
gestureclass,single_gestureclass,148.4124,32.1689,29.5558,28.5014,0.0018,0.6942,1.6153,2.613,1775592903386373897
gestureclass,single_gestureclass,148.4152,59.6294,29.2996,28.2768,0.0016,0.2122,29.0565,30.3299,1775592903416556513
gestureclass,single_gestureclass,148.4209,53.9176,29.2996,28.2768,0.0016,0.2122,23.3216,24.6181,1775592903416556513
gestureclass,single_gestureclass,148.4386,36.2296,29.2996,28.2768,0.0016,0.2122,5.6019,6.93,1775592903416556513
gestureclass,single_gestureclass,148.5151,29.9006,27.3454,26.322,0.0017,0.6886,1.5597,2.5552,1775592903488965435
gestureclass,single_gestureclass,148.5662,29.4995,27.0226,26.012,0.0019,0.6805,1.5008,2.4769,1775592903540017285
gestureclass,single_gestureclass,148.6269,30.5102,27.9568,26.9172,0.002,0.7177,1.59,2.5534,1775592903600832386
gestureclass,single_gestureclass,148.6726,29.7654,27.2523,26.2371,0.0017,0.6952,1.5824,2.513,1775592903646557458
gestureclass,single_gestureclass,148.8307,34.1923,31.498,30.3979,0.0019,0.7391,1.6508,2.6943,1775592903804682636
gestureclass,single_gestureclass,148.8324,63.1647,30.2234,29.1487,0.0018,0.6789,32.0148,32.9414,1775592903836810802
gestureclass,single_gestureclass,148.9729,41.8584,39.1533,37.6306,0.0026,1.0411,1.6992,2.7051,1775592903946921360
gestureclass,single_gestureclass,149.0599,34.9836,32.3248,31.1549,0.0019,0.7848,1.6398,2.6588,1775592904033933283
gestureclass,single_gestureclass,149.0837,43.5903,31.5769,30.4685,0.0016,0.349,10.9408,12.0134,1775592904066970709
gestureclass,single_gestureclass,149.0854,41.8639,31.5769,30.4685,0.0016,0.349,9.1922,10.287,1775592904066970709
gestureclass,single_gestureclass,149.2095,33.8614,31.1103,29.9794,0.002,0.7612,1.7278,2.7511,1775592904183614729
gestureclass,single_gestureclass,149.2203,53.293,29.5872,28.5045,0.0018,0.6803,22.7184,23.7058,1775592904215368746
gestureclass,single_gestureclass,149.2988,29.7835,27.2676,26.2544,0.0018,0.6784,1.5671,2.5158,1775592904272724925
gestureclass,single_gestureclass,149.4889,32.9995,30.2442,29.1459,0.002,0.7565,1.6987,2.7554,1775592904462983900
gestureclass,single_gestureclass,149.5761,34.107,31.4625,30.2507,0.002,0.792,1.6227,2.6445,1775592904550084368
gestureclass,single_gestureclass,149.6734,36.0184,33.3058,31.3285,0.0022,0.8185,1.6823,2.7125,1775592904647478198
gestureclass,single_gestureclass,149.6792,61.1572,30.2432,29.1443,0.0018,0.7093,29.9649,30.9141,1775592904681522313
gestureclass,single_gestureclass,149.7347,32.3486,25.9732,24.9408,0.0016,0.65,5.4677,6.3754,1775592904712482080
gestureclass,single_gestureclass,149.7692,27.1196,24.6953,23.7115,0.0017,0.6532,1.4973,2.4243,1775592904743057723
gestureclass,single_gestureclass,149.7749,45.6772,23.68,22.7146,0.0016,0.6164,21.0671,21.9972,1775592904768322294
gestureclass,single_gestureclass,149.8238,26.0391,23.624,22.6554,0.0016,0.6306,1.5035,2.4151,1775592904797651798
gestureclass,single_gestureclass,149.8581,26.4299,24.0829,23.137,0.0016,0.6208,1.4427,2.347,1775592904831866078
gestureclass,single_gestureclass,149.8667,42.078,23.6915,22.6985,0.0015,0.6312,17.4813,18.3865,1775592904856574982
gestureclass,single_gestureclass,149.9711,30.7643,28.3283,27.2482,0.0019,0.7359,1.5092,2.436,1775592904944925545
gestureclass,single_gestureclass,150.012,28.4061,25.8007,24.6554,0.0017,0.6622,1.6928,2.6054,1775592904986024516
gestureclass,single_gestureclass,150.0125,54.2247,25.679,24.0893,0.0015,1.236,27.5722,28.5457,1775592905012433102
gestureclass,single_gestureclass,150.094,27.1158,24.7174,23.775,0.0017,0.6408,1.4493,2.3985,1775592905067748857
gestureclass,single_gestureclass,150.1373,26.998,24.571,23.6212,0.0017,0.6405,1.4973,2.4271,1775592905111115580
gestureclass,single_gestureclass,150.16,29.0995,24.2003,23.2282,0.0015,0.6312,3.9513,4.8992,1775592905136253439
gestureclass,single_gestureclass,150.2133,26.6039,24.1902,23.2463,0.0016,0.6317,1.4818,2.4137,1775592905187092933
gestureclass,single_gestureclass,150.3101,30.6106,28.1233,27.1136,0.0017,0.679,1.529,2.4873,1775592905283975558
gestureclass,single_gestureclass,150.3218,47.6375,27.9767,26.9689,0.0016,0.3213,18.5752,19.6608,1775592905312731760
gestureclass,single_gestureclass,150.3366,32.9158,27.9767,26.9689,0.0016,0.3213,3.8311,4.9392,1775592905312731760
gestureclass,single_gestureclass,150.3897,27.9956,25.2454,24.2901,0.0016,0.6502,1.5123,2.7502,1775592905363532501
gestureclass,single_gestureclass,150.4172,26.7322,24.2002,23.2283,0.0016,0.6619,1.6141,2.5321,1775592905391154259
gestureclass,single_gestureclass,150.4581,28.749,25.5699,24.5572,0.0018,0.6936,2.2655,3.1791,1775592905432703948
gestureclass,single_gestureclass,150.5631,34.0273,31.4663,29.6422,0.0019,1.4748,1.5829,2.561,1775592905537032083
gestureclass,single_gestureclass,150.5778,47.4684,27.5861,26.5272,0.0017,0.6776,18.9292,19.8824,1775592905569104631
gestureclass,single_gestureclass,150.6725,30.8175,28.1981,27.1568,0.0018,0.7111,1.5759,2.6195,1775592905646433447
gestureclass,single_gestureclass,150.7032,29.4554,26.9735,25.9791,0.0018,0.6645,1.5702,2.4819,1775592905677155158
gestureclass,single_gestureclass,150.723,35.2194,24.9329,23.9485,0.0014,0.6401,9.3749,10.2865,1775592905704707917
gestureclass,single_gestureclass,150.7684,26.5768,24.1709,23.2448,0.0017,0.6309,1.4584,2.4058,1775592905742228661
gestureclass,single_gestureclass,150.8452,29.253,26.8111,25.8409,0.0018,0.6528,1.4961,2.4419,1775592905819050270
gestureclass,single_gestureclass,150.8609,41.2111,26.9171,25.931,0.0015,0.3173,13.2089,14.294,1775592905846480139
gestureclass,single_gestureclass,150.8636,38.5234,26.9171,25.931,0.0015,0.3173,10.4995,11.6063,1775592905846480139
gestureclass,single_gestureclass,150.8937,33.1607,23.9468,22.9491,0.0015,0.6316,8.3027,9.2139,1775592905874310016
gestureclass,single_gestureclass,150.946,28.4607,25.6329,24.6252,0.0017,0.6921,1.4508,2.8279,1775592905919846749
gestureclass,single_gestureclass,150.9737,27.2355,24.6363,23.6684,0.0016,0.6589,1.6901,2.5992,1775592905947779481
gestureclass,single_gestureclass,150.9807,45.0974,24.2861,22.6979,0.0017,0.6352,19.9251,20.8113,1775592905972980920
gestureclass,single_gestureclass,151.037,26.0153,23.8179,22.886,0.0015,0.6357,1.4501,2.1974,1775592906010811564
gestureclass,single_gestureclass,151.1742,33.3095,30.6837,29.5951,0.002,0.7477,1.6258,2.6257,1775592906148223955
gestureclass,single_gestureclass,151.199,38.2848,29.0244,27.9289,0.0019,0.7073,8.3041,9.2604,1775592906179635642
gestureclass,single_gestureclass,151.2248,38.9099,25.8233,24.8226,0.0016,0.6464,12.1491,13.0867,1775592906209259401
gestureclass,single_gestureclass,151.3269,31.7488,29.1438,28.0803,0.0018,0.7163,1.6115,2.605,1775592906300873536
gestureclass,single_gestureclass,151.3577,29.4175,26.8113,25.7995,0.0016,0.6798,1.6658,2.6062,1775592906331673779
gestureclass,single_gestureclass,151.4443,34.3606,31.7323,30.5297,0.0019,0.8291,1.6112,2.6284,1775592906418259534
gestureclass,single_gestureclass,151.5629,33.5007,30.7605,29.6662,0.0018,0.7525,1.6537,2.7402,1775592906536945662
gestureclass,single_gestureclass,151.5687,58.0196,29.792,28.7355,0.0017,0.6835,27.3449,28.2276,1775592906568372032
gestureclass,single_gestureclass,151.5964,58.1746,27.1515,25.5138,0.0017,0.6572,30.0598,31.0231,1775592906598771239
gestureclass,single_gestureclass,151.6369,43.6213,25.2739,24.3215,0.0015,0.2977,17.2694,18.3474,1775592906626536741
gestureclass,single_gestureclass,151.6436,36.9434,25.2739,24.3215,0.0015,0.2977,10.5689,11.6695,1775592906626536741
gestureclass,single_gestureclass,151.7318,28.4131,25.926,24.9388,0.0016,0.6663,1.5275,2.4871,1775592906705646365
gestureclass,single_gestureclass,151.7974,28.9385,26.4169,25.426,0.0016,0.6762,1.5354,2.5216,1775592906771276100
gestureclass,single_gestureclass,151.9096,32.9235,30.262,29.1574,0.0018,0.7507,1.6725,2.6614,1775592906883602973
gestureclass,single_gestureclass,151.9807,32.8922,30.2007,29.0859,0.0019,0.7513,1.6468,2.6916,1775592906954713639
gestureclass,single_gestureclass,152.0578,33.3691,30.7035,29.5869,0.0018,0.7692,1.6534,2.6656,1775592907031831242
gestureclass,single_gestureclass,152.1905,35.1079,32.4913,31.1448,0.0024,0.939,1.6732,2.6165,1775592907164483855
gestureclass,single_gestureclass,152.1982,61.0621,32.727,31.6813,0.0017,0.3435,27.1945,28.3351,1775592907197764733
gestureclass,single_gestureclass,152.222,37.3313,32.727,31.6813,0.0017,0.3435,3.4411,4.6043,1775592907197764733
gestureclass,single_gestureclass,152.2645,29.5494,27.0408,26.0442,0.0017,0.6815,1.5333,2.5085,1775592907238403495
gestureclass,single_gestureclass,152.2792,41.4495,26.0426,24.3712,0.0016,1.2829,14.4732,15.4069,1775592907266061606
gestureclass,single_gestureclass,152.3559,28.2047,25.7991,24.8281,0.0017,0.6646,1.5087,2.4056,1775592907329772430
gestureclass,single_gestureclass,152.4373,33.1082,30.5735,29.2988,0.0022,0.8651,1.5469,2.5348,1775592907411227087
gestureclass,single_gestureclass,152.5147,33.5011,30.775,29.6831,0.0019,0.7522,1.6832,2.7261,1775592907488684835
gestureclass,single_gestureclass,152.5224,55.028,28.7205,27.6435,0.0016,0.6926,25.3036,26.3075,1775592907520078985
gestureclass,single_gestureclass,152.5807,29.2873,26.8236,25.8318,0.0016,0.6821,1.5192,2.4637,1775592907554532680
gestureclass,single_gestureclass,152.5914,44.9388,25.6743,24.7081,0.0015,0.3073,18.2381,19.2645,1775592907581966108
gestureclass,single_gestureclass,152.6021,34.2276,25.6743,24.7081,0.0015,0.3073,7.5059,8.5533,1775592907581966108
gestureclass,single_gestureclass,152.7506,33.0052,30.2775,29.1869,0.0133,0.7355,1.6952,2.7277,1775592907724666660
gestureclass,single_gestureclass,152.954,48.3224,45.5842,43.7817,0.0029,1.2284,1.6494,2.7383,1775592907927963692
gestureclass,single_gestureclass,152.9877,50.2291,35.0496,33.7858,0.0019,0.8095,14.2133,15.1794,1775592907974267091
gestureclass,single_gestureclass,153.1312,35.4171,32.7022,31.4773,0.0021,0.8397,1.6916,2.7149,1775592908105237335
gestureclass,single_gestureclass,153.1858,35.6293,33.0253,31.0045,0.002,0.8194,1.646,2.6039,1775592908159820599
gestureclass,single_gestureclass,153.2627,35.2874,32.62,31.3918,0.0021,0.8306,1.6291,2.6674,1775592908236649586
gestureclass,single_gestureclass,153.5674,37.6322,34.6388,33.1944,0.0021,0.8251,1.9867,2.9934,1775592908541726522
gestureclass,single_gestureclass,153.568,73.349,35.5206,34.3027,0.002,0.2527,36.7339,37.8284,1775592908577111285
gestureclass,single_gestureclass,153.5718,69.8655,35.5206,34.3027,0.002,0.2527,33.0114,34.3448,1775592908577111285
gestureclass,single_gestureclass,153.5745,67.1065,35.5206,34.3027,0.002,0.2527,30.2317,31.5859,1775592908577111285
gestureclass,single_gestureclass,153.6809,34.1392,31.3947,30.1829,0.0021,0.7989,1.7354,2.7445,1775592908654952972
gestureclass,single_gestureclass,153.8883,35.1975,32.4774,31.2428,0.002,0.8064,1.7686,2.7201,1775592908862462567
gestureclass,single_gestureclass,153.9111,46.0243,32.8524,31.7132,0.0018,0.7313,12.2199,13.1719,1775592908895677324
gestureclass,single_gestureclass,153.9733,49.9551,47.2727,45.3439,0.0033,1.3063,1.6184,2.6824,1775592908947307782
gestureclass,single_gestureclass,154.0345,34.6971,32.0051,30.798,0.002,0.7941,1.7564,2.6919,1775592909008615323
gestureclass,single_gestureclass,154.0453,53.0193,28.3431,27.2474,0.0018,0.6965,23.7,24.6762,1775592909041318711
gestureclass,single_gestureclass,154.1055,29.248,26.7376,24.8929,0.0018,1.4738,1.585,2.5104,1775592909079433494
gestureclass,single_gestureclass,154.2761,33.2067,30.4666,29.299,0.0019,0.7494,1.7128,2.7401,1775592909250117706
gestureclass,single_gestureclass,154.3195,30.7016,28.1443,27.1115,0.0017,0.7084,1.5635,2.5573,1775592909293387358
gestureclass,single_gestureclass,154.3704,31.0214,28.3848,27.2915,0.0018,0.7087,1.6861,2.6366,1775592909344420162
gestureclass,single_gestureclass,154.3911,38.1384,27.2607,26.2332,0.0017,0.6612,9.949,10.8777,1775592909373415176
gestureclass,single_gestureclass,154.4156,40.1561,25.7052,24.7159,0.0014,0.3034,13.3824,14.451,1775592909401338651
gestureclass,single_gestureclass,154.4243,31.4448,25.7052,24.7159,0.0014,0.3034,4.6487,5.7396,1775592909401338651
gestureclass,single_gestureclass,154.7082,32.9659,30.2306,29.1408,0.0019,0.7506,1.7061,2.7352,1775592909682267323
gestureclass,single_gestureclass,154.7423,30.7987,28.2562,27.2214,0.0018,0.7117,1.5857,2.5425,1775592909716281038
gestureclass,single_gestureclass,154.7974,30.8022,28.1845,27.1403,0.0018,0.7073,1.6181,2.6177,1775592909771323980
gestureclass,single_gestureclass,154.9344,40.0488,37.4074,35.443,0.0033,1.3836,1.6601,2.6414,1775592909908439414
gestureclass,single_gestureclass,155.0057,36.6025,33.9132,31.8791,0.0019,1.6117,1.7378,2.6893,1775592909979779308
gestureclass,single_gestureclass,155.0205,52.129,29.4377,28.3688,0.0017,0.6813,21.718,22.6913,1775592910014523662
gestureclass,single_gestureclass,155.0655,33.5264,25.9229,24.87,0.0016,0.6547,6.6257,7.6035,1775592910044471624
gestureclass,single_gestureclass,155.0712,52.4476,24.1296,23.172,0.0015,0.6203,27.4205,28.3179,1775592910070967008
gestureclass,single_gestureclass,155.2099,31.178,28.6348,27.598,0.0018,0.7124,1.5659,2.5432,1775592910183830901
gestureclass,single_gestureclass,155.2336,35.2635,27.1731,26.1149,0.0017,0.6655,7.148,8.0904,1775592910213131266
gestureclass,single_gestureclass,155.3131,29.8464,27.263,26.2101,0.0018,0.6919,1.6184,2.5834,1775592910287078644
gestureclass,single_gestureclass,155.3872,31.841,29.1309,28.0605,0.0017,0.725,1.6689,2.7101,1775592910361188047
gestureclass,single_gestureclass,155.5133,37.9918,35.3217,34.0027,0.0021,0.9168,1.6665,2.6701,1775592910487312499
gestureclass,single_gestureclass,155.5211,63.3242,32.3586,31.2363,0.0017,0.3594,29.8641,30.9657,1775592910523272002
gestureclass,single_gestureclass,155.5278,56.6094,32.3586,31.2363,0.0017,0.3594,23.1266,24.2508,1775592910523272002
gestureclass,single_gestureclass,155.5966,29.6242,27.0901,26.0656,0.0018,0.7001,1.5645,2.5341,1775592910570528766
gestureclass,single_gestureclass,155.8486,34.3723,31.6823,30.5613,0.002,0.771,1.6642,2.69,1775592910822642993
gestureclass,single_gestureclass,155.9032,33.4809,30.8766,29.7239,0.002,0.7669,1.6077,2.6043,1775592910877173667
gestureclass,single_gestureclass,155.9379,32.6848,30.1699,29.1532,0.0018,0.6758,1.544,2.5149,1775592910911769882
gestureclass,single_gestureclass,155.9486,48.7714,26.1462,25.043,0.0016,0.6634,21.6599,22.6252,1775592910942601850
gestureclass,single_gestureclass,155.9768,46.4034,25.1846,24.2068,0.0016,0.6384,20.2866,21.2188,1775592910969401024
gestureclass,single_gestureclass,156.0046,44.3714,25.0696,24.1114,0.0015,0.3014,18.2543,19.3018,1775592910995166090
gestureclass,single_gestureclass,156.0046,44.3604,25.0696,24.1114,0.0015,0.3014,18.2219,19.2908,1775592910995166090
gestureclass,single_gestureclass,156.0434,29.6235,23.4992,22.5301,0.0015,0.6275,5.219,6.1243,1775592911020937801
gestureclass,single_gestureclass,156.1052,27.1468,24.7378,23.7315,0.0016,0.6606,1.4827,2.409,1775592911079037970
gestureclass,single_gestureclass,156.2166,31.6744,29.0685,28.008,0.0017,0.7292,1.6248,2.6058,1775592911190588693
gestureclass,single_gestureclass,156.4246,32.8641,30.2264,29.1293,0.002,0.754,1.6501,2.6377,1775592911398634643
gestureclass,single_gestureclass,156.4727,32.8951,30.2702,28.5247,0.0018,0.7139,1.657,2.6249,1775592911446720256
gestureclass,single_gestureclass,156.4745,59.6111,27.8193,26.7759,0.0018,0.6781,30.8177,31.7917,1775592911477623739
gestureclass,single_gestureclass,156.5098,50.3376,25.5625,24.5639,0.0016,0.6542,23.8647,24.775,1775592911506029087
gestureclass,single_gestureclass,156.5533,31.5197,24.1056,23.131,0.0015,0.6267,6.5346,7.414,1775592911532150902
gestureclass,single_gestureclass,156.607,27.0228,24.6023,23.6382,0.0016,0.6412,1.5035,2.4205,1775592911580848215
gestureclass,single_gestureclass,156.6247,33.7098,23.7231,22.7423,0.0015,0.63,9.0439,9.9867,1775592911606069728
gestureclass,single_gestureclass,156.7096,28.2238,25.8488,24.8612,0.0016,0.6805,1.4925,2.3749,1775592911683440121
gestureclass,single_gestureclass,156.779,30.2131,27.6922,26.6571,0.0018,0.6915,1.5702,2.5209,1775592911752968691
gestureclass,single_gestureclass,156.7907,46.17,27.0543,26.036,0.0017,0.6622,18.157,19.1157,1775592911781255853
gestureclass,single_gestureclass,156.9372,34.5409,31.8225,30.6506,0.0022,0.7907,1.6809,2.7184,1775592911911218575
gestureclass,single_gestureclass,157.041,33.6561,30.9738,29.0944,0.0019,1.5,1.6329,2.6823,1775592912014972553
gestureclass,single_gestureclass,157.0989,34.0021,31.3363,30.1852,0.0021,0.7714,1.6122,2.6657,1775592912072839873
gestureclass,single_gestureclass,157.1316,30.7114,28.1567,27.1361,0.0018,0.6932,1.5597,2.5547,1775592912105521958
gestureclass,single_gestureclass,157.2976,32.9401,30.2897,29.1734,0.0019,0.7719,1.6711,2.6505,1775592912271649702
gestureclass,single_gestureclass,157.5149,33.1337,30.3919,29.2403,0.0019,0.7549,1.7028,2.7418,1775592912488988024
gestureclass,single_gestureclass,157.6593,34.0416,31.32,30.1734,0.002,0.7876,1.6892,2.7216,1775592912633383565
gestureclass,single_gestureclass,157.7546,35.4564,32.7305,31.5266,0.0021,0.8257,1.6878,2.7259,1775592912728654340
gestureclass,single_gestureclass,157.8073,34.1432,31.5622,30.382,0.0019,0.8074,1.6165,2.581,1775592912781254395
gestureclass,single_gestureclass,157.8456,32.3787,29.7716,28.6589,0.0017,0.7275,1.6603,2.6071,1775592912819653918
gestureclass,single_gestureclass,157.8494,56.4041,26.9634,25.9454,0.0015,0.3149,28.3637,29.4407,1775592912850101719
gestureclass,single_gestureclass,157.8711,34.6975,26.9634,25.9454,0.0015,0.3149,6.635,7.7341,1775592912850101719
gestureclass,single_gestureclass,158.0121,45.5458,42.9226,40.307,0.0026,2.0839,1.6298,2.6232,1775592912986063395
gestureclass,single_gestureclass,158.0438,48.0478,33.4841,32.2277,0.0021,0.8144,13.5875,14.5637,1775592913029762774
gestureclass,single_gestureclass,158.0588,61.7986,28.1065,27.07,0.0017,0.6623,32.7115,33.6921,1775592913063848379
gestureclass,single_gestureclass,158.1608,30.2253,27.766,26.7137,0.0016,0.6902,1.5662,2.4593,1775592913134722089
gestureclass,single_gestureclass,158.1715,47.091,26.8801,25.83,0.0018,0.6526,19.264,20.2109,1775592913163148564
gestureclass,single_gestureclass,158.2408,28.5673,26.1221,25.1515,0.0017,0.6515,1.5526,2.4452,1775592913214738998
gestureclass,single_gestureclass,158.2486,47.5788,26.0474,25.0627,0.0016,0.6417,20.5448,21.5314,1775592913241455889
gestureclass,single_gestureclass,158.2846,37.3006,24.8214,23.8487,0.0016,0.1992,11.2119,12.4792,1775592913268164129
gestureclass,single_gestureclass,158.2852,36.7541,24.8214,23.8487,0.0016,0.1992,10.644,11.9327,1775592913268164129
gestureclass,single_gestureclass,158.2909,31.0962,24.8214,23.8487,0.0016,0.1992,4.9541,6.2748,1775592913268164129
gestureclass,single_gestureclass,158.4152,32.2492,29.6404,28.579,0.0018,0.7257,1.6522,2.6088,1775592913389205430
gestureclass,single_gestureclass,158.4379,40.019,29.8405,28.7964,0.0017,0.6804,9.1901,10.1786,1775592913419472824
gestureclass,single_gestureclass,158.4922,28.2946,25.8408,24.8629,0.0018,0.6537,1.5202,2.4538,1775592913466033350
gestureclass,single_gestureclass,158.7689,33.6282,31.0071,29.1423,0.0021,0.7588,1.6448,2.6212,1775592913742884089
gestureclass,single_gestureclass,158.8467,34.0466,31.3897,30.2439,0.0019,0.7738,1.6761,2.657,1775592913820758606
gestureclass,single_gestureclass,158.898,32.7973,30.2575,29.1298,0.0019,0.7533,1.5795,2.5399,1775592913871927429
gestureclass,single_gestureclass,158.942,38.0645,35.5314,34.3982,0.002,0.7851,1.5745,2.533,1775592913915933530
gestureclass,single_gestureclass,159.0693,33.011,30.3227,29.2287,0.0017,0.7525,1.6928,2.6882,1775592914043363115
gestureclass,single_gestureclass,159.1426,34.1272,31.3813,30.2174,0.0021,0.7725,1.7188,2.7459,1775592914116632667
gestureclass,single_gestureclass,159.2329,34.7273,32.0177,30.8031,0.002,0.8035,1.6944,2.7097,1775592914206961166
gestureclass,single_gestureclass,159.3649,34.8127,32.0874,30.8688,0.0021,0.79,1.7056,2.7253,1775592914338982355
gestureclass,single_gestureclass,159.486,36.2797,33.5563,32.2279,0.002,0.8685,1.7352,2.7234,1775592914460078942
gestureclass,single_gestureclass,159.5265,33.0381,30.4702,29.3368,0.002,0.7739,1.6258,2.5679,1775592914500462869
gestureclass,single_gestureclass,159.5967,33.7098,31.1376,29.267,0.002,1.5007,1.6088,2.5722,1775592914570695250
gestureclass,single_gestureclass,159.6255,33.6173,27.9742,26.9243,0.0017,0.6679,4.6985,5.643,1775592914602526306
gestureclass,single_gestureclass,159.8655,32.8872,30.2313,29.1338,0.0017,0.7554,1.642,2.6559,1775592914839463797
gestureclass,single_gestureclass,159.9466,45.5031,42.7652,40.9896,0.0029,1.25,1.6761,2.7379,1775592914920601855
gestureclass,single_gestureclass,159.9533,73.8773,34.4548,33.1549,0.0018,0.794,38.4839,39.4225,1775592914964168094
gestureclass,single_gestureclass,160.1515,34.5969,31.9299,30.7791,0.0019,0.7909,1.658,2.667,1775592915125511888
gestureclass,single_gestureclass,160.1623,55.9638,31.4949,30.3494,0.0018,0.7241,23.5357,24.4688,1775592915158155902
gestureclass,single_gestureclass,160.2584,33.5474,30.9131,29.8259,0.0018,0.7481,1.6351,2.6343,1775592915232433405
gestureclass,single_gestureclass,160.2612,60.2098,28.4496,27.35,0.0018,0.2168,30.4186,31.7601,1775592915263984490
gestureclass,single_gestureclass,160.2759,45.5015,28.4496,27.35,0.0018,0.2168,15.6879,17.0519,1775592915263984490
gestureclass,single_gestureclass,160.2787,42.7854,28.4496,27.35,0.0018,0.2168,12.9406,14.3358,1775592915263984490
gestureclass,single_gestureclass,160.2904,57.5941,26.0909,24.9988,0.0016,0.6704,30.6218,31.5031,1775592915293406769
gestureclass,single_gestureclass,160.3237,50.5917,25.4639,23.9075,0.0016,0.5906,24.0436,25.1278,1775592915320072086
gestureclass,single_gestureclass,160.3434,30.9033,25.4639,23.9075,0.0016,0.5906,4.3337,5.4394,1775592915320072086
gestureclass,single_gestureclass,160.5586,39.5992,36.9207,35.5635,0.0024,0.9181,1.7216,2.6785,1775592915532714833
gestureclass,single_gestureclass,160.5634,67.7481,32.2246,31.0211,0.002,0.7832,34.5857,35.5234,1775592915570377011
gestureclass,single_gestureclass,160.6994,34.6627,32.0037,30.8225,0.002,0.8109,1.6418,2.6591,1775592915673419766
gestureclass,single_gestureclass,160.7393,34.0459,31.4708,30.3351,0.0019,0.7668,1.6181,2.5751,1775592915713268361
gestureclass,single_gestureclass,160.75,52.9025,28.3981,27.382,0.0016,0.3137,23.0989,24.5044,1775592915745460099
gestureclass,single_gestureclass,160.7527,50.2083,28.3981,27.382,0.0016,0.3137,20.3807,21.8102,1775592915745460099
gestureclass,single_gestureclass,160.7745,54.1604,25.5294,24.55,0.0016,0.6256,27.7064,28.631,1775592915774604887
gestureclass,single_gestureclass,160.8023,51.9102,24.7115,23.7281,0.0015,0.3023,26.1385,27.1987,1775592915800800167
gestureclass,single_gestureclass,160.8183,35.9323,24.7115,23.7281,0.0015,0.3023,10.1383,11.2208,1775592915800800167
gestureclass,single_gestureclass,160.8654,26.521,24.1336,23.2071,0.0016,0.6326,1.4706,2.3873,1775592915839266348
gestureclass,single_gestureclass,160.8771,39.0067,23.6164,22.6414,0.0015,0.6372,14.467,15.3903,1775592915863962643
gestureclass,single_gestureclass,160.9354,28.2135,25.8167,24.7258,0.0017,0.7066,1.4527,2.3968,1775592915909153316
gestureclass,single_gestureclass,160.951,37.6177,24.485,23.521,0.0016,0.6187,12.1772,13.1327,1775592915935576070
gestureclass,single_gestureclass,161.114,32.8305,30.209,29.1147,0.0018,0.7422,1.621,2.6215,1775592916087947745
gestureclass,single_gestureclass,161.215,34.3754,31.5761,30.2687,0.0103,0.8385,1.6477,2.7993,1775592916189028717
gestureclass,single_gestureclass,161.2706,33.5097,30.7393,29.604,0.002,0.773,1.8003,2.7704,1775592916244772798
gestureclass,single_gestureclass,161.3784,33.0691,30.2957,29.167,0.002,0.7599,1.7204,2.7735,1775592916352441356
gestureclass,single_gestureclass,161.4277,33.9329,31.285,29.062,0.002,1.8535,1.6456,2.6479,1775592916401651673
gestureclass,single_gestureclass,161.5178,42.3594,39.6587,38.0622,0.0028,1.065,1.6825,2.7007,1775592916491846404
gestureclass,single_gestureclass,161.5286,66.3588,34.0394,32.8094,0.002,0.763,31.3494,32.3194,1775592916532270146
gestureclass,single_gestureclass,161.6091,31.8778,29.4018,28.2527,0.0019,0.7807,1.5247,2.4759,1775592916583016978
gestureclass,single_gestureclass,161.6219,47.7638,27.743,26.6469,0.0016,0.3259,18.9211,20.0209,1775592916613138962
gestureclass,single_gestureclass,161.6347,34.9495,27.743,26.6469,0.0016,0.3259,6.0847,7.2066,1775592916613138962
gestureclass,single_gestureclass,161.7279,31.5518,28.955,27.1783,0.0019,0.7175,1.5888,2.5968,1775592916701832875
gestureclass,single_gestureclass,161.7977,32.6126,29.5375,28.4631,0.0017,0.7281,2.1131,3.0751,1775592916772123045
gestureclass,single_gestureclass,161.7977,62.7484,29.3375,27.9052,0.0017,0.5055,32.32,33.411,1775592916802365117
gestureclass,single_gestureclass,161.8038,56.695,29.3375,27.9052,0.0017,0.5055,26.2446,27.3575,1775592916802365117
gestureclass,single_gestureclass,161.8575,28.6887,25.1029,24.0831,0.0017,0.66,2.6786,3.5858,1775592916832503378
gestureclass,single_gestureclass,162.0295,37.8795,35.302,33.9976,0.0024,0.8874,1.6685,2.5775,1775592917003499907
gestureclass,single_gestureclass,162.0876,32.3749,29.4885,28.4102,0.0019,0.7142,1.6277,2.8864,1775592917061553953
gestureclass,single_gestureclass,162.0983,50.1649,28.1288,27.0689,0.0017,0.6647,21.0929,22.0361,1775592917091756263
gestureclass,single_gestureclass,162.1191,54.9653,24.9288,23.9204,0.0017,0.6512,29.1059,30.0365,1775592917120536821
gestureclass,single_gestureclass,162.2052,28.0755,25.6376,24.6642,0.0016,0.6672,1.5121,2.4379,1775592917179080670
gestureclass,single_gestureclass,162.2795,30.2792,27.7929,26.7622,0.0017,0.6966,1.5757,2.4862,1775592917253424214
gestureclass,single_gestureclass,162.2902,48.9182,28.5807,26.677,0.0017,1.5388,19.2273,20.3376,1775592917281802100
gestureclass,single_gestureclass,162.331,34.1191,25.2878,24.32,0.0015,0.3034,7.7929,8.8313,1775592917311120647
gestureclass,single_gestureclass,162.3367,28.4541,25.2878,24.32,0.0015,0.3034,2.1069,3.1662,1775592917311120647
gestureclass,single_gestureclass,162.4804,39.0942,36.3981,35.0408,0.0023,0.9223,1.6863,2.6961,1775592917454424434
gestureclass,single_gestureclass,162.6037,33.0696,30.3732,29.277,0.0019,0.7327,1.7276,2.6964,1775592917577810823
gestureclass,single_gestureclass,162.8992,33.3631,30.7652,29.6515,0.0021,0.7525,1.6384,2.5979,1775592917873211299
gestureclass,single_gestureclass,162.9758,34.8055,32.0436,30.8147,0.0022,0.8095,1.7412,2.7619,1775592917949890818
gestureclass,single_gestureclass,163.0568,35.6381,32.918,31.4789,0.002,0.8116,1.9686,2.7201,1775592918031153781
gestureclass,single_gestureclass,163.0575,66.8867,30.9947,29.8719,0.0018,0.7335,34.9407,35.892,1775592918064747262
gestureclass,single_gestureclass,163.1047,46.3903,26.149,25.1493,0.0016,0.6495,19.3224,20.2413,1775592918096360275
gestureclass,single_gestureclass,163.3234,34.4398,31.7416,30.4562,0.002,0.7466,1.6665,2.6982,1775592918297432765
gestureclass,single_gestureclass,163.324,67.5647,32.9005,30.9389,0.0019,0.4913,33.5894,34.6643,1775592918329981292
gestureclass,single_gestureclass,163.3258,66.1004,32.9005,30.9389,0.0019,0.4913,31.8727,33.1999,1775592918329981292
gestureclass,single_gestureclass,163.3486,43.3297,32.9005,30.9389,0.0019,0.4913,9.0814,10.4292,1775592918329981292
gestureclass,single_gestureclass,163.4611,44.0729,41.3685,39.735,0.0027,1.0839,1.6756,2.7043,1775592918435153502
gestureclass,single_gestureclass,163.6385,33.6361,30.8979,29.7508,0.0019,0.7721,1.7078,2.7382,1775592918612555810
gestureclass,single_gestureclass,163.8905,35.2752,32.5758,31.3706,0.002,0.7889,1.6913,2.6994,1775592918864557543
gestureclass,single_gestureclass,163.9103,50.2424,33.2852,32.1347,0.0019,0.7216,15.2032,16.9572,1775592918897828321
gestureclass,single_gestureclass,164.1629,52.7108,49.927,47.9892,0.0032,1.3088,1.7478,2.7838,1775592919137005347
gestureclass,single_gestureclass,164.1776,84.0797,45.2257,43.7305,0.0024,0.3197,37.7095,38.854,1775592919187704489
gestureclass,single_gestureclass,164.1994,62.335,45.2257,43.7305,0.0024,0.3197,15.9409,17.1093,1775592919187704489
gestureclass,single_gestureclass,164.2032,58.7928,45.2257,43.7305,0.0024,0.3197,12.1679,13.5671,1775592919187704489
gestureclass,single_gestureclass,164.2398,58.1567,35.1808,33.9214,0.0017,0.3449,21.8267,22.976,1775592919234006102
gestureclass,single_gestureclass,164.2546,43.4134,35.1808,33.9214,0.0017,0.3449,7.0612,8.2326,1775592919234006102
gestureclass,single_gestureclass,164.2603,65.4802,27.2072,26.0838,0.0017,0.6795,37.3304,38.273,1775592919270027882
gestureclass,single_gestureclass,164.3581,29.0551,26.5529,25.5265,0.0016,0.6769,1.5597,2.5022,1775592919331981750
gestureclass,single_gestureclass,164.4213,29.9451,27.3012,26.2424,0.0018,0.6974,1.6375,2.6439,1775592919395321867
gestureclass,single_gestureclass,164.5055,36.211,33.4939,32.2631,0.0022,0.8083,1.7312,2.7171,1775592919479580549
gestureclass,single_gestureclass,164.5143,57.363,29.1839,28.1116,0.0018,0.6778,27.2048,28.1791,1775592919513812290
gestureclass,single_gestureclass,164.5838,29.5193,26.9686,25.9339,0.0016,0.6811,1.6205,2.5508,1775592919557804150
gestureclass,single_gestureclass,164.5986,40.544,25.1315,24.1272,0.0016,0.6628,14.4541,15.4125,1775592919585377426
gestureclass,single_gestureclass,164.6793,28.4595,25.8868,24.8827,0.0016,0.6544,1.605,2.5728,1775592919653283897
gestureclass,single_gestureclass,164.8191,33.9489,31.228,30.0984,0.0018,0.754,1.6842,2.7209,1775592919793104520
gestureclass,single_gestureclass,164.8438,41.971,32.0437,30.9721,0.0016,0.3268,8.8191,9.9272,1775592919824974260
gestureclass,single_gestureclass,164.8496,36.2313,32.0437,30.9721,0.0016,0.3268,3.0568,4.1875,1775592919824974260
gestureclass,single_gestureclass,164.8562,55.9459,25.7921,24.7796,0.0016,0.6558,29.2087,30.1538,1775592919857783097
gestureclass,single_gestureclass,164.9784,35.9364,33.3341,32.0588,0.0021,0.8697,1.6141,2.6022,1775592919952369088
gestureclass,single_gestureclass,165.2067,33.8469,31.1872,30.0765,0.002,0.7503,1.6804,2.6596,1775592920180729059
gestureclass,single_gestureclass,165.2105,62.9358,32.1089,30.3763,0.0017,0.3355,29.762,30.827,1775592920212565807
gestureclass,single_gestureclass,165.2262,47.1811,32.1089,30.3763,0.0017,0.3355,13.9859,15.0723,1775592920212565807
gestureclass,single_gestureclass,165.3276,33.9618,31.3459,30.231,0.0019,0.7402,1.6727,2.6159,1775592920301658197
gestureclass,single_gestureclass,165.564,34.0338,31.2707,30.1522,0.002,0.7697,1.7529,2.7631,1775592920538068923
gestureclass,single_gestureclass,165.5917,38.2981,30.8682,29.7445,0.0018,0.6934,6.0089,7.43,1775592920570053776
gestureclass,single_gestureclass,165.6292,28.9564,26.2672,25.2369,0.0017,0.6715,1.7684,2.6892,1775592920603332497
gestureclass,single_gestureclass,165.6984,29.6202,27.104,26.0766,0.0018,0.7067,1.555,2.5162,1775592920672284699
gestureclass,single_gestureclass,165.9224,32.7294,30.1533,29.0566,0.002,0.7558,1.5945,2.5761,1775592920896302456
gestureclass,single_gestureclass,166.0624,34.3103,31.5661,30.3664,0.0022,0.7701,1.7657,2.7443,1775592921036473749
gestureclass,single_gestureclass,166.1419,35.4247,32.7637,31.5853,0.0021,0.8129,1.6553,2.661,1775592921115904686
gestureclass,single_gestureclass,166.1446,64.1043,30.5735,29.4996,0.0017,0.3263,32.4299,33.5308,1775592921149417839
gestureclass,single_gestureclass,166.1464,62.3841,30.5735,29.4996,0.0017,0.3263,30.6871,31.8106,1775592921149417839
gestureclass,single_gestureclass,166.27,34.2076,31.5876,29.2066,0.0019,1.9597,1.7045,2.62,1775592921244049520
gestureclass,single_gestureclass,166.3017,31.5485,28.4796,27.4178,0.0018,0.6966,2.1486,3.0689,1775592921276225860
gestureclass,single_gestureclass,166.3525,29.4666,26.9916,26.0015,0.0017,0.6779,1.5094,2.475,1775592921326345431
gestureclass,single_gestureclass,166.3772,30.8306,25.3895,24.3198,0.0016,0.6552,4.4949,5.4412,1775592921354047977
gestureclass,single_gestureclass,166.4102,26.5925,24.184,23.2242,0.0016,0.6631,1.4753,2.4085,1775592921384060462
gestureclass,single_gestureclass,166.4751,32.6474,30.2092,29.0121,0.0021,0.8084,1.4789,2.4381,1775592921448880439
gestureclass,single_gestureclass,166.5659,33.4537,30.7687,29.6534,0.002,0.7538,1.6596,2.685,1775592921539955423
gestureclass,single_gestureclass,166.5957,33.6888,29.3576,27.8925,0.0018,1.0658,3.3839,4.3312,1775592921571433947
gestureclass,single_gestureclass,166.6266,29.3732,26.0109,25.0003,0.0016,0.6636,2.4326,3.3623,1775592921601383636
gestureclass,single_gestureclass,166.6496,31.404,24.405,23.4168,0.0017,0.645,6.0301,6.9991,1775592921627969460
gestureclass,single_gestureclass,166.7042,27.0462,24.6313,23.6669,0.0016,0.6482,1.4701,2.4149,1775592921678025851
gestureclass,single_gestureclass,166.7724,28.9412,26.4095,25.4322,0.0017,0.6689,1.5562,2.5316,1775592921746354896
gestureclass,single_gestureclass,166.8226,28.2261,25.7511,24.7774,0.0017,0.666,1.5388,2.4751,1775592921796485971
gestureclass,single_gestureclass,166.8671,27.7719,25.3556,24.3979,0.0015,0.6547,1.5197,2.4164,1775592921840919307
gestureclass,single_gestureclass,166.935,30.6907,28.1922,27.0998,0.0019,0.7364,1.5073,2.4985,1775592921908899044
gestureclass,single_gestureclass,166.9568,36.2828,26.6709,25.6478,0.0015,0.6547,8.6682,9.6118,1775592921937779836
gestureclass,single_gestureclass,166.9889,28.7373,24.0945,23.1381,0.0015,0.6183,3.7255,4.6428,1775592921965008910
gestureclass,single_gestureclass,167.0489,27.4889,24.7439,23.7933,0.0016,0.6498,1.4791,2.7451,1775592922022742580
gestureclass,single_gestureclass,167.0759,26.336,23.7586,22.825,0.0016,0.6295,1.6568,2.5773,1775592922049907687
gestureclass,single_gestureclass,167.1194,26.5286,24.1167,23.1843,0.0016,0.6358,1.4706,2.4118,1775592922093224669
gestureclass,single_gestureclass,167.2412,31.7349,29.1182,28.0237,0.0019,0.7339,1.6088,2.6168,1775592922215140905
gestureclass,single_gestureclass,167.2891,34.9021,32.3822,31.2363,0.002,0.7913,1.5352,2.5198,1775592922263011787
gestureclass,single_gestureclass,167.2909,62.3007,28.3041,27.2763,0.0015,0.3188,32.876,33.9965,1775592922296078790
gestureclass,single_gestureclass,167.3056,47.5996,28.3041,27.2763,0.0015,0.3188,18.1532,19.2954,1775592922296078790
gestureclass,single_gestureclass,167.4064,33.1409,30.5723,29.4216,0.0019,0.7856,1.5757,2.5686,1775592922380329643
gestureclass,single_gestureclass,167.4271,41.6934,28.7718,27.7331,0.0016,0.6686,12.0978,12.9217,1775592922411588054
gestureclass,single_gestureclass,167.5081,28.682,26.4323,25.448,0.0017,0.6642,1.3239,2.2497,1775592922481740193
gestureclass,single_gestureclass,167.583,33.0086,30.1349,28.8319,0.002,0.8479,1.6115,2.8737,1775592922556924371
gestureclass,single_gestureclass,167.6852,34.3144,31.2407,30.0994,0.0019,0.7674,2.0559,3.0737,1775592922659608840
gestureclass,single_gestureclass,167.7447,34.8544,32.2327,31.0942,0.0019,0.7786,1.6456,2.6217,1775592922718726013
gestureclass,single_gestureclass,167.7575,53.1356,30.2678,29.2229,0.0016,0.3261,21.7807,22.8679,1775592922751627563
gestureclass,single_gestureclass,167.7683,42.3663,30.2678,29.2229,0.0016,0.3261,10.9885,12.0985,1775592922751627563
gestureclass,single_gestureclass,167.7818,56.2751,26.6433,25.6305,0.0015,0.3158,28.5738,29.6318,1775592922782713008
gestureclass,single_gestureclass,167.7935,44.5435,26.6433,25.6305,0.0015,0.3158,16.8214,17.9002,1775592922782713008
gestureclass,single_gestureclass,167.8493,28.1787,25.8132,24.2343,0.0017,0.6356,1.4381,2.3655,1775592922823080330
gestureclass,single_gestureclass,167.858,43.8535,23.7631,22.792,0.0015,0.6354,19.1503,20.0904,1775592922849485293
gestureclass,single_gestureclass,168.0211,36.9468,34.2948,32.9889,0.0022,0.8813,1.642,2.652,1775592922995132336
gestureclass,single_gestureclass,168.1163,33.3567,30.705,29.5973,0.0019,0.7379,1.657,2.6517,1775592923090307315
gestureclass,single_gestureclass,168.1321,47.5023,29.2117,28.1306,0.0017,0.6846,17.3376,18.2906,1775592923121740967
gestureclass,single_gestureclass,168.2268,31.7531,29.1953,28.1323,0.0019,0.7283,1.5917,2.5577,1775592923200725679
gestureclass,single_gestureclass,168.2597,29.825,27.2824,26.2571,0.0017,0.6764,1.5693,2.5426,1775592923233664432
gestureclass,single_gestureclass,168.3518,32.9268,30.208,29.1112,0.002,0.7376,1.693,2.7187,1775592923325843785
gestureclass,single_gestureclass,168.482,33.2937,30.5859,29.4938,0.0018,0.7506,1.6572,2.7078,1775592923455999323
gestureclass,single_gestureclass,168.4857,60.5934,30.074,28.974,0.0018,0.6928,29.2075,30.5194,1775592923487291220
gestureclass,single_gestureclass,168.5455,29.6438,27.2081,25.6168,0.0015,0.6654,1.4861,2.4357,1775592923519322578
gestureclass,single_gestureclass,168.5625,38.8761,25.5559,24.5796,0.0015,0.3076,12.2375,13.3201,1775592923547115004
gestureclass,single_gestureclass,168.5702,31.1904,25.5559,24.5796,0.0015,0.3076,4.5297,5.6345,1775592923547115004
gestureclass,single_gestureclass,168.8659,32.9187,30.2507,29.155,0.002,0.736,1.6539,2.668,1775592923839877503
gestureclass,single_gestureclass,168.933,36.36,33.7288,32.1141,0.0027,1.1065,1.6015,2.6312,1775592923906956340
gestureclass,single_gestureclass,168.9816,32.8794,30.193,29.0573,0.002,0.7511,1.7142,2.6864,1775592923955642472
gestureclass,single_gestureclass,169.1057,33.4315,30.7718,29.6411,0.0018,0.7503,1.6632,2.6597,1775592924079735748
gestureclass,single_gestureclass,169.1125,57.929,30.622,29.5249,0.0017,0.7053,26.3691,27.307,1775592924111219588
gestureclass,single_gestureclass,169.1454,51.2729,25.58,24.5654,0.0017,0.6504,24.7271,25.6929,1775592924142433863
gestureclass,single_gestureclass,169.2368,29.156,26.6145,25.5805,0.0016,0.6774,1.5767,2.5415,1775592924210765442
gestureclass,single_gestureclass,169.2802,28.7976,26.3058,25.3284,0.0017,0.6662,1.5368,2.4919,1775592924254087910
gestureclass,single_gestureclass,169.2949,40.1299,25.527,23.9235,0.0016,1.2467,13.706,14.6029,1775592924280971295
gestureclass,single_gestureclass,169.3402,26.1426,23.7569,22.7831,0.0015,0.6344,1.4527,2.3857,1775592924314050763
gestureclass,single_gestureclass,169.4226,28.4035,25.8792,24.8651,0.0016,0.6648,1.5659,2.5243,1775592924396524608
gestureclass,single_gestureclass,169.4662,27.6926,25.2395,24.2821,0.0017,0.6539,1.5333,2.4531,1775592924440100822
gestureclass,single_gestureclass,169.5241,28.8136,26.3159,25.334,0.0016,0.6648,1.5409,2.4977,1775592924498025809
gestureclass,single_gestureclass,169.5299,49.5095,25.8253,24.8193,0.0015,0.6572,22.7602,23.6842,1775592924524966681
gestureclass,single_gestureclass,169.6196,28.7635,25.7693,24.7962,0.0017,0.6653,2.069,2.9942,1775592924593999214
gestureclass,single_gestureclass,169.6196,54.7774,25.4181,24.4338,0.0017,0.6444,28.4073,29.3592,1775592924620370601
gestureclass,single_gestureclass,169.7476,31.1122,28.5475,27.5188,0.0016,0.6909,1.5941,2.5647,1775592924721573857
gestureclass,single_gestureclass,169.7524,54.8966,27.9142,26.8678,0.0016,0.6669,26.0587,26.9824,1775592924750782456
gestureclass,single_gestureclass,169.8395,29.0878,26.5891,25.5872,0.0017,0.6656,1.5314,2.4986,1775592924813366645
gestureclass,single_gestureclass,169.8928,31.6174,29.0867,27.2762,0.0018,0.7445,1.559,2.5307,1775592924866692014
gestureclass,single_gestureclass,170.0056,37.322,34.7092,33.444,0.0021,0.8513,1.6291,2.6128,1775592924979626438
gestureclass,single_gestureclass,170.0174,56.6568,30.5263,29.3345,0.0018,0.7533,25.1973,26.1305,1775592925014959845
gestureclass,single_gestureclass,170.1443,33.3462,30.691,29.5715,0.0131,0.7552,1.616,2.6552,1775592925118274424
gestureclass,single_gestureclass,170.1819,32.2554,29.72,28.6439,0.002,0.7309,1.5438,2.5355,1775592925155778422
gestureclass,single_gestureclass,170.2153,29.4259,27.0145,26.0244,0.0016,0.664,1.466,2.4114,1775592925189161029
gestureclass,single_gestureclass,170.2331,37.4579,25.2117,24.2144,0.0016,0.6397,11.3454,12.2462,1775592925216759058
gestureclass,single_gestureclass,170.2818,26.9222,24.5119,23.5843,0.0017,0.6292,1.5049,2.4104,1775592925255608638
gestureclass,single_gestureclass,170.3279,26.5636,24.2029,23.2429,0.0017,0.6375,1.4369,2.3607,1775592925301683505
gestureclass,single_gestureclass,170.4327,31.6563,29.0784,27.8807,0.002,0.8223,1.5609,2.5778,1775592925406613921
gestureclass,single_gestureclass,170.4404,53.2765,28.7432,27.0595,0.0016,1.3063,23.5937,24.5333,1775592925436378373
gestureclass,single_gestureclass,170.5389,30.1259,27.6314,26.6028,0.0017,0.6954,1.5514,2.4945,1775592925512832561
gestureclass,single_gestureclass,170.5546,42.0368,26.961,25.9226,0.0016,0.6511,14.1382,15.0758,1775592925541125569
gestureclass,single_gestureclass,170.6019,27.4978,25.0754,24.1236,0.0015,0.6499,1.4794,2.4224,1775592925575730472
gestureclass,single_gestureclass,170.6166,37.4837,24.0068,23.0114,0.0016,0.6353,12.5253,13.4769,1775592925601465700
gestureclass,single_gestureclass,170.6643,26.1126,23.7526,22.8265,0.0016,0.631,1.425,2.3599,1775592925638061904
gestureclass,single_gestureclass,170.7967,33.3085,30.6937,29.5994,0.0018,0.7524,1.6167,2.6148,1775592925770638820
gestureclass,single_gestureclass,170.7984,61.9822,29.8177,28.7507,0.0016,0.7002,31.1611,32.1644,1775592925801948519
gestureclass,single_gestureclass,171.0138,38.7037,36.0258,34.7193,0.0023,0.8863,1.678,2.6779,1775592925987787746
gestureclass,single_gestureclass,171.0285,58.5346,33.7737,32.467,0.002,0.4133,23.6592,24.7609,1775592926024531550
gestureclass,single_gestureclass,171.0323,54.7814,33.7737,32.467,0.002,0.4133,19.8839,21.0077,1775592926024531550
gestureclass,single_gestureclass,171.0983,32.1791,29.7081,27.9096,0.0018,1.4161,1.5435,2.471,1775592926072180990
gestureclass,single_gestureclass,171.107,50.2799,26.0438,24.9964,0.0017,0.6729,23.2308,24.2361,1775592926102580378
gestureclass,single_gestureclass,171.2906,32.8908,30.2536,29.1604,0.0019,0.7505,1.6634,2.6372,1775592926264592359
gestureclass,single_gestureclass,171.5098,33.8953,31.2605,29.7432,0.0019,1.1183,1.7276,2.6347,1775592926483912643
gestureclass,single_gestureclass,171.5266,46.3622,28.3519,27.3541,0.0015,0.3331,16.9625,18.0103,1775592926515907591
gestureclass,single_gestureclass,171.5413,31.7721,28.3519,27.3541,0.0015,0.3331,2.218,3.4203,1775592926515907591
gestureclass,single_gestureclass,171.7555,34.0245,31.3547,30.1977,0.0018,0.7725,1.708,2.6697,1775592926729518852
gestureclass,single_gestureclass,171.7622,59.88,31.8596,30.804,0.0017,0.3383,26.9542,28.0204,1775592926761523544
gestureclass,single_gestureclass,171.777,45.1689,31.8596,30.804,0.0017,0.3383,12.2209,13.3093,1775592926761523544
gestureclass,single_gestureclass,172.0025,51.1787,48.4,46.4669,0.0032,1.3005,1.7116,2.7787,1775592926976529170
gestureclass,single_gestureclass,172.0639,35.6884,32.9622,31.7893,0.0021,0.8021,1.7383,2.7262,1775592927037985695
gestureclass,single_gestureclass,172.0816,50.4467,31.7218,30.6264,0.0017,0.3483,17.6079,18.7249,1775592927071595530
gestureclass,single_gestureclass,172.0884,43.7119,31.7218,30.6264,0.0017,0.3483,10.8502,11.9901,1775592927071595530
gestureclass,single_gestureclass,172.1098,48.2314,25.4197,24.3879,0.0016,0.6482,21.9414,22.8117,1775592927104081803
gestureclass,single_gestureclass,172.2543,33.9513,31.2589,30.1621,0.0019,0.7569,1.7073,2.6923,1775592927228345987
gestureclass,single_gestureclass,172.3464,32.9969,30.2937,29.1486,0.0018,0.7494,1.7374,2.7032,1775592927320506998
gestureclass,single_gestureclass,172.3956,32.3155,29.6137,28.5219,0.0017,0.7302,1.7092,2.7018,1775592927369693533
gestureclass,single_gestureclass,172.4044,52.4364,28.3366,27.271,0.0018,0.6909,23.181,24.0997,1775592927399918122
gestureclass,single_gestureclass,172.4352,50.1945,27.7515,26.7656,0.0015,0.3146,21.3501,22.443,1775592927428853085
gestureclass,single_gestureclass,172.4509,34.4908,27.7515,26.7656,0.0015,0.3146,5.6252,6.7393,1775592927428853085
gestureclass,single_gestureclass,172.4956,27.0538,24.6797,23.7354,0.0017,0.6279,1.4617,2.3741,1775592927469387251
gestureclass,single_gestureclass,172.5378,26.5198,24.2267,23.2614,0.0017,0.6258,1.4527,2.293,1775592927511634782
gestureclass,single_gestureclass,172.5635,26.2599,23.876,22.938,0.0015,0.6274,1.4555,2.3839,1775592927537334051
gestureclass,single_gestureclass,172.5715,42.4469,23.5805,22.5992,0.0016,0.6336,17.9789,18.8664,1775592927561877740
gestureclass,single_gestureclass,172.6242,26.6368,23.7806,22.8487,0.0016,0.6363,1.9355,2.8562,1775592927598483486
gestureclass,single_gestureclass,172.6242,51.3995,24.2329,22.6277,0.0016,0.6301,26.3159,27.1666,1775592927622895690
gestureclass,single_gestureclass,172.7399,29.0132,26.4869,25.4952,0.0016,0.6801,1.5647,2.5263,1775592927713792390
gestureclass,single_gestureclass,172.8091,29.7351,27.2353,26.212,0.0018,0.6882,1.5349,2.4998,1775592927782975256
gestureclass,single_gestureclass,172.8821,31.5874,29.0377,27.948,0.0019,0.7163,1.5531,2.5497,1775592927855982369
gestureclass,single_gestureclass,172.9329,31.7621,29.2094,28.1289,0.0018,0.7292,1.5643,2.5527,1775592927906822833
gestureclass,single_gestureclass,173.0429,34.0462,31.3869,30.244,0.0021,0.7836,1.6327,2.6593,1775592928016912997
gestureclass,single_gestureclass,173.1632,33.9725,31.3148,30.1643,0.002,0.7891,1.6341,2.6577,1775592928137210173
gestureclass,single_gestureclass,173.2124,33.4039,30.8783,29.7525,0.0019,0.7608,1.586,2.5255,1775592928186355404
gestureclass,single_gestureclass,173.2212,53.148,27.8077,26.7652,0.0017,0.6779,24.3201,25.3403,1775592928217838416
gestureclass,single_gestureclass,173.253,46.8187,24.9905,23.9935,0.0015,0.6525,20.8948,21.8282,1775592928246289604
gestureclass,single_gestureclass,173.3771,32.4237,29.8337,28.01,0.0019,1.4752,1.5962,2.5901,1775592928351056147
gestureclass,single_gestureclass,173.4748,33.3936,30.1507,29.0337,0.0019,0.7517,2.2602,3.243,1775592928449378302
gestureclass,single_gestureclass,173.4748,63.5471,29.5106,28.4151,0.0018,0.7107,33.0625,34.0366,1775592928480215794
gestureclass,single_gestureclass,173.5274,37.5402,26.0156,24.9859,0.0016,0.6597,10.6099,11.5246,1775592928510324270
gestureclass,single_gestureclass,173.5466,43.154,24.1735,23.2194,0.0015,0.616,18.0089,18.9805,1775592928536909342
gestureclass,single_gestureclass,173.6379,28.6343,26.1859,25.1856,0.0016,0.6493,1.4937,2.4484,1775592928611777721
gestureclass,single_gestureclass,173.6446,48.0826,25.431,24.4092,0.0016,0.6339,21.6877,22.6516,1775592928638665131
gestureclass,single_gestureclass,173.7309,27.6728,25.2427,24.2843,0.0017,0.6428,1.5006,2.4301,1775592928704784876
gestureclass,single_gestureclass,173.8429,33.3061,30.6965,29.6061,0.0018,0.7514,1.6143,2.6096,1775592928816839754
gestureclass,single_gestureclass,173.8686,38.1198,29.8482,28.7799,0.0017,0.68,7.319,8.2716,1775592928848278823
gestureclass,single_gestureclass,173.9349,32.2428,29.5441,28.2899,0.0063,0.8682,1.5497,2.6987,1775592928908842437
gestureclass,single_gestureclass,174.0374,34.2236,31.3583,30.2395,0.002,0.7524,1.8039,2.8653,1775592929011573907
gestureclass,single_gestureclass,174.0829,31.9524,29.4003,28.3227,0.0019,0.7446,1.6091,2.5521,1775592929056829240
gestureclass,single_gestureclass,174.1321,32.4237,29.8796,28.7829,0.0019,0.7517,1.5523,2.5442,1775592929105956133
gestureclass,single_gestureclass,174.1428,48.8014,26.5233,25.4992,0.0017,0.651,21.3232,22.2781,1775592929136452460
gestureclass,single_gestureclass,174.3129,32.8553,30.2706,29.168,0.0019,0.7375,1.5595,2.5847,1775592929286787161
gestureclass,single_gestureclass,174.3709,32.8889,30.2551,29.1714,0.002,0.7377,1.6305,2.6338,1775592929344929948
gestureclass,single_gestureclass,174.4931,33.9785,31.2743,30.1134,0.002,0.7551,1.6658,2.7041,1775592929467121621
gestureclass,single_gestureclass,174.5159,44.1415,32.0693,30.9351,0.0017,0.3453,10.9315,12.0722,1775592929499142917
gestureclass,single_gestureclass,174.5236,36.4046,32.0693,30.9351,0.0017,0.3453,3.1714,4.3353,1775592929499142917
gestureclass,single_gestureclass,174.5423,45.2404,26.6908,25.6603,0.0016,0.3122,17.4804,18.5496,1775592929532119105
gestureclass,single_gestureclass,174.544,43.5584,26.6908,25.6603,0.0016,0.3122,15.7762,16.8676,1775592929532119105
gestureclass,single_gestureclass,174.7329,32.9914,30.2511,29.1196,0.0021,0.7417,1.6997,2.7403,1775592929706929965
gestureclass,single_gestureclass,174.7681,31.6978,29.1946,27.4537,0.0017,0.7027,1.5388,2.5031,1775592929741963077
gestureclass,single_gestureclass,174.7788,48.1558,26.5792,25.1527,0.0019,1.0507,20.6201,21.5766,1775592929771757473
gestureclass,single_gestureclass,174.824,28.1579,24.6335,23.6505,0.0016,0.6397,2.5723,3.5244,1775592929798903081
gestureclass,single_gestureclass,174.9164,29.7976,27.2705,26.2546,0.0017,0.6945,1.5552,2.5271,1775592929890272422
gestureclass,single_gestureclass,175.0524,33.0515,30.3714,29.2614,0.0018,0.7524,1.6718,2.6801,1775592930026456030
gestureclass,single_gestureclass,175.1017,31.6935,29.105,28.0434,0.0018,0.7267,1.5974,2.5884,1775592930075648017
gestureclass,single_gestureclass,175.1506,30.7343,28.1616,27.1088,0.0017,0.7109,1.6267,2.5727,1775592930124581533
gestureclass,single_gestureclass,175.2146,32.4814,29.8563,28.7735,0.0018,0.7329,1.6334,2.6252,1775592930188538086
gestureclass,single_gestureclass,175.2213,55.0613,28.5939,27.5689,0.0016,0.3277,25.3558,26.4674,1775592930219030047
gestureclass,single_gestureclass,175.2361,40.3261,28.5939,27.5689,0.0016,0.3277,10.5979,11.7322,1775592930219030047
gestureclass,single_gestureclass,175.2482,55.1567,26.3047,25.3038,0.0015,0.3156,27.808,28.852,1775592930248398522
gestureclass,single_gestureclass,175.272,31.4667,26.3047,25.3038,0.0015,0.3156,4.096,5.162,1775592930248398522
gestureclass,single_gestureclass,175.3476,29.799,27.2693,25.5936,0.0017,1.3603,1.5764,2.5297,1775592930321553714
gestureclass,single_gestureclass,175.3926,28.3864,25.8838,24.9017,0.0017,0.6664,1.5681,2.5026,1775592930366541588
gestureclass,single_gestureclass,175.4512,33.1273,30.6199,29.4397,0.0021,0.8174,1.5159,2.5074,1775592930425082909
gestureclass,single_gestureclass,175.5016,32.1772,29.616,28.4874,0.0019,0.7522,1.5917,2.5612,1775592930475493756
gestureclass,single_gestureclass,175.5143,48.1787,27.7205,26.7063,0.0016,0.2142,19.1119,20.4582,1775592930505738391
gestureclass,single_gestureclass,175.525,37.482,27.7205,26.7063,0.0016,0.2142,8.3933,9.7615,1775592930505738391
gestureclass,single_gestureclass,175.525,37.4794,27.7205,26.7063,0.0016,0.2142,8.3597,9.7589,1775592930505738391
gestureclass,single_gestureclass,175.5857,28.4598,25.9274,24.9378,0.0017,0.6658,1.5683,2.5324,1775592930559633294
gestureclass,single_gestureclass,175.6754,31.3354,28.8541,27.803,0.0018,0.7151,1.5559,2.4812,1775592930649301865
gestureclass,single_gestureclass,175.784,32.9261,30.2758,29.1612,0.0019,0.7469,1.6038,2.6502,1775592930757933056
gestureclass,single_gestureclass,175.8491,36.16,33.562,32.3001,0.0019,0.8628,1.6398,2.598,1775592930823112678
gestureclass,single_gestureclass,175.8599,55.6302,29.5319,28.455,0.0017,0.6811,25.1429,26.0983,1775592930857375822
gestureclass,single_gestureclass,175.9617,38.2409,35.6408,33.5048,0.0023,1.7179,1.5907,2.6002,1775592930935672176
gestureclass,single_gestureclass,175.9845,45.8534,29.7008,28.6123,0.0018,0.6924,15.1861,16.1526,1775592930972012854
gestureclass,single_gestureclass,176.0072,49.3207,25.7054,24.7028,0.0016,0.6388,22.7799,23.6153,1775592931002304497
gestureclass,single_gestureclass,176.0505,30.3514,23.8752,22.9044,0.0016,0.6325,5.6934,6.4762,1775592931028582556
gestureclass,single_gestureclass,176.1591,30.6637,28.2034,27.1959,0.0018,0.679,1.5266,2.4603,1775592931132998714
gestureclass,single_gestureclass,176.1708,48.4419,28.6311,27.598,0.0014,0.326,18.708,19.8108,1775592931161890274
gestureclass,single_gestureclass,176.1856,33.7188,28.6311,27.598,0.0014,0.326,3.9635,5.0877,1775592931161890274
gestureclass,single_gestureclass,176.4217,32.9332,30.2845,29.1873,0.0018,0.7538,1.6246,2.6487,1775592931395638903
gestureclass,single_gestureclass,176.4688,32.5217,29.7748,28.6521,0.0018,0.751,1.6737,2.7469,1775592931442831924
gestureclass,single_gestureclass,176.4996,30.1449,27.3377,26.2968,0.0016,0.6692,1.8454,2.8073,1775592931473755607
gestureclass,single_gestureclass,176.5669,29.7937,27.2911,26.2848,0.0017,0.6834,1.579,2.5026,1775592931540865010
gestureclass,single_gestureclass,176.6139,29.0492,26.5556,25.557,0.0016,0.6832,1.514,2.4936,1775592931587805791
gestureclass,single_gestureclass,176.6842,31.1749,28.7128,26.9509,0.0019,0.7163,1.4994,2.4621,1775592931658050578
gestureclass,single_gestureclass,176.7446,31.6081,29.0181,27.956,0.0016,0.7077,1.6139,2.59,1775592931718540446
gestureclass,single_gestureclass,176.7663,38.7733,28.1295,27.0853,0.0015,0.3204,9.5603,10.6438,1775592931748249433
gestureclass,single_gestureclass,176.7701,35.0678,28.1295,27.0853,0.0015,0.3204,5.8322,6.9383,1775592931748249433
gestureclass,single_gestureclass,176.8653,32.2752,29.6704,28.6068,0.0018,0.716,1.5795,2.6048,1775592931839276115
gestureclass,single_gestureclass,176.867,61.1546,29.8365,28.8129,0.0016,0.3264,30.1943,31.3181,1775592931869588260
gestureclass,single_gestureclass,176.8688,59.4547,29.8365,28.8129,0.0016,0.3264,28.4722,29.6181,1775592931869588260
gestureclass,single_gestureclass,176.9128,40.9772,25.0744,24.0519,0.0016,0.652,14.9772,15.9029,1775592931900155158
gestureclass,single_gestureclass,177.023,31.6789,29.2361,28.1465,0.0019,0.733,1.5166,2.4429,1775592931996912713
gestureclass,single_gestureclass,177.0869,31.9767,29.3956,28.3311,0.0019,0.7287,1.5924,2.5811,1775592932060882768
gestureclass,single_gestureclass,177.0987,50.4103,29.5364,28.4462,0.0016,0.705,19.9461,20.8738,1775592932090968516
gestureclass,single_gestureclass,177.1189,59.2654,28.0144,25.6405,0.0015,0.4953,29.9125,31.251,1775592932121201390
gestureclass,single_gestureclass,177.1246,53.5858,28.0144,25.6405,0.0015,0.4953,24.2107,25.5714,1775592932121201390
gestureclass,single_gestureclass,177.1265,51.842,28.0144,25.6405,0.0015,0.4953,22.3396,23.8276,1775592932121201390
gestureclass,single_gestureclass,177.1343,44.1322,28.0144,25.6405,0.0015,0.4953,14.5962,16.1178,1775592932121201390
gestureclass,single_gestureclass,177.1633,40.3383,24.7818,23.1407,0.0016,1.2315,14.6146,15.5564,1775592932150248976
gestureclass,single_gestureclass,177.2079,25.7828,23.4268,22.508,0.0015,0.6258,1.4257,2.356,1775592932181637527
gestureclass,single_gestureclass,177.2529,26.4356,24.1309,23.1953,0.0016,0.6365,1.44,2.3047,1775592932226669804
gestureclass,single_gestureclass,177.3535,29.8674,27.2823,26.2625,0.0018,0.698,1.5898,2.5851,1775592932327488598
gestureclass,single_gestureclass,177.4026,29.3899,26.9408,25.9487,0.0016,0.6789,1.5438,2.4491,1775592932376521565
gestureclass,single_gestureclass,177.4254,33.0358,25.7424,24.7273,0.0016,0.6578,6.3348,7.2934,1775592932404039900
gestureclass,single_gestureclass,177.5446,34.5149,31.8597,30.7131,0.0018,0.7873,1.6434,2.6553,1775592932518594265
gestureclass,single_gestureclass,177.5524,55.7592,28.3367,27.2492,0.0017,0.6929,26.4256,27.4225,1775592932551140117
gestureclass,single_gestureclass,177.6133,28.2755,25.9067,24.9219,0.0017,0.6572,1.4126,2.3688,1775592932587084829
gestureclass,single_gestureclass,177.6438,27.0336,24.6624,23.7152,0.0016,0.6449,1.4768,2.3712,1775592932617630806
gestureclass,single_gestureclass,177.7491,32.213,29.6873,27.9361,0.0018,1.4116,1.5213,2.5257,1775592932722968985
gestureclass,single_gestureclass,177.7728,37.4184,28.1854,27.1808,0.0015,0.319,8.1515,9.233,1775592932753313181
gestureclass,single_gestureclass,177.7756,34.6968,28.1854,27.1808,0.0015,0.319,5.4078,6.5115,1775592932753313181
gestureclass,single_gestureclass,177.8145,27.0152,24.6446,23.6909,0.0017,0.6393,1.4708,2.3706,1775592932788270299
gestureclass,single_gestureclass,177.8537,27.6864,25.1785,24.239,0.0016,0.6406,1.5535,2.5078,1775592932827570648
gestureclass,single_gestureclass,177.8644,42.6149,24.6965,23.7479,0.0015,0.1983,16.7089,17.9185,1775592932853431240
gestureclass,single_gestureclass,177.8649,42.0671,24.6965,23.7479,0.0015,0.1983,16.1395,17.3706,1775592932853431240
gestureclass,single_gestureclass,177.8655,41.5599,24.6965,23.7479,0.0015,0.1983,15.6009,16.8635,1775592932853431240
gestureclass,single_gestureclass,177.9522,32.0504,29.324,28.0361,0.0019,0.7755,1.797,2.7263,1775592932926391611
gestureclass,single_gestureclass,177.9528,59.2225,27.0526,26.017,0.0016,0.6683,31.2603,32.1699,1775592932956387896
gestureclass,single_gestureclass,178.0402,28.7077,26.2439,25.2723,0.0018,0.6631,1.5357,2.4638,1775592933014095865
gestureclass,single_gestureclass,178.0649,29.8052,25.1915,24.2007,0.0016,0.6278,3.7019,4.6137,1775592933040974162
gestureclass,single_gestureclass,178.139,28.2459,25.7838,24.8069,0.0018,0.6661,1.5571,2.4621,1775592933112866194
gestureclass,single_gestureclass,178.1834,27.6217,25.1628,24.2015,0.0016,0.6543,1.5423,2.459,1775592933157302539
gestureclass,single_gestureclass,178.2192,28.589,26.2892,25.3119,0.0016,0.6595,1.487,2.2998,1775592933193072343
gestureclass,single_gestureclass,178.2971,31.831,29.3191,28.1974,0.002,0.7713,1.5304,2.512,1775592933270937771
gestureclass,single_gestureclass,178.3058,51.5614,27.8394,26.7869,0.0017,0.6842,22.7878,23.722,1775592933300915401
gestureclass,single_gestureclass,178.4036,29.8538,27.2725,26.2517,0.0018,0.6927,1.5705,2.5813,1775592933377472760
gestureclass,single_gestureclass,178.4896,33.5386,30.7678,29.6389,0.002,0.7698,1.6985,2.7707,1775592933463674319
gestureclass,single_gestureclass,178.5454,33.8213,31.2166,30.0592,0.0022,0.7995,1.6282,2.6048,1775592933519369455
gestureclass,single_gestureclass,178.5814,30.6518,28.0946,27.0753,0.0018,0.6983,1.574,2.5573,1775592933555347678
gestureclass,single_gestureclass,178.6563,31.702,29.0667,27.9858,0.002,0.7315,1.6155,2.6354,1775592933630255598
gestureclass,single_gestureclass,178.7162,32.1577,29.5864,28.5031,0.0018,0.7356,1.6124,2.5713,1775592933690158364
gestureclass,single_gestureclass,178.7339,42.5749,27.5017,26.4557,0.0019,0.6629,14.1087,15.0732,1775592933720389625
gestureclass,single_gestureclass,178.8998,34.3971,31.3934,29.5202,0.0019,0.7418,1.6556,3.0037,1775592933873810804
gestureclass,single_gestureclass,178.9116,53.6366,30.7739,29.686,0.0017,0.7001,21.91,22.8626,1775592933905830195
gestureclass,single_gestureclass,178.9333,59.2463,26.7818,25.7647,0.0016,0.6491,31.5115,32.4645,1775592933937205215
gestureclass,single_gestureclass,178.9754,43.5913,25.3807,24.4191,0.0015,0.1981,16.8765,18.2106,1775592933964604052
gestureclass,single_gestureclass,178.9771,41.9347,25.3807,24.4191,0.0015,0.1981,15.198,16.554,1775592933964604052
gestureclass,single_gestureclass,178.9837,35.2736,25.3807,24.4191,0.0015,0.1981,8.5058,9.8929,1775592933964604052
gestureclass,single_gestureclass,179.1173,32.6726,30.0425,28.9507,0.002,0.7476,1.6465,2.6302,1775592934091282361
gestureclass,single_gestureclass,179.1602,30.6978,28.1623,27.1028,0.0017,0.72,1.5819,2.5356,1775592934134099779
gestureclass,single_gestureclass,179.2641,34.7884,32.1294,31.0042,0.0018,0.7493,1.6234,2.659,1775592934238079738
gestureclass,single_gestureclass,179.2689,59.4363,28.6046,27.4522,0.0015,0.193,29.6459,30.8318,1775592934270857703
gestureclass,single_gestureclass,179.2836,44.7147,28.6046,27.4522,0.0015,0.193,14.9019,16.1101,1775592934270857703
gestureclass,single_gestureclass,179.2864,42.2943,28.6046,27.4522,0.0015,0.193,12.1524,13.6897,1775592934270857703
gestureclass,single_gestureclass,179.2881,40.5684,28.6046,27.4522,0.0015,0.193,10.4091,11.9638,1775592934270857703
gestureclass,single_gestureclass,179.3389,28.8749,26.3843,25.4017,0.0018,0.6714,1.5368,2.4906,1775592934312782950
gestureclass,single_gestureclass,179.369,27.6177,25.2035,24.2415,0.0016,0.6401,1.4684,2.4142,1775592934342795335
gestureclass,single_gestureclass,179.5209,38.0702,35.3991,33.0533,0.0024,1.9019,1.6193,2.6711,1775592934494888063
gestureclass,single_gestureclass,179.5932,32.9695,30.2869,29.1919,0.0018,0.7527,1.6699,2.6825,1775592934567244066
gestureclass,single_gestureclass,179.6294,31.2164,28.6315,27.5966,0.0017,0.6945,1.595,2.5849,1775592934603349374
gestureclass,single_gestureclass,179.6441,43.3915,26.2879,25.2299,0.0017,0.683,16.1638,17.1036,1775592934632657982
gestureclass,single_gestureclass,179.7167,29.9513,27.4299,26.4373,0.0017,0.668,1.5588,2.5214,1775592934690657737
gestureclass,single_gestureclass,179.7295,44.992,26.9691,25.911,0.0015,0.3326,16.9475,18.0228,1775592934718784095
gestureclass,single_gestureclass,179.7382,36.2937,26.9691,25.911,0.0015,0.3326,8.2271,9.3246,1775592934718784095
gestureclass,single_gestureclass,179.8948,33.2451,30.6144,29.5036,0.0018,0.769,1.6217,2.6307,1775592934868748262
gestureclass,single_gestureclass,179.9602,33.4198,30.743,29.611,0.002,0.7343,1.6699,2.6769,1775592934934237627
gestureclass,single_gestureclass,179.963,59.8664,28.5205,27.4491,0.0016,0.6783,30.381,31.346,1775592934965686187
gestureclass,single_gestureclass,180.0381,29.4404,26.9585,25.9665,0.0017,0.6663,1.5519,2.4819,1775592935011955713
gestureclass,single_gestureclass,180.0448,48.516,25.164,24.1492,0.0016,0.6631,22.4047,23.352,1775592935039509334
gestureclass,single_gestureclass,180.1345,29.7852,27.245,26.2206,0.0016,0.6807,1.5695,2.5401,1775592935108399660
gestureclass,single_gestureclass,180.2195,31.7876,29.1707,28.0681,0.0016,0.7318,1.6446,2.6169,1775592935193484586
gestureclass,single_gestureclass,180.2502,29.16,26.7099,25.7061,0.0017,0.6872,1.4861,2.4502,1775592935224066323
gestureclass,single_gestureclass,180.3676,33.0241,30.3448,29.2546,0.002,0.7361,1.6522,2.6792,1775592935341650888
gestureclass,single_gestureclass,180.4229,32.7466,30.1224,29.0057,0.0019,0.7361,1.6146,2.6242,1775592935396880300
gestureclass,single_gestureclass,180.6931,33.3652,30.7637,29.6231,0.0019,0.7725,1.6134,2.6015,1775592935667030609
gestureclass,single_gestureclass,180.9468,47.7409,44.9904,43.1174,0.0032,1.291,1.6797,2.7505,1775592935920847385
gestureclass,single_gestureclass,180.9576,75.1808,37.4674,36.1889,0.0022,0.8086,36.7396,37.7134,1775592935966668313
gestureclass,single_gestureclass,181.036,32.8314,30.3068,29.1764,0.0018,0.7309,1.6189,2.5246,1775592936009957791
gestureclass,single_gestureclass,181.077,29.4304,26.9194,25.8695,0.0017,0.6803,1.5922,2.511,1775592936050930350
gestureclass,single_gestureclass,181.1666,32.4349,29.8763,28.073,0.0019,0.7338,1.6067,2.5587,1775592936140584321
gestureclass,single_gestureclass,181.1944,33.3626,27.8693,26.8423,0.0015,0.6558,4.5562,5.4934,1775592936171273916
gestureclass,single_gestureclass,181.293,31.7976,29.1913,28.1326,0.0019,0.713,1.6246,2.6064,1775592936266935925
gestureclass,single_gestureclass,181.395,33.417,30.757,29.6416,0.0019,0.7654,1.6491,2.66,1775592936368997786
gestureclass,single_gestureclass,181.4866,34.0972,31.3811,30.2361,0.002,0.7708,1.6983,2.7161,1775592936460677340
gestureclass,single_gestureclass,181.5259,33.0923,30.5138,29.3788,0.0019,0.7665,1.5986,2.5784,1775592936499890246
gestureclass,single_gestureclass,181.5507,35.9793,26.9021,25.8239,0.0017,0.6748,8.0683,9.0772,1775592936531074366
gestureclass,single_gestureclass,181.5919,27.1809,24.7244,23.76,0.0016,0.6421,1.509,2.4565,1775592936565718140
gestureclass,single_gestureclass,181.7714,32.9149,30.2612,29.1396,0.0018,0.7602,1.6725,2.6537,1775592936745380927
gestureclass,single_gestureclass,181.9246,32.9785,30.279,29.1874,0.0019,0.7502,1.6446,2.6996,1775592936898555288
gestureclass,single_gestureclass,182.0779,34.2834,31.6021,29.7056,0.002,1.5455,1.6809,2.6813,1775592937051897110
gestureclass,single_gestureclass,182.3215,34.749,32.0673,30.8628,0.0021,0.8056,1.6868,2.6818,1775592937295559798
gestureclass,single_gestureclass,182.4425,38.439,35.753,34.4156,0.0024,0.9092,1.6568,2.686,1775592937416524682
gestureclass,single_gestureclass,182.4583,56.2358,32.9078,31.7557,0.0017,0.7422,22.3508,23.328,1775592937452993462
gestureclass,single_gestureclass,182.6669,34.7173,31.96,30.7636,0.002,0.7867,1.7512,2.7573,1775592937640969855
gestureclass,single_gestureclass,182.6846,49.1881,31.4676,30.3506,0.0018,0.6956,16.7446,17.7206,1775592937673696230
gestureclass,single_gestureclass,182.8361,33.7994,31.179,29.6379,0.0021,1.1618,1.6277,2.6204,1775592937810037250
gestureclass,single_gestureclass,182.8668,33.9062,30.2402,29.1628,0.0017,0.6965,2.7468,3.666,1775592937841896359
gestureclass,single_gestureclass,182.8951,32.4717,26.2157,25.2025,0.0016,0.6494,5.3051,6.256,1775592937872717566
gestureclass,single_gestureclass,182.9219,30.6036,24.3893,23.391,0.0016,0.6446,5.259,6.2143,1775592937899525857
gestureclass,single_gestureclass,183.289,40.4034,37.7264,35.5003,0.0022,1.7905,1.6532,2.6769,1775592938263027708
gestureclass,single_gestureclass,183.2968,65.6016,32.1294,30.9088,0.0018,0.7917,32.4311,33.4722,1775592938301536926
gestureclass,single_gestureclass,183.3606,30.9765,28.2153,27.1911,0.0019,0.6863,1.7998,2.7613,1775592938334787619
gestureclass,single_gestureclass,183.3686,48.5866,24.9303,23.9436,0.0016,0.6443,22.7053,23.6564,1775592938363613665
gestureclass,single_gestureclass,183.5484,33.6714,30.8913,29.7312,0.0019,0.7595,1.7815,2.7801,1775592938522576395
gestureclass,single_gestureclass,183.5562,57.8151,31.2724,30.1485,0.0018,0.7096,25.5671,26.5427,1775592938554150046
gestureclass,single_gestureclass,183.5923,48.0051,25.7248,24.7232,0.0016,0.6511,21.3432,22.2803,1775592938586011942
gestureclass,single_gestureclass,183.7386,33.4539,30.758,29.6634,0.0018,0.7532,1.6789,2.6959,1775592938712620919
gestureclass,single_gestureclass,183.7474,55.3021,29.9452,28.8265,0.0017,0.6799,24.4212,25.3569,1775592938744127129
gestureclass,single_gestureclass,183.8379,30.7662,28.1876,27.0938,0.0019,0.6948,1.5986,2.5786,1775592938811830535
gestureclass,single_gestureclass,183.9959,33.0508,30.3723,29.2279,0.0018,0.7567,1.6768,2.6785,1775592938969972148
gestureclass,single_gestureclass,184.0312,32.5975,30.0144,28.2258,0.0016,0.7024,1.5988,2.5832,1775592939005115478
gestureclass,single_gestureclass,184.3502,32.8541,30.2115,29.0898,0.0019,0.7655,1.6212,2.6426,1775592939324186201
gestureclass,single_gestureclass,184.4143,33.9971,31.369,30.2264,0.0021,0.7867,1.6236,2.6281,1775592939388256324
gestureclass,single_gestureclass,184.4965,35.1341,32.3624,31.1923,0.0019,0.8013,1.7555,2.7716,1775592939470601147
gestureclass,single_gestureclass,184.5113,50.5462,29.6171,28.5509,0.0017,0.6926,19.9819,20.9291,1775592939503606482
gestureclass,single_gestureclass,184.6071,31.8925,29.197,28.0562,0.002,0.7302,1.6878,2.6956,1775592939581088839
gestureclass,single_gestureclass,184.6532,31.5514,28.9407,27.4963,0.0019,1.1058,1.6239,2.6107,1775592939627130585
gestureclass,single_gestureclass,184.6599,53.2744,27.6453,26.611,0.0016,0.3202,24.5066,25.6291,1775592939656752061
gestureclass,single_gestureclass,184.6816,31.5664,27.6453,26.611,0.0016,0.3202,2.7769,3.9211,1775592939656752061
gestureclass,single_gestureclass,184.7324,28.7449,26.3035,25.329,0.0016,0.6644,1.5159,2.4415,1775592939706263897
gestureclass,single_gestureclass,184.7531,34.1327,25.3079,24.2757,0.0015,0.6683,7.8762,8.8248,1775592939733340807
gestureclass,single_gestureclass,184.7643,48.1312,24.5904,22.9537,0.0016,1.2459,22.5921,23.5408,1775592939759284504
gestureclass,single_gestureclass,184.8187,26.0856,23.6775,22.7531,0.0017,0.6198,1.4887,2.4082,1775592939792521106
gestureclass,single_gestureclass,184.846,26.0396,23.5639,22.58,0.0016,0.6304,1.5161,2.4757,1775592939819849275
gestureclass,single_gestureclass,184.9202,27.7462,25.2483,24.2918,0.0016,0.6568,1.5187,2.4979,1775592939894098013
gestureclass,single_gestureclass,184.9632,27.154,24.7008,23.7517,0.0015,0.6487,1.5042,2.4532,1775592939937033982
gestureclass,single_gestureclass,185.0566,30.1723,27.5009,26.2573,0.0018,0.9231,1.5731,2.6715,1775592940030483923
gestureclass,single_gestureclass,185.0843,28.7004,25.6526,24.6395,0.0017,0.6639,2.0773,3.0477,1775592940058740771
gestureclass,single_gestureclass,185.1212,27.4992,25.1033,24.1613,0.0015,0.64,1.4601,2.3959,1775592940095039782
gestureclass,single_gestureclass,185.1419,31.6851,24.3091,23.3284,0.0014,0.6228,6.4476,7.376,1775592940120718794
gestureclass,single_gestureclass,185.1589,38.7993,23.4915,22.5086,0.0016,0.6352,14.3747,15.3078,1775592940145654561
gestureclass,single_gestureclass,185.2189,27.5819,25.1651,23.6281,0.0015,1.2418,1.4882,2.4168,1775592940192778632
gestureclass,single_gestureclass,185.2296,41.4157,23.8911,22.8745,0.0015,0.6342,16.5622,17.5246,1775592940218535018
gestureclass,single_gestureclass,185.2443,50.6971,23.4659,22.5064,0.0016,0.6255,26.3019,27.2312,1775592940242977903
gestureclass,single_gestureclass,185.5454,33.0071,30.3453,29.2379,0.0018,0.7512,1.637,2.6619,1775592940519431980
gestureclass,single_gestureclass,185.7318,33.2863,30.6506,29.124,0.002,1.1715,1.6594,2.6358,1775592940705778744
gestureclass,single_gestureclass,185.7625,33.2322,30.1433,29.0221,0.0019,0.7076,2.1868,3.0889,1775592940737075656
gestureclass,single_gestureclass,185.862,32.8958,30.2696,29.1513,0.0019,0.7557,1.6055,2.6262,1775592940835960560
gestureclass,single_gestureclass,185.9832,33.4761,30.7239,29.6027,0.0021,0.7576,1.7598,2.7522,1775592940957264440
gestureclass,single_gestureclass,186.0499,34.4291,31.9212,30.7476,0.002,0.8072,1.6561,2.5079,1775592941023870638
gestureclass,single_gestureclass,186.3617,34.7161,32.0449,30.8219,0.0022,0.8085,1.6634,2.6713,1775592941335739592
gestureclass,single_gestureclass,186.3997,33.7303,31.1044,29.9705,0.0021,0.7785,1.6279,2.6259,1775592941373635188
gestureclass,single_gestureclass,186.5607,52.8631,50.0687,46.8851,0.0034,1.3153,1.7443,2.7944,1775592941534773318
gestureclass,single_gestureclass,186.5674,88.4383,41.4545,39.9258,0.0024,1.0003,45.9108,46.9838,1775592941585705530
gestureclass,single_gestureclass,186.6258,66.0315,35.0258,33.8309,0.0019,0.3586,29.8672,31.0057,1775592941627967427
gestureclass,single_gestureclass,186.6475,44.2929,35.0258,33.8309,0.0019,0.3586,8.106,9.2672,1775592941627967427
gestureclass,single_gestureclass,186.6831,37.8003,28.4374,27.339,0.0017,0.6786,8.4188,9.3629,1775592941663860178
gestureclass,single_gestureclass,186.706,40.2513,24.7833,23.8015,0.0016,0.6376,14.5214,15.468,1775592941692873349
gestureclass,single_gestureclass,186.7565,26.5119,24.1086,23.1658,0.0016,0.6316,1.4622,2.4033,1775592941730271388
gestureclass,single_gestureclass,186.8662,30.7679,28.1828,27.0797,0.0017,0.715,1.6241,2.5851,1775592941840187994
gestureclass,single_gestureclass,186.9382,36.3219,33.6157,32.2109,0.0023,0.9699,1.6649,2.7062,1775592941912209884
gestureclass,single_gestureclass,187.0438,33.3922,30.4616,29.3062,0.0018,0.7552,1.9102,2.9306,1775592942018024716
gestureclass,single_gestureclass,187.0444,64.3511,30.9364,29.8249,0.0017,0.6984,32.4247,33.4147,1775592942049166639
gestureclass,single_gestureclass,187.0823,55.7621,28.6077,26.871,0.0017,0.3224,26.0568,27.1544,1775592942080716922
gestureclass,single_gestureclass,187.0877,50.35,28.6077,26.871,0.0017,0.3224,20.6225,21.7423,1775592942080716922
gestureclass,single_gestureclass,187.1075,56.7884,25.4794,24.4829,0.0015,0.3069,30.241,31.309,1775592942110076608
gestureclass,single_gestureclass,187.1088,55.5325,25.4794,24.4829,0.0015,0.3069,28.9626,30.053,1775592942110076608
gestureclass,single_gestureclass,187.2095,28.4367,25.9003,24.9241,0.0017,0.6649,1.5671,2.5364,1775592942183425434
gestureclass,single_gestureclass,187.3302,33.689,31.0859,29.933,0.0019,0.7798,1.6024,2.6032,1775592942304154353
gestureclass,single_gestureclass,187.3529,41.6408,30.0674,28.5827,0.0016,1.0905,10.6533,11.5733,1775592942335950671
gestureclass,single_gestureclass,187.3921,29.048,25.9909,24.9704,0.0016,0.6684,2.1231,3.057,1775592942366567615
gestureclass,single_gestureclass,187.4354,29.9523,27.4713,26.1381,0.0019,0.8804,1.4684,2.481,1775592942409169843
gestureclass,single_gestureclass,187.4685,27.6203,25.0982,24.1163,0.0016,0.6698,1.5695,2.5221,1775592942442430044
gestureclass,single_gestureclass,187.7616,32.99,30.3137,29.163,0.0021,0.7693,1.6725,2.6763,1775592942735584885
gestureclass,single_gestureclass,187.8678,33.1111,30.3344,29.1747,0.0021,0.7833,1.7357,2.7767,1775592942841880950
gestureclass,single_gestureclass,187.9241,34.3504,31.6307,29.6191,0.002,1.6346,1.6663,2.7197,1775592942898145555
gestureclass,single_gestureclass,188.0187,50.8583,48.2097,46.2939,0.0032,1.3037,1.7078,2.6486,1775592942992762487
gestureclass,single_gestureclass,188.303,34.7176,32.0292,30.8209,0.0022,0.7937,1.7061,2.6883,1775592943277007481
gestureclass,single_gestureclass,188.463,36.2105,33.5019,32.2078,0.0021,0.8698,1.7014,2.7087,1775592943437016666
gestureclass,single_gestureclass,188.6285,36.2608,33.5193,32.2804,0.0021,0.849,1.703,2.7415,1775592943602520431
gestureclass,single_gestureclass,188.7039,39.3684,36.6952,35.3029,0.0024,0.9545,1.6837,2.6732,1775592943677978975
gestureclass,single_gestureclass,188.7257,52.3183,33.836,32.7252,0.0018,0.3519,17.3612,18.4823,1775592943715406881
gestureclass,single_gestureclass,188.7375,40.5586,33.836,32.7252,0.0018,0.3519,5.5785,6.7226,1775592943715406881
gestureclass,single_gestureclass,188.9143,35.2964,32.2474,30.9737,0.0019,0.901,1.7273,3.049,1775592943888415393
gestureclass,single_gestureclass,188.9171,68.4562,34.806,33.6926,0.0019,0.1719,32.2824,33.6502,1775592943921724436
gestureclass,single_gestureclass,188.9288,56.7367,34.806,33.6926,0.0019,0.1719,20.5402,21.9307,1775592943921724436
gestureclass,single_gestureclass,188.9306,55.0835,34.806,33.6926,0.0019,0.1719,18.7576,20.2775,1775592943921724436
gestureclass,single_gestureclass,188.9474,38.3589,34.806,33.6926,0.0019,0.1719,1.9984,3.5529,1775592943921724436
gestureclass,single_gestureclass,189.002,29.8815,27.3123,26.298,0.0018,0.6921,1.6096,2.5692,1775592943975914094
gestureclass,single_gestureclass,189.1702,34.1728,31.5359,29.6634,0.0018,1.5134,1.6048,2.6369,1775592944144111713
gestureclass,single_gestureclass,189.1959,39.9265,30.8667,29.7678,0.0017,0.7083,8.1012,9.0599,1775592944176361385
gestureclass,single_gestureclass,189.2105,51.6584,25.791,24.7626,0.0016,0.6753,24.9302,25.8674,1775592944207814539
gestureclass,single_gestureclass,189.4445,45.0792,42.2444,40.3124,0.0034,1.2968,1.7557,2.8349,1775592944418651249
gestureclass,single_gestureclass,189.5169,32.8934,30.2246,29.125,0.0019,0.7417,1.6639,2.6688,1775592944490868519
gestureclass,single_gestureclass,189.56,31.399,28.7708,27.6554,0.0018,0.7273,1.6475,2.6282,1775592944533961029
gestureclass,single_gestureclass,189.6736,33.4673,30.8221,29.6464,0.002,0.7752,1.6398,2.6452,1775592944647601614
gestureclass,single_gestureclass,189.7453,34.9636,32.2838,31.1401,0.002,0.7857,1.6668,2.6798,1775592944719311047
gestureclass,single_gestureclass,189.7571,52.809,28.8702,27.8432,0.0016,0.3255,22.841,23.9388,1775592944752245696
gestureclass,single_gestureclass,189.7728,37.0827,28.8702,27.8432,0.0016,0.3255,7.0887,8.2125,1775592944752245696
gestureclass,single_gestureclass,189.9512,42.9637,40.2556,38.6149,0.003,1.0907,1.6813,2.7082,1775592944925228777
gestureclass,single_gestureclass,190.0434,33.6738,30.9742,29.7879,0.002,0.7994,1.6849,2.6996,1775592945017411049
gestureclass,single_gestureclass,190.1353,35.3959,32.7322,30.6773,0.0021,0.7863,1.6189,2.6637,1775592945109233534
gestureclass,single_gestureclass,190.159,42.6333,30.3528,29.2436,0.0018,0.7126,11.302,12.2804,1775592945142652608
gestureclass,single_gestureclass,190.1849,43.1654,25.8417,24.8395,0.0016,0.6494,16.3887,17.3238,1775592945173616811
gestureclass,single_gestureclass,190.2383,27.5786,25.1723,24.1724,0.0015,0.6488,1.4763,2.4063,1775592945212078753
gestureclass,single_gestureclass,190.2609,29.3674,23.8259,22.8469,0.0016,0.6295,4.5972,5.5415,1775592945237887655
gestureclass,single_gestureclass,190.3025,26.2082,23.8096,22.8592,0.0016,0.6208,1.4789,2.3986,1775592945276345180
gestureclass,single_gestureclass,190.431,34.3375,31.6545,30.4303,0.002,0.846,1.6732,2.683,1775592945405015241
gestureclass,single_gestureclass,190.5256,32.8293,30.2759,29.1769,0.002,0.7503,1.6525,2.5534,1775592945499556587
gestureclass,single_gestureclass,190.5573,31.0886,28.6969,27.6827,0.0016,0.694,1.4093,2.3917,1775592945531070296
gestureclass,single_gestureclass,190.5606,55.4118,26.7309,25.7764,0.0015,0.2109,27.4334,28.6809,1775592945560372363
gestureclass,single_gestureclass,190.5683,47.7014,26.7309,25.7764,0.0015,0.2109,19.701,20.9704,1775592945560372363
gestureclass,single_gestureclass,190.5831,32.9392,26.7309,25.7764,0.0015,0.2109,4.9257,6.2083,1775592945560372363
gestureclass,single_gestureclass,190.6272,28.203,25.771,24.1543,0.0016,1.2978,1.4961,2.432,1775592945601048662
gestureclass,single_gestureclass,190.6746,27.0686,24.6125,23.6645,0.0016,0.6469,1.5097,2.4561,1775592945648475143
gestureclass,single_gestureclass,190.7239,27.5667,25.1509,24.1806,0.0016,0.6461,1.4987,2.4157,1775592945697753631
gestureclass,single_gestureclass,190.7356,40.7305,24.2574,23.2791,0.0016,0.6332,15.5272,16.4731,1775592945723479789
gestureclass,single_gestureclass,190.7795,25.8482,23.4849,22.5599,0.0016,0.6237,1.4729,2.3633,1775592945753354298
gestureclass,single_gestureclass,190.8666,28.9912,26.4657,25.4762,0.0018,0.6645,1.5297,2.5255,1775592945840479613
gestureclass,single_gestureclass,190.9959,34.3139,31.6162,30.5134,0.0018,0.7517,1.6615,2.6977,1775592945969902399
gestureclass,single_gestureclass,191.0016,57.8511,28.3179,27.3224,0.0015,0.221,28.2197,29.5332,1775592946002213501
gestureclass,single_gestureclass,191.0214,38.0988,28.3179,27.3224,0.0015,0.221,8.4457,9.7809,1775592946002213501
gestureclass,single_gestureclass,191.0231,36.4087,28.3179,27.3224,0.0015,0.221,6.7415,8.0908,1775592946002213501
gestureclass,single_gestureclass,191.0594,28.3999,25.9017,24.928,0.0017,0.667,1.596,2.4983,1775592946033363195
gestureclass,single_gestureclass,191.1251,29.8474,26.9123,25.9019,0.0016,0.6795,2.0025,2.9351,1775592946099408022
gestureclass,single_gestureclass,191.1251,57.8711,27.3079,25.719,0.0016,0.6168,29.4812,30.5632,1775592946126919614
gestureclass,single_gestureclass,191.1511,31.8699,27.3079,25.719,0.0016,0.6168,3.458,4.562,1775592946126919614
gestureclass,single_gestureclass,191.1882,26.5052,24.1334,23.1969,0.0016,0.6384,1.4336,2.3718,1775592946161959573
gestureclass,single_gestureclass,191.2469,27.4904,25.1184,24.1581,0.0016,0.6431,1.4458,2.372,1775592946220701946
gestureclass,single_gestureclass,191.2596,40.2899,24.9118,23.9178,0.0016,0.641,14.466,15.3781,1775592946246414779
gestureclass,single_gestureclass,191.2956,28.6286,23.7411,22.771,0.0015,0.6344,3.9418,4.8875,1775592946271884510
gestureclass,single_gestureclass,191.3925,29.5718,27.1043,26.0941,0.0017,0.6867,1.5132,2.4675,1775592946366314395
gestureclass,single_gestureclass,191.4242,29.294,26.8643,25.8617,0.0017,0.663,1.4827,2.4297,1775592946398057618
gestureclass,single_gestureclass,191.4707,27.6093,25.1615,24.2149,0.0015,0.6473,1.5275,2.4479,1775592946444606754
gestureclass,single_gestureclass,191.7367,33.7472,31.1183,30.0269,0.0018,0.754,1.616,2.6289,1775592946710707115
gestureclass,single_gestureclass,191.7485,52.7039,29.8825,28.8289,0.0015,0.3339,21.7016,22.8214,1775592946742558007
gestureclass,single_gestureclass,191.7633,37.955,29.8825,28.8289,0.0015,0.3339,6.9299,8.0726,1775592946742558007
gestureclass,single_gestureclass,191.7847,45.0504,27.5992,26.0115,0.0016,0.4205,16.1636,17.4511,1775592946773205166
gestureclass,single_gestureclass,191.7904,39.3517,27.5992,26.0115,0.0016,0.4205,10.4411,11.7525,1775592946773205166
gestureclass,single_gestureclass,191.7921,37.6713,27.5992,26.0115,0.0016,0.4205,8.7285,10.0721,1775592946773205166
gestureclass,single_gestureclass,191.8234,31.1315,24.2481,23.2555,0.0015,0.6145,5.9347,6.8834,1775592946801716098
gestureclass,single_gestureclass,191.8668,26.0091,23.6527,22.7294,0.0015,0.6307,1.4677,2.3564,1775592946840607389
gestureclass,single_gestureclass,191.9921,31.9264,29.2925,28.1898,0.0018,0.7298,1.6332,2.6339,1775592946966045658
gestureclass,single_gestureclass,192.2764,33.5846,30.4066,29.2599,0.0019,0.7518,1.688,3.178,1775592947250442786
gestureclass,single_gestureclass,192.3092,30.2665,27.4587,26.4491,0.0017,0.6894,1.8375,2.8078,1775592947283370107
gestureclass,single_gestureclass,192.4748,50.8881,48.0747,46.1507,0.0031,1.2985,1.749,2.8134,1775592947448874280
gestureclass,single_gestureclass,192.5819,35.3053,32.5778,31.3599,0.0021,0.8051,1.7004,2.7275,1775592947555959088
gestureclass,single_gestureclass,192.5877,61.8095,31.6286,30.533,0.0017,0.7226,29.2146,30.1809,1775592947589232419
gestureclass,single_gestureclass,192.7027,34.4481,31.7876,30.6682,0.0019,0.7685,1.652,2.6605,1775592947676698051
gestureclass,single_gestureclass,192.7065,61.3751,29.902,28.8447,0.0017,0.3283,30.4024,31.4731,1775592947709204273
gestureclass,single_gestureclass,192.7092,58.6646,29.902,28.8447,0.0017,0.3283,27.6492,28.7625,1775592947709204273
gestureclass,single_gestureclass,192.8031,31.3854,28.8907,27.1604,0.0018,0.7157,1.5485,2.4947,1775592947776982857
gestureclass,single_gestureclass,192.9037,32.9409,30.2341,29.1366,0.002,0.7422,1.6754,2.7068,1775592947877729525
gestureclass,single_gestureclass,193.0249,33.7749,31.2029,30.0608,0.0021,0.754,1.668,2.5719,1775592947998935118
gestureclass,single_gestureclass,193.0537,35.6369,29.9458,28.8641,0.0017,0.6924,4.8714,5.6911,1775592948030881640
gestureclass,single_gestureclass,193.1135,29.8922,27.3184,26.2844,0.0017,0.6909,1.596,2.5738,1775592948087443455
gestureclass,single_gestureclass,193.2056,33.792,31.1116,30.0192,0.0021,0.7525,1.6789,2.6804,1775592948179641651
gestureclass,single_gestureclass,193.2284,41.6307,29.8464,28.8527,0.0017,0.3329,10.6485,11.7843,1775592948211379245
gestureclass,single_gestureclass,193.2331,36.8891,29.8464,28.8527,0.0017,0.3329,5.8844,7.0427,1775592948211379245
gestureclass,single_gestureclass,193.2872,29.0773,26.5684,25.5375,0.0016,0.6772,1.5357,2.5089,1775592948261128731
gestureclass,single_gestureclass,193.4166,33.9417,31.2103,30.0914,0.0018,0.7551,1.6956,2.7315,1775592948390632055
gestureclass,single_gestureclass,193.4333,50.4415,32.6139,31.5566,0.0018,0.3329,16.7806,17.8276,1775592948422476832
gestureclass,single_gestureclass,193.4371,46.8595,32.6139,31.5566,0.0018,0.3329,13.0234,14.2456,1775592948422476832
gestureclass,single_gestureclass,193.4677,43.2961,26.4843,24.7887,0.0016,1.303,15.8677,16.8118,1775592948455949197
gestureclass,single_gestureclass,193.5572,28.9142,26.435,25.4439,0.0017,0.677,1.5032,2.4792,1775592948531099905
gestureclass,single_gestureclass,193.6084,28.8424,26.3384,25.3469,0.0018,0.6799,1.5337,2.5041,1775592948582252553
gestureclass,single_gestureclass,193.7125,32.9299,30.2671,29.1531,0.0019,0.7539,1.6279,2.6628,1775592948686429359
gestureclass,single_gestureclass,193.8456,33.9642,31.2747,30.1324,0.002,0.7744,1.6599,2.6895,1775592948819658733
gestureclass,single_gestureclass,193.8744,37.0376,31.2593,30.1565,0.0018,0.7192,4.8158,5.7783,1775592948851577322
gestureclass,single_gestureclass,193.8808,57.0145,25.6006,24.5654,0.0015,0.6508,30.416,31.4139,1775592948883582707
gestureclass,single_gestureclass,193.9366,27.4951,25.2208,24.288,0.0014,0.6385,1.3185,2.2744,1775592948910315770
gestureclass,single_gestureclass,194.1965,33.3622,30.7097,29.6151,0.0019,0.7523,1.6367,2.6524,1775592949170529121
gestureclass,single_gestureclass,194.2173,43.3676,30.2202,29.1231,0.0017,0.6975,12.2089,13.1474,1775592949201864794
gestureclass,single_gestureclass,194.389,33.6559,31.0136,29.1634,0.002,1.4883,1.6327,2.6423,1775592949362953050
gestureclass,single_gestureclass,194.5479,34.1654,31.4227,30.2555,0.002,0.7925,1.7304,2.7427,1775592949522016739
gestureclass,single_gestureclass,194.6543,35.5628,32.8463,31.5773,0.0022,0.8264,1.7164,2.7165,1775592949628404298
gestureclass,single_gestureclass,194.7561,36.6659,33.996,32.7465,0.0021,0.8305,1.6608,2.6699,1775592949730143153
gestureclass,single_gestureclass,194.7719,53.8824,32.2776,31.0797,0.002,0.7503,20.6237,21.6048,1775592949764856868
gestureclass,single_gestureclass,194.816,37.1747,26.7628,25.7377,0.0016,0.661,9.4373,10.4119,1775592949797788812
gestureclass,single_gestureclass,194.8704,27.802,25.2828,24.2685,0.0016,0.6501,1.5862,2.5192,1775592949844321222
gestureclass,single_gestureclass,194.9524,44.9932,41.8687,39.4618,0.0168,1.574,1.5609,3.1245,1775592949926309573
gestureclass,single_gestureclass,194.9681,64.8952,34.6795,33.4207,0.0019,0.7568,29.1963,30.2156,1775592949969672198
gestureclass,single_gestureclass,195.1433,34.5852,31.282,30.1629,0.002,0.7684,1.9348,3.3033,1775592950117583949
gestureclass,single_gestureclass,195.1541,55.1789,31.081,29.9067,0.0017,0.7142,23.1106,24.0978,1775592950149521780
gestureclass,single_gestureclass,195.1773,58.7945,26.283,24.5871,0.0017,0.6657,31.5294,32.5115,1775592950181210126
gestureclass,single_gestureclass,195.2403,27.1058,24.6993,23.7437,0.0018,0.628,1.5125,2.4065,1775592950214200710
gestureclass,single_gestureclass,195.573,33.1795,30.4356,29.3362,0.0019,0.7565,1.7169,2.744,1775592950547017189
gestureclass,single_gestureclass,195.9316,36.7634,34.0387,32.1846,0.003,1.2551,1.6906,2.7248,1775592950905663455
gestureclass,single_gestureclass,196.1507,33.5631,30.8261,29.6498,0.0021,0.7714,1.7347,2.7371,1775592951124819030
gestureclass,single_gestureclass,196.2505,35.1045,32.4166,31.2471,0.002,0.8006,1.6775,2.6879,1775592951224548525
gestureclass,single_gestureclass,196.2743,42.4728,30.4655,29.374,0.0017,0.6919,11.0695,12.0073,1775592951257696711
gestureclass,single_gestureclass,196.393,33.0648,30.363,29.2211,0.0019,0.7544,1.6711,2.7018,1775592951367015185
gestureclass,single_gestureclass,196.5483,34.4739,31.8145,30.6624,0.0021,0.7758,1.6546,2.6594,1775592951522339445
gestureclass,single_gestureclass,196.5611,54.939,32.5672,31.3944,0.0019,0.7643,21.4217,22.3718,1775592951554868992
gestureclass,single_gestureclass,196.589,54.5988,26.9875,25.3434,0.0016,1.2882,26.6621,27.6113,1775592951588024002
gestureclass,single_gestureclass,196.6829,28.9772,26.4896,25.4372,0.0017,0.6802,1.5314,2.4875,1775592951656738316
gestureclass,single_gestureclass,196.7151,28.1057,25.17,24.215,0.0017,0.6538,1.9929,2.9357,1775592951689408994
gestureclass,single_gestureclass,196.7151,53.1032,24.4072,23.3649,0.0015,0.6356,27.7352,28.696,1775592951715183902
gestureclass,single_gestureclass,196.9415,40.4301,37.613,35.9492,0.0029,1.1269,1.7498,2.8171,1775592951915644093
gestureclass,single_gestureclass,196.9503,65.9988,33.6531,32.4359,0.0019,0.7673,31.3516,32.3457,1775592951954010822
gestureclass,single_gestureclass,197.0365,33.2756,30.6559,29.5743,0.0018,0.7263,1.637,2.6197,1775592952010509940
gestureclass,single_gestureclass,197.0443,55.505,28.9297,27.8764,0.0017,0.215,25.2972,26.5754,1775592952041936814
gestureclass,single_gestureclass,197.052,47.7929,28.9297,27.8764,0.0017,0.215,17.5622,18.8632,1775592952041936814
gestureclass,single_gestureclass,197.0646,35.3186,28.9297,27.8764,0.0017,0.215,5.0371,6.3889,1775592952041936814
gestureclass,single_gestureclass,197.075,50.0145,24.6378,23.6304,0.0017,0.6401,24.4191,25.3766,1775592952071773172
gestureclass,single_gestureclass,197.1562,27.5362,25.0486,24.0926,0.0017,0.6426,1.5428,2.4876,1775592952130118447
gestureclass,single_gestureclass,197.26,32.4607,29.8508,28.0214,0.0019,1.4471,1.6186,2.6099,1775592952233973317
gestureclass,single_gestureclass,197.3037,31.0352,28.4841,27.4598,0.0018,0.6987,1.6198,2.5511,1775592952277645947
gestureclass,single_gestureclass,197.3124,49.7677,26.7726,25.7298,0.0017,0.6672,22.043,22.9951,1775592952306798489
gestureclass,single_gestureclass,197.3579,29.7408,24.7066,23.7275,0.0015,0.6246,3.9237,5.0342,1775592952334201831
gestureclass,single_gestureclass,197.529,33.3505,30.7461,29.6372,0.0018,0.7626,1.6634,2.6043,1775592952502993489
gestureclass,single_gestureclass,197.5547,38.2862,30.0402,28.9494,0.0016,0.7137,7.2784,8.246,1775592952534373022
gestureclass,single_gestureclass,197.5875,32.1581,25.982,24.9295,0.0016,0.6465,5.2023,6.1761,1775592952565084407
gestureclass,single_gestureclass,197.8201,32.7735,30.2323,29.1294,0.0019,0.7499,1.5783,2.5412,1775592952793985707
gestureclass,single_gestureclass,197.8631,31.4214,28.8749,27.8159,0.0019,0.7297,1.575,2.5465,1775592952836990044
gestureclass,single_gestureclass,197.9447,44.2305,41.4987,39.7156,0.0027,1.2311,1.6491,2.7318,1775592952918707198
gestureclass,single_gestureclass,197.9625,64.2884,36.9282,34.8902,0.0019,0.7772,26.2656,27.3602,1775592952961077334
gestureclass,single_gestureclass,197.9782,48.5334,36.9282,34.8902,0.0019,0.7772,10.4871,11.6052,1775592952961077334
gestureclass,single_gestureclass,198.0101,47.0273,29.5993,28.4933,0.0017,0.3321,16.3832,17.4281,1775592952998882560
gestureclass,single_gestureclass,198.0209,36.4251,29.5993,28.4933,0.0017,0.3321,5.6281,6.8258,1775592952998882560
gestureclass,single_gestureclass,198.046,37.4975,25.5773,24.5488,0.0016,0.6544,10.9673,11.9202,1775592953029293884
gestureclass,single_gestureclass,198.1007,27.2846,24.8272,23.8341,0.0015,0.6444,1.5464,2.4574,1775592953074576416
gestureclass,single_gestureclass,198.1882,29.6946,27.0846,26.0195,0.0017,0.6917,1.6391,2.61,1775592953162172463
gestureclass,single_gestureclass,198.3221,32.8445,30.2453,29.1315,0.0019,0.7561,1.5996,2.5992,1775592953296096314
gestureclass,single_gestureclass,198.4472,39.8932,37.1736,35.6677,0.0025,1.0358,1.6916,2.7196,1775592953421289163
gestureclass,single_gestureclass,198.5434,34.6906,31.9841,30.8168,0.0019,0.7834,1.6384,2.7065,1775592953517350619
gestureclass,single_gestureclass,198.5471,61.9233,30.3754,29.2832,0.0017,0.6965,30.5758,31.5478,1775592953550043111
gestureclass,single_gestureclass,198.6463,31.5011,29.0724,27.9852,0.0017,0.7128,1.549,2.4286,1775592953620153889
gestureclass,single_gestureclass,198.652,55.4035,28.8176,27.7874,0.0016,0.3329,25.507,26.5858,1775592953649831758
gestureclass,single_gestureclass,198.6667,40.7078,28.8176,27.7874,0.0016,0.3329,10.7887,11.8902,1775592953649831758
gestureclass,single_gestureclass,198.688,45.4595,25.3615,23.7262,0.0017,0.629,19.1948,20.098,1775592953679502247
gestureclass,single_gestureclass,198.7386,27.0011,24.5667,23.6518,0.0016,0.6192,1.5061,2.4344,1775592953712485373
gestureclass,single_gestureclass,198.7443,46.5493,24.5167,23.5749,0.0015,0.2963,20.9484,22.0327,1775592953737641828
gestureclass,single_gestureclass,198.747,43.8921,24.5167,23.5749,0.0015,0.2963,18.2686,19.3755,1775592953737641828
gestureclass,single_gestureclass,198.8281,27.1282,24.7253,23.7415,0.0016,0.652,1.4811,2.4029,1775592953801953388
gestureclass,single_gestureclass,198.8805,27.1356,24.6773,23.7404,0.0015,0.6272,1.5213,2.4583,1775592953854340279
gestureclass,single_gestureclass,198.9198,27.009,24.604,23.6682,0.0014,0.6395,1.4837,2.405,1775592953893645528
gestureclass,single_gestureclass,198.9285,44.6584,25.7386,24.77,0.0017,0.6301,17.9758,18.9198,1775592953918815732
gestureclass,single_gestureclass,198.966,31.2898,23.6342,22.6549,0.0016,0.6277,6.7282,7.6556,1775592953945115767
gestureclass,single_gestureclass,199.0115,26.0997,23.7487,22.8265,0.0016,0.6261,1.4439,2.351,1775592953985331560
gestureclass,single_gestureclass,199.1459,34.4543,31.8077,30.6888,0.0018,0.764,1.6162,2.6467,1775592954119896597
gestureclass,single_gestureclass,199.1507,60.313,29.5847,27.7419,0.0018,0.2183,29.3362,30.7283,1775592954152363282
gestureclass,single_gestureclass,199.1654,45.5644,29.5847,27.7419,0.0018,0.2183,14.5643,15.9797,1775592954152363282
gestureclass,single_gestureclass,199.1712,39.8247,29.5847,27.7419,0.0018,0.2183,8.7924,10.24,1775592954152363282
gestureclass,single_gestureclass,199.2503,30.6125,28.1273,27.0779,0.0018,0.7113,1.5244,2.4852,1775592954224131250
gestureclass,single_gestureclass,199.4052,32.8157,30.1867,29.0731,0.002,0.752,1.591,2.629,1775592954379099072
gestureclass,single_gestureclass,199.4442,36.3445,33.7979,32.3874,0.0024,0.9706,1.5659,2.5466,1775592954418104307
gestureclass,single_gestureclass,199.4837,38.3635,35.7458,34.6308,0.0019,0.7528,1.5969,2.6177,1775592954457695686
gestureclass,single_gestureclass,199.5633,33.4129,30.8208,29.6909,0.0021,0.7482,1.5984,2.5921,1775592954537274264
gestureclass,single_gestureclass,199.5841,41.8241,28.5366,27.4861,0.0019,0.6876,12.2941,13.2875,1775592954568727299
gestureclass,single_gestureclass,199.7152,32.9945,30.3412,29.1901,0.002,0.7521,1.617,2.6533,1775592954689122614
gestureclass,single_gestureclass,199.8284,32.8748,30.2231,29.1286,0.0019,0.7535,1.6193,2.6517,1775592954802366203
gestureclass,single_gestureclass,199.8675,31.189,28.6428,27.5778,0.0018,0.7152,1.5683,2.5462,1775592954841398976
gestureclass,single_gestureclass,199.9279,33.3326,30.7954,28.0621,0.0019,2.3833,1.5924,2.5372,1775592954901840914
gestureclass,single_gestureclass,199.9536,36.0525,27.7561,26.6875,0.0017,0.6638,7.3559,8.2964,1775592954933332407
gestureclass,single_gestureclass,199.9754,40.7438,25.7327,24.7608,0.0014,0.3109,13.921,15.0111,1775592954961704026
gestureclass,single_gestureclass,199.9822,34.0476,25.7327,24.7608,0.0014,0.3109,7.2024,8.3149,1775592954961704026
gestureclass,single_gestureclass,200.0274,26.6101,24.1744,23.2233,0.0015,0.6341,1.507,2.4358,1775592955001260038
gestureclass,single_gestureclass,200.0712,26.4184,24.0608,23.131,0.0014,0.6193,1.4243,2.3577,1775592955044993038
gestureclass,single_gestureclass,200.1749,29.7525,27.178,26.1693,0.0018,0.6769,1.5714,2.5745,1775592955148816095
gestureclass,single_gestureclass,200.2689,32.9041,30.2434,29.1532,0.002,0.7355,1.6155,2.6607,1775592955242860860
gestureclass,single_gestureclass,200.304,31.1446,28.604,27.5685,0.0017,0.7134,1.5917,2.5406,1775592955277943505
gestureclass,single_gestureclass,200.3117,50.8749,26.8453,25.7271,0.0017,0.6656,23.0973,24.0296,1775592955307169014
gestureclass,single_gestureclass,200.3453,42.7938,24.9131,23.9277,0.0016,0.6425,16.9566,17.8807,1775592955334621591
gestureclass,single_gestureclass,200.4894,36.5598,33.9348,32.6726,0.0021,0.8509,1.6537,2.6251,1775592955463380248
gestureclass,single_gestureclass,200.5071,50.6396,31.1375,29.9819,0.0016,0.6939,18.5337,19.5022,1775592955498019056
gestureclass,single_gestureclass,200.5249,59.5355,26.113,25.0937,0.0016,0.6409,32.5358,33.4225,1775592955529763144
gestureclass,single_gestureclass,200.5946,27.0889,24.6025,23.652,0.0017,0.6278,1.5419,2.4864,1775592955568510793
gestureclass,single_gestureclass,200.6279,26.1312,23.75,22.8123,0.0015,0.6334,1.4629,2.3812,1775592955601745526
gestureclass,single_gestureclass,200.6663,26.1242,23.7314,22.805,0.0016,0.6307,1.4741,2.3929,1775592955640093273
gestureclass,single_gestureclass,200.7756,30.8137,28.2114,27.1679,0.0018,0.7082,1.6038,2.6023,1775592955749591692
gestureclass,single_gestureclass,201.0008,32.9659,30.2436,29.1465,0.0019,0.7392,1.7161,2.7223,1775592955974878549
gestureclass,single_gestureclass,201.039,31.7547,29.2472,28.1523,0.002,0.7252,1.5543,2.5076,1775592956012897858
gestureclass,single_gestureclass,201.102,32.6104,29.9658,28.8335,0.0017,0.7628,1.6298,2.6446,1775592956075944779
gestureclass,single_gestureclass,201.1297,32.9509,27.3873,26.3074,0.0017,0.6673,4.6115,5.5636,1775592956106646875
gestureclass,single_gestureclass,201.321,33.7961,31.1354,29.2463,0.0021,0.7388,1.6401,2.6607,1775592956294955418
gestureclass,single_gestureclass,201.383,34.1141,31.4646,30.298,0.002,0.8036,1.6696,2.6495,1775592956356992635
gestureclass,single_gestureclass,201.4027,43.433,28.4451,27.3676,0.0016,0.6914,14.0042,14.9879,1775592956389072895
gestureclass,single_gestureclass,201.4484,34.538,32.0105,30.7062,0.0022,0.8938,1.5321,2.5275,1775592956422244501
gestureclass,single_gestureclass,201.4691,47.8354,33.3671,32.1871,0.0017,0.7246,13.4773,14.4682,1775592956454910988
gestureclass,single_gestureclass,201.5181,30.267,27.7683,26.7557,0.0017,0.6942,1.5209,2.4987,1775592956492006621
gestureclass,single_gestureclass,201.5439,30.8039,25.6982,24.6965,0.0017,0.6487,4.1699,5.1057,1775592956520376570
gestureclass,single_gestureclass,201.5869,27.6315,25.2076,24.2317,0.0016,0.6384,1.5044,2.4239,1775592956560739828
gestureclass,single_gestureclass,201.6587,29.546,27.0375,26.0223,0.0017,0.6835,1.5457,2.5085,1775592956632625486
gestureclass,single_gestureclass,201.6645,50.4544,26.0116,24.9817,0.0016,0.6572,23.509,24.4428,1775592956660314166
gestureclass,single_gestureclass,201.7851,31.3482,28.8397,27.0742,0.0018,1.4363,1.5531,2.5085,1775592956759036987
gestureclass,single_gestureclass,201.8317,30.1888,27.68,26.2657,0.0018,1.0625,1.5774,2.5088,1775592956805616747
gestureclass,single_gestureclass,201.8594,29.5486,26.5862,25.5708,0.0017,0.6639,2.0392,2.9625,1775592956833822162
gestureclass,single_gestureclass,201.8681,45.9425,24.4197,23.4396,0.0016,0.6371,20.5586,21.5228,1775592956860990652
gestureclass,single_gestureclass,202.1004,34.4601,31.8641,30.707,0.002,0.7862,1.6451,2.5959,1775592957074373203
gestureclass,single_gestureclass,202.1171,47.0071,28.6369,27.5418,0.0017,0.7194,17.3757,18.3702,1775592957106861726
gestureclass,single_gestureclass,202.1784,28.9214,26.4476,25.4542,0.0018,0.6797,1.5306,2.4737,1775592957152235793
gestureclass,single_gestureclass,202.2355,29.4526,26.9714,25.9815,0.0016,0.6784,1.5283,2.4812,1775592957209378139
gestureclass,single_gestureclass,202.2442,47.0266,25.6349,24.6087,0.0016,0.6552,20.4728,21.3917,1775592957237048826
gestureclass,single_gestureclass,202.3665,32.2437,29.6177,28.5458,0.0018,0.7188,1.6282,2.6261,1775592957340471894
gestureclass,single_gestureclass,202.3753,51.9102,27.7701,26.7162,0.0017,0.6814,23.1798,24.1401,1775592957370780738
gestureclass,single_gestureclass,202.5254,41.2369,38.6146,37.1807,0.0024,0.9788,1.7073,2.6223,1775592957499487456
gestureclass,single_gestureclass,202.5652,31.3146,28.5542,27.4869,0.0018,0.7195,1.7829,2.7604,1775592957539351676
gestureclass,single_gestureclass,202.7489,34.0168,31.3274,30.1932,0.0019,0.7641,1.678,2.6894,1775592957722899291
gestureclass,single_gestureclass,202.7546,60.2686,31.3261,30.2161,0.0018,0.7117,27.9701,28.9425,1775592957754932334
gestureclass,single_gestureclass,202.8551,30.6497,28.1786,27.1605,0.0019,0.6926,1.533,2.471,1775592957828982459
gestureclass,single_gestureclass,202.969,33.9806,31.2806,30.1697,0.002,0.7644,1.704,2.7,1775592957943051233
gestureclass,single_gestureclass,202.9707,63.0891,30.2637,29.2035,0.0017,0.6939,31.873,32.8255,1775592957974969236
gestureclass,single_gestureclass,203.1692,36.7346,33.995,32.6471,0.0021,0.8824,1.7073,2.7396,1775592958143221375
gestureclass,single_gestureclass,203.1809,57.8852,32.2368,31.0671,0.0021,0.7342,24.6551,25.6483,1775592958177928396
gestureclass,single_gestureclass,203.302,36.8886,34.2552,32.917,0.0022,0.9098,1.5969,2.6334,1775592958275985918
gestureclass,single_gestureclass,203.3168,54.2872,31.4844,29.6466,0.0018,0.7124,21.7943,22.8028,1775592958310937824
gestureclass,single_gestureclass,203.3753,28.3415,25.8133,24.7908,0.0018,0.6548,1.5659,2.5282,1775592958349208123
gestureclass,single_gestureclass,203.5199,41.7421,39.0418,37.5108,0.0026,1.0476,1.7033,2.7003,1775592958493990647
gestureclass,single_gestureclass,203.5809,34.555,31.8747,30.7214,0.0021,0.7826,1.6553,2.6802,1775592958554915681
gestureclass,single_gestureclass,203.6107,35.48,30.0459,28.9288,0.0018,0.7169,4.4847,5.4341,1775592958587494855
gestureclass,single_gestureclass,203.6277,44.9595,25.7385,24.7145,0.0017,0.6513,18.2486,19.2211,1775592958618268400
gestureclass,single_gestureclass,203.6969,28.3988,25.8885,24.8876,0.0016,0.6611,1.5495,2.5103,1775592958670754950
gestureclass,single_gestureclass,203.7525,28.7554,26.3232,25.3442,0.0018,0.6723,1.4999,2.4322,1775592958726312621
gestureclass,single_gestureclass,203.7542,53.2746,25.3035,24.3126,0.0016,0.6459,26.6893,27.9711,1775592958753220347
gestureclass,single_gestureclass,203.807,27.4906,24.774,23.7233,0.0043,0.7202,1.6224,2.7167,1775592958780947973
gestureclass,single_gestureclass,204.1159,33.9639,31.1241,29.1879,0.002,1.5455,1.8268,2.8398,1775592959090122109
gestureclass,single_gestureclass,204.2071,32.9852,30.2805,29.1616,0.0019,0.7604,1.6801,2.7047,1775592959181161749
gestureclass,single_gestureclass,204.2523,31.5335,28.9288,27.8456,0.0019,0.7262,1.6153,2.6046,1775592959226292965
gestureclass,single_gestureclass,204.3031,30.6449,28.0951,27.0599,0.0019,0.6971,1.6029,2.5498,1775592959277030849
gestureclass,single_gestureclass,204.3529,31.7783,29.0837,27.8087,0.0018,0.7151,1.7202,2.6946,1775592959327009892
gestureclass,single_gestureclass,204.3535,57.9982,26.1451,25.1277,0.0017,0.6543,30.9014,31.8531,1775592959356736899
gestureclass,single_gestureclass,204.4197,26.5896,24.1653,23.2181,0.0016,0.6349,1.5116,2.4244,1775592959393557145
gestureclass,single_gestureclass,204.4775,36.155,33.6485,32.271,0.0024,0.9468,1.5152,2.5065,1775592959451356688
gestureclass,single_gestureclass,204.5179,29.8598,27.2753,26.275,0.0018,0.68,1.6088,2.5844,1775592959491849378
gestureclass,single_gestureclass,204.56,28.9536,26.431,25.4354,0.0017,0.679,1.5752,2.5226,1775592959533885780
gestureclass,single_gestureclass,204.7212,33.1352,30.4183,29.2627,0.0019,0.7546,1.7068,2.7169,1775592959695286406
gestureclass,single_gestureclass,204.7544,32.0864,29.5094,28.4517,0.0018,0.7085,1.6241,2.577,1775592959728392278
gestureclass,single_gestureclass,204.7947,29.8564,27.3688,26.3798,0.0018,0.6628,1.5173,2.4876,1775592959768581701
gestureclass,single_gestureclass,204.8144,37.8971,27.0453,26.0479,0.0015,0.3204,9.7995,10.8518,1775592959796588914
gestureclass,single_gestureclass,204.8145,37.8861,27.0453,26.0479,0.0015,0.3204,9.7656,10.8408,1775592959796588914
gestureclass,single_gestureclass,204.8308,47.3087,24.966,24.0002,0.0014,0.3043,21.2853,22.3427,1775592959824406608
gestureclass,single_gestureclass,204.8385,39.587,24.966,24.0002,0.0014,0.3043,13.5407,14.6211,1775592959824406608
gestureclass,single_gestureclass,205.0775,34.0345,31.3541,30.238,0.002,0.752,1.6885,2.6804,1775592960051505468
gestureclass,single_gestureclass,205.1052,38.4414,31.172,30.1382,0.0016,0.3305,5.9183,7.2694,1775592960083497650
gestureclass,single_gestureclass,205.1069,36.7475,31.172,30.1382,0.0016,0.3305,4.2014,5.5755,1775592960083497650
gestureclass,single_gestureclass,205.1427,28.5478,26.0211,25.025,0.0016,0.6668,1.5898,2.5267,1775592960116644070
gestureclass,single_gestureclass,205.1499,46.9046,24.961,23.9643,0.0016,0.6412,21.0195,21.9436,1775592960143278935
gestureclass,single_gestureclass,205.1905,31.2519,24.2746,23.3136,0.0016,0.6185,6.0496,6.9773,1775592960168849324
gestureclass,single_gestureclass,205.213,34.0099,24.5755,23.6186,0.0015,0.3049,8.3451,9.4345,1775592960193707605
gestureclass,single_gestureclass,205.2135,33.515,24.5755,23.6186,0.0015,0.3049,7.8282,8.9395,1775592960193707605
gestureclass,single_gestureclass,205.3283,31.9324,29.3904,27.2027,0.0018,1.0753,1.5993,2.5419,1775592960302233815
gestureclass,single_gestureclass,205.357,30.1676,26.2752,25.2156,0.0017,0.6799,2.9678,3.8924,1775592960332317955
gestureclass,single_gestureclass,205.4624,32.9499,30.3313,29.2206,0.0017,0.7502,1.6043,2.6186,1775592960436365234
gestureclass,single_gestureclass,205.6156,33.7343,30.9536,29.7901,0.0018,0.7653,1.7531,2.7807,1775592960589748048
gestureclass,single_gestureclass,205.6304,49.9341,30.3177,29.2285,0.0018,0.7,18.6346,19.6164,1775592960621425530
gestureclass,single_gestureclass,205.7226,31.5294,28.9234,27.8606,0.002,0.7319,1.5986,2.606,1775592960696540565
gestureclass,single_gestureclass,205.8294,33.385,30.7146,29.5914,0.0021,0.7571,1.616,2.6704,1775592960803327086
gestureclass,single_gestureclass,205.882,35.6109,32.9933,31.8238,0.002,0.8035,1.6072,2.6177,1775592960855921923
gestureclass,single_gestureclass,205.9868,44.5588,41.8673,40.2773,0.0027,1.0836,1.6642,2.6915,1775592960960823491
gestureclass,single_gestureclass,206.0156,51.4481,34.9434,33.7013,0.0019,0.789,15.5315,16.5047,1775592961003452988
gestureclass,single_gestureclass,206.0732,32.8019,30.313,28.5035,0.0017,1.4498,1.5392,2.4889,1775592961047114476
gestureclass,single_gestureclass,206.0769,56.1559,26.4713,25.4519,0.0017,0.6638,28.7325,29.6846,1775592961078019482
gestureclass,single_gestureclass,206.1112,46.6821,24.2522,23.2722,0.0015,0.629,21.5056,22.4299,1775592961105084906
gestureclass,single_gestureclass,206.2111,28.3382,25.8582,24.89,0.0015,0.6614,1.5178,2.48,1775592961184994914
gestureclass,single_gestureclass,206.4699,33.0489,30.3296,29.1964,0.0019,0.7513,1.6999,2.7193,1775592961443925250
gestureclass,single_gestureclass,206.6052,34.8883,32.1883,31.0141,0.0022,0.807,1.6818,2.7,1775592961579222043
gestureclass,single_gestureclass,206.6199,53.1397,32.2162,31.109,0.0017,0.3417,19.8219,20.9235,1775592961612105118
gestureclass,single_gestureclass,206.6347,38.4312,32.2162,31.109,0.0017,0.3417,5.0914,6.215,1775592961612105118
gestureclass,single_gestureclass,206.6783,28.2714,25.8018,24.816,0.0018,0.6549,1.5073,2.4696,1775592961652157541
gestureclass,single_gestureclass,206.7818,32.9838,30.2955,29.1607,0.0018,0.7403,1.7118,2.6883,1775592961755871726
gestureclass,single_gestureclass,206.825,30.6892,28.1335,27.0549,0.0018,0.6969,1.5781,2.5557,1775592961798931676
gestureclass,single_gestureclass,206.954,46.052,42.6935,40.0491,0.0028,2.1102,1.647,3.3584,1775592961927953835
gestureclass,single_gestureclass,206.9717,65.6579,37.3362,36.0591,0.002,0.8377,27.2973,28.3217,1775592961971343455
gestureclass,single_gestureclass,206.9994,69.1404,30.4276,29.3125,0.0016,0.3349,37.5915,38.7128,1775592962009299511
gestureclass,single_gestureclass,207.0314,37.111,30.4276,29.3125,0.0016,0.3349,5.5394,6.6834,1775592962009299511
gestureclass,single_gestureclass,207.0757,27.7555,25.2743,24.3209,0.0016,0.6362,1.5249,2.4812,1775592962049619918
gestureclass,single_gestureclass,207.1437,29.0458,26.4511,25.4371,0.0018,0.6648,1.5829,2.5947,1775592962117643711
gestureclass,single_gestureclass,207.211,29.8033,27.2589,26.2625,0.0017,0.6776,1.5635,2.5444,1775592962184885929
gestureclass,single_gestureclass,207.253,30.0529,27.0213,26.0065,0.0017,0.7004,2.0638,3.0316,1775592962227395468
gestureclass,single_gestureclass,207.253,56.047,25.4462,24.4486,0.0016,0.6548,29.6376,30.6007,1775592962255002406
gestureclass,single_gestureclass,207.3082,26.0143,23.7815,22.8572,0.0017,0.6343,1.3459,2.2328,1775592962281927232
gestureclass,single_gestureclass,207.3425,26.1536,23.7252,22.7641,0.0015,0.6264,1.533,2.4284,1775592962316348337
gestureclass,single_gestureclass,207.3828,26.1807,23.8111,22.8649,0.0016,0.6374,1.4434,2.3696,1775592962356617836
gestureclass,single_gestureclass,207.4212,26.8195,24.4499,22.8131,0.0017,0.636,1.4222,2.3696,1775592962394978787
gestureclass,single_gestureclass,207.6624,32.9387,30.2196,29.1242,0.0018,0.7542,1.6801,2.7191,1775592962636435979
gestureclass,single_gestureclass,207.7586,32.8772,30.2303,29.1148,0.002,0.7742,1.631,2.6469,1775592962732554146
gestureclass,single_gestureclass,207.8707,34.3344,31.678,30.5661,0.0019,0.7499,1.6384,2.6564,1775592962844684343
gestureclass,single_gestureclass,207.8995,35.1214,28.7264,27.6656,0.0016,0.3324,5.2664,6.3951,1775592962877069686
gestureclass,single_gestureclass,207.9001,34.5376,28.7264,27.6656,0.0016,0.3324,4.6604,5.8112,1775592962877069686
gestureclass,single_gestureclass,208.0129,33.262,30.5265,29.3744,0.0019,0.7523,1.7302,2.7355,1775592962986936491
gestureclass,single_gestureclass,208.0633,32.1252,29.5329,28.4712,0.0018,0.7306,1.5833,2.5923,1775592963037264227
gestureclass,single_gestureclass,208.0861,37.2307,27.2611,26.2011,0.0018,0.6814,8.9929,9.9697,1775592963067423881
gestureclass,single_gestureclass,208.2186,33.5176,30.8409,29.7211,0.0017,0.7534,1.6661,2.6767,1775592963192593199
gestureclass,single_gestureclass,208.2333,48.7542,29.3612,28.2758,0.0016,0.6927,18.4166,19.393,1775592963224068658
gestureclass,single_gestureclass,208.3123,30.5328,27.9891,26.2717,0.0019,1.3963,1.6205,2.5437,1775592963286240507
gestureclass,single_gestureclass,208.363,28.9066,26.4411,25.4534,0.0017,0.6762,1.493,2.4655,1775592963336859029
gestureclass,single_gestureclass,208.4732,40.7424,38.0456,36.5854,0.0025,0.9691,1.657,2.6968,1775592963447167336
gestureclass,single_gestureclass,208.4779,69.895,33.2886,32.0842,0.0019,0.752,35.6512,36.6064,1775592963485918161
gestureclass,single_gestureclass,208.6701,34.5826,31.9577,30.7951,0.0021,0.7829,1.5912,2.625,1775592963644045003
gestureclass,single_gestureclass,208.7159,33.9406,31.351,30.1731,0.002,0.7798,1.6017,2.5895,1775592963689872374
gestureclass,single_gestureclass,208.8772,34.5685,31.907,30.712,0.002,0.7948,1.6193,2.6615,1775592963851125229
gestureclass,single_gestureclass,208.9159,33.1731,30.5519,29.4126,0.002,0.7661,1.6208,2.6211,1775592963889910407
gestureclass,single_gestureclass,209.0184,46.2499,43.6814,41.9759,0.0028,1.166,1.6661,2.5685,1775592963992369712
gestureclass,single_gestureclass,209.1178,38.6412,35.5978,34.0541,0.0022,0.8843,2.0244,3.0434,1775592964092184399
gestureclass,single_gestureclass,209.1179,71.9206,32.8107,31.6195,0.002,0.773,38.2931,39.1099,1775592964128504160
gestureclass,single_gestureclass,209.1887,31.6613,29.2467,28.2562,0.0017,0.6797,1.4462,2.4146,1775592964162449835
gestureclass,single_gestureclass,209.192,54.3075,25.1324,24.128,0.0016,0.659,27.9489,29.175,1775592964192285318
gestureclass,single_gestureclass,209.2455,26.6738,24.2301,23.2715,0.0015,0.6589,1.5278,2.4436,1775592964219390196
gestureclass,single_gestureclass,209.3614,31.7898,29.1199,28.0002,0.0019,0.7313,1.6778,2.6698,1775592964335457489
gestureclass,single_gestureclass,209.4044,31.0681,28.465,27.3896,0.0016,0.7113,1.6363,2.6031,1775592964378415207
gestureclass,single_gestureclass,209.4322,31.2304,27.3696,26.3586,0.0017,0.6514,2.9905,3.8608,1775592964407496781
gestureclass,single_gestureclass,209.4656,27.1542,24.734,23.7983,0.0014,0.6241,1.4932,2.4202,1775592964439441975
gestureclass,single_gestureclass,209.5,26.0811,23.7131,22.7848,0.0015,0.6377,1.4594,2.368,1775592964473773091
gestureclass,single_gestureclass,209.6904,32.9061,30.233,29.1371,0.0018,0.7545,1.6394,2.673,1775592964664363305
gestureclass,single_gestureclass,209.7865,34.5705,31.9055,30.7472,0.0019,0.8002,1.6344,2.6649,1775592964760491766
gestureclass,single_gestureclass,209.8013,51.9021,31.2994,29.5141,0.0017,0.3373,19.4702,20.6027,1775592964793100489
gestureclass,single_gestureclass,209.812,41.162,31.2994,29.5141,0.0017,0.3373,8.7082,9.8626,1775592964793100489
gestureclass,single_gestureclass,209.9074,33.3085,30.6808,29.5783,0.0018,0.7344,1.637,2.6277,1775592964881408233
gestureclass,single_gestureclass,209.9272,44.755,30.5173,29.4333,0.0018,0.707,13.2434,14.2377,1775592964912776686
gestureclass,single_gestureclass,210.0162,33.5128,30.31,29.197,0.0019,0.735,2.2321,3.2028,1775592964990739725
gestureclass,single_gestureclass,210.0162,62.387,28.4003,27.3424,0.0019,0.6761,33.1302,33.9867,1775592965021672408
gestureclass,single_gestureclass,210.1699,33.6988,30.9986,29.9095,0.0019,0.7491,1.6859,2.7002,1775592965143895010
gestureclass,single_gestureclass,210.1716,63.2913,30.68,29.6456,0.0014,0.3316,31.5962,32.6113,1775592965175547247
gestureclass,single_gestureclass,210.1716,63.4139,30.68,29.6456,0.0014,0.3316,31.5611,32.7338,1775592965175547247
gestureclass,single_gestureclass,210.3864,33.5488,30.8062,29.7143,0.0019,0.7508,1.7045,2.7426,1775592965360434815
gestureclass,single_gestureclass,210.4101,40.9863,30.2984,29.1654,0.0017,0.7195,9.3668,10.6879,1775592965391856591
gestureclass,single_gestureclass,210.4411,38.4939,28.2827,27.2522,0.0016,0.6585,9.2642,10.2112,1775592965422746114
gestureclass,single_gestureclass,210.4506,54.868,25.2541,23.6472,0.0015,1.2708,28.6567,29.6139,1775592965451618359
gestureclass,single_gestureclass,210.5337,27.2436,24.7717,23.7961,0.0016,0.6455,1.5557,2.472,1775592965507598967
gestureclass,single_gestureclass,210.6001,28.1653,25.6844,24.666,0.0017,0.6677,1.5213,2.481,1775592965574014336
gestureclass,single_gestureclass,210.7386,32.8686,30.2021,29.1082,0.002,0.7511,1.6336,2.6666,1775592965712568589
gestureclass,single_gestureclass,210.7917,33.046,30.4534,29.3495,0.002,0.7533,1.6472,2.5926,1775592965765662990
gestureclass,single_gestureclass,210.7954,58.1338,28.0991,27.013,0.0018,0.683,29.0589,30.0347,1775592965796826577
gestureclass,single_gestureclass,210.8369,43.0968,25.8795,24.8653,0.0016,0.6639,16.2592,17.2173,1775592965825536809
gestureclass,single_gestureclass,210.8748,30.1244,24.2772,23.3096,0.0015,0.629,4.885,5.8473,1775592965851990969
gestureclass,single_gestureclass,210.916,26.4833,23.8978,22.8103,0.0017,0.6193,1.6811,2.5854,1775592965890077790
gestureclass,single_gestureclass,210.9166,51.1119,24.5704,23.618,0.0015,0.6174,25.5923,26.5416,1775592965914544517
gestureclass,single_gestureclass,211.059,31.7018,29.1218,28.048,0.0019,0.7174,1.5919,2.58,1775592966032919796
gestureclass,single_gestureclass,211.1099,31.4519,28.9225,27.8872,0.0018,0.712,1.5748,2.5294,1775592966083831539
gestureclass,single_gestureclass,211.2616,32.8941,30.2386,29.1409,0.0018,0.7509,1.6642,2.6555,1775592966235657829
gestureclass,single_gestureclass,211.2958,30.7853,28.2287,27.1955,0.0019,0.6948,1.579,2.5566,1775592966269680915
gestureclass,single_gestureclass,211.4408,42.6323,39.9363,38.0672,0.0032,1.2964,1.6601,2.6961,1775592966414826933
gestureclass,single_gestureclass,211.4606,57.936,34.3641,33.1496,0.002,0.7916,22.6586,23.5718,1775592966455572887
gestureclass,single_gestureclass,211.4857,61.8818,28.3209,27.1648,0.0017,0.6802,32.6238,33.5608,1775592966490630485
gestureclass,single_gestureclass,211.5174,56.2835,25.5442,24.5427,0.0017,0.6372,29.7904,30.7392,1775592966519558272
gestureclass,single_gestureclass,211.721,35.5408,32.7616,31.5455,0.002,0.7868,1.7879,2.7792,1775592966695156658
gestureclass,single_gestureclass,211.7216,67.9443,32.0942,31.0268,0.0016,0.1682,34.7047,35.8501,1775592966728693100
gestureclass,single_gestureclass,211.7324,57.174,32.0942,31.0268,0.0016,0.1682,23.912,25.0797,1775592966728693100
gestureclass,single_gestureclass,211.7352,54.7543,32.0942,31.0268,0.0016,0.1682,21.1525,22.66,1775592966728693100
gestureclass,single_gestureclass,211.7501,39.9089,32.0942,31.0268,0.0016,0.1682,6.289,7.8147,1775592966728693100
gestureclass,single_gestureclass,211.8042,29.2413,26.6312,25.587,0.0017,0.6824,1.6489,2.6101,1775592966778176502
gestureclass,single_gestureclass,211.8446,28.9495,26.4213,24.7739,0.0018,0.6607,1.5779,2.5282,1775592966818556347
gestureclass,single_gestureclass,211.9378,34.5421,31.8664,30.526,0.0023,0.8852,1.6742,2.6757,1775592966911827616
gestureclass,single_gestureclass,212.0096,33.4215,30.7616,29.6381,0.0019,0.7714,1.6441,2.66,1775592966983561893
gestureclass,single_gestureclass,212.0502,31.7421,29.172,28.1161,0.0019,0.7115,1.5843,2.5701,1775592967024135283
gestureclass,single_gestureclass,212.1272,33.3052,30.7014,29.5723,0.0019,0.7535,1.5922,2.6038,1775592967101100151
gestureclass,single_gestureclass,212.1399,49.6068,28.4474,27.3833,0.002,0.6802,20.1848,21.1594,1775592967132442162
gestureclass,single_gestureclass,212.2428,32.9731,30.2497,29.1329,0.0021,0.7405,1.6992,2.7233,1775592967216811054
gestureclass,single_gestureclass,212.2789,30.6559,28.1166,27.0673,0.0017,0.6963,1.5533,2.5393,1775592967252840972
gestureclass,single_gestureclass,212.3438,33.6049,30.9666,29.8501,0.0019,0.7726,1.6499,2.6383,1775592967317802659
gestureclass,single_gestureclass,212.3456,60.9057,28.3202,27.2745,0.0017,0.333,31.4941,32.5855,1775592967349408578
gestureclass,single_gestureclass,212.3603,46.1838,28.3202,27.2745,0.0017,0.333,16.7501,17.8636,1775592967349408578
gestureclass,single_gestureclass,212.6009,33.8566,31.1973,29.2994,0.002,1.5419,1.6668,2.6593,1775592967574884666
gestureclass,single_gestureclass,212.697,32.8062,30.2025,29.1078,0.0019,0.7396,1.6263,2.6037,1775592967670945133
gestureclass,single_gestureclass,212.8861,33.3269,30.8128,29.6818,0.0017,0.7716,1.5635,2.5141,1775592967860007323
gestureclass,single_gestureclass,212.9726,34.8916,32.1188,30.8913,0.002,0.807,1.7552,2.7729,1775592967946742319
gestureclass,single_gestureclass,213.0998,34.6427,31.9531,30.7792,0.002,0.8043,1.6725,2.6896,1775592968073838428
gestureclass,single_gestureclass,213.1857,36.3407,33.5626,32.2438,0.002,0.871,1.7586,2.7781,1775592968159783561
gestureclass,single_gestureclass,213.3974,36.5899,33.9041,32.6323,0.002,0.847,1.658,2.6858,1775592968371444214
gestureclass,single_gestureclass,213.4032,66.565,35.0601,33.8403,0.002,0.7649,30.5021,31.5049,1775592968406049371
gestureclass,single_gestureclass,213.516,43.7605,41.0784,39.6631,0.0025,0.9596,1.6589,2.6821,1775592968489992225
gestureclass,single_gestureclass,213.5207,75.6516,35.6725,34.5338,0.0016,0.2432,38.6944,39.9792,1775592968531762818
gestureclass,single_gestureclass,213.5245,71.8977,35.6725,34.5338,0.0016,0.2432,34.9171,36.2253,1775592968531762818
gestureclass,single_gestureclass,213.5303,66.1321,35.6725,34.5338,0.0016,0.2432,29.1176,30.4596,1775592968531762818
gestureclass,single_gestureclass,213.592,34.2047,29.185,27.4383,0.0017,1.3375,4.0841,5.0197,1775592968568385339
gestureclass,single_gestureclass,213.7354,32.8989,30.2233,29.1268,0.002,0.7545,1.6687,2.6756,1775592968709456554
gestureclass,single_gestureclass,213.7695,31.7526,29.1643,28.046,0.0018,0.7285,1.6367,2.5883,1775592968743526867
gestureclass,single_gestureclass,213.7943,34.6334,27.0296,26.0039,0.0016,0.6695,6.6812,7.6038,1775592968773305456
gestureclass,single_gestureclass,213.8165,37.6375,24.6151,23.6287,0.0016,0.6384,12.0575,13.0223,1775592968800899460
gestureclass,single_gestureclass,214.0345,40.2606,37.5755,36.1449,0.0025,0.9727,1.6828,2.6851,1775592969008508550
gestureclass,single_gestureclass,214.115,32.8972,30.2313,29.1327,0.0019,0.7552,1.6468,2.666,1775592969088977364
gestureclass,single_gestureclass,214.2111,33.3045,30.7175,29.5628,0.0019,0.7553,1.6232,2.5869,1775592969185080360
gestureclass,single_gestureclass,214.2219,52.6259,29.3794,28.2952,0.0019,0.6845,22.2993,23.2465,1775592969216515058
gestureclass,single_gestureclass,214.3027,29.865,27.2873,26.2503,0.0017,0.6812,1.5872,2.5778,1775592969276631169
gestureclass,single_gestureclass,214.3908,32.9661,30.2728,29.1484,0.0019,0.7364,1.6928,2.6933,1775592969364814330
gestureclass,single_gestureclass,214.463,34.3087,31.66,29.6915,0.002,0.7775,1.6923,2.6486,1775592969436998792
gestureclass,single_gestureclass,214.5925,33.5822,30.8841,29.7296,0.0019,0.7728,1.6835,2.6981,1775592969566557079
gestureclass,single_gestureclass,214.7404,34.9798,32.3081,31.1356,0.0021,0.8043,1.6553,2.6717,1775592969714392621
gestureclass,single_gestureclass,214.7421,65.8417,31.9219,30.7641,0.0018,0.7364,32.9368,33.9197,1775592969747432792
gestureclass,single_gestureclass,215.0324,52.0837,49.322,47.3981,0.0034,1.2925,1.7271,2.7618,1775592970006455783
gestureclass,single_gestureclass,215.0441,87.208,45.9726,44.5348,0.0023,0.462,40.0686,41.2354,1775592970056556104
gestureclass,single_gestureclass,215.0549,76.4658,45.9726,44.5348,0.0023,0.462,29.3031,30.4932,1775592970056556104
gestureclass,single_gestureclass,215.0897,77.7578,35.2064,34.0368,0.0018,0.3664,41.441,42.5514,1775592970103462481
gestureclass,single_gestureclass,215.1044,63.0145,35.2064,34.0368,0.0018,0.3664,26.6757,27.8081,1775592970103462481
gestureclass,single_gestureclass,215.2437,34.0548,31.3681,30.2113,0.002,0.7488,1.6904,2.6866,1775592970217732726
gestureclass,single_gestureclass,215.2585,49.5517,29.5994,28.5204,0.0016,0.7036,18.9919,19.9523,1775592970249797401
gestureclass,single_gestureclass,215.3422,31.0416,28.5325,27.4763,0.0018,0.7133,1.565,2.5091,1775592970316135801
gestureclass,single_gestureclass,215.3619,39.6814,27.7989,26.0813,0.0017,1.3128,11.0295,11.8825,1775592970345325470
gestureclass,single_gestureclass,215.4005,27.0236,24.5565,23.5679,0.0017,0.6305,1.5097,2.4671,1775592970374321619
gestureclass,single_gestureclass,215.4757,28.2981,25.8207,24.8432,0.0016,0.6675,1.5578,2.4774,1775592970449610633
gestureclass,single_gestureclass,215.5412,29.3028,26.5086,25.5082,0.0018,0.6855,1.5082,2.7943,1775592970515067723
gestureclass,single_gestureclass,215.57,29.1262,26.4686,25.3696,0.0017,0.6697,1.704,2.6576,1775592970544082599
gestureclass,single_gestureclass,215.5708,54.3716,25.2602,24.2937,0.0015,0.3039,28.0304,29.1114,1775592970571136268
gestureclass,single_gestureclass,215.5854,39.7019,25.2602,24.2937,0.0015,0.3039,13.3388,14.4418,1775592970571136268
gestureclass,single_gestureclass,215.6794,28.9829,26.441,25.4416,0.0017,0.6682,1.5504,2.5419,1775592970653258760
gestureclass,single_gestureclass,215.688,47.3967,26.5208,25.4997,0.0017,0.6401,19.9711,20.8759,1775592970680369222
gestureclass,single_gestureclass,215.7727,28.3155,25.8332,24.8419,0.0018,0.6687,1.5552,2.4824,1775592970746561228
gestureclass,single_gestureclass,215.9142,33.3357,30.7212,29.6092,0.002,0.7536,1.5891,2.6145,1775592970888187055
gestureclass,single_gestureclass,215.931,49.2184,31.9799,30.1633,0.0017,1.4202,16.289,17.2386,1775592970919620575
gestureclass,single_gestureclass,215.9698,37.2305,26.1955,25.1781,0.0016,0.667,10.0756,11.035,1775592970952210803
gestureclass,single_gestureclass,216.0014,30.9522,24.7066,23.6981,0.0015,0.6418,5.3351,6.2456,1775592970979083879
gestureclass,single_gestureclass,216.0262,30.4103,23.8871,22.9172,0.0015,0.6313,5.801,6.5232,1775592971004364986
gestureclass,single_gestureclass,216.0798,27.504,25.0912,24.1322,0.0016,0.6435,1.4641,2.4128,1775592971053636915
gestureclass,single_gestureclass,216.0815,51.4758,24.9476,23.9922,0.0014,0.3056,25.4428,26.5282,1775592971079317691
gestureclass,single_gestureclass,216.0942,38.794,24.9476,23.9922,0.0014,0.3056,12.7394,13.8465,1775592971079317691
gestureclass,single_gestureclass,216.1235,33.5948,23.5641,22.5819,0.0015,0.6299,9.089,10.0308,1775592971104964675
gestureclass,single_gestureclass,216.1843,27.0767,24.6693,23.703,0.0016,0.6387,1.4679,2.4074,1775592971158142324
gestureclass,single_gestureclass,216.4018,33.7708,31.1318,30.0439,0.0018,0.7496,1.6525,2.639,1775592971375756748
gestureclass,single_gestureclass,216.4035,66.4346,33.6703,32.4595,0.0019,0.3807,31.673,32.7643,1775592971407529466
gestureclass,single_gestureclass,216.4293,40.7062,33.6703,32.4595,0.0019,0.3807,5.9226,7.0358,1775592971407529466
gestureclass,single_gestureclass,216.4567,40.5145,26.7255,25.6747,0.0016,0.6699,12.8839,13.789,1775592971441963002
gestureclass,single_gestureclass,216.5005,27.8502,25.5072,23.7457,0.0018,0.6481,1.4772,2.3429,1775592971474280600
gestureclass,single_gestureclass,216.6816,32.9158,30.2724,29.1718,0.002,0.7594,1.6696,2.6434,1775592971655643586
gestureclass,single_gestureclass,216.8108,32.9201,30.2795,29.1788,0.002,0.7326,1.6305,2.6406,1775592971784783733
gestureclass,single_gestureclass,216.945,46.7684,44.0677,42.2234,0.0031,1.2917,1.6422,2.7007,1775592971918979701
gestureclass,single_gestureclass,216.9487,84.9204,41.142,39.7028,0.0023,0.9514,42.7661,43.7784,1775592971963836242
gestureclass,single_gestureclass,217.011,54.9862,31.7716,30.6473,0.0018,0.7377,22.3188,23.2147,1775592972005636925
gestureclass,single_gestureclass,217.1062,32.2444,29.6075,28.4425,0.0018,0.7501,1.6534,2.6369,1775592972080173735
gestureclass,single_gestureclass,217.1766,34.0836,31.3628,30.2163,0.002,0.7725,1.7092,2.7208,1775592972150692069
gestureclass,single_gestureclass,217.283,34.4534,31.8167,30.6712,0.002,0.7871,1.6084,2.6367,1775592972256914064
gestureclass,single_gestureclass,217.3037,44.8062,30.3722,29.2883,0.0018,0.6786,13.4828,14.434,1775592972289523949
gestureclass,single_gestureclass,217.4327,36.1397,33.4304,31.0763,0.0024,1.8572,1.6742,2.7094,1775592972406772950
gestureclass,single_gestureclass,217.4891,32.2711,29.6411,28.4853,0.0019,0.745,1.6634,2.6301,1775592972463106650
gestureclass,single_gestureclass,217.5836,33.9227,31.3154,30.1978,0.002,0.7697,1.6158,2.6073,1775592972557560980
gestureclass,single_gestureclass,217.5884,59.1664,29.2348,28.1574,0.0018,0.6793,28.9643,29.9317,1775592972589666851
gestureclass,single_gestureclass,217.7648,32.9914,30.2317,29.1412,0.0019,0.7342,1.7333,2.7597,1775592972738896589
gestureclass,single_gestureclass,217.7966,30.9849,28.4986,27.4559,0.0019,0.7051,1.5218,2.4863,1775592972770449181
gestureclass,single_gestureclass,217.822,32.1646,25.9658,24.9465,0.0017,0.6687,5.2288,6.1987,1775592972799586825
gestureclass,single_gestureclass,217.9935,44.4255,41.6932,40.0893,0.0027,1.0991,1.7006,2.7323,1775592972967529571
gestureclass,single_gestureclass,217.9972,80.3785,38.999,37.6041,0.0022,0.9053,40.4065,41.3795,1775592973009993353
gestureclass,single_gestureclass,218.0391,71.5971,32.1694,31.0766,0.0017,0.3348,38.3182,39.4277,1775592973049744332
gestureclass,single_gestureclass,218.0668,43.879,32.1694,31.0766,0.0017,0.3348,10.577,11.7096,1775592973049744332
gestureclass,single_gestureclass,218.1529,33.2854,30.4332,28.4154,0.0018,1.4615,1.8427,2.8522,1775592973127114591
gestureclass,single_gestureclass,218.1535,60.7941,27.3732,26.3476,0.0015,0.3232,32.3279,33.4209,1775592973158169581
gestureclass,single_gestureclass,218.1742,40.0617,27.3732,26.3476,0.0015,0.3232,11.5743,12.6885,1775592973158169581
gestureclass,single_gestureclass,218.3906,40.0763,37.3734,35.9153,0.0023,0.978,1.6811,2.7028,1775592973364679437
gestureclass,single_gestureclass,218.3934,73.8587,35.8143,34.5741,0.0019,0.8038,37.0219,38.0444,1775592973402786128
gestureclass,single_gestureclass,218.5575,35.3205,32.6051,31.4293,0.002,0.792,1.6646,2.7154,1775592973531552457
gestureclass,single_gestureclass,218.5603,65.7752,32.6864,31.5434,0.0018,0.7443,32.1395,33.0887,1775592973564817929
gestureclass,single_gestureclass,218.5981,55.4702,26.7503,25.7106,0.0017,0.6454,27.7572,28.7199,1775592973598169899
gestureclass,single_gestureclass,218.7028,30.1857,27.6648,26.6538,0.0017,0.6923,1.5771,2.5209,1775592973676689188
gestureclass,single_gestureclass,218.7045,56.3707,27.3234,26.2951,0.0015,0.6655,28.0912,29.0473,1775592973704938903
gestureclass,single_gestureclass,218.7371,48.6901,24.3677,23.3881,0.0016,0.626,23.3698,24.3224,1775592973732835700
gestureclass,single_gestureclass,218.81,26.5622,24.1544,23.2221,0.0016,0.6223,1.4853,2.4078,1775592973783840233
gestureclass,single_gestureclass,218.9859,35.4979,32.761,31.5313,0.0021,0.8555,1.7154,2.7369,1775592973959964042
gestureclass,single_gestureclass,219.0107,42.057,30.5962,29.4877,0.0018,0.6953,10.4449,11.4608,1775592973993448284
gestureclass,single_gestureclass,219.206,35.5411,32.8575,31.4993,0.0023,0.9363,1.6382,2.6835,1775592974180020017
gestureclass,single_gestureclass,219.2288,46.165,32.6825,31.5401,0.0018,0.7297,12.4998,13.4825,1775592974213616431
gestureclass,single_gestureclass,219.3251,33.6833,31.0278,29.8553,0.0019,0.7582,1.647,2.6555,1775592974299146115
gestureclass,single_gestureclass,219.3821,33.8104,31.2473,30.0861,0.0021,0.789,1.5812,2.5631,1775592974356000316
gestureclass,single_gestureclass,219.5041,43.8855,41.2117,39.5831,0.0027,1.0791,1.6508,2.6737,1775592974478121886
gestureclass,single_gestureclass,219.6172,35.9647,33.2682,32.0331,0.002,0.8302,1.6477,2.6965,1775592974591238137
gestureclass,single_gestureclass,219.646,40.0801,32.1608,30.9955,0.0018,0.7508,6.918,7.9193,1775592974625235051
gestureclass,single_gestureclass,220.0015,51.1615,48.3414,46.3966,0.0033,1.3071,1.7366,2.8201,1775592974975617390
gestureclass,single_gestureclass,220.179,36.4184,33.7538,31.61,0.0021,0.8389,1.7266,2.6646,1775592975153061659
gestureclass,single_gestureclass,220.2967,36.1006,33.4383,32.1954,0.0022,0.8353,1.6515,2.6623,1775592975270655617
gestureclass,single_gestureclass,220.336,33.6015,31.0306,29.9334,0.0019,0.7344,1.5976,2.5709,1775592975309913983
gestureclass,single_gestureclass,220.5069,50.8332,48.0863,46.1855,0.0031,1.2937,1.6885,2.7469,1775592975480926051
gestureclass,single_gestureclass,220.653,36.1581,33.4656,32.2068,0.002,0.8669,1.6727,2.6925,1775592975627009566
gestureclass,single_gestureclass,220.7834,36.9964,34.365,33.0741,0.0022,0.8901,1.663,2.6313,1775592975757405390
gestureclass,single_gestureclass,220.9897,38.6055,35.8344,34.4721,0.0022,0.9035,1.7886,2.7711,1775592975963865206
gestureclass,single_gestureclass,221.0185,47.6189,36.7956,35.4817,0.0022,0.8587,9.6869,10.8233,1775592976000525672
gestureclass,single_gestureclass,221.0515,44.4691,29.3867,28.3151,0.0017,0.6953,14.1094,15.0824,1775592976037997974
gestureclass,single_gestureclass,221.1002,28.2106,25.7576,24.6971,0.0017,0.6753,1.5233,2.4531,1775592976074084529
gestureclass,single_gestureclass,221.1179,36.6337,25.3987,23.7273,0.0017,1.2751,10.2875,11.235,1775592976100552743
gestureclass,single_gestureclass,221.1426,36.0913,23.5959,22.6406,0.0015,0.6188,11.548,12.4954,1775592976126529868
gestureclass,single_gestureclass,221.2219,28.2485,25.7975,24.7623,0.0015,0.6702,1.5435,2.4511,1775592976195823195
gestureclass,single_gestureclass,221.2276,48.1539,25.0346,24.0327,0.0015,0.6289,22.1972,23.1193,1775592976222169483
gestureclass,single_gestureclass,221.2614,38.5642,23.6024,22.6362,0.0017,0.6313,14.0305,14.9618,1775592976247756403
gestureclass,single_gestureclass,221.4362,34.946,32.2375,31.0073,0.0022,0.8499,1.6773,2.7084,1775592976410269715
gestureclass,single_gestureclass,221.6405,33.4601,30.7625,29.6668,0.0018,0.753,1.7023,2.6976,1775592976614580637
gestureclass,single_gestureclass,221.6533,52.0389,30.8162,29.6387,0.0017,0.731,20.3283,21.2227,1775592976645969831
gestureclass,single_gestureclass,221.6852,46.5667,25.7668,24.7671,0.0016,0.6492,19.8534,20.7999,1775592976677393992
gestureclass,single_gestureclass,221.9722,51.5137,48.7569,46.8305,0.0031,1.3082,1.7157,2.7567,1775592976946230547
gestureclass,single_gestureclass,221.9879,74.8942,38.4646,36.9012,0.0023,0.9861,35.5332,36.4295,1775592976995805839
gestureclass,single_gestureclass,222.1061,38.255,35.4897,34.1791,0.0022,0.8678,1.7645,2.7653,1775592977080167928
gestureclass,single_gestureclass,222.1348,40.5731,30.4332,29.305,0.0017,0.742,9.2089,10.1399,1775592977116348840
gestureclass,single_gestureclass,222.3017,32.7663,30.1558,29.0594,0.0019,0.756,1.6553,2.6106,1775592977275663270
gestureclass,single_gestureclass,222.3546,33.2549,30.6463,29.5253,0.002,0.7719,1.6341,2.6085,1775592977328624214
gestureclass,single_gestureclass,222.3744,42.0058,27.8419,26.7828,0.0017,0.6775,13.1958,14.1638,1775592977359938840
gestureclass,single_gestureclass,222.4736,41.3113,38.6137,37.1045,0.0025,1.016,1.6737,2.6976,1775592977447648667
gestureclass,single_gestureclass,222.5362,33.0157,30.2855,29.1647,0.0021,0.7516,1.7123,2.7302,1775592977510216634
gestureclass,single_gestureclass,222.6504,33.6299,30.9404,29.775,0.002,0.7747,1.683,2.6895,1775592977624448016
gestureclass,single_gestureclass,222.8053,34.0214,31.3053,30.1605,0.0019,0.7884,1.7054,2.7161,1775592977779386283
gestureclass,single_gestureclass,222.9016,35.4605,32.7586,31.527,0.0022,0.8291,1.6932,2.7019,1775592977875623361
gestureclass,single_gestureclass,222.9483,47.3063,44.7413,42.9473,0.0029,1.2331,1.5819,2.565,1775592977922186646
gestureclass,single_gestureclass,222.952,81.3777,36.838,35.6403,0.0019,0.3801,43.4215,44.5397,1775592977967746763
gestureclass,single_gestureclass,222.9717,61.6271,36.838,35.6403,0.0019,0.3801,23.6483,24.7891,1775592977967746763
gestureclass,single_gestureclass,223.0028,60.4813,29.1095,28.0648,0.0016,0.3318,30.282,31.3718,1775592978005403741
gestureclass,single_gestureclass,223.0135,49.7375,29.1095,28.0648,0.0016,0.3318,19.5165,20.6279,1775592978005403741
gestureclass,single_gestureclass,223.2016,33.9165,31.2536,30.1587,0.0018,0.7498,1.6658,2.6629,1775592978175596562
gestureclass,single_gestureclass,223.2183,49.1447,31.2371,30.1896,0.0017,0.3347,16.8083,17.9076,1775592978207505377
gestureclass,single_gestureclass,223.2291,38.4264,31.2371,30.1896,0.0017,0.3347,6.0675,7.1893,1775592978207505377
gestureclass,single_gestureclass,223.563,33.9935,31.253,29.6768,0.0018,1.2031,1.7681,2.7405,1775592978537090437
gestureclass,single_gestureclass,223.5777,53.5038,33.5212,32.4083,0.0017,0.3402,18.9106,19.9826,1775592978568971152
gestureclass,single_gestureclass,223.5945,36.7622,33.5212,32.4083,0.0017,0.3402,2.1472,3.2411,1775592978568971152
gestureclass,single_gestureclass,223.6052,52.9184,26.1727,25.1219,0.0016,0.6653,25.8021,26.7458,1775592978603325749
gestureclass,single_gestureclass,223.7343,33.366,30.7363,29.5802,0.0021,0.7418,1.6608,2.6297,1775592978708359535
gestureclass,single_gestureclass,223.7581,40.2758,29.9461,28.8605,0.0016,0.7006,9.3448,10.3297,1775592978739801531
gestureclass,single_gestureclass,223.7709,55.9781,27.5284,25.8509,0.0015,0.2094,27.1604,28.4497,1775592978770440417
gestureclass,single_gestureclass,223.7937,33.2763,27.5284,25.8509,0.0015,0.2094,4.436,5.7479,1775592978770440417
gestureclass,single_gestureclass,223.7937,33.2742,27.5284,25.8509,0.0015,0.2094,4.4026,5.7458,1775592978770440417
gestureclass,single_gestureclass,223.9783,45.4228,42.7177,41.0954,0.0027,1.1114,1.7264,2.7051,1775592978952353623
gestureclass,single_gestureclass,224.009,56.6254,40.8297,39.4963,0.0019,0.276,14.483,15.7957,1775592978995847699
gestureclass,single_gestureclass,224.0108,54.9035,40.8297,39.4963,0.0019,0.276,12.7385,14.0738,1775592978995847699
gestureclass,single_gestureclass,224.0114,54.3206,40.8297,39.4963,0.0019,0.276,12.1229,13.4909,1775592978995847699
gestureclass,single_gestureclass,224.0359,60.7243,30.4595,29.409,0.0018,0.6926,29.3481,30.2647,1775592979037623349
gestureclass,single_gestureclass,224.1308,30.7574,28.2496,27.2131,0.0018,0.6973,1.5736,2.5078,1775592979104750848
gestureclass,single_gestureclass,224.2609,33.9143,31.2453,30.1344,0.002,0.7502,1.653,2.669,1775592979234867501
gestureclass,single_gestureclass,224.2636,62.5474,30.7109,29.6324,0.0018,0.6933,30.8449,31.8365,1775592979266800936
gestureclass,single_gestureclass,224.3534,29.7966,27.2608,26.2493,0.0017,0.6934,1.581,2.5358,1775592979327296501
gestureclass,single_gestureclass,224.4484,39.1984,36.5867,35.1816,0.0025,0.9738,1.6696,2.6117,1775592979422410458
gestureclass,single_gestureclass,224.4861,32.7513,29.7724,28.6819,0.0019,0.7491,2.0521,2.9789,1775592979460547957
gestureclass,single_gestureclass,224.4862,60.9515,27.5206,25.8402,0.0017,0.6683,32.465,33.4309,1775592979490994564
gestureclass,single_gestureclass,224.5421,30.1652,24.5783,23.5734,0.0018,0.6412,4.6499,5.5869,1775592979519099664
gestureclass,single_gestureclass,224.7106,32.8801,30.2487,29.1579,0.002,0.75,1.6425,2.6314,1775592979684566757
gestureclass,single_gestureclass,224.8788,33.6752,30.7432,29.1949,0.002,1.19,1.6325,2.932,1775592979852755197
gestureclass,single_gestureclass,224.9095,36.9062,33.0822,31.9541,0.0018,0.3557,2.6505,3.824,1775592979884531711
gestureclass,single_gestureclass,224.9101,36.3274,33.0822,31.9541,0.0018,0.3557,2.0487,3.2451,1775592979884531711
gestureclass,single_gestureclass,224.9267,48.3575,27.9076,26.8218,0.0018,0.6823,19.4902,20.4499,1775592979918494604
gestureclass,single_gestureclass,225.0683,32.9413,30.2843,29.1827,0.0019,0.7581,1.6549,2.657,1775592980042280691
gestureclass,single_gestureclass,225.1174,31.6517,29.0369,27.9732,0.0019,0.7299,1.6193,2.6148,1775592980091400524
gestureclass,single_gestureclass,225.2393,33.3769,30.7491,29.6521,0.002,0.7407,1.6294,2.6278,1775592980213317368
gestureclass,single_gestureclass,225.2411,61.8272,29.4708,28.3835,0.0017,0.6946,31.359,32.3564,1775592980244801730
gestureclass,single_gestureclass,225.3181,29.6645,27.2128,25.5362,0.0017,1.3609,1.4937,2.4517,1775592980291964648
gestureclass,single_gestureclass,225.368,28.24,25.7907,24.8123,0.0017,0.6694,1.514,2.4493,1775592980341859893
gestureclass,single_gestureclass,225.4625,32.196,29.6067,28.5116,0.0019,0.7158,1.6398,2.5893,1775592980436451835
gestureclass,single_gestureclass,225.4862,37.8885,28.8648,27.802,0.0017,0.6774,8.1034,9.0237,1775592980466662560
gestureclass,single_gestureclass,225.5169,32.9864,25.1502,24.1343,0.0016,0.6526,6.8722,7.8362,1775592980496096356
gestureclass,single_gestureclass,225.8193,32.8085,30.23,29.1358,0.0019,0.7512,1.6019,2.5785,1775592980793252368
gestureclass,single_gestureclass,225.9083,33.3714,30.3054,29.1834,0.0019,0.7508,1.7018,3.0661,1775592980882382676
gestureclass,single_gestureclass,225.9412,36.3612,33.6921,32.2319,0.0025,0.9847,1.708,2.6691,1775592980915248051
gestureclass,single_gestureclass,225.9818,29.8867,27.3014,26.2853,0.0018,0.6815,1.579,2.5853,1775592980955692485
gestureclass,single_gestureclass,226.0318,28.9919,26.6194,25.5848,0.0017,0.6799,1.5383,2.3725,1775592981005705440
gestureclass,single_gestureclass,226.09,29.0055,26.4955,25.4882,0.0019,0.6919,1.5693,2.5101,1775592981063939913
gestureclass,single_gestureclass,226.1732,32.4888,29.9189,28.8525,0.0019,0.718,1.6139,2.57,1775592981147209791
gestureclass,single_gestureclass,226.3931,33.354,30.7603,29.6357,0.0019,0.776,1.6186,2.5938,1775592981367058428
gestureclass,single_gestureclass,226.4297,33.6139,31.0014,29.9319,0.0016,0.7307,1.6263,2.6125,1775592981403637015
gestureclass,single_gestureclass,226.5535,33.5677,30.8453,29.6856,0.0019,0.7746,1.6913,2.7224,1775592981527586268
gestureclass,single_gestureclass,226.6013,33.8283,31.3048,30.1636,0.0017,0.7842,1.5616,2.5235,1775592981575237253
gestureclass,single_gestureclass,226.6041,59.7219,27.9857,26.932,0.0016,0.6764,30.8068,31.7362,1775592981607227161
gestureclass,single_gestureclass,226.6504,39.0406,25.0441,24.0441,0.0017,0.6514,13.083,13.9965,1775592981635787995
gestureclass,single_gestureclass,226.9128,33.3645,30.2251,29.1289,0.0018,0.756,2.1746,3.1395,1775592981887308314
gestureclass,single_gestureclass,226.9128,70.8525,36.7562,35.466,0.0019,0.7998,33.0453,34.0963,1775592981918215021
gestureclass,single_gestureclass,226.9449,70.4353,30.8225,28.863,0.0017,0.2296,38.5211,39.6128,1775592981955806233
gestureclass,single_gestureclass,226.9604,54.9839,30.8225,28.863,0.0017,0.2296,23.0474,24.1614,1775592981955806233
gestureclass,single_gestureclass,226.9771,38.4467,30.8225,28.863,0.0017,0.2296,6.3202,7.6242,1775592981955806233
gestureclass,single_gestureclass,226.9819,59.761,25.3979,24.3706,0.0016,0.6419,33.4215,34.3632,1775592981987665728
gestureclass,single_gestureclass,227.0558,28.4405,26.0784,24.6983,0.0016,1.0324,1.4408,2.362,1775592982029607323
gestureclass,single_gestureclass,227.0584,52.0699,25.2933,24.334,0.0014,0.2019,25.5303,26.7766,1775592982056276918
gestureclass,single_gestureclass,227.0639,46.5479,25.2933,24.334,0.0014,0.2019,19.9862,21.2546,1775592982056276918
gestureclass,single_gestureclass,227.0816,28.8887,25.2933,24.334,0.0014,0.2019,2.2948,3.5954,1775592982056276918
gestureclass,single_gestureclass,227.1065,28.173,23.5229,22.5341,0.0016,0.6152,3.7038,4.65,1775592982082509268
gestureclass,single_gestureclass,227.1859,28.3132,25.8044,24.8323,0.0016,0.6671,1.56,2.5088,1775592982159776610
gestureclass,single_gestureclass,227.5297,33.0746,30.3468,29.2028,0.002,0.7339,1.7233,2.7278,1775592982503731965
gestureclass,single_gestureclass,227.637,40.7755,38.0714,36.6541,0.0025,0.985,1.6692,2.7042,1775592982610991848
gestureclass,single_gestureclass,227.6387,74.1835,34.3198,33.1705,0.0019,0.353,38.7709,39.8637,1775592982649825738
gestureclass,single_gestureclass,227.6495,63.4339,34.3198,33.1705,0.0019,0.353,27.9989,29.1141,1775592982649825738
gestureclass,single_gestureclass,227.7501,33.2642,30.6855,29.571,0.0019,0.7648,1.5955,2.5787,1775592982724070730
gestureclass,single_gestureclass,227.7709,41.5409,28.2851,27.2217,0.0016,0.6818,12.2342,13.2557,1775592982755458264
gestureclass,single_gestureclass,227.8116,28.332,26.0222,24.4246,0.0017,0.6541,1.3976,2.3098,1775592982785337442
gestureclass,single_gestureclass,227.8196,44.8012,23.9206,22.9613,0.0016,0.6123,19.9494,20.8807,1775592982811915036
gestureclass,single_gestureclass,227.9377,32.6154,30.042,28.741,0.0022,0.8892,1.6041,2.5734,1775592982911605733
gestureclass,single_gestureclass,228.0425,32.7985,30.2235,29.1083,0.0019,0.75,1.6832,2.575,1775592983016539134
gestureclass,single_gestureclass,228.1525,33.5097,30.7696,29.6538,0.002,0.7539,1.7138,2.7402,1775592983126598604
gestureclass,single_gestureclass,228.1783,37.6415,29.244,28.1378,0.0017,0.6923,7.4029,8.3975,1775592983158065441
gestureclass,single_gestureclass,228.2262,28.2369,25.7788,24.807,0.0017,0.6657,1.5044,2.4581,1775592983200020585
gestureclass,single_gestureclass,228.2566,27.0877,24.6294,23.7028,0.0016,0.6293,1.5135,2.4583,1775592983230472141
gestureclass,single_gestureclass,228.5982,48.3527,45.5691,43.7424,0.0031,1.2345,1.7226,2.7836,1775592983572248180
gestureclass,single_gestureclass,228.8069,34.62,32.0238,30.66,0.0022,0.9087,1.6303,2.5962,1775592983780842707
gestureclass,single_gestureclass,228.8296,45.1078,32.5058,30.6589,0.0018,1.4273,11.6324,12.602,1775592983813591090
gestureclass,single_gestureclass,228.8849,29.4356,26.9375,25.8999,0.0016,0.6979,1.5445,2.4981,1775592983858828581
gestureclass,single_gestureclass,228.9516,47.0469,44.4243,42.5584,0.0032,1.3004,1.5717,2.6226,1775592983925501927
gestureclass,single_gestureclass,228.9543,81.6839,36.5321,35.3858,0.0017,0.3475,44.0116,45.1518,1775592983970675004
gestureclass,single_gestureclass,228.982,53.9727,36.5321,35.3858,0.0017,0.3475,16.2766,17.4406,1775592983970675004
gestureclass,single_gestureclass,229.0562,32.1281,29.556,28.4315,0.0019,0.7508,1.5647,2.5721,1775592984030088013
gestureclass,single_gestureclass,229.2276,33.586,30.852,29.6789,0.0019,0.7707,1.7335,2.734,1775592984201689654
gestureclass,single_gestureclass,229.2934,35.0616,32.3743,31.2091,0.002,0.8026,1.6463,2.6873,1775592984267407339
gestureclass,single_gestureclass,229.3042,54.3604,29.3849,28.283,0.0017,0.6797,24.0338,24.9755,1775592984300555078
gestureclass,single_gestureclass,229.3537,31.5073,26.0782,25.0538,0.0017,0.6745,4.518,5.4291,1775592984330539861
gestureclass,single_gestureclass,229.3757,34.3814,24.2748,23.3063,0.0016,0.6302,9.1598,10.1066,1775592984357239370
gestureclass,single_gestureclass,229.4223,27.1993,24.8141,23.2266,0.0016,1.2142,1.4586,2.3851,1775592984396128160
gestureclass,single_gestureclass,229.443,32.4275,25.3495,24.3813,0.0017,0.6209,6.1772,7.0781,1775592984421523226
gestureclass,single_gestureclass,229.4667,32.8853,23.5579,22.5951,0.0016,0.616,8.3795,9.3274,1775592984447444063
gestureclass,single_gestureclass,229.5608,29.0444,26.5086,25.5102,0.0017,0.6743,1.5867,2.5358,1775592984534758969
gestureclass,single_gestureclass,229.6111,29.3839,26.9251,25.9283,0.0017,0.6622,1.5337,2.4587,1775592984584961012
gestureclass,single_gestureclass,229.6138,52.4042,25.1454,24.1429,0.0016,0.6551,26.3433,27.2587,1775592984612471440
gestureclass,single_gestureclass,229.8155,35.2643,32.6913,31.4891,0.0021,0.8056,1.6062,2.5729,1775592984789454849
gestureclass,single_gestureclass,229.908,37.143,34.5341,33.2425,0.002,0.8542,1.626,2.6089,1775592984881962591
gestureclass,single_gestureclass,229.9167,61.6353,32.4671,31.3717,0.0016,0.343,28.0681,29.1681,1775592984917139663
gestureclass,single_gestureclass,229.9365,41.9056,32.4671,31.3717,0.0016,0.343,8.3168,9.4385,1775592984917139663
gestureclass,single_gestureclass,230.0396,32.8982,30.3151,29.1872,0.002,0.7421,1.6921,2.5831,1775592985013647770
gestureclass,single_gestureclass,230.0867,32.2208,29.6466,28.5604,0.0019,0.7474,1.6043,2.5742,1775592985060672125
gestureclass,single_gestureclass,230.1382,32.1867,29.7573,27.5747,0.002,1.1144,1.5082,2.4294,1775592985112008190
gestureclass,single_gestureclass,230.1679,29.506,26.293,25.2972,0.0017,0.6839,2.2213,3.2129,1775592985142455614
gestureclass,single_gestureclass,230.2406,29.6831,27.2094,26.198,0.0017,0.6918,1.545,2.4737,1775592985214500135
gestureclass,single_gestureclass,230.3195,31.8768,29.2911,28.1977,0.0019,0.7306,1.5666,2.5857,1775592985293416999
gestureclass,single_gestureclass,230.3566,30.1838,27.6862,26.6772,0.0017,0.6905,1.586,2.4976,1775592985330526345
gestureclass,single_gestureclass,230.3653,47.868,25.6852,24.6324,0.0016,0.6668,21.2297,22.1828,1775592985358898148
gestureclass,single_gestureclass,230.5034,36.1032,33.5026,32.2493,0.0021,0.8603,1.6136,2.6007,1775592985477406496
gestureclass,single_gestureclass,230.5768,32.9969,30.2672,29.1749,0.002,0.7375,1.6899,2.7296,1775592985550817166
gestureclass,single_gestureclass,230.647,32.7718,30.2159,29.121,0.002,0.7411,1.6067,2.5559,1775592985620953105
gestureclass,single_gestureclass,230.6787,30.3037,27.8891,26.8473,0.0017,0.7005,1.4398,2.4146,1775592985652519010
gestureclass,single_gestureclass,230.7602,34.0288,31.1513,29.1054,0.0019,1.5193,1.8332,2.8775,1775592985734431841
gestureclass,single_gestureclass,230.7608,62.3353,28.1722,27.0963,0.0017,0.6925,33.1814,34.1631,1775592985766355594
gestureclass,single_gestureclass,230.9124,33.2994,30.3005,29.1952,0.0018,0.7536,1.653,2.9989,1775592985886411084
gestureclass,single_gestureclass,230.9452,34.5278,31.8381,30.572,0.0021,0.8476,1.7188,2.6897,1775592985919268539
gestureclass,single_gestureclass,230.9511,56.3891,27.092,26.0378,0.0018,0.663,28.3349,29.2971,1775592985951794106
gestureclass,single_gestureclass,231.0767,33.6537,30.7484,29.6529,0.002,0.7549,1.6181,2.9053,1775592986050703791
gestureclass,single_gestureclass,231.0855,57.5643,31.9965,30.6086,0.0088,0.8551,24.2498,25.5677,1775592986082052794
gestureclass,single_gestureclass,231.1099,61.825,27.8286,26.7477,0.0016,0.6483,33.0718,33.9965,1775592986115293829
gestureclass,single_gestureclass,231.1472,51.5964,26.3508,25.412,0.0016,0.3079,24.2136,25.2456,1775592986143786366
gestureclass,single_gestureclass,231.1619,36.9263,26.3508,25.412,0.0016,0.3079,9.506,10.5754,1775592986143786366
gestureclass,single_gestureclass,231.1749,49.4866,24.648,23.6388,0.0016,0.3068,23.7994,24.8387,1775592986171063118
gestureclass,single_gestureclass,231.1856,38.8072,24.648,23.6388,0.0016,0.3068,13.0982,14.1592,1775592986171063118
gestureclass,single_gestureclass,231.2596,27.8537,25.3739,23.7793,0.0017,1.2822,1.543,2.4798,1775592986233539205
gestureclass,single_gestureclass,231.4999,32.9771,30.3301,29.214,0.0018,0.752,1.6422,2.647,1775592986473886795
gestureclass,single_gestureclass,231.6061,33.2541,30.6221,29.5262,0.0018,0.756,1.621,2.632,1775592986580081983
gestureclass,single_gestureclass,231.6129,57.6952,30.57,29.3948,0.0019,0.7107,26.1502,27.1251,1775592986611363185
gestureclass,single_gestureclass,231.6586,38.7816,26.23,25.218,0.0017,0.663,11.6172,12.5516,1775592986642535812
gestureclass,single_gestureclass,231.6748,48.3048,25.0746,23.7152,0.0015,0.989,22.2957,23.2302,1775592986669407982
gestureclass,single_gestureclass,231.7076,40.7708,24.5465,23.5838,0.0015,0.3004,15.1718,16.2243,1775592986695071167
gestureclass,single_gestureclass,231.7203,28.089,24.5465,23.5838,0.0015,0.3004,2.4683,3.5426,1775592986695071167
gestureclass,single_gestureclass,231.8696,33.0503,30.3368,29.2193,0.002,0.7393,1.6868,2.7135,1775592986843668010
gestureclass,single_gestureclass,231.9829,32.9931,30.2888,29.1664,0.0019,0.7557,1.6809,2.7042,1775592986956962728
gestureclass,single_gestureclass,232.0361,33.9992,31.3778,30.2209,0.002,0.7868,1.6477,2.6214,1775592987010134705
gestureclass,single_gestureclass,232.0479,50.8673,27.8886,26.8751,0.0016,0.6814,22.0335,22.9788,1775592987042269710
gestureclass,single_gestureclass,232.167,33.6096,31.0067,29.1484,0.002,0.7434,1.6217,2.6029,1775592987140960157
gestureclass,single_gestureclass,232.2078,31.1744,28.6062,27.567,0.0018,0.7139,1.6141,2.5682,1775592987181771161
gestureclass,single_gestureclass,232.2356,30.8025,26.8226,25.7893,0.0017,0.6777,3.0251,3.9799,1775592987210927812
gestureclass,single_gestureclass,232.2532,38.5201,24.7797,23.8115,0.0016,0.6245,12.8126,13.7404,1775592987238345150
gestureclass,single_gestureclass,232.3109,26.5822,24.1802,23.2438,0.0016,0.6267,1.4706,2.4021,1775592987284750143
gestureclass,single_gestureclass,232.5049,34.0936,31.4272,30.3187,0.0018,0.7504,1.6153,2.6665,1775592987478832730
gestureclass,single_gestureclass,232.5086,64.0669,32.9062,31.78,0.0018,0.2403,29.9394,31.1606,1775592987510897731
gestureclass,single_gestureclass,232.5104,62.2983,32.9062,31.78,0.0018,0.2403,28.1494,29.392,1775592987510897731
gestureclass,single_gestureclass,232.5212,52.2177,32.9062,31.78,0.0018,0.2403,17.3907,19.3115,1775592987510897731
gestureclass,single_gestureclass,232.5552,46.0653,27.7354,26.7063,0.0015,0.3205,17.2479,18.3299,1775592987544762512
gestureclass,single_gestureclass,232.5619,39.3486,27.7354,26.7063,0.0015,0.3205,10.5076,11.6132,1775592987544762512
gestureclass,single_gestureclass,232.5726,53.885,24.5356,23.4673,0.0016,0.6521,28.4154,29.3494,1775592987573342108
gestureclass,single_gestureclass,232.7718,33.3993,30.6795,29.5731,0.0021,0.7484,1.6813,2.7198,1775592987745832928
gestureclass,single_gestureclass,232.7736,63.2331,30.9176,29.1357,0.0018,1.3755,31.3594,32.3155,1775592987777282826
gestureclass,single_gestureclass,232.9931,46.3266,43.5503,41.8022,0.003,1.166,1.6882,2.7764,1775592987967168979
gestureclass,single_gestureclass,233.0727,34.4489,32.0356,30.8559,0.0021,0.8103,1.6732,2.4132,1775592988046700432
gestureclass,single_gestureclass,233.1083,32.7144,30.2044,29.134,0.0019,0.7319,1.575,2.51,1775592988082266134
gestureclass,single_gestureclass,233.2053,33.4439,30.7111,29.5654,0.0019,0.7573,1.7078,2.7328,1775592988179337554
gestureclass,single_gestureclass,233.316,34.0829,31.4097,30.2611,0.002,0.7901,1.6391,2.6731,1775592988289958646
gestureclass,single_gestureclass,233.4423,42.9666,40.2443,38.4688,0.0031,1.2238,1.6494,2.7223,1775592988416310055
gestureclass,single_gestureclass,233.5405,35.9735,33.2064,31.9631,0.002,0.8229,1.75,2.7671,1775592988514598549
gestureclass,single_gestureclass,233.5603,47.9722,31.0826,29.9703,0.0018,0.7134,15.9037,16.8896,1775592988548535471
gestureclass,single_gestureclass,233.6185,29.7072,27.2694,26.2479,0.0018,0.6992,1.4801,2.4378,1775592988592295281
gestureclass,single_gestureclass,233.6362,38.8792,26.2237,24.5696,0.0016,1.2587,11.7657,12.6555,1775592988620298642
gestureclass,single_gestureclass,233.6594,40.3776,23.9732,23.0017,0.0015,0.6182,15.3735,16.4044,1775592988647095569
gestureclass,single_gestureclass,233.6997,26.3062,23.9051,22.9775,0.0016,0.635,1.4753,2.4011,1775592988673500939
gestureclass,single_gestureclass,233.7104,39.7182,23.5378,22.5737,0.0016,0.6313,15.2147,16.1804,1775592988697952815
gestureclass,single_gestureclass,233.8273,29.7983,27.32,26.3115,0.0017,0.6919,1.58,2.4783,1775592988801275872
gestureclass,single_gestureclass,233.8561,28.3544,26.0091,25.0378,0.0018,0.6541,1.4281,2.3454,1775592988829862095
gestureclass,single_gestureclass,233.8683,41.5332,24.868,23.8806,0.0016,0.6419,15.7619,16.6652,1775592988856456918
gestureclass,single_gestureclass,233.9056,28.5766,23.7506,22.7801,0.0015,0.6317,3.8893,4.826,1775592988881876149
gestureclass,single_gestureclass,233.9824,29.2432,26.8257,25.8333,0.0017,0.6676,1.4946,2.4175,1775592988956266581
gestureclass,single_gestureclass,233.9981,39.2168,25.0655,24.0702,0.0016,0.6444,13.2012,14.1513,1775592988983679858
gestureclass,single_gestureclass,234.0606,27.4248,25.0971,24.1118,0.0017,0.6722,1.431,2.3277,1775592989034335609
gestureclass,single_gestureclass,234.0713,43.1259,25.7936,24.8204,0.0015,0.6342,16.3982,17.3323,1775592989060011127
gestureclass,single_gestureclass,234.0912,47.3325,23.5362,22.5724,0.0015,0.6166,22.8529,23.7963,1775592989086380159
gestureclass,single_gestureclass,234.2017,29.0489,26.5686,25.591,0.0017,0.6625,1.5352,2.4803,1775592989175610400
gestureclass,single_gestureclass,234.4912,33.0856,30.361,29.2176,0.0019,0.7548,1.7207,2.7246,1775592989465267075
gestureclass,single_gestureclass,234.5485,33.0026,30.3287,29.2214,0.0019,0.752,1.7033,2.6739,1775592989522550295
gestureclass,single_gestureclass,234.5927,31.6164,29.0087,27.9472,0.0019,0.7308,1.6131,2.6078,1775592989566673140
gestureclass,single_gestureclass,234.6345,30.3733,27.8098,26.7517,0.0017,0.6908,1.6117,2.5635,1775592989608498157
gestureclass,single_gestureclass,234.6453,46.8252,26.5835,25.5524,0.0016,0.6673,19.2945,20.2417,1775592989636910577
gestureclass,single_gestureclass,234.6661,52.4204,25.7626,24.7839,0.0015,0.303,25.6188,26.6577,1775592989664078969
gestureclass,single_gestureclass,234.6667,51.8849,25.7626,24.7839,0.0015,0.303,25.0621,26.1222,1775592989664078969
gestureclass,single_gestureclass,234.7113,31.5814,23.7317,22.7489,0.0015,0.6292,6.9242,7.8497,1775592989690564297
gestureclass,single_gestureclass,234.9983,42.5925,39.5422,37.9335,0.0024,0.9752,2.0623,3.0503,1775592989972712346
gestureclass,single_gestureclass,234.9983,79.2394,35.8317,34.6161,0.0019,0.3839,42.3083,43.4077,1775592990012993212
gestureclass,single_gestureclass,235.0244,53.1864,35.8317,34.6161,0.0019,0.3839,16.2323,17.3548,1775592990012993212
gestureclass,single_gestureclass,235.1058,33.5107,30.9322,29.7827,0.002,0.7883,1.58,2.5785,1775592990079742738
gestureclass,single_gestureclass,235.1685,33.906,31.2811,30.1085,0.0019,0.7813,1.6334,2.6249,1775592990142521378
gestureclass,single_gestureclass,235.1893,43.648,29.9104,28.7856,0.0018,0.6814,12.8107,13.7376,1775592990174444440
gestureclass,single_gestureclass,235.2056,54.1549,26.1166,25.1442,0.0016,0.3076,26.9492,28.0383,1775592990204946634
gestureclass,single_gestureclass,235.2164,43.4227,26.1166,25.1442,0.0016,0.3076,16.1946,17.3061,1775592990204946634
gestureclass,single_gestureclass,235.284,27.7755,25.361,24.3719,0.0016,0.6548,1.5223,2.4145,1775592990257921604
gestureclass,single_gestureclass,235.324,27.6318,25.1801,24.2257,0.0016,0.6296,1.5297,2.4517,1775592990297926997
gestureclass,single_gestureclass,235.3398,36.3171,23.8762,22.8987,0.0015,0.6371,11.5843,12.4409,1775592990323685300
gestureclass,single_gestureclass,235.4393,31.2321,28.7461,27.6329,0.0019,0.7535,1.5314,2.486,1775592990413172445
gestureclass,single_gestureclass,235.462,37.7085,28.5074,26.6599,0.0019,0.675,8.2421,9.2011,1775592990442585406
gestureclass,single_gestureclass,235.4847,40.1099,24.6125,23.6679,0.0016,0.6409,14.5931,15.4974,1775592990471668153
gestureclass,single_gestureclass,235.7803,33.308,30.6675,29.5777,0.002,0.7348,1.6491,2.6405,1775592990754279794
gestureclass,single_gestureclass,235.789,54.5604,29.4347,28.3324,0.0018,0.6922,24.1735,25.1257,1775592990785560854
gestureclass,single_gestureclass,235.8908,32.2232,29.6382,28.1348,0.0019,1.1332,1.6289,2.585,1775592990864790981
gestureclass,single_gestureclass,235.9206,29.9397,26.8774,25.8457,0.0017,0.6599,2.1243,3.0623,1775592990895035288
gestureclass,single_gestureclass,235.9547,39.0074,36.6626,35.2088,0.0024,1.0158,1.3909,2.3448,1775592990928441586
gestureclass,single_gestureclass,235.9784,43.6659,27.7037,26.6229,0.0018,0.6961,14.9946,15.9622,1775592990965754729
gestureclass,single_gestureclass,235.9959,52.211,25.477,24.4795,0.0016,0.6513,25.7592,26.734,1775592990994034026
gestureclass,single_gestureclass,236.0563,27.416,25.2348,24.2379,0.0016,0.6453,1.4486,2.1812,1775592991030143683
gestureclass,single_gestureclass,236.073,35.9225,24.4004,22.8283,0.0016,1.2326,10.5832,11.5222,1775592991055936130
gestureclass,single_gestureclass,236.1481,27.3576,25.1364,24.145,0.0016,0.6519,1.277,2.2212,1775592991121701344
gestureclass,single_gestureclass,236.2457,30.6847,28.0983,27.0637,0.0018,0.71,1.6301,2.5865,1775592991219639223
gestureclass,single_gestureclass,236.3816,33.4864,30.8277,29.6979,0.0018,0.7552,1.6456,2.6587,1775592991355607130
gestureclass,single_gestureclass,236.4074,39.1278,30.7523,29.6099,0.0111,0.6953,7.4291,8.3755,1775592991387149822
gestureclass,single_gestureclass,236.4183,55.5143,26.7193,25.7063,0.0017,0.6494,27.8604,28.795,1775592991418512042
gestureclass,single_gestureclass,236.5271,29.8553,27.3373,26.3004,0.0018,0.7023,1.543,2.518,1775592991500949476
gestureclass,single_gestureclass,236.7743,32.8648,30.17,29.0723,0.0018,0.7553,1.6906,2.6948,1775592991748333141
gestureclass,single_gestureclass,236.8634,33.9029,31.2678,30.1452,0.002,0.7728,1.6551,2.635,1775592991837396781
gestureclass,single_gestureclass,236.8912,36.0456,29.3167,28.2446,0.0017,0.6997,5.7807,6.7288,1775592991869281635
gestureclass,single_gestureclass,237.0265,52.6226,49.8244,46.6956,0.0033,2.5129,1.7447,2.7981,1775592992000556797
gestureclass,single_gestureclass,237.0392,77.9328,37.3222,36.0084,0.002,0.8436,39.6426,40.6106,1775592992051216719
gestureclass,single_gestureclass,237.0812,66.2646,29.6987,28.6049,0.0018,0.6904,35.6247,36.5659,1775592992089221651
gestureclass,single_gestureclass,237.1577,28.7893,26.3201,25.3167,0.0017,0.6745,1.5295,2.4692,1775592992131624117
gestureclass,single_gestureclass,237.2017,27.709,25.2509,24.2986,0.0016,0.6409,1.5411,2.4581,1775592992175632143
gestureclass,single_gestureclass,237.2307,26.6442,24.2247,23.2778,0.0015,0.6347,1.5144,2.4195,1775592992204521500
gestureclass,single_gestureclass,237.2635,25.893,23.4773,22.5514,0.0016,0.6332,1.4579,2.4157,1775592992237313004
gestureclass,single_gestureclass,237.3096,26.5522,24.1662,23.2182,0.0017,0.6497,1.4696,2.386,1775592992283422923
gestureclass,single_gestureclass,237.4955,33.4632,30.7256,29.6099,0.0019,0.7497,1.684,2.7377,1775592992469513183
gestureclass,single_gestureclass,237.5062,53.8008,30.4812,29.3738,0.0017,0.7144,22.3246,23.3196,1775592992500915997
gestureclass,single_gestureclass,237.5852,29.8948,27.3148,26.268,0.0018,0.6961,1.5821,2.58,1775592992559181589
gestureclass,single_gestureclass,237.6804,34.215,31.5349,29.6239,0.0019,0.7745,1.6506,2.68,1775592992654372376
gestureclass,single_gestureclass,237.7398,34.1039,31.4129,30.2333,0.0019,0.7831,1.6823,2.691,1775592992713825558
gestureclass,single_gestureclass,238.0964,34.6515,31.9449,30.7417,0.002,0.7904,1.7154,2.7066,1775592993070451343
gestureclass,single_gestureclass,238.1262,37.4234,31.8597,30.2739,0.0019,1.1563,4.6515,5.5636,1775592993103153594
gestureclass,single_gestureclass,238.1612,29.6633,26.7138,25.6989,0.0015,0.6638,1.9813,2.9496,1775592993135571308
gestureclass,single_gestureclass,238.2962,32.8047,30.2048,29.0955,0.0019,0.7517,1.6022,2.5999,1775592993270127882
gestureclass,single_gestureclass,238.3542,32.9745,30.2373,29.099,0.002,0.7532,1.7319,2.7372,1775592993328278267
gestureclass,single_gestureclass,238.4294,35.2559,32.5667,31.0403,0.0026,1.0612,1.6692,2.6892,1775592993403404063
gestureclass,single_gestureclass,238.4799,32.8841,30.2759,29.1276,0.002,0.752,1.6217,2.6082,1775592993453842601
gestureclass,single_gestureclass,238.521,30.3423,27.7744,26.7207,0.0017,0.6994,1.6122,2.568,1775592993494933952
gestureclass,single_gestureclass,238.6045,34.1647,31.4902,29.6292,0.002,1.5173,1.6737,2.6745,1775592993578553490
gestureclass,single_gestureclass,238.6123,55.4807,28.4459,27.3708,0.0018,0.6808,26.068,27.0348,1775592993610736584
gestureclass,single_gestureclass,238.679,28.8911,26.4255,25.402,0.0018,0.6744,1.5318,2.4656,1775592993652894198
gestureclass,single_gestureclass,238.7481,29.8605,27.307,26.2988,0.0017,0.6905,1.5633,2.5535,1775592993722018553
gestureclass,single_gestureclass,238.8512,32.9719,30.2468,29.1547,0.0019,0.7509,1.7018,2.7251,1775592993825254048
gestureclass,single_gestureclass,239.0505,33.9735,31.2421,30.1072,0.0021,0.7698,1.7226,2.7313,1775592994024578656
gestureclass,single_gestureclass,239.0533,63.4038,31.5388,30.4294,0.0018,0.6938,30.921,31.865,1775592994056545046
gestureclass,single_gestureclass,239.1319,29.6342,27.1895,26.1756,0.0018,0.6786,1.5106,2.4448,1775592994105769301
gestureclass,single_gestureclass,239.1668,28.6441,26.1453,25.1846,0.0016,0.6547,1.5554,2.4988,1775592994140658671
gestureclass,single_gestureclass,239.1775,42.702,24.2364,23.2609,0.0016,0.6341,17.554,18.4656,1775592994167391430
gestureclass,single_gestureclass,239.2254,25.7831,23.5875,22.6581,0.0016,0.6378,1.3268,2.1956,1775592994199064725
gestureclass,single_gestureclass,239.3304,31.2243,28.7169,27.6845,0.0018,0.6936,1.5912,2.5074,1775592994304349131
gestureclass,single_gestureclass,239.3601,29.4142,26.4632,25.4702,0.0018,0.6689,2.0316,2.9509,1775592994334520892
gestureclass,single_gestureclass,239.3602,55.8834,25.7365,24.7684,0.0015,0.3089,29.0687,30.1469,1775592994361590997
gestureclass,single_gestureclass,239.3688,47.2426,25.7365,24.7684,0.0015,0.3089,20.407,21.5061,1775592994361590997
gestureclass,single_gestureclass,239.5083,35.8257,33.1519,31.9329,0.0021,0.8301,1.6527,2.6738,1775592994482336754
gestureclass,single_gestureclass,239.5453,29.7132,27.2115,26.1809,0.0017,0.7004,1.5461,2.5016,1775592994519221254
gestureclass,single_gestureclass,239.6072,30.9937,28.4287,27.37,0.0018,0.7105,1.5895,2.565,1775592994581187119
gestureclass,single_gestureclass,239.615,50.571,26.6954,25.6688,0.0018,0.6513,22.9094,23.8756,1775592994610226151
gestureclass,single_gestureclass,239.7458,32.949,30.3071,29.1983,0.002,0.7362,1.6544,2.6419,1775592994719790164
gestureclass,single_gestureclass,239.817,33.2053,30.6432,29.5232,0.0021,0.7551,1.6227,2.5621,1775592994790927403
gestureclass,single_gestureclass,239.8277,51.6253,28.4258,27.3427,0.0018,0.694,22.2158,23.1995,1775592994822265057
gestureclass,single_gestureclass,239.8783,28.671,26.4055,24.7668,0.0018,0.6707,1.3208,2.2655,1775592994851999504
gestureclass,single_gestureclass,239.9015,30.2665,24.2147,23.2429,0.0016,0.6332,5.1219,6.0519,1775592994878993855
gestureclass,single_gestureclass,240.001,32.7132,30.2002,29.0747,0.002,0.7546,1.5609,2.513,1775592994974929664
gestureclass,single_gestureclass,240.0157,46.2689,27.6895,26.6391,0.0017,0.6837,17.6597,18.5795,1775592995005730107
gestureclass,single_gestureclass,240.0782,28.9352,26.4928,25.512,0.0017,0.6732,1.5106,2.4424,1775592995052074051
gestureclass,single_gestureclass,240.0849,48.8157,25.7271,24.7423,0.0015,0.2023,21.8887,23.0887,1775592995079154429
gestureclass,single_gestureclass,240.0976,36.1464,25.7271,24.7423,0.0015,0.2023,9.1982,10.4193,1775592995079154429
gestureclass,single_gestureclass,240.1023,31.4491,25.7271,24.7423,0.0015,0.2023,4.4694,5.722,1775592995079154429
gestureclass,single_gestureclass,240.2981,32.9196,30.2499,29.1225,0.0019,0.7566,1.6518,2.6697,1775592995272117524
gestureclass,single_gestureclass,240.3652,32.8496,30.2835,29.1474,0.0019,0.7569,1.5593,2.5661,1775592995339152775
gestureclass,single_gestureclass,240.5614,33.8299,31.1551,29.5785,0.002,1.1842,1.6835,2.6749,1775592995535455711
gestureclass,single_gestureclass,240.5732,55.1991,32.3448,30.8866,0.0022,0.5273,21.7505,22.8544,1775592995567280194
gestureclass,single_gestureclass,240.5929,35.4753,32.3448,30.8866,0.0022,0.5273,2.0039,3.1305,1775592995567280194
gestureclass,single_gestureclass,240.6255,31.6999,28.0649,26.3492,0.0018,0.6744,2.7034,3.635,1775592995600508926
gestureclass,single_gestureclass,240.6396,43.6532,25.3562,24.3852,0.0015,0.3056,17.2131,18.297,1775592995629159742
gestureclass,single_gestureclass,240.6503,32.9695,25.3562,24.3852,0.0015,0.3056,6.5072,7.6132,1775592995629159742
gestureclass,single_gestureclass,240.7285,29.9473,27.2668,26.1481,0.0044,0.7717,1.5697,2.6805,1775592995702399207
gestureclass,single_gestureclass,240.7322,53.4637,26.518,25.4811,0.0016,0.6413,26.0315,26.9457,1775592995730583746
gestureclass,single_gestureclass,240.7756,34.7383,24.0661,23.0706,0.0017,0.6421,9.7206,10.6722,1775592995757695447
gestureclass,single_gestureclass,240.8266,26.1233,23.7109,22.7936,0.0016,0.6213,1.4911,2.4124,1775592995800411866
gestureclass,single_gestureclass,240.9309,30.6466,28.1184,26.1743,0.002,1.6104,1.5223,2.5282,1775592995904811009
gestureclass,single_gestureclass,240.9968,31.9829,29.4077,28.3753,0.0018,0.6964,1.5986,2.5752,1775592995970752221
gestureclass,single_gestureclass,241.0165,41.882,28.8464,27.8151,0.0015,0.2173,11.914,13.0356,1775592996000802052
gestureclass,single_gestureclass,241.0213,37.1106,28.8464,27.8151,0.0015,0.2173,7.1182,8.2641,1775592996000802052
gestureclass,single_gestureclass,241.0214,37.266,28.8464,27.8151,0.0015,0.2173,7.0846,8.4196,1775592996000802052
gestureclass,single_gestureclass,241.0868,29.2912,27.0144,26.0041,0.0016,0.6839,1.3418,2.2768,1775592996060473702
gestureclass,single_gestureclass,241.0922,51.2054,26.7813,25.0952,0.0016,1.31,23.5121,24.4241,1775592996088090336
gestureclass,single_gestureclass,241.1273,40.8645,24.0372,23.0603,0.0015,0.6334,15.8579,16.8272,1775592996115461096
gestureclass,single_gestureclass,241.1733,26.1803,23.7895,22.8522,0.0016,0.6199,1.477,2.3908,1775592996147150613
gestureclass,single_gestureclass,241.179,44.7867,23.6244,22.6409,0.0015,0.6302,20.2301,21.1623,1775592996171586843
gestureclass,single_gestureclass,241.3401,33.1507,30.1961,29.1023,0.002,0.7518,1.6036,2.9546,1775592996314028996
gestureclass,single_gestureclass,241.3727,31.1899,28.145,27.1108,0.0127,0.6982,1.7214,3.0449,1775592996346762303
gestureclass,single_gestureclass,241.4034,29.2337,26.5286,25.5369,0.0018,0.665,1.7476,2.7051,1775592996377457512
gestureclass,single_gestureclass,241.5068,34.075,31.3989,30.2397,0.0021,0.786,1.642,2.6761,1775592996480829265
gestureclass,single_gestureclass,241.5751,33.0696,30.4324,29.2932,0.0019,0.7571,1.6286,2.6372,1775592996549100313
gestureclass,single_gestureclass,241.6224,31.6908,29.0869,28.0141,0.0019,0.7389,1.6131,2.604,1775592996596371817
gestureclass,single_gestureclass,241.7424,33.6452,31.0211,29.1857,0.0021,1.4939,1.622,2.6241,1775592996716323848
gestureclass,single_gestureclass,241.8512,35.7482,33.1197,31.9443,0.002,0.7995,1.6494,2.6286,1775592996825238016
gestureclass,single_gestureclass,241.873,43.0818,28.4652,27.3688,0.0018,0.7221,13.6278,14.6166,1775592996858969882
gestureclass,single_gestureclass,241.9513,40.0891,37.5093,36.0504,0.0023,1.0127,1.5795,2.5799,1775592996925220297
gestureclass,single_gestureclass,241.971,51.2431,30.1498,29.0316,0.0018,0.713,20.1154,21.0932,1775592996963473926
gestureclass,single_gestureclass,242.0395,30.3526,27.8399,26.7989,0.0016,0.6914,1.5647,2.5127,1775592997013379374
gestureclass,single_gestureclass,242.0542,42.0928,25.8719,24.855,0.0017,0.6627,15.2626,16.2209,1775592997041806414
gestureclass,single_gestureclass,242.1025,28.0929,25.618,24.633,0.0017,0.6404,1.5407,2.4749,1775592997076398623
gestureclass,single_gestureclass,242.1182,37.9965,24.8588,23.8967,0.0015,0.3068,12.0285,13.1377,1775592997102612368
gestureclass,single_gestureclass,242.1229,33.3304,24.8588,23.8967,0.0015,0.3068,7.34,8.4716,1775592997102612368
gestureclass,single_gestureclass,242.1645,26.0487,23.72,22.7706,0.0015,0.6258,1.4458,2.3287,1775592997138249676
gestureclass,single_gestureclass,242.1937,26.4833,23.5593,22.6079,0.0016,0.6241,1.503,2.924,1775592997167561070
gestureclass,single_gestureclass,242.2194,27.1647,24.5376,22.9678,0.0018,0.6261,1.7109,2.6271,1775592997193492183
gestureclass,single_gestureclass,242.2284,42.8333,24.0178,23.0457,0.0016,0.6345,17.875,18.8156,1775592997218615572
gestureclass,single_gestureclass,242.2528,42.65,23.5697,22.5748,0.0016,0.6152,18.1713,19.0803,1775592997243318658
gestureclass,single_gestureclass,242.3437,28.1265,25.6601,24.7048,0.0017,0.651,1.508,2.4664,1775592997317527426
gestureclass,single_gestureclass,242.4,28.8291,26.3568,25.3877,0.0016,0.6628,1.5435,2.4723,1775592997373898559
gestureclass,single_gestureclass,242.4227,31.4415,24.7206,23.7346,0.0016,0.644,5.7831,6.7208,1775592997400835117
gestureclass,single_gestureclass,242.5204,29.7277,27.2143,26.2008,0.0017,0.6956,1.5397,2.5134,1775592997494261973
gestureclass,single_gestureclass,242.6323,32.9244,30.2566,29.1612,0.0018,0.7542,1.6439,2.6679,1775592997606342766
gestureclass,single_gestureclass,242.7495,33.5016,30.8183,29.7001,0.0019,0.7695,1.6489,2.6834,1775592997723521619
gestureclass,single_gestureclass,242.8733,34.5869,31.9169,30.8317,0.0018,0.7391,1.6403,2.67,1775592997847268329
gestureclass,single_gestureclass,242.898,38.7065,28.2591,26.4913,0.0018,1.3771,9.4829,10.4475,1775592997879844020
gestureclass,single_gestureclass,243.1241,48.4486,45.6987,43.8521,0.0031,1.2291,1.7054,2.7498,1775592998098129345
gestureclass,single_gestureclass,243.4079,34.6231,31.9156,30.7545,0.0019,0.786,1.7138,2.7075,1775592998381992392
gestureclass,single_gestureclass,243.4317,46.0804,34.4891,33.338,0.0018,0.7344,10.6075,11.5912,1775592998414623545
gestureclass,single_gestureclass,243.528,33.488,30.8075,29.6889,0.002,0.769,1.6901,2.6805,1775592998502012067
gestureclass,single_gestureclass,243.5757,32.9456,30.2481,29.0713,0.0019,0.7582,1.7018,2.6976,1775592998549724976
gestureclass,single_gestureclass,243.9541,51.6233,48.3691,46.515,0.0032,1.2973,2.1753,3.2543,1775592998928666224
gestureclass,single_gestureclass,243.9542,95.5358,42.8806,41.544,0.0022,0.2792,51.3496,52.6552,1775592998977875262
gestureclass,single_gestureclass,243.9693,80.4489,42.8806,41.544,0.0022,0.2792,36.2389,37.5683,1775592998977875262
gestureclass,single_gestureclass,243.9951,54.6896,42.8806,41.544,0.0022,0.2792,10.4468,11.8091,1775592998977875262
gestureclass,single_gestureclass,244.105,35.4719,32.761,31.5373,0.0021,0.8358,1.6716,2.711,1775592999079015768
gestureclass,single_gestureclass,244.3198,36.1633,33.4458,32.1776,0.0021,0.8606,1.6968,2.7176,1775592999293855317
gestureclass,single_gestureclass,244.4803,38.1215,35.3986,33.0414,0.0022,1.9455,1.7126,2.7229,1775592999454321269
gestureclass,single_gestureclass,244.5756,37.9877,35.2635,33.9126,0.0021,0.8881,1.7493,2.7242,1775592999549703488
gestureclass,single_gestureclass,244.6288,35.687,33.058,31.8286,0.0022,0.8374,1.6294,2.629,1775592999602781241
gestureclass,single_gestureclass,244.7618,36.1099,33.4689,32.198,0.0023,0.8484,1.6387,2.641,1775592999735739762
gestureclass,single_gestureclass,244.8301,37.4737,34.7947,33.5026,0.0022,0.8741,1.6608,2.679,1775592999804087451
gestureclass,single_gestureclass,244.8588,40.4742,31.0068,29.8641,0.0017,0.7121,8.5175,9.4674,1775592999839672709
gestureclass,single_gestureclass,244.9135,30.1673,27.6032,26.5192,0.0019,0.6809,1.6093,2.5642,1775592999887451112
gestureclass,single_gestureclass,244.9262,44.5633,26.5609,25.5468,0.0016,0.6487,17.0865,18.0024,1775592999915653943
gestureclass,single_gestureclass,244.972,26.5994,24.1841,23.2188,0.0017,0.6338,1.4749,2.4153,1775592999945813915
gestureclass,single_gestureclass,245.0668,29.0987,26.5656,25.5489,0.0018,0.6829,1.5423,2.5331,1775593000040709063
gestureclass,single_gestureclass,245.1021,27.6036,25.1745,24.2254,0.0017,0.6447,1.4925,2.4291,1775593000075953890
gestureclass,single_gestureclass,245.227,33.6351,30.9863,29.1098,0.0021,0.7534,1.6131,2.6488,1775593000200937598
gestureclass,single_gestureclass,245.2658,30.6623,28.0738,27.0449,0.0018,0.7057,1.6308,2.5885,1775593000239802878
gestureclass,single_gestureclass,245.2997,29.1293,26.6069,25.5943,0.0018,0.6782,1.5779,2.5224,1775593000273618424
gestureclass,single_gestureclass,245.3981,33.3159,30.6729,29.1494,0.002,1.1819,1.6208,2.643,1775593000372044958
gestureclass,single_gestureclass,245.4288,31.9183,27.9196,26.8553,0.0017,0.6859,2.1915,3.9987,1775593000403350773
gestureclass,single_gestureclass,245.593,36.9864,34.2744,33.0056,0.0022,0.854,1.6522,2.7119,1775593000567028176
gestureclass,single_gestureclass,245.6842,33.5588,30.8778,29.7063,0.002,0.7539,1.6959,2.681,1775593000658275999
gestureclass,single_gestureclass,245.771,35.0592,32.3887,31.2455,0.0021,0.7839,1.6153,2.6705,1775593000744973603
gestureclass,single_gestureclass,245.7867,50.4973,30.4124,29.337,0.0016,0.3326,18.9745,20.0849,1775593000778068122
gestureclass,single_gestureclass,245.7975,39.7301,30.4124,29.337,0.0016,0.3326,8.1849,9.3177,1775593000778068122
gestureclass,single_gestureclass,245.9475,46.4723,43.7364,41.8417,0.0033,1.323,1.6489,2.7359,1775593000921537136
gestureclass,single_gestureclass,246.2324,34.7471,31.9836,30.0342,0.002,1.5718,1.756,2.7635,1775593001206520228
gestureclass,single_gestureclass,246.2542,44.1689,30.6183,29.5032,0.0018,0.7112,12.6126,13.5506,1775593001239141879
gestureclass,single_gestureclass,246.3556,36.6564,34.0075,32.7183,0.002,0.8523,1.636,2.6489,1775593001329560323
gestureclass,single_gestureclass,246.4615,37.7274,34.9766,33.5842,0.0023,0.9433,1.7505,2.7508,1775593001435579138
gestureclass,single_gestureclass,246.4952,38.2895,33.6395,32.4536,0.0019,0.7699,3.706,4.6501,1775593001471291133
gestureclass,single_gestureclass,246.6488,34.2247,31.5071,30.3016,0.002,0.7897,1.7047,2.7176,1775593001622862486
gestureclass,single_gestureclass,246.7713,34.6019,31.9265,30.7463,0.002,0.7992,1.6735,2.6754,1775593001745302278
gestureclass,single_gestureclass,246.805,32.1801,29.6312,28.5825,0.0017,0.7157,1.5864,2.5489,1775593001778946451
gestureclass,single_gestureclass,246.8764,31.4994,28.7985,27.6843,0.0018,0.7329,1.6942,2.7009,1775593001850449571
gestureclass,single_gestureclass,246.9571,47.7142,45.0555,43.3678,0.0029,1.1692,1.632,2.6587,1775593001931101069
gestureclass,single_gestureclass,246.9689,72.6721,35.9601,33.8398,0.0022,1.6551,35.7182,36.7121,1775593001976938528
gestureclass,single_gestureclass,247.0301,41.6152,29.5334,28.391,0.0016,0.674,11.1117,12.0819,1775593002013518769
gestureclass,single_gestureclass,247.0437,53.8964,25.3936,24.4077,0.0016,0.6389,27.5683,28.5028,1775593002043664417
gestureclass,single_gestureclass,247.1169,27.5171,25.1076,24.1649,0.0015,0.6439,1.4703,2.4095,1775593002090706081
gestureclass,single_gestureclass,247.1406,28.3508,23.9077,22.9373,0.0017,0.6313,3.4959,4.4431,1775593002116418594
gestureclass,single_gestureclass,247.2061,28.0237,25.6084,24.6507,0.0017,0.6566,1.4672,2.4153,1775593002179949477
gestureclass,single_gestureclass,247.2228,38.4758,26.43,25.4501,0.0013,0.3107,10.9782,12.0457,1775593002206151187
gestureclass,single_gestureclass,247.2275,33.7827,26.43,25.4501,0.0013,0.3107,6.263,7.3527,1775593002206151187
gestureclass,single_gestureclass,247.3235,29.6745,27.1892,26.1615,0.0017,0.6918,1.534,2.4854,1775593002297416899
gestureclass,single_gestureclass,247.4315,34.2841,31.5358,30.3416,0.002,0.8101,1.6992,2.7484,1775593002405501012
gestureclass,single_gestureclass,247.535,33.8421,31.2285,30.1002,0.0019,0.7526,1.6253,2.6136,1775593002508951624
gestureclass,single_gestureclass,247.5587,40.6296,29.9366,28.8034,0.0017,0.6992,9.7573,10.693,1775593002540814445
gestureclass,single_gestureclass,247.573,53.1695,26.247,24.5685,0.0016,0.669,25.9631,26.9225,1775593002571353854
gestureclass,single_gestureclass,247.6684,29.6874,27.1046,26.0686,0.0018,0.7159,1.5824,2.5828,1775593002642354653
gestureclass,single_gestureclass,247.7353,30.7224,28.1334,27.0862,0.0017,0.7117,1.5812,2.589,1775593002709254132
gestureclass,single_gestureclass,247.7672,29.4266,26.9537,25.9524,0.0017,0.6657,1.5121,2.4728,1775593002741108219
gestureclass,single_gestureclass,247.78,42.5129,25.1939,24.1958,0.0017,0.6404,16.3648,17.319,1775593002768667402
gestureclass,single_gestureclass,247.9858,41.3308,38.5999,37.1438,0.0024,0.9832,1.7002,2.7309,1775593002959846648
gestureclass,single_gestureclass,248.0136,50.0576,35.8489,34.607,0.0019,0.3796,13.2675,14.2087,1775593002999177936
gestureclass,single_gestureclass,248.0183,45.3179,35.8489,34.607,0.0019,0.3796,8.5161,9.469,1775593002999177936
gestureclass,single_gestureclass,248.0688,31.512,28.9662,27.9229,0.0017,0.7121,1.5652,2.5458,1775593003042746387
gestureclass,single_gestureclass,248.1236,30.4756,27.9199,26.8559,0.0018,0.7133,1.5805,2.5557,1775593003097483722
gestureclass,single_gestureclass,248.1852,30.9727,28.437,27.3145,0.0019,0.7309,1.5702,2.5357,1775593003159146995
gestureclass,single_gestureclass,248.3124,35.2771,32.5882,30.6903,0.002,0.7774,1.6789,2.6889,1775593003286477642
gestureclass,single_gestureclass,248.3322,46.3514,30.1802,29.1288,0.0019,0.6783,15.1892,16.1712,1775593003319717610
gestureclass,single_gestureclass,248.4157,30.7353,28.1954,27.1612,0.0017,0.7084,1.5764,2.5398,1775593003389672849
gestureclass,single_gestureclass,248.5117,33.6776,30.972,29.8367,0.0019,0.7695,1.6639,2.7055,1775593003485729191
gestureclass,single_gestureclass,248.6817,34.1845,31.459,30.3106,0.0021,0.7726,1.6799,2.7255,1775593003655728582
gestureclass,single_gestureclass,248.7571,35.3301,32.7198,31.5186,0.0021,0.8285,1.5996,2.6103,1775593003731048423
gestureclass,single_gestureclass,248.9458,46.6201,43.8286,41.9467,0.0034,1.2995,1.6854,2.7915,1775593003919786352
gestureclass,single_gestureclass,249.0766,37.2336,34.5049,33.1704,0.0023,0.8723,1.7414,2.7287,1775593004050714770
gestureclass,single_gestureclass,249.2121,37.9562,34.856,33.5518,0.0023,0.8443,1.7405,3.1002,1775593004186215961
gestureclass,single_gestureclass,249.2189,65.6707,34.1257,32.9185,0.0019,0.7836,30.5526,31.5451,1775593004221791398
gestureclass,single_gestureclass,249.2496,65.4545,29.885,28.1525,0.0017,1.3624,34.6222,35.5695,1775593004256525756
gestureclass,single_gestureclass,249.2858,55.1939,25.3799,24.3806,0.0015,0.6552,28.8756,29.814,1775593004286991047
gestureclass,single_gestureclass,249.3202,45.6667,24.3762,23.4059,0.0017,0.6316,20.3738,21.2904,1775593004312943736
gestureclass,single_gestureclass,249.3552,34.8699,23.5575,22.5924,0.0014,0.6294,10.3629,11.3124,1775593004337867997
gestureclass,single_gestureclass,249.4002,26.1574,23.7336,22.8116,0.0016,0.6181,1.5178,2.4238,1775593004374105349
gestureclass,single_gestureclass,249.4746,35.4464,32.9476,31.6876,0.0021,0.8621,1.5118,2.4988,1775593004448466245
gestureclass,single_gestureclass,249.4913,53.0818,33.4825,32.1877,0.002,0.4122,18.4603,19.5992,1775593004482125832
gestureclass,single_gestureclass,249.5001,44.3704,33.4825,32.1877,0.002,0.4122,9.726,10.8879,1775593004482125832
gestureclass,single_gestureclass,249.5726,31.8544,29.1614,28.0824,0.0019,0.7284,1.6971,2.693,1775593004546684330
gestureclass,single_gestureclass,249.6045,30.4861,27.6302,26.6175,0.0018,0.6787,1.5707,2.8559,1775593004578433780
gestureclass,single_gestureclass,249.6345,28.4393,25.8207,24.8475,0.0016,0.6641,1.7009,2.6186,1775593004608534251
gestureclass,single_gestureclass,249.7191,30.6296,28.0758,27.0256,0.0019,0.7092,1.5595,2.5538,1775593004693052107
gestureclass,single_gestureclass,249.781,32.2495,29.6898,27.8543,0.002,0.7382,1.5833,2.5597,1775593004754918713
gestureclass,single_gestureclass,249.9455,37.9598,34.9413,33.6067,0.0022,0.9232,1.6506,3.0185,1775593004919534389
gestureclass,single_gestureclass,249.983,30.5104,27.7968,26.7589,0.0018,0.7089,1.7388,2.7137,1775593004957081257
gestureclass,single_gestureclass,250.0167,28.6791,26.2382,25.2634,0.0017,0.6649,1.5323,2.441,1775593004990597859
gestureclass,single_gestureclass,250.0986,30.6523,28.0235,26.9839,0.0017,0.7127,1.6172,2.6288,1775593005072575753
gestureclass,single_gestureclass,250.4127,33.0124,30.3432,29.2353,0.0019,0.7347,1.724,2.6692,1775593005386797904
gestureclass,single_gestureclass,250.491,34.0402,31.3262,30.1777,0.002,0.7876,1.6994,2.714,1775593005465003084
gestureclass,single_gestureclass,250.6013,34.8947,32.1464,30.9135,0.0021,0.8122,1.7364,2.7483,1775593005575339083
gestureclass,single_gestureclass,250.7805,35.6138,32.8677,31.6014,0.0021,0.8345,1.7433,2.746,1775593005754561044
gestureclass,single_gestureclass,250.8243,34.9069,32.3515,31.0915,0.0018,0.828,1.6198,2.5553,1775593005798264545
gestureclass,single_gestureclass,250.853,37.8499,30.8621,29.1318,0.0017,0.3371,5.897,6.9878,1775593005831256125
gestureclass,single_gestureclass,250.8547,36.1574,30.8621,29.1318,0.0017,0.3371,4.1788,5.2953,1775593005831256125
gestureclass,single_gestureclass,251.0922,52.9017,49.7503,47.6349,0.0032,1.3536,2.0909,3.1514,1775593006066679465
gestureclass,single_gestureclass,251.0923,104.1243,50.2541,48.3294,0.0032,0.4199,52.659,53.8702,1775593006117283083
gestureclass,single_gestureclass,251.1033,93.0743,50.2541,48.3294,0.0032,0.4199,41.5869,42.8202,1775593006117283083
gestureclass,single_gestureclass,251.1201,76.525,50.2541,48.3294,0.0032,0.4199,24.8313,26.2708,1775593006117283083
gestureclass,single_gestureclass,251.2549,37.1671,34.422,33.1128,0.0021,0.8646,1.7645,2.7451,1775593006228993582
gestureclass,single_gestureclass,251.4434,46.962,44.2241,42.3036,0.0033,1.3369,1.6806,2.7379,1775593006417391595
gestureclass,single_gestureclass,251.4491,79.3877,37.432,36.1464,0.002,0.823,41.0259,41.9557,1775593006462495214
gestureclass,single_gestureclass,251.5275,31.841,29.3811,28.2705,0.0018,0.7312,1.5073,2.46,1775593006501384804
gestureclass,single_gestureclass,251.5616,28.0399,25.5917,24.6339,0.0017,0.64,1.4918,2.4483,1775593006535426340
gestureclass,single_gestureclass,251.6178,27.7114,25.2464,24.2884,0.0018,0.6418,1.5273,2.465,1775593006591699236
gestureclass,single_gestureclass,251.7318,32.922,30.2951,29.1389,0.0019,0.7363,1.6527,2.6269,1775593006705788407
gestureclass,single_gestureclass,251.7759,32.9444,30.3398,28.4694,0.002,1.5179,1.6234,2.6046,1775593006749901208
gestureclass,single_gestureclass,251.8931,33.5319,30.8295,29.623,0.002,0.7726,1.6606,2.7024,1775593006867134059
gestureclass,single_gestureclass,251.9659,34.1427,31.4279,30.2676,0.0021,0.7851,1.6787,2.7148,1775593006939915744
gestureclass,single_gestureclass,252.0242,34.6413,32.0257,30.8305,0.0023,0.8092,1.6375,2.6155,1775593006998233288
gestureclass,single_gestureclass,252.058,30.9401,28.3697,27.3483,0.0018,0.6935,1.6253,2.5703,1775593007031966648
gestureclass,single_gestureclass,252.1321,32.2452,29.6044,28.499,0.0019,0.7309,1.6308,2.6408,1775593007106129499
gestureclass,single_gestureclass,252.1519,40.5502,27.5201,26.4758,0.0018,0.6686,12.1043,13.0302,1775593007136362924
gestureclass,single_gestureclass,252.1977,27.74,25.2585,24.2985,0.0016,0.6544,1.55,2.4815,1775593007171559668
gestureclass,single_gestureclass,252.3016,31.7113,29.1114,28.0429,0.0019,0.7327,1.6201,2.5999,1775593007275609280
gestureclass,single_gestureclass,252.3416,29.8119,27.2317,26.2118,0.0017,0.6999,1.611,2.5802,1775593007315523673
gestureclass,single_gestureclass,252.4106,30.7593,28.1365,27.0643,0.0017,0.7279,1.6124,2.6229,1775593007384549530
gestureclass,single_gestureclass,252.6697,33.824,31.1364,29.2382,0.0022,0.7568,1.688,2.6876,1775593007643775140
gestureclass,single_gestureclass,252.8209,34.5178,31.9057,30.755,0.0019,0.7882,1.6313,2.6121,1775593007794843162
gestureclass,single_gestureclass,252.8356,50.0212,29.4949,28.3895,0.0018,0.6981,19.5541,20.5262,1775593007827508643
gestureclass,single_gestureclass,252.9369,40.2927,37.661,35.8181,0.0032,1.2927,1.5888,2.6317,1775593007910794758
gestureclass,single_gestureclass,252.9646,46.175,32.8799,31.6137,0.0022,0.7502,12.3065,13.2951,1775593007949265347
gestureclass,single_gestureclass,252.9783,61.3458,28.0833,27.0644,0.0016,0.3167,32.1629,33.2625,1775593007982831536
gestureclass,single_gestureclass,252.9951,44.6186,28.0833,27.0644,0.0016,0.3167,15.4138,16.5353,1775593007982831536
gestureclass,single_gestureclass,253.16,33.464,30.8322,29.7174,0.0018,0.7518,1.6477,2.6317,1775593008133971460
gestureclass,single_gestureclass,253.1877,36.2625,29.8068,28.7126,0.0018,0.7025,5.4715,6.4557,1775593008165528401
gestureclass,single_gestureclass,253.2206,29.5169,25.5645,24.5391,0.0015,0.6677,2.9762,3.9525,1775593008195968990
gestureclass,single_gestureclass,253.3004,29.8924,27.3158,26.2968,0.0019,0.6977,1.6108,2.5766,1775593008274353981
gestureclass,single_gestureclass,253.4135,33.8349,31.0829,29.1565,0.002,1.5655,1.7192,2.7521,1775593008387602033
gestureclass,single_gestureclass,253.5046,33.3998,30.6632,29.5724,0.0018,0.7487,1.7004,2.7366,1775593008478657060
gestureclass,single_gestureclass,253.5254,42.8672,29.6616,28.5305,0.0017,0.6957,12.2328,13.2055,1775593008509957497
gestureclass,single_gestureclass,253.5602,34.2166,25.617,24.6092,0.0017,0.6575,7.6599,8.5996,1775593008540217507
gestureclass,single_gestureclass,253.7708,33.3972,30.7194,29.6278,0.002,0.7507,1.6732,2.6778,1775593008744793738
gestureclass,single_gestureclass,253.7835,52.9768,31.693,30.5807,0.0017,0.7102,20.3207,21.2838,1775593008776203492
gestureclass,single_gestureclass,253.8084,55.1865,26.3794,25.3489,0.0016,0.6546,27.8423,28.8071,1775593008808562725
gestureclass,single_gestureclass,253.8527,36.5164,24.9623,23.9452,0.0016,0.6442,10.6173,11.5542,1775593008835676925
gestureclass,single_gestureclass,253.8838,29.8004,23.7581,22.784,0.0016,0.621,5.0964,6.0423,1775593008861202084
gestureclass,single_gestureclass,253.9738,34.8349,32.2602,30.9842,0.0021,0.8694,1.5862,2.5746,1775593008947712247
gestureclass,single_gestureclass,254.0498,34.4508,31.7678,29.7168,0.0019,1.6792,1.6847,2.6829,1775593009023861876
gestureclass,single_gestureclass,254.0546,59.2794,28.9859,27.9259,0.0016,0.69,29.3241,30.2936,1775593009056265621
gestureclass,single_gestureclass,254.0985,41.3475,25.4286,24.428,0.0017,0.6538,15.0063,15.9189,1775593009085836681
gestureclass,single_gestureclass,254.1791,28.2023,25.807,24.8112,0.0017,0.67,1.5349,2.3953,1775593009152945149
gestureclass,single_gestureclass,254.2365,28.3096,25.8701,24.8845,0.0017,0.662,1.5259,2.4394,1775593009210346403
gestureclass,single_gestureclass,254.279,27.6506,25.2037,24.2366,0.0017,0.6425,1.5066,2.4469,1775593009252841016
gestureclass,single_gestureclass,254.3519,29.4011,26.8993,25.9123,0.0017,0.6764,1.5223,2.5017,1775593009325731376
gestureclass,single_gestureclass,254.3666,42.3584,27.0027,25.9607,0.0016,0.6639,14.3943,15.3557,1775593009353316390
gestureclass,single_gestureclass,254.5082,36.6278,33.9932,32.732,0.0022,0.8348,1.6394,2.6346,1775593009482188890
gestureclass,single_gestureclass,254.5399,35.7406,30.1948,29.0697,0.0017,0.7166,4.544,5.5458,1775593009516833492
gestureclass,single_gestureclass,254.5899,29.6438,27.1412,26.1107,0.0017,0.684,1.5464,2.5025,1775593009563807820
gestureclass,single_gestureclass,254.7749,37.5841,34.9207,33.6797,0.0022,0.8484,1.6387,2.6633,1775593009748886821
gestureclass,single_gestureclass,254.7806,63.4181,30.9472,29.7109,0.002,0.7719,31.5011,32.4709,1775593009784486282
gestureclass,single_gestureclass,254.8297,42.0568,27.112,26.0933,0.0016,0.6492,14.0164,14.9447,1775593009816050957
gestureclass,single_gestureclass,254.8633,33.4432,24.3527,23.3991,0.0016,0.6144,8.1336,9.0905,1775593009843736627
gestureclass,single_gestureclass,254.9499,35.6638,33.1318,31.759,0.0024,0.953,1.5259,2.532,1775593009923800379
gestureclass,single_gestureclass,254.9706,45.4652,29.8234,28.7458,0.0017,0.6965,14.6797,15.6418,1775593009957656785
gestureclass,single_gestureclass,254.9868,55.567,25.6658,24.6441,0.0016,0.6652,28.9335,29.9012,1775593009988072601
gestureclass,single_gestureclass,255.0736,28.9259,26.4346,25.4214,0.0018,0.6642,1.5504,2.4913,1775593010047468251
gestureclass,single_gestureclass,255.1397,29.8088,27.2802,26.2412,0.0018,0.6827,1.5581,2.5286,1775593010113618559
gestureclass,single_gestureclass,255.2337,33.6478,30.7427,29.6189,0.0019,0.7799,1.6577,2.905,1775593010207755029
gestureclass,single_gestureclass,255.2375,62.0272,31.0111,29.2658,0.0017,0.3376,29.8717,31.0161,1775593010239727042
gestureclass,single_gestureclass,255.2653,34.2872,31.0111,29.2658,0.0017,0.3376,2.0907,3.2761,1775593010239727042
gestureclass,single_gestureclass,255.3918,32.9771,30.2487,29.1166,0.0018,0.7386,1.7173,2.7284,1775593010365899603
gestureclass,single_gestureclass,255.5331,33.4959,30.8061,29.6714,0.0019,0.755,1.6375,2.6898,1775593010507073252
gestureclass,single_gestureclass,255.5508,48.1365,31.6578,30.4995,0.0019,0.7482,15.4986,16.4787,1775593010538670865
gestureclass,single_gestureclass,255.5818,45.1813,27.2125,26.1959,0.0015,0.3183,16.8767,17.9688,1775593010571023159
gestureclass,single_gestureclass,255.5925,34.481,27.2125,26.1959,0.0015,0.3183,6.1548,7.2686,1775593010571023159
gestureclass,single_gestureclass,255.6912,31.7652,29.1697,28.0912,0.0018,0.7296,1.5965,2.5955,1775593010665170664
gestureclass,single_gestureclass,255.7842,33.3531,30.7149,29.5798,0.002,0.7549,1.6172,2.6382,1775593010758181078
gestureclass,single_gestureclass,255.7889,58.3532,29.1248,28.0566,0.0018,0.6919,28.25,29.2284,1775593010789548227
gestureclass,single_gestureclass,255.8745,30.2775,27.7368,26.7132,0.0016,0.6812,1.5967,2.5407,1775593010848425102
gestureclass,single_gestureclass,255.8972,34.6489,26.5388,25.5178,0.0016,0.6639,7.1988,8.1101,1775593010876759534
gestureclass,single_gestureclass,255.924,33.5956,25.0638,23.4613,0.0017,1.2589,7.5552,8.5318,1775593010903863543
gestureclass,single_gestureclass,256.1449,35.6972,33.0734,31.8671,0.002,0.8255,1.6155,2.6238,1775593011118907474
gestureclass,single_gestureclass,256.1507,60.3054,29.6586,28.543,0.0017,0.7322,29.6824,30.6467,1775593011152710362
gestureclass,single_gestureclass,256.2902,33.9749,31.3146,30.1675,0.0021,0.7845,1.6451,2.6603,1775593011264242488
gestureclass,single_gestureclass,256.5596,35.8005,33.0453,31.794,0.0019,0.8326,1.7729,2.7552,1775593011533748029
gestureclass,single_gestureclass,256.5654,64.8026,33.9963,32.8724,0.0017,0.359,29.7072,30.8063,1775593011567474623
gestureclass,single_gestureclass,256.5672,63.0872,33.9963,32.8724,0.0017,0.359,27.9694,29.0909,1775593011567474623
gestureclass,single_gestureclass,256.7385,33.6378,30.9377,29.8198,0.002,0.7685,1.6937,2.7,1775593011712560191
gestureclass,single_gestureclass,256.7764,32.3839,29.8175,28.7347,0.0018,0.7144,1.6239,2.5664,1775593011750353985
gestureclass,single_gestureclass,256.892,33.3853,30.7281,29.6121,0.002,0.7653,1.646,2.6571,1775593011866006881
gestureclass,single_gestureclass,256.9756,34.6093,31.4675,30.2609,0.0021,0.7747,1.7495,3.1418,1775593011949712745
gestureclass,single_gestureclass,257.0094,32.2104,29.5236,28.4782,0.0019,0.6978,1.7378,2.6868,1775593011983462300
gestureclass,single_gestureclass,257.0948,33.8316,31.1505,29.9996,0.002,0.7439,1.7023,2.6811,1775593012068859451
gestureclass,single_gestureclass,257.2339,32.8076,30.2135,29.1221,0.0019,0.7364,1.6639,2.5941,1775593012207939153
gestureclass,single_gestureclass,257.2657,31.064,28.5749,27.5709,0.0018,0.6774,1.538,2.4891,1775593012239557990
gestureclass,single_gestureclass,257.3089,29.7427,27.2106,26.2186,0.0015,0.6663,1.5779,2.5321,1775593012282872458
gestureclass,single_gestureclass,257.3106,54.769,26.0024,25.0199,0.0016,0.315,27.7052,28.7666,1775593012310704018
gestureclass,single_gestureclass,257.3214,44.06,26.0024,25.0199,0.0016,0.315,16.9735,18.0576,1775593012310704018
gestureclass,single_gestureclass,257.3846,27.2911,24.7891,23.7894,0.0016,0.6415,1.5492,2.502,1775593012358545500
gestureclass,single_gestureclass,257.4692,28.9207,26.521,25.5243,0.0017,0.6824,1.4241,2.3996,1775593012442924572
gestureclass,single_gestureclass,257.6134,33.5755,30.8403,29.6905,0.0018,0.7519,1.7352,2.7353,1775593012587434650
gestureclass,single_gestureclass,257.6391,40.4944,32.0763,30.9669,0.0018,0.7128,7.4368,8.4181,1775593012618890095
gestureclass,single_gestureclass,257.6541,54.0907,27.1855,26.1722,0.0016,0.2102,25.1853,26.9053,1775593012651664034
gestureclass,single_gestureclass,257.6619,46.3772,27.1855,26.1722,0.0016,0.2102,17.4496,19.1917,1775593012651664034
gestureclass,single_gestureclass,257.6666,41.8537,27.1855,26.1722,0.0016,0.2102,12.7087,14.6682,1775593012651664034
gestureclass,single_gestureclass,257.7074,28.0118,25.2459,23.6959,0.0016,0.6331,1.8325,2.7659,1775593012681612781
gestureclass,single_gestureclass,257.7747,28.209,25.6971,24.7231,0.0017,0.6666,1.539,2.5119,1775593012748548627
gestureclass,single_gestureclass,257.8521,30.75,28.2863,27.2658,0.0018,0.6978,1.4932,2.4638,1775593012825920550
gestureclass,single_gestureclass,257.8608,51.5196,28.7419,27.742,0.0015,0.3199,21.6854,22.7777,1775593012854819536
gestureclass,single_gestureclass,257.8695,42.8128,28.7419,27.742,0.0015,0.3199,12.9573,14.0709,1775593012854819536
gestureclass,single_gestureclass,257.9205,27.5469,25.1336,24.1826,0.0017,0.65,1.4753,2.4133,1775593012894356714
gestureclass,single_gestureclass,257.9352,38.8029,25.3643,24.3815,0.0015,0.6444,12.4717,13.4386,1775593012920060877
gestureclass,single_gestureclass,258.0273,28.9719,26.5087,25.4979,0.0016,0.6763,1.5333,2.4632,1775593013001139955
gestureclass,single_gestureclass,258.0665,28.0197,25.6882,24.7083,0.0017,0.6521,1.5211,2.3315,1775593013040322903
gestureclass,single_gestureclass,258.1637,31.6784,29.0798,28.0146,0.0019,0.7328,1.6148,2.5987,1775593013137655852
gestureclass,single_gestureclass,258.3707,34.1501,31.4783,30.382,0.0018,0.7396,1.6499,2.6718,1775593013344709710
gestureclass,single_gestureclass,258.3745,60.6213,29.2855,27.5724,0.0015,0.2183,30.0369,31.3357,1775593013376857659
gestureclass,single_gestureclass,258.3745,60.6093,29.2855,27.5724,0.0015,0.2183,30.0014,31.3238,1775593013376857659
gestureclass,single_gestureclass,258.3996,35.5358,29.2855,27.5724,0.0015,0.2183,4.8959,6.2503,1775593013376857659
gestureclass,single_gestureclass,258.4594,46.2654,42.6129,40.9159,0.0029,1.1637,2.5978,3.6525,1775593013434306106
gestureclass,single_gestureclass,258.4891,49.5944,32.2659,31.0589,0.002,0.7484,16.315,17.3286,1775593013477732708
gestureclass,single_gestureclass,258.5769,33.0064,30.2644,29.1275,0.0018,0.752,1.7323,2.7421,1775593013550980283
gestureclass,single_gestureclass,258.6751,33.3848,30.7516,29.6152,0.0019,0.7729,1.6096,2.6332,1775593013649093360
gestureclass,single_gestureclass,258.7518,33.9868,31.3339,30.1929,0.002,0.7684,1.617,2.6529,1775593013725720137
gestureclass,single_gestureclass,258.851,34.9803,31.9553,30.7859,0.0021,0.8019,1.6508,3.025,1775593013824969080
gestureclass,single_gestureclass,258.8854,32.9804,30.2233,29.1441,0.0018,0.74,1.8058,2.7572,1775593013859565666
gestureclass,single_gestureclass,258.9486,36.0794,33.4191,32.0472,0.0024,0.9135,1.678,2.6603,1775593013922636764
gestureclass,single_gestureclass,259.0149,33.5708,30.902,29.7584,0.0019,0.7707,1.6665,2.6688,1775593013988895309
gestureclass,single_gestureclass,259.0527,32.2945,29.7314,27.9598,0.0018,1.44,1.6053,2.5632,1775593014026618643
gestureclass,single_gestureclass,259.0872,29.7637,27.345,25.9045,0.0018,1.0906,1.5101,2.4187,1775593014061016525
gestureclass,single_gestureclass,259.1099,33.8342,26.0027,25.0132,0.0014,0.3068,6.7329,7.8315,1775593014088956328
gestureclass,single_gestureclass,259.1146,29.1142,26.0027,25.0132,0.0014,0.3068,1.991,3.1115,1775593014088956328
gestureclass,single_gestureclass,259.1539,27.0677,24.6076,23.6455,0.0017,0.6433,1.5013,2.4601,1775593014127788887
gestureclass,single_gestureclass,259.2972,34.044,31.3677,30.2517,0.0019,0.7519,1.663,2.6763,1775593014271254267
gestureclass,single_gestureclass,259.304,56.6821,28.6723,27.634,0.0018,0.3238,26.9358,28.0098,1775593014303262943
gestureclass,single_gestureclass,259.3267,33.9663,28.6723,27.634,0.0018,0.3238,4.1981,5.294,1775593014303262943
gestureclass,single_gestureclass,259.3385,48.1708,25.39,24.3883,0.0017,0.638,21.8606,22.7808,1775593014332701473
gestureclass,single_gestureclass,259.4179,28.7113,26.2301,25.2529,0.0017,0.6549,1.5292,2.4812,1775593014391773019
gestureclass,single_gestureclass,259.4266,46.5708,25.8912,24.8793,0.0015,0.6462,19.7308,20.6796,1775593014418671383
gestureclass,single_gestureclass,259.5494,30.7734,28.2078,27.1696,0.0017,0.7072,1.5905,2.5656,1775593014523342851
gestureclass,single_gestureclass,259.6274,34.272,31.5754,29.6797,0.0019,1.4956,1.6758,2.6966,1775593014601415422
gestureclass,single_gestureclass,259.6382,52.2323,28.1521,27.0752,0.0016,0.7008,23.1261,24.0802,1775593014633633970
gestureclass,single_gestureclass,259.9158,32.9568,30.3472,29.254,0.002,0.7364,1.6508,2.6097,1775593014889779792
gestureclass,single_gestureclass,260.069,33.066,30.3503,29.251,0.0019,0.7581,1.684,2.7157,1775593015043057273
gestureclass,single_gestureclass,260.1163,32.8484,30.1848,29.0696,0.002,0.766,1.6534,2.6636,1775593015090304286
gestureclass,single_gestureclass,260.2314,34.1151,31.4253,30.2425,0.0021,0.7809,1.7123,2.6898,1775593015205450752
gestureclass,single_gestureclass,260.3708,35.1686,31.9571,30.7829,0.0021,0.8065,2.2261,3.2116,1775593015345365495
gestureclass,single_gestureclass,260.3708,70.4389,34.6001,33.3619,0.002,0.7868,34.863,35.8388,1775593015378045476
gestureclass,single_gestureclass,260.4181,55.4643,31.4801,30.4445,0.0016,0.2126,22.8856,23.9842,1775593015413364754
gestureclass,single_gestureclass,260.4219,51.7397,31.4801,30.4445,0.0016,0.2126,19.1391,20.2596,1775593015413364754
gestureclass,single_gestureclass,260.4219,51.9009,31.4801,30.4445,0.0016,0.2126,19.1042,20.4208,1775593015413364754
gestureclass,single_gestureclass,260.4445,56.7679,26.6587,25.6408,0.0015,0.3145,29.0301,30.1093,1775593015445855977
gestureclass,single_gestureclass,260.4642,37.0495,26.6587,25.6408,0.0015,0.3145,9.29,10.3909,1775593015445855977
gestureclass,single_gestureclass,260.49,37.1206,25.2402,24.0237,0.0029,0.7858,10.8964,11.8803,1775593015473259677
gestureclass,single_gestureclass,260.6054,32.5565,29.8069,28.7393,0.0018,0.6978,1.7619,2.7497,1775593015579504484
gestureclass,single_gestureclass,260.6102,56.4425,28.0639,27.0398,0.0017,0.6482,27.458,28.3786,1775593015609959062
gestureclass,single_gestureclass,260.6611,31.2021,25.1144,23.7728,0.0017,0.9971,5.1465,6.0877,1775593015638614452
gestureclass,single_gestureclass,260.6898,27.1709,24.0957,23.1252,0.0016,0.6341,2.171,3.0752,1775593015664316056
gestureclass,single_gestureclass,260.7115,29.6102,23.6114,22.6379,0.0016,0.6355,5.1098,5.9988,1775593015688976088
gestureclass,single_gestureclass,260.7733,27.307,24.8248,23.8543,0.0016,0.629,1.5619,2.4823,1775593015747246073
gestureclass,single_gestureclass,260.8249,27.6625,25.1945,24.2006,0.0017,0.6371,1.5435,2.4681,1775593015798756187
gestureclass,single_gestureclass,260.8426,35.4497,24.8275,23.8244,0.0015,0.662,9.6507,10.6223,1775593015824553868
gestureclass,single_gestureclass,260.8717,30.5707,23.6652,22.6554,0.0015,0.6343,5.94,6.9055,1775593015850012663
gestureclass,single_gestureclass,260.9575,29.285,26.7579,25.7381,0.0016,0.6655,1.6062,2.527,1775593015931464453
gestureclass,single_gestureclass,261.012,28.9977,26.5156,24.8136,0.0017,1.3782,1.5223,2.482,1775593015985890836
gestureclass,single_gestureclass,261.0682,28.1847,25.7719,24.8023,0.0016,0.661,1.477,2.4127,1775593016042050023
gestureclass,single_gestureclass,261.1086,27.5757,25.09,24.1321,0.0016,0.6525,1.5714,2.4857,1775593016082540029
gestureclass,single_gestureclass,261.1504,27.3955,25.0356,24.0655,0.0016,0.6526,1.431,2.3599,1775593016124139358
gestureclass,single_gestureclass,261.1681,34.0929,23.9034,22.9235,0.0015,0.6379,9.34,10.1895,1775593016149764681
gestureclass,single_gestureclass,261.2604,28.7774,26.3433,25.3527,0.0017,0.6787,1.5059,2.4341,1775593016234230193
gestureclass,single_gestureclass,261.3514,33.0768,30.486,29.3838,0.0019,0.7677,1.5888,2.5907,1775593016325315943
gestureclass,single_gestureclass,261.3541,58.1806,27.2496,26.1888,0.0016,0.6957,29.9747,30.9309,1775593016356451357
gestureclass,single_gestureclass,261.4505,33.4733,30.8802,29.7395,0.002,0.7825,1.5872,2.5931,1775593016424459529
gestureclass,single_gestureclass,261.5212,31.7807,29.1634,28.0626,0.0019,0.7376,1.6341,2.6174,1775593016495183040
gestureclass,single_gestureclass,261.5982,34.9636,31.7678,29.7737,0.0019,1.5817,1.7371,3.1958,1775593016572289661
gestureclass,single_gestureclass,261.6309,32.021,29.1828,28.1009,0.0017,0.6972,1.8699,2.8382,1775593016605155300
gestureclass,single_gestureclass,261.6384,51.0769,25.9498,24.9372,0.0017,0.6492,24.2081,25.1271,1775593016634927747
gestureclass,single_gestureclass,261.6702,44.163,24.279,23.3047,0.0015,0.6302,18.9643,19.884,1775593016661469903
gestureclass,single_gestureclass,261.7255,26.1405,23.7049,22.7891,0.0016,0.6235,1.5006,2.4355,1775593016699377687
gestureclass,single_gestureclass,261.7949,27.6842,25.1964,24.2396,0.0016,0.6404,1.5159,2.4878,1775593016768765542
gestureclass,single_gestureclass,261.8568,28.728,26.2736,25.2991,0.0017,0.6558,1.528,2.4544,1775593016830659617
gestureclass,single_gestureclass,261.8605,51.1386,25.4483,24.4467,0.0016,0.6282,24.7388,25.6903,1775593016857591891
gestureclass,single_gestureclass,261.9419,29.3779,26.9569,25.9423,0.0017,0.69,1.4985,2.421,1775593016915715315
gestureclass,single_gestureclass,261.9616,36.1869,25.8895,24.89,0.0017,0.6416,9.3904,10.2974,1775593016943316547
gestureclass,single_gestureclass,261.9764,46.7427,24.7061,23.7307,0.0014,0.3094,20.9942,22.0366,1775593016969788066
gestureclass,single_gestureclass,261.9882,35.0575,24.7061,23.7307,0.0014,0.3094,9.2883,10.3515,1775593016969788066
gestureclass,single_gestureclass,262.1335,34.755,32.0421,30.9483,0.0017,0.7522,1.6699,2.7129,1775593017107502113
gestureclass,single_gestureclass,262.1372,60.7355,28.9566,27.8922,0.0017,0.3309,30.7183,31.7789,1775593017140316294
gestureclass,single_gestureclass,262.145,53.0136,28.9566,27.8922,0.0017,0.3309,22.9743,24.057,1775593017140316294
gestureclass,single_gestureclass,262.1794,46.6928,27.3309,26.3077,0.0016,0.3107,18.2831,19.3619,1775593017170074411
gestureclass,single_gestureclass,262.1942,31.9798,27.3309,26.3077,0.0016,0.3107,3.5477,4.6489,1775593017170074411
gestureclass,single_gestureclass,262.2142,37.8494,25.1442,24.1899,0.0015,0.2994,11.6611,12.7053,1775593017198216175
gestureclass,single_gestureclass,262.2219,30.1695,25.1442,24.1899,0.0015,0.2994,3.9585,5.0253,1775593017198216175
gestureclass,single_gestureclass,262.2582,25.948,23.6319,22.7071,0.0015,0.6309,1.4009,2.3161,1775593017231994483
gestureclass,single_gestureclass,262.3965,33.3588,30.6704,29.5859,0.002,0.7337,1.6723,2.6884,1775593017370490064
gestureclass,single_gestureclass,262.4012,57.7066,28.435,27.3656,0.0017,0.6931,28.2807,29.2716,1775593017401862702
gestureclass,single_gestureclass,262.4971,33.566,31.0414,29.8943,0.002,0.7674,1.5726,2.5246,1775593017471070937
gestureclass,single_gestureclass,262.5099,49.0491,27.5794,26.5565,0.0015,0.6621,20.5076,21.4697,1775593017502741209
gestureclass,single_gestureclass,262.5661,27.3428,24.6534,23.7044,0.0016,0.6497,1.4682,2.6894,1775593017539960199
gestureclass,single_gestureclass,262.593,26.7885,24.3158,22.7347,0.0016,1.2864,1.5738,2.4726,1775593017566928759
gestureclass,single_gestureclass,262.7271,33.3118,30.6845,29.5996,0.0019,0.7474,1.5998,2.6273,1775593017701019476
gestureclass,single_gestureclass,262.7318,57.8291,28.6683,27.6071,0.0018,0.6779,28.1777,29.1609,1775593017732350928
gestureclass,single_gestureclass,262.8149,29.6669,27.2052,26.1964,0.0019,0.6775,1.5175,2.4617,1775593017788750851
gestureclass,single_gestureclass,262.8818,30.7934,28.1905,27.1626,0.002,0.6939,1.6212,2.603,1775593017855732855
gestureclass,single_gestureclass,262.9138,29.3753,26.9037,25.9109,0.0017,0.6778,1.5476,2.4717,1775593017887661823
gestureclass,single_gestureclass,263.0764,36.7534,34.0804,32.8244,0.0021,0.865,1.6751,2.673,1775593018050461399
gestureclass,single_gestureclass,263.0922,52.9065,31.0908,29.9282,0.0019,0.7504,20.6282,21.8157,1775593018085173150
gestureclass,single_gestureclass,263.1244,48.687,27.5422,25.596,0.0018,0.6773,20.1631,21.1448,1775593018116906829
gestureclass,single_gestureclass,263.1773,27.3077,24.8559,23.8741,0.0017,0.6317,1.5035,2.4518,1775593018151143244
gestureclass,single_gestureclass,263.3399,33.6692,31.0073,29.1022,0.0019,1.5279,1.6634,2.662,1775593018313931943
gestureclass,single_gestureclass,263.5149,33.0176,30.2274,29.1294,0.0019,0.7538,1.7595,2.7903,1775593018489024085
gestureclass,single_gestureclass,263.5631,33.062,30.4181,29.2295,0.002,0.8095,1.6589,2.6439,1775593018537151437
gestureclass,single_gestureclass,263.5889,36.1714,28.1699,27.0596,0.0018,0.6949,7.0689,8.0015,1775593018568301455
gestureclass,single_gestureclass,263.6592,30.6997,28.1041,27.0679,0.0019,0.7101,1.6263,2.5957,1775593018633204685
gestureclass,single_gestureclass,263.6951,29.9432,27.4504,26.3992,0.0016,0.6803,1.5309,2.4928,1775593018669016288
gestureclass,single_gestureclass,263.7078,44.1253,26.1456,25.1398,0.0014,0.3127,16.9034,17.9797,1775593018697090932
gestureclass,single_gestureclass,263.7186,33.4225,26.1456,25.1398,0.0014,0.3127,6.1784,7.2769,1775593018697090932
gestureclass,single_gestureclass,263.7712,27.1819,24.7506,23.8139,0.0017,0.6367,1.538,2.4313,1775593018745078810
gestureclass,single_gestureclass,263.8476,28.4634,25.8845,24.8506,0.0017,0.6687,1.6153,2.5788,1775593018821548483
gestureclass,single_gestureclass,263.9073,28.99,26.3836,25.3871,0.0018,0.6825,1.6394,2.6065,1775593018881246286
gestureclass,single_gestureclass,263.9574,32.377,29.8533,28.7511,0.0019,0.7531,1.5967,2.5237,1775593018931374877
gestureclass,single_gestureclass,264.033,32.5987,30.1819,28.9844,0.002,0.7832,1.6437,2.4169,1775593019007029322
gestureclass,single_gestureclass,264.0588,35.5446,27.9765,26.8862,0.0016,0.6793,6.7158,7.5682,1775593019037817926
gestureclass,single_gestureclass,264.1235,29.0289,26.5092,25.5189,0.0018,0.6632,1.5903,2.5197,1775593019097439277
gestureclass,single_gestureclass,264.1537,28.9972,26.539,25.6015,0.0017,0.6365,1.5366,2.4582,1775593019127623574
gestureclass,single_gestureclass,264.1564,53.2284,26.2274,25.2748,0.0015,0.2969,25.9507,27.001,1775593019154748656
gestureclass,single_gestureclass,264.1712,38.4986,26.2274,25.2748,0.0015,0.2969,11.1983,12.2712,1775593019154748656
gestureclass,single_gestureclass,264.1899,45.5303,24.8517,23.8838,0.0014,0.302,19.6145,20.6786,1775593019181900472
gestureclass,single_gestureclass,264.2046,30.8461,24.8517,23.8838,0.0014,0.302,4.9081,5.9944,1775593019181900472
gestureclass,single_gestureclass,264.2149,44.7011,23.592,22.6235,0.0016,0.6204,20.2076,21.1091,1775593019207467687
gestureclass,single_gestureclass,264.2818,26.4757,24.1103,23.158,0.0015,0.6548,1.4536,2.3654,1775593019255619165
gestureclass,single_gestureclass,264.4686,36.978,34.3057,33.0098,0.0023,0.8844,1.636,2.6723,1775593019442601643
gestureclass,single_gestureclass,264.5198,31.621,29.0204,27.9548,0.0018,0.7153,1.6088,2.6006,1775593019493766120
gestureclass,single_gestureclass,264.5225,58.6319,29.0195,27.3363,0.0016,0.3229,28.5606,29.6124,1775593019523455403
gestureclass,single_gestureclass,264.5229,58.2783,29.0195,27.3363,0.0016,0.3229,28.1849,29.2588,1775593019523455403
gestureclass,single_gestureclass,264.6204,28.8532,26.3833,25.3887,0.0018,0.6805,1.4939,2.4698,1775593019594252939
gestureclass,single_gestureclass,264.7095,32.8174,30.1156,28.9901,0.0019,0.7335,1.6973,2.7018,1775593019683531358
gestureclass,single_gestureclass,264.7152,55.439,27.5892,26.5665,0.0016,0.3155,26.7599,27.8498,1775593019714342635
gestureclass,single_gestureclass,264.732,38.7177,27.5892,26.5665,0.0016,0.3155,10.0164,11.1285,1775593019714342635
gestureclass,single_gestureclass,264.7949,29.0415,26.5341,25.5384,0.0017,0.6836,1.5438,2.5074,1775593019768814530
gestureclass,single_gestureclass,264.9843,32.9771,30.2568,29.1469,0.0019,0.7512,1.6835,2.7203,1775593019958320416
gestureclass,single_gestureclass,265.0315,33.0825,30.3207,29.1989,0.0018,0.7565,1.6282,2.7618,1775593020005444560
gestureclass,single_gestureclass,265.0422,50.4973,27.5929,26.5377,0.0016,0.6657,21.9481,22.9044,1775593020036517998
gestureclass,single_gestureclass,265.0639,54.5225,25.1139,24.1154,0.0015,0.6485,28.4631,29.4086,1775593020064711102
gestureclass,single_gestureclass,265.1506,29.6469,27.1332,26.1064,0.0016,0.6858,1.5812,2.5137,1775593020124568830
gestureclass,single_gestureclass,265.1624,45.341,26.6532,25.0749,0.0015,0.305,17.6151,18.6878,1775593020152320669
gestureclass,single_gestureclass,265.1641,43.6573,26.6532,25.0749,0.0015,0.305,15.9085,17.0041,1775593020152320669
gestureclass,single_gestureclass,265.313,33.88,31.2452,30.1187,0.0019,0.7579,1.6639,2.6348,1775593020286999064
gestureclass,single_gestureclass,265.3197,58.8493,30.882,29.8158,0.0016,0.3291,26.8784,27.9673,1775593020318947978
gestureclass,single_gestureclass,265.3415,37.1068,30.882,29.8158,0.0016,0.3291,5.1131,6.2247,1775593020318947978
gestureclass,single_gestureclass,265.4028,29.8803,27.3141,26.2749,0.0018,0.681,1.5945,2.5662,1775593020376746319
gestureclass,single_gestureclass,265.5279,32.8469,30.181,29.0705,0.0021,0.7445,1.6513,2.6659,1775593020501944025
gestureclass,single_gestureclass,265.565,31.7039,29.1076,28.0502,0.0018,0.7107,1.6081,2.5964,1775593020538963144
gestureclass,single_gestureclass,265.5847,39.6302,26.9565,25.9148,0.0016,0.6803,11.698,12.6737,1775593020568766341
gestureclass,single_gestureclass,265.6169,32.7904,24.812,23.8242,0.0015,0.6242,7.0539,7.9784,1775593020596325986
gestureclass,single_gestureclass,265.6979,28.6846,26.23,25.2478,0.0017,0.6521,1.5106,2.4546,1775593020671797478
gestureclass,single_gestureclass,265.7096,42.6154,24.9417,23.9332,0.0017,0.648,16.7236,17.6737,1775593020698705459
gestureclass,single_gestureclass,265.7815,27.7727,25.3179,23.7018,0.0018,1.2895,1.4951,2.4548,1775593020755304152
gestureclass,single_gestureclass,265.8364,28.4419,26.035,25.0455,0.0015,0.6718,1.4918,2.4069,1775593020810279738
gestureclass,single_gestureclass,265.8591,32.4938,26.2606,24.9182,0.002,1.0294,5.3878,6.2332,1775593020836881484
gestureclass,single_gestureclass,265.8891,27.8139,24.5223,23.5909,0.0015,0.6344,2.3923,3.2916,1775593020863821000
gestureclass,single_gestureclass,265.9119,29.2702,23.6369,22.6634,0.0015,0.6364,4.7207,5.6332,1775593020888927039
gestureclass,single_gestureclass,265.9553,27.6084,25.2781,24.2996,0.0017,0.6616,1.452,2.3303,1775593020929136718
gestureclass,single_gestureclass,266.0372,29.3961,26.9736,25.9732,0.0017,0.6646,1.5051,2.4224,1775593021011009561
gestureclass,single_gestureclass,266.0429,50.3533,26.0085,24.9954,0.0016,0.6523,23.4144,24.3447,1775593021038646570
gestureclass,single_gestureclass,266.0877,30.2932,24.222,23.2499,0.0016,0.6316,5.1544,6.0712,1775593021065253164
gestureclass,single_gestureclass,266.1732,28.177,25.8239,24.846,0.0017,0.6572,1.4832,2.3531,1775593021147050498
gestureclass,single_gestureclass,266.2856,34.6797,31.5677,29.5335,0.0019,1.508,2.079,3.1119,1775593021260077021
gestureclass,single_gestureclass,266.2857,64.7907,29.3557,28.3078,0.0015,0.3346,34.354,35.435,1775593021292387067
gestureclass,single_gestureclass,266.2878,62.6993,29.3557,28.3078,0.0015,0.3346,32.2368,33.3436,1775593021292387067
gestureclass,single_gestureclass,266.3275,50.0059,26.4495,25.4048,0.0018,0.6532,22.6231,23.5564,1775593021322505742
gestureclass,single_gestureclass,266.3517,51.769,25.1717,24.2112,0.0015,0.3056,25.548,26.5974,1775593021349593658
gestureclass,single_gestureclass,266.3664,37.0731,25.1717,24.2112,0.0015,0.3056,10.8304,11.9015,1775593021349593658
gestureclass,single_gestureclass,266.4497,30.5126,28.026,26.9216,0.0018,0.7531,1.5337,2.4866,1775593021423583038
gestureclass,single_gestureclass,266.4914,28.1506,25.6577,24.6754,0.0017,0.651,1.5504,2.4929,1775593021465276621
gestureclass,single_gestureclass,266.5697,29.8877,27.3226,26.2939,0.0018,0.6849,1.545,2.5651,1775593021543629867
gestureclass,single_gestureclass,266.6679,32.8047,30.2497,29.1453,0.0019,0.7413,1.6339,2.555,1775593021641860416
gestureclass,single_gestureclass,266.8,33.4058,30.753,29.6261,0.002,0.7745,1.6446,2.6528,1775593021773955864
gestureclass,single_gestureclass,266.8366,32.1865,29.304,28.2324,0.0017,0.7333,1.6024,2.8825,1775593021810533761
gestureclass,single_gestureclass,266.8683,29.9685,27.3127,26.2793,0.0017,0.6962,1.7288,2.6558,1775593021842346500
gestureclass,single_gestureclass,266.8882,36.5503,25.934,24.2876,0.0016,0.6418,9.7239,10.6163,1775593021870244960
gestureclass,single_gestureclass,266.9289,27.4036,25.0186,24.0671,0.0016,0.6436,1.4894,2.385,1775593021902776579
gestureclass,single_gestureclass,266.9326,52.108,27.0598,26.1047,0.0015,0.3041,23.4122,25.0482,1775593021928382266
gestureclass,single_gestureclass,266.9327,52.0995,27.0598,26.1047,0.0015,0.3041,23.3793,25.0397,1775593021928382266
gestureclass,single_gestureclass,266.9675,41.8887,24.6847,23.6873,0.0016,0.6232,16.2845,17.2041,1775593021956174566
gestureclass,single_gestureclass,266.9833,52.1097,25.0312,24.0747,0.0015,0.2022,25.8522,27.0785,1775593021981456436
gestureclass,single_gestureclass,266.9838,51.5585,25.0312,24.0747,0.0015,0.2022,25.279,26.5273,1775593021981456436
gestureclass,single_gestureclass,266.992,43.468,25.0312,24.0747,0.0015,0.2022,17.1547,18.4368,1775593021981456436
gestureclass,single_gestureclass,267.0206,39.5448,24.1904,23.2438,0.0015,0.6304,14.4613,15.3544,1775593022007438626
gestureclass,single_gestureclass,267.0396,44.8267,23.6131,22.6376,0.0017,0.6188,20.3068,21.2136,1775593022032271473
gestureclass,single_gestureclass,267.1907,33.0634,30.3988,29.2947,0.0021,0.7355,1.6713,2.6646,1775593022164740189
gestureclass,single_gestureclass,267.243,31.8005,29.1614,28.1027,0.0019,0.7215,1.6515,2.6391,1775593022217001884
gestureclass,single_gestureclass,267.4221,33.0336,30.313,29.1844,0.002,0.7654,1.683,2.7207,1775593022396145002
gestureclass,single_gestureclass,267.5354,34.333,31.6427,29.746,0.002,1.5243,1.6932,2.6903,1775593022509435641
gestureclass,single_gestureclass,267.5402,59.8264,29.5939,28.5105,0.0016,0.6949,29.274,30.2324,1775593022541787553
gestureclass,single_gestureclass,267.6172,28.9197,26.4238,25.4174,0.0017,0.6806,1.5612,2.4959,1775593022591104708
gestureclass,single_gestureclass,267.6603,28.8055,26.3854,25.3742,0.0016,0.6655,1.4999,2.4201,1775593022634169930
gestureclass,single_gestureclass,267.664,50.5526,24.8589,23.8606,0.0016,0.631,24.74,25.6937,1775593022661131893
gestureclass,single_gestureclass,267.7398,27.1118,24.6769,23.7302,0.0015,0.6472,1.5039,2.4349,1775593022713661756
gestureclass,single_gestureclass,268.0734,32.8894,30.4059,29.2633,0.0018,0.7578,1.7319,2.4835,1775593023047471386
gestureclass,single_gestureclass,268.1335,33.3695,30.6815,29.6027,0.0019,0.7358,1.6696,2.688,1775593023107506469
gestureclass,single_gestureclass,268.1552,40.5049,28.236,27.1736,0.0017,0.683,11.2917,12.2689,1775593023138885181
gestureclass,single_gestureclass,268.216,29.4287,26.9576,25.9557,0.0017,0.6859,1.5106,2.4711,1775593023189815522
gestureclass,single_gestureclass,268.2307,40.5197,25.2162,24.2032,0.0016,0.6584,14.3678,15.3035,1775593023217376402
gestureclass,single_gestureclass,268.2884,29.1934,26.7302,25.5995,0.0017,0.8249,1.5061,2.4632,1775593023262241500
gestureclass,single_gestureclass,268.3031,40.8056,25.2941,24.2969,0.0015,0.1993,14.2488,15.5115,1775593023289688118
gestureclass,single_gestureclass,268.3058,38.1382,25.2941,24.2969,0.0015,0.1993,11.559,12.844,1775593023289688118
gestureclass,single_gestureclass,268.3145,29.4428,25.2941,24.2969,0.0015,0.1993,2.83,4.1487,1775593023289688118
gestureclass,single_gestureclass,268.4082,29.1004,26.5718,25.5647,0.0017,0.6812,1.585,2.5286,1775593023382108477
gestureclass,single_gestureclass,268.4515,32.8751,30.321,29.1343,0.0021,0.8224,1.5743,2.554,1775593023425406672
gestureclass,single_gestureclass,268.6217,33.627,30.3044,29.1935,0.002,0.7498,2.3079,3.3226,1775593023596333074
gestureclass,single_gestureclass,268.6217,64.3594,30.1379,29.063,0.0017,0.6974,33.2694,34.2215,1775593023627330276
gestureclass,single_gestureclass,268.7813,32.9146,30.2153,29.121,0.0019,0.7532,1.6973,2.6993,1775593023755381041
gestureclass,single_gestureclass,269.2288,34.1449,31.3981,30.2293,0.002,0.7873,1.7307,2.7467,1775593024202911161
gestureclass,single_gestureclass,269.3442,35.3642,32.7046,31.4835,0.0022,0.8346,1.653,2.6596,1775593024318229518
gestureclass,single_gestureclass,269.4338,46.8061,43.522,40.981,0.0172,1.6043,1.7292,3.2841,1775593024407892282
gestureclass,single_gestureclass,269.5248,55.2294,51.8443,48.4513,0.0033,1.3256,2.2993,3.3851,1775593024499483255
gestureclass,single_gestureclass,269.5396,77.6536,36.5377,35.2361,0.002,0.8089,40.0903,41.116,1775593024552067273
gestureclass,single_gestureclass,269.6173,31.8861,29.4,28.3484,0.0017,0.7091,1.5204,2.4861,1775593024591173286
gestureclass,single_gestureclass,269.6794,31.0876,28.5441,27.4697,0.0018,0.7443,1.5934,2.5436,1775593024653344840
gestureclass,single_gestureclass,269.8258,33.5183,30.8552,29.7407,0.0019,0.7688,1.6675,2.6631,1775593024799787282
gestureclass,single_gestureclass,269.9455,42.9263,40.1692,38.4843,0.0029,1.1636,1.6787,2.7571,1775593024919569019
gestureclass,single_gestureclass,269.9947,36.0448,33.3233,32.0818,0.0023,0.8126,1.7035,2.7216,1775593024968734430
gestureclass,single_gestureclass,270.0154,45.6669,29.7434,28.6679,0.0018,0.6951,14.9999,15.9235,1775593025002786091
gestureclass,single_gestureclass,270.0389,48.5179,25.7961,24.7607,0.0018,0.6529,21.8289,22.7219,1775593025033111467
gestureclass,single_gestureclass,270.0606,51.8093,24.4528,23.4588,0.0015,0.6382,26.5436,27.3566,1775593025059498460
gestureclass,single_gestureclass,270.2988,34.2231,31.5351,29.5453,0.0021,1.6398,1.688,2.6879,1775593025272812736
gestureclass,single_gestureclass,270.3115,51.7352,29.6539,28.5579,0.0017,0.6997,21.1344,22.0813,1775593025305019071
gestureclass,single_gestureclass,270.4195,33.0801,30.3753,29.2319,0.0018,0.7492,1.6928,2.7048,1775593025393557151
gestureclass,single_gestureclass,270.4578,37.9889,35.3423,34.1335,0.0023,0.7437,1.6644,2.6466,1775593025431821296
gestureclass,single_gestureclass,270.5921,32.9146,30.2882,29.172,0.0019,0.7545,1.6253,2.6264,1775593025566031291
gestureclass,single_gestureclass,270.7262,34.0371,31.3658,30.1872,0.002,0.7867,1.6532,2.6713,1775593025700240539
gestureclass,single_gestureclass,270.7795,33.7994,30.8493,29.6887,0.0019,0.7838,1.6375,2.9502,1775593025753476093
gestureclass,single_gestureclass,270.8128,31.148,28.3971,27.3644,0.0017,0.695,1.7695,2.7508,1775593025786881949
gestureclass,single_gestureclass,270.9562,50.8046,48.0755,46.1877,0.0029,1.3191,1.6398,2.7291,1775593025930181725
gestureclass,single_gestureclass,271.0522,33.9937,31.2619,30.1449,0.0019,0.7684,1.7445,2.7318,1775593026026302550
gestureclass,single_gestureclass,271.0719,45.1159,30.079,28.9834,0.0018,0.7037,14.034,15.0369,1775593026058285772
gestureclass,single_gestureclass,271.1672,32.8889,30.3013,29.2369,0.0019,0.7335,1.626,2.5876,1775593026141214062
gestureclass,single_gestureclass,271.192,36.5872,27.8103,26.7571,0.0018,0.6651,7.8058,8.777,1775593026172122732
gestureclass,single_gestureclass,271.2668,29.8574,27.2654,26.2008,0.0018,0.6747,1.6448,2.592,1775593026240765532
gestureclass,single_gestureclass,271.3088,29.5117,26.9259,25.8733,0.0017,0.6779,1.6181,2.5858,1775593026282805080
gestureclass,single_gestureclass,271.3256,39.0627,25.6176,24.6065,0.0017,0.6398,12.4872,13.4451,1775593026310390445
gestureclass,single_gestureclass,271.3575,32.1262,24.5453,23.5922,0.0015,0.6185,6.6967,7.5809,1775593026336593951
gestureclass,single_gestureclass,271.3768,36.994,23.5617,22.5985,0.0016,0.6288,12.5287,13.4323,1775593026361692197
gestureclass,single_gestureclass,271.441,27.7834,25.4189,24.434,0.0017,0.6734,1.4393,2.3645,1775593026414809518
gestureclass,single_gestureclass,271.483,27.5767,24.6703,23.7067,0.0017,0.6479,1.9732,2.9064,1775593026457345738
gestureclass,single_gestureclass,271.4831,51.9483,23.8052,22.8342,0.0016,0.6317,27.1966,28.1431,1775593026482601481
gestureclass,single_gestureclass,271.8145,35.7039,33.0298,31.8725,0.002,0.7905,1.672,2.6741,1775593026788476208
gestureclass,single_gestureclass,271.8252,55.5429,29.6519,28.5996,0.0016,0.2221,24.6356,25.8911,1775593026822201533
gestureclass,single_gestureclass,271.84,40.8256,29.6519,28.5996,0.0016,0.2221,9.8963,11.1737,1775593026822201533
gestureclass,single_gestureclass,271.8427,38.1196,29.6519,28.5996,0.0016,0.2221,7.1588,8.4677,1775593026822201533
gestureclass,single_gestureclass,271.883,28.0278,25.7396,24.7659,0.0016,0.6691,1.3864,2.2881,1775593026856747625
gestureclass,single_gestureclass,272.0233,50.8661,48.2571,46.3156,0.0034,1.3063,1.7009,2.609,1775593026997367991
gestureclass,single_gestureclass,272.1194,34.0893,31.3554,30.1786,0.0021,0.7715,1.7557,2.7339,1775593027093495657
gestureclass,single_gestureclass,272.1442,40.3438,30.2725,29.1856,0.0017,0.6963,8.9958,10.0712,1775593027125501565
gestureclass,single_gestureclass,272.1837,28.06,25.4822,24.4541,0.0017,0.6622,1.6084,2.5778,1775593027157639780
gestureclass,single_gestureclass,272.3621,33.0305,30.3333,29.1546,0.0019,0.7504,1.7169,2.6972,1775593027336139431
gestureclass,single_gestureclass,272.4203,32.8782,30.1994,29.1036,0.0019,0.7544,1.6503,2.6787,1775593027394318648
gestureclass,single_gestureclass,272.5344,34.771,32.0259,30.8492,0.0019,0.8061,1.7264,2.7451,1775593027508523393
gestureclass,single_gestureclass,272.6194,36.3231,33.6522,31.5511,0.0022,0.8234,1.7054,2.6708,1775593027593479423
gestureclass,single_gestureclass,272.679,34.1804,31.5296,30.3482,0.0019,0.81,1.6465,2.6508,1775593027652957855
gestureclass,single_gestureclass,272.7274,33.6056,31.0989,29.9801,0.0018,0.7616,1.5552,2.5067,1775593027701276513
gestureclass,single_gestureclass,272.7381,50.7545,27.2246,26.1753,0.0017,0.6616,22.552,23.5299,1775593027733014470
gestureclass,single_gestureclass,272.8371,29.8746,27.3512,26.3005,0.0018,0.6959,1.5564,2.5233,1775593027810988719
gestureclass,single_gestureclass,272.8822,28.9915,26.4719,25.4813,0.0017,0.6798,1.5705,2.5195,1775593027856086474
gestureclass,single_gestureclass,273.1155,32.9404,30.25,29.1485,0.002,0.7604,1.7025,2.6904,1775593028089569227
gestureclass,single_gestureclass,273.1927,34.471,31.8058,30.6385,0.002,0.7823,1.6894,2.6652,1775593028166713169
gestureclass,single_gestureclass,273.1944,62.6931,29.2782,28.189,0.0017,0.695,32.4454,33.4149,1775593028199227497
gestureclass,single_gestureclass,273.2743,29.6216,27.1086,26.0787,0.0018,0.686,1.5593,2.513,1775593028248248391
gestureclass,single_gestureclass,273.2941,36.5207,26.0008,24.3418,0.0016,1.2986,9.5842,10.5199,1775593028276007622
gestureclass,single_gestureclass,273.3528,27.5788,25.0879,24.1282,0.0016,0.6536,1.5292,2.4909,1775593028326704758
gestureclass,single_gestureclass,273.3816,27.034,24.6001,23.6521,0.0016,0.6464,1.507,2.434,1775593028355466205
gestureclass,single_gestureclass,273.3893,43.4675,23.6546,22.6829,0.0016,0.6305,18.9762,19.813,1775593028380638624
gestureclass,single_gestureclass,273.465,35.3763,32.9137,31.5964,0.0023,0.8937,1.4689,2.4626,1775593028438813431
gestureclass,single_gestureclass,273.4777,51.2307,27.8335,26.7759,0.0018,0.6779,22.4159,23.3972,1775593028472446477
gestureclass,single_gestureclass,273.5371,27.7054,25.3001,24.3226,0.0015,0.654,1.5101,2.4054,1775593028510972539
gestureclass,single_gestureclass,273.608,29.0058,26.5608,25.5613,0.0018,0.6862,1.5197,2.445,1775593028581916008
gestureclass,single_gestureclass,273.6903,31.6815,29.0356,27.9472,0.0019,0.7273,1.6258,2.646,1775593028664242320
gestureclass,single_gestureclass,273.7662,34.3566,31.6701,30.5532,0.0019,0.7655,1.7011,2.6865,1775593028740214807
gestureclass,single_gestureclass,273.7709,61.61,31.1372,29.3612,0.0016,0.6853,29.3231,30.4728,1775593028772593267
gestureclass,single_gestureclass,273.7715,61.0266,31.1372,29.3612,0.0016,0.6853,28.718,29.8894,1775593028772593267
gestureclass,single_gestureclass,273.8147,43.8521,25.5049,24.476,0.0016,0.6365,17.4153,18.3472,1775593028804490402
gestureclass,single_gestureclass,273.9198,30.6563,28.0587,27.023,0.0019,0.7123,1.5936,2.5977,1775593028893749939
gestureclass,single_gestureclass,274.0657,32.7988,30.2235,29.1189,0.0019,0.7383,1.687,2.5752,1775593029039783820
gestureclass,single_gestureclass,274.1627,33.1995,30.7783,29.64,0.002,0.7857,1.4439,2.4213,1775593029136509502
gestureclass,single_gestureclass,274.1913,35.3453,30.0188,28.8942,0.0018,0.6958,4.3538,5.3265,1775593029167992864
gestureclass,single_gestureclass,274.2071,46.8144,26.6948,25.681,0.0016,0.6644,19.1514,20.1197,1775593029198622222
gestureclass,single_gestureclass,274.2408,39.6664,25.885,24.9174,0.0015,0.3075,12.7258,13.7814,1775593029225910731
gestureclass,single_gestureclass,274.2455,34.9767,25.885,24.9174,0.0015,0.3075,8.014,9.0917,1775593029225910731
gestureclass,single_gestureclass,274.2731,31.8027,23.8385,22.8577,0.0016,0.633,7.0713,7.9641,1775593029252556577
gestureclass,single_gestureclass,274.3402,27.5552,25.1611,24.1992,0.0016,0.6455,1.4465,2.3941,1775593029313949433
gestureclass,single_gestureclass,274.3619,30.3016,23.8711,22.895,0.0016,0.6356,5.4967,6.4305,1775593029339702320
gestureclass,single_gestureclass,274.4094,27.107,24.7299,23.1667,0.0015,0.6251,1.4572,2.3771,1775593029383169795
gestureclass,single_gestureclass,274.5257,34.8976,32.2373,31.0238,0.002,0.8123,1.6501,2.6602,1775593029499710255
gestureclass,single_gestureclass,274.6028,32.9676,30.3495,29.2398,0.002,0.7425,1.6458,2.6181,1775593029576818706
gestureclass,single_gestureclass,274.673,33.4058,30.7967,29.6782,0.002,0.7694,1.6453,2.609,1775593029646993721
gestureclass,single_gestureclass,274.7126,32.7077,30.0941,29.0278,0.0017,0.7333,1.646,2.6136,1775593029686616990
gestureclass,single_gestureclass,274.7254,47.9703,27.2572,26.2535,0.0016,0.319,19.6147,20.7131,1775593029717345178
gestureclass,single_gestureclass,274.7331,40.2334,27.2572,26.2535,0.0016,0.319,11.8551,12.9762,1775593029717345178
gestureclass,single_gestureclass,274.7956,28.3191,25.8276,24.8397,0.0016,0.6683,1.5454,2.4915,1775593029769466994
gestureclass,single_gestureclass,274.9061,36.3913,33.7304,32.4702,0.002,0.8496,1.6448,2.6609,1775593029880131133
gestureclass,single_gestureclass,274.9129,63.4615,32.9755,31.916,0.0016,0.3319,29.4127,30.486,1775593029914660612
gestureclass,single_gestureclass,274.9347,41.7094,32.9755,31.916,0.0016,0.3319,7.6382,8.7339,1775593029914660612
gestureclass,single_gestureclass,275.0366,33.4368,30.7533,29.6191,0.0019,0.7604,1.6766,2.6834,1775593030010623080
gestureclass,single_gestureclass,275.0474,53.9775,30.6418,28.8488,0.0019,0.6978,22.3622,23.3357,1775593030042069819
gestureclass,single_gestureclass,275.0772,50.6823,25.9841,24.9715,0.0017,0.6624,23.7224,24.6982,1775593030073310943
gestureclass,single_gestureclass,275.1045,48.5871,24.6608,23.6908,0.0016,0.6312,22.9974,23.9263,1775593030099883739
gestureclass,single_gestureclass,275.1391,38.2323,23.6464,22.6569,0.0015,0.6346,13.6364,14.5859,1775593030125106589
gestureclass,single_gestureclass,275.2096,27.1888,24.7434,23.8123,0.0016,0.6316,1.5135,2.4454,1775593030183429915
gestureclass,single_gestureclass,275.319,31.7185,29.1082,28.0409,0.002,0.7174,1.5903,2.6103,1775593030292963644
gestureclass,single_gestureclass,275.376,31.7016,29.088,28.0024,0.0017,0.7202,1.6496,2.6135,1775593030349958154
gestureclass,single_gestureclass,275.4119,29.8309,27.3109,26.2842,0.0018,0.6751,1.5438,2.52,1775593030385784840
gestureclass,single_gestureclass,275.4459,29.6183,27.1483,26.1508,0.0017,0.6526,1.5328,2.47,1775593030419817665
gestureclass,single_gestureclass,275.5828,32.9249,30.2379,29.1291,0.002,0.7415,1.6885,2.687,1775593030556865824
gestureclass,single_gestureclass,275.635,33.6754,31.1085,29.2022,0.0019,1.5505,1.6019,2.567,1775593030608916723
gestureclass,single_gestureclass,275.6497,46.7865,27.2444,26.1999,0.0016,0.6636,18.6036,19.5422,1775593030640647577
gestureclass,single_gestureclass,275.7407,30.7293,28.1838,27.1441,0.0018,0.7155,1.585,2.5455,1775593030714625960
gestureclass,single_gestureclass,275.7736,29.0964,26.557,25.5686,0.0017,0.668,1.5767,2.5394,1775593030747557075
gestureclass,single_gestureclass,275.928,34.0164,31.3466,29.2067,0.0019,1.7935,1.6232,2.6698,1775593030901992456
gestureclass,single_gestureclass,276.2365,33.6442,30.9084,29.7828,0.0017,0.7562,1.729,2.7358,1775593031210568314
gestureclass,single_gestureclass,276.2563,45.2516,30.6908,29.5691,0.0019,0.6984,13.6054,14.5608,1775593031242215990
gestureclass,single_gestureclass,276.3638,32.9661,30.322,29.2278,0.002,0.7377,1.6704,2.6442,1775593031337785411
gestureclass,single_gestureclass,276.517,33.4399,30.7874,29.6619,0.0019,0.7746,1.6875,2.6525,1775593031491058836
gestureclass,single_gestureclass,276.6227,35.7811,33.0528,31.8164,0.002,0.8108,1.7455,2.7283,1775593031596797899
gestureclass,single_gestureclass,276.6265,65.6898,32.9935,31.7562,0.0019,0.7718,31.6992,32.6963,1775593031630513867
gestureclass,single_gestureclass,276.6637,58.4855,29.2154,28.1967,0.0015,0.3202,28.1765,29.2701,1775593031664215464
gestureclass,single_gestureclass,276.6844,37.7722,29.2154,28.1967,0.0015,0.3202,7.4408,8.5568,1775593031664215464
gestureclass,single_gestureclass,276.6994,48.4107,24.9183,23.926,0.0016,0.6304,22.5592,23.4924,1775593031694267385
gestureclass,single_gestureclass,276.7414,30.6535,23.6876,22.7183,0.0015,0.6329,6.0418,6.9659,1775593031719750235
gestureclass,single_gestureclass,276.8092,27.1108,24.6595,23.7137,0.0016,0.647,1.5075,2.4513,1775593031783068663
gestureclass,single_gestureclass,276.9005,29.856,27.3248,26.3116,0.0017,0.6945,1.5709,2.5312,1775593031874465073
gestureclass,single_gestureclass,276.9676,30.669,28.0597,27.0223,0.0019,0.7129,1.6348,2.6093,1775593031941596973
gestureclass,single_gestureclass,277.0395,32.4972,29.9999,28.9094,0.002,0.7534,1.6613,2.4972,1775593032013507707
gestureclass,single_gestureclass,277.1632,33.803,30.7283,29.6118,0.0022,0.7578,1.6487,3.0747,1775593032137239718
gestureclass,single_gestureclass,277.1965,31.8644,29.159,28.1142,0.0019,0.7153,1.7433,2.7054,1775593032170596985
gestureclass,single_gestureclass,277.2606,31.5907,29.0068,27.939,0.002,0.7321,1.6143,2.5839,1775593032234550126
gestureclass,single_gestureclass,277.3304,33.6099,30.9822,29.0704,0.0019,0.7616,1.642,2.6277,1775593032304383580
gestureclass,single_gestureclass,277.3682,31.2133,28.6181,27.5649,0.0018,0.7143,1.6184,2.5952,1775593032342185731
gestureclass,single_gestureclass,277.4456,36.7889,34.2425,32.9233,0.0024,0.911,1.5843,2.5465,1775593032419582546
gestureclass,single_gestureclass,277.5166,33.0026,30.3129,29.2187,0.002,0.7373,1.6847,2.6897,1775593032490647744
gestureclass,single_gestureclass,277.5868,33.391,30.7493,29.6116,0.0018,0.7691,1.6799,2.6417,1775593032560856261
gestureclass,single_gestureclass,277.7275,34.0912,31.3534,30.1791,0.0019,0.7709,1.7364,2.7378,1775593032701576943
gestureclass,single_gestureclass,277.7363,57.5778,31.2307,30.0651,0.0018,0.7471,25.0461,26.3472,1775593032733650262
gestureclass,single_gestureclass,277.7808,40.6492,27.3279,26.3109,0.0018,0.6493,12.4154,13.3213,1775593032765551448
gestureclass,single_gestureclass,277.7933,54.2109,25.3259,24.3456,0.0014,0.3153,27.8046,28.885,1775593032793487561
gestureclass,single_gestureclass,277.8022,45.3174,25.3259,24.3456,0.0014,0.3153,18.8894,19.9915,1775593032793487561
gestureclass,single_gestureclass,277.8968,28.3799,25.8547,24.8747,0.0016,0.6713,1.5459,2.5252,1775593032870667636
gestureclass,single_gestureclass,277.9754,31.0266,28.2706,26.2602,0.0018,1.689,1.6038,2.756,1775593032949305940
gestureclass,single_gestureclass,278.0031,29.4809,25.5863,24.5738,0.0018,0.6528,2.9137,3.8946,1775593032978346173
gestureclass,single_gestureclass,278.1258,33.4213,30.8069,29.6785,0.0019,0.7647,1.6658,2.6144,1775593033099843740
gestureclass,single_gestureclass,278.1426,48.0778,30.8139,29.6796,0.0018,0.7168,16.3279,17.2639,1775593033131268674
gestureclass,single_gestureclass,278.1695,48.8648,26.9033,25.89,0.0017,0.3251,20.8995,21.9616,1775593033162700826
gestureclass,single_gestureclass,278.1812,37.1549,26.9033,25.89,0.0017,0.3251,9.1674,10.2517,1775593033162700826
gestureclass,single_gestureclass,278.3066,33.4687,30.7802,29.6865,0.0019,0.751,1.6589,2.6885,1775593033280601372
gestureclass,single_gestureclass,278.3314,36.8328,27.5577,26.4947,0.0017,0.6946,8.3139,9.2751,1775593033312018040
gestureclass,single_gestureclass,278.3734,28.1992,25.7535,24.7769,0.0017,0.6534,1.5132,2.4457,1775593033347253404
gestureclass,single_gestureclass,278.4228,31.4291,26.2471,25.255,0.0018,0.6698,4.0226,5.182,1775593033399174622
gestureclass,single_gestureclass,278.4471,33.2718,25.7661,24.7679,0.0016,0.6498,6.5372,7.5057,1775593033425996804
gestureclass,single_gestureclass,278.5086,29.2835,26.8727,25.1407,0.0016,1.4171,1.493,2.4109,1775593033482436985
gestureclass,single_gestureclass,278.5153,50.1442,26.6726,25.7024,0.0015,0.2056,22.2299,23.4716,1775593033509902408
gestureclass,single_gestureclass,278.517,48.4438,26.6726,25.7024,0.0015,0.2056,20.5069,21.7712,1775593033509902408
gestureclass,single_gestureclass,278.5327,32.7718,26.6726,25.7024,0.0015,0.2056,4.8032,6.0992,1775593033509902408
gestureclass,single_gestureclass,278.552,38.7671,24.4961,23.5213,0.0014,0.2976,13.195,14.271,1775593033537592765
gestureclass,single_gestureclass,278.5526,38.2404,24.4961,23.5213,0.0014,0.2976,12.646,13.7443,1775593033537592765
gestureclass,single_gestureclass,278.6561,29.0599,26.5383,25.5424,0.0016,0.68,1.5306,2.5216,1775593033629970992
gestureclass,single_gestureclass,278.6994,28.7647,26.3106,25.3057,0.0017,0.6858,1.529,2.4542,1775593033673252653
gestureclass,single_gestureclass,278.7211,32.7127,25.1257,24.1396,0.0015,0.6394,6.7062,7.587,1775593033700144649
gestureclass,single_gestureclass,278.768,26.8836,24.1437,23.1946,0.0016,0.6409,1.4546,2.7399,1775593033741804129
gestureclass,single_gestureclass,278.7944,26.5362,23.9876,23.0571,0.0015,0.6317,1.6491,2.5486,1775593033768388181
gestureclass,single_gestureclass,278.8023,42.9242,23.6426,22.6685,0.0016,0.6339,18.3303,19.2816,1775593033792935903
gestureclass,single_gestureclass,278.9084,29.3665,26.9034,25.9251,0.0017,0.6655,1.5256,2.4631,1775593033882279781
gestureclass,single_gestureclass,278.9301,35.2194,26.9467,25.9214,0.0016,0.6529,7.3569,8.2727,1775593033909834143
gestureclass,single_gestureclass,278.954,37.5557,25.5619,24.5973,0.0014,0.6169,11.0474,11.9938,1775593033937367284
gestureclass,single_gestureclass,278.9845,31.1341,23.4949,22.5386,0.0015,0.6144,6.6867,7.6393,1775593033963581543
gestureclass,single_gestureclass,279.0157,26.0808,23.7889,22.8739,0.0015,0.6277,1.3821,2.292,1775593033989431600
gestureclass,single_gestureclass,279.0334,32.8443,24.0437,23.0742,0.0016,0.6326,8.0304,8.8006,1775593034013776445
gestureclass,single_gestureclass,279.0609,29.5486,23.5392,22.5718,0.0016,0.6154,5.1088,6.0094,1775593034038387843
gestureclass,single_gestureclass,279.1177,27.0002,24.5779,23.6491,0.0017,0.6328,1.4668,2.4223,1775593034091504961
gestureclass,single_gestureclass,279.1559,27.3166,24.8634,23.9365,0.0016,0.6331,1.4713,2.4532,1775593034129727523
gestureclass,single_gestureclass,279.1676,41.5297,25.2392,24.2712,0.0015,0.306,15.2276,16.2904,1775593034155168730
gestureclass,single_gestureclass,279.1676,41.5192,25.2392,24.2712,0.0015,0.306,15.1949,16.28,1775593034155168730
gestureclass,single_gestureclass,279.1831,51.5225,24.8445,23.8693,0.0014,0.2963,25.6381,26.678,1775593034181134552
gestureclass,single_gestureclass,279.1979,36.8078,24.8445,23.8693,0.0014,0.2963,10.9012,11.9633,1775593034181134552
gestureclass,single_gestureclass,279.2133,45.4996,23.5958,22.6048,0.0015,0.6355,21.0018,21.9037,1775593034206690393
gestureclass,single_gestureclass,279.2891,28.1096,25.7737,24.1857,0.0015,0.6498,1.4257,2.3359,1775593034262851323
gestureclass,single_gestureclass,279.2927,49.3085,24.285,23.3071,0.0015,0.6324,24.0951,25.0235,1775593034289181669
gestureclass,single_gestureclass,279.3214,44.6575,23.4404,22.4773,0.0016,0.6258,20.2823,21.2171,1775593034314015020
gestureclass,single_gestureclass,279.4083,27.0925,24.7199,23.809,0.0015,0.6209,1.4296,2.3726,1775593034382029685
gestureclass,single_gestureclass,279.4129,46.6368,23.671,22.7739,0.0014,0.5767,22.0199,22.9659,1775593034407314058
gestureclass,single_gestureclass,279.4678,25.5299,23.2057,22.3043,0.0015,0.613,1.4553,2.3241,1775593034441592907
gestureclass,single_gestureclass,279.4945,24.3058,22.047,21.2407,0.0014,0.5464,1.3912,2.2588,1775593034468261695
gestureclass,single_gestureclass,279.6592,29.938,27.3081,26.3007,0.0018,0.6723,1.5972,2.6299,1775593034633135987
gestureclass,single_gestureclass,279.6974,29.1581,26.737,25.7294,0.0018,0.6709,1.5233,2.4211,1775593034671223733
gestureclass,single_gestureclass,279.7231,29.2673,25.2779,23.9207,0.0016,0.9867,3.1264,3.9894,1775593034698555781
gestureclass,single_gestureclass,279.7497,26.2923,22.9852,21.5314,0.0014,1.1302,2.3513,3.3071,1775593034724410903
gestureclass,single_gestureclass,279.7605,36.6158,20.5522,19.7126,0.0013,0.5367,15.1494,16.0637,1775593034748003965
gestureclass,single_gestureclass,279.8113,22.5477,20.2543,19.4724,0.0013,0.5272,1.4005,2.2934,1775593034785033979
gestureclass,single_gestureclass,279.9561,34.6594,32.1461,31.0041,0.0019,0.7639,1.6391,2.5133,1775593034930125913
gestureclass,single_gestureclass,279.9649,56.0429,29.3145,28.1976,0.0018,0.6885,25.7473,26.7284,1775593034962986960
gestureclass,single_gestureclass,279.9896,56.8898,25.0461,24.1007,0.0016,0.5998,30.8917,31.8437,1775593034992873547
gestureclass,single_gestureclass,280.0697,26.0248,23.6509,22.7378,0.0016,0.6097,1.4751,2.3739,1775593035043560439
gestureclass,single_gestureclass,280.171,30.0035,27.4461,26.4311,0.0017,0.6856,1.5416,2.5575,1775593035144890872
gestureclass,single_gestureclass,280.2612,32.8901,30.2433,29.1313,0.0019,0.7519,1.6489,2.6468,1775593035235215723
gestureclass,single_gestureclass,280.3243,34.374,31.7436,30.6059,0.0019,0.7576,1.6391,2.6304,1775593035298310535
gestureclass,single_gestureclass,280.3521,37.9353,30.2001,28.4459,0.0016,0.6783,6.4185,7.7351,1775593035330852955
gestureclass,single_gestureclass,280.3538,36.2403,30.2001,28.4459,0.0016,0.6783,4.7014,6.0402,1775593035330852955
gestureclass,single_gestureclass,280.3879,28.4009,25.3792,24.3703,0.0017,0.6757,2.1045,3.0217,1775593035362370723
gestureclass,single_gestureclass,280.4906,35.423,32.8527,31.6391,0.0022,0.8291,1.6215,2.5703,1775593035464547792
gestureclass,single_gestureclass,280.5183,36.8061,28.4424,27.3439,0.0018,0.6956,7.4127,8.3637,1775593035498086287
gestureclass,single_gestureclass,280.6504,33.344,30.6371,29.5428,0.0019,0.7408,1.6706,2.707,1775593035624413983
gestureclass,single_gestureclass,280.6702,43.6845,29.5138,28.4538,0.0018,0.6784,13.1867,14.1707,1775593035655690650
gestureclass,single_gestureclass,280.7281,28.9078,26.4615,25.4721,0.0018,0.6781,1.5137,2.4463,1775593035701930845
gestureclass,single_gestureclass,280.7792,29.8917,27.4146,26.4129,0.0016,0.6783,1.5168,2.4771,1775593035753048468
gestureclass,single_gestureclass,280.7849,50.8497,26.0231,25.0511,0.0014,0.308,23.7849,24.8265,1775593035781051250
gestureclass,single_gestureclass,280.8046,31.1513,26.0231,25.0511,0.0014,0.308,4.065,5.1282,1775593035781051250
gestureclass,single_gestureclass,280.86,28.8308,26.2398,25.1349,0.0054,0.7449,1.5109,2.591,1775593035833855727
gestureclass,single_gestureclass,280.9261,28.7123,26.1074,25.1225,0.0017,0.6525,1.6723,2.6048,1775593035900071985
gestureclass,single_gestureclass,281.016,31.4682,28.8751,27.0866,0.0017,0.7122,1.6112,2.593,1775593035989945796
gestureclass,single_gestureclass,281.1858,32.9828,30.3097,29.2077,0.0019,0.7345,1.6794,2.6731,1775593036159790129
gestureclass,single_gestureclass,281.4682,34.0431,31.3245,30.1755,0.002,0.7903,1.7269,2.7186,1775593036442251004
gestureclass,single_gestureclass,281.6385,35.8553,32.6983,31.4932,0.0021,0.8256,1.8334,3.157,1775593036612701683
gestureclass,single_gestureclass,281.6738,33.7965,31.0794,29.9829,0.002,0.7317,1.7965,2.7172,1775593036647984810
gestureclass,single_gestureclass,281.7379,32.2342,29.6979,28.6137,0.0019,0.7411,1.5583,2.5363,1775593036711778532
gestureclass,single_gestureclass,281.7446,55.3291,29.1859,28.1134,0.0017,0.6788,25.2092,26.1432,1775593036742152720
gestureclass,single_gestureclass,281.7783,48.9519,26.5506,25.5393,0.0016,0.2136,21.3118,22.4013,1775593036771966887
gestureclass,single_gestureclass,281.787,40.2427,26.5506,25.5393,0.0016,0.2136,12.5804,13.6921,1775593036771966887
gestureclass,single_gestureclass,281.7908,36.7005,26.5506,25.5393,0.0016,0.2136,8.8506,10.1499,1775593036771966887
gestureclass,single_gestureclass,281.8011,51.3649,24.4226,23.4266,0.0016,0.6175,26.0215,26.9423,1775593036799462962
gestureclass,single_gestureclass,281.8427,33.9425,23.5659,22.5908,0.0016,0.6202,9.4402,10.3765,1775593036824455050
gestureclass,single_gestureclass,281.8908,26.7911,24.3697,22.7991,0.0015,1.2733,1.4787,2.4214,1775593036864644403
gestureclass,single_gestureclass,282.0319,36.0072,33.4888,32.2163,0.002,0.867,1.6041,2.5183,1775593037005857324
gestureclass,single_gestureclass,282.0921,31.6453,29.1168,28.0549,0.0017,0.7148,1.5774,2.5285,1775593037066061252
gestureclass,single_gestureclass,282.2321,32.9685,30.3123,29.2025,0.0019,0.758,1.653,2.6562,1775593037206057409
gestureclass,single_gestureclass,282.3343,33.7679,31.155,30.0336,0.0019,0.7708,1.6141,2.6129,1775593037308223610
gestureclass,single_gestureclass,282.35,48.1467,29.5002,28.436,0.0017,0.6895,17.6599,18.6465,1775593037340010535
gestureclass,single_gestureclass,282.4254,29.7124,27.2365,26.21,0.0018,0.6962,1.5209,2.4759,1775593037399231529
gestureclass,single_gestureclass,282.4713,28.9559,26.4964,25.4537,0.0017,0.6788,1.5528,2.4595,1775593037445184611
gestureclass,single_gestureclass,282.5044,27.7288,25.2607,24.3015,0.0016,0.6574,1.5211,2.4681,1775593037478316216
gestureclass,single_gestureclass,282.5794,29.3157,26.783,25.7586,0.0017,0.6736,1.5848,2.5327,1775593037553321043
gestureclass,single_gestureclass,282.6479,31.373,28.8427,27.1274,0.0018,1.3815,1.5576,2.5303,1775593037621838092
gestureclass,single_gestureclass,282.6527,55.033,27.6459,26.6371,0.0015,0.3108,26.2799,27.387,1775593037651290100
gestureclass,single_gestureclass,282.6744,33.3152,27.6459,26.6371,0.0015,0.3108,4.5397,5.6693,1775593037651290100
gestureclass,single_gestureclass,282.7089,27.0312,24.6468,23.669,0.0016,0.655,1.4777,2.3843,1775593037682756028
gestureclass,single_gestureclass,282.7126,47.5454,23.6273,22.6553,0.0016,0.6332,23.0036,23.9182,1775593037707964044
gestureclass,single_gestureclass,282.7714,26.5565,24.1531,23.1763,0.0016,0.6294,1.4615,2.4034,1775593037745174801
gestureclass,single_gestureclass,282.7781,44.0869,23.6414,22.673,0.0016,0.6323,19.4991,20.4455,1775593037769907902
gestureclass,single_gestureclass,282.8904,30.4525,27.8931,26.8845,0.0018,0.6923,1.5926,2.5594,1775593037864319357
gestureclass,single_gestureclass,282.8961,54.1024,28.5049,27.4837,0.0015,0.3215,24.5006,25.5975,1775593037892953442
gestureclass,single_gestureclass,282.8967,53.5321,28.5049,27.4837,0.0015,0.3215,23.9079,25.0272,1775593037892953442
gestureclass,single_gestureclass,283.0235,33.8757,31.2836,30.1387,0.0018,0.787,1.6053,2.5921,1775593037997419062
gestureclass,single_gestureclass,283.0946,35.9018,33.1719,32.0154,0.0019,0.7962,1.6577,2.7299,1775593038068575432
gestureclass,single_gestureclass,283.1103,50.7236,29.795,28.0567,0.0017,0.6744,19.7921,20.9285,1775593038102470611
gestureclass,single_gestureclass,283.1211,39.9966,29.795,28.0567,0.0017,0.6744,9.043,10.2016,1775593038102470611
gestureclass,single_gestureclass,283.1913,30.1979,27.7224,26.6885,0.0017,0.695,1.5137,2.4755,1775593038165148632
gestureclass,single_gestureclass,283.197,51.2536,26.0871,25.0562,0.0016,0.6682,24.2031,25.1664,1775593038193552049
gestureclass,single_gestureclass,283.2585,27.5764,25.1498,24.1906,0.0016,0.6529,1.5168,2.4266,1775593038232327163
gestureclass,single_gestureclass,283.2882,26.4983,24.127,23.1883,0.0017,0.6401,1.4634,2.3713,1775593038262050869
gestureclass,single_gestureclass,283.3309,26.1326,23.7543,22.8293,0.0016,0.6304,1.4296,2.3783,1775593038304720585
gestureclass,single_gestureclass,283.3722,26.5183,24.174,23.2619,0.0015,0.6169,1.4186,2.3444,1775593038346004808
gestureclass,single_gestureclass,283.3749,48.0618,23.5749,22.5782,0.0016,0.6456,23.536,24.487,1775593038370810755
gestureclass,single_gestureclass,283.4332,26.2225,23.8039,22.8716,0.0015,0.6322,1.4639,2.4186,1775593038407007409
gestureclass,single_gestureclass,283.5086,28.8503,26.3117,25.3018,0.0017,0.6916,1.5597,2.5386,1775593038482532745
gestureclass,single_gestureclass,283.5827,29.8746,27.35,26.3202,0.0018,0.6913,1.5693,2.5246,1775593038556610118
gestureclass,single_gestureclass,283.6778,33.7136,31.0369,29.1371,0.0021,0.7554,1.6613,2.6767,1775593038651809585
gestureclass,single_gestureclass,283.8048,33.3984,30.7157,29.6033,0.0019,0.7626,1.6685,2.6827,1775593038778787536
gestureclass,single_gestureclass,283.8764,34.6787,31.9844,30.8108,0.002,0.8061,1.6465,2.6943,1775593038850380864
gestureclass,single_gestureclass,284.0213,48.4419,45.6154,43.818,0.0032,1.2252,1.7455,2.8265,1775593038995435225
gestureclass,single_gestureclass,284.082,36.0725,33.4957,32.1966,0.0021,0.8702,1.6603,2.5767,1775593039056008977
gestureclass,single_gestureclass,284.1323,34.5192,31.9702,30.7383,0.0022,0.7977,1.5988,2.549,1775593039106233719
gestureclass,single_gestureclass,284.153,42.352,27.9103,26.8739,0.0016,0.6695,13.5148,14.4417,1775593039138878786
gestureclass,single_gestureclass,284.2256,29.3937,26.8978,25.8541,0.0017,0.6816,1.5638,2.4958,1775593039199510740
gestureclass,single_gestureclass,284.2513,29.8882,25.646,24.6379,0.0018,0.6597,3.3245,4.2421,1775593039226988350
gestureclass,single_gestureclass,284.3044,28.132,25.6501,24.6781,0.0016,0.6516,1.5328,2.4819,1775593039278298007
gestureclass,single_gestureclass,284.3191,38.9743,24.9702,23.3419,0.0017,1.2554,13.0682,14.0041,1775593039304547979
gestureclass,single_gestureclass,284.4804,39.6862,36.9924,35.605,0.0023,0.9164,1.6737,2.6938,1775593039454419417
gestureclass,single_gestureclass,284.5032,48.579,31.018,29.8513,0.0021,0.732,16.6032,17.561,1775593039492111836
gestureclass,single_gestureclass,284.56,29.4538,26.9769,25.9683,0.0017,0.6887,1.5018,2.4769,1775593039533803296
gestureclass,single_gestureclass,284.7657,33.9928,31.2594,30.1396,0.002,0.7515,1.688,2.7333,1775593039739785092
gestureclass,single_gestureclass,284.7875,43.6778,30.8489,29.7477,0.0017,0.7142,11.8566,12.8289,1775593039771736146
gestureclass,single_gestureclass,284.8964,33.9301,31.2806,30.1233,0.0019,0.7723,1.6367,2.6494,1775593039870420655
gestureclass,single_gestureclass,284.9072,51.6307,27.8175,26.7514,0.0018,0.688,22.8479,23.8132,1775593039902391880
gestureclass,single_gestureclass,284.965,37.4706,34.9162,33.8044,0.002,0.7574,1.5616,2.5544,1775593039938956090
gestureclass,single_gestureclass,285.0307,32.7959,30.247,29.1377,0.002,0.7622,1.6105,2.5489,1775593040004692936
gestureclass,single_gestureclass,285.2389,34.2329,31.5167,29.6205,0.0017,1.5264,1.6875,2.7162,1775593040212944169
gestureclass,single_gestureclass,285.2427,62.418,31.3695,30.1319,0.0019,0.7514,30.0713,31.0485,1775593040245071019
gestureclass,single_gestureclass,285.2923,39.5212,26.1668,25.1178,0.0016,0.6566,12.394,13.3544,1775593040277087471
gestureclass,single_gestureclass,285.4632,42.5625,39.8183,38.4064,0.0023,0.9366,1.7381,2.7442,1775593040437257539
gestureclass,single_gestureclass,285.4709,69.6654,34.0678,32.9096,0.0018,0.3653,34.5237,35.5976,1775593040477806415
gestureclass,single_gestureclass,285.4917,48.9421,34.0678,32.9096,0.0018,0.3653,13.7787,14.8743,1775593040477806415
gestureclass,single_gestureclass,285.5548,31.5456,29.0047,27.8576,0.0018,0.7501,1.61,2.541,1775593040528791733
gestureclass,single_gestureclass,285.5606,52.8333,26.4072,25.3762,0.0016,0.6759,25.517,26.4261,1775593040558434262
gestureclass,single_gestureclass,285.6756,30.6845,28.0446,26.9686,0.0018,0.7112,1.6735,2.6398,1775593040649639523
gestureclass,single_gestureclass,285.7455,31.8575,29.2124,28.1273,0.0017,0.7345,1.6613,2.6451,1775593040719528017
gestureclass,single_gestureclass,285.8066,31.692,29.1008,28.0276,0.0019,0.7388,1.6503,2.5912,1775593040780579674
gestureclass,single_gestureclass,285.8635,32.3298,29.7212,28.5968,0.0019,0.7703,1.6735,2.6086,1775593040837507128
gestureclass,single_gestureclass,286.0011,39.3271,36.4367,33.9342,0.0025,0.89,1.8814,2.8904,1775593040975314995
gestureclass,single_gestureclass,286.0017,71.305,31.7953,30.6184,0.0019,0.7489,38.5139,39.5097,1775593041012516122
gestureclass,single_gestureclass,286.1732,35.5592,32.917,31.7219,0.0022,0.7899,1.5898,2.6421,1775593041147165694
gestureclass,single_gestureclass,286.18,62.0012,32.3643,31.2782,0.0016,0.34,28.5728,29.6369,1775593041180897458
gestureclass,single_gestureclass,286.1967,45.2795,32.3643,31.2782,0.0016,0.34,11.8282,12.9152,1775593041180897458
gestureclass,single_gestureclass,286.211,57.4064,25.8179,24.8051,0.0016,0.6502,30.654,31.5885,1775593041213998899
gestureclass,single_gestureclass,286.4548,50.5421,47.832,45.968,0.0032,1.2938,1.6704,2.7101,1775593041428792755
gestureclass,single_gestureclass,286.4795,62.3722,35.9497,34.6486,0.0021,0.8226,25.4581,26.4225,1775593041477353427
gestureclass,single_gestureclass,286.6021,35.4548,32.8099,31.5599,0.0021,0.8295,1.6522,2.6448,1775593041576149272
gestureclass,single_gestureclass,286.6388,33.4485,30.9048,29.7662,0.0018,0.7807,1.5903,2.5436,1775593041612755907
gestureclass,single_gestureclass,286.6545,44.935,26.5785,25.5508,0.0105,0.657,17.3891,18.3564,1775593041644284907
gestureclass,single_gestureclass,286.7607,31.4028,28.8593,27.0821,0.0018,1.4507,1.6196,2.5435,1775593041734677386
gestureclass,single_gestureclass,286.7921,28.9936,26.5173,25.471,0.0017,0.6759,1.514,2.4763,1775593041765996535
gestureclass,single_gestureclass,286.8068,39.7315,24.8606,23.8584,0.0016,0.6296,13.9201,14.8709,1775593041793097602
gestureclass,single_gestureclass,287.081,32.9492,30.2949,29.1859,0.002,0.7461,1.6785,2.6543,1775593042054990992
gestureclass,single_gestureclass,287.1531,33.5832,30.9557,29.7644,0.002,0.7813,1.6227,2.6275,1775593042127102134
gestureclass,single_gestureclass,287.1789,37.0898,28.6591,27.5957,0.0017,0.693,7.4778,8.4307,1775593042158712045
gestureclass,single_gestureclass,287.2942,33.1788,30.6071,29.5023,0.0019,0.7486,1.6034,2.5717,1775593042268173934
gestureclass,single_gestureclass,287.314,43.5312,29.43,28.3598,0.0017,0.6807,13.1521,14.1012,1775593042299458085
gestureclass,single_gestureclass,287.4387,38.9194,36.322,34.6471,0.0028,1.1566,1.6975,2.5975,1775593042412786450
gestureclass,single_gestureclass,287.5029,32.8948,30.2243,29.134,0.0019,0.7364,1.6854,2.6706,1775593042476917995
gestureclass,single_gestureclass,287.581,34.2817,31.6162,29.6793,0.0018,0.7709,1.6484,2.6655,1775593042554994909
gestureclass,single_gestureclass,287.8557,34.0841,31.3806,30.2327,0.002,0.7759,1.6789,2.7035,1775593042829719229
gestureclass,single_gestureclass,287.898,33.2832,30.6975,29.581,0.0018,0.7653,1.605,2.5857,1775593042871936687
gestureclass,single_gestureclass,287.9995,50.925,48.1,46.1648,0.0031,1.3002,1.7397,2.825,1775593042973587921
gestureclass,single_gestureclass,288.1517,35.9538,33.1941,31.9398,0.0022,0.8255,1.7419,2.7596,1775593043125786540
gestureclass,single_gestureclass,288.1695,51.7359,32.9424,31.8017,0.0019,0.7484,17.8304,18.7935,1775593043159647439
gestureclass,single_gestureclass,288.3315,33.9665,31.2368,30.0959,0.0018,0.7672,1.7128,2.7297,1775593043305545555
gestureclass,single_gestureclass,288.3422,56.8261,32.942,31.7314,0.0019,0.748,22.9073,23.8842,1775593043337502297
gestureclass,single_gestureclass,288.3757,51.3833,27.2235,26.2131,0.0016,0.3184,23.0496,24.1598,1775593043371054279
gestureclass,single_gestureclass,288.3824,44.677,27.2235,26.2131,0.0016,0.3184,16.3207,17.4536,1775593043371054279
gestureclass,single_gestureclass,288.4683,45.207,42.5303,40.8217,0.003,1.1679,1.6322,2.6767,1775593043442255481
gestureclass,single_gestureclass,288.501,46.267,32.9986,31.8045,0.002,0.7802,12.2414,13.2684,1775593043485580640
gestureclass,single_gestureclass,288.5815,34.3087,31.6156,29.6913,0.002,0.7632,1.6694,2.693,1775593043555492553
gestureclass,single_gestureclass,288.622,31.1031,28.5144,27.4783,0.0018,0.7109,1.6043,2.5887,1775593043595949749
gestureclass,single_gestureclass,288.6833,31.5952,28.9552,27.8545,0.0018,0.7315,1.6294,2.6401,1775593043657279328
gestureclass,single_gestureclass,288.9173,32.9387,30.2765,29.1491,0.002,0.7533,1.663,2.6622,1775593043891274678
gestureclass,single_gestureclass,288.9894,34.1127,31.4053,30.2275,0.002,0.7867,1.7052,2.7074,1775593043963472533
gestureclass,single_gestureclass,289.1689,34.6341,31.9719,30.7949,0.002,0.8078,1.6687,2.6622,1775593044142876518
gestureclass,single_gestureclass,289.2917,36.2775,33.6167,32.4129,0.002,0.829,1.6704,2.6608,1775593044265766523
gestureclass,single_gestureclass,289.2965,62.7923,30.5276,29.4537,0.0018,0.3414,31.1639,32.2647,1775593044300024441
gestureclass,single_gestureclass,289.2972,62.15,30.5276,29.4537,0.0018,0.3414,30.4987,31.6224,1775593044300024441
gestureclass,single_gestureclass,289.3945,31.5897,28.9106,27.7951,0.0018,0.7257,1.7169,2.6792,1775593044368608625
gestureclass,single_gestureclass,289.3951,59.701,28.0581,27.0054,0.0016,0.6699,30.6938,31.6429,1775593044398175760
gestureclass,single_gestureclass,289.4383,45.316,28.1757,26.5486,0.0016,1.2786,16.1729,17.1402,1775593044426856672
gestureclass,single_gestureclass,289.662,33.4108,30.7827,29.6917,0.0019,0.75,1.6506,2.6281,1775593044635997400
gestureclass,single_gestureclass,289.6827,43.4299,30.1446,29.0563,0.0017,0.7164,12.326,13.2853,1775593044667412124
gestureclass,single_gestureclass,289.7904,32.8743,30.2192,29.0897,0.0019,0.7493,1.6725,2.6551,1775593044764422203
gestureclass,single_gestureclass,289.8405,32.3093,29.6567,28.5395,0.002,0.73,1.668,2.6526,1775593044814506675
gestureclass,single_gestureclass,289.89,31.136,28.6112,27.4992,0.0017,0.7325,1.5755,2.5249,1775593044863936881
gestureclass,single_gestureclass,289.9764,46.2871,43.5079,41.8077,0.0031,1.1626,1.7045,2.7792,1775593044950411415
gestureclass,single_gestureclass,290.0649,34.0919,31.3666,30.2216,0.0019,0.7851,1.6844,2.7253,1775593045038916409
gestureclass,single_gestureclass,290.1332,35.2442,32.525,31.3087,0.0021,0.8086,1.6968,2.7192,1775593045107243409
gestureclass,single_gestureclass,290.1609,38.2299,30.0711,28.9787,0.0018,0.7112,7.1833,8.1588,1775593045140471683
gestureclass,single_gestureclass,290.1886,37.0965,25.8077,24.7982,0.0017,0.6565,10.3323,11.2888,1775593045171327345
gestureclass,single_gestureclass,290.348,34.1613,31.5319,30.3976,0.002,0.7526,1.636,2.6294,1775593045322020261
gestureclass,single_gestureclass,290.3538,58.6374,29.5662,28.4736,0.0018,0.693,28.1222,29.0712,1775593045354248102
gestureclass,single_gestureclass,290.6138,33.0434,30.449,29.329,0.002,0.7511,1.636,2.5944,1775593045587772188
gestureclass,single_gestureclass,290.6821,34.0765,31.4131,30.2629,0.0019,0.7947,1.6613,2.6634,1775593045656080039
gestureclass,single_gestureclass,290.7444,34.9295,32.282,31.1368,0.0018,0.7873,1.6429,2.6475,1775593045718346143
gestureclass,single_gestureclass,290.7521,57.2243,29.2346,28.1687,0.0017,0.3345,26.9053,27.9897,1775593045751374728
gestureclass,single_gestureclass,290.7569,52.464,29.2346,28.1687,0.0017,0.3345,22.1219,23.2294,1775593045751374728
gestureclass,single_gestureclass,290.8436,31.1027,28.5579,27.5254,0.0018,0.6937,1.575,2.5447,1775593045817503067
gestureclass,single_gestureclass,290.8633,38.6899,26.7238,25.6764,0.0016,0.6923,10.9882,11.966,1775593045846657834
gestureclass,single_gestureclass,290.9322,30.0133,27.4852,25.4252,0.0017,1.7309,1.5554,2.5281,1775593045906125270
gestureclass,single_gestureclass,290.9685,27.6585,25.1583,24.1974,0.0016,0.6578,1.5485,2.5001,1775593045942355453
gestureclass,single_gestureclass,291.0453,30.7019,28.2528,26.5049,0.0017,0.6951,1.5602,2.4491,1775593046019236171
gestureclass,single_gestureclass,291.0611,42.5246,26.8096,25.759,0.0017,0.6539,14.7595,15.7149,1775593046048168485
gestureclass,single_gestureclass,291.1468,28.9695,26.4592,25.4837,0.0016,0.6622,1.5419,2.5103,1775593046120688280
gestureclass,single_gestureclass,291.242,33.1507,30.4589,29.3339,0.0019,0.7583,1.6601,2.6917,1775593046216010097
gestureclass,single_gestureclass,291.2804,31.1,28.5779,27.545,0.0018,0.7054,1.5922,2.5221,1775593046254303295
gestureclass,single_gestureclass,291.3857,32.9044,30.264,29.1713,0.0019,0.7512,1.6036,2.6404,1775593046359655851
gestureclass,single_gestureclass,291.4408,36.7315,34.0669,32.735,0.0023,0.9163,1.6756,2.6646,1775593046414836738
gestureclass,single_gestureclass,291.5188,34.0676,31.3926,30.25,0.0021,0.7663,1.6751,2.6751,1775593046492780286
gestureclass,single_gestureclass,291.5631,32.6226,30.0575,28.967,0.0019,0.7345,1.5626,2.565,1775593046536992097
gestureclass,single_gestureclass,292.0583,33.6177,30.9357,29.7281,0.0019,0.7991,1.735,2.682,1775593047032413382
gestureclass,single_gestureclass,292.2002,36.3808,33.7164,31.7274,0.002,0.79,1.6553,2.6643,1775593047174225933
gestureclass,single_gestureclass,292.206,64.095,32.6445,31.5383,0.0016,0.3387,30.3247,31.4505,1775593047208635255
gestureclass,single_gestureclass,292.2227,47.3597,32.6445,31.5383,0.0016,0.3387,13.5541,14.7152,1775593047208635255
gestureclass,single_gestureclass,292.2903,29.9704,27.4927,26.4541,0.0017,0.6917,1.533,2.4777,1775593047264182827
gestureclass,single_gestureclass,292.315,31.9998,26.0504,25.0282,0.0016,0.6641,4.9772,5.9494,1775593047292333270
gestureclass,single_gestureclass,292.3572,27.1165,24.6709,23.7276,0.0015,0.6453,1.4951,2.4457,1775593047331061861
gestureclass,single_gestureclass,292.5156,46.3829,43.6202,41.8699,0.0032,1.2105,1.7056,2.7627,1775593047489684030
gestureclass,single_gestureclass,292.6002,33.7145,31.0603,29.9652,0.0019,0.7531,1.6763,2.6543,1775593047574254546
gestureclass,single_gestureclass,292.612,53.7775,30.9642,29.877,0.0016,0.3286,21.7044,22.8133,1775593047606022972
gestureclass,single_gestureclass,292.6267,39.0592,30.9642,29.877,0.0016,0.3286,6.964,8.095,1775593047606022972
gestureclass,single_gestureclass,292.6581,34.0173,25.7906,24.7348,0.0017,0.6884,7.2751,8.2267,1775593047637772217
gestureclass,single_gestureclass,292.7804,32.8693,30.2505,29.1476,0.0019,0.7569,1.6146,2.6189,1775593047754389532
gestureclass,single_gestureclass,292.9046,33.6702,31.0237,29.1632,0.0018,1.5163,1.6468,2.6465,1775593047878549432
gestureclass,single_gestureclass,292.9754,33.0718,30.3874,29.2515,0.0018,0.7573,1.6942,2.6843,1775593047949487206
gestureclass,single_gestureclass,293.0207,32.0935,29.46,28.3674,0.0019,0.7361,1.6475,2.6335,1775593047994724327
gestureclass,single_gestureclass,293.0641,30.9036,28.3644,27.3265,0.0017,0.7132,1.5674,2.5392,1775593048037966984
gestureclass,single_gestureclass,293.0868,35.3653,26.5898,25.5377,0.0017,0.6822,7.8685,8.7755,1775593048066986158
gestureclass,single_gestureclass,293.1172,30.8344,25.2285,24.2175,0.0018,0.651,4.6499,5.606,1775593048094166294
gestureclass,single_gestureclass,293.1522,27.1771,24.8328,23.9003,0.0107,0.63,1.4524,2.3443,1775593048126002903
gestureclass,single_gestureclass,293.1539,50.6949,24.4622,23.501,0.0015,0.3015,25.1741,26.2328,1775593048151418588
gestureclass,single_gestureclass,293.1596,45.0215,24.4622,23.501,0.0015,0.3015,19.4776,20.5593,1775593048151418588
gestureclass,single_gestureclass,293.3189,33.4527,30.7839,29.6894,0.0019,0.7496,1.6429,2.6688,1775593048292920879
gestureclass,single_gestureclass,293.3337,49.1135,29.8417,28.7793,0.0017,0.6861,18.3184,19.2718,1775593048324343067
gestureclass,single_gestureclass,293.3776,32.7454,26.7094,25.6825,0.0016,0.3264,4.9553,6.0359,1775593048354886823
gestureclass,single_gestureclass,293.3782,32.1805,26.7094,25.6825,0.0016,0.3264,4.3688,5.4711,1775593048354886823
gestureclass,single_gestureclass,293.4876,33.7739,31.1526,30.0337,0.0019,0.7672,1.6227,2.6213,1775593048461564681
gestureclass,single_gestureclass,293.5706,33.0477,30.3585,29.2589,0.0127,0.7413,1.6587,2.6892,1775593048544590773
gestureclass,single_gestureclass,293.6389,32.8248,30.2362,29.1405,0.0019,0.7364,1.6475,2.5885,1775593048612856945
gestureclass,single_gestureclass,293.7199,33.4289,30.8106,29.6843,0.002,0.7672,1.6167,2.6183,1775593048693883587
gestureclass,single_gestureclass,293.7706,33.0336,30.3589,29.2324,0.002,0.7791,1.6875,2.6747,1775593048744598390
gestureclass,single_gestureclass,293.9409,41.7531,38.6767,36.9116,0.0034,1.2154,1.6611,3.0764,1775593048914932945
gestureclass,single_gestureclass,293.9822,35.6531,32.8083,31.5749,0.0022,0.7942,1.8532,2.8448,1775593048956353742
gestureclass,single_gestureclass,293.9991,48.2271,28.8254,27.7453,0.0017,0.6955,18.4283,19.4017,1775593048989865314
gestureclass,single_gestureclass,294.024,49.5038,25.6338,24.6089,0.0017,0.6531,22.9468,23.87,1775593049019276085
gestureclass,single_gestureclass,294.1247,29.9404,27.295,26.2312,0.0017,0.6878,1.6394,2.6454,1775593049098686168
gestureclass,single_gestureclass,294.2429,42.3839,39.6467,38.208,0.0025,0.9994,1.6932,2.7372,1775593049216956254
gestureclass,single_gestureclass,294.2537,68.2788,35.7925,34.6187,0.0021,0.3707,31.3716,32.4863,1775593049257375973
gestureclass,single_gestureclass,294.2537,68.2666,35.7925,34.6187,0.0021,0.3707,31.3361,32.4742,1775593049257375973
gestureclass,single_gestureclass,294.3155,34.7497,27.6211,26.5466,0.0017,0.6767,6.18,7.1286,1775593049294034155
gestureclass,single_gestureclass,294.4165,33.6769,30.8257,29.5612,0.0018,0.753,1.8444,2.8511,1775593049390699002
gestureclass,single_gestureclass,294.4171,64.6694,30.7458,29.6881,0.0018,0.3229,32.7895,33.9235,1775593049422259293
gestureclass,single_gestureclass,294.4198,62.0055,30.7458,29.6881,0.0018,0.3229,30.103,31.2597,1775593049422259293
gestureclass,single_gestureclass,294.524,31.7261,29.14,28.0761,0.002,0.7175,1.6155,2.5862,1775593049497994647
gestureclass,single_gestureclass,294.564,29.7861,27.2458,26.2448,0.0018,0.6805,1.5786,2.5403,1775593049537894442
gestureclass,single_gestureclass,294.625,30.9677,28.4162,27.3647,0.0018,0.7077,1.5516,2.5515,1775593049598854526
gestureclass,single_gestureclass,294.6307,52.8593,26.7609,25.5205,0.0017,0.8712,24.9712,26.0984,1775593049627987844
gestureclass,single_gestureclass,294.6811,27.5576,24.5879,23.6169,0.0016,0.6284,2.0227,2.9697,1775593049655494236
gestureclass,single_gestureclass,294.7239,27.2174,24.8078,23.2177,0.0016,0.6362,1.4725,2.4096,1775593049697721631
gestureclass,single_gestureclass,294.8444,31.5945,29.0529,27.9966,0.0018,0.7262,1.5295,2.5416,1775593049818251075
gestureclass,single_gestureclass,294.9322,34.344,31.6855,30.4366,0.0021,0.849,1.6282,2.6585,1775593049906155875
gestureclass,single_gestureclass,294.9787,31.4577,28.9514,27.8695,0.0018,0.7279,1.5857,2.5063,1775593049952668364
gestureclass,single_gestureclass,295.1555,34.5776,31.9212,30.4257,0.002,1.1373,1.6489,2.6564,1775593050129499900
gestureclass,single_gestureclass,295.1603,62.2406,31.2668,30.2288,0.0016,0.1682,29.6316,30.9738,1775593050162249247
gestureclass,single_gestureclass,295.175,47.5252,31.2668,30.2288,0.0016,0.1682,14.8935,16.2584,1775593050162249247
gestureclass,single_gestureclass,295.175,47.6274,31.2668,30.2288,0.0016,0.1682,14.8582,16.3607,1775593050162249247
gestureclass,single_gestureclass,295.1872,35.5432,31.2668,30.2288,0.0016,0.1682,2.7208,4.2764,1775593050162249247
gestureclass,single_gestureclass,295.2227,28.3332,25.8902,24.9156,0.0016,0.6658,1.5213,2.4429,1775593050196606750
gestureclass,single_gestureclass,295.3263,32.8331,30.1768,29.0761,0.0018,0.7562,1.6201,2.6563,1775593050300271974
gestureclass,single_gestureclass,295.3624,30.7035,28.1155,27.0763,0.0018,0.7147,1.6158,2.588,1775593050336316163
gestureclass,single_gestureclass,295.6024,33.0689,30.4085,29.2719,0.002,0.7563,1.6778,2.6604,1775593050576457609
gestureclass,single_gestureclass,295.6437,32.1293,29.5918,27.6899,0.0018,1.5654,1.5895,2.5375,1775593050617669768
gestureclass,single_gestureclass,295.7051,31.1902,28.592,27.5261,0.0019,0.7316,1.6248,2.5981,1775593050679047533
gestureclass,single_gestureclass,295.8576,34.2052,31.5074,30.3281,0.002,0.772,1.7028,2.6978,1775593050831604023
gestureclass,single_gestureclass,295.94,44.3859,41.6724,39.7894,0.0033,1.2945,1.6439,2.7135,1775593050913968360
gestureclass,single_gestureclass,295.9517,71.5024,37.9121,36.6011,0.002,0.4163,32.418,33.5904,1775593050956477846
gestureclass,single_gestureclass,295.9695,53.7646,37.9121,36.6011,0.002,0.4163,14.6577,15.8525,1775593050956477846
gestureclass,single_gestureclass,295.9986,55.1729,29.809,28.7511,0.0017,0.3236,24.2896,25.364,1775593050995209267
gestureclass,single_gestureclass,296.0133,40.446,29.809,28.7511,0.0017,0.3236,9.5401,10.6371,1775593050995209267
gestureclass,single_gestureclass,296.2201,32.9514,30.3162,29.2172,0.0018,0.7561,1.6384,2.6351,1775593051194077281
gestureclass,single_gestureclass,296.2652,31.5173,28.9092,27.849,0.0018,0.7146,1.6425,2.6081,1775593051239240246
gestureclass,single_gestureclass,296.321,32.1803,29.6017,28.5147,0.0021,0.7459,1.6007,2.5786,1775593051294930252
gestureclass,single_gestureclass,296.3584,30.1292,27.6151,26.5935,0.0018,0.6973,1.5526,2.514,1775593051332271850
gestureclass,single_gestureclass,296.4777,43.3011,40.5521,37.999,0.0025,2.0434,1.7111,2.749,1775593051451806185
gestureclass,single_gestureclass,296.4835,72.0627,33.8766,32.6195,0.0019,0.7865,37.2195,38.1861,1775593051493087635
gestureclass,single_gestureclass,296.6258,35.1474,32.5303,31.3264,0.0019,0.8104,1.6718,2.6172,1775593051599841878
gestureclass,single_gestureclass,296.6486,41.9183,28.8365,27.7379,0.0016,0.7067,12.1169,13.0818,1775593051633049712
gestureclass,single_gestureclass,296.7107,28.9545,26.4678,25.4767,0.0018,0.6661,1.5213,2.4867,1775593051684585345
gestureclass,single_gestureclass,296.7629,28.98,26.4586,25.4681,0.0017,0.6778,1.5621,2.5215,1775593051736809035
gestureclass,single_gestureclass,296.8251,30.2594,27.7538,26.7085,0.0018,0.7073,1.5335,2.5055,1775593051798970623
gestureclass,single_gestureclass,296.9216,33.499,30.8034,29.6788,0.002,0.7735,1.6515,2.6956,1775593051895575500
gestureclass,single_gestureclass,296.9632,31.9316,29.3665,28.2591,0.0019,0.7345,1.5872,2.5651,1775593051937178580
gestureclass,single_gestureclass,297.1205,33.5016,30.8016,29.6766,0.0019,0.7734,1.6708,2.7,1775593052094482877
gestureclass,single_gestureclass,297.1732,34.3385,31.7415,30.5708,0.002,0.7895,1.6265,2.597,1775593052147153417
gestureclass,single_gestureclass,297.1839,54.1055,29.7419,28.0284,0.0015,0.329,23.2637,24.3636,1775593052179532969
gestureclass,single_gestureclass,297.1997,38.3825,29.7419,28.0284,0.0015,0.329,7.5188,8.6406,1775593052179532969
gestureclass,single_gestureclass,297.2453,27.6699,25.2314,24.2556,0.0016,0.655,1.5206,2.4385,1775593052219127934
gestureclass,single_gestureclass,297.3001,27.5438,25.182,24.2328,0.0016,0.6421,1.4784,2.3618,1775593052273952075
gestureclass,single_gestureclass,297.52,33.1068,30.4035,29.2528,0.0018,0.7524,1.6801,2.7033,1775593052494053371
gestureclass,single_gestureclass,297.6234,33.2961,30.6858,29.5651,0.002,0.7542,1.6377,2.6103,1775593052597342023
gestureclass,single_gestureclass,297.7619,34.0664,31.3881,30.2416,0.0022,0.7862,1.6582,2.6784,1775593052735945655
gestureclass,single_gestureclass,298.1135,35.9821,33.2888,32.08,0.0021,0.8289,1.7035,2.6934,1775593053087542039
gestureclass,single_gestureclass,298.1353,48.5806,33.6601,32.4904,0.0019,0.7496,13.9751,14.9206,1775593053121575247
gestureclass,single_gestureclass,298.2031,31.0214,28.453,27.3632,0.0019,0.7379,1.5922,2.5683,1775593053177011115
gestureclass,single_gestureclass,298.3184,34.5359,31.8654,30.6962,0.002,0.7875,1.6556,2.6705,1775593053292355194
gestureclass,single_gestureclass,298.3491,35.6817,31.2854,29.4821,0.0018,1.4054,3.4475,4.3963,1775593053324902342
gestureclass,single_gestureclass,298.402,29.0513,26.4749,25.4862,0.0017,0.6757,1.6098,2.5764,1775593053375972835
gestureclass,single_gestureclass,298.4523,39.2766,36.7462,35.218,0.0026,1.0596,1.5147,2.5304,1775593053426137325
gestureclass,single_gestureclass,298.5058,33.4375,30.8036,29.6685,0.0019,0.7701,1.6446,2.6338,1775593053479757494
gestureclass,single_gestureclass,298.6184,33.8092,31.1699,30.0538,0.0018,0.7669,1.6704,2.6393,1775593053592464940
gestureclass,single_gestureclass,298.6422,40.5257,29.7876,28.7264,0.0019,0.681,9.779,10.7381,1775593053624337917
gestureclass,single_gestureclass,298.8371,34.2274,31.5855,30.3445,0.0021,0.8569,1.6313,2.6418,1775593053811054504
gestureclass,single_gestureclass,298.8588,43.9785,30.8382,29.7265,0.0017,0.7159,12.1717,13.1403,1775593053843339384
gestureclass,single_gestureclass,298.8965,33.4518,26.5687,25.5394,0.0016,0.6757,5.9333,6.8831,1775593053874786043
gestureclass,single_gestureclass,298.915,40.1652,24.6454,23.6681,0.0015,0.6397,14.5969,15.5198,1775593053901943142
gestureclass,single_gestureclass,298.9362,46.459,26.8904,25.3085,0.0016,1.2316,18.6343,19.5685,1775593053927136625
gestureclass,single_gestureclass,298.9664,40.2098,23.4468,22.4932,0.0015,0.6167,15.8875,16.763,1775593053954594597
gestureclass,single_gestureclass,299.0208,26.5574,24.1621,23.235,0.0015,0.634,1.4732,2.3954,1775593053994598836
gestureclass,single_gestureclass,299.0255,46.3872,23.952,22.9865,0.0015,0.6291,21.5011,22.4352,1775593054019322127
gestureclass,single_gestureclass,299.0635,32.4662,23.5145,22.5401,0.0016,0.6379,7.9932,8.9517,1775593054043872043
gestureclass,single_gestureclass,299.1162,26.6104,24.1943,23.2564,0.0017,0.639,1.5049,2.4161,1775593054090076382
gestureclass,single_gestureclass,299.1701,26.5946,24.1591,23.2246,0.0017,0.6218,1.509,2.4356,1775593054143919762
gestureclass,single_gestureclass,299.415,32.8751,30.2353,29.1389,0.0017,0.7523,1.6313,2.6398,1775593054389021195
gestureclass,single_gestureclass,299.4651,31.6796,29.0625,27.9963,0.0017,0.717,1.6367,2.6171,1775593054439115012
gestureclass,single_gestureclass,299.552,33.7358,31.0762,29.9697,0.0019,0.7427,1.6818,2.6596,1775593054526061014
gestureclass,single_gestureclass,299.5588,57.7114,29.9288,28.8462,0.0016,0.3355,26.7236,27.7826,1775593054557866547
gestureclass,single_gestureclass,299.5766,39.942,29.9288,28.8462,0.0016,0.3355,8.9326,10.0132,1775593054557866547
gestureclass,single_gestureclass,299.7659,39.9458,37.2673,35.8599,0.0025,0.972,1.6792,2.6785,1775593054739888820
gestureclass,single_gestureclass,299.7766,66.5736,36.4731,35.2694,0.0018,0.3786,28.9669,30.1005,1775593054777927361
gestureclass,single_gestureclass,299.7766,66.5607,36.4731,35.2694,0.0018,0.3786,28.9314,30.0877,1775593054777927361
gestureclass,single_gestureclass,299.9485,85.4623,45.7342,43.9272,0.0031,1.2313,38.6307,39.7281,1775593054959448580
