task,condition,elapsed_sec,latency_ms,server_exec_ms,server_proc_ms,server_swap_ms,server_decoder_ms,queue_wait_plus_rpc_ms,client_pre_rpc_ms,non_server_exec_overhead_ms,server_start_ns
ecgclass,fifo,0.0001,379.0345,377.3723,361.8755,0.0024,14.648,0.9961,0.0,1.6622,1778007842955142879
ecgclass,fifo,0.0488,425.9794,94.8112,80.5247,0.003,4.5373,330.2906,0.0,331.1682,1778007843333084414
ecgclass,fifo,0.0955,379.3778,94.8112,80.5247,0.003,4.5373,283.6037,0.0,284.5666,1778007843333084414
ecgclass,fifo,0.1433,331.568,94.8112,80.5247,0.003,4.5373,235.7817,0.0,236.7568,1778007843333084414
ecgclass,fifo,0.1486,409.3702,82.502,79.797,0.0023,0.6856,326.1039,0.0,326.8682,1778007843428685423
ecgclass,fifo,0.1508,407.1403,82.502,79.797,0.0023,0.6856,323.8566,0.0,324.6383,1778007843428685423
ecgclass,fifo,0.1791,378.8562,82.502,79.797,0.0023,0.6856,295.5518,0.0,296.3542,1778007843428685423
ecgclass,fifo,0.2078,455.2815,104.8346,102.0906,0.0035,0.6806,349.8445,0.0,350.4469,1778007843511706801
ecgclass,fifo,0.2698,393.343,104.8346,102.0906,0.0035,0.6806,287.8857,0.0,288.5084,1778007843511706801
ecgclass,fifo,0.2722,391.0117,104.8346,102.0906,0.0035,0.6806,285.533,0.0,286.1771,1778007843511706801
ecgclass,fifo,0.2931,466.5189,96.0187,93.2201,0.0027,0.689,369.9853,0.0,370.5002,1778007843617065564
ecgclass,fifo,0.2943,465.2698,96.0187,93.2201,0.0027,0.689,368.7222,0.0,369.2511,1778007843617065564
ecgclass,fifo,0.3156,443.9585,96.0187,93.2201,0.0027,0.689,347.4042,0.0,347.9398,1778007843617065564
ecgclass,fifo,0.3507,509.7442,100.2004,99.066,0.0026,0.186,408.9892,0.0,409.5437,1778007843713729851
ecgclass,fifo,0.358,502.5411,100.2004,99.066,0.0026,0.186,401.7167,0.0,402.3406,1778007843713729851
ecgclass,fifo,0.3834,477.1452,100.2004,99.066,0.0026,0.186,376.307,0.0,376.9448,1778007843713729851
ecgclass,fifo,0.3859,573.6778,98.5639,95.8539,0.0032,0.6741,474.6678,0.0,475.1139,1778007843814570225
ecgclass,fifo,0.3883,571.3758,98.5639,95.8539,0.0032,0.6741,472.2571,0.0,472.8119,1778007843814570225
ecgclass,fifo,0.394,565.6509,98.5639,95.8539,0.0032,0.6741,466.5225,0.0,467.087,1778007843814570225
ecgclass,fifo,0.4126,644.9356,96.8906,94.2727,0.0025,0.6773,547.1983,0.0,548.045,1778007843913843390
ecgclass,fifo,0.4201,637.5568,96.8906,94.2727,0.0025,0.6773,539.7413,0.0,540.6662,1778007843913843390
ecgclass,fifo,0.4454,612.2754,96.8906,94.2727,0.0025,0.6773,514.4415,0.0,515.3847,1778007843913843390
ecgclass,fifo,0.4497,712.1725,103.9922,101.2065,0.0034,0.6677,607.6169,0.0,608.1803,1778007844011330248
ecgclass,fifo,0.4871,674.8607,103.9922,101.2065,0.0034,0.6677,570.2474,0.0,570.8685,1778007844011330248
ecgclass,fifo,0.5109,651.0692,103.9922,101.2065,0.0034,0.6677,546.4478,0.0,547.077,1778007844011330248
ecgclass,fifo,0.5253,735.8646,98.6272,95.9223,0.0025,0.6847,636.6282,0.0,637.2374,1778007844115915387
ecgclass,fifo,0.533,728.1306,98.6272,95.9223,0.0025,0.6847,628.8595,0.0,629.5034,1778007844115915387
ecgclass,fifo,0.5416,719.5446,98.6272,95.9223,0.0025,0.6847,620.2621,0.0,620.9174,1778007844115915387
ecgclass,fifo,0.5446,814.2664,97.111,94.3473,0.0029,0.6851,716.522,0.0,717.1554,1778007844215128762
ecgclass,fifo,0.547,811.8825,97.111,94.3473,0.0029,0.6851,714.1221,0.0,714.7715,1778007844215128762
ecgclass,fifo,0.5601,798.7666,97.111,94.3473,0.0029,0.6851,700.9892,0.0,701.6556,1778007844215128762
ecgclass,fifo,0.5678,895.5789,103.9445,101.2418,0.0025,0.6849,791.0368,0.0,791.6343,1778007844312883187
ecgclass,fifo,0.5932,870.2803,103.9445,101.2418,0.0025,0.6849,765.7175,0.0,766.3357,1778007844312883187
ecgclass,fifo,0.6079,855.6039,103.9445,101.2418,0.0025,0.6849,751.0166,0.0,751.6594,1778007844312883187
ecgclass,fifo,0.6125,952.1503,100.5532,97.8648,0.0023,0.5642,851.0261,0.0,851.5971,1778007844417508780
ecgclass,fifo,0.6228,941.8817,100.5532,97.8648,0.0023,0.5642,840.7364,0.0,841.3284,1778007844417508780
ecgclass,fifo,0.6344,930.3005,100.5532,97.8648,0.0023,0.5642,829.1333,0.0,829.7472,1778007844417508780
ecgclass,fifo,0.6416,1020.8824,97.2467,94.5746,0.003,0.6986,923.0628,0.0,923.6357,1778007844518726726
ecgclass,fifo,0.6481,1014.4286,97.2467,94.5746,0.003,0.6986,916.59,0.0,917.1819,1778007844518726726
ecgclass,fifo,0.6653,997.2348,97.2467,94.5746,0.003,0.6986,899.3752,0.0,899.9881,1778007844518726726
ecgclass,fifo,0.6717,1095.1886,103.7109,101.0563,0.002,0.6818,990.8936,0.0,991.4777,1778007844616619007
ecgclass,fifo,0.6979,1069.032,103.7109,101.0563,0.002,0.6818,964.7169,0.0,965.321,1778007844616619007
ecgclass,fifo,0.7259,1041.0206,103.7109,101.0563,0.002,0.6818,936.662,0.0,937.3097,1778007844616619007
ecgclass,fifo,0.7481,1115.6423,96.2389,93.4679,0.0034,0.6845,1018.7426,0.0,1019.4034,1778007844720880863
ecgclass,fifo,0.7495,1114.2793,96.2389,93.4679,0.0034,0.6845,1017.3585,0.0,1018.0404,1778007844720880863
ecgclass,fifo,0.772,1091.7599,96.2389,93.4679,0.0034,0.6845,994.818,0.0,995.521,1778007844720880863
ecgclass,fifo,0.7986,1162.5109,96.7618,94.1126,0.0026,0.6882,1065.213,0.0,1065.7491,1778007844817817541
ecgclass,fifo,0.8213,1139.8525,96.7618,94.1126,0.0026,0.6882,1042.5417,0.0,1043.0908,1778007844817817541
ecgclass,fifo,0.8265,1134.6436,96.7618,94.1126,0.0026,0.6882,1037.2868,0.0,1037.8818,1778007844817817541
ecgclass,fifo,0.8328,1229.7552,100.9011,98.1593,0.0023,0.7024,1128.3753,0.0,1128.8541,1778007844915148050
ecgclass,fifo,0.8362,1226.3291,100.9011,98.1593,0.0023,0.7024,1124.9349,0.0,1125.428,1778007844915148050
ecgclass,fifo,0.844,1218.6146,100.9011,98.1593,0.0023,0.7024,1117.1713,0.0,1117.7135,1778007844915148050
ecgclass,fifo,0.844,1315.7778,96.6173,93.9219,0.0024,0.6889,1218.6463,0.0,1219.1605,1778007845016686366
ecgclass,fifo,0.8473,1312.5205,96.6173,93.9219,0.0024,0.6889,1215.3339,0.0,1215.9032,1778007845016686366
ecgclass,fifo,0.8747,1285.1813,96.6173,93.9219,0.0024,0.6889,1187.9864,0.0,1188.564,1778007845016686366
ecgclass,fifo,0.9538,1303.9641,97.4455,94.7188,0.0032,0.6442,1206.0263,0.0,1206.5186,1778007845113869363
ecgclass,fifo,0.9651,1292.7754,97.4455,94.7188,0.0032,0.6442,1194.7849,0.0,1195.3299,1778007845113869363
ecgclass,fifo,0.9706,1287.3008,97.4455,94.7188,0.0032,0.6442,1189.3022,0.0,1189.8553,1778007845113869363
ecgclass,fifo,0.979,1383.4825,103.8416,101.2013,0.0024,0.682,1279.0301,0.0,1279.6409,1778007845212005280
ecgclass,fifo,0.9854,1377.1319,103.8416,101.2013,0.0024,0.682,1272.6245,0.0,1273.2904,1778007845212005280
ecgclass,fifo,0.9888,1373.7402,103.8416,101.2013,0.0024,0.682,1269.223,0.0,1269.8986,1778007845212005280
ecgclass,fifo,1.0102,1450.1722,97.359,94.6788,0.0026,0.6774,1352.2036,0.0,1352.8132,1778007845316405711
ecgclass,fifo,1.0371,1423.2817,97.359,94.6788,0.0026,0.6774,1325.2902,0.0,1325.9226,1778007845316405711
ecgclass,fifo,1.0679,1392.5464,97.359,94.6788,0.0026,0.6774,1294.5318,0.0,1295.1874,1778007845316405711
ecgclass,fifo,1.1753,1382.2634,96.5633,93.9086,0.0024,0.6906,1285.1717,0.0,1285.7002,1778007845414477155
ecgclass,fifo,1.2161,1341.5306,96.5633,93.9086,0.0024,0.6906,1244.3612,0.0,1244.9673,1778007845414477155
ecgclass,fifo,1.2484,1309.207,96.5633,93.9086,0.0024,0.6906,1212.0242,0.0,1212.6437,1778007845414477155
ecgclass,fifo,1.2694,1393.0764,104.1446,101.5099,0.0022,0.6862,1288.373,0.0,1288.9318,1778007845511770033
ecgclass,fifo,1.2819,1380.5611,104.1446,101.5099,0.0022,0.6862,1275.8429,0.0,1276.4165,1778007845511770033
ecgclass,fifo,1.2822,1380.2996,104.1446,101.5099,0.0022,0.6862,1275.5671,0.0,1276.1549,1778007845511770033
ecgclass,fifo,1.3015,1457.5696,95.9723,93.3421,0.0023,0.6793,1361.0349,0.0,1361.5973,1778007845616556389
ecgclass,fifo,1.3141,1444.9842,95.9723,93.3421,0.0023,0.6793,1348.4297,0.0,1349.0119,1778007845616556389
ecgclass,fifo,1.3438,1415.333,95.9723,93.3421,0.0023,0.6793,1318.7277,0.0,1319.3607,1778007845616556389
ecgclass,fifo,1.3847,1470.4616,95.2979,94.0781,0.0026,0.2139,1374.501,0.0,1375.1637,1778007845713247473
ecgclass,fifo,1.3911,1464.1399,95.2979,94.0781,0.0026,0.2139,1368.1662,0.0,1368.842,1778007845713247473
ecgclass,fifo,1.3924,1462.852,95.2979,94.0781,0.0026,0.2139,1366.8716,0.0,1367.5541,1778007845713247473
ecgclass,fifo,1.4117,1546.9334,102.8909,100.2142,0.0028,0.6516,1443.4643,0.0,1444.0425,1778007845809162607
ecgclass,fifo,1.4616,1497.0701,102.8909,100.2142,0.0028,0.6516,1393.5652,0.0,1394.1791,1778007845809162607
ecgclass,fifo,1.4782,1480.464,102.8909,100.2142,0.0028,0.6516,1376.9469,0.0,1377.573,1778007845809162607
ecgclass,fifo,1.5215,1534.3108,96.3908,93.7348,0.0023,0.5338,1437.2072,0.0,1437.92,1778007845912729155
ecgclass,fifo,1.5359,1519.927,96.3908,93.7348,0.0023,0.5338,1422.8077,0.0,1423.5362,1778007845912729155
ecgclass,fifo,1.5626,1493.2234,96.3908,93.7348,0.0023,0.5338,1396.0931,0.0,1396.8326,1778007845912729155
ecgclass,fifo,1.5678,1590.5831,102.1189,101.0512,0.0022,0.1504,1487.9391,0.0,1488.4642,1778007846009744810
ecgclass,fifo,1.5711,1587.306,102.1189,101.0512,0.0022,0.1504,1484.5822,0.0,1485.1872,1778007846009744810
ecgclass,fifo,1.5736,1584.9099,102.1189,101.0512,0.0022,0.1504,1482.1746,0.0,1482.791,1778007846009744810
ecgclass,fifo,1.5758,1684.5193,101.352,98.7068,0.0026,0.6879,1582.638,0.0,1583.1673,1778007846112478380
ecgclass,fifo,1.5771,1683.2457,101.352,98.7068,0.0026,0.6879,1581.3487,0.0,1581.8936,1778007846112478380
ecgclass,fifo,1.6112,1649.1969,101.352,98.7068,0.0026,0.6879,1547.2512,0.0,1547.8448,1778007846112478380
ecgclass,fifo,1.6215,1737.3762,97.9228,95.2784,0.0029,0.6733,1638.9916,0.0,1639.4534,1778007846214493505
ecgclass,fifo,1.6284,1730.5014,97.9228,95.2784,0.0029,0.6733,1632.1023,0.0,1632.5786,1778007846214493505
ecgclass,fifo,1.6469,1711.9887,97.9228,95.2784,0.0029,0.6733,1613.539,0.0,1614.0659,1778007846214493505
ecgclass,fifo,1.6504,1813.0789,103.9449,101.2914,0.0026,0.6902,1708.5638,0.0,1709.134,1778007846312996548
ecgclass,fifo,1.6891,1774.374,103.9449,101.2914,0.0026,0.6902,1669.8432,0.0,1670.4291,1778007846312996548
ecgclass,fifo,1.7158,1747.7021,103.9449,101.2914,0.0026,0.6902,1643.1506,0.0,1643.7573,1778007846312996548
ecgclass,fifo,1.7212,1840.3399,97.46,94.8238,0.0029,0.6788,1742.3952,0.0,1742.8799,1778007846417607700
ecgclass,fifo,1.7256,1835.9213,97.46,94.8238,0.0029,0.6788,1737.9634,0.0,1738.4613,1778007846417607700
ecgclass,fifo,1.736,1825.5789,97.46,94.8238,0.0029,0.6788,1727.6087,0.0,1728.119,1778007846417607700
ecgclass,fifo,1.7416,1917.2964,96.6483,93.968,0.0028,0.6771,1820.0529,0.0,1820.6481,1778007846515697050
ecgclass,fifo,1.7439,1915.0217,96.6483,93.968,0.0028,0.6771,1817.7609,0.0,1818.3734,1778007846515697050
ecgclass,fifo,1.7542,1904.7322,96.6483,93.968,0.0028,0.6771,1807.4565,0.0,1808.0839,1778007846515697050
ecgclass,fifo,1.7985,1965.4129,104.2988,101.6272,0.0023,0.6854,1860.4832,0.0,1861.1141,1778007846612955391
ecgclass,fifo,1.8188,1945.0912,104.2988,101.6272,0.0023,0.6854,1840.1453,0.0,1840.7925,1778007846612955391
ecgclass,fifo,1.881,1882.9243,104.2988,101.6272,0.0023,0.6854,1777.9629,0.0,1778.6256,1778007846612955391
ecgclass,fifo,1.9211,1941.7303,98.4415,95.7489,0.0027,0.6811,1842.7408,0.0,1843.2888,1778007846717890062
ecgclass,fifo,1.9434,1919.4379,98.4415,95.7489,0.0027,0.6811,1820.4288,0.0,1820.9964,1778007846717890062
ecgclass,fifo,1.9809,1881.9952,98.4415,95.7489,0.0027,0.6811,1782.9647,0.0,1783.5537,1778007846717890062
ecgclass,fifo,1.9965,1964.329,97.3408,94.6815,0.0027,0.6895,1866.4367,0.0,1866.9882,1778007846816950835
ecgclass,fifo,2.0163,1944.5405,97.3408,94.6815,0.0027,0.6895,1846.6282,0.0,1847.1997,1778007846816950835
ecgclass,fifo,2.0249,1936.0757,97.3408,94.6815,0.0027,0.6895,1838.0849,0.0,1838.7349,1778007846816950835
ecgclass,fifo,2.0291,2036.2229,103.8621,101.0924,0.0024,0.6854,1931.7312,0.0,1932.3608,1778007846914869288
ecgclass,fifo,2.072,1993.3879,103.8621,101.0924,0.0024,0.6854,1888.8769,0.0,1889.5258,1778007846914869288
ecgclass,fifo,2.0742,1991.1394,103.8621,101.0924,0.0024,0.6854,1886.6084,0.0,1887.2773,1778007846914869288
ecgclass,fifo,2.0785,2084.337,97.037,94.2646,0.0036,0.656,1986.8128,0.0,1987.3,1778007847019327455
ecgclass,fifo,2.0845,2078.3942,97.037,94.2646,0.0036,0.656,1980.8161,0.0,1981.3572,1778007847019327455
ecgclass,fifo,2.1038,2059.1006,97.037,94.2646,0.0036,0.656,1961.5138,0.0,1962.0636,1778007847019327455
ecgclass,fifo,2.1121,2148.6971,97.2981,94.6086,0.0026,0.6723,2050.889,0.0,2051.399,1778007847116982832
ecgclass,fifo,2.1264,2134.4337,97.2981,94.6086,0.0026,0.6723,2036.6118,0.0,2037.1356,1778007847116982832
ecgclass,fifo,2.1693,2091.538,97.2981,94.6086,0.0026,0.6723,1993.6683,0.0,1994.2398,1778007847116982832
ecgclass,fifo,2.1999,2165.2961,103.7931,101.0961,0.0031,0.6896,2060.9307,0.0,2061.503,1778007847214893218
ecgclass,fifo,2.2236,2141.6845,103.7931,101.0961,0.0031,0.6896,2037.2996,0.0,2037.8914,1778007847214893218
ecgclass,fifo,2.226,2139.2374,103.7931,101.0961,0.0031,0.6896,2034.831,0.0,2035.4443,1778007847214893218
ecgclass,fifo,2.2502,2211.7803,96.065,93.4338,0.0025,0.6793,2115.1199,0.0,2115.7153,1778007847319319335
ecgclass,fifo,2.259,2203.0077,96.065,93.4338,0.0025,0.6793,2106.3285,0.0,2106.9427,1778007847319319335
ecgclass,fifo,2.2623,2199.7466,96.065,93.4338,0.0025,0.6793,2103.0457,0.0,2103.6816,1778007847319319335
ecgclass,fifo,2.2696,2290.5464,97.4214,94.7636,0.0023,0.702,2192.5387,0.0,2193.125,1778007847416139971
ecgclass,fifo,2.2709,2289.2282,97.4214,94.7636,0.0023,0.702,2191.2024,0.0,2191.8068,1778007847416139971
ecgclass,fifo,2.2902,2269.9282,97.4214,94.7636,0.0023,0.702,2171.8841,0.0,2172.5068,1778007847416139971
ecgclass,fifo,2.3096,2355.0036,103.825,101.1715,0.0026,0.6756,2250.5972,0.0,2251.1786,1778007847514179907
ecgclass,fifo,2.3149,2349.6664,103.825,101.1715,0.0026,0.6756,2245.2457,0.0,2245.8413,1778007847514179907
ecgclass,fifo,2.3163,2348.3036,103.825,101.1715,0.0026,0.6756,2243.8657,0.0,2244.4785,1778007847514179907
ecgclass,fifo,2.3707,2390.9593,96.2787,93.6118,0.0032,0.686,2294.0493,0.0,2294.6805,1778007847618731051
ecgclass,fifo,2.3863,2375.4437,96.2787,93.6118,0.0032,0.686,2278.4612,0.0,2279.165,1778007847618731051
ecgclass,fifo,2.4168,2344.8586,96.2787,93.6118,0.0032,0.686,2247.8664,0.0,2248.5799,1778007847618731051
ecgclass,fifo,2.4232,2433.4579,94.5396,93.0712,0.003,0.2226,2338.4149,0.0,2338.9183,1778007847715610269
ecgclass,fifo,2.4575,2399.102,94.5396,93.0712,0.003,0.2226,2304.0459,0.0,2304.5624,1778007847715610269
ecgclass,fifo,2.4899,2366.735,94.5396,93.0712,0.003,0.2226,2271.6641,0.0,2272.1954,1778007847715610269
ecgclass,fifo,2.4913,2466.943,100.6677,98.0208,0.0027,0.6702,2365.5102,0.0,2366.2753,1778007847810778107
ecgclass,fifo,2.6003,2357.9469,100.6677,98.0208,0.0027,0.6702,2256.4976,0.0,2257.2791,1778007847810778107
ecgclass,fifo,2.6146,2343.5991,100.6677,98.0208,0.0027,0.6702,2242.1346,0.0,2242.9313,1778007847810778107
ecgclass,fifo,2.6419,2413.0425,96.378,93.6236,0.0026,0.68,2316.1418,0.0,2316.6645,1778007847912071752
ecgclass,fifo,2.6462,2408.7257,96.378,93.6236,0.0026,0.68,2311.8095,0.0,2312.3477,1778007847912071752
ecgclass,fifo,2.6666,2388.3786,96.378,93.6236,0.0026,0.68,2291.4474,0.0,2292.0006,1778007847912071752
ecgclass,fifo,2.6719,2487.5629,103.8077,101.1285,0.0027,0.6793,2383.1701,0.0,2383.7552,1778007848009085832
ecgclass,fifo,2.7046,2454.9124,103.8077,101.1285,0.0027,0.6793,2350.4457,0.0,2351.1047,1778007848009085832
ecgclass,fifo,2.715,2444.5558,103.8077,101.1285,0.0027,0.6793,2340.0772,0.0,2340.7481,1778007848009085832
ecgclass,fifo,2.7293,2528.0952,97.3592,94.7035,0.0025,0.6796,2430.2177,0.0,2430.7361,1778007848113571093
ecgclass,fifo,2.7397,2517.7152,97.3592,94.7035,0.0025,0.6796,2419.8232,0.0,2420.3561,1778007848113571093
ecgclass,fifo,2.7547,2502.8181,97.3592,94.7035,0.0025,0.6796,2404.8784,0.0,2405.459,1778007848113571093
ecgclass,fifo,2.7643,2591.4283,97.5092,94.8293,0.0035,0.6866,2493.2585,0.0,2493.9191,1778007848211551905
ecgclass,fifo,2.7769,2578.9042,97.5092,94.8293,0.0035,0.6866,2480.6752,0.0,2481.395,1778007848211551905
ecgclass,fifo,2.7769,2578.8465,97.5092,94.8293,0.0035,0.6866,2480.6094,0.0,2481.3373,1778007848211551905
ecgclass,fifo,2.8086,2651.4199,103.8909,101.232,0.0027,0.6786,2546.9999,0.0,2547.529,1778007848309578389
ecgclass,fifo,2.8594,2600.6448,103.8909,101.232,0.0027,0.6786,2496.2091,0.0,2496.7539,1778007848309578389
ecgclass,fifo,2.8707,2589.3333,103.8909,101.232,0.0027,0.6786,2484.8671,0.0,2485.4424,1778007848309578389
ecgclass,fifo,2.9392,2622.1251,100.635,97.9843,0.0033,0.671,2520.8807,0.0,2521.4901,1778007848414097990
ecgclass,fifo,2.9425,2618.8004,100.635,97.9843,0.0033,0.671,2517.5414,0.0,2518.1654,1778007848414097990
ecgclass,fifo,2.9975,2563.8883,100.635,97.9843,0.0033,0.671,2462.6153,0.0,2463.2533,1778007848414097990
ecgclass,fifo,3.0049,2653.8935,96.9683,94.2352,0.0025,0.6763,2556.3905,0.0,2556.9251,1778007848515324797
ecgclass,fifo,3.0192,2639.6012,96.9683,94.2352,0.0025,0.6763,2542.083,0.0,2542.6329,1778007848515324797
ecgclass,fifo,3.0672,2591.6193,96.9683,94.2352,0.0025,0.6763,2494.0856,0.0,2494.6509,1778007848515324797
ecgclass,fifo,3.0695,2693.7935,103.893,101.3241,0.0028,0.6031,2589.3729,0.0,2589.9006,1778007848612918365
ecgclass,fifo,3.0738,2689.5454,103.893,101.3241,0.0028,0.6031,2585.0899,0.0,2585.6524,1778007848612918365
ecgclass,fifo,3.1011,2662.2472,103.893,101.3241,0.0028,0.6031,2557.7621,0.0,2558.3542,1778007848612918365
ecgclass,fifo,3.1201,2744.457,100.2739,97.6072,0.0023,0.6721,2643.3938,0.0,2644.1831,1778007848717514913
ecgclass,fifo,3.1254,2739.1891,100.2739,97.6072,0.0023,0.6721,2638.1078,0.0,2638.9152,1778007848717514913
ecgclass,fifo,3.1357,2728.9538,100.2739,97.6072,0.0023,0.6721,2627.7499,0.0,2628.6799,1778007848717514913
ecgclass,fifo,3.1496,2812.3493,96.9214,94.2227,0.0023,0.6738,2714.8204,0.0,2715.4279,1778007848818479528
ecgclass,fifo,3.1876,2774.4176,96.9214,94.2227,0.0023,0.6738,2676.8477,0.0,2677.4963,1778007848818479528
ecgclass,fifo,3.195,2767.0724,96.9214,94.2227,0.0023,0.6738,2669.477,0.0,2670.1511,1778007848818479528
ecgclass,fifo,3.2096,2856.7162,103.7075,101.0564,0.0027,0.6695,2752.4688,0.0,2753.0087,1778007848916110735
ecgclass,fifo,3.2169,2849.447,103.7075,101.0564,0.0027,0.6695,2745.1851,0.0,2745.7395,1778007848916110735
ecgclass,fifo,3.2235,2842.9379,103.7075,101.0564,0.0027,0.6695,2738.62,0.0,2739.2304,1778007848916110735
ecgclass,fifo,3.2655,2902.4637,100.9591,98.289,0.0022,0.6693,2800.977,0.0,2801.5046,1778007849020528597
ecgclass,fifo,3.2768,2891.2191,100.9591,98.289,0.0022,0.6693,2789.6712,0.0,2790.2601,1778007849020528597
ecgclass,fifo,3.3045,2863.6184,100.9591,98.289,0.0022,0.6693,2762.0311,0.0,2762.6593,1778007849020528597
ecgclass,fifo,3.3095,2957.4521,98.1671,94.8983,0.0024,0.8758,2858.6392,0.0,2859.2849,1778007849122172736
ecgclass,fifo,3.3134,2953.5708,98.1671,94.8983,0.0024,0.8758,2854.7425,0.0,2855.4037,1778007849122172736
ecgclass,fifo,3.3369,2930.0895,98.1671,94.8983,0.0024,0.8758,2831.25,0.0,2831.9223,1778007849122172736
ecgclass,fifo,3.3651,3005.7487,103.1038,100.4393,0.0026,0.6714,2901.9597,0.0,2902.6449,1778007849221040928
ecgclass,fifo,3.3839,2986.9354,103.1038,100.4393,0.0026,0.6714,2883.1301,0.0,2883.8316,1778007849221040928
ecgclass,fifo,3.4075,2963.2952,103.1038,100.4393,0.0026,0.6714,2859.483,0.0,2860.1914,1778007849221040928
ecgclass,fifo,3.4278,3045.2821,101.7797,99.0702,0.0024,0.6777,2942.9033,0.0,2943.5024,1778007849324736647
ecgclass,fifo,3.4501,3023.0186,101.7797,99.0702,0.0024,0.6777,2920.6245,0.0,2921.2389,1778007849324736647
ecgclass,fifo,3.4946,2978.5588,101.7797,99.0702,0.0024,0.6777,2876.1494,0.0,2876.7791,1778007849324736647
ecgclass,fifo,3.5518,3018.2016,96.2749,93.6057,0.0025,0.6685,2921.3309,0.0,2921.9267,1778007849427184834
ecgclass,fifo,3.5647,3005.374,96.2749,93.6057,0.0025,0.6685,2908.4878,0.0,2909.099,1778007849427184834
ecgclass,fifo,3.5659,3004.1416,96.2749,93.6057,0.0025,0.6685,2907.2416,0.0,2907.8667,1778007849427184834
ecgclass,fifo,3.5947,3079.5352,103.3856,100.7355,0.0025,0.6795,2975.3964,0.0,2976.1497,1778007849524149895
ecgclass,fifo,3.6113,3062.9673,103.3856,100.7355,0.0025,0.6795,2958.8139,0.0,2959.5817,1778007849524149895
ecgclass,fifo,3.6601,3014.2117,103.3856,100.7355,0.0025,0.6795,2910.0511,0.0,2910.8261,1778007849524149895
ecgclass,fifo,3.6807,3094.4054,100.1739,97.5019,0.0024,0.6651,2993.4554,0.0,2994.2315,1778007849628148810
ecgclass,fifo,3.684,3091.1398,100.1739,97.5019,0.0024,0.6651,2990.1624,0.0,2990.9659,1778007849628148810
ecgclass,fifo,3.7046,3070.5645,100.1739,97.5019,0.0024,0.6651,2969.5766,0.0,2970.3906,1778007849628148810
ecgclass,fifo,3.7161,3155.704,96.3865,93.6062,0.0032,0.6786,3058.8136,0.0,3059.3175,1778007849728975666
ecgclass,fifo,3.7184,3153.4984,96.3865,93.6062,0.0032,0.6786,3056.5572,0.0,3057.1119,1778007849728975666
ecgclass,fifo,3.7239,3147.9745,96.3865,93.6062,0.0032,0.6786,3051.0252,0.0,3051.588,1778007849728975666
ecgclass,fifo,3.7941,3182.2097,103.7892,101.1264,0.0034,0.6667,3077.8599,0.0,3078.4205,1778007849825970781
ecgclass,fifo,3.8017,3174.6097,103.7892,101.1264,0.0034,0.6667,3070.2393,0.0,3070.8205,1778007849825970781
ecgclass,fifo,3.807,3169.3234,103.7892,101.1264,0.0034,0.6667,3064.9223,0.0,3065.5342,1778007849825970781
ecgclass,fifo,3.8153,3260.5395,98.8042,96.1651,0.0024,0.6763,3161.0975,0.0,3161.7354,1778007849930438530
ecgclass,fifo,3.8572,3218.6894,98.8042,96.1651,0.0024,0.6763,3119.226,0.0,3119.8853,1778007849930438530
ecgclass,fifo,3.8791,3196.8238,98.8042,96.1651,0.0024,0.6763,3097.3442,0.0,3098.0197,1778007849930438530
ecgclass,fifo,3.8827,3290.58,96.7069,94.0229,0.0025,0.6884,3193.274,0.0,3193.8732,1778007850029965839
ecgclass,fifo,3.8827,3290.5481,96.7069,94.0229,0.0025,0.6884,3193.2268,0.0,3193.8412,1778007850029965839
ecgclass,fifo,3.8931,3280.1335,96.7069,94.0229,0.0025,0.6884,3182.8048,0.0,3183.4266,1778007850029965839
ecgclass,fifo,3.8944,3383.5399,104.2232,101.492,0.0026,0.6728,3278.774,0.0,3279.3167,1778007850127224748
ecgclass,fifo,3.9358,3342.3061,104.2232,101.492,0.0026,0.6728,3237.3731,0.0,3238.0829,1778007850127224748
ecgclass,fifo,3.9385,3339.6101,104.2232,101.492,0.0026,0.6728,3234.6668,0.0,3235.3869,1778007850127224748
ecgclass,fifo,3.9523,3421.2615,94.8724,92.2234,0.0024,0.6761,3325.7649,0.0,3326.3892,1778007850232129394
ecgclass,fifo,3.9721,3401.4869,94.8724,92.2234,0.0024,0.6761,3305.9752,0.0,3306.6145,1778007850232129394
ecgclass,fifo,4.0293,3344.3108,94.8724,92.2234,0.0024,0.6761,3248.785,0.0,3249.4384,1778007850232129394
ecgclass,fifo,4.0357,3434.9983,96.3714,93.7323,0.0025,0.6749,3338.0363,0.0,3338.6269,1778007850327762826
ecgclass,fifo,4.0706,3400.1448,96.3714,93.7323,0.0025,0.6749,3303.169,0.0,3303.7734,1778007850327762826
ecgclass,fifo,4.0853,3385.4587,96.3714,93.7323,0.0025,0.6749,3288.4753,0.0,3289.0873,1778007850327762826
ecgclass,fifo,4.12,3455.1435,103.8326,101.1826,0.0029,0.6771,3350.7028,0.0,3351.3109,1778007850424736378
ecgclass,fifo,4.1273,3447.8352,103.8326,101.1826,0.0029,0.6771,3343.3743,0.0,3344.0026,1778007850424736378
ecgclass,fifo,4.1337,3441.5481,103.8326,101.1826,0.0029,0.6771,3337.0657,0.0,3337.7155,1778007850424736378
ecgclass,fifo,4.139,3532.2797,95.4912,92.8484,0.0027,0.674,3436.3129,0.0,3436.7886,1778007850529291178
ecgclass,fifo,4.1603,3510.999,95.4912,92.8484,0.0027,0.674,3414.9792,0.0,3415.5078,1778007850529291178
ecgclass,fifo,4.1733,3497.9796,95.4912,92.8484,0.0027,0.674,3401.9516,0.0,3402.4885,1778007850529291178
ecgclass,fifo,4.1909,3575.6934,94.6341,92.7606,0.0023,0.2749,3480.5782,0.0,3481.0593,1778007850625447056
ecgclass,fifo,4.2158,3550.7219,94.6341,92.7606,0.0023,0.2749,3455.5931,0.0,3456.0878,1778007850625447056
ecgclass,fifo,4.24,3526.5875,94.6341,92.7606,0.0023,0.2749,3431.4106,0.0,3431.9534,1778007850625447056
ecgclass,fifo,4.2593,3611.7179,103.8143,101.1244,0.0025,0.6698,3507.2703,0.0,3507.9037,1778007850720616472
ecgclass,fifo,4.288,3583.0455,103.8143,101.1244,0.0025,0.6698,3478.5817,0.0,3479.2312,1778007850720616472
ecgclass,fifo,4.2881,3582.9666,103.8143,101.1244,0.0025,0.6698,3478.4951,0.0,3479.1523,1778007850720616472
ecgclass,fifo,4.3182,3650.5535,97.1333,94.415,0.0025,0.6734,3552.8216,0.0,3553.4201,1778007850824996746
ecgclass,fifo,4.3457,3623.0907,97.1333,94.415,0.0025,0.6734,3525.3313,0.0,3525.9574,1778007850824996746
ecgclass,fifo,4.3531,3615.6721,97.1333,94.415,0.0025,0.6734,3517.8921,0.0,3518.5388,1778007850824996746
ecgclass,fifo,4.3584,3712.1987,101.0445,99.9078,0.0038,0.173,3610.3926,0.0,3611.1543,1778007850922779143
ecgclass,fifo,4.3724,3698.149,101.0445,99.9078,0.0038,0.173,3596.329,0.0,3597.1045,1778007850922779143
ecgclass,fifo,4.4129,3657.6941,101.0445,99.9078,0.0038,0.173,3555.8586,0.0,3556.6496,1778007850922779143
ecgclass,fifo,4.4192,3750.3452,98.5763,95.9233,0.0026,0.6812,3651.222,0.0,3651.7689,1778007851024478334
ecgclass,fifo,4.4485,3721.1008,98.5763,95.9233,0.0026,0.6812,3621.9134,0.0,3622.5245,1778007851024478334
ecgclass,fifo,4.5089,3660.7625,98.5763,95.9233,0.0026,0.6812,3561.5625,0.0,3562.1862,1778007851024478334
ecgclass,fifo,4.5152,3754.2896,98.692,93.6377,0.0024,1.459,3654.5177,0.0,3655.5976,1778007851123744311
ecgclass,fifo,4.6015,3667.989,98.692,93.6377,0.0024,1.459,3568.1946,0.0,3569.297,1778007851123744311
ecgclass,fifo,4.6029,3666.6496,98.692,93.6377,0.0024,1.459,3566.8328,0.0,3567.9576,1778007851123744311
ecgclass,fifo,4.603,3770.6635,103.7692,101.0782,0.0025,0.6724,3666.1987,0.0,3666.8943,1778007851223180022
ecgclass,fifo,4.6409,3732.7225,103.7692,101.0782,0.0025,0.6724,3628.2418,0.0,3628.9533,1778007851223180022
ecgclass,fifo,4.6535,3720.1314,103.7692,101.0782,0.0025,0.6724,3615.6435,0.0,3616.3622,1778007851223180022
ecgclass,fifo,4.6658,3808.0847,99.7473,96.9933,0.0025,0.6707,3707.7119,0.0,3708.3375,1778007851327523938
ecgclass,fifo,4.7059,3768.064,99.7473,96.9933,0.0025,0.6707,3667.6304,0.0,3668.3168,1778007851327523938
ecgclass,fifo,4.7538,3720.1524,99.7473,96.9933,0.0025,0.6707,3619.7093,0.0,3620.4051,1778007851327523938
ecgclass,fifo,4.7718,3799.7532,96.9454,94.2532,0.003,0.6859,3702.1291,0.0,3702.8078,1778007851427987189
ecgclass,fifo,4.8129,3758.688,96.9454,94.2532,0.003,0.6859,3661.0487,0.0,3661.7425,1778007851427987189
ecgclass,fifo,4.8333,3738.363,96.9454,94.2532,0.003,0.6859,3640.7096,0.0,3641.4176,1778007851427987189
ecgclass,fifo,4.8428,3833.1077,103.8481,101.0723,0.0026,0.68,3728.6961,0.0,3729.2596,1778007851525546884
ecgclass,fifo,4.8484,3827.59,103.8481,101.0723,0.0026,0.68,3723.1629,0.0,3723.7418,1778007851525546884
ecgclass,fifo,4.8751,3800.9055,103.8481,101.0723,0.0026,0.68,3696.4107,0.0,3697.0573,1778007851525546884
ecgclass,fifo,4.9186,3856.8931,98.7789,96.1078,0.0028,0.6777,3757.5097,0.0,3758.1142,1778007851630132981
ecgclass,fifo,4.9717,3803.7777,98.7789,96.1078,0.0028,0.6777,3704.3784,0.0,3704.9988,1778007851630132981
ecgclass,fifo,4.978,3797.4846,98.7789,96.1078,0.0028,0.6777,3698.0703,0.0,3698.7057,1778007851630132981
ecgclass,fifo,4.9984,3875.1907,97.2902,94.6653,0.0026,0.6677,3777.252,0.0,3777.9005,1778007851729621159
ecgclass,fifo,5.0085,3865.1133,97.2902,94.6653,0.0026,0.6677,3767.1535,0.0,3767.823,1778007851729621159
ecgclass,fifo,5.0426,3831.0206,97.2902,94.6653,0.0026,0.6677,3733.0372,0.0,3733.7304,1778007851729621159
ecgclass,fifo,5.0469,3931.5257,104.0953,101.4356,0.0024,0.6745,3826.7746,0.0,3827.4305,1778007851827657034
ecgclass,fifo,5.0482,3930.2237,104.0953,101.4356,0.0024,0.6745,3825.4573,0.0,3826.1284,1778007851827657034
ecgclass,fifo,5.0551,3923.363,104.0953,101.4356,0.0024,0.6745,3818.5813,0.0,3819.2677,1778007851827657034
ecgclass,fifo,5.0573,4018.1293,96.607,93.8597,0.0024,0.6858,3921.0005,0.0,3921.5223,1778007851932332926
ecgclass,fifo,5.066,4009.4256,96.607,93.8597,0.0024,0.6858,3912.277,0.0,3912.8186,1778007851932332926
ecgclass,fifo,5.0764,3999.0928,96.607,93.8597,0.0024,0.6858,3901.8681,0.0,3902.4858,1778007851932332926
ecgclass,fifo,5.0787,4094.8896,97.4146,94.7621,0.0023,0.6867,3996.9332,0.0,3997.475,1778007852029649611
ecgclass,fifo,5.1404,4033.2513,97.4146,94.7621,0.0023,0.6867,3935.276,0.0,3935.8367,1778007852029649611
ecgclass,fifo,5.1468,4026.8786,97.4146,94.7621,0.0023,0.6867,3928.884,0.0,3929.464,1778007852029649611
ecgclass,fifo,5.1715,4106.8895,103.9613,101.3028,0.0025,0.6816,4002.1055,0.0,4002.9281,1778007852127658710
ecgclass,fifo,5.1739,4104.5766,103.9613,101.3028,0.0025,0.6816,3999.7728,0.0,4000.6152,1778007852127658710
ecgclass,fifo,5.1842,4094.3067,103.9613,101.3028,0.0025,0.6816,3989.4814,0.0,3990.3454,1778007852127658710
ecgclass,fifo,5.1864,4188.0443,95.5754,92.9082,0.0025,0.6799,4091.8379,0.0,4092.469,1778007852232291377
ecgclass,fifo,5.1887,4185.8118,95.5754,92.9082,0.0025,0.6799,4089.5834,0.0,4090.2364,1778007852232291377
ecgclass,fifo,5.1887,4185.782,95.5754,92.9082,0.0025,0.6799,4089.5329,0.0,4090.2066,1778007852232291377
ecgclass,fifo,5.2211,4249.5463,95.5882,92.8723,0.0027,0.6914,4153.3773,0.0,4153.958,1778007852328484366
ecgclass,fifo,5.2284,4242.2049,95.5882,92.8723,0.0027,0.6914,4146.0211,0.0,4146.6167,1778007852328484366
ecgclass,fifo,5.2427,4227.9403,95.5882,92.8723,0.0027,0.6914,4131.7191,0.0,4132.3521,1778007852328484366
ecgclass,fifo,5.2596,4315.3059,103.6294,100.9729,0.0024,0.6693,4211.1378,0.0,4211.6765,1778007852424765301
ecgclass,fifo,5.2629,4312.0778,103.6294,100.9729,0.0024,0.6693,4207.8936,0.0,4208.4483,1778007852424765301
ecgclass,fifo,5.3215,4253.4339,103.6294,100.9729,0.0024,0.6693,4149.2343,0.0,4149.8045,1778007852424765301
ecgclass,fifo,5.3329,4340.064,97.3307,94.6764,0.0035,0.6799,4242.1865,0.0,4242.7333,1778007852529064021
ecgclass,fifo,5.3342,4338.7444,97.3307,94.6764,0.0035,0.6799,4240.8521,0.0,4241.4137,1778007852529064021
ecgclass,fifo,5.3365,4336.468,97.3307,94.6764,0.0035,0.6799,4238.5619,0.0,4239.1373,1778007852529064021
ecgclass,fifo,5.3468,4424.1734,97.4454,94.7798,0.0027,0.6754,4326.2336,0.0,4326.7279,1778007852627018104
ecgclass,fifo,5.3491,4421.8988,97.4454,94.7798,0.0027,0.6754,4323.9455,0.0,4324.4534,1778007852627018104
ecgclass,fifo,5.3555,4415.4685,97.4454,94.7798,0.0027,0.6754,4317.5011,0.0,4318.023,1778007852627018104
ecgclass,fifo,5.3699,4505.9438,103.775,101.0863,0.0029,0.6879,4401.1664,0.0,4402.1688,1778007852725093434
ecgclass,fifo,5.3712,4504.684,103.775,101.0863,0.0029,0.6879,4399.8857,0.0,4400.909,1778007852725093434
ecgclass,fifo,5.3784,4497.4508,103.775,101.0863,0.0029,0.6879,4392.643,0.0,4393.6758,1778007852725093434
ecgclass,fifo,5.4097,4563.9148,97.3679,94.6614,0.003,0.6826,4465.8506,0.0,4466.5468,1778007852829584539
ecgclass,fifo,5.411,4562.6187,97.3679,94.6614,0.003,0.6826,4464.5376,0.0,4465.2508,1778007852829584539
ecgclass,fifo,5.4306,4543.0939,97.3679,94.6614,0.003,0.6826,4444.9935,0.0,4445.726,1778007852829584539
ecgclass,fifo,5.4318,4638.9742,96.6438,95.3616,0.0025,0.1949,4541.7764,0.0,4542.3304,1778007852927634470
ecgclass,fifo,5.4854,4585.3946,96.6438,95.3616,0.0025,0.1949,4488.1837,0.0,4488.7508,1778007852927634470
ecgclass,fifo,5.4897,4581.1079,96.6438,95.3616,0.0025,0.1949,4483.8786,0.0,4484.464,1778007852927634470
ecgclass,fifo,5.495,4679.925,103.3625,100.6878,0.0028,0.6726,4575.8848,0.0,4576.5624,1778007853024925349
ecgclass,fifo,5.5166,4658.3631,103.3625,100.6878,0.0028,0.6726,4554.3082,0.0,4555.0006,1778007853024925349
ecgclass,fifo,5.5614,4613.5635,103.3625,100.6878,0.0028,0.6726,4509.4998,0.0,4510.201,1778007853024925349
ecgclass,fifo,5.6258,4646.1568,96.3113,93.6216,0.0036,0.6699,4549.1505,0.0,4549.8455,1778007853129007107
ecgclass,fifo,5.6536,4618.4387,96.3113,93.6216,0.0036,0.6699,4521.3933,0.0,4522.1274,1778007853129007107
ecgclass,fifo,5.6884,4583.6847,96.3113,93.6216,0.0036,0.6699,4486.6185,0.0,4487.3734,1778007853129007107
ecgclass,fifo,5.7094,4665.8406,102.3178,101.1418,0.0027,0.1734,4562.6523,0.0,4563.5228,1778007853226107743
ecgclass,fifo,5.7137,4661.5667,102.3178,101.1418,0.0027,0.1734,4558.3551,0.0,4559.2489,1778007853226107743
ecgclass,fifo,5.7371,4638.2217,102.3178,101.1418,0.0027,0.1734,4534.9965,0.0,4535.9039,1778007853226107743
ecgclass,fifo,5.7405,4734.0477,98.8143,96.1016,0.0028,0.6761,4634.5181,0.0,4635.2333,1778007853329045756
ecgclass,fifo,5.7599,4714.7143,98.8143,96.1016,0.0028,0.6761,4615.169,0.0,4615.9,1778007853329045756
ecgclass,fifo,5.7751,4699.5275,98.8143,96.1016,0.0028,0.6761,4599.9627,0.0,4600.7132,1778007853329045756
ecgclass,fifo,5.7824,4790.082,97.3308,94.6093,0.0023,0.685,4692.0543,0.0,4692.7511,1778007853428487750
ecgclass,fifo,5.7968,4775.6822,97.3308,94.6093,0.0023,0.685,4677.6276,0.0,4678.3514,1778007853428487750
ecgclass,fifo,5.8163,4756.2513,97.3308,94.6093,0.0023,0.685,4658.1879,0.0,4658.9205,1778007853428487750
ecgclass,fifo,5.8197,4857.1794,103.7734,101.0868,0.0026,0.6621,4752.7316,0.0,4753.406,1778007853526434438
ecgclass,fifo,5.8284,4848.5222,103.7734,101.0868,0.0026,0.6621,4744.0579,0.0,4744.7488,1778007853526434438
ecgclass,fifo,5.8367,4840.2197,103.7734,101.0868,0.0026,0.6621,4735.7113,0.0,4736.4463,1778007853526434438
ecgclass,fifo,5.8391,4937.7284,99.3619,96.6284,0.0025,0.6818,4837.6746,0.0,4838.3665,1778007853630783235
ecgclass,fifo,5.8444,4932.4288,99.3619,96.6284,0.0025,0.6818,4832.3593,0.0,4833.067,1778007853630783235
ecgclass,fifo,5.8646,4912.2529,99.3619,96.6284,0.0025,0.6818,4812.1748,0.0,4812.891,1778007853630783235
ecgclass,fifo,5.8888,4985.6439,97.0918,94.3854,0.0027,0.6847,4887.8863,0.0,4888.552,1778007853730728270
ecgclass,fifo,5.9002,4974.2682,97.0918,94.3854,0.0027,0.6847,4876.4949,0.0,4877.1764,1778007853730728270
ecgclass,fifo,5.9128,4961.6847,97.0918,94.3854,0.0027,0.6847,4863.903,0.0,4864.5929,1778007853730728270
ecgclass,fifo,5.9202,5058.9561,104.0801,101.3702,0.0029,0.6716,4954.2165,0.0,4954.876,1778007853828435553
ecgclass,fifo,5.9433,5035.892,104.0801,101.3702,0.0029,0.6716,4931.1371,0.0,4931.8119,1778007853828435553
ecgclass,fifo,5.9516,5027.5702,104.0801,101.3702,0.0029,0.6716,4922.796,0.0,4923.4901,1778007853828435553
ecgclass,fifo,5.971,5109.7755,100.9642,98.2431,0.0025,0.6794,5008.1735,0.0,5008.8114,1778007853933147157
ecgclass,fifo,5.9833,5097.4844,100.9642,98.2431,0.0025,0.6794,4995.8668,0.0,4996.5202,1778007853933147157
ecgclass,fifo,5.9962,5084.5447,100.9642,98.2431,0.0025,0.6794,4982.8944,0.0,4983.5805,1778007853933147157
ecgclass,fifo,6.0534,5124.6765,96.6128,93.8993,0.0023,0.6766,5027.3981,0.0,5028.0636,1778007854034781387
ecgclass,fifo,6.0958,5082.2108,96.6128,93.8993,0.0023,0.6766,4984.9164,0.0,4985.598,1778007854034781387
ecgclass,fifo,6.1153,5062.7713,96.6128,93.8993,0.0023,0.6766,4965.4598,0.0,4966.1585,1778007854034781387
ecgclass,fifo,6.1401,5142.7884,104.2367,101.5185,0.0027,0.6786,5037.8823,0.0,5038.5517,1778007854131957791
ecgclass,fifo,6.1424,5140.445,104.2367,101.5185,0.0027,0.6786,5035.5229,0.0,5036.2083,1778007854131957791
ecgclass,fifo,6.1537,5129.1993,104.2367,101.5185,0.0027,0.6786,5024.2572,0.0,5024.9625,1778007854131957791
ecgclass,fifo,6.1783,5201.7171,96.542,93.8525,0.0028,0.6684,5104.4881,0.0,5105.1751,1778007854236790517
ecgclass,fifo,6.1982,5181.8569,96.542,93.8525,0.0028,0.6684,5084.5895,0.0,5085.3148,1778007854236790517
ecgclass,fifo,6.2025,5177.5258,96.542,93.8525,0.0028,0.6684,5080.2498,0.0,5080.9837,1778007854236790517
ecgclass,fifo,6.2648,5212.806,97.137,94.4347,0.0021,0.6802,5115.0618,0.0,5115.669,1778007854333912854
ecgclass,fifo,6.2649,5212.7171,97.137,94.4347,0.0021,0.6802,5114.9592,0.0,5115.5801,1778007854333912854
ecgclass,fifo,6.2877,5189.9896,97.137,94.4347,0.0021,0.6802,5092.2129,0.0,5092.8526,1778007854333912854
ecgclass,fifo,6.2899,5292.3162,103.9886,101.2927,0.0032,0.6847,5187.685,0.0,5188.3276,1778007854431647501
ecgclass,fifo,6.3388,5243.4711,103.9886,101.2927,0.0032,0.6847,5138.8137,0.0,5139.4825,1778007854431647501
ecgclass,fifo,6.3402,5242.1129,103.9886,101.2927,0.0032,0.6847,5137.4471,0.0,5138.1242,1778007854431647501
ecgclass,fifo,6.3709,5307.8628,95.9573,93.279,0.0024,0.6694,5211.3397,0.0,5211.9055,1778007854536261297
ecgclass,fifo,6.3752,5303.5736,95.9573,93.279,0.0024,0.6694,5206.9976,0.0,5207.6163,1778007854536261297
ecgclass,fifo,6.4656,5213.2139,95.9573,93.279,0.0024,0.6694,5116.6286,0.0,5117.2567,1778007854536261297
ecgclass,fifo,6.4773,5298.3153,96.1417,93.445,0.0028,0.6863,5201.5359,0.0,5202.1735,1778007854632816778
ecgclass,fifo,6.5009,5274.7071,96.1417,93.445,0.0028,0.6863,5177.9044,0.0,5178.5653,1778007854632816778
ecgclass,fifo,6.5203,5255.3535,96.1417,93.445,0.0028,0.6863,5158.5317,0.0,5159.2117,1778007854632816778
ecgclass,fifo,6.5344,5345.7923,103.8981,101.1988,0.0023,0.6771,5241.2341,0.0,5241.8942,1778007854729600980
ecgclass,fifo,6.5641,5316.0262,103.8981,101.1988,0.0023,0.6771,5211.453,0.0,5212.1281,1778007854729600980
ecgclass,fifo,6.5772,5302.9764,103.8981,101.1988,0.0023,0.6771,5198.385,0.0,5199.0783,1778007854729600980
ecgclass,fifo,6.6326,5343.9603,95.8009,93.1009,0.0029,0.6769,5247.5262,0.0,5248.1594,1778007854834189843
ecgclass,fifo,6.6339,5342.6929,95.8009,93.1009,0.0029,0.6769,5246.244,0.0,5246.8919,1778007854834189843
ecgclass,fifo,6.7409,5235.7211,95.8009,93.1009,0.0029,0.6769,5139.2531,0.0,5139.9202,1778007854834189843
ecgclass,fifo,6.7576,5315.8925,96.0978,94.8864,0.0024,0.1947,5219.1858,0.0,5219.7946,1778007854930772902
ecgclass,fifo,6.7629,5310.6134,96.0978,94.8864,0.0024,0.1947,5213.8915,0.0,5214.5156,1778007854930772902
ecgclass,fifo,6.7748,5298.6779,96.0978,94.8864,0.0024,0.1947,5201.9367,0.0,5202.5801,1778007854930772902
ecgclass,fifo,6.8003,5377.0764,103.3339,100.6377,0.0032,0.6809,5273.1121,0.0,5273.7425,1778007855027455746
ecgclass,fifo,6.8198,5357.6736,103.3339,100.6377,0.0032,0.6809,5253.6497,0.0,5254.3398,1778007855027455746
ecgclass,fifo,6.862,5315.4945,103.3339,100.6377,0.0032,0.6809,5211.4608,0.0,5212.1606,1778007855027455746
ecgclass,fifo,6.9071,5367.6872,96.588,93.9098,0.0024,0.6802,5270.4592,0.0,5271.0992,1778007855131550707
ecgclass,fifo,6.9258,5348.9799,96.588,93.9098,0.0024,0.6802,5251.7359,0.0,5252.392,1778007855131550707
ecgclass,fifo,6.9578,5317.04,96.588,93.9098,0.0024,0.6802,5219.7764,0.0,5220.452,1778007855131550707
ecgclass,fifo,6.972,5405.7794,102.2313,100.8486,0.0028,0.2251,5302.6736,0.0,5303.5481,1778007855228738523
ecgclass,fifo,6.9734,5404.4676,102.2313,100.8486,0.0028,0.2251,5301.3451,0.0,5302.2363,1778007855228738523
ecgclass,fifo,6.9839,5394.011,102.2313,100.8486,0.0028,0.2251,5290.8692,0.0,5291.7797,1778007855228738523
ecgclass,fifo,6.9901,5487.2029,99.0208,96.3253,0.0022,0.6862,5387.501,0.0,5388.1821,1778007855331659317
ecgclass,fifo,7.0289,5448.4713,99.0208,96.3253,0.0022,0.6862,5348.7523,0.0,5349.4505,1778007855331659317
ecgclass,fifo,7.0343,5443.1267,99.0208,96.3253,0.0022,0.6862,5343.3876,0.0,5344.1059,1778007855331659317
ecgclass,fifo,7.059,5514.8809,95.9512,93.2524,0.0026,0.6786,5418.2906,0.0,5418.9297,1778007855431286623
ecgclass,fifo,7.1047,5469.2121,95.9512,93.2524,0.0026,0.6786,5372.6053,0.0,5373.2608,1778007855431286623
ecgclass,fifo,7.1072,5466.6755,95.9512,93.2524,0.0026,0.6786,5370.0483,0.0,5370.7243,1778007855431286623
ecgclass,fifo,7.1266,5551.8696,103.928,101.2054,0.0022,0.6871,5447.2773,0.0,5447.9416,1778007855527848131
ecgclass,fifo,7.1784,5500.0293,103.928,101.2054,0.0022,0.6871,5395.4203,0.0,5396.1013,1778007855527848131
ecgclass,fifo,7.1887,5489.7537,103.928,101.2054,0.0022,0.6871,5385.1259,0.0,5385.8257,1778007855527848131
ecgclass,fifo,7.1993,5577.6758,97.9039,95.1994,0.0032,0.6832,5479.1093,0.0,5479.7719,1778007855632401521
ecgclass,fifo,7.2129,5564.0633,97.9039,95.1994,0.0032,0.6832,5465.4813,0.0,5466.1594,1778007855632401521
ecgclass,fifo,7.2162,5560.8354,97.9039,95.1994,0.0032,0.6832,5462.235,0.0,5462.9314,1778007855632401521
ecgclass,fifo,7.2194,5655.0338,96.8038,94.0912,0.0025,0.6865,5557.5798,0.0,5558.23,1778007855730973907
ecgclass,fifo,7.2823,5592.0894,96.8038,94.0912,0.0025,0.6865,5494.6187,0.0,5495.2856,1778007855730973907
ecgclass,fifo,7.3302,5544.2007,96.8038,94.0912,0.0025,0.6865,5446.7094,0.0,5447.3968,1778007855730973907
ecgclass,fifo,7.3422,5637.1944,104.3393,101.6356,0.0026,0.6708,5532.1813,0.0,5532.8551,1778007855828385552
ecgclass,fifo,7.3487,5630.6505,104.3393,101.6356,0.0026,0.6708,5525.6224,0.0,5526.3112,1778007855828385552
ecgclass,fifo,7.3748,5604.6541,104.3393,101.6356,0.0026,0.6708,5499.6061,0.0,5500.3147,1778007855828385552
ecgclass,fifo,7.4618,5617.7785,99.441,96.7656,0.0024,0.6664,5517.5705,0.0,5518.3376,1778007855933351274
ecgclass,fifo,7.5054,5574.1968,99.441,96.7656,0.0024,0.6664,5473.9661,0.0,5474.7558,1778007855933351274
ecgclass,fifo,7.5157,5563.8955,99.441,96.7656,0.0024,0.6664,5463.6369,0.0,5464.4545,1778007855933351274
ecgclass,fifo,7.5281,5649.6136,97.5834,94.8623,0.0025,0.6927,5551.3055,0.0,5552.0303,1778007856033420184
ecgclass,fifo,7.5505,5627.2326,97.5834,94.8623,0.0025,0.6927,5528.9009,0.0,5529.6492,1778007856033420184
ecgclass,fifo,7.5649,5612.859,97.5834,94.8623,0.0025,0.6927,5514.5013,0.0,5515.2757,1778007856033420184
ecgclass,fifo,7.5723,5709.8415,103.826,101.109,0.0028,0.6809,5605.3352,0.0,5606.0155,1778007856131611622
ecgclass,fifo,7.5783,5703.7795,103.826,101.109,0.0028,0.6809,5599.257,0.0,5599.9535,1778007856131611622
ecgclass,fifo,7.5997,5682.4632,103.826,101.109,0.0028,0.6809,5577.9204,0.0,5578.6372,1778007856131611622
ecgclass,fifo,7.67,5709.1382,96.4272,93.7203,0.003,0.6642,5612.0102,0.0,5612.711,1778007856236053272
ecgclass,fifo,7.6734,5705.7557,96.4272,93.7203,0.003,0.6642,5608.609,0.0,5609.3286,1778007856236053272
ecgclass,fifo,7.6977,5681.4618,96.4272,93.7203,0.003,0.6642,5584.3067,0.0,5585.0347,1778007856236053272
ecgclass,fifo,7.7495,5725.5914,95.3958,92.696,0.0024,0.6868,5629.5493,0.0,5630.1956,1778007856333087702
ecgclass,fifo,7.7497,5725.4026,95.3958,92.696,0.0024,0.6868,5629.3466,0.0,5630.0068,1778007856333087702
ecgclass,fifo,7.7611,5714.0796,95.3958,92.696,0.0024,0.6868,5618.005,0.0,5618.6838,1778007856333087702
ecgclass,fifo,7.7881,5791.7895,104.1299,101.4469,0.0027,0.6743,5687.0005,0.0,5687.6597,1778007856429087886
ecgclass,fifo,7.8332,5746.6362,104.1299,101.4469,0.0027,0.6743,5641.83,0.0,5642.5063,1778007856429087886
ecgclass,fifo,7.8905,5689.3644,104.1299,101.4469,0.0027,0.6743,5584.5387,0.0,5585.2346,1778007856429087886
ecgclass,fifo,7.8965,5780.4351,96.4322,93.7618,0.0033,0.6753,5683.346,0.0,5684.0028,1778007856533824830
ecgclass,fifo,7.8977,5779.2203,96.4322,93.7618,0.0033,0.6753,5682.1151,0.0,5682.7881,1778007856533824830
ecgclass,fifo,7.9052,5771.7102,96.4322,93.7618,0.0033,0.6753,5674.5858,0.0,5675.2779,1778007856533824830
ecgclass,fifo,7.9214,5851.1529,95.1352,93.9164,0.0031,0.1958,5755.398,0.0,5756.0177,1778007856630847632
ecgclass,fifo,7.9267,5845.9711,95.1352,93.9164,0.0031,0.1958,5750.1261,0.0,5750.8359,1778007856630847632
ecgclass,fifo,7.935,5837.714,95.1352,93.9164,0.0031,0.1958,5741.8597,0.0,5742.5787,1778007856630847632
ecgclass,fifo,7.9636,5913.9328,104.2201,101.5163,0.0025,0.683,5809.0467,0.0,5809.7127,1778007856726648451
ecgclass,fifo,7.9637,5913.8618,104.2201,101.5163,0.0025,0.683,5808.9604,0.0,5809.6416,1778007856726648451
ecgclass,fifo,7.999,5878.5868,104.2201,101.5163,0.0025,0.683,5773.6661,0.0,5774.3667,1778007856726648451
ecgclass,fifo,7.9991,5974.6692,95.6782,92.9735,0.0027,0.6761,5878.3538,0.0,5878.991,1778007856831484273
ecgclass,fifo,8.0186,5955.1775,95.6782,92.9735,0.0027,0.6761,5858.8455,0.0,5859.4994,1778007856831484273
ecgclass,fifo,8.02,5953.7792,95.6782,92.9735,0.0027,0.6761,5857.429,0.0,5858.101,1778007856831484273
ecgclass,fifo,8.0264,6050.5774,102.4664,101.3417,0.0022,0.1604,5947.3584,0.0,5948.111,1778007856927746916
ecgclass,fifo,8.0377,6039.2592,102.4664,101.3417,0.0022,0.1604,5936.0223,0.0,5936.7928,1778007856927746916
ecgclass,fifo,8.0818,5995.2238,102.4664,101.3417,0.0022,0.1604,5891.9659,0.0,5892.7574,1778007856927746916
ecgclass,fifo,8.0861,6091.0916,99.5102,96.7327,0.0023,0.6852,5990.8311,0.0,5991.5814,1778007857030952062
ecgclass,fifo,8.1635,6013.7146,99.5102,96.7327,0.0023,0.6852,5913.4328,0.0,5914.2043,1778007857030952062
ecgclass,fifo,8.2071,5970.1521,99.5102,96.7327,0.0023,0.6852,5869.8571,0.0,5870.6419,1778007857030952062
ecgclass,fifo,8.2084,6066.2293,96.7855,94.0992,0.0027,0.6798,5968.785,0.0,5969.4438,1778007857131217932
ecgclass,fifo,8.2085,6066.1685,96.7855,94.0992,0.0027,0.6798,5968.7073,0.0,5969.383,1778007857131217932
ecgclass,fifo,8.2118,6062.8386,96.7855,94.0992,0.0027,0.6798,5965.3578,0.0,5966.053,1778007857131217932
ecgclass,fifo,8.2317,6147.3987,103.8189,101.1146,0.0025,0.6476,6042.8698,0.0,6043.5798,1778007857228594746
ecgclass,fifo,8.3549,6024.2119,103.8189,101.1146,0.0025,0.6476,5919.6663,0.0,5920.3929,1778007857228594746
ecgclass,fifo,8.3624,6016.7222,103.8189,101.1146,0.0025,0.6476,5912.1683,0.0,5912.9033,1778007857228594746
ecgclass,fifo,8.39,6088.1534,98.4555,95.7077,0.0025,0.6699,5989.038,0.0,5989.6978,1778007857333053244
ecgclass,fifo,8.3914,6086.8065,98.4555,95.7077,0.0025,0.6699,5987.6754,0.0,5988.351,1778007857333053244
ecgclass,fifo,8.4226,6055.562,98.4555,95.7077,0.0025,0.6699,5956.4121,0.0,5957.1065,1778007857333053244
ecgclass,fifo,8.4645,6110.9331,96.6232,93.8574,0.0029,0.6713,6013.6096,0.0,6014.3098,1778007857432125888
ecgclass,fifo,8.5071,6068.315,96.6232,93.8574,0.0029,0.6713,5970.9687,0.0,5971.6918,1778007857432125888
ecgclass,fifo,8.5523,6023.1526,96.6232,93.8574,0.0029,0.6713,5925.7767,0.0,5926.5294,1778007857432125888
ecgclass,fifo,8.5858,6094.327,104.0212,101.2373,0.0023,0.663,5989.5644,0.0,5990.3058,1778007857529381020
ecgclass,fifo,8.5872,6092.9594,104.0212,101.2373,0.0023,0.663,5988.1713,0.0,5988.9382,1778007857529381020
ecgclass,fifo,8.6035,6076.6466,104.0212,101.2373,0.0023,0.663,5971.828,0.0,5972.6254,1778007857529381020
ecgclass,fifo,8.6117,6165.9422,96.8772,94.1788,0.0027,0.6789,6068.4547,0.0,6069.065,1778007857634120783
ecgclass,fifo,8.622,6155.6082,96.8772,94.1788,0.0027,0.6789,6058.1069,0.0,6058.7309,1778007857634120783
ecgclass,fifo,8.6669,6110.7087,96.8772,94.1788,0.0027,0.6789,6013.1893,0.0,6013.8315,1778007857634120783
ecgclass,fifo,8.709,6165.3421,95.8766,93.2018,0.0025,0.6901,6068.779,0.0,6069.4655,1778007857731759416
ecgclass,fifo,8.7329,6141.4337,95.8766,93.2018,0.0025,0.6901,6044.853,0.0,6045.5571,1778007857731759416
ecgclass,fifo,8.7372,6137.1531,95.8766,93.2018,0.0025,0.6901,6040.5629,0.0,6041.2766,1778007857731759416
ecgclass,fifo,8.76,6219.0821,104.1831,101.4803,0.0029,0.6693,6114.2066,0.0,6114.899,1778007857828270439
ecgclass,fifo,8.7653,6213.8104,104.1831,101.4803,0.0029,0.6693,6108.9203,0.0,6109.6273,1778007857828270439
ecgclass,fifo,8.7966,6182.5814,104.1831,101.4803,0.0029,0.6693,6077.6827,0.0,6078.3983,1778007857828270439
ecgclass,fifo,8.799,6276.4816,95.763,93.0404,0.0035,0.6841,6180.0504,0.0,6180.7186,1778007857933090424
ecgclass,fifo,8.8229,6252.6305,95.763,93.0404,0.0035,0.6841,6156.184,0.0,6156.8675,1778007857933090424
ecgclass,fifo,8.8335,6242.0566,95.763,93.0404,0.0035,0.6841,6145.5917,0.0,6146.2936,1778007857933090424
ecgclass,fifo,8.8336,6337.8134,95.4146,92.7122,0.0023,0.7015,6241.8821,0.0,6242.3987,1778007858029469278
ecgclass,fifo,8.8614,6309.9699,95.4146,92.7122,0.0023,0.7015,6214.026,0.0,6214.5553,1778007858029469278
ecgclass,fifo,8.8638,6307.6324,95.4146,92.7122,0.0023,0.7015,6211.6375,0.0,6212.2178,1778007858029469278
ecgclass,fifo,8.9494,6327.0791,104.326,101.6602,0.0023,0.6697,6222.0533,0.0,6222.753,1778007858125453346
ecgclass,fifo,8.9638,6312.6557,104.326,101.6602,0.0023,0.6697,6207.6142,0.0,6208.3297,1778007858125453346
ecgclass,fifo,8.9703,6306.1767,104.326,101.6602,0.0023,0.6697,6201.1266,0.0,6201.8506,1778007858125453346
ecgclass,fifo,8.9736,6400.3224,96.834,94.1342,0.0028,0.669,6302.7484,0.0,6303.4885,1778007858230389165
ecgclass,fifo,8.9884,6385.613,96.834,94.1342,0.0028,0.669,6288.0168,0.0,6288.779,1778007858230389165
ecgclass,fifo,9.016,6357.9564,96.834,94.1342,0.0028,0.669,6260.3469,0.0,6261.1224,1778007858230389165
ecgclass,fifo,9.0524,6421.658,99.4406,98.1471,0.0026,0.1962,6321.6112,0.0,6322.2174,1778007858327995706
ecgclass,fifo,9.0698,6404.2602,99.4406,98.1471,0.0026,0.1962,6304.1952,0.0,6304.8195,1778007858327995706
ecgclass,fifo,9.1374,6336.6628,99.4406,98.1471,0.0026,0.1962,6236.578,0.0,6237.2222,1778007858327995706
ecgclass,fifo,9.1679,6409.4856,102.6163,99.8916,0.0031,0.6737,6306.0682,0.0,6306.8693,1778007858427980649
ecgclass,fifo,9.1715,6405.9539,102.6163,99.8916,0.0031,0.6737,6302.511,0.0,6303.3376,1778007858427980649
ecgclass,fifo,9.2361,6341.3143,102.6163,99.8916,0.0031,0.6737,6237.8573,0.0,6238.698,1778007858427980649
ecgclass,fifo,9.2447,6430.4783,97.2665,94.4825,0.0023,0.675,6332.4759,0.0,6333.2118,1778007858531226179
ecgclass,fifo,9.3139,6361.3369,97.2665,94.4825,0.0023,0.675,6263.3121,0.0,6264.0705,1778007858531226179
ecgclass,fifo,9.3185,6356.7889,97.2665,94.4825,0.0023,0.675,6258.7502,0.0,6259.5224,1778007858531226179
ecgclass,fifo,9.3289,6449.3365,102.2025,101.1037,0.0036,0.1648,6346.3674,0.0,6347.134,1778007858629270449
ecgclass,fifo,9.3527,6425.5457,102.2025,101.1037,0.0036,0.1648,6322.5522,0.0,6323.3432,1778007858629270449
ecgclass,fifo,9.3541,6424.2065,102.2025,101.1037,0.0036,0.1648,6321.2035,0.0,6322.004,1778007858629270449
ecgclass,fifo,9.4071,6471.4868,99.6603,96.9348,0.0024,0.6418,6371.0716,0.0,6371.8265,1778007858732150918
ecgclass,fifo,9.4157,6462.8961,99.6603,96.9348,0.0024,0.6418,6362.4451,0.0,6363.2358,1778007858732150918
ecgclass,fifo,9.42,6458.6236,99.6603,96.9348,0.0024,0.6418,6358.1419,0.0,6358.9634,1778007858732150918
ecgclass,fifo,9.4213,6555.413,97.6559,94.9393,0.0024,0.6727,6457.1199,0.0,6457.7571,1778007858832432663
ecgclass,fifo,9.4227,6553.9784,97.6559,94.9393,0.0024,0.6727,6455.6684,0.0,6456.3225,1778007858832432663
ecgclass,fifo,9.4228,6553.9539,97.6559,94.9393,0.0024,0.6727,6455.6255,0.0,6456.298,1778007858832432663
ecgclass,fifo,9.4302,6651.5915,104.2972,101.5732,0.0028,0.6862,6546.5431,0.0,6547.2943,1778007858930753489
ecgclass,fifo,9.4375,6644.3012,104.2972,101.5732,0.0028,0.6862,6539.2356,0.0,6540.004,1778007858930753489
ecgclass,fifo,9.4583,6623.5528,104.2972,101.5732,0.0028,0.6862,6518.4584,0.0,6519.2556,1778007858930753489
ecgclass,fifo,9.5039,6677.8915,99.2902,96.5771,0.0026,0.6815,6577.8213,0.0,6578.6013,1778007859035707959
ecgclass,fifo,9.5272,6654.5544,99.2902,96.5771,0.0026,0.6815,6554.4581,0.0,6555.2642,1778007859035707959
ecgclass,fifo,9.5496,6632.1771,99.2902,96.5771,0.0026,0.6815,6532.0668,0.0,6532.8869,1778007859035707959
ecgclass,fifo,9.56,6718.2281,95.9008,93.1757,0.0026,0.6849,6621.5785,0.0,6622.3273,1778007859135588987
ecgclass,fifo,9.5801,6698.1654,95.9008,93.1757,0.0026,0.6849,6601.4967,0.0,6602.2646,1778007859135588987
ecgclass,fifo,9.5957,6682.5507,95.9008,93.1757,0.0026,0.6849,6585.8538,0.0,6586.6499,1778007859135588987
ecgclass,fifo,9.597,6786.1912,104.2836,101.5721,0.0025,0.664,6681.1576,0.0,6681.9076,1778007859232145540
ecgclass,fifo,9.6022,6781.0071,104.2836,101.5721,0.0025,0.664,6675.9555,0.0,6676.7235,1778007859232145540
ecgclass,fifo,9.607,6776.2418,104.2836,101.5721,0.0025,0.664,6671.1767,0.0,6671.9582,1778007859232145540
ecgclass,fifo,9.6085,6871.4528,96.1799,93.4697,0.003,0.6743,6774.5724,0.0,6775.2729,1778007859337085393
ecgclass,fifo,9.619,6860.9891,96.1799,93.4697,0.003,0.6743,6764.092,0.0,6764.8092,1778007859337085393
ecgclass,fifo,9.6191,6860.9128,96.1799,93.4697,0.003,0.6743,6763.9964,0.0,6764.7329,1778007859337085393
ecgclass,fifo,9.6492,6927.9115,96.4253,93.6576,0.0033,0.6767,6830.7431,0.0,6831.4862,1778007859433910103
ecgclass,fifo,9.6801,6896.9767,96.4253,93.6576,0.0033,0.6767,6799.7918,0.0,6800.5514,1778007859433910103
ecgclass,fifo,9.6824,6894.6502,96.4253,93.6576,0.0033,0.6767,6797.452,0.0,6798.2249,1778007859433910103
ecgclass,fifo,9.6837,6998.3814,104.4244,101.6918,0.0023,0.6801,6893.2149,0.0,6893.9569,1778007859530965147
ecgclass,fifo,9.7476,6934.5195,104.4244,101.6918,0.0023,0.6801,6829.3345,0.0,6830.0951,1778007859530965147
ecgclass,fifo,9.753,6929.1024,104.4244,101.6918,0.0023,0.6801,6823.9048,0.0,6824.678,1778007859530965147
ecgclass,fifo,9.7669,7012.8963,97.0689,94.3249,0.0025,0.6692,6915.1087,0.0,6915.8274,1778007859636017477
ecgclass,fifo,9.7793,7000.4716,97.0689,94.3249,0.0025,0.6692,6902.6558,0.0,6903.4027,1778007859636017477
ecgclass,fifo,9.8051,6974.7217,97.0689,94.3249,0.0025,0.6692,6876.8919,0.0,6877.6528,1778007859636017477
ecgclass,fifo,9.825,7049.3255,93.9671,92.658,0.0023,0.2219,6954.6766,0.0,6955.3584,1778007859733693081
ecgclass,fifo,9.8716,7002.7573,93.9671,92.658,0.0023,0.2219,6908.0923,0.0,6908.7902,1778007859733693081
ecgclass,fifo,9.8753,6999.0048,93.9671,92.658,0.0023,0.2219,6904.33,0.0,6905.0378,1778007859733693081
ecgclass,fifo,9.8956,7082.32,102.9419,100.2543,0.0024,0.6662,6978.6925,0.0,6979.3781,1778007859828267271
ecgclass,fifo,9.9038,7074.0943,102.9419,100.2543,0.0024,0.6662,6970.4497,0.0,6971.1524,1778007859828267271
ecgclass,fifo,9.9193,7058.6431,102.9419,100.2543,0.0024,0.6662,6954.9789,0.0,6955.7013,1778007859828267271
gestureclass,fifo,0.0002,391.6693,390.2804,370.6476,0.0025,18.9085,0.947,0.0,1.3888,1778007842955188109
gestureclass,fifo,0.0116,536.8667,155.9907,141.6446,0.0031,4.5753,380.3976,0.0,380.876,1778007843346046772
gestureclass,fifo,0.035,513.6523,155.9907,141.6446,0.0031,4.5753,357.0051,0.0,357.6616,1778007843346046772
gestureclass,fifo,0.0474,501.2565,155.9907,141.6446,0.0031,4.5753,344.5966,0.0,345.2658,1778007843346046772
gestureclass,fifo,0.0521,650.3928,153.252,150.5674,0.003,0.6911,496.5897,0.0,497.1408,1778007843502682053
gestureclass,fifo,0.0521,650.3503,153.252,150.5674,0.003,0.6911,496.532,0.0,497.0984,1778007843502682053
gestureclass,fifo,0.0835,618.9938,153.252,150.5674,0.003,0.6911,465.1616,0.0,465.7418,1778007843502682053
gestureclass,fifo,0.0849,775.3973,157.1973,155.8199,0.0032,0.2492,617.6727,0.0,618.2,1778007843656578529
gestureclass,fifo,0.0892,771.2626,157.1973,155.8199,0.0032,0.2492,613.3664,0.0,614.0653,1778007843656578529
gestureclass,fifo,0.1078,752.7013,157.1973,155.8199,0.0032,0.2492,594.7874,0.0,595.504,1778007843656578529
gestureclass,fifo,0.1152,897.4063,151.7002,148.9307,0.0026,0.6884,745.1456,0.0,745.7062,1778007843814373483
gestureclass,fifo,0.1275,885.1938,151.7002,148.9307,0.0026,0.6884,732.8582,0.0,733.4937,1778007843814373483
gestureclass,fifo,0.1399,872.853,151.7002,148.9307,0.0026,0.6884,720.5057,0.0,721.1529,1778007843814373483
gestureclass,fifo,0.1399,1025.0161,151.6686,150.4867,0.0026,0.1999,872.8149,0.0,873.3475,1778007843966768764
gestureclass,fifo,0.1845,980.4711,151.6686,150.4867,0.0026,0.1999,828.2495,0.0,828.8026,1778007843966768764
gestureclass,fifo,0.2653,899.7469,151.6686,150.4867,0.0026,0.1999,747.4124,0.0,748.0783,1778007843966768764
gestureclass,fifo,0.2795,1040.1025,154.01,151.3897,0.0031,0.664,885.5619,0.0,886.0925,1778007844119109520
gestureclass,fifo,0.2878,1031.8394,154.01,151.3897,0.0031,0.664,877.2845,0.0,877.8294,1778007844119109520
gestureclass,fifo,0.3331,986.598,154.01,151.3897,0.0031,0.664,832.0289,0.0,832.588,1778007844119109520
gestureclass,fifo,0.3434,1125.0446,148.2058,147.0099,0.0032,0.1952,976.299,0.0,976.8388,1778007844273746869
gestureclass,fifo,0.3633,1105.2592,148.2058,147.0099,0.0032,0.1952,956.4626,0.0,957.0534,1778007844273746869
gestureclass,fifo,0.4043,1064.2171,148.2058,147.0099,0.0032,0.1952,915.4129,0.0,916.0113,1778007844273746869
gestureclass,fifo,0.4128,1210.4104,154.1905,151.5007,0.003,0.6891,1055.7249,0.0,1056.2199,1778007844422517591
gestureclass,fifo,0.452,1171.232,154.1905,151.5007,0.003,0.6891,1016.5324,0.0,1017.0415,1778007844422517591
gestureclass,fifo,0.4743,1148.9122,154.1905,151.5007,0.003,0.6891,994.1626,0.0,994.7217,1778007844422517591
gestureclass,fifo,0.4945,1279.3767,149.9041,147.9968,0.0031,0.438,1128.8753,0.0,1129.4726,1778007844577362880
gestureclass,fifo,0.5306,1243.2823,149.9041,147.9968,0.0031,0.438,1092.7458,0.0,1093.3782,1778007844577362880
gestureclass,fifo,0.5307,1243.2213,149.9041,147.9968,0.0031,0.438,1092.6728,0.0,1093.3172,1778007844577362880
gestureclass,fifo,0.5383,1392.8857,156.7238,154.0676,0.0027,0.6817,1235.5249,0.0,1236.1619,1778007844727875477
gestureclass,fifo,0.5429,1388.2937,156.7238,154.0676,0.0027,0.6817,1230.9172,0.0,1231.5699,1778007844727875477
gestureclass,fifo,0.5486,1382.6869,156.7238,154.0676,0.0027,0.6817,1225.2576,0.0,1225.9631,1778007844727875477
gestureclass,fifo,0.5577,1521.5881,147.4814,144.6643,0.0038,0.6482,1373.5402,0.0,1374.1067,1778007844885230496
gestureclass,fifo,0.5625,1516.8288,147.4814,144.6643,0.0038,0.6482,1368.762,0.0,1369.3473,1778007844885230496
gestureclass,fifo,0.5742,1505.1231,147.4814,144.6643,0.0038,0.6482,1356.9715,0.0,1357.6417,1778007844885230496
gestureclass,fifo,0.5816,1654.9947,156.6011,153.9328,0.0026,0.6916,1497.8299,0.0,1498.3937,1778007845033483928
gestureclass,fifo,0.5931,1643.5862,156.6011,153.9328,0.0026,0.6916,1486.397,0.0,1486.9851,1778007845033483928
gestureclass,fifo,0.6055,1631.1362,156.6011,153.9328,0.0026,0.6916,1473.9397,0.0,1474.5351,1778007845033483928
gestureclass,fifo,0.6112,1773.8068,147.7138,145.0099,0.0037,0.6802,1625.5639,0.0,1626.093,1778007845190754899
gestureclass,fifo,0.6311,1754.0183,147.7138,145.0099,0.0037,0.6802,1605.6676,0.0,1606.3045,1778007845190754899
gestureclass,fifo,0.6544,1730.7117,147.7138,145.0099,0.0037,0.6802,1582.3209,0.0,1582.9979,1778007845190754899
gestureclass,fifo,0.6861,1855.0329,155.4623,152.8465,0.0035,0.6746,1699.0488,0.0,1699.5706,1778007845339179269
gestureclass,fifo,0.6895,1851.6901,155.4623,152.8465,0.0035,0.6746,1695.6542,0.0,1696.2277,1778007845339179269
gestureclass,fifo,0.7096,1831.5833,155.4623,152.8465,0.0035,0.6746,1675.539,0.0,1676.121,1778007845339179269
gestureclass,fifo,0.7374,1955.5502,151.0071,148.3736,0.0033,0.6842,1803.9293,0.0,1804.5431,1778007845495333469
gestureclass,fifo,0.7378,1955.1699,151.0071,148.3736,0.0033,0.6842,1803.5307,0.0,1804.1628,1778007845495333469
gestureclass,fifo,0.7496,1943.4018,151.0071,148.3736,0.0033,0.6842,1791.7416,0.0,1792.3947,1778007845495333469
gestureclass,fifo,0.7697,2079.3841,155.5039,152.8232,0.0027,0.6902,1923.2352,0.0,1923.8802,1778007845646994774
gestureclass,fifo,0.7743,2074.8417,155.5039,152.8232,0.0027,0.6902,1918.6773,0.0,1919.3378,1778007845646994774
gestureclass,fifo,0.8109,2038.2206,155.5039,152.8232,0.0027,0.6902,1882.0424,0.0,1882.7167,1778007845646994774
gestureclass,fifo,0.8374,2165.3392,153.181,150.4684,0.0029,0.6671,2011.6255,0.0,2012.1582,1778007845803072182
gestureclass,fifo,0.8407,2162.0839,153.181,150.4684,0.0029,0.6671,2008.3554,0.0,2008.9028,1778007845803072182
gestureclass,fifo,0.8526,2150.2268,153.181,150.4684,0.0029,0.6671,1996.484,0.0,1997.0458,1778007845803072182
gestureclass,fifo,0.9201,2237.8764,154.5382,153.3974,0.0029,0.1738,2082.8054,0.0,2083.3382,1778007845956884563
gestureclass,fifo,0.9365,2221.503,154.5382,153.3974,0.0029,0.1738,2066.4055,0.0,2066.9648,1778007845956884563
gestureclass,fifo,0.9649,2193.0523,154.5382,153.3974,0.0029,0.1738,2037.9326,0.0,2038.5141,1778007845956884563
gestureclass,fifo,1.0139,2296.3283,151.6743,148.9855,0.0029,0.6877,2144.1979,0.0,2144.6541,1778007846112065452
gestureclass,fifo,1.0262,2284.0729,151.6743,148.9855,0.0029,0.6877,2131.8543,0.0,2132.3986,1778007846112065452
gestureclass,fifo,1.0275,2282.7942,151.6743,148.9855,0.0029,0.6877,2130.5456,0.0,2131.12,1778007846112065452
gestureclass,fifo,1.0328,2432.2822,153.9923,152.8477,0.0028,0.1807,2277.6582,0.0,2278.2899,1778007846264473187
gestureclass,fifo,1.0474,2417.7787,153.9923,152.8477,0.0028,0.1807,2263.0639,0.0,2263.7864,1778007846264473187
gestureclass,fifo,1.0573,2407.9118,153.9923,152.8477,0.0028,0.1807,2253.1829,0.0,2253.9195,1778007846264473187
gestureclass,fifo,1.0743,2544.0872,152.8215,150.0801,0.0029,0.6914,2390.7688,0.0,2391.2657,1778007846419069828
gestureclass,fifo,1.1017,2516.7346,152.8215,150.0801,0.0029,0.6914,2363.3628,0.0,2363.9131,1778007846419069828
gestureclass,fifo,1.1311,2487.3099,152.8215,150.0801,0.0029,0.6914,2333.9303,0.0,2334.4885,1778007846419069828
gestureclass,fifo,1.1515,2618.3903,150.8641,149.6501,0.0031,0.1944,2467.0045,0.0,2467.5263,1778007846572526467
gestureclass,fifo,1.2087,2561.1711,150.8641,149.6501,0.0031,0.1944,2409.7655,0.0,2410.307,1778007846572526467
gestureclass,fifo,1.2818,2488.0991,150.8641,149.6501,0.0031,0.1944,2336.679,0.0,2337.235,1778007846572526467
gestureclass,fifo,1.3078,2618.2399,155.6816,152.9632,0.0027,0.6891,2462.0342,0.0,2462.5583,1778007846723892045
gestureclass,fifo,1.3462,2579.9434,155.6816,152.9632,0.0027,0.6891,2423.6839,0.0,2424.2618,1778007846723892045
gestureclass,fifo,1.3565,2569.6645,155.6816,152.9632,0.0027,0.6891,2413.3956,0.0,2413.9829,1778007846723892045
gestureclass,fifo,1.36,2712.8627,146.1904,144.8917,0.0029,0.225,2566.1783,0.0,2566.6723,1778007846880230663
gestureclass,fifo,1.3764,2696.7084,146.1904,144.8917,0.0029,0.225,2549.8443,0.0,2550.518,1778007846880230663
gestureclass,fifo,1.4281,2645.0191,146.1904,144.8917,0.0029,0.225,2498.1391,0.0,2498.8287,1778007846880230663
gestureclass,fifo,1.4314,2798.4138,155.9501,153.2701,0.003,0.6943,2641.6893,0.0,2642.4637,1778007847027128839
gestureclass,fifo,1.4418,2788.0933,155.9501,153.2701,0.003,0.6943,2631.3519,0.0,2632.1432,1778007847027128839
gestureclass,fifo,1.4613,2768.5413,155.9501,153.2701,0.003,0.6943,2611.7792,0.0,2612.5913,1778007847027128839
gestureclass,fifo,1.4717,2910.0201,151.4669,148.8372,0.0029,0.6648,2758.0662,0.0,2758.5532,1778007847183747711
gestureclass,fifo,1.4729,2908.767,151.4669,148.8372,0.0029,0.6648,2756.7964,0.0,2757.3001,1778007847183747711
gestureclass,fifo,1.5563,2825.454,151.4669,148.8372,0.0029,0.6648,2673.4333,0.0,2673.9871,1778007847183747711
gestureclass,fifo,1.5712,2967.5965,156.5322,153.8676,0.0027,0.678,2810.4942,0.0,2811.0643,1778007847335718203
gestureclass,fifo,1.5772,2961.6399,156.5322,153.8676,0.0027,0.678,2804.5228,0.0,2805.1077,1778007847335718203
gestureclass,fifo,1.5875,2951.3481,156.5322,153.8676,0.0027,0.678,2794.2164,0.0,2794.8159,1778007847335718203
gestureclass,fifo,1.5875,3102.8309,150.8683,148.2427,0.0024,0.675,2951.3342,0.0,2951.9626,1778007847492890216
gestureclass,fifo,1.6039,3086.5662,150.8683,148.2427,0.0024,0.675,2934.9725,0.0,2935.6979,1778007847492890216
gestureclass,fifo,1.6367,3053.827,150.8683,148.2427,0.0024,0.675,2902.2236,0.0,2902.9587,1778007847492890216
gestureclass,fifo,1.6527,3197.5496,159.396,156.7229,0.003,0.678,3037.5931,0.0,3038.1535,1778007847644289771
gestureclass,fifo,1.6827,3167.5055,159.396,156.7229,0.003,0.678,3007.534,0.0,3008.1095,1778007847644289771
gestureclass,fifo,1.6965,3153.7886,159.396,156.7229,0.003,0.678,2993.7952,0.0,2994.3925,1778007847644289771
gestureclass,fifo,1.7256,3280.6594,155.3969,152.7057,0.0027,0.6841,3124.7542,0.0,3125.2626,1778007847804327580
gestureclass,fifo,1.7393,3266.9435,155.3969,152.7057,0.0027,0.6841,3110.9748,0.0,3111.5466,1778007847804327580
gestureclass,fifo,1.7595,3246.7554,155.3969,152.7057,0.0027,0.6841,3090.7779,0.0,3091.3585,1778007847804327580
gestureclass,fifo,1.7981,3363.2307,154.4052,153.1615,0.0031,0.2,3208.2534,0.0,3208.8255,1778007847960398362
gestureclass,fifo,1.8864,3274.9758,154.4052,153.1615,0.0031,0.2,3119.9832,0.0,3120.5706,1778007847960398362
gestureclass,fifo,1.8967,3264.6489,154.4052,153.1615,0.0031,0.2,3109.638,0.0,3110.2437,1778007847960398362
gestureclass,fifo,1.9663,3350.0376,154.2965,151.568,0.0031,0.6662,3195.0328,0.0,3195.7411,1778007848115343723
gestureclass,fifo,1.9686,3347.7447,154.2965,151.568,0.0031,0.6662,3192.7145,0.0,3193.4482,1778007848115343723
gestureclass,fifo,1.9862,3330.1549,154.2965,151.568,0.0031,0.6662,3175.1091,0.0,3175.8584,1778007848115343723
gestureclass,fifo,2.0008,3465.1148,149.1342,147.8726,0.0031,0.2014,3315.4733,0.0,3315.9807,1778007848270274062
gestureclass,fifo,2.0176,3448.3638,149.1342,147.8726,0.0031,0.2014,3298.6715,0.0,3299.2296,1778007848270274062
gestureclass,fifo,2.0544,3411.5646,149.1342,147.8726,0.0031,0.2014,3261.8647,0.0,3262.4304,1778007848270274062
gestureclass,fifo,2.0647,3554.9464,153.1322,150.4298,0.0031,0.684,3401.2172,0.0,3401.8142,1778007848419933689
gestureclass,fifo,2.1486,3471.0345,153.1322,150.4298,0.0031,0.684,3317.2863,0.0,3317.9023,1778007848419933689
gestureclass,fifo,2.164,3455.6983,153.1322,150.4298,0.0031,0.684,3301.9283,0.0,3302.5661,1778007848419933689
gestureclass,fifo,2.1936,3574.945,148.5292,147.2616,0.0032,0.2046,3425.935,0.0,3426.4158,1778007848573562416
gestureclass,fifo,2.2113,3557.3552,148.5292,147.2616,0.0032,0.2046,3408.2692,0.0,3408.826,1778007848573562416
gestureclass,fifo,2.2259,3542.8076,148.5292,147.2616,0.0032,0.2046,3393.693,0.0,3394.2784,1778007848573562416
gestureclass,fifo,2.2378,3684.8924,153.367,150.7136,0.0042,0.6714,3530.9873,0.0,3531.5254,1778007848722794117
gestureclass,fifo,2.2379,3684.8438,153.367,150.7136,0.0042,0.6714,3530.9241,0.0,3531.4768,1778007848722794117
gestureclass,fifo,2.3164,3606.385,153.367,150.7136,0.0042,0.6714,3452.4164,0.0,3453.018,1778007848722794117
gestureclass,fifo,2.3377,3734.8177,149.1375,147.8652,0.0031,0.2081,3585.0577,0.0,3585.6802,1778007848876801380
gestureclass,fifo,2.3925,3680.089,149.1375,147.8652,0.0031,0.2081,3530.2413,0.0,3530.9515,1778007848876801380
gestureclass,fifo,2.4746,3598.0856,149.1375,147.8652,0.0031,0.2081,3448.2238,0.0,3448.9481,1778007848876801380
gestureclass,fifo,2.5056,3721.0228,153.1868,150.5415,0.0031,0.6812,3567.2152,0.0,3567.836,1778007849026789698
gestureclass,fifo,2.5139,3712.7419,153.1868,150.5415,0.0031,0.6812,3558.913,0.0,3559.555,1778007849026789698
gestureclass,fifo,2.5281,3698.4928,153.1868,150.5415,0.0031,0.6812,3544.6427,0.0,3545.306,1778007849026789698
gestureclass,fifo,2.5283,3849.0458,150.0035,148.7498,0.0216,0.2041,3698.3414,0.0,3699.0422,1778007849180665667
gestureclass,fifo,2.5768,3800.575,150.0035,148.7498,0.0216,0.2041,3649.8485,0.0,3650.5715,1778007849180665667
gestureclass,fifo,2.6002,3777.2124,150.0035,148.7498,0.0216,0.2041,3626.462,0.0,3627.2088,1778007849180665667
gestureclass,fifo,2.6548,3876.3788,153.157,150.5075,0.0031,0.6725,3722.5978,0.0,3723.2218,1778007849331386357
gestureclass,fifo,2.7031,3828.0301,153.157,150.5075,0.0031,0.6725,3674.2289,0.0,3674.8731,1778007849331386357
gestureclass,fifo,2.7046,3826.6423,153.157,150.5075,0.0031,0.6725,3672.8199,0.0,3673.4853,1778007849331386357
gestureclass,fifo,2.7397,3939.5194,147.3892,146.212,0.0029,0.1981,3791.5158,0.0,3792.1302,1778007849485195253
gestureclass,fifo,2.7421,3937.1018,147.3892,146.212,0.0029,0.1981,3789.0785,0.0,3789.7126,1778007849485195253
gestureclass,fifo,2.7434,3935.832,147.3892,146.212,0.0029,0.1981,3787.7848,0.0,3788.4428,1778007849485195253
gestureclass,fifo,2.7666,4066.1829,152.9712,150.2666,0.003,0.6848,3912.5066,0.0,3913.2116,1778007849633093458
gestureclass,fifo,2.7783,4054.5228,152.9712,150.2666,0.003,0.6848,3900.8162,0.0,3901.5515,1778007849633093458
gestureclass,fifo,2.8099,4022.9173,152.9712,150.2666,0.003,0.6848,3869.1952,0.0,3869.946,1778007849633093458
gestureclass,fifo,2.8761,4106.5042,149.3715,148.1005,0.0029,0.2027,3956.6815,0.0,3957.1327,1778007849786747003
gestureclass,fifo,2.8863,4096.276,149.3715,148.1005,0.0029,0.2027,3946.3832,0.0,3946.9045,1778007849786747003
gestureclass,fifo,2.9057,4077.0795,149.3715,148.1005,0.0029,0.2027,3927.0749,0.0,3927.708,1778007849786747003
gestureclass,fifo,2.9057,4233.0813,155.3693,152.5458,0.003,0.6785,4077.0245,0.0,4077.712,1778007849936778790
gestureclass,fifo,2.9103,4228.5404,155.3693,152.5458,0.003,0.6785,4072.4685,0.0,4073.1711,1778007849936778790
gestureclass,fifo,2.9327,4206.1961,155.3693,152.5458,0.003,0.6785,4050.1089,0.0,4050.8267,1778007849936778790
gestureclass,fifo,2.9328,4357.45,150.9133,148.2666,0.0027,0.6818,4206.0456,0.0,4206.5367,1778007850092821127
gestureclass,fifo,2.9529,4337.3408,150.9133,148.2666,0.0027,0.6818,4185.8871,0.0,4186.4275,1778007850092821127
gestureclass,fifo,2.9728,4317.4469,150.9133,148.2666,0.0027,0.6818,4165.9846,0.0,4166.5336,1778007850092821127
gestureclass,fifo,2.9752,4474.3955,158.5488,155.8809,0.0033,0.6673,4315.2027,0.0,4315.8467,1778007850244394061
gestureclass,fifo,3.0276,4422.0412,158.5488,155.8809,0.0033,0.6673,4262.8276,0.0,4263.4924,1778007850244394061
gestureclass,fifo,3.0559,4393.7628,158.5488,155.8809,0.0033,0.6673,4234.5276,0.0,4235.214,1778007850244394061
gestureclass,fifo,3.1045,4496.0041,150.1371,147.4986,0.0033,0.6494,4345.1679,0.0,4345.867,1778007850403706435
gestureclass,fifo,3.1078,4492.7063,150.1371,147.4986,0.0033,0.6494,4341.8534,0.0,4342.5692,1778007850403706435
gestureclass,fifo,3.1358,4464.7305,150.1371,147.4986,0.0033,0.6494,4313.8628,0.0,4314.5934,1778007850403706435
gestureclass,fifo,3.1444,4615.5088,158.6976,155.9642,0.003,0.6623,4456.1839,0.0,4456.8112,1778007850554572819
gestureclass,fifo,3.2053,4554.5747,158.6976,155.9642,0.003,0.6623,4395.2308,0.0,4395.8771,1778007850554572819
gestureclass,fifo,3.2182,4541.7144,158.6976,155.9642,0.003,0.6623,4382.3488,0.0,4383.0168,1778007850554572819
gestureclass,fifo,3.2377,4673.5303,150.7671,148.0364,0.0025,0.6891,4522.1584,0.0,4522.7632,1778007850713914438
gestureclass,fifo,3.244,4667.248,150.7671,148.0364,0.0025,0.6891,4515.862,0.0,4516.4809,1778007850713914438
gestureclass,fifo,3.2563,4654.9954,150.7671,148.0364,0.0025,0.6891,4503.5954,0.0,4504.2283,1778007850713914438
gestureclass,fifo,3.2851,4784.6282,157.8568,156.6848,0.0027,0.1766,4626.1163,0.0,4626.7714,1778007850865275961
gestureclass,fifo,3.3058,4763.9525,157.8568,156.6848,0.0027,0.1766,4605.418,0.0,4606.0957,1778007850865275961
gestureclass,fifo,3.3059,4763.89,157.8568,156.6848,0.0027,0.1766,4605.3455,0.0,4606.0333,1778007850865275961
gestureclass,fifo,3.3073,4915.5722,152.6213,149.9121,0.003,0.6757,4762.4114,0.0,4762.9509,1778007851023677104
gestureclass,fifo,3.3197,4903.1785,152.6213,149.9121,0.003,0.6757,4750.0021,0.0,4750.5572,1778007851023677104
gestureclass,fifo,3.3494,4873.4436,152.6213,149.9121,0.003,0.6757,4720.252,0.0,4720.8223,1778007851023677104
gestureclass,fifo,3.3684,5006.3355,151.2689,150.0629,0.0032,0.1661,4854.5694,0.0,4855.0666,1778007851176941534
gestureclass,fifo,3.3716,5003.1359,151.2689,150.0629,0.0032,0.1661,4851.3,0.0,4851.867,1778007851176941534
gestureclass,fifo,3.4042,4970.6309,151.2689,150.0629,0.0032,0.1661,4818.7237,0.0,4819.362,1778007851176941534
gestureclass,fifo,3.4724,5055.387,152.3429,149.6603,0.0032,0.6815,4902.4711,0.0,4903.0441,1778007851328893447
gestureclass,fifo,3.4799,5047.93,152.3429,149.6603,0.0032,0.6815,4894.9983,0.0,4895.5871,1778007851328893447
gestureclass,fifo,3.4943,5033.5119,152.3429,149.6603,0.0032,0.6815,4880.5649,0.0,4881.1689,1778007851328893447
gestureclass,fifo,3.5049,5174.8657,151.2343,150.0047,0.0029,0.2019,5023.0653,0.0,5023.6315,1778007851481944492
gestureclass,fifo,3.5122,5167.5553,151.2343,150.0047,0.0029,0.2019,5015.7404,0.0,5016.3211,1778007851481944492
gestureclass,fifo,3.5205,5159.3094,151.2343,150.0047,0.0029,0.2019,5007.4461,0.0,5008.0751,1778007851481944492
gestureclass,fifo,3.5278,5306.4036,153.7499,151.0909,0.0027,0.6774,5152.0259,0.0,5152.6537,1778007851633810015
gestureclass,fifo,3.5321,5302.1555,153.7499,151.0909,0.0027,0.6774,5147.7153,0.0,5148.4056,1778007851633810015
gestureclass,fifo,3.5323,5301.9466,153.7499,151.0909,0.0027,0.6774,5147.4988,0.0,5148.1967,1778007851633810015
gestureclass,fifo,3.5396,5445.5471,150.4805,148.5515,0.0031,0.3562,5294.6355,0.0,5295.0666,1778007851788218193
gestureclass,fifo,3.5832,5402.0352,150.4805,148.5515,0.0031,0.3562,5251.0211,0.0,5251.5548,1778007851788218193
gestureclass,fifo,3.5905,5394.7687,150.4805,148.5515,0.0031,0.3562,5243.746,0.0,5244.2883,1778007851788218193
gestureclass,fifo,3.596,5547.3068,157.4275,154.7641,0.0033,0.6808,5389.2939,0.0,5389.8792,1778007851939343058
gestureclass,fifo,3.6286,5514.8654,157.4275,154.7641,0.0033,0.6808,5356.7715,0.0,5357.4379,1778007851939343058
gestureclass,fifo,3.6388,5504.6096,157.4275,154.7641,0.0033,0.6808,5346.5033,0.0,5347.1821,1778007851939343058
gestureclass,fifo,3.6664,5628.2299,150.4755,147.7795,0.0027,0.6328,5477.1805,0.0,5477.7544,1778007852097579918
gestureclass,fifo,3.6893,5605.3767,150.4755,147.7795,0.0027,0.6328,5454.3076,0.0,5454.9012,1778007852097579918
gestureclass,fifo,3.7129,5581.78,150.4755,147.7795,0.0027,0.6328,5430.6915,0.0,5431.3045,1778007852097579918
gestureclass,fifo,3.7197,5734.2653,158.7429,156.0678,0.0028,0.6681,5574.9652,0.0,5575.5224,1778007852248659081
gestureclass,fifo,3.7383,5715.7497,158.7429,156.0678,0.0028,0.6681,5556.3025,0.0,5557.0068,1778007852248659081
gestureclass,fifo,3.7954,5658.6857,158.7429,156.0678,0.0028,0.6681,5499.2237,0.0,5499.9427,1778007852248659081
gestureclass,fifo,3.8226,5779.8369,147.6073,144.8932,0.0034,0.6751,5631.4349,0.0,5632.2296,1778007852408049003
gestureclass,fifo,3.8469,5755.564,147.6073,144.8932,0.0034,0.6751,5607.1427,0.0,5607.9566,1778007852408049003
gestureclass,fifo,3.8585,5744.0035,147.6073,144.8932,0.0034,0.6751,5595.5558,0.0,5596.3962,1778007852408049003
gestureclass,fifo,3.8826,5876.1308,155.918,153.2278,0.0028,0.6718,5719.7001,0.0,5720.2128,1778007852556316635
gestureclass,fifo,3.8967,5862.0329,155.918,153.2278,0.0028,0.6718,5705.5879,0.0,5706.1149,1778007852556316635
gestureclass,fifo,3.9,5858.7127,155.918,153.2278,0.0028,0.6718,5702.2531,0.0,5702.7947,1778007852556316635
gestureclass,fifo,3.9074,5999.7268,147.7837,145.0741,0.0036,0.644,5851.4597,0.0,5851.943,1778007852712868686
gestureclass,fifo,3.9107,5996.4948,147.7837,145.0741,0.0036,0.644,5848.1374,0.0,5848.711,1778007852712868686
gestureclass,fifo,3.9323,5974.9415,147.7837,145.0741,0.0036,0.644,5826.5753,0.0,5827.1578,1778007852712868686
gestureclass,fifo,3.9346,6132.2043,158.7351,156.0765,0.0028,0.6746,5972.7988,0.0,5973.4692,1778007852861391297
gestureclass,fifo,3.9373,6129.5121,158.7351,156.0765,0.0028,0.6746,5970.0892,0.0,5970.777,1778007852861391297
gestureclass,fifo,3.9408,6126.0233,158.7351,156.0765,0.0028,0.6746,5966.5618,0.0,5967.2882,1778007852861391297
gestureclass,fifo,3.9511,6268.06,151.674,148.9813,0.0028,0.6782,6115.7401,0.0,6116.3859,1778007853020833922
gestureclass,fifo,3.9536,6265.5542,151.674,148.9813,0.0028,0.6782,6113.2197,0.0,6113.8802,1778007853020833922
gestureclass,fifo,3.9806,6238.5941,151.674,148.9813,0.0028,0.6782,6086.2515,0.0,6086.92,1778007853020833922
gestureclass,fifo,3.996,6379.4398,155.7146,154.5744,0.0027,0.157,6223.1696,0.0,6223.7253,1778007853173140546
gestureclass,fifo,4.0977,6277.8888,155.7146,154.5744,0.0027,0.157,6121.4683,0.0,6122.1742,1778007853173140546
gestureclass,fifo,4.166,6209.558,155.7146,154.5744,0.0027,0.157,6053.0803,0.0,6053.8435,1778007853173140546
gestureclass,fifo,4.1806,6347.8785,152.2182,149.4596,0.0034,0.6814,6194.9275,0.0,6195.6602,1778007853329537785
gestureclass,fifo,4.1931,6335.3758,152.2182,149.4596,0.0034,0.6814,6182.4076,0.0,6183.1576,1778007853329537785
gestureclass,fifo,4.1956,6332.9849,152.2182,149.4596,0.0034,0.6814,6179.9684,0.0,6180.7667,1778007853329537785
gestureclass,fifo,4.2296,6451.0059,151.593,150.3099,0.0029,0.1973,6298.7621,0.0,6299.4129,1778007853482393648
gestureclass,fifo,4.2995,6381.1455,151.593,150.3099,0.0029,0.1973,6228.8859,0.0,6229.5525,1778007853482393648
gestureclass,fifo,4.3138,6366.8473,151.593,150.3099,0.0029,0.1973,6214.5376,0.0,6215.2543,1778007853482393648
gestureclass,fifo,4.3455,6489.8012,154.055,151.3414,0.0031,0.6637,6335.0589,0.0,6335.7462,1778007853634597020
gestureclass,fifo,4.3456,6489.7268,154.055,151.3414,0.0031,0.6637,6334.9686,0.0,6335.6718,1778007853634597020
gestureclass,fifo,4.4922,6343.255,154.055,151.3414,0.0031,0.6637,6188.3841,0.0,6189.2001,1778007853634597020
gestureclass,fifo,4.4946,6490.3829,149.2244,147.9163,0.0029,0.2082,6340.6839,0.0,6341.1585,1778007853789288242
gestureclass,fifo,4.5255,6459.5566,149.2244,147.9163,0.0029,0.2082,6309.7644,0.0,6310.3322,1778007853789288242
gestureclass,fifo,4.5256,6459.6334,149.2244,147.9163,0.0029,0.2082,6309.6995,0.0,6310.409,1778007853789288242
gestureclass,fifo,4.5329,6605.9296,152.9611,150.2317,0.0035,0.6755,6452.281,0.0,6452.9685,1778007853939195072
gestureclass,fifo,4.541,6597.8925,152.9611,150.2317,0.0035,0.6755,6444.2265,0.0,6444.9314,1778007853939195072
gestureclass,fifo,4.5613,6577.5461,152.9611,150.2317,0.0035,0.6755,6423.8477,0.0,6424.585,1778007853939195072
gestureclass,fifo,4.5627,6726.8789,150.2875,148.5305,0.003,0.3649,6576.1549,0.0,6576.5913,1778007854092833862
gestureclass,fifo,4.573,6716.6154,150.2875,148.5305,0.003,0.3649,6565.7973,0.0,6566.3279,1778007854092833862
gestureclass,fifo,4.5774,6712.3392,150.2875,148.5305,0.003,0.3649,6561.4033,0.0,6562.0516,1778007854092833862
gestureclass,fifo,4.5798,6867.8024,157.1011,154.2571,0.0028,0.6843,6710.0065,0.0,6710.7013,1778007854243792890
gestureclass,fifo,4.6134,6834.2392,157.1011,154.2571,0.0028,0.6843,6676.4274,0.0,6677.1381,1778007854243792890
gestureclass,fifo,4.6236,6823.9832,157.1011,154.2571,0.0028,0.6843,6666.1313,0.0,6666.8821,1778007854243792890
gestureclass,fifo,4.6249,6973.8214,150.7508,148.03,0.0029,0.6685,6822.6004,0.0,6823.0706,1778007854401548008
gestureclass,fifo,4.6362,6962.6129,150.7508,148.03,0.0029,0.6685,6811.3101,0.0,6811.8621,1778007854401548008
gestureclass,fifo,4.6395,6959.3616,150.7508,148.03,0.0029,0.6685,6808.0065,0.0,6808.6108,1778007854401548008
gestureclass,fifo,4.6396,7118.9501,158.9613,156.2281,0.0028,0.6784,6959.3432,0.0,6959.9888,1778007854552957510
gestureclass,fifo,4.6422,7116.3261,158.9613,156.2281,0.0028,0.6784,6956.7051,0.0,6957.3648,1778007854552957510
gestureclass,fifo,4.6659,7092.746,158.9613,156.2281,0.0028,0.6784,6933.0847,0.0,6933.7847,1778007854552957510
gestureclass,fifo,4.6659,7244.4012,151.1179,148.4245,0.003,0.6859,7092.6564,0.0,7093.2833,1778007854712563895
gestureclass,fifo,4.6763,7234.0195,151.1179,148.4245,0.003,0.6859,7082.2599,0.0,7082.9016,1778007854712563895
gestureclass,fifo,4.6902,7220.1807,151.1179,148.4245,0.003,0.6859,7068.3503,0.0,7069.0629,1778007854712563895
gestureclass,fifo,4.6956,7374.121,158.66,155.8888,0.0031,0.6789,7214.7307,0.0,7215.461,1778007854864358165
gestureclass,fifo,4.7122,7357.5771,158.66,155.8888,0.0031,0.6789,7198.1711,0.0,7198.9171,1778007854864358165
gestureclass,fifo,4.7495,7320.2932,158.66,155.8888,0.0031,0.6789,7160.8784,0.0,7161.6332,1778007854864358165
gestureclass,fifo,4.7611,7460.6764,151.4542,148.7658,0.0026,0.6873,7308.5661,0.0,7309.2222,1778007855023682761
gestureclass,fifo,4.7721,7449.7073,151.4542,148.7658,0.0026,0.6873,7297.5805,0.0,7298.253,1778007855023682761
gestureclass,fifo,4.7754,7446.4531,151.4542,148.7658,0.0026,0.6873,7294.3168,0.0,7294.9989,1778007855023682761
gestureclass,fifo,4.7896,7588.2406,155.2862,154.0465,0.0029,0.1945,7432.2026,0.0,7432.9544,1778007855175833329
gestureclass,fifo,4.8346,7543.3609,155.2862,154.0465,0.0029,0.1945,7387.2659,0.0,7388.0747,1778007855175833329
gestureclass,fifo,4.8461,7531.8179,155.2862,154.0465,0.0029,0.1945,7375.7145,0.0,7376.5317,1778007855175833329
gestureclass,fifo,4.8608,7669.5921,152.0644,149.3684,0.0027,0.6627,7516.9125,0.0,7517.5278,1778007855331714714
gestureclass,fifo,4.9187,7611.742,152.0644,149.3684,0.0027,0.6627,7458.9932,0.0,7459.6777,1778007855331714714
gestureclass,fifo,4.9261,7604.3425,152.0644,149.3684,0.0027,0.6627,7451.5843,0.0,7452.2781,1778007855331714714
gestureclass,fifo,4.9274,7753.8197,150.3508,149.0569,0.0027,0.1971,7602.9487,0.0,7603.4689,1778007855484399567
gestureclass,fifo,4.9694,7711.9322,150.3508,149.0569,0.0027,0.1971,7561.0018,0.0,7561.5814,1778007855484399567
gestureclass,fifo,4.9835,7697.8023,150.3508,149.0569,0.0027,0.1971,7546.8621,0.0,7547.4515,1778007855484399567
gestureclass,fifo,4.9858,7849.2603,152.9945,150.3828,0.0029,0.6647,7695.5914,0.0,7696.2659,1778007855635412056
gestureclass,fifo,4.9881,7847.0092,152.9945,150.3828,0.0029,0.6647,7693.3193,0.0,7694.0147,1778007855635412056
gestureclass,fifo,5.0006,7834.5101,152.9945,150.3828,0.0029,0.6647,7680.7725,0.0,7681.5156,1778007855635412056
gestureclass,fifo,5.0329,7953.4917,150.7952,148.9872,0.0033,0.3553,7802.0918,0.0,7802.6965,1778007855788970189
gestureclass,fifo,5.033,7953.3792,150.7952,148.9872,0.0033,0.3553,7801.9621,0.0,7802.584,1778007855788970189
gestureclass,fifo,5.0345,7951.8721,150.7952,148.9872,0.0033,0.3553,7800.4115,0.0,7801.0769,1778007855788970189
gestureclass,fifo,5.0369,8105.8724,155.6396,152.9875,0.0028,0.6633,7949.5142,0.0,7950.2328,1778007855940450747
gestureclass,fifo,5.0403,8102.5875,155.6396,152.9875,0.0028,0.6633,7946.1775,0.0,7946.9478,1778007855940450747
gestureclass,fifo,5.0606,8082.2968,155.6396,152.9875,0.0028,0.6633,7925.8726,0.0,7926.6572,1778007855940450747
gestureclass,fifo,5.0608,8233.789,151.1811,148.3846,0.0027,0.6853,8081.9154,0.0,8082.6079,1778007856096691072
gestureclass,fifo,5.099,8195.5824,151.1811,148.3846,0.0027,0.6853,8043.6931,0.0,8044.4013,1778007856096691072
gestureclass,fifo,5.1501,8144.5198,151.1811,148.3846,0.0027,0.6853,7992.5861,0.0,7993.3387,1778007856096691072
gestureclass,fifo,5.2501,8204.082,158.9285,156.2465,0.0026,0.6658,8044.4429,0.0,8045.1535,1778007856248522815
gestureclass,fifo,5.2501,8204.0374,158.9285,156.2465,0.0026,0.6658,8044.383,0.0,8045.1089,1778007856248522815
gestureclass,fifo,5.2544,8199.7826,158.9285,156.2465,0.0026,0.6658,8040.0856,0.0,8040.8541,1778007856248522815
gestureclass,fifo,5.2691,8336.5676,150.9388,148.2239,0.0028,0.6814,8184.952,0.0,8185.6289,1778007856408075205
gestureclass,fifo,5.2705,8335.2082,150.9388,148.2239,0.0028,0.6814,8183.5773,0.0,8184.2694,1778007856408075205
gestureclass,fifo,5.3523,8253.4096,150.9388,148.2239,0.0028,0.6814,8101.7334,0.0,8102.4709,1778007856408075205
gestureclass,fifo,5.4193,8346.9398,159.893,157.1651,0.0029,0.6875,8186.3267,0.0,8187.0468,1778007856559642370
gestureclass,fifo,5.4333,8332.9902,159.893,157.1651,0.0029,0.6875,8172.3609,0.0,8173.0971,1778007856559642370
gestureclass,fifo,5.4731,8293.2065,159.893,157.1651,0.0029,0.6875,8132.5295,0.0,8133.3134,1778007856559642370
gestureclass,fifo,5.5153,8405.5281,154.0256,151.2903,0.0027,0.6869,8250.8514,0.0,8251.5025,1778007856720182238
gestureclass,fifo,5.5309,8389.9894,154.0256,151.2903,0.0027,0.6869,8235.297,0.0,8235.9638,1778007856720182238
gestureclass,fifo,5.5412,8379.7381,154.0256,151.2903,0.0027,0.6869,8224.9951,0.0,8225.7125,1778007856720182238
gestureclass,fifo,5.5807,8496.4821,155.8987,154.717,0.0027,0.1522,8340.1525,0.0,8340.5835,1778007856874847477
gestureclass,fifo,5.592,8485.3103,155.8987,154.717,0.0027,0.1522,8328.8665,0.0,8329.4117,1778007856874847477
gestureclass,fifo,5.6412,8436.166,155.8987,154.717,0.0027,0.1522,8279.6164,0.0,8280.2674,1778007856874847477
gestureclass,fifo,5.662,8568.9435,152.8918,150.271,0.0029,0.6702,8415.3545,0.0,8416.0517,1778007857031408438
gestureclass,fifo,5.6765,8554.5681,152.8918,150.271,0.0029,0.6702,8400.9211,0.0,8401.6763,1778007857031408438
gestureclass,fifo,5.6849,8546.1164,152.8918,150.271,0.0029,0.6702,8392.4592,0.0,8393.2246,1778007857031408438
gestureclass,fifo,5.6927,8689.1978,150.5183,149.261,0.0027,0.1974,8538.2302,0.0,8538.6795,1778007857184951153
gestureclass,fifo,5.697,8684.948,150.5183,149.261,0.0027,0.1974,8533.8864,0.0,8534.4297,1778007857184951153
gestureclass,fifo,5.6971,8684.9532,150.5183,149.261,0.0027,0.1974,8533.812,0.0,8534.4349,1778007857184951153
gestureclass,fifo,5.7035,8832.6991,153.3734,150.6351,0.0033,0.6743,8678.6468,0.0,8679.3256,1778007857336153442
gestureclass,fifo,5.7036,8832.6414,153.3734,150.6351,0.0033,0.6743,8678.576,0.0,8679.268,1778007857336153442
gestureclass,fifo,5.7089,8827.2974,153.3734,150.6351,0.0033,0.6743,8673.2013,0.0,8673.924,1778007857336153442
gestureclass,fifo,5.7748,8912.2643,150.3417,148.5724,0.0032,0.3601,8761.3821,0.0,8761.9227,1778007857490201016
gestureclass,fifo,5.824,8863.183,150.3417,148.5724,0.0032,0.3601,8712.1654,0.0,8712.8413,1778007857490201016
gestureclass,fifo,5.872,8815.2719,150.3417,148.5724,0.0032,0.3601,8664.2017,0.0,8664.9302,1778007857490201016
gestureclass,fifo,5.8804,8967.8245,160.3023,157.5599,0.0029,0.6815,8806.7997,0.0,8807.5222,1778007857641238417
gestureclass,fifo,5.9399,8908.3645,160.3023,157.5599,0.0029,0.6815,8747.3228,0.0,8748.0622,1778007857641238417
gestureclass,fifo,5.9632,8885.0737,160.3023,157.5599,0.0029,0.6815,8724.0169,0.0,8724.7714,1778007857641238417
gestureclass,fifo,5.9633,9037.0336,151.5796,148.8416,0.0027,0.6879,8884.8526,0.0,8885.4539,1778007857802164554
gestureclass,fifo,5.9687,9031.6956,151.5796,148.8416,0.0027,0.6879,8879.4937,0.0,8880.116,1778007857802164554
gestureclass,fifo,5.9905,9009.8472,151.5796,148.8416,0.0027,0.6879,8857.6047,0.0,8858.2675,1778007857802164554
gestureclass,fifo,5.9938,9165.5731,158.3537,155.6009,0.003,0.6727,9006.5429,0.0,9007.2195,1778007857954361151
gestureclass,fifo,5.9963,9163.1045,158.3537,155.6009,0.003,0.6727,9004.0562,0.0,9004.7509,1778007857954361151
gestureclass,fifo,6.0246,9134.7823,158.3537,155.6009,0.003,0.6727,8975.7016,0.0,8976.4287,1778007857954361151
gestureclass,fifo,6.0247,9286.5169,151.2635,148.4996,0.003,0.6653,9134.5847,0.0,9135.2534,1778007858113334233
gestureclass,fifo,6.0261,9285.1822,151.2635,148.4996,0.003,0.6653,9133.2338,0.0,9133.9187,1778007858113334233
gestureclass,fifo,6.0647,9246.6033,151.2635,148.4996,0.003,0.6653,9094.6195,0.0,9095.3397,1778007858113334233
gestureclass,fifo,6.0716,9400.7888,160.2075,157.4866,0.0029,0.6834,9239.7714,0.0,9240.5813,1778007858265392933
gestureclass,fifo,6.1257,9346.7369,160.2075,157.4866,0.0029,0.6834,9185.6954,0.0,9186.5294,1778007858265392933
gestureclass,fifo,6.156,9316.4449,160.2075,157.4866,0.0029,0.6834,9155.3335,0.0,9156.2374,1778007858265392933
gestureclass,fifo,6.1797,9442.5573,149.267,146.5071,0.0029,0.6782,9292.573,0.0,9293.2903,1778007858426270878
gestureclass,fifo,6.1881,9434.19,149.267,146.5071,0.0029,0.6782,9284.1866,0.0,9284.923,1778007858426270878
gestureclass,fifo,6.1914,9430.8312,149.267,146.5071,0.0029,0.6782,9280.8175,0.0,9281.5642,1778007858426270878
gestureclass,fifo,6.1928,9585.5465,155.6351,154.4929,0.0031,0.1499,9429.312,0.0,9429.9114,1778007858576132534
gestureclass,fifo,6.2218,9556.5541,155.6351,154.4929,0.0031,0.1499,9400.2717,0.0,9400.9189,1778007858576132534
gestureclass,fifo,6.2242,9554.2266,155.6351,154.4929,0.0031,0.1499,9397.9256,0.0,9398.5915,1778007858576132534
gestureclass,fifo,6.2278,9704.9172,153.5527,150.829,0.0028,0.6909,9550.6618,0.0,9551.3645,1778007858732429568
gestureclass,fifo,6.2431,9689.5978,153.5527,150.829,0.0028,0.6909,9535.3246,0.0,9536.0452,1778007858732429568
gestureclass,fifo,6.2445,9688.2617,153.5527,150.829,0.0028,0.6909,9533.9561,0.0,9534.7091,1778007858732429568
gestureclass,fifo,6.2653,9820.2496,152.2528,150.9676,0.0029,0.1949,9667.3896,0.0,9667.9968,1778007858886672251
gestureclass,fifo,6.2666,9819.0362,152.2528,150.9676,0.0029,0.1949,9666.0614,0.0,9666.7834,1778007858886672251
gestureclass,fifo,6.2712,9814.4829,152.2528,150.9676,0.0029,0.1949,9661.4916,0.0,9662.2301,1778007858886672251
gestureclass,fifo,6.2724,9970.7494,156.901,154.1136,0.0031,0.673,9813.0744,0.0,9813.8484,1778007859039526949
gestureclass,fifo,6.3194,9923.7831,156.901,154.1136,0.0031,0.673,9766.0847,0.0,9766.8821,1778007859039526949
gestureclass,fifo,6.3917,9851.5749,156.901,154.1136,0.0031,0.673,9693.861,0.0,9694.6739,1778007859039526949
gestureclass,fifo,6.4173,9977.9737,151.5065,148.764,0.0031,0.68,9825.7439,0.0,9826.4672,1778007859197034878
gestureclass,fifo,6.4408,9954.4578,151.5065,148.764,0.0031,0.68,9802.2108,0.0,9802.9513,1778007859197034878
gestureclass,fifo,6.4462,9949.053,151.5065,148.764,0.0031,0.68,9796.7706,0.0,9797.5466,1778007859197034878
gestureclass,fifo,6.469,10086.2722,159.5134,156.7859,0.003,0.6768,9926.1351,0.0,9926.7589,1778007859349198535
gestureclass,fifo,6.4926,10062.8345,159.5134,156.7859,0.003,0.6768,9902.6241,0.0,9903.3211,1778007859349198535
gestureclass,fifo,6.5216,10033.7634,159.5134,156.7859,0.003,0.6768,9873.544,0.0,9874.25,1778007859349198535
gestureclass,fifo,6.5537,10154.9451,152.5936,149.8625,0.0028,0.6757,10001.5948,0.0,10002.3515,1778007859509349193
gestureclass,fifo,6.5875,10121.1972,152.5936,149.8625,0.0028,0.6757,9967.8199,0.0,9968.6036,1778007859509349193
gestureclass,fifo,6.5876,10121.1393,152.5936,149.8625,0.0028,0.6757,9967.7529,0.0,9968.5457,1778007859509349193
gestureclass,fifo,6.6109,10257.4761,159.0532,156.33,0.0031,0.6789,10097.6622,0.0,10098.4229,1778007859662622767
gestureclass,fifo,6.6303,10238.1248,159.0532,156.33,0.0031,0.6789,10078.2936,0.0,10079.0716,1778007859662622767
gestureclass,fifo,6.6715,10196.9523,159.0532,156.33,0.0031,0.6789,10037.1079,0.0,10037.8991,1778007859662622767
gestureclass,fifo,6.6739,10326.7195,131.6656,130.4937,0.0031,0.161,10194.4416,0.0,10195.054,1778007859822332297
gestureclass,fifo,6.6964,10304.1761,131.6656,130.4937,0.0031,0.161,10171.8819,0.0,10172.5105,1778007859822332297
gestureclass,fifo,6.7109,10289.7677,131.6656,130.4937,0.0031,0.161,10157.4435,0.0,10158.1022,1778007859822332297
gestureclass,fifo,6.7223,10350.0555,70.9304,69.77,0.0032,0.1688,10278.4774,0.0,10279.1251,1778007859954763328
gestureclass,fifo,6.7256,10346.7557,70.9304,69.77,0.0032,0.1688,10275.1548,0.0,10275.8254,1778007859954763328
gestureclass,fifo,6.7553,10317.1144,70.9304,69.77,0.0032,0.1688,10245.4798,0.0,10246.184,1778007859954763328
gestureclass,fifo,6.7692,10374.1097,70.3819,69.1872,0.0029,0.1573,10303.0953,0.0,10303.7278,1778007860026306767
gestureclass,fifo,6.7705,10372.8013,70.3819,69.1872,0.0029,0.1573,10301.7738,0.0,10302.4194,1778007860026306767
gestureclass,fifo,6.9214,10221.9067,70.3819,69.1872,0.0029,0.1573,10150.8439,0.0,10151.5247,1778007860026306767
gestureclass,fifo,6.9401,10273.5705,69.8314,68.6634,0.0031,0.16,10203.1825,0.0,10203.7392,1778007860097320202
gestureclass,fifo,6.9505,10263.2716,69.8314,68.6634,0.0031,0.16,10192.8246,0.0,10193.4402,1778007860097320202
gestureclass,fifo,7.0145,10199.2638,69.8314,68.6634,0.0031,0.16,10128.8071,0.0,10129.4325,1778007860097320202
gestureclass,fifo,7.0516,10233.6173,70.8023,69.5826,0.003,0.173,10162.1132,0.0,10162.815,1778007860167750182
gestureclass,fifo,7.0831,10202.1949,70.8023,69.5826,0.003,0.173,10130.6744,0.0,10131.3927,1778007860167750182
gestureclass,fifo,7.0844,10200.8989,70.8023,69.5826,0.003,0.173,10129.3688,0.0,10130.0966,1778007860167750182
gestureclass,fifo,7.1072,10249.0046,70.1721,69.0515,0.0032,0.1648,10178.1096,0.0,10178.8325,1778007860239278751
gestureclass,fifo,7.15,10206.1718,70.1721,69.0515,0.0032,0.1648,10135.2592,0.0,10135.9996,1778007860239278751
gestureclass,fifo,7.1644,10191.8097,70.1721,69.0515,0.0032,0.1648,10120.8866,0.0,10121.6375,1778007860239278751
gestureclass,fifo,7.193,10234.2989,70.4565,69.2584,0.0032,0.1664,10163.0692,0.0,10163.8424,1778007860310065779
gestureclass,fifo,7.1993,10227.9651,70.4565,69.2584,0.0032,0.1664,10156.7147,0.0,10157.5086,1778007860310065779
gestureclass,fifo,7.2026,10224.6647,70.4565,69.2584,0.0032,0.1664,10153.4007,0.0,10154.2082,1778007860310065779
gestureclass,fifo,7.2466,10251.4515,70.1719,69.0595,0.0035,0.1582,10180.5563,0.0,10181.2796,1778007860381202507
gestureclass,fifo,7.2569,10241.2,70.1719,69.0595,0.0035,0.1582,10170.2781,0.0,10171.0281,1778007860381202507
gestureclass,fifo,7.2712,10226.8889,70.1719,69.0595,0.0035,0.1582,10155.9541,0.0,10156.717,1778007860381202507
gestureclass,fifo,7.2781,10291.3971,70.7472,69.6012,0.0031,0.1605,10219.8803,0.0,10220.6499,1778007860451967283
gestureclass,fifo,7.2924,10277.0905,70.7472,69.6012,0.0031,0.1605,10205.5557,0.0,10206.3434,1778007860451967283
gestureclass,fifo,7.2997,10269.8445,70.7472,69.6012,0.0031,0.1605,10198.2982,0.0,10199.0973,1778007860451967283
gestureclass,fifo,7.3009,10339.2282,70.0341,68.9069,0.0034,0.1593,10268.4548,0.0,10269.1941,1778007860523396642
gestureclass,fifo,7.3406,10299.5679,70.0341,68.9069,0.0034,0.1593,10228.776,0.0,10229.5339,1778007860523396642
gestureclass,fifo,7.3445,10295.7063,70.0341,68.9069,0.0034,0.1593,10224.9053,0.0,10225.6722,1778007860523396642
gestureclass,fifo,7.3521,10359.4966,70.7089,69.605,0.0027,0.1586,10288.0878,0.0,10288.7877,1778007860594161026
gestureclass,fifo,7.3911,10320.5404,70.7089,69.605,0.0027,0.1586,10249.0726,0.0,10249.8315,1778007860594161026
gestureclass,fifo,7.4124,10299.2098,70.7089,69.605,0.0027,0.1586,10227.7095,0.0,10228.5009,1778007860594161026
gestureclass,fifo,7.4298,10352.392,70.0615,68.8939,0.0029,0.1545,10281.6751,0.0,10282.3305,1778007860665512763
gestureclass,fifo,7.4739,10308.3637,70.0615,68.8939,0.0029,0.1545,10237.6316,0.0,10238.3022,1778007860665512763
gestureclass,fifo,7.4772,10305.0334,70.0615,68.8939,0.0029,0.1545,10234.2918,0.0,10234.972,1778007860665512763
gestureclass,fifo,7.4916,10361.8948,70.5273,69.3876,0.0027,0.1642,10290.6632,0.0,10291.3676,1778007860736232405
gestureclass,fifo,7.503,10350.5123,70.5273,69.3876,0.0027,0.1642,10279.2568,0.0,10279.985,1778007860736232405
gestureclass,fifo,7.5725,10281.0502,70.5273,69.3876,0.0027,0.1642,10209.729,0.0,10210.5229,1778007860736232405
gestureclass,fifo,7.6077,10316.2918,69.9237,68.7763,0.0028,0.1635,10245.6295,0.0,10246.3681,1778007860807353355
gestureclass,fifo,7.6121,10311.9793,69.9237,68.7763,0.0028,0.1635,10241.2703,0.0,10242.0556,1778007860807353355
gestureclass,fifo,7.6154,10308.6991,69.9237,68.7763,0.0028,0.1635,10237.9761,0.0,10238.7754,1778007860807353355
gestureclass,fifo,7.6257,10369.4546,70.5387,69.3677,0.003,0.1654,10298.1658,0.0,10298.916,1778007860877872673
gestureclass,fifo,7.6293,10365.9179,70.5387,69.3677,0.003,0.1654,10294.6043,0.0,10295.3793,1778007860877872673
gestureclass,fifo,7.6396,10355.654,70.5387,69.3677,0.003,0.1654,10284.2989,0.0,10285.1153,1778007860877872673
gestureclass,fifo,7.6409,10424.9899,70.1276,68.9257,0.0027,0.1534,10354.1267,0.0,10354.8624,1778007860949012284
gestureclass,fifo,7.6581,10407.7656,70.1276,68.9257,0.0027,0.1534,10336.8766,0.0,10337.6381,1778007860949012284
gestureclass,fifo,7.6624,10403.4998,70.1276,68.9257,0.0027,0.1534,10332.597,0.0,10333.3723,1778007860949012284
gestureclass,fifo,7.6677,10469.4219,70.6185,69.498,0.0034,0.1606,10397.9883,0.0,10398.8033,1778007861019692200
gestureclass,fifo,7.7481,10389.02,70.6185,69.498,0.0034,0.1606,10317.5654,0.0,10318.4014,1778007861019692200
gestureclass,fifo,7.7817,10355.4032,70.6185,69.498,0.0034,0.1606,10283.9382,0.0,10284.7847,1778007861019692200
gestureclass,fifo,7.8254,10382.519,70.2637,69.0527,0.0027,0.1581,10311.47,0.0,10312.2553,1778007861090893254
gestureclass,fifo,7.8255,10382.4339,70.2637,69.0527,0.0027,0.1581,10311.3625,0.0,10312.1702,1778007861090893254
gestureclass,fifo,7.8319,10376.0629,70.2637,69.0527,0.0027,0.1581,10304.9805,0.0,10305.7992,1778007861090893254
gestureclass,fifo,7.8415,10437.5489,70.5894,69.3876,0.003,0.166,10366.1838,0.0,10366.9595,1778007861161735741
gestureclass,fifo,7.8762,10402.9102,70.5894,69.3876,0.003,0.166,10331.5177,0.0,10332.3209,1778007861161735741
gestureclass,fifo,7.8948,10384.3253,70.5894,69.3876,0.003,0.166,10312.8822,0.0,10313.7359,1778007861161735741
gestureclass,fifo,7.895,10454.7603,69.9712,68.8345,0.0028,0.1635,10384.0356,0.0,10384.7891,1778007861233089243
gestureclass,fifo,7.9019,10447.8846,69.9712,68.8345,0.0028,0.1635,10377.1355,0.0,10377.9134,1778007861233089243
gestureclass,fifo,7.9363,10413.6157,69.9712,68.8345,0.0028,0.1635,10342.7987,0.0,10343.6445,1778007861233089243
gestureclass,fifo,8.0491,10372.0417,70.7053,69.4632,0.0028,0.1673,10300.5641,0.0,10301.3364,1778007861303682013
gestureclass,fifo,8.0575,10363.7061,70.7053,69.4632,0.0028,0.1673,10292.2029,0.0,10293.0008,1778007861303682013
gestureclass,fifo,8.0703,10350.8928,70.7053,69.4632,0.0028,0.1673,10279.3422,0.0,10280.1875,1778007861303682013
gestureclass,fifo,8.0894,10402.2605,69.7458,68.6279,0.0035,0.1532,10331.7862,0.0,10332.5147,1778007861375169256
gestureclass,fifo,8.1017,10389.9944,69.7458,68.6279,0.0035,0.1532,10319.5007,0.0,10320.2486,1778007861375169256
gestureclass,fifo,8.135,10356.642,69.7458,68.6279,0.0035,0.1532,10286.1121,0.0,10286.8962,1778007861375169256
gestureclass,fifo,8.1799,10382.6439,70.4798,69.287,0.0031,0.1643,10311.5911,0.0,10312.1642,1778007861445520087
gestureclass,fifo,8.1835,10379.137,70.4798,69.287,0.0031,0.1643,10308.0251,0.0,10308.6573,1778007861445520087
gestureclass,fifo,8.199,10363.6703,70.4798,69.287,0.0031,0.1643,10292.5487,0.0,10293.1906,1778007861445520087
gestureclass,fifo,8.2014,10432.0943,70.0734,68.9884,0.0029,0.1619,10361.3605,0.0,10362.021,1778007861516767894
gestureclass,fifo,8.2047,10428.7653,70.0734,68.9884,0.0029,0.1619,10358.0179,0.0,10358.6919,1778007861516767894
gestureclass,fifo,8.2181,10415.3736,70.0734,68.9884,0.0029,0.1619,10344.6171,0.0,10345.3002,1778007861516767894
gestureclass,fifo,8.225,10479.4848,70.2739,69.2057,0.003,0.1545,10408.5081,0.0,10409.2109,1778007861587563894
gestureclass,fifo,8.2264,10478.1706,70.2739,69.2057,0.003,0.1545,10407.1784,0.0,10407.8968,1778007861587563894
gestureclass,fifo,8.2422,10462.3976,70.2739,69.2057,0.003,0.1545,10391.3727,0.0,10392.1237,1778007861587563894
gestureclass,fifo,8.2691,10506.0973,70.0954,68.9049,0.0027,0.1566,10435.3492,0.0,10436.002,1778007861658509687
gestureclass,fifo,8.2948,10480.4578,70.0954,68.9049,0.0027,0.1566,10409.6959,0.0,10410.3624,1778007861658509687
gestureclass,fifo,8.3024,10472.9028,70.0954,68.9049,0.0027,0.1566,10402.1316,0.0,10402.8074,1778007861658509687
gestureclass,fifo,8.3181,10528.542,70.8059,69.6459,0.0027,0.1557,10457.0739,0.0,10457.7362,1778007861729209511
gestureclass,fifo,8.3226,10524.1163,70.8059,69.6459,0.0027,0.1557,10452.5971,0.0,10453.3104,1778007861729209511
gestureclass,fifo,8.328,10518.7037,70.8059,69.6459,0.0027,0.1557,10447.1579,0.0,10447.8978,1778007861729209511
gestureclass,fifo,8.3354,10581.907,69.9759,68.8265,0.0029,0.1609,10511.2121,0.0,10511.9311,1778007861800669228
gestureclass,fifo,8.3926,10524.7366,69.9759,68.8265,0.0029,0.1609,10454.0238,0.0,10454.7607,1778007861800669228
gestureclass,fifo,8.4029,10514.5071,69.9759,68.8265,0.0029,0.1609,10443.7506,0.0,10444.5311,1778007861800669228
gestureclass,fifo,8.4203,10568.2559,70.4679,69.3889,0.0031,0.1564,10497.1042,0.0,10497.788,1778007861871401150
gestureclass,fifo,8.4369,10551.6303,70.4679,69.3889,0.0031,0.1564,10480.4633,0.0,10481.1623,1778007861871401150
gestureclass,fifo,8.4646,10523.9866,70.4679,69.3889,0.0031,0.1564,10452.7888,0.0,10453.5186,1778007861871401150
gestureclass,fifo,8.5215,10537.5743,69.8341,68.7464,0.0027,0.1617,10467.0556,0.0,10467.7402,1778007861942609499
gestureclass,fifo,8.53,10529.1698,69.8341,68.7464,0.0027,0.1617,10458.6353,0.0,10459.3357,1778007861942609499
gestureclass,fifo,8.5567,10502.4238,69.8341,68.7464,0.0027,0.1617,10431.855,0.0,10432.5896,1778007861942609499
gestureclass,fifo,8.5651,10565.1419,70.4933,69.2913,0.0028,0.1645,10493.9501,0.0,10494.6487,1778007862013071935
gestureclass,fifo,8.6059,10524.384,70.4933,69.2913,0.0028,0.1645,10453.1744,0.0,10453.8908,1778007862013071935
gestureclass,fifo,8.6092,10521.0388,70.4933,69.2913,0.0028,0.1645,10449.8208,0.0,10450.5455,1778007862013071935
gestureclass,fifo,8.6116,10589.0224,69.7306,68.6196,0.003,0.166,10518.6422,0.0,10519.2918,1778007862084249525
gestureclass,fifo,8.6266,10574.079,69.7306,68.6196,0.003,0.166,10503.6838,0.0,10504.3484,1778007862084249525
gestureclass,fifo,8.6288,10571.8126,69.7306,68.6196,0.003,0.166,10501.4095,0.0,10502.082,1778007862084249525
gestureclass,fifo,8.6351,10637.0978,70.8311,69.4326,0.0037,0.2094,10565.5773,0.0,10566.2667,1778007862154672197
gestureclass,fifo,8.6503,10621.8479,70.8311,69.4326,0.0037,0.2094,10550.312,0.0,10551.0168,1778007862154672197
gestureclass,fifo,8.6566,10615.5863,70.8311,69.4326,0.0037,0.2094,10544.0226,0.0,10544.7552,1778007862154672197
gestureclass,fifo,8.7093,10633.5785,70.042,68.7742,0.0029,0.1736,10562.849,0.0,10563.5365,1778007862226135626
gestureclass,fifo,8.7256,10617.2869,70.042,68.7742,0.0029,0.1736,10546.5381,0.0,10547.2449,1778007862226135626
gestureclass,fifo,8.7385,10604.4145,70.042,68.7742,0.0029,0.1736,10533.6566,0.0,10534.3724,1778007862226135626
gestureclass,fifo,8.7527,10661.2885,70.6176,69.3926,0.0027,0.1751,10589.9942,0.0,10590.6709,1778007862296752555
gestureclass,fifo,8.7787,10635.3364,70.6176,69.3926,0.0027,0.1751,10564.0264,0.0,10564.7188,1778007862296752555
gestureclass,fifo,8.7861,10627.9361,70.6176,69.3926,0.0027,0.1751,10556.5977,0.0,10557.3186,1778007862296752555
gestureclass,fifo,8.8145,10670.2166,70.0235,68.8893,0.0028,0.1458,10599.5188,0.0,10600.1931,1778007862367985757
gestureclass,fifo,8.8651,10619.5588,70.0235,68.8893,0.0028,0.1458,10548.8458,0.0,10549.5353,1778007862367985757
gestureclass,fifo,8.9058,10578.9425,70.0235,68.8893,0.0028,0.1458,10508.2023,0.0,10508.9191,1778007862367985757
gestureclass,fifo,8.9202,10635.2305,70.2332,69.1128,0.0026,0.1475,10564.3873,0.0,10564.9974,1778007862438629829
gestureclass,fifo,8.9256,10629.8947,70.2332,69.1128,0.0026,0.1475,10558.989,0.0,10559.6616,1778007862438629829
gestureclass,fifo,8.932,10623.5247,70.2332,69.1128,0.0026,0.1475,10552.6097,0.0,10553.2915,1778007862438629829
gestureclass,fifo,8.9639,10662.3812,70.0166,68.9429,0.0031,0.1515,10591.6221,0.0,10592.3646,1778007862509551887
gestureclass,fifo,8.9826,10643.7511,70.0166,68.9429,0.0031,0.1515,10572.9694,0.0,10573.7346,1778007862509551887
gestureclass,fifo,8.9906,10635.7059,70.0166,68.9429,0.0031,0.1515,10564.9087,0.0,10565.6894,1778007862509551887
gestureclass,fifo,8.9907,10706.496,70.3265,69.2246,0.0028,0.159,10635.483,0.0,10636.1695,1778007862580183776
gestureclass,fifo,9.0304,10666.8341,70.3265,69.2246,0.0028,0.159,10595.8028,0.0,10596.5076,1778007862580183776
gestureclass,fifo,9.0337,10663.5625,70.3265,69.2246,0.0028,0.159,10592.5019,0.0,10593.236,1778007862580183776
gestureclass,fifo,9.046,10722.1642,70.3659,69.2149,0.0028,0.1587,10651.1331,0.0,10651.7982,1778007862651101959
gestureclass,fifo,9.0525,10715.6837,70.3659,69.2149,0.0028,0.1587,10644.635,0.0,10645.3178,1778007862651101959
gestureclass,fifo,9.06,10708.1676,70.3659,69.2149,0.0028,0.1587,10637.1098,0.0,10637.8016,1778007862651101959
gestureclass,fifo,9.0623,10776.9423,70.4122,69.3219,0.0031,0.1596,10705.8535,0.0,10706.5301,1778007862722145013
gestureclass,fifo,9.0685,10770.6931,70.4122,69.3219,0.0031,0.1596,10699.5881,0.0,10700.2809,1778007862722145013
gestureclass,fifo,9.1187,10720.5129,70.4122,69.3219,0.0031,0.1596,10649.3993,0.0,10650.1007,1778007862722145013
gestureclass,fifo,9.1311,10779.0401,70.2843,69.1786,0.0028,0.1642,10708.0908,0.0,10708.7558,1778007862793197605
gestureclass,fifo,9.1427,10767.4284,70.2843,69.1786,0.0028,0.1642,10696.4643,0.0,10697.1441,1778007862793197605
gestureclass,fifo,9.1606,10749.5661,70.2843,69.1786,0.0028,0.1642,10678.5927,0.0,10679.2818,1778007862793197605
gestureclass,fifo,9.1692,10812.0666,70.5839,69.3999,0.0029,0.1646,10740.8683,0.0,10741.4826,1778007862864066419
gestureclass,fifo,9.1768,10804.5225,70.5839,69.3999,0.0029,0.1646,10733.2642,0.0,10733.9386,1778007862864066419
gestureclass,fifo,9.1769,10804.4553,70.5839,69.3999,0.0029,0.1646,10733.187,0.0,10733.8714,1778007862864066419
gestureclass,fifo,9.2083,10844.1367,70.4188,69.3483,0.0029,0.1557,10773.0479,0.0,10773.7179,1778007862935369024
gestureclass,fifo,9.2327,10819.7296,70.4188,69.3483,0.0029,0.1557,10748.6243,0.0,10749.3108,1778007862935369024
gestureclass,fifo,9.2424,10810.0555,70.4188,69.3483,0.0029,0.1557,10738.9228,0.0,10739.6367,1778007862935369024
gestureclass,fifo,9.264,10859.3047,70.2826,69.1396,0.0028,0.1491,10788.3596,0.0,10789.0221,1778007863006413100
gestureclass,fifo,9.2724,10850.9562,70.2826,69.1396,0.0028,0.1491,10779.9945,0.0,10780.6736,1778007863006413100
gestureclass,fifo,9.2762,10847.2264,70.2826,69.1396,0.0028,0.1491,10776.2368,0.0,10776.9438,1778007863006413100
gestureclass,fifo,9.2782,10916.3671,70.5239,69.5027,0.0028,0.1484,10845.1736,0.0,10845.8432,1778007863077384793
gestureclass,fifo,9.3453,10849.2777,70.5239,69.5027,0.0028,0.1484,10778.0678,0.0,10778.7538,1778007863077384793
gestureclass,fifo,9.3704,10824.2202,70.5239,69.5027,0.0028,0.1484,10752.9831,0.0,10753.6963,1778007863077384793
gestureclass,fifo,9.3797,10885.8802,70.3637,69.2562,0.0034,0.1551,10814.8415,0.0,10815.5166,1778007863148533255
gestureclass,fifo,9.4074,10858.1889,70.3637,69.2562,0.0034,0.1551,10787.1344,0.0,10787.8252,1778007863148533255
gestureclass,fifo,9.4227,10842.8924,70.3637,69.2562,0.0034,0.1551,10771.8287,0.0,10772.5288,1778007863148533255
gestureclass,fifo,9.4528,10884.0685,70.6693,69.5791,0.003,0.1578,10812.6812,0.0,10813.3992,1778007863219538883
gestureclass,fifo,9.4749,10862.0341,70.6693,69.5791,0.003,0.1578,10790.6289,0.0,10791.3648,1778007863219538883
gestureclass,fifo,9.5034,10833.5104,70.6693,69.5791,0.003,0.1578,10762.0957,0.0,10762.8411,1778007863219538883
gestureclass,fifo,9.5036,10904.3019,70.2617,69.1443,0.0031,0.1657,10833.3743,0.0,10834.0402,1778007863290940886
gestureclass,fifo,9.5904,10817.5039,70.2617,69.1443,0.0031,0.1657,10746.5589,0.0,10747.2422,1778007863290940886
gestureclass,fifo,9.5904,10817.4512,70.2617,69.1443,0.0031,0.1657,10746.4972,0.0,10747.1895,1778007863290940886
gestureclass,fifo,9.6002,10878.9849,70.6459,69.5523,0.0029,0.1542,10807.6549,0.0,10808.339,1778007863361894331
gestureclass,fifo,9.6025,10876.6971,70.6459,69.5523,0.0029,0.1542,10805.3501,0.0,10806.0512,1778007863361894331
gestureclass,fifo,9.6071,10872.1843,70.6459,69.5523,0.0029,0.1542,10800.828,0.0,10801.5384,1778007863361894331
gestureclass,fifo,9.6189,10931.3931,70.3927,69.3242,0.0029,0.1477,10860.3213,0.0,10861.0005,1778007863433233703
gestureclass,fifo,9.6268,10923.5225,70.3927,69.3242,0.0029,0.1477,10852.4339,0.0,10853.1298,1778007863433233703
gestureclass,fifo,9.6839,10866.3752,70.3927,69.3242,0.0029,0.1477,10795.2783,0.0,10795.9825,1778007863433233703
gestureclass,fifo,9.6942,10927.4056,70.608,69.5046,0.0028,0.1596,10856.0641,0.0,10856.7976,1778007863504318903
gestureclass,fifo,9.7544,10867.2893,70.608,69.5046,0.0028,0.1596,10795.9301,0.0,10796.6813,1778007863504318903
gestureclass,fifo,9.7721,10849.5831,70.608,69.5046,0.0028,0.1596,10778.2145,0.0,10778.9751,1778007863504318903
gestureclass,fifo,9.7816,10910.9094,70.2485,69.069,0.0032,0.1599,10839.9534,0.0,10840.6609,1778007863575552519
gestureclass,fifo,9.8008,10891.6829,70.2485,69.069,0.0032,0.1599,10820.7092,0.0,10821.4343,1778007863575552519
gestureclass,fifo,9.8174,10875.0958,70.2485,69.069,0.0032,0.1599,10804.1127,0.0,10804.8473,1778007863575552519
gestureclass,fifo,9.8237,10940.2351,70.8117,69.6889,0.0028,0.1677,10868.731,0.0,10869.4234,1778007863646490672
gestureclass,fifo,9.8293,10934.725,70.8117,69.6889,0.0028,0.1677,10863.205,0.0,10863.9133,1778007863646490672
gestureclass,fifo,9.8755,10888.5436,70.8117,69.6889,0.0028,0.1677,10817.0149,0.0,10817.7319,1778007863646490672
gestureclass,fifo,9.877,10957.6175,70.1342,69.0453,0.003,0.1554,10886.8203,0.0,10887.4833,1778007863717853530
gestureclass,fifo,9.8913,10943.3637,70.1342,69.0453,0.003,0.1554,10872.5491,0.0,10873.2295,1778007863717853530
gestureclass,fifo,9.9519,10882.829,70.1342,69.0453,0.003,0.1554,10811.9876,0.0,10812.6948,1778007863717853530
gestureclass,fifo,9.9603,10926.1198,51.0322,49.8542,0.0027,0.2743,10874.419,0.0,10875.0876,1778007863788717397
gestureclass,fifo,9.9945,10891.9344,51.0322,49.8542,0.0027,0.2743,10840.2147,0.0,10840.9022,1778007863788717397
