task,slot,condition,elapsed_sec,latency_ms,server_exec_ms,server_proc_ms,server_swap_ms,server_decoder_ms,queue_wait_plus_rpc_ms,non_server_exec_overhead_ms,server_start_ns
ecgclass,slot_0:ecgclass,sharing,0.0001,34.8351,24.2816,23.5578,0.0013,0.4493,10.1273,10.5535,1776040992677137153
ecgclass,slot_0:ecgclass,sharing,2.4051,32.9771,24.6098,23.5102,0.0014,0.4877,8.007,8.3673,1776040995079996324
ecgclass,slot_0:ecgclass,sharing,4.741,70.405,25.8985,24.7205,0.0017,0.4653,44.0919,44.5065,1776040997452026378
ecgclass,slot_0:ecgclass,sharing,7.1271,32.6371,24.2973,23.5631,0.0013,0.4547,7.9596,8.3398,1776040999801952206
ecgclass,slot_0:ecgclass,sharing,7.4056,31.7798,24.3199,23.5588,0.0013,0.4798,7.0965,7.4599,1776041000079642618
ecgclass,slot_0:ecgclass,sharing,7.4915,32.3634,24.4354,23.7031,0.0013,0.454,7.5438,7.928,1776041000165973776
ecgclass,slot_0:ecgclass,sharing,8.9446,73.6201,24.0769,23.3067,0.0017,0.4941,49.18,49.5431,1776041001660708834
ecgclass,slot_0:ecgclass,sharing,10.3549,58.0447,24.3047,23.2123,0.0013,0.8233,33.3867,33.74,1776041003055229499
ecgclass,slot_0:ecgclass,sharing,13.4788,49.6302,24.3411,23.5977,0.0013,0.4552,24.9054,25.2891,1776041006170663719
ecgclass,slot_0:ecgclass,sharing,13.5586,58.9228,24.2927,23.5465,0.0013,0.4534,34.2422,34.63,1776041006259769624
ecgclass,slot_0:ecgclass,sharing,14.6048,32.3973,24.3385,23.584,0.0013,0.4853,7.6697,8.0588,1776041007279356963
ecgclass,slot_0:ecgclass,sharing,14.6753,32.7294,24.2451,23.5112,0.0013,0.466,8.1093,8.4843,1776041007350294562
ecgclass,slot_0:ecgclass,sharing,15.7646,32.192,24.7847,23.6681,0.0013,0.8234,7.0391,7.4073,1776041008438591347
ecgclass,slot_0:ecgclass,sharing,17.4957,70.5914,26.2872,25.036,0.0013,0.4582,43.8962,44.3043,1776041010206547650
ecgclass,slot_0:ecgclass,sharing,17.8823,31.6613,24.1757,23.4591,0.0014,0.4496,7.0748,7.4855,1776041010556276683
ecgclass,slot_0:ecgclass,sharing,19.1142,31.9712,24.1422,23.3859,0.0013,0.4726,7.3404,7.829,1776041011788474571
ecgclass,slot_0:ecgclass,sharing,19.268,34.3945,24.0767,23.3386,0.0012,0.473,9.9502,10.3178,1776041011944888648
ecgclass,slot_0:ecgclass,sharing,19.3598,42.6414,24.4571,23.3384,0.0014,0.8348,17.812,18.1843,1776041012044549296
ecgclass,slot_0:ecgclass,sharing,19.6747,78.5234,26.437,24.9617,0.0014,0.5615,51.6951,52.0864,1776041012393331511
ecgclass,slot_0:ecgclass,sharing,20.5758,68.377,24.5231,23.7873,0.0012,0.4711,43.4575,43.8539,1776041013286227206
ecgclass,slot_0:ecgclass,sharing,20.9892,76.0605,24.3237,23.5459,0.0012,0.4947,51.3637,51.7369,1776041013707537381
ecgclass,slot_0:ecgclass,sharing,22.2363,33.7183,24.5928,23.8446,0.0013,0.4705,8.7619,9.1255,1776041014911982515
ecgclass,slot_0:ecgclass,sharing,22.4602,32.6831,24.502,23.7606,0.0012,0.4612,7.7844,8.1811,1776041015134964845
ecgclass,slot_0:ecgclass,sharing,24.2973,32.3284,24.7903,24.0494,0.0014,0.4573,7.1266,7.538,1776041016971347651
ecgclass,slot_0:ecgclass,sharing,25.5249,80.7922,26.0807,24.8928,0.0013,0.4827,54.2793,54.7115,1776041018246110676
ecgclass,slot_0:ecgclass,sharing,26.1802,31.4746,23.996,23.2857,0.0013,0.4471,7.0868,7.4786,1776041018854233115
ecgclass,slot_0:ecgclass,sharing,26.5976,31.7297,24.3336,23.5893,0.0012,0.4738,7.031,7.3961,1776041019271561601
ecgclass,slot_0:ecgclass,sharing,27.0505,60.6,26.1116,24.8075,0.0013,0.4572,34.0436,34.4884,1776041019751495364
ecgclass,slot_0:ecgclass,sharing,27.1283,76.01,24.1424,23.3743,0.0012,0.5039,51.5046,51.8676,1776041019846752374
ecgclass,slot_0:ecgclass,sharing,27.3085,32.7799,24.3588,23.5773,0.0013,0.4755,8.0423,8.4212,1776041019983454142
ecgclass,slot_0:ecgclass,sharing,27.9931,32.8853,24.3615,23.619,0.0012,0.4689,8.1506,8.5239,1776041020668178331
ecgclass,slot_0:ecgclass,sharing,28.3816,71.6364,23.9532,23.1991,0.0012,0.4751,47.312,47.6833,1776041021095798544
ecgclass,slot_0:ecgclass,sharing,29.6471,33.2813,24.457,23.6937,0.0013,0.4727,8.4488,8.8243,1776041022322463579
ecgclass,slot_0:ecgclass,sharing,30.3556,32.3758,24.2633,23.5386,0.0013,0.4511,7.714,8.1125,1776041023030200485
ecgclass,slot_0:ecgclass,sharing,30.5925,59.2167,24.7276,23.967,0.0013,0.4731,34.0838,34.4891,1776041023293479521
ecgclass,slot_0:ecgclass,sharing,31.0531,84.517,24.331,23.5862,0.0012,0.4704,59.7935,60.186,1776041023779842294
ecgclass,slot_0:ecgclass,sharing,31.6955,37.015,24.4425,23.7024,0.0012,0.4548,12.1963,12.5725,1776041024374663675
ecgclass,slot_0:ecgclass,sharing,32.0392,33.6769,24.4079,23.6357,0.0012,0.4733,8.8842,9.269,1776041024714981215
ecgclass,slot_0:ecgclass,sharing,32.3621,55.1817,24.3123,23.5515,0.0012,0.4749,30.508,30.8694,1776041025059560188
ecgclass,slot_0:ecgclass,sharing,33.2395,31.6317,24.2049,23.455,0.0013,0.4619,6.8736,7.4268,1776041025913318166
ecgclass,slot_0:ecgclass,sharing,33.5363,70.9918,24.3329,23.5872,0.0013,0.4722,46.3042,46.6588,1776041026249547316
ecgclass,slot_0:ecgclass,sharing,34.8702,42.382,24.5309,23.79,0.0013,0.454,17.4303,17.8511,1776041027554594643
ecgclass,slot_0:ecgclass,sharing,36.2614,35.2895,24.4699,23.7373,0.0013,0.4566,10.4086,10.8196,1776041028938698598
ecgclass,slot_0:ecgclass,sharing,37.3457,33.8626,24.4155,23.6493,0.0012,0.4601,9.0673,9.4471,1776041030021689865
ecgclass,slot_0:ecgclass,sharing,37.4186,32.8705,25.1123,23.9974,0.0013,0.827,7.3817,7.7582,1776041030092965785
ecgclass,slot_0:ecgclass,sharing,38.5525,49.2816,24.5588,23.8414,0.0013,0.4501,24.323,24.7228,1776041031243797654
ecgclass,slot_0:ecgclass,sharing,39.9062,34.7445,24.2749,23.5329,0.0014,0.4679,10.0698,10.4696,1776041032583204761
ecgclass,slot_0:ecgclass,sharing,41.0291,33.0794,24.4453,23.7047,0.0013,0.4749,8.2581,8.6341,1776041033704299759
ecgclass,slot_0:ecgclass,sharing,41.3087,32.5882,24.3609,23.5808,0.0012,0.4755,7.8626,8.2274,1776041033983478073
ecgclass,slot_0:ecgclass,sharing,41.6295,32.578,24.4548,23.689,0.0012,0.4786,7.7341,8.1232,1776041034304217019
ecgclass,slot_0:ecgclass,sharing,41.7953,35.84,25.1719,24.0326,0.0014,0.4882,10.2811,10.6681,1776041034472524489
ecgclass,slot_0:ecgclass,sharing,42.1494,32.6579,24.5451,23.8026,0.0013,0.4743,7.7598,8.1128,1776041034824127566
ecgclass,slot_0:ecgclass,sharing,42.1708,58.352,24.3741,23.6021,0.0013,0.4914,33.5774,33.9779,1776041034871262409
ecgclass,slot_0:ecgclass,sharing,42.3387,33.8697,24.4676,23.6927,0.0014,0.4723,9.0187,9.4021,1776041035014647443
ecgclass,slot_0:ecgclass,sharing,43.6533,35.8505,24.6113,23.8486,0.0013,0.486,10.8702,11.2392,1776041036331099505
ecgclass,slot_0:ecgclass,sharing,47.6493,33.5076,24.7477,24.0257,0.0012,0.4533,8.3683,8.7599,1776041040324589398
ecgclass,slot_0:ecgclass,sharing,48.2131,46.8082,24.4057,23.6811,0.0013,0.4515,21.9982,22.4026,1776041040902065016
ecgclass,slot_0:ecgclass,sharing,48.4963,74.5361,24.2722,23.5436,0.0012,0.4624,49.8686,50.2639,1776041041213122380
ecgclass,slot_0:ecgclass,sharing,48.8942,33.2916,24.3051,23.5642,0.0013,0.4528,8.5962,8.9864,1776041041569765218
ecgclass,slot_0:ecgclass,sharing,49.2562,61.1608,26.0571,24.842,0.0014,0.4836,34.6315,35.1037,1776041041957736515
ecgclass,slot_0:ecgclass,sharing,49.3851,78.4166,26.5507,24.9046,0.0013,0.8147,51.3868,51.8659,1776041042103391144
ecgclass,slot_0:ecgclass,sharing,50.4684,33.1967,24.2955,23.5497,0.0014,0.452,8.5087,8.9012,1776041043143840991
ecgclass,slot_0:ecgclass,sharing,51.8447,32.4814,24.2616,23.4815,0.0013,0.496,7.8495,8.2198,1776041044519454113
ecgclass,slot_0:ecgclass,sharing,53.3534,32.9404,24.5046,23.7523,0.0012,0.4774,8.0552,8.4358,1776041046028400974
ecgclass,slot_0:ecgclass,sharing,58.6622,74.3351,24.2155,23.4672,0.0014,0.4587,49.7475,50.1196,1776041051378901640
ecgclass,slot_0:ecgclass,sharing,60.7694,32.685,24.1671,23.4227,0.0015,0.4768,8.1239,8.5179,1776041053444408751
ecgclass,slot_0:ecgclass,sharing,62.4138,67.2278,26.4898,25.2146,0.0013,0.4575,40.3295,40.738,1776041055121085364
ecgclass,slot_0:ecgclass,sharing,63.457,74.7812,24.5371,23.8122,0.0013,0.4513,49.8583,50.2441,1776041056173807152
ecgclass,slot_0:ecgclass,sharing,64.0499,34.3788,24.4642,23.7138,0.0013,0.4771,9.5551,9.9145,1776041056726340477
ecgclass,slot_0:ecgclass,sharing,64.0943,39.0189,24.2006,23.4569,0.0012,0.4728,14.4494,14.8183,1776041056775714386
ecgclass,slot_0:ecgclass,sharing,65.052,32.5403,24.474,23.7136,0.0013,0.4628,7.6687,8.0663,1776041057726616816
ecgclass,slot_0:ecgclass,sharing,65.6721,33.6325,24.6479,23.8747,0.0012,0.4901,8.606,8.9846,1776041058347620313
ecgclass,slot_0:ecgclass,sharing,67.1805,32.4314,24.2691,23.5301,0.0013,0.466,7.7517,8.1622,1776041059855195542
ecgclass,slot_0:ecgclass,sharing,69.2088,33.8681,24.499,23.739,0.0015,0.4581,8.9235,9.3691,1776041061884630446
ecgclass,slot_0:ecgclass,sharing,69.54,33.8731,24.7825,23.6243,0.0015,0.4629,8.7137,9.0906,1776041062215626511
ecgclass,slot_0:ecgclass,sharing,69.5899,32.119,24.2805,23.5269,0.0012,0.4813,7.4637,7.8385,1776041062264345996
ecgclass,slot_0:ecgclass,sharing,70.515,32.3088,24.4197,23.6292,0.0013,0.4944,7.5216,7.8891,1776041063189421546
ecgclass,slot_0:ecgclass,sharing,73.0688,32.9146,24.8428,24.088,0.0013,0.4553,7.6919,8.0718,1776041065743424699
ecgclass,slot_0:ecgclass,sharing,73.8899,33.6506,24.261,23.5158,0.0013,0.4572,9.0153,9.3896,1776041066565816160
ecgclass,slot_0:ecgclass,sharing,76.0206,56.0992,26.1587,24.9971,0.0013,0.4772,29.4728,29.9405,1776041068717045465
ecgclass,slot_0:ecgclass,sharing,76.774,32.697,24.8063,23.6736,0.0012,0.8303,7.4875,7.8907,1776041069448416495
ecgclass,slot_0:ecgclass,sharing,78.0873,33.6523,24.7913,24.0479,0.0012,0.4707,8.4836,8.861,1776041070762713496
ecgclass,slot_0:ecgclass,sharing,78.3762,59.8269,24.2058,23.439,0.0012,0.4717,35.2528,35.6211,1776041071078436895
ecgclass,slot_0:ecgclass,sharing,78.5113,32.028,24.1372,23.3854,0.0013,0.4777,7.5028,7.8907,1776041071185724766
ecgclass,slot_0:ecgclass,sharing,78.6532,33.5422,24.3418,23.616,0.0011,0.4541,8.8236,9.2004,1776041071328908987
ecgclass,slot_0:ecgclass,sharing,78.7708,32.1486,24.1714,23.4342,0.0012,0.4683,7.617,7.9772,1776041071445378357
ecgclass,slot_0:ecgclass,sharing,78.8253,79.4787,24.1596,23.4163,0.0012,0.4611,54.9159,55.3192,1776041071547198801
ecgclass,slot_0:ecgclass,sharing,80.5417,34.719,24.4624,23.6914,0.0012,0.4774,9.8696,10.2566,1776041073218505315
ecgclass,slot_0:ecgclass,sharing,80.991,32.5186,24.8261,23.6997,0.0014,0.4626,7.3237,7.6925,1776041073665225634
ecgclass,slot_0:ecgclass,sharing,81.3764,39.6175,24.2155,23.4504,0.0013,0.4736,15.0328,15.4021,1776041074058416503
ecgclass,slot_0:ecgclass,sharing,82.3126,33.0954,24.3029,23.5566,0.0014,0.4583,8.3787,8.7924,1776041074987926909
ecgclass,slot_0:ecgclass,sharing,82.4989,34.0202,24.3776,23.6278,0.0015,0.4757,9.2583,9.6426,1776041075175112435
ecgclass,slot_0:ecgclass,sharing,84.417,33.5193,24.1899,23.4406,0.0013,0.4578,8.9574,9.3294,1776041077092867716
ecgclass,slot_0:ecgclass,sharing,85.7095,32.1786,24.454,23.7308,0.0013,0.4523,7.2975,7.7246,1776041078383724290
ecgclass,slot_0:ecgclass,sharing,86.0389,32.1696,24.4874,23.7434,0.0013,0.4736,7.2851,7.6822,1776041078713129684
ecgclass,slot_0:ecgclass,sharing,86.2391,86.6344,26.5891,25.4073,0.0014,0.4455,59.5629,60.0453,1776041078965625168
ecgclass,slot_0:ecgclass,sharing,86.7698,44.7063,25.8635,24.5844,0.0015,0.4802,18.3444,18.8429,1776041079455117800
ecgclass,slot_0:ecgclass,sharing,87.0753,31.6694,24.417,23.6965,0.0012,0.4515,6.8672,7.2524,1776041079749063802
ecgclass,slot_0:ecgclass,sharing,87.1503,63.3795,24.0969,23.3601,0.0013,0.4688,38.9078,39.2826,1776041079856170861
ecgclass,slot_0:ecgclass,sharing,87.6544,31.8592,24.641,23.5252,0.0013,0.8384,6.8462,7.2182,1776041080328216703
ecgclass,slot_0:ecgclass,sharing,89.9068,31.615,24.3547,23.601,0.0013,0.4807,6.8738,7.2603,1776041082580628714
ecgclass,slot_0:ecgclass,sharing,90.9146,32.0189,24.452,23.7226,0.0013,0.4532,7.1721,7.5669,1776041083588698057
ecgclass,slot_0:ecgclass,sharing,93.9981,54.971,24.115,23.3605,0.0011,0.4818,30.4801,30.856,1776041086695545694
ecgclass,slot_0:ecgclass,sharing,96.0441,32.4163,24.6,23.8123,0.0012,0.4743,7.4525,7.8163,1776041088718478796
ecgclass,slot_0:ecgclass,sharing,97.162,31.9052,24.3726,23.6417,0.0011,0.4653,7.113,7.5326,1776041089836074955
ecgclass,slot_0:ecgclass,sharing,99.0117,61.9216,32.8707,31.326,0.0012,0.4716,28.6012,29.0509,1776041091707241839
ecgclass,slot_0:ecgclass,sharing,99.7387,33.3614,24.3173,23.5738,0.0011,0.4698,8.6684,9.0441,1776041092414315696
ecgclass,slot_0:ecgclass,sharing,100.8065,78.0303,24.4962,23.7515,0.0012,0.4549,53.1497,53.5341,1776041093526553103
ecgclass,slot_0:ecgclass,sharing,101.1872,43.2391,24.6034,23.8447,0.0011,0.4503,18.259,18.6357,1776041093872425703
ecgclass,slot_0:ecgclass,sharing,101.4062,33.0405,24.5088,23.7643,0.0011,0.4711,8.158,8.5317,1776041094081339989
ecgclass,slot_0:ecgclass,sharing,103.5521,31.8534,24.2503,23.5264,0.0012,0.4558,7.2274,7.6032,1776041096226227479
ecgclass,slot_0:ecgclass,sharing,103.6911,31.7891,24.2971,23.5753,0.0012,0.4497,7.1187,7.492,1776041096365128519
ecgclass,slot_0:ecgclass,sharing,103.8797,31.9128,24.6956,23.9293,0.0011,0.4551,6.8591,7.2172,1776041096553447730
ecgclass,slot_0:ecgclass,sharing,104.1894,33.8964,24.5303,23.7896,0.001,0.4688,8.9853,9.3662,1776041096865345713
ecgclass,slot_0:ecgclass,sharing,105.1575,32.1913,24.312,23.5926,0.0012,0.4495,7.5016,7.8793,1776041097831962922
ecgclass,slot_0:ecgclass,sharing,105.5708,47.3382,24.3056,23.5339,0.0012,0.4857,22.6514,23.0326,1776041098260427593
ecgclass,slot_0:ecgclass,sharing,106.2559,33.5302,24.8429,23.6701,0.0011,0.8777,8.2872,8.6874,1776041098931116662
ecgclass,slot_0:ecgclass,sharing,108.415,34.9026,24.2662,23.5437,0.0011,0.4481,10.258,10.6363,1776041101092200509
ecgclass,slot_0:ecgclass,sharing,109.9568,30.9188,23.9802,23.2544,0.0013,0.4553,6.5563,6.9387,1776041102630333158
ecgclass,slot_0:ecgclass,sharing,111.1279,32.2509,24.6901,23.587,0.0011,0.8263,7.1623,7.5608,1776041103802014002
ecgclass,slot_0:ecgclass,sharing,111.2994,31.8875,24.2138,23.4465,0.0012,0.4833,7.2961,7.6738,1776041103973592993
ecgclass,slot_0:ecgclass,sharing,112.4884,72.8345,27.4088,26.1387,0.0012,0.4561,44.9865,45.4257,1776041105200302068
ecgclass,slot_0:ecgclass,sharing,112.9427,51.1861,25.9046,24.6131,0.0012,0.4812,24.8535,25.2815,1776041105634467852
ecgclass,slot_0:ecgclass,sharing,113.0671,32.3949,24.8876,24.1235,0.0013,0.4605,7.1452,7.5073,1776041105741150971
ecgclass,slot_0:ecgclass,sharing,113.4658,56.0386,24.1244,23.3989,0.0011,0.4493,31.5318,31.9142,1776041106164236257
ecgclass,slot_0:ecgclass,sharing,113.5369,67.4808,26.3208,25.1422,0.0012,0.457,40.7403,41.16,1776041106244578011
ecgclass,slot_0:ecgclass,sharing,114.4513,52.8984,24.4273,23.6778,0.0011,0.4788,28.1098,28.4711,1776041107146385577
ecgclass,slot_0:ecgclass,sharing,115.4237,31.8339,24.425,23.6686,0.0011,0.4538,7.0386,7.4089,1776041108097707548
ecgclass,slot_0:ecgclass,sharing,115.7178,33.0999,24.246,23.5059,0.0011,0.4678,8.4589,8.8539,1776041108393185772
ecgclass,slot_0:ecgclass,sharing,115.765,35.156,23.9224,23.1779,0.0011,0.4768,10.8349,11.2336,1776041108442762112
ecgclass,slot_0:ecgclass,sharing,118.4932,77.4007,24.2295,23.4785,0.0012,0.4583,52.7794,53.1712,1776041111212912853
ecgclass,slot_0:ecgclass,sharing,119.3006,63.189,24.0925,23.3806,0.0012,0.4481,38.708,39.0965,1776041112006256453
ecgclass,slot_0:ecgclass,sharing,120.7897,31.5993,24.4186,23.6319,0.0011,0.4857,6.8111,7.1806,1776041113463410625
ecgclass,slot_0:ecgclass,sharing,121.1421,37.1614,24.2858,23.5368,0.0011,0.4758,12.517,12.8755,1776041113821570582
ecgclass,slot_0:ecgclass,sharing,122.8178,51.132,24.4743,23.7003,0.0012,0.4765,26.2766,26.6576,1776041115511050744
ecgclass,slot_0:ecgclass,sharing,124.4589,59.9911,24.6122,23.8796,0.0011,0.457,34.9815,35.379,1776041117160807668
ecgclass,slot_0:ecgclass,sharing,124.552,45.9783,24.1642,23.4157,0.0011,0.4738,21.4365,21.8141,1776041117240376625
ecgclass,slot_0:ecgclass,sharing,129.9843,32.9747,24.3114,23.5629,0.0012,0.4766,8.3041,8.6633,1776041122659546276
ecgclass,slot_0:ecgclass,sharing,130.6583,68.0301,26.6262,24.9871,0.0012,0.4991,40.992,41.4039,1776041123366181102
ecgclass,slot_0:ecgclass,sharing,132.0559,31.6017,24.2023,23.4552,0.0011,0.4537,7.0329,7.3994,1776041124729871050
ecgclass,slot_0:ecgclass,sharing,132.2986,33.6137,24.5364,23.7794,0.0011,0.4839,8.707,9.0773,1776041124974289119
ecgclass,slot_0:ecgclass,sharing,133.283,32.5794,24.4858,23.7534,0.0012,0.4524,7.6911,8.0936,1776041125957668037
ecgclass,slot_0:ecgclass,sharing,133.5691,53.6172,24.311,23.5873,0.0012,0.451,28.8994,29.3062,1776041126264922086
ecgclass,slot_0:ecgclass,sharing,135.1838,31.9695,24.2258,23.4943,0.0011,0.454,7.3543,7.7438,1776041127858110359
ecgclass,slot_0:ecgclass,sharing,135.6462,33.0734,24.2921,23.5367,0.0011,0.4764,8.4159,8.7813,1776041128321596940
ecgclass,slot_0:ecgclass,sharing,136.4263,33.457,24.9403,24.1873,0.0011,0.4542,8.1418,8.5167,1776041129101406371
ecgclass,slot_0:ecgclass,sharing,136.9546,51.5065,24.2251,23.4608,0.0012,0.4748,26.8986,27.2814,1776041129648448808
ecgclass,slot_0:ecgclass,sharing,137.7073,31.7202,24.3137,23.5758,0.0012,0.4691,7.0388,7.4065,1776041130381225265
ecgclass,slot_0:ecgclass,sharing,138.1797,31.3313,24.4167,23.678,0.0011,0.4683,6.5451,6.9146,1776041130853130132
ecgclass,slot_0:ecgclass,sharing,138.7928,33.2332,24.6906,23.9475,0.0011,0.4718,8.1763,8.5426,1776041131467940392
ecgclass,slot_0:ecgclass,sharing,138.8211,51.5463,24.2481,23.307,0.0013,0.6404,26.9036,27.2982,1776041131514961320
ecgclass,slot_0:ecgclass,sharing,140.4082,32.5615,24.961,23.8201,0.0012,0.8682,7.2203,7.6005,1776041133082310741
ecgclass,slot_0:ecgclass,sharing,142.9185,31.4629,24.1166,23.4047,0.0012,0.4498,6.947,7.3463,1776041135592340498
ecgclass,slot_0:ecgclass,sharing,143.4992,32.6149,24.3609,23.6377,0.0011,0.452,7.879,8.2541,1776041136173970933
ecgclass,slot_0:ecgclass,sharing,146.903,38.264,24.1283,23.3456,0.0013,0.4878,13.7613,14.1358,1776041139583731276
ecgclass,slot_0:ecgclass,sharing,147.0716,32.3043,24.2948,23.5654,0.0011,0.4534,7.6261,8.0095,1776041139746177664
ecgclass,slot_0:ecgclass,sharing,149.8563,41.621,24.2616,23.5261,0.0011,0.4603,16.9773,17.3594,1776041142540165761
ecgclass,slot_0:ecgclass,sharing,150.2201,32.8786,24.4737,23.471,0.0015,0.7086,8.0452,8.4049,1776041142895078540
ecgclass,slot_0:ecgclass,sharing,150.8888,31.8038,24.2623,23.5385,0.0012,0.4499,7.1263,7.5416,1776041143562904072
ecgclass,slot_0:ecgclass,sharing,153.3256,31.2572,24.2052,23.4698,0.0011,0.4613,6.6478,7.052,1776041145999206980
ecgclass,slot_0:ecgclass,sharing,153.4525,32.8264,24.2378,23.499,0.0011,0.4703,8.214,8.5886,1776041146127686866
ecgclass,slot_0:ecgclass,sharing,153.6452,31.4519,24.1906,23.4636,0.0011,0.4563,6.8657,7.2613,1776041146319035863
ecgclass,slot_0:ecgclass,sharing,154.9862,32.3017,24.2024,23.4516,0.0012,0.4542,7.7136,8.0992,1776041147660810016
ecgclass,slot_0:ecgclass,sharing,155.9687,80.2937,26.1333,24.9077,0.0012,0.4595,53.7317,54.1603,1776041148689355592
ecgclass,slot_0:ecgclass,sharing,156.2563,31.6007,24.3245,23.6035,0.0011,0.4486,6.8698,7.2762,1776041148930132667
ecgclass,slot_0:ecgclass,sharing,156.7004,41.9612,24.2058,23.4615,0.0011,0.4746,17.3883,17.7554,1776041149384753202
ecgclass,slot_0:ecgclass,sharing,157.4498,45.0602,24.3576,23.6268,0.0012,0.4545,20.2985,20.7025,1776041150137011422
ecgclass,slot_0:ecgclass,sharing,159.3495,59.1383,24.0595,23.3329,0.0011,0.4477,34.6787,35.0788,1776041152051130927
ecgclass,slot_0:ecgclass,sharing,159.7076,38.9631,24.3205,23.5679,0.0012,0.4565,14.2539,14.6426,1776041152388744907
ecgclass,slot_0:ecgclass,sharing,160.4731,32.9514,24.5267,23.7868,0.0011,0.4733,8.0564,8.4246,1776041153148134585
ecgclass,slot_0:ecgclass,sharing,160.8276,32.7408,24.3051,23.5666,0.0011,0.4711,8.0478,8.4358,1776041153502614815
ecgclass,slot_0:ecgclass,sharing,161.1317,31.9557,24.2974,23.5732,0.0012,0.4515,7.2751,7.6583,1776041153805903200
ecgclass,slot_0:ecgclass,sharing,163.2645,47.3893,24.1821,23.4613,0.001,0.4506,22.8193,23.2071,1776041155954204184
ecgclass,slot_0:ecgclass,sharing,163.8219,32.3668,24.1892,23.434,0.0011,0.4823,7.7884,8.1775,1776041156496620216
ecgclass,slot_0:ecgclass,sharing,165.1608,74.106,25.8357,24.6889,0.0011,0.4725,47.786,48.2703,1776041157875567183
ecgclass,slot_0:ecgclass,sharing,165.4638,67.3938,25.9827,24.7949,0.0011,0.4655,40.8647,41.411,1776041158171613638
ecgclass,slot_0:ecgclass,sharing,165.6505,33.3662,24.3232,23.603,0.0011,0.4509,8.6577,9.043,1776041158326128974
ecgclass,slot_0:ecgclass,sharing,166.7919,31.8227,24.3587,23.5706,0.0012,0.5117,7.057,7.464,1776041159465913068
ecgclass,slot_0:ecgclass,sharing,168.2101,32.357,24.298,23.5477,0.0012,0.4521,7.6873,8.059,1776041160884712871
ecgclass,slot_0:ecgclass,sharing,169.1606,32.3272,24.615,23.8562,0.0012,0.4712,7.323,7.7122,1776041161834874946
ecgclass,slot_0:ecgclass,sharing,170.3487,31.8055,24.1947,23.4499,0.0012,0.4565,7.2255,7.6108,1776041163022867329
ecgclass,slot_0:ecgclass,sharing,171.3662,41.3024,24.2757,23.5182,0.0014,0.4612,16.6528,17.0268,1776041164049761957
ecgclass,slot_0:ecgclass,sharing,172.4585,32.3493,24.5052,23.7847,0.0012,0.4495,7.4375,7.8441,1776041165132848919
ecgclass,slot_0:ecgclass,sharing,174.7129,33.7911,24.8321,24.088,0.0011,0.4546,8.5893,8.9589,1776041167388455869
ecgclass,slot_0:ecgclass,sharing,177.5366,31.8902,24.2085,23.4666,0.0013,0.4563,7.2908,7.6817,1776041170210846908
ecgclass,slot_0:ecgclass,sharing,178.1987,61.5048,23.9993,23.2481,0.0011,0.4751,37.1227,37.5056,1776041170902803254
ecgclass,slot_0:ecgclass,sharing,178.2899,71.7807,26.6544,25.4491,0.0011,0.4967,44.6458,45.1263,1776041171001497951
ecgclass,slot_0:ecgclass,sharing,179.6939,31.7836,24.2722,23.5483,0.0011,0.4513,7.1251,7.5114,1776041172367987609
ecgclass,slot_0:ecgclass,sharing,180.5397,61.4557,26.6268,24.9746,0.0012,0.836,34.4245,34.8289,1776041173241080975
ecgclass,slot_0:ecgclass,sharing,182.9807,26.279,25.2015,24.4183,0.0015,0.4844,0.6843,1.0775,1776041175648270001
ecgclass,slot_0:ecgclass,sharing,184.0247,31.5704,24.3567,23.5783,0.0012,0.4865,6.8374,7.2138,1776041176698448646
ecgclass,slot_0:ecgclass,sharing,184.165,31.8096,24.2349,23.4946,0.0012,0.4673,7.1828,7.5747,1776041176839081754
ecgclass,slot_0:ecgclass,sharing,185.2137,32.3124,24.5075,23.6993,0.0011,0.5296,7.443,7.8049,1776041177888111386
ecgclass,slot_0:ecgclass,sharing,185.7865,66.3471,24.2074,23.4629,0.0011,0.4637,41.7342,42.1397,1776041178495146114
ecgclass,slot_0:ecgclass,sharing,185.9019,32.8579,24.8826,23.7278,0.0013,0.4616,7.5743,7.9753,1776041178576432139
ecgclass,slot_0:ecgclass,sharing,186.1761,31.9409,24.2112,23.4659,0.0011,0.4712,7.34,7.7297,1776041178850348424
ecgclass,slot_0:ecgclass,sharing,189.6519,33.3402,24.6873,23.9283,0.011,0.4808,8.2593,8.6529,1776041182327048166
ecgclass,slot_0:ecgclass,sharing,190.0544,32.1243,24.3767,23.6334,0.0011,0.4551,7.3581,7.7476,1776041182728650125
ecgclass,slot_0:ecgclass,sharing,190.3131,33.2501,24.6645,23.9174,0.0011,0.4717,8.2181,8.5856,1776041182988221117
ecgclass,slot_0:ecgclass,sharing,190.7573,69.3023,24.1758,23.4276,0.0011,0.4532,44.7552,45.1265,1776041183468952085
ecgclass,slot_0:ecgclass,sharing,192.8238,31.5404,24.1978,23.4356,0.0011,0.4764,6.9773,7.3426,1776041185497712104
ecgclass,slot_0:ecgclass,sharing,193.9133,48.5897,24.2158,23.4929,0.0011,0.4517,23.9837,24.3739,1776041186604220217
ecgclass,slot_0:ecgclass,sharing,194.1103,34.8296,24.5437,23.7766,0.0012,0.4922,9.9094,10.2859,1776041186787098124
ecgclass,slot_0:ecgclass,sharing,194.1186,72.9458,26.1162,24.8482,0.0012,0.4737,46.3274,46.8296,1776041186831814652
ecgclass,slot_0:ecgclass,sharing,194.5579,31.9235,24.333,23.6166,0.0011,0.4455,7.1981,7.5906,1776041187231985783
ecgclass,slot_0:ecgclass,sharing,194.7077,32.2607,24.9824,24.2145,0.0012,0.4729,6.8772,7.2783,1776041187381466745
ecgclass,slot_0:ecgclass,sharing,196.7754,32.8565,24.3207,23.5483,0.0011,0.4773,8.1577,8.5358,1776041189450490099
ecgclass,slot_0:ecgclass,sharing,196.8814,32.0516,24.6281,23.8807,0.0011,0.4571,7.0705,7.4235,1776041189555380917
ecgclass,slot_0:ecgclass,sharing,197.5656,32.9347,24.3626,23.6201,0.0011,0.4532,8.2085,8.5721,1776041190240751741
ecgclass,slot_0:ecgclass,sharing,198.5831,62.1078,24.7541,23.9828,0.0012,0.487,36.9861,37.3537,1776041191287067920
ecgclass,slot_0:ecgclass,sharing,201.4535,49.2144,24.284,23.5511,0.0012,0.4562,24.5318,24.9304,1776041194144938842
ecgclass,slot_0:ecgclass,sharing,201.744,25.4803,24.4727,23.7359,0.0012,0.454,0.6258,1.0076,1776041194411589216
ecgclass,slot_0:ecgclass,sharing,203.4799,31.7655,24.281,23.5586,0.0011,0.4509,7.0994,7.4845,1776041196153945569
ecgclass,slot_0:ecgclass,sharing,204.2438,33.9985,24.7656,24.0345,0.0012,0.4552,8.8415,9.2329,1776041196919584651
ecgclass,slot_0:ecgclass,sharing,205.973,81.8286,24.26,23.54,0.0012,0.4511,57.1792,57.5686,1776041198697162391
ecgclass,slot_0:ecgclass,sharing,206.3313,44.8477,24.0111,23.2652,0.0011,0.4773,20.4618,20.8366,1776041199018693865
ecgclass,slot_0:ecgclass,sharing,206.6643,32.3482,24.2156,23.4619,0.0012,0.4517,7.7178,8.1326,1776041199338906140
ecgclass,slot_0:ecgclass,sharing,206.9179,50.1342,25.8057,24.5493,0.0012,0.4522,23.8163,24.3285,1776041199608658366
ecgclass,slot_0:ecgclass,sharing,207.961,32.8934,24.7995,24.07,0.0012,0.4502,7.6947,8.094,1776041200635653369
ecgclass,slot_0:ecgclass,sharing,208.6104,33.3476,24.5195,23.8018,0.0011,0.4494,8.4682,8.8281,1776041201285840537
ecgclass,slot_0:ecgclass,sharing,209.477,31.5466,24.1157,23.379,0.0012,0.4529,7.061,7.4309,1776041202151013538
ecgclass,slot_0:ecgclass,sharing,210.7596,52.3174,25.9719,24.703,0.0012,0.4779,25.9216,26.3455,1776041203452469150
ecgclass,slot_0:ecgclass,sharing,211.9133,31.832,24.3867,23.6292,0.0011,0.4881,7.0784,7.4452,1776041204587311277
ecgclass,slot_0:ecgclass,sharing,212.9592,45.4481,26.4963,24.9707,0.0011,0.8273,18.4793,18.9517,1776041205644642520
ecgclass,slot_0:ecgclass,sharing,214.3588,32.2461,25.005,24.2602,0.0012,0.476,6.8648,7.2412,1776041207032608510
ecgclass,slot_0:ecgclass,sharing,214.3921,59.3143,35.6668,33.8502,0.0012,0.4709,23.0474,23.6474,1776041207082120895
ecgclass,slot_0:ecgclass,sharing,215.8975,60.5555,35.044,33.2532,0.0011,0.4711,25.0258,25.5114,1776041208589443103
ecgclass,slot_0:ecgclass,sharing,217.1971,32.9728,24.4202,23.6723,0.0012,0.4701,8.1942,8.5526,1776041209872257654
ecgclass,slot_0:ecgclass,sharing,217.6366,31.7831,24.4491,23.6819,0.0012,0.472,6.9673,7.334,1776041210310461167
ecgclass,slot_0:ecgclass,sharing,217.877,34.4145,24.6618,23.8932,0.0012,0.4906,9.3808,9.7527,1776041210553328665
ecgclass,slot_0:ecgclass,sharing,218.5872,33.2453,24.4433,23.6897,0.0013,0.4568,8.4281,8.802,1776041211262573659
ecgclass,slot_0:ecgclass,sharing,220.612,54.3399,24.7325,23.5915,0.0011,0.8535,29.2313,29.6074,1776041213308165942
ecgclass,slot_0:ecgclass,sharing,220.9384,32.0127,24.616,23.8429,0.0012,0.4562,7.0565,7.3967,1776041213612405184
ecgclass,slot_0:ecgclass,sharing,222.3713,32.4171,24.3756,23.6474,0.0012,0.4512,7.6241,8.0415,1776041215045904409
ecgclass,slot_0:ecgclass,sharing,225.3407,31.5268,24.386,23.6233,0.0011,0.4901,6.7685,7.1408,1776041218014359285
ecgclass,slot_0:ecgclass,sharing,225.739,34.5457,25.2712,24.0447,0.0011,0.9525,8.9135,9.2744,1776041218414838598
ecgclass,slot_0:ecgclass,sharing,230.042,33.7083,24.3112,23.5795,0.0013,0.4583,8.9438,9.3972,1776041222717885994
ecgclass,slot_0:ecgclass,sharing,230.1028,55.3169,24.7853,24.0388,0.0011,0.475,30.1688,30.5316,1776041222799922546
ecgclass,slot_0:ecgclass,sharing,230.1396,64.9583,24.194,23.4513,0.0011,0.4533,40.3903,40.7644,1776041222846892029
ecgclass,slot_0:ecgclass,sharing,231.9966,43.4182,24.6986,23.9532,0.0014,0.4761,18.3384,18.7196,1776041224681912930
ecgclass,slot_0:ecgclass,sharing,232.6418,32.3989,24.3055,23.5357,0.0012,0.4729,7.7128,8.0934,1776041225316420742
ecgclass,slot_0:ecgclass,sharing,233.2483,33.3991,24.8308,24.0921,0.0011,0.4496,8.1811,8.5683,1776041225923465406
ecgclass,slot_0:ecgclass,sharing,235.2088,32.6076,24.6006,23.7951,0.0013,0.4983,7.6299,8.0069,1776041227883396744
ecgclass,slot_0:ecgclass,sharing,237.6823,33.9613,24.8277,23.6635,0.0012,0.488,8.7373,9.1336,1776041230357949397
ecgclass,slot_0:ecgclass,sharing,238.5069,31.8375,24.1269,23.3906,0.0011,0.4655,7.3111,7.7106,1776041231181115461
ecgclass,slot_0:ecgclass,sharing,240.6133,32.259,24.4281,23.6813,0.0011,0.4548,7.4143,7.8309,1776041233287685723
ecgclass,slot_0:ecgclass,sharing,241.624,56.8466,26.0971,24.5185,0.0012,0.461,30.2913,30.7495,1776041234321226150
ecgclass,slot_0:ecgclass,sharing,242.1251,32.3474,24.4393,23.6712,0.0011,0.4622,7.5307,7.9081,1776041234799593754
ecgclass,slot_0:ecgclass,sharing,242.3689,75.9947,24.574,23.8332,0.0013,0.4703,51.0499,51.4207,1776041235086908916
ecgclass,slot_0:ecgclass,sharing,243.7457,34.281,24.3031,23.5517,0.0011,0.4724,9.6214,9.9779,1776041236422244958
ecgclass,slot_0:ecgclass,sharing,245.8864,32.964,24.6739,23.9277,0.0012,0.4771,7.9489,8.2901,1776041238561300760
ecgclass,slot_0:ecgclass,sharing,248.5562,33.4754,24.7084,23.9604,0.0013,0.4712,8.3823,8.767,1776041241231549438
ecgclass,slot_0:ecgclass,sharing,248.8578,33.1714,24.7549,24.0142,0.0012,0.4716,8.038,8.4166,1776041241532778783
ecgclass,slot_0:ecgclass,sharing,249.8841,34.2014,25.2334,24.0759,0.0012,0.8766,8.5888,8.9679,1776041242559640165
ecgclass,slot_0:ecgclass,sharing,250.3971,33.7451,24.2904,23.5651,0.0012,0.4512,9.0647,9.4547,1776041243073077163
ecgclass,slot_0:ecgclass,sharing,252.1086,85.5117,24.2245,23.4599,0.0011,0.4741,60.9159,61.2872,1776041244836464486
ecgclass,slot_0:ecgclass,sharing,252.3299,32.3019,24.3289,23.5615,0.0012,0.4711,7.5948,7.973,1776041245004419661
ecgclass,slot_0:ecgclass,sharing,252.3893,32.366,24.5345,23.8087,0.0013,0.4493,7.4337,7.8315,1776041245063657248
ecgclass,slot_0:ecgclass,sharing,252.7498,33.4604,24.0753,23.309,0.0011,0.4889,9.0175,9.3851,1776041245425794873
ecgclass,slot_0:ecgclass,sharing,252.8207,75.2728,24.2272,23.4962,0.0011,0.4689,50.6804,51.0456,1776041245538314860
ecgclass,slot_0:ecgclass,sharing,253.2909,39.5198,24.2506,23.4856,0.0011,0.4754,14.8969,15.2692,1776041245972691334
ecgclass,slot_0:ecgclass,sharing,253.7793,31.8961,24.3963,23.6511,0.0011,0.4744,7.0693,7.4998,1776041246453322849
ecgclass,slot_0:ecgclass,sharing,253.8924,32.407,24.1881,23.4474,0.0011,0.4582,7.8411,8.2189,1776041246567172393
ecgclass,slot_0:ecgclass,sharing,256.9801,48.4006,26.2545,25.0873,0.0011,0.4546,21.7125,22.1461,1776041249668700945
ecgclass,slot_0:ecgclass,sharing,257.2824,72.6948,24.3487,23.5936,0.0011,0.4856,47.9684,48.346,1776041249997292789
ecgclass,slot_0:ecgclass,sharing,258.4786,33.7565,24.536,23.7667,0.0011,0.4755,8.8432,9.2205,1776041251154409342
ecgclass,slot_0:ecgclass,sharing,258.6794,33.3378,24.4683,23.7319,0.0011,0.4686,8.4677,8.8696,1776041251354783458
ecgclass,slot_0:ecgclass,sharing,259.1882,33.5312,24.3481,23.6207,0.0011,0.452,8.7898,9.1831,1776041251863972825
ecgclass,slot_0:ecgclass,sharing,259.2785,82.587,26.555,25.257,0.0012,0.4812,55.562,56.032,1776041252001035124
ecgclass,slot_0:ecgclass,sharing,259.3962,67.3416,34.5614,32.9704,0.0013,0.2427,32.109,32.7802,1776041252095268112
ecgclass,slot_0:ecgclass,sharing,259.4074,56.2272,34.5614,32.9704,0.0013,0.2427,20.9675,21.6658,1776041252095268112
ecgclass,slot_0:ecgclass,sharing,261.0235,33.6225,24.8207,24.062,0.0012,0.4826,8.4493,8.8018,1776041253698862742
ecgclass,slot_0:ecgclass,sharing,261.3782,33.0341,24.5256,23.7582,0.0011,0.4927,8.1444,8.5085,1776041254053246062
ecgclass,slot_0:ecgclass,sharing,262.0721,83.6661,26.8149,25.5292,0.0012,0.4806,56.3786,56.8512,1776041254795449009
ecgclass,slot_0:ecgclass,sharing,262.9403,31.9865,24.3299,23.5621,0.0012,0.4793,7.2808,7.6565,1776041255614471144
ecgclass,slot_0:ecgclass,sharing,263.119,31.4605,24.3623,23.6211,0.0012,0.4551,6.7155,7.0982,1776041255792690375
ecgclass,slot_0:ecgclass,sharing,266.0524,32.974,24.2693,23.5107,0.0013,0.4809,8.3156,8.7047,1776041258727674758
ecgclass,slot_0:ecgclass,sharing,266.5992,56.4907,24.1805,23.4604,0.0014,0.4497,31.9123,32.3101,1776041259298029258
ecgclass,slot_0:ecgclass,sharing,266.6748,31.6298,24.6524,23.9056,0.0012,0.4742,6.6249,6.9774,1776041259348325911
ecgclass,slot_0:ecgclass,sharing,266.7831,34.3919,24.189,23.448,0.0011,0.4518,9.8188,10.2029,1776041259459840106
ecgclass,slot_0:ecgclass,sharing,267.2792,31.9924,24.6837,23.933,0.0011,0.4743,6.9396,7.3088,1776041259953120071
ecgclass,slot_0:ecgclass,sharing,267.4064,32.0537,24.3434,23.5784,0.0011,0.4902,7.3369,7.7103,1776041260080654145
ecgclass,slot_0:ecgclass,sharing,267.7324,51.9493,24.2529,23.4902,0.0011,0.4852,27.308,27.6964,1776041260426594791
ecgclass,slot_0:ecgclass,sharing,268.4756,31.7457,24.1852,23.4515,0.0011,0.4712,7.1821,7.5604,1776041261149758662
ecgclass,slot_0:ecgclass,sharing,268.5175,31.46,24.206,23.4689,0.0011,0.464,6.8746,7.254,1776041261191285772
ecgclass,slot_0:ecgclass,sharing,268.8757,62.3133,26.2601,24.9355,0.0012,0.4832,35.656,36.0532,1776041261578329039
ecgclass,slot_0:ecgclass,sharing,270.4463,32.8708,24.3593,23.6081,0.0011,0.4723,8.137,8.5115,1776041263121358754
ecgclass,slot_0:ecgclass,sharing,270.5203,33.0238,24.2359,23.4745,0.0011,0.4763,8.4004,8.7879,1776041263195592401
ecgclass,slot_0:ecgclass,sharing,271.4912,32.6862,24.7944,24.0671,0.001,0.4506,7.5216,7.8918,1776041264165626855
ecgclass,slot_0:ecgclass,sharing,271.541,87.5301,24.4076,23.3525,0.0015,0.7617,62.7713,63.1226,1776041264270658140
ecgclass,slot_0:ecgclass,sharing,274.2192,34.1055,24.8113,23.5802,0.0012,0.9579,8.9364,9.2942,1776041266895029953
ecgclass,slot_0:ecgclass,sharing,274.4751,49.5124,26.0382,24.7776,0.0012,0.4527,22.9137,23.4742,1776041267164950526
ecgclass,slot_0:ecgclass,sharing,274.7192,57.0962,24.2783,23.529,0.0012,0.474,32.4495,32.8179,1776041267418564155
ecgclass,slot_0:ecgclass,sharing,275.8092,33.0427,24.5127,23.7608,0.0011,0.4763,8.1644,8.5299,1776041268484307298
ecgclass,slot_0:ecgclass,sharing,278.0684,33.0729,24.195,23.4562,0.0012,0.4556,8.4879,8.878,1776041270743867675
ecgclass,slot_0:ecgclass,sharing,281.2561,32.5425,24.4509,23.6723,0.0011,0.4676,7.6888,8.0915,1776041273930698365
ecgclass,slot_0:ecgclass,sharing,282.6382,32.1262,24.2365,23.4759,0.0011,0.4811,7.5181,7.8896,1776041275312609475
ecgclass,slot_0:ecgclass,sharing,284.3651,31.8153,24.2815,23.5187,0.0011,0.4689,7.1402,7.5338,1776041277039193804
ecgclass,slot_0:ecgclass,sharing,285.4618,32.0013,24.3798,23.6353,0.0013,0.4589,7.2367,7.6215,1776041278136012347
ecgclass,slot_0:ecgclass,sharing,285.6551,31.7099,24.2286,23.5041,0.0012,0.4481,7.0872,7.4813,1776041278329074393
ecgclass,slot_0:ecgclass,sharing,286.8204,52.4147,24.1841,23.4322,0.0012,0.4653,27.8554,28.2306,1776041279515167515
ecgclass,slot_0:ecgclass,sharing,286.9877,83.1437,35.9526,34.1342,0.0012,0.4583,46.756,47.1911,1776041279701403519
ecgclass,slot_0:ecgclass,sharing,287.9762,37.5319,24.298,23.5717,0.0012,0.4532,12.8307,13.2339,1776041280655993883
ecgclass,slot_0:ecgclass,sharing,288.7441,33.4473,24.2807,23.528,0.0012,0.4557,8.7805,9.1666,1776041281419808691
ecgclass,slot_0:ecgclass,sharing,289.1017,32.5181,24.6078,23.8092,0.0016,0.5021,7.5264,7.9103,1776041281776179630
ecgclass,slot_0:ecgclass,sharing,289.8118,52.5007,24.145,23.3972,0.0012,0.4784,27.9646,28.3557,1776041282506728014
ecgclass,slot_0:ecgclass,sharing,290.7136,33.3793,24.7626,23.6077,0.0012,0.8673,8.2555,8.6167,1776041283388815071
ecgclass,slot_0:ecgclass,sharing,290.9448,65.1588,26.29,25.1043,0.0011,0.4485,38.3902,38.8688,1776041283650085574
ecgclass,slot_0:ecgclass,sharing,291.3636,31.9746,24.3968,23.6247,0.0012,0.4696,7.1709,7.5778,1776041284037748046
ecgclass,slot_0:ecgclass,sharing,291.7869,31.8916,24.3577,23.6302,0.0011,0.4509,7.1442,7.5339,1776041284460938474
ecgclass,slot_0:ecgclass,sharing,291.8997,31.5154,24.1043,23.3607,0.0012,0.479,7.0338,7.4111,1776041284573657288
ecgclass,slot_0:ecgclass,sharing,292.1895,59.3665,25.0454,23.9209,0.0011,0.8328,33.9212,34.3211,1776041284890381176
ecgclass,slot_0:ecgclass,sharing,293.2141,55.0609,25.0676,23.6381,0.0012,0.7196,29.6102,29.9933,1776041285910670030
ecgclass,slot_0:ecgclass,sharing,294.4091,65.1972,24.4013,23.6223,0.0012,0.4797,40.4372,40.7959,1776041287116439606
ecgclass,slot_0:ecgclass,sharing,294.9834,32.3713,24.1585,23.4156,0.0011,0.4596,7.8259,8.2128,1776041287658140585
ecgclass,slot_0:ecgclass,sharing,295.5833,31.8925,24.2826,23.5075,0.0011,0.4766,7.2367,7.6099,1776041288257490593
ecgclass,slot_0:ecgclass,sharing,295.9808,33.6399,24.3366,23.5864,0.0011,0.459,8.9221,9.3033,1776041288656657240
ecgclass,slot_0:ecgclass,sharing,297.1483,32.4767,24.1871,23.4513,0.0011,0.4628,7.8883,8.2896,1776041289823127077
ecgclass,slot_0:ecgclass,sharing,297.5542,48.5537,24.2589,23.5356,0.0012,0.4519,23.8941,24.2948,1776041290245044746
ecgclass,slot_0:ecgclass,sharing,298.5122,32.4576,24.3011,23.5616,0.0012,0.4585,7.7438,8.1565,1776041291186866654
ecgclass,slot_0:ecgclass,sharing,299.1523,31.323,24.1601,23.4349,0.0011,0.4546,6.7556,7.1629,1776041291826004661
ecgclass,slot_0:ecgclass,sharing,299.753,33.8039,24.5692,23.8239,0.0012,0.4596,8.8425,9.2347,1776041292428769959
ecgclass,slot_0:ecgclass,sharing,302.6253,35.5642,24.3865,23.6469,0.0012,0.4613,10.7601,11.1777,1776041295302957864
ecgclass,slot_0:ecgclass,sharing,304.771,37.9488,24.1984,23.4246,0.0012,0.4788,13.3755,13.7504,1776041297451326726
ecgclass,slot_0:ecgclass,sharing,305.725,65.5391,24.7027,23.9148,0.0012,0.4732,40.4561,40.8364,1776041298432402597
ecgclass,slot_0:ecgclass,sharing,306.9179,40.4301,24.3089,23.5565,0.0011,0.4733,15.7633,16.1212,1776041299600572529
ecgclass,slot_0:ecgclass,sharing,307.0655,32.0828,24.1487,23.4075,0.0011,0.4511,7.5483,7.9341,1776041299739944682
ecgclass,slot_0:ecgclass,sharing,307.5292,58.2864,24.1627,23.4164,0.0012,0.4546,33.7501,34.1238,1776041300229932331
ecgclass,slot_0:ecgclass,sharing,308.8324,32.9926,25.006,24.2549,0.0011,0.4756,7.6177,7.9866,1776041301506959697
ecgclass,slot_0:ecgclass,sharing,309.8544,38.79,24.8669,23.7172,0.0012,0.4866,13.5634,13.9231,1776041302534861910
ecgclass,slot_0:ecgclass,sharing,310.0912,33.5312,24.5126,23.7717,0.0012,0.461,8.6281,9.0186,1776041302766731648
ecgclass,slot_0:ecgclass,sharing,313.1974,31.913,24.498,23.739,0.0012,0.4781,7.0336,7.415,1776041305871356457
ecgclass,slot_0:ecgclass,sharing,313.2354,31.5843,24.2846,23.5346,0.0012,0.4668,6.9427,7.2997,1776041305909264064
ecgclass,slot_0:ecgclass,sharing,314.3495,32.1889,24.2744,23.5412,0.0011,0.4664,7.5245,7.9145,1776041307023938452
ecgclass,slot_0:ecgclass,sharing,314.445,32.3315,24.1531,23.4128,0.0013,0.4717,7.8018,8.1784,1776041307119760257
ecgclass,slot_0:ecgclass,sharing,316.9023,32.4824,24.1421,23.4287,0.0012,0.448,7.9455,8.3403,1776041309577151712
ecgclass,slot_0:ecgclass,sharing,316.9889,32.2423,24.276,23.5159,0.0011,0.4862,7.5991,7.9663,1776041309663391900
ecgclass,slot_0:ecgclass,sharing,318.5422,33.5572,24.3459,23.6164,0.0011,0.4522,8.8196,9.2113,1776041311217993762
ecgclass,slot_0:ecgclass,sharing,318.7223,32.9018,24.2631,23.509,0.0011,0.475,8.2746,8.6387,1776041311397479340
ecgclass,slot_0:ecgclass,sharing,323.2623,32.866,24.358,23.5808,0.0011,0.4851,8.1098,8.508,1776041315937334749
ecgclass,slot_0:ecgclass,sharing,323.8405,33.3381,24.8064,24.0835,0.0012,0.4529,8.1356,8.5317,1776041316515614099
ecgclass,slot_0:ecgclass,sharing,325.0159,33.8137,24.2823,23.5555,0.0011,0.4547,9.119,9.5314,1776041317692002140
ecgclass,slot_0:ecgclass,sharing,325.9939,33.4494,24.0851,23.332,0.0011,0.4792,8.9734,9.3643,1776041318669759345
ecgclass,slot_0:ecgclass,sharing,326.6644,32.4459,24.5598,23.8168,0.0011,0.4622,7.4935,7.8861,1776041319338794967
ecgclass,slot_0:ecgclass,sharing,328.1063,66.2563,26.3616,25.1028,0.0011,0.4558,39.4604,39.8947,1776041320812676427
ecgclass,slot_0:ecgclass,sharing,328.8476,32.6951,24.5074,23.7552,0.0011,0.4739,7.7815,8.1877,1776041321522325567
ecgclass,slot_0:ecgclass,sharing,331.5873,51.0228,24.166,23.4193,0.0011,0.4766,26.4738,26.8568,1776041324280740090
ecgclass,slot_0:ecgclass,sharing,331.6485,32.6173,24.5055,23.7358,0.0011,0.49,7.7598,8.1119,1776041324323145139
ecgclass,slot_0:ecgclass,sharing,337.0072,33.3481,24.2214,23.469,0.0012,0.4631,8.7276,9.1267,1776041329682884258
ecgclass,slot_0:ecgclass,sharing,337.8349,58.351,27.4936,26.2497,0.0012,0.4753,30.4155,30.8575,1776041330532276171
ecgclass,slot_0:ecgclass,sharing,338.1299,78.4726,24.6777,23.9253,0.0012,0.4787,53.3528,53.7949,1776041330850157522
ecgclass,slot_0:ecgclass,sharing,338.7155,32.4483,24.4324,23.705,0.0011,0.4491,7.6227,8.0159,1776041331390063720
ecgclass,slot_0:ecgclass,sharing,339.9589,34.0245,24.3979,23.6231,0.0012,0.4947,9.2428,9.6266,1776041332635085438
ecgclass,slot_0:ecgclass,sharing,340.9563,32.9068,24.8309,24.0493,0.0012,0.4864,7.7028,8.0759,1776041333630968665
ecgclass,slot_0:ecgclass,sharing,343.0431,68.7807,24.1271,23.3841,0.0011,0.4695,44.2717,44.6535,1776041335754346001
ecgclass,slot_0:ecgclass,sharing,345.3192,62.2931,24.185,23.4422,0.0012,0.452,37.7095,38.1081,1776041338023822958
ecgclass,slot_0:ecgclass,sharing,346.2647,74.2536,26.3267,24.6594,0.0011,0.8707,47.4946,47.9268,1776041338979104740
ecgclass,slot_0:ecgclass,sharing,347.8389,54.9843,26.4619,25.1816,0.0012,0.4863,28.0914,28.5224,1776041340533906874
ecgclass,slot_0:ecgclass,sharing,348.5109,32.9289,24.4048,23.6626,0.0012,0.4587,8.1339,8.5242,1776041341185931866
ecgclass,slot_0:ecgclass,sharing,348.6268,74.2562,24.271,23.5044,0.0013,0.493,49.623,49.9852,1776041341343337414
ecgclass,slot_0:ecgclass,sharing,349.1699,73.4017,24.167,23.4005,0.0011,0.497,48.8601,49.2347,1776041341885690596
ecgclass,slot_0:ecgclass,sharing,349.4637,32.49,24.1923,23.4469,0.0011,0.4746,7.9319,8.2977,1776041342138603208
ecgclass,slot_0:ecgclass,sharing,351.4361,36.8228,25.1211,24.3715,0.0013,0.4698,11.3132,11.7017,1776041344114373745
ecgclass,slot_0:ecgclass,sharing,351.6644,79.5529,24.2243,23.4988,0.0012,0.4493,54.9402,55.3286,1776041344386258654
ecgclass,slot_0:ecgclass,sharing,352.939,32.7454,24.4959,23.77,0.0012,0.452,7.8685,8.2494,1776041345613791159
ecgclass,slot_0:ecgclass,sharing,355.2119,33.4208,24.4193,23.6453,0.0012,0.4743,8.6138,9.0015,1776041347887445531
ecgclass,slot_0:ecgclass,sharing,355.3456,33.973,24.3362,23.5964,0.0011,0.4557,9.2518,9.6368,1776041348021744733
ecgclass,slot_0:ecgclass,sharing,356.2953,35.2147,24.3924,23.634,0.0012,0.4545,10.4413,10.8223,1776041348972699635
ecgclass,slot_0:ecgclass,sharing,358.9032,35.079,24.2603,23.5161,0.0012,0.4774,10.4575,10.8187,1776041351580547610
ecgclass,slot_0:ecgclass,sharing,359.4199,33.8342,24.5554,23.8253,0.0012,0.4502,8.9021,9.2788,1776041352095693334
ecgclass,slot_0:ecgclass,sharing,359.9116,67.4207,25.9333,24.6798,0.0012,0.4729,41.0423,41.4875,1776041352619595134
ecgclass,slot_0:ecgclass,sharing,360.5753,32.64,24.7854,23.6547,0.0012,0.8335,7.4346,7.8546,1776041353249670991
ecgclass,slot_0:ecgclass,sharing,360.7828,33.5383,24.185,23.4457,0.0011,0.4714,8.9648,9.3533,1776041353458741156
ecgclass,slot_0:ecgclass,sharing,360.9612,90.5192,24.2929,23.5584,0.0011,0.4565,65.8371,66.2263,1776041353694019399
ecgclass,slot_0:ecgclass,sharing,364.0686,51.9171,25.7876,24.5174,0.0013,0.4616,25.6944,26.1294,1776041356761245282
ecgclass,slot_0:ecgclass,sharing,366.4698,32.4821,24.5028,23.7393,0.0011,0.4837,7.6048,7.9793,1776041359144330256
ecgclass,slot_0:ecgclass,sharing,367.0583,32.4001,24.4433,23.7202,0.0012,0.4538,7.4677,7.9569,1776041359732743836
ecgclass,slot_0:ecgclass,sharing,367.382,32.7685,24.5656,23.8339,0.0011,0.4562,7.8344,8.2029,1776041360056728957
ecgclass,slot_0:ecgclass,sharing,368.7258,33.4997,24.0976,23.3546,0.0011,0.4758,9.0153,9.4021,1776041361401739920
ecgclass,slot_0:ecgclass,sharing,373.0738,84.9056,35.7854,34.0442,0.0012,0.4644,48.6,49.1202,1776041365789361977
ecgclass,slot_0:ecgclass,sharing,375.2421,67.9398,24.1019,23.3539,0.0012,0.4722,43.4709,43.8379,1776041367952548857
ecgclass,slot_0:ecgclass,sharing,375.7277,33.1185,24.4276,23.6889,0.0012,0.4669,8.3122,8.6909,1776041368402992697
ecgclass,slot_0:ecgclass,sharing,376.3894,32.34,24.3541,23.6158,0.0011,0.4544,7.6046,7.9859,1776041369063966828
ecgclass,slot_0:ecgclass,sharing,377.4852,32.9049,24.7896,24.0339,0.0012,0.4803,7.7467,8.1153,1776041370159906419
ecgclass,slot_0:ecgclass,sharing,378.236,74.5311,27.5806,26.2696,0.0013,0.4695,46.5212,46.9505,1776041370949442349
ecgclass,slot_0:ecgclass,sharing,378.5597,33.6211,24.5123,23.7484,0.0011,0.4834,8.7476,9.1087,1776041371235390274
ecgclass,slot_0:ecgclass,sharing,378.8822,32.9957,24.6277,23.8727,0.0012,0.4838,8.0061,8.368,1776041371557167241
ecgclass,slot_0:ecgclass,sharing,379.9644,72.6438,26.3114,24.6431,0.0012,0.4756,45.9266,46.3323,1776041372677300748
ecgclass,slot_0:ecgclass,sharing,383.4568,32.98,24.1591,23.4345,0.0012,0.4549,8.4357,8.8209,1776041376132205454
ecgclass,slot_0:ecgclass,sharing,383.6486,32.5828,24.3044,23.523,0.0013,0.4822,7.8995,8.2784,1776041376323459755
ecgclass,slot_0:ecgclass,sharing,384.8383,39.6764,24.2479,23.5028,0.0011,0.4684,15.07,15.4285,1776041377520313017
ecgclass,slot_0:ecgclass,sharing,387.4632,33.288,25.2805,24.5381,0.0012,0.4567,7.6199,8.0075,1776041380137775281
ecgclass,slot_0:ecgclass,sharing,387.476,79.7009,35.163,33.5647,0.0012,0.4569,43.9703,44.5379,1776041380186873493
ecgclass,slot_0:ecgclass,sharing,388.0244,34.189,24.5478,23.793,0.0012,0.4585,9.2657,9.6412,1776041380700572313
ecgclass,slot_0:ecgclass,sharing,389.3731,32.5847,24.4327,23.6978,0.0011,0.4557,7.7639,8.152,1776041382047783749
ecgclass,slot_0:ecgclass,sharing,391.6461,34.1637,24.3989,23.6129,0.0011,0.4883,9.3942,9.7649,1776041384322433756
ecgclass,slot_0:ecgclass,sharing,394.4637,32.696,24.5756,23.8212,0.0012,0.4784,7.7262,8.1204,1776041387138350973
ecgclass,slot_0:ecgclass,sharing,394.7972,33.6123,24.3586,23.5781,0.0012,0.4619,8.863,9.2537,1776041387473000911
ecgclass,slot_0:ecgclass,sharing,394.8679,32.552,24.3383,23.5965,0.0011,0.4517,7.8115,8.2137,1776041387542659448
ecgclass,slot_0:ecgclass,sharing,395.2091,77.04,26.0673,24.7728,0.0012,0.4721,50.4568,50.9727,1776041387926494442
ecgclass,slot_0:ecgclass,sharing,396.0177,33.4461,24.4817,23.7204,0.0011,0.4789,8.5912,8.9644,1776041388693222122
ecgclass,slot_0:ecgclass,sharing,396.2831,83.2121,24.0511,23.3074,0.0011,0.4744,58.7986,59.1611,1776041389008869060
ecgclass,slot_0:ecgclass,sharing,396.712,32.1362,24.427,23.6813,0.0011,0.4785,7.3247,7.7092,1776041389386306629
ecgclass,slot_0:ecgclass,sharing,398.131,34.1828,24.8936,24.1189,0.0012,0.4914,8.9321,9.2892,1776041390806908994
ecgclass,slot_0:ecgclass,sharing,398.1483,64.4569,24.8756,23.7204,0.0013,0.4755,39.1724,39.5814,1776041390854446128
ecgclass,slot_0:ecgclass,sharing,399.9256,32.5418,24.6487,23.8928,0.0011,0.4718,7.5321,7.8931,1776041392600090113
ecgclass,slot_0:ecgclass,sharing,399.9459,61.3048,24.8916,24.1417,0.0011,0.4728,36.0615,36.4132,1776041392648933427
ecgclass,slot_0:ecgclass,sharing,400.9037,39.747,24.8738,24.1165,0.0011,0.4564,14.5278,14.8732,1776041393585144425
ecgclass,slot_0:ecgclass,sharing,400.9625,68.3634,24.4202,23.6898,0.0011,0.4534,43.5426,43.9432,1776041393673002955
ecgclass,slot_0:ecgclass,sharing,401.2834,82.5877,24.1405,23.3793,0.0011,0.4695,58.0864,58.4472,1776041394008428637
ecgclass,slot_0:ecgclass,sharing,401.8673,32.1712,24.53,23.7592,0.0011,0.4566,7.2823,7.6413,1776041394541477437
ecgclass,slot_0:ecgclass,sharing,404.0427,32.398,24.5317,23.7813,0.0012,0.4726,7.4914,7.8663,1776041396717095803
ecgclass,slot_0:ecgclass,sharing,404.2582,32.4776,24.3433,23.6162,0.0011,0.4497,7.7422,8.1343,1776041396932902272
ecgclass,slot_0:ecgclass,sharing,408.1448,33.5827,24.8618,23.7321,0.0011,0.8551,8.3363,8.7209,1776041400820027222
ecgclass,slot_0:ecgclass,sharing,410.3225,97.5299,26.4451,25.1692,0.0011,0.4801,70.6933,71.0848,1776041403060081735
ecgclass,slot_0:ecgclass,sharing,410.4013,68.7308,26.0095,25.2579,0.0011,0.2327,42.3057,42.7213,1776041403110546225
ecgclass,slot_0:ecgclass,sharing,410.4116,58.4707,26.0095,25.2579,0.0011,0.2327,31.9963,32.4612,1776041403110546225
ecgclass,slot_0:ecgclass,sharing,410.5801,76.448,26.1532,24.8726,0.0013,0.4678,49.8123,50.2948,1776041403296849164
ecgclass,slot_0:ecgclass,sharing,411.555,32.3672,24.6552,23.4993,0.0012,0.8789,7.3378,7.712,1776041404229280045
ecgclass,slot_0:ecgclass,sharing,417.724,32.4056,24.3142,23.5662,0.0012,0.4776,7.6876,8.0915,1776041410398579781
ecgclass,slot_0:ecgclass,sharing,418.0789,56.7739,26.2765,25.1046,0.0012,0.453,29.9931,30.4974,1776041410775782578
ecgclass,slot_0:ecgclass,sharing,419.4766,33.0341,24.7968,24.0789,0.0012,0.4531,7.8526,8.2373,1776041412151357685
ecgclass,slot_0:ecgclass,sharing,419.5611,44.5778,24.332,23.5903,0.0011,0.4566,19.8493,20.2459,1776041412247837221
ecgclass,slot_0:ecgclass,sharing,421.1224,32.932,25.016,24.2591,0.0011,0.4794,7.5228,7.9161,1776041413796861419
ecgclass,slot_0:ecgclass,sharing,423.1099,33.0656,24.7713,23.6015,0.0011,0.8691,7.8909,8.2942,1776041415784720221
ecgclass,slot_0:ecgclass,sharing,425.3274,54.477,24.484,23.7512,0.0012,0.4595,29.6192,29.993,1776041418023993809
ecgclass,slot_0:ecgclass,sharing,427.578,32.6929,24.4834,23.7242,0.0013,0.4725,7.8204,8.2095,1776041420252713140
ecgclass,slot_0:ecgclass,sharing,429.2234,80.3924,26.4007,25.2155,0.0011,0.4841,53.5502,53.9916,1776041421943893647
ecgclass,slot_0:ecgclass,sharing,429.3079,36.5384,24.2816,23.5382,0.0012,0.4558,11.879,12.2567,1776041421986752424
ecgclass,slot_0:ecgclass,sharing,430.1323,33.6967,24.9797,23.8469,0.0011,0.8519,8.3551,8.717,1776041422807591779
ecgclass,slot_0:ecgclass,sharing,430.5684,32.7795,24.5058,23.7351,0.0011,0.4776,7.9014,8.2737,1776041423243225276
ecgclass,slot_0:ecgclass,sharing,431.0377,33.9029,24.4424,23.6856,0.0012,0.4554,9.0678,9.4605,1776041423713709206
ecgclass,slot_0:ecgclass,sharing,433.2713,34.375,24.4653,23.7349,0.0012,0.4536,9.5234,9.9097,1776041425947771461
ecgclass,slot_0:ecgclass,sharing,435.4265,33.1178,24.6838,23.9272,0.0012,0.4601,8.045,8.434,1776041428101500793
ecgclass,slot_0:ecgclass,sharing,436.5956,32.3911,24.283,23.5263,0.0011,0.4792,7.7419,8.108,1776041429270320028
ecgclass,slot_0:ecgclass,sharing,436.8472,36.7587,24.4271,23.6895,0.0011,0.4542,11.9264,12.3316,1776041429526042543
ecgclass,slot_0:ecgclass,sharing,437.9498,33.7989,24.2493,23.4973,0.0012,0.4587,9.0914,9.5497,1776041430625870850
ecgclass,slot_0:ecgclass,sharing,438.2369,71.6543,24.7334,23.9934,0.0012,0.4544,46.5696,46.9209,1776041430950369200
ecgclass,slot_0:ecgclass,sharing,439.7222,32.2959,24.4002,23.6504,0.0012,0.4564,7.5347,7.8958,1776041432396619458
ecgclass,slot_0:ecgclass,sharing,439.9147,34.1225,24.9326,24.1742,0.0012,0.4655,8.7779,9.1898,1776041432590417983
ecgclass,slot_0:ecgclass,sharing,441.0981,32.5224,24.4332,23.7008,0.0011,0.4527,7.7076,8.0892,1776041433772790518
ecgclass,slot_0:ecgclass,sharing,441.5736,36.1111,24.6207,23.8955,0.0015,0.4512,11.1096,11.4904,1776041434251686583
ecgclass,slot_0:ecgclass,sharing,441.6684,37.421,24.2209,23.5012,0.0012,0.4496,12.8078,13.2001,1776041434348150953
ecgclass,slot_0:ecgclass,sharing,443.0498,33.5984,25.2908,24.502,0.0012,0.5144,7.9377,8.3076,1776041435724715604
ecgclass,slot_0:ecgclass,sharing,443.1751,62.506,24.0652,23.354,0.0012,0.4474,38.0547,38.4407,1776041435880108704
ecgclass,slot_0:ecgclass,sharing,447.4492,32.2602,24.5561,23.7706,0.0011,0.4577,7.3254,7.7041,1776041440123504140
ecgclass,slot_0:ecgclass,sharing,448.1069,32.9616,24.5253,23.8001,0.0011,0.4512,8.0483,8.4363,1776041440781853117
ecgclass,slot_0:ecgclass,sharing,448.4624,33.5212,24.4491,23.7078,0.0011,0.4645,8.6875,9.0721,1776041441138019785
ecgclass,slot_0:ecgclass,sharing,448.6621,34.2655,24.5164,23.7518,0.0011,0.4883,9.3567,9.7491,1776041441338387084
ecgclass,slot_0:ecgclass,sharing,449.3915,33.0014,25.1476,24.4005,0.0011,0.4572,7.4582,7.8539,1776041442065901981
ecgclass,slot_0:ecgclass,sharing,450.7825,33.5741,24.4439,23.6967,0.0011,0.4754,8.7433,9.1302,1776041443458145452
ecgclass,slot_0:ecgclass,sharing,452.5596,34.3394,25.1585,23.9847,0.0012,0.8755,8.8155,9.181,1776041445235380684
ecgclass,slot_0:ecgclass,sharing,453.4381,36.7517,24.4659,23.6849,0.0012,0.4749,11.9095,12.2858,1776041446116936956
ecgclass,slot_0:ecgclass,sharing,456.8251,34.308,24.5283,23.7554,0.0013,0.4766,9.4042,9.7797,1776041449501439697
ecgclass,slot_0:ecgclass,sharing,458.3776,34.0002,24.7794,23.6422,0.0013,0.4649,8.8363,9.2207,1776041451053341084
ecgclass,slot_0:ecgclass,sharing,458.5551,56.5493,24.1307,23.4097,0.0011,0.4538,32.0058,32.4186,1776041451254023694
ecgclass,slot_0:ecgclass,sharing,461.791,33.339,24.6894,23.9447,0.0011,0.4734,8.2693,8.6497,1776041454466176295
ecgclass,slot_0:ecgclass,sharing,462.1964,33.7176,24.7278,23.7862,0.0013,0.6325,8.6234,8.9898,1776041454871956672
ecgclass,slot_0:ecgclass,sharing,465.5957,34.4653,24.5557,23.8001,0.0012,0.4764,9.5434,9.9096,1776041458272174748
ecgclass,slot_0:ecgclass,sharing,465.906,34.1907,24.7862,24.0132,0.0011,0.4808,9.0466,9.4044,1776041458582022910
ecgclass,slot_0:ecgclass,sharing,466.4315,61.1796,24.4358,23.7059,0.0011,0.4593,36.3553,36.7439,1776041459134826250
ecgclass,slot_0:ecgclass,sharing,467.5776,33.3903,24.3042,23.5663,0.0011,0.4492,8.6737,9.0861,1776041460253220367
ecgclass,slot_0:ecgclass,sharing,467.6514,48.2965,24.0602,23.3429,0.0011,0.4492,23.8516,24.2363,1776041460342164361
ecgclass,slot_0:ecgclass,sharing,470.2856,55.6815,24.303,23.5017,0.0011,0.5044,31.0152,31.3785,1776041462983570747
ecgclass,slot_0:ecgclass,sharing,470.7344,32.2623,24.1313,23.4077,0.0011,0.4532,7.7448,8.1311,1776041463409085829
ecgclass,slot_0:ecgclass,sharing,470.9929,33.339,24.5677,23.8163,0.0012,0.476,8.384,8.7713,1776041463668252159
ecgclass,slot_0:ecgclass,sharing,471.0534,59.6495,24.4938,23.7365,0.0012,0.4867,34.8089,35.1557,1776041463755113840
ecgclass,slot_0:ecgclass,sharing,471.0806,79.3574,25.7687,25.0232,0.0012,0.2308,53.1855,53.5887,1776041463800711104
ecgclass,slot_0:ecgclass,sharing,471.1089,51.1258,25.7687,25.0232,0.0012,0.2308,24.8852,25.357,1776041463800711104
ecgclass,slot_0:ecgclass,sharing,471.4895,33.7598,24.5114,23.7437,0.0011,0.4896,8.8706,9.2485,1776041464165276494
ecgclass,slot_0:ecgclass,sharing,471.8546,32.5408,24.4604,23.7103,0.0012,0.4757,7.6976,8.0804,1776041464529250660
ecgclass,slot_0:ecgclass,sharing,472.8754,32.8269,24.3522,23.5776,0.0011,0.4779,8.1081,8.4747,1776041465550446629
ecgclass,slot_0:ecgclass,sharing,475.1657,34.0436,24.5094,23.7741,0.0011,0.4569,9.1577,9.5342,1776041467841830682
ecgclass,slot_0:ecgclass,sharing,476.3391,70.0865,24.3648,23.5874,0.0012,0.4903,45.3598,45.7216,1776041469051394104
ecgclass,slot_0:ecgclass,sharing,477.4282,77.209,24.0811,23.3335,0.0011,0.4569,52.7437,53.1279,1776041470147926849
ecgclass,slot_0:ecgclass,sharing,477.982,68.2576,24.3006,23.5493,0.0012,0.4798,43.5829,43.957,1776041470692551035
ecgclass,slot_0:ecgclass,sharing,478.9507,34.2302,24.4271,23.6724,0.0012,0.4808,9.4261,9.8032,1776041471627062550
ecgclass,slot_0:ecgclass,sharing,479.7512,32.7241,24.3761,23.6545,0.0012,0.4536,7.966,8.3481,1776041472426116244
ecgclass,slot_0:ecgclass,sharing,479.805,32.3913,24.1103,23.364,0.0012,0.4584,7.9238,8.281,1776041472479897047
ecgclass,slot_0:ecgclass,sharing,480.0734,34.5759,25.0086,24.2695,0.0012,0.45,9.1283,9.5673,1776041472749426684
ecgclass,slot_0:ecgclass,sharing,480.3323,34.1215,24.468,23.7187,0.0012,0.4534,9.285,9.6535,1776041473008565378
ecgclass,slot_0:ecgclass,sharing,480.4096,33.9143,24.4859,23.7435,0.0011,0.4534,9.0482,9.4284,1776041473085548515
ecgclass,slot_0:ecgclass,sharing,480.8669,50.9498,24.0023,23.2845,0.0011,0.4531,26.5346,26.9475,1776041473560365263
ecgclass,slot_0:ecgclass,sharing,480.9259,31.8856,24.1627,23.4518,0.0012,0.4469,7.3349,7.7229,1776041473600211300
ecgclass,slot_0:ecgclass,sharing,482.431,32.9072,24.2466,23.5086,0.0011,0.4645,8.2669,8.6607,1776041475106154567
ecgclass,slot_0:ecgclass,sharing,483.9702,36.4816,24.9209,24.1818,0.0012,0.4621,11.1861,11.5607,1776041476648284435
ecgclass,slot_0:ecgclass,sharing,484.0785,35.0955,25.2361,23.9399,0.0011,1.0186,9.4504,9.8593,1776041476754914408
ecgclass,slot_0:ecgclass,sharing,484.164,45.5661,24.34,23.6,0.0012,0.4515,20.8385,21.2261,1776041476851805230
ecgclass,slot_0:ecgclass,sharing,487.2939,83.7886,34.8819,33.0214,0.0012,0.4775,48.3873,48.9067,1776041480009231499
ecgclass,slot_0:ecgclass,sharing,487.6079,74.1353,46.8375,44.6401,0.0013,0.4615,26.7704,27.2978,1776041480301629146
ecgclass,slot_0:ecgclass,sharing,488.3124,32.9132,24.7987,24.0418,0.0012,0.478,7.7512,8.1145,1776041480987080194
ecgclass,slot_0:ecgclass,sharing,488.9273,61.4171,26.3111,25.1318,0.0012,0.4774,34.6687,35.106,1776041481628950718
ecgclass,slot_0:ecgclass,sharing,490.2003,34.1563,24.7236,23.9542,0.0012,0.4683,9.064,9.4327,1776041482876280318
ecgclass,slot_0:ecgclass,sharing,491.2364,78.5849,26.3713,25.0626,0.0011,0.4767,51.7895,52.2136,1776041483955171712
ecgclass,slot_0:ecgclass,sharing,493.5254,34.0867,24.4304,23.6768,0.0012,0.4545,9.2781,9.6563,1776041486201653192
ecgclass,slot_0:ecgclass,sharing,493.7135,33.1883,24.9908,24.262,0.0011,0.4493,7.797,8.1975,1776041486388255031
ecgclass,slot_0:ecgclass,sharing,494.7465,32.6927,24.2352,23.4811,0.0011,0.4778,8.0748,8.4575,1776041487421541418
ecgclass,slot_0:ecgclass,sharing,495.1757,32.6436,24.6032,23.8534,0.0011,0.4728,7.6587,8.0404,1776041487850275937
ecgclass,slot_0:ecgclass,sharing,495.891,33.4074,25.3461,24.5868,0.0012,0.4659,7.6859,8.0614,1776041488565651661
ecgclass,slot_0:ecgclass,sharing,500.0362,55.8789,24.4606,23.6991,0.0012,0.4865,31.0411,31.4183,1776041492734196815
ecgclass,slot_0:ecgclass,sharing,500.5762,32.7945,24.9818,24.2121,0.0011,0.4911,7.4427,7.8127,1776041493250552781
ecgclass,slot_0:ecgclass,sharing,501.7562,32.1999,24.1213,23.3675,0.0011,0.4812,7.6835,8.0785,1776041494430777922
ecgclass,slot_0:ecgclass,sharing,502.3969,32.3319,24.1952,23.4356,0.0011,0.475,7.7648,8.1368,1776041495071558769
ecgclass,slot_0:ecgclass,sharing,502.5924,33.103,24.4879,23.7377,0.0012,0.4534,8.2543,8.6151,1776041495267594104
ecgclass,slot_0:ecgclass,sharing,502.6117,65.5353,24.265,23.5082,0.0012,0.4764,40.8928,41.2703,1776041495319547327
ecgclass,slot_0:ecgclass,sharing,504.1714,88.5229,24.4224,23.6935,0.0012,0.4576,63.7035,64.1006,1776041496902082931
ecgclass,slot_0:ecgclass,sharing,504.2671,40.8051,24.6229,23.8988,0.0011,0.4491,15.7926,16.1822,1776041496949781163
ecgclass,slot_0:ecgclass,sharing,504.4638,83.715,24.2019,23.4538,0.0012,0.455,59.1464,59.5131,1776041497189908070
ecgclass,slot_0:ecgclass,sharing,505.3771,32.666,24.3742,23.6562,0.0012,0.4486,7.9093,8.2918,1776041498051909118
ecgclass,slot_0:ecgclass,sharing,505.7514,57.976,26.0801,24.8252,0.0011,0.475,31.4529,31.8959,1776041498449741213
ecgclass,slot_0:ecgclass,sharing,506.3615,33.6647,24.314,23.5529,0.0012,0.4751,8.9896,9.3507,1776041499037454340
ecgclass,slot_0:ecgclass,sharing,506.9889,32.9635,24.8816,24.1586,0.0012,0.4493,7.7209,8.0819,1776041499663598989
ecgclass,slot_0:ecgclass,sharing,507.0115,58.1872,26.1614,24.9529,0.0012,0.4385,31.5402,32.0258,1776041499710014020
ecgclass,slot_0:ecgclass,sharing,509.2189,34.0359,24.4397,23.6883,0.0012,0.4727,9.1929,9.5962,1776041501895013212
ecgclass,slot_0:ecgclass,sharing,513.2757,34.445,24.273,23.4748,0.0012,0.5067,9.7716,10.172,1776041505952416525
ecgclass,slot_0:ecgclass,sharing,513.9587,32.5117,24.3144,23.5525,0.0011,0.4725,7.828,8.1973,1776041506633425262
ecgclass,slot_0:ecgclass,sharing,514.3724,81.5504,36.2847,34.0585,0.0012,0.4814,44.7927,45.2656,1776041507084114797
ecgclass,slot_0:ecgclass,sharing,516.6425,54.0621,25.9451,24.6847,0.0011,0.4515,27.704,28.1171,1776041509337102119
ecgclass,slot_0:ecgclass,sharing,517.1792,33.9797,24.331,23.5467,0.0013,0.4773,9.2604,9.6486,1776041509855418208
ecgclass,slot_0:ecgclass,sharing,518.1521,33.1471,24.5498,23.7715,0.0012,0.4791,8.2147,8.5973,1776041510827220999
ecgclass,slot_0:ecgclass,sharing,520.2211,32.7432,24.2976,23.5786,0.0012,0.454,8.055,8.4456,1776041512896048187
ecgclass,slot_0:ecgclass,sharing,520.6515,33.1056,24.5222,23.7679,0.0011,0.4554,8.1482,8.5834,1776041513326627427
ecgclass,slot_0:ecgclass,sharing,522.5787,60.6616,24.2213,23.4721,0.001,0.4721,36.0587,36.4403,1776041515281692389
ecgclass,slot_0:ecgclass,sharing,523.7209,70.1561,25.7348,24.5791,0.0011,0.4546,43.9761,44.4213,1776041516431767871
ecgclass,slot_0:ecgclass,sharing,524.7477,40.3934,24.1326,23.3855,0.0012,0.4785,15.9023,16.2608,1776041517430565519
ecgclass,slot_0:ecgclass,sharing,526.513,80.4067,25.4704,24.6986,0.0012,0.2358,54.5087,54.9363,1776041519234491915
ecgclass,slot_0:ecgclass,sharing,526.5273,66.1604,25.4704,24.6986,0.0012,0.2358,40.2131,40.69,1776041519234491915
ecgclass,slot_0:ecgclass,sharing,526.9011,63.1137,24.0898,23.3488,0.0011,0.4739,38.6436,39.0239,1776041519606631402
ecgclass,slot_0:ecgclass,sharing,527.127,33.0923,24.7426,23.6194,0.0012,0.487,7.9575,8.3497,1776041519801847770
ecgclass,slot_0:ecgclass,sharing,527.4549,32.7086,24.8566,24.1165,0.0012,0.4555,7.478,7.8521,1776041520129273856
ecgclass,slot_0:ecgclass,sharing,527.8768,33.3145,24.3556,23.6024,0.0011,0.4749,8.5952,8.9589,1776041520552348558
ecgclass,slot_0:ecgclass,sharing,528.1345,33.5875,24.423,23.6719,0.0011,0.4826,8.7745,9.1644,1776041520810239181
ecgclass,slot_0:ecgclass,sharing,528.7307,34.194,24.6983,23.9698,0.0011,0.4602,9.0973,9.4957,1776041521406764549
ecgclass,slot_0:ecgclass,sharing,529.0845,40.2498,24.4699,23.7222,0.0011,0.4734,15.3942,15.7799,1776041521766801143
ecgclass,slot_0:ecgclass,sharing,529.645,31.9262,24.271,23.5277,0.0012,0.4635,7.2415,7.6552,1776041522319183456
ecgclass,slot_0:ecgclass,sharing,530.2957,71.2447,36.369,34.1878,0.0012,0.4947,34.3628,34.8757,1776041522997014364
ecgclass,slot_0:ecgclass,sharing,530.5671,31.9667,24.1939,23.4567,0.0012,0.4655,7.3869,7.7728,1776041523241376713
ecgclass,slot_0:ecgclass,sharing,531.5368,59.3591,24.3044,23.5512,0.0012,0.4762,34.6937,35.0547,1776041524238394221
ecgclass,slot_0:ecgclass,sharing,532.7128,32.8171,25.027,24.2417,0.0012,0.4831,7.3814,7.7902,1776041525387128415
ecgclass,slot_0:ecgclass,sharing,534.2713,45.0668,24.2246,23.4833,0.0011,0.4736,20.4678,20.8423,1776041526958686701
ecgclass,slot_0:ecgclass,sharing,534.5,69.2089,25.8996,24.7126,0.0012,0.4766,42.8951,43.3092,1776041527209830471
ecgclass,slot_0:ecgclass,sharing,535.4919,33.6323,24.3137,23.5686,0.0012,0.4533,8.9209,9.3186,1776041528167720526
ecgclass,slot_0:ecgclass,sharing,536.8642,33.2651,24.5808,23.8125,0.0012,0.4614,8.317,8.6843,1776041529539418713
ecgclass,slot_0:ecgclass,sharing,536.9115,77.4169,26.2786,24.7074,0.0013,0.4738,50.6587,51.1383,1776041529629121144
ecgclass,slot_0:ecgclass,sharing,537.4824,33.5844,24.2499,23.5111,0.0013,0.4668,8.9633,9.3344,1776041530158280659
ecgclass,slot_0:ecgclass,sharing,538.4331,33.9291,24.2104,23.4552,0.0011,0.4665,9.3513,9.7187,1776041531109409167
ecgclass,slot_0:ecgclass,sharing,538.7311,33.5746,24.1168,23.3945,0.0011,0.4506,9.0554,9.4578,1776041531407077664
ecgclass,slot_0:ecgclass,sharing,540.5694,33.72,24.1625,23.3927,0.0011,0.4768,9.1691,9.5575,1776041533245489016
ecgclass,slot_0:ecgclass,sharing,541.8644,33.3927,24.3047,23.5855,0.0011,0.4466,8.7051,9.088,1776041534540074668
ecgclass,slot_0:ecgclass,sharing,542.054,32.7978,24.5514,23.8253,0.0012,0.4502,7.766,8.2464,1776041534728735916
ecgclass,slot_0:ecgclass,sharing,542.6506,32.3446,24.3031,23.5847,0.0012,0.4451,7.6742,8.0414,1776041535325201229
ecgclass,slot_0:ecgclass,sharing,546.0032,41.3387,24.4123,23.6289,0.0013,0.4824,16.552,16.9263,1776041538686671602
ecgclass,slot_0:ecgclass,sharing,546.8024,32.6655,24.7085,23.9332,0.0012,0.4827,7.5734,7.957,1776041539476915472
ecgclass,slot_0:ecgclass,sharing,548.2236,92.7296,35.6889,33.8675,0.0013,0.4839,56.5488,57.0407,1776041540947124724
ecgclass,slot_0:ecgclass,sharing,550.6972,68.6436,24.3584,23.6379,0.0013,0.4534,43.9126,44.2851,1776041543408035958
ecgclass,slot_0:ecgclass,sharing,551.2903,33.788,24.4368,23.675,0.0012,0.4789,8.981,9.3512,1776041543966176296
ecgclass,slot_0:ecgclass,sharing,551.3873,75.0434,24.5544,23.8079,0.0012,0.4774,50.1223,50.4891,1776041544104364568
ecgclass,slot_0:ecgclass,sharing,551.6355,33.2978,24.2617,23.5285,0.0012,0.4658,8.6491,9.0361,1776041544311084442
ecgclass,slot_0:ecgclass,sharing,552.2981,32.6743,24.5675,23.8426,0.0011,0.4562,7.7071,8.1068,1776041544972790998
ecgclass,slot_0:ecgclass,sharing,552.886,32.3591,24.33,23.5768,0.0012,0.4758,7.6642,8.0291,1776041545560619560
ecgclass,slot_0:ecgclass,sharing,553.6969,33.8895,24.6462,23.9135,0.0012,0.4542,8.8546,9.2433,1776041546372652223
ecgclass,slot_0:ecgclass,sharing,555.0154,57.0159,35.5801,33.8359,0.0012,0.4846,20.9587,21.4358,1776041547703272140
ecgclass,slot_0:ecgclass,sharing,556.5366,33.5593,24.6069,23.4801,0.0011,0.8522,8.5561,8.9524,1776041549212048286
ecgclass,slot_0:ecgclass,sharing,557.6018,68.1827,25.0609,24.0712,0.0011,0.6853,42.7618,43.1218,1776041550311467334
ecgclass,slot_0:ecgclass,sharing,560.4624,32.5391,24.218,23.488,0.0012,0.4572,7.9448,8.3211,1776041553137275149
ecgclass,slot_0:ecgclass,sharing,564.077,80.312,26.6494,25.4564,0.0012,0.4715,53.216,53.6626,1776041556797112569
ecgclass,slot_0:ecgclass,sharing,565.3832,33.7279,24.3561,23.6124,0.0012,0.4639,8.9796,9.3717,1776041558059122371
ecgclass,slot_0:ecgclass,sharing,567.3294,34.5757,24.8019,23.6436,0.0012,0.862,9.4087,9.7738,1776041560005746540
ecgclass,slot_0:ecgclass,sharing,567.8448,32.6457,24.3586,23.6148,0.0012,0.4754,7.9043,8.2871,1776041560519596091
ecgclass,slot_0:ecgclass,sharing,567.9891,32.7616,24.3799,23.6487,0.0012,0.4512,8.0042,8.3817,1776041560664011846
ecgclass,slot_0:ecgclass,sharing,568.8297,32.5701,24.4145,23.6591,0.0012,0.4796,7.7786,8.1557,1776041561504382702
ecgclass,slot_0:ecgclass,sharing,571.421,34.2269,24.4371,23.6507,0.0013,0.4998,9.4147,9.7898,1776041564097301839
ecgclass,slot_0:ecgclass,sharing,571.5808,64.1141,24.2633,23.511,0.0012,0.4654,39.4707,39.8508,1776041564287238212
ecgclass,slot_0:ecgclass,sharing,572.0185,52.3229,26.2879,24.6404,0.0012,0.454,25.5246,26.035,1776041564710989548
ecgclass,slot_0:ecgclass,sharing,573.0171,42.3484,26.233,24.6492,0.0011,0.477,15.6302,16.1154,1776041565699685201
ecgclass,slot_0:ecgclass,sharing,573.5908,33.3946,24.4034,23.617,0.0012,0.5089,8.6181,8.9912,1776041566266348458
ecgclass,slot_0:ecgclass,sharing,573.6443,33.8836,24.3253,23.5583,0.0011,0.4711,9.1867,9.5583,1776041566320407140
ecgclass,slot_0:ecgclass,sharing,577.7993,56.8485,24.3458,23.5961,0.0012,0.4779,32.1217,32.5027,1776041570498381834
ecgclass,slot_0:ecgclass,sharing,578.5784,32.4955,24.4329,23.6951,0.001,0.4581,7.6709,8.0626,1776041571253002234
ecgclass,slot_0:ecgclass,sharing,578.8695,33.2968,24.7498,24.0272,0.0012,0.451,8.1661,8.547,1776041571544592845
ecgclass,slot_0:ecgclass,sharing,579.3664,32.4123,24.4778,23.7593,0.0011,0.4526,7.5433,7.9345,1776041572040879637
ecgclass,slot_0:ecgclass,sharing,579.3967,40.2265,24.4163,23.6866,0.0012,0.4636,15.4171,15.8102,1776041572079071254
ecgclass,slot_0:ecgclass,sharing,580.201,41.9247,24.5972,23.8781,0.0011,0.4504,16.9246,17.3275,1776041572884852999
ecgclass,slot_0:ecgclass,sharing,581.8475,51.9269,24.3499,23.6076,0.0012,0.4567,27.1857,27.577,1776041574541658549
ecgclass,slot_0:ecgclass,sharing,582.6539,34.4787,24.9515,24.1702,0.0011,0.5057,9.1536,9.5272,1776041575329985606
ecgclass,slot_0:ecgclass,sharing,584.1392,32.3632,24.712,23.9408,0.0012,0.4533,7.2637,7.6512,1776041576813431227
ecgclass,slot_0:ecgclass,sharing,584.815,47.5638,24.2308,23.4864,0.0011,0.4552,22.9702,23.333,1776041577504891533
ecgclass,slot_0:ecgclass,sharing,586.2719,66.3369,25.8285,24.6612,0.0012,0.4579,40.0677,40.5084,1776041578978876003
ecgclass,slot_0:ecgclass,sharing,586.9782,42.8038,26.2888,25.1237,0.0012,0.4556,16.1033,16.515,1776041579661194767
ecgclass,slot_0:ecgclass,sharing,588.0006,44.3223,24.5038,23.7655,0.0011,0.4693,19.4275,19.8184,1776041580686977919
ecgclass,slot_0:ecgclass,sharing,589.9239,71.394,24.8383,24.0546,0.0013,0.503,46.1764,46.5557,1776041582637007947
ecgclass,slot_0:ecgclass,sharing,594.3155,70.8568,24.2031,23.4559,0.0013,0.475,46.2785,46.6537,1776041587028758191
ecgclass,slot_0:ecgclass,sharing,594.8536,67.2426,24.1253,23.3909,0.0011,0.4626,42.7279,43.1173,1776041587563291661
ecgclass,slot_0:ecgclass,sharing,598.2983,33.6132,24.2802,23.554,0.0012,0.4594,8.9276,9.333,1776041590974138047
ecgclass,slot_0:ecgclass,sharing,598.411,32.3701,24.3135,23.5724,0.0012,0.473,7.6585,8.0566,1776041591085612569
ecgclass,slot_0:ecgclass,sharing,599.3194,60.7295,24.1669,23.4283,0.0011,0.4718,36.1762,36.5626,1776041592022549228
gestureclass,slot_1:gestureclass,sharing,0.0001,156.4579,108.088,102.8973,0.0015,0.485,47.9279,48.3699,1776040992714957781
gestureclass,slot_1:gestureclass,sharing,0.1894,64.2505,26.4762,25.1922,0.0014,0.486,37.3292,37.7743,1776040992893670958
gestureclass,slot_1:gestureclass,sharing,1.7631,43.8712,24.3221,23.5739,0.0014,0.4726,19.1703,19.5491,1776040994449218418
gestureclass,slot_1:gestureclass,sharing,2.8648,31.9719,24.3754,23.6112,0.0014,0.4733,7.2024,7.5965,1776040995538933977
gestureclass,slot_1:gestureclass,sharing,4.0484,32.8498,24.4167,23.6351,0.0012,0.4813,8.0602,8.4331,1776040996723346893
gestureclass,slot_1:gestureclass,sharing,5.2737,32.9976,24.2941,23.5659,0.0013,0.4525,8.3344,8.7035,1776040997948980796
gestureclass,slot_1:gestureclass,sharing,6.4683,32.3977,24.6885,23.9386,0.0013,0.4724,7.3366,7.7092,1776040999142579696
gestureclass,slot_1:gestureclass,sharing,6.8255,33.941,25.0857,23.9135,0.0014,0.8746,8.4774,8.8553,1776040999500889632
gestureclass,slot_1:gestureclass,sharing,9.0403,31.7926,24.227,23.4639,0.0013,0.4724,7.195,7.5656,1776041001714443212
gestureclass,slot_1:gestureclass,sharing,9.6631,63.0295,24.5037,23.7134,0.0013,0.4915,38.1489,38.5258,1776041002368225655
gestureclass,slot_1:gestureclass,sharing,12.0737,31.8663,24.3306,23.5604,0.0012,0.4646,7.1266,7.5357,1776041004747795411
gestureclass,slot_1:gestureclass,sharing,12.5385,31.7268,24.149,23.4109,0.0012,0.4758,7.199,7.5779,1776041005212648615
gestureclass,slot_1:gestureclass,sharing,13.8675,32.3412,24.3443,23.6244,0.0014,0.4525,7.5912,7.997,1776041006542015489
gestureclass,slot_1:gestureclass,sharing,14.4135,33.354,24.5769,23.8533,0.0012,0.4499,8.3976,8.7771,1776041007088875813
gestureclass,slot_1:gestureclass,sharing,14.5028,32.85,24.2332,23.5147,0.0013,0.4506,8.2183,8.6168,1776041007177940888
gestureclass,slot_1:gestureclass,sharing,15.3309,51.9016,26.6942,25.5345,0.0013,0.4758,24.7724,25.2074,1776041008022610812
gestureclass,slot_1:gestureclass,sharing,16.8275,33.8876,24.4432,23.6837,0.0013,0.4621,9.0799,9.4444,1776041009503556256
gestureclass,slot_1:gestureclass,sharing,17.4549,71.5268,24.3109,23.5669,0.0013,0.475,46.8414,47.2159,1776041010168650915
gestureclass,slot_1:gestureclass,sharing,18.0651,57.5292,24.1329,23.4001,0.0012,0.4513,32.9876,33.3963,1776041010765010850
gestureclass,slot_1:gestureclass,sharing,18.5356,75.8102,26.2284,24.673,0.0013,0.8105,49.134,49.5818,1776041011251687264
gestureclass,slot_1:gestureclass,sharing,19.2237,33.1798,24.1519,23.4289,0.0013,0.4602,8.646,9.0278,1776041011899313888
gestureclass,slot_1:gestureclass,sharing,20.269,33.2563,24.0666,23.3205,0.0012,0.4826,8.8131,9.1897,1776041012944710770
gestureclass,slot_1:gestureclass,sharing,20.5301,31.6091,24.5179,23.8062,0.0013,0.4491,6.7022,7.0912,1776041013203767567
gestureclass,slot_1:gestureclass,sharing,20.6248,57.528,24.5248,23.7608,0.0013,0.4714,32.6393,33.0032,1776041013324409097
gestureclass,slot_1:gestureclass,sharing,20.6473,82.7346,24.7198,23.977,0.0013,0.4691,57.6556,58.0147,1776041013371887002
gestureclass,slot_1:gestureclass,sharing,22.7012,33.7248,25.0774,24.3252,0.0013,0.4528,8.2576,8.6473,1776041015376379805
gestureclass,slot_1:gestureclass,sharing,23.2391,31.8367,24.3578,23.6272,0.0013,0.4544,7.0882,7.4789,1776041015913093003
gestureclass,slot_1:gestureclass,sharing,23.5588,32.7735,24.4544,23.7224,0.0012,0.4547,7.9312,8.3191,1776041016233707799
gestureclass,slot_1:gestureclass,sharing,25.234,31.9674,24.1034,23.3873,0.0013,0.4522,7.4792,7.864,1776041017908368190
gestureclass,slot_1:gestureclass,sharing,26.7218,75.1317,24.2807,23.5478,0.0013,0.4638,50.4279,50.851,1776041019439122809
gestureclass,slot_1:gestureclass,sharing,28.2633,31.9796,24.2102,23.4649,0.0012,0.4745,7.3705,7.7693,1776041020937603532
gestureclass,slot_1:gestureclass,sharing,28.9105,32.5356,25.0274,24.2549,0.0013,0.4765,7.1394,7.5082,1776041021584540221
gestureclass,slot_1:gestureclass,sharing,29.5682,41.7628,23.9907,23.2573,0.0013,0.467,17.3883,17.7722,1776041022252542434
gestureclass,slot_1:gestureclass,sharing,30.026,50.7722,24.1649,23.4266,0.0013,0.4608,26.2179,26.6073,1776041022719153661
gestureclass,slot_1:gestureclass,sharing,30.0909,32.68,24.5652,23.826,0.0013,0.4489,7.7384,8.1148,1776041022765544114
gestureclass,slot_1:gestureclass,sharing,30.1052,58.2523,24.3167,23.5726,0.0013,0.4734,33.5591,33.9356,1776041022805656400
gestureclass,slot_1:gestureclass,sharing,30.7959,32.5918,24.2104,23.4639,0.0012,0.4528,8.0011,8.3814,1776041023470808436
gestureclass,slot_1:gestureclass,sharing,31.606,32.6695,24.447,23.7248,0.0013,0.4525,7.8144,8.2226,1776041024280743381
gestureclass,slot_1:gestureclass,sharing,31.8925,72.5064,24.1769,23.3951,0.0013,0.4984,47.9631,48.3295,1776041024607428156
gestureclass,slot_1:gestureclass,sharing,32.9312,67.9288,26.3029,24.8755,0.0013,0.6915,41.1971,41.6259,1776041025639289965
gestureclass,slot_1:gestureclass,sharing,33.1441,31.9874,24.3147,23.5787,0.0012,0.4682,7.2913,7.6727,1776041025818284585
gestureclass,slot_1:gestureclass,sharing,33.1791,43.2854,24.0715,23.3355,0.0013,0.4521,18.842,19.2139,1776041025864908176
gestureclass,slot_1:gestureclass,sharing,33.2792,79.9067,24.3201,23.5764,0.0012,0.4724,55.2187,55.5866,1776041026001387580
gestureclass,slot_1:gestureclass,sharing,34.4134,41.0264,25.7373,24.4934,0.0014,0.4593,14.8604,15.2891,1776041027095156353
gestureclass,slot_1:gestureclass,sharing,34.9839,52.3803,26.3443,25.0312,0.0013,0.4764,25.6116,26.036,1776041027676420901
gestureclass,slot_1:gestureclass,sharing,35.3295,63.4539,24.3536,23.5878,0.0012,0.4842,38.7423,39.1003,1776041028035186508
gestureclass,slot_1:gestureclass,sharing,37.4379,52.7501,24.2573,23.5425,0.0013,0.4504,28.0929,28.4929,1776041030132975944
gestureclass,slot_1:gestureclass,sharing,38.1626,33.3495,24.1708,23.4288,0.0012,0.4696,8.8155,9.1787,1776041030838364744
gestureclass,slot_1:gestureclass,sharing,41.1644,47.7788,26.4281,25.1364,0.0014,0.4765,20.927,21.3507,1776041033852268292
gestureclass,slot_1:gestureclass,sharing,42.7794,32.9316,24.1603,23.4114,0.0013,0.4828,8.3807,8.7712,1776041035454719994
gestureclass,slot_1:gestureclass,sharing,44.813,31.7509,24.359,23.6209,0.0013,0.4641,7.0014,7.3919,1776041037486984618
gestureclass,slot_1:gestureclass,sharing,44.9049,35.1629,24.5969,23.4955,0.0013,0.5088,10.2084,10.566,1776041037582047452
gestureclass,slot_1:gestureclass,sharing,46.2942,34.3506,24.593,23.7795,0.0014,0.484,9.3858,9.7576,1776041038970504393
gestureclass,slot_1:gestureclass,sharing,46.7028,33.3529,24.1809,23.4379,0.0013,0.4758,8.795,9.1719,1776041039378571044
gestureclass,slot_1:gestureclass,sharing,47.7494,76.9813,24.3579,23.6188,0.0013,0.453,52.2418,52.6234,1776041040468625901
gestureclass,slot_1:gestureclass,sharing,48.3263,71.5611,26.2535,25.0801,0.0013,0.4442,44.821,45.3076,1776041041038091023
gestureclass,slot_1:gestureclass,sharing,48.488,32.9993,25.0239,23.9083,0.0013,0.8391,7.6034,7.9754,1776041041162542111
gestureclass,slot_1:gestureclass,sharing,50.1591,32.074,24.1021,23.3594,0.0013,0.4726,7.6151,7.9719,1776041042833677857
gestureclass,slot_1:gestureclass,sharing,54.3079,44.9307,24.483,23.7369,0.0014,0.4758,20.0622,20.4477,1776041046994915694
gestureclass,slot_1:gestureclass,sharing,56.9908,25.2635,24.277,23.5123,0.0014,0.4828,0.5989,0.9866,1776041049658285130
gestureclass,slot_1:gestureclass,sharing,57.4986,32.4073,24.3347,23.589,0.0013,0.4752,7.7071,8.0726,1776041050173274325
gestureclass,slot_1:gestureclass,sharing,58.6384,51.3704,26.2814,24.7204,0.0012,0.8516,24.6334,25.089,1776041051329956868
gestureclass,slot_1:gestureclass,sharing,60.3602,35.5406,24.3255,23.5953,0.0014,0.4576,10.7858,11.2151,1776041053037881899
gestureclass,slot_1:gestureclass,sharing,62.2075,88.8829,24.1684,23.4274,0.0012,0.4758,64.3163,64.7145,1776041054938736954
gestureclass,slot_1:gestureclass,sharing,62.3718,65.9451,25.23,24.5094,0.0013,0.4533,40.3023,40.7152,1776041055079040885
gestureclass,slot_1:gestureclass,sharing,64.1734,46.0198,24.4577,23.7174,0.0014,0.4545,21.2049,21.5621,1776041056861586883
gestureclass,slot_1:gestureclass,sharing,65.3349,32.4113,24.4793,23.6761,0.0014,0.5054,7.5541,7.932,1776041058009422579
gestureclass,slot_1:gestureclass,sharing,65.7248,33.2251,24.3267,23.5755,0.0012,0.4738,8.5039,8.8983,1776041058400245904
gestureclass,slot_1:gestureclass,sharing,66.1321,49.129,24.2413,23.484,0.0013,0.48,24.4985,24.8877,1776041058823570503
gestureclass,slot_1:gestureclass,sharing,66.6525,47.3957,24.2834,23.568,0.0012,0.4509,22.7034,23.1123,1776041059342142470
gestureclass,slot_1:gestureclass,sharing,67.3785,33.4971,24.6746,23.9275,0.0013,0.4519,8.4529,8.8225,1776041060053852129
gestureclass,slot_1:gestureclass,sharing,67.4088,41.9416,24.4283,23.7038,0.0014,0.4474,17.1432,17.5133,1776041060092858695
gestureclass,slot_1:gestureclass,sharing,67.805,34.2381,24.967,24.1899,0.0012,0.4835,8.8975,9.2711,1776041060480817135
gestureclass,slot_1:gestureclass,sharing,68.0244,49.969,24.5296,23.7475,0.0015,0.477,25.0669,25.4394,1776041060716445724
gestureclass,slot_1:gestureclass,sharing,68.5451,32.8305,24.9834,24.2398,0.0013,0.453,7.4766,7.847,1776041061219463916
gestureclass,slot_1:gestureclass,sharing,68.797,33.3381,24.3369,23.571,0.0012,0.4752,8.604,9.0011,1776041061472501989
gestureclass,slot_1:gestureclass,sharing,68.9332,33.2823,24.4138,23.6587,0.0013,0.4663,8.4977,8.8685,1776041061608627880
gestureclass,slot_1:gestureclass,sharing,69.4664,32.5253,24.5928,23.8034,0.0014,0.5039,7.5188,7.9325,1776041062140808829
gestureclass,slot_1:gestureclass,sharing,70.428,33.9139,24.4421,23.7154,0.0013,0.4519,9.0473,9.4718,1776041063103935144
gestureclass,slot_1:gestureclass,sharing,70.6168,32.2895,24.1912,23.413,0.0013,0.4867,7.7188,8.0983,1776041063291472740
gestureclass,slot_1:gestureclass,sharing,72.6849,33.1337,24.3487,23.6076,0.0013,0.474,8.3997,8.7851,1776041065360274101
gestureclass,slot_1:gestureclass,sharing,73.5425,33.9637,24.7226,23.972,0.0012,0.4762,8.8558,9.2411,1776041066218243947
gestureclass,slot_1:gestureclass,sharing,74.5306,34.2724,24.8222,23.7156,0.0013,0.4782,9.0709,9.4502,1776041067206619657
gestureclass,slot_1:gestureclass,sharing,76.226,33.3021,24.3524,23.5878,0.0013,0.4774,8.5833,8.9497,1776041068901533166
gestureclass,slot_1:gestureclass,sharing,76.2734,75.361,24.4091,23.6597,0.0011,0.4727,50.559,50.9519,1776041068990909933
gestureclass,slot_1:gestureclass,sharing,76.8848,31.3842,24.1222,23.3814,0.0012,0.471,6.8786,7.262,1776041069558631304
gestureclass,slot_1:gestureclass,sharing,77.1195,32.2967,24.2022,23.4844,0.0013,0.4459,7.6935,8.0944,1776041069794131273
gestureclass,slot_1:gestureclass,sharing,77.3983,59.0854,24.5892,23.8279,0.0013,0.4875,34.1523,34.4962,1776041070099338060
gestureclass,slot_1:gestureclass,sharing,79.9356,33.7775,24.2715,23.5245,0.0013,0.4786,9.0888,9.5059,1776041072611626154
gestureclass,slot_1:gestureclass,sharing,81.8273,32.0773,24.4417,23.6476,0.0017,0.482,7.2584,7.6356,1776041074501480553
gestureclass,slot_1:gestureclass,sharing,82.0747,34.2612,24.4164,23.684,0.0012,0.46,9.3522,9.8448,1776041074750945623
gestureclass,slot_1:gestureclass,sharing,85.5763,78.0842,24.4685,23.7001,0.0016,0.4788,53.2393,53.6158,1776041078296479720
gestureclass,slot_1:gestureclass,sharing,86.3222,42.7361,24.3225,23.5773,0.0012,0.4635,18.0228,18.4136,1776041079007115921
gestureclass,slot_1:gestureclass,sharing,86.5675,32.5379,24.557,23.7951,0.0012,0.4867,7.6044,7.981,1776041079242063006
gestureclass,slot_1:gestureclass,sharing,87.9245,31.5208,24.1551,23.4213,0.0013,0.4682,6.9954,7.3658,1776041080598402871
gestureclass,slot_1:gestureclass,sharing,88.4825,33.1218,25.1659,24.4165,0.0013,0.4548,7.5305,7.956,1776041081156977785
gestureclass,slot_1:gestureclass,sharing,89.222,33.1793,24.8099,24.0505,0.0013,0.4811,8.0273,8.3693,1776041081896964024
gestureclass,slot_1:gestureclass,sharing,90.0977,46.8714,24.411,23.659,0.0014,0.4554,22.074,22.4604,1776041082786732015
gestureclass,slot_1:gestureclass,sharing,90.47,47.0004,24.1125,23.3234,0.0012,0.4891,22.516,22.8879,1776041083159457979
gestureclass,slot_1:gestureclass,sharing,90.4889,75.8641,24.8018,23.6232,0.0012,0.8729,50.6618,51.0622,1776041083206466736
gestureclass,slot_1:gestureclass,sharing,91.2406,32.1341,24.443,23.7077,0.0011,0.4659,7.2856,7.6911,1776041083914848297
gestureclass,slot_1:gestureclass,sharing,91.9601,32.6772,24.3713,23.6337,0.0011,0.4626,7.93,8.3058,1776041084634929767
gestureclass,slot_1:gestureclass,sharing,92.4002,32.0799,24.2781,23.5297,0.0011,0.4711,7.4406,7.8019,1776041085074576014
gestureclass,slot_1:gestureclass,sharing,92.8435,33.7315,24.3994,23.6007,0.0012,0.4919,8.9614,9.3321,1776041085519419580
gestureclass,slot_1:gestureclass,sharing,93.1616,33.0439,24.2588,23.5288,0.0011,0.4524,8.3923,8.7851,1776041085836925053
gestureclass,slot_1:gestureclass,sharing,93.8336,32.8043,24.3387,23.5856,0.0011,0.4773,8.0595,8.4656,1776041086508586477
gestureclass,slot_1:gestureclass,sharing,93.9587,57.8935,24.5912,23.8627,0.001,0.4534,32.9051,33.3023,1776041086658564538
gestureclass,slot_1:gestureclass,sharing,95.7528,32.1374,24.6574,23.4964,0.0011,0.86,7.0786,7.48,1776041088426793361
gestureclass,slot_1:gestureclass,sharing,97.3101,32.707,24.3454,23.6254,0.0011,0.4477,7.9515,8.3615,1776041089984985859
gestureclass,slot_1:gestureclass,sharing,98.9498,77.1089,54.808,52.0117,0.0011,0.4764,21.8019,22.3008,1776041091638503460
gestureclass,slot_1:gestureclass,sharing,100.4572,32.4121,25.0722,24.3121,0.0012,0.4573,6.9554,7.3398,1776041093131077278
gestureclass,slot_1:gestureclass,sharing,101.1599,33.3476,24.9259,23.8025,0.0011,0.4841,8.0454,8.4217,1776041093834915043
gestureclass,slot_1:gestureclass,sharing,103.75,32.0556,24.2761,23.516,0.0012,0.4915,7.3702,7.7796,1776041096424269855
gestureclass,slot_1:gestureclass,sharing,103.963,35.2101,24.0957,23.3329,0.0011,0.4912,10.7403,11.1144,1776041096640648321
gestureclass,slot_1:gestureclass,sharing,106.142,64.7407,26.0033,24.7268,0.0012,0.4809,38.3203,38.7373,1776041098847228828
gestureclass,slot_1:gestureclass,sharing,107.4191,52.1035,24.3152,23.5434,0.0011,0.4784,27.4169,27.7883,1776041100113407240
gestureclass,slot_1:gestureclass,sharing,109.4621,45.9096,24.6152,23.8649,0.0012,0.4755,20.9177,21.2944,1776041102149971177
gestureclass,slot_1:gestureclass,sharing,111.5531,54.2688,24.1706,23.4172,0.0013,0.4772,29.7296,30.0983,1776041104249796599
gestureclass,slot_1:gestureclass,sharing,113.1148,77.2467,24.1376,23.3841,0.0011,0.4703,52.7277,53.109,1776041105834496817
gestureclass,slot_1:gestureclass,sharing,113.3888,34.5316,24.1364,23.3936,0.0011,0.4737,10.0141,10.3951,1776041106065780246
gestureclass,slot_1:gestureclass,sharing,113.4445,33.5367,24.5004,23.7514,0.0011,0.4709,8.6856,9.0363,1776041106120080277
gestureclass,slot_1:gestureclass,sharing,113.4851,80.039,24.3569,23.5914,0.0011,0.4862,55.3069,55.6821,1776041106207329737
gestureclass,slot_1:gestureclass,sharing,114.3324,38.3487,24.2911,23.5512,0.0011,0.4498,13.6786,14.0576,1776041107012990842
gestureclass,slot_1:gestureclass,sharing,114.3848,74.8243,24.4431,23.7179,0.0011,0.4525,49.9928,50.3813,1776041107101751517
gestureclass,slot_1:gestureclass,sharing,114.6806,33.2496,24.1723,23.4491,0.0011,0.4502,8.6961,9.0773,1776041107356246390
gestureclass,slot_1:gestureclass,sharing,115.2305,31.5783,24.5491,23.8051,0.0011,0.4723,6.6621,7.0292,1776041107904100936
gestureclass,slot_1:gestureclass,sharing,115.9424,66.916,24.3711,23.6188,0.0011,0.481,42.1669,42.5449,1776041108651521223
gestureclass,slot_1:gestureclass,sharing,116.1274,32.2654,24.8446,24.1016,0.0011,0.459,7.0231,7.4208,1776041108801347094
gestureclass,slot_1:gestureclass,sharing,116.3229,32.2027,24.8017,24.0607,0.0011,0.4725,7.0367,7.401,1776041108996893087
gestureclass,slot_1:gestureclass,sharing,116.3229,76.1738,24.2153,23.4407,0.0011,0.4817,51.5997,51.9585,1776041109041470304
gestureclass,slot_1:gestureclass,sharing,117.5985,33.4902,24.7849,23.6385,0.0012,0.4868,8.3456,8.7053,1776041110273760728
gestureclass,slot_1:gestureclass,sharing,121.2823,33.1349,24.3391,23.5922,0.0012,0.4758,8.4188,8.7958,1776041113957636832
gestureclass,slot_1:gestureclass,sharing,121.3298,74.6849,24.4941,23.7323,0.0012,0.4621,49.8037,50.1907,1776041114046536809
gestureclass,slot_1:gestureclass,sharing,121.5779,32.2254,24.5688,23.8239,0.0012,0.4736,7.3032,7.6566,1776041114252107667
gestureclass,slot_1:gestureclass,sharing,122.0601,32.341,24.488,23.7212,0.0011,0.4715,7.4685,7.853,1776041114734468739
gestureclass,slot_1:gestureclass,sharing,122.7383,32.1472,24.4227,23.6721,0.0012,0.459,7.3497,7.7245,1776041115412571961
gestureclass,slot_1:gestureclass,sharing,122.9985,51.9583,24.2379,23.4852,0.0011,0.4802,27.3361,27.7205,1776041115692722207
gestureclass,slot_1:gestureclass,sharing,126.0222,37.817,24.3899,23.624,0.0013,0.4815,13.0494,13.4271,1776041118702200460
gestureclass,slot_1:gestureclass,sharing,127.7964,32.5375,24.8819,23.7008,0.0013,0.4866,7.251,7.6556,1776041120470569281
gestureclass,slot_1:gestureclass,sharing,128.9639,48.5539,26.3995,25.1708,0.0012,0.4699,21.7113,22.1545,1776041121652527496
gestureclass,slot_1:gestureclass,sharing,129.0438,64.3685,24.3999,23.645,0.0012,0.4768,39.6016,39.9686,1776041121750370026
gestureclass,slot_1:gestureclass,sharing,129.7985,51.4181,24.7789,24.0276,0.0014,0.4798,26.258,26.6392,1776041122491717983
gestureclass,slot_1:gestureclass,sharing,130.227,55.6939,24.3454,23.6175,0.0011,0.4558,30.961,31.3484,1776041122924912675
gestureclass,slot_1:gestureclass,sharing,130.6635,62.7906,26.6262,24.9871,0.0012,0.8511,35.7049,36.1645,1776041123366181102
gestureclass,slot_1:gestureclass,sharing,130.8078,64.4712,24.7186,23.9693,0.0011,0.474,39.3698,39.7526,1776041123514073254
gestureclass,slot_1:gestureclass,sharing,132.4094,32.4049,24.3912,23.6618,0.0011,0.4495,7.6239,8.0137,1776041125083949072
gestureclass,slot_1:gestureclass,sharing,134.5814,32.8605,24.3122,23.5613,0.0012,0.4709,8.1792,8.5483,1776041127256549403
gestureclass,slot_1:gestureclass,sharing,135.7324,33.2,24.2455,23.5165,0.0012,0.4523,8.549,8.9546,1776041128407901796
gestureclass,slot_1:gestureclass,sharing,138.8828,76.9968,27.6267,26.3629,0.0012,0.4785,48.8625,49.3701,1776041131598567326
gestureclass,slot_1:gestureclass,sharing,139.6359,32.7063,24.0789,23.3312,0.0011,0.4563,8.2171,8.6274,1776041132311064529
gestureclass,slot_1:gestureclass,sharing,140.684,31.8089,24.014,23.2788,0.0011,0.4712,7.4031,7.7948,1776041133358364429
gestureclass,slot_1:gestureclass,sharing,140.917,63.2913,25.7107,24.5539,0.0011,0.4533,37.1671,37.5807,1776041133621055095
gestureclass,slot_1:gestureclass,sharing,141.344,61.5513,24.1581,23.404,0.0011,0.4696,37.0138,37.3932,1776041134047948547
gestureclass,slot_1:gestureclass,sharing,141.9852,32.6052,24.2049,23.4809,0.0011,0.4477,8.0078,8.4003,1776041134660094792
gestureclass,slot_1:gestureclass,sharing,143.145,37.065,24.6039,23.8661,0.0011,0.4729,12.0921,12.4611,1776041135824072895
gestureclass,slot_1:gestureclass,sharing,143.2102,47.2543,24.3513,23.6205,0.0012,0.452,22.5303,22.9031,1776041135899673645
gestureclass,slot_1:gestureclass,sharing,145.5933,33.3037,24.3178,23.5736,0.0014,0.459,8.5962,8.9859,1776041138268870673
gestureclass,slot_1:gestureclass,sharing,147.8534,32.2542,24.4165,23.6884,0.0011,0.4546,7.447,7.8378,1776041140527817714
gestureclass,slot_1:gestureclass,sharing,148.0095,31.7996,24.3897,23.6084,0.0012,0.4768,7.0314,7.4099,1776041140683504238
gestureclass,slot_1:gestureclass,sharing,148.9318,68.0921,24.0656,23.3437,0.0013,0.4502,43.6332,44.0265,1776041141642402410
gestureclass,slot_1:gestureclass,sharing,152.1093,32.2044,24.452,23.6874,0.0015,0.4635,7.3769,7.7524,1776041144783652309
gestureclass,slot_1:gestureclass,sharing,152.2941,77.219,26.0694,24.8329,0.0011,0.4529,50.6971,51.1496,1776041145011692977
gestureclass,slot_1:gestureclass,sharing,152.6477,53.072,24.4365,23.7002,0.0011,0.468,28.2533,28.6354,1776041145342893584
gestureclass,slot_1:gestureclass,sharing,155.9634,85.6674,26.1333,24.9077,0.0013,0.4563,59.0377,59.534,1776041148689355592
gestureclass,slot_1:gestureclass,sharing,156.0611,32.9642,24.3082,23.5634,0.0012,0.474,8.2734,8.656,1776041148736353978
gestureclass,slot_1:gestureclass,sharing,157.9704,32.5928,24.6829,23.9435,0.0011,0.4744,7.5495,7.9099,1776041150644921865
gestureclass,slot_1:gestureclass,sharing,157.9808,65.943,24.6366,23.917,0.0011,0.448,40.9098,41.3064,1776041150688613128
gestureclass,slot_1:gestureclass,sharing,159.0265,31.8592,24.3656,23.6077,0.0011,0.4753,7.0741,7.4935,1776041151700547392
gestureclass,slot_1:gestureclass,sharing,159.1085,32.1186,24.4059,23.6366,0.0011,0.4707,7.3078,7.7126,1776041151782735185
gestureclass,slot_1:gestureclass,sharing,159.2688,32.3527,24.6508,23.8833,0.0011,0.4867,7.3228,7.7019,1776041151943046665
gestureclass,slot_1:gestureclass,sharing,159.9424,31.8494,24.461,23.7155,0.0011,0.4774,6.9981,7.3884,1776041152616342099
gestureclass,slot_1:gestureclass,sharing,160.3537,59.3154,24.1506,23.3675,0.0011,0.4983,34.7962,35.1648,1776041153055452980
gestureclass,slot_1:gestureclass,sharing,160.5057,86.2889,26.7412,25.1337,0.0011,0.475,59.0394,59.5477,1776041153231711180
gestureclass,slot_1:gestureclass,sharing,160.6997,31.7633,24.2563,23.5188,0.0011,0.4526,7.1449,7.507,1776041153373802826
gestureclass,slot_1:gestureclass,sharing,161.9546,33.1388,24.3175,23.5767,0.0011,0.4615,8.4338,8.8213,1776041154630014230
gestureclass,slot_1:gestureclass,sharing,162.1946,48.4922,24.3344,23.5909,0.0011,0.4728,23.7823,24.1578,1776041154885287859
gestureclass,slot_1:gestureclass,sharing,164.6596,38.5506,24.2391,23.4833,0.0011,0.4738,13.9256,14.3115,1776041157340462892
gestureclass,slot_1:gestureclass,sharing,166.0446,32.8183,24.3196,23.5746,0.0012,0.4756,8.1377,8.4987,1776041158719626395
gestureclass,slot_1:gestureclass,sharing,166.1145,32.3017,24.6473,23.9125,0.0012,0.4506,7.261,7.6543,1776041158788667619
gestureclass,slot_1:gestureclass,sharing,168.5364,67.6351,27.2728,26.0989,0.0011,0.4551,39.9365,40.3623,1776041161243318037
gestureclass,slot_1:gestureclass,sharing,171.5938,33.2797,24.4242,23.6707,0.0012,0.4774,8.4889,8.8555,1776041164269207650
gestureclass,slot_1:gestureclass,sharing,172.0315,31.6277,24.3396,23.5848,0.0011,0.4769,6.9199,7.288,1776041164705311130
gestureclass,slot_1:gestureclass,sharing,172.0702,32.0714,24.7036,23.4727,0.0012,0.5054,7.0033,7.3677,1776041164744110544
gestureclass,slot_1:gestureclass,sharing,172.3055,32.8078,24.2935,23.5512,0.0011,0.4732,8.1291,8.5143,1776041164980564315
gestureclass,slot_1:gestureclass,sharing,172.5069,32.809,24.1213,23.4058,0.0011,0.4464,8.2815,8.6877,1776041165182132148
gestureclass,slot_1:gestureclass,sharing,172.7986,64.9455,24.4039,23.6352,0.0011,0.4622,40.133,40.5416,1776041165505626687
gestureclass,slot_1:gestureclass,sharing,173.2397,47.8106,25.6259,24.4744,0.0011,0.467,21.7621,22.1847,1776041165928372840
gestureclass,slot_1:gestureclass,sharing,173.3301,39.0873,24.1704,23.4242,0.0012,0.4732,14.5335,14.9169,1776041166011608036
gestureclass,slot_1:gestureclass,sharing,175.4134,72.042,26.1007,24.9339,0.0012,0.4657,45.4662,45.9413,1776041168125848297
gestureclass,slot_1:gestureclass,sharing,175.4996,32.0172,24.14,23.4185,0.0011,0.4492,7.4961,7.8772,1776041168174042090
gestureclass,slot_1:gestureclass,sharing,176.0524,32.8505,24.3924,23.623,0.0011,0.4802,8.0764,8.4581,1776041168727392516
gestureclass,slot_1:gestureclass,sharing,176.9946,33.1247,24.4023,23.6624,0.0011,0.4554,8.3323,8.7224,1776041169669869784
gestureclass,slot_1:gestureclass,sharing,178.9964,32.558,24.3725,23.6023,0.0011,0.4868,7.817,8.1854,1776041171671197674
gestureclass,slot_1:gestureclass,sharing,179.1252,33.5276,24.7465,23.9914,0.0012,0.4542,8.3733,8.7811,1776041171800457879
gestureclass,slot_1:gestureclass,sharing,181.2943,31.5964,24.3249,23.6033,0.0012,0.453,6.865,7.2715,1776041173968051502
gestureclass,slot_1:gestureclass,sharing,181.7432,34.8315,24.6547,23.5219,0.0011,0.8486,9.7995,10.1768,1776041174419966054
gestureclass,slot_1:gestureclass,sharing,181.9547,25.4073,24.4701,23.7264,0.0012,0.4731,0.5727,0.9372,1776041174622231606
gestureclass,slot_1:gestureclass,sharing,182.5262,32.9862,24.3724,23.6266,0.0012,0.4742,8.2269,8.6138,1776041175201345672
gestureclass,slot_1:gestureclass,sharing,183.2125,48.7115,24.7898,23.5851,0.0011,0.8998,23.5491,23.9217,1776041175903022592
gestureclass,slot_1:gestureclass,sharing,183.6168,32.8691,24.2678,23.5427,0.0012,0.4561,8.2202,8.6013,1776041176291995785
gestureclass,slot_1:gestureclass,sharing,183.8701,32.3727,24.2845,23.5109,0.0013,0.4738,7.6966,8.0882,1776041176544765102
gestureclass,slot_1:gestureclass,sharing,184.8244,33.2878,24.426,23.6783,0.0012,0.4545,8.5018,8.8617,1776041177499882543
gestureclass,slot_1:gestureclass,sharing,184.9617,66.314,24.987,24.2503,0.0011,0.4664,40.9441,41.327,1776041177669565112
gestureclass,slot_1:gestureclass,sharing,185.4436,33.3865,24.3472,23.575,0.0012,0.4895,8.6522,9.0393,1776041178119220507
gestureclass,slot_1:gestureclass,sharing,186.2546,39.9127,24.4465,23.5962,0.0011,0.5669,15.0769,15.4662,1776041178936659186
gestureclass,slot_1:gestureclass,sharing,186.294,45.6951,24.6649,23.9466,0.0012,0.4519,20.6628,21.0302,1776041178981553385
gestureclass,slot_1:gestureclass,sharing,187.8094,33.2823,24.487,23.7554,0.0011,0.4517,8.4147,8.7953,1776041180484777166
gestureclass,slot_1:gestureclass,sharing,188.0962,35.8152,24.3177,23.5658,0.0011,0.4743,11.1351,11.4976,1776041180774267985
gestureclass,slot_1:gestureclass,sharing,188.7434,42.9182,24.0341,23.2927,0.0011,0.4731,18.5149,18.8841,1776041181428827571
gestureclass,slot_1:gestureclass,sharing,191.0291,63.8471,24.2972,23.5291,0.0013,0.4845,39.1915,39.5499,1776041183735237102
gestureclass,slot_1:gestureclass,sharing,192.4557,31.4527,24.4976,23.7291,0.0012,0.4838,6.5882,6.955,1776041185129207502
gestureclass,slot_1:gestureclass,sharing,193.542,56.2229,24.9185,24.1748,0.0012,0.4747,30.9358,31.3044,1776041186239848804
gestureclass,slot_1:gestureclass,sharing,194.2336,32.4397,24.468,23.7193,0.0011,0.474,7.6053,7.9717,1776041186908148513
gestureclass,slot_1:gestureclass,sharing,198.6694,64.9416,23.9484,23.2142,0.0011,0.4719,40.607,40.9932,1776041191376922915
gestureclass,slot_1:gestureclass,sharing,198.7514,31.1067,23.9893,23.256,0.0012,0.4515,6.7334,7.1174,1776041191425080776
gestureclass,slot_1:gestureclass,sharing,199.5072,32.0287,24.4228,23.682,0.0011,0.4707,7.2484,7.6059,1776041192181344780
gestureclass,slot_1:gestureclass,sharing,201.5138,33.0005,24.2362,23.5126,0.0012,0.452,8.3923,8.7643,1776041194189107954
gestureclass,slot_1:gestureclass,sharing,202.8326,32.825,24.4388,23.6853,0.0012,0.4795,8.0194,8.3862,1776041195507547263
gestureclass,slot_1:gestureclass,sharing,203.8481,32.7072,24.2734,23.5253,0.0012,0.4663,8.0516,8.4339,1776041196523047718
gestureclass,slot_1:gestureclass,sharing,203.8859,41.6362,24.1803,23.4306,0.0012,0.4541,17.0915,17.4559,1776041196569881274
gestureclass,slot_1:gestureclass,sharing,205.07,76.3681,35.2208,33.4568,0.0012,0.4877,40.7495,41.1473,1776041197777700626
gestureclass,slot_1:gestureclass,sharing,207.1671,33.7424,24.4086,23.6637,0.0011,0.4628,8.9576,9.3338,1776041199842979776
gestureclass,slot_1:gestureclass,sharing,207.9817,60.7316,34.8051,33.1192,0.0012,0.4821,25.4214,25.9266,1776041200674031045
gestureclass,slot_1:gestureclass,sharing,210.9986,32.0067,24.2287,23.5102,0.0013,0.4508,7.3924,7.778,1776041203672957497
gestureclass,slot_1:gestureclass,sharing,212.6109,34.2994,24.5727,23.7989,0.0012,0.4782,9.3422,9.7267,1776041205287172022
gestureclass,slot_1:gestureclass,sharing,212.9235,32.6166,24.3428,23.5695,0.0012,0.4775,7.9021,8.2738,1776041205598361181
gestureclass,slot_1:gestureclass,sharing,215.4836,31.2831,24.0691,23.3528,0.0012,0.4531,6.8309,7.214,1776041208157407372
gestureclass,slot_1:gestureclass,sharing,215.6161,31.7726,24.2864,23.5651,0.0011,0.4503,7.1039,7.4862,1776041208290111629
gestureclass,slot_1:gestureclass,sharing,215.8655,33.3836,25.0742,24.0694,0.0013,0.6403,7.9334,8.3094,1776041208540361055
gestureclass,slot_1:gestureclass,sharing,216.3021,51.3217,24.3445,23.6059,0.0012,0.4522,26.5989,26.9772,1776041208995660702
gestureclass,slot_1:gestureclass,sharing,216.3555,35.7633,24.1122,23.3751,0.0011,0.4725,11.2684,11.651,1776041209033736640
gestureclass,slot_1:gestureclass,sharing,217.9285,32.1376,24.2932,23.5647,0.0012,0.4514,7.4568,7.8445,1776041210602910158
gestureclass,slot_1:gestureclass,sharing,219.7068,42.2094,24.8183,24.0655,0.0011,0.4847,17.0207,17.3911,1776041212390761720
gestureclass,slot_1:gestureclass,sharing,219.7561,85.938,24.5749,23.8367,0.0011,0.4698,60.9939,61.3631,1776041212484040303
gestureclass,slot_1:gestureclass,sharing,220.6382,71.8956,24.3222,23.5713,0.0012,0.4716,47.2007,47.5734,1776041213352374893
gestureclass,slot_1:gestureclass,sharing,221.4707,70.5762,24.2235,23.459,0.0011,0.4826,45.9557,46.3527,1776041214183618288
gestureclass,slot_1:gestureclass,sharing,221.5574,84.7843,36.1565,34.3544,0.0012,0.463,48.0955,48.6278,1776041214272432524
gestureclass,slot_1:gestureclass,sharing,222.1357,32.4049,24.2967,23.5403,0.0013,0.4778,7.7455,8.1082,1776041214810365377
gestureclass,slot_1:gestureclass,sharing,223.5214,32.3629,24.3108,23.5787,0.0011,0.4579,7.6513,8.0522,1776041216196017794
gestureclass,slot_1:gestureclass,sharing,224.1034,31.7461,24.3223,23.5719,0.0011,0.4779,7.0512,7.4238,1776041216777355096
gestureclass,slot_1:gestureclass,sharing,224.2502,42.9213,24.4545,23.6794,0.0012,0.4936,18.1029,18.4668,1776041216935225172
gestureclass,slot_1:gestureclass,sharing,228.5916,47.0743,25.8258,24.6671,0.0012,0.4794,20.7829,21.2485,1776041221279316715
gestureclass,slot_1:gestureclass,sharing,228.9514,65.1805,24.4051,23.663,0.0011,0.4528,40.3972,40.7755,1776041221658685125
gestureclass,slot_1:gestureclass,sharing,230.2987,33.1321,24.3662,23.6388,0.0012,0.451,8.3668,8.7659,1776041222973970412
gestureclass,slot_1:gestureclass,sharing,230.6525,32.8541,24.3166,23.5575,0.0011,0.4803,8.1661,8.5375,1776041223327595455
gestureclass,slot_1:gestureclass,sharing,231.5296,46.1056,24.1084,23.3768,0.0012,0.4556,21.5843,21.9972,1776041224218090898
gestureclass,slot_1:gestureclass,sharing,231.5468,68.5875,24.2414,23.4987,0.0012,0.4728,43.9646,44.3461,1776041224257738282
gestureclass,slot_1:gestureclass,sharing,231.7552,33.1991,24.3445,23.5852,0.0011,0.4797,8.4856,8.8545,1776041224430582435
gestureclass,slot_1:gestureclass,sharing,232.3061,61.357,24.3121,23.5727,0.0011,0.4561,36.6821,37.045,1776041225009702590
gestureclass,slot_1:gestureclass,sharing,232.3337,80.9212,26.1631,25.0066,0.0013,0.4454,54.2624,54.7581,1776041225054937031
gestureclass,slot_1:gestureclass,sharing,232.7398,31.6904,24.2643,23.5144,0.0011,0.4513,7.0632,7.4261,1776041225413844738
gestureclass,slot_1:gestureclass,sharing,233.9274,33.2022,24.3533,23.6281,0.0011,0.4502,8.4271,8.8488,1776041226602790822
gestureclass,slot_1:gestureclass,sharing,234.7158,31.4088,24.3817,23.6406,0.0011,0.4721,6.629,7.0271,1776041227389339596
gestureclass,slot_1:gestureclass,sharing,236.5576,33.9785,24.7953,24.0594,0.0011,0.4572,8.8098,9.1832,1776041229233372380
gestureclass,slot_1:gestureclass,sharing,237.0174,40.767,24.1034,23.3582,0.0011,0.472,16.2728,16.6635,1776041229700599845
gestureclass,slot_1:gestureclass,sharing,238.4419,54.9049,24.1232,23.3861,0.0012,0.465,30.405,30.7817,1776041231139213814
gestureclass,slot_1:gestureclass,sharing,238.6439,32.6567,24.9559,23.852,0.0011,0.8331,7.3361,7.7008,1776041231318132329
gestureclass,slot_1:gestureclass,sharing,239.7025,33.6471,24.4569,23.7107,0.0011,0.4752,8.8139,9.1901,1776041232378223970
gestureclass,slot_1:gestureclass,sharing,241.5431,33.4322,24.4389,23.6861,0.0012,0.4626,8.5852,8.9934,1776041234218651693
gestureclass,slot_1:gestureclass,sharing,241.6417,86.7682,24.4997,23.7259,0.0012,0.4562,61.8913,62.2684,1776041234370504408
gestureclass,slot_1:gestureclass,sharing,243.0102,25.2883,24.2862,23.5387,0.0013,0.46,0.6225,1.0021,1776041235677713299
gestureclass,slot_1:gestureclass,sharing,243.1299,33.3431,24.5535,23.7689,0.0011,0.5003,8.4035,8.7896,1776041235805265307
gestureclass,slot_1:gestureclass,sharing,244.1463,33.0923,24.4589,23.6982,0.0012,0.4862,8.2586,8.6334,1776041236821533518
gestureclass,slot_1:gestureclass,sharing,245.3026,42.4831,24.5757,23.4396,0.0012,0.8619,17.5388,17.9074,1776041237987033288
gestureclass,slot_1:gestureclass,sharing,246.1399,84.8539,24.5754,23.823,0.0011,0.4692,59.8958,60.2785,1776041238866703442
gestureclass,slot_1:gestureclass,sharing,246.2308,41.3649,24.8089,23.6517,0.0011,0.8713,16.1936,16.556,1776041238913940912
gestureclass,slot_1:gestureclass,sharing,246.2733,44.4458,24.101,23.3816,0.0011,0.4517,19.9685,20.3447,1776041238960165435
gestureclass,slot_1:gestureclass,sharing,247.2058,33.7567,24.5002,23.7322,0.0012,0.4637,8.867,9.2566,1776041239881640701
gestureclass,slot_1:gestureclass,sharing,247.2937,32.6641,24.9072,23.7692,0.0012,0.8537,7.2782,7.7569,1776041239967913512
gestureclass,slot_1:gestureclass,sharing,249.9064,51.5168,24.3775,23.6471,0.0012,0.4526,26.7434,27.1393,1776041242600127491
gestureclass,slot_1:gestureclass,sharing,250.6954,32.3167,24.1935,23.463,0.0016,0.4589,7.6921,8.1232,1776041243370024204
gestureclass,slot_1:gestureclass,sharing,252.0954,51.7364,24.328,23.5665,0.0011,0.4934,27.0445,27.4084,1776041244789348056
gestureclass,slot_1:gestureclass,sharing,254.2315,33.4194,24.5874,23.8148,0.0012,0.4817,8.4534,8.8319,1776041246906936549
gestureclass,slot_1:gestureclass,sharing,254.2991,31.9667,24.5596,23.8267,0.0012,0.4672,7.0212,7.4071,1776041246973020534
gestureclass,slot_1:gestureclass,sharing,256.0114,33.0317,24.1864,23.4318,0.0011,0.4596,8.4541,8.8453,1776041248686826116
gestureclass,slot_1:gestureclass,sharing,256.8151,77.3997,24.9635,23.531,0.0011,1.1508,52.0809,52.4362,1776041249534108937
gestureclass,slot_1:gestureclass,sharing,257.5313,32.2173,24.3916,23.636,0.0012,0.4572,7.4484,7.8257,1776041250205695926
gestureclass,slot_1:gestureclass,sharing,258.6897,62.428,24.7586,24.0206,0.0011,0.4697,37.2965,37.6694,1776041251393912772
gestureclass,slot_1:gestureclass,sharing,259.2721,41.1937,24.2896,23.5357,0.0011,0.4765,16.5255,16.9042,1776041251955609143
gestureclass,slot_1:gestureclass,sharing,259.6495,62.6183,26.1232,24.8453,0.0013,0.4538,36.0878,36.4951,1776041252352552094
gestureclass,slot_1:gestureclass,sharing,259.679,74.9555,27.4018,26.2107,0.0011,0.4616,47.0729,47.5537,1776041252393038025
gestureclass,slot_1:gestureclass,sharing,260.53,32.208,24.2963,23.5228,0.0012,0.4741,7.5521,7.9117,1776041253204474681
gestureclass,slot_1:gestureclass,sharing,261.5154,32.9514,24.2727,23.5108,0.0012,0.4749,8.2879,8.6787,1776041254190575984
gestureclass,slot_1:gestureclass,sharing,265.1013,33.1304,24.4642,23.6895,0.0012,0.501,8.296,8.6662,1776041257776540046
gestureclass,slot_1:gestureclass,sharing,265.7229,60.796,24.1289,23.4119,0.0011,0.4527,36.2744,36.6671,1776041258426095053
gestureclass,slot_1:gestureclass,sharing,265.9176,32.4686,24.7414,23.9983,0.0011,0.4752,7.3502,7.7272,1776041258591920631
gestureclass,slot_1:gestureclass,sharing,268.2078,74.6627,26.0056,24.7513,0.0012,0.4524,48.2304,48.657,1776041260922980502
gestureclass,slot_1:gestureclass,sharing,269.5293,61.8587,24.1513,23.3997,0.0011,0.4824,37.3387,37.7074,1776041262233540978
gestureclass,slot_1:gestureclass,sharing,270.7738,47.5743,24.2825,23.5303,0.0011,0.4787,22.9194,23.2917,1776041263463691162
gestureclass,slot_1:gestureclass,sharing,274.6998,32.474,24.7174,23.9658,0.0012,0.4786,7.3719,7.7567,1776041267374149993
gestureclass,slot_1:gestureclass,sharing,276.9376,50.4203,26.4307,25.1435,0.0013,0.4591,23.5519,23.9896,1776041269628120256
gestureclass,slot_1:gestureclass,sharing,281.1335,72.4843,24.1125,23.3417,0.0012,0.4785,48.018,48.3717,1776041273848442405
gestureclass,slot_1:gestureclass,sharing,281.9378,32.3405,24.3383,23.5869,0.0012,0.4743,7.627,8.0022,1776041274612372238
gestureclass,slot_1:gestureclass,sharing,282.5642,32.8789,24.4926,23.7116,0.0012,0.4935,8.0154,8.3862,1776041275239130410
gestureclass,slot_1:gestureclass,sharing,282.7604,32.2242,24.5714,23.4372,0.0011,0.8549,7.2615,7.6528,1776041275434585690
gestureclass,slot_1:gestureclass,sharing,283.7086,96.8792,24.4129,23.6255,0.0013,0.4679,72.084,72.4663,1776041276447634491
gestureclass,slot_1:gestureclass,sharing,287.8126,32.439,24.4471,23.6786,0.0011,0.4902,7.6227,7.9919,1776041280487165630
gestureclass,slot_1:gestureclass,sharing,288.4652,68.5933,27.7085,26.536,0.0011,0.4801,40.4408,40.8848,1776041281172566216
gestureclass,slot_1:gestureclass,sharing,289.3712,33.7672,24.8393,23.6175,0.0012,0.5032,8.5752,8.9279,1776041282046697414
gestureclass,slot_1:gestureclass,sharing,292.6929,31.6319,24.0927,23.3472,0.0011,0.4582,7.1332,7.5393,1776041285366989582
gestureclass,slot_1:gestureclass,sharing,296.4602,75.5506,24.5561,23.8285,0.0011,0.462,50.6048,50.9945,1776041289177726068
gestureclass,slot_1:gestureclass,sharing,296.515,59.5229,24.6389,23.8998,0.0012,0.4549,34.5025,34.884,1776041289216392240
gestureclass,slot_1:gestureclass,sharing,296.6172,42.3458,24.2217,23.4607,0.0012,0.4742,17.7448,18.1241,1776041289301858000
gestureclass,slot_1:gestureclass,sharing,297.5059,59.4301,24.7903,24.0392,0.0012,0.4771,34.2591,34.6399,1776041290207046340
gestureclass,slot_1:gestureclass,sharing,298.0833,33.3986,24.5194,23.7837,0.0012,0.4542,8.4708,8.8792,1776041290758706796
gestureclass,slot_1:gestureclass,sharing,298.7249,34.1811,24.6589,23.8968,0.0012,0.4849,9.1455,9.5223,1776041291400955900
gestureclass,slot_1:gestureclass,sharing,299.7593,75.5248,25.908,24.6483,0.0013,0.4784,49.1588,49.6168,1776041292475381226
gestureclass,slot_1:gestureclass,sharing,300.7251,33.3848,24.6926,23.9466,0.0012,0.459,8.3153,8.6922,1776041293400388036
gestureclass,slot_1:gestureclass,sharing,301.4132,32.2428,24.4316,23.6839,0.0011,0.4749,7.4348,7.8112,1776041294087549152
gestureclass,slot_1:gestureclass,sharing,301.638,70.4474,24.4563,23.6761,0.0011,0.5046,45.6097,45.9912,1776041294350537617
gestureclass,slot_1:gestureclass,sharing,303.2012,32.9795,24.3388,23.5699,0.0012,0.4979,8.2684,8.6407,1776041295876375487
gestureclass,slot_1:gestureclass,sharing,304.1676,59.2477,24.267,23.516,0.0013,0.4757,34.6045,34.9808,1776041296869095294
gestureclass,slot_1:gestureclass,sharing,305.5765,33.612,24.8729,23.7482,0.0011,0.8413,8.3656,8.7391,1776041298251813181
gestureclass,slot_1:gestureclass,sharing,306.8398,76.936,25.6789,24.9098,0.0011,0.2408,50.813,51.2571,1776041299557552447
gestureclass,slot_1:gestureclass,sharing,306.8611,55.691,25.6789,24.9098,0.0011,0.2408,29.5181,30.0121,1776041299557552447
gestureclass,slot_1:gestureclass,sharing,310.7633,33.7114,24.7445,23.5801,0.0011,0.8713,8.6005,8.967,1776041303438811772
gestureclass,slot_1:gestureclass,sharing,311.4824,32.0489,24.56,23.7782,0.0011,0.4875,7.1249,7.4889,1776041304156419456
gestureclass,slot_1:gestureclass,sharing,313.5713,32.2897,24.756,23.6354,0.0013,0.4632,7.1411,7.5337,1776041306245393619
gestureclass,slot_1:gestureclass,sharing,314.3508,70.1361,24.2452,23.4893,0.0011,0.4693,45.4865,45.8909,1776041307063213530
gestureclass,slot_1:gestureclass,sharing,314.755,34.4081,25.2369,24.0979,0.0011,0.8596,8.6865,9.1712,1776041307430581407
gestureclass,slot_1:gestureclass,sharing,315.4986,44.3406,24.1235,23.3814,0.0011,0.4736,19.8269,20.2171,1776041308185369155
gestureclass,slot_1:gestureclass,sharing,316.0462,45.6095,26.0903,24.8232,0.0012,0.4775,19.0637,19.5192,1776041308732222213
gestureclass,slot_1:gestureclass,sharing,316.8421,32.0239,24.0865,23.3464,0.0011,0.4737,7.5643,7.9374,1776041309516645922
gestureclass,slot_1:gestureclass,sharing,318.5999,33.0172,24.2323,23.4634,0.0012,0.4862,8.4074,8.7848,1776041311275235554
gestureclass,slot_1:gestureclass,sharing,323.6963,47.0986,24.3885,23.644,0.0012,0.4713,22.336,22.7101,1776041316385571590
gestureclass,slot_1:gestureclass,sharing,326.4841,52.1059,24.5134,23.7633,0.0011,0.4713,27.2129,27.5925,1776041319178230819
gestureclass,slot_1:gestureclass,sharing,327.3751,33.8521,24.3881,23.6169,0.0011,0.4879,9.1012,9.464,1776041320051170349
gestureclass,slot_1:gestureclass,sharing,327.4664,66.4129,24.5827,23.4627,0.0012,0.8247,41.4627,41.8302,1776041320174789100
gestureclass,slot_1:gestureclass,sharing,327.5989,32.7637,24.524,23.7681,0.0013,0.4532,7.8602,8.2397,1776041320273711601
gestureclass,slot_1:gestureclass,sharing,330.1319,64.5463,24.598,23.8292,0.0013,0.4645,39.5763,39.9483,1776041322838406243
gestureclass,slot_1:gestureclass,sharing,330.3505,32.578,24.6126,23.8666,0.0011,0.4748,7.5898,7.9654,1776041323025013101
gestureclass,slot_1:gestureclass,sharing,330.918,33.3104,24.4239,23.6609,0.0012,0.4725,8.4925,8.8865,1776041323593475472
gestureclass,slot_1:gestureclass,sharing,331.8202,33.0353,24.799,23.6783,0.0012,0.49,7.8743,8.2362,1776041324495019076
gestureclass,slot_1:gestureclass,sharing,332.1097,32.6648,24.6195,23.8764,0.0011,0.4719,7.6845,8.0453,1776041324784272935
gestureclass,slot_1:gestureclass,sharing,332.5485,32.9244,24.3006,23.5616,0.0011,0.4724,8.2235,8.6238,1776041325223640367
gestureclass,slot_1:gestureclass,sharing,333.0151,32.0702,24.4102,23.6512,0.0011,0.4755,7.2873,7.66,1776041325689318937
gestureclass,slot_1:gestureclass,sharing,334.1849,33.469,24.4559,23.6888,0.0011,0.4717,8.621,9.0131,1776041326860451298
gestureclass,slot_1:gestureclass,sharing,334.8246,32.7468,24.303,23.535,0.0012,0.4762,8.0681,8.4438,1776041327499554701
gestureclass,slot_1:gestureclass,sharing,337.8176,75.717,27.4936,26.2497,0.0011,0.4662,47.7302,48.2234,1776041330532276171
gestureclass,slot_1:gestureclass,sharing,338.0238,32.6569,24.2147,23.4706,0.0012,0.4737,8.0528,8.4422,1776041330698760227
gestureclass,slot_1:gestureclass,sharing,341.0276,61.975,24.2625,23.4938,0.0011,0.4754,37.3254,37.7125,1776041333731878640
gestureclass,slot_1:gestureclass,sharing,343.3827,57.3788,26.2362,24.9376,0.0011,0.4768,30.7312,31.1426,1776041336080413255
gestureclass,slot_1:gestureclass,sharing,345.0014,75.655,24.4283,23.6657,0.0011,0.4869,50.8556,51.2267,1776041337719154795
gestureclass,slot_1:gestureclass,sharing,350.0565,33.1717,25.0343,23.8454,0.0012,0.885,7.7128,8.1374,1776041342731185048
gestureclass,slot_1:gestureclass,sharing,353.3047,36.0303,24.4477,23.7049,0.0012,0.4605,11.1802,11.5826,1776041345982765560
gestureclass,slot_1:gestureclass,sharing,353.4797,51.1279,24.2858,23.5576,0.0011,0.4509,26.4533,26.8421,1776041346173101265
gestureclass,slot_1:gestureclass,sharing,354.1241,33.6242,24.4376,23.7126,0.0011,0.4528,8.8029,9.1866,1776041346799880129
gestureclass,slot_1:gestureclass,sharing,354.4567,32.7051,24.3185,23.5718,0.0015,0.4743,8.0009,8.3865,1776041347131617365
gestureclass,slot_1:gestureclass,sharing,354.6958,60.7154,24.1516,23.4107,0.0012,0.4533,36.1943,36.5638,1776041347398928305
gestureclass,slot_1:gestureclass,sharing,355.7411,32.7098,24.1583,23.4219,0.0011,0.4546,8.1511,8.5515,1776041348416209915
gestureclass,slot_1:gestureclass,sharing,355.9801,32.5897,24.795,23.6416,0.0013,0.464,7.4105,7.7947,1776041348654434737
gestureclass,slot_1:gestureclass,sharing,356.0828,34.1861,24.3637,23.6028,0.0011,0.4847,9.4678,9.8225,1776041348759202907
gestureclass,slot_1:gestureclass,sharing,356.4197,33.5279,24.4114,23.6429,0.0012,0.4752,8.7476,9.1164,1776041349095348246
gestureclass,slot_1:gestureclass,sharing,356.5176,72.5069,25.8315,25.0857,0.0012,0.234,46.289,46.6754,1776041349230813455
gestureclass,slot_1:gestureclass,sharing,356.5219,68.269,25.8315,25.0857,0.0012,0.234,41.9796,42.4375,1776041349230813455
gestureclass,slot_1:gestureclass,sharing,357.3716,32.4113,24.3448,23.6017,0.0012,0.4725,7.694,8.0666,1776041350046258176
gestureclass,slot_1:gestureclass,sharing,359.5282,43.7839,24.1266,23.3921,0.0012,0.4532,19.28,19.6573,1776041352214371064
gestureclass,slot_1:gestureclass,sharing,360.227,82.8283,24.4053,23.6814,0.0011,0.4528,58.0409,58.4229,1776041352951960258
gestureclass,slot_1:gestureclass,sharing,362.4028,33.9811,24.9243,23.7576,0.0013,0.8868,8.6546,9.0568,1776041355078360759
gestureclass,slot_1:gestureclass,sharing,362.9709,33.3819,24.7768,24.0081,0.0013,0.4891,8.1348,8.6051,1776041355645990864
gestureclass,slot_1:gestureclass,sharing,362.9822,61.7499,24.5241,23.7519,0.0012,0.4626,36.8431,37.2258,1776041355685999577
gestureclass,slot_1:gestureclass,sharing,363.6709,81.2359,26.0583,24.8819,0.0012,0.4594,54.745,55.1776,1776041356392576873
gestureclass,slot_1:gestureclass,sharing,365.1716,32.8143,24.45,23.6992,0.0013,0.4627,7.9808,8.3642,1776041357846544573
gestureclass,slot_1:gestureclass,sharing,365.2635,76.8964,39.0027,37.1907,0.0012,0.4499,37.3538,37.8938,1776041357967796352
gestureclass,slot_1:gestureclass,sharing,365.4648,48.1391,24.1352,23.3994,0.0012,0.4672,23.6318,24.0039,1776041358155341077
gestureclass,slot_1:gestureclass,sharing,365.6176,31.7352,24.2606,23.4867,0.0012,0.4858,7.0953,7.4746,1776041358291595316
gestureclass,slot_1:gestureclass,sharing,366.144,33.3965,24.4015,23.648,0.0012,0.4794,8.6207,8.995,1776041358819577558
gestureclass,slot_1:gestureclass,sharing,366.4751,69.2978,25.8396,24.5802,0.0012,0.4625,43.03,43.4582,1776041359185061036
gestureclass,slot_1:gestureclass,sharing,367.7776,33.5617,24.6238,23.8446,0.0012,0.4848,8.5652,8.938,1776041360453123428
gestureclass,slot_1:gestureclass,sharing,368.9578,66.1025,24.4951,23.7597,0.0012,0.4588,41.2242,41.6074,1776041361665987568
gestureclass,slot_1:gestureclass,sharing,369.1551,33.6053,24.2999,23.5626,0.0011,0.4642,8.8844,9.3054,1776041361830931000
gestureclass,slot_1:gestureclass,sharing,369.3189,32.6092,24.7255,23.9677,0.0011,0.4609,7.4866,7.8837,1776041361993318155
gestureclass,slot_1:gestureclass,sharing,370.6451,45.8341,26.4031,25.1353,0.0012,0.4789,19.0136,19.431,1776041363330999717
gestureclass,slot_1:gestureclass,sharing,370.9634,31.781,24.055,23.297,0.0011,0.4941,7.345,7.726,1776041363637675824
gestureclass,slot_1:gestureclass,sharing,372.9277,81.4593,26.1167,24.9277,0.0012,0.4778,54.9328,55.3426,1776041365649593682
gestureclass,slot_1:gestureclass,sharing,373.4102,32.9981,24.097,23.3554,0.0011,0.4742,8.5032,8.9011,1776041366085609411
gestureclass,slot_1:gestureclass,sharing,375.0234,32.2382,24.2751,23.5399,0.0012,0.4565,7.5705,7.9632,1776041367697876564
gestureclass,slot_1:gestureclass,sharing,375.777,33.0591,24.0061,23.2652,0.0011,0.4717,8.6927,9.053,1776041368452585199
gestureclass,slot_1:gestureclass,sharing,376.6953,69.665,24.3314,23.5635,0.0011,0.491,44.9653,45.3336,1776041369407225040
gestureclass,slot_1:gestureclass,sharing,377.6613,33.8044,24.1368,23.384,0.0012,0.4805,9.2854,9.6677,1776041370337544122
gestureclass,slot_1:gestureclass,sharing,378.4495,44.055,24.3277,23.5927,0.0011,0.4538,19.3503,19.7273,1776041371135822411
gestureclass,slot_1:gestureclass,sharing,381.1774,65.4008,24.4233,23.6947,0.0011,0.4568,40.5884,40.9775,1776041373884889668
gestureclass,slot_1:gestureclass,sharing,381.4532,55.8026,24.3672,23.5921,0.0011,0.4985,31.0519,31.4354,1776041374151201573
gestureclass,slot_1:gestureclass,sharing,382.0087,45.3472,24.4847,23.7405,0.0011,0.4717,20.494,20.8625,1776041374696175756
gestureclass,slot_1:gestureclass,sharing,382.352,33.673,24.4972,23.7683,0.0011,0.4519,8.7838,9.1759,1776041375027706277
gestureclass,slot_1:gestureclass,sharing,382.7366,72.7546,24.65,23.5133,0.0011,0.8616,47.7281,48.1046,1776041375451295896
gestureclass,slot_1:gestureclass,sharing,384.6066,32.8546,24.3016,23.542,0.0011,0.4571,8.1866,8.553,1776041377281770308
gestureclass,slot_1:gestureclass,sharing,384.8801,45.8932,24.2243,23.4816,0.0011,0.4655,21.3103,21.6689,1776041377568315598
gestureclass,slot_1:gestureclass,sharing,385.115,41.9548,24.5688,23.8057,0.001,0.486,17.0071,17.3859,1776041377798984786
gestureclass,slot_1:gestureclass,sharing,385.1223,80.7202,26.0153,24.7255,0.0011,0.4472,54.2006,54.7048,1776041377843463959
gestureclass,slot_1:gestureclass,sharing,385.3434,48.8069,25.9593,24.6745,0.0011,0.4708,22.3553,22.8476,1776041378032691727
gestureclass,slot_1:gestureclass,sharing,385.6458,60.0531,25.5104,24.7893,0.0011,0.221,34.1105,34.5427,1776041378346890757
gestureclass,slot_1:gestureclass,sharing,385.6641,41.862,25.5104,24.7893,0.0011,0.221,15.8546,16.3516,1776041378346890757
gestureclass,slot_1:gestureclass,sharing,388.3439,64.8866,25.7538,24.4903,0.0011,0.4753,38.6837,39.1327,1776041381049566117
gestureclass,slot_1:gestureclass,sharing,388.4533,73.0567,24.3852,23.6229,0.001,0.4729,48.2886,48.6715,1776041381168498374
gestureclass,slot_1:gestureclass,sharing,389.6082,67.9331,25.6749,24.9425,0.0012,0.2316,41.8119,42.2582,1776041382316952071
gestureclass,slot_1:gestureclass,sharing,389.6145,61.6875,25.6749,24.9425,0.0012,0.2316,35.5158,36.0126,1776041382316952071
gestureclass,slot_1:gestureclass,sharing,390.4231,32.6753,24.3095,23.5612,0.0011,0.4714,7.9777,8.3657,1776041383098013162
gestureclass,slot_1:gestureclass,sharing,391.9774,32.6278,24.4379,23.674,0.0013,0.4799,7.8213,8.1899,1776041384652119761
gestureclass,slot_1:gestureclass,sharing,392.6255,78.6526,24.1993,23.4568,0.001,0.472,54.0869,54.4533,1776041385346546715
gestureclass,slot_1:gestureclass,sharing,398.7247,60.3139,24.361,23.5796,0.0012,0.5078,35.5916,35.953,1776041391427187303
gestureclass,slot_1:gestureclass,sharing,399.4785,83.7617,24.2802,23.505,0.0012,0.4816,59.0866,59.4815,1776041392204486395
gestureclass,slot_1:gestureclass,sharing,399.5793,64.1859,25.8397,24.568,0.0011,0.4831,37.8416,38.3462,1776041392284102311
gestureclass,slot_1:gestureclass,sharing,400.0043,50.0627,24.7748,24.0277,0.0012,0.4724,24.9155,25.2878,1776041392696136574
gestureclass,slot_1:gestureclass,sharing,400.1242,43.3071,24.5719,23.7997,0.0012,0.4813,18.3623,18.7352,1776041392809533135
gestureclass,slot_1:gestureclass,sharing,400.1325,83.2341,24.7305,23.6168,0.0013,0.4627,58.1019,58.5036,1776041392857563875
gestureclass,slot_1:gestureclass,sharing,400.3466,33.4859,24.3296,23.5918,0.0011,0.472,8.7931,9.1563,1776041393022279869
gestureclass,slot_1:gestureclass,sharing,401.091,32.9149,24.7773,23.6351,0.0012,0.8318,7.7395,8.1376,1776041393765670037
gestureclass,slot_1:gestureclass,sharing,401.2791,33.5333,24.1832,23.4574,0.0011,0.4508,8.9452,9.3502,1776041393954995909
gestureclass,slot_1:gestureclass,sharing,401.3941,32.254,24.2366,23.4963,0.0011,0.4678,7.6499,8.0174,1776041394068677456
gestureclass,slot_1:gestureclass,sharing,402.0784,36.7763,24.4014,23.6396,0.0013,0.4892,12.017,12.3749,1776041394757341130
gestureclass,slot_1:gestureclass,sharing,402.1408,60.7307,24.1428,23.3905,0.0011,0.4678,36.2027,36.5879,1776041394843934600
gestureclass,slot_1:gestureclass,sharing,402.5079,32.8546,24.2488,23.5142,0.0012,0.4602,8.2304,8.6057,1776041395183108656
gestureclass,slot_1:gestureclass,sharing,403.1218,68.6543,25.9079,24.748,0.0011,0.4531,42.207,42.7464,1776041395830931707
gestureclass,slot_1:gestureclass,sharing,403.4682,33.4706,24.4063,23.4766,0.0012,0.6327,8.7137,9.0643,1776041396143852221
gestureclass,slot_1:gestureclass,sharing,407.6381,33.3951,24.109,23.348,0.0012,0.4622,8.9138,9.2861,1776041400313928169
gestureclass,slot_1:gestureclass,sharing,408.1844,40.5836,24.1502,23.3747,0.0011,0.4829,16.0596,16.4334,1776041400867424204
gestureclass,slot_1:gestureclass,sharing,408.3698,32.2416,24.3399,23.5903,0.0012,0.4743,7.5262,7.9017,1776041401044260958
gestureclass,slot_1:gestureclass,sharing,409.0181,34.4439,24.3492,23.5897,0.0012,0.464,9.7175,10.0947,1776041401694731834
gestureclass,slot_1:gestureclass,sharing,411.4916,47.2887,24.4516,23.7195,0.0012,0.4609,22.4581,22.837,1776041404181016020
gestureclass,slot_1:gestureclass,sharing,411.6318,69.3648,23.9874,23.2313,0.001,0.4873,45.0132,45.3774,1776041404343717373
gestureclass,slot_1:gestureclass,sharing,411.7335,77.9696,24.5377,23.7939,0.0012,0.4518,53.0739,53.4319,1776041404453529499
gestureclass,slot_1:gestureclass,sharing,411.9868,53.5305,24.6148,23.8602,0.0011,0.4788,28.532,28.9157,1776041404682245984
gestureclass,slot_1:gestureclass,sharing,412.8634,32.3915,24.5065,23.7808,0.0011,0.4519,7.4968,7.885,1776041405537802966
gestureclass,slot_1:gestureclass,sharing,415.0153,32.4266,24.1746,23.4481,0.0012,0.4564,7.8337,8.252,1776041407690067511
gestureclass,slot_1:gestureclass,sharing,415.0216,64.7178,24.0699,23.3198,0.0011,0.477,40.2443,40.6478,1776041407728793816
gestureclass,slot_1:gestureclass,sharing,415.7953,33.7427,24.6241,23.8429,0.0011,0.4916,8.7535,9.1186,1776041408470976579
gestureclass,slot_1:gestureclass,sharing,418.0613,33.5581,24.6752,23.9487,0.0012,0.4517,8.5077,8.8829,1776041410736704884
gestureclass,slot_1:gestureclass,sharing,420.0784,32.0332,24.3326,23.5913,0.0012,0.4563,7.3233,7.7006,1776041412752655841
gestureclass,slot_1:gestureclass,sharing,421.2322,60.9474,24.2901,23.5081,0.0012,0.4862,36.2697,36.6573,1776041413935413155
gestureclass,slot_1:gestureclass,sharing,421.6652,36.5143,24.1714,23.4445,0.0011,0.453,11.9674,12.3429,1776041414344094891
gestureclass,slot_1:gestureclass,sharing,421.7783,73.7579,26.2554,24.9739,0.0014,0.4591,47.0982,47.5025,1776041414492346043
gestureclass,slot_1:gestureclass,sharing,422.5025,32.449,24.4206,23.6799,0.0012,0.4671,7.6475,8.0284,1776041415177125106
gestureclass,slot_1:gestureclass,sharing,423.4869,33.2253,24.3366,23.5888,0.0013,0.4795,8.5266,8.8887,1776041416162400360
gestureclass,slot_1:gestureclass,sharing,426.2355,33.8366,24.5025,23.7038,0.0014,0.495,8.9397,9.3341,1776041418911356686
gestureclass,slot_1:gestureclass,sharing,426.6544,32.8507,24.886,24.0867,0.0012,0.5191,7.5886,7.9647,1776041419328934543
gestureclass,slot_1:gestureclass,sharing,426.6974,84.5006,24.7039,23.9557,0.0012,0.4625,59.4089,59.7966,1776041419423701859
gestureclass,slot_1:gestureclass,sharing,427.6878,32.3086,24.4077,23.648,0.0011,0.48,7.5169,7.9009,1776041420362230465
gestureclass,slot_1:gestureclass,sharing,427.7362,31.8749,24.2864,23.5049,0.0011,0.4928,7.2238,7.5885,1776041420410342958
gestureclass,slot_1:gestureclass,sharing,427.8865,53.8218,24.1832,23.4167,0.0011,0.4845,29.2597,29.6386,1776041420582681176
gestureclass,slot_1:gestureclass,sharing,428.3738,32.639,24.3316,23.5875,0.0012,0.4559,7.9341,8.3075,1776041421048663184
gestureclass,slot_1:gestureclass,sharing,428.7392,25.7115,24.7332,23.9932,0.0012,0.4664,0.5851,0.9784,1776041421406699010
gestureclass,slot_1:gestureclass,sharing,429.6763,32.5255,24.5012,23.7663,0.0012,0.4652,7.6265,8.0244,1776041422350892235
gestureclass,slot_1:gestureclass,sharing,430.456,32.7473,24.62,23.8568,0.0012,0.4824,7.7486,8.1272,1776041423130686534
gestureclass,slot_1:gestureclass,sharing,434.4526,32.5785,24.3197,23.5624,0.0012,0.4881,7.8571,8.2588,1776041427127364754
gestureclass,slot_1:gestureclass,sharing,435.2861,34.2538,24.4338,23.6568,0.0012,0.4755,9.4361,9.82,1776041427962481140
gestureclass,slot_1:gestureclass,sharing,438.2954,62.12,25.9845,24.7007,0.0012,0.4918,35.7273,36.1354,1776041430998109760
gestureclass,slot_1:gestureclass,sharing,440.488,32.2366,24.3896,23.4408,0.0012,0.6535,7.4947,7.847,1776041433162469904
gestureclass,slot_1:gestureclass,sharing,442.6829,33.7555,24.6787,23.7064,0.0013,0.6131,8.6968,9.0769,1776041435358499825
gestureclass,slot_1:gestureclass,sharing,443.0642,67.5244,25.4776,24.745,0.0012,0.2235,41.6028,42.0469,1776041435772699179
gestureclass,slot_1:gestureclass,sharing,443.0807,50.9984,25.4776,24.745,0.0012,0.2235,25.0247,25.5209,1776041435772699179
gestureclass,slot_1:gestureclass,sharing,444.9333,34.1973,24.6414,23.8615,0.0013,0.4607,9.1901,9.5559,1776041437609411934
gestureclass,slot_1:gestureclass,sharing,445.5776,34.296,24.5742,23.8415,0.0011,0.4521,9.3479,9.7218,1776041438253886492
gestureclass,slot_1:gestureclass,sharing,446.1855,33.0689,24.3529,23.5959,0.0012,0.4637,8.3325,8.716,1776041438860748802
gestureclass,slot_1:gestureclass,sharing,446.3953,32.8608,24.4938,23.7376,0.0012,0.4782,7.9837,8.3669,1776041439070177695
gestureclass,slot_1:gestureclass,sharing,446.6706,33.1972,24.8237,24.0788,0.0015,0.4616,7.9908,8.3735,1776041439345534443
gestureclass,slot_1:gestureclass,sharing,447.9182,33.4237,24.4259,23.6962,0.0011,0.4559,8.61,8.9978,1776041440593786420
gestureclass,slot_1:gestureclass,sharing,450.3384,32.6042,24.1026,23.3826,0.0012,0.4496,8.0993,8.5017,1776041443013402710
gestureclass,slot_1:gestureclass,sharing,450.5716,48.6305,26.6519,25.4728,0.0011,0.4556,21.522,21.9786,1776041443260025273
gestureclass,slot_1:gestureclass,sharing,452.2915,53.3431,24.4308,23.6881,0.0012,0.4658,28.5113,28.9122,1776041444986963519
gestureclass,slot_1:gestureclass,sharing,452.8078,53.7319,24.3015,23.55,0.0012,0.4544,29.0589,29.4304,1776041445503824936
gestureclass,slot_1:gestureclass,sharing,452.8787,32.666,24.195,23.4434,0.0011,0.4706,8.1003,8.471,1776041445553714117
gestureclass,slot_1:gestureclass,sharing,453.3173,32.6087,24.1986,23.4434,0.0011,0.4558,8.0442,8.4101,1776041445992325457
gestureclass,slot_1:gestureclass,sharing,453.9085,79.5295,24.3317,23.5894,0.0011,0.4691,54.8263,55.1979,1776041446630231782
gestureclass,slot_1:gestureclass,sharing,454.0254,68.1183,26.5283,25.2138,0.0012,0.4945,40.9906,41.5901,1776041446733298693
gestureclass,slot_1:gestureclass,sharing,454.1362,42.5675,24.303,23.5664,0.0011,0.4667,17.884,18.2645,1776041446821028287
gestureclass,slot_1:gestureclass,sharing,454.7694,39.7341,24.3839,23.6205,0.0011,0.4889,14.971,15.3502,1776041447451296887
gestureclass,slot_1:gestureclass,sharing,456.1585,32.5334,24.5312,23.78,0.0011,0.4736,7.6191,8.0022,1776041448833071433
gestureclass,slot_1:gestureclass,sharing,457.0026,32.171,24.322,23.597,0.0012,0.4514,7.4472,7.849,1776041449676998599
gestureclass,slot_1:gestureclass,sharing,457.9896,74.8196,38.3969,36.5535,0.0011,0.4817,35.9213,36.4227,1776041450692474653
gestureclass,slot_1:gestureclass,sharing,458.5328,34.8351,24.8627,24.1098,0.0014,0.4652,9.5727,9.9724,1776041451209269345
gestureclass,slot_1:gestureclass,sharing,458.5757,75.1567,24.2535,23.5404,0.0012,0.4485,50.5116,50.9032,1776041451293138534
gestureclass,slot_1:gestureclass,sharing,459.645,32.836,24.1354,23.4112,0.0012,0.4506,8.3082,8.7005,1776041452320285006
gestureclass,slot_1:gestureclass,sharing,460.9043,32.9876,24.8492,24.0825,0.0011,0.4791,7.7627,8.1384,1776041453578973400
gestureclass,slot_1:gestureclass,sharing,461.4841,34.4253,24.4536,23.7061,0.0012,0.4571,9.5792,9.9717,1776041454160590209
gestureclass,slot_1:gestureclass,sharing,461.5266,75.5811,24.6631,23.9216,0.0011,0.475,50.5016,50.918,1776041454244049954
gestureclass,slot_1:gestureclass,sharing,461.8808,37.6351,24.3603,23.6002,0.0011,0.4773,12.8729,13.2748,1776041454560572125
gestureclass,slot_1:gestureclass,sharing,462.5855,32.8197,24.7141,23.5901,0.0012,0.4821,7.7257,8.1056,1776041455260209681
gestureclass,slot_1:gestureclass,sharing,463.1638,32.4955,24.2677,23.5207,0.0011,0.4781,7.8211,8.2278,1776041455838557910
gestureclass,slot_1:gestureclass,sharing,463.7357,31.9283,24.2313,23.475,0.0011,0.4719,7.3102,7.697,1776041456409956209
gestureclass,slot_1:gestureclass,sharing,464.3684,40.2553,24.3685,23.6376,0.001,0.4533,15.481,15.8868,1776041457050816721
gestureclass,slot_1:gestureclass,sharing,465.6685,54.882,24.2596,23.5125,0.0012,0.4732,30.2203,30.6224,1776041458365694143
gestureclass,slot_1:gestureclass,sharing,466.7915,77.6012,34.5142,32.7339,0.0013,0.478,42.6581,43.087,1776041459501083756
gestureclass,slot_1:gestureclass,sharing,467.0895,33.9451,24.6155,23.8628,0.0011,0.4543,8.9557,9.3296,1776041459765388085
gestureclass,slot_1:gestureclass,sharing,469.1528,34.1065,24.5265,23.7989,0.0011,0.4523,9.1965,9.58,1776041461828927434
gestureclass,slot_1:gestureclass,sharing,470.7397,65.8278,24.1422,23.4028,0.0011,0.4515,41.3065,41.6856,1776041463447962951
gestureclass,slot_1:gestureclass,sharing,471.3666,33.6552,24.2199,23.4738,0.001,0.4734,9.0742,9.4353,1776041464042607088
gestureclass,slot_1:gestureclass,sharing,475.2139,35.0211,24.6382,23.8779,0.0012,0.4749,10.0081,10.3829,1776041467890818902
gestureclass,slot_1:gestureclass,sharing,475.2372,58.6808,24.4746,23.7305,0.0012,0.4717,33.8366,34.2062,1776041467937938117
gestureclass,slot_1:gestureclass,sharing,475.3635,69.9484,26.2412,25.0338,0.0013,0.472,43.2367,43.7072,1776041468073681813
gestureclass,slot_1:gestureclass,sharing,475.6352,34.0035,24.4839,23.7199,0.0012,0.4787,9.1467,9.5196,1776041468311308220
gestureclass,slot_1:gestureclass,sharing,477.3348,32.4378,24.5692,23.8069,0.0012,0.4917,7.4921,7.8686,1776041470009231871
gestureclass,slot_1:gestureclass,sharing,477.5706,32.1577,24.2755,23.5535,0.0012,0.4494,7.5023,7.8822,1776041470245009396
gestureclass,slot_1:gestureclass,sharing,478.675,33.1247,24.7473,23.6013,0.0012,0.8604,8.0109,8.3774,1776041471349914289
gestureclass,slot_1:gestureclass,sharing,480.2259,32.9003,24.4173,23.6961,0.0011,0.4526,8.1012,8.483,1776041472900919707
gestureclass,slot_1:gestureclass,sharing,480.8426,35.4962,24.4498,23.7144,0.0011,0.4719,10.6792,11.0465,1776041473520225370
gestureclass,slot_1:gestureclass,sharing,481.5657,32.5367,24.2467,23.4968,0.001,0.4768,7.9024,8.29,1776041474240544952
gestureclass,slot_1:gestureclass,sharing,482.2763,47.0521,26.8248,25.5774,0.0012,0.4532,19.7763,20.2274,1776041474962963456
gestureclass,slot_1:gestureclass,sharing,482.431,82.531,24.161,23.4142,0.0011,0.4563,57.9722,58.37,1776041475155886215
gestureclass,slot_1:gestureclass,sharing,482.7458,70.9798,24.0874,23.3505,0.0012,0.4652,46.5019,46.8924,1776041475459206819
gestureclass,slot_1:gestureclass,sharing,483.051,25.3229,24.3333,23.5742,0.0011,0.4786,0.612,0.9897,1776041475718581150
gestureclass,slot_1:gestureclass,sharing,483.2225,33.1891,24.8969,23.7408,0.0011,0.8801,7.8294,8.2921,1776041475897255332
gestureclass,slot_1:gestureclass,sharing,484.7246,33.2317,24.3982,23.6748,0.0012,0.4512,8.4424,8.8335,1776041477399992890
gestureclass,slot_1:gestureclass,sharing,487.3518,75.1956,24.4713,23.6873,0.0012,0.5059,50.3471,50.7243,1776041480069087304
gestureclass,slot_1:gestureclass,sharing,488.4004,33.4146,24.3911,23.6514,0.0012,0.4583,8.615,9.0235,1776041481075960530
gestureclass,slot_1:gestureclass,sharing,488.4057,67.7998,24.2492,23.4852,0.0013,0.467,43.189,43.5506,1776041481115847056
gestureclass,slot_1:gestureclass,sharing,492.1023,33.6857,24.5301,23.8071,0.0012,0.4502,8.6567,9.1556,1776041484777870457
gestureclass,slot_1:gestureclass,sharing,492.842,32.8035,24.7771,24.0467,0.0011,0.4537,7.6311,8.0264,1776041485516567023
gestureclass,slot_1:gestureclass,sharing,492.9975,33.7532,24.3364,23.5655,0.0011,0.4769,9.0399,9.4167,1776041485673449776
gestureclass,slot_1:gestureclass,sharing,493.8395,34.5569,24.2957,23.5553,0.0011,0.4716,9.8863,10.2612,1776041486516323753
gestureclass,slot_1:gestureclass,sharing,493.9762,33.9394,24.4715,23.7122,0.0012,0.485,9.0735,9.4678,1776041486652219100
gestureclass,slot_1:gestureclass,sharing,495.3804,71.0754,35.1786,33.4563,0.0012,0.4834,35.3947,35.8968,1776041488082687930
gestureclass,slot_1:gestureclass,sharing,496.3853,32.4714,24.2733,23.5491,0.0015,0.4479,7.8125,8.1981,1776041489060091336
gestureclass,slot_1:gestureclass,sharing,497.2904,32.7165,24.4031,23.6425,0.0011,0.4777,7.9155,8.3135,1776041489965283958
gestureclass,slot_1:gestureclass,sharing,499.284,33.1612,24.1032,23.3417,0.0012,0.4808,8.6858,9.058,1776041491959653303
gestureclass,slot_1:gestureclass,sharing,499.3696,61.2178,24.6959,23.9739,0.0011,0.4505,36.1302,36.5219,1776041492072631591
gestureclass,slot_1:gestureclass,sharing,499.9711,70.8456,26.2864,25.0017,0.0011,0.4974,44.1387,44.5592,1776041492682169689
gestureclass,slot_1:gestureclass,sharing,502.0006,32.5742,24.9017,23.7308,0.0013,0.5059,7.3044,7.6725,1776041494674863118
gestureclass,slot_1:gestureclass,sharing,502.9598,58.1176,24.8908,24.1631,0.0014,0.456,32.8662,33.2268,1776041495659572552
gestureclass,slot_1:gestureclass,sharing,503.8948,33.7071,24.3119,23.563,0.0013,0.4559,9.0232,9.3952,1776041496570718817
gestureclass,slot_1:gestureclass,sharing,504.3516,56.1948,35.3754,33.6253,0.0012,0.465,20.2301,20.8193,1776041497038717283
gestureclass,slot_1:gestureclass,sharing,504.6661,35.2151,24.1719,23.4139,0.0012,0.478,10.6511,11.0432,1776041497343681256
gestureclass,slot_1:gestureclass,sharing,505.7411,68.2871,26.0801,24.8252,0.0011,0.4714,41.7559,42.2071,1776041498449741213
gestureclass,slot_1:gestureclass,sharing,506.047,70.5793,24.3381,23.587,0.0012,0.4793,45.871,46.2412,1776041498759842863
gestureclass,slot_1:gestureclass,sharing,507.0082,61.4784,26.1614,24.9529,0.0012,0.4767,34.8392,35.317,1776041499710014020
gestureclass,slot_1:gestureclass,sharing,507.4064,58.696,24.6665,23.5252,0.0013,0.4989,33.6607,34.0296,1776041500106968924
gestureclass,slot_1:gestureclass,sharing,507.9124,32.6169,24.8373,24.0726,0.0011,0.4891,7.4193,7.7796,1776041500586789724
gestureclass,slot_1:gestureclass,sharing,513.3586,59.9329,24.1685,23.399,0.0013,0.4793,35.3837,35.7644,1776041506060878866
gestureclass,slot_1:gestureclass,sharing,513.776,32.4824,24.3477,23.5913,0.0012,0.4545,7.7581,8.1347,1776041506450683734
gestureclass,slot_1:gestureclass,sharing,514.4935,45.2361,26.8968,25.6338,0.0011,0.479,17.8795,18.3393,1776041507178308658
gestureclass,slot_1:gestureclass,sharing,514.8667,32.4063,24.4487,23.6972,0.0011,0.4801,7.5724,7.9576,1776041507541209062
gestureclass,slot_1:gestureclass,sharing,515.3241,37.2243,24.1004,23.3436,0.0012,0.4755,12.733,13.1239,1776041508003778914
gestureclass,slot_1:gestureclass,sharing,515.6146,32.4082,24.2,23.4687,0.0011,0.4682,7.8516,8.2082,1776041508289340708
gestureclass,slot_1:gestureclass,sharing,516.3906,41.7521,24.2832,23.5394,0.0012,0.4748,17.0906,17.4689,1776041509074671109
gestureclass,slot_1:gestureclass,sharing,517.9313,34.7562,24.4725,23.7267,0.0012,0.4716,9.9049,10.2837,1776041510608112233
gestureclass,slot_1:gestureclass,sharing,518.7386,33.0427,24.5006,23.7653,0.0012,0.4579,8.1449,8.5421,1776041511413700356
gestureclass,slot_1:gestureclass,sharing,520.743,33.3827,24.2953,23.5283,0.0011,0.4891,8.7051,9.0873,1776041513418631483
gestureclass,slot_1:gestureclass,sharing,523.4316,35.8648,24.7981,23.6605,0.0012,0.8652,10.6885,11.0668,1776041516109210411
gestureclass,slot_1:gestureclass,sharing,524.2916,45.1474,24.0606,23.3288,0.0012,0.4615,20.7069,21.0869,1776041516979201630
gestureclass,slot_1:gestureclass,sharing,524.4932,64.8804,24.6165,23.8751,0.0011,0.4783,39.9196,40.2638,1776041517200041220
gestureclass,slot_1:gestureclass,sharing,525.2239,34.2491,24.5536,23.8148,0.0011,0.471,9.3229,9.6954,1776041517900195034
gestureclass,slot_1:gestureclass,sharing,526.1047,33.5696,24.2195,23.4542,0.0011,0.4875,8.9817,9.3501,1776041518780603713
gestureclass,slot_1:gestureclass,sharing,526.8507,74.4715,24.7501,23.9721,0.0012,0.4797,49.3276,49.7214,1776041519566983391
gestureclass,slot_1:gestureclass,sharing,527.4742,53.0369,24.0181,23.2781,0.0011,0.4726,28.661,29.0188,1776041520169785338
gestureclass,slot_1:gestureclass,sharing,527.5873,32.104,24.3707,23.6266,0.0013,0.4538,7.3729,7.7334,1776041520261642051
gestureclass,slot_1:gestureclass,sharing,527.6126,52.6032,24.1683,23.3949,0.0012,0.4955,28.0802,28.4349,1776041520307651649
gestureclass,slot_1:gestureclass,sharing,529.5484,68.5248,24.1598,23.4167,0.0011,0.4743,43.9785,44.3651,1776041522259299334
gestureclass,slot_1:gestureclass,sharing,529.8334,77.5192,26.6341,25.4833,0.0011,0.4748,50.4131,50.885,1776041522550712120
gestureclass,slot_1:gestureclass,sharing,529.9401,55.6297,24.1288,23.4039,0.0011,0.4516,31.1165,31.5009,1776041522638102065
gestureclass,slot_1:gestureclass,sharing,530.1512,64.8313,24.2773,23.5389,0.001,0.4661,40.1843,40.554,1776041522858302131
gestureclass,slot_1:gestureclass,sharing,530.5684,80.4653,24.1462,23.414,0.0011,0.4587,55.9399,56.3191,1776041523291227167
gestureclass,slot_1:gestureclass,sharing,531.2859,51.4398,24.4663,23.6691,0.0012,0.5092,26.6104,26.9735,1776041523979399331
gestureclass,slot_1:gestureclass,sharing,531.7102,73.7596,24.1384,23.412,0.001,0.4546,49.2103,49.6211,1776041524426314739
gestureclass,slot_1:gestureclass,sharing,532.7807,51.2197,24.2079,23.4744,0.0011,0.4525,26.6361,27.0118,1776041525474315990
gestureclass,slot_1:gestureclass,sharing,532.8881,32.2835,24.2726,23.4994,0.0011,0.4893,7.6272,8.0109,1776041525562629835
gestureclass,slot_1:gestureclass,sharing,534.413,38.5938,24.1571,23.4137,0.0011,0.4542,14.0097,14.4367,1776041527093978490
gestureclass,slot_1:gestureclass,sharing,535.4102,32.6121,24.2615,23.5389,0.0012,0.4529,7.9603,8.3506,1776041528085050680
gestureclass,slot_1:gestureclass,sharing,535.4932,72.2108,24.1827,23.4418,0.0011,0.4743,47.6584,48.0281,1776041528207756729
gestureclass,slot_1:gestureclass,sharing,535.6045,33.258,24.2761,23.558,0.001,0.4485,8.6012,8.9819,1776041528280007249
gestureclass,slot_1:gestureclass,sharing,536.3476,34.4415,24.5371,23.7957,0.0012,0.4746,9.4831,9.9043,1776041529024056446
gestureclass,slot_1:gestureclass,sharing,537.2458,32.3222,24.2292,23.4612,0.0012,0.4744,7.7217,8.093,1776041529920463900
gestureclass,slot_1:gestureclass,sharing,538.179,40.7925,24.9023,23.7281,0.0012,0.8725,15.4948,15.8902,1776041530861429651
gestureclass,slot_1:gestureclass,sharing,541.7616,32.6724,24.3294,23.5731,0.0013,0.4746,7.972,8.343,1776041534436547949
gestureclass,slot_1:gestureclass,sharing,542.1706,51.8591,24.6542,23.8898,0.0011,0.4738,26.814,27.2049,1776041534864379521
gestureclass,slot_1:gestureclass,sharing,543.5199,33.52,24.4708,23.6698,0.0012,0.499,8.6806,9.0492,1776041536195503443
gestureclass,slot_1:gestureclass,sharing,543.6247,32.795,24.7196,23.9494,0.0011,0.4766,7.7152,8.0753,1776041536299309915
gestureclass,slot_1:gestureclass,sharing,544.5268,33.4029,25.3357,24.5523,0.0011,0.4973,7.7021,8.0672,1776041537201446745
gestureclass,slot_1:gestureclass,sharing,544.9524,39.4583,30.3435,29.5792,0.0013,0.4621,8.728,9.1148,1776041537628109767
gestureclass,slot_1:gestureclass,sharing,545.6391,34.5511,24.7189,23.9487,0.0013,0.4614,9.402,9.8323,1776041538315423749
gestureclass,slot_1:gestureclass,sharing,545.6644,56.2184,24.3269,23.5746,0.0011,0.4545,31.4906,31.8915,1776041538362814699
gestureclass,slot_1:gestureclass,sharing,546.3695,34.0464,24.4135,23.6635,0.0012,0.4564,9.2659,9.6329,1776041539045718897
gestureclass,slot_1:gestureclass,sharing,546.8732,58.7215,34.2679,33.0793,0.0012,0.2346,23.978,24.4537,1776041539564114179
gestureclass,slot_1:gestureclass,sharing,546.8782,53.7992,34.2679,33.0793,0.0012,0.2346,18.9738,19.5313,1776041539564114179
gestureclass,slot_1:gestureclass,sharing,547.541,76.4766,24.203,23.442,0.0012,0.466,51.9147,52.2735,1776041540259822710
gestureclass,slot_1:gestureclass,sharing,549.4736,32.5344,24.5419,23.7897,0.0011,0.4794,7.6227,7.9924,1776041542148151142
gestureclass,slot_1:gestureclass,sharing,550.1488,33.4129,24.9311,24.1553,0.0011,0.4977,8.1158,8.4819,1776041542823801063
gestureclass,slot_1:gestureclass,sharing,552.4126,34.3647,24.4422,23.6917,0.0013,0.4712,9.5553,9.9225,1776041545089110536
gestureclass,slot_1:gestureclass,sharing,552.9415,32.4335,24.2942,23.565,0.0012,0.4568,7.7448,8.1394,1776041545616154371
gestureclass,slot_1:gestureclass,sharing,553.2502,33.0942,24.8469,24.0901,0.001,0.4817,7.8611,8.2472,1776041545925030392
gestureclass,slot_1:gestureclass,sharing,554.4356,32.9034,24.0324,23.2748,0.0013,0.4603,8.4894,8.8711,1776041547110985242
gestureclass,slot_1:gestureclass,sharing,554.6322,36.8392,24.9617,24.2064,0.0011,0.4899,11.5087,11.8775,1776041547310654512
gestureclass,slot_1:gestureclass,sharing,554.9768,95.7294,35.5801,33.8359,0.0012,0.4491,59.5775,60.1493,1776041547703272140
gestureclass,slot_1:gestureclass,sharing,555.633,62.8459,24.1535,23.432,0.0011,0.4501,38.2929,38.6924,1776041548338186428
gestureclass,slot_1:gestureclass,sharing,556.671,66.5112,25.9347,24.6721,0.0012,0.4733,40.0734,40.5765,1776041549377978276
gestureclass,slot_1:gestureclass,sharing,559.1213,71.1045,24.5535,23.7901,0.0012,0.4919,46.1602,46.5511,1776041551834358970
gestureclass,slot_1:gestureclass,sharing,559.4865,38.2569,24.452,23.7017,0.0012,0.4707,13.4239,13.8049,1776041552166809705
gestureclass,slot_1:gestureclass,sharing,561.029,32.6717,24.7889,24.0348,0.0011,0.4562,7.5004,7.8828,1776041553703450343
gestureclass,slot_1:gestureclass,sharing,561.416,33.6723,24.805,24.0759,0.0011,0.4575,8.4631,8.8673,1776041554091370562
gestureclass,slot_1:gestureclass,sharing,562.6644,36.1326,24.668,23.9253,0.0012,0.4561,11.0705,11.4646,1776041555342359518
gestureclass,slot_1:gestureclass,sharing,562.7964,38.1258,24.2872,23.5458,0.0012,0.4558,13.4518,13.8386,1776041555476809460
gestureclass,slot_1:gestureclass,sharing,564.2694,34.3001,24.5648,23.8283,0.0011,0.4558,9.3396,9.7353,1776041556945718927
gestureclass,slot_1:gestureclass,sharing,564.3508,33.5429,24.4366,23.6631,0.0011,0.4761,8.7121,9.1063,1776041557026491803
gestureclass,slot_1:gestureclass,sharing,564.9874,34.4033,24.9816,24.2509,0.0011,0.4502,9.0308,9.4217,1776041557663356263
gestureclass,slot_1:gestureclass,sharing,567.4856,78.7904,26.1664,24.9135,0.0014,0.4609,52.1858,52.624,1776041560204687722
gestureclass,slot_1:gestureclass,sharing,570.2375,32.2483,24.3587,23.6114,0.0011,0.4725,7.5002,7.8896,1776041562911886880
gestureclass,slot_1:gestureclass,sharing,570.4471,65.9821,24.2237,23.4555,0.0011,0.4903,41.3923,41.7584,1776041563155383759
gestureclass,slot_1:gestureclass,sharing,571.7371,32.5851,24.3397,23.5991,0.0012,0.4553,7.8549,8.2454,1776041564411877648
gestureclass,slot_1:gestureclass,sharing,572.2049,52.1603,24.3589,23.595,0.0011,0.4898,27.4293,27.8014,1776041564899288818
gestureclass,slot_1:gestureclass,sharing,572.4128,37.122,24.5963,23.858,0.0012,0.4537,12.1386,12.5257,1776041565091873591
gestureclass,slot_1:gestureclass,sharing,573.3611,32.4211,24.4369,23.6804,0.0012,0.4583,7.6048,7.9842,1776041566035664859
gestureclass,slot_1:gestureclass,sharing,574.2257,33.1376,24.7458,24.0096,0.0011,0.4588,8.0037,8.3917,1776041566900637987
gestureclass,slot_1:gestureclass,sharing,574.6216,34.9021,24.6412,23.8657,0.0012,0.4559,9.8667,10.2609,1776041567298417954
gestureclass,slot_1:gestureclass,sharing,574.7261,69.1071,24.7252,23.9811,0.0012,0.475,43.9844,44.3819,1776041567436994036
gestureclass,slot_1:gestureclass,sharing,577.9566,53.184,24.5004,23.7776,0.0012,0.4509,28.2862,28.6837,1776041570651826832
gestureclass,slot_1:gestureclass,sharing,578.9429,33.3927,24.2068,23.4646,0.0011,0.4697,8.8239,9.1859,1776041571618644367
gestureclass,slot_1:gestureclass,sharing,581.1651,61.691,25.0878,24.3633,0.0011,0.4556,36.216,36.6033,1776041573868232526
gestureclass,slot_1:gestureclass,sharing,582.4901,63.6966,24.2626,23.5315,0.0012,0.4595,39.0551,39.434,1776041575196039923
gestureclass,slot_1:gestureclass,sharing,582.7477,32.6307,24.5831,23.8393,0.0011,0.4742,7.6644,8.0476,1776041575422316525
gestureclass,slot_1:gestureclass,sharing,583.1752,31.9881,24.5107,23.7533,0.0015,0.4823,7.0868,7.4774,1776041575849269908
gestureclass,slot_1:gestureclass,sharing,584.5257,34.0347,24.6528,23.5211,0.001,0.8546,8.9929,9.3819,1776041577201599572
gestureclass,slot_1:gestureclass,sharing,584.6278,31.7035,24.3409,23.5879,0.0012,0.452,6.994,7.3625,1776041577301753446
gestureclass,slot_1:gestureclass,sharing,586.3106,74.0869,24.7086,23.9686,0.0011,0.4667,49.0048,49.3783,1776041579026586966
gestureclass,slot_1:gestureclass,sharing,586.9476,33.4396,25.0057,24.2531,0.0011,0.4849,8.0523,8.434,1776041579622546695
gestureclass,slot_1:gestureclass,sharing,588.5865,36.3832,24.3873,23.6577,0.0011,0.4519,11.6,11.9958,1776041581265070551
gestureclass,slot_1:gestureclass,sharing,590.9977,34.5087,24.4763,23.7018,0.0012,0.4882,9.6643,10.0324,1776041583674261637
gestureclass,slot_1:gestureclass,sharing,592.2271,35.8019,24.6746,23.9162,0.0011,0.4673,10.721,11.1272,1776041584904741486
gestureclass,slot_1:gestureclass,sharing,592.4653,33.4949,25.075,24.3477,0.0012,0.4574,8.0218,8.4199,1776041585140279445
gestureclass,slot_1:gestureclass,sharing,592.7957,32.6633,24.3651,23.6174,0.0011,0.4745,7.9229,8.2983,1776041585470566122
gestureclass,slot_1:gestureclass,sharing,593.2931,32.7635,24.7824,24.0527,0.0012,0.4575,7.5715,7.9811,1776041585967593888
gestureclass,slot_1:gestureclass,sharing,593.8241,32.1515,24.137,23.3943,0.0011,0.4763,7.6339,8.0145,1776041586498623318
gestureclass,slot_1:gestureclass,sharing,594.4925,74.5187,24.4137,23.6627,0.0011,0.479,49.7286,50.105,1776041587209187421
gestureclass,slot_1:gestureclass,sharing,594.561,47.3292,24.6219,23.4803,0.0011,0.8728,22.3236,22.7073,1776041587250287757
gestureclass,slot_1:gestureclass,sharing,594.8279,44.559,24.3594,23.6132,0.0011,0.4549,19.8357,20.1996,1776041587514702867
gestureclass,slot_1:gestureclass,sharing,595.8175,33.124,25.0035,24.2593,0.0011,0.456,7.7102,8.1205,1776041588492145187
gestureclass,slot_1:gestureclass,sharing,597.2288,33.1628,24.5556,23.7956,0.0012,0.4895,8.245,8.6072,1776041589904029503
gestureclass,slot_1:gestureclass,sharing,598.6096,32.3684,24.4586,23.7191,0.001,0.4713,7.5173,7.9098,1776041591284074345
gestureclass,slot_1:gestureclass,sharing,598.6139,67.3335,24.6359,23.4913,0.0011,0.8648,42.3298,42.6976,1776041591323183777
heartrate,slot_2:heartrate,sharing,0.0001,156.5814,108.088,102.8973,0.0014,0.4429,47.9152,48.4934,1776040992714957781
heartrate,slot_2:heartrate,sharing,0.6252,32.2862,24.6142,23.901,0.0013,0.453,7.3247,7.672,1776040993299430564
heartrate,slot_2:heartrate,sharing,0.9528,64.6687,24.8345,24.1148,0.0014,0.4834,39.4011,39.8341,1776040993659099387
heartrate,slot_2:heartrate,sharing,1.2606,34.6954,24.4072,23.6758,0.0013,0.4748,9.9196,10.2882,1776040993937475485
heartrate,slot_2:heartrate,sharing,2.147,64.8718,26.0064,24.7473,0.0013,0.4776,38.4407,38.8654,1776040994852388817
heartrate,slot_2:heartrate,sharing,2.5874,62.6273,24.3455,23.6409,0.0014,0.468,37.9419,38.2818,1776040995292231207
heartrate,slot_2:heartrate,sharing,4.211,33.3068,24.3257,23.618,0.0013,0.4724,8.6055,8.9811,1776040996886588926
heartrate,slot_2:heartrate,sharing,5.8394,32.9041,24.2998,23.5892,0.0014,0.477,8.2402,8.6043,1776040998514586124
heartrate,slot_2:heartrate,sharing,7.8743,25.5842,24.5878,23.884,0.0014,0.4713,0.613,0.9964,1776041000541817162
heartrate,slot_2:heartrate,sharing,7.8955,43.591,24.1514,23.4406,0.0012,0.4692,19.0797,19.4396,1776041000581562964
heartrate,slot_2:heartrate,sharing,8.648,33.9296,24.0433,23.323,0.0013,0.469,9.5136,9.8863,1776041001324448434
heartrate,slot_2:heartrate,sharing,8.8407,66.4668,29.4136,24.9977,0.0013,2.0886,36.6418,37.0532,1776041001544265305
heartrate,slot_2:heartrate,sharing,8.851,56.2379,29.4136,24.9977,0.0013,2.0886,26.3655,26.8243,1776041001544265305
heartrate,slot_2:heartrate,sharing,11.3441,31.7554,24.2565,23.5783,0.0013,0.4492,7.1092,7.499,1776041004018102597
heartrate,slot_2:heartrate,sharing,13.3209,65.4757,24.2488,23.5432,0.0014,0.473,40.8452,41.2269,1776041006028682220
heartrate,slot_2:heartrate,sharing,15.3276,55.2301,26.6942,25.5345,0.0015,0.4398,28.055,28.536,1776041008022610812
heartrate,slot_2:heartrate,sharing,15.3646,59.6411,27.326,26.037,0.0013,0.4664,31.8499,32.3151,1776041008063378046
heartrate,slot_2:heartrate,sharing,15.5811,45.2952,24.2285,23.5253,0.0013,0.4732,20.6769,21.0667,1776041008268725586
heartrate,slot_2:heartrate,sharing,15.7832,60.6284,26.2639,25.098,0.0013,0.4351,33.8993,34.3645,1776041008484049548
heartrate,slot_2:heartrate,sharing,17.064,31.8964,24.3501,23.6631,0.0013,0.4467,7.1616,7.5462,1776041009738115095
heartrate,slot_2:heartrate,sharing,17.3625,33.0672,24.1985,23.4919,0.0013,0.4516,8.4853,8.8688,1776041010037888374
heartrate,slot_2:heartrate,sharing,19.146,38.6295,24.1519,23.4747,0.0014,0.449,14.0958,14.4776,1776041011827036361
heartrate,slot_2:heartrate,sharing,19.4125,38.5985,24.1329,23.4299,0.0013,0.4683,14.0789,14.4656,1776041012093548717
heartrate,slot_2:heartrate,sharing,19.8947,32.2511,24.2859,23.595,0.0013,0.4639,7.5986,7.9653,1776041012569261915
heartrate,slot_2:heartrate,sharing,21.8938,32.6118,24.9995,24.2887,0.0014,0.4711,7.2529,7.6124,1776041014567972966
heartrate,slot_2:heartrate,sharing,21.9204,60.8568,33.9772,32.3286,0.0013,0.4404,26.1457,26.8797,1776041014613472745
heartrate,slot_2:heartrate,sharing,22.7155,63.756,24.6653,23.6114,0.0012,0.8165,38.7239,39.0907,1776041015421144040
heartrate,slot_2:heartrate,sharing,24.8762,32.2268,24.5476,23.851,0.0013,0.4688,7.2949,7.6792,1776041017550418191
heartrate,slot_2:heartrate,sharing,25.1364,72.4552,26.002,24.755,0.0014,0.461,45.9378,46.4531,1776041017849283908
heartrate,slot_2:heartrate,sharing,25.4852,33.6151,24.534,23.8525,0.0014,0.4495,8.7078,9.0811,1776041018160835848
heartrate,slot_2:heartrate,sharing,26.7175,32.7427,24.594,23.8827,0.0013,0.4747,7.7736,8.1488,1776041019392172419
heartrate,slot_2:heartrate,sharing,27.0014,61.6877,25.3087,24.6082,0.0013,0.472,35.2099,36.379,1776041019703570108
heartrate,slot_2:heartrate,sharing,27.3834,32.0561,24.7491,24.0238,0.0013,0.4896,6.9549,7.307,1776041020057243768
heartrate,slot_2:heartrate,sharing,28.3274,33.8087,24.4035,23.6851,0.0012,0.4726,9.0103,9.4052,1776041021003321349
heartrate,slot_2:heartrate,sharing,28.9328,58.1021,24.7441,24.0575,0.0012,0.4497,32.9831,33.358,1776041021632716058
heartrate,slot_2:heartrate,sharing,29.867,33.4864,24.7645,24.0474,0.0015,0.459,8.3623,8.7219,1776041022542303721
heartrate,slot_2:heartrate,sharing,29.8963,50.2813,24.3121,23.6209,0.0012,0.4529,25.5864,25.9692,1776041022588838166
heartrate,slot_2:heartrate,sharing,30.9042,40.4572,24.2555,23.5611,0.0013,0.4503,15.82,16.2018,1776041023586956388
heartrate,slot_2:heartrate,sharing,31.17,54.7996,24.1399,23.437,0.0012,0.4643,30.252,30.6597,1776041023867174702
heartrate,slot_2:heartrate,sharing,32.2524,72.5965,24.2277,23.4942,0.0013,0.4917,48.0106,48.3688,1776041024967368242
heartrate,slot_2:heartrate,sharing,32.289,81.3694,24.51,23.7793,0.0013,0.472,56.5002,56.8594,1776041025012469873
heartrate,slot_2:heartrate,sharing,33.4162,32.3567,24.5322,23.8232,0.0012,0.4514,7.417,7.8246,1776041026090596778
heartrate,slot_2:heartrate,sharing,33.5363,32.4368,24.1075,23.4186,0.0013,0.4531,7.9279,8.3294,1776041026211137879
heartrate,slot_2:heartrate,sharing,33.9516,32.5639,24.6086,23.9028,0.0013,0.4753,7.5903,7.9553,1776041026626157436
heartrate,slot_2:heartrate,sharing,35.1849,32.5236,24.6478,23.9243,0.0012,0.4662,7.5133,7.8759,1776041027859349881
heartrate,slot_2:heartrate,sharing,35.4411,33.2699,24.3517,23.6066,0.0013,0.4863,8.5628,8.9182,1776041028116558452
heartrate,slot_2:heartrate,sharing,36.8392,34.0421,24.3163,23.5583,0.0012,0.4915,9.3718,9.7258,1776041029515471287
heartrate,slot_2:heartrate,sharing,37.8141,32.4073,24.2947,23.5921,0.0013,0.4515,7.741,8.1126,1776041030488748666
heartrate,slot_2:heartrate,sharing,38.9183,50.7615,24.6521,23.6459,0.0015,0.7473,25.7523,26.1093,1776041031610964413
heartrate,slot_2:heartrate,sharing,41.4144,35.9278,24.6056,23.8952,0.0013,0.4728,10.9382,11.3222,1776041034092263366
heartrate,slot_2:heartrate,sharing,42.2662,48.3763,24.1696,23.478,0.0013,0.456,23.828,24.2067,1776041034956984426
heartrate,slot_2:heartrate,sharing,42.369,43.7357,24.3789,23.2933,0.0012,0.8418,18.9764,19.3569,1776041035054901765
heartrate,slot_2:heartrate,sharing,42.9286,33.7212,24.2286,23.5172,0.0012,0.4797,9.1264,9.4927,1776041035604613729
heartrate,slot_2:heartrate,sharing,43.2822,44.4863,24.1275,23.4461,0.0012,0.4503,19.9876,20.3588,1776041035969103377
heartrate,slot_2:heartrate,sharing,43.3928,33.0698,24.1909,23.4979,0.0013,0.4597,8.4727,8.8789,1776041036068190848
heartrate,slot_2:heartrate,sharing,44.3308,48.3775,24.9906,24.2829,0.0012,0.4723,23.0274,23.3869,1776041037020713912
heartrate,slot_2:heartrate,sharing,44.3463,73.6609,25.8745,24.6212,0.0014,0.453,47.2927,47.7864,1776041037060487119
heartrate,slot_2:heartrate,sharing,44.5109,65.484,26.4806,25.2197,0.0013,0.4645,38.5101,39.0034,1776041037216392732
heartrate,slot_2:heartrate,sharing,47.0115,32.541,24.2956,23.5975,0.0012,0.4668,7.8795,8.2454,1776041039686338337
heartrate,slot_2:heartrate,sharing,54.1749,33.4475,24.5136,23.7816,0.0013,0.4828,8.5683,8.9339,1776041046850362543
heartrate,slot_2:heartrate,sharing,56.8882,32.203,24.2996,23.5956,0.0013,0.4741,7.4053,7.9034,1776041049562553098
heartrate,slot_2:heartrate,sharing,56.9202,40.4193,24.0323,23.3479,0.0013,0.4537,15.9922,16.387,1776041049603160958
heartrate,slot_2:heartrate,sharing,58.5741,32.9311,24.4662,23.7486,0.0014,0.4806,8.1034,8.4649,1776041051249095233
heartrate,slot_2:heartrate,sharing,58.6053,40.7765,24.9278,24.1987,0.0013,0.4889,15.4727,15.8486,1776041051287749297
heartrate,slot_2:heartrate,sharing,61.5548,37.2398,24.136,23.4178,0.0016,0.4691,12.732,13.1038,1776041054234498656
heartrate,slot_2:heartrate,sharing,62.4569,69.9139,24.2157,23.5386,0.0012,0.448,45.3212,45.6982,1776041055169125256
heartrate,slot_2:heartrate,sharing,62.7851,27.3211,26.277,25.5597,0.0013,0.483,0.6635,1.0441,1776041055452690166
heartrate,slot_2:heartrate,sharing,64.3276,32.644,24.3953,23.6872,0.0013,0.4737,7.8776,8.2488,1776041057002436857
heartrate,slot_2:heartrate,sharing,64.4607,68.2306,24.5046,23.773,0.0013,0.4735,43.3438,43.726,1776041057170993856
heartrate,slot_2:heartrate,sharing,66.0401,46.9673,24.9649,24.258,0.0013,0.4741,21.6353,22.0024,1776041058728640673
heartrate,slot_2:heartrate,sharing,68.7016,56.2401,24.4471,23.738,0.0013,0.4542,31.4138,31.7929,1776041061399975244
heartrate,slot_2:heartrate,sharing,70.7433,33.7827,24.7148,23.9908,0.0015,0.4878,8.7049,9.068,1776041063418891675
heartrate,slot_2:heartrate,sharing,70.7645,52.34,24.564,23.4689,0.0013,0.8357,27.3981,27.776,1776041063458864471
heartrate,slot_2:heartrate,sharing,71.6197,32.661,24.4823,23.7569,0.0013,0.47,7.8044,8.1787,1776041064294470623
heartrate,slot_2:heartrate,sharing,72.1324,33.2735,25.1286,24.0658,0.0013,0.8197,7.7636,8.1449,1776041064807113345
heartrate,slot_2:heartrate,sharing,73.3134,32.7713,24.3847,23.6756,0.0013,0.4755,8.0233,8.3867,1776041065988393008
heartrate,slot_2:heartrate,sharing,75.0628,32.7144,24.7543,24.0481,0.0014,0.4523,7.6022,7.9601,1776041067737355717
heartrate,slot_2:heartrate,sharing,75.395,31.9276,24.2445,23.5387,0.0013,0.4487,7.3028,7.6831,1776041068069280701
heartrate,slot_2:heartrate,sharing,75.4871,31.6813,24.2592,23.5594,0.0014,0.4619,7.0338,7.4221,1776041068161049099
heartrate,slot_2:heartrate,sharing,75.8649,33.2832,24.3752,23.6578,0.0013,0.4721,8.5297,8.9081,1776041068540327160
heartrate,slot_2:heartrate,sharing,78.4402,34.0338,24.2671,23.5273,0.0014,0.4785,9.393,9.7667,1776041071116490088
heartrate,slot_2:heartrate,sharing,81.9872,34.4026,24.9215,23.7633,0.0016,0.9005,9.1019,9.4811,1776041074663190138
heartrate,slot_2:heartrate,sharing,82.589,32.6297,24.308,23.6267,0.0013,0.4504,7.9308,8.3217,1776041075263909127
heartrate,slot_2:heartrate,sharing,85.1033,61.3277,24.5384,23.4889,0.0015,0.8173,36.4087,36.7893,1776041077806674159
heartrate,slot_2:heartrate,sharing,85.7868,31.8713,24.3795,23.6892,0.0013,0.4548,7.0732,7.4918,1776041078460775278
heartrate,slot_2:heartrate,sharing,86.2536,72.0596,26.5891,25.4073,0.0014,0.4738,45.0556,45.4705,1776041078965625168
heartrate,slot_2:heartrate,sharing,87.2975,42.6326,24.268,23.5456,0.0013,0.4774,18.0068,18.3646,1776041079982405314
heartrate,slot_2:heartrate,sharing,87.434,32.5348,24.3384,23.622,0.0013,0.4561,7.8304,8.1964,1776041080108778229
heartrate,slot_2:heartrate,sharing,87.6545,76.5336,24.2932,23.5888,0.0012,0.4674,51.8785,52.2404,1776041080373276139
heartrate,slot_2:heartrate,sharing,88.1722,31.451,24.2308,23.5424,0.0012,0.4527,6.8123,7.2202,1776041080845932370
heartrate,slot_2:heartrate,sharing,89.3228,33.53,24.7124,23.6059,0.0014,0.5042,8.4341,8.8176,1776041081998189931
heartrate,slot_2:heartrate,sharing,90.0646,33.2899,24.5734,23.8901,0.0013,0.4473,8.1942,8.7165,1776041082739738984
heartrate,slot_2:heartrate,sharing,90.5241,87.8544,24.1655,23.4851,0.0012,0.4461,63.2989,63.6889,1776041083254337351
heartrate,slot_2:heartrate,sharing,93.6356,31.9114,24.3696,23.657,0.0011,0.4545,7.1759,7.5418,1776041086309660640
heartrate,slot_2:heartrate,sharing,94.1145,57.1311,24.3195,23.6341,0.0011,0.4483,32.4225,32.8116,1776041086813848447
heartrate,slot_2:heartrate,sharing,94.7634,56.344,24.5574,23.4954,0.0012,0.4597,31.395,31.7866,1776041087461773031
heartrate,slot_2:heartrate,sharing,97.3114,70.9434,24.2607,23.5542,0.0012,0.4715,46.3147,46.6827,1776041090024648149
heartrate,slot_2:heartrate,sharing,97.6354,31.9874,24.4963,23.7644,0.0012,0.4693,7.103,7.4911,1776041090309467213
heartrate,slot_2:heartrate,sharing,98.9181,32.8109,24.2448,23.3583,0.0011,0.6416,8.1997,8.5662,1776041091593191835
heartrate,slot_2:heartrate,sharing,98.9214,105.5925,54.808,52.0117,0.0012,0.4578,50.2031,50.7845,1776041091638503460
heartrate,slot_2:heartrate,sharing,99.1759,32.3493,24.1697,23.4472,0.0011,0.4922,7.8046,8.1797,1776041091850591971
heartrate,slot_2:heartrate,sharing,100.2194,31.8859,24.4844,23.7423,0.0015,0.4923,7.0374,7.4015,1776041092893402149
heartrate,slot_2:heartrate,sharing,100.4825,51.7647,24.4544,23.7486,0.0011,0.4695,26.9492,27.3103,1776041093176382269
heartrate,slot_2:heartrate,sharing,100.7014,31.7614,24.2114,23.4762,0.0012,0.4693,7.1886,7.55,1776041093375501934
heartrate,slot_2:heartrate,sharing,101.6254,40.9532,24.2216,23.5204,0.0012,0.4679,16.376,16.7316,1776041094308709684
heartrate,slot_2:heartrate,sharing,102.5839,33.2406,24.4965,23.7693,0.0011,0.4837,8.383,8.744,1776041095259183220
heartrate,slot_2:heartrate,sharing,103.894,57.8701,24.1343,23.4422,0.0012,0.4539,33.3204,33.7359,1776041096594265795
heartrate,slot_2:heartrate,sharing,104.6869,33.0238,24.7311,24.0321,0.0013,0.4663,7.9288,8.2927,1776041097361758498
heartrate,slot_2:heartrate,sharing,104.7869,32.5208,24.8673,24.1538,0.0012,0.4529,7.267,7.6535,1776041097461136583
heartrate,slot_2:heartrate,sharing,104.8012,58.5928,26.3883,24.7389,0.0012,0.8289,31.6889,32.2045,1776041097499837467
heartrate,slot_2:heartrate,sharing,107.346,35.6688,24.724,23.5487,0.0014,0.9091,10.5555,10.9448,1776041100023492837
heartrate,slot_2:heartrate,sharing,107.4018,31.5096,24.5024,23.7752,0.0013,0.4782,6.6276,7.0072,1776041100075329697
heartrate,slot_2:heartrate,sharing,109.3119,32.3861,24.5686,23.8429,0.0012,0.4837,7.4532,7.8174,1776041101986246563
heartrate,slot_2:heartrate,sharing,109.3883,33.3488,25.6599,24.5712,0.0012,0.836,7.2882,7.6889,1776041102062567293
heartrate,slot_2:heartrate,sharing,109.4076,54.6541,25.7465,24.5823,0.0011,0.4623,28.3258,28.9076,1776041102102896595
heartrate,slot_2:heartrate,sharing,110.2936,33.2437,24.3176,23.6208,0.0012,0.4516,8.5387,8.926,1776041102969044132
heartrate,slot_2:heartrate,sharing,112.9134,33.608,25.1826,24.459,0.0012,0.4872,8.0714,8.4253,1776041105588378595
heartrate,slot_2:heartrate,sharing,113.6705,32.3355,24.7576,23.6932,0.0012,0.8035,7.2033,7.5779,1776041106344685799
heartrate,slot_2:heartrate,sharing,115.157,31.3828,24.2289,23.5326,0.0013,0.4689,6.7859,7.1539,1776041107830745214
heartrate,slot_2:heartrate,sharing,115.4857,31.0867,24.2462,23.5234,0.0012,0.4781,6.4647,6.8405,1776041108159083956
heartrate,slot_2:heartrate,sharing,115.5899,33.7553,24.7864,24.0997,0.0011,0.4503,8.5773,8.9689,1776041108265404812
heartrate,slot_2:heartrate,sharing,118.4909,32.0342,24.2512,23.5647,0.0012,0.4527,7.3991,7.7829,1776041111165249836
heartrate,slot_2:heartrate,sharing,120.1312,49.2857,24.283,23.5584,0.0012,0.4599,24.6277,25.0026,1776041112822715774
heartrate,slot_2:heartrate,sharing,120.8714,31.9638,24.3564,23.623,0.0012,0.5014,7.2503,7.6074,1776041113545544570
heartrate,slot_2:heartrate,sharing,123.8523,32.4233,24.2699,23.5338,0.0013,0.4929,7.7562,8.1534,1776041116526987387
heartrate,slot_2:heartrate,sharing,123.8596,64.0295,24.197,23.4793,0.0013,0.4597,39.4197,39.8325,1776041116565956626
heartrate,slot_2:heartrate,sharing,124.3751,32.3603,24.6616,23.5672,0.0013,0.8509,7.3018,7.6987,1776041117049373309
heartrate,slot_2:heartrate,sharing,124.8873,31.661,24.2554,23.5503,0.0012,0.4716,7.0467,7.4056,1776041117561306331
heartrate,slot_2:heartrate,sharing,125.0144,67.431,24.252,23.5658,0.0014,0.4492,42.819,43.179,1776041117724187179
heartrate,slot_2:heartrate,sharing,125.5917,33.0572,24.4255,23.7266,0.0012,0.4646,8.2331,8.6317,1776041118266912174
heartrate,slot_2:heartrate,sharing,127.0791,34.1041,24.4144,23.6744,0.0013,0.49,9.321,9.6897,1776041119755360342
heartrate,slot_2:heartrate,sharing,128.8084,37.7703,24.5054,23.7944,0.0013,0.4725,12.8686,13.2649,1776041121488206287
heartrate,slot_2:heartrate,sharing,129.0365,32.0716,24.7274,24.0367,0.0012,0.4525,6.9537,7.3441,1776041121710427041
heartrate,slot_2:heartrate,sharing,129.7023,31.801,24.3024,23.5926,0.0012,0.4736,7.138,7.4986,1776041122376398577
heartrate,slot_2:heartrate,sharing,130.1625,33.4134,25.0051,24.3042,0.0012,0.4517,8.0471,8.4083,1776041122837462300
heartrate,slot_2:heartrate,sharing,131.2313,32.1691,24.4646,23.7551,0.0012,0.4516,7.3478,7.7045,1776041123905622859
heartrate,slot_2:heartrate,sharing,131.7456,33.74,24.6494,23.9301,0.0012,0.4809,8.7345,9.0906,1776041124421264014
heartrate,slot_2:heartrate,sharing,132.9143,37.9539,24.3108,23.5625,0.0012,0.4919,13.2756,13.643,1776041125594462422
heartrate,slot_2:heartrate,sharing,133.3688,69.8421,24.3549,23.663,0.0013,0.4537,45.1033,45.4872,1776041126080794044
heartrate,slot_2:heartrate,sharing,136.4406,64.3082,25.5634,24.8618,0.0012,0.2288,38.3065,38.7448,1776041129145876166
heartrate,slot_2:heartrate,sharing,136.4419,63.0713,25.5634,24.8618,0.0012,0.2288,37.0226,37.5079,1776041129145876166
heartrate,slot_2:heartrate,sharing,137.5598,31.2622,24.0965,23.4014,0.0012,0.4673,6.8099,7.1656,1776041130233555259
heartrate,slot_2:heartrate,sharing,139.8433,31.7428,24.2488,23.5517,0.0013,0.4698,7.1177,7.494,1776041132517342281
heartrate,slot_2:heartrate,sharing,140.0524,32.6655,24.1037,23.3748,0.0012,0.4799,8.1878,8.5618,1776041132727492258
heartrate,slot_2:heartrate,sharing,141.1402,33.3102,24.5442,23.811,0.0012,0.457,8.3804,8.766,1776041133815500396
heartrate,slot_2:heartrate,sharing,141.7385,42.2637,24.2959,23.6102,0.0011,0.4588,17.6079,17.9679,1776041134423077155
heartrate,slot_2:heartrate,sharing,142.6674,64.7874,26.0963,24.9056,0.0012,0.4579,38.2993,38.6911,1776041135372643462
heartrate,slot_2:heartrate,sharing,143.1644,55.2461,24.4498,23.7537,0.0012,0.4501,30.4058,30.7963,1776041135861690916
heartrate,slot_2:heartrate,sharing,144.2931,32.3877,24.6047,23.8686,0.0012,0.4554,7.4103,7.7831,1776041136967447781
heartrate,slot_2:heartrate,sharing,144.7771,34.7028,24.0519,23.3692,0.0011,0.4483,10.2501,10.6508,1776041137454268480
heartrate,slot_2:heartrate,sharing,144.8689,32.0261,24.2268,23.5306,0.0012,0.4618,7.4217,7.7992,1776041137543252966
heartrate,slot_2:heartrate,sharing,144.942,32.1355,24.6262,23.9219,0.0012,0.4685,7.1561,7.5093,1776041137616108158
heartrate,slot_2:heartrate,sharing,145.1574,32.8772,24.3433,23.6205,0.0012,0.4715,8.1358,8.5339,1776041137832495063
heartrate,slot_2:heartrate,sharing,147.159,32.8336,24.2639,23.5797,0.0011,0.4486,8.1904,8.5697,1776041139834150585
heartrate,slot_2:heartrate,sharing,150.0504,72.8254,26.0575,24.8174,0.0013,0.4542,46.3569,46.7679,1776041142763651760
heartrate,slot_2:heartrate,sharing,151.0091,67.9815,24.5021,23.7706,0.0013,0.4873,43.1139,43.4794,1776041143719129589
heartrate,slot_2:heartrate,sharing,152.8214,31.7662,24.7764,23.6983,0.0013,0.8327,6.6204,6.9898,1776041145494964711
heartrate,slot_2:heartrate,sharing,153.7818,31.8632,24.7543,24.038,0.0014,0.46,6.7203,7.1089,1776041146455500780
heartrate,slot_2:heartrate,sharing,155.1498,40.9007,24.5522,23.874,0.0012,0.4455,15.974,16.3485,1776041147832725186
heartrate,slot_2:heartrate,sharing,155.3833,31.7717,24.4147,23.7049,0.0011,0.4729,6.9802,7.357,1776041148057220924
heartrate,slot_2:heartrate,sharing,155.7396,40.3469,24.3686,23.6701,0.0011,0.4673,15.5971,15.9782,1776041148422099968
heartrate,slot_2:heartrate,sharing,156.6648,32.5639,24.4274,23.6998,0.0012,0.4726,7.7641,8.1365,1776041149339479359
heartrate,slot_2:heartrate,sharing,157.285,32.2804,24.399,23.6797,0.0012,0.4762,7.5152,7.8815,1776041149959436312
heartrate,slot_2:heartrate,sharing,158.1501,32.8567,24.519,23.813,0.0012,0.47,7.9732,8.3377,1776041150825041427
heartrate,slot_2:heartrate,sharing,158.2621,31.7936,24.4532,23.7722,0.0012,0.4502,6.9375,7.3404,1776041150935993674
heartrate,slot_2:heartrate,sharing,162.0349,34.6503,25.0234,23.7005,0.0012,0.727,9.2711,9.627,1776041154711088126
heartrate,slot_2:heartrate,sharing,162.1363,62.0775,26.2788,25.0113,0.0011,0.4708,35.3441,35.7988,1776041154838596605
heartrate,slot_2:heartrate,sharing,162.7172,31.7855,24.5722,23.8442,0.0012,0.4879,6.8533,7.2133,1776041155391023689
heartrate,slot_2:heartrate,sharing,163.6072,32.4497,24.6782,23.9724,0.0012,0.4523,7.3452,7.7715,1776041156281492701
heartrate,slot_2:heartrate,sharing,164.2893,31.6365,24.1518,23.4227,0.0012,0.4988,7.1213,7.4847,1776041156963399978
heartrate,slot_2:heartrate,sharing,164.6264,32.0804,24.3117,23.6093,0.0012,0.4517,7.39,7.7688,1776041157300750723
heartrate,slot_2:heartrate,sharing,164.8694,32.1119,24.5215,23.7911,0.0012,0.4555,7.1933,7.5903,1776041157543505725
heartrate,slot_2:heartrate,sharing,165.487,44.0755,25.9827,24.7949,0.0012,0.4546,17.7183,18.0927,1776041158171613638
heartrate,slot_2:heartrate,sharing,166.2923,32.0001,24.328,23.6064,0.0012,0.4926,7.3137,7.6721,1776041158966597852
heartrate,slot_2:heartrate,sharing,167.0756,32.9807,24.4753,23.7683,0.0013,0.4474,8.0984,8.5053,1776041159750643657
heartrate,slot_2:heartrate,sharing,167.3722,72.026,24.4486,23.7376,0.0012,0.4704,47.2157,47.5774,1776041160086307984
heartrate,slot_2:heartrate,sharing,167.7261,32.5665,24.9874,24.295,0.0012,0.4501,7.1986,7.5792,1776041160400212643
heartrate,slot_2:heartrate,sharing,167.9593,61.4944,24.6184,23.5291,0.0013,0.4711,36.5052,36.8759,1776041160662748806
heartrate,slot_2:heartrate,sharing,168.4769,80.2584,26.6157,25.3955,0.0012,0.47,53.2029,53.6427,1776041161197012155
heartrate,slot_2:heartrate,sharing,168.8622,31.4152,23.9839,23.2835,0.0012,0.4545,7.0388,7.4313,1776041161536184892
heartrate,slot_2:heartrate,sharing,168.9017,32.5921,24.053,23.3456,0.0011,0.4758,8.1611,8.5391,1776041161576812808
heartrate,slot_2:heartrate,sharing,170.525,44.3363,24.2227,23.4948,0.0011,0.4822,19.7377,20.1136,1776041163211637902
heartrate,slot_2:heartrate,sharing,173.2,35.526,24.8628,24.141,0.0016,0.4581,10.3025,10.6632,1776041165877247293
heartrate,slot_2:heartrate,sharing,173.2193,68.2161,25.6259,24.4744,0.0013,0.4396,42.1216,42.5902,1776041165928372840
heartrate,slot_2:heartrate,sharing,173.8006,31.8978,24.199,23.4799,0.0013,0.4572,7.3302,7.6988,1776041166474820010
heartrate,slot_2:heartrate,sharing,176.1383,32.97,24.8132,24.0977,0.0012,0.4775,7.7851,8.1567,1776041168813054074
heartrate,slot_2:heartrate,sharing,176.5069,31.7914,24.368,23.6889,0.0011,0.4498,7.0202,7.4235,1776041169180828872
heartrate,slot_2:heartrate,sharing,176.906,33.4365,24.3229,23.6153,0.0012,0.4579,8.759,9.1137,1776041169581740968
heartrate,slot_2:heartrate,sharing,178.0335,57.7989,24.1042,23.3981,0.0011,0.4738,33.3292,33.6947,1776041170733763608
heartrate,slot_2:heartrate,sharing,182.2176,32.3021,24.4185,23.7375,0.0013,0.4477,7.5123,7.8836,1776041174892002370
heartrate,slot_2:heartrate,sharing,183.526,42.7198,26.3934,25.1254,0.0012,0.4786,15.8787,16.3265,1776041176208775878
heartrate,slot_2:heartrate,sharing,185.2561,34.3587,24.491,23.7801,0.0013,0.4532,9.5069,9.8678,1776041177932590032
heartrate,slot_2:heartrate,sharing,185.5091,31.7914,24.1824,23.4814,0.0013,0.4625,7.242,7.609,1776041178183290737
heartrate,slot_2:heartrate,sharing,186.6164,46.108,24.4172,23.7073,0.0013,0.4535,21.3289,21.6908,1776041179304700423
heartrate,slot_2:heartrate,sharing,188.5139,59.7534,23.9584,23.2828,0.0013,0.4484,35.423,35.795,1776041181216285475
heartrate,slot_2:heartrate,sharing,190.75,32.7039,25.0843,23.9934,0.0012,0.8469,7.2401,7.6195,1776041183424157144
heartrate,slot_2:heartrate,sharing,191.0168,31.9252,24.4642,23.7578,0.0012,0.4618,7.0872,7.461,1776041183690845768
heartrate,slot_2:heartrate,sharing,192.0799,33.8356,25.0493,24.3496,0.0011,0.4542,8.4016,8.7863,1776041184755215632
heartrate,slot_2:heartrate,sharing,192.8704,32.6755,24.2477,23.5472,0.0011,0.4705,8.0676,8.4278,1776041185545437759
heartrate,slot_2:heartrate,sharing,194.6249,31.6823,24.1614,23.4615,0.0012,0.4509,7.1442,7.5208,1776041187298952590
heartrate,slot_2:heartrate,sharing,197.4911,31.4391,24.4299,23.7252,0.0012,0.4512,6.6571,7.0091,1776041190164663168
heartrate,slot_2:heartrate,sharing,199.4279,33.1361,24.6058,23.5332,0.0012,0.4932,8.1701,8.5304,1776041192103031676
heartrate,slot_2:heartrate,sharing,202.3586,31.5347,24.2191,23.5098,0.0012,0.4738,6.9444,7.3156,1776041195032525493
heartrate,slot_2:heartrate,sharing,202.4393,31.4305,24.256,23.5746,0.0012,0.4463,6.7897,7.1745,1776041195113002647
heartrate,slot_2:heartrate,sharing,203.3926,44.2071,24.2599,23.568,0.0011,0.4618,19.5694,19.9472,1776041196079110553
heartrate,slot_2:heartrate,sharing,203.8921,87.7619,24.6441,23.9618,0.0011,0.4489,62.7356,63.1178,1776041196621811119
heartrate,slot_2:heartrate,sharing,205.9311,33.6373,24.8192,24.1309,0.0012,0.4506,8.4136,8.8181,1776041198606408023
heartrate,slot_2:heartrate,sharing,206.306,32.2108,24.773,24.0638,0.0012,0.4767,7.0741,7.4379,1776041198980004006
heartrate,slot_2:heartrate,sharing,206.7864,48.9902,26.2666,25.0351,0.0012,0.4493,22.2993,22.7237,1776041199475626686
heartrate,slot_2:heartrate,sharing,208.5725,31.8666,24.348,23.6221,0.0012,0.4759,7.1518,7.5185,1776041201246572379
heartrate,slot_2:heartrate,sharing,210.8881,33.3717,24.5745,23.8494,0.0012,0.4522,8.4321,8.7972,1776041203563498829
heartrate,slot_2:heartrate,sharing,212.4061,56.6514,24.1398,23.4621,0.0011,0.447,32.1124,32.5115,1776041205105141728
heartrate,slot_2:heartrate,sharing,212.9268,77.8491,26.4963,24.9707,0.0013,0.4453,50.8718,51.3528,1776041205644642520
heartrate,slot_2:heartrate,sharing,213.5401,75.0101,24.4616,23.7562,0.0012,0.4686,50.1866,50.5485,1776041206257270705
heartrate,slot_2:heartrate,sharing,214.4084,92.062,24.2899,23.5793,0.0012,0.4506,67.3847,67.7721,1776041207142748443
heartrate,slot_2:heartrate,sharing,214.4655,76.6914,26.5422,25.285,0.0012,0.4658,49.6953,50.1492,1776041207182177081
heartrate,slot_2:heartrate,sharing,215.1576,65.587,24.6625,23.575,0.0012,0.8405,40.5486,40.9246,1776041207865108543
heartrate,slot_2:heartrate,sharing,215.8678,90.2545,35.044,33.2532,0.0012,0.4812,54.7023,55.2105,1776041208589443103
heartrate,slot_2:heartrate,sharing,219.1969,55.6288,24.3743,23.6647,0.0012,0.4519,30.8959,31.2545,1776041211894709218
heartrate,slot_2:heartrate,sharing,219.7291,65.4483,24.246,23.5447,0.0012,0.4502,40.843,41.2023,1776041212436892957
heartrate,slot_2:heartrate,sharing,219.8217,66.2076,24.5365,23.8565,0.0011,0.4487,41.3139,41.6712,1776041212529943778
heartrate,slot_2:heartrate,sharing,220.5341,32.5212,24.5011,23.7788,0.0012,0.4613,7.6168,8.0202,1776041213208651859
heartrate,slot_2:heartrate,sharing,221.3035,59.7992,25.8472,24.6215,0.0012,0.4461,33.5431,33.952,1776041214003982467
heartrate,slot_2:heartrate,sharing,221.5133,69.958,25.3847,23.9571,0.0012,0.7712,44.2278,44.5733,1776041214224427463
heartrate,slot_2:heartrate,sharing,222.9524,33.3347,24.378,23.6862,0.0012,0.4529,8.5576,8.9568,1776041215627855488
heartrate,slot_2:heartrate,sharing,224.8636,32.0458,24.3434,23.6533,0.0011,0.4523,7.3147,7.7025,1776041217537873623
heartrate,slot_2:heartrate,sharing,225.2811,32.4521,24.4249,23.6997,0.0012,0.4577,7.6466,8.0272,1776041217955687885
heartrate,slot_2:heartrate,sharing,225.6645,31.3647,24.16,23.4772,0.0011,0.4527,6.8142,7.2047,1776041218338281225
heartrate,slot_2:heartrate,sharing,225.9667,31.6954,24.2798,23.5719,0.0011,0.4732,7.0372,7.4156,1776041218640623140
heartrate,slot_2:heartrate,sharing,226.198,32.9962,24.4573,23.757,0.0012,0.4661,8.1897,8.5389,1776041218873159499
heartrate,slot_2:heartrate,sharing,226.4175,60.5295,24.1108,23.403,0.0011,0.4725,36.0692,36.4187,1776041219120545827
heartrate,slot_2:heartrate,sharing,228.8889,33.3219,24.2221,23.5122,0.0012,0.4766,8.738,9.0998,1776041221564596477
heartrate,slot_2:heartrate,sharing,230.0753,45.1074,24.769,23.7117,0.0012,0.4778,19.9614,20.3384,1776041222762209036
heartrate,slot_2:heartrate,sharing,230.7505,36.9847,24.6358,23.9229,0.0013,0.4552,11.9796,12.3489,1776041223429377827
heartrate,slot_2:heartrate,sharing,230.985,32.4125,24.243,23.5258,0.018,0.4589,7.7851,8.1695,1776041223659743681
heartrate,slot_2:heartrate,sharing,231.4973,33.478,24.7157,23.6643,0.0015,0.7691,8.4064,8.7623,1776041224172608588
heartrate,slot_2:heartrate,sharing,231.6348,63.2288,24.1049,23.3984,0.0011,0.4712,38.7733,39.1239,1776041224340535943
heartrate,slot_2:heartrate,sharing,231.7985,34.5864,24.2106,23.4867,0.0011,0.4893,10.0081,10.3759,1776041224475401334
heartrate,slot_2:heartrate,sharing,235.6134,32.7582,24.3671,23.6502,0.0012,0.478,8.0307,8.3911,1776041228288382292
heartrate,slot_2:heartrate,sharing,236.5729,60.9791,26.1617,24.883,0.0011,0.4752,34.4086,34.8174,1776041229274264857
heartrate,slot_2:heartrate,sharing,236.8554,35.2657,24.575,23.8853,0.0011,0.455,10.3116,10.6906,1776041229532659146
heartrate,slot_2:heartrate,sharing,237.4634,32.8057,24.3359,23.6161,0.0012,0.488,8.0519,8.4698,1776041230138348410
heartrate,slot_2:heartrate,sharing,238.029,32.2564,24.2918,23.5712,0.0012,0.4777,7.5793,7.9646,1776041230703525395
heartrate,slot_2:heartrate,sharing,238.9891,33.5286,24.5765,23.8932,0.0012,0.4504,8.5609,8.9521,1776041231664630069
heartrate,slot_2:heartrate,sharing,240.479,33.1674,24.2086,23.5052,0.0011,0.468,8.5902,8.9588,1776041233154542879
heartrate,slot_2:heartrate,sharing,240.6737,32.7811,24.3287,23.6227,0.0012,0.4555,8.0953,8.4525,1776041233348727172
heartrate,slot_2:heartrate,sharing,241.9664,27.5261,24.4793,23.8046,0.0012,0.4493,2.6591,3.0468,1776041234636015193
heartrate,slot_2:heartrate,sharing,242.6851,48.9533,24.2258,23.5013,0.0013,0.4735,24.3695,24.7275,1776041235376448404
heartrate,slot_2:heartrate,sharing,242.8913,32.7082,24.6159,23.8982,0.0011,0.4748,7.7155,8.0923,1776041235565961144
heartrate,slot_2:heartrate,sharing,244.4071,34.9267,24.3343,23.6216,0.0013,0.4709,10.2215,10.5923,1776041237084211180
heartrate,slot_2:heartrate,sharing,245.2653,32.2001,24.2014,23.4625,0.0013,0.4632,7.6354,7.9987,1776041237939841815
heartrate,slot_2:heartrate,sharing,247.326,47.9546,24.3496,23.6297,0.0012,0.4806,23.2561,23.605,1776041240016217522
heartrate,slot_2:heartrate,sharing,248.9101,58.7168,24.1716,23.4694,0.0012,0.4644,34.1659,34.5452,1776041241611171538
heartrate,slot_2:heartrate,sharing,249.0779,37.5767,24.5089,23.8026,0.0012,0.4532,12.6898,13.0678,1776041241757570568
heartrate,slot_2:heartrate,sharing,250.1033,50.9703,24.2457,23.5358,0.0012,0.474,26.3505,26.7247,1776041242796613205
heartrate,slot_2:heartrate,sharing,250.8671,33.087,25.0878,23.9307,0.0012,0.9188,7.6382,7.9992,1776041243541646214
heartrate,slot_2:heartrate,sharing,250.8774,69.0711,24.4341,23.6838,0.0011,0.49,44.2395,44.6369,1776041243588541436
heartrate,slot_2:heartrate,sharing,253.051,72.0117,24.3873,23.6818,0.0012,0.4698,47.2653,47.6244,1776041245765217117
heartrate,slot_2:heartrate,sharing,253.2112,33.5639,24.7561,23.7432,0.0015,0.6654,8.4481,8.8077,1776041245886549209
heartrate,slot_2:heartrate,sharing,254.793,33.2987,24.5929,23.8783,0.0012,0.4759,8.3437,8.7058,1776041247468264147
heartrate,slot_2:heartrate,sharing,255.2152,34.1427,24.2222,23.5249,0.0012,0.469,9.5606,9.9206,1776041247891668865
heartrate,slot_2:heartrate,sharing,255.4157,43.4222,24.5853,23.8809,0.0011,0.4667,18.4908,18.837,1776041248101131110
heartrate,slot_2:heartrate,sharing,255.5738,46.7308,26.7304,25.075,0.0011,0.8162,19.5775,20.0004,1776041248260313899
heartrate,slot_2:heartrate,sharing,255.9074,76.9238,24.2474,23.5393,0.0011,0.4719,52.3012,52.6765,1776041248626649627
heartrate,slot_2:heartrate,sharing,256.8108,33.3042,24.3234,23.6107,0.0012,0.4746,8.6341,8.9808,1776041249486382001
heartrate,slot_2:heartrate,sharing,258.4131,32.4476,24.5079,23.7969,0.0011,0.4559,7.5765,7.9396,1776041251087601919
heartrate,slot_2:heartrate,sharing,259.589,79.8926,24.7852,24.0852,0.0012,0.4593,54.7082,55.1075,1776041252310687054
heartrate,slot_2:heartrate,sharing,259.7093,44.6022,27.4018,26.2107,0.0012,0.478,16.7844,17.2004,1776041252393038025
heartrate,slot_2:heartrate,sharing,263.7095,77.5959,36.0073,34.2505,0.0013,0.4571,41.1379,41.5887,1776041256417549325
heartrate,slot_2:heartrate,sharing,263.7517,80.7133,24.4357,23.7366,0.0011,0.4509,55.9185,56.2776,1776041256474561413
heartrate,slot_2:heartrate,sharing,264.0833,68.7723,24.2389,23.5371,0.0012,0.4686,44.1685,44.5334,1776041256794401019
heartrate,slot_2:heartrate,sharing,264.7234,33.4032,24.3907,23.6958,0.0012,0.46,8.6226,9.0125,1776041257398981611
heartrate,slot_2:heartrate,sharing,265.0456,33.5913,24.406,23.683,0.0012,0.4849,8.8174,9.1853,1776041257721372450
heartrate,slot_2:heartrate,sharing,265.7066,33.0298,24.3943,23.7152,0.0011,0.447,8.2626,8.6355,1776041258381806346
heartrate,slot_2:heartrate,sharing,266.1395,32.7971,24.4612,23.73,0.0012,0.4761,7.9563,8.3359,1776041258814395268
heartrate,slot_2:heartrate,sharing,267.8544,32.2776,24.6433,23.9614,0.0011,0.4459,7.2389,7.6343,1776041260528595723
heartrate,slot_2:heartrate,sharing,268.2897,37.7648,24.446,23.7443,0.0011,0.4492,12.9495,13.3188,1776041260969563109
heartrate,slot_2:heartrate,sharing,268.9898,41.167,24.5023,23.8024,0.0011,0.4661,16.3064,16.6647,1776041261673077528
heartrate,slot_2:heartrate,sharing,269.6875,48.3251,24.2549,23.5724,0.0012,0.4499,23.6821,24.0701,1776041262378156188
heartrate,slot_2:heartrate,sharing,270.2819,32.3262,24.7126,23.9963,0.0012,0.4716,7.2792,7.6136,1776041262956160922
heartrate,slot_2:heartrate,sharing,270.3092,42.9106,24.1193,23.422,0.0011,0.4647,18.4221,18.7912,1776041262994590370
heartrate,slot_2:heartrate,sharing,271.0526,32.4764,24.2855,23.569,0.0012,0.4852,7.8192,8.1909,1776041263727386371
heartrate,slot_2:heartrate,sharing,273.1713,80.0855,24.2748,23.575,0.0013,0.4678,55.4314,55.8107,1776041265893682035
heartrate,slot_2:heartrate,sharing,274.8234,37.2441,24.4284,23.7246,0.0012,0.4657,12.4333,12.8157,1776041267502749173
heartrate,slot_2:heartrate,sharing,275.3403,66.632,24.4098,23.7113,0.0012,0.454,41.8298,42.2222,1776041268049063500
heartrate,slot_2:heartrate,sharing,277.0093,63.2963,24.4982,23.7621,0.0014,0.4597,38.4419,38.7981,1776041269714639890
heartrate,slot_2:heartrate,sharing,277.4198,33.0639,24.246,23.5436,0.0012,0.4647,8.4255,8.8179,1776041270095144314
heartrate,slot_2:heartrate,sharing,278.5666,50.9274,24.8005,24.1085,0.0013,0.4524,25.775,26.1269,1776041271259350380
heartrate,slot_2:heartrate,sharing,278.9262,31.8496,24.4308,23.729,0.0012,0.4673,7.0305,7.4188,1776041271600147418
heartrate,slot_2:heartrate,sharing,279.0652,32.0849,24.4631,23.743,0.0012,0.4765,7.241,7.6218,1776041271739366861
heartrate,slot_2:heartrate,sharing,279.5778,45.1801,24.2692,23.5626,0.0012,0.4708,20.5567,20.9108,1776041272265265595
heartrate,slot_2:heartrate,sharing,282.1722,54.7223,24.21,23.5249,0.0012,0.4485,30.1402,30.5123,1776041274869226800
heartrate,slot_2:heartrate,sharing,282.8717,35.229,24.364,23.6404,0.0015,0.4775,10.5138,10.865,1776041275549192763
heartrate,slot_2:heartrate,sharing,283.0732,32.9075,24.3232,23.6235,0.0012,0.4669,8.2169,8.5843,1776041275748307115
heartrate,slot_2:heartrate,sharing,283.6857,68.2271,35.0003,33.7139,0.0012,0.2367,32.7747,33.2268,1776041276385436411
heartrate,slot_2:heartrate,sharing,283.6983,55.7847,35.0003,33.7139,0.0012,0.2367,20.1738,20.7844,1776041276385436411
heartrate,slot_2:heartrate,sharing,283.9518,41.9531,24.2446,23.5584,0.0011,0.4497,17.3213,17.7085,1776041276636017713
heartrate,slot_2:heartrate,sharing,284.5041,32.4149,24.5026,23.7905,0.0012,0.4523,7.5295,7.9123,1776041277178552358
heartrate,slot_2:heartrate,sharing,284.783,33.1948,24.486,23.6472,0.0011,0.5953,8.1804,8.7087,1776041277458130824
heartrate,slot_2:heartrate,sharing,285.2307,33.8748,24.5547,23.8466,0.0011,0.4511,8.9197,9.32,1776041277906573290
heartrate,slot_2:heartrate,sharing,286.6303,33.618,25.0665,23.9718,0.0013,0.4633,8.1656,8.5515,1776041279305376393
heartrate,slot_2:heartrate,sharing,287.5101,52.8812,26.4631,25.2178,0.0012,0.4715,25.9964,26.4181,1776041280203040604
heartrate,slot_2:heartrate,sharing,287.7056,32.8758,24.3633,23.6527,0.0013,0.4494,8.158,8.5125,1776041280380686549
heartrate,slot_2:heartrate,sharing,288.3933,48.4786,25.7855,25.0976,0.0011,0.4474,22.3145,22.6931,1776041281082575397
heartrate,slot_2:heartrate,sharing,289.2554,33.6623,24.6414,23.8565,0.0017,0.5277,8.6551,9.0209,1776041281931000090
heartrate,slot_2:heartrate,sharing,291.2199,48.5888,24.94,24.2181,0.0012,0.4568,23.2308,23.6487,1776041283910073939
heartrate,slot_2:heartrate,sharing,292.0984,33.1633,24.6983,23.985,0.0012,0.4553,8.0612,8.465,1776041284773373017
heartrate,slot_2:heartrate,sharing,293.2677,39.1765,24.3423,23.6655,0.0013,0.4445,14.4606,14.8342,1776041285949097238
heartrate,slot_2:heartrate,sharing,294.2444,34.2066,24.4873,23.7637,0.0012,0.4626,9.3353,9.7193,1776041286920636673
heartrate,slot_2:heartrate,sharing,294.7726,32.5642,24.1698,23.429,0.0011,0.4798,8.0318,8.3944,1776041287447553227
heartrate,slot_2:heartrate,sharing,296.0365,31.3609,24.1793,23.4883,0.0012,0.4548,6.7761,7.1816,1776041288710247776
heartrate,slot_2:heartrate,sharing,296.2517,32.1445,24.9191,24.215,0.0011,0.4654,6.8521,7.2255,1776041288925529062
heartrate,slot_2:heartrate,sharing,297.1889,31.8632,24.2045,23.5117,0.0012,0.4673,7.288,7.6588,1776041289863093515
heartrate,slot_2:heartrate,sharing,299.426,34.2295,24.5196,23.7886,0.0013,0.4838,9.3436,9.7099,1776041292102308203
heartrate,slot_2:heartrate,sharing,299.9063,69.02,24.4432,23.6835,0.0012,0.5298,44.2214,44.5768,1776041292617445697
heartrate,slot_2:heartrate,sharing,300.5359,78.1209,24.0297,23.3227,0.0011,0.4639,53.7102,54.0912,1776041293256499737
heartrate,slot_2:heartrate,sharing,301.3368,32.315,24.4882,23.7599,0.0011,0.4849,7.4742,7.8269,1776041294011176973
heartrate,slot_2:heartrate,sharing,301.7806,33.4542,24.3536,23.6462,0.0012,0.469,8.7206,9.1005,1776041294456218729
heartrate,slot_2:heartrate,sharing,302.1595,54.3084,26.0924,24.8322,0.0012,0.474,27.7762,28.2161,1776041294854253253
heartrate,slot_2:heartrate,sharing,302.4603,33.8106,24.7519,24.0459,0.0011,0.4668,8.7256,9.0587,1776041295135990888
heartrate,slot_2:heartrate,sharing,303.2743,33.4716,24.4416,23.7479,0.0013,0.4524,8.6515,9.03,1776041295949843266
heartrate,slot_2:heartrate,sharing,303.733,34.0307,24.3959,23.6791,0.0012,0.4767,9.2731,9.6347,1776041296409248753
heartrate,slot_2:heartrate,sharing,303.7413,72.9303,24.2126,23.5036,0.001,0.4746,48.3513,48.7177,1776041296456614906
heartrate,slot_2:heartrate,sharing,305.6162,41.3954,24.293,23.5647,0.0012,0.4654,16.7272,17.1024,1776041298299871250
heartrate,slot_2:heartrate,sharing,306.6141,32.1207,24.5279,23.8119,0.0012,0.4771,7.2329,7.5928,1776041299288307841
heartrate,slot_2:heartrate,sharing,307.316,33.519,24.357,23.6301,0.0012,0.4714,8.7948,9.162,1776041299991761684
heartrate,slot_2:heartrate,sharing,308.6809,32.3627,24.334,23.5874,0.0012,0.4818,7.6704,8.0287,1776041301355479161
heartrate,slot_2:heartrate,sharing,309.9713,34.754,24.2137,23.5136,0.0012,0.4698,10.1547,10.5404,1776041302648368646
heartrate,slot_2:heartrate,sharing,311.117,34.0643,24.8131,24.0903,0.0012,0.4856,8.8892,9.2512,1776041303792825701
heartrate,slot_2:heartrate,sharing,311.5634,43.0984,24.3173,23.6137,0.0012,0.4515,18.4226,18.7812,1776041304248731462
heartrate,slot_2:heartrate,sharing,311.6096,44.8549,24.4106,23.6981,0.0183,0.4581,20.0858,20.4443,1776041304296576866
heartrate,slot_2:heartrate,sharing,312.4595,77.2533,24.505,23.806,0.0012,0.463,52.3698,52.7484,1776041305178758922
heartrate,slot_2:heartrate,sharing,312.5155,66.8812,24.2174,23.5106,0.0012,0.4738,42.2938,42.6638,1776041305224708899
heartrate,slot_2:heartrate,sharing,312.8797,32.8391,24.1157,23.4082,0.0012,0.4572,8.343,8.7233,1776041305554985560
heartrate,slot_2:heartrate,sharing,313.3281,32.3114,24.4742,23.7437,0.0011,0.4719,7.4601,7.8372,1776041306002473606
heartrate,slot_2:heartrate,sharing,314.5114,32.8839,24.6146,23.882,0.0012,0.4977,7.9014,8.2693,1776041307186285777
heartrate,slot_2:heartrate,sharing,314.6802,32.6364,24.2655,23.5624,0.0012,0.4583,7.9904,8.3709,1776041307355147455
heartrate,slot_2:heartrate,sharing,315.6081,32.0449,24.3158,23.6096,0.0011,0.4725,7.35,7.7291,1776041308282349141
heartrate,slot_2:heartrate,sharing,315.7623,32.8856,24.9267,24.2256,0.0011,0.4698,7.5948,7.9588,1776041308436808940
heartrate,slot_2:heartrate,sharing,316.0167,34.487,24.6106,23.9071,0.0012,0.4709,9.4969,9.8764,1776041308693099956
heartrate,slot_2:heartrate,sharing,316.093,52.2919,27.4916,26.2205,0.0012,0.4675,24.4052,24.8003,1776041308784321107
heartrate,slot_2:heartrate,sharing,316.4514,32.2208,24.3324,23.6423,0.0012,0.4525,7.5107,7.8884,1776041309125859777
heartrate,slot_2:heartrate,sharing,317.6271,33.0434,24.8178,23.7326,0.0012,0.8456,7.8728,8.2256,1776041310301925088
heartrate,slot_2:heartrate,sharing,318.3376,32.1703,24.2699,23.5724,0.0013,0.4529,7.5395,7.9004,1776041311012101160
heartrate,slot_2:heartrate,sharing,319.2936,25.9104,24.9786,24.2817,0.0012,0.4533,0.5701,0.9318,1776041311961076841
heartrate,slot_2:heartrate,sharing,321.6739,33.6454,24.8792,24.1726,0.0012,0.4553,8.4016,8.7662,1776041314349233566
heartrate,slot_2:heartrate,sharing,323.4023,36.8247,24.4551,23.7466,0.0012,0.4732,12.0087,12.3696,1776041316081257187
heartrate,slot_2:heartrate,sharing,325.514,33.6468,24.1716,23.4642,0.0012,0.4709,9.089,9.4752,1776041318190049030
heartrate,slot_2:heartrate,sharing,326.1044,32.4485,24.2221,23.522,0.0012,0.4616,7.8506,8.2265,1776041318779214376
heartrate,slot_2:heartrate,sharing,326.2629,33.0226,24.2588,23.569,0.0012,0.4482,8.3888,8.7639,1776041318938196757
heartrate,slot_2:heartrate,sharing,327.0526,71.1057,26.008,24.7517,0.0011,0.4721,44.6877,45.0977,1776041319764271320
heartrate,slot_2:heartrate,sharing,328.1486,69.1123,24.6415,23.9588,0.0012,0.4481,44.0822,44.4708,1776041320859654850
heartrate,slot_2:heartrate,sharing,330.2977,33.6845,24.3187,23.5884,0.0012,0.4889,9.0086,9.3658,1776041322973650013
heartrate,slot_2:heartrate,sharing,331.4672,53.7624,24.2244,23.5183,0.0012,0.4671,29.1564,29.538,1776041324163256617
heartrate,slot_2:heartrate,sharing,332.0245,32.0227,24.1219,23.421,0.0013,0.4518,7.5314,7.9008,1776041324698994828
heartrate,slot_2:heartrate,sharing,332.1399,42.238,24.4337,23.7168,0.0012,0.4823,17.4539,17.8042,1776041324824336533
heartrate,slot_2:heartrate,sharing,332.2203,50.2264,24.397,23.6915,0.0012,0.4528,25.4655,25.8295,1776041324912685284
heartrate,slot_2:heartrate,sharing,333.0953,34.2667,24.3643,23.6555,0.0012,0.4518,9.5398,9.9024,1776041325771739365
heartrate,slot_2:heartrate,sharing,333.8152,33.2007,24.4498,23.7383,0.0011,0.4515,8.3919,8.751,1776041326490538417
heartrate,slot_2:heartrate,sharing,333.9736,33.0131,24.5969,23.8992,0.0012,0.4515,8.0256,8.4162,1776041326648564451
heartrate,slot_2:heartrate,sharing,334.4261,34.7133,24.5337,23.805,0.0012,0.4697,9.7923,10.1796,1776041327102798074
heartrate,slot_2:heartrate,sharing,334.6538,34.5669,24.2733,23.5626,0.0011,0.4779,9.9063,10.2936,1776041327330638773
heartrate,slot_2:heartrate,sharing,335.1979,33.9208,24.5804,23.8972,0.0012,0.4499,8.9221,9.3404,1776041327873739255
heartrate,slot_2:heartrate,sharing,337.8507,81.9485,24.0707,23.3885,0.0013,0.4479,57.4911,57.8778,1776041330575110573
heartrate,slot_2:heartrate,sharing,341.1968,33.8688,24.9475,24.1962,0.0013,0.4708,8.5354,8.9213,1776041333872223988
heartrate,slot_2:heartrate,sharing,342.0838,62.3524,24.683,23.6089,0.0012,0.4846,37.2989,37.6694,1776041334788026663
heartrate,slot_2:heartrate,sharing,342.2073,33.2036,24.4902,23.6291,0.0014,0.6113,8.1995,8.7134,1776041334882392236
heartrate,slot_2:heartrate,sharing,345.4346,34.0722,24.4169,23.7362,0.0013,0.4467,9.2714,9.6552,1776041338110778922
heartrate,slot_2:heartrate,sharing,346.5282,33.6106,24.3908,23.6996,0.0016,0.4517,8.8472,9.2197,1776041339203974140
heartrate,slot_2:heartrate,sharing,346.671,35.0192,24.6853,23.9668,0.0012,0.4842,9.9752,10.3338,1776041339347871190
heartrate,slot_2:heartrate,sharing,349.1676,35.8739,24.4289,23.7174,0.0012,0.4514,11.081,11.445,1776041341845629163
heartrate,slot_2:heartrate,sharing,351.2909,44.2233,24.3183,23.5991,0.0012,0.4795,19.5465,19.905,1776041343977348195
heartrate,slot_2:heartrate,sharing,353.4604,32.0199,24.5843,23.8503,0.0012,0.4729,7.0667,7.4355,1776041346134415705
heartrate,slot_2:heartrate,sharing,354.5428,33.5534,24.2019,23.5007,0.0011,0.4697,8.9884,9.3514,1776041347218697932
heartrate,slot_2:heartrate,sharing,354.6855,32.7473,24.9677,24.1858,0.0014,0.4875,7.4134,7.7796,1776041347359835594
heartrate,slot_2:heartrate,sharing,357.2504,33.0787,24.3677,23.615,0.0013,0.5021,8.3549,8.7109,1776041349925702686
heartrate,slot_2:heartrate,sharing,359.2399,66.7176,26.0134,24.7466,0.0012,0.4725,40.2768,40.7043,1776041351947096274
heartrate,slot_2:heartrate,sharing,359.9962,32.11,24.4064,23.6853,0.0012,0.4698,7.3283,7.7036,1776041352670462364
heartrate,slot_2:heartrate,sharing,360.1791,33.7832,24.7504,24.0392,0.0015,0.4745,8.6756,9.0328,1776041352854714305
heartrate,slot_2:heartrate,sharing,360.7829,72.8874,24.2496,23.5684,0.0011,0.4453,48.2605,48.6378,1776041353498065073
heartrate,slot_2:heartrate,sharing,360.8969,54.2822,24.7698,24.0729,0.0012,0.4673,29.1572,29.5124,1776041353592966116
heartrate,slot_2:heartrate,sharing,362.5981,40.426,24.4284,23.727,0.0013,0.4498,15.6417,15.9976,1776041355280688624
heartrate,slot_2:heartrate,sharing,363.5217,34.8597,24.703,23.9734,0.0015,0.4659,9.795,10.1567,1776041356198416017
heartrate,slot_2:heartrate,sharing,364.2367,33.5979,24.4371,23.7021,0.0012,0.4786,8.7926,9.1609,1776041356912464660
heartrate,slot_2:heartrate,sharing,365.2211,66.4549,27.0156,25.3485,0.0013,0.4657,39.0127,39.4393,1776041357927027346
heartrate,slot_2:heartrate,sharing,366.9374,36.7632,24.3466,23.6362,0.0011,0.475,12.0382,12.4166,1776041359616418176
heartrate,slot_2:heartrate,sharing,370.1769,32.9216,24.3236,23.6373,0.0011,0.4519,8.1849,8.598,1776041362851985483
heartrate,slot_2:heartrate,sharing,371.9656,32.8774,24.6884,23.9753,0.0011,0.4527,7.8273,8.189,1776041364640384246
heartrate,slot_2:heartrate,sharing,373.0812,77.5952,35.7854,34.0442,0.0012,0.4598,41.1873,41.8098,1776041365789361977
heartrate,slot_2:heartrate,sharing,373.1952,68.2075,24.2798,23.5694,0.0012,0.4588,43.5636,43.9277,1776041365905713730
heartrate,slot_2:heartrate,sharing,374.4896,33.4496,24.1499,23.428,0.0012,0.4717,8.92,9.2998,1776041367165488768
heartrate,slot_2:heartrate,sharing,376.9322,32.4419,24.4278,23.7286,0.0013,0.4625,7.6146,8.014,1776041369606759930
heartrate,slot_2:heartrate,sharing,378.9035,59.1829,24.236,23.5052,0.0013,0.4578,34.5762,34.9469,1776041371605043514
heartrate,slot_2:heartrate,sharing,379.4289,25.4323,24.4853,23.7868,0.0012,0.4709,0.5846,0.9471,1776041372096374435
heartrate,slot_2:heartrate,sharing,380.3149,33.1082,24.1868,23.4885,0.0012,0.467,8.5385,8.9214,1776041372990351422
heartrate,slot_2:heartrate,sharing,381.7323,32.5053,24.223,23.5362,0.0011,0.458,7.9191,8.2823,1776041374407148894
heartrate,slot_2:heartrate,sharing,382.0662,32.491,24.223,23.5394,0.0011,0.4471,7.8938,8.2679,1776041374741020305
heartrate,slot_2:heartrate,sharing,382.9586,33.7141,24.4539,23.7453,0.0011,0.4735,8.8918,9.2601,1776041375634430013
heartrate,slot_2:heartrate,sharing,383.0926,65.2676,25.5562,24.8791,0.0011,0.2201,39.2809,39.7113,1776041375798831240
heartrate,slot_2:heartrate,sharing,383.1029,55.0373,25.5562,24.8791,0.0011,0.2201,29.0027,29.481,1776041375798831240
heartrate,slot_2:heartrate,sharing,383.8267,59.1152,24.514,23.8391,0.0011,0.4483,34.1983,34.6012,1776041376527822208
heartrate,slot_2:heartrate,sharing,383.9442,33.2325,23.9718,23.2742,0.0012,0.4527,8.8735,9.2607,1776041376620017962
heartrate,slot_2:heartrate,sharing,384.49,33.849,24.5282,23.833,0.0012,0.4511,8.9488,9.3208,1776041377165881302
heartrate,slot_2:heartrate,sharing,384.785,47.267,24.2832,23.571,0.0011,0.4732,22.6338,22.9838,1776041377474524521
heartrate,slot_2:heartrate,sharing,385.0757,32.2499,24.4573,23.7544,0.0011,0.4618,7.4325,7.7927,1776041377750072543
heartrate,slot_2:heartrate,sharing,385.4493,33.0443,24.1495,23.4407,0.0012,0.471,8.5239,8.8949,1776041378124773651
heartrate,slot_2:heartrate,sharing,387.1675,31.9984,24.4359,23.7239,0.0013,0.4534,7.1778,7.5625,1776041379841610136
heartrate,slot_2:heartrate,sharing,387.2326,32.6476,24.6271,23.8874,0.0013,0.4824,7.6475,8.0205,1776041379907189604
heartrate,slot_2:heartrate,sharing,390.2401,32.3138,24.4668,23.7464,0.0012,0.4585,7.4759,7.847,1776041382914530131
heartrate,slot_2:heartrate,sharing,390.2835,37.5192,24.9823,23.8946,0.0013,0.8503,12.1696,12.5369,1776041382962630321
heartrate,slot_2:heartrate,sharing,391.2725,63.2193,24.3648,23.674,0.0011,0.4541,38.4827,38.8545,1776041383977943373
heartrate,slot_2:heartrate,sharing,392.0291,33.041,25.05,24.3317,0.0012,0.484,7.622,7.991,1776041384703642062
heartrate,slot_2:heartrate,sharing,392.0812,33.5131,24.2619,23.5842,0.0012,0.4456,8.8816,9.2511,1776041384757037721
heartrate,slot_2:heartrate,sharing,392.4302,33.0474,24.8332,24.1111,0.0012,0.4878,7.8716,8.2142,1776041385105042495
heartrate,slot_2:heartrate,sharing,392.5811,78.2895,24.9854,23.9105,0.0012,0.8338,52.9332,53.3042,1776041385300927168
heartrate,slot_2:heartrate,sharing,395.6073,32.8605,24.495,23.7736,0.0012,0.4736,7.9992,8.3655,1776041388282234652
heartrate,slot_2:heartrate,sharing,395.6563,34.7576,24.5639,23.8465,0.0012,0.4737,9.8283,10.1937,1776041388333018518
heartrate,slot_2:heartrate,sharing,395.9398,35.8126,24.5087,23.775,0.0012,0.4575,10.9191,11.3039,1776041388617637577
heartrate,slot_2:heartrate,sharing,396.8322,31.9765,24.2442,23.5323,0.0012,0.4645,7.3552,7.7323,1776041389506465171
heartrate,slot_2:heartrate,sharing,396.9608,33.3157,24.3023,23.5888,0.0012,0.4837,8.6312,9.0133,1776041389636350146
heartrate,slot_2:heartrate,sharing,400.6404,38.0721,24.4317,23.7234,0.0013,0.4713,13.2618,13.6404,1776041393320547250
heartrate,slot_2:heartrate,sharing,401.8916,58.6731,24.3057,23.5676,0.0012,0.4832,34.0044,34.3675,1776041394592498002
heartrate,slot_2:heartrate,sharing,402.0358,32.5251,24.5936,23.8866,0.0012,0.4728,7.5457,7.9314,1776041394710242733
heartrate,slot_2:heartrate,sharing,402.5762,62.2523,24.3911,23.6718,0.0012,0.4852,37.4832,37.8612,1776041395280575646
heartrate,slot_2:heartrate,sharing,405.1506,43.1528,24.077,23.3953,0.0012,0.4482,18.6954,19.0759,1776041397836183351
heartrate,slot_2:heartrate,sharing,405.3978,32.4616,24.2958,23.5918,0.0013,0.4743,7.7829,8.1658,1776041398072531357
heartrate,slot_2:heartrate,sharing,405.8744,32.927,24.6933,23.9931,0.0011,0.472,7.8719,8.2338,1776041398549203118
heartrate,slot_2:heartrate,sharing,406.4345,32.9633,24.9801,24.2313,0.0013,0.4694,7.6222,7.9831,1776041399109017556
heartrate,slot_2:heartrate,sharing,406.4618,45.1078,24.6551,23.5629,0.0013,0.4627,20.0458,20.4527,1776041399148766077
heartrate,slot_2:heartrate,sharing,407.9271,32.3951,24.092,23.3743,0.0012,0.4552,7.9188,8.3031,1776041400601976394
heartrate,slot_2:heartrate,sharing,410.5748,32.4759,24.659,23.9351,0.0012,0.4868,7.468,7.817,1776041403249221737
heartrate,slot_2:heartrate,sharing,410.7965,47.1733,24.5813,23.4987,0.0012,0.4589,22.2201,22.5919,1776041403485616863
heartrate,slot_2:heartrate,sharing,410.9705,58.821,24.5093,23.7796,0.0012,0.4889,33.911,34.3117,1776041403671340390
heartrate,slot_2:heartrate,sharing,411.7172,34.0776,24.8369,24.1322,0.0011,0.4726,8.884,9.2407,1776041404393050990
heartrate,slot_2:heartrate,sharing,412.3046,77.3785,24.434,23.7522,0.0012,0.4472,52.5453,52.9445,1776041405024048647
heartrate,slot_2:heartrate,sharing,413.1127,34.0881,24.4376,23.7368,0.0012,0.4643,9.2854,9.6506,1776041405788919369
heartrate,slot_2:heartrate,sharing,413.6553,33.8497,24.4032,23.6905,0.0011,0.4819,9.0582,9.4465,1776041406331302651
heartrate,slot_2:heartrate,sharing,414.1558,33.7017,24.3714,23.6618,0.0012,0.4531,8.9746,9.3302,1776041406831747343
heartrate,slot_2:heartrate,sharing,414.4085,38.7464,24.2856,23.5765,0.0012,0.4764,14.0853,14.4607,1776041407089561039
heartrate,slot_2:heartrate,sharing,414.5309,34.1799,24.3952,23.6802,0.0011,0.4836,9.4209,9.7847,1776041407207231271
heartrate,slot_2:heartrate,sharing,414.5601,45.186,24.0946,23.3909,0.0012,0.4701,20.7212,21.0914,1776041407247804377
heartrate,slot_2:heartrate,sharing,415.7287,33.5321,24.3619,23.6436,0.0012,0.484,8.8093,9.1702,1776041408404401633
heartrate,slot_2:heartrate,sharing,418.8513,70.7443,24.1661,23.4432,0.0012,0.4729,46.2093,46.5782,1776041411564444107
heartrate,slot_2:heartrate,sharing,419.4239,32.6068,24.875,23.7993,0.0012,0.8401,7.3473,7.7318,1776041412098152556
heartrate,slot_2:heartrate,sharing,420.5801,75.4223,24.5556,23.8501,0.0017,0.4547,50.5075,50.8667,1776041413297545973
heartrate,slot_2:heartrate,sharing,421.9408,33.5131,24.7577,23.6794,0.0013,0.481,8.3854,8.7554,1776041414616124898
heartrate,slot_2:heartrate,sharing,422.1325,25.425,24.4685,23.7702,0.0011,0.467,0.6011,0.9565,1776041414800063695
heartrate,slot_2:heartrate,sharing,422.9794,33.3624,24.5812,23.8823,0.0012,0.464,8.4052,8.7811,1776041415654705784
heartrate,slot_2:heartrate,sharing,423.3142,32.4016,24.3819,23.6733,0.0011,0.4588,7.6382,8.0197,1776041415988735487
heartrate,slot_2:heartrate,sharing,423.7511,48.7702,24.3541,23.6602,0.0012,0.4548,24.045,24.4161,1776041416442067276
heartrate,slot_2:heartrate,sharing,425.3738,53.9703,24.2327,23.5354,0.0011,0.4539,29.3665,29.7376,1776041418070136526
heartrate,slot_2:heartrate,sharing,428.4973,33.6158,24.1388,23.4477,0.0012,0.4562,9.0802,9.477,1776041421173319394
heartrate,slot_2:heartrate,sharing,428.9618,87.0981,24.903,24.1405,0.0012,0.4768,61.806,62.1952,1776041421690493182
heartrate,slot_2:heartrate,sharing,429.2077,54.0102,24.1491,23.4693,0.0012,0.4511,29.4726,29.8611,1776041421904113362
heartrate,slot_2:heartrate,sharing,430.6653,33.0594,24.1572,23.446,0.0012,0.4763,8.5218,8.9022,1776041423340740573
heartrate,slot_2:heartrate,sharing,432.9138,53.1147,24.1058,23.4006,0.0013,0.4543,28.6131,29.0089,1776041425609361841
heartrate,slot_2:heartrate,sharing,437.0282,33.5999,24.5102,23.7755,0.0013,0.4925,8.7233,9.0896,1776041429703897688
heartrate,slot_2:heartrate,sharing,437.2694,41.9462,24.7979,24.0987,0.0012,0.4716,16.7825,17.1482,1776041429953126425
heartrate,slot_2:heartrate,sharing,439.917,71.5992,25.9997,24.8309,0.0012,0.4787,45.1398,45.5995,1776041432629075870
heartrate,slot_2:heartrate,sharing,440.2208,34.5495,24.8023,24.0798,0.0012,0.4766,9.3684,9.7472,1776041432897091923
heartrate,slot_2:heartrate,sharing,440.5193,52.8538,24.368,23.6581,0.0013,0.4756,28.1165,28.4858,1776041433214383610
heartrate,slot_2:heartrate,sharing,440.9012,33.4826,25.4211,24.2673,0.0011,0.9145,7.6754,8.0615,1776041433575793109
heartrate,slot_2:heartrate,sharing,442.1917,32.7234,24.3332,23.6232,0.0011,0.4812,8.0066,8.3902,1776041434866593593
heartrate,slot_2:heartrate,sharing,442.7152,49.32,24.3524,23.6393,0.0012,0.4559,24.586,24.9676,1776041435406711476
heartrate,slot_2:heartrate,sharing,443.4078,34.6658,24.7466,24.0327,0.0012,0.4535,9.553,9.9192,1776041436084333856
heartrate,slot_2:heartrate,sharing,443.9081,49.6483,24.5996,23.9059,0.0012,0.4527,24.6611,25.0487,1776041436599738406
heartrate,slot_2:heartrate,sharing,443.9471,61.8186,24.6936,23.593,0.0013,0.4756,36.7672,37.125,1776041436650803448
heartrate,slot_2:heartrate,sharing,444.5127,32.5847,24.3278,23.6171,0.0012,0.4758,7.8888,8.2569,1776041437187555365
heartrate,slot_2:heartrate,sharing,444.9556,52.181,24.2737,23.5826,0.0011,0.4511,27.5354,27.9073,1776041437650070947
heartrate,slot_2:heartrate,sharing,445.2819,32.4488,24.7278,23.635,0.0012,0.845,7.3531,7.7209,1776041437956157330
heartrate,slot_2:heartrate,sharing,448.1702,63.7932,24.8174,24.1053,0.0012,0.471,38.6357,38.9758,1776041440875774082
heartrate,slot_2:heartrate,sharing,451.9272,77.719,24.3073,23.6111,0.0012,0.4608,53.0314,53.4117,1776041444647136821
heartrate,slot_2:heartrate,sharing,452.575,63.6013,24.1342,23.4214,0.0012,0.4619,39.0966,39.4671,1776041445280993567
heartrate,slot_2:heartrate,sharing,452.9965,33.0212,24.4275,23.7161,0.0012,0.4517,8.2297,8.5938,1776041445671644699
heartrate,slot_2:heartrate,sharing,457.9613,49.3505,26.6351,25.3806,0.0012,0.475,22.3053,22.7154,1776041450650589035
heartrate,slot_2:heartrate,sharing,458.0797,36.6068,24.5503,23.8287,0.0012,0.4842,11.6746,12.0565,1776041450758259302
heartrate,slot_2:heartrate,sharing,460.3111,81.5952,34.7312,32.6857,0.0013,0.8608,46.3331,46.864,1776041453024409658
heartrate,slot_2:heartrate,sharing,461.9638,57.3859,24.4811,23.7625,0.0012,0.4728,32.5313,32.9049,1776041454663250501
heartrate,slot_2:heartrate,sharing,463.2885,32.2285,24.162,23.4684,0.0012,0.4611,7.7007,8.0665,1776041455963144366
heartrate,slot_2:heartrate,sharing,463.2888,78.2397,24.697,23.9811,0.0011,0.4714,53.1797,53.5426,1776041456008874965
heartrate,slot_2:heartrate,sharing,463.3428,71.2621,24.4352,23.7181,0.0012,0.4745,46.4714,46.827,1776041456056240824
heartrate,slot_2:heartrate,sharing,464.0881,34.0586,24.6778,23.9643,0.0011,0.4705,9.0194,9.3807,1776041456764079510
heartrate,slot_2:heartrate,sharing,465.0866,54.9135,34.2397,32.3854,0.0012,0.4749,20.2389,20.6738,1776041457773730328
heartrate,slot_2:heartrate,sharing,465.6513,32.6321,24.7337,24.0378,0.0014,0.4583,7.5166,7.8984,1776041458325710487
heartrate,slot_2:heartrate,sharing,466.7779,34.3454,24.8784,24.1532,0.0012,0.4883,9.1257,9.467,1776041459453988414
heartrate,slot_2:heartrate,sharing,467.3848,34.647,24.9676,23.875,0.0012,0.8548,9.295,9.6794,1776041460060983686
heartrate,slot_2:heartrate,sharing,467.6211,32.51,24.6217,23.9235,0.0012,0.4504,7.5226,7.8884,1776041460295548594
heartrate,slot_2:heartrate,sharing,467.926,33.8793,24.2155,23.5317,0.0011,0.4475,9.2492,9.6638,1776041460602136634
heartrate,slot_2:heartrate,sharing,468.7428,32.7342,24.4098,23.6915,0.0012,0.4548,7.9517,8.3244,1776041461417719185
heartrate,slot_2:heartrate,sharing,468.9819,58.2485,24.2929,23.589,0.0012,0.4731,33.5946,33.9557,1776041461682405988
heartrate,slot_2:heartrate,sharing,470.8156,77.1706,24.2298,23.5388,0.0012,0.4571,52.5675,52.9408,1776041463535115382
heartrate,slot_2:heartrate,sharing,471.2558,32.6393,24.6521,23.5713,0.0011,0.832,7.5917,7.9872,1776041463930343982
heartrate,slot_2:heartrate,sharing,473.1169,92.3817,24.628,23.8967,0.0012,0.4809,67.3602,67.7537,1776041465851148494
heartrate,slot_2:heartrate,sharing,474.3897,36.0279,24.3804,23.6884,0.0012,0.4522,11.2684,11.6475,1776041467067917032
heartrate,slot_2:heartrate,sharing,476.1565,55.7344,24.1554,23.4494,0.0013,0.4754,31.2247,31.579,1776041468854687507
heartrate,slot_2:heartrate,sharing,476.2854,34.5929,24.7232,24.0245,0.0012,0.4704,9.5203,9.8696,1776041468961839294
heartrate,slot_2:heartrate,sharing,477.9717,32.7809,24.735,23.9893,0.0013,0.4828,7.6678,8.0459,1776041470646342173
heartrate,slot_2:heartrate,sharing,479.8995,33.6301,24.4848,23.7348,0.0013,0.49,8.7993,9.1453,1776041472575274167
heartrate,slot_2:heartrate,sharing,480.0836,82.1571,25.8838,24.6271,0.0012,0.4495,55.7415,56.2734,1776041472806295040
heartrate,slot_2:heartrate,sharing,483.4367,34.2042,24.7419,24.0321,0.0012,0.4718,9.095,9.4623,1776041476112679680
heartrate,slot_2:heartrate,sharing,484.1337,34.2453,24.6337,23.9076,0.0012,0.4739,9.2318,9.6115,1776041476809896238
heartrate,slot_2:heartrate,sharing,485.2954,80.2255,23.9843,23.306,0.0012,0.4504,55.8591,56.2411,1776041478018241507
heartrate,slot_2:heartrate,sharing,487.0657,33.8707,24.0739,23.3659,0.0013,0.4536,9.4092,9.7968,1776041479742065710
heartrate,slot_2:heartrate,sharing,487.5751,107.1272,46.8375,44.6401,0.0013,0.4487,59.6204,60.2896,1776041480301629146
heartrate,slot_2:heartrate,sharing,489.12,34.3747,24.8022,23.7191,0.0013,0.8417,9.2154,9.5725,1776041481796145739
heartrate,slot_2:heartrate,sharing,490.673,32.4068,24.4376,23.7057,0.0017,0.4773,7.6027,7.9692,1776041483347496623
heartrate,slot_2:heartrate,sharing,492.7896,32.2821,24.4433,23.6905,0.0013,0.4623,7.4627,7.8388,1776041485464019835
heartrate,slot_2:heartrate,sharing,493.2638,31.811,24.1627,23.4763,0.0012,0.4486,7.2656,7.6483,1776041485938030088
heartrate,slot_2:heartrate,sharing,495.092,45.5301,24.0781,23.3788,0.0012,0.4474,21.0884,21.452,1776041487780056606
heartrate,slot_2:heartrate,sharing,497.7412,34.483,24.3944,23.7108,0.0012,0.4517,9.7177,10.0886,1776041490417848678
heartrate,slot_2:heartrate,sharing,498.4583,33.6926,24.5876,23.8694,0.0011,0.486,8.7628,9.105,1776041491133970539
heartrate,slot_2:heartrate,sharing,499.4369,32.7742,24.5409,23.8705,0.0012,0.4454,7.848,8.2333,1776041492111652739
heartrate,slot_2:heartrate,sharing,500.6504,52.2525,27.5741,26.3879,0.0012,0.4743,24.2066,24.6784,1776041493341525088
heartrate,slot_2:heartrate,sharing,501.2468,71.106,25.9297,24.6723,0.0012,0.4502,44.6484,45.1763,1776041493958377204
heartrate,slot_2:heartrate,sharing,503.1303,33.9108,24.8624,23.7665,0.0011,0.8523,8.6787,9.0484,1776041495805917932
heartrate,slot_2:heartrate,sharing,504.3403,67.5011,35.3754,33.6253,0.0013,0.4588,31.5273,32.1256,1776041497038717283
heartrate,slot_2:heartrate,sharing,504.5167,94.1296,24.3576,23.6693,0.0012,0.4504,69.3986,69.772,1776041497252989604
heartrate,slot_2:heartrate,sharing,505.0382,33.2384,24.4326,23.7017,0.0015,0.4803,8.4524,8.8058,1776041497713581646
heartrate,slot_2:heartrate,sharing,505.7348,33.4859,24.6383,23.9251,0.0013,0.476,8.4751,8.8476,1776041498410170108
heartrate,slot_2:heartrate,sharing,506.1674,45.7497,24.584,23.869,0.0012,0.4721,20.8149,21.1657,1776041498855150610
heartrate,slot_2:heartrate,sharing,506.1997,59.6867,24.5021,23.767,0.0012,0.4836,34.8258,35.1845,1776041498901449491
heartrate,slot_2:heartrate,sharing,506.9038,32.0263,24.1897,23.514,0.0012,0.4449,7.4639,7.8366,1776041499578214681
heartrate,slot_2:heartrate,sharing,507.7856,32.6746,24.3812,23.6249,0.0012,0.4756,7.9207,8.2934,1776041500460471688
heartrate,slot_2:heartrate,sharing,509.7254,34.2278,24.451,23.7294,0.0012,0.4623,9.4004,9.7769,1776041502401704991
heartrate,slot_2:heartrate,sharing,510.3293,33.0777,24.2184,23.5128,0.0012,0.471,8.4867,8.8593,1776041503004751673
heartrate,slot_2:heartrate,sharing,511.1144,32.5449,24.336,23.6512,0.0012,0.4474,7.8144,8.2089,1776041503789125993
heartrate,slot_2:heartrate,sharing,514.0993,33.7029,24.5975,23.7852,0.0012,0.5706,8.7397,9.1054,1776041506775005915
heartrate,slot_2:heartrate,sharing,515.1257,34.2746,24.7033,24.0034,0.0012,0.4645,9.2094,9.5713,1776041507801828584
heartrate,slot_2:heartrate,sharing,515.4647,84.703,24.0978,23.3995,0.0012,0.4498,60.231,60.6052,1776041508191904569
heartrate,slot_2:heartrate,sharing,516.566,76.6928,24.3202,23.6183,0.0011,0.4508,51.8656,52.3726,1776041509284768951
heartrate,slot_2:heartrate,sharing,518.3375,33.7965,24.5292,23.8138,0.0012,0.4771,8.8997,9.2674,1776041511013303605
heartrate,slot_2:heartrate,sharing,519.4742,32.8062,24.3737,23.6601,0.0012,0.4793,8.0743,8.4324,1776041512149221521
heartrate,slot_2:heartrate,sharing,522.6545,31.6834,24.1596,23.4294,0.0012,0.4802,7.1607,7.5238,1776041515328550577
heartrate,slot_2:heartrate,sharing,523.7972,39.3479,24.0629,23.3672,0.0013,0.4484,14.8938,15.285,1776041516478980593
heartrate,slot_2:heartrate,sharing,524.2643,34.4365,24.9247,23.8382,0.0013,0.4629,9.1183,9.5118,1776041516940316417
heartrate,slot_2:heartrate,sharing,525.5184,32.789,24.4148,23.7136,0.0012,0.4681,8.0047,8.3742,1776041518193338309
heartrate,slot_2:heartrate,sharing,525.8937,34.0459,24.5648,23.8283,0.0012,0.5036,9.058,9.4811,1776041518569730848
heartrate,slot_2:heartrate,sharing,528.754,51.5661,24.6923,23.9694,0.0013,0.4528,26.4759,26.8738,1776041521447449457
heartrate,slot_2:heartrate,sharing,530.2361,33.0026,24.3752,23.6454,0.0012,0.4923,8.1451,8.6274,1776041522911193129
heartrate,slot_2:heartrate,sharing,532.2469,33.571,24.8777,23.7671,0.0012,0.8728,8.3058,8.6933,1776041524922126460
heartrate,slot_2:heartrate,sharing,533.3864,33.8943,24.9351,24.2319,0.0012,0.4725,8.5938,8.9592,1776041526061936591
heartrate,slot_2:heartrate,sharing,534.4887,33.4253,25.035,24.3238,0.0012,0.4761,8.0287,8.3904,1776041527163686273
heartrate,slot_2:heartrate,sharing,535.3065,37.8504,24.2009,23.4973,0.0012,0.4712,13.2792,13.6495,1776041527986734126
heartrate,slot_2:heartrate,sharing,536.4577,33.6254,24.4698,23.7673,0.0012,0.4705,8.7974,9.1555,1776041529133422752
heartrate,slot_2:heartrate,sharing,541.3416,32.2964,24.3368,23.3422,0.0012,0.756,7.5955,7.9596,1776041534016143236
heartrate,slot_2:heartrate,sharing,541.5976,74.4982,24.4775,23.7805,0.0012,0.468,49.6495,50.0207,1776041534314185869
heartrate,slot_2:heartrate,sharing,542.2119,50.4541,24.6084,23.5247,0.0013,0.4819,25.4588,25.8457,1776041534904285695
heartrate,slot_2:heartrate,sharing,543.905,57.4069,26.1191,24.8466,0.0015,0.4583,30.8974,31.2878,1776041536602848040
heartrate,slot_2:heartrate,sharing,544.3398,51.4767,24.1953,23.4875,0.0012,0.474,26.8824,27.2814,1776041537033585795
heartrate,slot_2:heartrate,sharing,544.4336,68.0823,24.2926,23.6095,0.0012,0.4459,43.4146,43.7897,1776041537143979320
heartrate,slot_2:heartrate,sharing,544.6926,32.9409,24.2381,23.5314,0.0012,0.4525,8.3418,8.7028,1776041537367892460
heartrate,slot_2:heartrate,sharing,545.4688,32.2766,24.6385,23.9043,0.0011,0.4902,7.2517,7.6381,1776041538143003677
heartrate,slot_2:heartrate,sharing,545.9179,33.4404,24.3777,23.6399,0.0011,0.4773,8.6992,9.0626,1776041538593490231
heartrate,slot_2:heartrate,sharing,545.9534,43.7162,24.6119,23.8715,0.0011,0.4876,18.7469,19.1043,1776041538639065893
heartrate,slot_2:heartrate,sharing,546.1163,33.2019,24.4371,23.7295,0.0012,0.452,8.4014,8.7649,1776041538791598806
heartrate,slot_2:heartrate,sharing,546.5948,32.3737,24.3133,23.5889,0.0012,0.4686,7.6997,8.0603,1776041539269441635
heartrate,slot_2:heartrate,sharing,546.8187,56.3974,24.6541,23.9428,0.0012,0.4739,31.4071,31.7433,1776041539517066397
heartrate,slot_2:heartrate,sharing,546.9704,50.7145,24.8326,23.711,0.0011,0.8671,25.496,25.8819,1776041539662820714
heartrate,slot_2:heartrate,sharing,549.0719,33.2422,24.3951,23.6461,0.0013,0.4946,8.4774,8.8471,1776041541747351961
heartrate,slot_2:heartrate,sharing,550.6859,33.5226,25.0951,24.3805,0.0012,0.4597,8.0748,8.4275,1776041543360893882
heartrate,slot_2:heartrate,sharing,550.8488,59.7098,24.0163,23.3172,0.0012,0.452,35.3227,35.6935,1776041543551024512
heartrate,slot_2:heartrate,sharing,552.3479,33.6096,24.0983,23.3916,0.0012,0.4531,9.1498,9.5113,1776041545024002271
heartrate,slot_2:heartrate,sharing,552.5722,32.5296,24.4247,23.7337,0.0011,0.4504,7.7157,8.1049,1776041545246809957
heartrate,slot_2:heartrate,sharing,555.3921,47.3866,26.2255,25.0576,0.0013,0.4541,20.7078,21.1611,1776041548079699169
heartrate,slot_2:heartrate,sharing,556.4268,33.628,24.3632,23.6496,0.0012,0.4767,8.8928,9.2648,1776041549102610852
heartrate,slot_2:heartrate,sharing,560.3481,32.1746,24.552,23.8244,0.0013,0.4851,7.2536,7.6226,1776041553022272782
heartrate,slot_2:heartrate,sharing,560.5711,32.2907,24.5705,23.857,0.0011,0.4783,7.3774,7.7202,1776041553245374656
heartrate,slot_2:heartrate,sharing,562.8416,42.1102,24.1885,23.5114,0.0011,0.4466,17.5009,17.9217,1776041555526070431
heartrate,slot_2:heartrate,sharing,563.1481,32.7756,24.5842,23.8856,0.0012,0.465,7.7937,8.1914,1776041555822786551
heartrate,slot_2:heartrate,sharing,565.7266,32.6445,24.2596,23.5452,0.0011,0.479,8.0132,8.3849,1776041558401564078
heartrate,slot_2:heartrate,sharing,566.5948,32.6211,24.5194,23.8024,0.0012,0.4744,7.674,8.1018,1776041559269370052
heartrate,slot_2:heartrate,sharing,569.1902,43.7129,24.6501,23.9626,0.0012,0.4532,18.6687,19.0627,1776041561875763020
heartrate,slot_2:heartrate,sharing,569.3812,33.4184,24.9433,23.8408,0.0012,0.8644,8.0729,8.4751,1776041562056198577
heartrate,slot_2:heartrate,sharing,570.1767,33.6497,24.4796,23.7438,0.0012,0.4722,8.8093,9.1701,1776041562852447125
heartrate,slot_2:heartrate,sharing,570.2428,72.876,24.2376,23.5476,0.0011,0.4522,48.2535,48.6384,1776041562957965693
heartrate,slot_2:heartrate,sharing,570.3911,73.5505,24.7256,24.0147,0.0012,0.4541,48.424,48.8248,1776041563106415429
heartrate,slot_2:heartrate,sharing,572.9925,67.029,26.233,24.6492,0.0012,0.8434,40.2606,40.796,1776041565699685201
heartrate,slot_2:heartrate,sharing,574.8193,66.3977,24.2601,23.5735,0.0011,0.4477,41.7435,42.1376,1776041567527977666
heartrate,slot_2:heartrate,sharing,575.2048,34.7316,24.842,23.7637,0.0011,0.8377,9.5356,9.8896,1776041567881260064
heartrate,slot_2:heartrate,sharing,575.7691,32.4566,24.3536,23.6605,0.0012,0.451,7.7257,8.103,1776041568443799088
heartrate,slot_2:heartrate,sharing,575.9128,33.9489,24.6036,23.9151,0.0012,0.451,8.9729,9.3453,1776041568588664805
heartrate,slot_2:heartrate,sharing,576.5757,33.3607,24.449,23.7228,0.0011,0.4879,8.5452,8.9117,1776041569251138827
heartrate,slot_2:heartrate,sharing,577.0057,76.237,24.4613,23.7683,0.0012,0.4454,51.4004,51.7757,1776041569724065117
heartrate,slot_2:heartrate,sharing,577.424,77.2116,26.5985,24.9172,0.0013,0.482,50.1919,50.6131,1776041570141126814
heartrate,slot_2:heartrate,sharing,581.2057,61.6777,25.8203,24.6504,0.0011,0.4573,35.3796,35.8574,1776041573908049636
heartrate,slot_2:heartrate,sharing,583.4875,34.1716,24.9249,23.8321,0.0014,0.4627,8.8749,9.2467,1776041576163346304
heartrate,slot_2:heartrate,sharing,584.7827,33.4196,24.7923,23.8883,0.0012,0.6565,8.2765,8.6273,1776041577457914824
heartrate,slot_2:heartrate,sharing,585.8891,41.1553,24.9938,24.2835,0.0011,0.4746,15.7976,16.1615,1776041578571825552
heartrate,slot_2:heartrate,sharing,586.1264,33.5445,24.4008,23.7157,0.0012,0.4485,8.7619,9.1437,1776041578802051112
heartrate,slot_2:heartrate,sharing,586.3783,45.5964,24.8399,23.734,0.0013,0.8444,20.3583,20.7564,1776041579065630199
heartrate,slot_2:heartrate,sharing,587.2798,32.4838,24.4525,23.7457,0.0011,0.4705,7.6759,8.0314,1776041579954399818
heartrate,slot_2:heartrate,sharing,589.697,32.1236,24.434,23.6744,0.0016,0.5076,7.3249,7.6896,1776041582371251895
heartrate,slot_2:heartrate,sharing,590.8439,33.5977,24.2252,23.5063,0.0011,0.4617,9.0086,9.3725,1776041583519836274
heartrate,slot_2:heartrate,sharing,592.5399,47.374,24.3994,23.6731,0.0012,0.4722,22.6171,22.9747,1776041585229492586
heartrate,slot_2:heartrate,sharing,594.8006,32.9411,24.4761,23.7682,0.0012,0.4537,8.095,8.465,1776041587475647377
heartrate,slot_2:heartrate,sharing,596.95,33.2627,24.8088,24.0868,0.0012,0.4824,8.1141,8.4539,1776041589625080412
heartrate,slot_2:heartrate,sharing,597.1081,55.0683,24.1514,23.449,0.0012,0.4676,30.544,30.9169,1776041589805546963
heartrate,slot_2:heartrate,sharing,597.4612,33.2332,24.2544,23.5496,0.0181,0.4549,8.6086,8.9787,1776041590136728982
heartrate,slot_2:heartrate,sharing,599.3052,34.5905,24.6955,24.008,0.0012,0.452,9.4924,9.895,1776041591981580399
heartrate,slot_2:heartrate,sharing,599.5075,34.2414,24.1178,23.4342,0.0011,0.4528,9.7346,10.1236,1776041592184164854
diasbp,slot_3:diasbp,sharing,0.0001,157.0799,108.088,102.8973,0.0013,0.8341,47.9033,48.9919,1776040992714957781
diasbp,slot_3:diasbp,sharing,3.0339,31.7585,24.2756,23.5758,0.0015,0.4677,7.0968,7.483,1776040995707974095
diasbp,slot_3:diasbp,sharing,3.9989,33.3896,24.3976,23.6877,0.0013,0.4782,8.6203,8.992,1776040996674419563
diasbp,slot_3:diasbp,sharing,4.5007,33.0541,24.4052,23.7153,0.0012,0.4542,8.2633,8.6489,1776040997175862463
diasbp,slot_3:diasbp,sharing,4.5418,33.2024,24.4258,23.6981,0.0013,0.4765,8.399,8.7766,1776040997217140471
diasbp,slot_3:diasbp,sharing,4.7623,49.1576,25.8985,24.7205,0.0013,0.4658,22.7976,23.2591,1776040997452026378
diasbp,slot_3:diasbp,sharing,6.2613,61.7287,26.1042,24.7819,0.0013,0.4822,35.2092,35.6245,1776040998963434065
diasbp,slot_3:diasbp,sharing,6.676,32.3515,24.7246,24.005,0.0012,0.4757,7.2534,7.6269,1776040999350147808
diasbp,slot_3:diasbp,sharing,8.2551,33.0477,24.1638,23.4554,0.0013,0.4704,8.5328,8.8839,1776041000930579946
diasbp,slot_3:diasbp,sharing,8.724,33.3662,24.7561,24.0413,0.0014,0.4706,8.251,8.6101,1776041001399215046
diasbp,slot_3:diasbp,sharing,9.6549,33.5722,24.2817,23.5655,0.0012,0.4568,8.9245,9.2905,1776041002330709409
diasbp,slot_3:diasbp,sharing,11.4269,31.2808,24.1842,23.4815,0.0012,0.4742,6.7184,7.0965,1776041004100566663
diasbp,slot_3:diasbp,sharing,12.8505,31.8282,24.2372,23.5264,0.0012,0.4764,7.2117,7.5909,1776041005524648891
diasbp,slot_3:diasbp,sharing,13.2693,32.464,24.7725,24.0797,0.0012,0.4527,7.2989,7.6916,1776041005943578952
diasbp,slot_3:diasbp,sharing,15.2613,73.1473,24.4393,23.7387,0.0013,0.4539,48.3651,48.708,1776041007976605334
diasbp,slot_3:diasbp,sharing,15.7659,77.919,26.2639,25.098,0.0013,0.4725,51.1987,51.6551,1776041008484049548
diasbp,slot_3:diasbp,sharing,17.4209,67.709,24.0997,23.3723,0.0015,0.4583,43.2112,43.6093,1776041010131061948
diasbp,slot_3:diasbp,sharing,17.9713,58.3739,24.3081,23.6306,0.0013,0.4454,33.6888,34.0659,1776041010671945573
diasbp,slot_3:diasbp,sharing,18.5649,46.5636,26.2284,24.673,0.0015,0.4706,19.8388,20.3353,1776041011251687264
diasbp,slot_3:diasbp,sharing,18.8718,31.8034,24.2255,23.5516,0.0013,0.4469,7.2002,7.5779,1776041011545959614
diasbp,slot_3:diasbp,sharing,20.2081,31.8007,24.2558,23.5754,0.0014,0.4507,7.1628,7.545,1776041012882168615
diasbp,slot_3:diasbp,sharing,21.6662,32.3763,24.7156,23.9989,0.0013,0.4526,7.3001,7.6607,1776041014340392961
diasbp,slot_3:diasbp,sharing,21.9091,72.1629,33.9772,32.3286,0.0013,0.4402,37.4584,38.1857,1776041014613472745
diasbp,slot_3:diasbp,sharing,23.0038,33.5186,24.5732,23.8465,0.0012,0.4905,8.5835,8.9454,1776041015679357623
diasbp,slot_3:diasbp,sharing,23.3694,64.9703,24.2446,23.5374,0.0013,0.4731,40.3693,40.7257,1776041016076663753
diasbp,slot_3:diasbp,sharing,24.8081,30.9632,24.0361,23.3339,0.0013,0.474,6.5725,6.9271,1776041017481637320
diasbp,slot_3:diasbp,sharing,25.5392,66.555,26.0807,24.8928,0.0014,0.4416,39.9954,40.4743,1776041018246110676
diasbp,slot_3:diasbp,sharing,25.7529,32.2225,24.5113,23.7659,0.0013,0.4786,7.3676,7.7112,1776041018427234665
diasbp,slot_3:diasbp,sharing,26.0885,32.6962,25.0654,24.3466,0.0013,0.4761,7.2694,7.6309,1776041018762717262
diasbp,slot_3:diasbp,sharing,26.3445,32.0842,24.1319,23.4295,0.0016,0.452,7.566,7.9523,1776041019018958532
diasbp,slot_3:diasbp,sharing,26.9911,32.2807,24.8948,24.168,0.0014,0.4879,7.0231,7.3859,1776041019665095973
diasbp,slot_3:diasbp,sharing,28.9641,72.6242,24.0837,23.3884,0.0013,0.4587,48.1427,48.5405,1776041021679175111
diasbp,slot_3:diasbp,sharing,29.3844,32.5446,24.2162,23.4986,0.0012,0.4658,7.9391,8.3284,1776041022059282326
diasbp,slot_3:diasbp,sharing,29.5361,32.2866,24.4893,23.7855,0.0012,0.4743,7.2944,7.7973,1776041022210349851
diasbp,slot_3:diasbp,sharing,32.4624,32.2881,24.403,23.7195,0.0012,0.452,7.4947,7.885,1776041025136825624
diasbp,slot_3:diasbp,sharing,34.6907,34.7137,24.5476,23.8421,0.0012,0.4745,9.7706,10.1661,1776041027367359395
diasbp,slot_3:diasbp,sharing,37.0995,32.9421,24.3862,23.6816,0.0014,0.4566,8.1949,8.5558,1776041029774613303
diasbp,slot_3:diasbp,sharing,38.1076,33.8919,24.6457,23.9382,0.0013,0.4561,8.8689,9.2462,1776041030783431753
diasbp,slot_3:diasbp,sharing,38.2934,33.4766,24.2933,23.6103,0.0015,0.4504,8.7981,9.1833,1776041030969163842
diasbp,slot_3:diasbp,sharing,38.895,33.5543,24.8268,24.1174,0.0013,0.4525,8.3199,8.7275,1776041031570249931
diasbp,slot_3:diasbp,sharing,38.9306,86.8983,26.5219,25.2397,0.0014,0.4688,59.8836,60.3764,1776041031657451708
diasbp,slot_3:diasbp,sharing,39.2852,33.0293,24.7285,23.6529,0.0014,0.4845,7.9105,8.3008,1776041031960019282
diasbp,slot_3:diasbp,sharing,39.7424,62.0351,24.2407,23.5175,0.0012,0.4679,37.4222,37.7944,1776041032446788880
diasbp,slot_3:diasbp,sharing,40.6088,32.5556,24.9003,24.1938,0.0013,0.4758,7.2827,7.6553,1776041033283053308
diasbp,slot_3:diasbp,sharing,42.8314,32.0063,24.0587,23.3304,0.0013,0.4814,7.5901,7.9476,1776041035505957569
diasbp,slot_3:diasbp,sharing,43.7893,32.0802,24.3911,23.6804,0.0011,0.4727,7.3047,7.6891,1776041036463571657
diasbp,slot_3:diasbp,sharing,43.97,32.0163,24.3501,23.6438,0.0012,0.4683,7.2911,7.6662,1776041036644274048
diasbp,slot_3:diasbp,sharing,45.1893,50.0724,24.2289,23.5249,0.0012,0.4703,25.4867,25.8435,1776041037881708564
diasbp,slot_3:diasbp,sharing,45.3826,32.7294,24.6555,23.9514,0.0014,0.4754,7.6907,8.0739,1776041038057180300
diasbp,slot_3:diasbp,sharing,45.4099,43.035,24.1722,23.4752,0.0012,0.4649,18.4824,18.8628,1776041038095294159
diasbp,slot_3:diasbp,sharing,45.536,31.8193,24.2161,23.5421,0.0012,0.4468,7.206,7.6033,1776041038210185044
diasbp,slot_3:diasbp,sharing,48.3506,47.224,26.2535,25.0801,0.0015,0.4786,20.5321,20.9706,1776041041038091023
diasbp,slot_3:diasbp,sharing,48.415,33.9112,24.2842,23.5779,0.0013,0.4642,9.249,9.627,1776041041091181219
diasbp,slot_3:diasbp,sharing,49.2635,53.8111,26.0571,24.842,0.0014,0.4678,27.3323,27.754,1776041041957736515
diasbp,slot_3:diasbp,sharing,49.8076,32.6099,24.208,23.5057,0.0012,0.4721,8.0516,8.4019,1776041042482555029
diasbp,slot_3:diasbp,sharing,52.5928,66.7009,24.8697,24.1378,0.0013,0.4586,41.4789,41.8312,1776041045301172871
diasbp,slot_3:diasbp,sharing,53.1106,58.4147,24.2907,23.5333,0.0012,0.4959,33.777,34.124,1776041045811331046
diasbp,slot_3:diasbp,sharing,54.6967,51.558,24.5356,23.8285,0.0012,0.4753,26.6621,27.0225,1776041047390278731
diasbp,slot_3:diasbp,sharing,55.6344,44.0047,24.0897,23.3851,0.0013,0.4539,19.5472,19.915,1776041048320911700
diasbp,slot_3:diasbp,sharing,56.0288,34.421,24.2257,23.5152,0.0012,0.4794,9.8047,10.1953,1776041048705575748
diasbp,slot_3:diasbp,sharing,56.4001,32.7685,24.7942,24.0922,0.0015,0.4654,7.5724,7.9743,1776041049074573282
diasbp,slot_3:diasbp,sharing,56.4144,57.3819,24.1639,23.4836,0.0011,0.449,32.8274,33.218,1776041049114125081
diasbp,slot_3:diasbp,sharing,58.6361,53.6716,26.2814,24.7204,0.0015,0.4522,26.9256,27.3902,1776041051329956868
diasbp,slot_3:diasbp,sharing,60.0827,33.982,24.4347,23.7409,0.0012,0.4529,9.1467,9.5473,1776041052758777546
diasbp,slot_3:diasbp,sharing,62.1257,73.6463,24.88,24.1706,0.0012,0.4753,48.399,48.7663,1776041054841082091
diasbp,slot_3:diasbp,sharing,63.314,54.7326,24.1321,23.4282,0.0012,0.465,30.2043,30.6005,1776041056011145425
diasbp,slot_3:diasbp,sharing,63.4321,49.4413,24.3704,23.6545,0.0013,0.4565,24.72,25.0709,1776041056123778271
diasbp,slot_3:diasbp,sharing,64.6894,32.7542,24.8399,23.767,0.0015,0.4904,7.5455,7.9143,1776041057363830194
diasbp,slot_3:diasbp,sharing,66.0148,33.0498,25.1475,24.0386,0.0012,0.8737,7.5302,7.9023,1776041058689235373
diasbp,slot_3:diasbp,sharing,69.7432,33.8101,24.7355,24.0132,0.0013,0.4861,8.6772,9.0746,1776041062418853456
diasbp,slot_3:diasbp,sharing,71.4509,33.1893,24.3799,23.6618,0.0014,0.4757,8.4555,8.8094,1776041064126309873
diasbp,slot_3:diasbp,sharing,71.5082,32.3985,24.4891,23.7466,0.0013,0.4705,7.5188,7.9094,1776041064182657066
diasbp,slot_3:diasbp,sharing,71.6938,89.927,35.1351,33.3094,0.0013,0.4473,54.1623,54.7918,1776041064414894440
diasbp,slot_3:diasbp,sharing,72.6872,73.329,24.3399,23.6252,0.0014,0.4653,48.6162,48.9891,1776041065402788279
diasbp,slot_3:diasbp,sharing,74.8033,70.4474,24.2436,23.5595,0.0012,0.4509,45.8093,46.2038,1776041067516039173
diasbp,slot_3:diasbp,sharing,77.4557,47.6809,24.7332,24.0215,0.0013,0.4742,22.5573,22.9477,1776041070145235208
diasbp,slot_3:diasbp,sharing,77.6692,32.4774,24.3553,23.6489,0.0012,0.4674,7.7381,8.1221,1776041070343869161
diasbp,slot_3:diasbp,sharing,77.7158,32.011,24.3658,23.6725,0.0012,0.455,7.2436,7.6452,1776041070389944182
diasbp,slot_3:diasbp,sharing,77.827,31.9927,24.4685,23.7586,0.0013,0.4721,7.1421,7.5242,1776041070501100825
diasbp,slot_3:diasbp,sharing,79.5944,34.6713,25.1846,24.4134,0.0014,0.4952,9.1109,9.4867,1776041072270458137
diasbp,slot_3:diasbp,sharing,80.6921,32.5482,24.2865,23.5846,0.0012,0.4578,7.8776,8.2617,1776041073366911229
diasbp,slot_3:diasbp,sharing,83.3028,32.6891,24.1387,23.431,0.0013,0.4558,8.182,8.5504,1776041075977931297
diasbp,slot_3:diasbp,sharing,83.4757,31.6997,24.5189,23.799,0.0013,0.4768,6.8033,7.1807,1776041076149431250
diasbp,slot_3:diasbp,sharing,83.5445,32.0535,24.933,24.2032,0.0014,0.4585,6.7489,7.1204,1776041076218176403
diasbp,slot_3:diasbp,sharing,86.215,62.1045,24.8147,24.0845,0.0013,0.488,36.921,37.2898,1776041078918810684
diasbp,slot_3:diasbp,sharing,87.2148,45.5649,24.614,23.9055,0.0015,0.4735,20.5805,20.9509,1776041079902306059
diasbp,slot_3:diasbp,sharing,87.8616,31.8174,24.264,23.5625,0.0013,0.4695,7.1545,7.5535,1776041080535645011
diasbp,slot_3:diasbp,sharing,91.5631,31.8809,24.3202,23.6132,0.0013,0.4731,7.1845,7.5607,1776041084237222599
diasbp,slot_3:diasbp,sharing,93.3088,33.1125,24.4974,23.8062,0.0012,0.4533,8.2228,8.6151,1776041085983962992
diasbp,slot_3:diasbp,sharing,93.9464,32.6028,25.1483,24.4413,0.0011,0.4698,7.0837,7.4545,1776041086620427925
diasbp,slot_3:diasbp,sharing,94.3048,31.9803,24.3967,23.7064,0.0011,0.4604,7.2072,7.5835,1776041086978948340
diasbp,slot_3:diasbp,sharing,95.0394,32.9435,24.3145,23.6115,0.0012,0.4734,8.2586,8.629,1776041087714582132
diasbp,slot_3:diasbp,sharing,96.0916,72.2539,24.3815,23.6481,0.001,0.4986,47.4927,47.8724,1776041088806043587
diasbp,slot_3:diasbp,sharing,98.9874,86.3295,32.8707,31.326,0.0013,0.472,52.9354,53.4587,1776041091707241839
diasbp,slot_3:diasbp,sharing,99.4675,70.9629,24.2741,23.5702,0.0011,0.451,46.3083,46.6888,1776041092180786461
diasbp,slot_3:diasbp,sharing,99.9475,32.1162,24.6004,23.8524,0.0012,0.4855,7.127,7.5158,1776041092621578447
diasbp,slot_3:diasbp,sharing,100.1559,32.4707,24.5893,23.8773,0.001,0.4719,7.5109,7.8814,1776041092830306499
diasbp,slot_3:diasbp,sharing,102.0542,34.7352,24.9532,24.252,0.0011,0.4644,9.387,9.782,1776041094730544149
diasbp,slot_3:diasbp,sharing,102.3387,33.2341,24.4704,23.7791,0.0012,0.453,8.3725,8.7638,1776041095014003738
diasbp,slot_3:diasbp,sharing,103.782,52.5665,24.2665,23.543,0.0011,0.4704,27.9441,28.3,1776041096476868968
diasbp,slot_3:diasbp,sharing,104.8922,69.0827,24.2984,23.5698,0.0011,0.4852,44.4176,44.7843,1776041097603548473
diasbp,slot_3:diasbp,sharing,106.6342,33.0415,24.8058,24.0883,0.0011,0.476,7.8847,8.2357,1776041099309037078
diasbp,slot_3:diasbp,sharing,106.7447,32.1927,24.8285,24.1288,0.0011,0.4623,6.9695,7.3642,1776041099418602669
diasbp,slot_3:diasbp,sharing,107.904,51.2819,25.8184,24.6558,0.0012,0.4624,25.0008,25.4635,1776041100595887537
diasbp,slot_3:diasbp,sharing,108.9702,33.0272,24.6636,23.9461,0.0011,0.4852,7.966,8.3636,1776041101645057991
diasbp,slot_3:diasbp,sharing,109.414,48.1303,25.7465,24.5823,0.0011,0.4538,21.9424,22.3838,1776041102102896595
diasbp,slot_3:diasbp,sharing,111.4833,35.4159,24.2724,23.5648,0.0012,0.4609,10.7701,11.1434,1776041104161018854
diasbp,slot_3:diasbp,sharing,113.2612,32.0592,24.3818,23.6686,0.0011,0.4747,7.3118,7.6774,1776041105935444450
diasbp,slot_3:diasbp,sharing,113.5562,48.2395,26.3208,25.1422,0.0012,0.4667,21.4496,21.9187,1776041106244578011
diasbp,slot_3:diasbp,sharing,114.1381,32.2161,24.4969,23.7882,0.001,0.4683,7.3531,7.7191,1776041106812392287
diasbp,slot_3:diasbp,sharing,116.7622,31.7428,24.2983,23.5938,0.0011,0.4661,7.056,7.4445,1776041109436160403
diasbp,slot_3:diasbp,sharing,117.2773,31.8098,24.3848,23.6642,0.0011,0.4746,7.0715,7.425,1776041109951335181
diasbp,slot_3:diasbp,sharing,117.7051,32.8403,24.3568,23.6726,0.0011,0.449,8.1134,8.4835,1776041110380141255
diasbp,slot_3:diasbp,sharing,118.914,33.0532,24.4476,23.7397,0.0011,0.4703,8.2414,8.6056,1776041111589169097
diasbp,slot_3:diasbp,sharing,120.0052,33.4635,24.2572,23.57,0.0011,0.4523,8.8086,9.2063,1776041112680987877
diasbp,slot_3:diasbp,sharing,123.321,49.0201,24.6848,23.9611,0.0012,0.4878,23.9611,24.3353,1776041116011906993
diasbp,slot_3:diasbp,sharing,123.6603,33.7386,24.2956,23.5773,0.0011,0.4787,9.0764,9.443,1776041116336352897
diasbp,slot_3:diasbp,sharing,128.1363,25.3725,24.3656,23.6636,0.0012,0.4657,0.6113,1.0069,1776041120803825569
diasbp,slot_3:diasbp,sharing,128.9556,56.8335,26.3995,25.1708,0.0012,0.5017,29.9823,30.434,1776041121652527496
diasbp,slot_3:diasbp,sharing,129.8406,55.8765,24.7811,24.0663,0.0011,0.4601,30.7145,31.0954,1776041122538280168
diasbp,slot_3:diasbp,sharing,130.1842,59.1614,26.4488,25.1948,0.0011,0.467,32.2065,32.7127,1776041122883332217
diasbp,slot_3:diasbp,sharing,130.7964,32.4519,25.0965,24.3998,0.001,0.4627,6.9885,7.3553,1776041123470372545
diasbp,slot_3:diasbp,sharing,133.1047,32.1131,24.4724,23.7594,0.0011,0.4769,7.2794,7.6406,1776041125778948207
diasbp,slot_3:diasbp,sharing,133.519,63.9009,24.6397,23.955,0.001,0.4516,38.8625,39.2612,1776041126224810770
diasbp,slot_3:diasbp,sharing,134.4564,31.873,24.3248,23.6053,0.0011,0.4783,7.1929,7.5481,1776041127130541337
diasbp,slot_3:diasbp,sharing,136.5264,66.5216,24.1359,23.4465,0.0011,0.4588,41.9998,42.3858,1776041129235303637
diasbp,slot_3:diasbp,sharing,137.7871,33.1528,24.425,23.7178,0.0012,0.4736,8.383,8.7278,1776041130462389735
diasbp,slot_3:diasbp,sharing,138.4983,33.2518,24.2026,23.4897,0.0012,0.4589,8.6884,9.0492,1776041131173944865
diasbp,slot_3:diasbp,sharing,140.4195,64.8363,24.0706,23.3759,0.0012,0.4682,40.391,40.7656,1776041133126805903
diasbp,slot_3:diasbp,sharing,140.9194,60.9448,25.7107,24.5539,0.0011,0.4612,34.7641,35.2341,1776041133621055095
diasbp,slot_3:diasbp,sharing,141.9369,33.1082,24.503,23.7765,0.0012,0.4855,8.2464,8.6053,1776041134612128932
diasbp,slot_3:diasbp,sharing,142.2016,43.7195,25.7123,24.5385,0.0011,0.4619,17.5483,18.0072,1776041134886107785
diasbp,slot_3:diasbp,sharing,143.701,31.7173,24.6155,23.9137,0.0011,0.4637,6.7294,7.1018,1776041136374654708
diasbp,slot_3:diasbp,sharing,143.9534,32.0628,24.4282,23.7315,0.0012,0.4488,7.2858,7.6345,1776041136627589278
diasbp,slot_3:diasbp,sharing,143.9787,57.0056,26.1732,24.9157,0.0013,0.4487,30.3385,30.8325,1776041136675925531
diasbp,slot_3:diasbp,sharing,144.3266,42.527,24.381,23.6526,0.0011,0.4881,17.7901,18.146,1776041137011316270
diasbp,slot_3:diasbp,sharing,144.735,31.9414,24.3638,23.6505,0.0012,0.4725,7.2112,7.5776,1776041137409193370
diasbp,slot_3:diasbp,sharing,145.3045,32.0075,24.4695,23.7664,0.0011,0.45,7.1685,7.538,1776041137978569490
diasbp,slot_3:diasbp,sharing,146.8707,32.7535,24.3306,23.5986,0.0011,0.4946,7.9803,8.4228,1776041139545642271
diasbp,slot_3:diasbp,sharing,147.9128,33.6421,24.5445,23.8024,0.0011,0.4593,8.7342,9.0975,1776041140588452873
diasbp,slot_3:diasbp,sharing,150.2516,41.6009,25.8289,24.6575,0.0012,0.4647,15.3816,15.7721,1776041142933930343
diasbp,slot_3:diasbp,sharing,151.267,32.6905,24.4746,23.7882,0.0013,0.4503,7.8166,8.216,1776041143941765625
diasbp,slot_3:diasbp,sharing,152.2507,33.2594,24.696,23.9963,0.0012,0.4595,8.1675,8.5634,1776041144925807484
diasbp,slot_3:diasbp,sharing,153.2218,47.6751,24.0342,23.3257,0.0012,0.4539,23.2799,23.6409,1776041145912061392
diasbp,slot_3:diasbp,sharing,154.6059,32.129,24.2922,23.5837,0.0011,0.4737,7.4732,7.8368,1776041147280263419
diasbp,slot_3:diasbp,sharing,154.8849,33.0257,24.2997,23.6163,0.0011,0.4473,8.3377,8.7261,1776041147560156462
diasbp,slot_3:diasbp,sharing,154.923,39.0699,24.3545,23.6567,0.0011,0.4678,14.3523,14.7154,1776041147604281417
diasbp,slot_3:diasbp,sharing,155.4182,41.7085,24.6137,23.513,0.0011,0.8312,16.7255,17.0947,1776041148101823682
diasbp,slot_3:diasbp,sharing,157.3224,39.0165,24.2629,23.5555,0.0012,0.4736,14.3869,14.7536,1776041150003676961
diasbp,slot_3:diasbp,sharing,157.576,31.9507,24.3173,23.6216,0.0011,0.4548,7.2598,7.6334,1776041150250164354
diasbp,slot_3:diasbp,sharing,158.412,31.9455,24.2656,23.5849,0.0012,0.4485,7.3059,7.6799,1776041151086236964
diasbp,slot_3:diasbp,sharing,159.5288,33.7443,24.4904,23.7835,0.0013,0.4503,8.8763,9.2539,1776041152204632707
diasbp,slot_3:diasbp,sharing,160.4834,61.9166,24.1949,23.4827,0.0012,0.4748,37.3607,37.7217,1776041153187734188
diasbp,slot_3:diasbp,sharing,160.6031,69.5033,24.139,23.4645,0.0011,0.4454,44.9624,45.3644,1776041153315026956
diasbp,slot_3:diasbp,sharing,163.0638,32.0554,24.6863,24.0036,0.0012,0.4469,6.9852,7.3691,1776041155737768285
diasbp,slot_3:diasbp,sharing,163.428,65.032,24.2158,23.4984,0.0012,0.4841,40.4575,40.8162,1776041156135408193
diasbp,slot_3:diasbp,sharing,164.0255,33.1678,24.7529,23.6463,0.0012,0.4628,8.0261,8.4149,1776041156700447274
diasbp,slot_3:diasbp,sharing,165.7831,34.6088,24.7771,23.6826,0.0011,0.8281,9.4569,9.8318,1776041158459444723
diasbp,slot_3:diasbp,sharing,168.459,53.0438,24.2132,23.5035,0.0015,0.4713,28.475,28.8306,1776041161154409214
diasbp,slot_3:diasbp,sharing,168.9894,32.8927,24.4178,23.7155,0.0011,0.471,8.091,8.475,1776041161664440721
diasbp,slot_3:diasbp,sharing,169.4899,33.252,24.3716,23.6671,0.0011,0.4719,8.4815,8.8804,1776041162165306549
diasbp,slot_3:diasbp,sharing,169.8114,32.094,24.3242,23.6147,0.0012,0.4526,7.4112,7.7698,1776041162485753405
diasbp,slot_3:diasbp,sharing,171.8924,33.4618,24.4287,23.7354,0.0013,0.4551,8.6401,9.0331,1776041164567957987
diasbp,slot_3:diasbp,sharing,174.8735,39.335,24.3315,23.6349,0.0012,0.4633,14.6189,15.0035,1776041167555053066
diasbp,slot_3:diasbp,sharing,176.2444,33.097,24.7221,23.6432,0.0012,0.8389,8.0109,8.3749,1776041168919354408
diasbp,slot_3:diasbp,sharing,176.7001,62.8357,24.2598,23.5724,0.0011,0.4496,38.1999,38.5759,1776041169405212833
diasbp,slot_3:diasbp,sharing,178.1904,32.0134,24.6462,23.9455,0.0012,0.4502,6.9833,7.3672,1776041170864364071
diasbp,slot_3:diasbp,sharing,178.2836,78.0833,26.6544,25.4491,0.0011,0.4417,50.94,51.4289,1776041171001497951
diasbp,slot_3:diasbp,sharing,178.4749,33.1526,24.4426,23.7382,0.0011,0.4681,8.3451,8.7099,1776041171150145789
diasbp,slot_3:diasbp,sharing,179.9519,33.2325,24.2702,23.5292,0.0012,0.4747,8.6055,8.9623,1776041172627471559
diasbp,slot_3:diasbp,sharing,180.5294,32.6734,25.2775,24.5732,0.0011,0.4711,7.0179,7.3959,1776041173203344753
diasbp,slot_3:diasbp,sharing,180.6749,46.2921,24.2682,23.5475,0.0011,0.476,21.6568,22.0239,1776041173363520365
diasbp,slot_3:diasbp,sharing,187.0573,37.0164,24.771,23.697,0.0011,0.8304,11.8806,12.2454,1776041179736068670
diasbp,slot_3:diasbp,sharing,188.8463,53.6249,24.1884,23.5079,0.0012,0.4515,28.9032,29.4364,1776041181542143046
diasbp,slot_3:diasbp,sharing,189.7516,61.552,24.2454,23.5028,0.0012,0.4902,36.9413,37.3066,1776041182455429241
diasbp,slot_3:diasbp,sharing,190.3254,67.0455,24.2935,23.5788,0.0011,0.4844,42.3622,42.752,1776041183034665411
diasbp,slot_3:diasbp,sharing,190.4856,56.5774,24.3821,23.6689,0.0011,0.476,31.8372,32.1954,1776041183184402570
diasbp,slot_3:diasbp,sharing,191.2382,31.8651,24.3019,23.5891,0.0012,0.4687,7.2024,7.5633,1776041183912291989
diasbp,slot_3:diasbp,sharing,193.2025,31.7631,24.22,23.5107,0.0011,0.4752,7.1523,7.5431,1776041185876549154
diasbp,slot_3:diasbp,sharing,193.5843,52.4375,24.3218,23.6311,0.0015,0.4495,27.7283,28.1157,1776041186278931717
diasbp,slot_3:diasbp,sharing,197.1081,63.663,25.3063,24.6159,0.0012,0.224,37.9281,38.3567,1776041189812920465
diasbp,slot_3:diasbp,sharing,197.1274,44.3614,25.3063,24.6159,0.0012,0.224,18.5785,19.055,1776041189812920465
diasbp,slot_3:diasbp,sharing,198.5669,33.428,24.6405,23.9242,0.0011,0.4777,8.4212,8.7874,1776041191242220939
diasbp,slot_3:diasbp,sharing,198.6324,57.744,24.8785,24.1766,0.0012,0.4722,32.4922,32.8655,1776041191331838214
diasbp,slot_3:diasbp,sharing,198.7567,62.778,24.0206,23.3207,0.0011,0.4523,38.3971,38.7574,1776041191462053000
diasbp,slot_3:diasbp,sharing,199.2826,61.784,24.2269,23.5221,0.0179,0.4561,37.2036,37.5571,1776041191986757628
diasbp,slot_3:diasbp,sharing,200.8042,32.5034,25.0431,23.78,0.0012,0.6483,7.0908,7.4602,1776041193478230366
diasbp,slot_3:diasbp,sharing,202.5308,33.1607,24.3742,23.6725,0.0012,0.4673,8.4355,8.7865,1776041195206185661
diasbp,slot_3:diasbp,sharing,203.358,32.5336,25.0518,23.9541,0.0012,0.8545,7.1177,7.4818,1776041196032007424
diasbp,slot_3:diasbp,sharing,204.7192,33.7138,24.5619,23.4772,0.0012,0.8313,8.7726,9.1519,1776041197394915378
diasbp,slot_3:diasbp,sharing,205.3332,34.642,24.5666,23.8726,0.0011,0.4547,9.6405,10.0754,1776041198009811342
diasbp,slot_3:diasbp,sharing,205.538,31.3809,24.2058,23.5052,0.0012,0.4715,6.8107,7.1751,1776041198211763573
diasbp,slot_3:diasbp,sharing,207.4957,33.499,24.4148,23.6935,0.0012,0.4867,8.7094,9.0842,1776041200171298669
diasbp,slot_3:diasbp,sharing,207.9611,81.363,34.8051,33.1192,0.0013,0.4412,46.0441,46.5579,1776041200674031045
diasbp,slot_3:diasbp,sharing,208.474,32.4147,24.4015,23.6961,0.0011,0.4723,7.6363,8.0132,1776041201148533099
diasbp,slot_3:diasbp,sharing,208.6398,51.6803,24.6007,23.8895,0.0011,0.4572,26.7143,27.0796,1776041201333401974
diasbp,slot_3:diasbp,sharing,209.9899,31.709,24.5159,23.8294,0.0012,0.4503,6.8033,7.193,1776041202663652177
diasbp,slot_3:diasbp,sharing,210.0267,38.919,24.4079,23.7217,0.0012,0.4514,14.1246,14.511,1776041202707768765
diasbp,slot_3:diasbp,sharing,210.2361,32.0976,24.4067,23.7036,0.0012,0.4729,7.3006,7.6908,1776041202910299320
diasbp,slot_3:diasbp,sharing,212.0983,31.8952,24.4416,23.7327,0.0012,0.4769,7.0989,7.4536,1776041204772369694
diasbp,slot_3:diasbp,sharing,213.7032,31.2583,24.0428,23.3347,0.0012,0.4556,6.865,7.2155,1776041206376993592
diasbp,slot_3:diasbp,sharing,215.3484,33.3197,24.8682,24.1784,0.0011,0.4511,8.0683,8.4515,1776041208023390905
diasbp,slot_3:diasbp,sharing,216.473,31.4972,24.0451,23.3472,0.0012,0.4529,7.0794,7.4521,1776041209146998486
diasbp,slot_3:diasbp,sharing,217.041,32.6619,24.6025,23.5063,0.0013,0.4642,7.684,8.0594,1776041209715616608
diasbp,slot_3:diasbp,sharing,218.213,32.3944,24.4947,23.7517,0.0011,0.4779,7.5462,7.8998,1776041210887442606
diasbp,slot_3:diasbp,sharing,219.3567,32.4981,24.8076,24.0867,0.0012,0.4764,7.3171,7.6905,1776041212030913826
diasbp,slot_3:diasbp,sharing,220.5897,32.4278,24.6254,23.9035,0.0012,0.4749,7.4422,7.8024,1776041213264091658
diasbp,slot_3:diasbp,sharing,221.5822,59.8722,36.1565,34.3544,0.0012,0.4959,23.3135,23.7157,1776041214272432524
diasbp,slot_3:diasbp,sharing,221.6103,77.8627,24.4036,23.6994,0.0011,0.4681,53.0858,53.4591,1776041214330344462
diasbp,slot_3:diasbp,sharing,225.5655,32.2473,24.791,24.1067,0.0012,0.4527,7.0796,7.4563,1776041218239546009
diasbp,slot_3:diasbp,sharing,225.5928,43.5987,24.0877,23.3827,0.0012,0.4534,19.1457,19.511,1776041218278917482
diasbp,slot_3:diasbp,sharing,226.7652,32.7871,24.1045,23.3866,0.0011,0.4691,8.3137,8.6826,1776041219440451070
diasbp,slot_3:diasbp,sharing,226.8981,32.2154,24.3596,23.6572,0.0011,0.4713,7.4625,7.8557,1776041219572537527
diasbp,slot_3:diasbp,sharing,227.8487,59.0754,26.1985,24.9216,0.0012,0.4834,32.4357,32.8769,1776041220548085947
diasbp,slot_3:diasbp,sharing,228.2096,33.3581,24.6949,23.9814,0.001,0.4795,8.2858,8.6632,1776041220884833196
diasbp,slot_3:diasbp,sharing,228.8902,79.2787,24.8002,24.1051,0.0011,0.4488,54.1229,54.4785,1776041221611266023
diasbp,slot_3:diasbp,sharing,229.5723,33.6831,24.3876,23.6824,0.0011,0.4694,8.9469,9.2955,1776041222248220292
diasbp,slot_3:diasbp,sharing,229.8912,32.0253,24.7461,24.0141,0.0011,0.4904,6.9075,7.2792,1776041222565018019
diasbp,slot_3:diasbp,sharing,230.5383,67.0507,24.5098,23.7723,0.0013,0.4798,42.1782,42.5409,1776041223247460232
diasbp,slot_3:diasbp,sharing,231.0335,33.5412,24.4997,23.4162,0.0012,0.8443,8.6257,9.0415,1776041223709088149
diasbp,slot_3:diasbp,sharing,231.6275,31.7652,24.4507,23.738,0.0012,0.4787,6.9251,7.3146,1776041224301376706
diasbp,slot_3:diasbp,sharing,232.3314,83.1678,26.1631,25.0066,0.0011,0.4709,56.5627,57.0047,1776041225054937031
diasbp,slot_3:diasbp,sharing,233.0607,33.1783,24.5104,23.8272,0.0011,0.4463,8.292,8.668,1776041225735936086
diasbp,slot_3:diasbp,sharing,233.5277,33.5677,24.238,23.5143,0.0011,0.4761,8.9529,9.3297,1776041226203622769
diasbp,slot_3:diasbp,sharing,234.4436,31.8916,24.3068,23.5983,0.0011,0.4518,7.2289,7.5848,1776041227117757813
diasbp,slot_3:diasbp,sharing,235.3997,32.5272,24.3609,23.6341,0.0012,0.4837,7.808,8.1663,1776041228074394619
diasbp,slot_3:diasbp,sharing,235.9971,33.8492,24.6049,23.8988,0.0011,0.4574,8.8825,9.2443,1776041228672870747
diasbp,slot_3:diasbp,sharing,236.4413,31.7304,24.3069,23.5661,0.0013,0.4919,7.0665,7.4235,1776041229115293722
diasbp,slot_3:diasbp,sharing,236.6287,54.4045,24.3027,23.5999,0.0011,0.466,29.7523,30.1018,1776041229325390615
diasbp,slot_3:diasbp,sharing,237.7623,40.369,24.3509,23.6657,0.0011,0.4503,15.6245,16.0181,1776041230444898480
diasbp,slot_3:diasbp,sharing,238.7246,33.036,24.3956,23.7095,0.0011,0.4482,8.2576,8.6404,1776041231399809868
diasbp,slot_3:diasbp,sharing,239.0247,81.0802,24.4347,23.7354,0.0011,0.4548,56.263,56.6455,1776041231747945317
diasbp,slot_3:diasbp,sharing,240.7896,33.226,24.2491,23.5648,0.0012,0.4513,8.6093,8.9769,1776041233465168853
diasbp,slot_3:diasbp,sharing,241.6294,51.5003,26.0971,24.5185,0.0012,0.8693,24.8957,25.4032,1776041234321226150
diasbp,slot_3:diasbp,sharing,243.5245,32.8653,25.3678,24.6453,0.0011,0.4805,7.1254,7.4975,1776041236198575473
diasbp,slot_3:diasbp,sharing,243.6426,49.974,24.2411,23.5421,0.0015,0.4547,25.3525,25.7329,1776041236334934258
diasbp,slot_3:diasbp,sharing,246.1376,41.6789,26.4088,25.1401,0.0011,0.458,14.8687,15.2702,1776041238819403305
diasbp,slot_3:diasbp,sharing,246.5819,58.475,24.3393,23.6283,0.0011,0.4744,33.7603,34.1357,1776041239282643622
diasbp,slot_3:diasbp,sharing,248.1635,25.6181,24.6341,23.8986,0.0013,0.4904,0.6073,0.984,1776041240831076018
diasbp,slot_3:diasbp,sharing,249.4001,32.7003,24.3729,23.6707,0.0011,0.4646,7.9348,8.3274,1776041242075009744
diasbp,slot_3:diasbp,sharing,250.1824,33.4532,24.4004,23.6915,0.0012,0.4722,8.6775,9.0529,1776041242858005654
diasbp,slot_3:diasbp,sharing,251.8795,46.3436,24.3857,23.6993,0.0012,0.4503,21.5628,21.9578,1776041244568035182
diasbp,slot_3:diasbp,sharing,252.5482,67.6513,24.2866,23.6018,0.0011,0.4468,42.9933,43.3646,1776041245258135618
diasbp,slot_3:diasbp,sharing,252.6703,54.4775,24.2652,23.564,0.0011,0.4618,29.8388,30.2123,1776041245367037035
diasbp,slot_3:diasbp,sharing,253.6317,32.4228,24.6787,23.6121,0.0011,0.8301,7.344,7.7441,1776041246306011129
diasbp,slot_3:diasbp,sharing,253.8273,31.9955,24.2903,23.5914,0.001,0.4699,7.3295,7.7053,1776041246501569241
diasbp,slot_3:diasbp,sharing,255.1296,33.73,24.8078,24.101,0.0011,0.4722,8.5521,8.9222,1776041247805124481
diasbp,slot_3:diasbp,sharing,256.4824,34.0409,24.4058,23.6954,0.0011,0.4564,9.2685,9.6351,1776041249158630440
diasbp,slot_3:diasbp,sharing,256.9777,50.8273,26.2545,25.0873,0.0011,0.4643,24.0924,24.5727,1776041249668700945
diasbp,slot_3:diasbp,sharing,259.4025,60.7748,34.5614,32.9704,0.0012,0.8432,25.8131,26.2134,1776041252095268112
diasbp,slot_3:diasbp,sharing,262.0253,32.7256,24.5463,23.8369,0.0012,0.4698,7.8208,8.1793,1776041254700071074
diasbp,slot_3:diasbp,sharing,263.735,52.1297,36.0073,34.2505,0.0013,0.466,15.5811,16.1225,1776041256417549325
diasbp,slot_3:diasbp,sharing,264.1982,31.7314,24.4793,23.7994,0.0012,0.4459,6.8727,7.2521,1776041256871977481
diasbp,slot_3:diasbp,sharing,266.3873,77.1639,24.0456,23.3251,0.0013,0.4587,52.7523,53.1183,1776041259107034569
diasbp,slot_3:diasbp,sharing,267.4678,48.4533,24.6148,23.8944,0.0011,0.4857,23.4621,23.8385,1776041260158206111
diasbp,slot_3:diasbp,sharing,269.2927,31.9717,24.3828,23.688,0.0011,0.4624,7.1929,7.5889,1776041261966866383
diasbp,slot_3:diasbp,sharing,271.2603,33.1323,24.3442,23.6386,0.0011,0.4558,8.4085,8.7881,1776041263935680420
diasbp,slot_3:diasbp,sharing,272.0589,31.9111,24.3728,23.6758,0.0012,0.4561,7.1526,7.5383,1776041264732967797
diasbp,slot_3:diasbp,sharing,272.1873,31.2896,24.1744,23.4744,0.001,0.4527,6.7298,7.1152,1776041264860972315
diasbp,slot_3:diasbp,sharing,272.4302,73.5106,24.4852,23.7978,0.0012,0.4525,48.6653,49.0255,1776041265145761123
diasbp,slot_3:diasbp,sharing,272.5228,71.7063,24.4494,23.7392,0.0011,0.4538,46.8926,47.2569,1776041265236594603
diasbp,slot_3:diasbp,sharing,273.4587,31.9815,24.4039,23.6837,0.0012,0.4694,7.1533,7.5776,1776041266132747168
diasbp,slot_3:diasbp,sharing,275.978,71.0361,24.3124,23.5862,0.0011,0.4839,46.3564,46.7237,1776041268691298262
diasbp,slot_3:diasbp,sharing,276.3003,33.2601,24.4443,23.7237,0.0012,0.4594,8.4193,8.8158,1776041268975627819
diasbp,slot_3:diasbp,sharing,276.9673,60.6968,24.5856,23.8832,0.0011,0.4685,35.7461,36.1112,1776041269669964308
diasbp,slot_3:diasbp,sharing,278.4332,54.5378,24.5363,23.854,0.0011,0.4473,29.6347,30.0014,1776041271129777098
diasbp,slot_3:diasbp,sharing,278.8411,38.0254,24.4057,23.6962,0.001,0.4707,13.2446,13.6197,1776041271521238629
diasbp,slot_3:diasbp,sharing,282.1568,32.4805,24.7389,24.0107,0.0011,0.479,7.3802,7.7416,1776041274831159462
diasbp,slot_3:diasbp,sharing,284.0098,31.4441,24.178,23.453,0.0012,0.4749,6.8705,7.266,1776041276683614453
diasbp,slot_3:diasbp,sharing,284.3049,33.0789,24.2199,23.5121,0.0012,0.4689,8.4774,8.859,1776041276980355178
diasbp,slot_3:diasbp,sharing,287.4653,47.142,26.3945,25.1872,0.0011,0.4656,20.3354,20.7475,1776041280152572605
diasbp,slot_3:diasbp,sharing,288.36,33.3021,24.5544,23.8023,0.0012,0.4981,8.373,8.7477,1776041281035323306
diasbp,slot_3:diasbp,sharing,290.9362,34.0781,24.8353,24.1067,0.0012,0.4828,8.847,9.2429,1776041283612028511
diasbp,slot_3:diasbp,sharing,291.057,32.4452,24.2991,23.5885,0.0011,0.4558,7.7777,8.1461,1776041283731728867
diasbp,slot_3:diasbp,sharing,292.1087,61.7507,24.4738,23.7616,0.0012,0.4581,36.9031,37.2769,1776041284812524566
diasbp,slot_3:diasbp,sharing,293.1655,65.0542,24.863,24.1321,0.0012,0.4702,39.7954,40.1912,1776041285872273083
diasbp,slot_3:diasbp,sharing,295.7729,32.9783,24.4694,23.776,0.0012,0.4481,8.1253,8.5089,1776041288447948919
diasbp,slot_3:diasbp,sharing,297.4945,32.5863,24.7149,24.016,0.0011,0.4693,7.5052,7.8715,1776041290168970215
diasbp,slot_3:diasbp,sharing,299.6248,43.1745,26.2777,25.019,0.0011,0.4862,16.4745,16.8968,1776041292308198644
diasbp,slot_3:diasbp,sharing,299.6423,63.5757,24.2647,23.59,0.0011,0.4468,38.9545,39.3111,1776041292348209078
diasbp,slot_3:diasbp,sharing,299.896,33.7377,25.4985,24.399,0.0011,0.8597,7.8504,8.2391,1776041292570766867
diasbp,slot_3:diasbp,sharing,300.2508,31.4388,24.0907,23.3861,0.0011,0.4715,6.9761,7.3481,1776041292924744869
diasbp,slot_3:diasbp,sharing,300.5346,32.948,24.2702,23.5625,0.0012,0.4524,8.3067,8.6778,1776041293209828399
diasbp,slot_3:diasbp,sharing,301.5228,53.735,24.2723,23.5619,0.0011,0.4526,29.0763,29.4627,1776041294218846075
diasbp,slot_3:diasbp,sharing,301.9862,25.8687,24.9062,23.8395,0.0012,0.4809,0.5848,0.9624,1776041294653763953
diasbp,slot_3:diasbp,sharing,302.0955,78.5995,24.6453,23.9385,0.0012,0.4676,53.5777,53.9542,1776041294816038626
diasbp,slot_3:diasbp,sharing,302.4779,63.8387,26.5826,25.307,0.0012,0.4781,36.8216,37.2561,1776041295181692586
diasbp,slot_3:diasbp,sharing,302.5283,54.9071,24.5767,23.5189,0.0011,0.8192,29.964,30.3304,1776041295225157802
diasbp,slot_3:diasbp,sharing,302.769,34.4434,24.4364,23.7301,0.0011,0.4516,9.6323,10.0069,1776041295445550956
diasbp,slot_3:diasbp,sharing,302.8525,33.397,24.2517,23.5616,0.0011,0.4495,8.7709,9.1452,1776041295528231754
diasbp,slot_3:diasbp,sharing,304.1513,37.1017,24.5702,23.8319,0.0012,0.4959,12.1431,12.5315,1776041296830346950
diasbp,slot_3:diasbp,sharing,304.4955,33.5541,24.458,23.7287,0.0011,0.4868,8.7304,9.0961,1776041297171147919
diasbp,slot_3:diasbp,sharing,305.0832,68.0633,26.1083,24.8611,0.0011,0.4559,41.5385,41.955,1776041297791643726
diasbp,slot_3:diasbp,sharing,305.765,65.8269,26.2895,25.0148,0.0011,0.4775,39.1347,39.5374,1776041298471058787
diasbp,slot_3:diasbp,sharing,305.9791,32.9604,24.5177,23.8071,0.0012,0.469,8.0721,8.4427,1776041298654106007
diasbp,slot_3:diasbp,sharing,307.3706,32.1312,24.7224,24.0396,0.0012,0.4495,6.9933,7.4088,1776041300044574034
diasbp,slot_3:diasbp,sharing,309.1857,33.664,24.4511,23.7106,0.0011,0.484,8.8561,9.2129,1776041301861497075
diasbp,slot_3:diasbp,sharing,309.8021,44.205,24.2685,23.5556,0.0012,0.4765,19.5854,19.9365,1776041302488587732
diasbp,slot_3:diasbp,sharing,310.8471,32.3377,24.3164,23.5941,0.0012,0.4682,7.6561,8.0213,1776041303521679129
diasbp,slot_3:diasbp,sharing,313.7388,31.7061,24.4737,23.7661,0.0012,0.4531,6.8648,7.2324,1776041306412590970
diasbp,slot_3:diasbp,sharing,317.2929,33.4258,24.3264,23.6215,0.0011,0.4728,8.7361,9.0994,1776041309968564239
diasbp,slot_3:diasbp,sharing,318.678,32.1741,24.4264,23.7276,0.0012,0.4707,7.3719,7.7477,1776041311352311745
diasbp,slot_3:diasbp,sharing,319.7509,49.2363,24.4584,23.744,0.0012,0.478,24.4045,24.7779,1776041312442268159
diasbp,slot_3:diasbp,sharing,320.4011,39.1853,24.8383,23.7378,0.0011,0.8556,13.9725,14.347,1776041313082029546
diasbp,slot_3:diasbp,sharing,322.2003,52.3822,24.4011,23.6989,0.0011,0.4662,27.601,27.9812,1776041314894848496
diasbp,slot_3:diasbp,sharing,322.2267,74.554,26.3443,25.0669,0.0012,0.4733,47.7407,48.2096,1776041314941396368
diasbp,slot_3:diasbp,sharing,323.2139,32.29,24.2826,23.564,0.0011,0.4722,7.6334,8.0074,1776041315888470822
diasbp,slot_3:diasbp,sharing,323.5333,50.9441,25.8047,24.5618,0.0011,0.4544,24.7538,25.1394,1776041316225020699
diasbp,slot_3:diasbp,sharing,323.8549,57.1504,24.1407,23.4271,0.0011,0.465,32.65,33.0096,1776041316554445350
diasbp,slot_3:diasbp,sharing,324.3424,56.8445,24.3467,23.6123,0.0012,0.4805,32.1441,32.4978,1776041317041452005
diasbp,slot_3:diasbp,sharing,324.5684,32.7129,24.8731,23.7648,0.0017,0.496,7.4911,7.8399,1776041317242863212
diasbp,slot_3:diasbp,sharing,325.4139,44.3883,24.8319,24.1241,0.0011,0.4751,19.1841,19.5564,1776041318100034742
diasbp,slot_3:diasbp,sharing,325.4382,60.7393,24.1883,23.5051,0.0011,0.4481,36.1679,36.551,1776041318141297701
diasbp,slot_3:diasbp,sharing,326.9531,32.7456,24.4158,23.7058,0.0012,0.4509,7.9541,8.3298,1776041319628010071
diasbp,slot_3:diasbp,sharing,328.631,73.3979,24.1999,23.4979,0.0017,0.4706,48.8341,49.198,1776041321346775156
diasbp,slot_3:diasbp,sharing,330.3798,50.2999,24.0968,23.3807,0.0013,0.4871,25.841,26.2031,1776041323072582426
diasbp,slot_3:diasbp,sharing,330.3952,80.0571,24.2968,23.5701,0.0012,0.4751,55.3777,55.7604,1776041323117485021
diasbp,slot_3:diasbp,sharing,330.5383,32.665,24.2614,23.5509,0.0012,0.4679,8.0457,8.4036,1776041323213321999
diasbp,slot_3:diasbp,sharing,331.6598,68.3095,24.4462,23.7265,0.0011,0.4753,43.489,43.8634,1776041324370184156
diasbp,slot_3:diasbp,sharing,333.2467,32.5856,24.4156,23.7092,0.0011,0.4718,7.8058,8.17,1776041325921438765
diasbp,slot_3:diasbp,sharing,334.2983,33.6335,24.3396,23.6273,0.0011,0.4718,8.9118,9.2938,1776041326974141956
diasbp,slot_3:diasbp,sharing,334.9251,32.1767,24.1706,23.4479,0.0012,0.477,7.6475,8.0061,1776041327599679197
diasbp,slot_3:diasbp,sharing,335.0454,32.2964,24.3372,23.6516,0.0011,0.4529,7.5946,7.9592,1776041327719942220
diasbp,slot_3:diasbp,sharing,335.4761,33.4203,24.2696,23.5559,0.0011,0.4534,8.7786,9.1508,1776041328151811829
diasbp,slot_3:diasbp,sharing,335.7644,32.8789,24.5853,23.4675,0.0012,0.4835,7.9248,8.2936,1776041328439263775
diasbp,slot_3:diasbp,sharing,336.0279,45.1086,24.4413,23.5318,0.0011,0.6739,20.3078,20.6673,1776041328715109703
diasbp,slot_3:diasbp,sharing,337.4675,45.7132,24.3397,23.5883,0.0012,0.4811,21.0147,21.3734,1776041330155462229
diasbp,slot_3:diasbp,sharing,338.5778,69.5901,24.1858,23.483,0.0011,0.4716,45.0356,45.4043,1776041331289772030
diasbp,slot_3:diasbp,sharing,340.005,34.6305,24.2332,23.5396,0.0012,0.4547,10.0191,10.3973,1776041332681979523
diasbp,slot_3:diasbp,sharing,341.0103,32.9487,24.2776,23.5798,0.0012,0.4706,8.3063,8.6711,1776041333685574880
diasbp,slot_3:diasbp,sharing,341.7215,59.7906,24.2911,23.575,0.0013,0.4759,35.1348,35.4995,1776041334423598096
diasbp,slot_3:diasbp,sharing,342.0735,33.2632,24.9106,24.2178,0.0011,0.4572,7.9696,8.3526,1776041334748394232
diasbp,slot_3:diasbp,sharing,344.005,55.7475,24.1203,23.4016,0.0012,0.4621,31.2645,31.6272,1776041336703159498
diasbp,slot_3:diasbp,sharing,344.7444,56.8042,24.2028,23.4755,0.0011,0.4783,32.2273,32.6013,1776041337443537769
diasbp,slot_3:diasbp,sharing,348.0631,32.4655,24.6498,23.9237,0.0012,0.4548,7.4763,7.8157,1776041340737499270
diasbp,slot_3:diasbp,sharing,349.5914,32.3203,24.2511,23.5655,0.0011,0.4503,7.6416,8.0691,1776041342265950807
diasbp,slot_3:diasbp,sharing,351.2427,44.0683,24.4056,23.7089,0.0011,0.4592,19.2816,19.6627,1776041343928925722
diasbp,slot_3:diasbp,sharing,351.4002,32.84,24.6035,23.8714,0.0012,0.4923,7.8676,8.2365,1776041344075001892
diasbp,slot_3:diasbp,sharing,352.1002,33.2837,24.7484,24.0381,0.0012,0.4555,8.1728,8.5353,1776041344775288482
diasbp,slot_3:diasbp,sharing,354.1699,36.2639,24.3303,23.6105,0.0011,0.4895,11.5697,11.9337,1776041346848364281
diasbp,slot_3:diasbp,sharing,354.7253,78.7568,24.5172,23.8145,0.0012,0.4701,53.8731,54.2396,1776041347446139994
diasbp,slot_3:diasbp,sharing,355.5895,66.499,24.2501,23.5443,0.0012,0.4705,41.8656,42.2489,1776041348298293958
diasbp,slot_3:diasbp,sharing,356.5765,60.3747,24.2206,23.5236,0.0011,0.462,35.7704,36.1541,1776041349279233331
diasbp,slot_3:diasbp,sharing,359.4908,32.2833,24.4467,23.734,0.0015,0.4717,7.4806,7.8366,1776041352165201806
diasbp,slot_3:diasbp,sharing,360.1804,88.7227,35.1594,33.4243,0.0013,0.4717,53.087,53.5633,1776041352900407892
diasbp,slot_3:diasbp,sharing,361.4673,53.0696,24.3374,23.5947,0.0013,0.4963,28.3635,28.7322,1776041354162632326
diasbp,slot_3:diasbp,sharing,362.1765,32.2254,24.2357,23.539,0.0011,0.4627,7.6196,7.9897,1776041354851053845
diasbp,slot_3:diasbp,sharing,362.4378,47.9403,24.3773,23.697,0.0014,0.445,23.1862,23.563,1776041355127956886
diasbp,slot_3:diasbp,sharing,362.4899,43.8435,24.2624,23.5799,0.0011,0.4494,19.2015,19.5811,1776041355175998821
diasbp,slot_3:diasbp,sharing,362.5618,32.2225,24.4778,23.7717,0.0011,0.4686,7.3445,7.7448,1776041355236083286
diasbp,slot_3:diasbp,sharing,364.8165,32.8913,24.1812,23.4784,0.0011,0.4728,8.3041,8.7101,1776041357491724162
diasbp,slot_3:diasbp,sharing,366.4153,32.3505,24.4125,23.7203,0.0012,0.4594,7.5371,7.938,1776041359089809589
diasbp,slot_3:diasbp,sharing,367.1405,42.2242,24.3807,23.6915,0.0011,0.4519,17.4487,17.8434,1776041359824866745
diasbp,slot_3:diasbp,sharing,368.0888,78.4512,24.6974,23.5814,0.0011,0.88,53.3915,53.7538,1776041360809142752
diasbp,slot_3:diasbp,sharing,368.6618,31.9014,24.0708,23.3688,0.0011,0.4669,7.4577,7.8306,1776041361336183321
diasbp,slot_3:diasbp,sharing,371.6185,65.4027,24.2426,23.5413,0.0012,0.4713,40.8151,41.1602,1776041364326297162
diasbp,slot_3:diasbp,sharing,371.8392,32.9883,25.0563,24.2905,0.0013,0.5099,7.5743,7.932,1776041364513665982
diasbp,slot_3:diasbp,sharing,376.0092,71.2116,24.3027,23.5787,0.0012,0.459,46.5524,46.9089,1776041368722703891
diasbp,slot_3:diasbp,sharing,378.1985,70.3738,26.2705,24.9957,0.0013,0.4812,43.6862,44.1033,1776041370909166982
diasbp,slot_3:diasbp,sharing,379.4669,84.0492,25.9152,24.645,0.0011,0.4714,57.6992,58.134,1776041372191500202
diasbp,slot_3:diasbp,sharing,380.1463,33.8304,24.6859,23.9818,0.0011,0.4681,8.7781,9.1445,1776041372822041610
diasbp,slot_3:diasbp,sharing,380.3914,42.6955,24.1367,23.4202,0.0012,0.4702,18.1987,18.5588,1776041373076496081
diasbp,slot_3:diasbp,sharing,380.5625,49.6573,24.0268,23.3224,0.0011,0.4718,25.2621,25.6306,1776041373254732478
diasbp,slot_3:diasbp,sharing,381.1631,33.5343,24.7885,24.0795,0.0012,0.4505,8.3563,8.7458,1776041373838352515
diasbp,slot_3:diasbp,sharing,384.2987,33.3505,24.4921,23.7735,0.0011,0.4746,8.5015,8.8584,1776041376974178108
diasbp,slot_3:diasbp,sharing,385.9487,33.2854,24.8282,24.1088,0.0012,0.4745,8.0888,8.4572,1776041378623734768
diasbp,slot_3:diasbp,sharing,387.0344,31.9345,24.2207,23.5038,0.0011,0.4772,7.3206,7.7138,1776041379708668457
diasbp,slot_3:diasbp,sharing,388.1166,33.1628,25.0016,24.3064,0.0011,0.4558,7.7586,8.1612,1776041380791326946
diasbp,slot_3:diasbp,sharing,388.3246,34.6444,25.2104,24.493,0.0011,0.4779,9.0826,9.434,1776041381000661071
diasbp,slot_3:diasbp,sharing,388.7979,33.586,24.3044,23.5954,0.0012,0.4584,8.8689,9.2817,1776041381473709574
diasbp,slot_3:diasbp,sharing,389.6019,33.1049,25.1212,24.398,0.0011,0.4707,7.6098,7.9837,1776041382276465163
diasbp,slot_3:diasbp,sharing,390.1103,37.715,24.4919,23.7657,0.0011,0.4857,12.861,13.2231,1776041382790058641
diasbp,slot_3:diasbp,sharing,392.2585,56.5789,24.3963,23.6939,0.0011,0.472,31.8213,32.1826,1776041384957246443
diasbp,slot_3:diasbp,sharing,392.4578,53.0915,25.9912,24.8308,0.0012,0.4365,26.6552,27.1004,1776041385151409609
diasbp,slot_3:diasbp,sharing,392.581,32.3989,24.3621,23.6477,0.001,0.4539,7.6749,8.0369,1776041385255641068
diasbp,slot_3:diasbp,sharing,393.8179,32.4883,24.3679,23.6569,0.0012,0.4569,7.7639,8.1205,1776041386492639653
diasbp,slot_3:diasbp,sharing,394.5265,56.2184,24.2629,23.5554,0.0011,0.4612,31.5592,31.9555,1776041387224981099
diasbp,slot_3:diasbp,sharing,395.4704,33.6695,24.1713,23.4645,0.0011,0.4741,9.1336,9.4982,1776041388146445193
diasbp,slot_3:diasbp,sharing,397.5713,32.4123,24.2877,23.6051,0.0012,0.452,7.7422,8.1246,1776041390245929770
diasbp,slot_3:diasbp,sharing,398.4251,33.0069,24.3986,23.6889,0.0011,0.4724,8.2543,8.6083,1776041391100250975
diasbp,slot_3:diasbp,sharing,398.772,59.2742,24.0341,23.3274,0.0011,0.4736,34.8761,35.2401,1776041391473825328
diasbp,slot_3:diasbp,sharing,399.4762,37.0977,24.5082,23.7605,0.0011,0.4912,12.2213,12.5895,1776041392155339843
diasbp,slot_3:diasbp,sharing,399.8273,33.2553,24.1627,23.4581,0.0012,0.4505,8.7125,9.0926,1776041392502906885
diasbp,slot_3:diasbp,sharing,402.2507,45.3126,24.1364,23.4158,0.0011,0.471,20.8309,21.1762,1776041394938480447
diasbp,slot_3:diasbp,sharing,402.4207,32.1043,24.3033,23.5927,0.0011,0.4703,7.4406,7.8009,1776041395095111999
diasbp,slot_3:diasbp,sharing,402.5459,41.4674,24.238,23.5343,0.0012,0.468,16.8879,17.2295,1776041395229708637
diasbp,slot_3:diasbp,sharing,403.1411,49.3665,25.9079,24.748,0.0013,0.461,22.9104,23.4585,1776041395830931707
diasbp,slot_3:diasbp,sharing,403.1761,53.3388,24.153,23.4455,0.0011,0.4492,28.8286,29.1858,1776041395871898189
diasbp,slot_3:diasbp,sharing,403.3625,32.5603,24.2035,23.4807,0.0011,0.4678,7.9982,8.3568,1776041396037453202
diasbp,slot_3:diasbp,sharing,403.6945,33.4022,24.8901,24.2045,0.0012,0.4512,8.131,8.5121,1776041396369535378
diasbp,slot_3:diasbp,sharing,404.6157,47.9269,24.0648,23.376,0.0011,0.4546,23.4466,23.8621,1776041397306109564
diasbp,slot_3:diasbp,sharing,405.1212,33.3059,25.1642,24.4553,0.0011,0.4542,7.762,8.1417,1776041397795937580
diasbp,slot_3:diasbp,sharing,405.3419,32.8217,24.5296,23.8241,0.0011,0.4685,7.9124,8.292,1776041398016749086
diasbp,slot_3:diasbp,sharing,405.5745,34.0378,24.6529,23.9456,0.0012,0.4501,8.9998,9.3849,1776041398250406615
diasbp,slot_3:diasbp,sharing,407.2755,33.7884,24.2836,23.5546,0.0011,0.4738,9.1398,9.5048,1776041399951553955
diasbp,slot_3:diasbp,sharing,408.2671,32.5699,24.4739,23.7893,0.0012,0.4503,7.7116,8.096,1776041400941759241
diasbp,slot_3:diasbp,sharing,409.7866,70.1528,24.3299,23.6261,0.0011,0.4687,45.4347,45.8228,1776041402499003948
diasbp,slot_3:diasbp,sharing,410.6666,84.44,24.7337,24.0244,0.0011,0.4729,59.3567,59.7063,1776041403392936373
diasbp,slot_3:diasbp,sharing,410.9552,33.5383,24.487,23.7891,0.0014,0.4612,8.6827,9.0513,1776041403630806179
diasbp,slot_3:diasbp,sharing,411.9066,39.8195,24.2438,23.5369,0.0012,0.4733,15.2152,15.5757,1776041404588715441
diasbp,slot_3:diasbp,sharing,412.7776,32.6388,24.524,23.8159,0.0012,0.472,7.7562,8.1148,1776041405452319300
diasbp,slot_3:diasbp,sharing,412.9229,60.6482,24.1842,23.4801,0.0014,0.4527,36.088,36.464,1776041405625893368
diasbp,slot_3:diasbp,sharing,414.0367,34.8878,24.5112,23.7772,0.0013,0.4736,10.0145,10.3766,1776041406713633616
diasbp,slot_3:diasbp,sharing,415.6011,32.7997,24.9408,23.8313,0.0013,0.8251,7.4472,7.8589,1776041408275490610
diasbp,slot_3:diasbp,sharing,415.9298,37.1358,24.9839,24.2605,0.0011,0.4531,11.7769,12.1519,1776041408608482644
diasbp,slot_3:diasbp,sharing,416.7699,51.6152,26.2864,25.0074,0.0012,0.4886,24.925,25.3288,1776041409461798807
diasbp,slot_3:diasbp,sharing,417.0409,35.1691,24.6999,23.9827,0.0013,0.4811,10.1118,10.4693,1776041409717981416
diasbp,slot_3:diasbp,sharing,418.0666,68.9788,26.2765,25.1046,0.0011,0.4749,42.2876,42.7023,1776041410775782578
diasbp,slot_3:diasbp,sharing,419.1513,32.6636,24.544,23.8399,0.0011,0.4685,7.7467,8.1196,1776041411826007634
diasbp,slot_3:diasbp,sharing,420.1829,33.0644,24.8872,24.1992,0.0011,0.4529,7.771,8.1772,1776041412857608180
diasbp,slot_3:diasbp,sharing,421.1744,70.5571,26.5239,25.2433,0.0012,0.4741,43.6451,44.0332,1776041413885015820
diasbp,slot_3:diasbp,sharing,422.2481,33.7381,24.4156,23.7294,0.0012,0.4507,8.9393,9.3225,1776041414923965599
diasbp,slot_3:diasbp,sharing,422.5431,39.5203,24.1388,23.4496,0.0012,0.4513,14.9996,15.3815,1776041415225019230
diasbp,slot_3:diasbp,sharing,422.5857,41.1069,24.1566,23.4779,0.0011,0.4469,16.5591,16.9503,1776041415269188112
diasbp,slot_3:diasbp,sharing,423.7278,32.831,24.6713,23.9472,0.0012,0.4596,7.7596,8.1597,1776041416402496646
diasbp,slot_3:diasbp,sharing,423.87,33.2327,24.189,23.471,0.0011,0.4777,8.6894,9.0437,1776041416545601227
diasbp,slot_3:diasbp,sharing,425.6801,34.306,25.2184,24.4841,0.0012,0.4836,8.7068,9.0877,1776041418355752204
diasbp,slot_3:diasbp,sharing,426.6688,66.4439,24.3716,23.6372,0.0012,0.4891,41.703,42.0724,1776041419377393196
diasbp,slot_3:diasbp,sharing,428.0034,32.0663,24.2989,23.5756,0.0012,0.4587,7.3938,7.7675,1776041420677748819
diasbp,slot_3:diasbp,sharing,428.9505,51.0094,24.1936,23.4712,0.0012,0.4587,26.464,26.8158,1776041421643866190
diasbp,slot_3:diasbp,sharing,429.2307,73.1454,26.4007,25.2155,0.0011,0.4448,46.2537,46.7447,1776041421943893647
diasbp,slot_3:diasbp,sharing,430.8796,33.6547,24.5476,23.819,0.0011,0.4826,8.7478,9.1071,1776041423555279447
diasbp,slot_3:diasbp,sharing,432.6003,33.8621,24.5641,23.8486,0.0011,0.4752,8.9316,9.298,1776041425276186117
diasbp,slot_3:diasbp,sharing,433.027,33.6385,24.4436,23.7436,0.0011,0.4613,8.8046,9.1949,1776041425702768085
diasbp,slot_3:diasbp,sharing,434.0076,58.387,24.2505,23.5415,0.0012,0.4705,33.782,34.1366,1776041426708330273
diasbp,slot_3:diasbp,sharing,434.0861,34.8928,24.2348,23.4869,0.0011,0.5079,10.2868,10.658,1776041426763317090
diasbp,slot_3:diasbp,sharing,435.0318,34.0815,24.4142,23.7307,0.0012,0.4505,9.2559,9.6673,1776041427707941873
diasbp,slot_3:diasbp,sharing,435.1072,47.7109,24.414,23.721,0.0011,0.455,22.9101,23.2969,1776041427797063769
diasbp,slot_3:diasbp,sharing,438.3728,32.0837,24.3621,23.6677,0.0012,0.4637,7.3528,7.7217,1776041431047061233
diasbp,slot_3:diasbp,sharing,438.7629,74.6584,24.0281,23.3498,0.0011,0.4492,50.281,50.6303,1776041431480116189
diasbp,slot_3:diasbp,sharing,439.074,32.5105,24.5391,23.837,0.0012,0.4503,7.6082,7.9714,1776041431748589235
diasbp,slot_3:diasbp,sharing,439.4222,41.2984,24.2803,23.5781,0.0012,0.4518,16.6616,17.0181,1776041432105793647
diasbp,slot_3:diasbp,sharing,439.4806,33.2797,24.1991,23.5226,0.0013,0.4474,8.7044,9.0805,1776041432156249388
diasbp,slot_3:diasbp,sharing,441.5819,76.37,24.302,23.5941,0.0012,0.4735,51.698,52.068,1776041434300572415
diasbp,slot_3:diasbp,sharing,448.868,31.8465,24.342,23.6446,0.0011,0.4542,7.1385,7.5045,1776041441542068552
diasbp,slot_3:diasbp,sharing,449.2555,33.5979,24.1273,23.399,0.0012,0.4838,9.1043,9.4706,1776041441931501380
diasbp,slot_3:diasbp,sharing,450.2914,32.846,24.2316,23.5223,0.001,0.4753,8.2302,8.6144,1776041442966593248
diasbp,slot_3:diasbp,sharing,450.5523,67.9724,26.6519,25.4728,0.0012,0.4738,40.8089,41.3205,1776041443260025273
diasbp,slot_3:diasbp,sharing,451.0403,33.6859,24.2811,23.5784,0.0012,0.4678,9.0466,9.4048,1776041443716288826
diasbp,slot_3:diasbp,sharing,451.838,73.0641,24.3113,23.6131,0.0011,0.4682,48.3792,48.7528,1776041444553323655
diasbp,slot_3:diasbp,sharing,452.359,33.2932,24.7749,24.0623,0.0012,0.4801,8.1558,8.5183,1776041445034041280
diasbp,slot_3:diasbp,sharing,454.0911,41.9817,24.2782,23.5604,0.0012,0.4844,17.3395,17.7035,1776041446775416084
diasbp,slot_3:diasbp,sharing,455.1607,67.2474,24.2413,23.5585,0.0013,0.4536,42.6116,43.0061,1776041447870255982
diasbp,slot_3:diasbp,sharing,455.3451,32.6035,24.4485,23.7525,0.0011,0.4553,7.7755,8.155,1776041448019832842
diasbp,slot_3:diasbp,sharing,456.3052,32.0327,24.4501,23.725,0.0012,0.4758,7.1921,7.5827,1776041448979340096
diasbp,slot_3:diasbp,sharing,457.3737,34.4324,24.6509,23.9209,0.0012,0.491,9.4161,9.7815,1776041450050008198
diasbp,slot_3:diasbp,sharing,458.7639,32.5961,24.5421,23.8095,0.0012,0.4567,7.6683,8.054,1776041451438466646
diasbp,slot_3:diasbp,sharing,458.8276,32.8219,24.2237,23.5171,0.0011,0.4725,8.2304,8.5982,1776041451502716144
diasbp,slot_3:diasbp,sharing,459.4949,32.9838,24.3519,23.6395,0.0011,0.47,8.2583,8.6319,1776041452170058143
diasbp,slot_3:diasbp,sharing,459.5509,33.1845,24.4357,23.7123,0.0011,0.4841,8.3923,8.7488,1776041452226271178
diasbp,slot_3:diasbp,sharing,460.3111,81.6307,34.7312,32.6857,0.0012,0.4723,46.3603,46.8996,1776041453024409658
diasbp,slot_3:diasbp,sharing,460.9186,59.9895,24.6964,23.986,0.0012,0.4539,34.9321,35.2931,1776041453620498416
diasbp,slot_3:diasbp,sharing,461.8023,68.3811,24.1342,23.4469,0.0011,0.4509,43.8597,44.2469,1776041454513082409
diasbp,slot_3:diasbp,sharing,462.6955,32.5959,24.2939,23.5938,0.0011,0.4695,7.9329,8.302,1776041455370364081
diasbp,slot_3:diasbp,sharing,463.2413,41.0891,24.3171,23.5966,0.0011,0.4857,16.3717,16.7719,1776041455924640634
diasbp,slot_3:diasbp,sharing,466.5048,76.8726,24.1913,23.5059,0.0011,0.4514,52.2952,52.6813,1776041459224039450
diasbp,slot_3:diasbp,sharing,466.8059,63.2854,34.5142,32.7339,0.0012,0.4771,28.2066,28.7711,1776041459501083756
diasbp,slot_3:diasbp,sharing,471.6774,32.1407,24.1944,23.4882,0.0013,0.4548,7.5784,7.9463,1776041464351886467
diasbp,slot_3:diasbp,sharing,471.7489,59.602,24.3504,23.6289,0.0011,0.4608,34.8792,35.2516,1776041464450734229
diasbp,slot_3:diasbp,sharing,473.04,66.6718,26.1737,24.9034,0.0012,0.4765,40.071,40.4981,1776041465747033023
diasbp,slot_3:diasbp,sharing,475.3562,77.1565,26.2412,25.0338,0.0013,0.4798,50.5195,50.9153,1776041468073681813
diasbp,slot_3:diasbp,sharing,475.7313,33.9577,24.2954,23.5561,0.0013,0.492,9.3005,9.6623,1776041468407572714
diasbp,slot_3:diasbp,sharing,476.2967,64.6708,24.8445,24.1189,0.0011,0.4833,39.4661,39.8263,1776041469003097030
diasbp,slot_3:diasbp,sharing,478.992,41.9261,24.3774,23.6747,0.0012,0.4671,17.1964,17.5488,1776041471676150170
diasbp,slot_3:diasbp,sharing,479.4329,32.1684,24.326,23.6113,0.001,0.4829,7.4914,7.8424,1776041472107307935
diasbp,slot_3:diasbp,sharing,480.8039,32.5625,24.4388,23.2861,0.0012,0.9189,7.7298,8.1237,1776041473478609678
diasbp,slot_3:diasbp,sharing,481.6356,73.2446,24.3251,23.6293,0.0012,0.462,48.5563,48.9195,1776041474351110729
diasbp,slot_3:diasbp,sharing,483.5217,34.6696,24.1131,23.4002,0.0011,0.4778,10.1812,10.5566,1776041476198826783
diasbp,slot_3:diasbp,sharing,485.2954,34.1263,24.5439,23.464,0.0012,0.4531,9.2053,9.5824,1776041477971559135
diasbp,slot_3:diasbp,sharing,486.0789,33.5712,24.572,23.802,0.0011,0.534,8.6327,8.9993,1776041478754424592
diasbp,slot_3:diasbp,sharing,486.3407,33.8318,24.4129,23.6982,0.0011,0.4548,9.053,9.419,1776041479016695289
diasbp,slot_3:diasbp,sharing,487.5386,74.106,26.5155,25.2648,0.0012,0.4684,47.1618,47.5905,1776041480252731996
diasbp,slot_3:diasbp,sharing,487.5954,86.8523,46.8375,44.6401,0.0011,0.4356,39.3274,40.0148,1776041480301629146
diasbp,slot_3:diasbp,sharing,488.5997,33.9322,24.4821,23.7951,0.0012,0.4531,9.0559,9.4501,1776041481275692328
diasbp,slot_3:diasbp,sharing,488.7118,33.3114,24.816,24.0831,0.0011,0.4926,8.1286,8.4954,1776041481386821735
diasbp,slot_3:diasbp,sharing,488.7722,32.3286,24.3234,23.6168,0.0011,0.4516,7.6194,8.0052,1776041481446720301
diasbp,slot_3:diasbp,sharing,490.4117,34.0145,24.9164,24.2251,0.0011,0.4532,8.7094,9.0981,1776041483087310267
diasbp,slot_3:diasbp,sharing,491.0284,37.2417,24.1576,23.4735,0.0011,0.4524,12.6905,13.0841,1776041483708074312
diasbp,slot_3:diasbp,sharing,491.4973,33.2923,24.8153,23.7268,0.0011,0.8542,8.0867,8.477,1776041484172354605
diasbp,slot_3:diasbp,sharing,493.1264,32.9804,24.4175,23.6934,0.0011,0.4717,8.1894,8.5629,1776041485801497853
diasbp,slot_3:diasbp,sharing,493.345,71.4419,25.8717,24.7064,0.0011,0.4532,45.1281,45.5701,1776041486057081687
diasbp,slot_3:diasbp,sharing,494.8434,81.0475,24.289,23.5833,0.0012,0.4727,56.3724,56.7585,1776041487566672679
diasbp,slot_3:diasbp,sharing,494.9435,32.7353,24.9112,24.2019,0.0012,0.4757,7.4575,7.8241,1776041487617893731
diasbp,slot_3:diasbp,sharing,495.057,33.9096,24.5576,23.4751,0.0013,0.459,8.9707,9.3519,1776041487732943863
diasbp,slot_3:diasbp,sharing,495.3177,33.3145,24.576,23.8714,0.0011,0.4764,8.3916,8.7384,1776041487993003983
diasbp,slot_3:diasbp,sharing,497.8058,32.9528,24.5427,23.8214,0.0013,0.4671,8.0297,8.4101,1776041490480740091
diasbp,slot_3:diasbp,sharing,498.9171,31.8999,24.305,23.5891,0.0012,0.4849,7.2315,7.5949,1776041491591299479
diasbp,slot_3:diasbp,sharing,499.0522,69.9062,24.1826,23.4188,0.0015,0.5235,45.3634,45.7236,1776041491764532623
diasbp,slot_3:diasbp,sharing,499.3503,34.1585,24.8716,24.1434,0.0011,0.4623,8.9335,9.2869,1776041492026151132
diasbp,slot_3:diasbp,sharing,499.5038,51.5726,24.2807,23.5642,0.0011,0.4882,26.9272,27.2918,1776041492197626571
diasbp,slot_3:diasbp,sharing,502.0743,33.2229,24.2555,23.5435,0.0011,0.4533,8.6079,8.9674,1776041494749836313
diasbp,slot_3:diasbp,sharing,502.8127,53.6184,24.3049,23.5931,0.0012,0.4722,28.9488,29.3135,1776041495508617246
diasbp,slot_3:diasbp,sharing,504.5696,84.3625,24.4465,23.7385,0.0015,0.4721,59.5498,59.916,1776041497296124915
diasbp,slot_3:diasbp,sharing,505.9718,100.2102,34.5292,32.7912,0.0013,0.4803,65.2745,65.681,1776041498704039813
diasbp,slot_3:diasbp,sharing,507.261,32.9442,24.4634,23.7754,0.0012,0.4507,8.0993,8.4808,1776041499936000884
diasbp,slot_3:diasbp,sharing,509.9451,32.6307,24.6436,23.9523,0.0012,0.4493,7.6227,7.9871,1776041502619638641
diasbp,slot_3:diasbp,sharing,510.6645,34.0998,24.8162,24.1269,0.0011,0.4512,8.9128,9.2836,1776041503340347391
diasbp,slot_3:diasbp,sharing,512.7279,32.7187,24.6709,23.9542,0.0011,0.4621,7.6687,8.0477,1776041505402501937
diasbp,slot_3:diasbp,sharing,514.5101,71.9516,27.6015,26.3309,0.0011,0.4548,43.9458,44.3501,1776041507220999640
diasbp,slot_3:diasbp,sharing,515.7121,34.4849,24.3705,23.6566,0.0011,0.4576,9.7518,10.1144,1776041508388761763
diasbp,slot_3:diasbp,sharing,516.3296,54.9941,24.3856,23.6761,0.0012,0.4562,30.2351,30.6085,1776041509026733470
diasbp,slot_3:diasbp,sharing,517.3561,32.5673,24.6385,23.9507,0.0014,0.4484,7.5452,7.9288,1776041510030571123
diasbp,slot_3:diasbp,sharing,517.6783,38.1937,24.6419,23.5005,0.0012,0.4815,13.1879,13.5518,1776041510358470600
diasbp,slot_3:diasbp,sharing,520.1503,32.6967,24.3781,23.6735,0.0012,0.4714,7.961,8.3186,1776041512825159594
diasbp,slot_3:diasbp,sharing,520.5602,34.2815,24.3359,23.6221,0.0011,0.4548,9.5792,9.9456,1776041513236671617
diasbp,slot_3:diasbp,sharing,522.4034,33.4256,24.997,23.8849,0.0013,0.4795,8.0545,8.4286,1776041515078434792
diasbp,slot_3:diasbp,sharing,522.464,33.5548,24.21,23.4952,0.0011,0.4544,8.9831,9.3448,1776041515139885865
diasbp,slot_3:diasbp,sharing,522.8934,33.8564,24.7295,23.9916,0.0012,0.4955,8.7793,9.1269,1776041515569111486
diasbp,slot_3:diasbp,sharing,522.9127,62.2773,24.2851,23.5809,0.0011,0.4688,37.6389,37.9922,1776041515617294415
diasbp,slot_3:diasbp,sharing,523.675,65.9423,24.8002,24.1046,0.0011,0.4623,40.776,41.1421,1776041516382687096
diasbp,slot_3:diasbp,sharing,523.7232,67.9116,25.7348,24.5791,0.0011,0.4391,41.6784,42.1768,1776041516431767871
diasbp,slot_3:diasbp,sharing,523.8696,34.1108,24.4813,23.7968,0.0012,0.4455,9.2561,9.6295,1776041516545799238
diasbp,slot_3:diasbp,sharing,524.0452,32.2745,24.2258,23.5104,0.018,0.4682,7.6809,8.0487,1776041516719771239
diasbp,slot_3:diasbp,sharing,524.6469,32.6884,24.4275,23.7407,0.0011,0.4493,7.8773,8.2609,1776041517321723148
diasbp,slot_3:diasbp,sharing,524.7077,33.9391,24.3886,23.708,0.0011,0.4454,9.1701,9.5505,1776041517383802536
diasbp,slot_3:diasbp,sharing,525.5723,67.0776,26.4035,25.1326,0.0012,0.4701,40.2555,40.6741,1776041518279453163
diasbp,slot_3:diasbp,sharing,526.6797,32.5189,24.3635,23.6622,0.0011,0.4724,7.7844,8.1554,1776041519354431058
diasbp,slot_3:diasbp,sharing,528.3954,34.2755,24.4005,23.6966,0.0012,0.4741,9.5048,9.875,1776041521071834206
diasbp,slot_3:diasbp,sharing,529.3952,47.4694,24.2279,23.5444,0.0012,0.4517,22.857,23.2414,1776041522084968809
diasbp,slot_3:diasbp,sharing,530.1369,33.3216,24.7431,23.9972,0.0012,0.5024,8.2359,8.5785,1776041522812045811
diasbp,slot_3:diasbp,sharing,531.4204,33.9103,24.3361,23.6118,0.0012,0.4812,9.2111,9.5742,1776041524096572930
diasbp,slot_3:diasbp,sharing,531.9251,32.4326,24.2859,23.5606,0.0011,0.4578,7.7653,8.1466,1776041524599822445
diasbp,slot_3:diasbp,sharing,533.2391,33.3939,24.2408,23.5291,0.001,0.4546,8.7845,9.1531,1776041525914804738
diasbp,slot_3:diasbp,sharing,534.3354,32.3675,24.5663,23.8843,0.0011,0.4483,7.4246,7.8011,1776041527009806890
diasbp,slot_3:diasbp,sharing,534.5053,63.9608,25.8996,24.7126,0.0012,0.4643,37.5988,38.0612,1776041527209830471
diasbp,slot_3:diasbp,sharing,535.6078,68.018,24.1705,23.4898,0.0012,0.4492,43.463,43.8475,1776041528318180932
diasbp,slot_3:diasbp,sharing,535.8348,39.67,24.6068,23.5112,0.0012,0.4877,14.693,15.0632,1776041528516421356
diasbp,slot_3:diasbp,sharing,536.9328,56.0436,26.2786,24.7074,0.0011,0.8485,29.3503,29.765,1776041529629121144
diasbp,slot_3:diasbp,sharing,537.042,33.1087,24.6578,23.958,0.0011,0.4688,8.0659,8.4509,1776041529717043851
diasbp,slot_3:diasbp,sharing,537.671,32.0067,24.374,23.6815,0.0011,0.4543,7.2434,7.6327,1776041530345129305
diasbp,slot_3:diasbp,sharing,538.0253,33.0589,24.6181,23.8987,0.0012,0.4788,8.0681,8.4408,1776041530700334460
diasbp,slot_3:diasbp,sharing,539.8874,33.4477,24.1616,23.4624,0.0011,0.4642,8.8992,9.2862,1776041532563253446
diasbp,slot_3:diasbp,sharing,540.6262,32.5749,24.2258,23.5386,0.0012,0.4526,7.9443,8.3491,1776041533301074225
diasbp,slot_3:diasbp,sharing,541.3012,33.2959,24.3016,23.5941,0.0012,0.4543,8.5926,8.9942,1776041533976758025
diasbp,slot_3:diasbp,sharing,542.5239,63.5307,24.177,23.4695,0.0012,0.4503,38.9826,39.3537,1776041535229855001
diasbp,slot_3:diasbp,sharing,542.9272,32.5475,24.3951,23.7084,0.0011,0.4497,7.7827,8.1524,1776041535601948895
diasbp,slot_3:diasbp,sharing,542.9899,32.2328,24.646,23.942,0.0011,0.4674,7.2501,7.5868,1776041535664060976
diasbp,slot_3:diasbp,sharing,543.8667,54.7261,25.0221,24.2878,0.0012,0.4953,29.346,29.7041,1776041536562968869
diasbp,slot_3:diasbp,sharing,544.0607,33.3838,24.4687,23.7482,0.0011,0.4781,8.5526,8.9151,1776041536736141243
diasbp,slot_3:diasbp,sharing,547.9796,34.0102,24.4574,23.7606,0.0013,0.4547,9.1693,9.5528,1776041540655715422
diasbp,slot_3:diasbp,sharing,548.2079,34.0257,24.9706,24.2549,0.0011,0.456,8.6777,9.0551,1776041540883482796
diasbp,slot_3:diasbp,sharing,548.3536,32.3827,24.3983,23.6753,0.0012,0.4723,7.6241,7.9844,1776041541028161136
diasbp,slot_3:diasbp,sharing,554.9289,33.792,24.9471,24.2527,0.0011,0.4518,8.4848,8.845,1776041547604294469
diasbp,slot_3:diasbp,sharing,557.6689,50.1711,24.2227,23.4913,0.0012,0.4759,25.5978,25.9484,1776041550361457807
diasbp,slot_3:diasbp,sharing,561.4452,43.9324,24.3431,23.6182,0.0011,0.483,19.2289,19.5893,1776041554131411644
diasbp,slot_3:diasbp,sharing,562.0785,34.3773,24.7736,24.076,0.0012,0.4611,9.2371,9.6037,1776041554754669127
diasbp,slot_3:diasbp,sharing,562.7376,58.7077,25.8614,24.6325,0.0012,0.4527,32.4197,32.8463,1776041555436964267
diasbp,slot_3:diasbp,sharing,563.4354,32.3815,24.1762,23.4971,0.0012,0.4499,7.8199,8.2054,1776041556110137827
diasbp,slot_3:diasbp,sharing,564.0214,36.2346,24.2106,23.4863,0.0011,0.4602,11.6253,12.024,1776041556699927927
diasbp,slot_3:diasbp,sharing,565.4873,62.2296,24.5734,23.8495,0.0012,0.4593,37.3046,37.6562,1776041558191576480
diasbp,slot_3:diasbp,sharing,565.548,47.6837,24.1951,23.5067,0.0011,0.4496,23.1001,23.4886,1776041558238067990
diasbp,slot_3:diasbp,sharing,566.0605,33.5779,24.4727,23.7451,0.0012,0.4812,8.7183,9.1052,1776041558736161499
diasbp,slot_3:diasbp,sharing,566.1858,33.6983,24.8518,23.7565,0.0013,0.465,8.4841,8.8465,1776041558861226510
diasbp,slot_3:diasbp,sharing,566.7764,34.4596,24.6166,23.9298,0.0012,0.4517,9.4476,9.843,1776041559452810267
diasbp,slot_3:diasbp,sharing,567.8521,64.8911,24.2934,23.5771,0.0011,0.4613,40.2093,40.5977,1776041560559204546
diasbp,slot_3:diasbp,sharing,568.5245,33.3617,24.3771,23.6603,0.0011,0.4752,8.5754,8.9845,1776041561200017411
diasbp,slot_3:diasbp,sharing,570.6282,33.6642,24.793,23.7073,0.0013,0.4643,8.4918,8.8712,1776041563303627715
diasbp,slot_3:diasbp,sharing,571.2487,33.0729,24.5162,23.8139,0.0011,0.4635,8.1649,8.5568,1776041563923789773
diasbp,slot_3:diasbp,sharing,571.5153,33.1397,24.3906,23.6747,0.0012,0.4561,8.3842,8.7491,1776041564190606963
diasbp,slot_3:diasbp,sharing,571.5595,37.6451,24.7062,23.9257,0.0011,0.5349,12.5761,12.9389,1776041564239029742
diasbp,slot_3:diasbp,sharing,573.1006,52.5486,24.2087,23.4916,0.0011,0.4738,27.9951,28.3399,1776041565795547119
diasbp,slot_3:diasbp,sharing,574.6369,61.7878,24.1043,23.4214,0.0011,0.4503,37.3089,37.6835,1776041567341160866
diasbp,slot_3:diasbp,sharing,574.776,69.7985,35.4971,34.1935,0.0012,0.2401,33.8542,34.3014,1776041567476761296
diasbp,slot_3:diasbp,sharing,574.7883,57.677,35.4971,34.1935,0.0012,0.2401,21.5628,22.1799,1776041567476761296
diasbp,slot_3:diasbp,sharing,576.5072,33.3958,24.3912,23.6749,0.0011,0.458,8.6286,9.0045,1776041569182729004
diasbp,slot_3:diasbp,sharing,577.1931,32.568,24.3113,23.6264,0.0011,0.4513,7.8692,8.2567,1776041569867881621
diasbp,slot_3:diasbp,sharing,577.5714,33.5689,24.2796,23.5772,0.0011,0.4654,8.8964,9.2892,1776041570247224743
diasbp,slot_3:diasbp,sharing,577.9373,33.9632,24.6645,23.95,0.0012,0.4779,8.9073,9.2987,1776041570613147671
diasbp,slot_3:diasbp,sharing,581.221,46.4075,25.8203,24.6504,0.0011,0.4666,20.1008,20.5872,1776041573908049636
diasbp,slot_3:diasbp,sharing,581.3165,32.6109,24.6278,23.8948,0.0011,0.4892,7.623,7.9831,1776041573991071226
diasbp,slot_3:diasbp,sharing,582.3324,33.654,24.2142,23.5237,0.0013,0.4532,8.9369,9.4397,1776041575008259771
diasbp,slot_3:diasbp,sharing,582.8512,34.6918,24.5567,23.877,0.001,0.4481,9.7351,10.1351,1776041575527901316
diasbp,slot_3:diasbp,sharing,583.0816,32.5255,24.2394,23.5144,0.0011,0.4738,7.9126,8.2861,1776041575756463088
diasbp,slot_3:diasbp,sharing,584.2906,32.7973,24.2495,23.541,0.0011,0.477,8.173,8.5478,1776041576965728800
diasbp,slot_3:diasbp,sharing,587.1661,64.5652,24.8022,23.7031,0.0013,0.8578,39.3836,39.763,1776041579872441238
diasbp,slot_3:diasbp,sharing,587.4946,33.3922,24.2241,23.5126,0.0013,0.4733,8.7955,9.1681,1776041580170321535
diasbp,slot_3:diasbp,sharing,587.8162,82.2194,24.3451,23.6282,0.0011,0.4744,57.5156,57.8742,1776041580540635891
diasbp,slot_3:diasbp,sharing,588.9056,33.0493,24.9891,24.183,0.0013,0.5062,7.6184,8.0602,1776041581580140069
diasbp,slot_3:diasbp,sharing,590.564,33.0043,24.7693,24.0347,0.0013,0.4922,7.8702,8.235,1776041583238799916
diasbp,slot_3:diasbp,sharing,590.5853,59.8874,24.2502,23.5091,0.0012,0.4778,35.2681,35.6372,1776041583287499187
diasbp,slot_3:diasbp,sharing,592.7325,33.1013,24.5534,23.8574,0.0012,0.4545,8.1716,8.548,1776041585407616606
diasbp,slot_3:diasbp,sharing,593.5385,32.5348,24.3638,23.6447,0.0012,0.476,7.8063,8.1711,1776041586213212207
diasbp,slot_3:diasbp,sharing,593.7372,32.7265,24.8145,23.704,0.0013,0.4683,7.5297,7.912,1776041586411689946
diasbp,slot_3:diasbp,sharing,595.1892,33.4914,24.5776,23.886,0.0012,0.4529,8.5464,8.9138,1776041587864671636
diasbp,slot_3:diasbp,sharing,597.4082,32.8791,24.5416,23.8189,0.0011,0.4866,7.9544,8.3375,1776041590083102916
diasbp,slot_3:diasbp,sharing,598.0725,39.2058,24.2721,23.5814,0.0012,0.4489,14.5519,14.9337,1776041590753962893
sysbp,slot_4:sysbp,sharing,0.0001,157.0783,108.088,102.8973,0.0013,0.4524,47.893,48.9903,1776040992714957781
sysbp,slot_4:sysbp,sharing,1.7408,25.8048,24.8156,24.1048,0.0015,0.4596,0.5894,0.9891,1776040994408339654
sysbp,slot_4:sysbp,sharing,2.0531,33.3831,24.4918,23.7659,0.0014,0.459,8.5313,8.8914,1776040994728545139
sysbp,slot_4:sysbp,sharing,4.0717,47.2536,24.2285,23.545,0.0013,0.4484,22.6316,23.0251,1776040996761220172
sysbp,slot_4:sysbp,sharing,4.9279,67.5383,24.1217,23.4157,0.0013,0.451,43.0493,43.4166,1776040997637885677
sysbp,slot_4:sysbp,sharing,5.4136,33.3548,24.7107,23.9798,0.0013,0.4831,8.2936,8.6441,1776040998088819535
sysbp,slot_4:sysbp,sharing,6.23,34.2402,24.9621,24.2349,0.0013,0.4827,8.9197,9.2781,1776040998905842705
sysbp,slot_4:sysbp,sharing,6.9784,32.1851,24.4371,23.7476,0.0013,0.4506,7.3414,7.748,1776040999652718114
sysbp,slot_4:sysbp,sharing,8.3972,45.471,24.1269,23.4442,0.0014,0.4485,20.9682,21.344,1776041001085145600
sysbp,slot_4:sysbp,sharing,10.2126,32.8526,24.3235,23.6213,0.0013,0.4524,8.1511,8.5292,1776041002887678095
sysbp,slot_4:sysbp,sharing,10.4119,49.062,24.551,23.8299,0.0013,0.4852,24.1289,24.511,1776041003102999370
sysbp,slot_4:sysbp,sharing,10.4631,80.3599,23.9367,23.236,0.0013,0.454,56.0305,56.4232,1776041003186049131
sysbp,slot_4:sysbp,sharing,10.974,31.3177,23.8895,23.1755,0.0014,0.4758,7.04,7.4282,1776041003647960763
sysbp,slot_4:sysbp,sharing,12.0027,32.9328,24.2209,23.5338,0.0012,0.4527,8.3063,8.7118,1776041004677956343
sysbp,slot_4:sysbp,sharing,12.69,37.2717,24.1979,23.4996,0.0013,0.4681,12.5921,13.0738,1776041005369545999
sysbp,slot_4:sysbp,sharing,13.0722,33.602,24.5556,23.8593,0.0012,0.4514,8.6725,9.0464,1776041005747804426
sysbp,slot_4:sysbp,sharing,14.7421,31.4825,24.2582,23.56,0.0014,0.4512,6.8555,7.2242,1776041007415869013
sysbp,slot_4:sysbp,sharing,14.8787,32.3319,24.8264,24.0622,0.0014,0.4877,7.1244,7.5056,1776041007552778969
sysbp,slot_4:sysbp,sharing,14.9876,31.8236,24.3772,23.6741,0.0013,0.4695,7.0834,7.4465,1776041007661588874
sysbp,slot_4:sysbp,sharing,16.9679,58.9538,25.9665,24.6966,0.0012,0.4782,32.5651,32.9873,1776041009667409093
sysbp,slot_4:sysbp,sharing,20.7165,59.7663,24.237,23.5265,0.0013,0.4726,35.1889,35.5293,1776041013418582673
sysbp,slot_4:sysbp,sharing,20.9364,33.4451,24.4018,23.6952,0.0013,0.465,8.6672,9.0433,1776041013612038706
sysbp,slot_4:sysbp,sharing,21.9275,53.6857,33.9772,32.3286,0.0017,0.4822,19.0573,19.7085,1776041014613472745
sysbp,slot_4:sysbp,sharing,25.0886,33.6664,24.7324,24.0236,0.0013,0.4779,8.5638,8.9339,1776041017764145659
sysbp,slot_4:sysbp,sharing,25.5145,49.1853,24.3388,23.6539,0.0014,0.4522,24.4563,24.8465,1776041018205879616
sysbp,slot_4:sysbp,sharing,26.1128,45.3012,24.0408,23.3312,0.0013,0.4792,20.9045,21.2604,1776041018800656172
sysbp,slot_4:sysbp,sharing,28.1151,40.3149,24.2035,23.498,0.0013,0.4713,15.7101,16.1114,1776041020797762787
sysbp,slot_4:sysbp,sharing,28.1194,74.7843,24.1319,23.4289,0.0013,0.4702,50.2634,50.6524,1776041020836595632
sysbp,slot_4:sysbp,sharing,29.7205,44.4729,24.5213,23.8191,0.0013,0.4646,19.5706,19.9517,1776041022406973781
sysbp,slot_4:sysbp,sharing,30.1246,95.5811,35.5858,34.3263,0.0013,0.2238,59.5963,59.9952,1776041022851166169
sysbp,slot_4:sysbp,sharing,30.1449,75.4671,35.5858,34.3263,0.0013,0.2238,39.3302,39.8813,1776041022851166169
sysbp,slot_4:sysbp,sharing,31.1427,43.6556,24.4774,23.7486,0.0013,0.4795,18.8086,19.1782,1776041023828459420
sysbp,slot_4:sysbp,sharing,31.2499,34.5275,24.2456,23.5349,0.0013,0.4736,9.9099,10.282,1776041023926728808
sysbp,slot_4:sysbp,sharing,31.7479,79.2255,24.2917,23.5907,0.0012,0.4692,54.57,54.9338,1776041024469419468
sysbp,slot_4:sysbp,sharing,32.196,34.0595,24.6115,23.8934,0.0012,0.4749,9.0921,9.448,1776041024872038742
sysbp,slot_4:sysbp,sharing,32.751,33.6444,24.2503,23.5674,0.0013,0.4493,8.9903,9.3942,1776041025426964633
sysbp,slot_4:sysbp,sharing,32.9515,47.6654,26.3029,24.8755,0.0015,0.4673,20.8828,21.3625,1776041025639289965
sysbp,slot_4:sysbp,sharing,32.997,43.02,24.1665,23.4444,0.0012,0.4704,18.487,18.8535,1776041025682458708
sysbp,slot_4:sysbp,sharing,35.652,33.689,24.8481,24.1613,0.0014,0.4492,8.4436,8.8409,1776041028327403355
sysbp,slot_4:sysbp,sharing,35.6663,59.4077,24.4715,23.7697,0.0013,0.4556,34.5623,34.9362,1776041028367806004
sysbp,slot_4:sysbp,sharing,36.1891,35.1884,24.3843,23.6351,0.0013,0.4921,10.4384,10.8042,1776041028866440690
sysbp,slot_4:sysbp,sharing,36.5288,31.8046,24.4113,23.7211,0.0014,0.4573,7.0064,7.3933,1776041029202747726
sysbp,slot_4:sysbp,sharing,38.406,33.6611,24.3617,23.6788,0.0014,0.4486,8.914,9.2994,1776041031081885757
sysbp,slot_4:sysbp,sharing,38.5849,55.1944,24.2808,23.562,0.0011,0.4673,30.5581,30.9136,1776041031282440841
sysbp,slot_4:sysbp,sharing,38.7023,32.7456,24.4557,23.7475,0.0013,0.4717,7.91,8.2899,1776041031377100996
sysbp,slot_4:sysbp,sharing,39.1858,33.287,24.485,23.7637,0.0013,0.4828,8.4102,8.802,1776041031861113339
sysbp,slot_4:sysbp,sharing,39.5227,32.8434,24.6348,23.9098,0.0012,0.453,7.8576,8.2085,1776041032197503416
sysbp,slot_4:sysbp,sharing,39.8616,32.5303,24.3263,23.602,0.0013,0.486,7.843,8.204,1776041032536350810
sysbp,slot_4:sysbp,sharing,40.6101,78.5918,24.1968,23.5005,0.0014,0.459,54.0164,54.395,1776041033331073534
sysbp,slot_4:sysbp,sharing,41.8206,48.7044,24.3212,23.6102,0.0013,0.4779,24.0142,24.3832,1776041034511567241
sysbp,slot_4:sysbp,sharing,41.93,33.1898,24.1284,23.4269,0.0012,0.4735,8.6801,9.0614,1776041034605608918
sysbp,slot_4:sysbp,sharing,41.9673,34.9624,24.2182,23.5192,0.0013,0.4717,10.3881,10.7442,1776041034644593049
sysbp,slot_4:sysbp,sharing,42.61,61.9984,24.3512,23.6579,0.0012,0.4621,37.2775,37.6472,1776041035314227945
sysbp,slot_4:sysbp,sharing,43.5242,72.8102,25.4361,24.7243,0.0013,0.4662,46.8717,47.374,1776041036238055952
sysbp,slot_4:sysbp,sharing,43.9763,72.8025,24.2021,23.4612,0.0012,0.4822,48.2039,48.6004,1776041036691468996
sysbp,slot_4:sysbp,sharing,44.9452,42.6221,24.5108,23.8108,0.0013,0.4531,17.7267,18.1113,1776041037629818757
sysbp,slot_4:sysbp,sharing,46.5803,32.4199,24.0303,23.3337,0.0012,0.4608,8.0056,8.3896,1776041039255219095
sysbp,slot_4:sysbp,sharing,47.4714,32.4383,24.247,23.5613,0.0013,0.4507,7.8144,8.1913,1776041040146130037
sysbp,slot_4:sysbp,sharing,47.7059,33.4566,24.5227,23.8193,0.0014,0.47,8.5754,8.9339,1776041040381403978
sysbp,slot_4:sysbp,sharing,48.64,31.5759,24.1496,23.445,0.0013,0.453,7.0274,7.4264,1776041041313935486
sysbp,slot_4:sysbp,sharing,49.2309,32.9266,24.9781,24.2867,0.0017,0.4532,7.5784,7.9485,1776041041905393693
sysbp,slot_4:sysbp,sharing,49.9553,32.8014,24.6157,23.9167,0.0012,0.468,7.8282,8.1857,1776041042630105120
sysbp,slot_4:sysbp,sharing,50.1614,76.4699,24.5309,23.8427,0.0012,0.4507,51.5456,51.939,1776041042879904870
sysbp,slot_4:sysbp,sharing,50.267,32.1846,24.3864,23.6858,0.0012,0.4672,7.4201,7.7982,1776041042941341663
sysbp,slot_4:sysbp,sharing,50.7978,32.3036,24.5202,23.8155,0.0013,0.4689,7.4148,7.7833,1776041043472158454
sysbp,slot_4:sysbp,sharing,51.2446,32.7907,24.481,23.7301,0.0014,0.4824,7.9374,8.3096,1776041043919473348
sysbp,slot_4:sysbp,sharing,52.5419,34.7416,25.2058,24.5006,0.0013,0.4628,9.1519,9.5358,1776041045218001124
sysbp,slot_4:sysbp,sharing,52.7709,33.6158,24.3807,23.6671,0.0013,0.4571,8.8749,9.2352,1776041045446695233
sysbp,slot_4:sysbp,sharing,53.9013,32.7516,24.2782,23.558,0.0013,0.4872,8.1034,8.4734,1776041046576297656
sysbp,slot_4:sysbp,sharing,54.8884,32.0773,24.2366,23.5385,0.0014,0.4498,7.4673,7.8407,1776041047562833532
sysbp,slot_4:sysbp,sharing,58.9213,34.9846,24.2937,23.5714,0.0012,0.4867,10.33,10.6909,1776041051598526747
sysbp,slot_4:sysbp,sharing,59.191,32.5871,24.2749,23.5589,0.0014,0.4565,7.9234,8.3122,1776041051865814224
sysbp,slot_4:sysbp,sharing,60.8792,32.1221,24.3894,23.6638,0.0016,0.4802,7.3636,7.7327,1776041053553454756
sysbp,slot_4:sysbp,sharing,60.9214,37.3039,24.7104,23.6307,0.0014,0.8254,12.1958,12.5935,1776041053600504115
sysbp,slot_4:sysbp,sharing,61.1159,33.1919,24.2936,23.5844,0.0012,0.4828,8.5325,8.8983,1776041053791353494
sysbp,slot_4:sysbp,sharing,61.1952,32.3575,24.2788,23.5817,0.0013,0.4507,7.6902,8.0786,1776041053869803253
sysbp,slot_4:sysbp,sharing,61.9228,25.2342,24.2653,23.5663,0.0014,0.4692,0.5956,0.9689,1776041054590357980
sysbp,slot_4:sysbp,sharing,62.172,75.8762,24.1688,23.4954,0.0012,0.4458,51.3341,51.7075,1776041054890227775
sysbp,slot_4:sysbp,sharing,63.0767,34.3089,24.8411,24.1266,0.0013,0.4764,9.0921,9.4678,1776041055752759939
sysbp,slot_4:sysbp,sharing,64.0944,84.8918,24.5013,23.799,0.0014,0.472,60.0162,60.3905,1776041056821308002
sysbp,slot_4:sysbp,sharing,65.9367,31.9602,24.3183,23.6161,0.0014,0.4606,7.2434,7.6419,1776041058610897735
sysbp,slot_4:sysbp,sharing,67.9289,31.1322,24.2851,23.5746,0.0012,0.4696,6.4919,6.8471,1776041060602360348
sysbp,slot_4:sysbp,sharing,68.388,32.2361,24.5225,23.8098,0.0012,0.4749,7.3433,7.7136,1776041061062234612
sysbp,slot_4:sysbp,sharing,69.3738,32.4271,24.4568,23.7405,0.0013,0.4783,7.5893,7.9703,1776041062048343967
sysbp,slot_4:sysbp,sharing,69.7931,32.5503,24.3917,23.7065,0.0013,0.4495,7.7698,8.1587,1776041062467848139
sysbp,slot_4:sysbp,sharing,72.1427,70.539,24.2739,23.5412,0.0013,0.4873,45.9023,46.2651,1776041064855569096
sysbp,slot_4:sysbp,sharing,74.3739,66.7627,24.1297,23.4442,0.0012,0.4554,42.2394,42.633,1776041067083065737
sysbp,slot_4:sysbp,sharing,75.3058,33.1454,24.3538,23.6612,0.0012,0.4534,8.3857,8.7916,1776041067981117599
sysbp,slot_4:sysbp,sharing,76.0349,41.8053,26.1587,24.9971,0.0012,0.4391,15.1696,15.6466,1776041068717045465
sysbp,slot_4:sysbp,sharing,76.0528,69.0482,24.4029,23.7181,0.0011,0.4494,44.2739,44.6453,1776041068764006246
sysbp,slot_4:sysbp,sharing,78.3171,34.0154,24.89,24.1676,0.0014,0.4851,8.7533,9.1255,1776041070992827129
sysbp,slot_4:sysbp,sharing,78.8663,83.0371,24.1706,23.4635,0.0017,0.4722,58.5086,58.8665,1776041071591749922
sysbp,slot_4:sysbp,sharing,80.6922,77.5406,24.2692,23.5449,0.0014,0.4636,52.8955,53.2714,1776041073411982065
sysbp,slot_4:sysbp,sharing,81.4774,42.757,24.5821,23.8244,0.0013,0.4927,17.8149,18.1749,1776041074162197612
sysbp,slot_4:sysbp,sharing,82.8877,31.6408,24.1658,23.4574,0.0013,0.4772,7.1199,7.4749,1776041075561748755
sysbp,slot_4:sysbp,sharing,84.2002,31.5433,24.1711,23.4926,0.0013,0.4507,6.969,7.3721,1776041076874131690
sysbp,slot_4:sysbp,sharing,84.3199,31.9521,24.3009,23.628,0.0012,0.4461,7.2749,7.6513,1776041076994118507
sysbp,slot_4:sysbp,sharing,84.5817,32.5027,24.6248,23.9251,0.0013,0.4685,7.4923,7.8779,1776041077256106453
sysbp,slot_4:sysbp,sharing,85.3275,31.5893,24.3004,23.589,0.0013,0.4711,6.9327,7.2889,1776041078001329220
sysbp,slot_4:sysbp,sharing,86.1835,55.8138,26.6703,25.0313,0.0013,0.8348,28.6136,29.1435,1776041078879075639
sysbp,slot_4:sysbp,sharing,87.7421,33.3254,24.2299,23.5229,0.0013,0.4572,8.7311,9.0956,1776041080417759983
sysbp,slot_4:sysbp,sharing,88.4928,61.0309,24.1019,23.4253,0.0017,0.447,36.5305,36.929,1776041081196299353
sysbp,slot_4:sysbp,sharing,94.53,33.2658,24.7097,23.9986,0.0011,0.4737,8.1966,8.5561,1776041087205162780
sysbp,slot_4:sysbp,sharing,94.7472,32.4786,24.6133,23.9295,0.0012,0.451,7.4792,7.8653,1776041087421577783
sysbp,slot_4:sysbp,sharing,94.8369,31.3718,24.0904,23.3904,0.0011,0.4696,6.9253,7.2814,1776041087510747475
sysbp,slot_4:sysbp,sharing,94.9414,31.8942,24.4471,23.7337,0.0011,0.472,7.0703,7.4471,1776041087615383201
sysbp,slot_4:sysbp,sharing,95.165,52.8414,26.9262,25.6361,0.0012,0.4762,25.4889,25.9152,1776041087857439401
sysbp,slot_4:sysbp,sharing,95.847,32.8493,24.486,23.7942,0.0011,0.4559,7.9889,8.3633,1776041088521954808
sysbp,slot_4:sysbp,sharing,97.4334,31.7631,24.4528,23.7169,0.0012,0.4774,6.9361,7.3102,1776041090107313993
sysbp,slot_4:sysbp,sharing,98.5955,32.9447,24.7723,24.0657,0.0012,0.4701,7.8118,8.1724,1776041091270200283
sysbp,slot_4:sysbp,sharing,98.9213,105.9618,54.808,52.0117,0.0011,0.4678,50.2281,51.1538,1776041091638503460
sysbp,slot_4:sysbp,sharing,99.6557,32.9499,24.4665,23.7653,0.0012,0.4492,8.0738,8.4834,1776041092330675256
sysbp,slot_4:sysbp,sharing,100.9892,31.5111,24.3702,23.6686,0.0012,0.4605,6.7561,7.1409,1776041093662859221
sysbp,slot_4:sysbp,sharing,101.0488,32.0292,24.559,23.8522,0.0011,0.4745,7.1094,7.4702,1776041093722819408
sysbp,slot_4:sysbp,sharing,104.6055,42.2676,24.5814,23.8961,0.0012,0.4497,17.3111,17.6862,1776041097289783094
sysbp,slot_4:sysbp,sharing,104.8839,32.584,24.2243,23.5236,0.0013,0.4509,7.9937,8.3597,1776041097558832106
sysbp,slot_4:sysbp,sharing,105.3309,36.3927,24.4838,23.776,0.0013,0.4792,11.5409,11.9089,1776041098009385269
sysbp,slot_4:sysbp,sharing,106.5692,31.9157,24.378,23.637,0.0011,0.4967,7.1859,7.5376,1776041099243325794
sysbp,slot_4:sysbp,sharing,107.9039,51.2626,25.8184,24.6558,0.0011,0.4509,25.0289,25.4442,1776041100595887537
sysbp,slot_4:sysbp,sharing,112.4528,62.5646,27.4028,25.6956,0.0012,0.8786,34.7359,35.1618,1776041105154503776
sysbp,slot_4:sysbp,sharing,112.5526,45.131,24.2055,23.5257,0.0012,0.449,20.5331,20.9255,1776041105240029683
sysbp,slot_4:sysbp,sharing,112.7351,69.0634,24.1872,23.48,0.0012,0.4739,44.5137,44.8762,1776041105446598141
sysbp,slot_4:sysbp,sharing,113.1046,41.1313,26.5695,24.891,0.0012,0.8714,14.1125,14.5618,1776041105785598409
sysbp,slot_4:sysbp,sharing,113.872,32.9437,24.8341,24.1158,0.0011,0.46,7.7441,8.1096,1776041106546689390
sysbp,slot_4:sysbp,sharing,114.2946,31.6668,24.4129,23.6819,0.0011,0.4691,6.8951,7.2539,1776041106968454539
sysbp,slot_4:sysbp,sharing,114.4908,52.6576,24.5498,23.4783,0.0011,0.8325,27.7464,28.1078,1776041107185431291
sysbp,slot_4:sysbp,sharing,114.8731,33.056,24.4034,23.6993,0.0012,0.4703,8.2836,8.6527,1776041107548294277
sysbp,slot_4:sysbp,sharing,115.0453,32.5778,24.2926,23.6139,0.0011,0.4471,7.89,8.2852,1776041107720143958
sysbp,slot_4:sysbp,sharing,118.3483,38.5005,24.3876,23.6994,0.0011,0.4547,13.7289,14.113,1776041111028923580
sysbp,slot_4:sysbp,sharing,119.2157,32.5489,24.882,23.7224,0.0013,0.914,7.2947,7.6669,1776041111889883848
sysbp,slot_4:sysbp,sharing,119.5638,32.0015,24.6404,23.9366,0.0012,0.4552,7.0183,7.3611,1776041112237783037
sysbp,slot_4:sysbp,sharing,121.3265,33.37,24.1091,23.4171,0.0011,0.4533,8.8966,9.2609,1776041114002341827
sysbp,slot_4:sysbp,sharing,121.8545,32.9375,24.2248,23.5172,0.0013,0.4524,8.3444,8.7127,1776041114529788612
sysbp,slot_4:sysbp,sharing,123.2927,31.9951,24.7787,24.0557,0.0012,0.4694,6.8443,7.2164,1776041115966481099
sysbp,slot_4:sysbp,sharing,125.489,52.6671,24.4583,23.7748,0.0012,0.4512,27.8311,28.2088,1776041118183750507
sysbp,slot_4:sysbp,sharing,128.3262,49.2828,24.3005,23.5833,0.0013,0.4612,24.6229,24.9823,1776041121017715681
sysbp,slot_4:sysbp,sharing,128.6662,32.3625,24.6982,23.9764,0.0013,0.4625,7.2825,7.6643,1776041121340419151
sysbp,slot_4:sysbp,sharing,128.6935,45.783,24.1412,23.4327,0.0012,0.4718,21.2739,21.6419,1776041121381703171
sysbp,slot_4:sysbp,sharing,130.3705,31.5733,24.1302,23.4036,0.0012,0.4742,7.0856,7.4431,1776041123044492647
sysbp,slot_4:sysbp,sharing,131.102,32.2409,24.6525,23.9305,0.0012,0.4835,7.2224,7.5883,1776041123776185211
sysbp,slot_4:sysbp,sharing,131.7569,81.8846,24.8669,23.7395,0.0013,0.8478,56.6368,57.0177,1776041124480452698
sysbp,slot_4:sysbp,sharing,136.5221,32.706,24.2991,23.6159,0.0013,0.4521,8.0092,8.407,1776041129197031515
sysbp,slot_4:sysbp,sharing,137.3785,34.8194,24.813,24.0914,0.0012,0.4756,9.6219,10.0064,1776041130055022156
sysbp,slot_4:sysbp,sharing,137.3888,64.2583,24.2175,23.5024,0.0011,0.4841,39.6802,40.0409,1776041130095397292
sysbp,slot_4:sysbp,sharing,137.4204,79.8893,24.2273,23.5287,0.0011,0.4678,55.3031,55.662,1776041130142620096
sysbp,slot_4:sysbp,sharing,137.8164,48.928,24.2548,23.512,0.0011,0.4883,24.3208,24.6732,1776041130507611906
sysbp,slot_4:sysbp,sharing,138.8714,40.1626,26.1227,24.8612,0.0012,0.4696,13.6194,14.0398,1776041131552000086
sysbp,slot_4:sysbp,sharing,139.1043,33.1829,24.6604,23.9419,0.0012,0.4543,8.1716,8.5224,1776041131779373596
sysbp,slot_4:sysbp,sharing,139.1186,61.4247,24.4653,23.7609,0.001,0.4694,36.5901,36.9595,1776041131822134476
sysbp,slot_4:sysbp,sharing,139.2642,33.0291,24.5834,23.5074,0.0011,0.4825,8.0712,8.4456,1776041131939172361
sysbp,slot_4:sysbp,sharing,139.3623,31.8866,24.3503,23.6511,0.0011,0.4689,7.1507,7.5363,1776041132036393076
sysbp,slot_4:sysbp,sharing,139.4933,33.3309,24.2178,23.5384,0.0011,0.4501,8.7166,9.1131,1776041132168991788
sysbp,slot_4:sysbp,sharing,139.6917,31.4014,24.0358,23.3383,0.0011,0.4679,6.9873,7.3656,1776041132365637437
sysbp,slot_4:sysbp,sharing,140.9824,34.7028,24.1217,23.4091,0.0011,0.4819,10.2084,10.5811,1776041133659526930
sysbp,slot_4:sysbp,sharing,141.9914,65.2275,24.2937,23.6065,0.0012,0.4512,40.5476,40.9338,1776041134698924712
sysbp,slot_4:sysbp,sharing,142.1809,64.4646,25.7123,24.5385,0.0012,0.4701,38.285,38.7523,1776041134886107785
sysbp,slot_4:sysbp,sharing,142.3135,31.9326,24.3429,23.6405,0.0011,0.4755,7.2229,7.5897,1776041134987620046
sysbp,slot_4:sysbp,sharing,142.5879,31.8654,24.2885,23.5929,0.0011,0.4631,7.1852,7.5769,1776041135262015357
sysbp,slot_4:sysbp,sharing,142.6621,70.1101,26.0963,24.9056,0.0012,0.4626,43.5762,44.0138,1776041135372643462
sysbp,slot_4:sysbp,sharing,142.7019,80.9548,27.8265,26.5435,0.0012,0.4496,52.6419,53.1283,1776041135421469382
sysbp,slot_4:sysbp,sharing,143.4525,31.5456,24.4571,23.7558,0.001,0.4677,6.7277,7.0885,1776041136126179992
sysbp,slot_4:sysbp,sharing,144.9693,42.932,24.0014,23.3005,0.001,0.4711,18.5614,18.9306,1776041137654794312
sysbp,slot_4:sysbp,sharing,146.2137,32.4838,24.6506,23.9283,0.0012,0.4798,7.4661,7.8332,1776041138888139123
sysbp,slot_4:sysbp,sharing,146.3937,58.8191,24.2929,23.5763,0.0012,0.4566,34.1523,34.5261,1776041139094796268
sysbp,slot_4:sysbp,sharing,148.538,37.1571,24.2551,23.5469,0.0012,0.4713,12.4395,12.902,1776041141217366558
sysbp,slot_4:sysbp,sharing,149.3675,31.8713,24.3169,23.6061,0.0013,0.4744,7.1893,7.5544,1776041142041575702
sysbp,slot_4:sysbp,sharing,149.8214,31.7535,24.4643,23.7383,0.0012,0.475,6.9282,7.2892,1776041142495274687
sysbp,slot_4:sysbp,sharing,150.2203,72.9365,25.8289,24.6575,0.0012,0.4645,46.6707,47.1076,1776041142933930343
sysbp,slot_4:sysbp,sharing,150.3967,74.0886,35.3952,33.8299,0.0017,0.4492,38.1725,38.6934,1776041143101809197
sysbp,slot_4:sysbp,sharing,153.9432,49.8617,24.4162,23.6937,0.0011,0.4841,25.0871,25.4454,1776041146635182083
sysbp,slot_4:sysbp,sharing,154.7942,32.6085,24.796,23.7089,0.0013,0.4648,7.4241,7.8125,1776041147468526580
sysbp,slot_4:sysbp,sharing,158.7093,32.2373,24.297,23.5696,0.0013,0.4707,7.5779,7.9403,1776041151383805003
sysbp,slot_4:sysbp,sharing,159.3292,33.6049,24.689,24.0071,0.0011,0.4462,8.5433,8.9158,1776041152004715253
sysbp,slot_4:sysbp,sharing,161.3128,38.0352,24.3667,23.6842,0.0011,0.4505,13.2983,13.6685,1776041153993082973
sysbp,slot_4:sysbp,sharing,161.8551,60.4131,24.1902,23.4823,0.0012,0.455,35.8582,36.2229,1776041154557926426
sysbp,slot_4:sysbp,sharing,162.2742,32.2413,24.7253,24.0206,0.001,0.4695,7.1576,7.5161,1776041154948251796
sysbp,slot_4:sysbp,sharing,162.6481,31.9765,24.3886,23.6831,0.0011,0.4704,7.2269,7.5879,1776041155322308184
sysbp,slot_4:sysbp,sharing,165.1862,48.7988,25.8357,24.6889,0.0011,0.4369,22.4693,22.9631,1776041157875567183
sysbp,slot_4:sysbp,sharing,165.9759,31.5835,24.2485,23.5463,0.0012,0.4506,6.9802,7.3351,1776041158649787885
sysbp,slot_4:sysbp,sharing,166.9745,32.0184,24.8974,24.1871,0.0013,0.4507,6.7527,7.121,1776041159648162024
sysbp,slot_4:sysbp,sharing,167.942,32.7697,24.7436,24.0532,0.0018,0.4523,7.6563,8.0261,1776041160616596413
sysbp,slot_4:sysbp,sharing,168.4726,84.5125,26.6157,25.3955,0.0013,0.4665,57.4656,57.8968,1776041161197012155
sysbp,slot_4:sysbp,sharing,168.5241,79.9508,27.2728,26.0989,0.0013,0.4576,52.2437,52.678,1776041161243318037
sysbp,slot_4:sysbp,sharing,168.6322,33.5026,24.438,23.752,0.0012,0.4478,8.6842,9.0646,1776041161307804026
sysbp,slot_4:sysbp,sharing,169.5472,32.855,24.4916,23.785,0.0012,0.4719,7.9868,8.3635,1776041162222153019
sysbp,slot_4:sysbp,sharing,171.2696,33.139,24.4377,23.7203,0.0012,0.4773,8.3132,8.7013,1776041163944874428
sysbp,slot_4:sysbp,sharing,171.4096,36.953,24.3631,23.6445,0.0012,0.4624,12.2328,12.5899,1776041164088730068
sysbp,slot_4:sysbp,sharing,171.4896,32.0499,24.3233,23.6397,0.0011,0.4484,7.3488,7.7266,1776041164163895943
sysbp,slot_4:sysbp,sharing,175.4069,32.3939,24.4055,23.7018,0.0011,0.4717,7.627,7.9884,1776041168081435761
sysbp,slot_4:sysbp,sharing,175.4082,77.3354,26.1007,24.9339,0.0011,0.4584,50.7507,51.2347,1776041168125848297
sysbp,slot_4:sysbp,sharing,175.587,48.7685,24.2825,23.6015,0.0011,0.4464,24.111,24.486,1776041168278079748
sysbp,slot_4:sysbp,sharing,180.5832,62.6476,24.6939,23.9929,0.0011,0.4539,37.5764,37.9537,1776041173287672817
sysbp,slot_4:sysbp,sharing,182.1283,33.114,24.2848,23.5776,0.0011,0.4558,8.4703,8.8291,1776041174803742384
sysbp,slot_4:sysbp,sharing,183.4155,32.2526,24.6954,23.9972,0.0012,0.4593,7.1707,7.5572,1776041176089563598
sysbp,slot_4:sysbp,sharing,184.2422,73.396,24.2507,23.5464,0.0012,0.4548,48.7711,49.1452,1776041176957879846
sysbp,slot_4:sysbp,sharing,184.9042,43.3621,24.7583,24.0416,0.0012,0.4565,18.2164,18.6038,1776041177589359337
sysbp,slot_4:sysbp,sharing,184.9318,57.4441,26.0662,24.7404,0.0012,0.5002,30.8962,31.3779,1776041177629624420
sysbp,slot_4:sysbp,sharing,185.0223,44.8146,24.0494,23.3478,0.001,0.4662,20.3989,20.7652,1776041177709669415
sysbp,slot_4:sysbp,sharing,185.7812,34.2524,24.2865,23.5773,0.0011,0.4517,9.5954,9.9659,1776041178457726772
sysbp,slot_4:sysbp,sharing,186.2181,32.4578,24.5707,23.8421,0.0011,0.4774,7.5319,7.8872,1776041178892569757
sysbp,slot_4:sysbp,sharing,187.1994,32.2914,24.3335,23.6476,0.0012,0.4472,7.5896,7.958,1776041179873949456
sysbp,slot_4:sysbp,sharing,187.442,33.4413,24.4108,23.6945,0.0012,0.4575,8.6701,9.0305,1776041180117584001
sysbp,slot_4:sysbp,sharing,188.4936,34.7776,25.6534,24.5855,0.0011,0.8294,8.7698,9.1243,1776041181169326728
sysbp,slot_4:sysbp,sharing,189.0273,33.1571,24.3213,23.6138,0.0011,0.4733,8.4224,8.8358,1776041181702653019
sysbp,slot_4:sysbp,sharing,189.1066,32.3079,24.6961,23.9867,0.0011,0.475,7.2353,7.6118,1776041181780723101
sysbp,slot_4:sysbp,sharing,189.1849,46.7434,24.6486,23.9506,0.0011,0.4685,21.7185,22.0948,1776041181873587109
sysbp,slot_4:sysbp,sharing,189.6632,58.9726,24.2937,23.5841,0.0011,0.4794,34.318,34.6789,1776041182364430514
sysbp,slot_4:sysbp,sharing,189.8355,71.7492,24.6336,23.5675,0.0012,0.4848,46.7527,47.1157,1776041182549183818
sysbp,slot_4:sysbp,sharing,189.9453,32.8894,24.2198,23.5135,0.0011,0.4715,8.2691,8.6696,1776041182620548190
sysbp,slot_4:sysbp,sharing,190.2077,32.2952,24.4584,23.7417,0.001,0.4677,7.4782,7.8368,1776041182882064918
sysbp,slot_4:sysbp,sharing,193.2543,32.0828,24.5406,23.8287,0.0011,0.4764,7.1652,7.5422,1776041185928420008
sysbp,slot_4:sysbp,sharing,193.6878,31.9965,24.3201,23.6247,0.0011,0.4479,7.302,7.6764,1776041186362042574
sysbp,slot_4:sysbp,sharing,194.7189,60.9853,26.0033,24.7528,0.0011,0.4705,34.5633,34.9821,1776041187420442941
sysbp,slot_4:sysbp,sharing,195.05,33.329,24.8027,24.0988,0.0011,0.4738,8.1749,8.5263,1776041187725134382
sysbp,slot_4:sysbp,sharing,196.3511,32.176,24.8785,23.7706,0.0013,0.8625,6.9265,7.2975,1776041189024941469
sysbp,slot_4:sysbp,sharing,196.6346,31.5206,24.3903,23.6611,0.0012,0.4829,6.7534,7.1303,1776041189308246363
sysbp,slot_4:sysbp,sharing,196.9097,49.1476,24.1616,23.4845,0.0012,0.448,24.5993,24.986,1776041189601242529
sysbp,slot_4:sysbp,sharing,198.8696,31.4872,24.1831,23.4518,0.001,0.4814,6.9416,7.3041,1776041191543489254
sysbp,slot_4:sysbp,sharing,204.8592,32.2931,24.1908,23.4907,0.0012,0.4529,7.7305,8.1023,1776041197533831240
sysbp,slot_4:sysbp,sharing,205.0156,33.2556,24.9318,24.2125,0.0011,0.4649,7.9377,8.3238,1776041197690505835
sysbp,slot_4:sysbp,sharing,205.0701,76.4754,35.2208,33.4568,0.0012,0.4628,40.7128,41.2546,1776041197777700626
sysbp,slot_4:sysbp,sharing,205.414,32.9025,24.8497,24.1504,0.0013,0.4615,7.6709,8.0528,1776041198088581302
sysbp,slot_4:sysbp,sharing,205.9698,41.5833,24.2977,23.5843,0.0011,0.4786,16.9089,17.2856,1776041198653625797
sysbp,slot_4:sysbp,sharing,206.8475,34.9877,24.6871,23.9824,0.0012,0.4507,9.9115,10.3006,1776041199524381850
sysbp,slot_4:sysbp,sharing,207.0962,33.7768,25.1324,24.0462,0.0012,0.8333,8.2765,8.6444,1776041199771427105
sysbp,slot_4:sysbp,sharing,207.9815,61.0249,34.8051,33.1192,0.0011,0.4757,25.646,26.2198,1776041200674031045
sysbp,slot_4:sysbp,sharing,209.7633,33.6447,24.4353,23.7343,0.0011,0.4629,8.8401,9.2094,1776041202439039403
sysbp,slot_4:sysbp,sharing,209.885,32.7451,24.3499,23.6602,0.0012,0.452,8.0111,8.3952,1776041202559991744
sysbp,slot_4:sysbp,sharing,211.1244,39.7487,24.095,23.3798,0.0012,0.471,15.29,15.6536,1776041203806648536
sysbp,slot_4:sysbp,sharing,212.2104,32.2416,24.5567,23.8278,0.0011,0.4557,7.3006,7.6849,1776041204884597311
sysbp,slot_4:sysbp,sharing,213.3696,32.9022,24.2134,23.4953,0.0011,0.4654,8.3284,8.6888,1776041206044906546
sysbp,slot_4:sysbp,sharing,213.4877,32.4018,24.7157,24.0119,0.0011,0.4725,7.3223,7.6861,1776041206161938934
sysbp,slot_4:sysbp,sharing,214.2228,31.8539,24.2682,23.5835,0.0012,0.4515,7.1731,7.5857,1776041206896909510
sysbp,slot_4:sysbp,sharing,215.4284,40.103,24.3296,23.6291,0.0011,0.4513,15.408,15.7733,1776041208110788136
sysbp,slot_4:sysbp,sharing,215.6849,32.3496,24.2921,23.5773,0.0011,0.4739,7.7026,8.0575,1776041208359581031
sysbp,slot_4:sysbp,sharing,216.2292,84.1341,26.2173,24.9691,0.0012,0.465,57.4985,57.9168,1776041208953643813
sysbp,slot_4:sysbp,sharing,216.4244,31.5039,24.3394,23.6637,0.0012,0.4443,6.7906,7.1645,1776041209098113832
sysbp,slot_4:sysbp,sharing,218.8134,31.7762,24.5022,23.7644,0.0012,0.486,6.923,7.274,1776041211487275995
sysbp,slot_4:sysbp,sharing,219.913,60.4839,24.1194,23.418,0.0012,0.4497,36.0105,36.3645,1776041212615964827
sysbp,slot_4:sysbp,sharing,219.9836,33.9184,24.1127,23.4141,0.0011,0.4485,9.4464,9.8056,1776041212659994458
sysbp,slot_4:sysbp,sharing,221.2832,32.5358,24.475,23.7909,0.0011,0.4489,7.6845,8.0608,1776041213957825477
sysbp,slot_4:sysbp,sharing,224.1635,76.6077,24.0532,23.3257,0.0012,0.4973,52.2008,52.5546,1776041216882627840
sysbp,slot_4:sysbp,sharing,224.3262,33.0453,24.2172,23.4922,0.0011,0.4731,8.3523,8.8281,1776041217001495448
sysbp,slot_4:sysbp,sharing,226.5972,32.937,24.3603,23.6479,0.0012,0.4743,8.2176,8.5768,1776041219272393436
sysbp,slot_4:sysbp,sharing,227.3015,33.1013,24.2279,23.5447,0.0011,0.4509,8.4918,8.8734,1776041219976973064
sysbp,slot_4:sysbp,sharing,228.5794,59.2737,25.8258,24.6671,0.0013,0.4389,32.9735,33.4479,1776041221279316715
sysbp,slot_4:sysbp,sharing,228.7181,59.2992,24.6638,23.9565,0.0011,0.4723,34.272,34.6355,1776041221419296534
sysbp,slot_4:sysbp,sharing,229.2008,31.5619,24.2871,23.5723,0.0012,0.4796,6.9029,7.2747,1776041221874606007
sysbp,slot_4:sysbp,sharing,232.3775,77.7462,27.4163,26.1707,0.0011,0.4524,49.9346,50.3299,1776041225094406627
sysbp,slot_4:sysbp,sharing,233.5774,32.0222,24.4991,23.7652,0.0012,0.4827,7.1392,7.5231,1776041226251468041
sysbp,slot_4:sysbp,sharing,233.7635,32.7179,24.2688,23.563,0.0011,0.4725,8.0862,8.4492,1776041226438551550
sysbp,slot_4:sysbp,sharing,235.6903,32.6526,24.6799,23.9844,0.0012,0.4553,7.5755,7.9728,1776041228364785152
sysbp,slot_4:sysbp,sharing,235.726,34.2958,24.2635,23.5455,0.0011,0.4868,9.6748,10.0323,1776041228402625185
sysbp,slot_4:sysbp,sharing,239.0104,50.849,24.128,23.4146,0.0012,0.4701,26.3758,26.7209,1776041231703724865
sysbp,slot_4:sysbp,sharing,242.2865,34.0388,24.3884,23.6812,0.0012,0.4517,9.2711,9.6503,1776041234962708463
sysbp,slot_4:sysbp,sharing,243.0555,32.2852,24.4641,23.7514,0.0012,0.48,7.4492,7.8211,1776041235729926292
sysbp,slot_4:sysbp,sharing,243.5348,61.415,24.274,23.5673,0.0011,0.4707,36.7882,37.1409,1776041236238562809
sysbp,slot_4:sysbp,sharing,244.1536,66.8678,24.3173,23.6043,0.0011,0.455,42.1891,42.5506,1776041236862767430
sysbp,slot_4:sysbp,sharing,244.3407,33.2766,24.4379,23.7448,0.0011,0.4555,8.4417,8.8386,1776041237016057612
sysbp,slot_4:sysbp,sharing,246.0991,32.4516,24.4405,23.7353,0.0012,0.4513,7.6559,8.0111,1776041238773649679
sysbp,slot_4:sysbp,sharing,246.7683,60.1583,24.3165,23.6038,0.0011,0.4724,35.4769,35.8418,1776041239470663244
sysbp,slot_4:sysbp,sharing,249.2877,33.2658,24.529,23.807,0.0011,0.4853,8.3685,8.7368,1776041241963049956
sysbp,slot_4:sysbp,sharing,249.7071,32.6443,24.3817,23.6924,0.0011,0.4528,7.8661,8.2626,1776041242381921236
sysbp,slot_4:sysbp,sharing,252.0671,33.4451,24.6555,23.925,0.0011,0.4557,8.441,8.7896,1776041244742449864
sysbp,slot_4:sysbp,sharing,252.8641,79.3934,24.2092,23.5121,0.0011,0.4494,54.8155,55.1842,1776041245585891163
sysbp,slot_4:sysbp,sharing,253.2435,47.5638,24.2221,23.5437,0.001,0.4452,22.8384,23.3416,1776041245933247108
sysbp,slot_4:sysbp,sharing,254.7395,32.3868,24.3123,23.6234,0.0012,0.4518,7.679,8.0745,1776041247414119353
sysbp,slot_4:sysbp,sharing,256.1196,32.2025,24.3468,23.6614,0.0011,0.4515,7.4685,7.8557,1776041248794024722
sysbp,slot_4:sysbp,sharing,257.6236,33.3822,24.9941,23.8839,0.0013,0.8669,8.0261,8.3881,1776041250298599361
sysbp,slot_4:sysbp,sharing,258.0124,73.3471,25.8453,24.5619,0.0012,0.4715,46.9975,47.5018,1776041250726300802
sysbp,slot_4:sysbp,sharing,258.6016,32.7427,24.194,23.4844,0.0011,0.4758,8.1644,8.5488,1776041251276662167
sysbp,slot_4:sysbp,sharing,258.7632,82.0422,24.5604,23.84,0.0012,0.4754,57.117,57.4818,1776041251487255877
sysbp,slot_4:sysbp,sharing,260.2419,32.4745,25.0237,24.3131,0.0013,0.4751,7.0992,7.4508,1776041252915911136
sysbp,slot_4:sysbp,sharing,260.7123,32.8233,24.2789,23.5337,0.0014,0.4743,8.1761,8.5444,1776041253387436254
sysbp,slot_4:sysbp,sharing,262.9823,39.2034,24.1898,23.4815,0.0012,0.4518,14.6391,15.0136,1776041255663910478
sysbp,slot_4:sysbp,sharing,263.0486,54.307,24.1934,23.4828,0.0011,0.4682,29.7587,30.1136,1776041255745335753
sysbp,slot_4:sysbp,sharing,263.6349,64.4782,24.6761,23.9599,0.0011,0.4878,39.4378,39.802,1776041256341277631
sysbp,slot_4:sysbp,sharing,264.5409,31.8718,24.4797,23.7855,0.0011,0.4589,7.0064,7.3921,1776041257214814073
sysbp,slot_4:sysbp,sharing,266.6791,93.6012,43.5381,41.6119,0.0012,0.2328,49.5954,50.0631,1776041259395593758
sysbp,slot_4:sysbp,sharing,266.7047,68.2263,43.5381,41.6119,0.0012,0.2328,23.9961,24.6882,1776041259395593758
sysbp,slot_4:sysbp,sharing,267.5639,39.0725,24.2413,23.5527,0.0012,0.4537,14.457,14.8312,1776041260245246216
sysbp,slot_4:sysbp,sharing,268.09,32.1507,24.3807,23.6736,0.0012,0.472,7.3776,7.7701,1776041260764266672
sysbp,slot_4:sysbp,sharing,271.5205,69.7272,24.4689,23.7634,0.0011,0.4753,44.883,45.2583,1776041264232305341
sysbp,slot_4:sysbp,sharing,271.6273,46.5701,24.2412,23.5589,0.0011,0.4508,21.9185,22.3288,1776041264316190861
sysbp,slot_4:sysbp,sharing,271.768,32.4078,24.2905,23.5715,0.0012,0.4878,7.6966,8.1172,1776041264442680151
sysbp,slot_4:sysbp,sharing,273.0215,32.644,24.4347,23.7324,0.0014,0.4665,7.838,8.2093,1776041265696244701
sysbp,slot_4:sysbp,sharing,274.4505,33.2961,24.6364,23.9524,0.001,0.448,8.2881,8.6597,1776041267125737350
sysbp,slot_4:sysbp,sharing,275.2058,33.0844,24.2995,23.6163,0.0011,0.4475,8.3983,8.7849,1776041267881095565
sysbp,slot_4:sysbp,sharing,276.6263,32.4602,24.7722,23.6977,0.0012,0.8267,7.3068,7.6881,1776041269300544821
sysbp,slot_4:sysbp,sharing,276.9131,33.1171,24.8878,24.1594,0.0012,0.4898,7.8766,8.2292,1776041269587880181
sysbp,slot_4:sysbp,sharing,278.1166,33.0989,24.0997,23.4252,0.0012,0.4478,8.6162,8.9992,1776041270792164786
sysbp,slot_4:sysbp,sharing,279.3876,32.0249,24.3662,23.6762,0.0012,0.4502,7.2582,7.6587,1776041272061809364
sysbp,slot_4:sysbp,sharing,280.5539,33.0267,24.4634,23.7645,0.0011,0.4667,8.1728,8.5633,1776041273229022159
sysbp,slot_4:sysbp,sharing,281.479,32.4574,24.4443,23.7208,0.0012,0.4561,7.6492,8.0131,1776041274153577591
sysbp,slot_4:sysbp,sharing,283.625,33.3023,24.8503,24.1129,0.0012,0.4807,8.07,8.452,1776041276300034155
sysbp,slot_4:sysbp,sharing,286.0486,31.5924,24.4294,23.7193,0.0012,0.4712,6.8026,7.163,1776041278722297602
sysbp,slot_4:sysbp,sharing,286.9491,64.4453,24.5589,23.854,0.0011,0.4548,39.5298,39.8863,1776041279655572871
sysbp,slot_4:sysbp,sharing,287.4675,44.9755,26.3945,25.1872,0.0012,0.4687,18.1189,18.581,1776041280152572605
sysbp,slot_4:sysbp,sharing,288.4629,70.9314,27.7085,26.536,0.0011,0.4346,42.7299,43.2229,1776041281172566216
sysbp,slot_4:sysbp,sharing,290.9445,65.3126,26.29,25.1043,0.0011,0.4885,38.6126,39.0226,1776041283650085574
sysbp,slot_4:sysbp,sharing,291.1886,32.2254,24.5663,23.6934,0.0011,0.6316,7.2131,7.6591,1776041283862771643
sysbp,slot_4:sysbp,sharing,291.7163,33.4756,24.2356,23.5526,0.0011,0.4481,8.852,9.24,1776041284392073320
sysbp,slot_4:sysbp,sharing,295.0371,70.3361,24.3867,23.6658,0.0012,0.4714,45.5885,45.9494,1776041287749649215
sysbp,slot_4:sysbp,sharing,295.0736,72.2191,24.3589,23.677,0.0012,0.4512,47.4567,47.8602,1776041287788004334
sysbp,slot_4:sysbp,sharing,295.7064,34.4343,24.4063,23.6829,0.0011,0.4806,9.6645,10.028,1776041288382953017
sysbp,slot_4:sysbp,sharing,296.269,59.3641,24.2215,23.5034,0.0011,0.4873,34.7695,35.1426,1776041288970723565
sysbp,slot_4:sysbp,sharing,298.1278,33.0427,24.369,23.6727,0.0011,0.4624,8.2819,8.6737,1776041290803007406
sysbp,slot_4:sysbp,sharing,300.9969,31.8973,24.2109,23.5111,0.0011,0.4598,7.3292,7.6864,1776041293671183492
sysbp,slot_4:sysbp,sharing,302.265,34.1012,24.8241,24.1133,0.0017,0.4688,8.8942,9.2772,1776041294940843324
sysbp,slot_4:sysbp,sharing,303.8344,31.9123,24.2471,23.5382,0.0012,0.47,7.3042,7.6652,1776041296508596189
sysbp,slot_4:sysbp,sharing,304.4177,32.6703,24.212,23.5048,0.0012,0.4746,8.0764,8.4582,1776041297092733006
sysbp,slot_4:sysbp,sharing,304.6869,81.0127,24.3108,23.6221,0.0011,0.4512,56.3233,56.702,1776041297410175893
sysbp,slot_4:sysbp,sharing,307.1446,33.1979,24.3808,23.6982,0.0012,0.4484,8.4429,8.8171,1776041299820021919
sysbp,slot_4:sysbp,sharing,307.4627,32.4676,24.6426,23.9296,0.0012,0.4785,7.4625,7.825,1776041300137076999
sysbp,slot_4:sysbp,sharing,307.7276,31.5845,24.381,23.6734,0.0011,0.4693,6.8369,7.2035,1776041300401363661
sysbp,slot_4:sysbp,sharing,309.6382,33.8404,24.4989,23.7801,0.0012,0.4823,8.9955,9.3415,1776041302314094351
sysbp,slot_4:sysbp,sharing,310.1308,41.914,24.3113,23.6028,0.0011,0.4732,17.2167,17.6027,1776041302814939305
sysbp,slot_4:sysbp,sharing,310.2268,31.9207,24.7192,24.0319,0.0011,0.4464,6.8414,7.2014,1776041302900580722
sysbp,slot_4:sysbp,sharing,311.4379,32.3722,24.5657,23.8534,0.0011,0.4747,7.4201,7.8065,1776041304112252440
sysbp,slot_4:sysbp,sharing,314.1196,32.6622,24.3493,23.6348,0.0012,0.471,7.9439,8.3129,1776041306794447919
sysbp,slot_4:sysbp,sharing,315.0783,33.1092,24.2483,23.5453,0.0011,0.4706,8.4867,8.8609,1776041307753731346
sysbp,slot_4:sysbp,sharing,315.1595,33.5989,24.46,23.7371,0.0011,0.4827,8.6703,9.1389,1776041307835126119
sysbp,slot_4:sysbp,sharing,315.193,44.8098,24.2652,23.5698,0.0011,0.4643,20.1433,20.5446,1776041307880031761
sysbp,slot_4:sysbp,sharing,317.3384,34.3978,24.3375,23.6427,0.0012,0.4611,9.6805,10.0603,1776041310015030666
sysbp,slot_4:sysbp,sharing,318.2801,32.4008,24.4869,23.7778,0.0012,0.4549,7.551,7.9139,1776041310954613220
sysbp,slot_4:sysbp,sharing,320.2444,33.411,24.4074,23.7109,0.0012,0.4564,8.6026,9.0036,1776041312919888222
sysbp,slot_4:sysbp,sharing,320.6612,56.8466,24.5189,23.8082,0.0012,0.4697,31.9686,32.3277,1776041313360078613
sysbp,slot_4:sysbp,sharing,321.9515,33.1793,24.7593,24.0581,0.0011,0.4608,8.0557,8.42,1776041314626528578
sysbp,slot_4:sysbp,sharing,322.6986,34.5728,24.7529,24.0333,0.0012,0.4751,9.4519,9.8199,1776041315375030252
sysbp,slot_4:sysbp,sharing,325.364,32.8434,24.6668,23.958,0.0013,0.4662,7.7789,8.1765,1776041318038693711
sysbp,slot_4:sysbp,sharing,327.4551,32.5584,24.7781,24.076,0.0012,0.4555,7.3984,7.7803,1776041320129417879
sysbp,slot_4:sysbp,sharing,328.091,34.5359,25.0561,24.3489,0.0018,0.4533,9.115,9.4798,1776041320767023870
sysbp,slot_4:sysbp,sharing,328.2037,53.9386,24.6893,23.6331,0.0013,0.4655,28.8889,29.2493,1776041320899570792
sysbp,slot_4:sysbp,sharing,328.3869,33.5884,24.153,23.4569,0.0011,0.4517,9.032,9.4354,1776041321062833720
sysbp,slot_4:sysbp,sharing,331.319,32.7456,24.3332,23.6248,0.0011,0.4646,8.0297,8.4124,1776041323993931951
sysbp,slot_4:sysbp,sharing,333.249,77.831,24.2158,23.5252,0.0012,0.4523,53.2367,53.6152,1776041325969153927
sysbp,slot_4:sysbp,sharing,333.5192,33.2172,24.5046,23.7944,0.0011,0.4771,8.3368,8.7126,1776041326194431636
sysbp,slot_4:sysbp,sharing,336.0719,48.5575,24.4658,23.7413,0.0012,0.4881,23.7098,24.0918,1776041328762529123
sysbp,slot_4:sysbp,sharing,337.0847,32.6147,24.4441,23.7258,0.0011,0.4779,7.8013,8.1707,1776041329759420036
sysbp,slot_4:sysbp,sharing,337.6447,47.1158,24.8573,24.1311,0.0012,0.4591,21.8656,22.2585,1776041330333504346
sysbp,slot_4:sysbp,sharing,338.2016,47.1015,24.2246,23.5303,0.0012,0.4598,22.4891,22.8769,1776041330891035668
sysbp,slot_4:sysbp,sharing,338.3319,44.3013,24.268,23.5606,0.0011,0.477,19.6545,20.0333,1776041331018533445
sysbp,slot_4:sysbp,sharing,339.0644,32.4845,24.4011,23.7019,0.0016,0.4631,7.7028,8.0834,1776041331739046138
sysbp,slot_4:sysbp,sharing,339.6041,32.2137,24.2026,23.4892,0.0012,0.475,7.637,8.0111,1776041332278690683
sysbp,slot_4:sysbp,sharing,340.7178,31.8501,24.2065,23.5204,0.0013,0.4505,7.2415,7.6436,1776041333391992696
sysbp,slot_4:sysbp,sharing,340.7221,66.0641,24.6757,23.9461,0.0012,0.4904,41.0066,41.3885,1776041333430031522
sysbp,slot_4:sysbp,sharing,345.1772,33.9112,25.0653,24.3293,0.0015,0.479,8.4875,8.8459,1776041337852594168
sysbp,slot_4:sysbp,sharing,345.1975,62.3074,24.2637,23.5685,0.0012,0.4545,37.6656,38.0437,1776041337902085250
sysbp,slot_4:sysbp,sharing,345.6745,69.1957,26.3468,25.0825,0.0011,0.4744,42.402,42.8489,1776041338383796094
sysbp,slot_4:sysbp,sharing,346.1597,34.2085,24.7022,24.0071,0.0015,0.4522,9.1321,9.5064,1776041338835771556
sysbp,slot_4:sysbp,sharing,347.4359,35.2473,24.6056,23.8698,0.0017,0.4886,10.2811,10.6417,1776041340113149221
sysbp,slot_4:sysbp,sharing,348.2053,33.1368,24.4576,23.7444,0.0011,0.4558,8.3096,8.6792,1776041340880552694
sysbp,slot_4:sysbp,sharing,348.5749,32.7923,24.851,24.1578,0.0011,0.4543,7.5672,7.9413,1776041341249394631
sysbp,slot_4:sysbp,sharing,348.9423,34.3003,24.927,23.8223,0.0013,0.4605,8.9731,9.3733,1776041341618237251
sysbp,slot_4:sysbp,sharing,349.3167,84.8341,25.6559,24.9458,0.0011,0.2229,58.7647,59.1782,1776041342042417674
sysbp,slot_4:sysbp,sharing,349.337,64.6198,25.6559,24.9458,0.0011,0.2229,38.4779,38.9639,1776041342042417674
sysbp,slot_4:sysbp,sharing,350.2949,32.8915,24.3633,23.6731,0.0012,0.4521,8.1165,8.5282,1776041342969917139
sysbp,slot_4:sysbp,sharing,350.6892,36.808,24.3333,23.6266,0.0011,0.4667,12.1033,12.4747,1776041343368206467
sysbp,slot_4:sysbp,sharing,354.9972,33.504,25.0179,24.3381,0.0012,0.4501,8.1098,8.4861,1776041347672218995
sysbp,slot_4:sysbp,sharing,358.1537,43.3502,24.3216,23.5959,0.0012,0.4916,18.6651,19.0286,1776041350839293938
sysbp,slot_4:sysbp,sharing,359.8616,69.6392,24.4737,23.7579,0.0012,0.4837,44.6868,45.1655,1776041352573218153
sysbp,slot_4:sysbp,sharing,360.1977,71.5334,35.1594,33.4243,0.0013,0.4439,35.7854,36.374,1776041352900407892
sysbp,slot_4:sysbp,sharing,363.6812,70.9381,26.0583,24.8819,0.0014,0.4681,44.4381,44.8798,1776041356392576873
sysbp,slot_4:sysbp,sharing,364.5449,68.6135,26.2388,24.9514,0.0016,0.4969,41.9734,42.3747,1776041357253838560
sysbp,slot_4:sysbp,sharing,369.3382,54.0743,24.6583,23.5828,0.0011,0.8401,29.0427,29.416,1776041362034171494
sysbp,slot_4:sysbp,sharing,370.36,32.6853,24.358,23.6543,0.0011,0.466,7.9544,8.3273,1776041363034878726
sysbp,slot_4:sysbp,sharing,372.2856,32.4697,24.315,23.604,0.0012,0.4713,7.7949,8.1548,1776041364960293734
sysbp,slot_4:sysbp,sharing,372.6446,33.3753,24.4847,23.7575,0.0012,0.4907,8.533,8.8905,1776041365320071660
sysbp,slot_4:sysbp,sharing,372.8833,33.3109,24.589,23.9028,0.0012,0.4527,8.338,8.7219,1776041365558591411
sysbp,slot_4:sysbp,sharing,372.943,66.1938,26.1167,24.9277,0.0013,0.4674,39.6211,40.0771,1776041365649593682
sysbp,slot_4:sysbp,sharing,373.1829,33.9839,24.6785,23.976,0.0012,0.466,8.9226,9.3054,1776041365858794019
sysbp,slot_4:sysbp,sharing,373.3496,35.5091,25.0328,24.3174,0.0012,0.484,10.1213,10.4763,1776041366026618543
sysbp,slot_4:sysbp,sharing,373.5884,31.6012,24.1802,23.4831,0.0011,0.4677,7.0624,7.421,1776041366262362602
sysbp,slot_4:sysbp,sharing,374.5825,78.9351,24.5414,23.8199,0.0012,0.4782,54.0254,54.3938,1776041367303431952
sysbp,slot_4:sysbp,sharing,374.9373,32.9661,24.8483,23.7504,0.0013,0.4843,7.7522,8.1179,1776041367611991846
sysbp,slot_4:sysbp,sharing,376.5352,57.7297,24.2882,23.5797,0.0011,0.4628,33.0696,33.4415,1776041369235158315
sysbp,slot_4:sysbp,sharing,376.564,73.9076,24.3692,23.6646,0.0011,0.4501,49.185,49.5384,1776041369280158054
sysbp,slot_4:sysbp,sharing,378.6655,34.2443,24.1592,23.4747,0.0011,0.4503,9.6714,10.0851,1776041371342061945
sysbp,slot_4:sysbp,sharing,381.2619,33.8638,24.2718,23.5793,0.0012,0.4502,9.2001,9.592,1776041373937999111
sysbp,slot_4:sysbp,sharing,381.384,32.1174,24.3886,23.6698,0.0011,0.4717,7.365,7.7287,1776041374058275843
sysbp,slot_4:sysbp,sharing,383.8712,52.9535,24.3308,23.6321,0.0011,0.4657,28.2407,28.6226,1776041376566343685
sysbp,slot_4:sysbp,sharing,383.9875,32.8832,24.0079,23.3097,0.0012,0.4699,8.4972,8.8752,1776041376662961808
sysbp,slot_4:sysbp,sharing,384.7597,33.721,25.1138,24.0052,0.0012,0.484,8.2331,8.6072,1776041377434841459
sysbp,slot_4:sysbp,sharing,386.3441,33.7138,24.3972,23.7055,0.0012,0.4508,8.9443,9.3166,1776041379020013642
sysbp,slot_4:sysbp,sharing,387.2824,33.8533,24.6626,23.5498,0.0012,0.868,8.8315,9.1907,1776041379958118687
sysbp,slot_4:sysbp,sharing,387.6108,31.9686,24.2078,23.5324,0.0012,0.4453,7.3838,7.7607,1776041380285144546
sysbp,slot_4:sysbp,sharing,388.1359,53.52,24.7209,23.5795,0.0013,0.4597,28.4278,28.7991,1776041380831301324
sysbp,slot_4:sysbp,sharing,392.1669,49.1605,24.2832,23.5747,0.0012,0.469,24.5214,24.8772,1776041384858392699
sysbp,slot_4:sysbp,sharing,392.4425,68.3794,25.9912,24.8308,0.0012,0.4717,41.9514,42.3882,1776041385151409609
sysbp,slot_4:sysbp,sharing,393.5841,32.4409,24.5825,23.639,0.0011,0.7027,7.504,7.8584,1776041386258547690
sysbp,slot_4:sysbp,sharing,393.6839,31.8961,24.3353,23.6557,0.0011,0.4483,7.201,7.5608,1776041386358031877
sysbp,slot_4:sysbp,sharing,396.2729,46.6163,24.2447,23.537,0.0012,0.4541,22.0058,22.3716,1776041388961814579
sysbp,slot_4:sysbp,sharing,396.8952,32.439,24.3658,23.6823,0.0012,0.4484,7.6711,8.0732,1776041389569853668
sysbp,slot_4:sysbp,sharing,400.6805,40.8859,24.2896,23.5839,0.0013,0.4757,16.2361,16.5963,1776041393363680072
sysbp,slot_4:sysbp,sharing,400.863,32.5909,24.405,23.7025,0.0013,0.4529,7.8132,8.1858,1776041393537730477
sysbp,slot_4:sysbp,sharing,402.1185,44.3015,27.0311,25.2876,0.0012,0.9442,16.8374,17.2704,1776041394802284108
sysbp,slot_4:sysbp,sharing,405.8016,35.7316,24.292,23.5592,0.0013,0.4895,11.0817,11.4395,1776041398479586043
sysbp,slot_4:sysbp,sharing,410.8948,39.2818,24.1995,23.4787,0.0012,0.467,14.7231,15.0824,1776041403576465494
sysbp,slot_4:sysbp,sharing,411.2366,33.3657,25.5076,24.7987,0.0011,0.4753,7.4651,7.8581,1776041403910986639
sysbp,slot_4:sysbp,sharing,411.6205,33.7622,24.5952,23.8849,0.0011,0.4752,8.8079,9.167,1776041404296215844
sysbp,slot_4:sysbp,sharing,411.9695,32.2907,24.5088,23.8267,0.001,0.4469,7.3967,7.7819,1776041404643813109
sysbp,slot_4:sysbp,sharing,412.1505,33.6394,24.9746,23.8978,0.0011,0.8327,8.3013,8.6649,1776041404825711321
sysbp,slot_4:sysbp,sharing,413.7633,33.5028,24.3544,23.6582,0.0016,0.4615,8.7707,9.1484,1776041406438992470
sysbp,slot_4:sysbp,sharing,415.1404,33.3464,24.1573,23.4698,0.0012,0.4537,8.8055,9.1891,1776041407816171782
sysbp,slot_4:sysbp,sharing,415.9651,46.2401,24.2737,23.5697,0.0011,0.4702,21.5993,21.9663,1776041408653588957
sysbp,slot_4:sysbp,sharing,416.1319,95.7739,36.4914,34.2755,0.0011,0.8363,58.8219,59.2825,1776041408857668595
sysbp,slot_4:sysbp,sharing,417.1055,67.5027,24.3382,23.6176,0.0011,0.4877,42.8143,43.1646,1776041409815221532
sysbp,slot_4:sysbp,sharing,417.2461,33.6161,24.8449,24.1356,0.0011,0.4705,8.369,8.7712,1776041409921402949
sysbp,slot_4:sysbp,sharing,417.9042,76.9575,24.5466,23.8252,0.0011,0.4706,52.0637,52.4109,1776041410623179706
sysbp,slot_4:sysbp,sharing,418.388,33.4165,24.5095,23.7682,0.0011,0.4702,8.5375,8.907,1776041411063496597
sysbp,slot_4:sysbp,sharing,421.7068,43.1335,24.4591,23.7738,0.0012,0.4495,18.3082,18.6744,1776041414392036366
sysbp,slot_4:sysbp,sharing,424.3795,33.551,24.4408,23.7092,0.0011,0.4878,8.7464,9.1102,1776041417055150188
sysbp,slot_4:sysbp,sharing,425.1145,32.3055,24.3487,23.6637,0.0012,0.4515,7.5896,7.9568,1776041417789010383
sysbp,slot_4:sysbp,sharing,425.7255,81.3544,24.2369,23.5566,0.0011,0.4475,56.7474,57.1175,1776041418449195443
sysbp,slot_4:sysbp,sharing,428.9169,32.5303,24.3213,23.611,0.0012,0.4748,7.8585,8.209,1776041421591646048
sysbp,slot_4:sysbp,sharing,429.1884,33.9079,24.6432,23.9394,0.0011,0.4715,8.8873,9.2647,1776041421864236680
sysbp,slot_4:sysbp,sharing,432.2611,48.1415,24.3318,23.5801,0.0013,0.4806,23.4504,23.8097,1776041424951479061
sysbp,slot_4:sysbp,sharing,432.411,32.1209,24.2725,23.5673,0.0011,0.4708,7.4999,7.8485,1776041425085419412
sysbp,slot_4:sysbp,sharing,433.0638,46.9587,25.0713,24.3906,0.0011,0.4467,21.5254,21.8874,1776041425752213878
sysbp,slot_4:sysbp,sharing,433.9933,33.8879,24.6645,23.9506,0.0012,0.4755,8.8623,9.2234,1776041426669121790
sysbp,slot_4:sysbp,sharing,435.4539,45.9471,24.2779,23.5854,0.0012,0.4531,21.2898,21.6692,1776041428142079233
sysbp,slot_4:sysbp,sharing,435.988,33.2236,24.2802,23.5384,0.0011,0.473,8.5778,8.9434,1776041428663500086
sysbp,slot_4:sysbp,sharing,436.8043,32.824,24.5301,23.7978,0.0012,0.4916,7.9219,8.294,1776041429479119309
sysbp,slot_4:sysbp,sharing,437.2767,83.2357,34.6598,32.8417,0.0011,0.4557,48.1513,48.5759,1776041429991817704
sysbp,slot_4:sysbp,sharing,437.9541,75.666,24.2565,23.5725,0.0011,0.4529,51.0361,51.4095,1776041430672113753
sysbp,slot_4:sysbp,sharing,438.1173,33.7501,24.219,23.5167,0.0011,0.4716,9.1457,9.5311,1776041430793418167
sysbp,slot_4:sysbp,sharing,438.5698,34.2143,24.5381,23.8132,0.0012,0.4896,9.3253,9.6762,1776041431246107699
sysbp,slot_4:sysbp,sharing,439.9293,59.3877,25.9997,24.8309,0.0012,0.4454,32.8507,33.3879,1776041432629075870
sysbp,slot_4:sysbp,sharing,439.9589,68.6171,24.1968,23.4896,0.0011,0.4522,44.0497,44.4203,1776041432669911405
sysbp,slot_4:sysbp,sharing,440.7364,33.6049,24.4521,23.7395,0.0013,0.4712,8.7898,9.1528,1776041433412125087
sysbp,slot_4:sysbp,sharing,443.8651,44.8842,24.5495,23.8247,0.0011,0.4796,19.9728,20.3347,1776041436552023401
sysbp,slot_4:sysbp,sharing,444.2602,32.6931,24.5681,23.8714,0.0014,0.4599,7.7505,8.1251,1776041436934907715
sysbp,slot_4:sysbp,sharing,447.5939,33.8557,24.5723,23.8737,0.0012,0.4604,8.8947,9.2834,1776041440269767819
sysbp,slot_4:sysbp,sharing,447.6319,40.9973,24.3561,23.6521,0.0011,0.4664,16.2697,16.6411,1776041440315089760
sysbp,slot_4:sysbp,sharing,447.7858,36.272,24.7869,23.693,0.0012,0.4839,11.0912,11.4852,1776041440463853995
sysbp,slot_4:sysbp,sharing,449.5678,56.3629,24.2429,23.5015,0.0011,0.484,31.7514,32.1199,1776041442266459787
sysbp,slot_4:sysbp,sharing,449.9778,32.4917,24.5698,23.6664,0.0013,0.6647,7.5779,7.9219,1776041442652284572
sysbp,slot_4:sysbp,sharing,451.7463,45.1849,25.9077,24.642,0.0012,0.4577,18.8806,19.2771,1776041444432147284
sysbp,slot_4:sysbp,sharing,451.8807,77.8129,24.295,23.5862,0.0011,0.4535,53.143,53.5179,1776041444600789779
sysbp,slot_4:sysbp,sharing,452.3733,66.2119,24.2842,23.5763,0.0011,0.4546,41.5566,41.9278,1776041445081741674
sysbp,slot_4:sysbp,sharing,453.5608,41.1661,24.2297,23.5233,0.0011,0.4676,16.5651,16.9364,1776041446244325239
sysbp,slot_4:sysbp,sharing,453.7942,33.0751,24.4999,23.7928,0.0012,0.4688,8.2037,8.5752,1776041446469372768
sysbp,slot_4:sysbp,sharing,455.4895,32.9535,24.8384,24.1352,0.0012,0.4505,7.751,8.1151,1776041448164148210
sysbp,slot_4:sysbp,sharing,455.8594,32.4948,24.3741,23.6908,0.0011,0.4491,7.74,8.1207,1776041448534116670
sysbp,slot_4:sysbp,sharing,455.988,32.341,24.3198,23.6007,0.0012,0.475,7.6547,8.0212,1776041448662577224
sysbp,slot_4:sysbp,sharing,459.5982,32.7277,24.388,23.6895,0.0011,0.4637,7.9567,8.3397,1776041452273112800
sysbp,slot_4:sysbp,sharing,460.3265,66.2212,34.7312,32.6857,0.0011,0.4413,30.9393,31.4901,1776041453024409658
sysbp,slot_4:sysbp,sharing,461.1042,51.5084,24.4142,23.7338,0.0012,0.4504,26.7067,27.0942,1776041453797826556
sysbp,slot_4:sysbp,sharing,464.3284,33.8721,24.2627,23.5318,0.0017,0.4882,9.2483,9.6094,1776041457004624594
sysbp,slot_4:sysbp,sharing,465.0482,35.2352,24.6462,23.5503,0.0013,0.8509,10.2172,10.5889,1776041457725387583
sysbp,slot_4:sysbp,sharing,469.215,32.2959,24.502,23.7998,0.0012,0.472,7.4298,7.794,1776041461889365043
sysbp,slot_4:sysbp,sharing,469.9005,32.3553,24.5806,23.8588,0.0013,0.4716,7.3996,7.7747,1776041462574851741
sysbp,slot_4:sysbp,sharing,473.0127,44.728,24.5074,23.7893,0.0012,0.456,19.8662,20.2207,1776041465699548870
sysbp,slot_4:sysbp,sharing,473.0759,76.3373,24.3527,23.6517,0.0013,0.4699,51.6188,51.9846,1776041465794406597
sysbp,slot_4:sysbp,sharing,475.3509,34.6096,24.8969,24.1534,0.0012,0.4721,9.3436,9.7127,1776041468027226835
sysbp,slot_4:sysbp,sharing,475.9383,34.2178,24.6041,23.8706,0.0011,0.4598,9.2249,9.6137,1776041468614467989
sysbp,slot_4:sysbp,sharing,477.1674,32.2144,24.2329,23.5364,0.0013,0.4524,7.5915,7.9815,1776041469841925956
sysbp,slot_4:sysbp,sharing,477.6518,33.5701,24.3632,23.6627,0.0011,0.4697,8.8339,9.2068,1776041470327599934
sysbp,slot_4:sysbp,sharing,479.1801,33.2885,24.1319,23.43,0.0013,0.4533,8.7898,9.1566,1776041471855869547
sysbp,slot_4:sysbp,sharing,480.4971,32.3558,24.1142,23.4043,0.0012,0.4582,7.8659,8.2416,1776041473171905277
sysbp,slot_4:sysbp,sharing,481.2642,32.1898,24.3572,23.6497,0.0011,0.4719,7.4744,7.8326,1776041473938606463
sysbp,slot_4:sysbp,sharing,482.2455,25.7111,24.7375,24.0248,0.0014,0.4726,0.6065,0.9736,1776041474912996989
sysbp,slot_4:sysbp,sharing,483.1445,32.9065,24.7158,23.9705,0.0011,0.4889,7.8144,8.1907,1776041475819228728
sysbp,slot_4:sysbp,sharing,483.9959,62.4621,26.2812,25.0176,0.0012,0.4622,35.7864,36.1809,1776041476698608130
sysbp,slot_4:sysbp,sharing,484.6322,32.2645,24.3915,23.6847,0.0017,0.451,7.4813,7.8729,1776041477306647925
sysbp,slot_4:sysbp,sharing,485.5429,32.4605,24.3154,23.608,0.0011,0.4702,7.7698,8.145,1776041478217597199
sysbp,slot_4:sysbp,sharing,485.905,78.8898,24.7444,24.057,0.0012,0.4518,53.7496,54.1455,1776041478625642885
sysbp,slot_4:sysbp,sharing,486.4507,34.2453,24.6109,23.9021,0.0011,0.4673,9.2545,9.6343,1776041479126853465
sysbp,slot_4:sysbp,sharing,487.0011,48.5456,24.0918,23.4044,0.0016,0.453,24.0755,24.4538,1776041479692093043
sysbp,slot_4:sysbp,sharing,487.2926,34.0767,24.8523,24.1467,0.0012,0.4581,8.832,9.2244,1776041479968397657
sysbp,slot_4:sysbp,sharing,487.4601,54.4305,24.1137,23.4034,0.0016,0.4566,29.9416,30.3167,1776041480157000412
sysbp,slot_4:sysbp,sharing,487.76,33.5903,24.7957,24.1079,0.0011,0.4522,8.4,8.7946,1776041480435379404
sysbp,slot_4:sysbp,sharing,488.9111,77.7419,26.3111,25.1318,0.0011,0.4521,50.9443,51.4308,1776041481628950718
sysbp,slot_4:sysbp,sharing,489.7022,41.8005,24.7766,24.0966,0.0012,0.4509,16.6292,17.0239,1776041482385719539
sysbp,slot_4:sysbp,sharing,489.7394,45.5632,24.1585,23.4447,0.0011,0.4762,21.0462,21.4047,1776041482427430710
sysbp,slot_4:sysbp,sharing,491.1791,55.1889,24.2133,23.4871,0.0012,0.4772,30.6172,30.9756,1776041483876691213
sysbp,slot_4:sysbp,sharing,491.5457,32.5758,24.4544,23.7502,0.0012,0.4663,7.7691,8.1214,1776041484220429655
sysbp,slot_4:sysbp,sharing,492.2231,56.9501,23.9268,23.2215,0.0011,0.4744,32.6638,33.0233,1776041484922694279
sysbp,slot_4:sysbp,sharing,493.3417,33.1814,24.6887,23.996,0.0012,0.4525,8.0938,8.4928,1776041486016766649
sysbp,slot_4:sysbp,sharing,493.3693,47.168,25.8717,24.7064,0.0011,0.4683,20.8397,21.2963,1776041486057081687
sysbp,slot_4:sysbp,sharing,493.5255,78.897,24.347,23.6156,0.0012,0.4788,54.1766,54.55,1776041486246578421
sysbp,slot_4:sysbp,sharing,493.7488,45.6045,24.1756,23.4577,0.0011,0.4797,21.0617,21.4289,1776041486436796248
sysbp,slot_4:sysbp,sharing,495.3701,81.4505,35.1786,33.4563,0.0012,0.4379,45.6669,46.2718,1776041488082687930
sysbp,slot_4:sysbp,sharing,496.4939,39.3267,24.4933,23.7687,0.0012,0.4744,14.4689,14.8334,1776041489175344479
sysbp,slot_4:sysbp,sharing,498.7841,33.4775,24.5996,23.9205,0.0012,0.4494,8.5111,8.878,1776041491459588679
sysbp,slot_4:sysbp,sharing,499.4521,57.0703,24.6125,23.8729,0.0012,0.4798,32.1102,32.4578,1776041492151192796
sysbp,slot_4:sysbp,sharing,500.6361,66.5751,27.5741,26.3879,0.0012,0.4599,38.5208,39.0009,1776041493341525088
sysbp,slot_4:sysbp,sharing,503.364,33.7815,24.4443,23.7599,0.0011,0.4491,8.9605,9.3372,1776041496039924706
sysbp,slot_4:sysbp,sharing,504.0905,32.9635,24.7821,24.0711,0.0012,0.4579,7.7984,8.1814,1776041496765250540
sysbp,slot_4:sysbp,sharing,505.0485,69.2725,24.1125,23.4321,0.0011,0.4484,44.7876,45.16,1776041497760204280
sysbp,slot_4:sysbp,sharing,505.9731,99.0939,34.5292,32.7912,0.0014,0.4436,63.9982,64.5647,1776041498704039813
sysbp,slot_4:sysbp,sharing,506.4663,32.5108,24.6172,23.5396,0.0013,0.4605,7.5188,7.8936,1776041499140741951
sysbp,slot_4:sysbp,sharing,506.8503,33.4272,24.3092,23.6287,0.0012,0.4465,8.7428,9.1181,1776041499525972552
sysbp,slot_4:sysbp,sharing,507.6323,33.4864,24.3759,23.6847,0.0012,0.4517,8.7297,9.1105,1776041500307958884
sysbp,slot_4:sysbp,sharing,507.9398,44.1318,24.3274,23.6407,0.0013,0.4507,19.423,19.8043,1776041500626132979
sysbp,slot_4:sysbp,sharing,508.063,33.0427,24.5854,23.8668,0.0012,0.4823,8.0891,8.4573,1776041500738056714
sysbp,slot_4:sysbp,sharing,509.6235,32.7425,24.3237,23.5917,0.0011,0.4782,8.0597,8.4188,1776041502298505652
sysbp,slot_4:sysbp,sharing,509.7827,33.211,24.2619,23.5828,0.001,0.4451,8.5688,8.9491,1776041502458191290
sysbp,slot_4:sysbp,sharing,510.4856,33.8614,24.5382,23.8061,0.0012,0.4579,8.9626,9.3232,1776041503161496844
sysbp,slot_4:sysbp,sharing,511.0205,32.8097,24.3768,23.6286,0.0012,0.4764,8.0757,8.4329,1776041503695468507
sysbp,slot_4:sysbp,sharing,512.1748,33.2649,24.252,23.5442,0.0012,0.4689,8.6541,9.0129,1776041504850438350
sysbp,slot_4:sysbp,sharing,512.7342,75.0971,24.2364,23.5025,0.0011,0.4893,50.4954,50.8606,1776041505451614446
sysbp,slot_4:sysbp,sharing,514.4035,92.5231,24.7593,24.0554,0.0011,0.4701,67.4164,67.7638,1776041507137849903
sysbp,slot_4:sysbp,sharing,516.5348,59.8755,24.4243,23.7338,0.0012,0.4516,35.0683,35.4512,1776041509236835424
sysbp,slot_4:sysbp,sharing,518.3814,38.6024,24.2169,23.5084,0.0011,0.4732,14.0295,14.3854,1776041511062328558
sysbp,slot_4:sysbp,sharing,519.5671,32.6667,24.4302,23.7475,0.0011,0.4472,7.8526,8.2365,1776041512241917520
sysbp,slot_4:sysbp,sharing,520.9166,33.9646,24.7327,24.0288,0.0012,0.4499,8.8539,9.2319,1776041513592353153
sysbp,slot_4:sysbp,sharing,522.5594,32.505,24.7064,24.0197,0.0011,0.4496,7.4413,7.7986,1776041515233735950
sysbp,slot_4:sysbp,sharing,524.5341,81.6195,25.9208,24.6815,0.0012,0.4679,55.28,55.6987,1776041517256350130
sysbp,slot_4:sysbp,sharing,524.8662,33.9115,24.2648,23.5638,0.001,0.4694,9.2857,9.6466,1776041517542437420
sysbp,slot_4:sysbp,sharing,525.0243,34.0469,24.2255,23.5086,0.0011,0.4814,9.4416,9.8214,1776041517700686145
sysbp,slot_4:sysbp,sharing,527.2268,33.8049,24.234,23.5149,0.0012,0.468,9.165,9.5709,1776041519902906103
sysbp,slot_4:sysbp,sharing,527.9222,33.5143,24.5877,23.5013,0.0012,0.8466,8.5495,8.9266,1776041520597712881
sysbp,slot_4:sysbp,sharing,528.5428,49.3457,24.7582,24.0525,0.0012,0.473,24.2326,24.5875,1776041521234001655
sysbp,slot_4:sysbp,sharing,528.5824,52.1817,26.0142,24.7528,0.0014,0.4526,25.6581,26.1675,1776041521274982112
sysbp,slot_4:sysbp,sharing,529.2926,69.4559,24.1509,23.4306,0.0011,0.4668,44.9154,45.3049,1776041522004473826
sysbp,slot_4:sysbp,sharing,529.529,49.7148,24.0769,23.4005,0.0011,0.4457,25.2471,25.6379,1776041522221171757
sysbp,slot_4:sysbp,sharing,529.8301,80.8485,26.6341,25.4833,0.0013,0.4322,53.6907,54.2143,1776041522550712120
sysbp,slot_4:sysbp,sharing,530.2689,98.0248,36.369,34.1878,0.0012,0.4573,61.1348,61.6559,1776041522997014364
sysbp,slot_4:sysbp,sharing,530.4294,49.5157,24.244,23.5623,0.0012,0.4493,24.8964,25.2717,1776041523121235788
sysbp,slot_4:sysbp,sharing,531.9846,32.9454,25.0959,24.3827,0.001,0.4576,7.4539,7.8495,1776041524659032912
sysbp,slot_4:sysbp,sharing,532.2632,56.8948,23.9598,23.2626,0.0011,0.4675,32.573,32.935,1776041524962686123
sysbp,slot_4:sysbp,sharing,532.7371,46.844,24.7474,24.0473,0.0011,0.4687,21.7505,22.0966,1776041525425818325
sysbp,slot_4:sysbp,sharing,533.1216,36.5958,25.162,23.9335,0.0011,0.9844,10.9978,11.4338,1776041525799548898
sysbp,slot_4:sysbp,sharing,533.3266,32.7139,24.2554,23.5374,0.0011,0.4876,8.0948,8.4585,1776041526001622902
sysbp,slot_4:sysbp,sharing,535.0456,32.4826,24.4897,23.772,0.0012,0.4789,7.6327,7.9929,1776041527720123572
sysbp,slot_4:sysbp,sharing,535.2222,33.1683,25.147,24.4339,0.0012,0.4741,7.6592,8.0214,1776041527896829042
sysbp,slot_4:sysbp,sharing,539.3374,48.4536,24.2257,23.5385,0.0012,0.4539,23.8388,24.2278,1776041532028201284
sysbp,slot_4:sysbp,sharing,540.6639,33.9353,24.1488,23.4647,0.0012,0.4517,9.393,9.7865,1776041533340185410
sysbp,slot_4:sysbp,sharing,540.9859,61.9092,24.2621,23.5878,0.0012,0.4452,37.2412,37.6471,1776041533690055435
sysbp,slot_4:sysbp,sharing,542.1299,41.8479,24.5151,23.63,0.0013,0.6423,16.9625,17.3328,1776041534813841354
sysbp,slot_4:sysbp,sharing,543.7837,33.5486,24.4848,23.7482,0.0012,0.4851,8.7018,9.0638,1776041536459371789
sysbp,slot_4:sysbp,sharing,545.2987,31.898,24.0691,23.3691,0.0014,0.4621,7.4313,7.8289,1776041537973096604
sysbp,slot_4:sysbp,sharing,546.8732,58.8248,34.2679,33.0793,0.0013,0.4607,24.0061,24.5569,1776041539564114179
sysbp,slot_4:sysbp,sharing,547.0242,35.9311,24.1541,23.44,0.0012,0.4795,11.409,11.777,1776041539702531983
sysbp,slot_4:sysbp,sharing,547.4796,51.2695,24.3042,23.6062,0.0012,0.4573,26.5849,26.9653,1776041540173126550
sysbp,slot_4:sysbp,sharing,548.5802,32.6312,24.2664,23.5637,0.0014,0.464,7.983,8.3647,1776041541255148508
sysbp,slot_4:sysbp,sharing,550.7809,32.7215,24.243,23.5283,0.0012,0.474,8.101,8.4785,1776041543455964168
sysbp,slot_4:sysbp,sharing,551.2986,73.6463,24.5835,23.8714,0.0012,0.4748,48.7227,49.0628,1776041544014222570
sysbp,slot_4:sysbp,sharing,553.2585,64.527,24.2802,23.5672,0.0012,0.4746,39.8779,40.2469,1776041545965346290
sysbp,slot_4:sysbp,sharing,553.9998,59.1683,35.107,33.5655,0.0013,0.4522,23.5271,24.0614,1776041546690270463
sysbp,slot_4:sysbp,sharing,554.7148,77.8735,24.0952,23.414,0.0012,0.4511,53.3795,53.7782,1776041547435126138
sysbp,slot_4:sysbp,sharing,555.3434,44.5294,24.7582,24.0502,0.0012,0.4702,19.413,19.7712,1776041548029787755
sysbp,slot_4:sysbp,sharing,555.3757,63.709,26.2255,25.0576,0.0011,0.464,37.0219,37.4835,1776041548079699169
sysbp,slot_4:sysbp,sharing,556.6532,33.6485,25.1498,24.4686,0.0012,0.4507,8.1329,8.4987,1776041549328312276
sysbp,slot_4:sysbp,sharing,556.9602,49.1204,26.2679,25.0129,0.0012,0.4606,22.4235,22.8525,1776041549649565164
sysbp,slot_4:sysbp,sharing,558.1031,62.3693,24.3623,23.6196,0.0011,0.4917,37.6468,38.007,1776041550807691359
sysbp,slot_4:sysbp,sharing,560.2562,31.8189,24.1291,23.4205,0.0011,0.4733,7.3249,7.6898,1776041552930417437
sysbp,slot_4:sysbp,sharing,561.1736,32.5315,24.4673,23.7605,0.0011,0.469,7.7004,8.0642,1776041553848195726
sysbp,slot_4:sysbp,sharing,561.4597,70.1811,24.6092,23.9258,0.0011,0.4531,45.1858,45.5719,1776041554171856441
sysbp,slot_4:sysbp,sharing,562.3607,51.609,26.1321,24.883,0.0012,0.4587,25.0323,25.4769,1776041555052648835
sysbp,slot_4:sysbp,sharing,564.0277,72.7458,26.4786,25.1839,0.0013,0.4558,45.8653,46.2672,1776041556740460598
sysbp,slot_4:sysbp,sharing,564.0647,92.5927,26.6494,25.4564,0.0013,0.4645,65.4883,65.9433,1776041556797112569
sysbp,slot_4:sysbp,sharing,566.8038,46.1106,24.2555,23.5748,0.0013,0.4489,21.4839,21.8551,1776041559492169388
sysbp,slot_4:sysbp,sharing,569.1609,34.3249,24.8283,24.1217,0.0012,0.4738,9.1364,9.4966,1776041561836943944
sysbp,slot_4:sysbp,sharing,569.7283,55.5532,24.448,23.742,0.0011,0.4643,30.735,31.1052,1776041562425931575
sysbp,slot_4:sysbp,sharing,569.8129,33.2682,24.2843,23.5493,0.0012,0.4821,8.6257,8.9839,1776041562488470902
sysbp,slot_4:sysbp,sharing,571.033,32.4595,24.1984,23.4873,0.0013,0.4527,7.8998,8.2611,1776041563707831513
sysbp,slot_4:sysbp,sharing,576.4,32.2964,24.3455,23.6266,0.0013,0.476,7.5884,7.9509,1776041569074540762
sysbp,slot_4:sysbp,sharing,576.7919,34.152,24.94,24.2313,0.0011,0.4715,8.8544,9.212,1776041569467683911
sysbp,slot_4:sysbp,sharing,576.8481,32.2618,24.2738,23.5676,0.0011,0.4701,7.6163,7.9881,1776041569522692153
sysbp,slot_4:sysbp,sharing,576.9954,34.3251,24.675,23.9923,0.0011,0.4517,9.2676,9.6501,1776041569671607244
sysbp,slot_4:sysbp,sharing,577.2818,32.8143,24.5351,23.8251,0.0012,0.4533,7.92,8.2792,1776041569956606041
sysbp,slot_4:sysbp,sharing,577.4187,32.9332,24.5121,23.7966,0.0011,0.4714,8.0342,8.4211,1776041570093689379
sysbp,slot_4:sysbp,sharing,577.6941,33.9539,24.8786,24.1714,0.0011,0.4704,8.6985,9.0753,1776041570369736060
sysbp,slot_4:sysbp,sharing,577.7114,55.5773,24.228,23.532,0.0011,0.4653,30.9792,31.3493,1776041570409306717
sysbp,slot_4:sysbp,sharing,578.0699,32.9666,24.3602,23.6619,0.0012,0.4615,8.213,8.6064,1776041570745049047
sysbp,slot_4:sysbp,sharing,579.5993,32.3045,24.2312,23.5253,0.0012,0.4549,7.5626,8.0734,1776041572273815644
sysbp,slot_4:sysbp,sharing,580.1687,33.7903,24.662,23.7074,0.0012,0.7091,8.7698,9.1284,1776041572844411745
sysbp,slot_4:sysbp,sharing,580.7929,32.5141,24.2839,23.5746,0.0012,0.4585,7.8566,8.2302,1776041573467715853
sysbp,slot_4:sysbp,sharing,584.8636,54.6784,24.611,23.9029,0.0012,0.4772,29.6986,30.0674,1776041577560271405
sysbp,slot_4:sysbp,sharing,584.9099,46.6509,24.2848,23.5701,0.0012,0.4656,21.9991,22.3661,1776041577598844959
sysbp,slot_4:sysbp,sharing,585.7621,47.8718,24.134,23.4318,0.0012,0.4699,23.361,23.7378,1776041578452435159
sysbp,slot_4:sysbp,sharing,586.2486,89.6239,25.8285,24.6612,0.0013,0.459,63.3459,63.7954,1776041578978876003
sysbp,slot_4:sysbp,sharing,586.9579,63.1514,26.2888,25.1237,0.0012,0.4501,36.3879,36.8626,1776041579661194767
sysbp,slot_4:sysbp,sharing,589.7978,38.6555,24.3253,23.6096,0.0013,0.4623,13.9575,14.3302,1776041582478715701
sysbp,slot_4:sysbp,sharing,591.7842,33.6094,24.3992,23.6935,0.0012,0.4621,8.8449,9.2102,1776041584459978710
sysbp,slot_4:sysbp,sharing,594.2329,59.2687,24.1517,23.4484,0.0011,0.4754,34.7588,35.117,1776041586934600677
sysbp,slot_4:sysbp,sharing,594.3143,33.5708,24.2192,23.5332,0.0011,0.4517,8.9674,9.3515,1776041586990171815
sysbp,slot_4:sysbp,sharing,596.8873,32.6066,24.2602,23.5731,0.0012,0.4525,7.9725,8.3464,1776041589562234604
sysbp,slot_4:sysbp,sharing,597.7701,46.9215,24.363,23.6265,0.0012,0.4865,22.1927,22.5585,1776041590459192602
sysbp,slot_4:sysbp,sharing,597.9389,32.6719,24.794,24.0783,0.0011,0.4543,7.524,7.878,1776041590613348906
sysbp,slot_4:sysbp,sharing,597.9662,53.9565,24.2453,23.5186,0.0011,0.4685,29.3586,29.7112,1776041590662485330
sysbp,slot_4:sysbp,sharing,598.0252,42.155,24.2454,23.538,0.0011,0.4733,17.5567,17.9096,1776041590709724606
sysbp,slot_4:sysbp,sharing,598.8558,34.3621,26.176,25.4615,0.0013,0.4712,7.808,8.186,1776041591530559583
sysbp,slot_4:sysbp,sharing,598.8793,53.539,26.2042,24.9417,0.0013,0.4514,26.8352,27.3348,1776041591573064087
sysbp,slot_4:sysbp,sharing,599.4249,32.5172,24.2895,23.5799,0.0011,0.4753,7.869,8.2277,1776041592099684912
sysbp,slot_4:sysbp,sharing,599.8366,70.3638,26.3226,25.0379,0.0012,0.4819,43.0219,44.0411,1776041592546570072
etth1fore,slot_5:etth1fore,sharing,0.0001,157.0725,108.088,102.8973,0.0014,0.5514,47.8823,48.9845,1776040992714957781
etth1fore,slot_5:etth1fore,sharing,0.111,89.8743,24.7773,23.9426,0.0016,0.5883,64.7023,65.0969,1776040992842680371
etth1fore,slot_5:etth1fore,sharing,2.1483,63.6287,26.0064,24.7473,0.0017,0.5347,37.1339,37.6222,1776040994852388817
etth1fore,slot_5:etth1fore,sharing,2.214,42.8195,24.4453,23.6379,0.0013,0.5694,17.9725,18.3742,1776040994898941485
etth1fore,slot_5:etth1fore,sharing,2.7564,83.2024,41.308,34.4626,0.0015,3.0049,41.3427,41.8944,1776040995464693951
etth1fore,slot_5:etth1fore,sharing,2.768,71.7046,41.308,34.4626,0.0015,3.0049,29.7632,30.3966,1776040995464693951
etth1fore,slot_5:etth1fore,sharing,3.2039,31.6498,24.366,23.5471,0.0014,0.5531,6.8941,7.2838,1776040995877718175
etth1fore,slot_5:etth1fore,sharing,5.3451,47.3995,24.3408,23.5461,0.0015,0.5629,22.6631,23.0587,1776040998034675000
etth1fore,slot_5:etth1fore,sharing,5.8637,53.4496,25.2563,24.4457,0.0015,0.5605,27.7996,28.1933,1776040998558463956
etth1fore,slot_5:etth1fore,sharing,7.1284,77.0464,24.3826,23.5599,0.0016,0.5693,52.285,52.6638,1776040999847573009
etth1fore,slot_5:etth1fore,sharing,7.566,33.1502,24.9582,23.7906,0.0015,0.917,7.7865,8.192,1776041000240678322
etth1fore,slot_5:etth1fore,sharing,8.605,32.9299,24.5693,23.7915,0.0014,0.5409,7.962,8.3606,1776041001279877585
etth1fore,slot_5:etth1fore,sharing,9.9701,32.2604,24.3463,23.5456,0.0015,0.5558,7.5045,7.9141,1776041002644494061
etth1fore,slot_5:etth1fore,sharing,10.6806,33.561,24.2943,23.521,0.0014,0.5447,8.8732,9.2667,1776041003356439233
etth1fore,slot_5:etth1fore,sharing,10.8334,32.2847,24.4946,23.6853,0.0013,0.5486,7.38,7.7901,1776041003507676289
etth1fore,slot_5:etth1fore,sharing,10.9165,40.4377,24.2878,23.4905,0.0014,0.554,15.738,16.1498,1776041003599125004
etth1fore,slot_5:etth1fore,sharing,11.7434,33.072,24.4162,23.618,0.0013,0.5634,8.2536,8.6558,1776041004418553070
etth1fore,slot_5:etth1fore,sharing,13.2966,44.2607,24.7395,23.965,0.0014,0.5413,19.1398,19.5212,1776041005982695640
etth1fore,slot_5:etth1fore,sharing,13.6386,32.6362,24.3098,23.517,0.0014,0.5459,7.9381,8.3263,1776041006313479590
etth1fore,slot_5:etth1fore,sharing,15.2086,33.277,24.5697,23.7958,0.0015,0.5406,8.2951,8.7073,1776041007883866254
etth1fore,slot_5:etth1fore,sharing,16.3809,40.025,24.1184,23.3437,0.0015,0.5452,15.5025,15.9066,1776041009063332806
etth1fore,slot_5:etth1fore,sharing,17.5935,32.4745,24.6136,23.4625,0.0016,0.8945,7.4413,7.8609,1776041010267861290
etth1fore,slot_5:etth1fore,sharing,18.0408,36.4153,24.6505,23.8595,0.0014,0.5607,11.3742,11.7648,1776041010719099668
etth1fore,slot_5:etth1fore,sharing,21.9808,38.909,24.6954,23.8703,0.0015,0.5518,13.7968,14.2136,1776041014661502692
etth1fore,slot_5:etth1fore,sharing,24.0627,86.9486,35.1849,33.2528,0.0018,0.5674,51.2509,51.7637,1776041016780888632
etth1fore,slot_5:etth1fore,sharing,24.5531,34.0302,24.4243,23.6451,0.0015,0.5501,9.2199,9.6059,1776041017229282192
etth1fore,slot_5:etth1fore,sharing,25.1129,48.1777,24.9158,24.1118,0.0013,0.5743,22.8882,23.2619,1776041017802757590
etth1fore,slot_5:etth1fore,sharing,27.8686,32.4006,24.7585,23.5949,0.0014,0.9069,7.2293,7.6421,1776041020542714799
etth1fore,slot_5:etth1fore,sharing,32.9259,33.0396,24.844,24.0714,0.0015,0.5406,7.7763,8.1956,1776041025600585975
etth1fore,slot_5:etth1fore,sharing,33.0872,33.8159,24.7234,23.5785,0.0015,0.5554,8.6589,9.0924,1776041025762743499
etth1fore,slot_5:etth1fore,sharing,33.2708,44.847,24.3693,23.5649,0.0013,0.5455,20.0443,20.4777,1776041025957815738
etth1fore,slot_5:etth1fore,sharing,33.6028,52.0365,24.6325,23.4849,0.0014,0.9045,26.9957,27.404,1776041026296740565
etth1fore,slot_5:etth1fore,sharing,34.0578,35.0084,24.248,23.461,0.0014,0.5587,10.3571,10.7604,1776041026735091716
etth1fore,slot_5:etth1fore,sharing,34.8895,65.959,24.73,23.9339,0.0015,0.5655,40.8256,41.229,1776041027597282310
etth1fore,slot_5:etth1fore,sharing,34.9726,63.7612,26.3443,25.0312,0.0016,0.5743,36.891,37.4169,1776041027676420901
etth1fore,slot_5:etth1fore,sharing,35.0855,33.3345,24.9703,23.8163,0.0015,0.5498,7.9553,8.3642,1776041027760343593
etth1fore,slot_5:etth1fore,sharing,38.7891,32.7687,24.4968,23.7224,0.0015,0.54,7.8566,8.2719,1776041031463898203
etth1fore,slot_5:etth1fore,sharing,38.9679,49.6068,26.5219,25.2397,0.0014,0.5457,22.6002,23.0849,1776041031657451708
etth1fore,slot_5:etth1fore,sharing,41.8412,73.6554,24.3316,23.5653,0.0015,0.5375,48.9113,49.3238,1776041034557091822
etth1fore,slot_5:etth1fore,sharing,42.1922,75.2621,24.6791,23.6722,0.0017,0.7127,50.1895,50.583,1776041034909307135
etth1fore,slot_5:etth1fore,sharing,42.4518,33.7374,24.1934,23.4011,0.0013,0.546,9.1434,9.5441,1776041035127901835
etth1fore,slot_5:etth1fore,sharing,43.2476,32.4719,24.5154,23.7186,0.0014,0.5636,7.5591,7.9565,1776041035922115369
etth1fore,slot_5:etth1fore,sharing,43.494,33.8957,25.0688,24.2956,0.0014,0.54,8.4426,8.8269,1776041036169347148
etth1fore,slot_5:etth1fore,sharing,44.7413,33.6416,24.4007,23.6193,0.0015,0.5504,8.8303,9.2409,1776041037417073347
etth1fore,slot_5:etth1fore,sharing,45.611,32.289,24.1694,23.3958,0.0014,0.5426,7.7116,8.1196,1776041038285610551
etth1fore,slot_5:etth1fore,sharing,46.1238,34.2116,24.5876,23.7845,0.0015,0.5594,9.2316,9.624,1776041038799952087
etth1fore,slot_5:etth1fore,sharing,49.9776,55.3079,24.3443,23.5773,0.0018,0.5408,30.5758,30.9636,1776041042675132686
etth1fore,slot_5:etth1fore,sharing,50.0152,65.7606,24.6829,23.8851,0.0013,0.564,40.6957,41.0777,1776041042722870646
etth1fore,slot_5:etth1fore,sharing,50.6859,69.8001,24.5074,23.697,0.0015,0.556,44.8785,45.2928,1776041043397725395
etth1fore,slot_5:etth1fore,sharing,52.5562,62.1588,26.4427,25.1073,0.0015,0.5471,35.2526,35.7161,1776041045258398354
etth1fore,slot_5:etth1fore,sharing,53.0963,33.6916,24.5976,23.7981,0.0015,0.5619,8.6823,9.094,1776041045771951231
etth1fore,slot_5:etth1fore,sharing,53.7287,33.639,24.5776,23.8007,0.0015,0.5415,8.6696,9.0613,1776041046404310848
etth1fore,slot_5:etth1fore,sharing,54.4109,33.0899,24.8934,23.7142,0.0014,0.5732,7.7915,8.1965,1776041047085647676
etth1fore,slot_5:etth1fore,sharing,55.0127,32.7988,24.7926,23.9841,0.0014,0.565,7.6258,8.0061,1776041047687211191
etth1fore,slot_5:etth1fore,sharing,58.4752,32.7055,24.3976,23.6238,0.0015,0.5376,7.9045,8.3079,1776041051150075723
etth1fore,slot_5:etth1fore,sharing,58.8497,34.4396,24.8244,24.0075,0.0016,0.5661,9.2132,9.6152,1776041051525871456
etth1fore,slot_5:etth1fore,sharing,59.7378,32.3253,24.8371,23.666,0.0016,0.9138,7.0961,7.4882,1776041052411825289
etth1fore,slot_5:etth1fore,sharing,60.5659,33.2065,24.4328,23.6309,0.0018,0.5664,8.3632,8.7737,1776041053241220205
etth1fore,slot_5:etth1fore,sharing,62.1174,33.4275,25.0318,24.2439,0.0015,0.549,7.9825,8.3957,1776041054792351989
etth1fore,slot_5:etth1fore,sharing,62.4262,54.9159,26.4898,25.2146,0.0016,0.5584,27.9274,28.4261,1776041055121085364
etth1fore,slot_5:etth1fore,sharing,63.1844,33.9668,24.1808,23.3965,0.0014,0.5462,9.3858,9.786,1776041055860679276
etth1fore,slot_5:etth1fore,sharing,63.2706,57.5829,34.8556,32.9716,0.0015,0.5214,22.0497,22.7272,1776041055959629522
etth1fore,slot_5:etth1fore,sharing,63.5187,52.2571,24.2959,23.5222,0.0014,0.5397,27.5552,27.9611,1776041056213172622
etth1fore,slot_5:etth1fore,sharing,65.4895,34.363,24.5324,23.741,0.0015,0.5542,9.428,9.8306,1776041058165881424
etth1fore,slot_5:etth1fore,sharing,66.7765,32.6278,24.6056,23.7764,0.0017,0.5812,7.6487,8.0222,1776041059451066686
etth1fore,slot_5:etth1fore,sharing,66.9653,32.9325,25.1816,24.0118,0.0014,0.9287,7.3688,7.7509,1776041059639622887
etth1fore,slot_5:etth1fore,sharing,66.9766,69.5596,24.2592,23.4681,0.0014,0.5369,44.9069,45.3004,1776041059688457833
etth1fore,slot_5:etth1fore,sharing,68.6803,32.7938,24.9749,24.1656,0.0015,0.5663,7.4389,7.8188,1776041061354685001
etth1fore,slot_5:etth1fore,sharing,73.9766,31.8687,24.3553,23.5597,0.0015,0.564,7.1013,7.5134,1776041066650651382
etth1fore,slot_5:etth1fore,sharing,74.2282,32.2435,24.3159,23.519,0.0014,0.5638,7.5235,7.9276,1776041066902668813
etth1fore,slot_5:etth1fore,sharing,74.3686,34.1859,24.4704,23.6932,0.0015,0.5447,9.3143,9.7155,1776041067044860582
etth1fore,slot_5:etth1fore,sharing,74.57,42.9699,24.2918,23.516,0.0013,0.542,18.2688,18.6781,1776041067255175738
etth1fore,slot_5:etth1fore,sharing,74.6932,37.56,24.3115,23.5401,0.0013,0.5418,12.8429,13.2485,1776041067373016129
etth1fore,slot_5:etth1fore,sharing,74.9384,52.5911,26.3459,25.0066,0.0015,0.5361,25.6841,26.2452,1776041067631039119
etth1fore,slot_5:etth1fore,sharing,75.9934,44.3327,25.1628,24.3667,0.0017,0.5431,18.7593,19.1699,1776041068679061855
etth1fore,slot_5:etth1fore,sharing,77.337,33.1175,25.0247,24.2185,0.0014,0.5666,7.7014,8.0928,1776041070011673340
etth1fore,slot_5:etth1fore,sharing,77.4984,43.5767,24.4045,23.612,0.0014,0.5583,18.779,19.1722,1776041070184156380
etth1fore,slot_5:etth1fore,sharing,77.7669,32.0609,24.8204,24.0465,0.0014,0.5393,6.8293,7.2404,1776041070440633724
etth1fore,slot_5:etth1fore,sharing,79.6101,59.2408,27.0879,25.348,0.0015,0.5637,31.7082,32.1529,1776041072308764918
etth1fore,slot_5:etth1fore,sharing,80.496,33.6471,24.5708,23.7679,0.0016,0.5466,8.6622,9.0762,1776041073171556368
etth1fore,slot_5:etth1fore,sharing,80.6055,54.4801,24.2534,23.4561,0.0013,0.5567,29.8438,30.2266,1776041073302298914
etth1fore,slot_5:etth1fore,sharing,81.3369,32.5086,24.4448,23.6154,0.0014,0.5481,7.6723,8.0638,1776041074011458983
etth1fore,slot_5:etth1fore,sharing,82.1088,48.1646,24.5201,23.7468,0.0013,0.5395,23.2368,23.6445,1776041074798923476
etth1fore,slot_5:etth1fore,sharing,86.7645,49.9568,25.8635,24.5844,0.0015,0.5476,23.6435,24.0933,1776041079455117800
etth1fore,slot_5:etth1fore,sharing,87.5427,31.6269,24.4419,23.6508,0.0015,0.5483,6.7952,7.185,1776041080216404006
etth1fore,slot_5:etth1fore,sharing,87.9871,33.4809,24.5635,23.7677,0.0015,0.5436,8.5294,8.9174,1776041080662551801
etth1fore,slot_5:etth1fore,sharing,88.0694,41.6856,24.3679,23.5759,0.0013,0.5592,16.9098,17.3177,1776041080753237074
etth1fore,slot_5:etth1fore,sharing,88.603,33.1905,24.4776,23.6854,0.0013,0.5586,8.3234,8.7129,1776041081278223019
etth1fore,slot_5:etth1fore,sharing,89.0121,37.107,24.8902,24.0849,0.0013,0.5613,11.8043,12.2168,1776041081690831174
etth1fore,slot_5:etth1fore,sharing,89.3624,39.0344,24.3793,23.581,0.0014,0.5606,14.2522,14.6551,1776041082043626275
etth1fore,slot_5:etth1fore,sharing,90.4447,32.0745,24.8612,24.054,0.0013,0.5663,6.784,7.2132,1776041083118419409
etth1fore,slot_5:etth1fore,sharing,91.8639,47.9817,26.4802,24.7049,0.0015,0.9515,21.0304,21.5016,1776041084551890516
etth1fore,slot_5:etth1fore,sharing,92.6239,33.3316,24.4057,23.6063,0.0013,0.562,8.5306,8.9259,1776041085299372356
etth1fore,slot_5:etth1fore,sharing,93.1232,32.3412,24.4231,23.6232,0.0011,0.56,7.5297,7.9182,1776041085797616716
etth1fore,slot_5:etth1fore,sharing,93.5355,31.9314,24.5402,23.7182,0.0012,0.5608,7.0026,7.3912,1776041086209439105
etth1fore,slot_5:etth1fore,sharing,93.7246,31.8818,24.4239,23.6224,0.001,0.5626,7.0448,7.4579,1776041086398548928
etth1fore,slot_5:etth1fore,sharing,94.0942,33.9031,24.8209,24.0138,0.0012,0.5707,8.7211,9.0823,1776041086769852412
etth1fore,slot_5:etth1fore,sharing,95.6247,33.5448,24.9689,24.1792,0.0013,0.5479,8.1706,8.5759,1776041088299794298
etth1fore,slot_5:etth1fore,sharing,95.95,31.9772,24.6928,23.8933,0.0012,0.5441,6.8974,7.2843,1776041088623833242
etth1fore,slot_5:etth1fore,sharing,96.8108,32.2788,24.7299,23.545,0.0015,0.9322,7.1628,7.5488,1776041089484880172
etth1fore,slot_5:etth1fore,sharing,98.1751,33.0358,24.4308,23.6366,0.0013,0.5601,8.1928,8.6049,1776041090850193610
etth1fore,slot_5:etth1fore,sharing,98.3363,32.896,24.8514,23.7012,0.0012,0.5663,7.6435,8.0446,1776041091010859748
etth1fore,slot_5:etth1fore,sharing,98.953,74.3246,54.808,52.0117,0.0012,0.5387,18.5857,19.5166,1776041091638503460
etth1fore,slot_5:etth1fore,sharing,100.8926,36.4494,24.4502,23.6576,0.0013,0.5629,11.6079,11.9992,1776041093571151544
etth1fore,slot_5:etth1fore,sharing,101.5905,31.8239,24.5224,23.7384,0.0014,0.5477,6.9113,7.3015,1776041094264335574
etth1fore,slot_5:etth1fore,sharing,104.4792,33.1793,24.2247,23.4365,0.0013,0.5539,8.5628,8.9546,1776041097154714676
etth1fore,slot_5:etth1fore,sharing,106.796,65.2218,24.3603,23.5574,0.0013,0.562,40.4773,40.8615,1776041099503424934
etth1fore,slot_5:etth1fore,sharing,108.0093,32.2008,24.3233,23.5228,0.0013,0.5632,7.4739,7.8775,1776041100683744925
etth1fore,slot_5:etth1fore,sharing,108.0536,74.3117,26.6884,25.33,0.0013,0.5386,46.8581,47.6233,1776041100767408636
etth1fore,slot_5:etth1fore,sharing,108.1275,47.3256,27.1545,25.8002,0.0013,0.5357,19.6452,20.1711,1776041100814097961
etth1fore,slot_5:etth1fore,sharing,108.454,41.2889,24.2312,23.456,0.0012,0.5406,16.6848,17.0577,1776041101137617880
etth1fore,slot_5:etth1fore,sharing,109.1192,32.4664,24.5718,23.7724,0.0013,0.5447,7.4847,7.8946,1776041101793598199
etth1fore,slot_5:etth1fore,sharing,109.8655,33.0274,24.2258,23.4147,0.0013,0.561,8.4014,8.8016,1776041102540793291
etth1fore,slot_5:etth1fore,sharing,110.4129,31.9934,24.3738,23.6017,0.0013,0.5432,7.225,7.6196,1776041103087105094
etth1fore,slot_5:etth1fore,sharing,110.6162,56.5696,24.517,23.7259,0.0013,0.5471,31.6474,32.0526,1776041103314757179
etth1fore,slot_5:etth1fore,sharing,111.7289,42.8469,24.3378,23.55,0.0012,0.5425,18.0972,18.5091,1776041104413912981
etth1fore,slot_5:etth1fore,sharing,112.4642,51.2509,27.4028,25.6956,0.0013,0.5534,23.3538,23.8481,1776041105154503776
etth1fore,slot_5:etth1fore,sharing,112.9426,51.3074,25.9046,24.6131,0.0017,0.5336,24.8888,25.4028,1776041105634467852
etth1fore,slot_5:etth1fore,sharing,114.2274,32.1023,24.4967,23.7003,0.0013,0.544,7.2186,7.6057,1776041106901579009
etth1fore,slot_5:etth1fore,sharing,114.3357,78.5604,24.2279,23.45,0.0012,0.5405,53.9436,54.3325,1776041107056554117
etth1fore,slot_5:etth1fore,sharing,117.0039,31.5602,24.3862,23.5762,0.0012,0.5646,6.7801,7.174,1776041109677656736
etth1fore,slot_5:etth1fore,sharing,119.5931,48.1858,24.3533,23.5701,0.0013,0.5396,23.4509,23.8325,1776041112283522156
etth1fore,slot_5:etth1fore,sharing,119.9116,33.493,24.3616,23.5581,0.0013,0.5697,8.7259,9.1314,1776041112587305416
etth1fore,slot_5:etth1fore,sharing,121.6779,33.3831,24.1892,23.4136,0.0013,0.5481,8.7798,9.1939,1776041114353646848
etth1fore,slot_5:etth1fore,sharing,121.8578,67.1725,24.2745,23.4878,0.0013,0.5603,42.5088,42.8981,1776041114567256264
etth1fore,slot_5:etth1fore,sharing,122.5259,34.1651,24.6378,23.8351,0.0013,0.5638,9.1312,9.5273,1776041115201958585
etth1fore,slot_5:etth1fore,sharing,129.2023,32.5184,24.5459,23.7685,0.0013,0.5433,7.5667,7.9724,1776041121876793064
etth1fore,slot_5:etth1fore,sharing,129.5392,31.9173,24.2712,23.4713,0.0013,0.5602,7.2548,7.6461,1776041122213355877
etth1fore,slot_5:etth1fore,sharing,129.5922,79.0124,24.3934,23.6116,0.0012,0.5443,54.2254,54.6189,1776041122313373807
etth1fore,slot_5:etth1fore,sharing,129.877,64.1639,24.8271,23.6779,0.0013,0.5659,38.9328,39.3368,1776041122582910954
etth1fore,slot_5:etth1fore,sharing,132.7381,31.7619,24.438,23.6495,0.0012,0.5457,6.9177,7.3239,1776041125411996221
etth1fore,slot_5:etth1fore,sharing,132.816,32.9444,24.5983,23.8077,0.0012,0.55,7.926,8.3462,1776041125490860995
etth1fore,slot_5:etth1fore,sharing,133.6788,34.7555,24.5016,23.7005,0.0013,0.5433,9.8457,10.2538,1776041126355585417
etth1fore,slot_5:etth1fore,sharing,133.9529,32.3856,24.6778,23.811,0.0012,0.6235,7.3221,7.7078,1776041126627109580
etth1fore,slot_5:etth1fore,sharing,134.0865,71.1482,24.591,23.7879,0.0013,0.5432,46.1564,46.5572,1776041126799554469
etth1fore,slot_5:etth1fore,sharing,137.5164,31.3489,24.3057,23.5285,0.0013,0.5412,6.6359,7.0432,1776041130189936918
etth1fore,slot_5:etth1fore,sharing,138.7243,31.424,24.4914,23.7002,0.0012,0.5565,6.5236,6.9326,1776041131397767265
etth1fore,slot_5:etth1fore,sharing,142.1656,33.9363,25.0328,24.2047,0.0012,0.558,8.5335,8.9035,1776041134841065783
etth1fore,slot_5:etth1fore,sharing,142.7564,71.9681,24.7564,23.5888,0.0013,0.9171,46.8202,47.2117,1776041135470105738
etth1fore,slot_5:etth1fore,sharing,143.846,31.2834,24.1271,23.3395,0.0013,0.5582,6.7639,7.1563,1776041136519658122
etth1fore,slot_5:etth1fore,sharing,145.4693,70.9612,24.7422,23.9664,0.0013,0.5381,45.7857,46.219,1776041138181993267
etth1fore,slot_5:etth1fore,sharing,146.9444,42.0787,24.6522,23.4284,0.0013,0.5764,17.0417,17.4266,1776041139628367262
etth1fore,slot_5:etth1fore,sharing,147.261,31.9219,24.48,23.6907,0.0011,0.5533,7.0322,7.4418,1776041139934940227
etth1fore,slot_5:etth1fore,sharing,150.1443,31.6577,24.4871,23.701,0.0014,0.5403,6.7649,7.1706,1776041142818041851
etth1fore,slot_5:etth1fore,sharing,150.3864,33.4148,25.0668,24.2978,0.0012,0.5407,7.93,8.348,1776041143061266942
etth1fore,slot_5:etth1fore,sharing,150.5662,33.4773,24.8223,23.6878,0.0011,0.8944,8.2247,8.655,1776041143241358886
etth1fore,slot_5:etth1fore,sharing,150.9968,32.2418,24.9653,24.1643,0.0013,0.5642,6.8765,7.2766,1776041143670584956
etth1fore,slot_5:etth1fore,sharing,151.4379,32.0795,24.4621,23.6827,0.0012,0.5416,7.1912,7.6174,1776041144112018014
etth1fore,slot_5:etth1fore,sharing,152.3254,45.9657,26.0694,24.8329,0.0012,0.5358,19.3825,19.8963,1776041145011692977
etth1fore,slot_5:etth1fore,sharing,152.4574,32.5732,24.2573,23.4848,0.0012,0.541,7.8909,8.3159,1776041145132201091
etth1fore,slot_5:etth1fore,sharing,153.372,31.4631,24.0677,23.2765,0.0012,0.56,6.9928,7.3955,1776041146045904726
etth1fore,slot_5:etth1fore,sharing,154.0421,33.8306,24.6096,23.8336,0.0013,0.5387,8.8041,9.2211,1776041146717859914
etth1fore,slot_5:etth1fore,sharing,156.298,31.1108,24.2785,23.4689,0.0013,0.575,6.4454,6.8323,1776041148971403973
etth1fore,slot_5:etth1fore,sharing,156.3722,32.2986,24.3946,23.5888,0.0013,0.5675,7.5054,7.9039,1776041149046671423
etth1fore,slot_5:etth1fore,sharing,162.0682,44.7779,24.134,23.3551,0.0013,0.5474,20.2439,20.6438,1776041154755342477
etth1fore,slot_5:etth1fore,sharing,163.0741,66.9165,24.2762,23.49,0.0012,0.5484,42.1476,42.6403,1776041155783229412
etth1fore,slot_5:etth1fore,sharing,164.3651,33.1891,24.5666,23.7759,0.0012,0.5481,8.2262,8.6225,1776041157040243903
etth1fore,slot_5:etth1fore,sharing,164.4964,31.8577,24.4892,23.7076,0.0012,0.5441,6.9752,7.3685,1776041157170328822
etth1fore,slot_5:etth1fore,sharing,165.3534,33.2963,24.2869,23.4987,0.0012,0.5414,8.5666,9.0094,1776041158028896920
etth1fore,slot_5:etth1fore,sharing,165.4088,31.9276,24.6319,23.8498,0.0012,0.5503,6.8922,7.2957,1776041158082617247
etth1fore,slot_5:etth1fore,sharing,166.1218,68.6519,24.3061,23.5036,0.0011,0.571,43.9532,44.3459,1776041158832679485
etth1fore,slot_5:etth1fore,sharing,166.2385,31.709,24.4435,23.6675,0.0012,0.5441,6.87,7.2655,1776041158912347597
etth1fore,slot_5:etth1fore,sharing,167.2147,31.9548,24.6543,23.8524,0.0013,0.5411,6.8796,7.3005,1776041159888563899
etth1fore,slot_5:etth1fore,sharing,167.3659,32.8684,24.8373,24.0399,0.0013,0.5528,7.6013,8.0311,1776041160040410521
etth1fore,slot_5:etth1fore,sharing,168.6708,41.2171,24.4546,23.659,0.0012,0.5584,16.386,16.7625,1776041161354098321
etth1fore,slot_5:etth1fore,sharing,169.0954,34.0681,24.417,23.6095,0.0013,0.5743,9.2645,9.6511,1776041161771629722
etth1fore,slot_5:etth1fore,sharing,169.4037,33.0646,24.4996,23.7172,0.0013,0.5501,8.1396,8.565,1776041162078800541
etth1fore,slot_5:etth1fore,sharing,169.5822,40.6172,25.021,23.8592,0.0013,0.9215,15.1792,15.5963,1776041162264286841
etth1fore,slot_5:etth1fore,sharing,169.8606,31.5866,24.277,23.4845,0.0012,0.5449,6.9122,7.3097,1776041162534460324
etth1fore,slot_5:etth1fore,sharing,170.9889,32.1152,24.4439,23.6086,0.0013,0.5819,7.2651,7.6714,1776041163663049780
etth1fore,slot_5:etth1fore,sharing,171.1101,33.4535,24.7111,23.9112,0.0012,0.5422,8.3456,8.7423,1776041163785383399
etth1fore,slot_5:etth1fore,sharing,171.9529,32.4144,24.3651,23.5451,0.0014,0.5556,7.6599,8.0493,1776041164627538002
etth1fore,slot_5:etth1fore,sharing,174.0451,31.9531,24.4188,23.6195,0.0013,0.5615,7.1418,7.5343,1776041166719190250
etth1fore,slot_5:etth1fore,sharing,174.8184,50.0133,24.4128,23.6136,0.0012,0.5609,25.2068,25.6005,1776041167510541840
etth1fore,slot_5:etth1fore,sharing,174.9629,31.9533,24.7649,23.963,0.0013,0.5644,6.8085,7.1885,1776041167636674458
etth1fore,slot_5:etth1fore,sharing,175.5647,33.5445,24.8322,24.0496,0.0013,0.5487,8.2924,8.7123,1776041168239953470
etth1fore,slot_5:etth1fore,sharing,176.6048,33.2279,24.8489,24.0587,0.0012,0.5639,7.9865,8.379,1776041169279704303
etth1fore,slot_5:etth1fore,sharing,176.9959,79.5145,24.2338,23.4316,0.0013,0.5658,54.8956,55.2807,1776041169717723925
etth1fore,slot_5:etth1fore,sharing,177.2006,32.4135,24.8641,24.0636,0.0012,0.5643,7.1437,7.5494,1776041169874677940
etth1fore,slot_5:etth1fore,sharing,178.0222,32.1884,24.7091,23.9176,0.0014,0.5583,7.0944,7.4793,1776041170696233438
etth1fore,slot_5:etth1fore,sharing,180.9075,33.3734,24.6152,23.8182,0.0012,0.5517,8.3425,8.7582,1776041173582735941
etth1fore,slot_5:etth1fore,sharing,181.8602,33.4153,24.4181,23.617,0.0013,0.5466,8.5692,8.9973,1776041174535702632
etth1fore,slot_5:etth1fore,sharing,183.1643,58.7165,26.7318,25.3704,0.0015,0.5605,31.5092,31.9847,1776041175862694812
etth1fore,slot_5:etth1fore,sharing,185.1743,32.3362,24.4405,23.6403,0.0013,0.5443,7.4766,7.8958,1776041177848720958
etth1fore,slot_5:etth1fore,sharing,186.6786,67.2472,24.3748,23.5976,0.0013,0.5392,42.4726,42.8723,1776041179388049860
etth1fore,slot_5:etth1fore,sharing,187.9519,33.9673,25.1128,24.3239,0.0011,0.545,8.4517,8.8544,1776041180627256740
etth1fore,slot_5:etth1fore,sharing,188.5838,36.1776,24.5144,23.7329,0.0012,0.5404,11.2677,11.6633,1776041181261974230
etth1fore,slot_5:etth1fore,sharing,189.1219,63.2646,24.408,23.6035,0.0012,0.5685,38.3506,38.8566,1776041181827138977
etth1fore,slot_5:etth1fore,sharing,189.3148,32.6021,24.5056,23.6961,0.0012,0.5601,7.7078,8.0965,1776041181989452929
etth1fore,slot_5:etth1fore,sharing,189.5724,33.3161,24.4395,23.6646,0.0012,0.5424,8.4746,8.8766,1776041182247848434
etth1fore,slot_5:etth1fore,sharing,189.7272,42.1948,24.6538,23.8418,0.0013,0.5691,17.1487,17.5411,1776041182411324348
etth1fore,slot_5:etth1fore,sharing,189.8202,37.9956,24.7202,23.9305,0.0012,0.5482,12.8896,13.2754,1776041182500025126
etth1fore,slot_5:etth1fore,sharing,190.4714,33.5789,24.6992,23.9151,0.0013,0.5495,8.456,8.8797,1776041183146747447
etth1fore,slot_5:etth1fore,sharing,192.1701,42.2065,24.3811,23.59,0.0014,0.5541,17.4358,17.8254,1776041184854424100
etth1fore,slot_5:etth1fore,sharing,194.8962,33.6785,24.451,23.6805,0.0013,0.5386,8.8272,9.2276,1776041187571939463
etth1fore,slot_5:etth1fore,sharing,197.1008,32.6438,24.8701,24.0466,0.0013,0.5635,7.3695,7.7737,1776041189775081883
etth1fore,slot_5:etth1fore,sharing,197.3629,32.7384,25.1399,23.9982,0.0013,0.9039,7.189,7.5986,1776041190036999295
etth1fore,slot_5:etth1fore,sharing,197.8471,33.1969,24.7965,24.0086,0.0013,0.5516,8.0054,8.4005,1776041190522070525
etth1fore,slot_5:etth1fore,sharing,198.9382,31.8675,24.3994,23.6041,0.0013,0.5612,7.0863,7.4681,1776041191612218668
etth1fore,slot_5:etth1fore,sharing,199.2224,32.1319,24.6683,23.8657,0.0013,0.5647,6.9106,7.4636,1776041191896216640
etth1fore,slot_5:etth1fore,sharing,199.2537,46.4873,24.4074,23.597,0.0013,0.5654,21.7006,22.08,1776041191942293461
etth1fore,slot_5:etth1fore,sharing,199.945,33.4761,24.6757,23.8731,0.0013,0.5634,8.4026,8.8004,1776041192620363686
etth1fore,slot_5:etth1fore,sharing,200.7104,46.7508,24.4515,23.6418,0.0012,0.565,21.9052,22.2993,1776041193399196351
etth1fore,slot_5:etth1fore,sharing,202.2021,32.4047,24.8255,23.6792,0.0013,0.9063,7.1952,7.5792,1776041194876254560
etth1fore,slot_5:etth1fore,sharing,202.6324,65.9313,25.8833,24.5383,0.0013,0.5343,39.5479,40.0481,1776041195338866302
etth1fore,slot_5:etth1fore,sharing,205.8277,33.2325,24.4782,23.7039,0.0013,0.5456,8.3444,8.7543,1776041198502984838
etth1fore,slot_5:etth1fore,sharing,206.8628,58.7113,24.8748,24.0773,0.0014,0.5461,33.4644,33.8365,1776041199563245459
etth1fore,slot_5:etth1fore,sharing,207.6975,32.1901,24.4758,23.6855,0.0012,0.5528,7.2892,7.7143,1776041200371772421
etth1fore,slot_5:etth1fore,sharing,209.3523,76.8979,26.1777,24.7784,0.0013,0.5501,50.2524,50.7202,1776041202069523806
etth1fore,slot_5:etth1fore,sharing,210.0847,32.1753,24.2554,23.4541,0.0014,0.5661,7.5235,7.9199,1776041202759177927
etth1fore,slot_5:etth1fore,sharing,211.5272,31.6317,24.2744,23.5039,0.0013,0.5371,6.9346,7.3574,1776041204201034141
etth1fore,slot_5:etth1fore,sharing,211.5922,65.8095,24.09,23.2837,0.0012,0.5588,41.3384,41.7195,1776041204300453875
etth1fore,slot_5:etth1fore,sharing,214.3834,67.9157,35.6668,33.8502,0.0013,0.5489,31.7898,32.2489,1776041207082120895
etth1fore,slot_5:etth1fore,sharing,214.6464,32.0067,24.5112,23.7359,0.0013,0.5425,7.0679,7.4955,1776041207320387892
etth1fore,slot_5:etth1fore,sharing,215.374,47.3325,26.0047,24.6699,0.0013,0.5496,20.8917,21.3278,1776041208061792130
etth1fore,slot_5:etth1fore,sharing,217.7247,64.1279,24.388,23.5908,0.0013,0.5584,39.3438,39.7399,1776041210431025805
etth1fore,slot_5:etth1fore,sharing,218.6306,35.6674,24.3957,23.6158,0.0013,0.541,10.8902,11.2717,1776041211308376574
etth1fore,slot_5:etth1fore,sharing,219.8822,45.6259,25.0158,24.2412,0.0013,0.5395,20.1991,20.6102,1776041212569302469
etth1fore,slot_5:etth1fore,sharing,224.3591,44.7721,24.3043,23.5309,0.0013,0.5381,20.0474,20.4678,1776041217046067117
etth1fore,slot_5:etth1fore,sharing,224.5721,34.6663,25.3342,24.1439,0.0013,0.9368,8.9164,9.3321,1776041217247924624
etth1fore,slot_5:etth1fore,sharing,224.6872,33.2985,24.3644,23.5678,0.0013,0.5629,8.5344,8.9341,1776041217362655037
etth1fore,slot_5:etth1fore,sharing,226.4013,32.3064,24.5372,23.7359,0.0014,0.5485,7.3826,7.7692,1776041219075570530
etth1fore,slot_5:etth1fore,sharing,227.924,81.8493,24.6921,23.8878,0.0012,0.5502,56.7651,57.1572,1776041220647677903
etth1fore,slot_5:etth1fore,sharing,228.0289,68.5196,24.6589,23.4942,0.0013,0.5696,43.4725,43.8607,1776041220739338370
etth1fore,slot_5:etth1fore,sharing,228.7068,32.506,24.6687,23.8906,0.0013,0.5469,7.441,7.8373,1776041221381175141
etth1fore,slot_5:etth1fore,sharing,229.5806,73.509,24.3907,23.588,0.0011,0.563,48.7385,49.1183,1776041222296285209
etth1fore,slot_5:etth1fore,sharing,230.524,33.0117,24.798,23.9905,0.0012,0.5658,7.8306,8.2136,1776041223198811324
etth1fore,slot_5:etth1fore,sharing,231.3837,52.4311,24.4254,23.6483,0.0014,0.5468,27.6344,28.0057,1776041224078298414
etth1fore,slot_5:etth1fore,sharing,231.9612,32.3277,24.5254,23.6978,0.0015,0.5694,7.4146,7.8023,1776041224635573416
etth1fore,slot_5:etth1fore,sharing,232.4448,54.3146,27.8629,26.4871,0.0012,0.5659,26.0291,26.4517,1776041225137718507
etth1fore,slot_5:etth1fore,sharing,233.2726,46.8569,24.3347,23.5328,0.0013,0.572,22.1331,22.5222,1776041225961715881
etth1fore,slot_5:etth1fore,sharing,233.5877,61.0552,24.8338,24.0294,0.0012,0.5542,35.8214,36.2214,1776041226290453231
etth1fore,slot_5:etth1fore,sharing,235.8017,53.7961,24.2584,23.4476,0.0012,0.5745,29.1488,29.5377,1776041228497793956
etth1fore,slot_5:etth1fore,sharing,235.9276,32.3231,24.5961,23.8031,0.0013,0.5538,7.2718,7.727,1776041228601836543
etth1fore,slot_5:etth1fore,sharing,237.2132,34.2994,25.0438,24.1819,0.0013,0.6194,8.8365,9.2556,1776041229888943065
etth1fore,slot_5:etth1fore,sharing,237.3871,32.1827,24.374,23.5784,0.0012,0.5649,7.3936,7.8087,1776041230061410822
etth1fore,slot_5:etth1fore,sharing,238.3513,33.2224,24.6861,23.8681,0.0013,0.5792,8.1413,8.5364,1776041231026332726
etth1fore,slot_5:etth1fore,sharing,239.9083,34.004,24.7916,24.0073,0.0013,0.5436,8.8232,9.2124,1776041232584105759
etth1fore,slot_5:etth1fore,sharing,241.291,32.3551,24.496,23.6892,0.0013,0.5608,7.4728,7.8591,1776041233965455663
etth1fore,slot_5:etth1fore,sharing,242.1676,37.8063,24.3577,23.5711,0.0013,0.5448,13.0501,13.4485,1776041234847553024
etth1fore,slot_5:etth1fore,sharing,242.3646,33.0536,24.4516,23.6528,0.0012,0.5448,8.1799,8.602,1776041235039756633
etth1fore,slot_5:etth1fore,sharing,244.4711,32.1777,24.8623,23.6964,0.0014,0.5525,6.9125,7.3154,1776041237144925296
etth1fore,slot_5:etth1fore,sharing,244.687,74.1866,24.3989,23.5952,0.0015,0.5679,49.3841,49.7876,1776041237403273979
etth1fore,slot_5:etth1fore,sharing,245.9295,84.4362,24.195,23.4231,0.0012,0.5411,59.8359,60.2412,1776041238656258011
etth1fore,slot_5:etth1fore,sharing,246.3958,31.945,24.3315,23.5537,0.0012,0.5422,7.1771,7.6135,1776041239069948013
etth1fore,slot_5:etth1fore,sharing,248.2826,60.0379,24.6324,23.8111,0.0012,0.545,34.9896,35.4055,1776041240984491372
etth1fore,slot_5:etth1fore,sharing,249.6031,33.9613,24.5155,23.7098,0.0013,0.5674,9.0404,9.4457,1776041242279038904
etth1fore,slot_5:etth1fore,sharing,251.4745,33.4914,24.5686,23.7586,0.0013,0.5746,8.5359,8.9228,1776041244150005619
etth1fore,slot_5:etth1fore,sharing,252.2275,67.2812,24.378,23.6053,0.0013,0.542,42.5031,42.9033,1776041244936947844
etth1fore,slot_5:etth1fore,sharing,255.1735,37.6244,24.352,23.5673,0.0012,0.5587,12.8763,13.2723,1776041247853275063
etth1fore,slot_5:etth1fore,sharing,255.3348,32.1376,24.363,23.5912,0.0013,0.5378,7.3686,7.7747,1776041248009137767
etth1fore,slot_5:etth1fore,sharing,255.9061,34.2133,24.7309,23.9441,0.0013,0.5462,9.0694,9.4824,1776041248582127286
etth1fore,slot_5:etth1fore,sharing,256.4181,32.202,24.4607,23.6772,0.0013,0.5472,7.3583,7.7413,1776041249092418681
etth1fore,slot_5:etth1fore,sharing,256.9888,88.7969,24.2661,23.4767,0.0012,0.5392,64.1198,64.5308,1776041249719868043
etth1fore,slot_5:etth1fore,sharing,258.006,33.4001,24.3996,23.6087,0.0012,0.5585,8.599,9.0004,1776041250681552435
etth1fore,slot_5:etth1fore,sharing,258.0123,73.349,25.8453,24.5619,0.0013,0.5706,47.0495,47.5037,1776041250726300802
etth1fore,slot_5:etth1fore,sharing,258.6424,31.8933,24.1818,23.395,0.0013,0.5527,7.3335,7.7115,1776041251316668855
etth1fore,slot_5:etth1fore,sharing,258.7148,83.1521,24.1718,23.39,0.0012,0.5432,58.5866,58.9802,1776041251440322889
etth1fore,slot_5:etth1fore,sharing,259.6472,64.9824,26.1232,24.8453,0.0015,0.5516,38.368,38.8592,1776041252352552094
etth1fore,slot_5:etth1fore,sharing,260.2694,52.5763,26.4286,24.6924,0.0013,0.5719,25.6917,26.1477,1776041252962063683
etth1fore,slot_5:etth1fore,sharing,262.0784,77.4357,26.8149,25.5292,0.0014,0.5401,50.0817,50.6208,1776041254795449009
etth1fore,slot_5:etth1fore,sharing,262.5323,33.2794,24.3227,23.5266,0.0013,0.5405,8.5616,8.9567,1776041255207779903
etth1fore,slot_5:etth1fore,sharing,262.9866,75.3756,24.6817,23.8963,0.0012,0.5436,50.2791,50.6939,1776041255703817820
etth1fore,slot_5:etth1fore,sharing,263.1646,32.5663,24.8682,23.7291,0.0013,0.5665,7.3144,7.6981,1776041255838855319
etth1fore,slot_5:etth1fore,sharing,263.3133,40.2403,24.3972,23.6041,0.0012,0.5629,15.4312,15.8431,1776041255995615662
etth1fore,slot_5:etth1fore,sharing,263.5107,31.7993,24.2743,23.4774,0.0012,0.5681,7.1313,7.525,1776041256184762661
etth1fore,slot_5:etth1fore,sharing,263.7178,69.4039,36.0073,34.2505,0.0012,0.5746,32.8486,33.3966,1776041256417549325
etth1fore,slot_5:etth1fore,sharing,264.862,32.4252,24.518,23.727,0.0012,0.5587,7.5123,7.9071,1776041257536429949
etth1fore,slot_5:etth1fore,sharing,266.1894,31.8525,24.6662,23.509,0.0014,0.5692,6.7835,7.1863,1776041258863115501
etth1fore,slot_5:etth1fore,sharing,266.5266,32.1844,24.3343,23.5619,0.0013,0.5378,7.4458,7.85,1776041259201000953
etth1fore,slot_5:etth1fore,sharing,266.5779,32.6686,24.6352,23.8207,0.0013,0.5433,7.6444,8.0334,1776041259252478535
etth1fore,slot_5:etth1fore,sharing,266.8626,36.222,25.2396,24.4621,0.0013,0.5439,10.5534,10.9824,1776041259540082329
etth1fore,slot_5:etth1fore,sharing,268.8613,34.4007,24.7939,23.9927,0.0013,0.5433,9.1867,9.6068,1776041261537423330
etth1fore,slot_5:etth1fore,sharing,268.8613,76.7975,26.2601,24.9355,0.0014,0.5621,50.0782,50.5374,1776041261578329039
etth1fore,slot_5:etth1fore,sharing,268.9358,48.9295,24.8203,23.5756,0.0013,0.566,23.7062,24.1091,1776041261626462320
etth1fore,slot_5:etth1fore,sharing,269.9973,34.6549,25.2962,24.1307,0.0014,0.554,8.9397,9.3586,1776041262673154909
etth1fore,slot_5:etth1fore,sharing,270.7515,32.2151,24.9655,24.1648,0.0014,0.5613,6.8665,7.2496,1776041263425332170
etth1fore,slot_5:etth1fore,sharing,272.1389,32.3241,24.377,23.6025,0.0013,0.5459,7.5395,7.9471,1776041264813361993
etth1fore,slot_5:etth1fore,sharing,273.5127,62.8889,24.2254,23.4247,0.0013,0.5481,38.2581,38.6635,1776041266217932165
etth1fore,slot_5:etth1fore,sharing,274.1224,32.6889,24.5248,23.724,0.0014,0.5618,7.7777,8.164,1776041266797067666
etth1fore,slot_5:etth1fore,sharing,275.469,33.5698,24.9771,23.8314,0.0013,0.9048,8.1847,8.5927,1776041268144159204
etth1fore,slot_5:etth1fore,sharing,277.0581,62.3891,24.455,23.6574,0.0013,0.5663,37.5369,37.9341,1776041269762550685
etth1fore,slot_5:etth1fore,sharing,277.1646,45.913,24.3013,23.5016,0.0012,0.5467,21.2374,21.6117,1776041269852782650
etth1fore,slot_5:etth1fore,sharing,277.7575,66.2076,24.3271,23.5558,0.0013,0.5433,41.4753,41.8806,1776041270465945721
etth1fore,slot_5:etth1fore,sharing,278.6967,34.4341,24.6082,23.815,0.0012,0.5605,9.4328,9.8259,1776041271373082463
etth1fore,slot_5:etth1fore,sharing,279.5418,32.8801,24.6008,23.7991,0.0012,0.545,7.8576,8.2793,1776041272216601895
etth1fore,slot_5:etth1fore,sharing,279.7782,32.9113,24.5688,23.763,0.0013,0.5671,7.9658,8.3425,1776041272453062273
etth1fore,slot_5:etth1fore,sharing,279.9005,43.4835,24.7953,23.9985,0.0012,0.5577,18.3153,18.6881,1776041272585733079
etth1fore,slot_5:etth1fore,sharing,281.1262,32.582,24.4619,23.6851,0.0013,0.5438,7.7178,8.1201,1776041273800863640
etth1fore,slot_5:etth1fore,sharing,281.9892,31.4109,24.2435,23.4414,0.0013,0.5447,6.7475,7.1674,1776041274662926827
etth1fore,slot_5:etth1fore,sharing,282.336,33.8979,24.6551,23.8322,0.0012,0.5893,8.8348,9.2427,1776041275011804485
etth1fore,slot_5:etth1fore,sharing,286.1683,32.8891,24.4688,23.6778,0.0013,0.5569,8.0378,8.4203,1776041278843269014
etth1fore,slot_5:etth1fore,sharing,286.991,79.9932,35.9526,34.1342,0.0014,0.5433,43.4687,44.0406,1776041279701403519
etth1fore,slot_5:etth1fore,sharing,289.3142,33.916,24.6303,23.7735,0.0014,0.5945,8.8832,9.2857,1776041281989988481
etth1fore,slot_5:etth1fore,sharing,289.4321,32.1569,24.2494,23.4384,0.0012,0.5511,7.5119,7.9075,1776041282106498034
etth1fore,slot_5:etth1fore,sharing,291.5553,32.8252,24.1437,23.3315,0.0012,0.5625,8.2798,8.6815,1776041284230480109
etth1fore,slot_5:etth1fore,sharing,293.406,35.4815,24.4343,23.642,0.0012,0.5621,10.6664,11.0472,1776041286083630663
etth1fore,slot_5:etth1fore,sharing,296.2031,32.5656,24.5825,23.7716,0.0013,0.5536,7.5505,7.9831,1776041288877568373
etth1fore,slot_5:etth1fore,sharing,296.3958,56.2861,24.4888,23.6934,0.0013,0.5603,31.4159,31.7973,1776041289094159217
etth1fore,slot_5:etth1fore,sharing,299.3239,38.7995,25.4378,24.2516,0.0012,0.9462,12.9488,13.3617,1776041292003734476
etth1fore,slot_5:etth1fore,sharing,299.3401,69.8004,24.3722,23.5884,0.0013,0.5492,45.0311,45.4281,1776041292052100633
etth1fore,slot_5:etth1fore,sharing,299.6271,40.9622,26.2777,25.019,0.0012,0.5314,14.2033,14.6845,1776041292308198644
etth1fore,slot_5:etth1fore,sharing,299.9408,81.5139,24.2699,23.4848,0.0012,0.5345,56.7386,57.244,1776041292664488937
etth1fore,slot_5:etth1fore,sharing,300.1906,33.1109,24.7561,23.956,0.0012,0.5459,7.9367,8.3547,1776041292865497796
etth1fore,slot_5:etth1fore,sharing,300.7494,54.0388,24.4109,23.5967,0.0013,0.5745,29.2478,29.6279,1776041293445627780
etth1fore,slot_5:etth1fore,sharing,302.0912,33.9015,24.3616,23.5533,0.0013,0.5734,9.1581,9.5398,1776041294767335955
etth1fore,slot_5:etth1fore,sharing,302.2803,59.8853,24.3547,23.5706,0.0012,0.5466,35.1114,35.5306,1776041294982371704
etth1fore,slot_5:etth1fore,sharing,302.3733,33.9184,24.6044,23.8165,0.0014,0.5493,8.9161,9.314,1776041295049159913
etth1fore,slot_5:etth1fore,sharing,303.0601,38.718,24.7434,23.9091,0.0017,0.5884,13.5705,13.9745,1776041295740607297
etth1fore,slot_5:etth1fore,sharing,304.2699,32.5623,24.7949,23.973,0.0013,0.5736,7.3595,7.7674,1776041296944200765
etth1fore,slot_5:etth1fore,sharing,304.8774,80.734,24.4975,23.7032,0.0012,0.5601,55.8457,56.2365,1776041297600164370
etth1fore,slot_5:etth1fore,sharing,305.4539,32.5146,24.5573,23.7705,0.0015,0.5481,7.5531,7.9572,1776041298128346013
etth1fore,slot_5:etth1fore,sharing,306.7076,50.3035,24.3761,23.5912,0.0012,0.5436,25.528,25.9273,1776041299400108051
etth1fore,slot_5:etth1fore,sharing,308.9932,62.3667,24.3746,23.5842,0.0013,0.5389,37.6155,37.9921,1776041301697710678
etth1fore,slot_5:etth1fore,sharing,309.7671,32.8355,24.5114,23.7141,0.0012,0.5599,7.9477,8.324,1776041302442028744
etth1fore,slot_5:etth1fore,sharing,310.3554,51.8546,24.2176,23.4402,0.0013,0.5476,27.2617,27.637,1776041303049626723
etth1fore,slot_5:etth1fore,sharing,310.9205,32.2657,24.4674,23.6781,0.0015,0.5538,7.3805,7.7982,1776041303594836194
etth1fore,slot_5:etth1fore,sharing,311.9488,32.3279,24.7308,23.9098,0.0013,0.578,7.2041,7.5971,1776041304622895188
etth1fore,slot_5:etth1fore,sharing,314.9851,33.0653,24.6974,23.9142,0.0012,0.5448,7.9691,8.3679,1776041307660039892
etth1fore,slot_5:etth1fore,sharing,318.3909,32.1772,24.2891,23.4992,0.0013,0.56,7.5076,7.8881,1776041311065335907
etth1fore,slot_5:etth1fore,sharing,321.3337,33.7179,24.3864,23.5796,0.0013,0.5668,8.9436,9.3315,1776041314009620873
etth1fore,slot_5:etth1fore,sharing,321.9659,65.407,24.2209,23.44,0.0012,0.5435,40.8003,41.1862,1776041314673607770
etth1fore,slot_5:etth1fore,sharing,322.2568,44.4863,26.3443,25.0669,0.0012,0.5582,17.6818,18.142,1776041314941396368
etth1fore,slot_5:etth1fore,sharing,323.1641,32.6972,24.496,23.6957,0.0013,0.5506,7.7944,8.2012,1776041315838839624
etth1fore,slot_5:etth1fore,sharing,323.508,76.3319,25.8047,24.5618,0.0013,0.5433,50.0479,50.5271,1776041316225020699
etth1fore,slot_5:etth1fore,sharing,323.6235,32.7179,24.8107,24.0147,0.0012,0.5589,7.5183,7.9072,1776041316297933396
etth1fore,slot_5:etth1fore,sharing,324.1003,32.6023,24.4028,23.615,0.0012,0.5552,7.7779,8.1995,1776041316774963051
etth1fore,slot_5:etth1fore,sharing,326.159,33.7789,24.4127,23.6153,0.0014,0.5574,8.9684,9.3662,1776041318834878581
etth1fore,slot_5:etth1fore,sharing,326.353,32.6571,24.5253,23.7131,0.0012,0.5478,7.7276,8.1319,1776041319027664509
etth1fore,slot_5:etth1fore,sharing,327.7178,34.0614,25.0245,24.2301,0.0013,0.5553,8.6477,9.037,1776041320393401153
etth1fore,slot_5:etth1fore,sharing,327.7321,64.662,24.4284,23.6356,0.0013,0.5527,39.8386,40.2336,1776041320438902141
etth1fore,slot_5:etth1fore,sharing,330.6802,34.6498,24.4342,23.6478,0.0013,0.5516,9.8114,10.2157,1776041323356939355
etth1fore,slot_5:etth1fore,sharing,334.0207,32.3625,24.4218,23.6138,0.0013,0.56,7.5607,7.9407,1776041326695208707
etth1fore,slot_5:etth1fore,sharing,334.5179,33.2313,25.3547,24.559,0.0012,0.5624,7.4766,7.8765,1776041327192303675
etth1fore,slot_5:etth1fore,sharing,335.6737,33.5655,24.4445,23.6578,0.0013,0.5478,8.7192,9.121,1776041328349388229
etth1fore,slot_5:etth1fore,sharing,336.1021,65.0954,24.468,23.6596,0.0013,0.5655,40.2315,40.6274,1776041328809241713
etth1fore,slot_5:etth1fore,sharing,336.523,70.3137,24.7159,23.8988,0.0013,0.5608,45.2201,45.5978,1776041329235123238
etth1fore,slot_5:etth1fore,sharing,337.3259,32.3665,24.5123,23.7076,0.0012,0.5722,7.4601,7.8542,1776041330000290096
etth1fore,slot_5:etth1fore,sharing,337.4016,64.7926,24.5511,23.7487,0.0012,0.5637,39.8495,40.2416,1776041330108419781
etth1fore,slot_5:etth1fore,sharing,337.762,33.4799,25.1344,24.3484,0.0011,0.5559,7.9489,8.3455,1776041330436915933
etth1fore,slot_5:etth1fore,sharing,337.7816,63.0085,26.169,24.8223,0.0012,0.5533,36.293,36.8395,1776041330484819350
etth1fore,slot_5:etth1fore,sharing,339.5531,33.9739,24.7894,23.604,0.0013,0.9318,8.7922,9.1845,1776041332228778994
etth1fore,slot_5:etth1fore,sharing,340.2409,32.8033,24.5413,23.7369,0.0013,0.551,7.8211,8.262,1776041332915664301
etth1fore,slot_5:etth1fore,sharing,340.7638,62.675,24.4311,23.6319,0.0012,0.5609,37.8551,38.2439,1776041333468563165
etth1fore,slot_5:etth1fore,sharing,341.9145,33.8125,24.5274,23.743,0.0014,0.549,8.8842,9.2851,1776041334590321432
etth1fore,slot_5:etth1fore,sharing,342.9653,69.7222,24.6845,23.8824,0.0012,0.564,44.6496,45.0377,1776041335676905697
etth1fore,slot_5:etth1fore,sharing,343.8078,69.71,24.2786,23.4823,0.0013,0.5636,45.0339,45.4315,1776041336519765716
etth1fore,slot_5:etth1fore,sharing,344.271,31.9202,24.2662,23.4821,0.0013,0.5431,7.2401,7.654,1776041336945145316
etth1fore,slot_5:etth1fore,sharing,344.348,34.1263,24.9285,23.7487,0.0013,0.9314,8.8117,9.1978,1776041337023736563
etth1fore,slot_5:etth1fore,sharing,345.3049,33.5104,25.4166,24.2445,0.0013,0.9356,7.6957,8.0939,1776041337979523086
etth1fore,slot_5:etth1fore,sharing,345.6609,34.4326,24.9195,24.1558,0.0012,0.534,9.1221,9.5131,1776041338336954729
etth1fore,slot_5:etth1fore,sharing,346.184,57.0099,24.319,23.5189,0.0012,0.5675,32.3095,32.6909,1776041338883258715
etth1fore,slot_5:etth1fore,sharing,346.4302,32.9213,24.4873,23.6951,0.0012,0.557,8.0547,8.434,1776041339105146013
etth1fore,slot_5:etth1fore,sharing,347.8402,53.7748,26.4619,25.1816,0.0013,0.5367,26.7904,27.3129,1776041340533906874
etth1fore,slot_5:etth1fore,sharing,347.9311,57.1022,24.4003,23.6122,0.0012,0.5515,32.3274,32.7019,1776041340630317902
etth1fore,slot_5:etth1fore,sharing,349.9088,32.5353,24.2505,23.4507,0.0012,0.5552,7.8819,8.2848,1776041342583650367
etth1fore,slot_5:etth1fore,sharing,351.1425,32.9015,24.4247,23.6303,0.0013,0.5583,8.081,8.4769,1776041343817526468
etth1fore,slot_5:etth1fore,sharing,351.9336,33.3936,24.6858,23.8951,0.0013,0.559,8.3101,8.7078,1776041344608848178
etth1fore,slot_5:etth1fore,sharing,353.3718,33.5362,24.47,23.6665,0.0014,0.5465,8.6808,9.0662,1776041346047391856
etth1fore,slot_5:etth1fore,sharing,353.6112,62.4664,24.5886,23.7779,0.0013,0.5496,37.4687,37.8778,1776041346315642109
etth1fore,slot_5:etth1fore,sharing,356.714,34.5945,24.7813,23.9833,0.0014,0.5453,9.3684,9.8133,1776041349390334131
etth1fore,slot_5:etth1fore,sharing,357.0321,33.1876,24.3127,23.5214,0.0013,0.5455,8.4853,8.8749,1776041349707545812
etth1fore,slot_5:etth1fore,sharing,357.4591,33.5546,24.4365,23.6448,0.0012,0.5379,8.6877,9.118,1776041350134769109
etth1fore,slot_5:etth1fore,sharing,358.8575,33.5257,24.5022,23.7047,0.0014,0.5639,8.6441,9.0235,1776041351533115354
etth1fore,slot_5:etth1fore,sharing,359.9311,48.0363,25.9333,24.6798,0.0013,0.5427,21.5926,22.1031,1776041352619595134
etth1fore,slot_5:etth1fore,sharing,360.0534,33.5593,24.4747,23.7048,0.0015,0.5387,8.6668,9.0846,1776041352729004879
etth1fore,slot_5:etth1fore,sharing,360.6573,53.3891,24.3832,23.6036,0.0012,0.5432,28.595,29.0059,1776041353352856826
etth1fore,slot_5:etth1fore,sharing,361.9789,33.5975,24.6785,23.8807,0.0014,0.5647,8.5192,8.919,1776041354654367939
etth1fore,slot_5:etth1fore,sharing,362.0596,32.439,24.518,23.7176,0.0012,0.5661,7.5369,7.921,1776041354734090872
etth1fore,slot_5:etth1fore,sharing,362.0649,74.4941,24.5083,23.6855,0.0013,0.5898,49.5987,49.9858,1776041354781433630
etth1fore,slot_5:etth1fore,sharing,363.7155,85.3987,24.3095,23.5244,0.0012,0.5432,60.6921,61.0891,1776041356443149507
etth1fore,slot_5:etth1fore,sharing,363.7662,80.9073,24.4109,23.6307,0.0013,0.5471,56.1421,56.4965,1776041356489312999
etth1fore,slot_5:etth1fore,sharing,365.2065,38.5752,24.7756,23.9725,0.0013,0.5702,13.3939,13.7995,1776041357886855648
etth1fore,slot_5:etth1fore,sharing,365.4067,61.0542,26.1765,24.8495,0.0013,0.5493,34.4226,34.8778,1776041358108091678
etth1fore,slot_5:etth1fore,sharing,365.7094,33.3869,24.4276,23.6449,0.0013,0.5449,8.5318,8.9594,1776041358384876100
etth1fore,slot_5:etth1fore,sharing,367.0906,46.7482,25.8595,24.504,0.0013,0.56,20.4642,20.8886,1776041359777962473
etth1fore,slot_5:etth1fore,sharing,368.3268,52.0742,24.3481,23.5715,0.0013,0.542,27.2937,27.7261,1776041361021001771
etth1fore,slot_5:etth1fore,sharing,369.5437,33.4418,24.5137,23.7165,0.0013,0.558,8.538,8.9281,1776041362219205664
etth1fore,slot_5:etth1fore,sharing,372.3821,33.3529,24.9548,24.1422,0.0014,0.5688,7.9856,8.3981,1776041365057070020
etth1fore,slot_5:etth1fore,sharing,372.9036,54.5614,24.8717,24.0901,0.0013,0.5439,29.32,29.6897,1776041365599882886
etth1fore,slot_5:etth1fore,sharing,373.0738,85.0403,35.7854,34.0442,0.0012,0.5379,48.6255,49.2549,1776041365789361977
etth1fore,slot_5:etth1fore,sharing,375.2318,32.9099,24.9743,24.1735,0.0013,0.5584,7.53,7.9356,1776041367906301495
etth1fore,slot_5:etth1fore,sharing,376.4699,33.1912,24.8401,24.0372,0.0014,0.5634,7.9935,8.3511,1776041369144791870
etth1fore,slot_5:etth1fore,sharing,378.1334,33.7665,24.4203,23.647,0.0014,0.5427,8.9612,9.3462,1776041370809301289
etth1fore,slot_5:etth1fore,sharing,378.3317,74.717,24.9424,24.1512,0.0013,0.5626,49.4087,49.7746,1776041371048040572
etth1fore,slot_5:etth1fore,sharing,379.4594,42.9676,24.3431,23.5625,0.0013,0.5399,18.24,18.6245,1776041372144548194
etth1fore,slot_5:etth1fore,sharing,380.3631,32.2444,24.5953,23.8175,0.0014,0.5455,7.2432,7.6491,1776041373037254813
etth1fore,slot_5:etth1fore,sharing,380.5412,32.4376,24.6379,23.841,0.0012,0.5454,7.3612,7.7997,1776041373215540887
etth1fore,slot_5:etth1fore,sharing,380.7621,39.0003,24.4137,23.6159,0.0012,0.5602,14.1895,14.5866,1776041373443210188
etth1fore,slot_5:etth1fore,sharing,381.3098,32.0516,24.3911,23.6065,0.0013,0.5455,7.2436,7.6604,1776041373984003927
etth1fore,slot_5:etth1fore,sharing,381.3873,75.7375,25.309,24.1161,0.0013,0.5811,50.046,50.4285,1776041374104233448
etth1fore,slot_5:etth1fore,sharing,383.0304,35.8644,24.2335,23.4544,0.0013,0.5433,11.2476,11.6308,1776041375708596630
etth1fore,slot_5:etth1fore,sharing,385.1376,65.3791,26.0153,24.7255,0.0013,0.5658,38.908,39.3638,1776041377843463959
etth1fore,slot_5:etth1fore,sharing,385.1711,77.611,24.5103,23.6881,0.0013,0.5594,52.6924,53.1006,1776041377890722467
etth1fore,slot_5:etth1fore,sharing,385.6684,78.9793,27.3533,26.0149,0.0012,0.5514,51.2166,51.626,1776041378386549284
etth1fore,slot_5:etth1fore,sharing,386.549,33.3531,24.5274,23.7369,0.0016,0.5523,8.4307,8.8257,1776041379224339226
etth1fore,slot_5:etth1fore,sharing,386.9017,33.4773,24.478,23.6739,0.0012,0.5618,8.5728,8.9993,1776041379577204126
etth1fore,slot_5:etth1fore,sharing,388.447,33.155,24.6953,23.9032,0.0012,0.5483,8.0848,8.4597,1776041381122014436
etth1fore,slot_5:etth1fore,sharing,388.5664,33.7541,24.3955,23.6162,0.0013,0.5444,8.9595,9.3586,1776041381242322707
etth1fore,slot_5:etth1fore,sharing,388.7057,32.0787,24.1617,23.391,0.0014,0.5437,7.513,7.917,1776041381380163970
etth1fore,slot_5:etth1fore,sharing,389.6471,75.3684,28.3058,26.969,0.0014,0.5384,46.5977,47.0626,1776041382360658943
etth1fore,slot_5:etth1fore,sharing,390.9283,34.2352,24.6332,23.8226,0.0013,0.5606,9.2075,9.6021,1776041383604414464
etth1fore,slot_5:etth1fore,sharing,394.122,32.3663,24.4835,23.7021,0.0013,0.5437,7.488,7.8828,1776041386796386564
etth1fore,slot_5:etth1fore,sharing,395.4706,81.5885,24.2187,23.4216,0.0013,0.5493,56.9587,57.3698,1776041388194502757
etth1fore,slot_5:etth1fore,sharing,396.3934,34.6408,24.2465,23.4657,0.0013,0.549,10.0164,10.3942,1776041389070399692
etth1fore,slot_5:etth1fore,sharing,396.7603,34.7989,24.7235,23.9291,0.0012,0.567,9.6855,10.0753,1776041389436899028
etth1fore,slot_5:etth1fore,sharing,397.2894,33.5064,24.5306,23.7478,0.0012,0.5444,8.5602,8.9758,1776041389964941637
etth1fore,slot_5:etth1fore,sharing,397.8016,34.0641,24.5733,23.777,0.0013,0.545,9.0747,9.4908,1776041390477637246
etth1fore,slot_5:etth1fore,sharing,399.3415,32.2576,24.2534,23.4796,0.0013,0.5396,7.5977,8.0041,1776041392016019651
etth1fore,slot_5:etth1fore,sharing,400.2819,33.5813,24.314,23.5261,0.0013,0.5584,8.8711,9.2673,1776041392957681375
etth1fore,slot_5:etth1fore,sharing,400.7545,32.3699,24.4152,23.6475,0.0013,0.5386,7.5347,7.9546,1776041393428958557
etth1fore,slot_5:etth1fore,sharing,401.9753,33.3419,24.4439,23.6422,0.0013,0.5425,8.4889,8.898,1776041394650749624
etth1fore,slot_5:etth1fore,sharing,402.1173,45.6541,27.0311,25.2876,0.0013,0.5503,18.0984,18.6229,1776041394802284108
etth1fore,slot_5:etth1fore,sharing,402.3641,33.4949,24.358,23.5615,0.0014,0.542,8.7373,9.137,1776041395039817925
etth1fore,slot_5:etth1fore,sharing,403.2846,32.8205,24.4173,23.6166,0.0014,0.5588,8.0218,8.4032,1776041395959557335
etth1fore,slot_5:etth1fore,sharing,406.6191,33.7479,24.5387,23.7522,0.0012,0.5541,8.7883,9.2092,1776041399294780486
etth1fore,slot_5:etth1fore,sharing,408.5991,68.0571,24.5166,23.715,0.0014,0.5633,43.1507,43.5405,1776041401309137701
etth1fore,slot_5:etth1fore,sharing,408.7352,34.0571,24.5091,23.7051,0.0014,0.5542,9.1429,9.5481,1776041401411302879
etth1fore,slot_5:etth1fore,sharing,408.8624,36.7365,24.4707,23.667,0.0013,0.5659,11.8322,12.2658,1776041401541192145
etth1fore,slot_5:etth1fore,sharing,409.9099,33.5565,24.5012,23.6791,0.0014,0.5645,8.6668,9.0553,1776041402585490373
etth1fore,slot_5:etth1fore,sharing,410.3011,62.1238,24.6774,23.8881,0.0012,0.5506,37.0662,37.4463,1776041403005080292
etth1fore,slot_5:etth1fore,sharing,410.3291,90.9271,26.4451,25.1692,0.0012,0.5321,64.0073,64.4821,1776041403060081735
etth1fore,slot_5:etth1fore,sharing,411.4643,34.9393,24.8344,24.0446,0.0014,0.5463,9.7132,10.1049,1776041404140990139
etth1fore,slot_5:etth1fore,sharing,411.8467,60.1258,26.2241,24.8688,0.0013,0.567,33.3188,33.9017,1776041404546925727
etth1fore,slot_5:etth1fore,sharing,414.4914,34.3962,24.9292,23.6507,0.0014,0.5566,9.0134,9.467,1776041407167336586
etth1fore,slot_5:etth1fore,sharing,415.6339,49.6833,24.437,23.6425,0.0012,0.5432,24.8618,25.2464,1776041408325673905
etth1fore,slot_5:etth1fore,sharing,415.8127,60.8966,24.3667,23.5614,0.0012,0.5471,36.1218,36.53,1776041408515758979
etth1fore,slot_5:etth1fore,sharing,415.8431,76.5474,24.6157,23.7898,0.0012,0.5713,51.4867,51.9317,1776041408561548818
etth1fore,slot_5:etth1fore,sharing,418.2208,32.6364,25.0079,24.1953,0.0013,0.565,7.2322,7.6285,1776041410894931070
etth1fore,slot_5:etth1fore,sharing,418.4705,33.9007,25.1896,24.016,0.0012,0.9335,8.3008,8.7112,1776041411145774609
etth1fore,slot_5:etth1fore,sharing,418.7157,33.2203,24.5301,23.7469,0.0012,0.5436,8.2805,8.6902,1776041411390917413
etth1fore,slot_5:etth1fore,sharing,419.4909,67.0815,26.2841,24.9528,0.0013,0.541,40.2825,40.7974,1776041412198096967
etth1fore,slot_5:etth1fore,sharing,420.1145,41.291,24.3224,23.5465,0.0012,0.5432,16.5536,16.9686,1776041412798004747
etth1fore,slot_5:etth1fore,sharing,420.4924,33.4809,25.3402,24.563,0.0012,0.5419,7.7128,8.1407,1776041413167081808
etth1fore,slot_5:etth1fore,sharing,420.7261,33.1812,24.4554,23.685,0.0012,0.5426,8.3396,8.7258,1776041413401361779
etth1fore,slot_5:etth1fore,sharing,420.8724,33.3793,24.4577,23.6795,0.0013,0.5493,8.517,8.9217,1776041413547874141
etth1fore,slot_5:etth1fore,sharing,421.2552,76.9587,24.1401,23.35,0.0012,0.5603,52.4278,52.8186,1776041413974526395
etth1fore,slot_5:etth1fore,sharing,422.75,33.1426,24.553,23.7558,0.0014,0.5623,8.2057,8.5896,1776041415425117674
etth1fore,slot_5:etth1fore,sharing,423.2498,44.2345,24.383,23.5827,0.0012,0.5641,19.4652,19.8515,1776041415936233291
etth1fore,slot_5:etth1fore,sharing,423.6043,32.3584,24.6095,23.7952,0.0013,0.5538,7.3264,7.7489,1776041416278564826
etth1fore,slot_5:etth1fore,sharing,424.1148,33.421,24.5003,23.6951,0.0016,0.5684,8.5003,8.9207,1776041416790197495
etth1fore,slot_5:etth1fore,sharing,424.7814,32.9177,24.3573,23.5762,0.0013,0.5426,8.1789,8.5604,1776041417456553747
etth1fore,slot_5:etth1fore,sharing,425.7734,79.5963,24.366,23.5557,0.0013,0.567,54.8401,55.2302,1776041418495220354
etth1fore,slot_5:etth1fore,sharing,427.0663,32.2247,24.4339,23.6225,0.0012,0.5703,7.3986,7.7908,1776041419740617845
etth1fore,slot_5:etth1fore,sharing,428.4235,33.6711,24.2005,23.4073,0.0013,0.5599,9.0742,9.4706,1776041421099537481
etth1fore,slot_5:etth1fore,sharing,428.7515,63.1096,25.7481,24.6805,0.0014,0.4148,36.9091,37.3616,1776041421455344175
etth1fore,slot_5:etth1fore,sharing,428.768,46.7257,25.7481,24.6805,0.0014,0.4148,20.4353,20.9777,1776041421455344175
etth1fore,slot_5:etth1fore,sharing,429.0386,56.4361,24.4112,23.6091,0.0013,0.5671,31.6317,32.0249,1776041421737178946
etth1fore,slot_5:etth1fore,sharing,429.1251,33.1745,24.7168,23.9411,0.0013,0.5444,8.0569,8.4578,1776041421800137879
etth1fore,slot_5:etth1fore,sharing,429.818,32.9494,24.7621,23.98,0.0012,0.5423,7.7672,8.1874,1776041422492717444
etth1fore,slot_5:etth1fore,sharing,430.9564,33.2625,24.5744,23.76,0.0013,0.5466,8.2586,8.6881,1776041423631545072
etth1fore,slot_5:etth1fore,sharing,432.126,33.4761,24.7042,23.8693,0.0012,0.578,8.3795,8.7719,1776041424801347563
etth1fore,slot_5:etth1fore,sharing,435.8693,33.5188,24.6469,23.8686,0.0012,0.5397,8.4608,8.8718,1776041428544728386
etth1fore,slot_5:etth1fore,sharing,437.8821,34.6713,24.7206,23.9089,0.0012,0.5602,9.5448,9.9508,1776041430558554931
etth1fore,slot_5:etth1fore,sharing,438.7425,48.2717,24.6141,23.8401,0.0012,0.542,23.2651,23.6576,1776041431432702568
etth1fore,slot_5:etth1fore,sharing,440.3955,33.078,24.6598,23.8153,0.0013,0.5642,8.0061,8.4182,1776041433070467054
etth1fore,slot_5:etth1fore,sharing,441.9124,33.4742,24.6077,23.8271,0.0012,0.5439,8.4507,8.8665,1776041434587757335
etth1fore,slot_5:etth1fore,sharing,442.524,32.7225,24.4298,23.6282,0.0012,0.5444,7.8502,8.2927,1776041435198755315
etth1fore,slot_5:etth1fore,sharing,443.4182,71.9619,24.3591,23.5655,0.0012,0.5613,47.1971,47.6027,1776041436132286571
etth1fore,slot_5:etth1fore,sharing,444.346,34.5275,24.5905,23.7625,0.0012,0.5816,9.537,9.937,1776041437022490979
etth1fore,slot_5:etth1fore,sharing,445.2331,32.7139,24.6549,23.8615,0.0014,0.5501,7.6513,8.059,1776041437907645094
etth1fore,slot_5:etth1fore,sharing,447.701,32.7089,24.654,23.8449,0.0013,0.5489,7.6349,8.0549,1776041440375548707
etth1fore,slot_5:etth1fore,sharing,447.7233,50.4689,24.4444,23.6542,0.0012,0.5485,25.6171,26.0245,1776041440415817727
etth1fore,slot_5:etth1fore,sharing,448.8065,32.3815,24.6299,23.8425,0.0013,0.546,7.3569,7.7516,1776041441480810414
etth1fore,slot_5:etth1fore,sharing,449.3342,34.2538,24.717,23.9133,0.0013,0.5608,9.1457,9.5368,1776041442010239625
etth1fore,slot_5:etth1fore,sharing,449.9242,32.4414,24.2002,23.4065,0.0013,0.5442,7.7918,8.2412,1776041442598962199
etth1fore,slot_5:etth1fore,sharing,450.3811,32.438,24.2023,23.4056,0.0013,0.5622,7.8318,8.2357,1776041443055833239
etth1fore,slot_5:etth1fore,sharing,450.4296,32.2607,24.2416,23.4642,0.0013,0.5404,7.5977,8.0191,1776041443104146004
etth1fore,slot_5:etth1fore,sharing,450.545,32.836,24.6607,23.8743,0.0012,0.5476,7.7651,8.1753,1776041443219704597
etth1fore,slot_5:etth1fore,sharing,451.1061,35.5072,24.6474,23.817,0.0013,0.5495,10.4473,10.8598,1776041443783473074
etth1fore,slot_5:etth1fore,sharing,452.2642,34.934,25.0736,24.2818,0.0013,0.5596,9.4702,9.8604,1776041444940604460
etth1fore,slot_5:etth1fore,sharing,452.7317,32.716,24.6606,23.8639,0.0014,0.5642,7.6518,8.0554,1776041445406313953
etth1fore,slot_5:etth1fore,sharing,452.7785,33.1757,24.4946,23.7146,0.0012,0.5424,8.3058,8.6811,1776041445453778488
etth1fore,slot_5:etth1fore,sharing,454.0111,32.9452,24.911,24.1139,0.0013,0.5591,7.6587,8.0341,1776041446685688069
etth1fore,slot_5:etth1fore,sharing,455.5995,34.0261,24.7886,23.9905,0.0013,0.5432,8.846,9.2375,1776041448275322708
etth1fore,slot_5:etth1fore,sharing,455.893,47.8582,24.774,23.9559,0.0013,0.5783,22.6836,23.0842,1776041448582651753
etth1fore,slot_5:etth1fore,sharing,456.5479,61.0042,24.2503,23.4584,0.0012,0.5584,36.3507,36.7538,1776041449251162378
etth1fore,slot_5:etth1fore,sharing,457.0562,72.5131,24.3844,23.5845,0.0013,0.546,47.7042,48.1287,1776041449770800319
etth1fore,slot_5:etth1fore,sharing,457.7631,33.5636,24.529,23.7185,0.0013,0.5521,8.6215,9.0346,1776041450438704676
etth1fore,slot_5:etth1fore,sharing,457.8158,33.3571,24.2016,23.4053,0.0012,0.5612,8.7779,9.1556,1776041450491534488
etth1fore,slot_5:etth1fore,sharing,458.0062,58.3525,38.3969,36.5535,0.0013,0.5445,19.3398,19.9556,1776041450692474653
etth1fore,slot_5:etth1fore,sharing,458.6529,37.1311,24.2829,23.4951,0.0012,0.5592,12.45,12.8482,1776041451332319563
etth1fore,slot_5:etth1fore,sharing,459.708,34.8322,24.6342,23.8556,0.0012,0.5429,9.795,10.1981,1776041452384702530
etth1fore,slot_5:etth1fore,sharing,459.8339,33.8249,24.5017,23.7184,0.0011,0.5462,8.9283,9.3232,1776041452509807124
etth1fore,slot_5:etth1fore,sharing,459.8899,32.7263,24.3431,23.5282,0.0012,0.5579,7.9703,8.3832,1776041452564771924
etth1fore,slot_5:etth1fore,sharing,460.1869,32.804,24.6892,23.8723,0.0012,0.5463,7.7131,8.1148,1776041452861557594
etth1fore,slot_5:etth1fore,sharing,460.2948,33.4792,25.4162,24.6008,0.0013,0.5574,7.6962,8.0631,1776041452969466470
etth1fore,slot_5:etth1fore,sharing,461.0819,34.4255,25.1038,24.3222,0.0012,0.547,8.9238,9.3217,1776041453757747712
etth1fore,slot_5:etth1fore,sharing,462.9362,33.4003,24.422,23.6316,0.0013,0.5614,8.5399,8.9783,1776041455611631480
etth1fore,slot_5:etth1fore,sharing,463.1984,36.8583,24.4134,23.6388,0.0013,0.5467,12.0502,12.4449,1776041455877369206
etth1fore,slot_5:etth1fore,sharing,463.8698,32.7008,24.5519,23.7289,0.0012,0.563,7.7591,8.1489,1776041456544484077
etth1fore,slot_5:etth1fore,sharing,463.9666,33.3664,24.5785,23.7834,0.0012,0.5548,8.3973,8.7879,1776041456641953744
etth1fore,slot_5:etth1fore,sharing,465.0558,85.8102,34.2397,32.3854,0.0012,0.5499,50.9639,51.5705,1776041457773730328
etth1fore,slot_5:etth1fore,sharing,466.2192,33.4475,25.0243,23.7467,0.0013,0.556,8.0075,8.4232,1776041458894164388
etth1fore,slot_5:etth1fore,sharing,466.3478,32.3434,24.2275,23.4339,0.0012,0.5423,7.736,8.1158,1776041459022487111
etth1fore,slot_5:etth1fore,sharing,469.0522,35.4638,24.4087,23.6167,0.0014,0.5407,10.5987,11.0551,1776041461729750536
etth1fore,slot_5:etth1fore,sharing,469.956,56.0448,24.3427,23.5453,0.0013,0.5608,31.3187,31.7022,1776041462654235773
etth1fore,slot_5:etth1fore,sharing,472.5681,34.9379,25.0493,24.247,0.0014,0.5628,9.5055,9.8885,1776041465244583354
etth1fore,slot_5:etth1fore,sharing,473.6216,33.7422,25.2502,24.0684,0.0012,0.9457,8.0922,8.492,1776041466296618487
etth1fore,slot_5:etth1fore,sharing,474.9185,61.0268,24.3209,23.519,0.0016,0.5619,36.3014,36.706,1776041467621708533
etth1fore,slot_5:etth1fore,sharing,476.0419,68.2178,24.4929,23.6939,0.0012,0.5636,43.3187,43.7249,1776041468752176639
etth1fore,slot_5:etth1fore,sharing,477.3348,78.3186,24.365,23.5473,0.0014,0.5763,53.5653,53.9536,1776041470055333313
etth1fore,slot_5:etth1fore,sharing,478.7272,34.2689,24.7157,23.9207,0.0013,0.5598,9.1648,9.5531,1776041471403291968
etth1fore,slot_5:etth1fore,sharing,480.4369,46.134,24.3103,23.5173,0.0012,0.5618,21.4279,21.8237,1776041473125235873
etth1fore,slot_5:etth1fore,sharing,480.6927,34.1432,24.4156,23.6388,0.0013,0.5429,9.3277,9.7276,1776041473368937427
etth1fore,slot_5:etth1fore,sharing,482.3785,32.3832,24.3627,23.5886,0.0015,0.5418,7.606,8.0205,1776041475053017529
etth1fore,slot_5:etth1fore,sharing,482.5866,32.6791,24.3916,23.6011,0.0013,0.5427,7.899,8.2875,1776041475261465166
etth1fore,slot_5:etth1fore,sharing,483.7517,36.8612,24.3297,23.5271,0.018,0.5475,12.105,12.5314,1776041476430746021
etth1fore,slot_5:etth1fore,sharing,483.9875,70.9558,26.2812,25.0176,0.0012,0.5481,44.1949,44.6745,1776041476698608130
etth1fore,slot_5:etth1fore,sharing,484.3408,32.7709,24.6365,23.8207,0.0014,0.5416,7.7286,8.1343,1776041477015442727
etth1fore,slot_5:etth1fore,sharing,486.6621,35.1229,24.8509,23.675,0.0013,0.5601,9.8805,10.272,1776041479338953902
etth1fore,slot_5:etth1fore,sharing,489.4224,33.0331,24.4885,23.6881,0.0013,0.5638,8.1489,8.5446,1776041482097531382
etth1fore,slot_5:etth1fore,sharing,489.6597,35.3284,24.4549,23.6557,0.0013,0.56,10.4957,10.8735,1776041482337170192
etth1fore,slot_5:etth1fore,sharing,489.8091,61.6167,24.5936,23.8082,0.0013,0.5444,36.6209,37.0231,1776041482512663853
etth1fore,slot_5:etth1fore,sharing,491.7105,32.166,24.2524,23.4597,0.0013,0.5412,7.5052,7.9136,1776041484384935060
etth1fore,slot_5:etth1fore,sharing,491.9622,33.576,24.3568,23.5807,0.0013,0.5388,8.8024,9.2192,1776041484637981915
etth1fore,slot_5:etth1fore,sharing,492.1336,52.3236,26.3818,25.0129,0.0012,0.5555,25.4862,25.9418,1776041484826011075
etth1fore,slot_5:etth1fore,sharing,492.1732,61.2593,25.3245,24.1297,0.0012,0.9511,35.5556,35.9348,1776041484875642203
etth1fore,slot_5:etth1fore,sharing,494.9538,70.1141,24.3306,23.5534,0.0013,0.5439,45.3465,45.7835,1776041487666113244
etth1fore,slot_5:etth1fore,sharing,497.4623,34.5318,24.9556,24.1483,0.0013,0.5479,9.1791,9.5762,1776041490138456443
etth1fore,slot_5:etth1fore,sharing,498.084,32.9785,24.5686,23.7633,0.0013,0.5626,8.0228,8.4099,1776041490758983487
etth1fore,slot_5:etth1fore,sharing,498.5887,74.9631,26.2338,24.4752,0.0012,0.5438,48.2416,48.7293,1776041491303865030
etth1fore,slot_5:etth1fore,sharing,498.6958,33.1931,24.4883,23.6748,0.0012,0.5651,8.3184,8.7048,1776041491371097722
etth1fore,slot_5:etth1fore,sharing,502.7774,37.1091,24.845,24.0349,0.0013,0.5728,11.8816,12.2641,1776041495456223297
etth1fore,slot_5:etth1fore,sharing,507.6406,65.8813,24.3976,23.5989,0.0013,0.5647,41.0852,41.4836,1776041500348619118
etth1fore,slot_5:etth1fore,sharing,509.3761,33.1526,24.9063,23.7029,0.0014,0.9619,7.8504,8.2463,1776041502050876636
etth1fore,slot_5:etth1fore,sharing,510.7447,33.4656,24.3886,23.6056,0.0013,0.5469,8.6963,9.077,1776041503420328951
etth1fore,slot_5:etth1fore,sharing,511.4112,59.7112,24.509,23.731,0.0013,0.5421,34.7874,35.2022,1776041504112948359
etth1fore,slot_5:etth1fore,sharing,512.3934,32.4745,24.5169,23.7494,0.0012,0.5398,7.5502,7.9576,1776041505067836225
etth1fore,slot_5:etth1fore,sharing,514.9272,32.5506,24.3741,23.5854,0.0013,0.5505,7.7548,8.1764,1776041507601887697
etth1fore,slot_5:etth1fore,sharing,515.4448,58.4633,24.4206,23.6352,0.0012,0.5558,33.6678,34.0427,1776041508145366416
etth1fore,slot_5:etth1fore,sharing,515.8037,32.275,24.3812,23.6022,0.0012,0.5405,7.4866,7.8938,1776041508478086024
etth1fore,slot_5:etth1fore,sharing,515.859,34.1361,24.9698,23.7669,0.0013,0.5886,8.755,9.1663,1776041508534725297
etth1fore,slot_5:etth1fore,sharing,516.8309,33.2191,25.0088,24.2104,0.0012,0.5643,7.8328,8.2103,1776041509505670660
etth1fore,slot_5:etth1fore,sharing,517.3664,68.4373,24.3391,23.5532,0.0012,0.5556,43.7121,44.0982,1776041510077022579
etth1fore,slot_5:etth1fore,sharing,518.1534,78.9402,24.5676,23.7899,0.0012,0.5431,53.9651,54.3725,1776041510874272074
etth1fore,slot_5:etth1fore,sharing,519.1896,32.5644,24.4181,23.6154,0.0013,0.5646,7.7496,8.1463,1776041511864274348
etth1fore,slot_5:etth1fore,sharing,521.619,33.4752,24.7475,23.8812,0.0014,0.5714,8.3313,8.7276,1776041514294255926
etth1fore,slot_5:etth1fore,sharing,524.0915,32.3756,24.456,23.6523,0.0013,0.5468,7.5138,7.9196,1776041516765971399
etth1fore,slot_5:etth1fore,sharing,526.2084,33.062,25.0526,24.2226,0.0013,0.5703,7.6082,8.0094,1776041518882919059
etth1fore,slot_5:etth1fore,sharing,526.3716,32.9852,24.5602,23.7592,0.0013,0.5471,7.9899,8.425,1776041519046544362
etth1fore,slot_5:etth1fore,sharing,526.5108,33.5093,25.0936,24.3151,0.0012,0.5436,8.0094,8.4157,1776041519185703879
etth1fore,slot_5:etth1fore,sharing,527.7744,34.2796,25.2633,24.4574,0.0013,0.5467,8.5845,9.0163,1776041520449919380
etth1fore,slot_5:etth1fore,sharing,527.9888,33.5228,24.3238,23.5503,0.0012,0.5431,8.8007,9.199,1776041520664581660
etth1fore,slot_5:etth1fore,sharing,532.0187,100.7612,24.4039,23.5982,0.0013,0.5655,75.9523,76.3573,1776041524761563024
etth1fore,slot_5:etth1fore,sharing,532.3522,32.4056,24.1858,23.3929,0.0013,0.544,7.8084,8.2198,1776041525026907305
etth1fore,slot_5:etth1fore,sharing,534.1134,33.4237,24.9357,23.7458,0.0015,0.5546,8.0802,8.488,1776041526788419451
etth1fore,slot_5:etth1fore,sharing,535.9526,34.9977,24.4468,23.65,0.0013,0.5468,10.1233,10.5509,1776041528629662888
etth1fore,slot_5:etth1fore,sharing,536.2015,33.9389,24.6911,23.8964,0.0013,0.5595,8.8589,9.2478,1776041528877329576
etth1fore,slot_5:etth1fore,sharing,537.5471,33.3226,24.3546,23.5518,0.0012,0.5603,8.5809,8.968,1776041530222577681
etth1fore,slot_5:etth1fore,sharing,539.186,32.9714,24.8104,24.0172,0.0013,0.5468,7.7598,8.1609,1776041531860646190
etth1fore,slot_5:etth1fore,sharing,539.251,33.0305,24.459,23.6393,0.0013,0.5765,8.1797,8.5715,1776041531926135232
etth1fore,slot_5:etth1fore,sharing,539.7145,52.7017,24.3342,23.5193,0.0013,0.5567,27.9696,28.3675,1776041532409451293
etth1fore,slot_5:etth1fore,sharing,541.184,32.6591,24.5177,23.7087,0.0013,0.5593,7.7162,8.1413,1776041533858626686
etth1fore,slot_5:etth1fore,sharing,541.2177,46.4149,24.4346,23.6446,0.0012,0.5584,21.5902,21.9803,1776041533906243072
etth1fore,slot_5:etth1fore,sharing,541.39,82.8907,24.1527,23.3588,0.0013,0.5546,58.3351,58.7381,1776041534115272482
etth1fore,slot_5:etth1fore,sharing,541.6482,63.3605,24.3292,23.5419,0.0012,0.5387,38.6503,39.0312,1776041534353766108
etth1fore,slot_5:etth1fore,sharing,542.0863,46.2148,24.7315,23.9437,0.0013,0.5402,21.0769,21.4833,1776041534774343442
etth1fore,slot_5:etth1fore,sharing,543.0172,50.0407,24.2601,23.4612,0.0013,0.5452,25.398,25.7806,1776041535709486595
etth1fore,slot_5:etth1fore,sharing,543.5695,33.0558,25.1634,23.8766,0.0015,1.0423,7.4987,7.8924,1776041536243938580
etth1fore,slot_5:etth1fore,sharing,543.8364,33.1647,24.5685,23.765,0.0012,0.5444,8.2188,8.5963,1776041536511532847
etth1fore,slot_5:etth1fore,sharing,545.169,32.4564,24.4553,23.6551,0.0013,0.5596,7.5972,8.0011,1776041537843538028
etth1fore,slot_5:etth1fore,sharing,546.2136,32.7508,24.8281,24.031,0.0013,0.5475,7.5355,7.9228,1776041538888061943
etth1fore,slot_5:etth1fore,sharing,546.9381,43.7577,24.8527,24.0565,0.0012,0.5455,18.4789,18.905,1776041539623503720
etth1fore,slot_5:etth1fore,sharing,547.1808,33.9973,24.5388,23.7315,0.0013,0.554,9.0435,9.4585,1776041539856811588
etth1fore,slot_5:etth1fore,sharing,547.5056,72.2983,24.3362,23.5433,0.0013,0.551,47.5514,47.9621,1776041540220081027
etth1fore,slot_5:etth1fore,sharing,548.2163,100.2116,35.6889,33.8675,0.0015,0.54,63.9169,64.5227,1776041540947124724
etth1fore,slot_5:etth1fore,sharing,549.7337,33.0091,24.5867,23.7615,0.0013,0.5581,8.0168,8.4224,1776041542408626408
etth1fore,slot_5:etth1fore,sharing,554.0272,79.7703,24.3169,23.543,0.0013,0.5423,55.0454,55.4534,1776041546749134401
etth1fore,slot_5:etth1fore,sharing,554.9574,55.7594,26.7531,25.3893,0.0013,0.5483,28.569,29.0064,1776041547652953437
etth1fore,slot_5:etth1fore,sharing,555.3054,32.968,24.8209,23.5598,0.0012,1.0149,7.7634,8.1471,1776041547980081307
etth1fore,slot_5:etth1fore,sharing,557.1699,72.3433,24.806,24.0088,0.0012,0.5583,47.1456,47.5373,1776041549883993537
etth1fore,slot_5:etth1fore,sharing,558.3229,57.5852,36.0314,34.1492,0.0014,0.5581,21.0857,21.5539,1776041551010872326
etth1fore,slot_5:etth1fore,sharing,558.5211,59.8919,24.3484,23.5767,0.0013,0.5421,35.1391,35.5435,1776041551223141748
etth1fore,slot_5:etth1fore,sharing,559.5787,36.3171,24.3391,23.5391,0.0013,0.5629,11.595,11.978,1776041552257260360
etth1fore,slot_5:etth1fore,sharing,562.0988,53.2119,24.6931,23.877,0.0013,0.5704,28.1317,28.5188,1776041554793860974
etth1fore,slot_5:etth1fore,sharing,562.3362,34.3199,24.8845,24.0821,0.0013,0.5528,9.0301,9.4354,1776041555012210120
etth1fore,slot_5:etth1fore,sharing,565.6178,32.6774,24.5349,23.713,0.0013,0.5713,7.7412,8.1425,1776041558292487338
etth1fore,slot_5:etth1fore,sharing,565.9245,33.8771,24.8511,24.0745,0.0013,0.5423,8.6277,9.0261,1776041558600040053
etth1fore,slot_5:etth1fore,sharing,566.6271,47.2221,24.4327,23.6546,0.0014,0.5447,22.4001,22.7894,1776041559316386111
etth1fore,slot_5:etth1fore,sharing,567.0519,33.2084,24.3253,23.5328,0.0012,0.56,8.5065,8.8831,1776041559727329208
etth1fore,slot_5:etth1fore,sharing,567.51,54.4403,26.1664,24.9135,0.0015,0.5398,27.77,28.2738,1776041560204687722
etth1fore,slot_5:etth1fore,sharing,570.3838,33.1609,24.4348,23.6432,0.0013,0.5466,8.3201,8.7261,1776041563059028516
etth1fore,slot_5:etth1fore,sharing,571.9962,74.5645,26.2879,24.6404,0.0013,0.9351,47.8175,48.2766,1776041564710989548
etth1fore,slot_5:etth1fore,sharing,572.8815,32.5286,24.5956,23.7738,0.0012,0.5788,7.5414,7.9331,1776041565556021850
etth1fore,slot_5:etth1fore,sharing,572.9772,33.8511,24.8811,24.0699,0.0012,0.5667,8.5819,8.97,1776041565652701179
etth1fore,slot_5:etth1fore,sharing,573.1953,32.768,24.4608,23.6704,0.0012,0.5611,7.9296,8.3072,1776041565870131505
etth1fore,slot_5:etth1fore,sharing,575.103,35.0986,25.3237,24.5145,0.0013,0.5679,9.376,9.7748,1776041567779274697
etth1fore,slot_5:etth1fore,sharing,576.4514,34.6568,24.5081,23.707,0.0015,0.5624,9.769,10.1487,1776041569128117486
etth1fore,slot_5:etth1fore,sharing,578.676,32.2733,24.4801,23.6785,0.0015,0.5603,7.3867,7.7932,1776041571350327243
etth1fore,slot_5:etth1fore,sharing,579.1135,32.7115,24.5463,23.761,0.0013,0.5491,7.7729,8.1652,1776041571788175381
etth1fore,slot_5:etth1fore,sharing,582.0883,60.8423,24.3763,23.5757,0.0015,0.5712,36.0682,36.466,1776041574791316310
etth1fore,slot_5:etth1fore,sharing,584.1615,55.9559,24.5816,23.7536,0.0017,0.5734,30.9892,31.3743,1776041576859464393
etth1fore,slot_5:etth1fore,sharing,585.2041,33.3343,24.455,23.6274,0.0013,0.5626,8.497,8.8793,1776041577879502319
etth1fore,slot_5:etth1fore,sharing,585.8471,33.8902,24.4681,23.6628,0.0013,0.5708,9.0294,9.4221,1776041578523071326
etth1fore,slot_5:etth1fore,sharing,587.1488,34.0996,24.4265,23.6474,0.0012,0.5447,9.2828,9.6731,1776041579825058022
etth1fore,slot_5:etth1fore,sharing,587.4204,34.0483,24.6785,23.8558,0.0013,0.5764,8.9436,9.3699,1776041580096310041
etth1fore,slot_5:etth1fore,sharing,588.3156,32.5868,24.6922,23.8671,0.0013,0.5541,7.4985,7.8946,1776041580990027168
etth1fore,slot_5:etth1fore,sharing,589.9723,61.1138,24.4586,23.6293,0.0014,0.5662,36.2566,36.6552,1776041582675489556
etth1fore,slot_5:etth1fore,sharing,590.9979,84.5895,24.77,23.5697,0.0013,0.959,59.432,59.8195,1776041583724258502
etth1fore,slot_5:etth1fore,sharing,591.8559,33.4072,24.7348,23.928,0.0013,0.5529,8.2901,8.6724,1776041584531118692
etth1fore,slot_5:etth1fore,sharing,592.333,33.1659,24.3141,23.4993,0.0013,0.5794,8.4636,8.8518,1776041585008406015
etth1fore,slot_5:etth1fore,sharing,595.2458,62.8328,24.4331,23.6335,0.0013,0.5451,37.9872,38.3998,1776041587950702841
etth1fore,slot_5:etth1fore,sharing,595.6408,33.4694,24.5401,23.7441,0.0012,0.5587,8.5289,8.9293,1776041588316300365
etth1fore,slot_5:etth1fore,sharing,596.0859,33.2797,24.3531,23.5536,0.0013,0.5644,8.5149,8.9266,1776041588761359308
etth1fore,slot_5:etth1fore,sharing,597.1258,77.8785,26.6865,25.3438,0.0014,0.563,50.7033,51.192,1776041589843425418
etth1fore,slot_5:etth1fore,sharing,598.1601,45.9864,24.6921,23.8907,0.0013,0.5609,20.9038,21.2944,1776041590847986933
etth1fore,slot_5:etth1fore,sharing,599.8296,34.8253,25.0388,23.8249,0.0014,0.5864,9.3968,9.7865,1776041592505962510
weatherfore,slot_6:weatherfore,sharing,0.0002,157.1226,108.088,102.8973,0.0012,0.522,47.8716,49.0346,1776040992714957781
weatherfore,slot_6:weatherfore,sharing,0.1997,54.033,26.4762,25.1922,0.0014,0.5528,27.0193,27.5569,1776040992893670958
weatherfore,slot_6:weatherfore,sharing,0.9986,58.7583,24.7909,23.611,0.0013,0.9405,33.566,33.9674,1776040993699097729
weatherfore,slot_6:weatherfore,sharing,1.9452,32.779,24.5501,23.7621,0.0014,0.5461,7.8297,8.2289,1776040994619936392
weatherfore,slot_6:weatherfore,sharing,2.7577,81.8856,41.308,34.4626,0.0013,0.5709,40.0352,40.5776,1776040995464693951
weatherfore,slot_6:weatherfore,sharing,3.7929,32.3222,24.5406,23.7223,0.0013,0.5741,7.3705,7.7816,1776040996467170736
weatherfore,slot_6:weatherfore,sharing,6.2753,47.7908,26.1042,24.7819,0.0015,0.5666,21.1813,21.6866,1776040998963434065
weatherfore,slot_6:weatherfore,sharing,6.8458,60.5302,24.2812,23.4971,0.0013,0.5459,35.8565,36.249,1776040999548582033
weatherfore,slot_6:weatherfore,sharing,7.0397,34.2264,24.4284,23.6415,0.0013,0.5411,9.3448,9.798,1776040999716008526
weatherfore,slot_6:weatherfore,sharing,7.2455,33.0346,24.4198,23.6068,0.0015,0.5525,8.2271,8.6148,1776040999920661806
weatherfore,slot_6:weatherfore,sharing,7.2926,39.8448,24.3981,23.5947,0.0014,0.5646,15.0449,15.4466,1776040999974609253
weatherfore,slot_6:weatherfore,sharing,7.5762,63.7462,24.4962,23.6986,0.0014,0.5591,38.8663,39.25,1776041000282038496
weatherfore,slot_6:weatherfore,sharing,10.3356,33.2148,24.7131,23.9322,0.0014,0.5526,8.1122,8.5017,1776041003010647915
weatherfore,slot_6:weatherfore,sharing,13.5003,72.9229,24.6739,23.8727,0.0013,0.568,47.8542,48.249,1776041006215106542
weatherfore,slot_6:weatherfore,sharing,15.256,34.497,24.4961,23.701,0.0013,0.5657,9.6292,10.0009,1776041007932574981
weatherfore,slot_6:weatherfore,sharing,15.3929,74.3136,27.5847,26.2204,0.0013,0.5537,46.2809,46.7289,1776041008106157616
weatherfore,slot_6:weatherfore,sharing,16.2802,54.6124,24.4037,23.6276,0.0013,0.54,29.7945,30.2087,1776041008976882795
weatherfore,slot_6:weatherfore,sharing,17.4166,33.1554,24.195,23.4202,0.0013,0.544,8.5328,8.9604,1776041010092101768
weatherfore,slot_6:weatherfore,sharing,18.6366,58.0256,24.1785,23.3903,0.0014,0.5431,33.452,33.8471,1776041011336958668
weatherfore,slot_6:weatherfore,sharing,19.7176,83.8487,26.6855,25.3405,0.0013,0.5475,56.746,57.1633,1776041012441319481
weatherfore,slot_6:weatherfore,sharing,20.0041,31.5971,24.2482,23.4594,0.0013,0.5415,6.9385,7.3489,1776041012677979072
weatherfore,slot_6:weatherfore,sharing,20.1369,33.1175,24.3963,23.6003,0.0012,0.5518,8.3377,8.7212,1776041012812126993
weatherfore,slot_6:weatherfore,sharing,20.4915,32.5863,24.9924,24.1996,0.0012,0.5621,7.2029,7.5939,1776041013165594745
weatherfore,slot_6:weatherfore,sharing,23.32,33.2584,24.5624,23.7738,0.0014,0.5455,8.3063,8.6961,1776041015995245891
weatherfore,slot_6:weatherfore,sharing,24.064,85.7861,35.1849,33.2528,0.0015,0.5679,49.9792,50.6012,1776041016780888632
weatherfore,slot_6:weatherfore,sharing,26.2428,32.5534,24.3812,23.5842,0.0012,0.5445,7.7789,8.1722,1776041018917500052
weatherfore,slot_6:weatherfore,sharing,26.5257,33.7458,24.2629,23.4672,0.0015,0.5623,9.069,9.4829,1776041019201745988
weatherfore,slot_6:weatherfore,sharing,27.4107,51.0776,24.3031,23.5236,0.0014,0.543,26.3734,26.7745,1776041020103959669
weatherfore,slot_6:weatherfore,sharing,28.3803,33.6502,24.1299,23.3476,0.0013,0.5473,9.0868,9.5203,1776041021056299087
weatherfore,slot_6:weatherfore,sharing,30.0037,34.6081,24.9727,24.1834,0.0013,0.5437,9.2242,9.6354,1776041022679862709
weatherfore,slot_6:weatherfore,sharing,31.0321,59.3553,24.3781,23.5881,0.0013,0.5586,34.5874,34.9771,1776041023733580993
weatherfore,slot_6:weatherfore,sharing,33.6234,77.1637,24.1536,23.3522,0.0013,0.5477,52.5901,53.0101,1776041026342924337
weatherfore,slot_6:weatherfore,sharing,34.3285,33.4291,24.431,23.6541,0.0013,0.537,8.5969,8.9981,1776041027004059362
weatherfore,slot_6:weatherfore,sharing,36.6528,32.2065,24.5545,23.7834,0.0013,0.5429,7.2372,7.652,1776041029326924667
weatherfore,slot_6:weatherfore,sharing,38.4834,70.3318,35.4786,33.305,0.0013,0.9315,34.2543,34.8532,1776041031184572163
weatherfore,slot_6:weatherfore,sharing,39.0406,32.98,24.3689,23.5679,0.0013,0.548,8.1997,8.611,1776041031715761128
weatherfore,slot_6:weatherfore,sharing,39.551,49.577,24.3753,23.5817,0.0013,0.5449,24.7753,25.2017,1776041032242726927
weatherfore,slot_6:weatherfore,sharing,39.6887,33.5751,24.4141,23.6366,0.0013,0.5437,8.7383,9.1609,1776041032364405472
weatherfore,slot_6:weatherfore,sharing,40.5618,32.964,24.7272,23.5685,0.0013,0.912,7.8282,8.2368,1776041033236538290
weatherfore,slot_6:weatherfore,sharing,41.1313,33.3469,24.7314,23.9257,0.0014,0.5709,8.0588,8.6154,1776041033806297600
weatherfore,slot_6:weatherfore,sharing,41.2323,32.2211,24.5087,23.7105,0.0013,0.5457,7.3197,7.7124,1776041033906596720
weatherfore,slot_6:weatherfore,sharing,44.3715,48.3241,25.8745,24.6212,0.0013,0.538,22.0237,22.4496,1776041037060487119
weatherfore,slot_6:weatherfore,sharing,44.4763,52.1047,24.5713,23.7734,0.0013,0.567,27.1361,27.5334,1776041037170380706
weatherfore,slot_6:weatherfore,sharing,44.6365,32.7916,24.7851,23.9907,0.0015,0.5524,7.606,8.0065,1776041037311078840
weatherfore,slot_6:weatherfore,sharing,46.4412,32.9547,24.3109,23.5196,0.0013,0.5584,8.2541,8.6438,1776041039116359573
weatherfore,slot_6:weatherfore,sharing,48.1858,33.4978,24.5277,23.7536,0.0015,0.5375,8.5764,8.9701,1776041040861351341
weatherfore,slot_6:weatherfore,sharing,49.3029,63.0682,24.3644,23.5885,0.0012,0.5406,38.2934,38.7037,1776041042008133350
weatherfore,slot_6:weatherfore,sharing,49.3884,75.0484,26.5507,24.9046,0.0013,0.55,48.0673,48.4977,1776041042103391144
weatherfore,slot_6:weatherfore,sharing,50.5457,32.7587,24.5605,23.7502,0.0013,0.5711,7.7984,8.1982,1776041043220425774
weatherfore,slot_6:weatherfore,sharing,50.6756,34.2197,25.1708,24.3879,0.0014,0.5417,8.6455,9.0489,1776041043351189316
weatherfore,slot_6:weatherfore,sharing,51.2915,41.0023,24.6432,23.844,0.0013,0.5617,15.9447,16.3591,1776041043974366541
weatherfore,slot_6:weatherfore,sharing,51.7036,35.5632,24.5391,23.7442,0.0013,0.5502,10.6182,11.0242,1776041044381181462
weatherfore,slot_6:weatherfore,sharing,51.9733,34.4357,24.5505,23.7118,0.0013,0.5725,9.4812,9.8853,1776041044649714628
weatherfore,slot_6:weatherfore,sharing,52.2905,34.1685,24.5048,23.6869,0.0016,0.5503,9.2328,9.6636,1776041044966639554
weatherfore,slot_6:weatherfore,sharing,54.0922,34.5309,24.6803,23.8779,0.0014,0.5537,9.4178,9.8506,1776041046768574936
weatherfore,slot_6:weatherfore,sharing,55.1917,32.5999,24.1602,23.381,0.0013,0.5433,8.0316,8.4397,1776041047866698209
weatherfore,slot_6:weatherfore,sharing,55.2975,32.505,24.4677,23.6806,0.0014,0.5473,7.6265,8.0373,1776041047972014861
weatherfore,slot_6:weatherfore,sharing,57.9554,34.9758,24.5218,23.6902,0.0013,0.5752,10.0617,10.4539,1776041050632444737
weatherfore,slot_6:weatherfore,sharing,58.2227,36.2608,24.6237,23.8275,0.0013,0.5592,11.2166,11.6371,1776041050900859179
weatherfore,slot_6:weatherfore,sharing,59.8232,33.4406,24.4367,23.632,0.0014,0.5457,8.5709,9.0039,1776041052498729695
weatherfore,slot_6:weatherfore,sharing,59.9268,33.7386,24.348,23.5508,0.0013,0.5679,8.9862,9.3906,1776041052602705425
weatherfore,slot_6:weatherfore,sharing,63.2374,33.4191,24.8989,24.1083,0.0014,0.5501,7.9935,8.5202,1776041055912347255
weatherfore,slot_6:weatherfore,sharing,63.603,33.9918,24.6244,23.8115,0.0013,0.5754,8.9726,9.3675,1776041056278946607
weatherfore,slot_6:weatherfore,sharing,64.7292,37.478,24.2565,23.4396,0.0014,0.5672,12.8126,13.2215,1776041057408945577
weatherfore,slot_6:weatherfore,sharing,66.0749,60.1344,26.2614,25.1484,0.0014,0.4168,33.4511,33.873,1776041058775326698
weatherfore,slot_6:weatherfore,sharing,66.0783,56.8421,26.2614,25.1484,0.0014,0.4168,30.072,30.5807,1776041058775326698
weatherfore,slot_6:weatherfore,sharing,67.0063,86.0283,24.1867,23.4107,0.0012,0.5484,61.4402,61.8417,1776041059734721451
weatherfore,slot_6:weatherfore,sharing,67.8303,56.1883,24.5708,23.7531,0.0013,0.5742,31.1928,31.6176,1776041060528421578
weatherfore,slot_6:weatherfore,sharing,67.8563,55.5165,24.9546,24.1822,0.0013,0.5457,30.1547,30.5619,1776041060553413172
weatherfore,slot_6:weatherfore,sharing,68.0012,32.8522,25.0307,24.2035,0.0014,0.5696,7.4427,7.8214,1776041060675541245
weatherfore,slot_6:weatherfore,sharing,68.2044,52.3031,24.3077,23.5159,0.0013,0.5429,27.5805,27.9954,1776041060898908939
weatherfore,slot_6:weatherfore,sharing,68.8314,37.6995,24.321,23.5258,0.0013,0.5596,12.9812,13.3784,1776041061511300871
weatherfore,slot_6:weatherfore,sharing,70.5794,32.3613,24.5516,23.745,0.0013,0.5486,7.3857,7.8097,1776041063253690863
weatherfore,slot_6:weatherfore,sharing,70.906,33.7255,24.422,23.634,0.0013,0.5529,8.9011,9.3035,1776041063581840466
weatherfore,slot_6:weatherfore,sharing,73.266,33.3476,24.5072,23.7285,0.0013,0.5452,8.4462,8.8404,1776041065941376098
weatherfore,slot_6:weatherfore,sharing,73.6465,32.3391,24.6069,23.8381,0.0014,0.54,7.3125,7.7322,1776041066320782048
weatherfore,slot_6:weatherfore,sharing,73.6608,56.7966,24.248,23.4521,0.0014,0.5449,32.1412,32.5485,1776041066359919190
weatherfore,slot_6:weatherfore,sharing,74.793,35.4197,24.2471,23.4553,0.0013,0.5601,10.7884,11.1726,1776041067470734198
weatherfore,slot_6:weatherfore,sharing,75.4914,72.8047,24.2769,23.5031,0.0014,0.5432,48.1293,48.5278,1776041068206430059
weatherfore,slot_6:weatherfore,sharing,81.5869,34.1735,24.1853,23.3907,0.0016,0.5593,9.5968,9.9882,1776041074263386312
weatherfore,slot_6:weatherfore,sharing,81.9113,37.7862,24.2643,23.4616,0.0017,0.565,13.1285,13.522,1776041074591332008
weatherfore,slot_6:weatherfore,sharing,82.1863,73.2124,24.451,23.65,0.0014,0.5695,48.3596,48.7614,1776041074901590962
weatherfore,slot_6:weatherfore,sharing,82.7659,33.6902,24.5579,23.4499,0.0012,0.8741,8.7323,9.1323,1776041075441536445
weatherfore,slot_6:weatherfore,sharing,83.1261,31.5309,24.2853,23.4946,0.0013,0.5411,6.8338,7.2456,1776041075799854814
weatherfore,slot_6:weatherfore,sharing,83.8279,31.8191,24.3686,23.5841,0.0013,0.5447,7.0395,7.4505,1776041076501915251
weatherfore,slot_6:weatherfore,sharing,84.0669,32.1658,24.7608,23.9755,0.0013,0.5591,7.0105,7.405,1776041076740854551
weatherfore,slot_6:weatherfore,sharing,85.5526,55.4726,24.5544,23.7451,0.0013,0.5724,30.5285,30.9182,1776041078250024969
weatherfore,slot_6:weatherfore,sharing,86.4363,48.1098,24.2641,23.4709,0.0013,0.5586,23.4499,23.8457,1776041079126668215
weatherfore,slot_6:weatherfore,sharing,86.8917,33.3912,25.1525,23.9277,0.0014,0.9383,7.8459,8.2387,1776041079566450009
weatherfore,slot_6:weatherfore,sharing,88.9692,34.8442,26.1144,25.323,0.0013,0.5574,8.3261,8.7298,1776041081644413300
weatherfore,slot_6:weatherfore,sharing,89.2503,49.4018,24.5168,23.7142,0.0013,0.5562,24.4968,24.885,1776041081941753871
weatherfore,slot_6:weatherfore,sharing,91.8392,32.4969,25.3145,24.5059,0.0014,0.544,6.7649,7.1825,1776041084512912944
weatherfore,slot_6:weatherfore,sharing,92.8458,94.5132,26.5047,25.153,0.0012,0.5455,67.553,68.0084,1776041085580324335
weatherfore,slot_6:weatherfore,sharing,94.5413,71.6918,24.2478,23.4504,0.0012,0.566,47.0572,47.444,1776041087255327071
weatherfore,slot_6:weatherfore,sharing,95.1973,69.8659,26.6696,25.3298,0.0012,0.5402,42.7473,43.1964,1776041087907011939
weatherfore,slot_6:weatherfore,sharing,96.0684,51.5125,24.4088,23.6412,0.0012,0.5369,26.7091,27.1036,1776041088762042002
weatherfore,slot_6:weatherfore,sharing,96.8171,72.4688,24.3639,23.572,0.0012,0.5619,47.7107,48.1049,1776041089531705931
weatherfore,slot_6:weatherfore,sharing,97.0171,32.7568,24.5181,23.7476,0.0012,0.5367,7.8115,8.2387,1776041089691856713
weatherfore,slot_6:weatherfore,sharing,99.8622,32.1984,24.4532,23.6466,0.0012,0.5598,7.3574,7.7452,1776041092536507967
weatherfore,slot_6:weatherfore,sharing,100.3204,32.5949,24.5106,23.7088,0.0012,0.5697,7.6954,8.0843,1776041092995066346
weatherfore,slot_6:weatherfore,sharing,100.5956,32.7067,24.1045,23.3343,0.0012,0.5369,8.2071,8.6022,1776041093270691569
weatherfore,slot_6:weatherfore,sharing,101.8296,33.4153,24.5649,23.7679,0.0012,0.5586,8.4636,8.8504,1776041094504964820
weatherfore,slot_6:weatherfore,sharing,105.5485,32.3484,24.8479,24.0621,0.0012,0.5525,7.0791,7.5005,1776041098222548054
weatherfore,slot_6:weatherfore,sharing,106.1347,32.5012,25.0144,24.2309,0.0012,0.5477,7.1077,7.4868,1776041098808724447
weatherfore,slot_6:weatherfore,sharing,106.6575,56.0741,24.2442,23.4328,0.0013,0.5476,31.4348,31.83,1776041099355893659
weatherfore,slot_6:weatherfore,sharing,107.0875,33.2141,24.5264,23.7026,0.0012,0.5555,8.2805,8.6877,1776041099762726015
weatherfore,slot_6:weatherfore,sharing,107.8826,32.1357,24.8783,24.0958,0.0012,0.5413,6.8469,7.2574,1776041100556403159
weatherfore,slot_6:weatherfore,sharing,108.8323,32.6672,24.5761,23.7776,0.0012,0.5604,7.7133,8.0911,1776041101506982170
weatherfore,slot_6:weatherfore,sharing,110.6039,31.9002,24.6067,23.8426,0.0012,0.5365,6.8812,7.2935,1776041103277704182
weatherfore,slot_6:weatherfore,sharing,110.7409,33.1337,24.4458,23.6516,0.0012,0.5568,8.2932,8.6879,1776041103416090324
weatherfore,slot_6:weatherfore,sharing,111.5288,34.7948,24.6263,23.8158,0.0013,0.5486,9.7671,10.1685,1776041104205528564
weatherfore,slot_6:weatherfore,sharing,112.7289,31.764,24.5238,23.7259,0.0013,0.5419,6.8161,7.2403,1776041105402621696
weatherfore,slot_6:weatherfore,sharing,113.8913,59.5117,26.2974,24.9718,0.0012,0.5423,32.7623,33.2143,1776041106590992248
weatherfore,slot_6:weatherfore,sharing,116.2638,32.0156,24.6489,23.7982,0.0013,0.592,6.9578,7.3666,1776041108937701229
weatherfore,slot_6:weatherfore,sharing,117.1502,33.0026,24.388,23.6033,0.0012,0.5462,8.2355,8.6146,1776041109825352519
weatherfore,slot_6:weatherfore,sharing,119.2933,32.1772,24.9428,24.1344,0.0013,0.5613,6.8407,7.2344,1776041111967071072
weatherfore,slot_6:weatherfore,sharing,119.3266,82.1688,24.5643,23.7292,0.0013,0.5564,57.199,57.6045,1776041112050692565
weatherfore,slot_6:weatherfore,sharing,121.4826,33.1366,24.738,23.5743,0.0014,0.554,7.9792,8.3986,1776041114157533332
weatherfore,slot_6:weatherfore,sharing,121.6052,55.6641,24.4396,23.6551,0.0012,0.554,30.8058,31.2244,1776041114302920991
weatherfore,slot_6:weatherfore,sharing,122.7985,26.9539,25.9321,24.562,0.0012,1.1394,0.5646,1.0218,1776041115466031518
weatherfore,slot_6:weatherfore,sharing,123.3871,32.9242,24.5163,23.7172,0.0012,0.565,8.0161,8.4078,1776041116062078285
weatherfore,slot_6:weatherfore,sharing,124.5016,56.7155,24.6768,23.8903,0.0012,0.5459,31.6315,32.0387,1776041117200190629
weatherfore,slot_6:weatherfore,sharing,124.9674,70.2248,26.2463,25.1783,0.0012,0.409,43.5185,43.9785,1776041117677843337
weatherfore,slot_6:weatherfore,sharing,124.9778,59.9167,26.2463,25.1783,0.0012,0.409,33.1173,33.6705,1776041117677843337
weatherfore,slot_6:weatherfore,sharing,129.5922,32.9323,24.1103,23.3076,0.0011,0.5671,8.4333,8.822,1776041122267553665
weatherfore,slot_6:weatherfore,sharing,129.7682,32.3257,24.585,23.7795,0.0013,0.5456,7.3864,7.7408,1776041122442550314
weatherfore,slot_6:weatherfore,sharing,130.1738,69.5283,26.4488,25.1948,0.0012,0.5445,42.5892,43.0796,1776041122883332217
weatherfore,slot_6:weatherfore,sharing,130.9167,33.0894,24.3584,23.5818,0.0012,0.539,8.3201,8.731,1776041123591989243
weatherfore,slot_6:weatherfore,sharing,131.685,32.4976,24.4339,23.6272,0.0012,0.5649,7.6797,8.0638,1776041124359596979
weatherfore,slot_6:weatherfore,sharing,133.9841,47.9381,24.9159,23.6756,0.0012,0.5866,22.6486,23.0222,1776041126673724636
weatherfore,slot_6:weatherfore,sharing,134.6824,33.8552,24.6081,23.8069,0.0012,0.553,8.8615,9.2471,1776041127358210340
weatherfore,slot_6:weatherfore,sharing,136.9353,32.3403,25.1163,24.308,0.0013,0.5492,6.8049,7.224,1776041129609025084
weatherfore,slot_6:weatherfore,sharing,138.8402,71.5394,26.1227,24.8612,0.0012,0.547,44.9083,45.4167,1776041131552000086
weatherfore,slot_6:weatherfore,sharing,140.3033,31.7426,24.3427,23.5454,0.0012,0.5654,7.0012,7.3999,1776041132977240126
weatherfore,slot_6:weatherfore,sharing,140.8581,83.6768,25.0948,24.3071,0.0012,0.5491,58.1734,58.582,1776041133583207720
weatherfore,slot_6:weatherfore,sharing,141.7172,25.6865,24.6775,23.9056,0.0012,0.5393,0.5872,1.009,1776041134384762709
weatherfore,slot_6:weatherfore,sharing,142.6599,31.9405,24.6477,23.8782,0.0013,0.5385,6.9232,7.2927,1776041135333714732
weatherfore,slot_6:weatherfore,sharing,143.3773,31.1496,24.2907,23.4875,0.0014,0.5617,6.4616,6.8589,1776041136050666529
weatherfore,slot_6:weatherfore,sharing,143.7223,56.488,24.8943,24.1144,0.0012,0.5432,31.1923,31.5937,1776041136420401660
weatherfore,slot_6:weatherfore,sharing,144.4252,33.5841,24.7836,23.6075,0.0012,0.9309,8.3961,8.8005,1776041137100552315
weatherfore,slot_6:weatherfore,sharing,145.3909,66.3137,24.5583,23.7496,0.0011,0.5678,41.3785,41.7555,1776041138099178966
weatherfore,slot_6:weatherfore,sharing,145.4338,69.2024,24.4033,23.6162,0.0012,0.5442,44.3795,44.7991,1776041138145065261
weatherfore,slot_6:weatherfore,sharing,148.9165,32.0909,24.9164,24.1063,0.0013,0.5478,6.7556,7.1745,1776041141590229234
weatherfore,slot_6:weatherfore,sharing,149.064,33.2365,24.4317,23.6373,0.0012,0.5472,8.4143,8.8048,1776041141739386419
weatherfore,slot_6:weatherfore,sharing,149.7421,32.1829,24.4787,23.6956,0.0014,0.5452,7.3071,7.7042,1776041142416370466
weatherfore,slot_6:weatherfore,sharing,150.0696,53.6005,26.0575,24.8174,0.0013,0.543,27.071,27.543,1776041142763651760
weatherfore,slot_6:weatherfore,sharing,150.4529,55.1755,24.3727,23.5682,0.0012,0.5694,30.4151,30.8029,1776041143150267532
weatherfore,slot_6:weatherfore,sharing,150.7629,31.8067,24.4355,23.6397,0.0012,0.5417,6.9489,7.3713,1776041143436776916
weatherfore,slot_6:weatherfore,sharing,151.0852,37.6592,24.3577,23.5884,0.0012,0.5401,12.8956,13.3015,1776041143764990069
weatherfore,slot_6:weatherfore,sharing,152.5974,63.6787,24.5494,23.7542,0.0012,0.5638,38.7497,39.1293,1776041145303061545
weatherfore,slot_6:weatherfore,sharing,154.1904,48.8305,24.3276,23.5255,0.0012,0.5437,24.1206,24.5029,1776041146881459867
weatherfore,slot_6:weatherfore,sharing,154.2533,31.3673,24.1831,23.3915,0.0012,0.5429,6.6347,7.1842,1776041146926900203
weatherfore,slot_6:weatherfore,sharing,155.1928,83.3032,24.628,23.8329,0.0013,0.565,58.2719,58.6752,1776041147918009591
weatherfore,slot_6:weatherfore,sharing,156.4416,33.8554,24.7992,23.6386,0.0014,0.9133,8.6639,9.0562,1776041149117225923
weatherfore,slot_6:weatherfore,sharing,157.8012,32.3644,24.4884,23.6766,0.0012,0.5666,7.4804,7.876,1776041150475581634
weatherfore,slot_6:weatherfore,sharing,158.0371,48.8884,24.5667,23.7723,0.0013,0.5576,23.9372,24.3217,1776041150728003417
weatherfore,slot_6:weatherfore,sharing,158.5408,33.2663,24.5232,23.708,0.0013,0.5722,8.337,8.7431,1776041151216115055
weatherfore,slot_6:weatherfore,sharing,159.859,33.3519,24.88,23.6796,0.0012,0.5579,8.0752,8.4719,1776041152533965986
weatherfore,slot_6:weatherfore,sharing,160.3424,33.205,24.5864,23.7956,0.0012,0.5396,8.224,8.6186,1776041153017587308
weatherfore,slot_6:weatherfore,sharing,160.5162,75.8448,26.7412,25.1337,0.0013,0.8858,48.5857,49.1035,1776041153231711180
weatherfore,slot_6:weatherfore,sharing,162.119,79.3509,26.2788,25.0113,0.0012,0.5477,52.6261,53.0722,1776041154838596605
weatherfore,slot_6:weatherfore,sharing,162.7345,60.0023,24.8586,24.078,0.0013,0.5324,34.7519,35.1438,1776041155436212401
weatherfore,slot_6:weatherfore,sharing,163.2848,70.8466,24.3843,23.5644,0.0013,0.5668,46.0529,46.4622,1776041155997758343
weatherfore,slot_6:weatherfore,sharing,163.4137,33.7963,24.8369,24.0369,0.0012,0.5628,8.5647,8.9595,1776041156089223023
weatherfore,slot_6:weatherfore,sharing,165.08,68.7425,24.206,23.4192,0.0012,0.555,44.1287,44.5365,1776041157791069769
weatherfore,slot_6:weatherfore,sharing,165.1168,77.7602,25.2109,24.0541,0.0013,0.5543,52.145,52.5494,1776041157835889028
weatherfore,slot_6:weatherfore,sharing,172.6105,71.3892,34.1387,32.5337,0.0013,0.4069,36.7808,37.2505,1776041165314236893
weatherfore,slot_6:weatherfore,sharing,172.63,52.2099,34.1387,32.5337,0.0013,0.4069,17.3149,18.0711,1776041165314236893
weatherfore,slot_6:weatherfore,sharing,174.5042,32.0325,24.5049,23.7002,0.0012,0.5515,7.1352,7.5276,1776041167178256385
weatherfore,slot_6:weatherfore,sharing,174.7402,45.0532,24.7421,23.9574,0.0012,0.5449,19.9194,20.3112,1776041167427080166
weatherfore,slot_6:weatherfore,sharing,175.6739,33.0846,24.3893,23.6019,0.0012,0.557,8.3199,8.6953,1776041168349154036
weatherfore,slot_6:weatherfore,sharing,176.3877,33.0727,24.531,23.7285,0.0012,0.5437,8.1122,8.5417,1776041169062713752
weatherfore,slot_6:weatherfore,sharing,176.788,32.902,24.4978,23.7259,0.0011,0.5432,7.987,8.4042,1776041169462931828
weatherfore,slot_6:weatherfore,sharing,180.1024,32.079,24.641,23.8361,0.0013,0.5546,7.0746,7.438,1776041172776443530
weatherfore,slot_6:weatherfore,sharing,180.1766,47.7784,24.6331,23.8475,0.0012,0.5435,22.7342,23.1452,1776041172866282595
weatherfore,slot_6:weatherfore,sharing,181.2015,31.5981,24.4692,23.6537,0.0012,0.5718,6.7408,7.1288,1776041173875220927
weatherfore,slot_6:weatherfore,sharing,182.989,64.7535,24.4037,23.5631,0.0014,0.5746,39.9055,40.3499,1776041175695851882
weatherfore,slot_6:weatherfore,sharing,183.4348,50.0972,24.7621,23.9714,0.0012,0.553,24.9147,25.3351,1776041176126635689
weatherfore,slot_6:weatherfore,sharing,183.493,75.767,26.3934,25.1254,0.0013,0.542,48.8639,49.3737,1776041176208775878
weatherfore,slot_6:weatherfore,sharing,190.5823,32.4895,24.5387,23.7555,0.0011,0.5438,7.5557,7.9508,1776041183256796605
weatherfore,slot_6:weatherfore,sharing,195.705,33.8137,24.6195,23.8382,0.0014,0.546,8.786,9.1942,1776041188380706436
weatherfore,slot_6:weatherfore,sharing,196.6932,33.1309,24.4239,23.6423,0.0012,0.5478,8.3008,8.707,1776041189368402781
weatherfore,slot_6:weatherfore,sharing,200.2952,32.6185,25.0303,24.2481,0.0013,0.5469,7.1859,7.5882,1776041192969330892
weatherfore,slot_6:weatherfore,sharing,200.3128,61.0654,26.0842,24.7354,0.0012,0.5397,34.4534,34.9813,1776041193014188778
weatherfore,slot_6:weatherfore,sharing,201.1729,57.0252,24.3181,23.5458,0.0011,0.539,32.3057,32.7071,1776041193872151682
weatherfore,slot_6:weatherfore,sharing,202.3117,31.8973,24.4077,23.6158,0.0012,0.5391,7.1003,7.4896,1776041194985689664
weatherfore,slot_6:weatherfore,sharing,202.7514,37.0667,24.4855,23.6849,0.0012,0.5625,12.1837,12.5812,1776041195430532841
weatherfore,slot_6:weatherfore,sharing,202.9796,32.9609,24.6711,23.8449,0.018,0.5694,7.8926,8.2898,1776041195654426045
weatherfore,slot_6:weatherfore,sharing,204.0907,31.9817,24.2515,23.4527,0.0013,0.5419,7.3307,7.7302,1776041196764920111
weatherfore,slot_6:weatherfore,sharing,205.0919,54.6279,35.2208,33.4568,0.0012,0.5339,18.873,19.4071,1776041197777700626
weatherfore,slot_6:weatherfore,sharing,206.084,31.559,24.3581,23.5716,0.0013,0.5388,6.8035,7.2009,1776041198757712542
weatherfore,slot_6:weatherfore,sharing,206.4777,32.0826,24.3514,23.5718,0.0012,0.5389,7.3428,7.7311,1776041199152012144
weatherfore,slot_6:weatherfore,sharing,206.772,63.4315,26.2666,25.0351,0.0016,0.5356,36.68,37.1649,1776041199475626686
weatherfore,slot_6:weatherfore,sharing,207.274,33.2808,24.5172,23.7353,0.0012,0.5474,8.3661,8.7636,1776041199949252664
weatherfore,slot_6:weatherfore,sharing,208.0809,50.3287,24.1868,23.4115,0.0012,0.545,25.7566,26.1419,1776041200773585263
weatherfore,slot_6:weatherfore,sharing,208.6779,51.3408,24.2263,23.4274,0.0012,0.5493,26.7282,27.1145,1776041201371569396
weatherfore,slot_6:weatherfore,sharing,212.3938,32.0115,24.5689,23.7953,0.0013,0.5408,7.0071,7.4426,1776041205067748667
weatherfore,slot_6:weatherfore,sharing,212.4798,32.9061,24.2576,23.4679,0.0012,0.5554,8.2383,8.6485,1776041205155014009
weatherfore,slot_6:weatherfore,sharing,212.9865,63.8621,24.3464,23.5495,0.0012,0.5658,39.1335,39.5157,1776041205692603347
weatherfore,slot_6:weatherfore,sharing,213.503,55.8486,24.9457,24.1621,0.0012,0.5414,30.5037,30.9029,1776041206200428994
weatherfore,slot_6:weatherfore,sharing,214.3731,78.3315,35.6668,33.8502,0.0013,0.5323,42.0725,42.6647,1776041207082120895
weatherfore,slot_6:weatherfore,sharing,214.4689,73.379,26.5422,25.285,0.0012,0.5443,46.391,46.8369,1776041207182177081
weatherfore,slot_6:weatherfore,sharing,215.8781,80.0331,35.044,33.2532,0.0012,0.5513,44.4043,44.989,1776041208589443103
weatherfore,slot_6:weatherfore,sharing,218.4342,32.8615,24.4519,23.6517,0.0013,0.5614,8.0314,8.4096,1776041211109145081
weatherfore,slot_6:weatherfore,sharing,219.6564,45.2211,26.7381,24.99,0.0012,0.9348,18.0328,18.4829,1776041212341384144
weatherfore,slot_6:weatherfore,sharing,221.3178,45.5682,25.8472,24.6215,0.0012,0.5392,19.2196,19.7211,1776041214003982467
weatherfore,slot_6:weatherfore,sharing,226.6523,32.7971,24.4429,23.6274,0.0012,0.573,7.9665,8.3542,1776041219327176989
weatherfore,slot_6:weatherfore,sharing,227.7331,33.921,24.3544,23.5631,0.0012,0.5603,9.1786,9.5666,1776041220409210016
weatherfore,slot_6:weatherfore,sharing,228.2711,31.9057,24.3439,23.5672,0.0012,0.5452,7.1545,7.5618,1776041220945158203
weatherfore,slot_6:weatherfore,sharing,228.3481,33.7982,24.5231,23.7365,0.0014,0.5531,8.8701,9.2751,1776041221023877785
weatherfore,slot_6:weatherfore,sharing,228.7684,46.3948,24.3249,23.5465,0.0013,0.5456,21.6479,22.0699,1776041221456986794
weatherfore,slot_6:weatherfore,sharing,229.9833,34.6012,24.4926,23.7195,0.0012,0.5386,9.6929,10.1086,1776041222659936285
weatherfore,slot_6:weatherfore,sharing,230.8956,34.3025,24.8805,24.0928,0.0013,0.5485,9.0196,9.422,1776041223571573894
weatherfore,slot_6:weatherfore,sharing,231.3634,33.3574,24.9172,24.1006,0.0013,0.56,8.0223,8.4402,1776041224038375977
weatherfore,slot_6:weatherfore,sharing,232.0892,33.4911,24.587,23.7972,0.0012,0.5417,8.498,8.9041,1776041224764586631
weatherfore,slot_6:weatherfore,sharing,232.1287,38.8658,24.3467,23.5521,0.0012,0.5445,14.1211,14.5191,1776041224809786605
weatherfore,slot_6:weatherfore,sharing,232.4018,53.5321,27.4163,26.1707,0.0012,0.5433,25.6317,26.1159,1776041225094406627
weatherfore,slot_6:weatherfore,sharing,234.8456,41.1305,24.4495,23.6685,0.0012,0.5453,16.2642,16.681,1776041227528804442
weatherfore,slot_6:weatherfore,sharing,234.8918,33.6182,24.7099,23.8928,0.0012,0.5722,8.5044,8.9083,1776041227567261690
weatherfore,slot_6:weatherfore,sharing,234.9191,50.4375,24.6346,23.4649,0.0012,0.5708,25.4078,25.8029,1776041227611440901
weatherfore,slot_6:weatherfore,sharing,236.0243,54.039,24.99,23.7876,0.0012,0.9539,28.6438,29.049,1776041228719916373
weatherfore,slot_6:weatherfore,sharing,236.4921,33.4136,24.4216,23.6259,0.0012,0.5422,8.6112,8.9921,1776041229167663295
weatherfore,slot_6:weatherfore,sharing,236.5832,50.7793,26.1617,24.883,0.0013,0.5458,24.1237,24.6176,1776041229274264857
weatherfore,slot_6:weatherfore,sharing,237.3383,32.67,24.5455,23.7487,0.0012,0.5563,7.7434,8.1245,1776041230012995827
weatherfore,slot_6:weatherfore,sharing,237.8368,32.6748,24.6401,23.8466,0.0013,0.5577,7.6282,8.0347,1776041230511372423
weatherfore,slot_6:weatherfore,sharing,238.7279,67.9455,24.3746,23.6056,0.0014,0.5381,43.1662,43.5709,1776041231437996312
weatherfore,slot_6:weatherfore,sharing,240.3461,72.8269,24.3203,23.5372,0.0012,0.5438,48.111,48.5066,1776041233061129597
weatherfore,slot_6:weatherfore,sharing,241.3985,33.4425,24.4462,23.6652,0.0012,0.5438,8.575,8.9963,1776041234074037018
weatherfore,slot_6:weatherfore,sharing,241.5967,33.8922,25.0832,24.0763,0.0016,0.7318,8.4333,8.8089,1776041234272042520
weatherfore,slot_6:weatherfore,sharing,241.9341,34.9405,24.6537,23.8569,0.0012,0.5631,9.9137,10.2868,1776041234610994407
weatherfore,slot_6:weatherfore,sharing,243.747,78.9859,24.5653,23.7552,0.0012,0.5532,54.0452,54.4206,1776041236467958432
weatherfore,slot_6:weatherfore,sharing,244.899,32.701,24.9821,24.1788,0.0013,0.5437,7.3357,7.7189,1776041237573230779
weatherfore,slot_6:weatherfore,sharing,244.9263,52.9642,24.772,23.9873,0.0012,0.5438,27.817,28.1923,1776041237621007077
weatherfore,slot_6:weatherfore,sharing,245.7423,32.5866,24.793,24.0086,0.0013,0.5476,7.3607,7.7936,1776041238416554714
weatherfore,slot_6:weatherfore,sharing,245.7505,61.7456,24.5879,23.798,0.0012,0.5533,36.7734,37.1578,1776041238454247740
weatherfore,slot_6:weatherfore,sharing,247.9993,33.0863,24.3931,23.586,0.0013,0.5529,8.28,8.6932,1776041240674480325
weatherfore,slot_6:weatherfore,sharing,248.2713,32.8906,24.7349,23.9274,0.0012,0.5665,7.7531,8.1556,1776041240945971406
weatherfore,slot_6:weatherfore,sharing,248.5865,42.9895,24.6339,23.4365,0.0013,0.5701,17.957,18.3556,1776041241271427234
weatherfore,slot_6:weatherfore,sharing,250.7878,32.155,24.3989,23.6238,0.0012,0.5395,7.3545,7.7562,1776041243462106129
weatherfore,slot_6:weatherfore,sharing,251.3449,33.509,24.5388,23.7596,0.0012,0.5426,8.5511,8.9702,1776041244020373249
weatherfore,slot_6:weatherfore,sharing,252.9729,71.0275,24.5707,23.8032,0.0012,0.5404,46.0432,46.4568,1776041245685881781
weatherfore,slot_6:weatherfore,sharing,253.0312,54.0769,24.2336,23.4375,0.0011,0.5586,29.4526,29.8433,1776041245727546676
weatherfore,slot_6:weatherfore,sharing,254.5713,32.0365,24.3476,23.5812,0.0013,0.5357,7.2882,7.689,1776041247245546725
weatherfore,slot_6:weatherfore,sharing,254.6605,31.9369,24.3774,23.5832,0.0012,0.5613,7.164,7.5595,1776041247334564832
weatherfore,slot_6:weatherfore,sharing,255.3721,40.5619,24.4068,23.6139,0.0012,0.5405,15.7471,16.1551,1776041248054740063
weatherfore,slot_6:weatherfore,sharing,256.9444,43.3545,25.0639,24.2746,0.0012,0.5476,17.906,18.2906,1776041249629213621
weatherfore,slot_6:weatherfore,sharing,257.2031,59.2091,24.2283,23.4328,0.0012,0.5616,34.5943,34.9808,1776041249904609489
weatherfore,slot_6:weatherfore,sharing,257.8513,33.5798,24.4613,23.676,0.0011,0.557,8.7042,9.1185,1776041250526907997
weatherfore,slot_6:weatherfore,sharing,259.3174,43.6492,26.555,25.257,0.0012,0.5535,16.6721,17.0942,1776041252001035124
weatherfore,slot_6:weatherfore,sharing,259.3477,59.8276,25.0223,24.2173,0.0012,0.5686,34.3084,34.8053,1776041252048969329
weatherfore,slot_6:weatherfore,sharing,260.2502,71.9433,26.4286,24.6924,0.0012,0.5311,44.9729,45.5147,1776041252962063683
weatherfore,slot_6:weatherfore,sharing,260.4474,31.4775,24.379,23.5994,0.0012,0.5403,6.6974,7.0985,1776041253121041573
weatherfore,slot_6:weatherfore,sharing,261.0428,55.1963,26.299,24.9612,0.0012,0.5287,28.3673,28.8973,1776041253738133240
weatherfore,slot_6:weatherfore,sharing,261.7385,32.824,24.5617,23.7836,0.0012,0.5419,7.8466,8.2623,1776041254413328745
weatherfore,slot_6:weatherfore,sharing,262.0409,66.8025,26.536,25.1732,0.0012,0.5369,39.7274,40.2665,1776041254747579843
weatherfore,slot_6:weatherfore,sharing,264.072,34.0326,25.2493,24.0716,0.0013,0.9183,8.388,8.7833,1776041256747338593
weatherfore,slot_6:weatherfore,sharing,264.4063,37.3912,24.4317,23.6516,0.0012,0.545,12.5561,12.9595,1776041257085826982
weatherfore,slot_6:weatherfore,sharing,265.4448,32.0616,24.919,24.1119,0.0011,0.5516,6.7334,7.1425,1776041258118470392
weatherfore,slot_6:weatherfore,sharing,265.8408,31.7478,24.2287,23.4198,0.0012,0.5765,7.1282,7.5191,1776041258514851339
weatherfore,slot_6:weatherfore,sharing,266.2723,32.0349,24.2715,23.4952,0.0012,0.5404,7.344,7.7634,1776041258946624250
weatherfore,slot_6:weatherfore,sharing,273.4899,38.65,24.6662,23.829,0.0012,0.5601,13.5715,13.9838,1776041266170454453
weatherfore,slot_6:weatherfore,sharing,275.7011,32.9804,24.6009,23.8041,0.0013,0.5619,7.9944,8.3795,1776041268376029431
weatherfore,slot_6:weatherfore,sharing,275.9244,32.5236,24.9349,24.1396,0.0013,0.5397,7.1723,7.5887,1776041268598490710
weatherfore,slot_6:weatherfore,sharing,276.9344,53.7899,26.4307,25.1435,0.0012,0.5569,26.8312,27.3591,1776041269628120256
weatherfore,slot_6:weatherfore,sharing,283.6393,57.9069,24.8651,24.0704,0.0013,0.5599,32.6378,33.0418,1776041276338908192
weatherfore,slot_6:weatherfore,sharing,283.6734,80.6768,35.0003,33.7139,0.0012,0.545,45.0733,45.6765,1776041276385436411
weatherfore,slot_6:weatherfore,sharing,284.5976,32.1987,24.3031,23.5178,0.0013,0.545,7.4918,7.8956,1776041277272037257
weatherfore,slot_6:weatherfore,sharing,286.3113,32.1693,24.8247,24.021,0.0012,0.5717,6.9628,7.3446,1776041278985241693
weatherfore,slot_6:weatherfore,sharing,286.488,40.1704,24.391,23.581,0.0011,0.5616,15.3768,15.7794,1776041279170265875
weatherfore,slot_6:weatherfore,sharing,287.4315,32.7132,24.864,23.6955,0.0012,0.9268,7.4539,7.8492,1776041280105892106
weatherfore,slot_6:weatherfore,sharing,289.5093,33.8871,24.4486,23.6595,0.0013,0.547,9.0618,9.4386,1776041282185302487
weatherfore,slot_6:weatherfore,sharing,291.6664,33.8097,24.3768,23.595,0.0013,0.5455,9.0306,9.4329,1776041284342339355
weatherfore,slot_6:weatherfore,sharing,291.9813,32.9328,24.2955,23.4993,0.0012,0.5501,8.25,8.6372,1776041284656490344
weatherfore,slot_6:weatherfore,sharing,292.1516,57.9057,24.7199,23.9155,0.0013,0.57,32.7997,33.1858,1776041284851353095
weatherfore,slot_6:weatherfore,sharing,292.6066,33.2563,24.374,23.6008,0.0012,0.5379,8.4379,8.8823,1776041285281935718
weatherfore,slot_6:weatherfore,sharing,294.5186,53.6892,24.2387,23.4473,0.0012,0.5477,29.0596,29.4505,1776041287214627622
weatherfore,slot_6:weatherfore,sharing,296.3765,33.5853,24.9184,24.1205,0.0013,0.5671,8.2691,8.6669,1776041289051687750
weatherfore,slot_6:weatherfore,sharing,296.4122,85.7048,24.2452,23.4867,0.0012,0.5311,61.0442,61.4596,1776041289140132800
weatherfore,slot_6:weatherfore,sharing,297.2438,34.2252,24.6071,23.8124,0.0013,0.5583,9.2313,9.6182,1776041289919994917
weatherfore,slot_6:weatherfore,sharing,297.3772,32.1958,24.3181,23.5189,0.0012,0.5595,7.4859,7.8777,1776041290051620555
weatherfore,slot_6:weatherfore,sharing,298.8952,32.7425,24.5465,23.7593,0.0013,0.5415,7.8011,8.196,1776041291569980345
weatherfore,slot_6:weatherfore,sharing,299.0572,47.9228,24.6511,23.8484,0.0012,0.57,22.8932,23.2717,1776041291747021006
weatherfore,slot_6:weatherfore,sharing,299.4403,66.0398,24.2762,23.4962,0.0012,0.5483,41.3773,41.7637,1776041292148622644
weatherfore,slot_6:weatherfore,sharing,300.0221,45.1858,24.2206,23.4442,0.0012,0.5423,20.5724,20.9652,1776041292709655170
weatherfore,slot_6:weatherfore,sharing,300.1154,32.0976,24.5111,23.6798,0.0013,0.5611,7.1068,7.5865,1776041292789473504
weatherfore,slot_6:weatherfore,sharing,303.3571,71.5704,24.306,23.5085,0.0012,0.5438,46.8419,47.2644,1776041296070890296
weatherfore,slot_6:weatherfore,sharing,304.2802,61.094,24.8605,23.6724,0.0016,0.5738,35.8577,36.2335,1776041296982991611
weatherfore,slot_6:weatherfore,sharing,304.6062,70.6468,24.331,23.5414,0.0012,0.5539,45.9156,46.3157,1776041297319026684
weatherfore,slot_6:weatherfore,sharing,304.6511,70.3583,24.3336,23.5203,0.0013,0.5694,45.6188,46.0247,1776041297363621961
weatherfore,slot_6:weatherfore,sharing,305.7843,46.6034,26.2895,25.0148,0.0013,0.5526,19.8257,20.3139,1776041298471058787
weatherfore,slot_6:weatherfore,sharing,306.6864,33.8614,24.8096,24.0253,0.0013,0.5475,8.657,9.0518,1776041299361951321
weatherfore,slot_6:weatherfore,sharing,306.8203,55.3932,24.6404,23.8506,0.0014,0.5449,30.3328,30.7528,1776041299517604140
weatherfore,slot_6:weatherfore,sharing,308.0083,32.7792,24.5662,23.7622,0.0012,0.5702,7.7927,8.213,1776041300683016086
weatherfore,slot_6:weatherfore,sharing,308.3935,25.5046,24.5647,23.691,0.0012,0.6426,0.5722,0.9399,1776041301060979697
weatherfore,slot_6:weatherfore,sharing,308.8898,76.2689,24.5645,23.7699,0.0012,0.564,51.3287,51.7044,1776041301608056500
weatherfore,slot_6:weatherfore,sharing,310.2471,56.9389,24.4158,23.6198,0.0012,0.5624,32.1326,32.5231,1776041302946158558
weatherfore,slot_6:weatherfore,sharing,311.4976,63.6516,24.3457,23.5405,0.0012,0.544,38.9073,39.3058,1776041304203481771
weatherfore,slot_6:weatherfore,sharing,313.4832,32.0318,24.2887,23.4845,0.0012,0.5541,7.3583,7.7431,1776041306157473197
weatherfore,slot_6:weatherfore,sharing,314.8333,39.6678,24.4796,23.6637,0.0012,0.5452,14.8051,15.1883,1776041307515044140
weatherfore,slot_6:weatherfore,sharing,315.8243,33.2017,24.1399,23.348,0.0012,0.5612,8.6734,9.0618,1776041308499863950
weatherfore,slot_6:weatherfore,sharing,316.9922,73.6175,24.3807,23.6145,0.0012,0.5313,48.8253,49.2367,1776041309707916739
weatherfore,slot_6:weatherfore,sharing,319.6613,52.4518,26.1563,24.6018,0.0012,0.5797,25.8648,26.2955,1776041312354119853
weatherfore,slot_6:weatherfore,sharing,320.6379,33.0029,24.7575,23.9754,0.0012,0.5438,7.8444,8.2454,1776041313312671541
weatherfore,slot_6:weatherfore,sharing,322.0594,33.1416,24.8811,24.0777,0.0012,0.5618,7.8447,8.2605,1776041314734154388
weatherfore,slot_6:weatherfore,sharing,322.173,33.603,24.6149,23.81,0.0012,0.5437,8.5938,8.9881,1776041314848551137
weatherfore,slot_6:weatherfore,sharing,322.3844,34.2393,24.9637,23.8032,0.0013,0.9222,8.8515,9.2756,1776041315060190505
weatherfore,slot_6:weatherfore,sharing,322.4677,32.6514,24.3663,23.5701,0.0012,0.5619,7.8964,8.2851,1776041315142574739
weatherfore,slot_6:weatherfore,sharing,324.7748,32.9084,24.3544,23.5302,0.0012,0.5593,8.1322,8.5541,1776041317449846654
weatherfore,slot_6:weatherfore,sharing,325.5858,34.3959,25.7996,25.0189,0.0012,0.5462,8.2083,8.5964,1776041318260910685
weatherfore,slot_6:weatherfore,sharing,325.6025,76.7393,35.7214,33.3343,0.0012,0.528,40.3686,41.0179,1776041318309764802
weatherfore,slot_6:weatherfore,sharing,327.965,86.7741,26.9592,25.8846,0.0013,0.4162,59.3512,59.8149,1776041320691327877
weatherfore,slot_6:weatherfore,sharing,327.9953,56.551,26.9592,25.8846,0.0013,0.4162,29.0666,29.5918,1776041320691327877
weatherfore,slot_6:weatherfore,sharing,328.1097,62.9504,26.3616,25.1028,0.0012,0.555,36.0408,36.5887,1776041320812676427
weatherfore,slot_6:weatherfore,sharing,329.1977,32.7244,24.6259,23.8103,0.0012,0.5716,7.7088,8.0985,1776041321872316843
weatherfore,slot_6:weatherfore,sharing,330.0437,68.1474,24.6721,23.8808,0.0013,0.5542,43.0694,43.4754,1776041322753656360
weatherfore,slot_6:weatherfore,sharing,330.6341,33.9789,24.3923,23.593,0.0012,0.5574,9.202,9.5867,1776041323310257088
weatherfore,slot_6:weatherfore,sharing,330.7259,34.9813,24.3229,23.5328,0.0014,0.5518,10.2484,10.6583,1776041323403120630
weatherfore,slot_6:weatherfore,sharing,331.566,33.2391,25.0121,24.2257,0.0012,0.5453,7.8204,8.227,1776041324240779989
weatherfore,slot_6:weatherfore,sharing,332.1664,62.9578,24.6168,23.824,0.0012,0.5446,37.9288,38.341,1776041324871282278
weatherfore,slot_6:weatherfore,sharing,332.9482,49.7532,24.2819,23.5038,0.0012,0.5491,25.0733,25.4712,1776041325640257637
weatherfore,slot_6:weatherfore,sharing,334.8764,33.612,24.3363,23.5614,0.0012,0.5425,8.8389,9.2757,1776041327552166468
weatherfore,slot_6:weatherfore,sharing,336.5107,34.1275,24.8085,24.0155,0.0013,0.5552,8.9092,9.3189,1776041329186528192
weatherfore,slot_6:weatherfore,sharing,337.3874,33.1621,24.8268,24.0257,0.0012,0.5669,7.9513,8.3353,1776041330062243523
weatherfore,slot_6:weatherfore,sharing,337.6174,34.3416,25.011,24.2212,0.0012,0.5484,8.9307,9.3306,1776041330293245608
weatherfore,slot_6:weatherfore,sharing,338.5044,31.9958,24.4558,23.6611,0.0012,0.545,7.1275,7.54,1776041331178484075
weatherfore,slot_6:weatherfore,sharing,338.5755,33.5317,24.3664,23.5612,0.0012,0.5667,8.75,9.1652,1776041331251193025
weatherfore,slot_6:weatherfore,sharing,338.8951,33.1235,24.2981,23.4968,0.0012,0.5442,8.4429,8.8254,1776041331570475737
weatherfore,slot_6:weatherfore,sharing,339.167,32.6333,24.4092,23.6011,0.0012,0.5482,7.7777,8.2241,1776041331841724741
weatherfore,slot_6:weatherfore,sharing,342.9117,46.5238,24.178,23.3957,0.0013,0.5471,21.934,22.3458,1776041335600569359
weatherfore,slot_6:weatherfore,sharing,343.0154,58.3706,24.2291,23.4506,0.0013,0.5396,33.7369,34.1415,1776041335716070701
weatherfore,slot_6:weatherfore,sharing,345.6712,72.5403,26.3468,25.0825,0.0013,0.5421,45.6796,46.1935,1776041338383796094
weatherfore,slot_6:weatherfore,sharing,346.2581,32.799,24.3871,23.5969,0.0012,0.5576,8.0063,8.4119,1776041338933060156
weatherfore,slot_6:weatherfore,sharing,347.8725,69.4282,24.65,23.865,0.0012,0.5476,44.3926,44.7782,1776041340583818387
weatherfore,slot_6:weatherfore,sharing,348.3376,32.8522,24.8796,24.0793,0.0012,0.562,7.5831,7.9726,1776041341012125420
weatherfore,slot_6:weatherfore,sharing,349.869,32.7544,24.3717,23.5598,0.0012,0.5621,7.9491,8.3828,1776041342543873944
weatherfore,slot_6:weatherfore,sharing,350.1578,31.8854,24.3131,23.5272,0.0012,0.5486,7.1726,7.5723,1776041342831933380
weatherfore,slot_6:weatherfore,sharing,353.6,34.164,24.8633,24.0594,0.0013,0.5615,8.9049,9.3006,1776041346275796536
weatherfore,slot_6:weatherfore,sharing,353.884,33.9153,24.8289,24.0453,0.0012,0.5463,8.6925,9.0864,1776041346559592605
weatherfore,slot_6:weatherfore,sharing,354.2452,32.2301,24.4489,23.6406,0.0012,0.5768,7.3986,7.7812,1776041346919553775
weatherfore,slot_6:weatherfore,sharing,355.0205,48.0194,24.3402,23.5454,0.0012,0.5634,23.2837,23.6792,1776041347710679729
weatherfore,slot_6:weatherfore,sharing,355.5772,33.5293,24.7061,23.9025,0.0012,0.5456,8.4081,8.8232,1776041348252525618
weatherfore,slot_6:weatherfore,sharing,356.2311,33.0794,24.6812,23.8891,0.0012,0.5482,8.0016,8.3982,1776041348906083925
weatherfore,slot_6:weatherfore,sharing,357.4614,71.0809,24.466,23.6663,0.0012,0.57,46.2077,46.615,1776041350174570088
weatherfore,slot_6:weatherfore,sharing,359.2443,62.4225,26.0134,24.7466,0.0013,0.5475,35.8884,36.4091,1776041351947096274
weatherfore,slot_6:weatherfore,sharing,360.206,63.2594,35.1594,33.4243,0.0011,0.5594,27.504,28.0999,1776041352900407892
weatherfore,slot_6:weatherfore,sharing,360.638,32.6991,24.6842,23.901,0.0012,0.544,7.597,8.015,1776041353312571422
weatherfore,slot_6:weatherfore,sharing,360.9276,78.0053,24.3831,23.5837,0.0012,0.5483,53.2165,53.6222,1776041353647800299
weatherfore,slot_6:weatherfore,sharing,361.1049,32.8398,24.3505,23.5427,0.0012,0.5522,8.0774,8.4893,1776041353779881796
weatherfore,slot_6:weatherfore,sharing,361.342,33.8261,24.4939,23.6973,0.0013,0.5559,8.8787,9.3322,1776041354017778589
weatherfore,slot_6:weatherfore,sharing,362.2724,65.2115,26.4151,25.041,0.0016,0.5501,38.3346,38.7964,1776041354977650647
weatherfore,slot_6:weatherfore,sharing,363.6696,33.8111,25.3907,24.5636,0.0013,0.5716,8.0307,8.4203,1776041356344585617
weatherfore,slot_6:weatherfore,sharing,363.845,50.8275,24.4369,23.6562,0.0013,0.5439,25.9771,26.3906,1776041356537932615
weatherfore,slot_6:weatherfore,sharing,364.037,35.7141,24.5564,23.7557,0.0011,0.5633,10.761,11.1578,1776041356714740471
weatherfore,slot_6:weatherfore,sharing,364.5562,57.4381,26.2388,24.9514,0.0012,0.543,30.6954,31.1993,1776041357253838560
weatherfore,slot_6:weatherfore,sharing,364.8868,61.7087,24.1466,23.3538,0.0012,0.5623,37.1742,37.5621,1776041357590875732
weatherfore,slot_6:weatherfore,sharing,365.2829,57.4589,39.0027,37.1907,0.0013,0.5565,17.9248,18.4562,1776041357967796352
weatherfore,slot_6:weatherfore,sharing,365.3367,43.5925,24.6951,23.9272,0.0012,0.5416,18.4913,18.8974,1776041358022167037
weatherfore,slot_6:weatherfore,sharing,365.3874,80.421,26.1765,24.8495,0.0013,0.536,53.7291,54.2445,1776041358108091678
weatherfore,slot_6:weatherfore,sharing,365.7659,35.1629,25.0917,24.2797,0.0011,0.5611,9.6698,10.0712,1776041358442487491
weatherfore,slot_6:weatherfore,sharing,365.8932,34.0939,24.3508,23.5541,0.0012,0.5476,9.3462,9.7431,1776041358569466631
weatherfore,slot_6:weatherfore,sharing,366.2946,32.6009,24.5588,23.7671,0.0011,0.5473,7.6563,8.042,1776041358969191123
weatherfore,slot_6:weatherfore,sharing,366.4834,61.0945,25.8396,24.5802,0.0014,0.5455,34.7412,35.2549,1776041359185061036
weatherfore,slot_6:weatherfore,sharing,367.0826,54.7578,25.8595,24.504,0.0014,0.5367,28.3887,28.8983,1776041359777962473
weatherfore,slot_6:weatherfore,sharing,367.4013,66.9873,24.3567,23.55,0.0012,0.5473,42.2428,42.6306,1776041360110452904
weatherfore,slot_6:weatherfore,sharing,368.6161,25.5592,24.5518,23.7555,0.0012,0.5455,0.5915,1.0073,1776041361283661891
weatherfore,slot_6:weatherfore,sharing,368.9455,32.6345,24.6018,23.7791,0.0013,0.5755,7.6413,8.0327,1776041361620101515
weatherfore,slot_6:weatherfore,sharing,369.3616,70.5242,24.3268,23.5398,0.0012,0.5585,45.8138,46.1974,1776041362074363364
weatherfore,slot_6:weatherfore,sharing,370.8718,69.519,24.2204,23.4374,0.0013,0.541,44.9195,45.2986,1776041363583631461
weatherfore,slot_6:weatherfore,sharing,371.3201,32.6543,24.5599,23.7488,0.0012,0.557,7.674,8.0944,1776041363994683007
weatherfore,slot_6:weatherfore,sharing,371.4058,32.2201,24.4781,23.6814,0.0012,0.5633,7.3636,7.742,1776041364080130491
weatherfore,slot_6:weatherfore,sharing,372.0436,32.7125,24.8221,24.0478,0.0013,0.535,7.4875,7.8904,1776041364718035659
weatherfore,slot_6:weatherfore,sharing,372.2024,32.0559,24.4763,23.6809,0.0013,0.5577,7.1864,7.5795,1776041364876526765
weatherfore,slot_6:weatherfore,sharing,372.4115,42.7823,24.2176,23.4406,0.0012,0.544,18.1668,18.5647,1776041365096566844
weatherfore,slot_6:weatherfore,sharing,373.7732,31.9307,24.3082,23.5142,0.0013,0.5642,7.2291,7.6225,1776041366447333619
weatherfore,slot_6:weatherfore,sharing,373.9973,33.334,24.4986,23.6975,0.0013,0.5451,8.4283,8.8354,1776041366672706319
weatherfore,slot_6:weatherfore,sharing,374.1849,32.429,24.4436,23.6371,0.0012,0.5569,7.5843,7.9854,1776041366859401479
weatherfore,slot_6:weatherfore,sharing,374.5792,33.211,24.5912,23.788,0.0013,0.5596,8.225,8.6198,1776041367254349118
weatherfore,slot_6:weatherfore,sharing,375.8701,33.7069,25.0108,24.1992,0.0012,0.5536,8.292,8.6961,1776041368545350896
weatherfore,slot_6:weatherfore,sharing,376.4851,62.7952,24.589,23.8099,0.0013,0.5405,37.8087,38.2061,1776041369189888970
weatherfore,slot_6:weatherfore,sharing,378.1973,31.6193,24.0776,23.2902,0.0013,0.5525,7.1294,7.5417,1776041370871334273
weatherfore,slot_6:weatherfore,sharing,379.5541,43.083,24.3622,23.5617,0.0012,0.5644,18.3446,18.7208,1776041372239343963
weatherfore,slot_6:weatherfore,sharing,380.4632,31.992,24.376,23.5887,0.0012,0.5547,7.2317,7.6159,1776041373137321473
weatherfore,slot_6:weatherfore,sharing,380.6807,32.3236,24.4166,23.5858,0.0014,0.5873,7.5231,7.907,1776041373355204781
weatherfore,slot_6:weatherfore,sharing,381.8825,32.0737,24.5767,23.7741,0.0013,0.5434,7.0863,7.4971,1776041374556549394
weatherfore,slot_6:weatherfore,sharing,384.4022,32.6805,24.4817,23.7014,0.0012,0.5398,7.786,8.1988,1776041377076932982
weatherfore,slot_6:weatherfore,sharing,384.5359,32.6123,24.2731,23.4674,0.0013,0.5462,7.947,8.3392,1776041377210820759
weatherfore,slot_6:weatherfore,sharing,384.9561,33.2093,24.3601,23.5437,0.0013,0.548,8.4698,8.8492,1776041377631465228
weatherfore,slot_6:weatherfore,sharing,385.5685,34.9441,24.3077,23.4925,0.0012,0.5799,10.2417,10.6364,1776041378245672890
weatherfore,slot_6:weatherfore,sharing,385.968,60.4222,24.4158,23.5995,0.0012,0.5745,35.6181,36.0064,1776041378670552148
weatherfore,slot_6:weatherfore,sharing,387.9409,33.3297,24.5678,23.7535,0.0012,0.5749,8.3361,8.762,1776041380616213419
weatherfore,slot_6:weatherfore,sharing,388.6583,33.3326,24.2084,23.4106,0.0013,0.5468,8.6882,9.1242,1776041381333910619
weatherfore,slot_6:weatherfore,sharing,389.9242,32.7888,24.593,23.8031,0.0013,0.5596,7.8065,8.1957,1776041382598988791
weatherfore,slot_6:weatherfore,sharing,390.0662,33.9458,24.3864,23.608,0.0012,0.5453,9.161,9.5594,1776041382742318184
weatherfore,slot_6:weatherfore,sharing,390.4959,33.953,24.4625,23.6822,0.0013,0.5409,9.0892,9.4905,1776041383171893253
weatherfore,slot_6:weatherfore,sharing,391.2582,33.9026,25.0153,24.2108,0.0016,0.5634,8.4922,8.8874,1776041383933651630
weatherfore,slot_6:weatherfore,sharing,392.1015,60.3499,24.6393,23.8381,0.0013,0.5477,35.2943,35.7107,1776041384803729099
weatherfore,slot_6:weatherfore,sharing,397.6478,33.6955,24.4146,23.6242,0.0013,0.5598,8.8885,9.2809,1776041390323583873
weatherfore,slot_6:weatherfore,sharing,398.0399,33.0372,24.215,23.4149,0.0013,0.5486,8.4288,8.8222,1776041390715309521
weatherfore,slot_6:weatherfore,sharing,399.6148,66.2158,24.1988,23.3973,0.0013,0.5675,41.6172,42.017,1776041392323382258
weatherfore,slot_6:weatherfore,sharing,400.941,48.9857,24.4287,23.6501,0.0012,0.5413,24.1094,24.557,1776041393632036024
weatherfore,slot_6:weatherfore,sharing,403.7138,53.1526,24.7884,23.6221,0.0012,0.914,27.9455,28.3642,1776041396408657337
weatherfore,slot_6:weatherfore,sharing,403.9103,32.2664,24.4408,23.6467,0.0013,0.5641,7.432,7.8256,1776041396584619254
weatherfore,slot_6:weatherfore,sharing,404.5107,32.5918,24.5052,23.7158,0.0013,0.5455,7.695,8.0866,1776041397185376555
weatherfore,slot_6:weatherfore,sharing,404.956,32.059,24.2674,23.4662,0.0012,0.5647,7.3915,7.7916,1776041397630324259
weatherfore,slot_6:weatherfore,sharing,407.3574,33.5114,24.2507,23.469,0.0012,0.5435,8.8208,9.2607,1776041400033121029
weatherfore,slot_6:weatherfore,sharing,407.5264,32.907,24.6306,23.8401,0.0012,0.5528,7.8673,8.2764,1776041400201159964
weatherfore,slot_6:weatherfore,sharing,407.5744,32.6216,24.6182,23.8416,0.0012,0.5426,7.5896,8.0034,1776041400248882862
weatherfore,slot_6:weatherfore,sharing,409.4246,32.573,24.4982,23.6782,0.0012,0.5795,7.6845,8.0748,1776041402099210452
weatherfore,slot_6:weatherfore,sharing,409.628,32.1548,24.2825,23.5018,0.0012,0.5477,7.4923,7.8723,1776041402302425534
weatherfore,slot_6:weatherfore,sharing,409.7753,33.2351,25.0897,24.2836,0.0013,0.5491,7.7419,8.1454,1776041402449997003
weatherfore,slot_6:weatherfore,sharing,410.2897,33.3083,24.9662,24.1016,0.0012,0.6242,7.8912,8.3421,1776041402964570819
weatherfore,slot_6:weatherfore,sharing,410.8537,34.9915,24.2561,23.4384,0.0012,0.566,10.34,10.7354,1776041403531002316
weatherfore,slot_6:weatherfore,sharing,412.3033,32.8774,24.5225,23.7408,0.0012,0.5473,7.9656,8.355,1776041404978184570
weatherfore,slot_6:weatherfore,sharing,412.8857,59.1249,24.7016,23.9127,0.0013,0.5574,34.0028,34.4234,1776041405586625168
weatherfore,slot_6:weatherfore,sharing,413.8499,32.5875,24.6436,23.8451,0.0012,0.5654,7.5581,7.9439,1776041406524384939
weatherfore,slot_6:weatherfore,sharing,414.2897,32.5253,24.4828,23.6916,0.0012,0.5504,7.6559,8.0425,1776041406964280624
weatherfore,slot_6:weatherfore,sharing,414.3763,32.4171,24.5809,23.7773,0.0012,0.5474,7.2932,7.8362,1776041407050551397
weatherfore,slot_6:weatherfore,sharing,417.8939,34.1523,24.7974,23.9871,0.0014,0.5734,8.9869,9.3549,1776041410569787860
weatherfore,slot_6:weatherfore,sharing,418.2411,50.8204,24.4553,23.6772,0.0012,0.5423,25.9519,26.365,1776041410933945742
weatherfore,slot_6:weatherfore,sharing,419.2598,32.1691,24.3473,23.5614,0.0012,0.5348,7.4272,7.8218,1776041411934178341
weatherfore,slot_6:weatherfore,sharing,419.4952,62.8159,26.2841,24.9528,0.0013,0.5384,36.0084,36.5318,1776041412198096967
weatherfore,slot_6:weatherfore,sharing,420.557,51.9111,24.2975,23.5053,0.0011,0.5437,27.2193,27.6136,1776041413251168241
weatherfore,slot_6:weatherfore,sharing,420.644,51.9607,24.3079,23.5043,0.0013,0.5704,27.2796,27.6528,1776041413338244179
weatherfore,slot_6:weatherfore,sharing,421.1457,51.3604,24.9593,24.1587,0.0012,0.5662,26.0003,26.401,1776041413838681679
weatherfore,slot_6:weatherfore,sharing,421.8391,53.6277,24.3944,23.5836,0.0012,0.5541,28.8389,29.2333,1776041414534851884
weatherfore,slot_6:weatherfore,sharing,422.9897,65.115,26.5134,25.6919,0.0013,0.5566,38.1479,38.6015,1776041415694751275
weatherfore,slot_6:weatherfore,sharing,423.2195,34.6282,24.981,24.1814,0.0012,0.5615,9.2239,9.6472,1776041415895674284
weatherfore,slot_6:weatherfore,sharing,425.2612,72.4974,24.5442,23.7529,0.0013,0.5511,47.5826,47.9532,1776041417975756491
weatherfore,slot_6:weatherfore,sharing,426.8603,53.8042,24.9846,23.6556,0.0014,0.5836,28.4343,28.8195,1776041419555645592
weatherfore,slot_6:weatherfore,sharing,429.5135,32.6264,24.7202,23.9218,0.0012,0.5646,7.509,7.9062,1776041422187965817
weatherfore,slot_6:weatherfore,sharing,432.1836,35.3541,24.6783,23.8758,0.0012,0.5616,10.3033,10.6758,1776041424860855387
weatherfore,slot_6:weatherfore,sharing,432.2169,51.0058,25.0427,24.256,0.0012,0.5431,25.5487,25.9631,1776041424909383915
weatherfore,slot_6:weatherfore,sharing,432.3313,32.5551,24.4721,23.696,0.0012,0.542,7.6818,8.083,1776041425005948372
weatherfore,slot_6:weatherfore,sharing,433.3068,46.396,24.3416,23.5266,0.0011,0.5801,21.6711,22.0544,1776041425995381936
weatherfore,slot_6:weatherfore,sharing,433.4163,34.5168,24.5774,23.794,0.0012,0.5454,9.5239,9.9395,1776041426092741431
weatherfore,slot_6:weatherfore,sharing,435.64,38.7182,24.6749,23.8572,0.0013,0.5736,13.4771,14.0433,1776041428320402998
weatherfore,slot_6:weatherfore,sharing,435.6783,58.856,24.9466,23.7384,0.0015,0.9641,33.5255,33.9094,1776041428378753498
weatherfore,slot_6:weatherfore,sharing,437.3953,46.0305,24.7061,23.9005,0.0013,0.5435,20.9346,21.3244,1776041430083191502
weatherfore,slot_6:weatherfore,sharing,438.7102,33.5839,24.6303,23.6889,0.0013,0.6743,8.5857,8.9536,1776041431385739537
weatherfore,slot_6:weatherfore,sharing,441.4919,32.6653,24.5903,23.7673,0.0012,0.5668,7.6611,8.0749,1776041434166474734
weatherfore,slot_6:weatherfore,sharing,441.7199,75.2831,24.3046,23.5018,0.0013,0.5574,50.5853,50.9784,1776041434437443350
weatherfore,slot_6:weatherfore,sharing,442.4099,40.9508,24.303,23.5154,0.0013,0.5546,16.2394,16.6478,1776041435093073190
weatherfore,slot_6:weatherfore,sharing,445.3284,32.9978,24.3065,23.4928,0.0012,0.5622,8.3096,8.6913,1776041438003656630
weatherfore,slot_6:weatherfore,sharing,446.0917,32.706,24.4991,23.7138,0.0013,0.5456,7.8113,8.207,1776041438766410041
weatherfore,slot_6:weatherfore,sharing,446.1928,71.2729,24.3768,23.568,0.0012,0.5697,46.5004,46.896,1776041438906239220
weatherfore,slot_6:weatherfore,sharing,446.839,32.8314,24.5072,23.7284,0.0012,0.5413,7.9315,8.3242,1776041439513856071
weatherfore,slot_6:weatherfore,sharing,448.2262,48.944,24.4952,23.6895,0.0012,0.5664,24.0583,24.4488,1776041440917209366
weatherfore,slot_6:weatherfore,sharing,449.0866,33.0036,24.5042,23.702,0.0012,0.545,8.0669,8.4994,1776041441761616204
weatherfore,slot_6:weatherfore,sharing,449.6983,32.6011,24.3907,23.6115,0.0011,0.5429,7.7822,8.2104,1776041442372977371
weatherfore,slot_6:weatherfore,sharing,450.0091,49.3915,24.3167,23.5249,0.0012,0.5575,24.6873,25.0748,1776041442700682100
weatherfore,slot_6:weatherfore,sharing,450.0184,78.8264,24.4777,23.6699,0.0012,0.5577,53.9649,54.3488,1776041442739256244
weatherfore,slot_6:weatherfore,sharing,451.2337,33.7107,24.7399,23.9346,0.0016,0.5619,8.5664,8.9708,1776041443909241917
weatherfore,slot_6:weatherfore,sharing,451.473,81.5353,24.504,23.6995,0.0011,0.5645,56.6449,57.0313,1776041444196564523
weatherfore,slot_6:weatherfore,sharing,451.6567,33.819,25.1756,24.3622,0.0011,0.5743,8.2505,8.6433,1776041444331857085
weatherfore,slot_6:weatherfore,sharing,451.8327,33.8845,24.4317,23.6138,0.0012,0.5611,9.0468,9.4528,1776041444508711090
weatherfore,slot_6:weatherfore,sharing,453.2585,33.7522,24.5895,23.7932,0.0012,0.5542,8.77,9.1628,1776041445934201843
weatherfore,slot_6:weatherfore,sharing,455.4228,32.5427,24.7396,23.9466,0.0012,0.5545,7.4112,7.8031,1776041448097167946
weatherfore,slot_6:weatherfore,sharing,456.6503,44.6713,24.3214,23.5403,0.0012,0.5459,19.9535,20.3499,1776041449337138617
weatherfore,slot_6:weatherfore,sharing,457.9442,66.5612,26.6351,25.3806,0.0013,0.5385,39.4356,39.9261,1776041450650589035
weatherfore,slot_6:weatherfore,sharing,457.9959,68.6429,38.3969,36.5535,0.0011,0.5377,29.623,30.2459,1776041450692474653
weatherfore,slot_6:weatherfore,sharing,459.1237,32.5646,24.4895,23.7009,0.0012,0.5453,7.6821,8.0752,1776041451798303323
weatherfore,slot_6:weatherfore,sharing,459.2356,58.9767,24.7842,23.6153,0.0013,0.9235,33.788,34.1925,1776041451936361459
weatherfore,slot_6:weatherfore,sharing,460.4589,32.9456,24.5833,23.8121,0.0012,0.5355,7.9582,8.3623,1776041453133761786
weatherfore,slot_6:weatherfore,sharing,461.4924,68.0988,24.3908,23.5875,0.0013,0.5684,43.3066,43.708,1776041454202624000
weatherfore,slot_6:weatherfore,sharing,462.4919,33.5674,24.4474,23.6446,0.0012,0.5644,8.7416,9.12,1776041455167550919
weatherfore,slot_6:weatherfore,sharing,465.7855,32.3732,24.469,23.6824,0.0013,0.5437,7.4975,7.9042,1776041458459963699
weatherfore,slot_6:weatherfore,sharing,466.1107,33.376,24.5936,23.7586,0.0013,0.5871,8.3985,8.7824,1776041458786054393
weatherfore,slot_6:weatherfore,sharing,466.7802,89.0105,34.5142,32.7339,0.0014,0.5447,53.9389,54.4962,1776041459501083756
weatherfore,slot_6:weatherfore,sharing,469.4065,33.4997,24.539,23.7196,0.0013,0.5659,8.5843,8.9608,1776041462082024457
weatherfore,slot_6:weatherfore,sharing,469.9228,51.0905,24.8367,24.0585,0.0013,0.5446,25.8365,26.2538,1776041462615590352
weatherfore,slot_6:weatherfore,sharing,470.4645,36.6495,24.7398,23.5529,0.0013,0.5799,11.5159,11.9097,1776041463142924587
weatherfore,slot_6:weatherfore,sharing,471.1841,33.6146,24.4083,23.6233,0.0012,0.5465,8.8062,9.2063,1776041463859847366
weatherfore,slot_6:weatherfore,sharing,471.4173,33.0248,24.6626,23.8781,0.0013,0.5431,7.9455,8.3622,1776041464092229584
weatherfore,slot_6:weatherfore,sharing,471.6244,33.8905,24.5424,23.7654,0.0012,0.544,8.9397,9.3481,1776041464300257140
weatherfore,slot_6:weatherfore,sharing,472.9777,32.9697,24.4093,23.6095,0.0013,0.5431,8.1635,8.5604,1776041465652789322
weatherfore,slot_6:weatherfore,sharing,473.0636,43.196,26.1737,24.9034,0.0012,0.5446,16.5336,17.0223,1776041465747033023
weatherfore,slot_6:weatherfore,sharing,473.6319,63.2524,24.1481,23.3509,0.0011,0.5623,38.7027,39.1043,1776041466337536129
weatherfore,slot_6:weatherfore,sharing,474.6022,32.6974,24.4577,23.6797,0.0012,0.5418,7.8552,8.2397,1776041467276963599
weatherfore,slot_6:weatherfore,sharing,474.8962,33.6308,24.7537,23.9488,0.0013,0.5648,8.4913,8.8771,1776041467571607526
weatherfore,slot_6:weatherfore,sharing,475.4636,58.6121,24.4289,23.6432,0.0012,0.5512,33.787,34.1832,1776041468164278626
weatherfore,slot_6:weatherfore,sharing,477.3783,80.7157,24.3381,23.544,0.0012,0.5582,55.9831,56.3776,1776041470101255048
weatherfore,slot_6:weatherfore,sharing,480.2709,34.3647,24.189,23.3974,0.0013,0.5587,9.7721,10.1757,1776041472947586423
weatherfore,slot_6:weatherfore,sharing,481.037,32.9216,24.3633,23.5879,0.0012,0.5401,8.1201,8.5582,1776041473712011067
weatherfore,slot_6:weatherfore,sharing,482.2498,73.6055,26.8248,25.5774,0.0013,0.542,46.2618,46.7808,1776041474962963456
weatherfore,slot_6:weatherfore,sharing,483.3749,34.7018,24.431,23.6214,0.0012,0.5508,9.8665,10.2708,1776041476051651476
weatherfore,slot_6:weatherfore,sharing,483.7056,36.0119,24.4171,23.6104,0.0015,0.5493,11.1861,11.5948,1776041476383716805
weatherfore,slot_6:weatherfore,sharing,484.8961,37.9808,24.4289,23.6261,0.0012,0.5678,13.1624,13.5519,1776041477576238664
weatherfore,slot_6:weatherfore,sharing,485.9662,58.5732,24.8825,24.0879,0.0013,0.5571,33.2801,33.6907,1776041478666396357
weatherfore,slot_6:weatherfore,sharing,487.6299,98.0232,24.4126,23.6249,0.0012,0.5465,73.2219,73.6106,1776041480370082637
weatherfore,slot_6:weatherfore,sharing,488.8606,32.1007,24.1871,23.3759,0.0014,0.5542,7.5138,7.9136,1776041481535060249
weatherfore,slot_6:weatherfore,sharing,489.1595,43.1573,24.2469,23.4516,0.0012,0.5468,18.4984,18.9105,1776041481844894804
weatherfore,slot_6:weatherfore,sharing,491.2364,36.9334,24.7083,23.9226,0.0013,0.5403,11.8237,12.2251,1776041483915179220
weatherfore,slot_6:weatherfore,sharing,492.0192,55.0013,24.3139,23.5272,0.0012,0.5501,30.298,30.6873,1776041484716413173
weatherfore,slot_6:weatherfore,sharing,492.1358,50.1807,26.3818,25.0129,0.0013,0.5488,23.2828,23.7989,1776041484826011075
weatherfore,slot_6:weatherfore,sharing,492.5258,70.2839,24.1751,23.3606,0.0012,0.5652,45.7065,46.1088,1776041485238474918
weatherfore,slot_6:weatherfore,sharing,493.4616,33.7751,24.3002,23.515,0.0011,0.5508,9.0728,9.4749,1776041486137576134
weatherfore,slot_6:weatherfore,sharing,496.0509,32.9046,24.422,23.6466,0.0012,0.5443,8.0686,8.4826,1776041488725873329
weatherfore,slot_6:weatherfore,sharing,496.7928,32.4268,24.4024,23.6058,0.0012,0.5459,7.6406,8.0244,1776041489467423400
weatherfore,slot_6:weatherfore,sharing,497.0839,55.0425,24.464,23.6695,0.0012,0.5395,30.1845,30.5785,1776041489780992536
weatherfore,slot_6:weatherfore,sharing,497.4836,59.7358,24.5329,23.7567,0.0012,0.5402,34.8053,35.2029,1776041490185371108
weatherfore,slot_6:weatherfore,sharing,499.9989,43.0651,26.2864,25.0017,0.0013,0.5423,16.2978,16.7787,1776041492682169689
weatherfore,slot_6:weatherfore,sharing,500.5875,64.4643,26.4444,25.0779,0.0012,0.5605,37.5829,38.02,1776041493291998977
weatherfore,slot_6:weatherfore,sharing,500.5948,57.2529,26.4444,25.0779,0.0012,0.5605,30.2854,30.8085,1776041493291998977
weatherfore,slot_6:weatherfore,sharing,503.7125,33.0184,24.361,23.5602,0.0011,0.5417,8.2641,8.6573,1776041496387740510
weatherfore,slot_6:weatherfore,sharing,505.6207,32.8853,24.411,23.604,0.0013,0.5452,8.0338,8.4743,1776041498295713656
weatherfore,slot_6:weatherfore,sharing,505.9215,34.2367,25.0739,24.2784,0.0013,0.5482,8.7714,9.1628,1776041498597205032
weatherfore,slot_6:weatherfore,sharing,505.9884,83.828,34.5292,32.7912,0.0011,0.555,48.7247,49.2988,1776041498704039813
weatherfore,slot_6:weatherfore,sharing,506.4003,43.8268,25.9169,24.8435,0.0013,0.4178,17.4584,17.9099,1776041499084695421
weatherfore,slot_6:weatherfore,sharing,506.4005,43.668,25.9169,24.8435,0.0013,0.4178,17.2365,17.7512,1776041499084695421
weatherfore,slot_6:weatherfore,sharing,506.691,34.1487,24.6108,23.8245,0.0012,0.5531,9.1443,9.5379,1776041499367120806
weatherfore,slot_6:weatherfore,sharing,506.7665,45.6545,24.3228,23.546,0.0012,0.5384,20.9568,21.3317,1776041499454435221
weatherfore,slot_6:weatherfore,sharing,508.4255,32.696,24.5092,23.716,0.0013,0.555,7.7858,8.1868,1776041501100177220
weatherfore,slot_6:weatherfore,sharing,511.8843,33.9561,24.463,23.6729,0.0013,0.5489,9.1197,9.4931,1776041504560399888
weatherfore,slot_6:weatherfore,sharing,512.1159,33.8235,25.2523,24.0277,0.0014,0.5604,8.1654,8.5712,1776041504791027906
weatherfore,slot_6:weatherfore,sharing,512.8284,32.8691,24.4672,23.6718,0.0013,0.5495,8.0166,8.4019,1776041505503325142
weatherfore,slot_6:weatherfore,sharing,513.4926,33.4914,24.9687,23.7373,0.0012,0.9655,8.1339,8.5227,1776041506167681779
weatherfore,slot_6:weatherfore,sharing,513.8746,33.9549,24.3369,23.5435,0.0013,0.5405,9.1989,9.618,1776041506550738844
weatherfore,slot_6:weatherfore,sharing,514.6093,34.3168,24.5477,23.7452,0.0012,0.5494,9.351,9.7691,1776041507285539179
weatherfore,slot_6:weatherfore,sharing,515.0788,32.7411,24.6103,23.7823,0.0013,0.5509,7.7395,8.1308,1776041507753500343
weatherfore,slot_6:weatherfore,sharing,515.2081,34.0676,24.4356,23.6325,0.0012,0.574,9.2249,9.632,1776041507884217423
weatherfore,slot_6:weatherfore,sharing,516.5135,33.345,24.7802,23.9954,0.0012,0.548,8.1444,8.5647,1776041509188607027
weatherfore,slot_6:weatherfore,sharing,516.6088,87.9066,25.9451,24.6847,0.0013,0.5633,61.3627,61.9615,1776041509337102119
weatherfore,slot_6:weatherfore,sharing,518.0412,33.7896,24.5355,23.7575,0.0012,0.5417,8.8513,9.2541,1776041510716940038
weatherfore,slot_6:weatherfore,sharing,518.5982,35.2688,24.4837,23.6692,0.0012,0.5707,10.3893,10.7851,1776041511275522547
weatherfore,slot_6:weatherfore,sharing,521.187,44.786,24.5359,23.7568,0.0013,0.5421,19.8517,20.2501,1776041513873805039
weatherfore,slot_6:weatherfore,sharing,521.481,35.8872,24.4559,23.6695,0.0012,0.5542,11.0259,11.4314,1776041514158913716
weatherfore,slot_6:weatherfore,sharing,521.8727,32.8033,24.4438,23.6378,0.0012,0.5476,7.9684,8.3595,1776041514547640185
weatherfore,slot_6:weatherfore,sharing,521.9937,33.3614,24.677,23.8699,0.0012,0.5654,8.3032,8.6845,1776041514668916499
weatherfore,slot_6:weatherfore,sharing,522.0,77.2529,24.425,23.6391,0.0011,0.5523,52.444,52.8279,1776041514719344302
weatherfore,slot_6:weatherfore,sharing,523.6647,34.0593,24.7147,23.9355,0.0012,0.5463,8.9464,9.3446,1776041516340580839
weatherfore,slot_6:weatherfore,sharing,525.5357,54.9812,24.6891,23.8912,0.0015,0.5451,29.9041,30.2921,1776041518232538921
weatherfore,slot_6:weatherfore,sharing,526.8434,34.5321,24.5136,23.7462,0.0012,0.5374,9.6078,10.0185,1776041519519955498
weatherfore,slot_6:weatherfore,sharing,528.798,51.1608,24.5214,23.7261,0.0012,0.5577,26.2506,26.6394,1776041521491211130
weatherfore,slot_6:weatherfore,sharing,529.1948,34.3497,24.8359,23.6401,0.0012,0.9548,9.1119,9.5138,1776041521870889795
weatherfore,slot_6:weatherfore,sharing,529.2823,34.0829,24.8004,24.0275,0.0011,0.5384,8.8711,9.2825,1776041521958101767
weatherfore,slot_6:weatherfore,sharing,529.3315,72.6345,24.6032,23.8131,0.0012,0.5598,47.6425,48.0312,1776041522046049965
weatherfore,slot_6:weatherfore,sharing,529.7741,33.9143,25.4465,24.2397,0.0013,0.9483,8.0907,8.4678,1776041522449102297
weatherfore,slot_6:weatherfore,sharing,530.2384,69.6363,25.0722,24.2512,0.0012,0.565,44.162,44.5641,1776041522949496537
weatherfore,slot_6:weatherfore,sharing,531.1936,32.8174,24.652,23.8402,0.0012,0.5723,7.7591,8.1653,1776041523868311070
weatherfore,slot_6:weatherfore,sharing,531.2555,33.5226,25.0611,24.2534,0.0013,0.56,8.0867,8.4615,1776041523930554722
weatherfore,slot_6:weatherfore,sharing,531.9952,76.4418,35.0095,33.3391,0.0011,0.5564,40.8192,41.4323,1776041524702976420
weatherfore,slot_6:weatherfore,sharing,532.476,49.489,24.3684,23.5735,0.0013,0.5621,24.7297,25.1206,1776041525167646823
weatherfore,slot_6:weatherfore,sharing,533.7773,33.7849,24.404,23.604,0.0012,0.5665,9.0034,9.3809,1776041526453233853
weatherfore,slot_6:weatherfore,sharing,534.244,33.334,25.0878,24.2966,0.0013,0.5372,7.8452,8.2462,1776041526918754834
weatherfore,slot_6:weatherfore,sharing,534.3557,55.2051,24.2581,23.4854,0.0012,0.5405,30.5209,30.947,1776041527053197251
weatherfore,slot_6:weatherfore,sharing,535.3505,40.6058,24.24,23.4342,0.0012,0.5705,15.969,16.3657,1776041528033361364
weatherfore,slot_6:weatherfore,sharing,535.799,33.7329,24.3836,23.5777,0.0012,0.5493,8.9116,9.3493,1776041528474821147
weatherfore,slot_6:weatherfore,sharing,536.3932,34.4195,24.3336,23.5283,0.0012,0.544,9.6726,10.0859,1776041529069779881
weatherfore,slot_6:weatherfore,sharing,537.0673,46.3018,24.1757,23.3853,0.0014,0.54,21.7011,22.1261,1776041529755960284
weatherfore,slot_6:weatherfore,sharing,538.378,33.0236,24.6118,23.8157,0.0011,0.5592,8.0154,8.4118,1776041531052952418
weatherfore,slot_6:weatherfore,sharing,538.8688,32.4962,24.2671,23.4725,0.0013,0.5487,7.808,8.2291,1776041531543583776
weatherfore,slot_6:weatherfore,sharing,539.6872,33.1571,24.8568,24.0587,0.0013,0.5608,7.9167,8.3003,1776041532362086580
weatherfore,slot_6:weatherfore,sharing,540.8467,34.791,24.9149,24.0954,0.0013,0.5662,9.4578,9.8761,1776041533523047460
weatherfore,slot_6:weatherfore,sharing,542.5137,33.973,24.7194,23.917,0.0013,0.5445,8.8351,9.2536,1776041535189420611
weatherfore,slot_6:weatherfore,sharing,543.2645,33.5543,24.9719,24.107,0.0013,0.5898,8.1728,8.5824,1776041535939560611
weatherfore,slot_6:weatherfore,sharing,543.4102,32.5904,24.913,24.1036,0.0013,0.5598,7.2694,7.6773,1776041536084377203
weatherfore,slot_6:weatherfore,sharing,544.3064,33.6735,24.8124,24.0353,0.0012,0.5431,8.2855,8.8612,1776041536981644887
weatherfore,slot_6:weatherfore,sharing,544.4213,33.8407,24.6626,23.8764,0.0011,0.5525,8.8007,9.178,1776041537097071227
weatherfore,slot_6:weatherfore,sharing,544.5551,55.3486,25.885,24.568,0.0012,0.5262,28.9366,29.4637,1776041537250995604
weatherfore,slot_6:weatherfore,sharing,545.4741,65.8224,24.3809,23.5952,0.0012,0.5475,41.034,41.4415,1776041538182083672
weatherfore,slot_6:weatherfore,sharing,546.0586,36.5512,24.8599,24.0682,0.0012,0.5549,11.3075,11.6913,1776041538736859690
weatherfore,slot_6:weatherfore,sharing,547.0275,80.2515,24.4936,23.6972,0.0014,0.5457,55.3331,55.7578,1776041539749721595
weatherfore,slot_6:weatherfore,sharing,547.7436,35.017,25.0598,23.8822,0.0012,0.9315,9.5537,9.9572,1776041540420119820
weatherfore,slot_6:weatherfore,sharing,547.7509,74.5566,25.9759,24.8954,0.0012,0.4187,48.0793,48.5807,1776041540465929069
weatherfore,slot_6:weatherfore,sharing,547.7722,53.2761,25.9759,24.8954,0.0012,0.4187,26.7901,27.3002,1776041540465929069
weatherfore,slot_6:weatherfore,sharing,549.369,35.497,24.3016,23.4958,0.0013,0.5596,10.8085,11.1953,1776041542046704113
weatherfore,slot_6:weatherfore,sharing,549.64,32.5499,24.341,23.5367,0.0013,0.546,7.8146,8.2089,1776041542314761064
weatherfore,slot_6:weatherfore,sharing,550.4052,34.308,24.1416,23.3491,0.0012,0.5441,9.7733,10.1663,1776041543081954675
weatherfore,slot_6:weatherfore,sharing,551.064,78.0935,24.5823,23.7785,0.0012,0.5635,53.1285,53.5112,1776041543784030783
weatherfore,slot_6:weatherfore,sharing,552.1053,34.2262,24.2088,23.4059,0.0013,0.5692,9.6226,10.0174,1776041544781842680
weatherfore,slot_6:weatherfore,sharing,553.966,33.9494,24.8094,24.0347,0.0013,0.5431,8.6241,9.14,1776041546641598998
weatherfore,slot_6:weatherfore,sharing,554.6841,69.9832,24.439,23.6436,0.0012,0.5639,45.1486,45.5442,1776041547396227353
weatherfore,slot_6:weatherfore,sharing,554.9562,57.1337,26.7531,25.3893,0.0011,0.5573,29.8574,30.3806,1776041547652953437
weatherfore,slot_6:weatherfore,sharing,555.0011,71.4285,35.5801,33.8359,0.0013,0.546,35.2702,35.8485,1776041547703272140
weatherfore,slot_6:weatherfore,sharing,556.4935,32.9614,24.3421,23.5383,0.0012,0.5674,8.209,8.6192,1776041549168649255
weatherfore,slot_6:weatherfore,sharing,557.7722,32.7287,24.5482,23.7525,0.0012,0.5421,7.7624,8.1805,1776041550446895904
weatherfore,slot_6:weatherfore,sharing,557.9111,32.5418,24.4153,23.6104,0.0012,0.5509,7.7195,8.1264,1776041550585736539
weatherfore,slot_6:weatherfore,sharing,558.0928,32.5692,24.6067,23.7968,0.0012,0.5651,7.539,7.9625,1776041550767298511
weatherfore,slot_6:weatherfore,sharing,558.7542,32.7528,24.8344,24.0659,0.0014,0.5377,7.5207,7.9184,1776041551428638888
weatherfore,slot_6:weatherfore,sharing,558.789,46.6139,26.122,24.7815,0.0013,0.5554,19.9411,20.4919,1776041551475896650
weatherfore,slot_6:weatherfore,sharing,559.2309,47.5688,24.4784,23.6608,0.0012,0.5654,22.6915,23.0904,1776041551920484003
weatherfore,slot_6:weatherfore,sharing,559.5078,62.8524,24.2782,23.4749,0.0012,0.5494,38.1768,38.5742,1776041552212897417
weatherfore,slot_6:weatherfore,sharing,559.8563,34.5421,25.9856,25.2169,0.0011,0.5375,8.1389,8.5565,1776041552531418656
weatherfore,slot_6:weatherfore,sharing,559.905,32.4051,24.1315,23.32,0.0012,0.563,7.8936,8.2737,1776041552579807182
weatherfore,slot_6:weatherfore,sharing,560.0175,32.3677,24.2769,23.5054,0.0012,0.5399,7.6871,8.0908,1776041552692137065
weatherfore,slot_6:weatherfore,sharing,560.5924,58.213,25.2467,24.4303,0.0012,0.5528,32.5735,32.9663,1776041553291862949
weatherfore,slot_6:weatherfore,sharing,561.2712,33.9701,24.4145,23.6118,0.0012,0.5573,9.1586,9.5556,1776041553947302532
weatherfore,slot_6:weatherfore,sharing,561.3123,38.8827,24.7739,23.936,0.0013,0.5717,13.7124,14.1088,1776041553992919227
weatherfore,slot_6:weatherfore,sharing,561.3456,53.2641,24.1906,23.4059,0.0011,0.5492,28.6648,29.0735,1776041554041213766
weatherfore,slot_6:weatherfore,sharing,561.6747,32.6772,24.478,23.701,0.0012,0.5403,7.7996,8.1992,1776041554349399407
weatherfore,slot_6:weatherfore,sharing,561.7862,25.4347,24.4314,23.6305,0.0012,0.5526,0.5934,1.0033,1776041554453710474
weatherfore,slot_6:weatherfore,sharing,562.5558,36.387,24.4542,23.6653,0.0012,0.5468,11.5221,11.9328,1776041555234304139
weatherfore,slot_6:weatherfore,sharing,563.2229,33.8078,24.797,23.6023,0.0012,0.9395,8.6029,9.0108,1776041555898466372
weatherfore,slot_6:weatherfore,sharing,564.032,68.541,26.4786,25.1839,0.0012,0.5594,41.5728,42.0624,1776041556740460598
weatherfore,slot_6:weatherfore,sharing,566.969,33.7617,24.5625,23.7874,0.0013,0.5419,8.7836,9.1993,1776041559644746200
weatherfore,slot_6:weatherfore,sharing,568.1916,32.5067,24.583,23.753,0.0012,0.5903,7.5448,7.9237,1776041560866128144
weatherfore,slot_6:weatherfore,sharing,568.632,34.0602,25.2361,23.9663,0.0013,0.5762,8.4574,8.8241,1776041561307380957
weatherfore,slot_6:weatherfore,sharing,568.6661,81.4683,24.3316,23.5202,0.0012,0.55,56.7634,57.1367,1776041561389768489
weatherfore,slot_6:weatherfore,sharing,569.711,33.3152,25.1341,24.3498,0.0012,0.5454,7.7968,8.1811,1776041562385691392
weatherfore,slot_6:weatherfore,sharing,571.9939,35.3546,24.9466,24.1343,0.0012,0.5581,10.0021,10.408,1776041564670885589
weatherfore,slot_6:weatherfore,sharing,574.0633,33.1786,24.3354,23.515,0.0013,0.5792,8.4379,8.8432,1776041566738719926
weatherfore,slot_6:weatherfore,sharing,579.5221,34.1382,24.3188,23.5422,0.0013,0.5445,9.4202,9.8194,1776041572198435670
weatherfore,slot_6:weatherfore,sharing,581.1348,33.8404,24.8674,24.0479,0.0013,0.5499,8.5683,8.9731,1776041573810300766
weatherfore,slot_6:weatherfore,sharing,581.8262,35.1856,24.703,23.8905,0.0012,0.5641,10.087,10.4825,1776041574503263034
weatherfore,slot_6:weatherfore,sharing,582.071,33.4933,24.6182,23.7953,0.0012,0.5677,8.4894,8.8751,1776041574746450104
weatherfore,slot_6:weatherfore,sharing,583.2123,34.3978,24.4751,23.6331,0.0012,0.5752,9.5072,9.9227,1776041575888771845
weatherfore,slot_6:weatherfore,sharing,583.424,33.4864,24.3902,23.567,0.0012,0.5758,8.7037,9.0962,1776041576099592506
weatherfore,slot_6:weatherfore,sharing,583.6056,39.8092,24.4164,23.6117,0.0012,0.5583,14.9946,15.3928,1776041576287557971
weatherfore,slot_6:weatherfore,sharing,583.8978,70.2136,24.3062,23.5126,0.0012,0.5596,45.5201,45.9073,1776041576610253471
weatherfore,slot_6:weatherfore,sharing,586.5031,33.6385,24.5783,23.7656,0.0012,0.5469,8.6212,9.0601,1776041579178617290
weatherfore,slot_6:weatherfore,sharing,586.5153,62.4282,24.5372,23.7633,0.0012,0.5429,37.4613,37.8911,1776041579219744435
weatherfore,slot_6:weatherfore,sharing,586.5398,85.2618,24.318,23.5219,0.0012,0.5614,60.5383,60.9438,1776041579267258433
weatherfore,slot_6:weatherfore,sharing,587.8149,35.1572,24.4303,23.627,0.0013,0.5644,10.334,10.7269,1776041580492175522
weatherfore,slot_6:weatherfore,sharing,587.9635,33.0071,24.5847,23.768,0.0012,0.5605,8.0254,8.4225,1776041580638481477
weatherfore,slot_6:weatherfore,sharing,588.681,33.3982,24.4951,23.6999,0.0012,0.5606,8.5125,8.903,1776041581356443345
weatherfore,slot_6:weatherfore,sharing,590.6753,33.4225,24.339,23.5277,0.0012,0.5527,8.6432,9.0834,1776041583350859751
weatherfore,slot_6:weatherfore,sharing,591.9442,32.6257,24.4342,23.6124,0.0012,0.5779,7.772,8.1915,1776041584618865779
weatherfore,slot_6:weatherfore,sharing,594.2206,33.4504,24.9928,24.1952,0.0012,0.5625,8.0626,8.4576,1776041586895619954
weatherfore,slot_6:weatherfore,sharing,594.4822,36.6809,24.2554,23.4727,0.0012,0.5439,12.0316,12.4255,1776041587161214680
weatherfore,slot_6:weatherfore,sharing,595.4533,42.3496,24.3794,23.5725,0.0012,0.5535,17.566,17.9701,1776041588137789077
weatherfore,slot_6:weatherfore,sharing,596.4297,38.9776,24.4468,23.6388,0.0013,0.5507,14.0955,14.5308,1776041589110776896
weatherfore,slot_6:weatherfore,sharing,596.5529,33.864,24.3075,23.5304,0.0012,0.5403,9.1467,9.5565,1776041589228939704
weatherfore,slot_6:weatherfore,sharing,596.9773,52.1252,24.5081,23.6633,0.0012,0.5695,27.2186,27.6171,1776041589671489286
weatherfore,slot_6:weatherfore,sharing,597.0024,72.2959,24.4939,23.6315,0.0012,0.6018,47.3998,47.802,1776041589716727815
weatherfore,slot_6:weatherfore,sharing,598.1164,41.6408,24.4739,23.6667,0.0012,0.5673,16.7708,17.1669,1776041590800127387
weatherfore,slot_6:weatherfore,sharing,599.2243,33.7064,24.4739,23.6753,0.0014,0.5614,8.8155,9.2325,1776041591900094113
weatherfore,slot_6:weatherfore,sharing,599.8415,64.8675,26.3226,25.0379,0.0011,0.5458,38.1112,38.5449,1776041592546570072
trafficfore,slot_7:trafficfore,sharing,0.0002,157.1174,108.088,102.8973,0.0013,0.5364,47.8613,49.0294,1776040992714957781
trafficfore,slot_7:trafficfore,sharing,2.0946,38.3623,24.4183,23.6114,0.0012,0.5602,13.5198,13.9439,1776040994775012855
trafficfore,slot_7:trafficfore,sharing,2.4941,32.8317,24.4344,23.6645,0.0011,0.5346,7.9975,8.3972,1776040995169069473
trafficfore,slot_7:trafficfore,sharing,2.5801,31.79,24.4599,23.6641,0.0012,0.546,6.9058,7.3301,1776040995253912851
trafficfore,slot_7:trafficfore,sharing,2.9379,31.961,24.573,23.7713,0.0013,0.5542,6.9654,7.388,1776040995611768081
trafficfore,slot_7:trafficfore,sharing,4.5561,57.4605,24.7112,23.5503,0.0013,0.5722,32.331,32.7493,1776040997255354622
trafficfore,slot_7:trafficfore,sharing,5.3098,45.0697,24.7368,23.9384,0.0013,0.5625,19.9051,20.3329,1776040997996634503
trafficfore,slot_7:trafficfore,sharing,5.9783,33.4241,25.7039,24.8438,0.0013,0.5854,7.2298,7.7202,1776040998652452045
trafficfore,slot_7:trafficfore,sharing,6.4966,62.1777,24.7019,23.9137,0.0013,0.5471,37.0839,37.4757,1776040999200630790
trafficfore,slot_7:trafficfore,sharing,8.3623,32.8674,24.3287,23.5125,0.0013,0.5659,8.1582,8.5387,1776041001037378371
trafficfore,slot_7:trafficfore,sharing,8.9403,33.627,24.3492,23.5542,0.0012,0.5442,8.8813,9.2779,1776041001616117268
trafficfore,slot_7:trafficfore,sharing,10.4481,51.2755,24.1377,23.3657,0.0012,0.539,26.7375,27.1378,1776041003141740528
trafficfore,slot_7:trafficfore,sharing,10.8346,78.7222,24.7008,23.5566,0.0013,0.9052,53.6168,54.0214,1776041003555196706
trafficfore,slot_7:trafficfore,sharing,11.1185,32.3508,24.5354,23.7683,0.0013,0.5403,7.3986,7.8154,1776041003792798652
trafficfore,slot_7:trafficfore,sharing,12.7271,37.2431,24.3343,23.552,0.0013,0.5448,12.4965,12.9088,1776041005406555280
trafficfore,slot_7:trafficfore,sharing,13.0735,79.6995,24.2326,23.4191,0.0012,0.567,55.0783,55.467,1776041005795493755
trafficfore,slot_7:trafficfore,sharing,15.8559,33.4995,24.3421,23.5526,0.0013,0.5565,8.7597,9.1574,1776041008531630794
trafficfore,slot_7:trafficfore,sharing,16.6542,32.1391,24.6215,23.8402,0.0012,0.5428,7.1261,7.5176,1776041009328267668
trafficfore,slot_7:trafficfore,sharing,18.5962,54.8782,24.5675,23.7782,0.0012,0.5626,29.9358,30.3108,1776041011293069380
trafficfore,slot_7:trafficfore,sharing,19.3135,49.8412,24.8408,24.053,0.0013,0.5515,24.6027,25.0004,1776041012005026807
trafficfore,slot_7:trafficfore,sharing,19.6734,32.8727,24.2374,23.462,0.0012,0.5445,8.2424,8.6353,1776041012348583499
trafficfore,slot_7:trafficfore,sharing,19.7114,41.9433,26.437,24.9617,0.0018,0.6528,15.0313,15.5063,1776041012393331511
trafficfore,slot_7:trafficfore,sharing,22.9505,32.2804,24.5468,23.7442,0.0013,0.5462,7.3247,7.7337,1776041015624724157
trafficfore,slot_7:trafficfore,sharing,24.0581,32.9001,24.6943,23.8975,0.0013,0.5623,7.8053,8.2058,1776041016732849053
trafficfore,slot_7:trafficfore,sharing,24.3256,42.2957,24.3336,23.5633,0.0011,0.5408,17.5433,17.9621,1776041017010074434
trafficfore,slot_7:trafficfore,sharing,24.7667,33.3173,24.3146,23.4983,0.0013,0.5646,8.6045,9.0027,1776041017442258059
trafficfore,slot_7:trafficfore,sharing,27.0538,57.368,26.1116,24.8075,0.0013,0.5639,30.7441,31.2564,1776041019751495364
trafficfore,slot_7:trafficfore,sharing,28.4856,61.4958,24.1576,23.3475,0.0012,0.559,36.9523,37.3382,1776041021189442530
trafficfore,slot_7:trafficfore,sharing,29.6504,76.3993,24.7162,23.9328,0.0012,0.5443,51.2719,51.6831,1776041022368581194
trafficfore,slot_7:trafficfore,sharing,29.771,41.8758,24.7414,23.5788,0.0013,0.5555,16.7305,17.1344,1776041022454694237
trafficfore,slot_7:trafficfore,sharing,30.5682,36.2883,24.7606,23.9577,0.0012,0.5644,11.1084,11.5276,1776041023246203781
trafficfore,slot_7:trafficfore,sharing,30.8666,33.5457,24.4851,23.691,0.0013,0.5619,8.621,9.0606,1776041023542115077
trafficfore,slot_7:trafficfore,sharing,31.0128,33.2499,24.9268,24.1327,0.0012,0.5613,7.9176,8.3231,1776041023687626377
trafficfore,slot_7:trafficfore,sharing,32.2332,44.7776,24.6213,23.512,0.0016,0.8202,19.7673,20.1564,1776041024919859845
trafficfore,slot_7:trafficfore,sharing,34.0053,33.417,24.2523,23.466,0.0013,0.5402,8.7416,9.1647,1776041026680970590
trafficfore,slot_7:trafficfore,sharing,34.4655,33.6874,24.6018,23.4739,0.0013,0.5693,8.6157,9.0856,1776041027141088556
trafficfore,slot_7:trafficfore,sharing,34.7864,34.6718,24.5027,23.7097,0.0013,0.5582,9.7883,10.1691,1776041027463106412
trafficfore,slot_7:trafficfore,sharing,35.2825,32.8777,24.6357,23.8374,0.0013,0.5579,7.8602,8.242,1776041027957331349
trafficfore,slot_7:trafficfore,sharing,35.3058,49.5574,24.4611,23.6501,0.0011,0.5575,24.708,25.0963,1776041027997490706
trafficfore,slot_7:trafficfore,sharing,35.7318,41.0807,24.3095,23.5262,0.0011,0.5486,16.3629,16.7712,1776041028415113962
trafficfore,slot_7:trafficfore,sharing,43.8845,32.4221,24.5184,23.737,0.0012,0.5481,7.4849,7.9036,1776041036558941423
trafficfore,slot_7:trafficfore,sharing,44.5335,42.8836,26.4806,25.2197,0.0013,0.5467,15.9569,16.403,1776041037216392732
trafficfore,slot_7:trafficfore,sharing,44.6579,56.3657,24.4782,23.6952,0.0011,0.5501,31.497,31.8875,1776041037356290027
trafficfore,slot_7:trafficfore,sharing,45.158,33.9792,24.8461,24.0562,0.0012,0.5541,8.7178,9.133,1776041037833653653
trafficfore,slot_7:trafficfore,sharing,47.5139,36.2275,24.3565,23.5528,0.0013,0.57,11.4806,11.871,1776041040192326424
trafficfore,slot_7:trafficfore,sharing,48.7206,33.3912,24.4699,23.6572,0.0013,0.5636,8.5144,8.9213,1776041041396098289
trafficfore,slot_7:trafficfore,sharing,49.3374,77.8632,24.2509,23.4769,0.0012,0.5405,53.2134,53.6123,1776041042057573686
trafficfore,slot_7:trafficfore,sharing,52.5735,44.9235,26.4427,25.1073,0.0015,0.5316,17.9546,18.4809,1776041045258398354
trafficfore,slot_7:trafficfore,sharing,53.0038,32.479,24.4341,23.6482,0.0012,0.5438,7.6463,8.0449,1776041045678331674
trafficfore,slot_7:trafficfore,sharing,53.5736,32.9304,24.483,23.6828,0.0012,0.5658,8.055,8.4474,1776041046248592709
trafficfore,slot_7:trafficfore,sharing,55.027,63.7074,24.4204,23.6395,0.0013,0.5424,38.8746,39.287,1776041047732845794
trafficfore,slot_7:trafficfore,sharing,56.3276,33.3824,24.2493,23.4739,0.0012,0.5444,8.7256,9.1331,1776041049003249585
trafficfore,slot_7:trafficfore,sharing,57.4191,54.3544,26.4846,25.1086,0.0012,0.5541,27.4262,27.8699,1776041050113455421
trafficfore,slot_7:trafficfore,sharing,57.6052,33.9155,24.5815,23.787,0.0012,0.5629,8.9405,9.334,1776041050281039322
trafficfore,slot_7:trafficfore,sharing,58.9763,35.377,24.3656,23.5875,0.0013,0.5407,10.6022,11.0114,1776041051653883342
trafficfore,slot_7:trafficfore,sharing,59.5934,33.6637,24.8511,24.047,0.0013,0.5668,8.4057,8.8127,1776041052268738295
trafficfore,slot_7:trafficfore,sharing,61.6492,32.3617,24.471,23.6758,0.0014,0.5479,7.4937,7.8907,1776041054323606775
trafficfore,slot_7:trafficfore,sharing,63.101,59.2272,24.8201,23.6372,0.0012,0.9464,34.0176,34.4071,1776041055801986403
trafficfore,slot_7:trafficfore,sharing,63.2477,80.5025,34.8556,32.9716,0.0013,0.5474,44.9762,45.6469,1776041055959629522
trafficfore,slot_7:trafficfore,sharing,63.9207,33.0355,24.4592,23.6596,0.0012,0.5455,8.1654,8.5764,1776041056595769184
trafficfore,slot_7:trafficfore,sharing,64.4574,33.6392,24.4198,23.622,0.0013,0.5637,8.8089,9.2194,1776041057133158373
trafficfore,slot_7:trafficfore,sharing,65.8602,32.4349,24.3016,23.4991,0.0012,0.5474,7.6785,8.1334,1776041058534797735
trafficfore,slot_7:trafficfore,sharing,66.3908,52.129,24.254,23.4838,0.0012,0.54,27.4398,27.8751,1776041059085202279
trafficfore,slot_7:trafficfore,sharing,68.4042,62.6817,24.3695,23.5932,0.0012,0.5444,37.8962,38.3122,1776041061109073562
trafficfore,slot_7:trafficfore,sharing,71.6915,34.4727,25.4335,24.6591,0.0013,0.5393,8.6281,9.0392,1776041064367056553
trafficfore,slot_7:trafficfore,sharing,71.8458,33.278,24.4797,23.6827,0.0013,0.5662,8.3957,8.7983,1776041064521163157
trafficfore,slot_7:trafficfore,sharing,72.3717,32.9573,24.4853,23.684,0.0013,0.5458,8.0538,8.4721,1776041065046638851
trafficfore,slot_7:trafficfore,sharing,73.0991,47.3599,24.9104,24.1166,0.0013,0.5624,22.0513,22.4495,1776041065788101954
trafficfore,slot_7:trafficfore,sharing,74.4069,73.6308,24.3923,23.5868,0.0013,0.5734,48.8546,49.2385,1776041067122673745
trafficfore,slot_7:trafficfore,sharing,74.65,33.1028,24.5724,23.7611,0.0012,0.5793,8.1341,8.5303,1776041067325107269
trafficfore,slot_7:trafficfore,sharing,74.9088,34.0126,24.8225,24.0529,0.0012,0.5378,8.8089,9.19,1776041067584584043
trafficfore,slot_7:trafficfore,sharing,75.9402,50.036,24.4019,23.6252,0.0012,0.5435,25.2457,25.6341,1776041068632427219
trafficfore,slot_7:trafficfore,sharing,76.3509,43.1075,24.6948,23.9155,0.0012,0.5418,17.9944,18.4127,1776041069035790714
trafficfore,slot_7:trafficfore,sharing,78.1076,57.802,24.2792,23.4757,0.0012,0.5525,33.1087,33.5227,1776041070807661093
trafficfore,slot_7:trafficfore,sharing,78.3344,55.9685,24.6414,23.8441,0.0013,0.5608,30.9365,31.3272,1776041071032291688
trafficfore,slot_7:trafficfore,sharing,78.5704,33.6428,24.8825,23.7086,0.0013,0.5735,8.3609,8.7603,1776041071245705541
trafficfore,slot_7:trafficfore,sharing,78.8151,43.1418,24.3364,23.5545,0.0012,0.5445,18.4057,18.8054,1776041071500408788
trafficfore,slot_7:trafficfore,sharing,79.2123,38.1162,24.5334,23.7398,0.0013,0.5581,13.1867,13.5828,1776041071892427499
trafficfore,slot_7:trafficfore,sharing,79.8809,33.5598,24.4267,23.6233,0.0013,0.5614,8.734,9.1331,1776041072556602415
trafficfore,slot_7:trafficfore,sharing,83.8969,32.203,24.2481,23.4454,0.0012,0.5691,7.5431,7.9549,1776041076571337205
trafficfore,slot_7:trafficfore,sharing,83.9802,33.6394,24.5557,23.4021,0.0013,0.5535,8.6837,9.0837,1776041076655779097
trafficfore,slot_7:trafficfore,sharing,85.2718,32.5513,24.3664,23.5944,0.0012,0.5414,7.782,8.1849,1776041077946530912
trafficfore,slot_7:trafficfore,sharing,86.1908,48.677,26.6703,25.0313,0.0014,0.5534,21.3153,22.0067,1776041078879075639
trafficfore,slot_7:trafficfore,sharing,86.408,32.105,24.6218,23.8321,0.0013,0.5583,7.0982,7.4832,1776041079082026569
trafficfore,slot_7:trafficfore,sharing,87.134,32.8491,24.5046,23.7358,0.0012,0.5346,7.9567,8.3445,1776041079808918990
trafficfore,slot_7:trafficfore,sharing,87.2401,63.8835,24.6927,23.9186,0.0013,0.5412,38.7521,39.1909,1776041079945751303
trafficfore,slot_7:trafficfore,sharing,88.0104,55.9244,24.3609,23.5695,0.0013,0.5384,31.1685,31.5635,1776041080708485853
trafficfore,slot_7:trafficfore,sharing,88.3877,31.7385,24.3116,23.5105,0.0013,0.5647,7.036,7.4269,1776041081061633687
trafficfore,slot_7:trafficfore,sharing,91.0758,32.6569,24.6114,23.8172,0.0012,0.5611,7.6392,8.0455,1776041083750363843
trafficfore,slot_7:trafficfore,sharing,91.8495,62.4523,26.4802,24.7049,0.0012,0.5485,35.4376,35.9721,1776041084551890516
trafficfore,slot_7:trafficfore,sharing,92.8461,94.306,26.5047,25.153,0.0014,0.5314,67.2555,67.8013,1776041085580324335
trafficfore,slot_7:trafficfore,sharing,93.0475,33.5245,24.8312,24.0404,0.0011,0.5571,8.3013,8.6933,1776041085722764168
trafficfore,slot_7:trafficfore,sharing,93.4641,32.3141,24.695,23.8957,0.0011,0.5566,7.2181,7.6191,1776041086138243356
trafficfore,slot_7:trafficfore,sharing,93.8725,31.8282,24.4634,23.6758,0.0011,0.5508,6.9742,7.3648,1776041086546392988
trafficfore,slot_7:trafficfore,sharing,96.3734,67.6234,24.2766,23.4721,0.0011,0.5622,42.9606,43.3467,1776041089083330897
trafficfore,slot_7:trafficfore,sharing,96.9536,32.3706,24.4679,23.6783,0.0011,0.5558,7.5121,7.9027,1776041089628088765
trafficfore,slot_7:trafficfore,sharing,98.0809,33.0753,24.5333,23.7507,0.0011,0.549,8.1387,8.5421,1776041090755954796
trafficfore,slot_7:trafficfore,sharing,98.7787,31.9099,24.6256,23.8097,0.0012,0.5432,6.8598,7.2844,1776041091452488037
trafficfore,slot_7:trafficfore,sharing,98.953,74.3353,54.808,52.0117,0.0011,0.5374,18.6098,19.5273,1776041091638503460
trafficfore,slot_7:trafficfore,sharing,100.8063,32.4082,24.1271,23.3372,0.0011,0.54,7.8568,8.2812,1776041093481054201
trafficfore,slot_7:trafficfore,sharing,102.1721,33.4258,24.4483,23.6474,0.0012,0.5654,8.5888,8.9775,1776041094847609579
trafficfore,slot_7:trafficfore,sharing,102.7843,32.022,24.4675,23.6896,0.0011,0.5449,7.1244,7.5545,1776041095458389432
trafficfore,slot_7:trafficfore,sharing,103.0186,32.8977,24.4491,23.6477,0.0011,0.5579,8.0619,8.4486,1776041095693613393
trafficfore,slot_7:trafficfore,sharing,104.3276,33.7849,24.4985,23.7079,0.0012,0.5435,8.8727,9.2863,1776041097003377182
trafficfore,slot_7:trafficfore,sharing,104.8125,47.2658,26.3883,24.7389,0.0013,0.5567,20.4098,20.8775,1776041097499837467
trafficfore,slot_7:trafficfore,sharing,108.085,42.8102,26.6884,25.33,0.0011,0.5674,15.5227,16.1218,1776041100767408636
trafficfore,slot_7:trafficfore,sharing,108.1192,55.541,27.1545,25.8002,0.0012,0.5659,27.9231,28.3865,1776041100814097961
trafficfore,slot_7:trafficfore,sharing,108.9804,61.9614,24.2624,23.4734,0.0011,0.5581,37.318,37.699,1776041101684692187
trafficfore,slot_7:trafficfore,sharing,109.4865,70.3137,24.6422,23.85,0.0012,0.5578,45.2685,45.6715,1776041102198681316
trafficfore,slot_7:trafficfore,sharing,110.502,32.7234,24.3765,23.608,0.0011,0.5355,7.9377,8.3469,1776041103176918469
trafficfore,slot_7:trafficfore,sharing,111.042,31.8143,24.445,23.664,0.0011,0.5412,6.964,7.3693,1776041103715897672
trafficfore,slot_7:trafficfore,sharing,111.3353,40.822,24.2102,23.3899,0.0011,0.5629,16.2342,16.6118,1776041104018504689
trafficfore,slot_7:trafficfore,sharing,112.4415,32.7504,25.1797,24.3805,0.0012,0.5524,7.1661,7.5707,1776041105115614494
trafficfore,slot_7:trafficfore,sharing,113.0974,48.3575,26.5695,24.891,0.0012,0.5416,21.2755,21.788,1776041105785598409
trafficfore,slot_7:trafficfore,sharing,115.3435,32.1174,24.6955,23.866,0.0012,0.5457,7.0093,7.4219,1776041108017462877
trafficfore,slot_7:trafficfore,sharing,115.8535,50.5042,24.4301,23.6377,0.0011,0.5606,25.6982,26.0741,1776041108546157373
trafficfore,slot_7:trafficfore,sharing,116.5283,32.6231,24.6095,23.8203,0.0011,0.5518,7.6067,8.0136,1776041109202837595
trafficfore,slot_7:trafficfore,sharing,117.0739,44.2071,24.413,23.6096,0.0011,0.568,19.4173,19.7941,1776041109760229508
trafficfore,slot_7:trafficfore,sharing,119.4899,31.8694,24.5134,23.7258,0.0011,0.5473,6.9492,7.356,1776041112163742548
trafficfore,slot_7:trafficfore,sharing,121.1024,32.582,24.7439,23.9493,0.001,0.5587,7.4551,7.8381,1776041113776833332
trafficfore,slot_7:trafficfore,sharing,125.184,32.2092,24.441,23.6581,0.0011,0.5462,7.3884,7.7681,1776041117858340050
trafficfore,slot_7:trafficfore,sharing,125.2433,31.4775,24.2997,23.4854,0.0012,0.5682,6.7673,7.1777,1776041117917027309
trafficfore,slot_7:trafficfore,sharing,125.405,33.6282,24.8329,24.0228,0.0012,0.544,8.3864,8.7954,1776041118080302732
trafficfore,slot_7:trafficfore,sharing,127.7395,31.8201,24.7034,23.8902,0.0011,0.5595,6.721,7.1166,1776041120413119209
trafficfore,slot_7:trafficfore,sharing,128.3058,32.4228,25.0853,24.2851,0.0012,0.5605,6.9344,7.3375,1776041120979717602
trafficfore,slot_7:trafficfore,sharing,128.5737,32.4042,24.513,23.7048,0.0012,0.5664,7.499,7.8912,1776041121248122597
trafficfore,slot_7:trafficfore,sharing,130.2715,48.9235,24.2361,23.4599,0.0011,0.5425,24.2803,24.6874,1776041122962665168
trafficfore,slot_7:trafficfore,sharing,130.851,58.6264,24.0663,23.2691,0.0011,0.5425,34.1434,34.5601,1776041123552088514
trafficfore,slot_7:trafficfore,sharing,131.1243,55.9185,24.3648,23.5856,0.0011,0.545,31.1785,31.5537,1776041123822435497
trafficfore,slot_7:trafficfore,sharing,132.1676,31.8625,24.2985,23.5035,0.0012,0.5612,7.185,7.564,1776041124841754578
trafficfore,slot_7:trafficfore,sharing,132.9733,32.2666,24.8245,24.022,0.0012,0.5444,7.0677,7.4422,1776041125647302452
trafficfore,slot_7:trafficfore,sharing,134.7737,73.7815,24.5289,23.702,0.0011,0.5649,48.8644,49.2526,1776041127489452943
trafficfore,slot_7:trafficfore,sharing,138.6337,32.4497,24.6172,23.8457,0.0011,0.5414,7.442,7.8325,1776041131308120529
trafficfore,slot_7:trafficfore,sharing,138.9639,42.2561,24.5103,23.6984,0.0011,0.5625,17.3602,17.7459,1776041131648158920
trafficfore,slot_7:trafficfore,sharing,140.6365,32.4137,24.2904,23.5089,0.0011,0.5442,7.7302,8.1233,1776041133311182679
trafficfore,slot_7:trafficfore,sharing,141.8709,31.9107,24.58,23.8038,0.0012,0.5414,6.9034,7.3306,1776041134544777482
trafficfore,slot_7:trafficfore,sharing,142.0878,31.7185,24.5877,23.7843,0.0011,0.5653,6.7394,7.1308,1776041134761440309
trafficfore,slot_7:trafficfore,sharing,142.7292,53.6497,27.8265,26.5435,0.0014,0.5582,25.3453,25.8232,1776041135421469382
trafficfore,slot_7:trafficfore,sharing,143.9885,47.0905,26.1732,24.9157,0.0011,0.5613,20.4725,20.9174,1776041136675925531
trafficfore,slot_7:trafficfore,sharing,148.5039,32.0535,24.4178,23.6291,0.0012,0.5464,7.2107,7.6357,1776041141177997840
trafficfore,slot_7:trafficfore,sharing,148.7746,31.2452,24.3373,23.5661,0.0012,0.5389,6.505,6.908,1776041141448087582
trafficfore,slot_7:trafficfore,sharing,152.3814,32.9182,24.5762,23.8037,0.0011,0.5411,7.9556,8.342,1776041145056322800
trafficfore,slot_7:trafficfore,sharing,152.3917,59.556,24.1625,23.3666,0.001,0.5492,35.0006,35.3935,1776041145093670407
trafficfore,slot_7:trafficfore,sharing,153.5395,32.6459,24.3013,23.5134,0.0012,0.5582,7.9684,8.3446,1776041146214368751
trafficfore,slot_7:trafficfore,sharing,154.3314,33.0141,24.5079,23.699,0.0011,0.5615,8.1077,8.5062,1776041147006473610
trafficfore,slot_7:trafficfore,sharing,155.1156,33.1147,24.5809,23.7675,0.0011,0.546,8.1091,8.5337,1776041147790661249
trafficfore,slot_7:trafficfore,sharing,155.9231,31.9154,24.6868,23.8881,0.0011,0.5632,6.8316,7.2286,1776041148596874944
trafficfore,slot_7:trafficfore,sharing,156.5366,33.0288,24.3607,23.5643,0.0011,0.5409,8.2555,8.6681,1776041149211796774
trafficfore,slot_7:trafficfore,sharing,158.482,31.7111,24.3163,23.5383,0.0011,0.5449,6.9957,7.3948,1776041151155964919
trafficfore,slot_7:trafficfore,sharing,160.5565,79.1774,24.2593,23.4701,0.0011,0.541,54.5022,54.9181,1776041153277891492
trafficfore,slot_7:trafficfore,sharing,165.4361,48.7845,24.6874,23.8978,0.0012,0.5488,23.6976,24.0971,1776041158126723992
trafficfore,slot_7:trafficfore,sharing,166.4365,32.1314,24.6653,23.8433,0.0012,0.5441,7.0267,7.4661,1776041159110472588
trafficfore,slot_7:trafficfore,sharing,167.6635,33.531,24.6124,23.8242,0.001,0.5435,8.5042,8.9185,1776041160338891142
trafficfore,slot_7:trafficfore,sharing,167.7454,51.5347,24.4369,23.6543,0.0012,0.5416,26.6912,27.0977,1776041160439020902
trafficfore,slot_7:trafficfore,sharing,167.829,33.849,24.5231,23.7475,0.001,0.541,8.9223,9.3259,1776041160504882471
trafficfore,slot_7:trafficfore,sharing,168.0969,33.036,24.2741,23.5035,0.0011,0.539,8.3499,8.7619,1776041160772210736
trafficfore,slot_7:trafficfore,sharing,169.1779,61.6024,24.2542,23.4628,0.0012,0.5605,36.9284,37.3482,1776041161881772827
trafficfore,slot_7:trafficfore,sharing,169.6105,50.9312,24.1292,23.3218,0.0011,0.5607,26.4106,26.802,1776041162303811427
trafficfore,slot_7:trafficfore,sharing,170.4967,34.0312,24.9501,24.1598,0.0011,0.5389,8.6532,9.0811,1776041163172265440
trafficfore,slot_7:trafficfore,sharing,170.7836,32.8708,24.5015,23.6875,0.0011,0.5616,7.9803,8.3693,1776041163458483478
trafficfore,slot_7:trafficfore,sharing,171.3299,32.2218,24.4793,23.6798,0.0011,0.5614,7.3538,7.7425,1776041164004154025
trafficfore,slot_7:trafficfore,sharing,172.5928,33.0765,25.1784,24.4015,0.0011,0.5395,7.4916,7.8982,1776041165267253775
trafficfore,slot_7:trafficfore,sharing,172.7883,31.7264,24.6372,23.8387,0.0011,0.5647,6.7079,7.0891,1776041165461917452
trafficfore,slot_7:trafficfore,sharing,173.8039,66.0374,24.5344,23.6952,0.0013,0.5581,41.0907,41.5031,1776041166511875417
trafficfore,slot_7:trafficfore,sharing,174.7658,57.256,24.833,24.0335,0.0012,0.5623,32.0544,32.4229,1776041167464807888
trafficfore,slot_7:trafficfore,sharing,176.6451,79.1783,24.4528,23.6686,0.0012,0.5438,54.3487,54.7255,1776041169366381171
trafficfore,slot_7:trafficfore,sharing,177.2711,32.2194,24.3873,23.5928,0.0012,0.5387,7.4434,7.8321,1776041169945486945
trafficfore,slot_7:trafficfore,sharing,177.8244,32.5696,24.2949,23.5107,0.0011,0.5425,7.853,8.2747,1776041170499205576
trafficfore,slot_7:trafficfore,sharing,180.6405,44.3494,24.8795,24.0756,0.0011,0.5548,19.0663,19.4699,1776041173326469118
trafficfore,slot_7:trafficfore,sharing,184.2389,31.6355,24.3988,23.597,0.0012,0.5655,6.8402,7.2367,1776041176912649434
trafficfore,slot_7:trafficfore,sharing,184.3597,32.2161,24.4457,23.6742,0.0011,0.5441,7.3466,7.7703,1776041177033967381
trafficfore,slot_7:trafficfore,sharing,184.6092,32.0427,24.5763,23.7731,0.0011,0.5571,7.0698,7.4664,1776041177283174400
trafficfore,slot_7:trafficfore,sharing,184.8548,47.3559,24.3163,23.5063,0.0012,0.566,22.6417,23.0396,1776041177544340334
trafficfore,slot_7:trafficfore,sharing,185.3927,31.8711,24.3138,23.5074,0.0011,0.5692,7.1282,7.5573,1776041178066732774
trafficfore,slot_7:trafficfore,sharing,186.5852,32.3205,24.4891,23.5157,0.0012,0.7255,7.4594,7.8314,1776041179259547538
trafficfore,slot_7:trafficfore,sharing,188.8064,32.8269,24.3745,23.5991,0.001,0.5452,8.0657,8.4524,1776041181481394097
trafficfore,slot_7:trafficfore,sharing,192.483,42.2263,25.0118,24.2013,0.0011,0.5625,16.8347,17.2145,1776041185166773905
trafficfore,slot_7:trafficfore,sharing,193.5257,33.468,24.731,23.9227,0.0012,0.5668,8.3423,8.737,1776041186200971345
trafficfore,slot_7:trafficfore,sharing,194.068,32.1107,24.4762,23.671,0.0011,0.5663,7.2105,7.6345,1776041186742192546
trafficfore,slot_7:trafficfore,sharing,194.1472,44.2762,26.1162,24.8482,0.0011,0.5471,17.7083,18.16,1776041186831814652
trafficfore,slot_7:trafficfore,sharing,194.3502,32.4442,24.7919,23.659,0.0011,0.899,7.247,7.6524,1776041187024362872
trafficfore,slot_7:trafficfore,sharing,195.7469,32.5618,24.0639,23.2655,0.0012,0.5674,8.1058,8.4979,1776041188421933942
trafficfore,slot_7:trafficfore,sharing,197.7738,33.2522,24.5522,23.7583,0.0011,0.5593,8.3098,8.7001,1776041190449014479
trafficfore,slot_7:trafficfore,sharing,197.9444,33.0896,24.3593,23.5609,0.0011,0.5632,8.3406,8.7303,1776041190619652195
trafficfore,slot_7:trafficfore,sharing,198.4145,33.1607,24.4055,23.5918,0.0012,0.5439,8.3435,8.7552,1776041191089813146
trafficfore,slot_7:trafficfore,sharing,200.1727,33.3221,24.5645,23.7642,0.0012,0.5614,8.3721,8.7576,1776041192848055446
trafficfore,slot_7:trafficfore,sharing,200.923,33.4175,24.3787,23.6008,0.0011,0.5419,8.6336,9.0388,1776041193598529027
trafficfore,slot_7:trafficfore,sharing,202.6211,32.1324,24.9986,24.208,0.0014,0.5542,6.7456,7.1338,1776041195294763425
trafficfore,slot_7:trafficfore,sharing,205.1432,49.0246,24.6017,23.8169,0.0011,0.5497,24.0254,24.4229,1776041197834140027
trafficfore,slot_7:trafficfore,sharing,205.1876,44.528,24.4249,23.6305,0.0011,0.5585,19.7272,20.1031,1776041197874285442
trafficfore,slot_7:trafficfore,sharing,206.1626,33.2086,24.3981,23.622,0.0011,0.5402,8.378,8.8105,1776041198837942030
trafficfore,slot_7:trafficfore,sharing,208.0596,33.6466,25.1722,23.9838,0.0011,0.9511,8.0688,8.4744,1776041200734575029
trafficfore,slot_7:trafficfore,sharing,208.1343,37.2946,23.9951,23.2047,0.0012,0.5419,12.8801,13.2995,1776041200814128629
trafficfore,slot_7:trafficfore,sharing,210.4251,31.8656,24.4987,23.7025,0.0011,0.5631,6.9709,7.3669,1776041203099002859
trafficfore,slot_7:trafficfore,sharing,211.2613,32.1279,24.4155,23.6107,0.0012,0.5703,7.3183,7.7123,1776041203935572737
trafficfore,slot_7:trafficfore,sharing,211.4066,32.403,24.5419,23.7439,0.0012,0.5608,7.4713,7.8611,1776041204081029236
trafficfore,slot_7:trafficfore,sharing,214.0586,32.0077,24.5549,23.4105,0.0012,0.9079,7.0426,7.4528,1776041206732590414
trafficfore,slot_7:trafficfore,sharing,215.3677,53.6697,26.0047,24.6699,0.0011,0.5378,27.1671,27.665,1776041208061792130
trafficfore,slot_7:trafficfore,sharing,216.1834,33.7021,25.2295,24.067,0.0012,0.5742,8.074,8.4726,1776041208858420273
trafficfore,slot_7:trafficfore,sharing,216.1937,69.2682,24.6666,23.872,0.001,0.5626,44.2245,44.6016,1776041208904896725
trafficfore,slot_7:trafficfore,sharing,216.5416,32.4843,24.4055,23.6108,0.0013,0.5597,7.6997,8.0788,1776041209216204886
trafficfore,slot_7:trafficfore,sharing,216.7642,33.5276,24.4596,23.6464,0.0012,0.5506,8.6653,9.0681,1776041209439776196
trafficfore,slot_7:trafficfore,sharing,218.3055,32.568,24.9491,23.7587,0.0012,0.9237,7.2377,7.6189,1776041210979638992
trafficfore,slot_7:trafficfore,sharing,219.376,53.9076,24.2074,23.4375,0.0011,0.5383,29.2916,29.7002,1776041212072193042
trafficfore,slot_7:trafficfore,sharing,221.3391,71.3863,24.5124,23.7028,0.0011,0.5598,46.463,46.874,1776041214052492158
trafficfore,slot_7:trafficfore,sharing,221.5608,81.3744,36.1565,34.3544,0.0011,0.556,44.6925,45.2179,1776041214272432524
trafficfore,slot_7:trafficfore,sharing,223.4486,32.7852,24.3265,23.5212,0.0011,0.5505,8.0562,8.4586,1776041216123541383
trafficfore,slot_7:trafficfore,sharing,223.8209,57.7297,26.1681,24.6273,0.0012,0.7245,31.1053,31.5616,1776041216518909994
trafficfore,slot_7:trafficfore,sharing,225.4093,36.0837,24.5627,23.769,0.0012,0.5489,11.1282,11.521,1776041218087339842
trafficfore,slot_7:trafficfore,sharing,226.0925,33.4227,24.4748,23.7004,0.0011,0.5401,8.5459,8.9479,1776041218767971587
trafficfore,slot_7:trafficfore,sharing,227.0926,34.1043,25.0958,24.3085,0.0011,0.541,8.5924,9.0086,1776041219768097136
trafficfore,slot_7:trafficfore,sharing,227.1049,67.4994,25.8045,24.4652,0.0012,0.5326,41.1658,41.6949,1776041219812969971
trafficfore,slot_7:trafficfore,sharing,228.5581,33.7083,24.7326,23.928,0.0012,0.5391,8.4558,8.9757,1776041221233489288
trafficfore,slot_7:trafficfore,sharing,229.5147,32.5811,24.4122,23.6331,0.0014,0.5419,7.786,8.1689,1776041222189383643
trafficfore,slot_7:trafficfore,sharing,229.7373,31.7528,24.4851,23.6848,0.0012,0.5628,6.8953,7.2677,1776041222411081921
trafficfore,slot_7:trafficfore,sharing,232.2958,34.5809,24.7968,24.0159,0.0012,0.5482,9.3613,9.7842,1776041224972070015
trafficfore,slot_7:trafficfore,sharing,232.447,52.1059,27.8629,26.4871,0.0011,0.5565,23.7379,24.243,1776041225137718507
trafficfore,slot_7:trafficfore,sharing,233.3566,31.9273,24.4291,23.6304,0.0012,0.5446,7.0934,7.4982,1776041226030645370
trafficfore,slot_7:trafficfore,sharing,233.6869,31.5816,24.2907,23.4977,0.0012,0.5571,6.88,7.2909,1776041226360667609
trafficfore,slot_7:trafficfore,sharing,234.8163,32.3579,24.6256,23.832,0.0011,0.542,7.3073,7.7323,1776041227490549292
trafficfore,slot_7:trafficfore,sharing,236.3715,32.7153,24.539,23.754,0.0012,0.5463,7.7982,8.1763,1776041229046214422
trafficfore,slot_7:trafficfore,sharing,236.7412,33.1001,24.5145,23.7301,0.0011,0.5441,8.1725,8.5856,1776041229416290572
trafficfore,slot_7:trafficfore,sharing,236.8807,48.2867,24.876,23.6621,0.0014,0.936,23.005,23.4107,1776041229570655411
trafficfore,slot_7:trafficfore,sharing,237.1533,32.7687,24.4425,23.647,0.0012,0.5588,7.9327,8.3263,1776041229828172142
trafficfore,slot_7:trafficfore,sharing,237.8431,65.6722,25.8011,24.6939,0.0011,0.4254,39.4385,39.8711,1776041230549461135
trafficfore,slot_7:trafficfore,sharing,237.8624,46.4733,25.8011,24.6939,0.0011,0.4254,20.1583,20.6722,1776041230549461135
trafficfore,slot_7:trafficfore,sharing,238.0323,66.648,24.3559,23.5872,0.0012,0.5341,41.8651,42.2921,1776041230741105028
trafficfore,slot_7:trafficfore,sharing,238.869,31.8851,24.3802,23.6015,0.0011,0.5495,7.0872,7.5049,1776041231542984404
trafficfore,slot_7:trafficfore,sharing,242.609,66.0396,24.2256,23.4324,0.0011,0.5644,41.4298,41.814,1776041235317375587
trafficfore,slot_7:trafficfore,sharing,243.6193,34.0686,24.9526,24.1281,0.0012,0.5757,8.7352,9.116,1776041236295019355
trafficfore,slot_7:trafficfore,sharing,244.6745,41.594,24.4169,23.6124,0.0012,0.5654,16.7811,17.1771,1776041237358195968
trafficfore,slot_7:trafficfore,sharing,244.9568,66.175,24.5972,23.8162,0.0011,0.5476,41.1942,41.5778,1776041237664896149
trafficfore,slot_7:trafficfore,sharing,245.0203,49.7007,24.3717,23.5779,0.0011,0.5596,24.9331,25.3291,1776041237712191775
trafficfore,slot_7:trafficfore,sharing,245.9167,51.7519,24.9099,24.1092,0.0011,0.5665,26.4478,26.8419,1776041238610117265
trafficfore,slot_7:trafficfore,sharing,246.5362,54.3129,26.0726,25.0153,0.0012,0.4091,27.7519,28.2403,1776041239230903395
trafficfore,slot_7:trafficfore,sharing,246.5465,44.0197,26.0726,25.0153,0.0012,0.4091,17.4503,17.9471,1776041239230903395
trafficfore,slot_7:trafficfore,sharing,246.7058,75.9563,24.7733,23.9974,0.0011,0.5346,50.766,51.183,1776041239423542962
trafficfore,slot_7:trafficfore,sharing,250.4579,33.2248,24.4661,23.6593,0.0011,0.5648,8.3749,8.7587,1776041243133227579
trafficfore,slot_7:trafficfore,sharing,251.8039,33.535,24.9306,24.1275,0.0011,0.5612,8.2157,8.6044,1776041244479046340
trafficfore,slot_7:trafficfore,sharing,251.8212,64.3084,24.6712,23.87,0.0012,0.5646,39.248,39.6372,1776041244527373049
trafficfore,slot_7:trafficfore,sharing,252.5379,32.3446,24.7872,24.0039,0.0011,0.5431,7.169,7.5574,1776041245212001179
trafficfore,slot_7:trafficfore,sharing,252.8154,33.6406,25.0184,23.8391,0.0012,0.5718,8.2307,8.6222,1776041245490569023
trafficfore,slot_7:trafficfore,sharing,254.0099,33.3693,24.2712,23.4986,0.0011,0.5423,8.7044,9.0981,1776041246685577267
trafficfore,slot_7:trafficfore,sharing,255.2493,46.4146,24.2327,23.4606,0.0011,0.5428,21.7834,22.1819,1776041247938042384
trafficfore,slot_7:trafficfore,sharing,255.6757,32.0938,24.4439,23.6725,0.0011,0.5362,7.231,7.6499,1776041248349883419
trafficfore,slot_7:trafficfore,sharing,259.5748,32.3985,24.7335,23.9334,0.001,0.5636,7.2887,7.665,1776041252248978146
trafficfore,slot_7:trafficfore,sharing,259.8361,31.8427,24.5061,23.7276,0.001,0.5437,6.947,7.3366,1776041252509996390
trafficfore,slot_7:trafficfore,sharing,260.3452,32.0969,24.3477,23.5338,0.0011,0.5451,7.3674,7.7492,1776041253019494666
trafficfore,slot_7:trafficfore,sharing,261.1746,33.1514,24.7798,23.9525,0.0012,0.5498,7.9582,8.3716,1776041253849444120
trafficfore,slot_7:trafficfore,sharing,261.1849,67.1904,25.016,23.8098,0.0011,0.9377,41.774,42.1744,1776041253893564311
trafficfore,slot_7:trafficfore,sharing,262.0296,78.0444,26.536,25.1732,0.0011,0.5751,51.0349,51.5084,1776041254747579843
trafficfore,slot_7:trafficfore,sharing,262.8408,32.1016,24.4675,23.6862,0.0011,0.5428,7.2143,7.6341,1776041255514977923
trafficfore,slot_7:trafficfore,sharing,262.894,32.1376,24.3832,23.5856,0.001,0.5608,7.3748,7.7544,1776041255568331688
trafficfore,slot_7:trafficfore,sharing,264.3661,34.1592,24.4889,23.6953,0.0011,0.5563,9.2826,9.6703,1776041257042306293
trafficfore,slot_7:trafficfore,sharing,265.9349,53.3764,24.2134,23.4383,0.0011,0.5458,28.754,29.163,1776041258630623110
trafficfore,slot_7:trafficfore,sharing,266.3841,32.697,24.1541,23.3655,0.0011,0.555,8.1401,8.5429,1776041259059143714
trafficfore,slot_7:trafficfore,sharing,267.5093,46.4747,24.4382,23.6591,0.0012,0.543,21.626,22.0365,1776041260197847720
trafficfore,slot_7:trafficfore,sharing,267.7031,33.6144,24.6485,23.826,0.0011,0.5609,8.585,8.9659,1776041260378594361
trafficfore,slot_7:trafficfore,sharing,269.1881,32.501,24.4038,23.6072,0.0011,0.5454,7.6711,8.0972,1776041261862721277
trafficfore,slot_7:trafficfore,sharing,269.519,33.5963,24.6932,23.9002,0.0012,0.5454,8.4977,8.9031,1776041262194387960
trafficfore,slot_7:trafficfore,sharing,270.0166,55.9645,25.8173,24.7681,0.0011,0.4073,29.6774,30.1472,1776041262713181447
trafficfore,slot_7:trafficfore,sharing,270.0179,54.7571,25.8173,24.7681,0.0011,0.4073,28.3911,28.9398,1776041262713181447
trafficfore,slot_7:trafficfore,sharing,272.6136,75.5105,24.8388,23.6617,0.0014,0.5668,50.2672,50.6717,1776041265330774389
trafficfore,slot_7:trafficfore,sharing,274.4558,68.7251,26.0382,24.7776,0.0011,0.5624,42.2003,42.6869,1776041267164950526
trafficfore,slot_7:trafficfore,sharing,275.0118,34.729,24.5593,23.7642,0.0012,0.5444,9.769,10.1697,1776041267688528807
trafficfore,slot_7:trafficfore,sharing,276.3335,48.5036,24.5128,23.7013,0.0012,0.5705,23.6039,23.9908,1776041269024042832
trafficfore,slot_7:trafficfore,sharing,277.0827,82.1416,24.3669,23.5548,0.0012,0.5459,57.2498,57.7748,1776041269806837574
trafficfore,slot_7:trafficfore,sharing,277.572,33.7131,24.5961,23.8062,0.0012,0.5478,8.7125,9.117,1776041270247663712
trafficfore,slot_7:trafficfore,sharing,278.336,32.8741,24.5361,23.7309,0.0012,0.5546,7.9339,8.338,1776041271010818610
trafficfore,slot_7:trafficfore,sharing,278.4089,32.3679,24.7723,23.981,0.0011,0.5454,7.2093,7.5956,1776041271083067317
trafficfore,slot_7:trafficfore,sharing,278.4744,54.1523,24.4109,23.5996,0.001,0.5802,29.3477,29.7414,1776041271170672765
trafficfore,slot_7:trafficfore,sharing,279.8712,33.3061,25.4613,24.6614,0.0012,0.5631,7.4582,7.8448,1776041272545572625
trafficfore,slot_7:trafficfore,sharing,281.0597,36.418,24.3994,23.604,0.0012,0.5613,11.6303,12.0186,1776041273738260971
trafficfore,slot_7:trafficfore,sharing,281.3257,33.1059,25.0121,23.8294,0.0013,0.5547,7.6845,8.0938,1776041274000335296
trafficfore,slot_7:trafficfore,sharing,283.4264,33.3774,24.5024,23.7232,0.0012,0.5443,8.4698,8.875,1776041276101840799
trafficfore,slot_7:trafficfore,sharing,284.8154,47.3299,25.0118,23.8415,0.0011,0.9308,21.9092,22.3181,1776041277504196098
trafficfore,slot_7:trafficfore,sharing,285.9271,32.3677,24.8303,24.0175,0.0011,0.57,7.1337,7.5374,1776041278601120545
trafficfore,slot_7:trafficfore,sharing,287.0146,56.4711,35.9526,34.1342,0.0012,0.5398,19.8324,20.5185,1776041279701403519
trafficfore,slot_7:trafficfore,sharing,287.0782,36.6654,24.4281,23.6302,0.0011,0.5448,11.8363,12.2373,1776041279756972272
trafficfore,slot_7:trafficfore,sharing,287.3181,32.2497,24.5188,23.7363,0.0011,0.5437,7.3304,7.7309,1776041279992387796
trafficfore,slot_7:trafficfore,sharing,288.2864,49.5558,24.5498,23.7579,0.0011,0.5444,24.615,25.006,1776041280977912659
trafficfore,slot_7:trafficfore,sharing,288.942,32.5282,24.699,23.8625,0.0012,0.5782,7.4222,7.8292,1776041281616367720
trafficfore,slot_7:trafficfore,sharing,289.9755,32.2526,24.6406,23.843,0.0011,0.5494,7.2036,7.612,1776041282649629557
trafficfore,slot_7:trafficfore,sharing,290.1299,32.686,24.7626,23.9465,0.0012,0.5519,7.5197,7.9234,1776041282804371283
trafficfore,slot_7:trafficfore,sharing,290.2443,32.5143,24.5044,23.7101,0.0011,0.559,7.5955,8.0099,1776041282918864411
trafficfore,slot_7:trafficfore,sharing,291.5007,32.5139,24.3714,23.5544,0.0011,0.5766,7.7491,8.1424,1776041284175338383
trafficfore,slot_7:trafficfore,sharing,291.6222,33.0918,24.9446,23.7525,0.0011,0.9499,7.7488,8.1472,1776041284296872159
trafficfore,slot_7:trafficfore,sharing,291.8488,31.7473,24.3264,23.5336,0.0011,0.5431,6.9971,7.4209,1776041284522776533
trafficfore,slot_7:trafficfore,sharing,292.2336,54.1813,24.1784,23.3851,0.0011,0.5451,29.5818,30.003,1776041284930133028
trafficfore,slot_7:trafficfore,sharing,292.7817,31.8403,24.3016,23.5025,0.0011,0.5655,7.1268,7.5388,1776041285455722984
trafficfore,slot_7:trafficfore,sharing,293.1593,32.7587,24.2411,23.436,0.0011,0.5671,8.0988,8.5176,1776041285834292592
trafficfore,slot_7:trafficfore,sharing,294.5014,32.4454,24.5909,23.8042,0.0011,0.5424,7.4465,7.8545,1776041287175739180
trafficfore,slot_7:trafficfore,sharing,295.0258,35.7091,25.052,23.8451,0.0012,0.9566,10.2642,10.6572,1776041287703044003
trafficfore,slot_7:trafficfore,sharing,296.5558,58.2616,24.4098,23.614,0.0011,0.5683,33.4816,33.8518,1776041289256249016
trafficfore,slot_7:trafficfore,sharing,296.6866,32.51,24.7332,23.8967,0.0013,0.5865,7.3788,7.7768,1776041289360931170
trafficfore,slot_7:trafficfore,sharing,296.9194,33.6769,24.8907,23.7015,0.0012,0.5705,8.4007,8.7862,1776041289594714316
trafficfore,slot_7:trafficfore,sharing,298.9591,32.6982,24.5094,23.731,0.0012,0.5461,7.7789,8.1888,1776041291633794962
trafficfore,slot_7:trafficfore,sharing,299.1549,68.7578,26.1395,24.7725,0.0012,0.5674,42.1405,42.6183,1776041291863950449
trafficfore,slot_7:trafficfore,sharing,299.5955,32.7339,24.9063,24.0001,0.0011,0.6766,7.4425,7.8276,1776041292269866010
trafficfore,slot_7:trafficfore,sharing,300.8136,37.1265,25.1622,24.3545,0.001,0.5507,11.544,11.9644,1776041293492071484
trafficfore,slot_7:trafficfore,sharing,301.5035,33.1728,24.9811,24.1828,0.0011,0.544,7.7724,8.1917,1776041294178200338
trafficfore,slot_7:trafficfore,sharing,303.0243,25.7461,24.6818,23.9031,0.0012,0.5434,0.6311,1.0643,1776041295691824703
trafficfore,slot_7:trafficfore,sharing,303.0904,57.6727,24.4804,23.665,0.0011,0.5801,32.8085,33.1923,1776041295790140046
trafficfore,slot_7:trafficfore,sharing,303.8874,34.3623,24.4649,23.682,0.0012,0.546,9.4819,9.8975,1776041296563783732
trafficfore,slot_7:trafficfore,sharing,304.0912,47.9536,24.6412,23.8502,0.0011,0.5524,22.9256,23.3124,1776041296781079093
trafficfore,slot_7:trafficfore,sharing,304.5521,31.9436,24.5319,23.7287,0.0011,0.5687,7.03,7.4117,1776041297226097489
trafficfore,slot_7:trafficfore,sharing,305.0689,33.8252,25.0853,24.3062,0.0012,0.5426,8.347,8.7399,1776041297744165357
trafficfore,slot_7:trafficfore,sharing,305.0975,53.8318,26.1083,24.8611,0.0012,0.5389,27.2427,27.7236,1776041297791643726
trafficfore,slot_7:trafficfore,sharing,305.7107,34.1883,25.0153,24.224,0.0012,0.5531,8.7535,9.173,1776041298386393947
trafficfore,slot_7:trafficfore,sharing,307.473,67.7538,24.9713,23.7973,0.0012,0.9315,42.3713,42.7825,1776041300182265846
trafficfore,slot_7:trafficfore,sharing,308.4891,31.4543,24.1978,23.3998,0.0011,0.5497,6.8619,7.2566,1776041301162884212
trafficfore,slot_7:trafficfore,sharing,308.5546,32.0928,24.3662,23.5821,0.0012,0.5489,7.3254,7.7266,1776041301228897587
trafficfore,slot_7:trafficfore,sharing,308.8855,31.9715,24.3306,23.5234,0.0011,0.5749,7.2446,7.6409,1776041301559676862
trafficfore,slot_7:trafficfore,sharing,308.9426,67.4021,24.6019,23.8254,0.0011,0.541,42.3987,42.8002,1776041301651901057
trafficfore,slot_7:trafficfore,sharing,310.5695,32.9676,24.6448,23.8442,0.0011,0.5638,7.9288,8.3228,1776041303244359855
trafficfore,slot_7:trafficfore,sharing,312.4582,33.1862,24.4497,23.6395,0.0011,0.545,8.3401,8.7365,1776041305133449678
trafficfore,slot_7:trafficfore,sharing,316.019,72.9451,26.0903,24.8232,0.0012,0.5377,46.3364,46.8548,1776041308732222213
trafficfore,slot_7:trafficfore,sharing,316.0833,62.1042,27.4916,26.2205,0.0011,0.5492,34.1344,34.6126,1776041308784321107
trafficfore,slot_7:trafficfore,sharing,316.1353,58.3639,24.639,23.8208,0.0012,0.544,33.2911,33.7249,1776041308835484978
trafficfore,slot_7:trafficfore,sharing,316.6779,32.8846,24.8481,23.67,0.0012,0.5447,7.6332,8.0365,1776041309352464385
trafficfore,slot_7:trafficfore,sharing,317.8194,32.2754,24.46,23.6566,0.0011,0.5488,7.4003,7.8154,1776041310493705868
trafficfore,slot_7:trafficfore,sharing,319.6318,33.4697,25.233,24.4317,0.0012,0.5692,7.8588,8.2367,1776041312306558966
trafficfore,slot_7:trafficfore,sharing,319.7123,49.6311,24.6982,23.8972,0.0012,0.5433,24.5516,24.9329,1776041312403828709
trafficfore,slot_7:trafficfore,sharing,320.708,56.7625,24.3345,23.5324,0.001,0.5569,32.0065,32.4279,1776041313406935301
trafficfore,slot_7:trafficfore,sharing,323.6268,71.1763,26.5091,25.0173,0.0011,0.7018,44.2331,44.6672,1776041316337949939
trafficfore,slot_7:trafficfore,sharing,324.3141,33.5078,24.9075,24.0999,0.0011,0.5494,8.2169,8.6003,1776041316989238808
trafficfore,slot_7:trafficfore,sharing,325.6039,75.2079,35.7214,33.3343,0.0013,0.5587,38.9569,39.4866,1776041318309764802
trafficfore,slot_7:trafficfore,sharing,325.6733,54.2181,24.3749,23.5056,0.0013,0.58,29.4225,29.8432,1776041318369637531
trafficfore,slot_7:trafficfore,sharing,327.0282,95.5958,26.008,24.7517,0.0012,0.5342,69.0913,69.5878,1776041319764271320
trafficfore,slot_7:trafficfore,sharing,327.3003,49.6891,24.3941,23.592,0.0012,0.5602,24.9133,25.2949,1776041319992196853
trafficfore,slot_7:trafficfore,sharing,327.919,83.6987,26.3148,25.2465,0.0012,0.4133,56.8993,57.384,1776041320642832162
trafficfore,slot_7:trafficfore,sharing,327.9304,72.314,26.3148,25.2465,0.0012,0.4133,45.5055,45.9993,1776041320642832162
trafficfore,slot_7:trafficfore,sharing,328.6237,32.8817,24.2977,23.4858,0.0015,0.5603,8.1553,8.5841,1776041321298815192
trafficfore,slot_7:trafficfore,sharing,330.19,47.5304,24.5764,23.7473,0.0011,0.5758,22.5248,22.954,1776041322879499194
trafficfore,slot_7:trafficfore,sharing,330.83,32.9068,24.7718,24.002,0.0011,0.5384,7.7357,8.135,1776041323504708419
trafficfore,slot_7:trafficfore,sharing,331.4469,33.4263,24.8287,24.0427,0.0011,0.5481,8.1806,8.5976,1776041324121974222
trafficfore,slot_7:trafficfore,sharing,331.8573,44.6184,24.5086,23.7175,0.0012,0.5618,19.7546,20.1098,1776041324544021289
trafficfore,slot_7:trafficfore,sharing,332.4643,33.0675,24.921,23.7526,0.0011,0.9307,7.7636,8.1465,1776041325139015352
trafficfore,slot_7:trafficfore,sharing,332.6115,33.1175,24.5278,23.7318,0.0011,0.5441,8.1859,8.5898,1776041325286617381
trafficfore,slot_7:trafficfore,sharing,333.6025,32.4993,24.4606,23.6809,0.0011,0.5385,7.6241,8.0388,1776041326277037809
trafficfore,slot_7:trafficfore,sharing,334.0672,33.5934,24.3162,23.5288,0.0011,0.5517,8.8637,9.2772,1776041326742967858
trafficfore,slot_7:trafficfore,sharing,334.5342,63.5173,24.4583,23.6617,0.0012,0.5439,38.6364,39.059,1776041327239747398
trafficfore,slot_7:trafficfore,sharing,336.5889,43.2413,24.3657,23.5677,0.0011,0.565,18.4879,18.8755,1776041329274333342
trafficfore,slot_7:trafficfore,sharing,338.2868,49.0363,25.1248,23.9508,0.0012,0.555,23.4845,23.9114,1776041330977231960
trafficfore,slot_7:trafficfore,sharing,340.7942,79.9537,24.2979,23.5163,0.0011,0.5514,55.2688,55.6558,1776041333516444020
trafficfore,slot_7:trafficfore,sharing,341.2191,62.8779,24.394,23.6211,0.0011,0.5413,38.0702,38.4839,1776041333924063864
trafficfore,slot_7:trafficfore,sharing,342.8794,32.6543,24.2887,23.5155,0.0011,0.5388,7.7963,8.3656,1776041335554114124
trafficfore,slot_7:trafficfore,sharing,343.173,37.1478,24.9206,23.7488,0.0012,0.9275,11.8277,12.2272,1776041335851790994
trafficfore,slot_7:trafficfore,sharing,343.3266,65.0332,24.8726,24.0802,0.0011,0.5406,39.7599,40.1606,1776041336033331991
trafficfore,slot_7:trafficfore,sharing,343.7995,32.4926,24.7603,23.9653,0.0011,0.5576,7.3426,7.7323,1776041336473772912
trafficfore,slot_7:trafficfore,sharing,343.9777,34.5516,25.0937,24.313,0.0012,0.5412,9.0642,9.458,1776041336653655612
trafficfore,slot_7:trafficfore,sharing,344.9971,33.7157,24.3811,23.5912,0.0011,0.5395,8.9276,9.3346,1776041337672945760
trafficfore,slot_7:trafficfore,sharing,345.4827,34.9653,24.4142,23.6097,0.0011,0.5542,10.1495,10.5511,1776041338159823076
trafficfore,slot_7:trafficfore,sharing,348.0093,32.7377,24.3135,23.4944,0.0012,0.567,8.0447,8.4243,1776041340684232051
trafficfore,slot_7:trafficfore,sharing,348.5942,59.6383,24.4161,23.634,0.0012,0.5444,34.8237,35.2222,1776041341295957329
trafficfore,slot_7:trafficfore,sharing,351.804,33.04,24.5451,23.7411,0.0012,0.5692,8.1031,8.4949,1776041344479083511
trafficfore,slot_7:trafficfore,sharing,354.0441,32.9828,25.0532,23.8339,0.0012,0.9505,7.5424,7.9296,1776041346718537147
trafficfore,slot_7:trafficfore,sharing,355.0826,32.1796,24.2641,23.4887,0.0012,0.5428,7.4921,7.9155,1776041347756999913
trafficfore,slot_7:trafficfore,sharing,355.2684,33.0446,24.2752,23.4864,0.0011,0.5602,8.3723,8.7694,1776041347943723493
trafficfore,slot_7:trafficfore,sharing,355.4757,33.3889,24.5131,23.7043,0.0012,0.5652,8.4791,8.8758,1776041348151091006
trafficfore,slot_7:trafficfore,sharing,356.9516,33.4377,24.6559,23.8642,0.0011,0.5592,8.4009,8.7818,1776041349626924302
trafficfore,slot_7:trafficfore,sharing,358.636,33.314,24.382,23.5741,0.0011,0.5471,8.5487,8.932,1776041351311466292
trafficfore,slot_7:trafficfore,sharing,362.2638,33.1042,24.862,24.0731,0.0011,0.5488,7.8027,8.2422,1776041354938569312
trafficfore,slot_7:trafficfore,sharing,362.2671,70.5462,26.4151,25.041,0.0012,0.5723,43.6032,44.131,1776041354977650647
trafficfore,slot_7:trafficfore,sharing,364.0413,79.3083,25.7876,24.5174,0.0011,0.5623,52.9742,53.5206,1776041356761245282
trafficfore,slot_7:trafficfore,sharing,364.0919,75.7647,24.2631,23.4603,0.0011,0.5494,51.0902,51.5016,1776041356809880903
trafficfore,slot_7:trafficfore,sharing,364.7578,33.5469,24.3265,23.5415,0.0011,0.5548,8.8441,9.2205,1776041357433621502
trafficfore,slot_7:trafficfore,sharing,365.0316,31.9107,24.2622,23.469,0.0011,0.5632,7.2701,7.6484,1776041357705764256
trafficfore,slot_7:trafficfore,sharing,365.3566,62.0565,24.7257,23.9134,0.0012,0.5454,36.9165,37.3309,1776041358060449940
trafficfore,slot_7:trafficfore,sharing,365.573,32.4531,24.4063,23.6107,0.0011,0.5603,7.6473,8.0468,1776041358247608532
trafficfore,slot_7:trafficfore,sharing,368.0875,33.5526,24.494,23.68,0.0013,0.569,8.6699,9.0587,1776041360763118161
trafficfore,slot_7:trafficfore,sharing,368.2995,33.2265,24.8517,24.03,0.0011,0.5545,7.9567,8.3748,1776041360974341840
trafficfore,slot_7:trafficfore,sharing,370.6079,34.0204,24.801,23.9949,0.0012,0.5544,8.8208,9.2194,1776041363283697338
trafficfore,slot_7:trafficfore,sharing,370.6182,72.7425,26.4031,25.1353,0.0012,0.5407,45.8395,46.3394,1776041363330999717
trafficfore,slot_7:trafficfore,sharing,371.6023,32.8002,24.7575,23.9623,0.0011,0.5633,7.6571,8.0427,1776041364276860076
trafficfore,slot_7:trafficfore,sharing,372.5344,33.0856,24.5644,23.7376,0.0011,0.5662,8.1344,8.5212,1776041365209446557
trafficfore,slot_7:trafficfore,sharing,372.7201,33.9627,24.5956,23.7837,0.0012,0.5685,8.9765,9.3672,1776041365395990350
trafficfore,slot_7:trafficfore,sharing,372.7681,35.0494,24.8218,23.6735,0.0013,0.5519,9.8438,10.2277,1776041365444918105
trafficfore,slot_7:trafficfore,sharing,373.0615,40.8747,24.7517,23.964,0.0012,0.5558,15.7344,16.123,1776041365744179628
trafficfore,slot_7:trafficfore,sharing,374.7666,33.556,24.7438,23.9388,0.0011,0.5647,8.4178,8.8122,1776041367441914206
trafficfore,slot_7:trafficfore,sharing,375.5073,32.1739,24.3765,23.5782,0.0011,0.5651,7.3879,7.7974,1776041368181655358
trafficfore,slot_7:trafficfore,sharing,375.8844,58.84,24.6577,23.8265,0.0011,0.5983,33.8085,34.1823,1776041368585149602
trafficfore,slot_7:trafficfore,sharing,375.9349,55.1865,24.6602,23.8575,0.0011,0.566,30.1378,30.5263,1776041368632004114
trafficfore,slot_7:trafficfore,sharing,375.9703,64.3861,24.5855,23.4237,0.0011,0.924,39.3913,39.8007,1776041368676670755
trafficfore,slot_7:trafficfore,sharing,376.687,32.8867,24.895,24.1105,0.0012,0.5458,7.5841,7.9917,1776041369361561430
trafficfore,slot_7:trafficfore,sharing,377.9044,32.1195,24.2987,23.5026,0.0012,0.5635,7.4246,7.8208,1776041370578747596
trafficfore,slot_7:trafficfore,sharing,378.3912,62.2616,24.8711,24.0747,0.0012,0.5553,37.0021,37.3905,1776041371095145305
trafficfore,slot_7:trafficfore,sharing,378.6655,73.5488,24.3316,23.5373,0.0011,0.5579,48.8179,49.2172,1776041371381236076
trafficfore,slot_7:trafficfore,sharing,379.895,32.0458,24.3406,23.5394,0.0011,0.5636,7.324,7.7052,1776041372569278314
trafficfore,slot_7:trafficfore,sharing,379.9472,90.0075,26.3114,24.6431,0.0013,0.9462,63.2043,63.6961,1776041372677300748
trafficfore,slot_7:trafficfore,sharing,380.6173,35.3756,24.2675,23.4603,0.0011,0.5487,10.6781,11.1081,1776041373294892547
trafficfore,slot_7:trafficfore,sharing,382.7283,32.4843,24.9174,24.1212,0.0011,0.5607,7.1416,7.5668,1776041375402409973
trafficfore,slot_7:trafficfore,sharing,383.0724,41.497,24.6423,23.8657,0.0012,0.5446,16.4468,16.8547,1776041375755748176
trafficfore,slot_7:trafficfore,sharing,385.6957,51.7576,27.3533,26.0149,0.0012,0.5345,23.9148,24.4043,1776041378386549284
trafficfore,slot_7:trafficfore,sharing,386.1338,50.076,24.4905,23.7139,0.0011,0.5373,25.1815,25.5855,1776041378825961711
trafficfore,slot_7:trafficfore,sharing,386.3899,33.855,24.2835,23.5073,0.0011,0.5408,9.1417,9.5715,1776041379066020199
trafficfore,slot_7:trafficfore,sharing,387.4745,81.0261,35.163,33.5647,0.0011,0.4354,45.3963,45.863,1776041380186873493
trafficfore,slot_7:trafficfore,sharing,387.476,79.7224,35.163,33.5647,0.0011,0.4354,43.9336,44.5594,1776041380186873493
trafficfore,slot_7:trafficfore,sharing,389.9325,73.5645,24.4013,23.6034,0.0011,0.5637,48.7697,49.1632,1776041382648252231
trafficfore,slot_7:trafficfore,sharing,391.1848,32.3448,24.5963,23.7862,0.0011,0.5711,7.3607,7.7485,1776041383859076240
trafficfore,slot_7:trafficfore,sharing,395.2154,70.6766,26.0673,24.7728,0.0013,0.5461,44.1451,44.6093,1776041387926494442
trafficfore,slot_7:trafficfore,sharing,396.2379,33.8974,24.5197,23.738,0.0011,0.5413,8.9731,9.3777,1776041388913798592
trafficfore,slot_7:trafficfore,sharing,396.6345,32.4633,24.3873,23.6083,0.0011,0.5479,7.6497,8.0761,1776041389309070406
trafficfore,slot_7:trafficfore,sharing,398.7054,32.5487,24.5905,23.8169,0.0011,0.5409,7.5598,7.9581,1776041391379862255
trafficfore,slot_7:trafficfore,sharing,398.8844,33.6208,24.8364,24.0295,0.0011,0.564,8.3904,8.7844,1776041391559716299
trafficfore,slot_7:trafficfore,sharing,399.5896,53.8445,25.8397,24.568,0.0011,0.5407,27.5474,28.0048,1776041392284102311
trafficfore,slot_7:trafficfore,sharing,402.2186,32.28,24.3935,23.6136,0.0012,0.5388,7.3745,7.8865,1776041394892924646
trafficfore,slot_7:trafficfore,sharing,402.9271,32.7065,24.7177,23.5538,0.0012,0.9205,7.5793,7.9888,1776041395601647928
trafficfore,slot_7:trafficfore,sharing,403.799,32.1014,24.3374,23.5435,0.0012,0.5645,7.3609,7.764,1776041396473317932
trafficfore,slot_7:trafficfore,sharing,404.1352,31.9042,24.316,23.5148,0.0012,0.5613,7.2041,7.5882,1776041396809317289
trafficfore,slot_7:trafficfore,sharing,407.405,33.2499,24.132,23.3478,0.0011,0.5437,8.7223,9.1178,1776041400080625535
trafficfore,slot_7:trafficfore,sharing,409.1327,33.6137,24.9805,24.1939,0.001,0.5526,8.2359,8.6332,1776041401807824880
trafficfore,slot_7:trafficfore,sharing,413.1939,33.0913,24.6575,23.8785,0.0011,0.5436,7.9975,8.4338,1776041405868816910
trafficfore,slot_7:trafficfore,sharing,414.9474,32.7623,24.1395,23.363,0.0012,0.5453,8.1983,8.6228,1776041407622570352
trafficfore,slot_7:trafficfore,sharing,416.1707,57.1015,36.4914,34.2755,0.0013,0.5718,20.0579,20.6101,1776041408857668595
trafficfore,slot_7:trafficfore,sharing,418.718,75.2547,24.4883,23.6969,0.0011,0.5609,50.3745,50.7663,1776041411435291233
trafficfore,slot_7:trafficfore,sharing,419.9824,68.8663,25.8437,24.4937,0.0012,0.5424,42.5725,43.0225,1776041412691861061
trafficfore,slot_7:trafficfore,sharing,421.011,32.3164,24.3905,23.6096,0.0011,0.5438,7.5037,7.9259,1776041413685394781
trafficfore,slot_7:trafficfore,sharing,421.5724,32.6705,24.5249,23.7164,0.0011,0.5681,7.762,8.1456,1776041414247110418
trafficfore,slot_7:trafficfore,sharing,423.3917,35.1646,24.4888,23.7129,0.0012,0.544,10.2718,10.6758,1776041416068870858
trafficfore,slot_7:trafficfore,sharing,424.7887,72.4308,24.2476,23.4363,0.0016,0.5597,47.7908,48.1833,1776041417503471263
trafficfore,slot_7:trafficfore,sharing,425.254,33.3903,24.2027,23.426,0.0011,0.5409,8.8034,9.1876,1776041417929689595
trafficfore,slot_7:trafficfore,sharing,426.4546,33.6344,24.4936,23.6881,0.0013,0.5625,8.749,9.1408,1776041419130242404
trafficfore,slot_7:trafficfore,sharing,427.2057,32.5496,24.4641,23.6677,0.0011,0.5582,7.705,8.0855,1776041419880302829
trafficfore,slot_7:trafficfore,sharing,428.2548,33.8154,24.5296,23.3533,0.0011,0.9325,8.8897,9.2858,1776041420930581303
trafficfore,slot_7:trafficfore,sharing,430.4928,43.3614,25.9452,24.5861,0.0011,0.5537,16.9942,17.4163,1776041423176765035
trafficfore,slot_7:trafficfore,sharing,431.439,34.7159,24.5595,23.7601,0.0011,0.5502,9.7511,10.1564,1776041424115714846
trafficfore,slot_7:trafficfore,sharing,436.3656,34.502,24.4506,23.6292,0.0012,0.5776,9.649,10.0515,1776041429042204326
trafficfore,slot_7:trafficfore,sharing,436.4755,82.0003,24.2789,23.4692,0.0011,0.5499,57.3359,57.7214,1776041429199817216
trafficfore,slot_7:trafficfore,sharing,437.2303,33.9949,24.5173,23.7448,0.0011,0.5389,9.0575,9.4776,1776041429906318625
trafficfore,slot_7:trafficfore,sharing,437.297,63.2145,34.6598,32.8417,0.0011,0.5598,27.8726,28.5547,1776041429991817704
trafficfore,slot_7:trafficfore,sharing,437.8058,33.2069,24.4326,23.6573,0.0011,0.5437,8.3635,8.7744,1776041430481066154
trafficfore,slot_7:trafficfore,sharing,438.1802,32.5885,24.7417,23.9567,0.0012,0.5536,7.4592,7.8468,1776041430854574662
trafficfore,slot_7:trafficfore,sharing,440.9305,43.5069,24.3553,23.5751,0.0011,0.5444,18.7371,19.1515,1776041433616138152
trafficfore,slot_7:trafficfore,sharing,443.1648,32.856,24.6971,23.8969,0.0011,0.5445,7.7655,8.1588,1776041435839532027
trafficfore,slot_7:trafficfore,sharing,443.7693,32.403,24.4411,23.6576,0.0011,0.5432,7.5672,7.9619,1776041436443806283
trafficfore,slot_7:trafficfore,sharing,444.6933,41.4135,24.4927,23.6682,0.0012,0.5495,16.5172,16.9208,1776041437376742976
trafficfore,slot_7:trafficfore,sharing,444.7016,81.4834,24.4344,23.6346,0.0011,0.5643,56.6678,57.049,1776041437425205298
trafficfore,slot_7:trafficfore,sharing,445.3895,33.6914,24.5665,23.7811,0.0012,0.549,8.7249,9.1249,1776041438065164801
trafficfore,slot_7:trafficfore,sharing,445.636,32.5148,24.3956,23.5999,0.0012,0.5613,7.71,8.1192,1776041438310641554
trafficfore,slot_7:trafficfore,sharing,447.4956,34.8766,24.5057,23.6886,0.001,0.5658,9.9535,10.3709,1776041440172498789
trafficfore,slot_7:trafficfore,sharing,447.5426,32.2506,24.4717,23.6906,0.0011,0.5417,7.3779,7.7789,1776041440216902403
trafficfore,slot_7:trafficfore,sharing,448.9499,34.5283,24.9184,23.7244,0.001,0.9465,9.213,9.6099,1776041441626084503
trafficfore,slot_7:trafficfore,sharing,449.1467,32.6223,24.1458,23.3755,0.0011,0.5424,8.0602,8.4765,1776041441821712065
trafficfore,slot_7:trafficfore,sharing,449.8733,40.8318,24.4426,23.6464,0.0011,0.5652,15.9693,16.3892,1776041442556212370
trafficfore,slot_7:trafficfore,sharing,451.667,72.2568,25.5219,24.3327,0.0011,0.9508,46.3548,46.7349,1776041444380275461
trafficfore,slot_7:trafficfore,sharing,451.7276,64.0039,25.9077,24.642,0.0012,0.5649,37.5843,38.0962,1776041444432147284
trafficfore,slot_7:trafficfore,sharing,453.0486,33.653,24.3691,23.5448,0.0011,0.5606,8.8935,9.284,1776041445724444404
trafficfore,slot_7:trafficfore,sharing,453.5209,34.7948,24.9872,24.1927,0.0011,0.5479,9.4042,9.8076,1776041446197281603
trafficfore,slot_7:trafficfore,sharing,454.4629,33.2367,24.2128,23.4112,0.001,0.5657,8.6012,9.0239,1776041447138435986
trafficfore,slot_7:trafficfore,sharing,455.1444,35.1608,24.9205,24.1196,0.0011,0.5508,9.8517,10.2403,1776041447821172954
trafficfore,slot_7:trafficfore,sharing,457.5683,34.4188,25.2034,23.8827,0.0015,0.6755,8.8232,9.2154,1776041450244065389
trafficfore,slot_7:trafficfore,sharing,457.6016,49.3529,24.3996,23.597,0.0012,0.5706,24.5593,24.9533,1776041450293126750
trafficfore,slot_7:trafficfore,sharing,458.7012,33.6161,24.1521,23.3737,0.0012,0.544,9.0585,9.464,1776041451377144924
trafficfore,slot_7:trafficfore,sharing,461.0227,51.0807,24.4396,23.6615,0.001,0.5406,26.232,26.6411,1776041453715885216
trafficfore,slot_7:trafficfore,sharing,461.7424,34.4892,24.6128,23.8035,0.0011,0.5595,9.4719,9.8764,1776041454418794347
trafficfore,slot_7:trafficfore,sharing,465.4981,33.5677,24.5626,23.742,0.0012,0.5606,8.5955,9.0051,1776041458173587015
trafficfore,slot_7:trafficfore,sharing,466.482,51.1968,24.1458,23.3549,0.001,0.5561,26.6743,27.051,1776041459175599045
trafficfore,slot_7:trafficfore,sharing,468.093,33.7913,24.4372,23.6624,0.0011,0.5404,8.9273,9.3541,1776041460768877350
trafficfore,slot_7:trafficfore,sharing,472.3847,32.5477,24.7355,23.9299,0.0012,0.5517,7.4189,7.8122,1776041465059063931
trafficfore,slot_7:trafficfore,sharing,473.4926,32.9466,24.4652,23.6586,0.0011,0.5698,8.0605,8.4814,1776041466167565386
trafficfore,slot_7:trafficfore,sharing,476.0376,33.4663,24.2795,23.4833,0.0011,0.5647,8.7986,9.1868,1776041468713374919
trafficfore,slot_7:trafficfore,sharing,476.6134,33.4411,24.8343,24.0505,0.0011,0.5417,8.2057,8.6067,1776041469288581213
trafficfore,slot_7:trafficfore,sharing,476.8021,36.1176,24.6984,23.9029,0.0011,0.554,11.0121,11.4192,1776041469480035070
trafficfore,slot_7:trafficfore,sharing,479.3706,37.1437,24.356,23.5768,0.0011,0.5444,12.3799,12.7877,1776041472049955562
trafficfore,slot_7:trafficfore,sharing,479.5932,34.9104,24.5398,23.7467,0.0012,0.5623,9.9528,10.3707,1776041472270115873
trafficfore,slot_7:trafficfore,sharing,483.4509,66.69,24.4966,23.6913,0.0012,0.5458,41.7707,42.1934,1776041476159636799
trafficfore,slot_7:trafficfore,sharing,485.7276,32.932,24.4096,23.6145,0.0011,0.5606,8.1196,8.5225,1776041478402611395
trafficfore,slot_7:trafficfore,sharing,487.3042,73.6129,34.8819,33.0214,0.0012,0.5761,38.0883,38.731,1776041480009231499
trafficfore,slot_7:trafficfore,sharing,487.3859,88.7988,25.2367,24.0615,0.0011,0.9254,63.1349,63.562,1776041480115989061
trafficfore,slot_7:trafficfore,sharing,487.6027,79.5581,46.8375,44.6401,0.0011,0.5587,32.0442,32.7206,1776041480301629146
trafficfore,slot_7:trafficfore,sharing,488.045,33.1206,24.6372,23.8184,0.0011,0.5736,8.1027,8.4835,1776041480720025216
trafficfore,slot_7:trafficfore,sharing,490.105,33.1604,24.7312,23.9356,0.0011,0.5574,8.0326,8.4292,1776041482779978778
trafficfore,slot_7:trafficfore,sharing,491.2679,47.2379,26.3713,25.0626,0.0011,0.5697,20.3736,20.8666,1776041483955171712
trafficfore,slot_7:trafficfore,sharing,491.7658,32.2716,24.3586,23.5629,0.0011,0.5578,7.5104,7.913,1776041484440203747
trafficfore,slot_7:trafficfore,sharing,492.5175,33.0217,24.3687,23.5652,0.0011,0.545,8.2502,8.653,1776041485192729184
trafficfore,slot_7:trafficfore,sharing,493.2135,34.2736,24.6772,23.8906,0.0012,0.5426,9.1779,9.5964,1776041485889573378
trafficfore,slot_7:trafficfore,sharing,495.349,52.2623,24.9793,24.1949,0.0011,0.5557,26.8867,27.283,1776041488042776918
trafficfore,slot_7:trafficfore,sharing,497.207,33.298,24.3747,23.5577,0.0011,0.5612,8.534,8.9233,1776041489882502903
trafficfore,slot_7:trafficfore,sharing,497.535,49.0127,24.455,23.6519,0.0011,0.567,24.1778,24.5577,1776041490226087361
trafficfore,slot_7:trafficfore,sharing,498.1851,32.8581,24.4374,23.626,0.0012,0.564,8.0352,8.4207,1776041490860093793
trafficfore,slot_7:trafficfore,sharing,498.5854,78.3567,26.2338,24.4752,0.0011,0.9451,51.5397,52.123,1776041491303865030
trafficfore,slot_7:trafficfore,sharing,499.2023,32.6602,24.3455,23.572,0.0011,0.5454,7.8838,8.3148,1776041491877089550
trafficfore,slot_7:trafficfore,sharing,500.4595,32.5248,24.5907,23.7862,0.0011,0.5653,7.5426,7.9342,1776041493133996158
trafficfore,slot_7:trafficfore,sharing,500.6784,65.8126,27.5345,26.1805,0.0011,0.5487,37.8487,38.278,1776041493383198353
trafficfore,slot_7:trafficfore,sharing,501.2262,34.9786,25.0202,24.2231,0.001,0.5591,9.5782,9.9585,1776041493902720613
trafficfore,slot_7:trafficfore,sharing,501.381,33.8454,24.5058,23.7279,0.0011,0.5395,8.9338,9.3396,1776041494056880279
trafficfore,slot_7:trafficfore,sharing,503.504,32.3942,24.4593,23.6855,0.0011,0.5399,7.539,7.9349,1776041496178440548
trafficfore,slot_7:trafficfore,sharing,504.1316,81.3606,24.4011,23.6054,0.0011,0.5469,56.555,56.9595,1776041496855087007
trafficfore,slot_7:trafficfore,sharing,504.4555,45.0246,24.2704,23.4747,0.0011,0.5458,20.364,20.7542,1776041497142834702
trafficfore,slot_7:trafficfore,sharing,505.8104,46.9615,24.4685,23.6702,0.0012,0.5506,22.0883,22.4931,1776041498499442852
trafficfore,slot_7:trafficfore,sharing,509.9674,58.5148,24.388,23.6062,0.0012,0.5435,33.7257,34.1268,1776041502668022679
trafficfore,slot_7:trafficfore,sharing,510.2051,34.0838,24.4113,23.6235,0.0011,0.5477,9.2897,9.6725,1776041502881332549
trafficfore,slot_7:trafficfore,sharing,511.6872,32.9235,24.5763,23.772,0.0011,0.5651,7.9632,8.3472,1776041504362102583
trafficfore,slot_7:trafficfore,sharing,512.0044,34.359,24.2898,23.5001,0.0012,0.5469,9.6698,10.0692,1776041504681043929
trafficfore,slot_7:trafficfore,sharing,513.6633,32.5704,24.4759,23.6972,0.0012,0.5427,7.6942,8.0945,1776041506337921373
trafficfore,slot_7:trafficfore,sharing,514.3053,34.2822,24.5101,23.7062,0.0011,0.5466,9.3517,9.7721,1776041506981599095
trafficfore,slot_7:trafficfore,sharing,514.3597,34.4481,25.079,24.2551,0.0011,0.5748,8.9841,9.3692,1776041507035614667
trafficfore,slot_7:trafficfore,sharing,516.7738,32.97,24.4386,23.6446,0.0012,0.5602,8.1217,8.5314,1776041509448893830
trafficfore,slot_7:trafficfore,sharing,516.8652,44.5249,24.414,23.6222,0.0012,0.5396,19.7153,20.1109,1776041509551818856
trafficfore,slot_7:trafficfore,sharing,517.0949,34.1935,24.5952,23.7859,0.0012,0.5723,9.2213,9.5983,1776041509771085599
trafficfore,slot_7:trafficfore,sharing,517.4649,33.1445,24.4826,23.6788,0.0011,0.56,8.2901,8.6619,1776041510140134420
trafficfore,slot_7:trafficfore,sharing,517.6022,32.9816,24.8061,24.0132,0.0012,0.5489,7.7837,8.1755,1776041510276927612
trafficfore,slot_7:trafficfore,sharing,519.3673,33.741,24.4133,23.6098,0.0011,0.5623,8.9328,9.3277,1776041512043216495
trafficfore,slot_7:trafficfore,sharing,521.1027,32.8064,24.7482,23.9507,0.0011,0.5443,7.6756,8.0582,1776041513777342233
trafficfore,slot_7:trafficfore,sharing,521.131,52.9182,24.2994,23.5158,0.0011,0.5498,28.2214,28.6188,1776041513826170470
trafficfore,slot_7:trafficfore,sharing,521.38,34.8313,24.4849,23.7045,0.0011,0.5399,9.958,10.3464,1776041514056896106
trafficfore,slot_7:trafficfore,sharing,523.2159,32.3982,24.3637,23.5666,0.0011,0.5462,7.6244,8.0345,1776041515890498142
trafficfore,slot_7:trafficfore,sharing,524.209,34.1129,24.4855,23.6868,0.0011,0.5631,9.2437,9.6275,1776041516885214618
trafficfore,slot_7:trafficfore,sharing,525.0266,73.1409,24.4798,23.3151,0.0013,0.5514,48.2376,48.6611,1776041517741780007
trafficfore,slot_7:trafficfore,sharing,525.5796,59.8726,26.4035,25.1326,0.0011,0.5376,32.9597,33.4691,1776041518279453163
trafficfore,slot_7:trafficfore,sharing,526.5864,54.2443,24.5435,23.7474,0.0011,0.5439,29.2711,29.7008,1776041519282575911
trafficfore,slot_7:trafficfore,sharing,527.0363,32.5646,24.3984,23.611,0.0012,0.5553,7.7519,8.1663,1776041519710969548
trafficfore,slot_7:trafficfore,sharing,527.1701,32.5704,24.262,23.4507,0.0011,0.5607,7.8678,8.3084,1776041519844943478
trafficfore,slot_7:trafficfore,sharing,531.0483,34.1735,24.3753,23.5781,0.0011,0.5602,9.4087,9.7982,1776041523724611315
trafficfore,slot_7:trafficfore,sharing,531.5144,34.0843,25.5934,24.2584,0.0011,1.0786,8.0914,8.4909,1776041524189473886
trafficfore,slot_7:trafficfore,sharing,532.4527,32.9559,24.6904,23.8747,0.0012,0.5408,7.8466,8.2654,1776041525127484216
trafficfore,slot_7:trafficfore,sharing,533.6396,59.5362,24.5153,23.7113,0.0012,0.5486,34.6313,35.021,1776041526341196811
trafficfore,slot_7:trafficfore,sharing,534.0123,31.9464,24.2511,23.4682,0.001,0.5477,7.2937,7.6953,1776041526686566240
trafficfore,slot_7:trafficfore,sharing,536.8675,78.1877,24.7056,23.8843,0.0011,0.5514,53.0694,53.4821,1776041529587474896
trafficfore,slot_7:trafficfore,sharing,537.6215,32.3675,24.374,23.5922,0.0012,0.5401,7.5965,7.9935,1776041530296016032
trafficfore,slot_7:trafficfore,sharing,538.7334,80.3609,24.4663,23.681,0.0012,0.5441,55.4626,55.8946,1776041531455779177
trafficfore,slot_7:trafficfore,sharing,539.3051,40.6525,25.1297,23.9124,0.0012,0.9475,15.1093,15.5228,1776041531987190699
trafficfore,slot_7:trafficfore,sharing,540.7099,32.6235,24.3615,23.5499,0.0012,0.5679,7.869,8.262,1776041533384683269
trafficfore,slot_7:trafficfore,sharing,541.3729,61.0619,24.3879,23.5947,0.0011,0.5531,36.2804,36.6739,1776041534076141063
trafficfore,slot_7:trafficfore,sharing,541.5509,34.6026,25.132,24.3325,0.0011,0.5629,9.0909,9.4707,1776041534226918203
trafficfore,slot_7:trafficfore,sharing,543.642,63.5462,26.0602,24.7085,0.0011,0.5492,37.0314,37.486,1776041536345947161
trafficfore,slot_7:trafficfore,sharing,544.2115,78.8295,24.3858,23.5689,0.0011,0.5545,54.0557,54.4437,1776041536932488246
trafficfore,slot_7:trafficfore,sharing,544.5575,52.8994,25.885,24.568,0.001,0.5481,26.5522,27.0144,1776041537250995604
trafficfore,slot_7:trafficfore,sharing,544.7827,33.596,24.27,23.4953,0.0011,0.5411,8.9431,9.3261,1776041537458542361
trafficfore,slot_7:trafficfore,sharing,545.2116,39.072,24.4946,23.6895,0.0012,0.5538,14.149,14.5775,1776041537892642628
trafficfore,slot_7:trafficfore,sharing,548.2079,108.5918,35.6889,33.8675,0.0011,0.5343,72.2907,72.9029,1776041540947124724
trafficfore,slot_7:trafficfore,sharing,549.0253,32.594,24.3654,23.5784,0.0011,0.5527,7.8166,8.2286,1776041541700003240
trafficfore,slot_7:trafficfore,sharing,549.2814,33.7694,25.3714,24.553,0.0011,0.5811,7.9803,8.398,1776041541956326952
trafficfore,slot_7:trafficfore,sharing,549.503,44.8506,26.2678,24.8575,0.0013,0.5484,18.0297,18.5828,1776041542187985515
trafficfore,slot_7:trafficfore,sharing,550.4769,51.7814,26.2797,24.9123,0.0012,0.5698,25.0185,25.5017,1776041543168887117
trafficfore,slot_7:trafficfore,sharing,551.4489,53.4341,24.2773,23.4953,0.0011,0.5467,28.7588,29.1569,1776041544144574050
trafficfore,slot_7:trafficfore,sharing,553.9723,86.6339,35.107,33.5655,0.0011,0.4158,51.0015,51.527,1776041546690270463
trafficfore,slot_7:trafficfore,sharing,553.9966,62.4268,35.107,33.5655,0.0011,0.4158,26.7072,27.3198,1776041546690270463
trafficfore,slot_7:trafficfore,sharing,554.6365,75.2153,24.1781,23.4039,0.0011,0.5405,50.6368,51.0372,1776041547354083227
trafficfore,slot_7:trafficfore,sharing,556.0191,32.6242,24.2574,23.4605,0.0011,0.5456,7.9269,8.3669,1776041548693965165
trafficfore,slot_7:trafficfore,sharing,557.4966,34.781,24.639,23.858,0.0011,0.5403,9.7222,10.142,1776041550173219526
trafficfore,slot_7:trafficfore,sharing,558.2739,52.7747,25.6955,24.8667,0.0011,0.5545,26.6664,27.0792,1776041550967500222
trafficfore,slot_7:trafficfore,sharing,558.3105,70.1497,36.0314,34.1492,0.0011,0.5331,33.4833,34.1183,1776041551010872326
trafficfore,slot_7:trafficfore,sharing,559.4016,34.2104,24.5214,23.7285,0.0011,0.5507,9.2804,9.689,1776041552077831820
trafficfore,slot_7:trafficfore,sharing,562.3897,62.6597,24.7618,23.9615,0.0011,0.5542,37.5051,37.898,1776041555094121014
trafficfore,slot_7:trafficfore,sharing,562.4495,46.2656,24.704,23.9287,0.0011,0.5448,21.1456,21.5616,1776041555137558485
trafficfore,slot_7:trafficfore,sharing,562.9889,33.9885,24.5184,23.7343,0.0011,0.5453,9.0508,9.4701,1776041555664881216
trafficfore,slot_7:trafficfore,sharing,565.47,32.887,24.7826,24.004,0.0011,0.5355,7.6969,8.1044,1776041558144673007
trafficfore,slot_7:trafficfore,sharing,566.1222,32.5308,24.3897,23.5832,0.0012,0.5495,7.7391,8.1411,1776041558796852871
trafficfore,slot_7:trafficfore,sharing,567.4833,32.6641,24.5558,23.7785,0.0011,0.5422,7.7147,8.1083,1776041560157934076
trafficfore,slot_7:trafficfore,sharing,568.9352,32.3479,24.4923,23.6971,0.0011,0.5431,7.4646,7.8556,1776041561609622656
trafficfore,slot_7:trafficfore,sharing,570.72,33.6964,24.3966,23.5936,0.0011,0.5463,8.8913,9.2998,1776041563395797276
trafficfore,slot_7:trafficfore,sharing,572.1775,33.6373,25.0083,24.2092,0.0011,0.5614,8.2374,8.629,1776041564852713456
trafficfore,slot_7:trafficfore,sharing,573.8956,32.5925,24.3737,23.581,0.0012,0.5556,7.834,8.2188,1776041566570337628
trafficfore,slot_7:trafficfore,sharing,574.7228,33.8147,24.1425,23.3422,0.0012,0.5492,9.2373,9.6722,1776041567398972364
trafficfore,slot_7:trafficfore,sharing,575.1233,60.36,26.048,24.9873,0.0011,0.4092,33.8402,34.312,1776041567824043674
trafficfore,slot_7:trafficfore,sharing,575.1286,55.052,26.048,24.9873,0.0011,0.4092,28.465,29.0041,1776041567824043674
trafficfore,slot_7:trafficfore,sharing,575.2456,41.7733,24.1763,23.3852,0.0011,0.5572,17.2124,17.597,1776041567929760135
trafficfore,slot_7:trafficfore,sharing,577.4537,47.5378,26.5985,24.9172,0.0012,0.9529,20.4527,20.9393,1776041570141126814
trafficfore,slot_7:trafficfore,sharing,577.7771,32.3691,24.5941,23.7788,0.0011,0.5667,7.3931,7.7751,1776041570451382964
trafficfore,slot_7:trafficfore,sharing,579.2543,33.9317,24.3594,23.5312,0.0011,0.5822,9.1782,9.5723,1776041571930453673
trafficfore,slot_7:trafficfore,sharing,580.2106,71.8112,24.5449,23.7547,0.0011,0.5603,46.8724,47.2663,1776041572924416648
trafficfore,slot_7:trafficfore,sharing,580.262,62.3047,24.2108,23.4376,0.0011,0.545,37.698,38.0939,1776041572966649112
trafficfore,slot_7:trafficfore,sharing,580.5966,33.0684,24.4079,23.6221,0.0011,0.5484,8.2691,8.6605,1776041573271845683
trafficfore,slot_7:trafficfore,sharing,582.2583,32.9728,24.7181,23.9238,0.0011,0.5559,7.8559,8.2547,1776041574933107277
trafficfore,slot_7:trafficfore,sharing,583.5148,46.3209,24.5296,23.7352,0.0011,0.5664,21.3971,21.7913,1776041576203161459
trafficfore,slot_7:trafficfore,sharing,583.8427,33.0143,24.9015,24.1038,0.0012,0.5422,7.7074,8.1128,1776041576517328010
trafficfore,slot_7:trafficfore,sharing,584.9707,32.0835,24.2312,23.4573,0.0012,0.5419,7.4399,7.8523,1776041577645030395
trafficfore,slot_7:trafficfore,sharing,585.1139,33.0617,24.6117,23.831,0.0012,0.5449,8.0438,8.4501,1776041577788879095
trafficfore,slot_7:trafficfore,sharing,585.7309,33.6571,25.1593,23.9823,0.0012,0.9386,8.11,8.4978,1776041578405902150
trafficfore,slot_7:trafficfore,sharing,586.6802,34.0333,24.8027,24.0143,0.001,0.5579,8.821,9.2306,1776041579355905760
trafficfore,slot_7:trafficfore,sharing,586.6954,56.8695,24.1591,23.3878,0.0012,0.5434,32.3071,32.7104,1776041579394684192
trafficfore,slot_7:trafficfore,sharing,588.1751,34.3065,24.767,23.9515,0.0011,0.5659,9.1386,9.5395,1776041580851190533
trafficfore,slot_7:trafficfore,sharing,588.4814,33.0498,24.9538,24.151,0.0012,0.5583,7.6857,8.0961,1776041581155984776
trafficfore,slot_7:trafficfore,sharing,589.3103,57.8456,24.6114,23.7748,0.0011,0.5809,32.8429,33.2342,1776041582010052241
trafficfore,slot_7:trafficfore,sharing,589.9226,32.5873,24.4364,23.6497,0.0012,0.5498,7.75,8.1509,1776041582597298114
trafficfore,slot_7:trafficfore,sharing,591.2696,36.0963,24.4411,23.6009,0.0012,0.5569,11.2436,11.6552,1776041583947809085
trafficfore,slot_7:trafficfore,sharing,591.4273,56.5684,24.2453,23.4607,0.0012,0.5454,31.9171,32.3231,1776041584126130723
trafficfore,slot_7:trafficfore,sharing,593.0757,32.8345,24.6655,23.8547,0.0012,0.5713,7.7753,8.1691,1776041585750380281
trafficfore,slot_7:trafficfore,sharing,593.084,71.945,24.4231,23.6483,0.0011,0.5407,47.1244,47.5219,1776041585798013947
trafficfore,slot_7:trafficfore,sharing,594.4395,32.6543,24.6663,23.8333,0.0012,0.5699,7.5986,7.9879,1776041587114035748
trafficfore,slot_7:trafficfore,sharing,595.2185,43.9491,24.8313,24.0357,0.0012,0.5643,18.724,19.1178,1776041587904133990
trafficfore,slot_7:trafficfore,sharing,597.0788,44.7919,26.96,25.6094,0.0011,0.5419,17.3924,17.8319,1776041589763101976
trafficfore,slot_7:trafficfore,sharing,597.7284,36.8991,24.287,23.4797,0.0011,0.5523,12.2249,12.6121,1776041590407541112
eclfore,slot_8:eclfore,sharing,0.0002,157.1124,108.088,102.8973,0.0013,0.5059,47.8511,49.0244,1776040992714957781
eclfore,slot_8:eclfore,sharing,0.9384,33.0191,24.8442,24.0457,0.0014,0.5633,7.7653,8.1749,1776040993613140879
eclfore,slot_8:eclfore,sharing,3.6862,33.5088,24.5065,23.7223,0.0014,0.5448,8.5828,9.0023,1776040996361752727
eclfore,slot_8:eclfore,sharing,3.8633,33.4256,24.4398,23.6359,0.0014,0.5427,8.5635,8.9857,1776040996538782756
eclfore,slot_8:eclfore,sharing,5.1016,32.9127,24.3992,23.5991,0.0014,0.5649,8.1227,8.5136,1776040997776666983
eclfore,slot_8:eclfore,sharing,9.8523,36.5741,24.8248,23.6579,0.0014,0.5623,11.3294,11.7493,1776041002530613448
eclfore,slot_8:eclfore,sharing,11.6201,32.1505,24.645,23.8475,0.0015,0.546,7.1254,7.5055,1776041004294131283
eclfore,slot_8:eclfore,sharing,12.2858,32.4087,24.8103,24.0248,0.0014,0.5572,7.221,7.5984,1776041004959989602
eclfore,slot_8:eclfore,sharing,12.6564,31.5592,24.4078,23.6183,0.0014,0.5539,6.7465,7.1514,1776041005330056309
eclfore,slot_8:eclfore,sharing,13.4565,33.7217,24.7581,23.9839,0.0014,0.5454,8.5464,8.9635,1776041006131979493
eclfore,slot_8:eclfore,sharing,14.1332,33.1085,24.3486,23.549,0.0014,0.546,8.3494,8.7598,1776041006808491044
eclfore,slot_8:eclfore,sharing,14.4159,74.8353,24.4866,23.6774,0.0014,0.5566,49.9415,50.3487,1776041007132732977
eclfore,slot_8:eclfore,sharing,14.909,47.4548,24.2537,23.4658,0.0013,0.558,22.7959,23.2012,1776041007598749859
eclfore,slot_8:eclfore,sharing,15.5084,33.5801,24.8942,24.1008,0.0013,0.5558,8.3013,8.6859,1776041008183649386
eclfore,slot_8:eclfore,sharing,16.9384,34.1864,25.3085,24.1434,0.0015,0.5522,8.4832,8.8779,1776041009613786512
eclfore,slot_8:eclfore,sharing,16.9486,78.3052,25.9665,24.6966,0.0015,0.5413,51.8548,52.3387,1776041009667409093
eclfore,slot_8:eclfore,sharing,17.2451,32.2211,24.463,23.6739,0.0014,0.5386,7.3824,7.7581,1776041009919430879
eclfore,slot_8:eclfore,sharing,17.523,43.3867,26.2872,25.036,0.0017,0.5422,16.6082,17.0995,1776041010206547650
eclfore,slot_8:eclfore,sharing,17.957,32.9206,25.0722,24.2725,0.0015,0.5487,7.4193,7.8484,1776041010631380263
eclfore,slot_8:eclfore,sharing,18.219,62.9921,24.0207,23.2305,0.0014,0.5594,38.5818,38.9714,1776041010924564862
eclfore,slot_8:eclfore,sharing,18.4082,31.9543,24.1746,23.3801,0.0014,0.5621,7.3724,7.7797,1776041011082524439
eclfore,slot_8:eclfore,sharing,18.5323,34.7781,24.4786,23.6867,0.0013,0.5637,9.8979,10.2995,1776041011209151502
eclfore,slot_8:eclfore,sharing,19.0088,32.2919,24.4173,23.6151,0.0013,0.5612,7.4694,7.8746,1776041011683188388
eclfore,slot_8:eclfore,sharing,19.7519,49.6247,26.6855,25.3405,0.0014,0.5505,22.4392,22.9392,1776041012441319481
eclfore,slot_8:eclfore,sharing,20.5504,55.275,24.0826,23.2903,0.0014,0.5445,30.7727,31.1924,1776041013248146012
eclfore,slot_8:eclfore,sharing,21.5148,26.18,25.1736,24.0273,0.0013,0.5574,0.5908,1.0064,1776041014182327862
eclfore,slot_8:eclfore,sharing,23.1115,32.4404,24.6182,23.8421,0.0013,0.5455,7.4191,7.8222,1776041015785836876
eclfore,slot_8:eclfore,sharing,23.3243,71.8915,24.3733,23.5961,0.0013,0.543,47.1261,47.5183,1776041016038354184
eclfore,slot_8:eclfore,sharing,24.0614,88.3651,35.1849,33.2528,0.0015,0.5309,52.551,53.1801,1776041016780888632
eclfore,slot_8:eclfore,sharing,25.1377,71.161,26.002,24.755,0.0013,0.5467,44.652,45.159,1776041017849283908
eclfore,slot_8:eclfore,sharing,28.4703,32.4383,24.3108,23.5307,0.0014,0.5452,7.7162,8.1274,1776041021144930954
eclfore,slot_8:eclfore,sharing,29.312,34.2917,24.7896,24.0068,0.0013,0.5482,9.1002,9.5022,1776041021988053929
eclfore,slot_8:eclfore,sharing,31.4446,33.1941,24.6489,23.471,0.0015,0.5531,8.1229,8.5452,1776041024119681566
eclfore,slot_8:eclfore,sharing,31.7436,36.253,24.3658,23.5937,0.0015,0.5416,11.4877,11.8872,1776041024422063926
eclfore,slot_8:eclfore,sharing,33.4405,47.642,24.2629,23.4641,0.0014,0.5427,22.9948,23.3791,1776041026130462278
eclfore,slot_8:eclfore,sharing,34.232,34.4198,24.6671,23.8594,0.0014,0.5646,9.3479,9.7527,1776041026908280862
eclfore,slot_8:eclfore,sharing,34.4988,47.6115,24.3086,23.5099,0.0014,0.5594,22.9201,23.3029,1776041027188700622
eclfore,slot_8:eclfore,sharing,34.702,63.3349,24.3632,23.5503,0.0014,0.548,38.5787,38.9717,1776041027407467608
eclfore,slot_8:eclfore,sharing,36.3497,33.8783,24.5917,23.7924,0.0014,0.5439,8.8627,9.2866,1776041029025544405
eclfore,slot_8:eclfore,sharing,36.4587,31.9581,24.4374,23.6496,0.0013,0.5373,7.0992,7.5207,1776041029132781770
eclfore,slot_8:eclfore,sharing,38.2121,34.2746,24.3914,23.5909,0.0014,0.5466,9.4879,9.8831,1776041030888483168
eclfore,slot_8:eclfore,sharing,38.4608,34.621,24.9932,24.1808,0.0013,0.5675,9.2597,9.6278,1776041031136985634
eclfore,slot_8:eclfore,sharing,38.4641,89.7524,35.4786,33.305,0.0016,0.4882,53.5674,54.2738,1776041031184572163
eclfore,slot_8:eclfore,sharing,38.4834,70.4715,35.4786,33.305,0.0016,0.4882,34.2796,34.9929,1776041031184572163
eclfore,slot_8:eclfore,sharing,40.0611,33.1407,24.7048,23.921,0.0014,0.547,8.0328,8.4359,1776041032736082773
eclfore,slot_8:eclfore,sharing,41.1626,49.6435,26.4281,25.1364,0.0015,0.5545,22.7287,23.2154,1776041033852268292
eclfore,slot_8:eclfore,sharing,42.5937,32.8171,25.113,24.3026,0.0013,0.5702,7.308,7.7042,1776041035267961805
eclfore,slot_8:eclfore,sharing,42.7251,32.1898,24.5007,23.7056,0.0013,0.5535,7.2849,7.6891,1776041035399335365
eclfore,slot_8:eclfore,sharing,46.3386,36.4313,24.8576,23.6896,0.0014,0.9099,11.1799,11.5737,1776041039016743402
eclfore,slot_8:eclfore,sharing,47.2455,33.6034,24.3365,23.5532,0.0014,0.5517,8.8828,9.2669,1776041039921349944
eclfore,slot_8:eclfore,sharing,47.7182,67.9963,24.2521,23.4514,0.0013,0.549,43.3455,43.7442,1776041040428473415
eclfore,slot_8:eclfore,sharing,51.8053,33.2549,24.6224,23.7919,0.0013,0.5703,8.203,8.6324,1776041044480448054
eclfore,slot_8:eclfore,sharing,52.0468,34.5216,24.6309,23.8139,0.0013,0.5556,9.4934,9.8907,1776041044723261830
eclfore,slot_8:eclfore,sharing,52.1224,32.8465,24.8116,23.64,0.0014,0.5662,7.6489,8.0348,1776041044797024197
eclfore,slot_8:eclfore,sharing,52.6416,56.215,24.3371,23.5513,0.0013,0.5505,31.4493,31.878,1776041045339935466
eclfore,slot_8:eclfore,sharing,53.2161,33.1266,24.9039,24.1123,0.0016,0.5552,7.8044,8.2227,1776041045890872029
eclfore,slot_8:eclfore,sharing,53.8074,32.7127,24.4598,23.6663,0.0013,0.5604,7.8611,8.2529,1776041046482237155
eclfore,slot_8:eclfore,sharing,54.2624,34.4098,24.6032,23.8048,0.0013,0.5582,9.4013,9.8066,1776041046938751237
eclfore,slot_8:eclfore,sharing,55.1209,55.7766,24.3832,23.5853,0.0012,0.5446,30.9713,31.3934,1776041047818765635
eclfore,slot_8:eclfore,sharing,55.6071,32.6755,24.7198,23.9397,0.0014,0.5421,7.544,7.9557,1776041048281592594
eclfore,slot_8:eclfore,sharing,57.3898,33.4895,25.3124,24.532,0.0014,0.5463,7.6945,8.1771,1776041050064415344
eclfore,slot_8:eclfore,sharing,59.4468,32.8314,24.6723,23.8491,0.0016,0.5489,7.7453,8.1592,1776041052121497569
eclfore,slot_8:eclfore,sharing,60.1538,33.1659,24.3003,23.5264,0.0014,0.5432,8.4543,8.8656,1776041052829164979
eclfore,slot_8:eclfore,sharing,61.4806,64.1367,24.2987,23.5171,0.0014,0.5507,39.4466,39.838,1776041054186981316
eclfore,slot_8:eclfore,sharing,64.558,32.161,24.2773,23.4695,0.0014,0.5447,7.4947,7.8837,1776041057232469674
eclfore,slot_8:eclfore,sharing,66.3625,33.052,24.6941,23.9028,0.0016,0.5395,7.9775,8.3579,1776041059037416585
eclfore,slot_8:eclfore,sharing,66.6242,34.4987,24.9256,24.1298,0.0014,0.5429,9.1472,9.5731,1776041059300270631
eclfore,slot_8:eclfore,sharing,68.0591,62.8855,24.3996,23.607,0.0016,0.5567,38.0864,38.486,1776041060764136653
eclfore,slot_8:eclfore,sharing,68.1771,33.3414,24.7407,23.9376,0.0013,0.57,8.1937,8.6007,1776041060852234191
eclfore,slot_8:eclfore,sharing,68.2185,75.2718,24.1921,23.4215,0.0013,0.5413,50.6954,51.0798,1776041060936171391
eclfore,slot_8:eclfore,sharing,70.9738,34.5974,24.6329,23.8314,0.0012,0.56,9.5685,9.9645,1776041063650332769
eclfore,slot_8:eclfore,sharing,71.7125,71.2173,35.1351,33.3094,0.0015,0.5529,35.4598,36.0822,1776041064414894440
eclfore,slot_8:eclfore,sharing,73.1258,67.0395,24.3401,23.5513,0.0014,0.5582,42.3059,42.6993,1776041065835073115
eclfore,slot_8:eclfore,sharing,74.1577,33.4268,24.35,23.5606,0.0014,0.5603,8.6918,9.0768,1776041066833311885
eclfore,slot_8:eclfore,sharing,74.7359,42.0313,24.342,23.5726,0.0013,0.5396,17.2837,17.6893,1776041067420100894
eclfore,slot_8:eclfore,sharing,74.958,72.7718,24.0676,23.2826,0.0014,0.549,48.2965,48.7042,1776041067673181565
eclfore,slot_8:eclfore,sharing,75.6013,33.1903,24.5462,23.7369,0.0013,0.5629,8.2469,8.6441,1776041068276452609
eclfore,slot_8:eclfore,sharing,75.8732,69.6607,24.5793,23.8039,0.0014,0.5383,44.6863,45.0814,1776041068584772179
eclfore,slot_8:eclfore,sharing,76.1249,44.9846,24.5321,23.7578,0.0012,0.5403,20.0322,20.4524,1776041068811898712
eclfore,slot_8:eclfore,sharing,76.2323,71.2631,24.6782,23.8113,0.0014,0.5515,46.1655,46.5849,1776041068945439803
eclfore,slot_8:eclfore,sharing,77.0023,33.0307,24.2838,23.5143,0.0013,0.541,8.3249,8.747,1776041069677597174
eclfore,slot_8:eclfore,sharing,79.6057,63.6854,27.0879,25.348,0.0015,0.5518,36.0911,36.5975,1776041072308764918
eclfore,slot_8:eclfore,sharing,80.556,66.3068,24.6083,23.8192,0.0013,0.5445,41.2972,41.6985,1776041073264229061
eclfore,slot_8:eclfore,sharing,82.182,32.1536,24.414,23.6336,0.0014,0.5442,7.3459,7.7397,1776041074856293670
eclfore,slot_8:eclfore,sharing,82.3921,67.7347,24.2612,23.4854,0.0013,0.5454,43.0777,43.4735,1776041075102099288
eclfore,slot_8:eclfore,sharing,84.8044,31.9111,24.2158,23.4354,0.0015,0.5494,7.303,7.6953,1776041077478622406
eclfore,slot_8:eclfore,sharing,84.9294,31.4102,24.2329,23.4515,0.0013,0.5529,6.7711,7.1773,1776041077603148860
eclfore,slot_8:eclfore,sharing,86.1602,32.6369,25.1147,24.3142,0.0013,0.5618,7.1237,7.5222,1776041078834277925
eclfore,slot_8:eclfore,sharing,86.7413,33.884,24.8173,24.0121,0.0013,0.5661,8.6701,9.0668,1776041079416858150
eclfore,slot_8:eclfore,sharing,88.6603,32.2237,24.5468,23.7181,0.0013,0.5773,7.2758,7.6769,1776041081334463708
eclfore,slot_8:eclfore,sharing,88.7906,33.3304,24.5003,23.7243,0.0013,0.5408,8.4195,8.8301,1776041081465980027
eclfore,slot_8:eclfore,sharing,89.0354,51.4245,24.3881,23.6095,0.0013,0.5391,26.6211,27.0364,1776041081728947324
eclfore,slot_8:eclfore,sharing,95.1973,69.9806,26.6696,25.3298,0.0013,0.5464,42.7756,43.311,1776041087907011939
eclfore,slot_8:eclfore,sharing,95.641,54.6777,24.1924,23.3877,0.0012,0.5481,30.0643,30.4854,1776041088337997992
eclfore,slot_8:eclfore,sharing,96.3631,33.5109,24.6858,23.8616,0.0014,0.5483,8.4069,8.8251,1776041089038465000
eclfore,slot_8:eclfore,sharing,96.5712,32.9244,24.5515,23.7776,0.0012,0.5398,7.9889,8.3729,1776041089246161688
eclfore,slot_8:eclfore,sharing,96.7494,32.3272,24.3706,23.5722,0.0012,0.5456,7.5479,7.9565,1776041089423838979
eclfore,slot_8:eclfore,sharing,98.6198,53.7758,24.421,23.6261,0.0013,0.5614,28.9352,29.3548,1776041091315633833
eclfore,slot_8:eclfore,sharing,101.2234,50.6835,24.3484,23.5478,0.0013,0.5603,25.9316,26.3351,1776041093916248235
eclfore,slot_8:eclfore,sharing,102.4701,32.6593,24.6284,23.4787,0.0014,0.9082,7.611,8.0309,1776041095144621251
eclfore,slot_8:eclfore,sharing,104.2614,32.0623,24.4711,23.6751,0.0014,0.5605,7.1845,7.5911,1776041096935538684
eclfore,slot_8:eclfore,sharing,104.3894,33.6685,24.4062,23.6097,0.0013,0.558,8.8463,9.2623,1776041097065230114
eclfore,slot_8:eclfore,sharing,104.7092,56.6676,24.4571,23.6803,0.0012,0.5426,31.7986,32.2105,1776041097407909959
eclfore,slot_8:eclfore,sharing,106.3996,32.9237,24.525,23.7198,0.0012,0.5678,8.0035,8.3987,1776041099074533445
eclfore,slot_8:eclfore,sharing,108.0106,69.2427,24.397,23.6054,0.0012,0.5548,44.4527,44.8457,1776041100722011000
eclfore,slot_8:eclfore,sharing,109.9026,39.1817,24.1986,23.4234,0.0012,0.5428,14.5724,14.9831,1776041102584075545
eclfore,slot_8:eclfore,sharing,110.9237,32.1198,24.3746,23.6011,0.0013,0.5361,7.3473,7.7452,1776041103598024982
eclfore,slot_8:eclfore,sharing,112.1772,32.0485,24.683,23.88,0.0011,0.5599,6.9721,7.3654,1776041104851089387
eclfore,slot_8:eclfore,sharing,112.5674,69.3443,24.256,23.442,0.0013,0.5585,44.6758,45.0883,1776041105278996175
eclfore,slot_8:eclfore,sharing,114.5825,31.9808,24.3034,23.5081,0.0012,0.5598,7.293,7.6774,1776041107256731849
eclfore,slot_8:eclfore,sharing,115.9381,33.1194,24.4414,23.65,0.0013,0.5464,8.2808,8.678,1776041108613356974
eclfore,slot_8:eclfore,sharing,117.0396,40.5195,24.5936,23.7993,0.0013,0.5599,15.5334,15.9259,1776041109722070835
eclfore,slot_8:eclfore,sharing,119.0448,31.6622,24.3786,23.5749,0.0013,0.5665,6.8793,7.2836,1776041111718615500
eclfore,slot_8:eclfore,sharing,120.1088,32.9762,24.8752,24.0844,0.0013,0.5408,7.7035,8.101,1776041112783466924
eclfore,slot_8:eclfore,sharing,120.3056,32.5501,24.8081,24.0366,0.0012,0.5396,7.3528,7.742,1776041112979898425
eclfore,slot_8:eclfore,sharing,120.9134,35.8179,24.5747,23.7702,0.0012,0.5626,10.859,11.2431,1776041113591213782
eclfore,slot_8:eclfore,sharing,121.1474,77.7698,24.4922,23.671,0.0013,0.5771,52.8734,53.2776,1776041113867214821
eclfore,slot_8:eclfore,sharing,121.8885,61.3747,24.5037,23.732,0.0013,0.5435,36.4542,36.871,1776041114591922295
eclfore,slot_8:eclfore,sharing,122.9731,32.5677,25.0137,24.2053,0.0013,0.5494,7.1237,7.5541,1776041115647186855
eclfore,slot_8:eclfore,sharing,124.9591,32.2299,25.1467,24.3638,0.0013,0.5485,6.6938,7.0832,1776041117632710879
eclfore,slot_8:eclfore,sharing,125.4607,33.3722,24.3843,23.5788,0.0013,0.5665,8.6071,8.9879,1776041118136246692
eclfore,slot_8:eclfore,sharing,125.812,32.4745,24.6173,23.8188,0.0012,0.5615,7.4446,7.8572,1776041118486419195
eclfore,slot_8:eclfore,sharing,127.3935,31.5576,24.4843,23.6684,0.0012,0.576,6.686,7.0733,1776041120067160613
eclfore,slot_8:eclfore,sharing,128.9383,33.5083,24.9499,24.156,0.0012,0.5538,8.1403,8.5584,1776041121613391543
eclfore,slot_8:eclfore,sharing,131.8084,74.5327,24.3244,23.5492,0.0012,0.5409,49.8073,50.2083,1776041124525173600
eclfore,slot_8:eclfore,sharing,131.8991,31.6758,24.3613,23.5753,0.0013,0.5384,6.9044,7.3145,1776041124572894865
eclfore,slot_8:eclfore,sharing,132.876,32.1209,24.4082,23.6004,0.0013,0.5646,7.3268,7.7128,1776041125550299332
eclfore,slot_8:eclfore,sharing,133.3687,32.3148,24.3935,23.5835,0.0016,0.5648,7.5314,7.9213,1776041126043194111
eclfore,slot_8:eclfore,sharing,133.5117,32.2692,24.5943,23.8002,0.0012,0.5576,7.2758,7.6749,1776041126185932965
eclfore,slot_8:eclfore,sharing,134.2137,32.439,24.6189,23.8343,0.0013,0.5445,7.4379,7.8201,1776041126888088100
eclfore,slot_8:eclfore,sharing,135.2219,39.9663,24.7828,23.6193,0.0014,0.9229,14.7843,15.1836,1776041127903598318
eclfore,slot_8:eclfore,sharing,138.8861,73.7157,27.6267,26.3629,0.0013,0.5336,45.5716,46.089,1776041131598567326
eclfore,slot_8:eclfore,sharing,140.8533,41.5351,24.0839,23.3115,0.0011,0.5423,17.0348,17.4513,1776041133537269821
eclfore,slot_8:eclfore,sharing,141.3337,34.0636,25.26,24.4812,0.0013,0.5451,8.3697,8.8035,1776041134009011694
eclfore,slot_8:eclfore,sharing,141.4196,31.5089,24.3447,23.5451,0.0012,0.5613,6.7794,7.1642,1776041134093327061
eclfore,slot_8:eclfore,sharing,142.5336,32.1631,24.6062,23.8263,0.0012,0.5448,7.1394,7.5569,1776041135207709394
eclfore,slot_8:eclfore,sharing,143.2726,31.5897,24.2485,23.4588,0.0013,0.5563,6.9404,7.3413,1776041135946433712
eclfore,slot_8:eclfore,sharing,144.1293,42.6552,24.4001,23.6287,0.0013,0.5408,17.8313,18.2551,1776041136814042072
eclfore,slot_8:eclfore,sharing,145.3806,32.0835,24.6241,23.8284,0.0013,0.5402,7.046,7.4594,1776041138054552560
eclfore,slot_8:eclfore,sharing,145.7618,33.613,24.4762,23.6509,0.0013,0.5658,8.7273,9.1368,1776041138437490578
eclfore,slot_8:eclfore,sharing,149.5475,32.3925,24.4884,23.7082,0.0012,0.5426,7.5006,7.9041,1776041142221957341
eclfore,slot_8:eclfore,sharing,150.407,63.803,35.3952,33.8299,0.0013,0.4242,27.8955,28.4078,1776041143101809197
eclfore,slot_8:eclfore,sharing,150.4173,53.5703,35.3952,33.8299,0.0013,0.4242,17.5769,18.1751,1776041143101809197
eclfore,slot_8:eclfore,sharing,151.7433,32.6629,24.6512,23.8641,0.0012,0.5431,7.6194,8.0117,1776041144417848228
eclfore,slot_8:eclfore,sharing,152.258,71.8234,25.289,24.5051,0.0012,0.5461,46.0896,46.5344,1776041144971011994
eclfore,slot_8:eclfore,sharing,152.5901,32.5112,24.3107,23.5195,0.0012,0.5423,7.7515,8.2006,1776041145264783352
eclfore,slot_8:eclfore,sharing,153.1631,62.6218,24.8208,24.0146,0.0012,0.5551,37.3929,37.801,1776041145867451434
eclfore,slot_8:eclfore,sharing,154.2845,36.8416,24.0774,23.2963,0.0012,0.5396,12.3823,12.7643,1776041146963810272
eclfore,slot_8:eclfore,sharing,154.4085,33.0944,24.2735,23.4838,0.0012,0.5374,8.4074,8.821,1776041147083885276
eclfore,slot_8:eclfore,sharing,155.1821,47.2553,24.389,23.5921,0.0012,0.5393,22.4729,22.8662,1776041147871498361
eclfore,slot_8:eclfore,sharing,155.9591,42.9122,24.397,23.5901,0.0016,0.5733,18.1086,18.5153,1776041148644155477
eclfore,slot_8:eclfore,sharing,157.4175,32.7046,24.4198,23.6144,0.0013,0.5665,7.8516,8.2848,1776041150092263775
eclfore,slot_8:eclfore,sharing,158.354,32.8808,24.3898,23.6254,0.0013,0.5339,8.07,8.491,1776041151029032195
eclfore,slot_8:eclfore,sharing,159.6307,32.7556,24.6623,23.8586,0.0012,0.5667,7.7121,8.0933,1776041152305348592
eclfore,slot_8:eclfore,sharing,160.2873,32.011,24.4936,23.7333,0.0012,0.5331,7.1197,7.5174,1776041152961376127
eclfore,slot_8:eclfore,sharing,161.7944,31.6491,24.583,23.7767,0.0012,0.5686,6.685,7.0661,1776041154467999204
eclfore,slot_8:eclfore,sharing,161.8177,52.2981,24.75,23.9523,0.0013,0.5645,27.1668,27.5481,1776041154511786834
eclfore,slot_8:eclfore,sharing,162.0856,71.8474,24.6366,23.8475,0.0013,0.5575,46.8109,47.2109,1776041154799362036
eclfore,slot_8:eclfore,sharing,165.0777,33.0055,24.3463,23.5506,0.0013,0.5449,8.2414,8.6591,1776041157752893212
eclfore,slot_8:eclfore,sharing,166.6509,31.8859,24.3586,23.5726,0.0016,0.5452,7.1058,7.5273,1776041159324917540
eclfore,slot_8:eclfore,sharing,166.8929,33.5116,24.5251,23.731,0.0014,0.5549,8.5742,8.9866,1776041159568372606
eclfore,slot_8:eclfore,sharing,172.6071,75.0542,34.1387,32.5337,0.0013,0.5316,40.168,40.9155,1776041165314236893
eclfore,slot_8:eclfore,sharing,172.9578,32.9435,25.0084,24.236,0.0013,0.5414,7.5414,7.9351,1776041165632280933
eclfore,slot_8:eclfore,sharing,173.2976,31.436,24.3671,23.5724,0.0013,0.5621,6.6695,7.0689,1776041165971223592
eclfore,slot_8:eclfore,sharing,174.2553,32.6214,24.7864,23.6205,0.0015,0.9337,7.3957,7.835,1776041166929628975
eclfore,slot_8:eclfore,sharing,174.5553,31.4441,24.1894,23.4173,0.0012,0.543,6.8305,7.2547,1776041167229079125
eclfore,slot_8:eclfore,sharing,176.6361,41.9173,24.4157,23.6425,0.0012,0.5387,17.0736,17.5016,1776041169320069749
eclfore,slot_8:eclfore,sharing,178.2633,52.2106,24.4731,23.6717,0.0012,0.5459,27.3445,27.7375,1776041170957620974
eclfore,slot_8:eclfore,sharing,181.046,32.9058,24.3673,23.5884,0.0013,0.5425,8.1053,8.5385,1776041173721024855
eclfore,slot_8:eclfore,sharing,181.3749,35.8994,24.2066,23.4289,0.0012,0.5428,11.2712,11.6928,1776041174053153212
eclfore,slot_8:eclfore,sharing,183.1369,38.5211,25.0577,24.2359,0.0015,0.573,13.0742,13.4634,1776041175816905056
eclfore,slot_8:eclfore,sharing,183.1642,58.8191,26.7318,25.3704,0.0013,0.5386,31.5475,32.0872,1776041175862694812
eclfore,slot_8:eclfore,sharing,183.6518,35.5158,24.3036,23.5311,0.0013,0.5427,10.8097,11.2121,1776041176329539198
eclfore,slot_8:eclfore,sharing,183.6631,60.8749,24.2779,23.4957,0.0013,0.548,36.1989,36.597,1776041176366195764
eclfore,slot_8:eclfore,sharing,186.3347,50.2255,24.2772,23.4934,0.0015,0.5521,25.5268,25.9483,1776041179027137989
eclfore,slot_8:eclfore,sharing,187.9712,60.9124,24.4553,23.6387,0.0014,0.5733,36.0742,36.4571,1776041180674180105
eclfore,slot_8:eclfore,sharing,192.1014,57.4656,26.1831,24.8451,0.0013,0.5514,30.8182,31.2825,1776041184799194733
eclfore,slot_8:eclfore,sharing,192.5725,36.3619,24.3016,23.5171,0.0012,0.5538,11.6591,12.0603,1776041185251047424
eclfore,slot_8:eclfore,sharing,192.7553,53.4308,24.2883,23.4897,0.0013,0.5487,28.7209,29.1425,1776041185450928444
eclfore,slot_8:eclfore,sharing,197.3872,47.807,24.3644,23.5759,0.0013,0.5561,23.035,23.4426,1776041190077129399
eclfore,slot_8:eclfore,sharing,197.8574,67.8682,24.2753,23.4869,0.0013,0.5473,43.1912,43.5929,1776041190567542342
eclfore,slot_8:eclfore,sharing,200.3025,71.3036,26.0842,24.7354,0.0016,0.5621,44.7555,45.2194,1776041193014188778
eclfore,slot_8:eclfore,sharing,200.8355,45.3665,24.3251,23.5417,0.0012,0.5503,20.6327,21.0414,1776041193523061259
eclfore,slot_8:eclfore,sharing,201.4292,32.9902,24.9537,24.1609,0.0012,0.5569,7.6337,8.0365,1776041194103755695
eclfore,slot_8:eclfore,sharing,202.6573,40.925,25.8833,24.5383,0.0013,0.5473,14.6227,15.0418,1776041195338866302
eclfore,slot_8:eclfore,sharing,205.0439,44.8675,24.7425,23.9602,0.0013,0.554,19.7282,20.125,1776041197730604309
eclfore,slot_8:eclfore,sharing,205.2592,31.8911,24.4727,23.6591,0.0013,0.5666,7.041,7.4185,1776041197933224354
eclfore,slot_8:eclfore,sharing,206.5899,33.2146,24.3577,23.5782,0.0012,0.5513,8.472,8.8569,1776041199265348290
eclfore,slot_8:eclfore,sharing,206.7617,33.3025,25.2474,24.461,0.0012,0.553,7.6449,8.0551,1776041199436292919
eclfore,slot_8:eclfore,sharing,209.3469,33.469,24.3745,23.5767,0.0013,0.5491,8.6806,9.0945,1776041202022531658
eclfore,slot_8:eclfore,sharing,209.3469,82.3705,26.1777,24.7784,0.0017,0.5807,55.6591,56.1928,1776041202069523806
eclfore,slot_8:eclfore,sharing,209.5707,32.3596,24.6336,23.8333,0.0012,0.5622,7.3364,7.726,1776041202244963739
eclfore,slot_8:eclfore,sharing,210.761,50.9965,25.9719,24.703,0.0014,0.5294,24.513,25.0246,1776041203452469150
eclfore,slot_8:eclfore,sharing,211.0877,32.5918,24.5891,23.8125,0.0013,0.5438,7.597,8.0028,1776041203762275976
eclfore,slot_8:eclfore,sharing,213.6613,31.8434,24.4266,23.6208,0.0013,0.5654,7.0121,7.4168,1776041206335206502
eclfore,slot_8:eclfore,sharing,214.0068,31.7297,24.3138,23.5164,0.0013,0.5643,7.0024,7.4159,1776041206680713351
eclfore,slot_8:eclfore,sharing,217.0838,36.6094,24.2534,23.4779,0.0012,0.5377,11.9641,12.3561,1776041209762655174
eclfore,slot_8:eclfore,sharing,217.1285,37.571,24.3655,23.5793,0.0012,0.55,12.8319,13.2054,1776041209808225920
eclfore,slot_8:eclfore,sharing,217.7074,33.8283,24.7341,23.9312,0.0012,0.5509,8.7113,9.0942,1776041210383091822
eclfore,slot_8:eclfore,sharing,219.1796,33.8178,24.8538,24.0426,0.0013,0.5612,8.5695,8.964,1776041211855097902
eclfore,slot_8:eclfore,sharing,219.6234,78.3224,26.7381,24.99,0.0015,0.5479,51.0504,51.5843,1776041212341384144
eclfore,slot_8:eclfore,sharing,223.283,32.3203,24.4322,23.6391,0.0013,0.5449,7.4823,7.8881,1776041215957462717
eclfore,slot_8:eclfore,sharing,223.9038,67.4102,24.1916,23.4212,0.0013,0.5405,42.834,43.2187,1776041216613547527
eclfore,slot_8:eclfore,sharing,224.5914,55.7094,24.2495,23.4477,0.0012,0.567,31.074,31.4599,1776041217289388387
eclfore,slot_8:eclfore,sharing,225.7683,50.1301,24.2744,23.4774,0.0013,0.5629,25.4533,25.8558,1776041218460708055
eclfore,slot_8:eclfore,sharing,232.5062,41.394,24.602,23.4632,0.0014,0.8989,16.3734,16.792,1776041225189544781
eclfore,slot_8:eclfore,sharing,232.6773,43.4954,24.4263,23.632,0.0012,0.5552,18.6818,19.0692,1776041225362874909
eclfore,slot_8:eclfore,sharing,236.074,44.1742,24.3911,23.6058,0.0013,0.5485,19.4092,19.7831,1776041228760345349
eclfore,slot_8:eclfore,sharing,236.9871,32.9523,24.6468,23.8499,0.0012,0.5646,7.9114,8.3056,1776041229661954403
eclfore,slot_8:eclfore,sharing,237.2469,48.2495,25.9731,24.5905,0.0012,0.5749,21.853,22.2764,1776041229935675627
eclfore,slot_8:eclfore,sharing,237.5423,33.8576,24.5305,23.7238,0.0013,0.5687,8.9109,9.3271,1776041230218109257
eclfore,slot_8:eclfore,sharing,238.4276,32.129,24.6953,23.9156,0.0012,0.5432,7.0252,7.4338,1776041231101551852
eclfore,slot_8:eclfore,sharing,242.467,56.4413,24.0813,23.286,0.0012,0.566,31.987,32.36,1776041235165936539
eclfore,slot_8:eclfore,sharing,243.1784,32.783,24.6915,23.8814,0.0013,0.5677,7.6616,8.0916,1776041235852961876
eclfore,slot_8:eclfore,sharing,245.6094,31.7492,24.3488,23.5535,0.0013,0.563,7.0133,7.4004,1776041238283306405
eclfore,slot_8:eclfore,sharing,247.4414,31.9304,24.4383,23.6326,0.0013,0.5544,7.0891,7.4922,1776041240115374921
eclfore,slot_8:eclfore,sharing,248.4247,32.3408,24.4174,23.6067,0.0012,0.5654,7.5088,7.9234,1776041241099183233
eclfore,slot_8:eclfore,sharing,249.7719,32.1212,24.4883,23.707,0.0013,0.5405,7.2157,7.6329,1776041242446015752
eclfore,slot_8:eclfore,sharing,250.0001,31.8725,24.5291,23.7552,0.0013,0.5392,6.9327,7.3434,1776041242673928282
eclfore,slot_8:eclfore,sharing,250.075,32.1314,24.6901,23.9094,0.0013,0.5458,7.0574,7.4413,1776041242749019714
eclfore,slot_8:eclfore,sharing,251.6873,33.5047,24.6205,23.8235,0.0012,0.5555,8.462,8.8843,1776041244362654362
eclfore,slot_8:eclfore,sharing,252.2172,32.9075,25.0008,24.2068,0.0013,0.5618,7.5104,7.9066,1776041244891669096
eclfore,slot_8:eclfore,sharing,252.654,33.3486,24.9273,24.1401,0.0012,0.5453,8.0209,8.4212,1776041245328914835
eclfore,slot_8:eclfore,sharing,252.9706,33.4325,24.6029,23.8169,0.0013,0.5599,8.4479,8.8295,1776041245646012830
eclfore,slot_8:eclfore,sharing,255.4533,51.7862,25.8469,24.5106,0.0013,0.5584,25.4457,25.9393,1776041248145645904
eclfore,slot_8:eclfore,sharing,255.5635,57.1079,26.7304,25.075,0.0014,0.5656,29.8719,30.3776,1776041248260313899
eclfore,slot_8:eclfore,sharing,256.8912,49.0406,24.403,23.6063,0.0012,0.5572,24.2443,24.6376,1776041249582417499
eclfore,slot_8:eclfore,sharing,257.1828,34.1897,24.7679,23.9847,0.0012,0.5481,9.0203,9.4218,1776041249858722799
eclfore,slot_8:eclfore,sharing,257.2271,81.0282,24.0947,23.2915,0.0012,0.563,56.5417,56.9335,1776041249950529719
eclfore,slot_8:eclfore,sharing,258.5585,32.9895,24.3457,23.5378,0.0013,0.5662,8.2622,8.6438,1776041251233678496
eclfore,slot_8:eclfore,sharing,258.8431,40.8401,24.3884,23.6123,0.0013,0.5399,16.0267,16.4517,1776041251526013798
eclfore,slot_8:eclfore,sharing,260.0112,33.3271,24.4605,23.6627,0.0013,0.5592,8.4383,8.8666,1776041252686526494
eclfore,slot_8:eclfore,sharing,261.0428,55.1405,26.299,24.9612,0.0011,0.5494,28.3959,28.8415,1776041253738133240
eclfore,slot_8:eclfore,sharing,261.2711,31.9095,24.2812,23.4599,0.0011,0.565,7.2443,7.6282,1776041253945313570
eclfore,slot_8:eclfore,sharing,261.9256,33.6092,24.6073,23.8255,0.0012,0.547,8.5986,9.0019,1776041254601125160
eclfore,slot_8:eclfore,sharing,262.1348,61.0781,24.3624,23.5796,0.0012,0.5465,36.3088,36.7157,1776041254838061080
eclfore,slot_8:eclfore,sharing,263.6276,32.0883,24.6823,23.9049,0.0012,0.5439,7.0083,7.406,1776041256301570475
eclfore,slot_8:eclfore,sharing,263.8625,32.2697,24.3944,23.6189,0.0012,0.5461,7.4599,7.8753,1776041256536912512
eclfore,slot_8:eclfore,sharing,264.5682,53.117,24.278,23.4882,0.0013,0.5487,28.4355,28.839,1776041257263525991
eclfore,slot_8:eclfore,sharing,266.3285,36.4983,24.3066,23.5232,0.0012,0.5431,11.7855,12.1918,1776041259007195019
eclfore,slot_8:eclfore,sharing,266.6814,91.5139,43.5381,41.6119,0.0013,0.598,47.2929,47.9758,1776041259395593758
eclfore,slot_8:eclfore,sharing,266.7105,62.511,43.5381,41.6119,0.0013,0.598,18.1756,18.9729,1776041259395593758
eclfore,slot_8:eclfore,sharing,267.4425,35.6688,24.5836,23.7786,0.0011,0.5681,10.6828,11.0853,1776041260120139116
eclfore,slot_8:eclfore,sharing,268.2032,32.511,24.4016,23.6142,0.0012,0.5475,7.6933,8.1094,1776041260877863453
eclfore,slot_8:eclfore,sharing,268.2065,76.0484,26.0056,24.7513,0.0012,0.5543,49.5274,50.0427,1776041260922980502
eclfore,slot_8:eclfore,sharing,269.0201,50.8356,24.2459,23.4678,0.0012,0.5435,26.1891,26.5897,1776041261713236450
eclfore,slot_8:eclfore,sharing,269.6653,33.195,24.7867,23.989,0.0012,0.5632,8.0085,8.4083,1776041262340192977
eclfore,slot_8:eclfore,sharing,271.8685,32.3603,24.7681,23.9682,0.0013,0.5602,7.1754,7.5922,1776041264542625896
eclfore,slot_8:eclfore,sharing,271.8858,56.8914,24.7664,23.9471,0.0013,0.542,31.6992,32.125,1776041264584457540
eclfore,slot_8:eclfore,sharing,272.3708,34.9913,24.5191,23.7313,0.0012,0.5574,10.0737,10.4721,1776041265047810368
eclfore,slot_8:eclfore,sharing,272.4199,34.0366,24.4887,23.721,0.0012,0.5383,9.1443,9.548,1776041265095966599
eclfore,slot_8:eclfore,sharing,274.0565,32.7961,24.3338,23.5077,0.0012,0.552,8.0726,8.4623,1776041266731468127
eclfore,slot_8:eclfore,sharing,275.328,33.6938,25.0877,24.2564,0.0012,0.5674,8.1861,8.6061,1776041268003106160
eclfore,slot_8:eclfore,sharing,275.5757,32.2239,24.5119,23.7286,0.0012,0.5419,7.3044,7.7121,1776041268249972863
eclfore,slot_8:eclfore,sharing,276.0146,79.4063,24.4096,23.6049,0.0012,0.5646,54.6143,54.9967,1776041268736159390
eclfore,slot_8:eclfore,sharing,277.6458,34.307,24.7746,23.5958,0.0013,0.943,9.1524,9.5324,1776041270321915702
eclfore,slot_8:eclfore,sharing,277.997,36.3824,24.2944,23.5076,0.0013,0.5449,11.6928,12.088,1776041270675594921
eclfore,slot_8:eclfore,sharing,278.4908,82.7672,24.6874,23.8614,0.0012,0.5492,57.6816,58.0799,1776041271215449979
eclfore,slot_8:eclfore,sharing,280.8172,33.9708,24.5392,23.757,0.0014,0.5462,9.0404,9.4316,1776041273493189030
eclfore,slot_8:eclfore,sharing,280.8553,41.2071,24.19,23.3922,0.0013,0.5673,16.6099,17.0171,1776041273538817372
eclfore,slot_8:eclfore,sharing,281.6876,31.9512,24.4843,23.6834,0.0013,0.5476,7.0763,7.4669,1776041274361602409
eclfore,slot_8:eclfore,sharing,282.9581,31.9471,24.4527,23.6589,0.0013,0.5581,7.1144,7.4945,1776041275632125454
eclfore,slot_8:eclfore,sharing,283.8519,54.7469,24.6084,23.415,0.0012,0.9533,29.737,30.1384,1776041276548567202
eclfore,slot_8:eclfore,sharing,284.1164,33.3567,24.3309,23.5493,0.0013,0.5409,8.6002,9.0258,1776041276791915847
eclfore,slot_8:eclfore,sharing,285.125,32.6009,24.4884,23.6877,0.0013,0.5481,7.6983,8.1125,1776041277799628946
eclfore,slot_8:eclfore,sharing,286.4567,32.2344,24.7557,23.7894,0.0012,0.7106,6.9962,7.4787,1776041279130606293
eclfore,slot_8:eclfore,sharing,286.9182,50.4155,25.0573,24.24,0.0013,0.5654,24.9476,25.3582,1776041279610081775
eclfore,slot_8:eclfore,sharing,287.4818,81.275,26.4631,25.2178,0.0013,0.5332,54.2955,54.8118,1776041280203040604
eclfore,slot_8:eclfore,sharing,288.4266,57.7536,26.6492,25.3097,0.0012,0.5512,30.6842,31.1043,1776041281124249295
eclfore,slot_8:eclfore,sharing,290.1512,55.0342,24.3345,23.525,0.0013,0.5502,30.3273,30.6996,1776041282848465431
eclfore,slot_8:eclfore,sharing,290.398,32.2688,24.5691,23.7682,0.0015,0.5479,7.3156,7.6996,1776041283072270934
eclfore,slot_8:eclfore,sharing,292.3289,32.0897,24.3226,23.5085,0.0012,0.5768,7.3774,7.7671,1776041285003204983
eclfore,slot_8:eclfore,sharing,292.9587,31.2409,24.1587,23.3635,0.0012,0.562,6.6652,7.0823,1776041285632299119
eclfore,slot_8:eclfore,sharing,295.7762,74.0411,24.5795,23.7982,0.0015,0.5469,49.068,49.4616,1776041288492171661
eclfore,slot_8:eclfore,sharing,295.8783,33.3734,24.8355,24.0299,0.0013,0.5499,8.1232,8.5379,1776041288553364371
eclfore,slot_8:eclfore,sharing,299.1536,70.0912,26.1395,24.7725,0.0013,0.5371,43.4055,43.9518,1776041291863950449
eclfore,slot_8:eclfore,sharing,301.169,32.5541,24.428,23.6319,0.0013,0.5436,7.7376,8.1261,1776041293843682979
eclfore,slot_8:eclfore,sharing,301.6297,32.46,24.8646,24.0681,0.0013,0.5594,7.2126,7.5954,1776041294303839656
eclfore,slot_8:eclfore,sharing,302.4626,79.1993,26.5826,25.307,0.0013,0.5405,52.1204,52.6167,1776041295181692586
eclfore,slot_8:eclfore,sharing,302.902,53.128,24.8282,24.0258,0.0014,0.5679,27.8788,28.2998,1776041295596821497
eclfore,slot_8:eclfore,sharing,303.3468,36.0136,24.7613,23.5923,0.0013,0.9302,10.8383,11.2523,1776041296024600230
eclfore,slot_8:eclfore,sharing,304.5734,58.5432,24.2541,23.4726,0.0016,0.5432,33.879,34.2891,1776041297274238893
eclfore,slot_8:eclfore,sharing,304.8281,32.1953,24.7886,23.616,0.0012,0.9354,6.9971,7.4067,1776041297501995062
eclfore,slot_8:eclfore,sharing,304.8774,33.1967,24.3826,23.5848,0.0012,0.5472,8.4183,8.814,1776041297552709739
eclfore,slot_8:eclfore,sharing,304.9652,38.9733,24.3251,23.5504,0.0012,0.5427,14.2584,14.6482,1776041297646405222
eclfore,slot_8:eclfore,sharing,305.2966,32.0437,24.5452,23.7401,0.0012,0.5461,7.0794,7.4985,1776041297970652602
eclfore,slot_8:eclfore,sharing,307.8053,31.7881,24.2918,23.5001,0.0012,0.558,7.0939,7.4964,1776041300479302904
eclfore,slot_8:eclfore,sharing,308.4178,47.2093,24.3202,23.5257,0.0013,0.5611,22.5158,22.889,1776041301107229418
eclfore,slot_8:eclfore,sharing,310.3281,33.947,24.9948,24.1979,0.0014,0.5605,8.5568,8.9522,1776041303003616199
eclfore,slot_8:eclfore,sharing,310.6636,33.5891,24.5968,23.7953,0.0013,0.5616,8.6088,8.9924,1776041303339114455
eclfore,slot_8:eclfore,sharing,313.3675,40.5772,24.4943,23.6596,0.0018,0.5921,15.6906,16.0829,1776041306050104878
eclfore,slot_8:eclfore,sharing,314.0746,32.9027,24.4439,23.6432,0.0012,0.5623,8.0478,8.4588,1776041306749552366
eclfore,slot_8:eclfore,sharing,314.5654,33.6668,24.4006,23.5985,0.0014,0.5653,8.8851,9.2663,1776041307241247665
eclfore,slot_8:eclfore,sharing,314.7803,46.9267,24.3011,23.498,0.0011,0.5457,22.238,22.6256,1776041307469463807
eclfore,slot_8:eclfore,sharing,316.1855,47.8508,24.3764,23.5613,0.0013,0.552,23.0889,23.4744,1776041308875476261
eclfore,slot_8:eclfore,sharing,316.7209,36.1371,24.5046,23.7074,0.0012,0.5678,11.245,11.6325,1776041309399054871
eclfore,slot_8:eclfore,sharing,317.0679,44.6553,24.2697,23.465,0.0013,0.5704,19.9893,20.3856,1776041309754785758
eclfore,slot_8:eclfore,sharing,317.1176,43.103,24.449,23.6388,0.0013,0.5581,18.2571,18.654,1776041309802799761
eclfore,slot_8:eclfore,sharing,319.1708,33.639,24.4635,23.6423,0.0013,0.5668,8.7798,9.1755,1776041311846506377
eclfore,slot_8:eclfore,sharing,319.3039,56.5805,24.3536,23.5485,0.0013,0.5733,31.8446,32.2269,1776041312002641573
eclfore,slot_8:eclfore,sharing,319.655,58.784,26.1563,24.6018,0.0016,0.722,32.1364,32.6277,1776041312354119853
eclfore,slot_8:eclfore,sharing,319.9303,32.8135,24.6301,23.8125,0.0013,0.5811,7.7839,8.1834,1776041312605064749
eclfore,slot_8:eclfore,sharing,320.3609,33.138,24.5455,23.7397,0.0012,0.572,8.2014,8.5926,1776041313036027133
eclfore,slot_8:eclfore,sharing,320.4594,32.2931,24.3597,23.5555,0.0012,0.5408,7.52,7.9334,1776041313133856751
eclfore,slot_8:eclfore,sharing,320.7838,33.4539,24.3694,23.55,0.0013,0.5532,8.6732,9.0845,1776041313459454420
eclfore,slot_8:eclfore,sharing,320.9024,32.6753,24.5657,23.745,0.0012,0.5834,7.7047,8.1095,1776041313577075255
eclfore,slot_8:eclfore,sharing,321.2245,32.7148,24.9113,24.1149,0.0012,0.5598,7.4081,7.8035,1776041313898796420
eclfore,slot_8:eclfore,sharing,321.3786,37.0109,24.3229,23.5204,0.0012,0.5439,12.2995,12.688,1776041314057790672
eclfore,slot_8:eclfore,sharing,321.7236,33.6537,24.4053,23.6128,0.0012,0.542,8.846,9.2484,1776041314399418416
eclfore,slot_8:eclfore,sharing,323.4622,32.428,24.3964,23.5946,0.0013,0.5443,7.5901,8.0317,1776041316136760463
eclfore,slot_8:eclfore,sharing,323.5018,34.3201,25.1668,23.9312,0.0014,0.9516,8.7769,9.1533,1776041316177463574
eclfore,slot_8:eclfore,sharing,324.6843,33.3912,24.3509,23.556,0.0012,0.5443,8.6079,9.0404,1776041317359824120
eclfore,slot_8:eclfore,sharing,325.21,32.836,24.4503,23.6705,0.0012,0.544,7.9706,8.3857,1776041317884879612
eclfore,slot_8:eclfore,sharing,327.269,34.5006,25.043,24.2379,0.0013,0.5452,9.0835,9.4576,1776041319945054485
eclfore,slot_8:eclfore,sharing,327.919,35.9807,24.7823,23.9897,0.0013,0.5405,10.7937,11.1984,1776041320596697222
eclfore,slot_8:eclfore,sharing,328.4275,31.9655,24.1585,23.3655,0.0013,0.566,7.4177,7.807,1776041321101897402
eclfore,slot_8:eclfore,sharing,329.6238,32.084,24.553,23.7738,0.0013,0.5443,7.1282,7.5309,1776041322297904268
eclfore,slot_8:eclfore,sharing,330.0873,65.6369,25.4574,24.2498,0.0013,0.9653,39.7587,40.1795,1776041322794000491
eclfore,slot_8:eclfore,sharing,331.8976,50.663,24.2351,23.4563,0.0013,0.546,26.036,26.4279,1776041324590586588
eclfore,slot_8:eclfore,sharing,334.2205,35.7416,24.0836,23.3152,0.0013,0.5354,11.2669,11.658,1776041326898656058
eclfore,slot_8:eclfore,sharing,336.0005,34.2426,24.4978,23.703,0.0014,0.5461,9.3169,9.7448,1776041328676793430
eclfore,slot_8:eclfore,sharing,336.2763,34.0965,24.6907,23.8693,0.0013,0.5694,9.0022,9.4058,1776041328952272042
eclfore,slot_8:eclfore,sharing,336.7006,50.3576,24.6569,23.4801,0.0012,0.9398,25.2776,25.7007,1776041329392767847
eclfore,slot_8:eclfore,sharing,337.096,69.7181,24.0441,23.2502,0.0013,0.5434,45.274,45.674,1776041329808175448
eclfore,slot_8:eclfore,sharing,337.7653,79.21,26.169,24.8223,0.0012,0.5447,52.5775,53.041,1776041330484819350
eclfore,slot_8:eclfore,sharing,338.7941,32.9242,24.2613,23.4734,0.0012,0.5569,8.2822,8.6628,1776041331469272775
eclfore,slot_8:eclfore,sharing,339.7645,34.1823,24.6623,23.8588,0.0012,0.5461,9.0969,9.52,1776041332440543845
eclfore,slot_8:eclfore,sharing,342.2396,47.6232,24.299,23.5016,0.0012,0.547,22.9514,23.3241,1776041334929452418
eclfore,slot_8:eclfore,sharing,343.3544,85.7742,26.2362,24.9376,0.0013,0.558,59.0394,59.538,1776041336080413255
eclfore,slot_8:eclfore,sharing,343.4338,45.3537,24.3971,23.6087,0.0012,0.5555,20.5722,20.9565,1776041336121276957
eclfore,slot_8:eclfore,sharing,344.4422,33.7782,24.5192,23.7223,0.0013,0.5612,8.8727,9.259,1776041337118034060
eclfore,slot_8:eclfore,sharing,344.4881,35.6874,24.4442,23.6218,0.0012,0.5908,10.8361,11.2432,1776041337165868401
eclfore,slot_8:eclfore,sharing,347.8196,33.7999,25.6443,24.8306,0.0014,0.5635,7.7734,8.1556,1776041340494301615
eclfore,slot_8:eclfore,sharing,348.0824,52.8173,24.5378,23.7421,0.0012,0.5548,27.8862,28.2796,1776041340777191535
eclfore,slot_8:eclfore,sharing,349.0147,32.7015,24.3851,23.5864,0.0013,0.5578,7.9131,8.3164,1776041341689576919
eclfore,slot_8:eclfore,sharing,351.5681,32.887,24.5069,23.6984,0.0012,0.5646,7.9954,8.3801,1776041344243024263
eclfore,slot_8:eclfore,sharing,351.6631,32.2397,24.2745,23.4964,0.0013,0.5392,7.5758,7.9651,1776041344337602716
eclfore,slot_8:eclfore,sharing,352.6321,34.5497,24.8778,23.7043,0.0014,0.5566,9.2504,9.6719,1776041345308299683
eclfore,slot_8:eclfore,sharing,353.0949,33.5143,24.7047,23.9153,0.0013,0.5576,8.3995,8.8096,1776041345770242528
eclfore,slot_8:eclfore,sharing,354.458,70.6871,24.2658,23.4716,0.0012,0.5381,45.9931,46.4212,1776041347170918494
eclfore,slot_8:eclfore,sharing,356.5103,33.1283,24.9613,24.1351,0.0013,0.5652,7.7703,8.1669,1776041349185005065
eclfore,slot_8:eclfore,sharing,356.8027,32.5396,24.4591,23.6786,0.0012,0.5472,7.695,8.0805,1776041349477359375
eclfore,slot_8:eclfore,sharing,356.8924,34.107,24.9483,23.7872,0.0013,0.9214,8.7626,9.1587,1776041349568070624
eclfore,slot_8:eclfore,sharing,358.4303,33.4303,24.6407,23.8685,0.0013,0.5402,8.3814,8.7896,1776041351105644677
eclfore,slot_8:eclfore,sharing,360.8265,74.0621,24.9816,24.1801,0.0013,0.5475,48.713,49.0805,1776041353542121357
eclfore,slot_8:eclfore,sharing,361.3859,37.333,25.0506,24.2626,0.0012,0.5468,11.8983,12.2824,1776041354064713983
eclfore,slot_8:eclfore,sharing,363.6167,32.8724,24.7834,23.9805,0.0013,0.5435,7.7145,8.089,1776041356291300668
eclfore,slot_8:eclfore,sharing,364.5306,35.0733,25.6422,24.8616,0.0013,0.547,9.0418,9.4311,1776041357206622638
eclfore,slot_8:eclfore,sharing,364.8795,31.8685,24.6138,23.8436,0.0012,0.5401,6.8767,7.2546,1776041357553283797
eclfore,slot_8:eclfore,sharing,366.0037,72.1884,24.458,23.6741,0.0013,0.5427,47.3025,47.7303,1776041358717954191
eclfore,slot_8:eclfore,sharing,366.6116,32.4697,24.1207,23.3329,0.0012,0.5599,7.9572,8.349,1776041359286523062
eclfore,slot_8:eclfore,sharing,370.8615,33.7317,25.4939,24.2979,0.0012,0.9467,7.8518,8.2378,1776041363536236912
eclfore,slot_8:eclfore,sharing,370.9947,49.289,24.5293,23.7396,0.0011,0.5552,24.3607,24.7597,1776041363686003921
eclfore,slot_8:eclfore,sharing,371.1271,32.7299,24.635,23.8511,0.0012,0.5424,7.689,8.0948,1776041363801755632
eclfore,slot_8:eclfore,sharing,372.0629,54.3532,24.2912,23.5086,0.0012,0.5372,29.6817,30.062,1776041364759532380
eclfore,slot_8:eclfore,sharing,376.0915,38.6019,24.2731,23.4752,0.0013,0.5639,13.9201,14.3288,1776041368772379659
eclfore,slot_8:eclfore,sharing,378.2038,65.1729,26.2705,24.9957,0.0013,0.5412,38.4028,38.9024,1776041370909166982
eclfore,slot_8:eclfore,sharing,378.2533,57.317,27.5806,26.2696,0.0015,0.562,29.2234,29.7364,1776041370949442349
eclfore,slot_8:eclfore,sharing,379.1733,33.1812,25.0696,23.9034,0.0014,0.5739,7.724,8.1115,1776041371847917092
eclfore,slot_8:eclfore,sharing,379.2565,35.1293,24.4202,23.6154,0.0011,0.5455,10.3016,10.7091,1776041371933774349
eclfore,slot_8:eclfore,sharing,379.6072,35.475,24.3685,23.5927,0.0012,0.5341,10.7152,11.1065,1776041372284892780
eclfore,slot_8:eclfore,sharing,380.2507,32.0807,24.1782,23.4089,0.0012,0.537,7.472,7.9025,1776041372925113045
eclfore,slot_8:eclfore,sharing,380.687,75.0847,24.1396,23.3236,0.0012,0.5645,50.5152,50.9451,1776041373404481211
eclfore,slot_8:eclfore,sharing,380.8902,33.407,24.3791,23.5815,0.0013,0.5418,8.5826,9.0279,1776041373565741015
eclfore,slot_8:eclfore,sharing,381.0228,34.1246,24.6188,23.814,0.0012,0.5619,9.0857,9.5058,1776041373698800614
eclfore,slot_8:eclfore,sharing,381.8249,33.5257,24.5963,23.7812,0.0013,0.5616,8.5225,8.9294,1776041374500366655
eclfore,slot_8:eclfore,sharing,383.1169,79.1366,24.2423,23.4494,0.0016,0.5613,54.5068,54.8943,1776041375838387652
eclfore,slot_8:eclfore,sharing,383.5169,32.7876,24.3572,23.5562,0.0013,0.5481,8.0159,8.4303,1776041376191861841
eclfore,slot_8:eclfore,sharing,383.5528,35.7349,24.2308,23.4402,0.0012,0.5618,11.1046,11.5041,1776041376230824346
eclfore,slot_8:eclfore,sharing,385.3411,51.019,25.9593,24.6745,0.0013,0.5454,24.6379,25.0596,1776041378032691727
eclfore,slot_8:eclfore,sharing,386.1015,34.5871,25.1609,23.9953,0.0014,0.5566,9.0694,9.4262,1776041378777549800
eclfore,slot_8:eclfore,sharing,386.9543,34.0509,24.2789,23.4707,0.0013,0.5455,9.3462,9.772,1776041379630548214
eclfore,slot_8:eclfore,sharing,387.2886,74.4326,24.3306,23.5417,0.0013,0.5581,49.7098,50.102,1776041380005279985
eclfore,slot_8:eclfore,sharing,387.7996,32.2294,24.3462,23.5656,0.0013,0.5462,7.4828,7.8832,1776041380473969241
eclfore,slot_8:eclfore,sharing,388.3494,59.5443,25.7538,24.4903,0.0013,0.5454,33.2773,33.7905,1776041381049566117
eclfore,slot_8:eclfore,sharing,389.6554,67.1499,28.3058,26.969,0.0013,0.5504,38.3146,38.8441,1776041382360658943
eclfore,slot_8:eclfore,sharing,390.2958,64.1558,24.2962,23.4776,0.0012,0.5475,39.4676,39.8596,1776041383002234054
eclfore,slot_8:eclfore,sharing,391.6904,61.7237,24.4201,23.5731,0.0012,0.6053,36.9234,37.3036,1776041384394220714
eclfore,slot_8:eclfore,sharing,393.9586,32.1817,24.1555,23.3788,0.0012,0.5419,7.6206,8.0262,1776041386633155910
eclfore,slot_8:eclfore,sharing,394.491,44.5564,24.6557,23.8276,0.0013,0.5513,19.5265,19.9007,1776041387177462180
eclfore,slot_8:eclfore,sharing,394.6528,35.2166,25.0152,24.1938,0.0012,0.5628,9.8124,10.2013,1776041387329571453
eclfore,slot_8:eclfore,sharing,395.8933,34.4226,25.0744,23.9043,0.0013,0.9234,8.9343,9.3483,1776041388569136071
eclfore,slot_8:eclfore,sharing,396.1393,33.4947,24.473,23.6773,0.0012,0.5532,8.6014,9.0217,1776041388814816711
eclfore,slot_8:eclfore,sharing,396.3997,75.5289,24.2174,23.4298,0.0012,0.5505,50.9317,51.3115,1776041389117613743
eclfore,slot_8:eclfore,sharing,399.7822,32.9731,24.6502,23.7982,0.0014,0.5724,7.911,8.3229,1776041392457040764
eclfore,slot_8:eclfore,sharing,400.0464,53.782,24.2751,23.4674,0.0012,0.5667,29.1109,29.5069,1776041392742408344
eclfore,slot_8:eclfore,sharing,401.5225,33.4036,24.4034,23.633,0.0013,0.536,8.5628,9.0002,1776041394197989748
eclfore,slot_8:eclfore,sharing,403.1155,32.5465,24.6266,23.8183,0.0013,0.5659,7.5307,7.9199,1776041395789957464
eclfore,slot_8:eclfore,sharing,403.5005,50.7553,24.6084,23.8289,0.0013,0.5443,25.7394,26.1468,1776041396193193358
eclfore,slot_8:eclfore,sharing,404.5834,32.4748,24.3699,23.5838,0.0013,0.5447,7.5862,8.1048,1776041397257958902
eclfore,slot_8:eclfore,sharing,408.5847,34.1837,24.9745,24.1633,0.0013,0.5514,8.8105,9.2093,1776041401260488791
eclfore,slot_8:eclfore,sharing,408.9743,32.6972,24.3862,23.6096,0.0012,0.543,7.875,8.311,1776041401649096305
eclfore,slot_8:eclfore,sharing,409.4783,33.4868,24.3799,23.6039,0.0013,0.541,8.7051,9.1069,1776041402153898933
eclfore,slot_8:eclfore,sharing,410.6024,54.101,26.1532,24.8726,0.0013,0.5628,27.5135,27.9478,1776041403296849164
eclfore,slot_8:eclfore,sharing,410.747,49.7129,24.4867,23.6803,0.0013,0.568,24.6851,25.2262,1776041403438583033
eclfore,slot_8:eclfore,sharing,411.3191,32.5677,24.6111,23.7831,0.0013,0.5484,7.5183,7.9567,1776041403993503634
eclfore,slot_8:eclfore,sharing,411.8466,60.3266,26.2241,24.8688,0.0013,0.5427,33.3574,34.1024,1776041404546925727
eclfore,slot_8:eclfore,sharing,412.4461,34.2212,24.6532,23.8631,0.0012,0.5551,9.1732,9.568,1776041405122166665
eclfore,slot_8:eclfore,sharing,414.6785,35.4125,24.3152,23.5436,0.0012,0.542,10.6637,11.0974,1776041407356055065
eclfore,slot_8:eclfore,sharing,414.8451,33.2692,24.1956,23.4155,0.0012,0.5471,8.6608,9.0736,1776041407520647084
eclfore,slot_8:eclfore,sharing,416.0884,33.1209,24.4309,23.6285,0.0011,0.5661,8.285,8.69,1776041408763642776
eclfore,slot_8:eclfore,sharing,416.1286,39.9344,24.8855,24.0857,0.0012,0.5451,14.6506,15.0489,1776041408810222561
eclfore,slot_8:eclfore,sharing,416.2169,56.8814,24.3919,23.6046,0.0012,0.5529,32.0864,32.4895,1776041408915969963
eclfore,slot_8:eclfore,sharing,416.7474,32.9103,25.0047,24.2194,0.0013,0.5472,7.5095,7.9057,1776041409421799907
eclfore,slot_8:eclfore,sharing,417.8145,34.3046,24.3458,23.5498,0.0013,0.551,9.5596,9.9588,1776041410490956055
eclfore,slot_8:eclfore,sharing,418.784,55.1624,24.3849,23.6074,0.0012,0.5429,30.3755,30.7775,1776041411481351046
eclfore,slot_8:eclfore,sharing,418.8163,61.3556,24.2408,23.4437,0.0012,0.5415,36.6938,37.1148,1776041411519964756
eclfore,slot_8:eclfore,sharing,419.97,32.8436,24.7654,23.9726,0.0013,0.5603,7.5541,8.0782,1776041412644535286
eclfore,slot_8:eclfore,sharing,420.0027,48.5947,25.8437,24.4937,0.0012,0.549,22.2166,22.751,1776041412691861061
eclfore,slot_8:eclfore,sharing,420.5128,53.2544,24.5716,23.7781,0.0013,0.5613,28.2929,28.6828,1776041413207982315
eclfore,slot_8:eclfore,sharing,423.1681,32.3672,24.4029,23.606,0.0012,0.5633,7.551,7.9643,1776041415842542969
eclfore,slot_8:eclfore,sharing,423.9813,32.2673,24.8341,24.0391,0.0013,0.5391,7.0236,7.4332,1776041416655298665
eclfore,slot_8:eclfore,sharing,425.6974,59.942,24.4302,23.6039,0.0012,0.5574,35.1257,35.5118,1776041418399467389
eclfore,slot_8:eclfore,sharing,426.833,33.5021,25.1216,24.3019,0.0013,0.5722,8.0018,8.3805,1776041419507892643
eclfore,slot_8:eclfore,sharing,427.3424,32.3379,24.4217,23.609,0.0013,0.5569,7.5183,7.9162,1776041420016820915
eclfore,slot_8:eclfore,sharing,427.8542,33.6249,24.6974,23.7209,0.0016,0.703,8.5402,8.9275,1776041420529670189
eclfore,slot_8:eclfore,sharing,428.2907,44.0214,24.3751,23.5775,0.0013,0.5452,19.2361,19.6463,1776041420976847050
eclfore,slot_8:eclfore,sharing,432.0514,33.5627,25.2356,24.0107,0.0013,0.9731,7.9143,8.3271,1776041424726221728
eclfore,slot_8:eclfore,sharing,434.1661,34.0683,24.4131,23.6239,0.0012,0.5502,9.2762,9.6553,1776041426842298550
eclfore,slot_8:eclfore,sharing,434.2986,59.7908,24.3142,23.5252,0.0012,0.5584,35.0521,35.4766,1776041427000622426
eclfore,slot_8:eclfore,sharing,436.8575,65.6142,24.4522,23.6417,0.0013,0.5672,40.7851,41.162,1776041429565192898
eclfore,slot_8:eclfore,sharing,437.3083,51.8382,34.6598,32.8417,0.0013,0.5397,16.5985,17.1783,1776041429991817704
eclfore,slot_8:eclfore,sharing,438.0669,34.3342,25.0533,23.8731,0.0014,0.5763,8.8999,9.2809,1776041430742742950
eclfore,slot_8:eclfore,sharing,438.2095,50.8833,24.6155,23.8313,0.0014,0.552,25.8861,26.2678,1776041430902284746
eclfore,slot_8:eclfore,sharing,438.2968,60.8969,25.9845,24.7007,0.0017,0.538,34.3907,34.9123,1776041430998109760
eclfore,slot_8:eclfore,sharing,440.4447,32.2518,24.404,23.6031,0.0016,0.5574,7.4422,7.8479,1776041433119075280
eclfore,slot_8:eclfore,sharing,441.3449,32.7756,24.5985,23.7866,0.0012,0.5452,7.7696,8.1772,1776041434019643104
eclfore,slot_8:eclfore,sharing,441.9789,32.7175,24.8192,24.021,0.0013,0.5428,7.4818,7.8983,1776041434653362705
eclfore,slot_8:eclfore,sharing,442.0198,39.7148,24.1705,23.3851,0.0012,0.5578,15.1498,15.5443,1776041434701839552
eclfore,slot_8:eclfore,sharing,442.3776,33.0017,24.4223,23.6076,0.0013,0.5799,8.0972,8.5794,1776041435052643434
eclfore,slot_8:eclfore,sharing,443.7054,33.8268,24.6419,23.8545,0.0012,0.5477,8.8,9.1849,1776041436381117115
eclfore,slot_8:eclfore,sharing,444.6535,32.7196,24.3886,23.607,0.0013,0.5479,7.9465,8.331,1776041437328356056
eclfore,slot_8:eclfore,sharing,446.9489,32.779,24.5951,23.8072,0.0012,0.5449,7.7682,8.1839,1776041439623649491
eclfore,slot_8:eclfore,sharing,449.4078,57.4448,25.8367,24.7334,0.0012,0.43,31.1544,31.6081,1776041442105907505
eclfore,slot_8:eclfore,sharing,449.4151,50.231,25.8367,24.7334,0.0012,0.43,23.8757,24.3943,1776041442105907505
eclfore,slot_8:eclfore,sharing,449.5375,34.2455,24.7611,23.9514,0.0013,0.5412,9.0723,9.4844,1776041442213457205
eclfore,slot_8:eclfore,sharing,453.9084,32.7942,24.4255,23.626,0.0013,0.5609,7.9789,8.3687,1776041446583356382
eclfore,slot_8:eclfore,sharing,454.2949,33.0648,24.7481,23.5837,0.0017,0.9058,7.8833,8.3168,1776041446969749772
eclfore,slot_8:eclfore,sharing,454.6884,34.246,24.6897,23.883,0.0013,0.5444,9.1226,9.5563,1776041447364436887
eclfore,slot_8:eclfore,sharing,461.9475,33.0124,24.8621,24.0578,0.0016,0.5669,7.7298,8.1503,1776041454622155966
eclfore,slot_8:eclfore,sharing,462.2287,47.9062,24.406,23.593,0.0014,0.5539,23.093,23.5001,1776041454918731637
eclfore,slot_8:eclfore,sharing,463.6854,34.1971,25.0053,23.8055,0.0014,0.9548,8.7743,9.1918,1776041456361128776
eclfore,slot_8:eclfore,sharing,465.0525,89.1232,34.2397,32.3854,0.0012,0.5593,54.2693,54.8835,1776041457773730328
eclfore,slot_8:eclfore,sharing,468.8057,32.7206,24.6221,23.8052,0.0013,0.5706,7.7107,8.0985,1776041461480334919
eclfore,slot_8:eclfore,sharing,471.0032,63.2553,24.4583,23.6606,0.0012,0.5623,38.399,38.797,1776041463708564100
eclfore,slot_8:eclfore,sharing,471.7196,40.5169,24.9185,24.095,0.0014,0.5841,15.1937,15.5983,1776041464401745450
eclfore,slot_8:eclfore,sharing,472.4394,32.6424,24.3397,23.5208,0.0014,0.5709,7.9169,8.3027,1776041465114206356
eclfore,slot_8:eclfore,sharing,473.9445,33.8013,24.4029,23.5945,0.0015,0.5572,9.0134,9.3984,1776041466620400207
eclfore,slot_8:eclfore,sharing,475.5783,33.8626,24.5174,23.7207,0.0013,0.5597,8.9505,9.3452,1776041468254155959
eclfore,slot_8:eclfore,sharing,475.7844,32.2351,24.5045,23.6982,0.0013,0.5498,7.3133,7.7306,1776041468458641702
eclfore,slot_8:eclfore,sharing,476.8993,33.4122,24.711,23.8932,0.0012,0.5706,8.3122,8.7013,1776041469574560805
eclfore,slot_8:eclfore,sharing,477.111,33.3478,25.057,23.879,0.0014,0.5541,7.8907,8.2908,1776041469785779842
eclfore,slot_8:eclfore,sharing,480.0939,71.8124,25.8838,24.6271,0.0012,0.5654,45.4485,45.9286,1776041472806295040
eclfore,slot_8:eclfore,sharing,481.1941,33.0479,24.6024,23.8098,0.0012,0.5566,8.0059,8.4455,1776041473868994151
eclfore,slot_8:eclfore,sharing,481.6273,32.9962,24.7462,23.9665,0.0012,0.5438,7.8602,8.25,1776041474302135197
eclfore,slot_8:eclfore,sharing,482.7295,33.2062,24.8452,24.0443,0.0012,0.5451,7.9632,8.3611,1776041475404366779
eclfore,slot_8:eclfore,sharing,484.5608,32.3467,24.6271,23.8178,0.0014,0.5729,7.3333,7.7197,1776041477235054982
eclfore,slot_8:eclfore,sharing,485.1139,33.2892,24.6027,23.8094,0.0013,0.5535,8.2877,8.6865,1776041477789147205
eclfore,slot_8:eclfore,sharing,485.8967,32.4085,24.6936,23.8901,0.0012,0.566,7.323,7.7149,1776041478570929912
eclfore,slot_8:eclfore,sharing,486.7124,33.1571,24.2413,23.445,0.0012,0.5659,8.4989,8.9158,1776041479387794709
eclfore,slot_8:eclfore,sharing,487.1997,32.7787,24.4949,23.7034,0.0011,0.5626,7.863,8.2839,1776041479874540029
eclfore,slot_8:eclfore,sharing,487.4778,85.1715,24.7204,23.9463,0.0011,0.5408,60.0383,60.4511,1776041480204778289
eclfore,slot_8:eclfore,sharing,487.5579,54.9097,26.5155,25.2648,0.0012,0.5427,27.8783,28.3942,1776041480252731996
eclfore,slot_8:eclfore,sharing,487.7874,46.3712,24.4698,23.6639,0.0013,0.5491,21.4734,21.9014,1776041480475759072
eclfore,slot_8:eclfore,sharing,488.8998,41.2741,24.845,24.0411,0.0012,0.5622,16.0272,16.4291,1776041481582763696
eclfore,slot_8:eclfore,sharing,489.744,87.6403,24.6268,23.8009,0.0013,0.5521,62.5691,63.0135,1776041482473468154
eclfore,slot_8:eclfore,sharing,490.9675,33.855,24.3809,23.5648,0.0013,0.5583,9.0513,9.4741,1776041483643488746
eclfore,slot_8:eclfore,sharing,491.1628,32.726,24.9576,24.1596,0.0013,0.5494,7.3574,7.7685,1776041483837129209
eclfore,slot_8:eclfore,sharing,492.3442,33.9069,24.2053,23.4042,0.0012,0.5648,9.3184,9.7016,1776041485020410521
eclfore,slot_8:eclfore,sharing,492.4662,32.2483,24.2419,23.4537,0.0012,0.5576,7.6065,8.0064,1776041485140744713
eclfore,slot_8:eclfore,sharing,492.8613,55.0454,26.8991,25.107,0.0013,0.9861,27.6594,28.1463,1776041485555886756
eclfore,slot_8:eclfore,sharing,494.8433,33.7217,24.3902,23.5778,0.0013,0.5664,8.93,9.3315,1776041487519202429
eclfore,slot_8:eclfore,sharing,495.19,67.1504,24.3013,23.4913,0.0012,0.5716,42.4492,42.8491,1776041487899390353
eclfore,slot_8:eclfore,sharing,495.3916,59.9229,35.1786,33.4563,0.0011,0.5427,24.1325,24.7443,1776041488082687930
eclfore,slot_8:eclfore,sharing,495.9193,43.3865,24.7242,23.5742,0.0014,0.9162,18.2617,18.6622,1776041488604544397
eclfore,slot_8:eclfore,sharing,496.6825,33.251,24.6108,23.8115,0.0012,0.545,8.2238,8.6402,1776041489357626722
eclfore,slot_8:eclfore,sharing,497.0626,35.2502,24.9175,24.1312,0.0012,0.5454,9.9182,10.3327,1776041489739417293
eclfore,slot_8:eclfore,sharing,498.8124,51.5952,24.3206,23.531,0.0013,0.5583,26.8915,27.2746,1776041491506262142
eclfore,slot_8:eclfore,sharing,499.049,32.5229,24.2783,23.4845,0.0012,0.5623,7.8588,8.2446,1776041491723754991
eclfore,slot_8:eclfore,sharing,499.9608,33.0579,24.6952,23.8998,0.0013,0.5614,7.952,8.3627,1776041492635680506
eclfore,slot_8:eclfore,sharing,501.0567,33.3369,24.316,23.5245,0.0012,0.5617,8.6167,9.0209,1776041493732234914
eclfore,slot_8:eclfore,sharing,502.9345,34.1856,24.8711,24.0482,0.0013,0.5622,8.8925,9.3145,1776041495610296890
eclfore,slot_8:eclfore,sharing,503.0078,58.4219,24.1791,23.3772,0.0013,0.5704,33.829,34.2427,1776041495708535425
eclfore,slot_8:eclfore,sharing,504.2773,79.8938,24.926,24.1351,0.0013,0.559,54.5549,54.9679,1776041496998829340
eclfore,slot_8:eclfore,sharing,504.338,69.8025,35.3754,33.6253,0.0012,0.5429,33.8173,34.4271,1776041497038717283
eclfore,slot_8:eclfore,sharing,504.8918,54.2216,24.2277,23.4319,0.0012,0.564,29.6063,29.994,1776041497588372356
eclfore,slot_8:eclfore,sharing,506.0913,75.0139,24.3989,23.6048,0.0015,0.543,50.2167,50.615,1776041498808453031
eclfore,slot_8:eclfore,sharing,506.7263,46.0691,24.5356,23.7679,0.0016,0.5358,21.1258,21.5335,1776041499414336153
eclfore,slot_8:eclfore,sharing,510.5566,32.8987,24.4841,23.6679,0.0013,0.5707,8.0321,8.4146,1776041503231525469
eclfore,slot_8:eclfore,sharing,510.5639,70.5478,24.4218,23.6103,0.0012,0.5728,45.7492,46.126,1776041503276539837
eclfore,slot_8:eclfore,sharing,511.3889,33.9215,24.7879,24.0054,0.0013,0.5457,8.7349,9.1336,1776041504064613224
eclfore,slot_8:eclfore,sharing,514.37,84.1024,36.2847,34.0585,0.0016,0.54,47.1823,47.8177,1776041507084114797
eclfore,slot_8:eclfore,sharing,514.5294,52.7503,27.6015,26.3309,0.0013,0.5564,24.6575,25.1488,1776041507220999640
eclfore,slot_8:eclfore,sharing,514.7108,32.7227,24.4537,23.6598,0.0183,0.5463,7.8809,8.269,1776041507385620495
eclfore,slot_8:eclfore,sharing,515.2892,33.7992,24.4118,23.6217,0.0012,0.5598,8.976,9.3874,1776041507965136038
eclfore,slot_8:eclfore,sharing,517.7406,32.4247,24.2634,23.4657,0.0013,0.5582,7.7734,8.1613,1776041510415347499
eclfore,slot_8:eclfore,sharing,519.0569,33.4988,24.9969,23.7049,0.0014,1.0507,8.1048,8.5018,1776041511731967665
eclfore,slot_8:eclfore,sharing,522.5026,42.6502,24.4146,23.612,0.0014,0.552,17.8535,18.2357,1776041515187401424
eclfore,slot_8:eclfore,sharing,522.9911,33.6044,24.3338,23.5349,0.0012,0.5475,8.8453,9.2706,1776041515666873595
eclfore,slot_8:eclfore,sharing,523.9949,34.1945,24.4913,23.7008,0.0012,0.5618,9.2714,9.7031,1776041516671067137
eclfore,slot_8:eclfore,sharing,525.2392,64.8997,24.1938,23.3896,0.0013,0.5584,40.3249,40.7059,1776041517946494025
eclfore,slot_8:eclfore,sharing,526.0159,34.9267,24.7364,23.9686,0.0013,0.5367,9.7802,10.1902,1776041518692639207
eclfore,slot_8:eclfore,sharing,526.0272,66.3822,24.3194,23.5132,0.0015,0.5475,41.6429,42.0628,1776041518735790643
eclfore,slot_8:eclfore,sharing,527.7917,73.0052,24.3697,23.5718,0.0012,0.5467,48.1944,48.6355,1776041520506850758
eclfore,slot_8:eclfore,sharing,529.5047,33.5813,24.5682,23.7935,0.0013,0.5422,8.6226,9.0131,1776041522180267626
eclfore,slot_8:eclfore,sharing,529.9015,49.005,24.6891,23.887,0.0012,0.5651,23.9384,24.3159,1776041522592349108
eclfore,slot_8:eclfore,sharing,530.2883,78.742,36.369,34.1878,0.0015,0.575,41.769,42.3731,1776041522997014364
eclfore,slot_8:eclfore,sharing,530.4011,32.7728,24.6602,23.8872,0.0013,0.5382,7.7136,8.1126,1776041523075772659
eclfore,slot_8:eclfore,sharing,531.7101,34.3401,24.333,23.5379,0.0012,0.5627,9.5832,10.0071,1776041524386658969
eclfore,slot_8:eclfore,sharing,531.9869,84.62,35.0095,33.3391,0.0012,0.4234,49.1245,49.6105,1776041524702976420
eclfore,slot_8:eclfore,sharing,532.0056,66.0491,35.0095,33.3391,0.0012,0.4234,30.4191,31.0396,1776041524702976420
eclfore,slot_8:eclfore,sharing,532.1795,34.2398,24.4431,23.6594,0.0013,0.5449,9.3877,9.7967,1776041524855868147
eclfore,slot_8:eclfore,sharing,532.6386,34.066,24.8388,24.0376,0.0012,0.5445,8.7934,9.2272,1776041525314360986
eclfore,slot_8:eclfore,sharing,533.6254,33.9315,24.9071,24.1163,0.0012,0.5459,8.6136,9.0244,1776041526300928286
eclfore,slot_8:eclfore,sharing,535.2455,48.8925,24.3941,23.5999,0.0012,0.5608,24.0953,24.4984,1776041527936562998
eclfore,slot_8:eclfore,sharing,538.4344,80.3998,24.2755,23.5002,0.0012,0.5449,55.7065,56.1243,1776041531157063090
eclfore,slot_8:eclfore,sharing,540.4915,32.7945,24.3781,23.5603,0.0011,0.5487,8.0154,8.4164,1776041533166440039
eclfore,slot_8:eclfore,sharing,541.487,32.8116,24.1672,23.3803,0.0013,0.5484,8.2026,8.6444,1776041534162125897
eclfore,slot_8:eclfore,sharing,541.5662,65.9184,24.171,23.382,0.0012,0.5586,41.3187,41.7474,1776041534274422035
eclfore,slot_8:eclfore,sharing,543.8996,62.8688,26.1191,24.8466,0.0013,0.5571,36.2766,36.7497,1776041536602848040
eclfore,slot_8:eclfore,sharing,544.9798,59.0641,25.0409,23.8155,0.0015,0.9776,33.6137,34.0233,1776041537680307411
eclfore,slot_8:eclfore,sharing,547.284,32.521,24.6151,23.8044,0.0015,0.5687,7.4899,7.9059,1776041539958375470
eclfore,slot_8:eclfore,sharing,547.3356,32.5918,24.7449,23.9423,0.0012,0.5643,7.4658,7.8469,1776041540009963394
eclfore,slot_8:eclfore,sharing,549.4736,74.1813,26.2678,24.8575,0.0014,0.6161,47.4286,47.9136,1776041542187985515
eclfore,slot_8:eclfore,sharing,549.9119,33.6175,24.4581,23.6337,0.0012,0.5885,8.7724,9.1594,1776041542587588081
eclfore,slot_8:eclfore,sharing,550.2215,45.6674,24.2607,23.4705,0.0013,0.5626,20.9987,21.4068,1776041542909409207
eclfore,slot_8:eclfore,sharing,550.3673,32.856,24.3786,23.5987,0.0013,0.5506,8.0814,8.4774,1776041543042306690
eclfore,slot_8:eclfore,sharing,550.4105,69.1934,24.8242,24.0207,0.0012,0.5457,43.9804,44.3692,1776041543121442196
eclfore,slot_8:eclfore,sharing,550.4958,79.9062,24.2666,23.4857,0.0012,0.5462,55.2309,55.6396,1776041543217982437
eclfore,slot_8:eclfore,sharing,550.7862,74.8482,25.1634,23.9532,0.0013,0.9511,49.3014,49.6847,1776041543502441036
eclfore,slot_8:eclfore,sharing,551.3672,53.6122,24.357,23.5656,0.0011,0.5571,28.8482,29.2552,1776041544062952225
eclfore,slot_8:eclfore,sharing,552.2229,44.127,24.3745,23.5587,0.0013,0.5678,19.3679,19.7525,1776041544909227671
eclfore,slot_8:eclfore,sharing,553.6224,33.366,24.8305,23.6239,0.0013,0.5473,8.1074,8.5355,1776041546297452775
eclfore,slot_8:eclfore,sharing,554.131,68.5201,24.2657,23.4672,0.0012,0.5447,43.8542,44.2543,1776041546841830692
eclfore,slot_8:eclfore,sharing,554.4766,33.4895,24.3961,23.5811,0.0012,0.5694,8.7175,9.0934,1776041547152204311
eclfore,slot_8:eclfore,sharing,555.4696,33.5152,24.6146,23.8138,0.0012,0.5627,8.5073,8.9006,1776041548144993614
eclfore,slot_8:eclfore,sharing,556.6676,69.8831,25.9347,24.6721,0.0013,0.5469,43.4935,43.9484,1776041549377978276
eclfore,slot_8:eclfore,sharing,556.9615,47.9105,26.2679,25.0129,0.0013,0.5487,21.1537,21.6426,1776041549649565164
eclfore,slot_8:eclfore,sharing,557.1015,33.2706,24.4129,23.6432,0.0013,0.5372,8.4674,8.8577,1776041549776928533
eclfore,slot_8:eclfore,sharing,558.2496,33.354,24.6947,23.9175,0.0012,0.5404,8.2414,8.6594,1776041550924789971
eclfore,slot_8:eclfore,sharing,558.5088,33.5503,25.3544,24.5623,0.0012,0.5382,7.7772,8.1958,1776041551183491138
eclfore,slot_8:eclfore,sharing,561.0413,67.1089,24.3283,23.5179,0.0012,0.568,42.388,42.7806,1776041553750660515
eclfore,slot_8:eclfore,sharing,562.6966,49.5257,25.1081,24.3119,0.0012,0.5644,24.0366,24.4176,1776041555387600155
eclfore,slot_8:eclfore,sharing,562.7439,52.5336,25.8614,24.6325,0.0013,0.535,26.1467,26.6722,1776041555436964267
eclfore,slot_8:eclfore,sharing,563.3619,32.4075,24.3598,23.5553,0.0013,0.5547,7.632,8.0477,1776041556036455142
eclfore,slot_8:eclfore,sharing,564.8348,33.4356,24.3998,23.5991,0.0015,0.5514,8.6455,9.0358,1776041557510368006
eclfore,slot_8:eclfore,sharing,566.3356,33.8669,24.4841,23.6807,0.0013,0.5645,8.9869,9.3828,1776041559011541166
eclfore,slot_8:eclfore,sharing,567.0542,78.7108,24.2357,23.4447,0.0012,0.5538,54.0819,54.4751,1776041559775187385
eclfore,slot_8:eclfore,sharing,567.3701,40.0968,24.4684,23.6817,0.0012,0.544,15.2414,15.6283,1776041560052241576
eclfore,slot_8:eclfore,sharing,568.0619,32.5654,24.3918,23.5757,0.0013,0.5714,7.7906,8.1736,1776041560736660628
eclfore,slot_8:eclfore,sharing,568.6613,45.6805,24.3649,23.5964,0.0012,0.5385,20.8766,21.3156,1776041561349096979
eclfore,slot_8:eclfore,sharing,568.8693,38.7988,24.6057,23.8085,0.0012,0.5613,13.8021,14.1931,1776041561550064591
eclfore,slot_8:eclfore,sharing,569.2143,58.7399,24.5088,23.6931,0.0014,0.5706,33.8528,34.2311,1776041561915080102
eclfore,slot_8:eclfore,sharing,569.9423,33.124,24.6712,23.8694,0.0012,0.5616,8.0645,8.4527,1776041562617323778
eclfore,slot_8:eclfore,sharing,572.2972,34.4884,24.6188,23.8081,0.0014,0.5479,9.459,9.8696,1776041564973576519
eclfore,slot_8:eclfore,sharing,572.6171,42.1314,24.6241,23.8356,0.0012,0.547,17.1111,17.5073,1776041565301185764
eclfore,slot_8:eclfore,sharing,573.0234,84.8384,24.5606,23.7801,0.0012,0.547,59.9039,60.2778,1776041565750237735
eclfore,slot_8:eclfore,sharing,573.8023,33.1192,24.6947,23.8972,0.0012,0.5598,8.0245,8.4245,1776041566477301844
eclfore,slot_8:eclfore,sharing,574.7587,87.2324,35.4971,34.1935,0.0012,0.5409,51.1265,51.7353,1776041567476761296
eclfore,slot_8:eclfore,sharing,576.2691,34.79,24.4429,23.6619,0.0013,0.5471,9.923,10.3471,1776041568945938265
eclfore,slot_8:eclfore,sharing,576.8815,45.8016,24.3808,23.5814,0.0012,0.5464,21.0216,21.4209,1776041569569445725
eclfore,slot_8:eclfore,sharing,577.1201,32.9268,24.5184,23.7458,0.0013,0.5443,7.9782,8.4084,1776041569794968686
eclfore,slot_8:eclfore,sharing,579.6314,40.7271,24.2819,23.4928,0.0015,0.557,16.0668,16.4453,1776041572314431876
eclfore,slot_8:eclfore,sharing,581.4112,33.7059,24.7527,23.5413,0.0012,0.972,8.528,8.9532,1776041574086701681
eclfore,slot_8:eclfore,sharing,582.0226,34.3058,24.6546,23.8785,0.0013,0.5439,9.2449,9.6512,1776041574698813550
eclfore,slot_8:eclfore,sharing,582.4818,33.6039,24.7446,23.946,0.0012,0.5471,8.4577,8.8593,1776041575157155764
eclfore,slot_8:eclfore,sharing,582.6842,49.4289,24.1626,23.3603,0.0013,0.5492,24.8578,25.2664,1776041575375986848
eclfore,slot_8:eclfore,sharing,583.5468,52.7308,24.504,23.6936,0.0013,0.5477,27.8323,28.2268,1776041576241578946
eclfore,slot_8:eclfore,sharing,583.855,66.6671,24.4927,23.6962,0.0012,0.5439,41.759,42.1744,1776041576563666678
eclfore,slot_8:eclfore,sharing,585.6539,33.8855,24.3714,23.5846,0.0012,0.5431,9.1047,9.5141,1776041578329912394
eclfore,slot_8:eclfore,sharing,586.2353,54.2381,24.6465,23.8485,0.0013,0.5491,29.1991,29.5916,1776041578931445673
eclfore,slot_8:eclfore,sharing,587.0021,57.6067,24.1868,23.3893,0.0013,0.5448,33.0062,33.4199,1776041579702036188
eclfore,slot_8:eclfore,sharing,589.2249,32.9726,24.8375,24.0204,0.0014,0.5585,7.714,8.1351,1776041581899567194
eclfore,slot_8:eclfore,sharing,589.295,33.289,24.9669,24.1586,0.0012,0.5654,7.9172,8.322,1776041581969843527
eclfore,slot_8:eclfore,sharing,589.5033,32.4757,24.7169,23.8971,0.0014,0.5623,7.3442,7.7589,1776041582177583667
eclfore,slot_8:eclfore,sharing,591.8752,53.8721,24.2825,23.4712,0.0013,0.5684,29.2082,29.5896,1776041584571336049
eclfore,slot_8:eclfore,sharing,592.4796,59.2334,24.3065,23.5243,0.0013,0.5445,34.5235,34.9269,1776041585181079361
eclfore,slot_8:eclfore,sharing,595.3497,32.2022,24.4102,23.63,0.0013,0.5459,7.3743,7.7921,1776041588024020086
eclfore,slot_8:eclfore,sharing,596.3595,33.1721,24.5815,23.7772,0.0012,0.5452,8.1608,8.5906,1776041589034576753
eclfore,slot_8:eclfore,sharing,596.6118,32.2139,24.3107,23.5129,0.0012,0.5593,7.4809,7.9032,1776041589286235649
eclfore,slot_8:eclfore,sharing,597.0736,50.1168,26.96,25.6094,0.0012,0.558,22.6088,23.1567,1776041589763101976
eclfore,slot_8:eclfore,sharing,597.1258,77.9939,26.6865,25.3438,0.0012,0.5327,50.7274,51.3074,1776041589843425418
eclfore,slot_8:eclfore,sharing,597.8901,33.6864,24.956,23.7778,0.0016,0.5524,8.3301,8.7304,1776041590565375550
eclfore,slot_8:eclfore,sharing,598.687,40.6339,24.4487,23.6133,0.0013,0.5589,15.7816,16.1852,1776041591369720954
eclfore,slot_8:eclfore,sharing,598.8711,61.7006,26.2042,24.9417,0.0014,0.5435,35.0068,35.4964,1776041591573064087
exchangefore,slot_9:exchangefore,sharing,0.0002,157.1164,108.088,102.8973,0.0012,0.5131,47.8404,49.0284,1776040992714957781
exchangefore,slot_9:exchangefore,sharing,0.6485,52.6886,24.3768,23.5766,0.0013,0.5699,27.89,28.3118,1776040993343289820
exchangefore,slot_9:exchangefore,sharing,2.0959,76.7069,24.7458,23.9386,0.0016,0.5512,51.5494,51.9611,1776040994814334766
exchangefore,slot_9:exchangefore,sharing,2.7491,26.1991,25.2083,24.4384,0.0013,0.5395,0.6049,0.9908,1776040995416670462
exchangefore,slot_9:exchangefore,sharing,3.2987,33.1783,24.6828,23.908,0.0012,0.5382,8.0879,8.4956,1776040995973674316
exchangefore,slot_9:exchangefore,sharing,4.7307,32.7437,24.982,24.0872,0.0012,0.6612,7.3802,7.7617,1776040997405033744
exchangefore,slot_9:exchangefore,sharing,4.9166,32.82,24.7847,23.9749,0.0014,0.5663,7.6499,8.0353,1776040997591204936
exchangefore,slot_9:exchangefore,sharing,5.4379,57.133,24.6895,23.8972,0.0012,0.5629,32.0227,32.4434,1776040998136837146
exchangefore,slot_9:exchangefore,sharing,7.9139,70.8427,24.2918,23.5027,0.0012,0.5521,46.1605,46.551,1776041000627044788
exchangefore,slot_9:exchangefore,sharing,8.4438,45.0172,24.1365,23.3577,0.0012,0.5431,20.4885,20.8808,1776041001131220716
exchangefore,slot_9:exchangefore,sharing,8.7273,75.9926,24.1772,23.4096,0.0012,0.5372,51.4374,51.8154,1776041001445680538
exchangefore,slot_9:exchangefore,sharing,8.8264,31.8508,24.623,23.8413,0.0013,0.5471,6.8486,7.2278,1776041001500180438
exchangefore,slot_9:exchangefore,sharing,9.1472,33.0904,24.4768,23.692,0.0013,0.5422,8.2133,8.6135,1776041001822381109
exchangefore,slot_9:exchangefore,sharing,11.5043,34.6556,24.1783,23.4119,0.0013,0.5382,10.0708,10.4773,1776041004181292632
exchangefore,slot_9:exchangefore,sharing,12.9104,33.5898,24.4364,23.6393,0.0012,0.5616,8.7748,9.1534,1776041005586138760
exchangefore,slot_9:exchangefore,sharing,13.9599,33.0753,24.443,23.6426,0.0012,0.5693,8.2145,8.6323,1776041006635090542
exchangefore,slot_9:exchangefore,sharing,15.379,45.2545,27.326,26.037,0.0013,0.5626,17.472,17.9284,1776041008063378046
exchangefore,slot_9:exchangefore,sharing,15.4142,53.1011,27.5847,26.2204,0.0014,0.5436,25.0058,25.5164,1776041008106157616
exchangefore,slot_9:exchangefore,sharing,15.5247,63.3321,24.6272,23.8282,0.0013,0.5682,38.2969,38.7049,1776041008229950610
exchangefore,slot_9:exchangefore,sharing,16.2549,33.7687,24.8229,24.0094,0.0013,0.5503,8.5244,8.9458,1776041008930313630
exchangefore,slot_9:exchangefore,sharing,16.3449,31.949,24.3313,23.5387,0.0013,0.5522,7.2238,7.6178,1776041009019017643
exchangefore,slot_9:exchangefore,sharing,16.8755,34.7528,24.3641,23.5634,0.0013,0.5532,9.9921,10.3888,1776041009552453863
exchangefore,slot_9:exchangefore,sharing,18.2088,35.0757,24.4607,23.697,0.0012,0.5387,10.2108,10.6149,1776041010885897222
exchangefore,slot_9:exchangefore,sharing,20.974,47.7824,24.3389,23.5373,0.0013,0.5494,23.0355,23.4435,1776041013663940032
exchangefore,slot_9:exchangefore,sharing,22.1238,32.3222,24.573,23.7686,0.0013,0.561,7.3683,7.7491,1776041014798136066
exchangefore,slot_9:exchangefore,sharing,23.4884,33.3159,24.587,23.8061,0.0012,0.5421,8.3117,8.7289,1776041016163675506
exchangefore,slot_9:exchangefore,sharing,23.908,33.9587,24.8354,23.6966,0.0012,0.8818,8.7175,9.1233,1776041016583637374
exchangefore,slot_9:exchangefore,sharing,24.1331,62.0401,24.3768,23.5849,0.0013,0.5588,37.2787,37.6633,1776041016837321560
exchangefore,slot_9:exchangefore,sharing,24.7153,32.2862,24.531,23.7332,0.0014,0.5478,7.3242,7.7552,1776041017389595988
exchangefore,slot_9:exchangefore,sharing,27.1283,31.8594,24.2385,23.4148,0.0014,0.5702,7.2351,7.6209,1776041019802449668
exchangefore,slot_9:exchangefore,sharing,27.5218,37.0409,24.5431,23.7661,0.0013,0.5423,12.0933,12.4979,1776041020200864685
exchangefore,slot_9:exchangefore,sharing,27.7661,32.2959,24.6691,23.8684,0.0013,0.5625,7.237,7.6269,1776041020440307748
exchangefore,slot_9:exchangefore,sharing,29.219,32.9573,24.6763,23.8993,0.0013,0.5412,7.8545,8.2811,1776041021893742731
exchangefore,slot_9:exchangefore,sharing,30.1665,53.8611,35.5858,34.3263,0.0015,0.536,17.7317,18.2753,1776041022851166169
exchangefore,slot_9:exchangefore,sharing,31.6133,72.1457,24.5234,23.6999,0.0013,0.5753,47.231,47.6223,1776041024327457401
exchangefore,slot_9:exchangefore,sharing,31.8842,33.8154,24.459,23.6676,0.0012,0.5605,8.9645,9.3564,1776041024560142129
exchangefore,slot_9:exchangefore,sharing,32.6799,34.0185,24.5073,23.7343,0.0013,0.5412,9.0723,9.5112,1776041025355927955
exchangefore,slot_9:exchangefore,sharing,33.8798,32.7215,24.4376,23.6248,0.0012,0.5752,7.894,8.2839,1776041026554640994
exchangefore,slot_9:exchangefore,sharing,34.3338,74.4436,24.8798,24.0893,0.0013,0.5567,49.1719,49.5638,1776041027049931705
exchangefore,slot_9:exchangefore,sharing,34.4031,51.3761,25.7373,24.4934,0.0015,0.5373,25.1443,25.6388,1776041027095156353
exchangefore,slot_9:exchangefore,sharing,34.8027,63.4811,24.2381,23.4493,0.0012,0.5585,38.8453,39.243,1776041027508440541
exchangefore,slot_9:exchangefore,sharing,34.9457,49.5329,25.0056,24.2382,0.0013,0.539,24.1518,24.5273,1776041027636801398
exchangefore,slot_9:exchangefore,sharing,35.5955,33.4299,24.5417,23.7675,0.0013,0.5403,8.4662,8.8881,1776041028270901686
exchangefore,slot_9:exchangefore,sharing,35.9611,33.684,25.1664,24.0184,0.0012,0.9062,8.1096,8.5176,1776041028636181333
exchangefore,slot_9:exchangefore,sharing,37.8916,33.8054,24.3953,23.5812,0.0012,0.5659,9.023,9.41,1776041030567547376
exchangefore,slot_9:exchangefore,sharing,39.4554,33.2406,24.3475,23.5478,0.0012,0.5436,8.4743,8.8931,1776041032130802702
exchangefore,slot_9:exchangefore,sharing,39.695,70.0564,24.9157,24.1173,0.0014,0.5535,44.7361,45.1407,1776041032406684867
exchangefore,slot_9:exchangefore,sharing,43.5969,46.3085,24.6346,23.8266,0.0013,0.5515,21.2812,21.6739,1776041036285106624
exchangefore,slot_9:exchangefore,sharing,43.6656,70.6146,24.4347,23.6334,0.0013,0.5483,45.7666,46.1798,1776041036378318543
exchangefore,slot_9:exchangefore,sharing,44.3054,33.7358,24.937,24.1253,0.0014,0.5539,8.4004,8.7987,1776041036980774134
exchangefore,slot_9:exchangefore,sharing,44.457,32.8288,24.6242,23.8487,0.0013,0.542,7.7801,8.2046,1776041037131728762
exchangefore,slot_9:exchangefore,sharing,46.4842,37.9567,24.3083,23.5318,0.0013,0.5471,13.2639,13.6484,1776041039164415262
exchangefore,slot_9:exchangefore,sharing,46.8223,32.9814,24.2777,23.4926,0.0013,0.5501,8.3139,8.7037,1776041039497581811
exchangefore,slot_9:exchangefore,sharing,47.1242,32.1977,24.2892,23.5219,0.0013,0.5345,7.4759,7.9085,1776041039798604437
exchangefore,slot_9:exchangefore,sharing,48.3211,33.1542,24.7421,23.966,0.0012,0.5471,8.0295,8.4122,1776041040996015703
exchangefore,slot_9:exchangefore,sharing,49.5656,32.6743,24.4279,23.647,0.0013,0.5464,7.8576,8.2464,1776041042240427808
exchangefore,slot_9:exchangefore,sharing,54.6613,32.3133,24.4421,23.6396,0.0013,0.5451,7.4661,7.8712,1776041047335682944
exchangefore,slot_9:exchangefore,sharing,55.0625,74.9228,24.8153,24.0054,0.0013,0.568,49.7041,50.1075,1776041047779186918
exchangefore,slot_9:exchangefore,sharing,55.5342,32.805,24.8171,23.633,0.0013,0.9231,7.5862,7.9879,1776041048208735070
exchangefore,slot_9:exchangefore,sharing,57.0991,33.3371,24.2791,23.4717,0.0013,0.5734,8.6491,9.058,1776041049774724106
exchangefore,slot_9:exchangefore,sharing,57.4231,50.4384,26.4846,25.1086,0.0015,0.5544,23.4256,23.9539,1776041050113455421
exchangefore,slot_9:exchangefore,sharing,59.4701,59.1726,24.342,23.5231,0.0014,0.5515,34.4427,34.8306,1776041052171487643
exchangefore,slot_9:exchangefore,sharing,59.6087,55.9521,24.1392,23.3329,0.0013,0.554,31.3749,31.8129,1776041052307030644
exchangefore,slot_9:exchangefore,sharing,60.2751,31.9829,24.3401,23.5491,0.0012,0.5611,7.2386,7.6428,1776041052949250896
exchangefore,slot_9:exchangefore,sharing,61.2356,31.9927,24.3007,23.5048,0.0013,0.5471,7.288,7.6919,1776041053909839455
exchangefore,slot_9:exchangefore,sharing,61.4478,32.9401,24.5112,23.707,0.0014,0.5456,7.8957,8.429,1776041054122670784
exchangefore,slot_9:exchangefore,sharing,62.0242,33.1359,24.3916,23.6005,0.0013,0.5501,8.3101,8.7443,1776041054699434069
exchangefore,slot_9:exchangefore,sharing,62.3615,33.2201,24.8963,24.1003,0.0015,0.546,7.8893,8.3237,1776041055036303243
exchangefore,slot_9:exchangefore,sharing,63.252,76.1032,34.8556,32.9716,0.0013,0.5488,40.7009,41.2476,1776041055959629522
exchangefore,slot_9:exchangefore,sharing,63.4068,34.0836,24.7997,24.0155,0.0013,0.5477,8.8532,9.2839,1776041056082619353
exchangefore,slot_9:exchangefore,sharing,63.8263,33.2863,24.7116,23.9158,0.0013,0.5441,8.1816,8.5747,1776041056501388791
exchangefore,slot_9:exchangefore,sharing,65.1927,34.0607,24.6737,23.8929,0.0012,0.5447,8.9722,9.387,1776041057868618733
exchangefore,slot_9:exchangefore,sharing,66.714,32.3954,24.5617,23.7535,0.0014,0.566,7.4546,7.8337,1776041059388378899
exchangefore,slot_9:exchangefore,sharing,67.3171,33.2704,24.8029,24.0184,0.0012,0.5445,8.0707,8.4675,1776041059992101092
exchangefore,slot_9:exchangefore,sharing,67.4948,32.4972,24.4915,23.704,0.0014,0.5455,7.6268,8.0056,1776041060169378978
exchangefore,slot_9:exchangefore,sharing,67.6044,32.3243,24.5225,23.717,0.0013,0.5637,7.3903,7.8019,1776041060278766037
exchangefore,slot_9:exchangefore,sharing,68.5724,50.8258,24.6985,23.911,0.0013,0.5484,25.7328,26.1273,1776041061265039933
exchangefore,slot_9:exchangefore,sharing,70.095,32.5892,24.6696,23.855,0.0013,0.5427,7.5085,7.9196,1776041062769456706
exchangefore,slot_9:exchangefore,sharing,71.7081,75.5322,35.1351,33.3094,0.0013,0.5671,39.8717,40.3971,1776041064414894440
exchangefore,slot_9:exchangefore,sharing,72.2624,32.1572,24.3456,23.5536,0.0013,0.5616,7.4141,7.8116,1776041064936717985
exchangefore,slot_9:exchangefore,sharing,74.9371,53.7946,26.3459,25.0066,0.0013,0.5511,26.9752,27.4487,1776041067631039119
exchangefore,slot_9:exchangefore,sharing,75.6916,32.1009,24.4497,23.656,0.0013,0.5421,7.2384,7.6512,1776041068365740188
exchangefore,slot_9:exchangefore,sharing,76.3811,51.4579,24.3749,23.578,0.0013,0.5448,26.6349,27.083,1776041069074711941
exchangefore,slot_9:exchangefore,sharing,77.3623,48.2993,24.5173,23.7169,0.0013,0.548,23.3629,23.7821,1776041070052638153
exchangefore,slot_9:exchangefore,sharing,78.136,66.9346,24.4551,23.6485,0.0013,0.5621,42.1016,42.4795,1776041070845079087
exchangefore,slot_9:exchangefore,sharing,79.1696,32.5868,24.3875,23.6003,0.0012,0.5506,7.8123,8.1993,1776041071844364135
exchangefore,slot_9:exchangefore,sharing,79.2316,64.4577,24.4888,23.6894,0.0012,0.5614,39.5851,39.9689,1776041071938125077
exchangefore,slot_9:exchangefore,sharing,79.6532,61.517,24.2311,23.4242,0.0012,0.5465,36.8707,37.2859,1776041072357006257
exchangefore,slot_9:exchangefore,sharing,81.4472,33.5875,24.6039,23.8033,0.0012,0.5578,8.575,8.9835,1776041074122674812
exchangefore,slot_9:exchangefore,sharing,81.5433,32.4593,24.6595,23.8912,0.0016,0.538,7.3922,7.7998,1776041074217627735
exchangefore,slot_9:exchangefore,sharing,81.8665,36.7172,24.412,23.6213,0.0015,0.5553,11.9066,12.3052,1776041074545299674
exchangefore,slot_9:exchangefore,sharing,82.3848,34.4229,24.347,23.5695,0.0012,0.5456,9.6812,10.0759,1776041075061415777
exchangefore,slot_9:exchangefore,sharing,82.9334,37.3912,24.208,23.4411,0.0012,0.5398,12.7709,13.1832,1776041075613137132
exchangefore,slot_9:exchangefore,sharing,83.065,32.0215,24.3604,23.5957,0.0013,0.536,7.2284,7.6611,1776041075739129506
exchangefore,slot_9:exchangefore,sharing,83.5598,60.8881,24.3439,23.5467,0.0012,0.5454,36.1323,36.5441,1776041076262861283
exchangefore,slot_9:exchangefore,sharing,84.597,53.2112,24.1281,23.3568,0.0016,0.5421,28.6996,29.0831,1776041077292601648
exchangefore,slot_9:exchangefore,sharing,85.091,34.6777,24.6049,23.8246,0.0013,0.5465,9.6745,10.0728,1776041077767654593
exchangefore,slot_9:exchangefore,sharing,85.5313,32.9285,24.7385,23.9443,0.0013,0.5524,7.8011,8.1899,1776041078206010539
exchangefore,slot_9:exchangefore,sharing,87.3672,31.7299,24.2271,23.4644,0.0012,0.5347,7.0989,7.5028,1776041080041227758
exchangefore,slot_9:exchangefore,sharing,88.1785,63.9908,24.6817,23.8812,0.0012,0.5668,38.9099,39.3092,1776041080884319194
exchangefore,slot_9:exchangefore,sharing,89.4056,41.5897,24.6022,23.8091,0.0012,0.5616,16.5951,16.9876,1776041082089090646
exchangefore,slot_9:exchangefore,sharing,89.4288,73.5159,24.6024,23.8281,0.0012,0.5411,48.5048,48.9135,1776041082144288549
exchangefore,slot_9:exchangefore,sharing,90.2017,33.736,24.6239,23.827,0.0012,0.5586,8.6982,9.1121,1776041082877335610
exchangefore,slot_9:exchangefore,sharing,90.7842,32.2423,24.3059,23.5079,0.0013,0.5621,7.5221,7.9364,1776041083458642338
exchangefore,slot_9:exchangefore,sharing,91.7122,33.01,24.6775,23.8651,0.0012,0.577,7.9291,8.3325,1776041084387014506
exchangefore,slot_9:exchangefore,sharing,91.7753,32.8612,25.0287,24.2244,0.0012,0.5644,7.4341,7.8325,1776041084449623990
exchangefore,slot_9:exchangefore,sharing,92.4794,33.3605,24.2705,23.4786,0.0012,0.5527,8.6694,9.09,1776041085154993512
exchangefore,slot_9:exchangefore,sharing,92.6643,33.3374,24.1141,23.2989,0.0012,0.5582,8.8229,9.2232,1776041085340082643
exchangefore,slot_9:exchangefore,sharing,92.6706,71.758,24.201,23.4239,0.0011,0.5411,47.1435,47.557,1776041085384691075
exchangefore,slot_9:exchangefore,sharing,92.9044,75.0585,24.3672,23.5638,0.0011,0.5685,50.307,50.6913,1776041085621595682
exchangefore,slot_9:exchangefore,sharing,94.6551,31.9335,24.4665,23.6627,0.0012,0.5667,7.086,7.467,1776041087329144653
exchangefore,slot_9:exchangefore,sharing,95.1374,32.7513,24.9872,24.2103,0.0012,0.5502,7.3903,7.7642,1776041087811772729
exchangefore,slot_9:exchangefore,sharing,95.1537,64.1747,26.9262,25.6361,0.0012,0.5338,36.7613,37.2484,1776041087857439401
exchangefore,slot_9:exchangefore,sharing,98.8617,32.259,24.272,23.5055,0.0011,0.5372,7.5788,7.987,1776041091536216416
exchangefore,slot_9:exchangefore,sharing,99.4675,33.2253,24.4901,23.6934,0.0013,0.5535,8.3148,8.7352,1776041092142764587
exchangefore,slot_9:exchangefore,sharing,100.5127,66.7579,24.1037,23.3064,0.0011,0.5617,42.2394,42.6542,1776041093221872158
exchangefore,slot_9:exchangefore,sharing,105.7073,31.9252,24.4383,23.6517,0.0012,0.5473,7.1046,7.4869,1776041098381348296
exchangefore,slot_9:exchangefore,sharing,106.1583,48.532,26.0033,24.7268,0.0015,0.549,22.0282,22.5287,1776041098847228828
exchangefore,slot_9:exchangefore,sharing,106.5056,31.4674,24.4631,23.6562,0.0012,0.5706,6.6261,7.0043,1776041099179200758
exchangefore,slot_9:exchangefore,sharing,106.761,54.7554,25.0601,24.2717,0.0012,0.5453,29.2671,29.6954,1776041099457190928
exchangefore,slot_9:exchangefore,sharing,108.1899,31.8265,24.7313,23.5726,0.0012,0.9074,6.695,7.0952,1776041100863568816
exchangefore,slot_9:exchangefore,sharing,108.5794,33.6409,24.4426,23.641,0.0013,0.5583,8.8203,9.1983,1776041101255174802
exchangefore,slot_9:exchangefore,sharing,109.0525,35.5868,24.2107,23.4298,0.0012,0.5511,10.9956,11.3761,1776041101730426454
exchangefore,slot_9:exchangefore,sharing,109.5351,65.3722,24.1415,23.3405,0.0011,0.5658,40.8251,41.2307,1776041102242906817
exchangefore,slot_9:exchangefore,sharing,109.5689,76.8952,24.5641,23.7823,0.0011,0.5407,51.9285,52.3311,1776041102287749680
exchangefore,slot_9:exchangefore,sharing,109.7349,33.3898,24.4816,23.6945,0.0012,0.5475,8.5051,8.9082,1776041102410358971
exchangefore,slot_9:exchangefore,sharing,110.2471,32.3989,24.7006,23.5559,0.0012,0.9089,7.319,7.6984,1776041102921326639
exchangefore,slot_9:exchangefore,sharing,110.8301,33.5279,24.2761,23.4547,0.0011,0.5635,8.8491,9.2518,1776041103505888929
exchangefore,slot_9:exchangefore,sharing,111.7005,33.2031,24.8157,24.0123,0.0012,0.5424,7.9608,8.3875,1776041104375440660
exchangefore,slot_9:exchangefore,sharing,112.5088,52.4879,27.4088,26.1387,0.0012,0.554,24.5757,25.079,1776041105200302068
exchangefore,slot_9:exchangefore,sharing,113.3534,31.3783,24.3262,23.5223,0.0012,0.5515,6.6082,7.0521,1776041106026909884
exchangefore,slot_9:exchangefore,sharing,113.8926,58.275,26.2974,24.9718,0.0011,0.5288,31.4651,31.9776,1776041106590992248
exchangefore,slot_9:exchangefore,sharing,115.2652,45.2526,24.4835,23.6302,0.0012,0.5795,20.3815,20.769,1776041107952484426
exchangefore,slot_9:exchangefore,sharing,115.8252,33.0894,24.4695,23.6955,0.0012,0.5371,8.2381,8.6199,1776041108500418507
exchangefore,slot_9:exchangefore,sharing,116.0795,32.8288,24.6765,23.9015,0.0011,0.5454,7.7498,8.1523,1776041108754141627
exchangefore,slot_9:exchangefore,sharing,116.9221,31.7543,24.39,23.6141,0.0011,0.5426,6.9427,7.3643,1776041109595966700
exchangefore,slot_9:exchangefore,sharing,117.8651,34.086,24.6958,23.9146,0.0012,0.5435,8.9915,9.3902,1776041110541039092
exchangefore,slot_9:exchangefore,sharing,118.2646,33.546,24.5956,23.8173,0.0011,0.5456,8.5621,8.9504,1776041110940112408
exchangefore,slot_9:exchangefore,sharing,118.9611,33.561,24.5932,23.7879,0.0012,0.5498,8.559,8.9678,1776041111636636216
exchangefore,slot_9:exchangefore,sharing,124.4426,31.8792,24.6964,23.894,0.0012,0.5667,6.7861,7.1828,1776041117116325022
exchangefore,slot_9:exchangefore,sharing,125.9016,32.455,24.5774,23.7648,0.0013,0.5769,7.4799,7.8775,1776041118576036265
exchangefore,slot_9:exchangefore,sharing,130.6033,33.5772,24.5007,23.705,0.0012,0.5536,8.6787,9.0765,1776041123278910052
exchangefore,slot_9:exchangefore,sharing,130.648,36.7799,24.6436,23.8593,0.0012,0.5541,11.7364,12.1363,1776041123326643706
exchangefore,slot_9:exchangefore,sharing,134.0802,32.377,24.6024,23.7545,0.0011,0.5577,7.3817,7.7746,1776041126754493019
exchangefore,slot_9:exchangefore,sharing,134.7694,32.4113,24.5391,23.7303,0.0016,0.5466,7.4718,7.8722,1776041127443779174
exchangefore,slot_9:exchangefore,sharing,135.2281,80.7087,24.2056,23.4136,0.0011,0.5492,56.0973,56.5032,1776041127951179048
exchangefore,slot_9:exchangefore,sharing,137.3065,31.8961,24.7974,23.6014,0.0011,0.947,6.7008,7.0987,1776041129980109102
exchangefore,slot_9:exchangefore,sharing,139.5658,33.0434,24.518,23.7432,0.0011,0.539,8.1096,8.5254,1776041132240815054
exchangefore,slot_9:exchangefore,sharing,139.9351,32.1019,24.3201,23.5485,0.0012,0.5425,7.3662,7.7817,1776041132609436633
exchangefore,slot_9:exchangefore,sharing,140.826,32.2897,24.8923,24.1028,0.0012,0.5574,6.8886,7.3974,1776041133499816031
exchangefore,slot_9:exchangefore,sharing,143.0791,31.8508,24.3337,23.5641,0.0012,0.541,7.0908,7.5171,1776041135753125903
exchangefore,slot_9:exchangefore,sharing,143.7929,31.0044,24.1776,23.4081,0.0012,0.5409,6.4275,6.8268,1776041136466220499
exchangefore,slot_9:exchangefore,sharing,144.0367,35.4297,24.2622,23.4539,0.0012,0.552,10.7903,11.1675,1776041136714466309
exchangefore,slot_9:exchangefore,sharing,145.9176,31.8069,24.6339,23.8207,0.0011,0.5584,6.7744,7.173,1776041138591327347
exchangefore,slot_9:exchangefore,sharing,146.3784,32.6173,24.8206,24.0124,0.0012,0.5661,7.4053,7.7968,1776041139052744721
exchangefore,slot_9:exchangefore,sharing,146.6628,31.7087,24.4087,23.6033,0.0012,0.5607,6.891,7.3,1776041139336614862
exchangefore,slot_9:exchangefore,sharing,147.5442,32.9125,24.2497,23.4559,0.0011,0.5621,8.2676,8.6628,1776041140219399079
exchangefore,slot_9:exchangefore,sharing,148.7274,33.2,24.8124,23.6695,0.0012,0.902,7.9856,8.3877,1776041141402274190
exchangefore,slot_9:exchangefore,sharing,148.866,31.4391,24.408,23.5789,0.0011,0.5795,6.6366,7.0311,1776041141539573450
exchangefore,slot_9:exchangefore,sharing,150.0451,31.939,24.6754,23.8686,0.0013,0.5684,6.866,7.2637,1776041142718873780
exchangefore,slot_9:exchangefore,sharing,152.6922,46.123,24.1307,23.3489,0.0011,0.5508,21.5893,21.9923,1776041145380679130
exchangefore,slot_9:exchangefore,sharing,152.8643,34.2746,24.2348,23.4285,0.0012,0.5458,9.6452,10.0398,1776041145540850518
exchangefore,slot_9:exchangefore,sharing,153.1458,31.8854,24.696,23.9161,0.0012,0.5411,6.789,7.1894,1776041145819566054
exchangefore,slot_9:exchangefore,sharing,153.9139,32.6347,25.2761,24.4771,0.001,0.5658,6.9869,7.3586,1776041146587781984
exchangefore,slot_9:exchangefore,sharing,154.1701,32.0821,24.756,23.9754,0.0012,0.5454,6.9251,7.3261,1776041146843956478
exchangefore,slot_9:exchangefore,sharing,155.2524,70.755,24.5061,23.7225,0.0012,0.549,45.8581,46.2489,1776041147965237864
exchangefore,slot_9:exchangefore,sharing,155.7012,32.3184,24.5339,23.7133,0.0012,0.5636,7.3915,7.7845,1776041148375490335
exchangefore,slot_9:exchangefore,sharing,157.8024,77.8408,24.7247,23.539,0.0012,0.9483,52.7155,53.1161,1776041150522099836
exchangefore,slot_9:exchangefore,sharing,158.9196,33.7894,24.9747,24.1577,0.0012,0.5596,8.4236,8.8147,1776041151594983468
exchangefore,slot_9:exchangefore,sharing,159.7199,72.9702,24.5368,23.7488,0.0012,0.5529,48.0142,48.4334,1776041152434816190
exchangefore,slot_9:exchangefore,sharing,159.9647,48.1822,24.2862,23.5125,0.0012,0.5454,23.5035,23.8961,1776041152655163081
exchangefore,slot_9:exchangefore,sharing,160.038,33.0524,24.3646,23.5689,0.0011,0.5594,8.2593,8.6878,1776041152713197002
exchangefore,slot_9:exchangefore,sharing,162.2845,66.1876,24.2836,23.4822,0.0011,0.548,41.4777,41.904,1776041154992866205
exchangefore,slot_9:exchangefore,sharing,162.5609,32.1388,24.5789,23.7749,0.0011,0.5673,7.1697,7.5599,1776041155235006559
exchangefore,slot_9:exchangefore,sharing,163.2322,32.2378,24.5653,23.7634,0.0012,0.5671,7.2589,7.6725,1776041155906397476
exchangefore,slot_9:exchangefore,sharing,164.1748,32.3908,24.5091,23.7342,0.0011,0.5447,7.4887,7.8818,1776041156849243970
exchangefore,slot_9:exchangefore,sharing,165.237,37.225,24.2743,23.4874,0.0012,0.5579,12.5566,12.9507,1776041157916536730
exchangefore,slot_9:exchangefore,sharing,165.5242,54.1823,24.4684,23.6534,0.0011,0.5643,29.3052,29.7139,1776041158220473565
exchangefore,slot_9:exchangefore,sharing,168.4317,33.8135,24.742,23.9309,0.0013,0.5797,8.6896,9.0715,1776041161107314314
exchangefore,slot_9:exchangefore,sharing,168.7931,31.9865,24.6652,23.4577,0.0012,0.9348,6.9163,7.3213,1776041161466976174
exchangefore,slot_9:exchangefore,sharing,169.7365,31.7903,24.2933,23.5101,0.0012,0.55,7.0934,7.497,1776041162410546504
exchangefore,slot_9:exchangefore,sharing,170.8305,32.1479,24.2412,23.3453,0.0015,0.5725,7.488,7.9067,1776041163504952817
exchangefore,slot_9:exchangefore,sharing,172.7393,31.8794,24.4277,23.6261,0.0011,0.5599,7.045,7.4517,1776041165413281430
exchangefore,slot_9:exchangefore,sharing,172.8391,62.5787,24.3664,23.5589,0.0012,0.547,37.8089,38.2123,1776041165543865411
exchangefore,slot_9:exchangefore,sharing,173.7006,33.8218,24.5571,23.7703,0.0012,0.5584,8.8556,9.2648,1776041166376410894
exchangefore,slot_9:exchangefore,sharing,174.9922,48.4431,24.3981,23.6062,0.0012,0.5357,23.6387,24.045,1776041167682812109
exchangefore,slot_9:exchangefore,sharing,175.2189,31.7488,24.5309,23.7235,0.0012,0.5497,6.8128,7.2179,1776041167892661358
exchangefore,slot_9:exchangefore,sharing,176.1656,46.6628,24.3595,23.5413,0.0012,0.5509,21.9142,22.3033,1776041168854494994
exchangefore,slot_9:exchangefore,sharing,177.6406,32.5818,24.2321,23.4437,0.0012,0.5553,7.9663,8.3497,1776041170315532976
exchangefore,slot_9:exchangefore,sharing,178.7203,32.8033,24.3891,23.5937,0.0012,0.5612,8.0073,8.4142,1776041171395222855
exchangefore,slot_9:exchangefore,sharing,178.7992,32.0516,24.5966,23.8178,0.0012,0.5431,7.0727,7.455,1776041171473184248
exchangefore,slot_9:exchangefore,sharing,179.1395,58.053,24.4693,23.663,0.0012,0.5711,33.1795,33.5837,1776041171839582517
exchangefore,slot_9:exchangefore,sharing,179.3367,31.4968,24.395,23.6108,0.0012,0.5465,6.7096,7.1018,1776041172010357742
exchangefore,slot_9:exchangefore,sharing,179.3903,32.4609,24.2527,23.4702,0.0012,0.5457,7.7965,8.2082,1776041172065036703
exchangefore,slot_9:exchangefore,sharing,179.4379,31.7886,24.5831,23.4399,0.0012,0.903,6.7861,7.2055,1776041172111583759
exchangefore,slot_9:exchangefore,sharing,179.8619,31.9698,24.1713,23.4005,0.0013,0.5375,7.3819,7.7984,1776041172536214219
exchangefore,slot_9:exchangefore,sharing,180.0003,32.0563,24.4167,23.6351,0.0012,0.54,7.2403,7.6396,1776041172674432514
exchangefore,slot_9:exchangefore,sharing,180.1307,48.3773,24.6456,23.8557,0.0011,0.5621,23.355,23.7317,1776041172821027395
exchangefore,slot_9:exchangefore,sharing,180.3816,32.6052,24.3923,23.6133,0.0012,0.5432,7.808,8.2129,1776041173056364044
exchangefore,slot_9:exchangefore,sharing,180.5398,61.5892,26.6268,24.9746,0.0013,0.5715,34.3876,34.9624,1776041173241080975
exchangefore,slot_9:exchangefore,sharing,181.126,32.4576,24.4532,23.6549,0.0012,0.559,7.6118,8.0044,1776041173800536114
exchangefore,slot_9:exchangefore,sharing,183.4648,57.0445,24.23,23.4476,0.0012,0.5435,32.4118,32.8145,1776041176164174726
exchangefore,slot_9:exchangefore,sharing,184.0953,32.5303,24.7552,23.5834,0.0013,0.5548,7.3743,7.7751,1776041176769646651
exchangefore,slot_9:exchangefore,sharing,184.9265,62.7012,26.0662,24.7404,0.0012,0.5523,36.1998,36.635,1776041177629624420
exchangefore,slot_9:exchangefore,sharing,186.6386,62.9117,24.4932,23.7015,0.0012,0.5551,38.0261,38.4185,1776041179343548633
exchangefore,slot_9:exchangefore,sharing,187.5896,33.5894,24.7288,23.9193,0.0012,0.5764,8.4655,8.8606,1776041180265000681
exchangefore,slot_9:exchangefore,sharing,188.2772,33.1244,24.3425,23.5522,0.0012,0.5468,8.3847,8.7819,1776041180952529815
exchangefore,slot_9:exchangefore,sharing,188.4295,33.0238,24.2789,23.4719,0.0011,0.5677,8.3466,8.745,1776041181104784066
exchangefore,slot_9:exchangefore,sharing,188.7161,32.1357,24.7975,24.0262,0.0012,0.5437,6.968,7.3382,1776041181389996814
exchangefore,slot_9:exchangefore,sharing,188.8996,45.5387,24.1626,23.3706,0.0011,0.5644,20.977,21.376,1776041181587536037
exchangefore,slot_9:exchangefore,sharing,189.3615,32.4488,24.4289,23.6595,0.0011,0.5374,7.6127,8.0199,1776041182036050949
exchangefore,slot_9:exchangefore,sharing,189.4671,32.2416,24.4241,23.6445,0.0011,0.5456,7.4272,7.8175,1776041182141436331
exchangefore,slot_9:exchangefore,sharing,190.3935,36.7589,24.2303,23.4555,0.0012,0.544,12.1295,12.5286,1776041183072562989
exchangefore,slot_9:exchangefore,sharing,192.0992,59.8054,26.1831,24.8451,0.0013,0.5358,33.0956,33.6223,1776041184799194733
exchangefore,slot_9:exchangefore,sharing,192.4045,32.0623,24.2116,23.3965,0.0012,0.5545,7.4542,7.8507,1776041185078893254
exchangefore,slot_9:exchangefore,sharing,192.5083,62.1092,24.4817,23.7135,0.0012,0.5391,37.2276,37.6275,1776041185212420554
exchangefore,slot_9:exchangefore,sharing,192.731,32.1178,25.0258,24.2267,0.0012,0.5647,6.7141,7.0921,1776041185404636559
exchangefore,slot_9:exchangefore,sharing,193.884,32.7787,24.7388,23.9491,0.0013,0.5546,7.6275,8.0399,1776041186558579608
exchangefore,slot_9:exchangefore,sharing,194.7383,41.7628,26.0033,24.7528,0.0012,0.5378,15.2552,15.7596,1776041187420442941
exchangefore,slot_9:exchangefore,sharing,195.0643,57.0407,24.2772,23.4904,0.0012,0.5429,32.3732,32.7635,1776041187763618974
exchangefore,slot_9:exchangefore,sharing,197.032,31.7128,24.3805,23.5859,0.0013,0.5406,6.9172,7.3323,1776041189705821925
exchangefore,slot_9:exchangefore,sharing,197.2509,31.846,24.4141,23.6283,0.0012,0.5447,7.026,7.432,1776041189924858922
exchangefore,slot_9:exchangefore,sharing,199.3615,31.3315,24.2289,23.444,0.001,0.55,6.6993,7.1027,1776041192035133363
exchangefore,slot_9:exchangefore,sharing,199.5265,50.1487,24.1642,23.3761,0.0012,0.5372,25.5773,25.9846,1776041192218968727
exchangefore,slot_9:exchangefore,sharing,200.496,33.8378,24.6524,23.883,0.0012,0.5376,8.7798,9.1854,1776041193171750281
exchangefore,slot_9:exchangefore,sharing,200.6801,33.3869,24.7189,23.9093,0.0012,0.5675,8.2841,8.6681,1776041193355292568
exchangefore,slot_9:exchangefore,sharing,201.1526,33.289,24.6588,23.8824,0.0012,0.538,8.2364,8.6302,1776041193827796406
exchangefore,slot_9:exchangefore,sharing,202.0158,32.1131,24.6982,23.9144,0.0012,0.5453,7.0062,7.4149,1776041194689747258
exchangefore,slot_9:exchangefore,sharing,203.9616,56.9212,24.2757,23.4768,0.0012,0.5451,32.2628,32.6456,1776041196660810878
exchangefore,slot_9:exchangefore,sharing,204.395,32.8953,24.5296,23.7472,0.0012,0.5407,7.9575,8.3657,1776041197069864572
exchangefore,slot_9:exchangefore,sharing,204.757,33.0434,24.0426,23.2574,0.0012,0.5572,8.6014,9.0008,1776041197432545379
exchangefore,slot_9:exchangefore,sharing,206.4032,32.3997,24.6858,23.5031,0.0013,0.5625,7.2927,7.7139,1776041199077463666
exchangefore,slot_9:exchangefore,sharing,206.9036,64.3661,25.8057,24.5493,0.0012,0.5637,38.0995,38.5604,1776041199608658366
exchangefore,slot_9:exchangefore,sharing,207.3373,34.1504,24.591,23.7897,0.0011,0.5639,9.1684,9.5594,1776041200013432277
exchangefore,slot_9:exchangefore,sharing,207.5973,32.1631,24.5063,23.6886,0.0011,0.5618,7.2653,7.6569,1776041200271466809
exchangefore,slot_9:exchangefore,sharing,209.4364,34.5316,24.6679,23.4912,0.0012,0.9399,9.4357,9.8637,1776041202112769176
exchangefore,slot_9:exchangefore,sharing,210.3653,31.6935,24.4473,23.6491,0.0012,0.5654,6.8552,7.2461,1776041203039096830
exchangefore,slot_9:exchangefore,sharing,210.7313,33.6802,25.6906,24.9056,0.0012,0.5468,7.5879,7.9896,1776041203405808287
exchangefore,slot_9:exchangefore,sharing,211.5619,43.1519,25.0818,23.784,0.0012,1.0271,17.6871,18.0701,1776041204246505370
exchangefore,slot_9:exchangefore,sharing,213.2547,31.8549,24.3342,23.5331,0.0011,0.5657,7.1344,7.5207,1776041205928721051
exchangefore,slot_9:exchangefore,sharing,214.6507,65.1326,24.3113,23.5429,0.0012,0.5386,40.431,40.8213,1776041207358048483
exchangefore,slot_9:exchangefore,sharing,215.1413,33.5779,24.8651,24.0658,0.0012,0.5628,8.3222,8.7128,1776041207816548489
exchangefore,slot_9:exchangefore,sharing,216.2445,68.9538,26.2173,24.9691,0.0013,0.537,42.2177,42.7365,1776041208953643813
exchangefore,slot_9:exchangefore,sharing,216.5931,31.8391,24.1963,23.3954,0.0012,0.5709,7.2577,7.6428,1776041209267340479
exchangefore,slot_9:exchangefore,sharing,219.6201,33.216,24.4835,23.6826,0.0013,0.5486,8.3351,8.7325,1776041212295384557
exchangefore,slot_9:exchangefore,sharing,220.9537,61.1534,24.3294,23.5514,0.0011,0.5402,36.4215,36.824,1776041213657091115
exchangefore,slot_9:exchangefore,sharing,221.3885,59.8598,24.0998,23.3302,0.0012,0.5414,35.3746,35.76,1776041214090802114
exchangefore,slot_9:exchangefore,sharing,221.4494,43.7307,24.3836,23.5892,0.0012,0.5636,18.955,19.3471,1776041214135324237
exchangefore,slot_9:exchangefore,sharing,223.8041,33.6807,25.6541,24.4484,0.0013,0.9446,7.5874,8.0266,1776041216478618510
exchangefore,slot_9:exchangefore,sharing,223.8165,62.2139,26.1681,24.6273,0.019,0.5484,35.5237,36.0458,1776041216518909994
exchangefore,slot_9:exchangefore,sharing,223.8769,48.4133,24.6457,23.8312,0.0013,0.5537,23.3655,23.7675,1776041216567195353
exchangefore,slot_9:exchangefore,sharing,224.1592,31.7438,24.1581,23.3582,0.0011,0.5619,7.1929,7.5857,1776041216833341539
exchangefore,slot_9:exchangefore,sharing,227.1049,67.3757,25.8045,24.4652,0.0012,0.5484,41.1386,41.5711,1776041219812969971
exchangefore,slot_9:exchangefore,sharing,227.8241,32.3026,25.0143,24.2149,0.0012,0.5571,6.8979,7.2883,1776041220497954202
exchangefore,slot_9:exchangefore,sharing,227.8324,75.4409,26.1985,24.9216,0.0012,0.5364,48.7378,49.2424,1776041220548085947
exchangefore,slot_9:exchangefore,sharing,227.924,32.419,24.2376,23.4606,0.0012,0.5414,7.7868,8.1814,1776041220598672721
exchangefore,slot_9:exchangefore,sharing,228.0005,49.7987,24.6594,23.8827,0.0012,0.5411,24.7376,25.1393,1776041220692142665
exchangefore,slot_9:exchangefore,sharing,233.177,32.2304,24.5298,23.7321,0.0012,0.5618,7.2911,7.7005,1776041225851246905
exchangefore,slot_9:exchangefore,sharing,234.1748,33.4609,24.3423,23.5403,0.0012,0.5454,8.7311,9.1185,1776041226850495014
exchangefore,slot_9:exchangefore,sharing,235.7744,33.4699,24.6621,23.8697,0.0012,0.5488,8.4224,8.8078,1776041228449762859
exchangefore,slot_9:exchangefore,sharing,237.2295,65.7401,25.9731,24.5905,0.0012,0.5597,39.259,39.767,1776041229935675627
exchangefore,slot_9:exchangefore,sharing,238.9349,33.0927,24.4841,23.6871,0.0011,0.5624,8.2324,8.6086,1776041231610113117
exchangefore,slot_9:exchangefore,sharing,240.3398,32.7291,24.7813,23.6477,0.0012,0.893,7.5569,7.9479,1776041233014291998
exchangefore,slot_9:exchangefore,sharing,241.8907,33.3865,24.66,23.8575,0.0012,0.5653,8.3392,8.7265,1776041234565936460
exchangefore,slot_9:exchangefore,sharing,242.4368,47.148,24.8199,23.653,0.0013,0.9141,21.9176,22.3281,1776041235125653777
exchangefore,slot_9:exchangefore,sharing,242.5516,33.288,24.3252,23.5384,0.0012,0.5527,8.45,8.9628,1776041235226935624
exchangefore,slot_9:exchangefore,sharing,242.5847,44.5144,24.3473,23.5617,0.0012,0.5584,19.7659,20.1671,1776041235271358340
exchangefore,slot_9:exchangefore,sharing,244.7322,76.4401,24.5177,23.7034,0.0013,0.5619,51.4913,51.9224,1776041237450604282
exchangefore,slot_9:exchangefore,sharing,244.7852,67.6129,24.4,23.6133,0.0012,0.5543,42.7876,43.2129,1776041237494970770
exchangefore,slot_9:exchangefore,sharing,246.1133,66.021,26.4088,25.1401,0.0015,0.5637,39.1245,39.6122,1776041238819403305
exchangefore,slot_9:exchangefore,sharing,246.5169,32.9058,25.1711,24.379,0.0013,0.5433,7.3197,7.7347,1776041239191175385
exchangefore,slot_9:exchangefore,sharing,246.7025,32.6161,24.4127,23.6269,0.0013,0.5519,7.8237,8.2035,1776041239377295375
exchangefore,slot_9:exchangefore,sharing,247.3761,44.1847,24.4171,23.6415,0.0012,0.5397,19.3517,19.7676,1776041240062353091
exchangefore,slot_9:exchangefore,sharing,247.8106,34.4157,24.4802,23.6821,0.0012,0.5622,9.5294,9.9355,1776041240487108088
exchangefore,slot_9:exchangefore,sharing,248.8781,53.2262,24.7405,23.9657,0.0011,0.5438,28.0819,28.4858,1776041241573120690
exchangefore,slot_9:exchangefore,sharing,252.4136,47.1432,24.2686,23.4713,0.0011,0.555,22.4664,22.8746,1776041245103027844
exchangefore,slot_9:exchangefore,sharing,255.426,79.1457,25.8469,24.5106,0.0012,0.5365,52.7432,53.2988,1776041248145645904
exchangefore,slot_9:exchangefore,sharing,255.5482,32.198,24.9609,24.1626,0.0011,0.5632,6.845,7.2371,1776041248221990673
exchangefore,slot_9:exchangefore,sharing,255.7589,32.0432,24.4588,23.686,0.0012,0.5402,7.1702,7.5844,1776041248433016729
exchangefore,slot_9:exchangefore,sharing,259.2429,32.5787,24.8653,24.0658,0.0012,0.5612,7.3304,7.7134,1776041251917141124
exchangefore,slot_9:exchangefore,sharing,260.1206,33.1187,24.4847,23.688,0.0013,0.5487,8.2395,8.634,1776041252795793331
exchangefore,slot_9:exchangefore,sharing,261.1101,32.3293,24.3725,23.5698,0.0011,0.5609,7.5579,7.9568,1776041253784621046
exchangefore,slot_9:exchangefore,sharing,262.206,32.9492,24.9489,24.1475,0.0011,0.5497,7.6106,8.0004,1776041254880535827
exchangefore,slot_9:exchangefore,sharing,262.5736,36.9344,24.3444,23.5565,0.0012,0.5334,12.2004,12.59,1776041255252749324
exchangefore,slot_9:exchangefore,sharing,263.6868,50.7994,24.9014,24.0987,0.0013,0.5394,25.4889,25.8979,1776041256379237135
exchangefore,slot_9:exchangefore,sharing,265.576,32.527,24.4986,23.7069,0.0012,0.5403,7.6292,8.0284,1776041258250578211
exchangefore,slot_9:exchangefore,sharing,265.6646,31.8687,24.5081,23.6961,0.0011,0.5662,6.9559,7.3606,1776041258338536593
exchangefore,slot_9:exchangefore,sharing,269.75,32.0554,24.3432,23.545,0.0012,0.566,7.3104,7.7122,1776041262424201335
exchangefore,slot_9:exchangefore,sharing,270.2058,33.0482,24.5259,23.7498,0.0012,0.5398,8.1174,8.5222,1776041262880850315
exchangefore,slot_9:exchangefore,sharing,270.9015,33.4492,24.6836,23.8784,0.0012,0.562,8.373,8.7656,1776041263576849112
exchangefore,slot_9:exchangefore,sharing,270.9078,71.6691,24.8259,23.6547,0.0012,0.9322,46.452,46.8432,1776041263621229687
exchangefore,slot_9:exchangefore,sharing,271.3436,33.6792,24.5163,23.7156,0.0012,0.5624,8.7683,9.163,1776041264019266369
exchangefore,slot_9:exchangefore,sharing,271.4013,31.7278,24.4438,23.6428,0.0012,0.5608,6.8874,7.2839,1776041264075161532
exchangefore,slot_9:exchangefore,sharing,272.488,61.8732,24.3943,23.6157,0.0012,0.5412,37.07,37.4789,1776041265192027515
exchangefore,slot_9:exchangefore,sharing,272.574,66.1974,24.4992,23.7025,0.0012,0.551,41.3134,41.6982,1776041265282241871
exchangefore,slot_9:exchangefore,sharing,273.1713,33.7598,24.536,23.7388,0.0012,0.5626,8.8112,9.2238,1776041265847033771
exchangefore,slot_9:exchangefore,sharing,273.6447,32.2828,24.2909,23.4918,0.0012,0.5673,7.5958,7.9919,1776041266319275800
exchangefore,slot_9:exchangefore,sharing,275.9417,61.8048,24.458,23.6417,0.0012,0.5616,36.9401,37.3468,1776041268645570451
exchangefore,slot_9:exchangefore,sharing,277.7533,31.7852,24.3167,23.5226,0.0012,0.5644,7.0708,7.4686,1776041270427263420
exchangefore,slot_9:exchangefore,sharing,278.8053,33.6981,24.4741,23.6958,0.0012,0.5416,8.817,9.224,1776041271481026151
exchangefore,slot_9:exchangefore,sharing,279.9356,52.1772,24.3653,23.5782,0.0013,0.5554,27.416,27.8118,1776041272629974522
exchangefore,slot_9:exchangefore,sharing,283.8296,31.7736,24.5336,23.7121,0.0013,0.5717,6.8705,7.24,1776041276503415476
exchangefore,slot_9:exchangefore,sharing,283.8755,79.9589,24.7933,23.9858,0.0013,0.5692,54.7535,55.1657,1776041276597171334
exchangefore,slot_9:exchangefore,sharing,286.7951,34.5268,25.0096,24.1958,0.0012,0.5484,9.1114,9.5172,1776041279471120742
exchangefore,slot_9:exchangefore,sharing,286.8889,32.1226,24.5887,23.7641,0.0012,0.5894,7.1478,7.5339,1776041279562969822
exchangefore,slot_9:exchangefore,sharing,287.5246,83.828,24.3158,23.5147,0.0012,0.5654,59.1118,59.5122,1776041280250651664
exchangefore,slot_9:exchangefore,sharing,288.2571,33.4146,24.9114,24.1041,0.0012,0.5692,8.1289,8.5032,1776041280932118800
exchangefore,slot_9:exchangefore,sharing,288.438,46.4463,26.6492,25.3097,0.0012,0.537,19.2959,19.7971,1776041281124249295
exchangefore,slot_9:exchangefore,sharing,288.8657,33.2165,25.0444,24.1894,0.0013,0.5797,7.7305,8.1721,1776041281540353001
exchangefore,slot_9:exchangefore,sharing,289.7915,32.4979,24.8806,24.0856,0.0012,0.5449,7.2136,7.6173,1776041282465645344
exchangefore,slot_9:exchangefore,sharing,291.4247,32.8434,24.3649,23.5592,0.0011,0.5672,8.0557,8.4784,1776041284099704944
exchangefore,slot_9:exchangefore,sharing,292.4241,32.2676,24.3777,23.5792,0.0012,0.5491,7.4522,7.8899,1776041285098480818
exchangefore,slot_9:exchangefore,sharing,293.025,33.0694,24.2893,23.4913,0.0012,0.5607,8.3537,8.78,1776041285700329356
exchangefore,slot_9:exchangefore,sharing,294.3928,33.3676,25.3097,24.4873,0.0012,0.5688,7.6602,8.0579,1776041287067352886
exchangefore,slot_9:exchangefore,sharing,298.266,32.9373,25.0551,23.8763,0.0012,0.9419,7.4623,7.8822,1776041290940385648
exchangefore,slot_9:exchangefore,sharing,299.0299,35.8427,24.9391,24.1568,0.0012,0.5476,10.5019,10.9036,1776041291707319431
exchangefore,slot_9:exchangefore,sharing,299.0908,51.3985,24.348,23.5755,0.0011,0.5438,26.6755,27.0505,1776041291784431543
exchangefore,slot_9:exchangefore,sharing,299.7666,68.2721,25.908,24.6483,0.0015,0.5375,41.8434,42.3641,1776041292475381226
exchangefore,slot_9:exchangefore,sharing,302.1392,74.6756,26.0924,24.8322,0.0012,0.5288,48.0771,48.5832,1776041294854253253
exchangefore,slot_9:exchangefore,sharing,304.0659,32.9013,24.787,24.0011,0.0012,0.5477,7.7055,8.1143,1776041296740571537
exchangefore,slot_9:exchangefore,sharing,304.3434,44.2448,24.3705,23.567,0.0012,0.5455,19.4676,19.8742,1776041297029781019
exchangefore,slot_9:exchangefore,sharing,305.0113,38.5089,24.3336,23.5611,0.0012,0.5408,13.7615,14.1753,1776041297691975424
exchangefore,slot_9:exchangefore,sharing,305.2394,32.1078,24.6343,23.8176,0.0012,0.5425,7.0772,7.4735,1776041297913446897
exchangefore,slot_9:exchangefore,sharing,306.4455,32.4094,24.4711,23.6913,0.0012,0.5424,7.5412,7.9384,1776041299120021154
exchangefore,slot_9:exchangefore,sharing,306.795,38.6724,25.1823,23.989,0.0013,0.5533,13.0715,13.4902,1776041299475052804
exchangefore,slot_9:exchangefore,sharing,307.3909,50.6184,24.3716,23.5547,0.0015,0.5612,25.851,26.2468,1776041300083733020
exchangefore,slot_9:exchangefore,sharing,307.5996,32.8205,24.3669,23.5681,0.0012,0.5664,8.0571,8.4536,1776041300274604973
exchangefore,slot_9:exchangefore,sharing,309.5818,32.284,24.4675,23.6791,0.0011,0.5537,7.4353,7.8165,1776041302256153172
exchangefore,slot_9:exchangefore,sharing,311.1383,59.3019,24.3574,23.563,0.0012,0.5431,34.5333,34.9445,1776041303839773890
exchangefore,slot_9:exchangefore,sharing,313.1148,32.485,24.4632,23.6777,0.0011,0.5514,7.6115,8.0219,1776041305789348349
exchangefore,slot_9:exchangefore,sharing,315.3689,32.6102,24.6412,23.8157,0.0012,0.5447,7.5808,7.969,1776041308043460321
exchangefore,slot_9:exchangefore,sharing,315.4617,32.856,24.4576,23.6459,0.0012,0.5714,8.007,8.3984,1776041308136606500
exchangefore,slot_9:exchangefore,sharing,316.5638,32.9988,24.3746,23.5821,0.0012,0.5582,8.2145,8.6242,1776041309238914911
exchangefore,slot_9:exchangefore,sharing,318.8293,34.1368,24.4612,23.6465,0.0012,0.5652,9.275,9.6756,1776041311505505086
exchangefore,slot_9:exchangefore,sharing,321.2408,62.8805,24.3178,23.5081,0.0012,0.5508,38.1567,38.5627,1776041313945858226
exchangefore,slot_9:exchangefore,sharing,322.0696,63.2925,24.2868,23.5021,0.0012,0.5388,38.6052,39.0057,1776041314775172564
exchangefore,slot_9:exchangefore,sharing,322.7219,52.5625,24.3449,23.5521,0.0012,0.5621,27.8301,28.2176,1776041315416691684
exchangefore,slot_9:exchangefore,sharing,323.0628,33.1619,24.5177,23.7214,0.0012,0.5593,8.2514,8.6442,1776041315738016199
exchangefore,slot_9:exchangefore,sharing,323.6411,56.9797,26.5091,25.0173,0.0013,0.5385,29.9542,30.4706,1776041316337949939
exchangefore,slot_9:exchangefore,sharing,325.6001,79.1187,35.7214,33.3343,0.0012,0.5633,42.7544,43.3974,1776041318309764802
exchangefore,slot_9:exchangefore,sharing,325.6893,83.3318,24.1701,23.3759,0.0012,0.541,58.7533,59.1617,1776041318414979031
exchangefore,slot_9:exchangefore,sharing,325.8948,32.9361,25.1063,24.3208,0.0012,0.5463,7.427,7.8298,1776041318569157779
exchangefore,slot_9:exchangefore,sharing,326.4548,33.4451,25.5255,24.3582,0.0012,0.9303,7.539,7.9197,1776041319129249944
exchangefore,slot_9:exchangefore,sharing,327.024,33.083,24.8816,24.0704,0.0013,0.5666,7.807,8.2013,1776041319698706750
exchangefore,slot_9:exchangefore,sharing,330.0394,33.8404,24.5338,23.7185,0.0011,0.5622,8.9238,9.3066,1776041322715219230
exchangefore,slot_9:exchangefore,sharing,331.2027,32.171,24.5737,23.7894,0.0011,0.5427,7.1735,7.5974,1776041323876770155
exchangefore,slot_9:exchangefore,sharing,331.9694,32.0549,24.3651,23.5683,0.0012,0.5601,7.2935,7.6898,1776041324643604192
exchangefore,slot_9:exchangefore,sharing,332.3967,32.5313,24.5884,23.7939,0.0012,0.5563,7.5521,7.9428,1776041325071175365
exchangefore,slot_9:exchangefore,sharing,332.9199,32.4435,24.6931,23.9007,0.0012,0.5613,7.3729,7.7504,1776041325594247809
exchangefore,slot_9:exchangefore,sharing,333.3669,32.5632,24.2902,23.4968,0.0012,0.5599,7.849,8.2731,1776041326041693962
exchangefore,slot_9:exchangefore,sharing,333.4366,32.4874,24.2521,23.4339,0.0011,0.5775,7.8223,8.2353,1776041326111330135
exchangefore,slot_9:exchangefore,sharing,336.6692,32.7573,24.7809,23.8007,0.0013,0.6723,7.6044,7.9764,1776041329343787855
exchangefore,slot_9:exchangefore,sharing,337.6788,54.1048,24.4591,23.6755,0.0012,0.5507,29.2401,29.6457,1776041330375005491
exchangefore,slot_9:exchangefore,sharing,338.1195,32.9311,24.9435,24.1388,0.0012,0.5709,7.5927,7.9876,1776041330794069846
exchangefore,slot_9:exchangefore,sharing,338.208,86.8528,24.3606,23.5894,0.0012,0.5423,62.0918,62.4922,1776041330937013175
exchangefore,slot_9:exchangefore,sharing,340.6712,32.5637,24.2747,23.4705,0.0012,0.5486,7.8702,8.2889,1776041333345965814
exchangefore,slot_9:exchangefore,sharing,341.3621,32.7973,24.3478,23.576,0.0013,0.5371,8.0452,8.4495,1776041334037045973
exchangefore,slot_9:exchangefore,sharing,341.7022,32.7208,24.9825,24.1899,0.0012,0.5346,7.3268,7.7383,1776041334376486647
exchangefore,slot_9:exchangefore,sharing,342.3373,33.9611,24.411,23.6221,0.0012,0.5467,9.1453,9.55,1776041335013369244
exchangefore,slot_9:exchangefore,sharing,342.9311,65.1526,24.1131,23.3351,0.0011,0.544,40.6425,41.0396,1776041335638717033
exchangefore,slot_9:exchangefore,sharing,343.3123,35.0182,24.8645,24.0879,0.0011,0.5403,9.7475,10.1537,1776041335989015841
exchangefore,slot_9:exchangefore,sharing,344.728,34.6062,25.0307,24.2091,0.0013,0.5624,9.1562,9.5756,1776041337404131201
exchangefore,slot_9:exchangefore,sharing,344.8873,32.6381,24.4502,23.6762,0.0011,0.5399,7.787,8.1879,1776041337562038282
exchangefore,slot_9:exchangefore,sharing,345.9029,33.637,24.9952,24.1936,0.0012,0.5463,8.2338,8.6419,1776041338578101156
exchangefore,slot_9:exchangefore,sharing,346.2634,75.6228,26.3267,24.6594,0.0015,0.5432,48.7752,49.2961,1776041338979104740
exchangefore,slot_9:exchangefore,sharing,346.8432,34.1575,24.5882,23.8,0.0011,0.5438,9.1827,9.5694,1776041339519284157
exchangefore,slot_9:exchangefore,sharing,348.3479,69.802,24.4154,23.5926,0.0011,0.5622,44.9858,45.3867,1776041341059840219
exchangefore,slot_9:exchangefore,sharing,349.3064,33.2708,25.0454,24.2477,0.0012,0.5427,7.8344,8.2254,1776041341981179783
exchangefore,slot_9:exchangefore,sharing,350.8091,33.5579,24.3907,23.5698,0.0012,0.5503,8.7597,9.1672,1776041343484804287
exchangefore,slot_9:exchangefore,sharing,350.8868,32.4707,24.2913,23.4972,0.0011,0.5451,7.7844,8.1794,1776041343561484848
exchangefore,slot_9:exchangefore,sharing,351.2075,32.1128,24.1601,23.3628,0.0012,0.5442,7.5455,7.9528,1776041343881989065
exchangefore,slot_9:exchangefore,sharing,351.8542,33.3126,24.4836,23.6595,0.0013,0.5962,8.4178,8.829,1776041344529535602
exchangefore,slot_9:exchangefore,sharing,352.1085,69.8628,24.3114,23.536,0.0012,0.5452,45.1493,45.5514,1776041344820558093
exchangefore,slot_9:exchangefore,sharing,352.4897,33.2592,24.3775,23.5786,0.0013,0.5482,8.4481,8.8817,1776041345165079689
exchangefore,slot_9:exchangefore,sharing,354.7846,66.361,24.4887,23.6921,0.0014,0.5526,41.4548,41.8723,1776041347493005766
exchangefore,slot_9:exchangefore,sharing,357.1084,35.8512,24.5779,23.7996,0.0012,0.5485,10.8757,11.2733,1776041349786218453
exchangefore,slot_9:exchangefore,sharing,358.0771,33.4904,24.2936,23.4846,0.0013,0.5524,8.8022,9.1968,1776041350752842244
exchangefore,slot_9:exchangefore,sharing,358.0844,73.9741,24.6279,23.8529,0.0012,0.5406,48.9249,49.3462,1776041350800246220
exchangefore,slot_9:exchangefore,sharing,359.2256,34.1179,25.0744,24.2682,0.0012,0.5495,8.6412,9.0436,1776041351901148650
exchangefore,slot_9:exchangefore,sharing,359.8513,33.2866,25.2296,24.0583,0.0012,0.9239,7.6573,8.057,1776041352525862154
exchangefore,slot_9:exchangefore,sharing,360.2773,71.6925,24.3679,23.5659,0.0011,0.5657,46.9308,47.3245,1776041352991197192
exchangefore,slot_9:exchangefore,sharing,361.4202,53.7186,24.7154,23.9338,0.0012,0.5436,28.6152,29.0031,1776041354115710706
exchangefore,slot_9:exchangefore,sharing,363.2382,32.7783,24.8677,24.0491,0.0012,0.5712,7.5269,7.9106,1776041355912684395
exchangefore,slot_9:exchangefore,sharing,363.2605,56.895,24.4114,23.5879,0.0011,0.5736,32.1043,32.4836,1776041355959573050
exchangefore,slot_9:exchangefore,sharing,365.2128,74.8358,27.0156,25.3485,0.0012,0.5595,47.286,47.8202,1776041357927027346
exchangefore,slot_9:exchangefore,sharing,365.2562,84.2872,39.0027,37.1907,0.0013,0.5371,44.6646,45.2845,1776041357967796352
exchangefore,slot_9:exchangefore,sharing,366.0024,32.537,24.5559,23.7567,0.0011,0.5598,7.5433,7.9811,1776041358676887717
exchangefore,slot_9:exchangefore,sharing,366.5596,32.9523,24.6511,23.5024,0.0012,0.916,7.8959,8.3012,1776041359234416152
exchangefore,slot_9:exchangefore,sharing,369.4532,37.4053,24.4323,23.643,0.0012,0.5401,12.5542,12.973,1776041362132719494
exchangefore,slot_9:exchangefore,sharing,370.0687,33.0234,24.5054,23.7245,0.0012,0.5447,8.1062,8.518,1776041362743757725
exchangefore,slot_9:exchangefore,sharing,370.6553,82.9437,24.3471,23.5301,0.0011,0.5555,58.2054,58.5966,1776041363380473308
exchangefore,slot_9:exchangefore,sharing,371.8665,45.0511,24.4781,23.6667,0.0012,0.5708,20.1752,20.573,1776041364553575281
exchangefore,slot_9:exchangefore,sharing,373.0063,50.1134,24.3268,23.5327,0.0012,0.5612,25.3885,25.7867,1776041365698633439
exchangefore,slot_9:exchangefore,sharing,377.9966,32.6297,24.5924,23.7836,0.0013,0.5541,7.6468,8.0373,1776041370671200928
exchangefore,slot_9:exchangefore,sharing,378.2791,79.0145,24.3912,23.589,0.0012,0.5665,54.2405,54.6234,1776041371000270262
exchangefore,slot_9:exchangefore,sharing,378.9263,81.9049,24.6216,23.8379,0.0012,0.5462,56.8948,57.2833,1776041371650146020
exchangefore,slot_9:exchangefore,sharing,379.0028,51.2722,24.4328,23.6246,0.0011,0.5655,26.4416,26.8393,1776041371696195198
exchangefore,slot_9:exchangefore,sharing,379.4646,86.3676,25.9152,24.645,0.0012,0.5351,59.9532,60.4524,1776041372191500202
exchangefore,slot_9:exchangefore,sharing,379.9013,85.7112,24.6837,23.8661,0.0012,0.5765,60.6496,61.0275,1776041372628886195
exchangefore,slot_9:exchangefore,sharing,380.1656,59.9842,24.2897,23.4973,0.0011,0.5374,35.2526,35.6945,1776041372867811641
exchangefore,slot_9:exchangefore,sharing,382.4388,32.2623,24.537,23.7312,0.0012,0.5664,7.3535,7.7253,1776041375113051089
exchangefore,slot_9:exchangefore,sharing,383.3473,32.4271,24.4057,23.6026,0.0012,0.5461,7.6182,8.0214,1776041376021836772
exchangefore,slot_9:exchangefore,sharing,383.8144,32.6838,25.128,24.3143,0.0012,0.5633,7.148,7.5559,1776041376488470924
exchangefore,slot_9:exchangefore,sharing,385.0084,34.2426,24.8576,24.0445,0.0013,0.5484,8.9657,9.385,1776041377684267375
exchangefore,slot_9:exchangefore,sharing,385.3168,34.3647,25.3739,24.5894,0.0011,0.5454,8.6043,8.9908,1776041377992362765
exchangefore,slot_9:exchangefore,sharing,385.6245,33.4725,24.5658,23.764,0.0012,0.5626,8.528,8.9068,1776041378300003657
exchangefore,slot_9:exchangefore,sharing,387.7479,32.501,24.4057,23.6059,0.0012,0.5644,7.6988,8.0953,1776041380422582251
exchangefore,slot_9:exchangefore,sharing,389.7607,32.4116,24.3131,23.5268,0.0011,0.5585,7.7069,8.0984,1776041382435296102
exchangefore,slot_9:exchangefore,sharing,392.2312,32.4116,24.6929,23.8635,0.0012,0.5565,7.3292,7.7187,1776041384905456427
exchangefore,slot_9:exchangefore,sharing,393.6154,49.3877,24.3213,23.5168,0.0012,0.5608,24.6489,25.0664,1776041386306994317
exchangefore,slot_9:exchangefore,sharing,395.2048,33.9954,24.7986,24.0177,0.0013,0.5419,8.8067,9.1968,1776041387880562746
exchangefore,slot_9:exchangefore,sharing,399.4359,32.2309,24.2576,23.4617,0.0011,0.5634,7.5858,7.9733,1776041392110377409
exchangefore,slot_9:exchangefore,sharing,399.5294,73.3523,25.3191,24.1335,0.0013,0.5578,47.6267,48.0332,1776041392243942578
exchangefore,slot_9:exchangefore,sharing,402.8467,32.3699,24.5356,23.7334,0.0013,0.563,7.4451,7.8343,1776041395521048160
exchangefore,slot_9:exchangefore,sharing,403.028,32.4318,24.598,23.8029,0.0011,0.5578,7.4501,7.8339,1776041395702341079
exchangefore,slot_9:exchangefore,sharing,404.4299,33.7572,24.5508,23.7536,0.0012,0.5425,8.7857,9.2064,1776041397105616073
exchangefore,slot_9:exchangefore,sharing,405.5988,56.5822,24.2668,23.4941,0.0012,0.5427,31.9016,32.3154,1776041398297625541
exchangefore,slot_9:exchangefore,sharing,406.2697,32.5372,24.5669,23.7871,0.0011,0.5474,7.5798,7.9703,1776041398944255207
exchangefore,slot_9:exchangefore,sharing,407.8647,32.306,24.297,23.493,0.0011,0.5631,7.6239,8.009,1776041400539278097
exchangefore,slot_9:exchangefore,sharing,408.5192,33.4377,24.6986,23.8669,0.0012,0.5523,8.3053,8.7391,1776041401194449310
exchangefore,slot_9:exchangefore,sharing,409.5648,33.0551,24.5313,23.7376,0.0012,0.558,8.1272,8.5238,1776041402239909152
exchangefore,slot_9:exchangefore,sharing,410.1477,32.865,24.5303,23.7132,0.0012,0.5632,7.9312,8.3348,1776041402822567729
exchangefore,slot_9:exchangefore,sharing,410.4742,40.539,24.4189,23.6233,0.0012,0.5424,15.707,16.1201,1776041403156814617
exchangefore,slot_9:exchangefore,sharing,410.6454,59.4523,24.5694,23.7804,0.0011,0.5519,34.4791,34.8829,1776041403346806464
exchangefore,slot_9:exchangefore,sharing,411.3213,69.8869,24.3772,23.5832,0.0011,0.5532,45.1112,45.5097,1776041404033383529
exchangefore,slot_9:exchangefore,sharing,411.7894,70.1492,25.1509,24.347,0.0012,0.5487,44.6298,44.9982,1776041404500974243
exchangefore,slot_9:exchangefore,sharing,413.3952,33.5207,24.6388,23.804,0.0012,0.565,8.4462,8.8819,1776041406070577519
exchangefore,slot_9:exchangefore,sharing,413.5229,33.2968,24.8216,24.0286,0.0012,0.5595,8.0614,8.4752,1776041406197858434
exchangefore,slot_9:exchangefore,sharing,414.0887,32.0518,24.3674,23.5745,0.0011,0.5542,7.2877,7.6844,1776041406762911101
exchangefore,slot_9:exchangefore,sharing,415.1839,37.8056,24.3803,23.5275,0.0012,0.5947,13.0274,13.4253,1776041407863835641
exchangefore,slot_9:exchangefore,sharing,416.1462,81.655,36.4914,34.2755,0.0011,0.5365,44.5428,45.1636,1776041408857668595
exchangefore,slot_9:exchangefore,sharing,416.7557,66.0079,26.2864,25.0074,0.0014,0.5452,39.2072,39.7214,1776041409461798807
exchangefore,slot_9:exchangefore,sharing,417.0802,45.1322,24.5686,23.7808,0.0012,0.5448,20.1752,20.5636,1776041409767304410
exchangefore,slot_9:exchangefore,sharing,417.2564,62.1886,24.4931,23.6897,0.0013,0.55,37.2889,37.6955,1776041409960629169
exchangefore,slot_9:exchangefore,sharing,417.3817,33.8895,24.9395,23.7965,0.0012,0.9015,8.5213,8.9501,1776041410057162620
exchangefore,slot_9:exchangefore,sharing,419.2111,32.6295,24.3941,23.5956,0.0012,0.5435,7.8211,8.2354,1776041411885843046
exchangefore,slot_9:exchangefore,sharing,419.3471,32.6819,24.4331,23.6508,0.0012,0.544,7.8387,8.2489,1776041412021863531
exchangefore,slot_9:exchangefore,sharing,420.1972,57.9391,24.5062,23.7077,0.0011,0.5642,33.0248,33.4328,1776041412897164714
exchangefore,slot_9:exchangefore,sharing,421.1745,70.6122,26.5239,25.2433,0.0012,0.5677,43.6172,44.0883,1776041413885015820
exchangefore,slot_9:exchangefore,sharing,421.777,33.9522,24.5379,23.7572,0.0012,0.5423,8.9962,9.4143,1776041414452957201
exchangefore,slot_9:exchangefore,sharing,421.7926,59.5341,26.2554,24.9739,0.0012,0.5587,32.7919,33.2787,1776041414492346043
exchangefore,slot_9:exchangefore,sharing,422.3349,32.4264,24.7893,23.9888,0.0012,0.5495,7.2508,7.637,1776041415009118646
exchangefore,slot_9:exchangefore,sharing,429.4496,32.7861,24.3851,23.5839,0.0013,0.5654,8.0047,8.401,1776041422124573897
exchangefore,slot_9:exchangefore,sharing,430.1701,44.6248,24.6033,23.8206,0.0012,0.5414,19.6269,20.0215,1776041422856647965
exchangefore,slot_9:exchangefore,sharing,430.4623,73.9725,25.9452,24.5861,0.0013,0.5337,47.5206,48.0273,1776041423176765035
exchangefore,slot_9:exchangefore,sharing,432.8945,33.1075,24.847,24.0326,0.0012,0.5528,7.8471,8.2606,1776041425569276345
exchangefore,slot_9:exchangefore,sharing,433.087,73.1106,24.2227,23.4069,0.0012,0.5617,48.5106,48.8879,1776041425802486136
exchangefore,slot_9:exchangefore,sharing,433.8643,32.9156,24.4141,23.618,0.0012,0.5572,8.1027,8.5015,1776041426539301623
exchangefore,slot_9:exchangefore,sharing,434.2843,34.7793,25.3517,24.1285,0.0013,0.5718,9.0415,9.4277,1776041426960272217
exchangefore,slot_9:exchangefore,sharing,435.0759,32.3963,24.5264,23.6901,0.0012,0.5864,7.4985,7.8699,1776041427750360491
exchangefore,slot_9:exchangefore,sharing,436.4742,33.8979,24.2893,23.4884,0.0012,0.5618,9.2289,9.6086,1776041429150410228
exchangefore,slot_9:exchangefore,sharing,437.0759,34.22,24.6982,23.9034,0.0011,0.5608,9.1112,9.5218,1776041429751983769
exchangefore,slot_9:exchangefore,sharing,438.432,32.7373,24.5825,23.7667,0.0012,0.5652,7.7593,8.1548,1776041431106649587
exchangefore,slot_9:exchangefore,sharing,438.8867,33.3533,24.6536,23.8639,0.0012,0.5599,8.2977,8.6997,1776041431561890831
exchangefore,slot_9:exchangefore,sharing,438.9179,41.9428,24.2999,23.5296,0.0012,0.5399,17.2315,17.643,1776041431602104524
exchangefore,slot_9:exchangefore,sharing,439.4059,32.9411,24.7867,24.0091,0.0012,0.5451,7.7333,8.1544,1776041432080577627
exchangefore,slot_9:exchangefore,sharing,439.7414,59.0913,24.0825,23.2864,0.0011,0.5668,34.591,35.0089,1776041432442974335
exchangefore,slot_9:exchangefore,sharing,441.6707,82.8094,24.448,23.6415,0.0012,0.5706,57.9588,58.3615,1776041434395612897
exchangefore,slot_9:exchangefore,sharing,442.2585,33.0048,24.342,23.5532,0.0011,0.5604,8.2693,8.6628,1776041434933676106
exchangefore,slot_9:exchangefore,sharing,443.8368,33.2358,24.9174,24.0982,0.0013,0.5702,7.9145,8.3184,1776041436511655890
exchangefore,slot_9:exchangefore,sharing,445.4148,48.6238,24.5054,23.6774,0.0012,0.569,23.7377,24.1184,1776041438105474847
exchangefore,slot_9:exchangefore,sharing,446.5163,32.172,24.3963,23.5829,0.0012,0.5724,7.3705,7.7757,1776041439190560182
exchangefore,slot_9:exchangefore,sharing,448.1429,43.1979,24.6894,23.8782,0.0012,0.5771,18.1243,18.5085,1776041440827979523
exchangefore,slot_9:exchangefore,sharing,449.84,33.6449,24.4341,23.6198,0.0012,0.5752,8.6634,9.2108,1776041442515619617
exchangefore,slot_9:exchangefore,sharing,450.8581,33.9639,24.6044,23.8105,0.0012,0.5617,8.9703,9.3595,1776041443534042730
exchangefore,slot_9:exchangefore,sharing,451.4717,32.2483,24.5185,23.7313,0.0012,0.5412,7.3273,7.7297,1776041444145968506
exchangefore,slot_9:exchangefore,sharing,454.0357,57.8027,26.5283,25.2138,0.0012,0.5608,30.683,31.2744,1776041446733298693
exchangefore,slot_9:exchangefore,sharing,454.4091,32.6831,24.3042,23.5348,0.0011,0.5332,7.9527,8.3789,1776041447084012327
exchangefore,slot_9:exchangefore,sharing,454.6987,62.6242,24.2954,23.4887,0.0012,0.5621,37.9462,38.3288,1776041447403562353
exchangefore,slot_9:exchangefore,sharing,454.8552,32.8572,24.4892,23.6873,0.0013,0.5572,7.9653,8.368,1776041447530121489
exchangefore,slot_9:exchangefore,sharing,455.6657,32.5432,24.3591,23.5797,0.0011,0.5441,7.7808,8.184,1776041448340402608
exchangefore,slot_9:exchangefore,sharing,456.4374,32.4216,24.4953,23.7096,0.0012,0.5477,7.5135,7.9263,1776041449111843069
exchangefore,slot_9:exchangefore,sharing,456.4939,34.8644,24.9923,24.1951,0.0012,0.5584,9.4688,9.8721,1776041449170316760
exchangefore,slot_9:exchangefore,sharing,456.5102,60.5288,25.0011,24.2256,0.0012,0.5417,35.1253,35.5277,1776041449212274300
exchangefore,slot_9:exchangefore,sharing,456.623,32.8491,24.393,23.6229,0.0012,0.5415,8.0531,8.4561,1776041449297960265
exchangefore,slot_9:exchangefore,sharing,457.0489,33.4003,24.3568,23.5474,0.0012,0.5487,8.6544,9.0435,1776041449724470746
exchangefore,slot_9:exchangefore,sharing,457.1938,33.675,24.5738,23.7643,0.0012,0.5699,8.7101,9.1012,1776041449869430318
exchangefore,slot_9:exchangefore,sharing,457.8863,32.8424,24.7769,23.9816,0.0012,0.5606,7.6885,8.0655,1776041450560900098
exchangefore,slot_9:exchangefore,sharing,457.8976,62.7019,24.4485,23.6656,0.0011,0.5534,37.8761,38.2535,1776041450602372982
exchangefore,slot_9:exchangefore,sharing,459.2214,32.8641,24.7129,23.9208,0.0013,0.5488,7.7586,8.1512,1776041451896054985
exchangefore,slot_9:exchangefore,sharing,460.9674,59.2294,24.6528,23.8297,0.0012,0.5479,34.1892,34.5765,1776041453668487823
exchangefore,slot_9:exchangefore,sharing,462.8593,33.7896,24.4708,23.6766,0.0012,0.5615,8.9285,9.3189,1776041455535137470
exchangefore,slot_9:exchangefore,sharing,464.4868,33.1669,24.713,23.9153,0.0012,0.5435,8.049,8.4539,1776041457161766049
exchangefore,slot_9:exchangefore,sharing,464.6651,32.9301,24.5192,23.7164,0.0011,0.5615,8.0276,8.4109,1776041457340107842
exchangefore,slot_9:exchangefore,sharing,464.9334,33.7467,24.5304,23.7214,0.0012,0.5629,8.8286,9.2163,1776041457609123548
exchangefore,slot_9:exchangefore,sharing,466.0634,33.2205,24.5559,23.747,0.0011,0.5494,8.2386,8.6646,1776041458738580066
exchangefore,slot_9:exchangefore,sharing,466.4153,34.6327,24.6926,23.9187,0.0012,0.5386,9.5177,9.9401,1776041459091710545
exchangefore,slot_9:exchangefore,sharing,468.3,33.1023,24.4775,23.6536,0.0012,0.5811,8.2304,8.6248,1776041460975195568
exchangefore,slot_9:exchangefore,sharing,468.6205,34.2221,24.5756,23.7699,0.0012,0.5515,9.208,9.6466,1776041461296615456
exchangefore,slot_9:exchangefore,sharing,468.9596,33.483,25.2216,23.9965,0.0012,0.9587,7.8917,8.2614,1776041461634418616
exchangefore,slot_9:exchangefore,sharing,470.2663,34.1396,24.6981,23.8897,0.0012,0.5676,9.0425,9.4415,1776041462942308914
exchangefore,slot_9:exchangefore,sharing,470.7788,66.7951,24.2259,23.435,0.0012,0.5405,42.1886,42.5692,1776041463487884206
exchangefore,slot_9:exchangefore,sharing,472.9143,40.2772,24.4287,23.6264,0.0013,0.5449,15.4335,15.8486,1776041465596687149
exchangefore,slot_9:exchangefore,sharing,474.4608,34.1799,24.3802,23.5804,0.0011,0.5631,9.4213,9.7997,1776041467137194393
exchangefore,slot_9:exchangefore,sharing,475.4167,66.0574,24.5478,23.7432,0.0012,0.5483,41.0945,41.5096,1776041468124686928
exchangefore,slot_9:exchangefore,sharing,475.8327,32.459,24.3754,23.5752,0.0013,0.5595,7.6971,8.0836,1776041468507358939
exchangefore,slot_9:exchangefore,sharing,476.1412,32.9227,24.7833,24.0035,0.0011,0.5506,7.7512,8.1395,1776041468815924669
exchangefore,slot_9:exchangefore,sharing,483.9218,32.2938,24.4398,23.6445,0.0015,0.5558,7.4654,7.854,1776041476596177723
exchangefore,slot_9:exchangefore,sharing,484.846,40.0555,24.6095,23.8091,0.0012,0.5639,15.0533,15.446,1776041477527979151
exchangefore,slot_9:exchangefore,sharing,484.9462,34.523,24.3882,23.5878,0.0012,0.559,9.727,10.1348,1776041477622879356
exchangefore,slot_9:exchangefore,sharing,486.9718,34.5838,24.6243,23.8429,0.0011,0.5484,9.5644,9.9595,1776041479648292891
exchangefore,slot_9:exchangefore,sharing,487.3235,54.3368,34.8819,33.0214,0.0012,0.547,18.805,19.4549,1776041480009231499
exchangefore,slot_9:exchangefore,sharing,489.3238,33.5417,24.628,23.8343,0.0012,0.5427,8.5297,8.9137,1776041481999254401
exchangefore,slot_9:exchangefore,sharing,490.7535,32.8016,24.535,23.7575,0.0012,0.5418,7.8831,8.2666,1776041483428282431
exchangefore,slot_9:exchangefore,sharing,491.556,69.3526,24.4546,23.6714,0.0012,0.5415,44.5006,44.898,1776041484267442709
exchangefore,slot_9:exchangefore,sharing,491.9999,35.1474,24.5565,23.7398,0.0012,0.5682,10.191,10.5909,1776041484677033446
exchangefore,slot_9:exchangefore,sharing,492.5657,71.0485,24.1033,23.3189,0.0012,0.5502,46.5317,46.9452,1776041485279145753
exchangefore,slot_9:exchangefore,sharing,492.6468,33.6487,24.4559,23.6544,0.0013,0.5664,8.7962,9.1928,1776041485322545593
exchangefore,slot_9:exchangefore,sharing,492.8636,52.773,26.8991,25.107,0.0012,0.5513,25.3792,25.8739,1776041485555886756
exchangefore,slot_9:exchangefore,sharing,494.2244,34.5957,24.6732,23.8827,0.0012,0.555,9.5398,9.9225,1776041486900873871
exchangefore,slot_9:exchangefore,sharing,495.2693,33.3092,24.273,23.4806,0.0012,0.5426,8.6412,9.0362,1776041487944831659
exchangefore,slot_9:exchangefore,sharing,496.1229,32.186,24.5938,23.7889,0.0013,0.5654,7.2148,7.5922,1776041488797025009
exchangefore,slot_9:exchangefore,sharing,498.5801,32.4466,24.6398,23.834,0.0011,0.5665,7.3929,7.8068,1776041491254431988
exchangefore,slot_9:exchangefore,sharing,498.9741,32.7346,24.6029,23.8363,0.0011,0.5383,7.7167,8.1317,1776041491648782936
exchangefore,slot_9:exchangefore,sharing,500.6721,72.1922,27.5345,26.1805,0.0012,0.537,44.1365,44.6576,1776041493383198353
exchangefore,slot_9:exchangefore,sharing,501.2455,72.3557,25.9297,24.6723,0.0011,0.5467,45.9499,46.4261,1776041493958377204
exchangefore,slot_9:exchangefore,sharing,501.5831,33.8943,24.3184,23.5162,0.0012,0.5611,9.2068,9.5759,1776041494259217791
exchangefore,slot_9:exchangefore,sharing,503.2844,32.5456,24.6108,23.8263,0.0012,0.5494,7.5269,7.9347,1776041495958848580
exchangefore,slot_9:exchangefore,sharing,503.9366,40.7994,24.6056,23.8086,0.0012,0.5512,15.7807,16.1938,1776041496619268561
exchangefore,slot_9:exchangefore,sharing,504.1018,69.8187,24.2922,23.4874,0.0012,0.5678,44.9808,45.5265,1776041496813757359
exchangefore,slot_9:exchangefore,sharing,504.4003,54.1024,24.3582,23.5563,0.0011,0.5618,29.3579,29.7442,1776041497096641346
exchangefore,slot_9:exchangefore,sharing,504.8625,35.6061,24.9893,23.8096,0.0013,0.5739,10.2475,10.6168,1776041497539705059
exchangefore,slot_9:exchangefore,sharing,505.4528,32.7322,24.5281,23.731,0.0012,0.5472,7.8237,8.2041,1776041498127585744
exchangefore,slot_9:exchangefore,sharing,505.9215,84.409,24.7722,23.984,0.0013,0.5571,59.2463,59.6368,1776041498647708095
exchangefore,slot_9:exchangefore,sharing,507.3921,33.1295,24.9065,24.0979,0.0012,0.5711,7.8146,8.2229,1776041500066806671
exchangefore,slot_9:exchangefore,sharing,508.9857,32.9213,24.565,23.758,0.0012,0.5471,7.936,8.3564,1776041501660600897
exchangefore,slot_9:exchangefore,sharing,511.2551,32.7067,24.5832,23.8,0.0012,0.5442,7.6842,8.1235,1776041503929701365
exchangefore,slot_9:exchangefore,sharing,512.577,33.7007,24.337,23.5608,0.0012,0.5459,8.9617,9.3638,1776041505252925667
exchangefore,slot_9:exchangefore,sharing,513.3443,33.9344,24.9103,24.1117,0.0012,0.5639,8.6207,9.0241,1776041506019805717
exchangefore,slot_9:exchangefore,sharing,514.1601,47.0335,24.6015,23.8003,0.0012,0.5639,22.0349,22.432,1776041506849101215
exchangefore,slot_9:exchangefore,sharing,514.3982,55.877,36.2847,34.0585,0.0011,0.9371,18.9493,19.5923,1776041507084114797
exchangefore,slot_9:exchangefore,sharing,514.4872,51.5981,26.8968,25.6338,0.0013,0.5341,24.1683,24.7012,1776041507178308658
exchangefore,slot_9:exchangefore,sharing,514.6265,56.1728,24.2699,23.46,0.0012,0.5585,31.5006,31.903,1776041507324968906
exchangefore,slot_9:exchangefore,sharing,515.4305,33.1988,24.5962,23.8027,0.0012,0.5449,8.1763,8.6027,1776041508105565101
exchangefore,slot_9:exchangefore,sharing,516.2506,33.0718,24.8766,24.0705,0.0012,0.5446,7.7963,8.1952,1776041508925326525
exchangefore,slot_9:exchangefore,sharing,516.2789,50.8592,24.2481,23.4512,0.0012,0.5421,26.1006,26.6111,1776041508971942811
exchangefore,slot_9:exchangefore,sharing,517.2333,32.656,24.751,23.9752,0.0012,0.5411,7.4918,7.9049,1776041509907723563
exchangefore,slot_9:exchangefore,sharing,517.6215,54.7438,24.1673,23.3802,0.0012,0.5451,30.1936,30.5765,1776041510318646441
exchangefore,slot_9:exchangefore,sharing,520.6579,66.0384,24.3842,23.5952,0.0011,0.5478,41.2467,41.6542,1776041513366034376
exchangefore,slot_9:exchangefore,sharing,524.4829,34.1325,24.7695,23.9452,0.0015,0.5795,8.9657,9.3629,1776041517158806019
exchangefore,slot_9:exchangefore,sharing,524.5464,69.4034,25.9208,24.6815,0.0013,0.533,43.0019,43.4826,1776041517256350130
exchangefore,slot_9:exchangefore,sharing,528.5471,87.4071,26.0142,24.7528,0.0012,0.5614,60.935,61.3929,1776041521274982112
exchangefore,slot_9:exchangefore,sharing,529.4567,32.8796,24.2135,23.4208,0.0012,0.5419,8.2591,8.6661,1776041522131929666
exchangefore,slot_9:exchangefore,sharing,529.7944,64.9707,24.2242,23.4518,0.0012,0.5414,40.3664,40.7465,1776041522501681143
exchangefore,slot_9:exchangefore,sharing,531.5586,83.4072,24.4113,23.6076,0.0011,0.5645,58.6169,58.9958,1776041524284163575
exchangefore,slot_9:exchangefore,sharing,533.1569,49.0892,24.3123,23.5204,0.0011,0.5579,24.395,24.7769,1776041525848230504
exchangefore,slot_9:exchangefore,sharing,533.4007,58.2461,24.2922,23.5194,0.0011,0.5426,33.5603,33.954,1776041526101209473
exchangefore,slot_9:exchangefore,sharing,533.5611,32.1677,24.3721,23.5602,0.0012,0.5475,7.4198,7.7956,1776041526235467835
exchangefore,slot_9:exchangefore,sharing,534.8174,32.9041,24.5697,23.7833,0.0013,0.5479,7.9436,8.3344,1776041527492281132
exchangefore,slot_9:exchangefore,sharing,536.0437,32.6519,24.4525,23.6806,0.0011,0.541,7.8013,8.1994,1776041528718443019
exchangefore,slot_9:exchangefore,sharing,536.7036,33.3967,24.5108,23.7161,0.0011,0.5639,8.4918,8.8859,1776041529379020594
exchangefore,slot_9:exchangefore,sharing,538.1365,32.3913,24.3788,23.5859,0.0012,0.5514,7.6044,8.0125,1776041530811055913
exchangefore,slot_9:exchangefore,sharing,539.0345,34.265,24.5367,23.7509,0.0013,0.5446,9.3229,9.7284,1776041531710777467
exchangefore,slot_9:exchangefore,sharing,540.8609,60.5187,24.6331,23.8373,0.0011,0.5633,35.4829,35.8857,1776041533563362786
exchangefore,slot_9:exchangefore,sharing,540.9746,34.2243,24.7449,23.9625,0.0012,0.5495,9.0528,9.4794,1776041533650554755
exchangefore,slot_9:exchangefore,sharing,543.6585,47.0695,26.0602,24.7085,0.0012,0.5623,20.4728,21.0094,1776041536345947161
exchangefore,slot_9:exchangefore,sharing,544.2092,33.6995,24.804,24.0162,0.0012,0.546,8.4867,8.8955,1776041536884627461
exchangefore,slot_9:exchangefore,sharing,547.4583,33.1895,24.9513,24.1152,0.0013,0.5795,7.8373,8.2382,1776041540133068197
exchangefore,slot_9:exchangefore,sharing,548.7691,25.8985,24.8615,24.0365,0.0012,0.5656,0.622,1.0369,1776041541436626938
exchangefore,slot_9:exchangefore,sharing,549.3097,44.1194,24.347,23.5614,0.0011,0.5467,19.3539,19.7724,1776041541996034602
exchangefore,slot_9:exchangefore,sharing,550.1661,54.3392,24.5889,23.3999,0.0013,0.9512,29.3412,29.7503,1776041542862328630
exchangefore,slot_9:exchangefore,sharing,550.4547,74.1243,26.2797,24.9123,0.0012,0.5514,47.2987,47.8446,1776041543168887117
exchangefore,slot_9:exchangefore,sharing,551.0607,34.0118,24.5592,23.7531,0.0012,0.5457,9.038,9.4526,1776041543736655223
exchangefore,slot_9:exchangefore,sharing,552.1936,35.1539,25.5598,24.7533,0.0012,0.5564,9.1748,9.5941,1776041544869725057
exchangefore,slot_9:exchangefore,sharing,554.0782,76.03,24.7717,23.9868,0.0012,0.5491,50.8595,51.2583,1776041546795946592
exchangefore,slot_9:exchangefore,sharing,554.3798,33.6742,24.519,23.6875,0.0011,0.569,8.7736,9.1553,1776041547055501192
exchangefore,slot_9:exchangefore,sharing,555.0607,59.4847,24.5053,23.6758,0.0012,0.5656,34.6072,34.9795,1776041547762203687
exchangefore,slot_9:exchangefore,sharing,555.5422,32.3894,24.3986,23.5971,0.0012,0.5523,7.5982,7.9908,1776041548216697343
exchangefore,slot_9:exchangefore,sharing,555.6116,36.3653,24.9923,24.1925,0.0012,0.563,10.9837,11.3729,1776041548289567163
exchangefore,slot_9:exchangefore,sharing,556.9247,33.4005,24.5231,23.7182,0.0012,0.5643,8.4894,8.8775,1776041549600144823
exchangefore,slot_9:exchangefore,sharing,557.1058,87.4605,25.0897,24.2747,0.0012,0.562,61.9822,62.3709,1776041549834742252
exchangefore,slot_9:exchangefore,sharing,557.5894,32.3734,24.8028,24.0242,0.0012,0.536,7.1857,7.5706,1776041550263569743
exchangefore,slot_9:exchangefore,sharing,558.3021,78.5108,36.0314,34.1492,0.0012,0.5334,41.8518,42.4794,1776041551010872326
exchangefore,slot_9:exchangefore,sharing,558.7685,67.0631,26.122,24.7815,0.0013,0.5424,40.4925,40.9411,1776041551475896650
exchangefore,slot_9:exchangefore,sharing,559.113,32.5508,24.7304,23.9362,0.0012,0.555,7.4332,7.8204,1776041551787334025
exchangefore,slot_9:exchangefore,sharing,559.1856,45.4042,24.3378,23.5638,0.0011,0.5425,20.5684,21.0664,1776041551873137456
exchangefore,slot_9:exchangefore,sharing,559.4529,25.4388,24.4828,23.3153,0.0012,0.9373,0.5651,0.956,1776041552120420489
exchangefore,slot_9:exchangefore,sharing,561.5083,60.2305,24.7815,23.5982,0.0013,0.5756,35.0459,35.449,1776041554210256323
exchangefore,slot_9:exchangefore,sharing,561.6759,80.1334,26.0239,24.8901,0.0012,0.4215,53.6206,54.1095,1776041554396500631
exchangefore,slot_9:exchangefore,sharing,561.6792,76.8716,26.0239,24.8901,0.0012,0.4215,50.3497,50.8477,1776041554396500631
exchangefore,slot_9:exchangefore,sharing,561.9408,32.546,24.5174,23.7282,0.0012,0.5422,7.6461,8.0287,1776041554615375987
exchangefore,slot_9:exchangefore,sharing,562.3363,76.1027,26.1321,24.883,0.0012,0.5416,49.4411,49.9706,1776041555052648835
exchangefore,slot_9:exchangefore,sharing,564.4125,32.8665,24.5834,23.7698,0.0012,0.557,7.8802,8.2831,1776041557087294366
exchangefore,slot_9:exchangefore,sharing,567.1012,78.0063,24.4158,23.6329,0.0012,0.5475,53.1924,53.5904,1776041559821320180
exchangefore,slot_9:exchangefore,sharing,568.9827,32.9895,24.2684,23.4642,0.0013,0.5484,8.3084,8.7211,1776041561657928181
exchangefore,slot_9:exchangefore,sharing,572.101,33.5128,24.2714,23.4736,0.0012,0.5642,8.8634,9.2414,1776041564776752789
exchangefore,slot_9:exchangefore,sharing,574.395,33.3481,24.8553,24.0648,0.0012,0.5518,8.0705,8.4928,1776041567070028253
exchangefore,slot_9:exchangefore,sharing,575.5998,34.2011,24.474,23.6927,0.0011,0.5431,9.3329,9.7272,1776041568276019256
exchangefore,slot_9:exchangefore,sharing,576.6781,32.6238,24.4661,23.6711,0.0012,0.5513,7.745,8.1576,1776041569352817771
exchangefore,slot_9:exchangefore,sharing,582.3657,47.9505,24.325,23.5235,0.0012,0.5478,23.2236,23.6255,1776041575055854117
exchangefore,slot_9:exchangefore,sharing,582.758,73.1194,24.3634,23.5673,0.0011,0.5636,48.378,48.756,1776041575473331994
exchangefore,slot_9:exchangefore,sharing,583.0071,32.4144,24.683,23.8872,0.0011,0.5673,7.3295,7.7315,1776041575681359358
exchangefore,slot_9:exchangefore,sharing,585.9523,33.8166,24.5595,23.7645,0.0012,0.5606,8.8646,9.2571,1776041578628145174
exchangefore,slot_9:exchangefore,sharing,586.207,34.4863,25.046,24.2198,0.0012,0.5821,9.0714,9.4403,1776041578883005384
exchangefore,slot_9:exchangefore,sharing,587.7713,32.5327,24.4625,23.6692,0.0012,0.5617,7.6685,8.0702,1776041580445882275
exchangefore,slot_9:exchangefore,sharing,589.0048,33.9212,24.853,24.0105,0.0014,0.5661,8.6312,9.0682,1776041581680323802
exchangefore,slot_9:exchangefore,sharing,589.7522,37.5199,25.047,23.7597,0.0013,0.5665,12.0673,12.4729,1776041582431211928
exchangefore,slot_9:exchangefore,sharing,591.3508,33.0751,24.3893,23.5983,0.0012,0.5458,8.2326,8.6858,1776041584025994065
exchangefore,slot_9:exchangefore,sharing,591.411,34.0688,24.7221,23.9213,0.0013,0.5568,8.9552,9.3467,1776041584086884923
exchangefore,slot_9:exchangefore,sharing,593.3094,57.8606,24.3629,23.5743,0.0012,0.5517,33.1042,33.4977,1776041586009426280
exchangefore,slot_9:exchangefore,sharing,594.0665,33.9687,24.3083,23.512,0.0011,0.5604,9.2611,9.6604,1776041586742666175
exchangefore,slot_9:exchangefore,sharing,595.422,33.9756,24.673,23.8729,0.0012,0.5479,8.9054,9.3026,1776041588097850006
exchangefore,slot_9:exchangefore,sharing,597.5135,33.6313,24.408,23.614,0.0012,0.5621,8.8353,9.2233,1776041590189284798
exchangefore,slot_9:exchangefore,sharing,599.1297,33.9692,24.4677,23.6735,0.0016,0.5448,9.0578,9.5014,1776041591805649137
